Plot,#,Date-Time (PDT),Ch:1 - Temperature   (°C),Ch:2 - Light   (lux),Button Down,Button Up,Host Connected,End of File
B1,49,10/2/2023 22:10,17.5,0,"","","",""
B1,50,10/2/2023 22:15,17.5,0,"","","",""
B1,51,10/2/2023 22:20,17.63,0,"","","",""
B1,52,10/2/2023 22:25,17.67,0,"","","",""
B1,53,10/2/2023 22:30,17.67,0,"","","",""
B1,54,10/2/2023 22:35,17.76,0,"","","",""
B1,55,10/2/2023 22:40,17.76,0,"","","",""
B1,56,10/2/2023 22:45,17.76,0,"","","",""
B1,57,10/2/2023 22:50,17.8,0,"","","",""
B1,58,10/2/2023 22:55,17.8,0,"","","",""
B1,59,10/2/2023 23:00,17.84,0,"","","",""
B1,60,10/2/2023 23:05,17.89,0,"","","",""
B1,61,10/2/2023 23:10,17.8,0,"","","",""
B1,62,10/2/2023 23:15,17.8,0,"","","",""
B1,63,10/2/2023 23:20,17.84,0,"","","",""
B1,64,10/2/2023 23:25,17.84,0,"","","",""
B1,65,10/2/2023 23:30,17.8,0,"","","",""
B1,66,10/2/2023 23:35,17.84,0,"","","",""
B1,67,10/2/2023 23:40,17.8,0,"","","",""
B1,68,10/2/2023 23:45,17.84,0,"","","",""
B1,69,10/2/2023 23:50,17.8,0,"","","",""
B1,70,10/2/2023 23:55,17.8,0,"","","",""
B1,71,10/3/2023 0:00,17.8,0,"","","",""
B1,72,10/3/2023 0:05,17.76,0,"","","",""
B1,73,10/3/2023 0:10,17.76,0,"","","",""
B1,74,10/3/2023 0:15,17.76,0,"","","",""
B1,75,10/3/2023 0:20,17.76,0,"","","",""
B1,76,10/3/2023 0:25,17.76,0,"","","",""
B1,77,10/3/2023 0:30,17.72,0.22,"","","",""
B1,78,10/3/2023 0:35,17.67,0,"","","",""
B1,79,10/3/2023 0:40,17.72,0,"","","",""
B1,80,10/3/2023 0:45,17.67,0,"","","",""
B1,81,10/3/2023 0:50,17.72,0,"","","",""
B1,82,10/3/2023 0:55,17.63,0,"","","",""
B1,83,10/3/2023 1:00,17.63,0,"","","",""
B1,84,10/3/2023 1:05,17.63,0,"","","",""
B1,85,10/3/2023 1:10,17.67,0,"","","",""
B1,86,10/3/2023 1:15,17.59,0,"","","",""
B1,87,10/3/2023 1:20,17.59,0,"","","",""
B1,88,10/3/2023 1:25,17.54,0,"","","",""
B1,89,10/3/2023 1:30,17.54,0,"","","",""
B1,90,10/3/2023 1:35,17.5,0,"","","",""
B1,91,10/3/2023 1:40,17.5,0,"","","",""
B1,92,10/3/2023 1:45,17.41,0,"","","",""
B1,93,10/3/2023 1:50,17.41,0,"","","",""
B1,94,10/3/2023 1:55,17.41,0,"","","",""
B1,95,10/3/2023 2:00,17.46,0,"","","",""
B1,96,10/3/2023 2:05,17.46,0,"","","",""
B1,97,10/3/2023 2:10,17.41,0,"","","",""
B1,98,10/3/2023 2:15,17.41,0,"","","",""
B1,99,10/3/2023 2:20,17.41,0,"","","",""
B1,100,10/3/2023 2:25,17.41,0,"","","",""
B1,101,10/3/2023 2:30,17.37,0,"","","",""
B1,102,10/3/2023 2:35,17.41,0,"","","",""
B1,103,10/3/2023 2:40,17.37,0,"","","",""
B1,104,10/3/2023 2:45,17.41,0,"","","",""
B1,105,10/3/2023 2:50,17.41,0,"","","",""
B1,106,10/3/2023 2:55,17.37,0,"","","",""
B1,107,10/3/2023 3:00,17.29,0,"","","",""
B1,108,10/3/2023 3:05,17.37,0,"","","",""
B1,109,10/3/2023 3:10,17.29,0,"","","",""
B1,110,10/3/2023 3:15,17.33,0,"","","",""
B1,111,10/3/2023 3:20,17.29,0,"","","",""
B1,112,10/3/2023 3:25,17.33,0,"","","",""
B1,113,10/3/2023 3:30,17.37,0,"","","",""
B1,114,10/3/2023 3:35,17.24,0,"","","",""
B1,115,10/3/2023 3:40,17.29,0,"","","",""
B1,116,10/3/2023 3:45,17.24,0,"","","",""
B1,117,10/3/2023 3:50,17.16,0,"","","",""
B1,118,10/3/2023 3:55,17.24,0,"","","",""
B1,119,10/3/2023 4:00,17.2,0,"","","",""
B1,120,10/3/2023 4:05,17.2,0,"","","",""
B1,121,10/3/2023 4:10,17.2,0,"","","",""
B1,122,10/3/2023 4:15,17.2,0,"","","",""
B1,123,10/3/2023 4:20,17.11,0,"","","",""
B1,124,10/3/2023 4:25,17.11,0,"","","",""
B1,125,10/3/2023 4:30,17.07,0,"","","",""
B1,126,10/3/2023 4:35,17.03,0,"","","",""
B1,127,10/3/2023 4:40,17.03,0,"","","",""
B1,128,10/3/2023 4:45,16.99,0,"","","",""
B1,129,10/3/2023 4:50,16.94,0,"","","",""
B1,142,10/3/2023 5:55,16.86,0,"","","",""
B1,144,10/3/2023 6:05,16.77,0,"","","",""
B1,145,10/3/2023 6:10,16.94,0,"","","",""
B1,146,10/3/2023 6:15,16.99,0.44,"","","",""
B1,147,10/3/2023 6:20,16.86,1.33,"","","",""
B1,148,10/3/2023 6:25,16.99,6.65,"","","",""
B1,149,10/3/2023 6:30,16.94,20.92,"","","",""
B1,150,10/3/2023 6:35,17.03,62,"","","",""
B1,151,10/3/2023 6:40,16.99,161.48,"","","",""
B1,152,10/3/2023 6:45,16.86,137.32,"","","",""
B1,153,10/3/2023 6:50,17.07,703.04,"","","",""
B1,154,10/3/2023 6:55,17.11,1290.88,"","","",""
B1,155,10/3/2023 7:00,17.24,2211.2,"","","",""
B1,156,10/3/2023 7:05,17.41,2602.88,"","","",""
B1,157,10/3/2023 7:10,17.54,5177.6,"","","",""
B1,158,10/3/2023 7:15,17.72,6645.76,"","","",""
B1,159,10/3/2023 7:20,17.84,9333.76,"","","",""
B1,160,10/3/2023 7:25,18.02,4458.24,"","","",""
B1,161,10/3/2023 7:30,18.06,14740.48,"","","",""
B1,162,10/3/2023 7:35,18.19,5187.84,"","","",""
B1,163,10/3/2023 7:40,18.19,6192.64,"","","",""
B1,164,10/3/2023 7:45,18.1,18908.16,"","","",""
B1,165,10/3/2023 7:50,18.14,10716.16,"","","",""
B1,166,10/3/2023 7:55,18.14,6064.64,"","","",""
B1,167,10/3/2023 8:00,18.1,9879.04,"","","",""
B1,168,10/3/2023 8:05,18.19,4876.8,"","","",""
B1,169,10/3/2023 8:10,17.97,16312.32,"","","",""
B1,170,10/3/2023 8:15,18.1,15928.32,"","","",""
B1,171,10/3/2023 8:20,18.06,22548.48,"","","",""
B1,172,10/3/2023 8:25,17.97,36515.84,"","","",""
B1,173,10/3/2023 8:30,18.02,7639.04,"","","",""
B1,174,10/3/2023 8:35,17.97,16353.28,"","","",""
B1,175,10/3/2023 8:40,17.97,16168.96,"","","",""
B1,176,10/3/2023 8:45,17.97,14136.32,"","","",""
B1,177,10/3/2023 8:50,18.02,25856,"","","",""
B1,178,10/3/2023 8:55,18.06,24965.12,"","","",""
B1,179,10/3/2023 9:00,18.1,20802.56,"","","",""
B1,180,10/3/2023 9:05,18.1,26163.2,"","","",""
B1,181,10/3/2023 9:10,18.1,17745.92,"","","",""
B1,182,10/3/2023 9:15,18.19,13276.16,"","","",""
B1,183,10/3/2023 9:20,18.27,22538.24,"","","",""
B1,184,10/3/2023 9:25,18.27,18442.24,"","","",""
B1,185,10/3/2023 9:30,18.4,22947.84,"","","",""
B1,186,10/3/2023 9:35,18.36,23255.04,"","","",""
B1,187,10/3/2023 9:40,18.4,31375.36,"","","",""
B1,188,10/3/2023 9:45,18.44,24094.72,"","","",""
B1,189,10/3/2023 9:50,18.57,29296.64,"","","",""
B1,190,10/3/2023 9:55,18.53,26306.56,"","","",""
B1,191,10/3/2023 10:00,18.57,25139.2,"","","",""
B1,192,10/3/2023 10:05,18.49,13107.2,"","","",""
B1,193,10/3/2023 10:10,18.32,6801.92,"","","",""
B1,194,10/3/2023 10:15,18.32,19333.12,"","","",""
B1,195,10/3/2023 10:20,18.49,21237.76,"","","",""
B1,196,10/3/2023 10:25,18.62,38574.08,"","","",""
B1,197,10/3/2023 10:30,18.66,28446.72,"","","",""
B1,198,10/3/2023 10:35,18.74,33873.92,"","","",""
B1,199,10/3/2023 10:40,18.79,37068.8,"","","",""
B1,200,10/3/2023 10:45,18.7,28579.84,"","","",""
B1,201,10/3/2023 10:50,18.83,35481.6,"","","",""
B1,202,10/3/2023 10:55,18.87,57630.72,"","","",""
B1,203,10/3/2023 11:00,18.79,10114.56,"","","",""
B1,204,10/3/2023 11:05,18.87,23162.88,"","","",""
B1,205,10/3/2023 11:10,18.96,41553.92,"","","",""
B1,206,10/3/2023 11:15,19,29491.2,"","","",""
B1,207,10/3/2023 11:20,19.09,30484.48,"","","",""
B1,208,10/3/2023 11:25,19.22,43438.08,"","","",""
B1,209,10/3/2023 11:30,19.09,31160.32,"","","",""
B1,210,10/3/2023 11:35,19.17,39475.2,"","","",""
B1,211,10/3/2023 11:40,19.09,35235.84,"","","",""
B1,212,10/3/2023 11:45,19.13,28999.68,"","","",""
B1,213,10/3/2023 11:50,19.13,19568.64,"","","",""
B1,214,10/3/2023 11:55,19.22,33505.28,"","","",""
B1,215,10/3/2023 12:00,19.22,24135.68,"","","",""
B1,216,10/3/2023 12:05,19.22,23951.36,"","","",""
B1,217,10/3/2023 12:10,18.92,21493.76,"","","",""
B1,218,10/3/2023 12:15,19.22,34283.52,"","","",""
B1,219,10/3/2023 12:20,19,12262.4,"","","",""
B1,220,10/3/2023 12:25,19.13,30423.04,"","","",""
B1,221,10/3/2023 12:30,18.87,10434.56,"","","",""
B1,222,10/3/2023 12:35,19.09,6138.88,"","","",""
B1,223,10/3/2023 12:40,18.92,10880,"","","",""
B1,224,10/3/2023 12:45,19.05,7216.64,"","","",""
B1,225,10/3/2023 12:50,19,4280.32,"","","",""
B1,226,10/3/2023 12:55,19.05,6528,"","","",""
B1,227,10/3/2023 13:00,19.13,24483.84,"","","",""
B1,228,10/3/2023 13:05,19.13,27402.24,"","","",""
B1,229,10/3/2023 13:10,19.05,11760.64,"","","",""
B1,230,10/3/2023 13:15,19.05,11253.76,"","","",""
B1,231,10/3/2023 13:20,19.05,10695.68,"","","",""
B1,232,10/3/2023 13:25,19.05,9553.92,"","","",""
B1,233,10/3/2023 13:30,19.17,6225.92,"","","",""
B1,234,10/3/2023 13:35,19.22,22640.64,"","","",""
B1,235,10/3/2023 13:40,19.17,19824.64,"","","",""
B1,236,10/3/2023 13:45,19.3,16286.72,"","","",""
B1,237,10/3/2023 13:50,19.3,34467.84,"","","",""
B1,238,10/3/2023 13:55,19.35,5911.04,"","","",""
B1,239,10/3/2023 14:00,19.52,22968.32,"","","",""
B1,240,10/3/2023 14:05,19.26,17648.64,"","","",""
B1,241,10/3/2023 14:10,19.39,19732.48,"","","",""
B1,242,10/3/2023 14:15,19.39,20244.48,"","","",""
B1,243,10/3/2023 14:20,19.43,20833.28,"","","",""
B1,244,10/3/2023 14:25,19.47,19450.88,"","","",""
B1,245,10/3/2023 14:30,19.52,20705.28,"","","",""
B1,246,10/3/2023 14:35,19.6,27351.04,"","","",""
B1,247,10/3/2023 14:40,19.73,25139.2,"","","",""
B1,248,10/3/2023 14:45,19.73,28989.44,"","","",""
B1,249,10/3/2023 14:50,19.73,8737.28,"","","",""
B1,250,10/3/2023 14:55,19.86,8419.84,"","","",""
B1,251,10/3/2023 15:00,19.82,17597.44,"","","",""
B1,252,10/3/2023 15:05,20.07,42414.08,"","","",""
B1,253,10/3/2023 15:10,20.25,27146.24,"","","",""
B1,254,10/3/2023 15:15,20.16,30679.04,"","","",""
B1,255,10/3/2023 15:20,20.55,44462.08,"","","",""
B1,256,10/3/2023 15:25,20.68,26828.8,"","","",""
B1,257,10/3/2023 15:30,21.02,51609.6,"","","",""
B1,258,10/3/2023 15:35,21.62,56934.4,"","","",""
B1,259,10/3/2023 15:40,21.88,27770.88,"","","",""
B1,260,10/3/2023 15:45,21.7,25989.12,"","","",""
B1,261,10/3/2023 15:50,22.39,50974.72,"","","",""
B1,262,10/3/2023 15:55,22.48,32593.92,"","","",""
B1,263,10/3/2023 16:00,22.48,40785.92,"","","",""
B1,264,10/3/2023 16:05,23.21,47226.88,"","","",""
B1,265,10/3/2023 16:10,22.39,48783.36,"","","",""
B1,266,10/3/2023 16:15,23.08,48107.52,"","","",""
B1,267,10/3/2023 16:20,23.29,49356.8,"","","",""
B1,355,10/3/2023 23:40,17.72,0,"","","",""
B1,356,10/3/2023 23:45,17.72,0,"","","",""
B1,357,10/3/2023 23:50,17.8,0,"","","",""
B1,358,10/3/2023 23:55,17.8,0,"","","",""
B1,359,10/4/2023 0:00,17.84,0,"","","",""
B1,360,10/4/2023 0:05,17.76,0,"","","",""
B1,361,10/4/2023 0:10,17.84,0,"","","",""
B1,362,10/4/2023 0:15,17.84,0,"","","",""
B1,363,10/4/2023 0:20,17.84,0,"","","",""
B1,364,10/4/2023 0:25,17.84,0,"","","",""
B1,365,10/4/2023 0:30,17.89,0,"","","",""
B1,366,10/4/2023 0:35,17.84,0,"","","",""
B1,367,10/4/2023 0:40,17.8,0,"","","",""
B1,368,10/4/2023 0:45,17.8,0,"","","",""
B1,369,10/4/2023 0:50,17.8,0,"","","",""
B1,370,10/4/2023 0:55,17.72,0,"","","",""
B1,371,10/4/2023 1:00,17.72,0,"","","",""
B1,372,10/4/2023 1:05,17.72,0.22,"","","",""
B1,373,10/4/2023 1:10,17.72,0,"","","",""
B1,374,10/4/2023 1:15,17.67,0,"","","",""
B1,375,10/4/2023 1:20,17.63,0,"","","",""
B1,376,10/4/2023 1:25,17.63,0,"","","",""
B1,377,10/4/2023 1:30,17.54,0,"","","",""
B1,378,10/4/2023 1:35,17.54,0,"","","",""
B1,379,10/4/2023 1:40,17.5,0,"","","",""
B1,380,10/4/2023 1:45,17.5,0,"","","",""
B1,381,10/4/2023 1:50,17.46,0,"","","",""
B1,382,10/4/2023 1:55,17.46,0,"","","",""
B1,383,10/4/2023 2:00,17.41,0,"","","",""
B1,384,10/4/2023 2:05,17.37,0,"","","",""
B1,385,10/4/2023 2:10,17.41,0,"","","",""
B1,386,10/4/2023 2:15,17.41,0,"","","",""
B1,387,10/4/2023 2:20,17.37,0,"","","",""
B1,388,10/4/2023 2:25,17.33,0,"","","",""
B1,389,10/4/2023 2:30,17.33,0,"","","",""
B1,390,10/4/2023 2:35,17.29,0,"","","",""
B1,391,10/4/2023 2:40,17.33,0,"","","",""
B1,392,10/4/2023 2:45,17.29,0,"","","",""
B1,393,10/4/2023 2:50,17.29,0,"","","",""
B1,394,10/4/2023 2:55,17.24,0,"","","",""
B1,395,10/4/2023 3:00,17.24,0,"","","",""
B1,396,10/4/2023 3:05,17.24,0,"","","",""
B1,397,10/4/2023 3:10,17.2,0,"","","",""
B1,398,10/4/2023 3:15,17.16,0,"","","",""
B1,399,10/4/2023 3:20,17.2,0,"","","",""
B1,400,10/4/2023 3:25,17.24,0,"","","",""
B1,401,10/4/2023 3:30,17.2,0,"","","",""
B1,402,10/4/2023 3:35,17.16,0,"","","",""
B1,403,10/4/2023 3:40,17.16,0,"","","",""
B1,404,10/4/2023 3:45,17.11,0,"","","",""
B1,405,10/4/2023 3:50,17.16,0,"","","",""
B1,406,10/4/2023 3:55,17.16,0,"","","",""
B1,407,10/4/2023 4:00,17.16,0.22,"","","",""
B1,408,10/4/2023 4:05,17.11,0,"","","",""
B1,409,10/4/2023 4:10,17.16,0,"","","",""
B1,410,10/4/2023 4:15,17.16,0,"","","",""
B1,411,10/4/2023 4:20,17.16,0,"","","",""
B1,412,10/4/2023 4:25,17.16,0,"","","",""
B1,413,10/4/2023 4:30,17.16,0,"","","",""
B1,414,10/4/2023 4:35,17.16,0,"","","",""
B1,415,10/4/2023 4:40,17.11,0,"","","",""
B1,416,10/4/2023 4:45,17.11,0,"","","",""
B1,417,10/4/2023 4:50,17.11,0,"","","",""
B1,418,10/4/2023 4:55,17.11,0,"","","",""
B1,419,10/4/2023 5:00,17.11,0,"","","",""
B1,420,10/4/2023 5:05,17.11,0,"","","",""
B1,421,10/4/2023 5:10,17.11,0,"","","",""
B1,422,10/4/2023 5:15,17.11,0,"","","",""
B1,423,10/4/2023 5:20,17.03,0,"","","",""
B1,424,10/4/2023 5:25,17.03,0,"","","",""
B1,425,10/4/2023 5:30,17.03,0,"","","",""
B1,426,10/4/2023 5:35,17.07,0,"","","",""
B1,427,10/4/2023 5:40,17.03,0,"","","",""
B1,428,10/4/2023 5:45,16.99,0,"","","",""
B1,429,10/4/2023 5:50,16.99,0,"","","",""
B1,430,10/4/2023 5:55,17.03,0,"","","",""
B1,431,10/4/2023 6:00,17.03,0,"","","",""
B1,432,10/4/2023 6:05,17.03,0,"","","",""
B1,433,10/4/2023 6:10,17.03,0,"","","",""
B1,434,10/4/2023 6:15,16.99,0.22,"","","",""
B1,435,10/4/2023 6:20,17.03,1.77,"","","",""
B1,436,10/4/2023 6:25,16.99,6.2,"","","",""
B1,437,10/4/2023 6:30,16.99,18.92,"","","",""
B1,438,10/4/2023 6:35,17.03,56.62,"","","",""
B1,439,10/4/2023 6:40,16.94,130.32,"","","",""
B1,440,10/4/2023 6:45,16.94,372.96,"","","",""
B1,441,10/4/2023 6:50,16.99,385.12,"","","",""
B1,442,10/4/2023 6:55,17.03,305.68,"","","",""
B1,443,10/4/2023 7:00,17.03,1043.52,"","","",""
B1,444,10/4/2023 7:05,17.16,4152.32,"","","",""
B1,445,10/4/2023 7:10,17.41,3964.16,"","","",""
B1,446,10/4/2023 7:15,17.46,2243.2,"","","",""
B1,447,10/4/2023 7:20,17.67,4645.12,"","","",""
B1,448,10/4/2023 7:25,17.63,3441.92,"","","",""
B1,449,10/4/2023 7:30,17.67,3699.2,"","","",""
B1,450,10/4/2023 7:35,17.8,4993.28,"","","",""
B1,451,10/4/2023 7:40,17.76,2712.32,"","","",""
B1,452,10/4/2023 7:45,17.89,13122.56,"","","",""
B1,453,10/4/2023 7:50,17.8,9774.08,"","","",""
B1,454,10/4/2023 7:55,17.93,3545.6,"","","",""
B1,455,10/4/2023 8:00,17.89,6750.72,"","","",""
B1,456,10/4/2023 8:05,17.84,10398.72,"","","",""
B1,457,10/4/2023 8:10,17.97,21125.12,"","","",""
B1,458,10/4/2023 8:15,17.93,22046.72,"","","",""
B1,459,10/4/2023 8:20,17.89,11581.44,"","","",""
B1,460,10/4/2023 8:25,18.02,5493.76,"","","",""
B1,461,10/4/2023 8:30,18.06,15575.04,"","","",""
B1,462,10/4/2023 8:35,18.02,17843.2,"","","",""
B1,463,10/4/2023 8:40,18.1,21770.24,"","","",""
B1,464,10/4/2023 8:45,18.02,27535.36,"","","",""
B1,465,10/4/2023 8:50,18.1,17822.72,"","","",""
B1,466,10/4/2023 8:55,18.1,27863.04,"","","",""
B1,467,10/4/2023 9:00,18.14,18355.2,"","","",""
B1,468,10/4/2023 9:05,18.14,7234.56,"","","",""
B1,469,10/4/2023 9:10,18.23,28241.92,"","","",""
B1,470,10/4/2023 9:15,18.27,43991.04,"","","",""
B1,471,10/4/2023 9:20,18.36,20157.44,"","","",""
B1,472,10/4/2023 9:25,18.36,32256,"","","",""
B1,473,10/4/2023 9:30,18.4,30187.52,"","","",""
B1,474,10/4/2023 9:35,18.44,24401.92,"","","",""
B1,475,10/4/2023 9:40,18.49,3617.28,"","","",""
B1,476,10/4/2023 9:45,18.49,15098.88,"","","",""
B1,477,10/4/2023 9:50,18.62,36198.4,"","","",""
B1,478,10/4/2023 9:55,18.57,27658.24,"","","",""
B1,479,10/4/2023 10:00,18.7,33320.96,"","","",""
B1,480,10/4/2023 10:05,18.62,19911.68,"","","",""
B1,481,10/4/2023 10:10,18.53,32880.64,"","","",""
B1,482,10/4/2023 10:15,18.62,43028.48,"","","",""
B1,483,10/4/2023 10:20,18.66,44380.16,"","","",""
B1,484,10/4/2023 10:25,18.62,34140.16,"","","",""
B1,485,10/4/2023 10:30,18.7,32368.64,"","","",""
B1,486,10/4/2023 10:35,18.74,50954.24,"","","",""
B1,487,10/4/2023 10:40,18.83,30750.72,"","","",""
B1,488,10/4/2023 10:45,18.7,38901.76,"","","",""
B1,489,10/4/2023 10:50,18.7,23408.64,"","","",""
B1,490,10/4/2023 10:55,18.83,39936,"","","",""
B1,491,10/4/2023 11:00,18.79,39864.32,"","","",""
B1,492,10/4/2023 11:05,18.79,42987.52,"","","",""
B1,493,10/4/2023 11:10,18.7,11688.96,"","","",""
B1,494,10/4/2023 11:15,18.66,25999.36,"","","",""
B1,495,10/4/2023 11:20,19,63467.52,"","","",""
B1,496,10/4/2023 11:25,18.92,7772.16,"","","",""
B1,497,10/4/2023 11:30,18.92,31764.48,"","","",""
B1,498,10/4/2023 11:35,18.74,32962.56,"","","",""
B1,499,10/4/2023 11:40,18.83,26644.48,"","","",""
B1,500,10/4/2023 11:45,19.13,45711.36,"","","",""
B1,501,10/4/2023 11:50,19.09,39096.32,"","","",""
B1,502,10/4/2023 11:55,19,26183.68,"","","",""
B1,503,10/4/2023 12:00,18.96,26531.84,"","","",""
B1,504,10/4/2023 12:05,19.26,7439.36,"","","",""
B1,505,10/4/2023 12:10,19.13,32665.6,"","","",""
B1,506,10/4/2023 12:15,19,21923.84,"","","",""
B1,507,10/4/2023 12:20,19.17,34897.92,"","","",""
B1,508,10/4/2023 12:25,19.13,4883.2,"","","",""
B1,509,10/4/2023 12:30,19.22,45608.96,"","","",""
B1,510,10/4/2023 12:35,19.35,32522.24,"","","",""
B1,511,10/4/2023 12:40,19.13,28559.36,"","","",""
B1,512,10/4/2023 12:45,19.05,15887.36,"","","",""
B1,513,10/4/2023 12:50,19.3,39751.68,"","","",""
B1,514,10/4/2023 12:55,19.3,23623.68,"","","",""
B1,515,10/4/2023 13:00,19.3,35010.56,"","","",""
B1,516,10/4/2023 13:05,19.22,27187.2,"","","",""
B1,517,10/4/2023 13:10,19.05,14725.12,"","","",""
B1,518,10/4/2023 13:15,19.3,21114.88,"","","",""
B1,519,10/4/2023 13:20,19.13,5205.76,"","","",""
B1,520,10/4/2023 13:25,19.09,20382.72,"","","",""
B1,521,10/4/2023 13:30,19.35,29132.8,"","","",""
B1,522,10/4/2023 13:35,19.52,32890.88,"","","",""
B1,523,10/4/2023 13:40,19.22,32225.28,"","","",""
B1,524,10/4/2023 13:45,19.35,19599.36,"","","",""
B1,525,10/4/2023 13:50,19.39,23255.04,"","","",""
B1,526,10/4/2023 13:55,19.56,32471.04,"","","",""
B1,527,10/4/2023 14:00,19.43,7971.84,"","","",""
B1,528,10/4/2023 14:05,19.43,18851.84,"","","",""
B1,529,10/4/2023 14:10,19.39,19328,"","","",""
B1,530,10/4/2023 14:15,19.3,14361.6,"","","",""
B1,531,10/4/2023 14:20,19.35,5035.52,"","","",""
B1,532,10/4/2023 14:25,19.52,27023.36,"","","",""
B1,533,10/4/2023 14:30,19.56,20746.24,"","","",""
B1,534,10/4/2023 14:35,19.56,27033.6,"","","",""
B1,535,10/4/2023 14:40,19.56,23173.12,"","","",""
B1,536,10/4/2023 14:45,19.52,32962.56,"","","",""
B1,537,10/4/2023 14:50,19.52,594.88,"","","",""
B1,538,10/4/2023 14:55,19.43,22589.44,"","","",""
B1,539,10/4/2023 15:00,19.43,14771.2,"","","",""
B1,540,10/4/2023 15:05,19.56,21329.92,"","","",""
B1,541,10/4/2023 15:10,19.6,18662.4,"","","",""
B1,542,10/4/2023 15:15,19.47,28835.84,"","","",""
B1,543,10/4/2023 15:20,19.65,10199.04,"","","",""
B1,544,10/4/2023 15:25,19.73,26777.6,"","","",""
B1,545,10/4/2023 15:30,19.6,21043.2,"","","",""
B1,546,10/4/2023 15:35,19.82,28221.44,"","","",""
B1,547,10/4/2023 15:40,19.77,21678.08,"","","",""
B1,548,10/4/2023 15:45,19.9,22220.8,"","","",""
B1,549,10/4/2023 15:50,19.82,2135.04,"","","",""
B1,550,10/4/2023 15:55,19.95,20454.4,"","","",""
B1,551,10/4/2023 16:00,19.82,26265.6,"","","",""
B1,552,10/4/2023 16:05,19.9,26357.76,"","","",""
B1,553,10/4/2023 16:10,20.12,7060.48,"","","",""
B1,554,10/4/2023 16:15,19.82,21063.68,"","","",""
B1,555,10/4/2023 16:20,19.9,25917.44,"","","",""
B1,556,10/4/2023 16:25,20.16,18780.16,"","","",""
B1,557,10/4/2023 16:30,20.37,35665.92,"","","",""
B1,558,10/4/2023 16:35,20.76,50442.24,"","","",""
B1,559,10/4/2023 16:40,20.76,6929.92,"","","",""
B1,560,10/4/2023 16:45,20.8,16030.72,"","","",""
B1,561,10/4/2023 16:50,20.76,39434.24,"","","",""
B1,562,10/4/2023 16:55,20.93,10094.08,"","","",""
B1,563,10/4/2023 17:00,20.93,16972.8,"","","",""
B1,564,10/4/2023 17:05,19.69,3386.88,"","","",""
B1,565,10/4/2023 17:10,19.17,7242.24,"","","",""
B1,566,10/4/2023 17:15,19.05,6922.24,"","","",""
B1,567,10/4/2023 17:20,18.92,4128,"","","",""
B1,568,10/4/2023 17:25,18.7,6417.92,"","","",""
B1,569,10/4/2023 17:30,18.7,6120.96,"","","",""
B1,570,10/4/2023 17:35,18.49,2454.4,"","","",""
B1,663,10/5/2023 1:20,17.41,0,"","","",""
B1,664,10/5/2023 1:25,17.37,0.22,"","","",""
B1,665,10/5/2023 1:30,17.46,0,"","","",""
B1,666,10/5/2023 1:35,17.46,0,"","","",""
B1,667,10/5/2023 1:40,17.46,0,"","","",""
B1,668,10/5/2023 1:45,17.5,0,"","","",""
B1,669,10/5/2023 1:50,17.41,0,"","","",""
B1,670,10/5/2023 1:55,17.41,0,"","","",""
B1,671,10/5/2023 2:00,17.41,0,"","","",""
B1,672,10/5/2023 2:05,17.46,0,"","","",""
B1,673,10/5/2023 2:10,17.41,0,"","","",""
B1,674,10/5/2023 2:15,17.41,0,"","","",""
B1,675,10/5/2023 2:20,17.37,0,"","","",""
B1,676,10/5/2023 2:25,17.33,0,"","","",""
B1,677,10/5/2023 2:30,17.33,0,"","","",""
B1,678,10/5/2023 2:35,17.33,0,"","","",""
B1,679,10/5/2023 2:40,17.29,0,"","","",""
B1,680,10/5/2023 2:45,17.33,0,"","","",""
B1,681,10/5/2023 2:50,17.29,0,"","","",""
B1,682,10/5/2023 2:55,17.29,0,"","","",""
B1,683,10/5/2023 3:00,17.33,0,"","","",""
B1,684,10/5/2023 3:05,17.29,0,"","","",""
B1,685,10/5/2023 3:10,17.29,0,"","","",""
B1,686,10/5/2023 3:15,17.24,0,"","","",""
B1,687,10/5/2023 3:20,17.2,0,"","","",""
B1,688,10/5/2023 3:25,17.29,0,"","","",""
B1,689,10/5/2023 3:30,17.2,0,"","","",""
B1,690,10/5/2023 3:35,17.2,0,"","","",""
B1,691,10/5/2023 3:40,17.2,0,"","","",""
B1,692,10/5/2023 3:45,17.2,0,"","","",""
B1,693,10/5/2023 3:50,17.16,0,"","","",""
B1,694,10/5/2023 3:55,17.16,0,"","","",""
B1,695,10/5/2023 4:00,17.16,0,"","","",""
B1,696,10/5/2023 4:05,17.16,0,"","","",""
B1,697,10/5/2023 4:10,17.11,0,"","","",""
B1,698,10/5/2023 4:15,17.11,0,"","","",""
B1,699,10/5/2023 4:20,17.11,0,"","","",""
B1,700,10/5/2023 4:25,17.11,0,"","","",""
B1,701,10/5/2023 4:30,17.11,0,"","","",""
B1,702,10/5/2023 4:35,17.07,0.22,"","","",""
B1,703,10/5/2023 4:40,17.11,0,"","","",""
B1,704,10/5/2023 4:45,17.07,0,"","","",""
B1,705,10/5/2023 4:50,17.03,0,"","","",""
B1,706,10/5/2023 4:55,17.07,0,"","","",""
B1,707,10/5/2023 5:00,17.07,0,"","","",""
B1,708,10/5/2023 5:05,17.03,0,"","","",""
B1,709,10/5/2023 5:10,17.03,0,"","","",""
B1,710,10/5/2023 5:15,17.03,0,"","","",""
B1,711,10/5/2023 5:20,17.03,0,"","","",""
B1,712,10/5/2023 5:25,17.03,0,"","","",""
B1,713,10/5/2023 5:30,17.07,0,"","","",""
B1,714,10/5/2023 5:35,17.07,0,"","","",""
B1,715,10/5/2023 5:40,17.07,0,"","","",""
B1,716,10/5/2023 5:45,17.07,0,"","","",""
B1,717,10/5/2023 5:50,17.11,0,"","","",""
B1,718,10/5/2023 5:55,17.07,0,"","","",""
B1,719,10/5/2023 6:00,17.07,0,"","","",""
B1,720,10/5/2023 6:05,17.07,0,"","","",""
B1,721,10/5/2023 6:10,17.11,0,"","","",""
B1,722,10/5/2023 6:15,17.11,0.44,"","","",""
B1,723,10/5/2023 6:20,17.11,0.66,"","","",""
B1,724,10/5/2023 6:25,17.11,2.21,"","","",""
B1,725,10/5/2023 6:30,17.07,0.88,"","","",""
B1,726,10/5/2023 6:35,17.16,47.26,"","","",""
B1,727,10/5/2023 6:40,17.11,71.26,"","","",""
B1,728,10/5/2023 6:45,17.11,179.2,"","","",""
B1,729,10/5/2023 6:50,17.11,608.64,"","","",""
B1,730,10/5/2023 6:55,17.07,741.12,"","","",""
B1,731,10/5/2023 7:00,17.11,1354.88,"","","",""
B1,732,10/5/2023 7:05,17.2,1366.4,"","","",""
B1,733,10/5/2023 7:10,17.24,1818.24,"","","",""
B1,734,10/5/2023 7:15,17.41,3344.64,"","","",""
B1,735,10/5/2023 7:20,17.5,4748.8,"","","",""
B1,736,10/5/2023 7:25,17.46,4227.84,"","","",""
B1,737,10/5/2023 7:30,17.67,4092.16,"","","",""
B1,738,10/5/2023 7:35,17.63,6284.8,"","","",""
B1,739,10/5/2023 7:40,17.8,6645.76,"","","",""
B1,740,10/5/2023 7:45,17.89,10977.28,"","","",""
B1,741,10/5/2023 7:50,17.97,9433.6,"","","",""
B1,742,10/5/2023 7:55,18.02,17320.96,"","","",""
B1,743,10/5/2023 8:00,18.06,16824.32,"","","",""
B1,744,10/5/2023 8:05,18.02,5447.68,"","","",""
B1,745,10/5/2023 8:10,18.19,16220.16,"","","",""
B1,746,10/5/2023 8:15,18.1,22251.52,"","","",""
B1,747,10/5/2023 8:20,18.06,19712,"","","",""
B1,748,10/5/2023 8:25,18.1,19727.36,"","","",""
B1,749,10/5/2023 8:30,18.1,6942.72,"","","",""
B1,750,10/5/2023 8:35,18.06,22067.2,"","","",""
B1,751,10/5/2023 8:40,18.19,13286.4,"","","",""
B1,752,10/5/2023 8:45,18.36,22978.56,"","","",""
B1,753,10/5/2023 8:50,18.36,24084.48,"","","",""
B1,754,10/5/2023 8:55,18.4,21831.68,"","","",""
B1,755,10/5/2023 9:00,18.49,6684.16,"","","",""
B1,756,10/5/2023 9:05,18.36,20838.4,"","","",""
B1,757,10/5/2023 9:10,18.53,26726.4,"","","",""
B1,758,10/5/2023 9:15,18.53,42291.2,"","","",""
B1,759,10/5/2023 9:20,18.57,18027.52,"","","",""
B1,760,10/5/2023 9:25,18.74,56115.2,"","","",""
B1,761,10/5/2023 9:30,18.79,33075.2,"","","",""
B1,762,10/5/2023 9:35,18.79,22691.84,"","","",""
B1,763,10/5/2023 9:40,18.83,26849.28,"","","",""
B1,764,10/5/2023 9:45,18.87,40765.44,"","","",""
B1,765,10/5/2023 9:50,18.87,6574.08,"","","",""
B1,766,10/5/2023 9:55,18.87,47534.08,"","","",""
B1,767,10/5/2023 10:00,18.96,45834.24,"","","",""
B1,768,10/5/2023 10:05,18.87,46551.04,"","","",""
B1,769,10/5/2023 10:10,18.96,77148.16,"","","",""
B1,770,10/5/2023 10:15,19.05,30443.52,"","","",""
B1,771,10/5/2023 10:20,19.09,37345.28,"","","",""
B1,772,10/5/2023 10:25,19.09,56524.8,"","","",""
B1,773,10/5/2023 10:30,19.09,30310.4,"","","",""
B1,774,10/5/2023 10:35,19.17,38144,"","","",""
B1,775,10/5/2023 10:40,19.17,45342.72,"","","",""
B1,776,10/5/2023 10:45,19.26,34693.12,"","","",""
B1,777,10/5/2023 10:50,19.26,85606.4,"","","",""
B1,778,10/5/2023 10:55,19.13,20853.76,"","","",""
B1,779,10/5/2023 11:00,19.35,18503.68,"","","",""
B1,780,10/5/2023 11:05,19.17,24422.4,"","","",""
B1,781,10/5/2023 11:10,19.35,65249.28,"","","",""
B1,782,10/5/2023 11:15,19.26,3857.92,"","","",""
B1,783,10/5/2023 11:20,19.35,66519.04,"","","",""
B1,784,10/5/2023 11:25,19.39,5368.32,"","","",""
B1,785,10/5/2023 11:30,19.39,66846.72,"","","",""
B1,786,10/5/2023 11:35,19.35,22231.04,"","","",""
B1,787,10/5/2023 11:40,19.43,54804.48,"","","",""
B1,788,10/5/2023 11:45,19.47,41922.56,"","","",""
B1,789,10/5/2023 11:50,19.47,11888.64,"","","",""
B1,790,10/5/2023 11:55,19.6,34652.16,"","","",""
B1,791,10/5/2023 12:00,19.6,14248.96,"","","",""
B1,792,10/5/2023 12:05,19.73,44216.32,"","","",""
B1,793,10/5/2023 12:10,19.65,48619.52,"","","",""
B1,794,10/5/2023 12:15,19.77,9510.4,"","","",""
B1,795,10/5/2023 12:20,19.69,37283.84,"","","",""
B1,796,10/5/2023 12:25,19.86,58531.84,"","","",""
B1,797,10/5/2023 12:30,19.56,26767.36,"","","",""
B1,798,10/5/2023 12:35,19.39,34754.56,"","","",""
B1,799,10/5/2023 12:40,19.69,34652.16,"","","",""
B1,800,10/5/2023 12:45,19.73,48537.6,"","","",""
B1,801,10/5/2023 12:50,19.56,54067.2,"","","",""
B1,802,10/5/2023 12:55,19.73,33280,"","","",""
B1,803,10/5/2023 13:00,19.82,41666.56,"","","",""
B1,804,10/5/2023 13:05,19.82,40386.56,"","","",""
B1,805,10/5/2023 13:10,19.95,3857.92,"","","",""
B1,806,10/5/2023 13:15,19.86,39761.92,"","","",""
B1,807,10/5/2023 13:20,20.03,40949.76,"","","",""
B1,808,10/5/2023 13:25,19.9,43581.44,"","","",""
B1,809,10/5/2023 13:30,19.82,30341.12,"","","",""
B1,810,10/5/2023 13:35,19.9,38645.76,"","","",""
B1,811,10/5/2023 13:40,19.82,51404.8,"","","",""
B1,812,10/5/2023 13:45,19.86,28815.36,"","","",""
B1,813,10/5/2023 13:50,19.95,43274.24,"","","",""
B1,814,10/5/2023 13:55,20.03,56483.84,"","","",""
B1,815,10/5/2023 14:00,20.03,38625.28,"","","",""
B1,816,10/5/2023 14:05,19.99,33761.28,"","","",""
B1,817,10/5/2023 14:10,20.03,32573.44,"","","",""
B1,818,10/5/2023 14:15,19.95,3961.6,"","","",""
B1,819,10/5/2023 14:20,19.95,28323.84,"","","",""
B1,820,10/5/2023 14:25,19.95,28917.76,"","","",""
B1,821,10/5/2023 14:30,19.86,21975.04,"","","",""
B1,822,10/5/2023 14:35,19.95,18560,"","","",""
B1,823,10/5/2023 14:40,19.95,24729.6,"","","",""
B1,824,10/5/2023 14:45,19.82,29614.08,"","","",""
B1,825,10/5/2023 14:50,19.86,15800.32,"","","",""
B1,826,10/5/2023 14:55,19.95,32522.24,"","","",""
B1,827,10/5/2023 15:00,19.82,25210.88,"","","",""
B1,828,10/5/2023 15:05,19.9,27269.12,"","","",""
B1,829,10/5/2023 15:10,19.86,27422.72,"","","",""
B1,830,10/5/2023 15:15,19.95,26234.88,"","","",""
B1,831,10/5/2023 15:20,19.86,26593.28,"","","",""
B1,832,10/5/2023 15:25,19.77,23736.32,"","","",""
B1,833,10/5/2023 15:30,19.9,20234.24,"","","",""
B1,834,10/5/2023 15:35,19.82,13885.44,"","","",""
B1,835,10/5/2023 15:40,19.73,21442.56,"","","",""
B1,836,10/5/2023 15:45,19.95,11264,"","","",""
B1,837,10/5/2023 15:50,19.77,12625.92,"","","",""
B1,838,10/5/2023 15:55,19.86,18831.36,"","","",""
B1,839,10/5/2023 16:00,19.95,14950.4,"","","",""
B1,840,10/5/2023 16:05,19.69,23285.76,"","","",""
B1,841,10/5/2023 16:10,19.77,13342.72,"","","",""
B1,842,10/5/2023 16:15,19.65,21841.92,"","","",""
B1,843,10/5/2023 16:20,19.82,21811.2,"","","",""
B1,844,10/5/2023 16:25,19.6,16911.36,"","","",""
B1,845,10/5/2023 16:30,19.73,13286.4,"","","",""
B1,846,10/5/2023 16:35,19.82,13240.32,"","","",""
B1,847,10/5/2023 16:40,19.9,19215.36,"","","",""
B1,848,10/5/2023 16:45,19.73,11873.28,"","","",""
B1,849,10/5/2023 16:50,19.69,12866.56,"","","",""
B1,850,10/5/2023 16:55,19.69,7879.68,"","","",""
B1,851,10/5/2023 17:00,19.73,6609.92,"","","",""
B1,852,10/5/2023 17:05,19.43,4520.96,"","","",""
B1,853,10/5/2023 17:10,19.22,3010.56,"","","",""
B1,854,10/5/2023 17:15,19.17,6410.24,"","","",""
B1,855,10/5/2023 17:20,19.26,5585.92,"","","",""
B1,856,10/5/2023 17:25,19.3,2531.84,"","","",""
B1,857,10/5/2023 17:30,19.13,2844.16,"","","",""
B1,858,10/5/2023 17:35,19.13,1888.64,"","","",""
B1,859,10/5/2023 17:40,19.13,5486.08,"","","",""
B1,860,10/5/2023 17:45,19.13,2108.16,"","","",""
B1,861,10/5/2023 17:50,19.09,2833.92,"","","",""
B1,862,10/5/2023 17:55,19,2177.28,"","","",""
B1,863,10/5/2023 18:00,18.96,1318.4,"","","",""
B1,864,10/5/2023 18:05,18.87,1871.36,"","","",""
B1,865,10/5/2023 18:10,18.83,1474.56,"","","",""
B1,866,10/5/2023 18:15,18.74,1870.72,"","","",""
B1,867,10/5/2023 18:20,18.66,1725.44,"","","",""
B1,868,10/5/2023 18:25,18.53,592.64,"","","",""
B1,869,10/5/2023 18:30,18.4,730.56,"","","",""
B1,870,10/5/2023 18:35,18.23,386.24,"","","",""
B1,871,10/5/2023 18:40,18.19,78.86,"","","",""
B1,872,10/5/2023 18:45,17.93,62.84,"","","",""
B1,970,10/6/2023 2:55,16.56,0,"","","",""
B1,971,10/6/2023 3:00,16.56,0,"","","",""
B1,972,10/6/2023 3:05,16.51,0,"","","",""
B1,973,10/6/2023 3:10,16.51,0,"","","",""
B1,974,10/6/2023 3:15,16.47,0,"","","",""
B1,975,10/6/2023 3:20,16.47,0,"","","",""
B1,976,10/6/2023 3:25,16.39,0,"","","",""
B1,977,10/6/2023 3:30,16.39,0,"","","",""
B1,978,10/6/2023 3:35,16.34,0,"","","",""
B1,979,10/6/2023 3:40,16.34,0,"","","",""
B1,980,10/6/2023 3:45,16.3,0,"","","",""
B1,981,10/6/2023 3:50,16.3,0,"","","",""
B1,982,10/6/2023 3:55,16.3,0,"","","",""
B1,983,10/6/2023 4:00,16.26,0,"","","",""
B1,984,10/6/2023 4:05,16.26,0,"","","",""
B1,985,10/6/2023 4:10,16.13,0,"","","",""
B1,986,10/6/2023 4:15,16.13,0,"","","",""
B1,987,10/6/2023 4:20,16.08,0,"","","",""
B1,988,10/6/2023 4:25,16.08,0,"","","",""
B1,989,10/6/2023 4:30,16.04,0,"","","",""
B1,990,10/6/2023 4:35,15.96,0,"","","",""
B1,991,10/6/2023 4:40,15.96,0,"","","",""
B1,992,10/6/2023 4:45,15.87,0,"","","",""
B1,993,10/6/2023 4:50,15.78,0,"","","",""
B1,994,10/6/2023 4:55,15.78,0.22,"","","",""
B1,995,10/6/2023 5:00,15.78,0,"","","",""
B1,996,10/6/2023 5:05,15.83,0,"","","",""
B1,997,10/6/2023 5:10,15.83,0,"","","",""
B1,998,10/6/2023 5:15,15.78,0,"","","",""
B1,999,10/6/2023 5:20,15.78,0,"","","",""
B1,1000,10/6/2023 5:25,15.78,0,"","","",""
B1,1001,10/6/2023 5:30,15.78,0,"","","",""
B1,1002,10/6/2023 5:35,15.74,0,"","","",""
B1,1003,10/6/2023 5:40,15.74,0,"","","",""
B1,1004,10/6/2023 5:45,15.74,0,"","","",""
B1,1005,10/6/2023 5:50,15.74,0,"","","",""
B1,1006,10/6/2023 5:55,15.78,0,"","","",""
B1,1007,10/6/2023 6:00,15.78,0,"","","",""
B1,1008,10/6/2023 6:05,15.78,0,"","","",""
B1,1009,10/6/2023 6:10,15.83,0,"","","",""
B1,1010,10/6/2023 6:15,15.83,0,"","","",""
B1,1011,10/6/2023 6:20,15.87,0.44,"","","",""
B1,1012,10/6/2023 6:25,15.87,1.55,"","","",""
B1,1013,10/6/2023 6:30,15.83,5.09,"","","",""
B1,1014,10/6/2023 6:35,15.87,19.78,"","","",""
B1,1015,10/6/2023 6:40,15.91,69.92,"","","",""
B1,1016,10/6/2023 6:45,15.91,201.68,"","","",""
B1,1017,10/6/2023 6:50,15.91,253.12,"","","",""
B1,1018,10/6/2023 6:55,15.96,600.16,"","","",""
B1,1019,10/6/2023 7:00,15.96,868.8,"","","",""
B1,1020,10/6/2023 7:05,16.04,1103.68,"","","",""
B1,1021,10/6/2023 7:10,16.04,1479.68,"","","",""
B1,1022,10/6/2023 7:15,16.08,2762.24,"","","",""
B1,1023,10/6/2023 7:20,16.13,3562.24,"","","",""
B1,1024,10/6/2023 7:25,16.21,5880.32,"","","",""
B1,1025,10/6/2023 7:30,16.26,6950.4,"","","",""
B1,1026,10/6/2023 7:35,16.26,6031.36,"","","",""
B1,1027,10/6/2023 7:40,16.43,13096.96,"","","",""
B1,1028,10/6/2023 7:45,16.47,5085.44,"","","",""
B1,1029,10/6/2023 7:50,16.56,7715.84,"","","",""
B1,1030,10/6/2023 7:55,16.64,8143.36,"","","",""
B1,1031,10/6/2023 8:00,16.64,16901.12,"","","",""
B1,1032,10/6/2023 8:05,16.69,12062.72,"","","",""
B1,1033,10/6/2023 8:10,16.73,15595.52,"","","",""
B1,1034,10/6/2023 8:15,16.9,15534.08,"","","",""
B1,1035,10/6/2023 8:20,16.94,22896.64,"","","",""
B1,1036,10/6/2023 8:25,16.99,24750.08,"","","",""
B1,1037,10/6/2023 8:30,16.99,9971.2,"","","",""
B1,1038,10/6/2023 8:35,17.11,36853.76,"","","",""
B1,1039,10/6/2023 8:40,17.2,28764.16,"","","",""
B1,1040,10/6/2023 8:45,17.29,23500.8,"","","",""
B1,1041,10/6/2023 8:50,17.29,26746.88,"","","",""
B1,1042,10/6/2023 8:55,17.41,34723.84,"","","",""
B1,1043,10/6/2023 9:00,17.5,28200.96,"","","",""
B1,1044,10/6/2023 9:05,17.5,26941.44,"","","",""
B1,1045,10/6/2023 9:10,17.76,34672.64,"","","",""
B1,1046,10/6/2023 9:15,17.67,34754.56,"","","",""
B1,1047,10/6/2023 9:20,17.72,41369.6,"","","",""
B1,1048,10/6/2023 9:25,17.93,25344,"","","",""
B1,1049,10/6/2023 9:30,17.76,21882.88,"","","",""
B1,1050,10/6/2023 9:35,17.93,26531.84,"","","",""
B1,1051,10/6/2023 9:40,18.02,57528.32,"","","",""
B1,1052,10/6/2023 9:45,18.06,65290.24,"","","",""
B1,1053,10/6/2023 9:50,18.06,28835.84,"","","",""
B1,1054,10/6/2023 9:55,18.06,48435.2,"","","",""
B1,1055,10/6/2023 10:00,18.1,29194.24,"","","",""
B1,1056,10/6/2023 10:05,18.19,47493.12,"","","",""
B1,1057,10/6/2023 10:10,18.19,64000,"","","",""
B1,1058,10/6/2023 10:15,18.23,59576.32,"","","",""
B1,1059,10/6/2023 10:20,18.32,22394.88,"","","",""
B1,1060,10/6/2023 10:25,18.53,69570.56,"","","",""
B1,1061,10/6/2023 10:30,18.62,62648.32,"","","",""
B1,1062,10/6/2023 10:35,18.49,32061.44,"","","",""
B1,1063,10/6/2023 10:40,18.7,47554.56,"","","",""
B1,1064,10/6/2023 10:45,18.7,20213.76,"","","",""
B1,1065,10/6/2023 10:50,18.79,59187.2,"","","",""
B1,1066,10/6/2023 10:55,18.87,39833.6,"","","",""
B1,1067,10/6/2023 11:00,18.96,66867.2,"","","",""
B1,1068,10/6/2023 11:05,18.96,61030.4,"","","",""
B1,1069,10/6/2023 11:10,19.05,46530.56,"","","",""
B1,1070,10/6/2023 11:15,19.09,65167.36,"","","",""
B1,1071,10/6/2023 11:20,19.13,41308.16,"","","",""
B1,1072,10/6/2023 11:25,19.13,53821.44,"","","",""
B1,1073,10/6/2023 11:30,19.22,56913.92,"","","",""
B1,1074,10/6/2023 11:35,19.22,54415.36,"","","",""
B1,1075,10/6/2023 11:40,19.35,63344.64,"","","",""
B1,1076,10/6/2023 11:45,19.39,63692.8,"","","",""
B1,1077,10/6/2023 11:50,19.52,59555.84,"","","",""
B1,1078,10/6/2023 11:55,19.6,52305.92,"","","",""
B1,1079,10/6/2023 12:00,19.52,57528.32,"","","",""
B1,1080,10/6/2023 12:05,19.39,68935.68,"","","",""
B1,1081,10/6/2023 12:10,19.56,51322.88,"","","",""
B1,1082,10/6/2023 12:15,19.6,63692.8,"","","",""
B1,1083,10/6/2023 12:20,19.65,51978.24,"","","",""
B1,1084,10/6/2023 12:25,19.69,52592.64,"","","",""
B1,1085,10/6/2023 12:30,19.6,66703.36,"","","",""
B1,1086,10/6/2023 12:35,19.65,26818.56,"","","",""
B1,1087,10/6/2023 12:40,19.77,49909.76,"","","",""
B1,1088,10/6/2023 12:45,19.69,54067.2,"","","",""
B1,1089,10/6/2023 12:50,19.73,55869.44,"","","",""
B1,1090,10/6/2023 12:55,19.77,59432.96,"","","",""
B1,1091,10/6/2023 13:00,19.65,27832.32,"","","",""
B1,1092,10/6/2023 13:05,19.77,63610.88,"","","",""
B1,1093,10/6/2023 13:10,19.77,45916.16,"","","",""
B1,1094,10/6/2023 13:15,19.77,51752.96,"","","",""
B1,1095,10/6/2023 13:20,19.77,55685.12,"","","",""
B1,1096,10/6/2023 13:25,19.82,41922.56,"","","",""
B1,1097,10/6/2023 13:30,19.77,52387.84,"","","",""
B1,1098,10/6/2023 13:35,19.73,43724.8,"","","",""
B1,1099,10/6/2023 13:40,19.77,53248,"","","",""
B1,1100,10/6/2023 13:45,19.47,24371.2,"","","",""
B1,1101,10/6/2023 13:50,19.82,44830.72,"","","",""
B1,1102,10/6/2023 13:55,19.86,42721.28,"","","",""
B1,1103,10/6/2023 14:00,19.69,23848.96,"","","",""
B1,1104,10/6/2023 14:05,19.69,24862.72,"","","",""
B1,1105,10/6/2023 14:10,19.77,50790.4,"","","",""
B1,1106,10/6/2023 14:15,19.73,29982.72,"","","",""
B1,1107,10/6/2023 14:20,19.86,42844.16,"","","",""
B1,1108,10/6/2023 14:25,19.9,36341.76,"","","",""
B1,1109,10/6/2023 14:30,19.9,34539.52,"","","",""
B1,1110,10/6/2023 14:35,19.77,31692.8,"","","",""
B1,1111,10/6/2023 14:40,19.86,35932.16,"","","",""
B1,1112,10/6/2023 14:45,19.82,37550.08,"","","",""
B1,1113,10/6/2023 14:50,19.77,27566.08,"","","",""
B1,1114,10/6/2023 14:55,19.82,28170.24,"","","",""
B1,1115,10/6/2023 15:00,19.77,30996.48,"","","",""
B1,1116,10/6/2023 15:05,19.73,33536,"","","",""
B1,1117,10/6/2023 15:10,19.86,26685.44,"","","",""
B1,1118,10/6/2023 15:15,19.77,30750.72,"","","",""
B1,1119,10/6/2023 15:20,19.65,28856.32,"","","",""
B1,1120,10/6/2023 15:25,19.69,25958.4,"","","",""
B1,1121,10/6/2023 15:30,19.47,26214.4,"","","",""
B1,1122,10/6/2023 15:35,19.56,21207.04,"","","",""
B1,1123,10/6/2023 15:40,19.52,21923.84,"","","",""
B1,1124,10/6/2023 15:45,19.52,32000,"","","",""
B1,1125,10/6/2023 15:50,19.35,18411.52,"","","",""
B1,1126,10/6/2023 15:55,19.39,19164.16,"","","",""
B1,1127,10/6/2023 16:00,19.35,20044.8,"","","",""
B1,1128,10/6/2023 16:05,19.43,23756.8,"","","",""
B1,1129,10/6/2023 16:10,19.3,8547.84,"","","",""
B1,1130,10/6/2023 16:15,19.39,19159.04,"","","",""
B1,1131,10/6/2023 16:20,19.43,15206.4,"","","",""
B1,1132,10/6/2023 16:25,19.3,11694.08,"","","",""
B1,1133,10/6/2023 16:30,19.22,14371.84,"","","",""
B1,1134,10/6/2023 16:35,19.17,8936.96,"","","",""
B1,1135,10/6/2023 16:40,19.22,13885.44,"","","",""
B1,1136,10/6/2023 16:45,19.17,5524.48,"","","",""
B1,1137,10/6/2023 16:50,19.13,10839.04,"","","",""
B1,1138,10/6/2023 16:55,18.96,10030.08,"","","",""
B1,1139,10/6/2023 17:00,18.96,6801.92,"","","",""
B1,1140,10/6/2023 17:05,18.79,5268.48,"","","",""
B1,1141,10/6/2023 17:10,18.74,2645.76,"","","",""
B1,1142,10/6/2023 17:15,18.66,3088.64,"","","",""
B1,1143,10/6/2023 17:20,18.62,1705.6,"","","",""
B1,1144,10/6/2023 17:25,18.57,1580.8,"","","",""
B1,1145,10/6/2023 17:30,18.44,1493.12,"","","",""
B1,1146,10/6/2023 17:35,18.36,3326.72,"","","",""
B1,1147,10/6/2023 17:40,18.4,2562.56,"","","",""
B1,1148,10/6/2023 17:45,18.36,2227.2,"","","",""
B1,1149,10/6/2023 17:50,18.32,2415.36,"","","",""
B1,1150,10/6/2023 17:55,18.27,2264.32,"","","",""
B1,1151,10/6/2023 18:00,18.27,883.84,"","","",""
B1,1152,10/6/2023 18:05,18.27,1510.4,"","","",""
B1,1153,10/6/2023 18:10,18.32,1889.92,"","","",""
B1,1154,10/6/2023 18:15,18.19,1119.68,"","","",""
B1,1155,10/6/2023 18:20,18.23,976,"","","",""
B1,1156,10/6/2023 18:25,18.23,585.6,"","","",""
B1,1157,10/6/2023 18:30,18.23,529.76,"","","",""
B1,1158,10/6/2023 18:35,18.19,213.2,"","","",""
B1,1159,10/6/2023 18:40,18.14,92.88,"","","",""
B1,1160,10/6/2023 18:45,18.1,19.09,"","","",""
B1,1161,10/6/2023 18:50,18.1,9.08,"","","",""
B1,1162,10/6/2023 18:55,18.1,3.1,"","","",""
B1,1163,10/6/2023 19:00,18.1,1.1,"","","",""
B1,1164,10/6/2023 19:05,18.1,0.22,"","","",""
B1,1165,10/6/2023 19:10,18.06,0,"","","",""
B1,1166,10/6/2023 19:15,17.97,0,"","","",""
B1,1167,10/6/2023 19:20,17.97,0,"","","",""
B1,1168,10/6/2023 19:25,17.97,0,"","","",""
B1,1169,10/6/2023 19:30,17.89,0,"","","",""
B1,1170,10/6/2023 19:35,17.93,0,"","","",""
B1,1171,10/6/2023 19:40,17.89,0,"","","",""
B1,1172,10/6/2023 19:45,17.93,0,"","","",""
B1,1173,10/6/2023 19:50,17.89,0,"","","",""
B1,1174,10/6/2023 19:55,17.8,0,"","","",""
B1,1175,10/6/2023 20:00,17.72,0,"","","",""
B1,1176,10/6/2023 20:05,17.72,0,"","","",""
B1,1266,10/7/2023 3:35,17.24,0,"","","",""
B1,1267,10/7/2023 3:40,17.37,0,"","","",""
B1,1268,10/7/2023 3:45,17.41,0,"","","",""
B1,1269,10/7/2023 3:50,17.37,0,"","","",""
B1,1270,10/7/2023 3:55,17.41,0,"","","",""
B1,1271,10/7/2023 4:00,17.41,0,"","","",""
B1,1272,10/7/2023 4:05,17.33,0,"","","",""
B1,1273,10/7/2023 4:10,17.33,0,"","","",""
B1,1274,10/7/2023 4:15,17.37,0,"","","",""
B1,1275,10/7/2023 4:20,17.33,0,"","","",""
B1,1276,10/7/2023 4:25,17.37,0,"","","",""
B1,1277,10/7/2023 4:30,17.37,0,"","","",""
B1,1278,10/7/2023 4:35,17.37,0,"","","",""
B1,1279,10/7/2023 4:40,17.37,0,"","","",""
B1,1280,10/7/2023 4:45,17.33,0,"","","",""
B1,1281,10/7/2023 4:50,17.37,0,"","","",""
B1,1282,10/7/2023 4:55,17.37,0,"","","",""
B1,1283,10/7/2023 5:00,17.33,0,"","","",""
B1,1284,10/7/2023 5:05,17.33,0,"","","",""
B1,1285,10/7/2023 5:10,17.24,0,"","","",""
B1,1286,10/7/2023 5:15,17.24,0,"","","",""
B1,1287,10/7/2023 5:20,17.24,0,"","","",""
B1,1288,10/7/2023 5:25,17.24,0,"","","",""
B1,1289,10/7/2023 5:30,17.16,0.22,"","","",""
B1,1290,10/7/2023 5:35,17.16,0,"","","",""
B1,1291,10/7/2023 5:40,17.11,0,"","","",""
B1,1292,10/7/2023 5:45,17.03,0,"","","",""
B1,1293,10/7/2023 5:50,17.03,0,"","","",""
B1,1294,10/7/2023 5:55,16.99,0,"","","",""
B1,1295,10/7/2023 6:00,16.99,0,"","","",""
B1,1296,10/7/2023 6:05,16.99,0,"","","",""
B1,1297,10/7/2023 6:10,16.99,0,"","","",""
B1,1298,10/7/2023 6:15,17.07,0,"","","",""
B1,1299,10/7/2023 6:20,17.07,0,"","","",""
B1,1300,10/7/2023 6:25,17.07,0.44,"","","",""
B1,1301,10/7/2023 6:30,17.07,2.66,"","","",""
B1,1302,10/7/2023 6:35,17.03,5.98,"","","",""
B1,1303,10/7/2023 6:40,17.03,27.21,"","","",""
B1,1304,10/7/2023 6:45,17.07,66.28,"","","",""
B1,1305,10/7/2023 6:50,17.07,42.22,"","","",""
B1,1306,10/7/2023 6:55,17.07,227.2,"","","",""
B1,1307,10/7/2023 7:00,17.07,389.44,"","","",""
B1,1308,10/7/2023 7:05,17.07,622.88,"","","",""
B1,1309,10/7/2023 7:10,17.07,1098.56,"","","",""
B1,1310,10/7/2023 7:15,17.11,1048,"","","",""
B1,1311,10/7/2023 7:20,17.11,186.16,"","","",""
B1,1312,10/7/2023 7:25,17.11,229.84,"","","",""
B1,1313,10/7/2023 7:30,17.16,2076.16,"","","",""
B1,1314,10/7/2023 7:35,17.2,2363.52,"","","",""
B1,1315,10/7/2023 7:40,17.2,2926.08,"","","",""
B1,1316,10/7/2023 7:45,17.16,3681.28,"","","",""
B1,1317,10/7/2023 7:50,17.24,4380.16,"","","",""
B1,1318,10/7/2023 7:55,17.24,3759.36,"","","",""
B1,1319,10/7/2023 8:00,17.2,4032,"","","",""
B1,1320,10/7/2023 8:05,17.24,5276.16,"","","",""
B1,1321,10/7/2023 8:10,17.33,6451.2,"","","",""
B1,1322,10/7/2023 8:15,17.33,2858.24,"","","",""
B1,1323,10/7/2023 8:20,17.41,11796.48,"","","",""
B1,1324,10/7/2023 8:25,17.37,6479.36,"","","",""
B1,1325,10/7/2023 8:30,17.37,5652.48,"","","",""
B1,1326,10/7/2023 8:35,17.41,8156.16,"","","",""
B1,1327,10/7/2023 8:40,17.41,9886.72,"","","",""
B1,1328,10/7/2023 8:45,17.46,9297.92,"","","",""
B1,1329,10/7/2023 8:50,17.46,11520,"","","",""
B1,1330,10/7/2023 8:55,17.46,5355.52,"","","",""
B1,1331,10/7/2023 9:00,17.5,10042.88,"","","",""
B1,1332,10/7/2023 9:05,17.59,12257.28,"","","",""
B1,1333,10/7/2023 9:10,17.54,12743.68,"","","",""
B1,1334,10/7/2023 9:15,17.63,9886.72,"","","",""
B1,1335,10/7/2023 9:20,17.59,11796.48,"","","",""
B1,1336,10/7/2023 9:25,17.54,11473.92,"","","",""
B1,1337,10/7/2023 9:30,17.67,15375.36,"","","",""
B1,1338,10/7/2023 9:35,17.67,16496.64,"","","",""
B1,1339,10/7/2023 9:40,17.89,14673.92,"","","",""
B1,1340,10/7/2023 9:45,17.89,7242.24,"","","",""
B1,1341,10/7/2023 9:50,17.89,10844.16,"","","",""
B1,1342,10/7/2023 9:55,17.89,13240.32,"","","",""
B1,1343,10/7/2023 10:00,17.93,14469.12,"","","",""
B1,1344,10/7/2023 10:05,17.89,20234.24,"","","",""
B1,1345,10/7/2023 10:10,17.93,17710.08,"","","",""
B1,1346,10/7/2023 10:15,18.02,19230.72,"","","",""
B1,1347,10/7/2023 10:20,18.02,18053.12,"","","",""
B1,1348,10/7/2023 10:25,18.23,18058.24,"","","",""
B1,1349,10/7/2023 10:30,18.19,18329.6,"","","",""
B1,1350,10/7/2023 10:35,18.32,20925.44,"","","",""
B1,1351,10/7/2023 10:40,18.32,16655.36,"","","",""
B1,1352,10/7/2023 10:45,18.4,19896.32,"","","",""
B1,1353,10/7/2023 10:50,18.7,27494.4,"","","",""
B1,1354,10/7/2023 10:55,18.96,40499.2,"","","",""
B1,1355,10/7/2023 11:00,19,15211.52,"","","",""
B1,1356,10/7/2023 11:05,19.09,36075.52,"","","",""
B1,1357,10/7/2023 11:10,19.09,38461.44,"","","",""
B1,1358,10/7/2023 11:15,19.13,36597.76,"","","",""
B1,1359,10/7/2023 11:20,19.13,48885.76,"","","",""
B1,1360,10/7/2023 11:25,19.39,13767.68,"","","",""
B1,1361,10/7/2023 11:30,19.39,46571.52,"","","",""
B1,1362,10/7/2023 11:35,19.47,53923.84,"","","",""
B1,1363,10/7/2023 11:40,19.13,26357.76,"","","",""
B1,1364,10/7/2023 11:45,19.35,21790.72,"","","",""
B1,1365,10/7/2023 11:50,19.69,48844.8,"","","",""
B1,1366,10/7/2023 11:55,19.9,68648.96,"","","",""
B1,1367,10/7/2023 12:00,20.29,37652.48,"","","",""
B1,1368,10/7/2023 12:05,20.63,43724.8,"","","",""
B1,1369,10/7/2023 12:10,20.59,72990.72,"","","",""
B1,1370,10/7/2023 12:15,20.5,47943.68,"","","",""
B1,1371,10/7/2023 12:20,20.46,52715.52,"","","",""
B1,1372,10/7/2023 12:25,19.99,33822.72,"","","",""
B1,1373,10/7/2023 12:30,20.25,42987.52,"","","",""
B1,1374,10/7/2023 12:35,20.03,48128,"","","",""
B1,1375,10/7/2023 12:40,20.12,44871.68,"","","",""
B1,1376,10/7/2023 12:45,20.42,40048.64,"","","",""
B1,1377,10/7/2023 12:50,20.07,44994.56,"","","",""
B1,1378,10/7/2023 12:55,19.9,40970.24,"","","",""
B1,1379,10/7/2023 13:00,19.73,38799.36,"","","",""
B1,1380,10/7/2023 13:05,19.9,45977.6,"","","",""
B1,1381,10/7/2023 13:10,20.72,44994.56,"","","",""
B1,1382,10/7/2023 13:15,20.59,67461.12,"","","",""
B1,1383,10/7/2023 13:20,20.46,46141.44,"","","",""
B1,1384,10/7/2023 13:25,20.29,72970.24,"","","",""
B1,1385,10/7/2023 13:30,20.63,38430.72,"","","",""
B1,1386,10/7/2023 13:35,20.63,47923.2,"","","",""
B1,1387,10/7/2023 13:40,20.5,51896.32,"","","",""
B1,1388,10/7/2023 13:45,20.33,41861.12,"","","",""
B1,1389,10/7/2023 13:50,20.68,105021.44,"","","",""
B1,1390,10/7/2023 13:55,20.07,20648.96,"","","",""
B1,1391,10/7/2023 14:00,20.42,67235.84,"","","",""
B1,1392,10/7/2023 14:05,20.33,61952,"","","",""
B1,1393,10/7/2023 14:10,20.63,72581.12,"","","",""
B1,1394,10/7/2023 14:15,20.25,55132.16,"","","",""
B1,1395,10/7/2023 14:20,20.12,40755.2,"","","",""
B1,1396,10/7/2023 14:25,19.99,37283.84,"","","",""
B1,1397,10/7/2023 14:30,19.99,44032,"","","",""
B1,1398,10/7/2023 14:35,19.86,7731.2,"","","",""
B1,1399,10/7/2023 14:40,19.73,24637.44,"","","",""
B1,1400,10/7/2023 14:45,19.95,4837.12,"","","",""
B1,1401,10/7/2023 14:50,19.95,39106.56,"","","",""
B1,1402,10/7/2023 14:55,19,9674.24,"","","",""
B1,1403,10/7/2023 15:00,18.79,1557.76,"","","",""
B1,1404,10/7/2023 15:05,18.7,4936.96,"","","",""
B1,1405,10/7/2023 15:10,18.74,12497.92,"","","",""
B1,1406,10/7/2023 15:15,19.22,15994.88,"","","",""
B1,1407,10/7/2023 15:20,19.35,23408.64,"","","",""
B1,1408,10/7/2023 15:25,19.69,32061.44,"","","",""
B1,1409,10/7/2023 15:30,19.65,24289.28,"","","",""
B1,1410,10/7/2023 15:35,19.65,29194.24,"","","",""
B1,1411,10/7/2023 15:40,19.47,26705.92,"","","",""
B1,1412,10/7/2023 15:45,19.43,31528.96,"","","",""
B1,1413,10/7/2023 15:50,19.47,24606.72,"","","",""
B1,1414,10/7/2023 15:55,19.39,21473.28,"","","",""
B1,1415,10/7/2023 16:00,19.3,21145.6,"","","",""
B1,1416,10/7/2023 16:05,19.17,2227.84,"","","",""
B1,1417,10/7/2023 16:10,18.96,20264.96,"","","",""
B1,1418,10/7/2023 16:15,19.09,9879.04,"","","",""
B1,1419,10/7/2023 16:20,19.09,9758.72,"","","",""
B1,1420,10/7/2023 16:25,18.96,8092.16,"","","",""
B1,1421,10/7/2023 16:30,19.22,15831.04,"","","",""
B1,1422,10/7/2023 16:35,19.05,9036.8,"","","",""
B1,1423,10/7/2023 16:40,18.79,3851.52,"","","",""
B1,1424,10/7/2023 16:45,18.87,9290.24,"","","",""
B1,1425,10/7/2023 16:50,18.92,2455.68,"","","",""
B1,1426,10/7/2023 16:55,18.74,2232.32,"","","",""
B1,1427,10/7/2023 17:00,18.62,3110.4,"","","",""
B1,1428,10/7/2023 17:05,18.57,2771.2,"","","",""
B1,1429,10/7/2023 17:10,18.66,1092.16,"","","",""
B1,1430,10/7/2023 17:15,18.53,1699.2,"","","",""
B1,1431,10/7/2023 17:20,18.44,2468.48,"","","",""
B1,1432,10/7/2023 17:25,18.49,3010.56,"","","",""
B1,1433,10/7/2023 17:30,18.53,2058.88,"","","",""
B1,1434,10/7/2023 17:35,18.44,1856.64,"","","",""
B1,1435,10/7/2023 17:40,18.49,1103.68,"","","",""
B1,1436,10/7/2023 17:45,18.49,2299.52,"","","",""
B1,1437,10/7/2023 17:50,18.53,1478.4,"","","",""
B1,1438,10/7/2023 17:55,18.57,380.32,"","","",""
B1,1439,10/7/2023 18:00,18.53,1182.72,"","","",""
B1,1440,10/7/2023 18:05,18.44,1079.04,"","","",""
B1,1441,10/7/2023 18:10,18.49,760.96,"","","",""
B1,1442,10/7/2023 18:15,18.4,139.84,"","","",""
B1,1443,10/7/2023 18:20,18.36,437.44,"","","",""
B1,1444,10/7/2023 18:25,18.44,329.76,"","","",""
B1,1445,10/7/2023 18:30,18.49,143.52,"","","",""
B1,1446,10/7/2023 18:35,18.36,95.4,"","","",""
B1,1447,10/7/2023 18:40,18.36,15.54,"","","",""
B1,1448,10/7/2023 18:45,18.36,12.85,"","","",""
B1,1449,10/7/2023 18:50,18.27,2.21,"","","",""
B1,1450,10/7/2023 18:55,18.23,0,"","","",""
B1,1451,10/7/2023 19:00,18.32,0.22,"","","",""
B1,1452,10/7/2023 19:05,18.27,0,"","","",""
B1,1453,10/7/2023 19:10,18.32,0,"","","",""
B1,1454,10/7/2023 19:15,18.27,0,"","","",""
B1,1455,10/7/2023 19:20,18.32,0,"","","",""
B1,1456,10/7/2023 19:25,18.32,0,"","","",""
B1,1457,10/7/2023 19:30,18.27,0,"","","",""
B1,1458,10/7/2023 19:35,18.23,0,"","","",""
B1,1459,10/7/2023 19:40,18.23,0,"","","",""
B1,1460,10/7/2023 19:45,18.19,0,"","","",""
B1,1461,10/7/2023 19:50,18.23,0,"","","",""
B1,1462,10/7/2023 19:55,18.19,0,"","","",""
B1,1463,10/7/2023 20:00,18.19,0,"","","",""
B1,1464,10/7/2023 20:05,18.23,0,"","","",""
B1,1465,10/7/2023 20:10,18.19,0,"","","",""
B1,1466,10/7/2023 20:15,18.19,0,"","","",""
B1,1467,10/7/2023 20:20,18.19,0,"","","",""
B1,1468,10/7/2023 20:25,18.14,0,"","","",""
B1,1469,10/7/2023 20:30,18.1,0,"","","",""
B1,1470,10/7/2023 20:35,18.14,0,"","","",""
B1,1471,10/7/2023 20:40,18.1,0,"","","",""
B1,1472,10/7/2023 20:45,18.06,0,"","","",""
B1,1473,10/7/2023 20:50,18.06,0.22,"","","",""
B1,1474,10/7/2023 20:55,17.97,0,"","","",""
B1,1475,10/7/2023 21:00,18.02,0,"","","",""
B1,1476,10/7/2023 21:05,17.93,0,"","","",""
B1,1561,10/8/2023 4:10,17.41,0,"","","",""
B1,1562,10/8/2023 4:15,17.46,0,"","","",""
B1,1563,10/8/2023 4:20,17.46,0,"","","",""
B1,1564,10/8/2023 4:25,17.46,0,"","","",""
B1,1565,10/8/2023 4:30,17.5,0,"","","",""
B1,1566,10/8/2023 4:35,17.46,0,"","","",""
B1,1567,10/8/2023 4:40,17.46,0,"","","",""
B1,1568,10/8/2023 4:45,17.41,0,"","","",""
B1,1569,10/8/2023 4:50,17.37,0,"","","",""
B1,1570,10/8/2023 4:55,17.41,0,"","","",""
B1,1571,10/8/2023 5:00,17.41,0,"","","",""
B1,1572,10/8/2023 5:05,17.33,0,"","","",""
B1,1573,10/8/2023 5:10,17.33,0,"","","",""
B1,1574,10/8/2023 5:15,17.37,0,"","","",""
B1,1575,10/8/2023 5:20,17.33,0,"","","",""
B1,1576,10/8/2023 5:25,17.33,0,"","","",""
B1,1577,10/8/2023 5:30,17.29,0,"","","",""
B1,1578,10/8/2023 5:35,17.29,0,"","","",""
B1,1579,10/8/2023 5:40,17.24,0,"","","",""
B1,1580,10/8/2023 5:45,17.24,0,"","","",""
B1,1581,10/8/2023 5:50,17.24,0,"","","",""
B1,1582,10/8/2023 5:55,17.11,0,"","","",""
B1,1583,10/8/2023 6:00,17.07,0,"","","",""
B1,1584,10/8/2023 6:05,17.07,0.22,"","","",""
B1,1585,10/8/2023 6:10,17.03,0,"","","",""
B1,1586,10/8/2023 6:15,16.99,0,"","","",""
B1,1587,10/8/2023 6:20,16.99,0,"","","",""
B1,1588,10/8/2023 6:25,17.03,0.22,"","","",""
B1,1589,10/8/2023 6:30,17.03,0.22,"","","",""
B1,1590,10/8/2023 6:35,16.94,6.2,"","","",""
B1,1591,10/8/2023 6:40,16.99,27.59,"","","",""
B1,1592,10/8/2023 6:45,16.94,77.9,"","","",""
B1,1593,10/8/2023 6:50,16.99,135.44,"","","",""
B1,1594,10/8/2023 6:55,16.94,135.44,"","","",""
B1,1595,10/8/2023 7:00,16.94,317.2,"","","",""
B1,1596,10/8/2023 7:05,16.99,337.6,"","","",""
B1,1597,10/8/2023 7:10,16.99,763.84,"","","",""
B1,1598,10/8/2023 7:15,16.94,132.64,"","","",""
B1,1599,10/8/2023 7:20,16.99,1131.2,"","","",""
B1,1600,10/8/2023 7:25,16.99,1285.44,"","","",""
B1,1601,10/8/2023 7:30,17.03,3052.8,"","","",""
B1,1602,10/8/2023 7:35,17.03,1831.68,"","","",""
B1,1603,10/8/2023 7:40,17.07,2816,"","","",""
B1,1604,10/8/2023 7:45,17.07,7411.2,"","","",""
B1,1605,10/8/2023 7:50,17.11,2880,"","","",""
B1,1606,10/8/2023 7:55,17.11,5240.32,"","","",""
B1,1607,10/8/2023 8:00,17.07,1675.52,"","","",""
B1,1608,10/8/2023 8:05,17.16,4947.2,"","","",""
B1,1609,10/8/2023 8:10,17.16,2547.84,"","","",""
B1,1610,10/8/2023 8:15,17.2,4997.12,"","","",""
B1,1611,10/8/2023 8:20,17.29,9057.28,"","","",""
B1,1612,10/8/2023 8:25,17.24,7915.52,"","","",""
B1,1613,10/8/2023 8:30,17.24,7272.96,"","","",""
B1,1614,10/8/2023 8:35,17.5,19143.68,"","","",""
B1,1615,10/8/2023 8:40,17.46,11852.8,"","","",""
B1,1616,10/8/2023 8:45,17.59,24217.6,"","","",""
B1,1617,10/8/2023 8:50,17.67,19164.16,"","","",""
B1,1618,10/8/2023 8:55,17.76,34242.56,"","","",""
B1,1619,10/8/2023 9:00,17.84,14525.44,"","","",""
B1,1620,10/8/2023 9:05,17.89,38328.32,"","","",""
B1,1621,10/8/2023 9:10,17.8,23654.4,"","","",""
B1,1622,10/8/2023 9:15,17.76,10135.04,"","","",""
B1,1623,10/8/2023 9:20,17.8,27115.52,"","","",""
B1,1624,10/8/2023 9:25,17.93,31344.64,"","","",""
B1,1625,10/8/2023 9:30,17.89,25620.48,"","","",""
B1,1626,10/8/2023 9:35,17.72,17546.24,"","","",""
B1,1627,10/8/2023 9:40,17.84,16680.96,"","","",""
B1,1628,10/8/2023 9:45,17.97,28579.84,"","","",""
B1,1629,10/8/2023 9:50,18.1,19261.44,"","","",""
B1,1630,10/8/2023 9:55,18.14,31959.04,"","","",""
B1,1631,10/8/2023 10:00,18.27,28794.88,"","","",""
B1,1632,10/8/2023 10:05,18.49,53903.36,"","","",""
B1,1633,10/8/2023 10:10,18.87,40386.56,"","","",""
B1,1634,10/8/2023 10:15,18.74,43868.16,"","","",""
B1,1635,10/8/2023 10:20,18.87,58408.96,"","","",""
B1,1636,10/8/2023 10:25,19,38963.2,"","","",""
B1,1637,10/8/2023 10:30,19.22,60846.08,"","","",""
B1,1638,10/8/2023 10:35,19.22,33177.6,"","","",""
B1,1639,10/8/2023 10:40,19.22,59432.96,"","","",""
B1,1640,10/8/2023 10:45,19.56,18549.76,"","","",""
B1,1641,10/8/2023 10:50,19.9,75980.8,"","","",""
B1,1642,10/8/2023 10:55,20.46,91791.36,"","","",""
B1,1643,10/8/2023 11:00,20.03,58019.84,"","","",""
B1,1644,10/8/2023 11:05,20.07,58327.04,"","","",""
B1,1645,10/8/2023 11:10,20.12,81817.6,"","","",""
B1,1646,10/8/2023 11:15,20.5,46735.36,"","","",""
B1,1647,10/8/2023 11:20,20.55,39700.48,"","","",""
B1,1648,10/8/2023 11:25,20.89,85237.76,"","","",""
B1,1649,10/8/2023 11:30,21.36,23162.88,"","","",""
B1,1650,10/8/2023 11:35,21.4,85606.4,"","","",""
B1,1651,10/8/2023 11:40,21.15,76124.16,"","","",""
B1,1652,10/8/2023 11:45,21.53,86138.88,"","","",""
B1,1653,10/8/2023 11:50,21.88,64266.24,"","","",""
B1,1654,10/8/2023 11:55,21.36,56954.88,"","","",""
B1,1655,10/8/2023 12:00,22.31,86958.08,"","","",""
B1,1656,10/8/2023 12:05,21.83,48844.8,"","","",""
B1,1657,10/8/2023 12:10,22.48,87162.88,"","","",""
B1,1658,10/8/2023 12:15,22.26,43212.8,"","","",""
B1,1659,10/8/2023 12:20,22.48,43212.8,"","","",""
B1,1660,10/8/2023 12:25,23.12,21903.36,"","","",""
B1,1661,10/8/2023 12:30,22.43,76124.16,"","","",""
B1,1662,10/8/2023 12:35,22.82,82042.88,"","","",""
B1,1663,10/8/2023 12:40,23.21,85114.88,"","","",""
B1,1664,10/8/2023 12:45,22.73,21749.76,"","","",""
B1,1665,10/8/2023 12:50,22.78,84008.96,"","","",""
B1,1666,10/8/2023 12:55,22.86,54108.16,"","","",""
B1,1667,10/8/2023 13:00,23.21,53227.52,"","","",""
B1,1668,10/8/2023 13:05,23.98,85442.56,"","","",""
B1,1669,10/8/2023 13:10,23.08,56688.64,"","","",""
B1,1670,10/8/2023 13:15,22.78,53022.72,"","","",""
B1,1671,10/8/2023 13:20,22.48,65740.8,"","","",""
B1,1672,10/8/2023 13:25,22.43,61685.76,"","","",""
B1,1673,10/8/2023 13:30,22.82,42680.32,"","","",""
B1,1674,10/8/2023 13:35,23.46,79298.56,"","","",""
B1,1675,10/8/2023 13:40,23.46,47759.36,"","","",""
B1,1676,10/8/2023 13:45,23.46,77701.12,"","","",""
B1,1677,10/8/2023 13:50,23.42,77045.76,"","","",""
B1,1678,10/8/2023 13:55,23.68,29081.6,"","","",""
B1,1679,10/8/2023 14:00,22.99,57425.92,"","","",""
B1,1680,10/8/2023 14:05,22.82,29358.08,"","","",""
B1,1681,10/8/2023 14:10,23.08,16921.6,"","","",""
B1,1682,10/8/2023 14:15,22.99,50360.32,"","","",""
B1,1683,10/8/2023 14:20,22.35,48885.76,"","","",""
B1,1684,10/8/2023 14:25,22.39,43479.04,"","","",""
B1,1685,10/8/2023 14:30,22.39,46264.32,"","","",""
B1,1686,10/8/2023 14:35,22.18,38840.32,"","","",""
B1,1687,10/8/2023 14:40,21.7,46080,"","","",""
B1,1688,10/8/2023 14:45,21.7,85319.68,"","","",""
B1,1689,10/8/2023 14:50,21.36,29788.16,"","","",""
B1,1690,10/8/2023 14:55,21.1,18257.92,"","","",""
B1,1691,10/8/2023 15:00,21.1,73134.08,"","","",""
B1,1692,10/8/2023 15:05,21.1,13306.88,"","","",""
B1,1693,10/8/2023 15:10,20.98,26378.24,"","","",""
B1,1694,10/8/2023 15:15,20.33,15595.52,"","","",""
B1,1695,10/8/2023 15:20,20.16,36751.36,"","","",""
B1,1696,10/8/2023 15:25,20.33,33259.52,"","","",""
B1,1697,10/8/2023 15:30,20.03,24186.88,"","","",""
B1,1698,10/8/2023 15:35,19.99,26910.72,"","","",""
B1,1699,10/8/2023 15:40,19.95,24954.88,"","","",""
B1,1700,10/8/2023 15:45,19.73,8627.2,"","","",""
B1,1701,10/8/2023 15:50,19.65,21913.6,"","","",""
B1,1702,10/8/2023 15:55,19.6,7467.52,"","","",""
B1,1703,10/8/2023 16:00,19.6,20802.56,"","","",""
B1,1704,10/8/2023 16:05,19.26,19496.96,"","","",""
B1,1705,10/8/2023 16:10,19.22,21094.4,"","","",""
B1,1706,10/8/2023 16:15,19.26,14325.76,"","","",""
B1,1707,10/8/2023 16:20,19.05,9886.72,"","","",""
B1,1708,10/8/2023 16:25,19.09,16225.28,"","","",""
B1,1709,10/8/2023 16:30,18.92,884.8,"","","",""
B1,1710,10/8/2023 16:35,18.83,6177.28,"","","",""
B1,1711,10/8/2023 16:40,18.79,5273.6,"","","",""
B1,1712,10/8/2023 16:45,18.79,6940.16,"","","",""
B1,1713,10/8/2023 16:50,18.74,4968.96,"","","",""
B1,1714,10/8/2023 16:55,18.83,13224.96,"","","",""
B1,1715,10/8/2023 17:00,18.62,2572.8,"","","",""
B1,1716,10/8/2023 17:05,18.57,4684.8,"","","",""
B1,1717,10/8/2023 17:10,18.49,2214.4,"","","",""
B1,1718,10/8/2023 17:15,18.53,3603.2,"","","",""
B1,1719,10/8/2023 17:20,18.4,1661.44,"","","",""
B1,1720,10/8/2023 17:25,18.36,2720,"","","",""
B1,1721,10/8/2023 17:30,18.44,2367.36,"","","",""
B1,1722,10/8/2023 17:35,18.4,2078.08,"","","",""
B1,1723,10/8/2023 17:40,18.36,1281.92,"","","",""
B1,1724,10/8/2023 17:45,18.36,1928.96,"","","",""
B1,1725,10/8/2023 17:50,18.4,1692.16,"","","",""
B1,1726,10/8/2023 17:55,18.32,857.6,"","","",""
B1,1727,10/8/2023 18:00,18.32,407.84,"","","",""
B1,1728,10/8/2023 18:05,18.14,806.4,"","","",""
B1,1729,10/8/2023 18:10,18.19,747.2,"","","",""
B1,1730,10/8/2023 18:15,18.23,851.2,"","","",""
B1,1731,10/8/2023 18:20,18.27,467.04,"","","",""
B1,1732,10/8/2023 18:25,18.27,328,"","","",""
B1,1733,10/8/2023 18:30,18.23,48.88,"","","",""
B1,1734,10/8/2023 18:35,18.14,93.52,"","","",""
B1,1735,10/8/2023 18:40,18.14,30.31,"","","",""
B1,1736,10/8/2023 18:45,18.14,4.43,"","","",""
B1,1737,10/8/2023 18:50,18.02,3.54,"","","",""
B1,1738,10/8/2023 18:55,18.1,0.66,"","","",""
B1,1739,10/8/2023 19:00,18.14,0,"","","",""
B1,1740,10/8/2023 19:05,18.06,0,"","","",""
B1,1741,10/8/2023 19:10,18.06,0,"","","",""
B1,1742,10/8/2023 19:15,18.06,0,"","","",""
B1,1743,10/8/2023 19:20,18.06,0,"","","",""
B1,1744,10/8/2023 19:25,18.02,0,"","","",""
B1,1745,10/8/2023 19:30,18.02,0,"","","",""
B1,1746,10/8/2023 19:35,18.06,0,"","","",""
B1,1747,10/8/2023 19:40,18.1,0,"","","",""
B1,1748,10/8/2023 19:45,17.97,0,"","","",""
B1,1749,10/8/2023 19:50,17.93,0,"","","",""
B1,1750,10/8/2023 19:55,17.89,0,"","","",""
B1,1751,10/8/2023 20:00,17.93,0,"","","",""
B1,1752,10/8/2023 20:05,17.93,0,"","","",""
B1,1753,10/8/2023 20:10,17.89,0,"","","",""
B1,1754,10/8/2023 20:15,17.8,0,"","","",""
B1,1755,10/8/2023 20:20,17.93,0,"","","",""
B1,1756,10/8/2023 20:25,17.89,0,"","","",""
B1,1757,10/8/2023 20:30,17.89,0,"","","",""
B1,1758,10/8/2023 20:35,17.89,0,"","","",""
B1,1759,10/8/2023 20:40,17.89,0,"","","",""
B1,1760,10/8/2023 20:45,17.89,0,"","","",""
B1,1761,10/8/2023 20:50,17.93,0,"","","",""
B1,1762,10/8/2023 20:55,17.93,0,"","","",""
B1,1763,10/8/2023 21:00,17.84,0,"","","",""
B1,1764,10/8/2023 21:05,17.8,0,"","","",""
B1,1765,10/8/2023 21:10,17.76,0,"","","",""
B1,1766,10/8/2023 21:15,17.8,0,"","","",""
B1,1767,10/8/2023 21:20,17.8,0,"","","",""
B1,1768,10/8/2023 21:25,17.67,0,"","","",""
B1,1769,10/8/2023 21:30,17.67,0,"","","",""
B1,1770,10/8/2023 21:35,17.63,0,"","","",""
B1,1771,10/8/2023 21:40,17.59,0,"","","",""
B1,1772,10/8/2023 21:45,17.54,0,"","","",""
B1,1773,10/8/2023 21:50,17.54,0,"","","",""
B1,1774,10/8/2023 21:55,17.5,0,"","","",""
B1,1775,10/8/2023 22:00,17.46,0,"","","",""
B1,1854,10/9/2023 4:35,16.3,0,"","","",""
B1,1855,10/9/2023 4:40,16.3,0,"","","",""
B1,1856,10/9/2023 4:45,16.3,0,"","","",""
B1,1857,10/9/2023 4:50,16.3,0,"","","",""
B1,1858,10/9/2023 4:55,16.26,0,"","","",""
B1,1859,10/9/2023 5:00,16.26,0,"","","",""
B1,1860,10/9/2023 5:05,16.21,0,"","","",""
B1,1861,10/9/2023 5:10,16.26,0,"","","",""
B1,1862,10/9/2023 5:15,16.21,0,"","","",""
B1,1863,10/9/2023 5:20,16.17,0,"","","",""
B1,1864,10/9/2023 5:25,16.13,0,"","","",""
B1,1865,10/9/2023 5:30,16.13,0,"","","",""
B1,1866,10/9/2023 5:35,16.08,0,"","","",""
B1,1867,10/9/2023 5:40,16.13,0,"","","",""
B1,1868,10/9/2023 5:45,16.13,0,"","","",""
B1,1869,10/9/2023 5:50,16.08,0,"","","",""
B1,1870,10/9/2023 5:55,16.08,0,"","","",""
B1,1871,10/9/2023 6:00,16,0,"","","",""
B1,1872,10/9/2023 6:05,16,0,"","","",""
B1,1873,10/9/2023 6:10,16,0,"","","",""
B1,1874,10/9/2023 6:15,15.91,0,"","","",""
B1,1875,10/9/2023 6:20,15.91,0,"","","",""
B1,1876,10/9/2023 6:25,15.91,0.22,"","","",""
B1,1877,10/9/2023 6:30,15.87,0.88,"","","",""
B1,1878,10/9/2023 6:35,15.83,2.43,"","","",""
B1,1879,10/9/2023 6:40,15.74,8.86,"","","",""
B1,1880,10/9/2023 6:45,15.78,34.69,"","","",""
B1,1881,10/9/2023 6:50,15.7,51.14,"","","",""
B1,1882,10/9/2023 6:55,15.57,139.96,"","","",""
B1,1883,10/9/2023 7:00,15.57,199.44,"","","",""
B1,1884,10/9/2023 7:05,15.66,68.48,"","","",""
B1,1885,10/9/2023 7:10,15.61,448.32,"","","",""
B1,1886,10/9/2023 7:15,15.61,504.48,"","","",""
B1,1887,10/9/2023 7:20,15.66,508,"","","",""
B1,1888,10/9/2023 7:25,15.7,779.84,"","","",""
B1,1889,10/9/2023 7:30,15.78,1314.56,"","","",""
B1,1890,10/9/2023 7:35,15.78,1179.2,"","","",""
B1,1891,10/9/2023 7:40,15.83,1054.08,"","","",""
B1,1892,10/9/2023 7:45,15.87,1124.16,"","","",""
B1,1893,10/9/2023 7:50,15.91,2119.04,"","","",""
B1,1894,10/9/2023 7:55,15.96,1691.52,"","","",""
B1,1895,10/9/2023 8:00,15.96,3139.84,"","","",""
B1,1896,10/9/2023 8:05,15.96,2668.8,"","","",""
B1,1897,10/9/2023 8:10,15.96,2508.8,"","","",""
B1,1898,10/9/2023 8:15,16.13,171.68,"","","",""
B1,1899,10/9/2023 8:20,16.13,3439.36,"","","",""
B1,1900,10/9/2023 8:25,16.04,633.44,"","","",""
B1,1901,10/9/2023 8:30,16.13,3381.76,"","","",""
B1,1902,10/9/2023 8:35,16.21,5053.44,"","","",""
B1,1903,10/9/2023 8:40,16.26,5457.92,"","","",""
B1,1904,10/9/2023 8:45,16.3,4997.12,"","","",""
B1,1905,10/9/2023 8:50,16.21,6113.28,"","","",""
B1,1906,10/9/2023 8:55,16.3,5511.68,"","","",""
B1,1907,10/9/2023 9:00,16.47,862.08,"","","",""
B1,1908,10/9/2023 9:05,16.47,8220.16,"","","",""
B1,1909,10/9/2023 9:10,16.51,8163.84,"","","",""
B1,1910,10/9/2023 9:15,16.47,10122.24,"","","",""
B1,1911,10/9/2023 9:20,16.51,3271.68,"","","",""
B1,1912,10/9/2023 9:25,16.64,10531.84,"","","",""
B1,1913,10/9/2023 9:30,16.6,10398.72,"","","",""
B1,1914,10/9/2023 9:35,16.69,11709.44,"","","",""
B1,1915,10/9/2023 9:40,16.69,10629.12,"","","",""
B1,1916,10/9/2023 9:45,16.69,4056.32,"","","",""
B1,1917,10/9/2023 9:50,16.69,13107.2,"","","",""
B1,1918,10/9/2023 9:55,16.69,9497.6,"","","",""
B1,1919,10/9/2023 10:00,16.77,12318.72,"","","",""
B1,1920,10/9/2023 10:05,16.69,9561.6,"","","",""
B1,1921,10/9/2023 10:10,16.86,12129.28,"","","",""
B1,1922,10/9/2023 10:15,16.99,22947.84,"","","",""
B1,1923,10/9/2023 10:20,16.99,14725.12,"","","",""
B1,1924,10/9/2023 10:25,17.03,18882.56,"","","",""
B1,1925,10/9/2023 10:30,17.03,12451.84,"","","",""
B1,1926,10/9/2023 10:35,17.11,20730.88,"","","",""
B1,1927,10/9/2023 10:40,17.11,19850.24,"","","",""
B1,1928,10/9/2023 10:45,17.29,20561.92,"","","",""
B1,1929,10/9/2023 10:50,17.33,23521.28,"","","",""
B1,1930,10/9/2023 10:55,17.63,32522.24,"","","",""
B1,1931,10/9/2023 11:00,17.84,29685.76,"","","",""
B1,1932,10/9/2023 11:05,18.27,47779.84,"","","",""
B1,1933,10/9/2023 11:10,18.7,49336.32,"","","",""
B1,1934,10/9/2023 11:15,18.53,49397.76,"","","",""
B1,1935,10/9/2023 11:20,19.65,34938.88,"","","",""
B1,1936,10/9/2023 11:25,20.16,67809.28,"","","",""
B1,1937,10/9/2023 11:30,20.03,35276.8,"","","",""
B1,1938,10/9/2023 11:35,21.02,96993.28,"","","",""
B1,1939,10/9/2023 11:40,20.59,40120.32,"","","",""
B1,1940,10/9/2023 11:45,20.46,21176.32,"","","",""
B1,1941,10/9/2023 11:50,20.85,82903.04,"","","",""
B1,1942,10/9/2023 11:55,21.53,83968,"","","",""
B1,1943,10/9/2023 12:00,21.7,55951.36,"","","",""
B1,1944,10/9/2023 12:05,21.28,82001.92,"","","",""
B1,1945,10/9/2023 12:10,21.75,80752.64,"","","",""
B1,1946,10/9/2023 12:15,22.73,35635.2,"","","",""
B1,1947,10/9/2023 12:20,22.56,85524.48,"","","",""
B1,1948,10/9/2023 12:25,23.72,87326.72,"","","",""
B1,1949,10/9/2023 12:30,23.42,87162.88,"","","",""
B1,1950,10/9/2023 12:35,23.89,87818.24,"","","",""
B1,1951,10/9/2023 12:40,24.06,84951.04,"","","",""
B1,1952,10/9/2023 12:45,22.82,73338.88,"","","",""
B1,1953,10/9/2023 12:50,21.32,70615.04,"","","",""
B1,1956,10/9/2023 13:05,25.39,98181.12,"","","",""
B1,1957,10/9/2023 13:10,24.15,57487.36,"","","",""
B1,1958,10/9/2023 13:15,22.31,38461.44,"","","",""
B1,1959,10/9/2023 13:20,22.26,68648.96,"","","",""
B1,1960,10/9/2023 13:25,22.01,41082.88,"","","",""
B1,1967,10/9/2023 14:00,24.06,76820.48,"","","",""
B1,1968,10/9/2023 14:05,23.68,42045.44,"","","",""
B1,1969,10/9/2023 14:10,24.32,76677.12,"","","",""
B1,1970,10/9/2023 14:15,24.32,76267.52,"","","",""
B1,1971,10/9/2023 14:20,23.64,21831.68,"","","",""
B1,1972,10/9/2023 14:25,23.29,80015.36,"","","",""
B1,1973,10/9/2023 14:30,22.95,52817.92,"","","",""
B1,1974,10/9/2023 14:35,22.78,68628.48,"","","",""
B1,1975,10/9/2023 14:40,23.38,83476.48,"","","",""
B1,1976,10/9/2023 14:45,22.48,42618.88,"","","",""
B1,1977,10/9/2023 14:50,22.99,94658.56,"","","",""
B1,1978,10/9/2023 14:55,22.61,106209.28,"","","",""
B1,1979,10/9/2023 15:00,22.05,82964.48,"","","",""
B1,1980,10/9/2023 15:05,21.7,34375.68,"","","",""
B1,1981,10/9/2023 15:10,20.55,19640.32,"","","",""
B1,1982,10/9/2023 15:15,21.45,45649.92,"","","",""
B1,1983,10/9/2023 15:20,20.55,16880.64,"","","",""
B1,1984,10/9/2023 15:25,20.37,20392.96,"","","",""
B1,1985,10/9/2023 15:30,19.77,21176.32,"","","",""
B1,1986,10/9/2023 15:35,19.26,20392.96,"","","",""
B1,1987,10/9/2023 15:40,20.68,36085.76,"","","",""
B1,1988,10/9/2023 15:45,20.2,25210.88,"","","",""
B1,1989,10/9/2023 15:50,20.07,41236.48,"","","",""
B1,1990,10/9/2023 15:55,20.2,53227.52,"","","",""
B1,1991,10/9/2023 16:00,19.6,26716.16,"","","",""
B1,1992,10/9/2023 16:05,19.3,30330.88,"","","",""
B1,1993,10/9/2023 16:10,19.17,21995.52,"","","",""
B1,1994,10/9/2023 16:15,19.17,22691.84,"","","",""
B1,1995,10/9/2023 16:20,18.79,6225.92,"","","",""
B1,1996,10/9/2023 16:25,18.44,14197.76,"","","",""
B1,1997,10/9/2023 16:30,18.57,18273.28,"","","",""
B1,1998,10/9/2023 16:35,18.32,11228.16,"","","",""
B1,1999,10/9/2023 16:40,18.57,12098.56,"","","",""
B1,2000,10/9/2023 16:45,18.36,10736.64,"","","",""
B1,2001,10/9/2023 16:50,18.23,10127.36,"","","",""
B1,2002,10/9/2023 16:55,18.1,5057.28,"","","",""
B1,2003,10/9/2023 17:00,18.1,6407.68,"","","",""
B1,2004,10/9/2023 17:05,17.93,3918.08,"","","",""
B1,2005,10/9/2023 17:10,17.89,3677.44,"","","",""
B1,2006,10/9/2023 17:15,17.93,2986.24,"","","",""
B1,2007,10/9/2023 17:20,17.84,2666.24,"","","",""
B1,2008,10/9/2023 17:25,17.8,2514.56,"","","",""
B1,2009,10/9/2023 17:30,17.8,2927.36,"","","",""
B1,2010,10/9/2023 17:35,17.8,2833.92,"","","",""
B1,2011,10/9/2023 17:40,17.76,1710.72,"","","",""
B1,2012,10/9/2023 17:45,17.76,1829.76,"","","",""
B1,2013,10/9/2023 17:50,17.8,1955.84,"","","",""
B1,2014,10/9/2023 17:55,17.84,380.16,"","","",""
B1,2015,10/9/2023 18:00,17.67,1517.44,"","","",""
B1,2016,10/9/2023 18:05,17.67,872.32,"","","",""
B1,2017,10/9/2023 18:10,17.72,922.88,"","","",""
B1,2018,10/9/2023 18:15,17.63,485.6,"","","",""
B1,2019,10/9/2023 18:20,17.63,473.28,"","","",""
B1,2020,10/9/2023 18:25,17.63,256.64,"","","",""
B1,2021,10/9/2023 18:30,17.59,114.04,"","","",""
B1,2022,10/9/2023 18:35,17.63,75.24,"","","",""
B1,2023,10/9/2023 18:40,17.72,15.54,"","","",""
B1,2024,10/9/2023 18:45,17.67,3.99,"","","",""
B1,2025,10/9/2023 18:50,17.72,1.33,"","","",""
B1,2026,10/9/2023 18:55,17.72,0.44,"","","",""
B1,2027,10/9/2023 19:00,17.67,0,"","","",""
B1,2028,10/9/2023 19:05,17.54,0,"","","",""
B1,2029,10/9/2023 19:10,17.63,0,"","","",""
B1,2030,10/9/2023 19:15,17.59,0,"","","",""
B1,2031,10/9/2023 19:20,17.54,0,"","","",""
B1,2032,10/9/2023 19:25,17.46,0,"","","",""
B1,2033,10/9/2023 19:30,17.5,0,"","","",""
B1,2034,10/9/2023 19:35,17.46,0,"","","",""
B1,2035,10/9/2023 19:40,17.54,0,"","","",""
B1,2036,10/9/2023 19:45,17.5,0,"","","",""
B1,2037,10/9/2023 19:50,17.46,0,"","","",""
B1,2038,10/9/2023 19:55,17.41,0,"","","",""
B1,2039,10/9/2023 20:00,17.54,0,"","","",""
B1,2040,10/9/2023 20:05,17.5,0,"","","",""
B1,2041,10/9/2023 20:10,17.54,0,"","","",""
B1,2042,10/9/2023 20:15,17.59,0,"","","",""
B1,2043,10/9/2023 20:20,17.5,0,"","","",""
B1,2044,10/9/2023 20:25,17.54,0,"","","",""
B1,2045,10/9/2023 20:30,17.5,0,"","","",""
B1,2046,10/9/2023 20:35,17.46,0,"","","",""
B1,2047,10/9/2023 20:40,17.37,0,"","","",""
B1,2048,10/9/2023 20:45,17.41,0,"","","",""
B1,2049,10/9/2023 20:50,17.41,0,"","","",""
B1,2050,10/9/2023 20:55,17.5,0,"","","",""
B1,2051,10/9/2023 21:00,17.41,0,"","","",""
B1,2052,10/9/2023 21:05,17.37,0,"","","",""
B1,2053,10/9/2023 21:10,17.5,0,"","","",""
B1,2054,10/9/2023 21:15,17.41,0,"","","",""
B1,2055,10/9/2023 21:20,17.41,0,"","","",""
B1,2056,10/9/2023 21:25,17.46,0,"","","",""
B1,2057,10/9/2023 21:30,17.41,0,"","","",""
B1,2058,10/9/2023 21:35,17.46,0,"","","",""
B1,2059,10/9/2023 21:40,17.46,0,"","","",""
B1,2060,10/9/2023 21:45,17.41,0,"","","",""
B1,2061,10/9/2023 21:50,17.5,0,"","","",""
B1,2062,10/9/2023 21:55,17.41,0,"","","",""
B1,2063,10/9/2023 22:00,17.41,0,"","","",""
B1,2064,10/9/2023 22:05,17.37,0,"","","",""
B1,2065,10/9/2023 22:10,17.37,0,"","","",""
B1,2066,10/9/2023 22:15,17.37,0,"","","",""
B1,2067,10/9/2023 22:20,17.33,0,"","","",""
B1,2068,10/9/2023 22:25,17.41,0,"","","",""
B1,2069,10/9/2023 22:30,17.33,0,"","","",""
B1,2070,10/9/2023 22:35,17.24,0,"","","",""
B1,2146,10/10/2023 4:55,16.94,0,"","","",""
B1,2147,10/10/2023 5:00,16.99,0,"","","",""
B1,2148,10/10/2023 5:05,16.94,0,"","","",""
B1,2149,10/10/2023 5:10,17.03,0,"","","",""
B1,2150,10/10/2023 5:15,16.94,0,"","","",""
B1,2151,10/10/2023 5:20,16.99,0,"","","",""
B1,2152,10/10/2023 5:25,16.99,0,"","","",""
B1,2153,10/10/2023 5:30,16.94,0,"","","",""
B1,2154,10/10/2023 5:35,16.94,0,"","","",""
B1,2155,10/10/2023 5:40,16.94,0,"","","",""
B1,2156,10/10/2023 5:45,16.94,0,"","","",""
B1,2157,10/10/2023 5:50,16.94,0,"","","",""
B1,2158,10/10/2023 5:55,16.94,0,"","","",""
B1,2159,10/10/2023 6:00,16.94,0,"","","",""
B1,2160,10/10/2023 6:05,16.9,0,"","","",""
B1,2161,10/10/2023 6:10,16.9,0,"","","",""
B1,2162,10/10/2023 6:15,16.9,0,"","","",""
B1,2163,10/10/2023 6:20,16.9,0,"","","",""
B1,2164,10/10/2023 6:25,16.94,0.66,"","","",""
B1,2165,10/10/2023 6:30,16.9,2.66,"","","",""
B1,2166,10/10/2023 6:35,16.86,5.32,"","","",""
B1,2167,10/10/2023 6:40,16.9,16.43,"","","",""
B1,2168,10/10/2023 6:45,16.9,52.48,"","","",""
B1,2169,10/10/2023 6:50,16.9,91.76,"","","",""
B1,2170,10/10/2023 6:55,16.9,183.52,"","","",""
B1,2171,10/10/2023 7:00,16.9,270.88,"","","",""
B1,2172,10/10/2023 7:05,16.9,538.08,"","","",""
B1,2173,10/10/2023 7:10,16.9,1029.44,"","","",""
B1,2174,10/10/2023 7:15,16.9,772.48,"","","",""
B1,2175,10/10/2023 7:20,16.94,1831.68,"","","",""
B1,2176,10/10/2023 7:25,16.99,2369.28,"","","",""
B1,2177,10/10/2023 7:30,16.94,3617.28,"","","",""
B1,2178,10/10/2023 7:35,16.99,5975.04,"","","",""
B1,2179,10/10/2023 7:40,16.94,4188.16,"","","",""
B1,2180,10/10/2023 7:45,16.99,5578.24,"","","",""
B1,2181,10/10/2023 7:50,16.99,7272.96,"","","",""
B1,2182,10/10/2023 7:55,17.03,3499.52,"","","",""
B1,2183,10/10/2023 8:00,17.03,8000,"","","",""
B1,2184,10/10/2023 8:05,17.03,7536.64,"","","",""
B1,2185,10/10/2023 8:10,17.07,8071.68,"","","",""
B1,2186,10/10/2023 8:15,17.11,8760.32,"","","",""
B1,2187,10/10/2023 8:20,17.07,10014.72,"","","",""
B1,2188,10/10/2023 8:25,17.16,8478.72,"","","",""
B1,2189,10/10/2023 8:30,17.2,13434.88,"","","",""
B1,2190,10/10/2023 8:35,17.2,10644.48,"","","",""
B1,2191,10/10/2023 8:40,17.24,10334.72,"","","",""
B1,2192,10/10/2023 8:45,17.29,12544,"","","",""
B1,2193,10/10/2023 8:50,17.33,14028.8,"","","",""
B1,2194,10/10/2023 8:55,17.33,14863.36,"","","",""
B1,2195,10/10/2023 9:00,17.41,6566.4,"","","",""
B1,2196,10/10/2023 9:05,17.41,20049.92,"","","",""
B1,2197,10/10/2023 9:10,17.37,20213.76,"","","",""
B1,2198,10/10/2023 9:15,17.5,14771.2,"","","",""
B1,2199,10/10/2023 9:20,17.41,17029.12,"","","",""
B1,2200,10/10/2023 9:25,17.63,23152.64,"","","",""
B1,2201,10/10/2023 9:30,17.72,31989.76,"","","",""
B1,2202,10/10/2023 9:35,17.67,18549.76,"","","",""
B1,2203,10/10/2023 9:40,17.8,30699.52,"","","",""
B1,2204,10/10/2023 9:45,17.8,23644.16,"","","",""
B1,2205,10/10/2023 9:50,17.76,25569.28,"","","",""
B1,2206,10/10/2023 9:55,17.93,31887.36,"","","",""
B1,2207,10/10/2023 10:00,17.89,31897.6,"","","",""
B1,2208,10/10/2023 10:05,18.1,30607.36,"","","",""
B1,2209,10/10/2023 10:10,17.93,5231.36,"","","",""
B1,2210,10/10/2023 10:15,18.14,46264.32,"","","",""
B1,2211,10/10/2023 10:20,18.1,37580.8,"","","",""
B1,2212,10/10/2023 10:25,17.97,27904,"","","",""
B1,2213,10/10/2023 10:30,18.1,35061.76,"","","",""
B1,2214,10/10/2023 10:35,18.06,36587.52,"","","",""
B1,2215,10/10/2023 10:40,18.19,27402.24,"","","",""
B1,2216,10/10/2023 10:45,18.32,51404.8,"","","",""
B1,2217,10/10/2023 10:50,18.32,51466.24,"","","",""
B1,2218,10/10/2023 10:55,19.13,84500.48,"","","",""
B1,2219,10/10/2023 11:00,19.56,68321.28,"","","",""
B1,2220,10/10/2023 11:05,20.03,45772.8,"","","",""
B1,2221,10/10/2023 11:10,18.92,43868.16,"","","",""
B1,2222,10/10/2023 11:15,19.13,23183.36,"","","",""
B1,2223,10/10/2023 11:20,20.2,91095.04,"","","",""
B1,2224,10/10/2023 11:25,20.76,86056.96,"","","",""
B1,2225,10/10/2023 11:30,20.8,64901.12,"","","",""
B1,2226,10/10/2023 11:35,21.4,46202.88,"","","",""
B1,2227,10/10/2023 11:40,21.79,91832.32,"","","",""
B1,2228,10/10/2023 11:45,22.18,94781.44,"","","",""
B1,2229,10/10/2023 11:50,22.82,99983.36,"","","",""
B1,2230,10/10/2023 11:55,22.22,27791.36,"","","",""
B1,2231,10/10/2023 12:00,20.76,54579.2,"","","",""
B1,2232,10/10/2023 12:05,21.4,54886.4,"","","",""
B1,2233,10/10/2023 12:10,23.03,91136,"","","",""
B1,2234,10/10/2023 12:15,23.29,82841.6,"","","",""
B1,2235,10/10/2023 12:20,23.12,87080.96,"","","",""
B1,2236,10/10/2023 12:25,24.06,86917.12,"","","",""
B1,2237,10/10/2023 12:30,24.41,86958.08,"","","",""
B1,2238,10/10/2023 12:35,24.88,86507.52,"","","",""
B1,2239,10/10/2023 12:40,24.79,39014.4,"","","",""
B1,2240,10/10/2023 12:45,24.84,73625.6,"","","",""
B1,2269,10/10/2023 15:10,22.99,70901.76,"","","",""
B1,2270,10/10/2023 15:15,23.08,53350.4,"","","",""
B1,2271,10/10/2023 15:20,22.56,38656,"","","",""
B1,2272,10/10/2023 15:25,21.02,28467.2,"","","",""
B1,2273,10/10/2023 15:30,20.37,21626.88,"","","",""
B1,2274,10/10/2023 15:35,20.25,29245.44,"","","",""
B1,2275,10/10/2023 15:40,20.29,24115.2,"","","",""
B1,2276,10/10/2023 15:45,19.6,16368.64,"","","",""
B1,2277,10/10/2023 15:50,19.35,15646.72,"","","",""
B1,2278,10/10/2023 15:55,19.47,19845.12,"","","",""
B1,2279,10/10/2023 16:00,19.43,17781.76,"","","",""
B1,2280,10/10/2023 16:05,19.35,16296.96,"","","",""
B1,2281,10/10/2023 16:10,19.35,8844.8,"","","",""
B1,2282,10/10/2023 16:15,19.09,7610.88,"","","",""
B1,2283,10/10/2023 16:20,19.05,6213.12,"","","",""
B1,2284,10/10/2023 16:25,18.83,6730.24,"","","",""
B1,2285,10/10/2023 16:30,18.83,6822.4,"","","",""
B1,2286,10/10/2023 16:35,18.74,3557.12,"","","",""
B1,2287,10/10/2023 16:40,18.7,5061.12,"","","",""
B1,2288,10/10/2023 16:45,18.66,4599.04,"","","",""
B1,2289,10/10/2023 16:50,18.7,4744.96,"","","",""
B1,2290,10/10/2023 16:55,18.66,3157.76,"","","",""
B1,2291,10/10/2023 17:00,18.62,4510.72,"","","",""
B1,2292,10/10/2023 17:05,18.53,3239.68,"","","",""
B1,2293,10/10/2023 17:10,18.53,3143.68,"","","",""
B1,2294,10/10/2023 17:15,18.49,2988.8,"","","",""
B1,2295,10/10/2023 17:20,18.49,3296,"","","",""
B1,2296,10/10/2023 17:25,18.53,2721.28,"","","",""
B1,2297,10/10/2023 17:30,18.53,1943.04,"","","",""
B1,2298,10/10/2023 17:35,18.49,2567.68,"","","",""
B1,2299,10/10/2023 17:40,18.49,2223.36,"","","",""
B1,2300,10/10/2023 17:45,18.44,2381.44,"","","",""
B1,2301,10/10/2023 17:50,18.4,834.56,"","","",""
B1,2302,10/10/2023 17:55,18.44,860.8,"","","",""
B1,2303,10/10/2023 18:00,18.44,1511.68,"","","",""
B1,2304,10/10/2023 18:05,18.44,856.32,"","","",""
B1,2305,10/10/2023 18:10,18.53,495.2,"","","",""
B1,2306,10/10/2023 18:15,18.49,664.32,"","","",""
B1,2307,10/10/2023 18:20,18.57,386.72,"","","",""
B1,2308,10/10/2023 18:25,18.49,213.68,"","","",""
B1,2309,10/10/2023 18:30,18.53,100.72,"","","",""
B1,2310,10/10/2023 18:35,18.49,57.84,"","","",""
B1,2311,10/10/2023 18:40,18.53,17.31,"","","",""
B1,2312,10/10/2023 18:45,18.62,3.76,"","","",""
B1,2313,10/10/2023 18:50,18.49,1.1,"","","",""
B1,2314,10/10/2023 18:55,18.44,0.22,"","","",""
B1,2315,10/10/2023 19:00,18.36,0,"","","",""
B1,2316,10/10/2023 19:05,18.49,0,"","","",""
B1,2317,10/10/2023 19:10,18.36,0,"","","",""
B1,2318,10/10/2023 19:15,18.4,0,"","","",""
B1,2319,10/10/2023 19:20,18.36,0,"","","",""
B1,2320,10/10/2023 19:25,18.32,0,"","","",""
B1,2321,10/10/2023 19:30,18.4,0,"","","",""
B1,2322,10/10/2023 19:35,18.44,0,"","","",""
B1,2323,10/10/2023 19:40,18.44,0,"","","",""
B1,2324,10/10/2023 19:45,18.4,0,"","","",""
B1,2325,10/10/2023 19:50,18.36,0,"","","",""
B1,2326,10/10/2023 19:55,18.44,0,"","","",""
B1,2327,10/10/2023 20:00,18.49,0,"","","",""
B1,2328,10/10/2023 20:05,18.44,0,"","","",""
B1,2329,10/10/2023 20:10,18.32,0,"","","",""
B1,2330,10/10/2023 20:15,18.4,0,"","","",""
B1,2331,10/10/2023 20:20,18.23,0,"","","",""
B1,2332,10/10/2023 20:25,18.36,0,"","","",""
B1,2333,10/10/2023 20:30,18.36,0,"","","",""
B1,2334,10/10/2023 20:35,18.36,0,"","","",""
B1,2335,10/10/2023 20:40,18.36,0,"","","",""
B1,2336,10/10/2023 20:45,18.4,0,"","","",""
B1,2337,10/10/2023 20:50,18.32,0,"","","",""
B1,2338,10/10/2023 20:55,18.32,0,"","","",""
B1,2339,10/10/2023 21:00,18.44,0,"","","",""
B1,2340,10/10/2023 21:05,18.44,0,"","","",""
B1,2341,10/10/2023 21:10,18.53,0,"","","",""
B1,2342,10/10/2023 21:15,18.49,0,"","","",""
B1,2343,10/10/2023 21:20,18.27,0,"","","",""
B1,2344,10/10/2023 21:25,18.49,0,"","","",""
B1,2345,10/10/2023 21:30,18.36,0,"","","",""
B1,2346,10/10/2023 21:35,18.36,0,"","","",""
B1,2347,10/10/2023 21:40,18.27,0,"","","",""
B1,2348,10/10/2023 21:45,18.32,0,"","","",""
B1,2349,10/10/2023 21:50,18.32,0,"","","",""
B1,2350,10/10/2023 21:55,18.36,0,"","","",""
B1,2351,10/10/2023 22:00,18.36,0,"","","",""
B1,2352,10/10/2023 22:05,18.36,0,"","","",""
B1,2353,10/10/2023 22:10,18.32,0,"","","",""
B1,2354,10/10/2023 22:15,18.36,0,"","","",""
B1,2355,10/10/2023 22:20,18.44,0,"","","",""
B1,2356,10/10/2023 22:25,18.49,0,"","","",""
B1,2357,10/10/2023 22:30,18.49,0,"","","",""
B1,2358,10/10/2023 22:35,18.44,0,"","","",""
B1,2359,10/10/2023 22:40,18.44,0,"","","",""
B1,2360,10/10/2023 22:45,18.44,0,"","","",""
B1,2361,10/10/2023 22:50,18.4,0,"","","",""
B1,2362,10/10/2023 22:55,18.4,0,"","","",""
B1,2363,10/10/2023 23:00,18.36,0,"","","",""
B1,2364,10/10/2023 23:05,18.32,0,"","","",""
B1,2365,10/10/2023 23:10,18.32,0,"","","",""
B1,2366,10/10/2023 23:15,18.27,0,"","","",""
B1,2367,10/10/2023 23:20,18.32,0,"","","",""
B1,2368,10/10/2023 23:25,18.27,0,"","","",""
B1,2435,10/11/2023 5:00,17.72,0,"","","",""
B1,2436,10/11/2023 5:05,17.8,0,"","","",""
B1,2437,10/11/2023 5:10,17.84,0,"","","",""
B1,2438,10/11/2023 5:15,17.93,0,"","","",""
B1,2439,10/11/2023 5:20,17.89,0,"","","",""
B1,2440,10/11/2023 5:25,17.93,0,"","","",""
B1,2441,10/11/2023 5:30,17.93,0,"","","",""
B1,2442,10/11/2023 5:35,17.93,0,"","","",""
B1,2443,10/11/2023 5:40,17.93,0,"","","",""
B1,2444,10/11/2023 5:45,17.93,0,"","","",""
B1,2445,10/11/2023 5:50,17.97,0,"","","",""
B1,2446,10/11/2023 5:55,17.93,0,"","","",""
B1,2447,10/11/2023 6:00,17.84,0,"","","",""
B1,2448,10/11/2023 6:05,17.89,0,"","","",""
B1,2449,10/11/2023 6:10,17.89,0,"","","",""
B1,2450,10/11/2023 6:15,17.89,0,"","","",""
B1,2451,10/11/2023 6:20,17.89,0,"","","",""
B1,2452,10/11/2023 6:25,17.8,0.66,"","","",""
B1,2453,10/11/2023 6:30,17.8,1.55,"","","",""
B1,2454,10/11/2023 6:35,17.8,6.65,"","","",""
B1,2455,10/11/2023 6:40,17.8,17.09,"","","",""
B1,2456,10/11/2023 6:45,17.8,41,"","","",""
B1,2457,10/11/2023 6:50,17.76,106.92,"","","",""
B1,2458,10/11/2023 6:55,17.8,89.88,"","","",""
B1,2459,10/11/2023 7:00,17.72,328,"","","",""
B1,2460,10/11/2023 7:05,17.72,376.8,"","","",""
B1,2461,10/11/2023 7:10,17.72,406.4,"","","",""
B1,2462,10/11/2023 7:15,17.67,496.48,"","","",""
B1,2463,10/11/2023 7:20,17.67,650.72,"","","",""
B1,2464,10/11/2023 7:25,17.72,913.28,"","","",""
B1,2465,10/11/2023 7:30,17.72,890.88,"","","",""
B1,2466,10/11/2023 7:35,17.8,723.84,"","","",""
B1,2467,10/11/2023 7:40,17.76,1016.96,"","","",""
B1,2468,10/11/2023 7:45,17.76,3811.84,"","","",""
B1,2469,10/11/2023 7:50,17.8,3087.36,"","","",""
B1,2470,10/11/2023 7:55,17.8,2291.2,"","","",""
B1,2471,10/11/2023 8:00,17.8,615.68,"","","",""
B1,2472,10/11/2023 8:05,17.84,4372.48,"","","",""
B1,2473,10/11/2023 8:10,17.84,3266.56,"","","",""
B1,2474,10/11/2023 8:15,17.84,4032,"","","",""
B1,2475,10/11/2023 8:20,17.89,2533.76,"","","",""
B1,2476,10/11/2023 8:25,17.89,7964.16,"","","",""
B1,2477,10/11/2023 8:30,17.93,4883.2,"","","",""
B1,2478,10/11/2023 8:35,17.93,6456.32,"","","",""
B1,2479,10/11/2023 8:40,17.93,3535.36,"","","",""
B1,2480,10/11/2023 8:45,17.93,3411.2,"","","",""
B1,2481,10/11/2023 8:50,17.97,4110.08,"","","",""
B1,2482,10/11/2023 8:55,17.97,6868.48,"","","",""
B1,2483,10/11/2023 9:00,18.02,7772.16,"","","",""
B1,2484,10/11/2023 9:05,18.02,4103.68,"","","",""
B1,2485,10/11/2023 9:10,18.02,4798.72,"","","",""
B1,2486,10/11/2023 9:15,17.97,7170.56,"","","",""
B1,2487,10/11/2023 9:20,18.1,10501.12,"","","",""
B1,2488,10/11/2023 9:25,18.1,7674.88,"","","",""
B1,2489,10/11/2023 9:30,18.1,6801.92,"","","",""
B1,2490,10/11/2023 9:35,18.1,15339.52,"","","",""
B1,2491,10/11/2023 9:40,18.19,5217.28,"","","",""
B1,2492,10/11/2023 9:45,18.23,6676.48,"","","",""
B1,2493,10/11/2023 9:50,18.32,1592.96,"","","",""
B1,2494,10/11/2023 9:55,18.36,6781.44,"","","",""
B1,2495,10/11/2023 10:00,18.4,16133.12,"","","",""
B1,2496,10/11/2023 10:05,18.49,8299.52,"","","",""
B1,2497,10/11/2023 10:10,18.49,9978.88,"","","",""
B1,2498,10/11/2023 10:15,18.66,19000.32,"","","",""
B1,2499,10/11/2023 10:20,18.62,7106.56,"","","",""
B1,2500,10/11/2023 10:25,18.74,32266.24,"","","",""
B1,2501,10/11/2023 10:30,18.74,3797.76,"","","",""
B1,2502,10/11/2023 10:35,18.83,9105.92,"","","",""
B1,2503,10/11/2023 10:40,19.05,2822.4,"","","",""
B1,2504,10/11/2023 10:45,19.13,18631.68,"","","",""
B1,2505,10/11/2023 10:50,19.13,35164.16,"","","",""
B1,2506,10/11/2023 10:55,19.22,18206.72,"","","",""
B1,2507,10/11/2023 11:00,19.35,29337.6,"","","",""
B1,2508,10/11/2023 11:05,19.52,41502.72,"","","",""
B1,2509,10/11/2023 11:10,19.69,39690.24,"","","",""
B1,2510,10/11/2023 11:15,19.9,35788.8,"","","",""
B1,2511,10/11/2023 11:20,20.16,68239.36,"","","",""
B1,2512,10/11/2023 11:25,20.42,40570.88,"","","",""
B1,2513,10/11/2023 11:30,20.5,36413.44,"","","",""
B1,2514,10/11/2023 11:35,21.23,22640.64,"","","",""
B1,2515,10/11/2023 11:40,20.98,40949.76,"","","",""
B1,2516,10/11/2023 11:45,21.4,53534.72,"","","",""
B1,2517,10/11/2023 11:50,21.96,83804.16,"","","",""
B1,2518,10/11/2023 11:55,22.22,21585.92,"","","",""
B1,2519,10/11/2023 12:00,22.43,34529.28,"","","",""
B1,2520,10/11/2023 12:05,23.12,84951.04,"","","",""
B1,2521,10/11/2023 12:10,23.64,85934.08,"","","",""
B1,2522,10/11/2023 12:15,24.15,85606.4,"","","",""
B1,2523,10/11/2023 12:20,24.11,55152.64,"","","",""
B1,2524,10/11/2023 12:25,23.94,31877.12,"","","",""
B1,2525,10/11/2023 12:30,24.62,84705.28,"","","",""
B1,2526,10/11/2023 12:35,25.35,88801.28,"","","",""
B1,2527,10/11/2023 12:40,25.22,85565.44,"","","",""
B1,2528,10/11/2023 12:45,25.69,71577.6,"","","",""
B1,2567,10/11/2023 16:00,23.64,40396.8,"","","",""
B1,2568,10/11/2023 16:05,24.06,51527.68,"","","",""
B1,2569,10/11/2023 16:10,23.51,22968.32,"","","",""
B1,2570,10/11/2023 16:15,23.42,52981.76,"","","",""
B1,2571,10/11/2023 16:20,23.16,52797.44,"","","",""
B1,2572,10/11/2023 16:25,22.39,27863.04,"","","",""
B1,2573,10/11/2023 16:30,22.05,14766.08,"","","",""
B1,2574,10/11/2023 16:35,22.31,44134.4,"","","",""
B1,2575,10/11/2023 16:40,21.96,43581.44,"","","",""
B1,2576,10/11/2023 16:45,21.83,36567.04,"","","",""
B1,2577,10/11/2023 16:50,21.4,34119.68,"","","",""
B1,2578,10/11/2023 16:55,21.02,33873.92,"","","",""
B1,2579,10/11/2023 17:00,20.98,27996.16,"","","",""
B1,2580,10/11/2023 17:05,19.95,3897.6,"","","",""
B1,2581,10/11/2023 17:10,19.82,4007.68,"","","",""
B1,2582,10/11/2023 17:15,19.77,1602.56,"","","",""
B1,2583,10/11/2023 17:20,19.73,3324.16,"","","",""
B1,2584,10/11/2023 17:25,19.65,1519.36,"","","",""
B1,2585,10/11/2023 17:30,19.56,3038.72,"","","",""
B1,2586,10/11/2023 17:35,19.52,2563.84,"","","",""
B1,2587,10/11/2023 17:40,19.47,1735.68,"","","",""
B1,2588,10/11/2023 17:45,19.47,1399.04,"","","",""
B1,2589,10/11/2023 17:50,19.43,1511.68,"","","",""
B1,2590,10/11/2023 17:55,19.39,1164.16,"","","",""
B1,2591,10/11/2023 18:00,19.35,230.72,"","","",""
B1,2592,10/11/2023 18:05,19.39,798.4,"","","",""
B1,2593,10/11/2023 18:10,19.3,961.92,"","","",""
B1,2594,10/11/2023 18:15,19.22,157.72,"","","",""
B1,2595,10/11/2023 18:20,19.17,182.48,"","","",""
B1,2596,10/11/2023 18:25,19.13,138.96,"","","",""
B1,2597,10/11/2023 18:30,19.09,54.24,"","","",""
B1,2598,10/11/2023 18:35,19,30.31,"","","",""
B1,2599,10/11/2023 18:40,19.05,5.98,"","","",""
B1,2600,10/11/2023 18:45,19.05,2.43,"","","",""
B1,2601,10/11/2023 18:50,18.96,0.22,"","","",""
B1,2602,10/11/2023 18:55,19.05,0,"","","",""
B1,2603,10/11/2023 19:00,18.96,0,"","","",""
B1,2604,10/11/2023 19:05,18.96,0,"","","",""
B1,2605,10/11/2023 19:10,18.87,0,"","","",""
B1,2606,10/11/2023 19:15,18.83,0,"","","",""
B1,2607,10/11/2023 19:20,18.79,0,"","","",""
B1,2608,10/11/2023 19:25,18.83,0,"","","",""
B1,2609,10/11/2023 19:30,18.79,0,"","","",""
B1,2610,10/11/2023 19:35,18.79,0,"","","",""
B1,2611,10/11/2023 19:40,18.79,0,"","","",""
B1,2612,10/11/2023 19:45,18.74,0,"","","",""
B1,2613,10/11/2023 19:50,18.7,0,"","","",""
B1,2614,10/11/2023 19:55,18.62,0,"","","",""
B1,2615,10/11/2023 20:00,18.53,0,"","","",""
B1,2616,10/11/2023 20:05,18.62,0,"","","",""
B1,2617,10/11/2023 20:10,18.62,0,"","","",""
B1,2618,10/11/2023 20:15,18.66,0,"","","",""
B1,2619,10/11/2023 20:20,18.53,0,"","","",""
B1,2620,10/11/2023 20:25,18.57,0,"","","",""
B1,2621,10/11/2023 20:30,18.62,0,"","","",""
B1,2622,10/11/2023 20:35,18.62,0,"","","",""
B1,2623,10/11/2023 20:40,18.62,0,"","","",""
B1,2624,10/11/2023 20:45,18.53,0,"","","",""
B1,2625,10/11/2023 20:50,18.62,0,"","","",""
B1,2626,10/11/2023 20:55,18.53,0,"","","",""
B1,2627,10/11/2023 21:00,18.66,0,"","","",""
B1,2628,10/11/2023 21:05,18.57,0,"","","",""
B1,2629,10/11/2023 21:10,18.57,0,"","","",""
B1,2630,10/11/2023 21:15,18.62,0,"","","",""
B1,2631,10/11/2023 21:20,18.36,0,"","","",""
B1,2632,10/11/2023 21:25,18.57,0,"","","",""
B1,2633,10/11/2023 21:30,18.57,0,"","","",""
B1,2634,10/11/2023 21:35,18.62,0,"","","",""
B1,2635,10/11/2023 21:40,18.62,0,"","","",""
B1,2636,10/11/2023 21:45,18.66,0,"","","",""
B1,2637,10/11/2023 21:50,18.66,0,"","","",""
B1,2638,10/11/2023 21:55,18.62,0,"","","",""
B1,2639,10/11/2023 22:00,18.57,0,"","","",""
B1,2640,10/11/2023 22:05,18.57,0,"","","",""
B1,2641,10/11/2023 22:10,18.62,0,"","","",""
B1,2642,10/11/2023 22:15,18.66,0,"","","",""
B1,2643,10/11/2023 22:20,18.62,0,"","","",""
B1,2644,10/11/2023 22:25,18.57,0,"","","",""
B1,2645,10/11/2023 22:30,18.57,0,"","","",""
B1,2646,10/11/2023 22:35,18.57,0,"","","",""
B1,2647,10/11/2023 22:40,18.62,0,"","","",""
B1,2648,10/11/2023 22:45,18.62,0,"","","",""
B1,2649,10/11/2023 22:50,18.57,0,"","","",""
B1,2650,10/11/2023 22:55,18.66,0,"","","",""
B1,2651,10/11/2023 23:00,18.62,0,"","","",""
B1,2652,10/11/2023 23:05,18.62,0,"","","",""
B1,2653,10/11/2023 23:10,18.57,0,"","","",""
B1,2654,10/11/2023 23:15,18.57,0,"","","",""
B1,2655,10/11/2023 23:20,18.57,0,"","","",""
B1,2656,10/11/2023 23:25,18.57,0,"","","",""
B1,2657,10/11/2023 23:30,18.49,0,"","","",""
B1,2658,10/11/2023 23:35,18.49,0,"","","",""
B1,2659,10/11/2023 23:40,18.4,0,"","","",""
B1,2660,10/11/2023 23:45,18.44,0,"","","",""
B1,2661,10/11/2023 23:50,18.4,0,"","","",""
B1,2662,10/11/2023 23:55,18.32,0,"","","",""
B1,2663,10/12/2023 0:00,18.36,0,"","","",""
B1,2725,10/12/2023 5:10,17.41,0,"","","",""
B1,2726,10/12/2023 5:15,17.59,0,"","","",""
B1,2727,10/12/2023 5:20,17.63,0,"","","",""
B1,2728,10/12/2023 5:25,17.67,0,"","","",""
B1,2729,10/12/2023 5:30,17.67,0,"","","",""
B1,2730,10/12/2023 5:35,17.76,0,"","","",""
B1,2731,10/12/2023 5:40,17.76,0,"","","",""
B1,2732,10/12/2023 5:45,17.8,0,"","","",""
B1,2733,10/12/2023 5:50,17.84,0,"","","",""
B1,2734,10/12/2023 5:55,17.8,0,"","","",""
B1,2735,10/12/2023 6:00,17.84,0,"","","",""
B1,2736,10/12/2023 6:05,17.84,0,"","","",""
B1,2737,10/12/2023 6:10,17.84,0,"","","",""
B1,2738,10/12/2023 6:15,17.8,0,"","","",""
B1,2739,10/12/2023 6:20,17.76,0,"","","",""
B1,2740,10/12/2023 6:25,17.72,0.22,"","","",""
B1,2741,10/12/2023 6:30,17.72,1.1,"","","",""
B1,2742,10/12/2023 6:35,17.72,3.1,"","","",""
B1,2743,10/12/2023 6:40,17.76,7.98,"","","",""
B1,2744,10/12/2023 6:45,17.67,56.14,"","","",""
B1,2745,10/12/2023 6:50,17.67,46.7,"","","",""
B1,2746,10/12/2023 6:55,17.72,211.2,"","","",""
B1,2747,10/12/2023 7:00,17.67,247.76,"","","",""
B1,2748,10/12/2023 7:05,17.63,246.88,"","","",""
B1,2749,10/12/2023 7:10,17.63,250.48,"","","",""
B1,2750,10/12/2023 7:15,17.67,683.52,"","","",""
B1,2751,10/12/2023 7:20,17.63,680,"","","",""
B1,2752,10/12/2023 7:25,17.67,539.04,"","","",""
B1,2753,10/12/2023 7:30,17.59,132.76,"","","",""
B1,2754,10/12/2023 7:35,17.63,1103.04,"","","",""
B1,2755,10/12/2023 7:40,17.63,872.32,"","","",""
B1,2756,10/12/2023 7:45,17.63,1927.68,"","","",""
B1,2757,10/12/2023 7:50,17.63,2032,"","","",""
B1,2758,10/12/2023 7:55,17.59,2351.36,"","","",""
B1,2759,10/12/2023 8:00,17.59,3577.6,"","","",""
B1,2760,10/12/2023 8:05,17.59,4035.84,"","","",""
B1,2761,10/12/2023 8:10,17.59,3982.08,"","","",""
B1,2762,10/12/2023 8:15,17.59,3667.2,"","","",""
B1,2763,10/12/2023 8:20,17.59,5457.92,"","","",""
B1,2764,10/12/2023 8:25,17.59,413.28,"","","",""
B1,2765,10/12/2023 8:30,17.59,1788.8,"","","",""
B1,2766,10/12/2023 8:35,17.59,4723.2,"","","",""
B1,2767,10/12/2023 8:40,17.63,2973.44,"","","",""
B1,2768,10/12/2023 8:45,17.63,3119.36,"","","",""
B1,2769,10/12/2023 8:50,17.63,6277.12,"","","",""
B1,2770,10/12/2023 8:55,17.72,7467.52,"","","",""
B1,2771,10/12/2023 9:00,17.67,5578.24,"","","",""
B1,2772,10/12/2023 9:05,17.63,3511.04,"","","",""
B1,2773,10/12/2023 9:10,17.67,10334.72,"","","",""
B1,2774,10/12/2023 9:15,17.72,7016.96,"","","",""
B1,2775,10/12/2023 9:20,17.76,455.2,"","","",""
B1,2776,10/12/2023 9:25,17.8,10961.92,"","","",""
B1,2777,10/12/2023 9:30,17.76,9610.24,"","","",""
B1,2778,10/12/2023 9:35,17.8,9313.28,"","","",""
B1,2779,10/12/2023 9:40,17.89,11069.44,"","","",""
B1,2780,10/12/2023 9:45,17.93,1447.68,"","","",""
B1,2781,10/12/2023 9:50,17.89,22108.16,"","","",""
B1,2782,10/12/2023 9:55,17.89,7088.64,"","","",""
B1,2783,10/12/2023 10:00,17.93,9041.92,"","","",""
B1,2784,10/12/2023 10:05,18.02,12866.56,"","","",""
B1,2785,10/12/2023 10:10,18.06,12134.4,"","","",""
B1,2786,10/12/2023 10:15,18.02,13291.52,"","","",""
B1,2787,10/12/2023 10:20,18.06,5000.96,"","","",""
B1,2788,10/12/2023 10:25,18.23,684.48,"","","",""
B1,2789,10/12/2023 10:30,18.23,13240.32,"","","",""
B1,2790,10/12/2023 10:35,18.23,4759.04,"","","",""
B1,2791,10/12/2023 10:40,18.27,7426.56,"","","",""
B1,2792,10/12/2023 10:45,18.36,25323.52,"","","",""
B1,2793,10/12/2023 10:50,18.4,33208.32,"","","",""
B1,2794,10/12/2023 10:55,18.44,19727.36,"","","",""
B1,2795,10/12/2023 11:00,18.49,10654.72,"","","",""
B1,2796,10/12/2023 11:05,18.66,27996.16,"","","",""
B1,2797,10/12/2023 11:10,18.92,5217.28,"","","",""
B1,2798,10/12/2023 11:15,18.87,40499.2,"","","",""
B1,2799,10/12/2023 11:20,18.87,23111.68,"","","",""
B1,2800,10/12/2023 11:25,19.17,4833.28,"","","",""
B1,2801,10/12/2023 11:30,19.26,63324.16,"","","",""
B1,2802,10/12/2023 11:35,19.26,42414.08,"","","",""
B1,2803,10/12/2023 11:40,20.29,12451.84,"","","",""
B1,2804,10/12/2023 11:45,19.65,31928.32,"","","",""
B1,2805,10/12/2023 11:50,20.68,6095.36,"","","",""
B1,2806,10/12/2023 11:55,20.85,18119.68,"","","",""
B1,2807,10/12/2023 12:00,21.15,84377.6,"","","",""
B1,2808,10/12/2023 12:05,21.45,61870.08,"","","",""
B1,2809,10/12/2023 12:10,21.92,84131.84,"","","",""
B1,2810,10/12/2023 12:15,22.78,84008.96,"","","",""
B1,2811,10/12/2023 12:20,23.29,84336.64,"","","",""
B1,2812,10/12/2023 12:25,22.99,66273.28,"","","",""
B1,2813,10/12/2023 12:30,23.76,83804.16,"","","",""
B1,2814,10/12/2023 12:35,23.34,81571.84,"","","",""
B1,2815,10/12/2023 12:40,24.19,84295.68,"","","",""
B1,2816,10/12/2023 12:45,25.74,82984.96,"","","",""
B1,2868,10/12/2023 17:05,19.73,8396.8,"","","",""
B1,2869,10/12/2023 17:10,19.47,7859.2,"","","",""
B1,2870,10/12/2023 17:15,19.43,7334.4,"","","",""
B1,2871,10/12/2023 17:20,19.3,2581.76,"","","",""
B1,2872,10/12/2023 17:25,19.26,6238.72,"","","",""
B1,2873,10/12/2023 17:30,19.17,1854.72,"","","",""
B1,2874,10/12/2023 17:35,19.09,4925.44,"","","",""
B1,2875,10/12/2023 17:40,19,3406.08,"","","",""
B1,2876,10/12/2023 17:45,19.05,4320,"","","",""
B1,2877,10/12/2023 17:50,19.05,3883.52,"","","",""
B1,2878,10/12/2023 17:55,19.05,1293.44,"","","",""
B1,2879,10/12/2023 18:00,19,1265.28,"","","",""
B1,2880,10/12/2023 18:05,18.96,686.08,"","","",""
B1,2881,10/12/2023 18:10,18.92,876.8,"","","",""
B1,2882,10/12/2023 18:15,18.92,527.52,"","","",""
B1,2883,10/12/2023 18:20,18.92,329.92,"","","",""
B1,2884,10/12/2023 18:25,18.87,110.48,"","","",""
B1,2885,10/12/2023 18:30,18.87,56.46,"","","",""
B1,2886,10/12/2023 18:35,18.92,14.4,"","","",""
B1,2887,10/12/2023 18:40,18.87,4.43,"","","",""
B1,2888,10/12/2023 18:45,18.83,1.99,"","","",""
B1,2889,10/12/2023 18:50,18.83,0,"","","",""
B1,2890,10/12/2023 18:55,18.83,0,"","","",""
B1,2891,10/12/2023 19:00,18.83,0,"","","",""
B1,2892,10/12/2023 19:05,18.83,0,"","","",""
B1,2893,10/12/2023 19:10,18.79,0,"","","",""
B1,2894,10/12/2023 19:15,18.74,0,"","","",""
B1,2895,10/12/2023 19:20,18.74,0,"","","",""
B1,2896,10/12/2023 19:25,18.79,0,"","","",""
B1,2897,10/12/2023 19:30,18.79,0,"","","",""
B1,2898,10/12/2023 19:35,18.74,0,"","","",""
B1,2899,10/12/2023 19:40,18.74,0,"","","",""
B1,2900,10/12/2023 19:45,18.7,0,"","","",""
B1,2901,10/12/2023 19:50,18.74,0,"","","",""
B1,2902,10/12/2023 19:55,18.66,0,"","","",""
B1,2903,10/12/2023 20:00,18.7,0,"","","",""
B1,2904,10/12/2023 20:05,18.66,0,"","","",""
B1,2905,10/12/2023 20:10,18.7,0,"","","",""
B1,2906,10/12/2023 20:15,18.66,0,"","","",""
B1,2907,10/12/2023 20:20,18.66,0,"","","",""
B1,2908,10/12/2023 20:25,18.66,0,"","","",""
B1,2909,10/12/2023 20:30,18.66,0,"","","",""
B1,2910,10/12/2023 20:35,18.62,0,"","","",""
B1,2911,10/12/2023 20:40,18.62,0,"","","",""
B1,2912,10/12/2023 20:45,18.62,0,"","","",""
B1,2913,10/12/2023 20:50,18.62,0,"","","",""
B1,2914,10/12/2023 20:55,18.62,0,"","","",""
B1,2915,10/12/2023 21:00,18.66,0,"","","",""
B1,2916,10/12/2023 21:05,18.66,0,"","","",""
B1,2917,10/12/2023 21:10,18.62,0,"","","",""
B1,2918,10/12/2023 21:15,18.57,0,"","","",""
B1,2919,10/12/2023 21:20,18.62,0,"","","",""
B1,2920,10/12/2023 21:25,18.53,0,"","","",""
B1,2921,10/12/2023 21:30,18.57,0,"","","",""
B1,2922,10/12/2023 21:35,18.53,0,"","","",""
B1,2923,10/12/2023 21:40,18.62,0,"","","",""
B1,2924,10/12/2023 21:45,18.57,0,"","","",""
B1,2925,10/12/2023 21:50,18.62,0,"","","",""
B1,2926,10/12/2023 21:55,18.57,0,"","","",""
B1,2927,10/12/2023 22:00,18.53,0,"","","",""
B1,2928,10/12/2023 22:05,18.53,0,"","","",""
B1,2929,10/12/2023 22:10,18.53,0,"","","",""
B1,2930,10/12/2023 22:15,18.57,0,"","","",""
B1,2931,10/12/2023 22:20,18.53,0,"","","",""
B1,2932,10/12/2023 22:25,18.62,0,"","","",""
B1,2933,10/12/2023 22:30,18.53,0,"","","",""
B1,2934,10/12/2023 22:35,18.53,0,"","","",""
B1,2935,10/12/2023 22:40,18.49,0,"","","",""
B1,2936,10/12/2023 22:45,18.53,0,"","","",""
B1,2937,10/12/2023 22:50,18.49,0,"","","",""
B1,2938,10/12/2023 22:55,18.57,0,"","","",""
B1,2939,10/12/2023 23:00,18.53,0,"","","",""
B1,2940,10/12/2023 23:05,18.57,0,"","","",""
B1,2941,10/12/2023 23:10,18.49,0,"","","",""
B1,2942,10/12/2023 23:15,18.53,0,"","","",""
B1,2943,10/12/2023 23:20,18.53,0,"","","",""
B1,2944,10/12/2023 23:25,18.53,0,"","","",""
B1,2945,10/12/2023 23:30,18.53,0,"","","",""
B1,2946,10/12/2023 23:35,18.57,0,"","","",""
B1,2947,10/12/2023 23:40,18.57,0,"","","",""
B1,2948,10/12/2023 23:45,18.57,0,"","","",""
B1,2949,10/12/2023 23:50,18.53,0,"","","",""
B1,2950,10/12/2023 23:55,18.49,0,"","","",""
B1,2951,10/13/2023 0:00,18.49,0,"","","",""
B1,2952,10/13/2023 0:05,18.53,0,"","","",""
B1,2953,10/13/2023 0:10,18.49,0,"","","",""
B1,2954,10/13/2023 0:15,18.44,0,"","","",""
B1,2955,10/13/2023 0:20,18.44,0,"","","",""
B1,2956,10/13/2023 0:25,18.36,0,"","","",""
B1,3017,10/13/2023 5:30,17.97,0,"","","",""
B1,3018,10/13/2023 5:35,18.02,0,"","","",""
B1,3019,10/13/2023 5:40,17.97,0,"","","",""
B1,3020,10/13/2023 5:45,18.06,0,"","","",""
B1,3021,10/13/2023 5:50,18.1,0,"","","",""
B1,3022,10/13/2023 5:55,18.1,0,"","","",""
B1,3023,10/13/2023 6:00,18.1,0,"","","",""
B1,3024,10/13/2023 6:05,18.14,0,"","","",""
B1,3025,10/13/2023 6:10,18.1,0,"","","",""
B1,3026,10/13/2023 6:15,18.19,0,"","","",""
B1,3027,10/13/2023 6:20,18.14,0,"","","",""
B1,3028,10/13/2023 6:25,18.19,0,"","","",""
B1,3029,10/13/2023 6:30,18.19,2.43,"","","",""
B1,3030,10/13/2023 6:35,18.14,9.75,"","","",""
B1,3031,10/13/2023 6:40,18.1,12.66,"","","",""
B1,3032,10/13/2023 6:45,18.14,74.92,"","","",""
B1,3033,10/13/2023 6:50,18.06,45.32,"","","",""
B1,3034,10/13/2023 6:55,18.1,399.68,"","","",""
B1,3035,10/13/2023 7:00,18.1,222.72,"","","",""
B1,3036,10/13/2023 7:05,18.1,43.1,"","","",""
B1,3037,10/13/2023 7:10,18.06,532.8,"","","",""
B1,3038,10/13/2023 7:15,17.97,603.36,"","","",""
B1,3039,10/13/2023 7:20,18.02,1307.84,"","","",""
B1,3040,10/13/2023 7:25,18.02,2128,"","","",""
B1,3041,10/13/2023 7:30,17.97,225.6,"","","",""
B1,3042,10/13/2023 7:35,17.93,2076.16,"","","",""
B1,3043,10/13/2023 7:40,17.97,2202.24,"","","",""
B1,3044,10/13/2023 7:45,17.93,1424,"","","",""
B1,3045,10/13/2023 7:50,17.97,1895.68,"","","",""
B1,3046,10/13/2023 7:55,18.02,1298.88,"","","",""
B1,3047,10/13/2023 8:00,17.93,480.32,"","","",""
B1,3048,10/13/2023 8:05,17.93,1751.68,"","","",""
B1,3049,10/13/2023 8:10,18.02,2572.8,"","","",""
B1,3050,10/13/2023 8:15,17.97,1758.72,"","","",""
B1,3051,10/13/2023 8:20,18.02,4163.84,"","","",""
B1,3052,10/13/2023 8:25,18.02,6021.12,"","","",""
B1,3053,10/13/2023 8:30,17.97,4241.92,"","","",""
B1,3054,10/13/2023 8:35,18.02,5011.2,"","","",""
B1,3055,10/13/2023 8:40,18.14,9958.4,"","","",""
B1,3056,10/13/2023 8:45,18.14,7339.52,"","","",""
B1,3057,10/13/2023 8:50,18.06,6983.68,"","","",""
B1,3058,10/13/2023 8:55,18.1,3695.36,"","","",""
B1,3059,10/13/2023 9:00,18.14,10467.84,"","","",""
B1,3060,10/13/2023 9:05,18.23,4258.56,"","","",""
B1,3061,10/13/2023 9:10,18.1,5061.12,"","","",""
B1,3062,10/13/2023 9:15,18.1,11530.24,"","","",""
B1,3063,10/13/2023 9:20,18.14,12902.4,"","","",""
B1,3064,10/13/2023 9:25,18.19,10058.24,"","","",""
B1,3065,10/13/2023 9:30,18.23,5498.88,"","","",""
B1,3066,10/13/2023 9:35,18.19,7467.52,"","","",""
B1,3067,10/13/2023 9:40,18.32,22804.48,"","","",""
B1,3068,10/13/2023 9:45,18.4,12672,"","","",""
B1,3069,10/13/2023 9:50,18.44,8980.48,"","","",""
B1,3070,10/13/2023 9:55,18.36,9136.64,"","","",""
B1,3071,10/13/2023 10:00,18.53,9886.72,"","","",""
B1,3072,10/13/2023 10:05,18.57,15037.44,"","","",""
B1,3073,10/13/2023 10:10,18.49,5918.72,"","","",""
B1,3074,10/13/2023 10:15,18.66,21770.24,"","","",""
B1,3075,10/13/2023 10:20,18.49,12743.68,"","","",""
B1,3076,10/13/2023 10:25,18.49,6177.28,"","","",""
B1,3077,10/13/2023 10:30,18.7,18524.16,"","","",""
B1,3078,10/13/2023 10:35,18.83,23029.76,"","","",""
B1,3079,10/13/2023 10:40,18.83,20300.8,"","","",""
B1,3080,10/13/2023 10:45,18.96,34498.56,"","","",""
B1,3081,10/13/2023 10:50,19.13,30402.56,"","","",""
B1,3082,10/13/2023 10:55,19.26,52572.16,"","","",""
B1,3083,10/13/2023 11:00,19.26,41789.44,"","","",""
B1,3084,10/13/2023 11:05,19.26,36290.56,"","","",""
B1,3085,10/13/2023 11:10,19.26,24555.52,"","","",""
B1,3086,10/13/2023 11:15,19.39,27330.56,"","","",""
B1,3087,10/13/2023 11:20,19.39,37345.28,"","","",""
B1,3088,10/13/2023 11:25,19.52,1077.12,"","","",""
B1,3089,10/13/2023 11:30,19.56,13793.28,"","","",""
B1,3090,10/13/2023 11:35,19.56,17786.88,"","","",""
B1,3091,10/13/2023 11:40,19.9,31211.52,"","","",""
B1,3092,10/13/2023 11:45,20.29,5734.4,"","","",""
B1,3093,10/13/2023 11:50,20.12,33382.4,"","","",""
B1,3094,10/13/2023 11:55,20.89,80998.4,"","","",""
B1,3095,10/13/2023 12:00,21.36,78049.28,"","","",""
B1,3096,10/13/2023 12:05,20.76,65617.92,"","","",""
B1,3097,10/13/2023 12:10,21.36,37672.96,"","","",""
B1,3098,10/13/2023 12:15,22.05,7354.88,"","","",""
B1,3099,10/13/2023 12:20,22.22,41205.76,"","","",""
B1,3100,10/13/2023 12:25,22.52,67399.68,"","","",""
B1,3101,10/13/2023 12:30,22.99,76492.8,"","","",""
B1,3102,10/13/2023 12:35,23.64,86466.56,"","","",""
B1,3103,10/13/2023 12:40,23.16,27289.6,"","","",""
B1,3104,10/13/2023 12:45,22.86,46755.84,"","","",""
B1,3105,10/13/2023 12:50,25.48,97607.68,"","","",""
B1,3167,10/13/2023 18:00,19.47,2659.84,"","","",""
B1,3168,10/13/2023 18:05,19.52,2275.2,"","","",""
B1,3169,10/13/2023 18:10,19.47,1666.56,"","","",""
B1,3170,10/13/2023 18:15,19.52,1152.64,"","","",""
B1,3171,10/13/2023 18:20,19.56,702.72,"","","",""
B1,3172,10/13/2023 18:25,19.56,261.28,"","","",""
B1,3173,10/13/2023 18:30,19.65,92.64,"","","",""
B1,3174,10/13/2023 18:35,19.6,23.13,"","","",""
B1,3175,10/13/2023 18:40,19.52,5.54,"","","",""
B1,3176,10/13/2023 18:45,19.6,1.99,"","","",""
B1,3177,10/13/2023 18:50,19.6,0.66,"","","",""
B1,3178,10/13/2023 18:55,19.6,0,"","","",""
B1,3179,10/13/2023 19:00,19.6,0,"","","",""
B1,3180,10/13/2023 19:05,19.6,0,"","","",""
B1,3181,10/13/2023 19:10,19.65,0,"","","",""
B1,3182,10/13/2023 19:15,19.6,0,"","","",""
B1,3183,10/13/2023 19:20,19.6,0,"","","",""
B1,3184,10/13/2023 19:25,19.56,0,"","","",""
B1,3185,10/13/2023 19:30,19.56,0,"","","",""
B1,3186,10/13/2023 19:35,19.56,0,"","","",""
B1,3187,10/13/2023 19:40,19.56,0,"","","",""
B1,3188,10/13/2023 19:45,19.56,0,"","","",""
B1,3189,10/13/2023 19:50,19.56,0,"","","",""
B1,3190,10/13/2023 19:55,19.56,0,"","","",""
B1,3191,10/13/2023 20:00,19.52,0,"","","",""
B1,3192,10/13/2023 20:05,19.52,0,"","","",""
B1,3193,10/13/2023 20:10,19.52,0,"","","",""
B1,3194,10/13/2023 20:15,19.52,0,"","","",""
B1,3195,10/13/2023 20:20,19.47,0,"","","",""
B1,3196,10/13/2023 20:25,19.43,0,"","","",""
B1,3197,10/13/2023 20:30,19.43,0,"","","",""
B1,3198,10/13/2023 20:35,19.39,0,"","","",""
B1,3199,10/13/2023 20:40,19.35,0,"","","",""
B1,3200,10/13/2023 20:45,19.35,0,"","","",""
B1,3201,10/13/2023 20:50,19.35,0,"","","",""
B1,3202,10/13/2023 20:55,19.26,0,"","","",""
B1,3203,10/13/2023 21:00,19.39,0,"","","",""
B1,3204,10/13/2023 21:05,19.3,0,"","","",""
B1,3205,10/13/2023 21:10,19.13,0,"","","",""
B1,3206,10/13/2023 21:15,19.22,0,"","","",""
B1,3207,10/13/2023 21:20,19.17,0,"","","",""
B1,3208,10/13/2023 21:25,19.22,0,"","","",""
B1,3209,10/13/2023 21:30,19.05,0,"","","",""
B1,3210,10/13/2023 21:35,19.17,0,"","","",""
B1,3211,10/13/2023 21:40,19.13,0,"","","",""
B1,3212,10/13/2023 21:45,18.96,0,"","","",""
B1,3213,10/13/2023 21:50,18.96,0,"","","",""
B1,3214,10/13/2023 21:55,18.96,0,"","","",""
B1,3215,10/13/2023 22:00,18.92,0,"","","",""
B1,3216,10/13/2023 22:05,18.83,0,"","","",""
B1,3217,10/13/2023 22:10,18.96,0,"","","",""
B1,3218,10/13/2023 22:15,18.87,0,"","","",""
B1,3219,10/13/2023 22:20,18.79,0,"","","",""
B1,3220,10/13/2023 22:25,18.7,0,"","","",""
B1,3221,10/13/2023 22:30,18.66,0,"","","",""
B1,3222,10/13/2023 22:35,18.74,0,"","","",""
B1,3223,10/13/2023 22:40,18.7,0,"","","",""
B1,3224,10/13/2023 22:45,18.66,0,"","","",""
B1,3225,10/13/2023 22:50,18.74,0,"","","",""
B1,3226,10/13/2023 22:55,18.79,0,"","","",""
B1,3227,10/13/2023 23:00,18.66,0,"","","",""
B1,3228,10/13/2023 23:05,18.66,0,"","","",""
B1,3229,10/13/2023 23:10,18.79,0,"","","",""
B1,3230,10/13/2023 23:15,18.7,0,"","","",""
B1,3231,10/13/2023 23:20,18.66,0,"","","",""
B1,3232,10/13/2023 23:25,18.66,0,"","","",""
B1,3233,10/13/2023 23:30,18.62,0,"","","",""
B1,3234,10/13/2023 23:35,18.62,0,"","","",""
B1,3235,10/13/2023 23:40,18.62,0,"","","",""
B1,3236,10/13/2023 23:45,18.62,0,"","","",""
B1,3237,10/13/2023 23:50,18.66,0,"","","",""
B1,3238,10/13/2023 23:55,18.74,0,"","","",""
B1,3239,10/14/2023 0:00,18.66,0,"","","",""
B1,3240,10/14/2023 0:05,18.62,0,"","","",""
B1,3241,10/14/2023 0:10,18.62,0,"","","",""
B1,3242,10/14/2023 0:15,18.66,0,"","","",""
B1,3243,10/14/2023 0:20,18.62,0,"","","",""
B1,3244,10/14/2023 0:25,18.57,0,"","","",""
B1,3245,10/14/2023 0:30,18.57,0,"","","",""
B1,3246,10/14/2023 0:35,18.53,0,"","","",""
B1,3247,10/14/2023 0:40,18.49,0,"","","",""
B1,3248,10/14/2023 0:45,18.4,0,"","","",""
B1,3307,10/14/2023 5:40,18.02,0,"","","",""
B1,3308,10/14/2023 5:45,17.97,0,"","","",""
B1,3309,10/14/2023 5:50,18.1,0,"","","",""
B1,3310,10/14/2023 5:55,18.06,0,"","","",""
B1,3311,10/14/2023 6:00,18.1,0,"","","",""
B1,3312,10/14/2023 6:05,18.14,0,"","","",""
B1,3313,10/14/2023 6:10,18.14,0,"","","",""
B1,3314,10/14/2023 6:15,18.14,0,"","","",""
B1,3315,10/14/2023 6:20,18.19,0,"","","",""
B1,3316,10/14/2023 6:25,18.19,0.22,"","","",""
B1,3317,10/14/2023 6:30,18.19,1.77,"","","",""
B1,3318,10/14/2023 6:35,18.19,1.1,"","","",""
B1,3319,10/14/2023 6:40,18.23,21.55,"","","",""
B1,3320,10/14/2023 6:45,18.14,48.54,"","","",""
B1,3321,10/14/2023 6:50,18.19,59.74,"","","",""
B1,3322,10/14/2023 6:55,18.19,197.92,"","","",""
B1,3323,10/14/2023 7:00,18.19,207.68,"","","",""
B1,3324,10/14/2023 7:05,18.23,131,"","","",""
B1,3325,10/14/2023 7:10,18.23,688,"","","",""
B1,3326,10/14/2023 7:15,18.19,854.72,"","","",""
B1,3327,10/14/2023 7:20,18.19,1114.56,"","","",""
B1,3328,10/14/2023 7:25,18.23,108.6,"","","",""
B1,3329,10/14/2023 7:30,18.19,873.28,"","","",""
B1,3330,10/14/2023 7:35,18.19,2789.12,"","","",""
B1,3331,10/14/2023 7:40,18.14,3473.92,"","","",""
B1,3332,10/14/2023 7:45,18.23,55.14,"","","",""
B1,3333,10/14/2023 7:50,18.19,1403.52,"","","",""
B1,3334,10/14/2023 7:55,18.19,3087.36,"","","",""
B1,3335,10/14/2023 8:00,18.19,300.32,"","","",""
B1,3336,10/14/2023 8:05,18.19,1240.32,"","","",""
B1,3337,10/14/2023 8:10,18.19,2794.24,"","","",""
B1,3338,10/14/2023 8:15,18.27,6302.72,"","","",""
B1,3339,10/14/2023 8:20,18.23,5373.44,"","","",""
B1,3340,10/14/2023 8:25,18.23,2399.36,"","","",""
B1,3341,10/14/2023 8:30,18.23,4570.88,"","","",""
B1,3342,10/14/2023 8:35,18.19,3809.28,"","","",""
B1,3343,10/14/2023 8:40,18.19,4288,"","","",""
B1,3344,10/14/2023 8:45,18.19,4053.76,"","","",""
B1,3345,10/14/2023 8:50,18.19,1396.48,"","","",""
B1,3346,10/14/2023 8:55,18.19,3607.04,"","","",""
B1,3347,10/14/2023 9:00,18.19,3507.2,"","","",""
B1,3348,10/14/2023 9:05,18.14,2425.6,"","","",""
B1,3349,10/14/2023 9:10,18.14,3939.84,"","","",""
B1,3350,10/14/2023 9:15,18.1,4983.04,"","","",""
B1,3351,10/14/2023 9:20,18.1,2537.6,"","","",""
B1,3352,10/14/2023 9:25,18.06,671.68,"","","",""
B1,3353,10/14/2023 9:30,18.02,5652.48,"","","",""
B1,3354,10/14/2023 9:35,18.1,8248.32,"","","",""
B1,3355,10/14/2023 9:40,18.1,3918.08,"","","",""
B1,3356,10/14/2023 9:45,18.1,8624.64,"","","",""
B1,3357,10/14/2023 9:50,18.14,8576,"","","",""
B1,3358,10/14/2023 9:55,18.19,11264,"","","",""
B1,3359,10/14/2023 10:00,18.19,11576.32,"","","",""
B1,3360,10/14/2023 10:05,18.32,11770.88,"","","",""
B1,3361,10/14/2023 10:10,18.32,15498.24,"","","",""
B1,3362,10/14/2023 10:15,18.4,13004.8,"","","",""
B1,3363,10/14/2023 10:20,18.53,23357.44,"","","",""
B1,3364,10/14/2023 10:25,18.62,31303.68,"","","",""
B1,3365,10/14/2023 10:30,18.62,21698.56,"","","",""
B1,3366,10/14/2023 10:35,18.7,37232.64,"","","",""
B1,3367,10/14/2023 10:40,18.74,1142.08,"","","",""
B1,3368,10/14/2023 10:45,18.79,54292.48,"","","",""
B1,3369,10/14/2023 10:50,18.83,29020.16,"","","",""
B1,3370,10/14/2023 10:55,18.96,54517.76,"","","",""
B1,3371,10/14/2023 11:00,18.96,32614.4,"","","",""
B1,3372,10/14/2023 11:05,18.87,28139.52,"","","",""
B1,3373,10/14/2023 11:10,19.09,51281.92,"","","",""
B1,3374,10/14/2023 11:15,19.22,36485.12,"","","",""
B1,3375,10/14/2023 11:20,19,17822.72,"","","",""
B1,3376,10/14/2023 11:25,19.22,42250.24,"","","",""
B1,3377,10/14/2023 11:30,19.13,4464.64,"","","",""
B1,3378,10/14/2023 11:35,19.26,22865.92,"","","",""
B1,3379,10/14/2023 11:40,19.39,22579.2,"","","",""
B1,3380,10/14/2023 11:45,19.65,27361.28,"","","",""
B1,3381,10/14/2023 11:50,19.69,64491.52,"","","",""
B1,3382,10/14/2023 11:55,19.82,29573.12,"","","",""
B1,3383,10/14/2023 12:00,19.86,54865.92,"","","",""
B1,3384,10/14/2023 12:05,19.95,43806.72,"","","",""
B1,3385,10/14/2023 12:10,20.03,24627.2,"","","",""
B1,3386,10/14/2023 12:15,20.89,45383.68,"","","",""
B1,3387,10/14/2023 12:20,20.72,35266.56,"","","",""
B1,3388,10/14/2023 12:25,21.88,55214.08,"","","",""
B1,3389,10/14/2023 12:30,21.45,36474.88,"","","",""
B1,3390,10/14/2023 12:35,21.83,68341.76,"","","",""
B1,3391,10/14/2023 12:40,22.52,58920.96,"","","",""
B1,3392,10/14/2023 12:45,23.46,51036.16,"","","",""
B1,3393,10/14/2023 12:50,23.72,82329.6,"","","",""
B1,3394,10/14/2023 12:55,23.55,60170.24,"","","",""
B1,3395,10/14/2023 13:00,23.98,73175.04,"","","",""
B1,3465,10/14/2023 18:50,18.62,1.1,"","","",""
B1,3466,10/14/2023 18:55,18.57,0.22,"","","",""
B1,3467,10/14/2023 19:00,18.4,0,"","","",""
B1,3468,10/14/2023 19:05,18.62,0,"","","",""
B1,3469,10/14/2023 19:10,18.66,0,"","","",""
B1,3470,10/14/2023 19:15,18.7,0,"","","",""
B1,3471,10/14/2023 19:20,18.74,0,"","","",""
B1,3472,10/14/2023 19:25,18.79,0,"","","",""
B1,3473,10/14/2023 19:30,18.83,0,"","","",""
B1,3474,10/14/2023 19:35,18.79,0,"","","",""
B1,3475,10/14/2023 19:40,18.79,0,"","","",""
B1,3476,10/14/2023 19:45,18.79,0,"","","",""
B1,3477,10/14/2023 19:50,18.79,0,"","","",""
B1,3478,10/14/2023 19:55,18.7,0,"","","",""
B1,3479,10/14/2023 20:00,18.74,0,"","","",""
B1,3480,10/14/2023 20:05,18.79,0,"","","",""
B1,3481,10/14/2023 20:10,18.7,0,"","","",""
B1,3482,10/14/2023 20:15,18.62,0,"","","",""
B1,3483,10/14/2023 20:20,18.57,0,"","","",""
B1,3484,10/14/2023 20:25,18.57,0,"","","",""
B1,3485,10/14/2023 20:30,18.53,0,"","","",""
B1,3486,10/14/2023 20:35,18.36,0,"","","",""
B1,3487,10/14/2023 20:40,18.36,0,"","","",""
B1,3488,10/14/2023 20:45,18.36,0,"","","",""
B1,3489,10/14/2023 20:50,18.36,0,"","","",""
B1,3490,10/14/2023 20:55,18.23,0,"","","",""
B1,3491,10/14/2023 21:00,18.14,0,"","","",""
B1,3492,10/14/2023 21:05,18.06,0,"","","",""
B1,3493,10/14/2023 21:10,17.89,0,"","","",""
B1,3494,10/14/2023 21:15,18.06,0,"","","",""
B1,3495,10/14/2023 21:20,17.97,0,"","","",""
B1,3496,10/14/2023 21:25,18.02,0,"","","",""
B1,3497,10/14/2023 21:30,17.97,0,"","","",""
B1,3498,10/14/2023 21:35,17.97,0,"","","",""
B1,3499,10/14/2023 21:40,17.72,0,"","","",""
B1,3500,10/14/2023 21:45,17.84,0,"","","",""
B1,3501,10/14/2023 21:50,17.63,0,"","","",""
B1,3502,10/14/2023 21:55,17.8,0,"","","",""
B1,3503,10/14/2023 22:00,17.76,0,"","","",""
B1,3504,10/14/2023 22:05,17.46,0,"","","",""
B1,3505,10/14/2023 22:10,17.8,0,"","","",""
B1,3506,10/14/2023 22:15,17.8,0,"","","",""
B1,3507,10/14/2023 22:20,17.89,0,"","","",""
B1,3508,10/14/2023 22:25,17.89,0,"","","",""
B1,3509,10/14/2023 22:30,17.54,0,"","","",""
B1,3510,10/14/2023 22:35,17.67,0,"","","",""
B1,3511,10/14/2023 22:40,17.8,0,"","","",""
B1,3512,10/14/2023 22:45,17.59,0,"","","",""
B1,3513,10/14/2023 22:50,17.54,0,"","","",""
B1,3514,10/14/2023 22:55,17.41,0,"","","",""
B1,3515,10/14/2023 23:00,17.54,0,"","","",""
B1,3516,10/14/2023 23:05,17.59,0,"","","",""
B1,3517,10/14/2023 23:10,17.59,0,"","","",""
B1,3518,10/14/2023 23:15,17.29,0,"","","",""
B1,3519,10/14/2023 23:20,17.16,0,"","","",""
B1,3520,10/14/2023 23:25,17.07,0,"","","",""
B1,3521,10/14/2023 23:30,17.03,0,"","","",""
B1,3522,10/14/2023 23:35,17.11,0,"","","",""
B1,3523,10/14/2023 23:40,16.99,0,"","","",""
B1,3524,10/14/2023 23:45,17.07,0,"","","",""
B1,3525,10/14/2023 23:50,17.16,0,"","","",""
B1,3526,10/14/2023 23:55,17.2,0,"","","",""
B1,3527,10/15/2023 0:00,17.2,0,"","","",""
B1,3528,10/15/2023 0:05,17.2,0,"","","",""
B1,3529,10/15/2023 0:10,17.16,0,"","","",""
B1,3530,10/15/2023 0:15,17.16,0,"","","",""
B1,3531,10/15/2023 0:20,17.11,0,"","","",""
B1,3532,10/15/2023 0:25,17.11,0,"","","",""
B1,3533,10/15/2023 0:30,17.16,0,"","","",""
B1,3534,10/15/2023 0:35,17.16,0,"","","",""
B1,3535,10/15/2023 0:40,17.11,0,"","","",""
B1,3536,10/15/2023 0:45,17.03,0,"","","",""
B1,3537,10/15/2023 0:50,17.07,0,"","","",""
B1,3538,10/15/2023 0:55,17.07,0,"","","",""
B1,3539,10/15/2023 1:00,17.07,0,"","","",""
B1,3540,10/15/2023 1:05,17.03,0,"","","",""
B1,3541,10/15/2023 1:10,17.07,0,"","","",""
B1,3542,10/15/2023 1:15,17.03,0,"","","",""
B1,3543,10/15/2023 1:20,16.94,0,"","","",""
B1,3597,10/15/2023 5:50,16.99,0,"","","",""
B1,3598,10/15/2023 5:55,17.03,0,"","","",""
B1,3599,10/15/2023 6:00,17.03,0.22,"","","",""
B1,3600,10/15/2023 6:05,16.94,0,"","","",""
B1,3601,10/15/2023 6:10,17.11,0,"","","",""
B1,3602,10/15/2023 6:15,17.11,0,"","","",""
B1,3603,10/15/2023 6:20,17.11,0.22,"","","",""
B1,3604,10/15/2023 6:25,17.16,0.66,"","","",""
B1,3605,10/15/2023 6:30,17.2,3.54,"","","",""
B1,3606,10/15/2023 6:35,17.2,4.87,"","","",""
B1,3607,10/15/2023 6:40,17.24,2.88,"","","",""
B1,3608,10/15/2023 6:45,17.24,30.75,"","","",""
B1,3609,10/15/2023 6:50,17.16,151.6,"","","",""
B1,3610,10/15/2023 6:55,17.2,27.59,"","","",""
B1,3611,10/15/2023 7:00,17.16,385.92,"","","",""
B1,3612,10/15/2023 7:05,17.24,228.96,"","","",""
B1,3613,10/15/2023 7:10,17.24,961.92,"","","",""
B1,3614,10/15/2023 7:15,17.29,1413.76,"","","",""
B1,3615,10/15/2023 7:20,17.29,1053.12,"","","",""
B1,3616,10/15/2023 7:25,17.29,2416.64,"","","",""
B1,3617,10/15/2023 7:30,17.33,2128,"","","",""
B1,3618,10/15/2023 7:35,17.37,3315.2,"","","",""
B1,3619,10/15/2023 7:40,17.41,5039.36,"","","",""
B1,3620,10/15/2023 7:45,17.41,187.04,"","","",""
B1,3621,10/15/2023 7:50,17.41,3130.88,"","","",""
B1,3622,10/15/2023 7:55,17.41,4536.32,"","","",""
B1,3623,10/15/2023 8:00,17.54,12800,"","","",""
B1,3624,10/15/2023 8:05,17.54,236.72,"","","",""
B1,3625,10/15/2023 8:10,17.54,3719.68,"","","",""
B1,3626,10/15/2023 8:15,17.46,4911.36,"","","",""
B1,3627,10/15/2023 8:20,17.41,1548.16,"","","",""
B1,3628,10/15/2023 8:25,17.5,8207.36,"","","",""
B1,3629,10/15/2023 8:30,17.59,10618.88,"","","",""
B1,3630,10/15/2023 8:35,17.72,6630.4,"","","",""
B1,3631,10/15/2023 8:40,17.67,7063.04,"","","",""
B1,3632,10/15/2023 8:45,17.76,10334.72,"","","",""
B1,3633,10/15/2023 8:50,17.76,3791.36,"","","",""
B1,3634,10/15/2023 8:55,17.76,6904.32,"","","",""
B1,3635,10/15/2023 9:00,17.8,766.08,"","","",""
B1,3636,10/15/2023 9:05,17.72,702.72,"","","",""
B1,3637,10/15/2023 9:10,17.72,1431.04,"","","",""
B1,3638,10/15/2023 9:15,17.67,7403.52,"","","",""
B1,3639,10/15/2023 9:20,17.67,14448.64,"","","",""
B1,3640,10/15/2023 9:25,17.8,6059.52,"","","",""
B1,3641,10/15/2023 9:30,17.76,6507.52,"","","",""
B1,3642,10/15/2023 9:35,17.72,3152.64,"","","",""
B1,3643,10/15/2023 9:40,17.72,13952,"","","",""
B1,3644,10/15/2023 9:45,17.8,6976,"","","",""
B1,3645,10/15/2023 9:50,17.84,6371.84,"","","",""
B1,3646,10/15/2023 9:55,17.76,5885.44,"","","",""
B1,3647,10/15/2023 10:00,17.76,4010.24,"","","",""
B1,3648,10/15/2023 10:05,17.72,7042.56,"","","",""
B1,3649,10/15/2023 10:10,17.67,5928.96,"","","",""
B1,3650,10/15/2023 10:15,17.76,16716.8,"","","",""
B1,3651,10/15/2023 10:20,17.67,669.44,"","","",""
B1,3652,10/15/2023 10:25,17.76,6348.8,"","","",""
B1,3653,10/15/2023 10:30,17.67,5560.32,"","","",""
B1,3654,10/15/2023 10:35,17.54,5716.48,"","","",""
B1,3655,10/15/2023 10:40,17.67,3106.56,"","","",""
B1,3656,10/15/2023 10:45,17.59,7554.56,"","","",""
B1,3657,10/15/2023 10:50,17.67,15385.6,"","","",""
B1,3658,10/15/2023 10:55,17.72,14013.44,"","","",""
B1,3659,10/15/2023 11:00,17.63,24371.2,"","","",""
B1,3660,10/15/2023 11:05,17.76,2152.32,"","","",""
B1,3661,10/15/2023 11:10,17.67,7306.24,"","","",""
B1,3662,10/15/2023 11:15,17.72,21985.28,"","","",""
B1,3663,10/15/2023 11:20,17.89,1948.8,"","","",""
B1,3664,10/15/2023 11:25,17.93,22220.8,"","","",""
B1,3665,10/15/2023 11:30,17.97,14725.12,"","","",""
B1,3666,10/15/2023 11:35,18.1,4564.48,"","","",""
B1,3667,10/15/2023 11:40,18.1,6269.44,"","","",""
B1,3668,10/15/2023 11:45,18.23,9100.8,"","","",""
B1,3669,10/15/2023 11:50,18.32,26019.84,"","","",""
B1,3670,10/15/2023 11:55,18.36,994.24,"","","",""
B1,3671,10/15/2023 12:00,18.57,9213.44,"","","",""
B1,3672,10/15/2023 12:05,18.66,4056.32,"","","",""
B1,3673,10/15/2023 12:10,18.92,22947.84,"","","",""
B1,3674,10/15/2023 12:15,18.92,42700.8,"","","",""
B1,3675,10/15/2023 12:20,18.83,18155.52,"","","",""
B1,3676,10/15/2023 12:25,19.47,54743.04,"","","",""
B1,3677,10/15/2023 12:30,19.43,8450.56,"","","",""
B1,3678,10/15/2023 12:35,19.47,54067.2,"","","",""
B1,3679,10/15/2023 12:40,20.16,53800.96,"","","",""
B1,3680,10/15/2023 12:45,20.2,31508.48,"","","",""
B1,3681,10/15/2023 12:50,20.37,55664.64,"","","",""
B1,3682,10/15/2023 12:55,21.19,82309.12,"","","",""
B1,3683,10/15/2023 13:00,21.36,60252.16,"","","",""
B1,3684,10/15/2023 13:05,22.95,81367.04,"","","",""
B1,3685,10/15/2023 13:10,21.49,37632,"","","",""
B1,3686,10/15/2023 13:15,22.73,65249.28,"","","",""
B1,3687,10/15/2023 13:20,22.99,41564.16,"","","",""
B1,3688,10/15/2023 13:25,24.19,77475.84,"","","",""
B1,3762,10/15/2023 19:35,18.49,0,"","","",""
B1,3763,10/15/2023 19:40,18.53,0,"","","",""
B1,3764,10/15/2023 19:45,18.62,0,"","","",""
B1,3765,10/15/2023 19:50,18.62,0,"","","",""
B1,3766,10/15/2023 19:55,18.57,0,"","","",""
B1,3767,10/15/2023 20:00,18.53,0,"","","",""
B1,3768,10/15/2023 20:05,18.57,0,"","","",""
B1,3769,10/15/2023 20:10,18.57,0,"","","",""
B1,3770,10/15/2023 20:15,18.62,0,"","","",""
B1,3771,10/15/2023 20:20,18.62,0,"","","",""
B1,3772,10/15/2023 20:25,18.57,0,"","","",""
B1,3773,10/15/2023 20:30,18.57,0,"","","",""
B1,3774,10/15/2023 20:35,18.53,0,"","","",""
B1,3775,10/15/2023 20:40,18.53,0,"","","",""
B1,3776,10/15/2023 20:45,18.53,0,"","","",""
B1,3777,10/15/2023 20:50,18.49,0,"","","",""
B1,3778,10/15/2023 20:55,18.49,0,"","","",""
B1,3779,10/15/2023 21:00,18.4,0,"","","",""
B1,3780,10/15/2023 21:05,18.4,0,"","","",""
B1,3781,10/15/2023 21:10,18.32,0,"","","",""
B1,3782,10/15/2023 21:15,18.27,0,"","","",""
B1,3783,10/15/2023 21:20,18.23,0,"","","",""
B1,3784,10/15/2023 21:25,18.19,0,"","","",""
B1,3785,10/15/2023 21:30,18.19,0,"","","",""
B1,3786,10/15/2023 21:35,18.14,0,"","","",""
B1,3787,10/15/2023 21:40,18.06,0,"","","",""
B1,3788,10/15/2023 21:45,17.97,0,"","","",""
B1,3789,10/15/2023 21:50,17.93,0,"","","",""
B1,3790,10/15/2023 21:55,18.02,0,"","","",""
B1,3791,10/15/2023 22:00,18.02,0,"","","",""
B1,3792,10/15/2023 22:05,17.93,0,"","","",""
B1,3793,10/15/2023 22:10,17.84,0,"","","",""
B1,3794,10/15/2023 22:15,17.93,0,"","","",""
B1,3795,10/15/2023 22:20,17.8,0,"","","",""
B1,3796,10/15/2023 22:25,17.84,0,"","","",""
B1,3797,10/15/2023 22:30,17.76,0,"","","",""
B1,3798,10/15/2023 22:35,17.76,0,"","","",""
B1,3799,10/15/2023 22:40,17.63,0,"","","",""
B1,3800,10/15/2023 22:45,17.5,0,"","","",""
B1,3801,10/15/2023 22:50,17.63,0,"","","",""
B1,3802,10/15/2023 22:55,17.59,0,"","","",""
B1,3803,10/15/2023 23:00,17.59,0,"","","",""
B1,3804,10/15/2023 23:05,17.5,0,"","","",""
B1,3805,10/15/2023 23:10,17.46,0,"","","",""
B1,3806,10/15/2023 23:15,17.46,0,"","","",""
B1,3807,10/15/2023 23:20,17.37,0,"","","",""
B1,3808,10/15/2023 23:25,17.37,0,"","","",""
B1,3809,10/15/2023 23:30,17.29,0,"","","",""
B1,3810,10/15/2023 23:35,17.29,0,"","","",""
B1,3811,10/15/2023 23:40,17.24,0,"","","",""
B1,3812,10/15/2023 23:45,17.29,0,"","","",""
B1,3813,10/15/2023 23:50,17.24,0,"","","",""
B1,3814,10/15/2023 23:55,17.2,0,"","","",""
B1,3815,10/16/2023 0:00,17.24,0,"","","",""
B1,3816,10/16/2023 0:05,17.24,0,"","","",""
B1,3817,10/16/2023 0:10,17.24,0,"","","",""
B1,3818,10/16/2023 0:15,17.24,0,"","","",""
B1,3819,10/16/2023 0:20,17.24,0,"","","",""
B1,3820,10/16/2023 0:25,17.2,0,"","","",""
B1,3821,10/16/2023 0:30,17.24,0,"","","",""
B1,3822,10/16/2023 0:35,17.24,0,"","","",""
B1,3823,10/16/2023 0:40,17.24,0,"","","",""
B1,3824,10/16/2023 0:45,17.29,0,"","","",""
B1,3825,10/16/2023 0:50,17.24,0,"","","",""
B1,3826,10/16/2023 0:55,17.29,0,"","","",""
B1,3827,10/16/2023 1:00,17.29,0,"","","",""
B1,3828,10/16/2023 1:05,17.29,0,"","","",""
B1,3829,10/16/2023 1:10,17.29,0,"","","",""
B1,3830,10/16/2023 1:15,17.33,0,"","","",""
B1,3831,10/16/2023 1:20,17.33,0,"","","",""
B1,3832,10/16/2023 1:25,17.29,0,"","","",""
B1,3833,10/16/2023 1:30,17.37,0,"","","",""
B1,3834,10/16/2023 1:35,17.29,0,"","","",""
B1,3835,10/16/2023 1:40,17.33,0,"","","",""
B1,3836,10/16/2023 1:45,17.33,0,"","","",""
B1,3837,10/16/2023 1:50,17.29,0,"","","",""
B1,3838,10/16/2023 1:55,17.29,0,"","","",""
B1,3839,10/16/2023 2:00,17.29,0,"","","",""
B1,3883,10/16/2023 5:40,17.46,0,"","","",""
B1,3884,10/16/2023 5:45,17.46,0,"","","",""
B1,3885,10/16/2023 5:50,17.41,0,"","","",""
B1,3886,10/16/2023 5:55,17.5,0,"","","",""
B1,3887,10/16/2023 6:00,17.46,0,"","","",""
B1,3888,10/16/2023 6:05,17.46,0,"","","",""
B1,3889,10/16/2023 6:10,17.46,0,"","","",""
B1,3890,10/16/2023 6:15,17.46,0,"","","",""
B1,3891,10/16/2023 6:20,17.5,0.22,"","","",""
B1,3892,10/16/2023 6:25,17.5,0,"","","",""
B1,3893,10/16/2023 6:30,17.54,0.44,"","","",""
B1,3894,10/16/2023 6:35,17.54,1.77,"","","",""
B1,3895,10/16/2023 6:40,17.5,5.76,"","","",""
B1,3896,10/16/2023 6:45,17.54,31.69,"","","",""
B1,3897,10/16/2023 6:50,17.59,22.44,"","","",""
B1,3898,10/16/2023 6:55,17.54,149.84,"","","",""
B1,3899,10/16/2023 7:00,17.59,197.68,"","","",""
B1,3900,10/16/2023 7:05,17.54,105.16,"","","",""
B1,3901,10/16/2023 7:10,17.54,181.76,"","","",""
B1,3902,10/16/2023 7:15,17.59,823.68,"","","",""
B1,3903,10/16/2023 7:20,17.59,885.76,"","","",""
B1,3904,10/16/2023 7:25,17.63,1560.96,"","","",""
B1,3905,10/16/2023 7:30,17.63,1725.44,"","","",""
B1,3906,10/16/2023 7:35,17.63,123.8,"","","",""
B1,3907,10/16/2023 7:40,17.63,1340.16,"","","",""
B1,3908,10/16/2023 7:45,17.63,1459.2,"","","",""
B1,3909,10/16/2023 7:50,17.59,2411.52,"","","",""
B1,3910,10/16/2023 7:55,17.59,146.08,"","","",""
B1,3911,10/16/2023 8:00,17.63,2757.12,"","","",""
B1,3912,10/16/2023 8:05,17.59,2740.48,"","","",""
B1,3913,10/16/2023 8:10,17.59,1834.88,"","","",""
B1,3914,10/16/2023 8:15,17.63,3372.8,"","","",""
B1,3915,10/16/2023 8:20,17.59,2648.32,"","","",""
B1,3916,10/16/2023 8:25,17.63,832.32,"","","",""
B1,3917,10/16/2023 8:30,17.67,4496.64,"","","",""
B1,3918,10/16/2023 8:35,17.63,3027.2,"","","",""
B1,3919,10/16/2023 8:40,17.72,4638.72,"","","",""
B1,3920,10/16/2023 8:45,17.76,4830.72,"","","",""
B1,3921,10/16/2023 8:50,17.84,4064,"","","",""
B1,3922,10/16/2023 8:55,17.84,6950.4,"","","",""
B1,3923,10/16/2023 9:00,17.76,2269.44,"","","",""
B1,3924,10/16/2023 9:05,17.89,8773.12,"","","",""
B1,3925,10/16/2023 9:10,17.76,5760,"","","",""
B1,3926,10/16/2023 9:15,17.72,5573.12,"","","",""
B1,3927,10/16/2023 9:20,17.72,2003.84,"","","",""
B1,3928,10/16/2023 9:25,17.72,2237.44,"","","",""
B1,3929,10/16/2023 9:30,17.89,1419.52,"","","",""
B1,3930,10/16/2023 9:35,17.72,1509.12,"","","",""
B1,3931,10/16/2023 9:40,17.84,4241.92,"","","",""
B1,3932,10/16/2023 9:45,17.8,1849.6,"","","",""
B1,3933,10/16/2023 9:50,17.8,2922.24,"","","",""
B1,3934,10/16/2023 9:55,17.84,7260.16,"","","",""
B1,3935,10/16/2023 10:00,17.8,3336.96,"","","",""
B1,3936,10/16/2023 10:05,17.84,10936.32,"","","",""
B1,3937,10/16/2023 10:10,17.8,500.48,"","","",""
B1,3938,10/16/2023 10:15,17.93,105.04,"","","",""
B1,3939,10/16/2023 10:20,17.89,219.2,"","","",""
B1,3940,10/16/2023 10:25,17.97,2539.52,"","","",""
B1,3941,10/16/2023 10:30,18.06,5800.96,"","","",""
B1,3942,10/16/2023 10:35,18.06,2167.04,"","","",""
B1,3943,10/16/2023 10:40,18.06,8432.64,"","","",""
B1,3944,10/16/2023 10:45,18.02,3064.32,"","","",""
B1,3945,10/16/2023 10:50,18.02,3110.4,"","","",""
B1,3946,10/16/2023 10:55,17.97,1734.4,"","","",""
B1,3947,10/16/2023 11:00,17.97,3338.24,"","","",""
B1,3948,10/16/2023 11:05,17.93,19.75,"","","",""
B1,3949,10/16/2023 11:10,18.06,10895.36,"","","",""
B1,3950,10/16/2023 11:15,18.02,4808.96,"","","",""
B1,3951,10/16/2023 11:20,18.06,10992.64,"","","",""
B1,3952,10/16/2023 11:25,18.14,2960.64,"","","",""
B1,3953,10/16/2023 11:30,18.14,9256.96,"","","",""
B1,3954,10/16/2023 11:35,18.14,7191.04,"","","",""
B1,3955,10/16/2023 11:40,18.4,23183.36,"","","",""
B1,3956,10/16/2023 11:45,18.36,8248.32,"","","",""
B1,3957,10/16/2023 11:50,18.4,4890.88,"","","",""
B1,3958,10/16/2023 11:55,18.57,32880.64,"","","",""
B1,3959,10/16/2023 12:00,18.49,2910.72,"","","",""
B1,3960,10/16/2023 12:05,18.44,10406.4,"","","",""
B1,3961,10/16/2023 12:10,18.44,20505.6,"","","",""
B1,3962,10/16/2023 12:15,18.7,17377.28,"","","",""
B1,3963,10/16/2023 12:20,18.79,18263.04,"","","",""
B1,3964,10/16/2023 12:25,18.92,28569.6,"","","",""
B1,3965,10/16/2023 12:30,18.92,24954.88,"","","",""
B1,3966,10/16/2023 12:35,18.87,6768.64,"","","",""
B1,3967,10/16/2023 12:40,19.05,28487.68,"","","",""
B1,3968,10/16/2023 12:45,19.39,22384.64,"","","",""
B1,3969,10/16/2023 12:50,19.39,15887.36,"","","",""
B1,3970,10/16/2023 12:55,19.52,32829.44,"","","",""
B1,3971,10/16/2023 13:00,19.65,39383.04,"","","",""
B1,3972,10/16/2023 13:05,19.69,19235.84,"","","",""
B1,3973,10/16/2023 13:10,19.77,26286.08,"","","",""
B1,3974,10/16/2023 13:15,20.76,10664.96,"","","",""
B1,3975,10/16/2023 13:20,20.59,58982.4,"","","",""
B1,3976,10/16/2023 13:25,21.32,52060.16,"","","",""
B1,3977,10/16/2023 13:30,22.22,21155.84,"","","",""
B1,3978,10/16/2023 13:35,21.79,45854.72,"","","",""
B1,3979,10/16/2023 13:40,22.61,45465.6,"","","",""
B1,3980,10/16/2023 13:45,23.46,37191.68,"","","",""
B1,3981,10/16/2023 13:50,23.68,78950.4,"","","",""
B1,3982,10/16/2023 13:55,24.24,74362.88,"","","",""
B1,3983,10/16/2023 14:00,24.41,79462.4,"","","",""
B1,4062,10/16/2023 20:35,18.57,0,"","","",""
B1,4063,10/16/2023 20:40,18.53,0,"","","",""
B1,4064,10/16/2023 20:45,18.57,0,"","","",""
B1,4065,10/16/2023 20:50,18.57,0,"","","",""
B1,4066,10/16/2023 20:55,18.57,0,"","","",""
B1,4067,10/16/2023 21:00,18.62,0,"","","",""
B1,4068,10/16/2023 21:05,18.57,0,"","","",""
B1,4069,10/16/2023 21:10,18.62,0,"","","",""
B1,4070,10/16/2023 21:15,18.62,0,"","","",""
B1,4071,10/16/2023 21:20,18.62,0,"","","",""
B1,4072,10/16/2023 21:25,18.62,0,"","","",""
B1,4073,10/16/2023 21:30,18.62,0,"","","",""
B1,4074,10/16/2023 21:35,18.62,0,"","","",""
B1,4075,10/16/2023 21:40,18.62,0,"","","",""
B1,4076,10/16/2023 21:45,18.57,0,"","","",""
B1,4077,10/16/2023 21:50,18.57,0,"","","",""
B1,4078,10/16/2023 21:55,18.57,0,"","","",""
B1,4079,10/16/2023 22:00,18.53,0,"","","",""
B1,4080,10/16/2023 22:05,18.62,0,"","","",""
B1,4081,10/16/2023 22:10,18.57,0,"","","",""
B1,4082,10/16/2023 22:15,18.57,0,"","","",""
B1,4083,10/16/2023 22:20,18.53,0,"","","",""
B1,4084,10/16/2023 22:25,18.49,0,"","","",""
B1,4085,10/16/2023 22:30,18.53,0,"","","",""
B1,4086,10/16/2023 22:35,18.44,0,"","","",""
B1,4087,10/16/2023 22:40,18.49,0,"","","",""
B1,4088,10/16/2023 22:45,18.49,0,"","","",""
B1,4089,10/16/2023 22:50,18.44,0,"","","",""
B1,4090,10/16/2023 22:55,18.4,0,"","","",""
B1,4091,10/16/2023 23:00,18.4,0,"","","",""
B1,4092,10/16/2023 23:05,18.4,0,"","","",""
B1,4093,10/16/2023 23:10,18.4,0,"","","",""
B1,4094,10/16/2023 23:15,18.4,0,"","","",""
B1,4095,10/16/2023 23:20,18.32,0,"","","",""
B1,4096,10/16/2023 23:25,18.4,0,"","","",""
B1,4097,10/16/2023 23:30,18.23,0,"","","",""
B1,4098,10/16/2023 23:35,18.23,0,"","","",""
B1,4099,10/16/2023 23:40,18.19,0,"","","",""
B1,4100,10/16/2023 23:45,18.23,0,"","","",""
B1,4101,10/16/2023 23:50,18.1,0,"","","",""
B1,4102,10/16/2023 23:55,18.06,0,"","","",""
B1,4103,10/17/2023 0:00,18.14,0,"","","",""
B1,4104,10/17/2023 0:05,18.19,0,"","","",""
B1,4105,10/17/2023 0:10,18.1,0,"","","",""
B1,4106,10/17/2023 0:15,18.14,0,"","","",""
B1,4107,10/17/2023 0:20,18.14,0,"","","",""
B1,4108,10/17/2023 0:25,18.14,0,"","","",""
B1,4109,10/17/2023 0:30,18.19,0,"","","",""
B1,4110,10/17/2023 0:35,18.1,0.22,"","","",""
B1,4111,10/17/2023 0:40,18.14,0,"","","",""
B1,4112,10/17/2023 0:45,18.19,0,"","","",""
B1,4113,10/17/2023 0:50,18.14,0,"","","",""
B1,4114,10/17/2023 0:55,18.1,0,"","","",""
B1,4115,10/17/2023 1:00,18.19,0,"","","",""
B1,4116,10/17/2023 1:05,18.27,0,"","","",""
B1,4117,10/17/2023 1:10,18.19,0,"","","",""
B1,4118,10/17/2023 1:15,18.23,0,"","","",""
B1,4119,10/17/2023 1:20,18.14,0,"","","",""
B1,4120,10/17/2023 1:25,18.06,0,"","","",""
B1,4121,10/17/2023 1:30,18.06,0,"","","",""
B1,4122,10/17/2023 1:35,18.1,0,"","","",""
B1,4123,10/17/2023 1:40,18.06,0,"","","",""
B1,4124,10/17/2023 1:45,18.02,0,"","","",""
B1,4125,10/17/2023 1:50,17.97,0,"","","",""
B1,4126,10/17/2023 1:55,18.02,0,"","","",""
B1,4127,10/17/2023 2:00,17.97,0,"","","",""
B1,4128,10/17/2023 2:05,18.02,0,"","","",""
B1,4129,10/17/2023 2:10,18.02,0,"","","",""
B1,4130,10/17/2023 2:15,18.02,0,"","","",""
B1,4131,10/17/2023 2:20,18.06,0,"","","",""
B1,4132,10/17/2023 2:25,18.06,0,"","","",""
B1,4133,10/17/2023 2:30,18.06,0,"","","",""
B1,4134,10/17/2023 2:35,18.06,0,"","","",""
B1,4135,10/17/2023 2:40,18.02,0,"","","",""
B1,4136,10/17/2023 2:45,18.02,0,"","","",""
B1,4137,10/17/2023 2:50,18.02,0,"","","",""
B1,4138,10/17/2023 2:55,18.02,0,"","","",""
B1,4170,10/17/2023 5:35,17.84,0,"","","",""
B1,4171,10/17/2023 5:40,17.84,0,"","","",""
B1,4172,10/17/2023 5:45,17.84,0,"","","",""
B1,4173,10/17/2023 5:50,17.84,0,"","","",""
B1,4174,10/17/2023 5:55,17.84,0,"","","",""
B1,4175,10/17/2023 6:00,17.84,0,"","","",""
B1,4176,10/17/2023 6:05,17.89,0,"","","",""
B1,4177,10/17/2023 6:10,17.89,0,"","","",""
B1,4178,10/17/2023 6:15,17.89,0,"","","",""
B1,4179,10/17/2023 6:20,17.93,0,"","","",""
B1,4180,10/17/2023 6:25,17.89,0,"","","",""
B1,4181,10/17/2023 6:30,17.89,0,"","","",""
B1,4182,10/17/2023 6:35,17.89,0.66,"","","",""
B1,4183,10/17/2023 6:40,17.89,3.99,"","","",""
B1,4184,10/17/2023 6:45,17.89,8.86,"","","",""
B1,4185,10/17/2023 6:50,17.89,14.88,"","","",""
B1,4186,10/17/2023 6:55,17.89,48.6,"","","",""
B1,4187,10/17/2023 7:00,17.89,85.56,"","","",""
B1,4188,10/17/2023 7:05,17.89,139.08,"","","",""
B1,4189,10/17/2023 7:10,17.89,245.12,"","","",""
B1,4190,10/17/2023 7:15,17.93,340.64,"","","",""
B1,4191,10/17/2023 7:20,17.89,390.24,"","","",""
B1,4192,10/17/2023 7:25,17.84,260,"","","",""
B1,4193,10/17/2023 7:30,17.89,836.16,"","","",""
B1,4194,10/17/2023 7:35,17.89,571.36,"","","",""
B1,4195,10/17/2023 7:40,17.89,1094.08,"","","",""
B1,4196,10/17/2023 7:45,17.93,413.12,"","","",""
B1,4197,10/17/2023 7:50,17.89,195.92,"","","",""
B1,4198,10/17/2023 7:55,17.84,1029.44,"","","",""
B1,4199,10/17/2023 8:00,17.93,1335.04,"","","",""
B1,4200,10/17/2023 8:05,17.93,1468.8,"","","",""
B1,4201,10/17/2023 8:10,17.93,1984,"","","",""
B1,4202,10/17/2023 8:15,17.93,2349.44,"","","",""
B1,4203,10/17/2023 8:20,17.97,2241.28,"","","",""
B1,4204,10/17/2023 8:25,17.97,1374.72,"","","",""
B1,4205,10/17/2023 8:30,17.97,2007.04,"","","",""
B1,4206,10/17/2023 8:35,17.97,3402.24,"","","",""
B1,4207,10/17/2023 8:40,18.06,1905.92,"","","",""
B1,4208,10/17/2023 8:45,18.02,425.6,"","","",""
B1,4209,10/17/2023 8:50,18.02,3964.16,"","","",""
B1,4210,10/17/2023 8:55,18.02,3865.6,"","","",""
B1,4211,10/17/2023 9:00,18.06,3436.8,"","","",""
B1,4212,10/17/2023 9:05,18.06,5936.64,"","","",""
B1,4213,10/17/2023 9:10,18.02,2507.52,"","","",""
B1,4214,10/17/2023 9:15,18.02,5616.64,"","","",""
B1,4215,10/17/2023 9:20,18.06,5376,"","","",""
B1,4216,10/17/2023 9:25,18.06,5376,"","","",""
B1,4217,10/17/2023 9:30,18.1,4568.32,"","","",""
B1,4218,10/17/2023 9:35,18.1,3759.36,"","","",""
B1,4219,10/17/2023 9:40,18.1,6528,"","","",""
B1,4220,10/17/2023 9:45,18.1,4394.24,"","","",""
B1,4221,10/17/2023 9:50,18.1,4032,"","","",""
B1,4222,10/17/2023 9:55,18.06,5278.72,"","","",""
B1,4223,10/17/2023 10:00,18.1,3737.6,"","","",""
B1,4224,10/17/2023 10:05,18.1,2399.36,"","","",""
B1,4225,10/17/2023 10:10,18.1,7185.92,"","","",""
B1,4226,10/17/2023 10:15,18.06,7971.84,"","","",""
B1,4227,10/17/2023 10:20,18.1,6197.76,"","","",""
B1,4228,10/17/2023 10:25,18.02,6397.44,"","","",""
B1,4229,10/17/2023 10:30,18.02,4514.56,"","","",""
B1,4230,10/17/2023 10:35,18.1,9489.92,"","","",""
B1,4231,10/17/2023 10:40,18.06,7385.6,"","","",""
B1,4232,10/17/2023 10:45,18.02,2946.56,"","","",""
B1,4233,10/17/2023 10:50,18.02,1886.72,"","","",""
B1,4234,10/17/2023 10:55,17.89,1191.68,"","","",""
B1,4235,10/17/2023 11:00,17.97,2503.68,"","","",""
B1,4236,10/17/2023 11:05,17.97,5063.68,"","","",""
B1,4237,10/17/2023 11:10,18.06,16829.44,"","","",""
B1,4238,10/17/2023 11:15,17.97,6379.52,"","","",""
B1,4239,10/17/2023 11:20,18.02,14935.04,"","","",""
B1,4240,10/17/2023 11:25,18.1,20904.96,"","","",""
B1,4241,10/17/2023 11:30,18.14,20439.04,"","","",""
B1,4242,10/17/2023 11:35,18.14,16527.36,"","","",""
B1,4243,10/17/2023 11:40,18.14,6184.96,"","","",""
B1,4244,10/17/2023 11:45,18.19,11264,"","","",""
B1,4245,10/17/2023 11:50,18.32,6970.88,"","","",""
B1,4246,10/17/2023 11:55,18.4,408.64,"","","",""
B1,4247,10/17/2023 12:00,18.4,19978.24,"","","",""
B1,4248,10/17/2023 12:05,18.4,9758.72,"","","",""
B1,4249,10/17/2023 12:10,18.57,15293.44,"","","",""
B1,4250,10/17/2023 12:15,18.53,8455.68,"","","",""
B1,4251,10/17/2023 12:20,18.57,20684.8,"","","",""
B1,4252,10/17/2023 12:25,18.7,14274.56,"","","",""
B1,4253,10/17/2023 12:30,18.7,5990.4,"","","",""
B1,4254,10/17/2023 12:35,18.7,10567.68,"","","",""
B1,4255,10/17/2023 12:40,19.09,38359.04,"","","",""
B1,4256,10/17/2023 12:45,19.05,1081.6,"","","",""
B1,4257,10/17/2023 12:50,19.05,32501.76,"","","",""
B1,4258,10/17/2023 12:55,19.05,15513.6,"","","",""
B1,4259,10/17/2023 13:00,18.87,22251.52,"","","",""
B1,4260,10/17/2023 13:05,19.13,26449.92,"","","",""
B1,4261,10/17/2023 13:10,19.22,8732.16,"","","",""
B1,4262,10/17/2023 13:15,19.3,14935.04,"","","",""
B1,4263,10/17/2023 13:20,19.35,4915.2,"","","",""
B1,4264,10/17/2023 13:25,19.73,59002.88,"","","",""
B1,4265,10/17/2023 13:30,19.43,12728.32,"","","",""
B1,4266,10/17/2023 13:35,19.73,22896.64,"","","",""
B1,4267,10/17/2023 13:40,19.86,19517.44,"","","",""
B1,4268,10/17/2023 13:45,19.82,43929.6,"","","",""
B1,4269,10/17/2023 13:50,19.99,38184.96,"","","",""
B1,4270,10/17/2023 13:55,20.29,26183.68,"","","",""
B1,4271,10/17/2023 14:00,20.85,66396.16,"","","",""
B1,4272,10/17/2023 14:05,20.93,54108.16,"","","",""
B1,4273,10/17/2023 14:10,22.05,86589.44,"","","",""
B1,4274,10/17/2023 14:15,22.43,76369.92,"","","",""
B1,4275,10/17/2023 14:20,23.03,38645.76,"","","",""
B1,4276,10/17/2023 14:25,22.73,53514.24,"","","",""
B1,4277,10/17/2023 14:30,23.38,83107.84,"","","",""
B1,4278,10/17/2023 14:35,24.45,82227.2,"","","",""
B1,4279,10/17/2023 14:40,24.58,94085.12,"","","",""
B1,4280,10/17/2023 14:45,24.92,99942.4,"","","",""
B1,4360,10/17/2023 21:25,19.22,0,"","","",""
B1,4361,10/17/2023 21:30,19.35,0,"","","",""
B1,4362,10/17/2023 21:35,19.39,0,"","","",""
B1,4363,10/17/2023 21:40,19.39,0,"","","",""
B1,4364,10/17/2023 21:45,19.43,0,"","","",""
B1,4365,10/17/2023 21:50,19.47,0,"","","",""
B1,4366,10/17/2023 21:55,19.47,0,"","","",""
B1,4367,10/17/2023 22:00,19.47,0.22,"","","",""
B1,4368,10/17/2023 22:05,19.43,0,"","","",""
B1,4369,10/17/2023 22:10,19.47,0,"","","",""
B1,4370,10/17/2023 22:15,19.56,0,"","","",""
B1,4371,10/17/2023 22:20,19.52,0,"","","",""
B1,4372,10/17/2023 22:25,19.52,0,"","","",""
B1,4373,10/17/2023 22:30,19.56,0,"","","",""
B1,4374,10/17/2023 22:35,19.52,0,"","","",""
B1,4375,10/17/2023 22:40,19.52,0,"","","",""
B1,4376,10/17/2023 22:45,19.56,0,"","","",""
B1,4377,10/17/2023 22:50,19.56,0,"","","",""
B1,4378,10/17/2023 22:55,19.52,0,"","","",""
B1,4379,10/17/2023 23:00,19.52,0,"","","",""
B1,4380,10/17/2023 23:05,19.47,0,"","","",""
B1,4381,10/17/2023 23:10,19.52,0,"","","",""
B1,4382,10/17/2023 23:15,19.52,0,"","","",""
B1,4383,10/17/2023 23:20,19.43,0,"","","",""
B1,4384,10/17/2023 23:25,19.47,0,"","","",""
B1,4385,10/17/2023 23:30,19.52,0,"","","",""
B1,4386,10/17/2023 23:35,19.43,0,"","","",""
B1,4387,10/17/2023 23:40,19.43,0,"","","",""
B1,4388,10/17/2023 23:45,19.39,0,"","","",""
B1,4389,10/17/2023 23:50,19.39,0,"","","",""
B1,4390,10/17/2023 23:55,19.39,0,"","","",""
B1,4391,10/18/2023 0:00,19.39,0,"","","",""
B1,4392,10/18/2023 0:05,19.3,0,"","","",""
B1,4393,10/18/2023 0:10,19.3,0,"","","",""
B1,4394,10/18/2023 0:15,19.22,0,"","","",""
B1,4395,10/18/2023 0:20,19.17,0,"","","",""
B1,4396,10/18/2023 0:25,19.17,0,"","","",""
B1,4397,10/18/2023 0:30,19.09,0,"","","",""
B1,4398,10/18/2023 0:35,19.05,0,"","","",""
B1,4399,10/18/2023 0:40,19,0,"","","",""
B1,4400,10/18/2023 0:45,19.05,0,"","","",""
B1,4401,10/18/2023 0:50,19,0,"","","",""
B1,4402,10/18/2023 0:55,18.87,0,"","","",""
B1,4403,10/18/2023 1:00,18.92,0,"","","",""
B1,4404,10/18/2023 1:05,18.96,0,"","","",""
B1,4405,10/18/2023 1:10,18.83,0,"","","",""
B1,4406,10/18/2023 1:15,18.79,0,"","","",""
B1,4407,10/18/2023 1:20,18.79,0,"","","",""
B1,4408,10/18/2023 1:25,18.53,0,"","","",""
B1,4409,10/18/2023 1:30,18.66,0,"","","",""
B1,4410,10/18/2023 1:35,18.57,0,"","","",""
B1,4411,10/18/2023 1:40,18.53,0,"","","",""
B1,4412,10/18/2023 1:45,18.53,0,"","","",""
B1,4413,10/18/2023 1:50,18.49,0,"","","",""
B1,4414,10/18/2023 1:55,18.4,0,"","","",""
B1,4415,10/18/2023 2:00,18.49,0,"","","",""
B1,4416,10/18/2023 2:05,18.4,0,"","","",""
B1,4417,10/18/2023 2:10,18.4,0,"","","",""
B1,4418,10/18/2023 2:15,18.36,0,"","","",""
B1,4419,10/18/2023 2:20,18.27,0,"","","",""
B1,4420,10/18/2023 2:25,18.23,0,"","","",""
B1,4421,10/18/2023 2:30,18.23,0,"","","",""
B1,4422,10/18/2023 2:35,18.23,0,"","","",""
B1,4423,10/18/2023 2:40,18.19,0,"","","",""
B1,4424,10/18/2023 2:45,18.1,0,"","","",""
B1,4425,10/18/2023 2:50,18.1,0,"","","",""
B1,4426,10/18/2023 2:55,18.1,0,"","","",""
B1,4427,10/18/2023 3:00,18.02,0,"","","",""
B1,4428,10/18/2023 3:05,18.02,0,"","","",""
B1,4429,10/18/2023 3:10,18.06,0,"","","",""
B1,4430,10/18/2023 3:15,17.97,0,"","","",""
B1,4431,10/18/2023 3:20,18.02,0,"","","",""
B1,4432,10/18/2023 3:25,17.97,0,"","","",""
B1,4433,10/18/2023 3:30,17.97,0,"","","",""
B1,4434,10/18/2023 3:35,17.93,0,"","","",""
B1,4435,10/18/2023 3:40,17.93,0,"","","",""
B1,4436,10/18/2023 3:45,17.89,0,"","","",""
B1,4437,10/18/2023 3:50,17.89,0,"","","",""
B1,4438,10/18/2023 3:55,17.93,0,"","","",""
B1,4439,10/18/2023 4:00,17.93,0,"","","",""
B1,4440,10/18/2023 4:05,17.93,0.22,"","","",""
B1,4441,10/18/2023 4:10,17.89,0,"","","",""
B1,4442,10/18/2023 4:15,17.89,0,"","","",""
B1,4443,10/18/2023 4:20,17.89,0,"","","",""
B1,4444,10/18/2023 4:25,17.89,0,"","","",""
B1,4445,10/18/2023 4:30,17.89,0,"","","",""
B1,4446,10/18/2023 4:35,17.84,0,"","","",""
B1,4447,10/18/2023 4:40,17.8,0,"","","",""
B1,4448,10/18/2023 4:45,17.84,0,"","","",""
B1,4449,10/18/2023 4:50,17.8,0,"","","",""
B1,4450,10/18/2023 4:55,17.8,0,"","","",""
B1,4451,10/18/2023 5:00,17.8,0,"","","",""
B1,4452,10/18/2023 5:05,17.8,0,"","","",""
B1,4453,10/18/2023 5:10,17.84,0,"","","",""
B1,4454,10/18/2023 5:15,17.8,0,"","","",""
B1,4455,10/18/2023 5:20,17.84,0,"","","",""
B1,4456,10/18/2023 5:25,17.8,0,"","","",""
B1,4457,10/18/2023 5:30,17.84,0,"","","",""
B1,4458,10/18/2023 5:35,17.84,0,"","","",""
B1,4459,10/18/2023 5:40,17.84,0,"","","",""
B1,4460,10/18/2023 5:45,17.84,0,"","","",""
B1,4461,10/18/2023 5:50,17.84,0,"","","",""
B1,4462,10/18/2023 5:55,17.89,0,"","","",""
B1,4463,10/18/2023 6:00,17.84,0,"","","",""
B1,4464,10/18/2023 6:05,17.89,0,"","","",""
B1,4465,10/18/2023 6:10,17.89,0,"","","",""
B1,4466,10/18/2023 6:15,17.84,0,"","","",""
B1,4467,10/18/2023 6:20,17.93,0,"","","",""
B1,4468,10/18/2023 6:25,17.84,0,"","","",""
B1,4469,10/18/2023 6:30,17.93,0.22,"","","",""
B1,4470,10/18/2023 6:35,17.89,0.44,"","","",""
B1,4471,10/18/2023 6:40,17.93,2.88,"","","",""
B1,4472,10/18/2023 6:45,17.97,18.23,"","","",""
B1,4473,10/18/2023 6:50,17.93,43.16,"","","",""
B1,4474,10/18/2023 6:55,17.97,51.14,"","","",""
B1,4475,10/18/2023 7:00,17.97,181.04,"","","",""
B1,4476,10/18/2023 7:05,17.97,233.6,"","","",""
B1,4477,10/18/2023 7:10,17.97,343.04,"","","",""
B1,4478,10/18/2023 7:15,17.97,640.96,"","","",""
B1,4479,10/18/2023 7:20,18.02,715.84,"","","",""
B1,4480,10/18/2023 7:25,18.02,721.28,"","","",""
B1,4481,10/18/2023 7:30,18.02,1049.6,"","","",""
B1,4482,10/18/2023 7:35,18.02,1005.44,"","","",""
B1,4483,10/18/2023 7:40,18.06,1212.8,"","","",""
B1,4484,10/18/2023 7:45,18.06,1390.08,"","","",""
B1,4485,10/18/2023 7:50,18.06,1413.12,"","","",""
B1,4486,10/18/2023 7:55,18.1,337.76,"","","",""
B1,4487,10/18/2023 8:00,18.14,1417.6,"","","",""
B1,4488,10/18/2023 8:05,18.06,1213.76,"","","",""
B1,4489,10/18/2023 8:10,18.19,2461.44,"","","",""
B1,4490,10/18/2023 8:15,18.14,3367.68,"","","",""
B1,4491,10/18/2023 8:20,18.14,3855.36,"","","",""
B1,4492,10/18/2023 8:25,18.19,4180.48,"","","",""
B1,4493,10/18/2023 8:30,18.32,2128,"","","",""
B1,4494,10/18/2023 8:35,18.27,2250.24,"","","",""
B1,4495,10/18/2023 8:40,18.32,3840,"","","",""
B1,4496,10/18/2023 8:45,18.32,6049.28,"","","",""
B1,4497,10/18/2023 8:50,18.4,4993.28,"","","",""
B1,4498,10/18/2023 8:55,18.32,5245.44,"","","",""
B1,4499,10/18/2023 9:00,18.36,3453.44,"","","",""
B1,4500,10/18/2023 9:05,18.4,5167.36,"","","",""
B1,4501,10/18/2023 9:10,18.44,7923.2,"","","",""
B1,4502,10/18/2023 9:15,18.4,1151.68,"","","",""
B1,4503,10/18/2023 9:20,18.44,9000.96,"","","",""
B1,4504,10/18/2023 9:25,18.49,7923.2,"","","",""
B1,4505,10/18/2023 9:30,18.57,1846.4,"","","",""
B1,4506,10/18/2023 9:35,18.44,6138.88,"","","",""
B1,4507,10/18/2023 9:40,18.53,11612.16,"","","",""
B1,4508,10/18/2023 9:45,18.62,11274.24,"","","",""
B1,4509,10/18/2023 9:50,18.57,11340.8,"","","",""
B1,4510,10/18/2023 9:55,18.7,17873.92,"","","",""
B1,4511,10/18/2023 10:00,18.74,17341.44,"","","",""
B1,4512,10/18/2023 10:05,18.87,11852.8,"","","",""
B1,4513,10/18/2023 10:10,18.74,16588.8,"","","",""
B1,4514,10/18/2023 10:15,18.7,9582.08,"","","",""
B1,4515,10/18/2023 10:20,18.62,6517.76,"","","",""
B1,4516,10/18/2023 10:25,18.66,11827.2,"","","",""
B1,4517,10/18/2023 10:30,18.57,2539.52,"","","",""
B1,4518,10/18/2023 10:35,18.66,15718.4,"","","",""
B1,4519,10/18/2023 10:40,18.7,8163.84,"","","",""
B1,4520,10/18/2023 10:45,18.66,15836.16,"","","",""
B1,4521,10/18/2023 10:50,18.62,8476.16,"","","",""
B1,4522,10/18/2023 10:55,18.57,7142.4,"","","",""
B1,4523,10/18/2023 11:00,18.57,3479.04,"","","",""
B1,4524,10/18/2023 11:05,18.7,13675.52,"","","",""
B1,4525,10/18/2023 11:10,18.7,8829.44,"","","",""
B1,4526,10/18/2023 11:15,18.7,12774.4,"","","",""
B1,4527,10/18/2023 11:20,18.74,19727.36,"","","",""
B1,4528,10/18/2023 11:25,18.7,13864.96,"","","",""
B1,4529,10/18/2023 11:30,18.7,13967.36,"","","",""
B1,4530,10/18/2023 11:35,18.7,17213.44,"","","",""
B1,4531,10/18/2023 11:40,18.66,6425.6,"","","",""
B1,4532,10/18/2023 11:45,18.83,21719.04,"","","",""
B1,4533,10/18/2023 11:50,18.83,13875.2,"","","",""
B1,4534,10/18/2023 11:55,18.74,38.29,"","","",""
B1,4535,10/18/2023 12:00,18.79,9482.24,"","","",""
B1,4536,10/18/2023 12:05,18.74,3599.36,"","","",""
B1,4537,10/18/2023 12:10,18.79,6382.08,"","","",""
B1,4538,10/18/2023 12:15,18.83,5560.32,"","","",""
B1,4539,10/18/2023 12:20,18.83,16389.12,"","","",""
B1,4540,10/18/2023 12:25,18.83,1599.36,"","","",""
B1,4541,10/18/2023 12:30,18.79,4188.16,"","","",""
B1,4542,10/18/2023 12:35,18.87,16286.72,"","","",""
B1,4543,10/18/2023 12:40,18.87,12974.08,"","","",""
B1,4544,10/18/2023 12:45,18.92,15093.76,"","","",""
B1,4545,10/18/2023 12:50,18.87,9100.8,"","","",""
B1,4546,10/18/2023 12:55,18.87,10731.52,"","","",""
B1,4547,10/18/2023 13:00,18.92,4524.8,"","","",""
B1,4548,10/18/2023 13:05,18.92,429.6,"","","",""
B1,4549,10/18/2023 13:10,19,2024.96,"","","",""
B1,4550,10/18/2023 13:15,19,6312.96,"","","",""
B1,4551,10/18/2023 13:20,19.17,309.84,"","","",""
B1,4552,10/18/2023 13:25,19.13,29532.16,"","","",""
B1,4553,10/18/2023 13:30,19.09,16332.8,"","","",""
B1,4554,10/18/2023 13:35,19.09,11043.84,"","","",""
B1,4555,10/18/2023 13:40,19.22,5337.6,"","","",""
B1,4556,10/18/2023 13:45,19.3,31918.08,"","","",""
B1,4557,10/18/2023 13:50,19.35,17925.12,"","","",""
B1,4558,10/18/2023 13:55,19.52,9674.24,"","","",""
B1,4559,10/18/2023 14:00,19.52,9646.08,"","","",""
B1,4560,10/18/2023 14:05,19.82,16122.88,"","","",""
B1,4561,10/18/2023 14:10,19.86,15703.04,"","","",""
B1,4562,10/18/2023 14:15,20.25,3751.68,"","","",""
B1,4563,10/18/2023 14:20,20.12,10664.96,"","","",""
B1,4564,10/18/2023 14:25,20.29,27289.6,"","","",""
B1,4565,10/18/2023 14:30,20.16,18114.56,"","","",""
B1,4566,10/18/2023 14:35,20.98,61440,"","","",""
B1,4567,10/18/2023 14:40,21.49,51302.4,"","","",""
B1,4568,10/18/2023 14:45,21.62,9694.72,"","","",""
B1,4569,10/18/2023 14:50,21.92,41205.76,"","","",""
B1,4570,10/18/2023 14:55,22.35,19543.04,"","","",""
B1,4571,10/18/2023 15:00,22.39,31856.64,"","","",""
B1,4572,10/18/2023 15:05,22.73,30924.8,"","","",""
B1,4573,10/18/2023 15:10,22.95,43868.16,"","","",""
B1,4574,10/18/2023 15:15,23.89,56074.24,"","","",""
B1,4575,10/18/2023 15:20,23.29,30771.2,"","","",""
B1,4576,10/18/2023 15:25,23.94,32286.72,"","","",""
B1,4665,10/18/2023 22:50,18.83,0,"","","",""
B1,4666,10/18/2023 22:55,18.87,0,"","","",""
B1,4667,10/18/2023 23:00,18.92,0,"","","",""
B1,4668,10/18/2023 23:05,18.92,0,"","","",""
B1,4669,10/18/2023 23:10,18.83,0,"","","",""
B1,4670,10/18/2023 23:15,18.92,0,"","","",""
B1,4671,10/18/2023 23:20,18.83,0,"","","",""
B1,4672,10/18/2023 23:25,18.87,0,"","","",""
B1,4673,10/18/2023 23:30,18.87,0,"","","",""
B1,4674,10/18/2023 23:35,18.92,0,"","","",""
B1,4675,10/18/2023 23:40,18.92,0,"","","",""
B1,4676,10/18/2023 23:45,18.92,0,"","","",""
B1,4677,10/18/2023 23:50,18.92,0,"","","",""
B1,4678,10/18/2023 23:55,18.87,0,"","","",""
B1,4679,10/19/2023 0:00,18.87,0,"","","",""
B1,4680,10/19/2023 0:05,18.87,0,"","","",""
B1,4681,10/19/2023 0:10,18.83,0,"","","",""
B1,4682,10/19/2023 0:15,18.83,0,"","","",""
B1,4683,10/19/2023 0:20,18.79,0,"","","",""
B1,4684,10/19/2023 0:25,18.79,0,"","","",""
B1,4685,10/19/2023 0:30,18.79,0,"","","",""
B1,4686,10/19/2023 0:35,18.79,0,"","","",""
B1,4687,10/19/2023 0:40,18.79,0,"","","",""
B1,4688,10/19/2023 0:45,18.74,0,"","","",""
B1,4689,10/19/2023 0:50,18.74,0,"","","",""
B1,4690,10/19/2023 0:55,18.7,0,"","","",""
B1,4691,10/19/2023 1:00,18.62,0,"","","",""
B1,4692,10/19/2023 1:05,18.62,0,"","","",""
B1,4693,10/19/2023 1:10,18.62,0,"","","",""
B1,4694,10/19/2023 1:15,18.53,0,"","","",""
B1,4695,10/19/2023 1:20,18.53,0,"","","",""
B1,4696,10/19/2023 1:25,18.49,0,"","","",""
B1,4697,10/19/2023 1:30,18.4,0,"","","",""
B1,4698,10/19/2023 1:35,18.27,0,"","","",""
B1,4699,10/19/2023 1:40,18.32,0,"","","",""
B1,4700,10/19/2023 1:45,18.1,0,"","","",""
B1,4701,10/19/2023 1:50,17.97,0,"","","",""
B1,4702,10/19/2023 1:55,17.93,0,"","","",""
B1,4703,10/19/2023 2:00,17.84,0,"","","",""
B1,4704,10/19/2023 2:05,17.76,0,"","","",""
B1,4705,10/19/2023 2:10,17.72,0,"","","",""
B1,4706,10/19/2023 2:15,17.72,0,"","","",""
B1,4707,10/19/2023 2:20,17.63,0,"","","",""
B1,4708,10/19/2023 2:25,17.63,0,"","","",""
B1,4709,10/19/2023 2:30,17.59,0,"","","",""
B1,4710,10/19/2023 2:35,17.59,0,"","","",""
B1,4711,10/19/2023 2:40,17.63,0,"","","",""
B1,4712,10/19/2023 2:45,17.59,0,"","","",""
B1,4713,10/19/2023 2:50,17.54,0,"","","",""
B1,4714,10/19/2023 2:55,17.46,0,"","","",""
B1,4715,10/19/2023 3:00,17.41,0,"","","",""
B1,4716,10/19/2023 3:05,17.37,0,"","","",""
B1,4717,10/19/2023 3:10,17.37,0,"","","",""
B1,4718,10/19/2023 3:15,17.29,0,"","","",""
B1,4719,10/19/2023 3:20,17.29,0,"","","",""
B1,4720,10/19/2023 3:25,17.2,0,"","","",""
B1,4721,10/19/2023 3:30,17.2,0,"","","",""
B1,4722,10/19/2023 3:35,17.16,0,"","","",""
B1,4723,10/19/2023 3:40,17.07,0,"","","",""
B1,4724,10/19/2023 3:45,17.03,0,"","","",""
B1,4725,10/19/2023 3:50,17.03,0,"","","",""
B1,4726,10/19/2023 3:55,17.03,0,"","","",""
B1,4727,10/19/2023 4:00,16.94,0,"","","",""
B1,4728,10/19/2023 4:05,16.99,0,"","","",""
B1,4729,10/19/2023 4:10,16.9,0,"","","",""
B1,4730,10/19/2023 4:15,16.9,0,"","","",""
B1,4731,10/19/2023 4:20,16.99,0,"","","",""
B1,4732,10/19/2023 4:25,16.94,0,"","","",""
B1,4733,10/19/2023 4:30,16.9,0,"","","",""
B1,4734,10/19/2023 4:35,16.9,0,"","","",""
B1,4735,10/19/2023 4:40,16.94,0,"","","",""
B1,4736,10/19/2023 4:45,16.94,0,"","","",""
B1,4737,10/19/2023 4:50,16.86,0,"","","",""
B1,4738,10/19/2023 4:55,16.9,0,"","","",""
B1,4739,10/19/2023 5:00,16.94,0,"","","",""
B1,4740,10/19/2023 5:05,16.9,0,"","","",""
B1,4741,10/19/2023 5:10,16.99,0,"","","",""
B1,4742,10/19/2023 5:15,16.99,0,"","","",""
B1,4743,10/19/2023 5:20,16.94,0,"","","",""
B1,4744,10/19/2023 5:25,16.94,0,"","","",""
B1,4745,10/19/2023 5:30,16.94,0,"","","",""
B1,4746,10/19/2023 5:35,16.94,0,"","","",""
B1,4747,10/19/2023 5:40,16.94,0,"","","",""
B1,4748,10/19/2023 5:45,16.99,0,"","","",""
B1,4749,10/19/2023 5:50,16.94,0,"","","",""
B1,4750,10/19/2023 5:55,16.94,0,"","","",""
B1,4751,10/19/2023 6:00,16.94,0,"","","",""
B1,4752,10/19/2023 6:05,16.94,0,"","","",""
B1,4753,10/19/2023 6:10,16.99,0,"","","",""
B1,4754,10/19/2023 6:15,16.94,0,"","","",""
B1,4755,10/19/2023 6:20,16.94,0,"","","",""
B1,4756,10/19/2023 6:25,16.99,0,"","","",""
B1,4757,10/19/2023 6:30,16.99,0.22,"","","",""
B1,4758,10/19/2023 6:35,16.99,0.44,"","","",""
B1,4759,10/19/2023 6:40,17.03,4.87,"","","",""
B1,4760,10/19/2023 6:45,17.07,19.78,"","","",""
B1,4761,10/19/2023 6:50,17.07,66.38,"","","",""
B1,4762,10/19/2023 6:55,17.16,82.76,"","","",""
B1,4763,10/19/2023 7:00,17.16,93.52,"","","",""
B1,4764,10/19/2023 7:05,17.2,464.48,"","","",""
B1,4765,10/19/2023 7:10,17.2,404.64,"","","",""
B1,4766,10/19/2023 7:15,17.2,524,"","","",""
B1,4767,10/19/2023 7:20,17.24,1019.52,"","","",""
B1,4768,10/19/2023 7:25,17.29,1143.68,"","","",""
B1,4769,10/19/2023 7:30,17.33,1845.76,"","","",""
B1,4770,10/19/2023 7:35,17.37,1328,"","","",""
B1,4771,10/19/2023 7:40,17.41,1770.24,"","","",""
B1,4772,10/19/2023 7:45,17.41,2632.96,"","","",""
B1,4773,10/19/2023 7:50,17.41,488,"","","",""
B1,4774,10/19/2023 7:55,17.46,4759.04,"","","",""
B1,4775,10/19/2023 8:00,17.41,2560.64,"","","",""
B1,4776,10/19/2023 8:05,17.5,2149.12,"","","",""
B1,4777,10/19/2023 8:10,17.54,3329.28,"","","",""
B1,4778,10/19/2023 8:15,17.59,2613.76,"","","",""
B1,4779,10/19/2023 8:20,17.63,4965.12,"","","",""
B1,4780,10/19/2023 8:25,17.72,4184.32,"","","",""
B1,4781,10/19/2023 8:30,17.76,7306.24,"","","",""
B1,4782,10/19/2023 8:35,17.76,1164.16,"","","",""
B1,4783,10/19/2023 8:40,17.76,9262.08,"","","",""
B1,4784,10/19/2023 8:45,17.8,5043.2,"","","",""
B1,4785,10/19/2023 8:50,17.72,5135.36,"","","",""
B1,4786,10/19/2023 8:55,17.89,7226.88,"","","",""
B1,4787,10/19/2023 9:00,17.89,4660.48,"","","",""
B1,4788,10/19/2023 9:05,17.97,12830.72,"","","",""
B1,4789,10/19/2023 9:10,17.97,9638.4,"","","",""
B1,4790,10/19/2023 9:15,18.06,20526.08,"","","",""
B1,4791,10/19/2023 9:20,18.14,5276.16,"","","",""
B1,4792,10/19/2023 9:25,18.14,11048.96,"","","",""
B1,4793,10/19/2023 9:30,18.19,9717.76,"","","",""
B1,4794,10/19/2023 9:35,18.19,18421.76,"","","",""
B1,4795,10/19/2023 9:40,18.06,22702.08,"","","",""
B1,4796,10/19/2023 9:45,18.14,6103.04,"","","",""
B1,4797,10/19/2023 9:50,18.27,7751.68,"","","",""
B1,4798,10/19/2023 9:55,18.27,10496,"","","",""
B1,4799,10/19/2023 10:00,18.23,28559.36,"","","",""
B1,4800,10/19/2023 10:05,18.14,11069.44,"","","",""
B1,4801,10/19/2023 10:10,18.27,17991.68,"","","",""
B1,4802,10/19/2023 10:15,18.14,26849.28,"","","",""
B1,4803,10/19/2023 10:20,18.27,8844.8,"","","",""
B1,4804,10/19/2023 10:25,18.19,9638.4,"","","",""
B1,4805,10/19/2023 10:30,18.19,2762.24,"","","",""
B1,4806,10/19/2023 10:35,18.4,18908.16,"","","",""
B1,4807,10/19/2023 10:40,18.27,7398.4,"","","",""
B1,4808,10/19/2023 10:45,18.23,1459.2,"","","",""
B1,4809,10/19/2023 10:50,18.23,3006.72,"","","",""
B1,4810,10/19/2023 10:55,18.27,1546.88,"","","",""
B1,4811,10/19/2023 11:00,18.36,4060.16,"","","",""
B1,4812,10/19/2023 11:05,18.4,14673.92,"","","",""
B1,4813,10/19/2023 11:10,18.36,14878.72,"","","",""
B1,4814,10/19/2023 11:15,18.4,10327.04,"","","",""
B1,4815,10/19/2023 11:20,18.57,9169.92,"","","",""
B1,4816,10/19/2023 11:25,18.53,2268.16,"","","",""
B1,4817,10/19/2023 11:30,18.49,11345.92,"","","",""
B1,4818,10/19/2023 11:35,18.49,11448.32,"","","",""
B1,4819,10/19/2023 11:40,18.53,6842.88,"","","",""
B1,4820,10/19/2023 11:45,18.53,11438.08,"","","",""
B1,4821,10/19/2023 11:50,18.57,2836.48,"","","",""
B1,4822,10/19/2023 11:55,18.57,5783.04,"","","",""
B1,4823,10/19/2023 12:00,18.57,2308.48,"","","",""
B1,4824,10/19/2023 12:05,18.66,11863.04,"","","",""
B1,4825,10/19/2023 12:10,18.66,11392,"","","",""
B1,4826,10/19/2023 12:15,18.62,3525.12,"","","",""
B1,4827,10/19/2023 12:20,18.7,9313.28,"","","",""
B1,4828,10/19/2023 12:25,18.7,11770.88,"","","",""
B1,4829,10/19/2023 12:30,18.7,1403.52,"","","",""
B1,4830,10/19/2023 12:35,18.74,4883.2,"","","",""
B1,4831,10/19/2023 12:40,18.74,10170.88,"","","",""
B1,4832,10/19/2023 12:45,18.74,12702.72,"","","",""
B1,4833,10/19/2023 12:50,18.79,9994.24,"","","",""
B1,4834,10/19/2023 12:55,18.83,7779.84,"","","",""
B1,4835,10/19/2023 13:00,18.79,724.16,"","","",""
B1,4836,10/19/2023 13:05,18.79,18734.08,"","","",""
B1,4837,10/19/2023 13:10,18.79,4688.64,"","","",""
B1,4838,10/19/2023 13:15,18.96,23654.4,"","","",""
B1,4839,10/19/2023 13:20,18.83,5644.8,"","","",""
B1,4840,10/19/2023 13:25,18.83,3193.6,"","","",""
B1,4841,10/19/2023 13:30,18.87,3692.8,"","","",""
B1,4842,10/19/2023 13:35,18.92,10864.64,"","","",""
B1,4843,10/19/2023 13:40,18.96,8609.28,"","","",""
B1,4844,10/19/2023 13:45,19.05,12974.08,"","","",""
B1,4845,10/19/2023 13:50,19,9136.64,"","","",""
B1,4846,10/19/2023 13:55,19.09,8540.16,"","","",""
B1,4847,10/19/2023 14:00,19.09,6635.52,"","","",""
B1,4848,10/19/2023 14:05,19.13,20951.04,"","","",""
B1,4849,10/19/2023 14:10,19.22,19000.32,"","","",""
B1,4850,10/19/2023 14:15,19.3,13317.12,"","","",""
B1,4851,10/19/2023 14:20,19.22,17438.72,"","","",""
B1,4852,10/19/2023 14:25,19.35,18442.24,"","","",""
B1,4853,10/19/2023 14:30,19.43,6901.76,"","","",""
B1,4854,10/19/2023 14:35,19.6,26818.56,"","","",""
B1,4855,10/19/2023 14:40,19.3,28456.96,"","","",""
B1,4856,10/19/2023 14:45,19.86,23787.52,"","","",""
B1,4857,10/19/2023 14:50,19.73,11970.56,"","","",""
B1,4858,10/19/2023 14:55,20.16,41738.24,"","","",""
B1,4859,10/19/2023 15:00,20.29,26705.92,"","","",""
B1,4860,10/19/2023 15:05,20.12,37191.68,"","","",""
B1,4861,10/19/2023 15:10,20.46,13644.8,"","","",""
B1,4862,10/19/2023 15:15,20.68,23613.44,"","","",""
B1,4863,10/19/2023 15:20,20.12,29450.24,"","","",""
B1,4864,10/19/2023 15:25,20.29,15098.88,"","","",""
B1,4865,10/19/2023 15:30,21.58,53002.24,"","","",""
B1,4866,10/19/2023 15:35,20.63,3852.8,"","","",""
B1,4867,10/19/2023 15:40,20.76,40581.12,"","","",""
B1,4868,10/19/2023 15:45,20.89,16517.12,"","","",""
B1,4869,10/19/2023 15:50,21.1,3655.68,"","","",""
B1,4870,10/19/2023 15:55,21.58,22917.12,"","","",""
B1,4871,10/19/2023 16:00,22.01,9817.6,"","","",""
B1,4872,10/19/2023 16:05,22.13,20008.96,"","","",""
B1,4873,10/19/2023 16:10,21.75,22937.6,"","","",""
B1,4874,10/19/2023 16:15,22.35,13875.2,"","","",""
B1,4875,10/19/2023 16:20,22.48,47779.84,"","","",""
B1,4876,10/19/2023 16:25,22.35,45588.48,"","","",""
B1,4969,10/20/2023 0:10,17.37,0,"","","",""
B1,4970,10/20/2023 0:15,17.24,0,"","","",""
B1,4971,10/20/2023 0:20,17.16,0,"","","",""
B1,4972,10/20/2023 0:25,17.16,0,"","","",""
B1,4973,10/20/2023 0:30,17.11,0,"","","",""
B1,4974,10/20/2023 0:35,17.11,0,"","","",""
B1,4975,10/20/2023 0:40,17.07,0,"","","",""
B1,4976,10/20/2023 0:45,17.03,0,"","","",""
B1,4977,10/20/2023 0:50,17.07,0,"","","",""
B1,4978,10/20/2023 0:55,17.16,0,"","","",""
B1,4979,10/20/2023 1:00,17.11,0,"","","",""
B1,4980,10/20/2023 1:05,17.07,0,"","","",""
B1,4981,10/20/2023 1:10,17.03,0,"","","",""
B1,4982,10/20/2023 1:15,16.94,0,"","","",""
B1,4983,10/20/2023 1:20,16.94,0,"","","",""
B1,4984,10/20/2023 1:25,16.94,0,"","","",""
B1,4985,10/20/2023 1:30,16.94,0,"","","",""
B1,4986,10/20/2023 1:35,16.94,0,"","","",""
B1,4987,10/20/2023 1:40,16.99,0,"","","",""
B1,4988,10/20/2023 1:45,16.99,0,"","","",""
B1,4989,10/20/2023 1:50,16.99,0,"","","",""
B1,4990,10/20/2023 1:55,16.94,0,"","","",""
B1,4991,10/20/2023 2:00,16.94,0,"","","",""
B1,4992,10/20/2023 2:05,16.9,0,"","","",""
B1,4993,10/20/2023 2:10,16.9,0,"","","",""
B1,4994,10/20/2023 2:15,16.94,0,"","","",""
B1,4995,10/20/2023 2:20,16.94,0,"","","",""
B1,4996,10/20/2023 2:25,16.9,0,"","","",""
B1,4997,10/20/2023 2:30,16.9,0,"","","",""
B1,4998,10/20/2023 2:35,16.86,0,"","","",""
B1,4999,10/20/2023 2:40,16.86,0,"","","",""
B1,5000,10/20/2023 2:45,16.86,0,"","","",""
B1,5001,10/20/2023 2:50,16.77,0,"","","",""
B1,5002,10/20/2023 2:55,16.73,0,"","","",""
B1,5003,10/20/2023 3:00,16.73,0,"","","",""
B1,5004,10/20/2023 3:05,16.69,0,"","","",""
B1,5005,10/20/2023 3:10,16.64,0,"","","",""
B1,5006,10/20/2023 3:15,16.64,0,"","","",""
B1,5007,10/20/2023 3:20,16.6,0,"","","",""
B1,5008,10/20/2023 3:25,16.69,0,"","","",""
B1,5009,10/20/2023 3:30,16.69,0,"","","",""
B1,5010,10/20/2023 3:35,16.64,0,"","","",""
B1,5011,10/20/2023 3:40,16.69,0,"","","",""
B1,5012,10/20/2023 3:45,16.69,0,"","","",""
B1,5013,10/20/2023 3:50,16.69,0,"","","",""
B1,5014,10/20/2023 3:55,16.69,0,"","","",""
B1,5015,10/20/2023 4:00,16.64,0,"","","",""
B1,5016,10/20/2023 4:05,16.64,0,"","","",""
B1,5017,10/20/2023 4:10,16.64,0,"","","",""
B1,5018,10/20/2023 4:15,16.56,0,"","","",""
B1,5019,10/20/2023 4:20,16.6,0,"","","",""
B1,5020,10/20/2023 4:25,16.56,0,"","","",""
B1,5021,10/20/2023 4:30,16.56,0,"","","",""
B1,5022,10/20/2023 4:35,16.6,0,"","","",""
B1,5023,10/20/2023 4:40,16.56,0,"","","",""
B1,5024,10/20/2023 4:45,16.56,0,"","","",""
B1,5025,10/20/2023 4:50,16.56,0,"","","",""
B1,5026,10/20/2023 4:55,16.56,0,"","","",""
B1,5027,10/20/2023 5:00,16.56,0,"","","",""
B1,5028,10/20/2023 5:05,16.56,0,"","","",""
B1,5029,10/20/2023 5:10,16.51,0,"","","",""
B1,5030,10/20/2023 5:15,16.51,0,"","","",""
B1,5031,10/20/2023 5:20,16.56,0,"","","",""
B1,5032,10/20/2023 5:25,16.6,0,"","","",""
B1,5033,10/20/2023 5:30,16.6,0,"","","",""
B1,5034,10/20/2023 5:35,16.6,0,"","","",""
B1,5035,10/20/2023 5:40,16.6,0,"","","",""
B1,5036,10/20/2023 5:45,16.56,0,"","","",""
B1,5037,10/20/2023 5:50,16.56,0,"","","",""
B1,5038,10/20/2023 5:55,16.6,0,"","","",""
B1,5039,10/20/2023 6:00,16.56,0,"","","",""
B1,5040,10/20/2023 6:05,16.6,0,"","","",""
B1,5041,10/20/2023 6:10,16.69,0,"","","",""
B1,5042,10/20/2023 6:15,16.73,0,"","","",""
B1,5043,10/20/2023 6:20,16.69,0,"","","",""
B1,5044,10/20/2023 6:25,16.77,0,"","","",""
B1,5045,10/20/2023 6:30,16.81,0.88,"","","",""
B1,5046,10/20/2023 6:35,16.81,1.99,"","","",""
B1,5047,10/20/2023 6:40,16.86,7.09,"","","",""
B1,5048,10/20/2023 6:45,16.86,9.31,"","","",""
B1,5049,10/20/2023 6:50,16.9,50.32,"","","",""
B1,5050,10/20/2023 6:55,16.94,123,"","","",""
B1,5051,10/20/2023 7:00,16.99,82.76,"","","",""
B1,5052,10/20/2023 7:05,16.99,250.48,"","","",""
B1,5053,10/20/2023 7:10,17.07,968,"","","",""
B1,5054,10/20/2023 7:15,17.11,1051.52,"","","",""
B1,5055,10/20/2023 7:20,17.16,796.48,"","","",""
B1,5056,10/20/2023 7:25,17.24,467.84,"","","",""
B1,5057,10/20/2023 7:30,17.2,3773.44,"","","",""
B1,5058,10/20/2023 7:35,17.29,578.08,"","","",""
B1,5059,10/20/2023 7:40,17.29,3714.56,"","","",""
B1,5060,10/20/2023 7:45,17.37,2008.96,"","","",""
B1,5061,10/20/2023 7:50,17.33,7526.4,"","","",""
B1,5062,10/20/2023 7:55,17.37,6151.68,"","","",""
B1,5063,10/20/2023 8:00,17.41,5864.96,"","","",""
B1,5064,10/20/2023 8:05,17.54,8263.68,"","","",""
B1,5065,10/20/2023 8:10,17.5,6128.64,"","","",""
B1,5066,10/20/2023 8:15,17.5,6850.56,"","","",""
B1,5067,10/20/2023 8:20,17.63,1374.08,"","","",""
B1,5068,10/20/2023 8:25,17.54,9149.44,"","","",""
B1,5069,10/20/2023 8:30,17.72,2643.2,"","","",""
B1,5070,10/20/2023 8:35,17.63,2732.8,"","","",""
B1,5071,10/20/2023 8:40,17.63,6461.44,"","","",""
B1,5072,10/20/2023 8:45,17.67,8171.52,"","","",""
B1,5073,10/20/2023 8:50,17.76,7475.2,"","","",""
B1,5074,10/20/2023 8:55,17.76,10419.2,"","","",""
B1,5075,10/20/2023 9:00,17.76,31037.44,"","","",""
B1,5076,10/20/2023 9:05,17.76,11642.88,"","","",""
B1,5077,10/20/2023 9:10,17.8,14730.24,"","","",""
B1,5078,10/20/2023 9:15,17.89,36587.52,"","","",""
B1,5079,10/20/2023 9:20,17.93,4067.84,"","","",""
B1,5080,10/20/2023 9:25,17.97,11381.76,"","","",""
B1,5081,10/20/2023 9:30,17.97,5957.12,"","","",""
B1,5082,10/20/2023 9:35,18.06,17960.96,"","","",""
B1,5083,10/20/2023 9:40,17.93,12979.2,"","","",""
B1,5084,10/20/2023 9:45,17.97,10342.4,"","","",""
B1,5085,10/20/2023 9:50,18.06,18595.84,"","","",""
B1,5086,10/20/2023 9:55,18.06,9966.08,"","","",""
B1,5087,10/20/2023 10:00,18.1,18554.88,"","","",""
B1,5088,10/20/2023 10:05,18.06,15718.4,"","","",""
B1,5089,10/20/2023 10:10,18.19,17945.6,"","","",""
B1,5090,10/20/2023 10:15,18.23,24586.24,"","","",""
B1,5091,10/20/2023 10:20,18.19,10362.88,"","","",""
B1,5092,10/20/2023 10:25,18.14,14469.12,"","","",""
B1,5093,10/20/2023 10:30,18.27,12369.92,"","","",""
B1,5094,10/20/2023 10:35,18.23,28856.32,"","","",""
B1,5095,10/20/2023 10:40,18.4,37785.6,"","","",""
B1,5096,10/20/2023 10:45,18.36,21964.8,"","","",""
B1,5097,10/20/2023 10:50,18.36,10961.92,"","","",""
B1,5098,10/20/2023 10:55,18.44,22702.08,"","","",""
B1,5099,10/20/2023 11:00,18.4,16332.8,"","","",""
B1,5100,10/20/2023 11:05,18.44,1854.72,"","","",""
B1,5101,10/20/2023 11:10,18.49,2668.8,"","","",""
B1,5102,10/20/2023 11:15,18.49,3148.8,"","","",""
B1,5103,10/20/2023 11:20,18.44,22118.4,"","","",""
B1,5104,10/20/2023 11:25,18.49,8540.16,"","","",""
B1,5105,10/20/2023 11:30,18.49,16133.12,"","","",""
B1,5106,10/20/2023 11:35,18.44,1741.44,"","","",""
B1,5107,10/20/2023 11:40,18.44,16885.76,"","","",""
B1,5108,10/20/2023 11:45,18.49,889.28,"","","",""
B1,5109,10/20/2023 11:50,18.44,12170.24,"","","",""
B1,5110,10/20/2023 11:55,18.62,15262.72,"","","",""
B1,5111,10/20/2023 12:00,18.66,13342.72,"","","",""
B1,5112,10/20/2023 12:05,18.49,10022.4,"","","",""
B1,5113,10/20/2023 12:10,18.49,20474.88,"","","",""
B1,5114,10/20/2023 12:15,18.57,679.36,"","","",""
B1,5115,10/20/2023 12:20,18.62,9582.08,"","","",""
B1,5116,10/20/2023 12:25,18.57,20096,"","","",""
B1,5117,10/20/2023 12:30,18.53,18519.04,"","","",""
B1,5118,10/20/2023 12:35,18.53,25272.32,"","","",""
B1,5119,10/20/2023 12:40,18.53,20869.12,"","","",""
B1,5120,10/20/2023 12:45,18.49,8455.68,"","","",""
B1,5121,10/20/2023 12:50,18.57,22292.48,"","","",""
B1,5122,10/20/2023 12:55,18.57,14044.16,"","","",""
B1,5123,10/20/2023 13:00,18.4,10065.92,"","","",""
B1,5124,10/20/2023 13:05,18.44,17116.16,"","","",""
B1,5125,10/20/2023 13:10,18.44,24545.28,"","","",""
B1,5126,10/20/2023 13:15,18.44,10283.52,"","","",""
B1,5127,10/20/2023 13:20,18.4,10711.04,"","","",""
B1,5128,10/20/2023 13:25,18.4,15150.08,"","","",""
B1,5129,10/20/2023 13:30,18.49,14243.84,"","","",""
B1,5130,10/20/2023 13:35,18.44,356.32,"","","",""
B1,5131,10/20/2023 13:40,18.36,8788.48,"","","",""
B1,5132,10/20/2023 13:45,18.57,26542.08,"","","",""
B1,5133,10/20/2023 13:50,18.53,21524.48,"","","",""
B1,5134,10/20/2023 13:55,18.53,19758.08,"","","",""
B1,5135,10/20/2023 14:00,18.4,17336.32,"","","",""
B1,5136,10/20/2023 14:05,18.66,7595.52,"","","",""
B1,5137,10/20/2023 14:10,18.62,18406.4,"","","",""
B1,5138,10/20/2023 14:15,18.7,22425.6,"","","",""
B1,5139,10/20/2023 14:20,18.62,8680.96,"","","",""
B1,5140,10/20/2023 14:25,18.74,10588.16,"","","",""
B1,5141,10/20/2023 14:30,18.7,23951.36,"","","",""
B1,5142,10/20/2023 14:35,18.74,29224.96,"","","",""
B1,5143,10/20/2023 14:40,18.66,15313.92,"","","",""
B1,5144,10/20/2023 14:45,18.4,16179.2,"","","",""
B1,5145,10/20/2023 14:50,18.79,7795.2,"","","",""
B1,5146,10/20/2023 14:55,18.79,13178.88,"","","",""
B1,5147,10/20/2023 15:00,18.87,1127.68,"","","",""
B1,5148,10/20/2023 15:05,18.87,12984.32,"","","",""
B1,5149,10/20/2023 15:10,18.83,10462.72,"","","",""
B1,5150,10/20/2023 15:15,18.96,18631.68,"","","",""
B1,5151,10/20/2023 15:20,18.87,15482.88,"","","",""
B1,5152,10/20/2023 15:25,18.87,17781.76,"","","",""
B1,5153,10/20/2023 15:30,18.96,20044.8,"","","",""
B1,5154,10/20/2023 15:35,18.96,8171.52,"","","",""
B1,5155,10/20/2023 15:40,19,19220.48,"","","",""
B1,5156,10/20/2023 15:45,19.09,6315.52,"","","",""
B1,5157,10/20/2023 15:50,19,13701.12,"","","",""
B1,5158,10/20/2023 15:55,18.96,7731.2,"","","",""
B1,5159,10/20/2023 16:00,19,15779.84,"","","",""
B1,5160,10/20/2023 16:05,19.22,4961.28,"","","",""
B1,5161,10/20/2023 16:10,19.39,10347.52,"","","",""
B1,5162,10/20/2023 16:15,19.22,8632.32,"","","",""
B1,5163,10/20/2023 16:20,19.43,20782.08,"","","",""
B1,5164,10/20/2023 16:25,19.43,29224.96,"","","",""
B1,5165,10/20/2023 16:30,19.77,41687.04,"","","",""
B1,5166,10/20/2023 16:35,19.95,25927.68,"","","",""
B1,5167,10/20/2023 16:40,19.77,15191.04,"","","",""
B1,5168,10/20/2023 16:45,19.56,4780.8,"","","",""
B1,5169,10/20/2023 16:50,19.65,30863.36,"","","",""
B1,5170,10/20/2023 16:55,20.03,26275.84,"","","",""
B1,5171,10/20/2023 17:00,19.73,10808.32,"","","",""
B1,5172,10/20/2023 17:05,19.52,17582.08,"","","",""
B1,5173,10/20/2023 17:10,18.87,954.88,"","","",""
B1,5174,10/20/2023 17:15,18.79,5944.32,"","","",""
B1,5175,10/20/2023 17:20,18.74,5580.8,"","","",""
B1,5176,10/20/2023 17:25,18.7,3815.68,"","","",""
B1,5177,10/20/2023 17:30,18.7,2291.2,"","","",""
B1,5178,10/20/2023 17:35,18.66,4428.8,"","","",""
B1,5275,10/21/2023 1:40,16.21,0,"","","",""
B1,5276,10/21/2023 1:45,16.17,0,"","","",""
B1,5277,10/21/2023 1:50,16.08,0,"","","",""
B1,5278,10/21/2023 1:55,16.13,0,"","","",""
B1,5279,10/21/2023 2:00,16.13,0,"","","",""
B1,5280,10/21/2023 2:05,16.17,0,"","","",""
B1,5281,10/21/2023 2:10,16.17,0,"","","",""
B1,5282,10/21/2023 2:15,16.21,0,"","","",""
B1,5283,10/21/2023 2:20,16.17,0,"","","",""
B1,5284,10/21/2023 2:25,16.21,0.22,"","","",""
B1,5285,10/21/2023 2:30,16.21,0,"","","",""
B1,5286,10/21/2023 2:35,16.17,0,"","","",""
B1,5287,10/21/2023 2:40,16.21,0,"","","",""
B1,5288,10/21/2023 2:45,16.17,0,"","","",""
B1,5289,10/21/2023 2:50,16.21,0,"","","",""
B1,5290,10/21/2023 2:55,16.21,0,"","","",""
B1,5291,10/21/2023 3:00,16.17,0,"","","",""
B1,5292,10/21/2023 3:05,16.21,0,"","","",""
B1,5293,10/21/2023 3:10,16.17,0,"","","",""
B1,5294,10/21/2023 3:15,16.17,0,"","","",""
B1,5295,10/21/2023 3:20,16.21,0,"","","",""
B1,5296,10/21/2023 3:25,16.13,0,"","","",""
B1,5297,10/21/2023 3:30,16.13,0,"","","",""
B1,5298,10/21/2023 3:35,16.13,0,"","","",""
B1,5299,10/21/2023 3:40,16.13,0,"","","",""
B1,5300,10/21/2023 3:45,16.13,0,"","","",""
B1,5301,10/21/2023 3:50,16.08,0,"","","",""
B1,5302,10/21/2023 3:55,16.08,0,"","","",""
B1,5303,10/21/2023 4:00,16.04,0,"","","",""
B1,5304,10/21/2023 4:05,16,0,"","","",""
B1,5305,10/21/2023 4:10,16.04,0,"","","",""
B1,5306,10/21/2023 4:15,15.96,0,"","","",""
B1,5307,10/21/2023 4:20,15.96,0,"","","",""
B1,5308,10/21/2023 4:25,15.91,0,"","","",""
B1,5309,10/21/2023 4:30,15.83,0,"","","",""
B1,5310,10/21/2023 4:35,15.87,0,"","","",""
B1,5311,10/21/2023 4:40,15.87,0,"","","",""
B1,5312,10/21/2023 4:45,15.87,0,"","","",""
B1,5313,10/21/2023 4:50,15.91,0,"","","",""
B1,5314,10/21/2023 4:55,15.83,0,"","","",""
B1,5315,10/21/2023 5:00,15.83,0,"","","",""
B1,5316,10/21/2023 5:05,15.83,0,"","","",""
B1,5317,10/21/2023 5:10,15.78,0,"","","",""
B1,5318,10/21/2023 5:15,15.78,0,"","","",""
B1,5319,10/21/2023 5:20,15.78,0,"","","",""
B1,5320,10/21/2023 5:25,15.74,0,"","","",""
B1,5321,10/21/2023 5:30,15.83,0,"","","",""
B1,5322,10/21/2023 5:35,15.83,0,"","","",""
B1,5323,10/21/2023 5:40,15.83,0,"","","",""
B1,5324,10/21/2023 5:45,15.83,0,"","","",""
B1,5325,10/21/2023 5:50,15.78,0,"","","",""
B1,5326,10/21/2023 5:55,15.78,0,"","","",""
B1,5327,10/21/2023 6:00,15.78,0,"","","",""
B1,5328,10/21/2023 6:05,15.87,0,"","","",""
B1,5329,10/21/2023 6:10,15.83,0,"","","",""
B1,5330,10/21/2023 6:15,15.78,0,"","","",""
B1,5331,10/21/2023 6:20,15.78,0,"","","",""
B1,5332,10/21/2023 6:25,15.87,0,"","","",""
B1,5333,10/21/2023 6:30,15.78,0,"","","",""
B1,5334,10/21/2023 6:35,15.74,0.22,"","","",""
B1,5335,10/21/2023 6:40,15.74,3.76,"","","",""
B1,5336,10/21/2023 6:45,15.78,23.99,"","","",""
B1,5337,10/21/2023 6:50,15.74,25.43,"","","",""
B1,5338,10/21/2023 6:55,15.7,163.12,"","","",""
B1,5339,10/21/2023 7:00,15.78,404.32,"","","",""
B1,5340,10/21/2023 7:05,15.83,436,"","","",""
B1,5341,10/21/2023 7:10,15.91,502.72,"","","",""
B1,5342,10/21/2023 7:15,15.87,1032.96,"","","",""
B1,5343,10/21/2023 7:20,15.91,1218.24,"","","",""
B1,5344,10/21/2023 7:25,15.87,1468.16,"","","",""
B1,5345,10/21/2023 7:30,15.78,2248.32,"","","",""
B1,5346,10/21/2023 7:35,15.83,1633.28,"","","",""
B1,5347,10/21/2023 7:40,15.87,3033.6,"","","",""
B1,5348,10/21/2023 7:45,15.96,1113.6,"","","",""
B1,5349,10/21/2023 7:50,15.96,1304.96,"","","",""
B1,5350,10/21/2023 7:55,16.13,4294.4,"","","",""
B1,5351,10/21/2023 8:00,16.13,9758.72,"","","",""
B1,5352,10/21/2023 8:05,16.26,11494.4,"","","",""
B1,5353,10/21/2023 8:10,16.26,8660.48,"","","",""
B1,5354,10/21/2023 8:15,16.43,4163.84,"","","",""
B1,5355,10/21/2023 8:20,16.39,10915.84,"","","",""
B1,5356,10/21/2023 8:25,16.51,19215.36,"","","",""
B1,5357,10/21/2023 8:30,16.47,7823.36,"","","",""
B1,5358,10/21/2023 8:35,16.47,8524.8,"","","",""
B1,5359,10/21/2023 8:40,16.51,664,"","","",""
B1,5360,10/21/2023 8:45,16.43,10777.6,"","","",""
B1,5361,10/21/2023 8:50,16.64,2618.88,"","","",""
B1,5362,10/21/2023 8:55,16.81,23808,"","","",""
B1,5363,10/21/2023 9:00,16.77,14361.6,"","","",""
B1,5364,10/21/2023 9:05,16.77,9354.24,"","","",""
B1,5365,10/21/2023 9:10,16.86,24360.96,"","","",""
B1,5366,10/21/2023 9:15,16.86,28958.72,"","","",""
B1,5367,10/21/2023 9:20,16.94,23347.2,"","","",""
B1,5368,10/21/2023 9:25,17.11,19389.44,"","","",""
B1,5369,10/21/2023 9:30,16.99,30484.48,"","","",""
B1,5370,10/21/2023 9:35,17.24,21964.8,"","","",""
B1,5371,10/21/2023 9:40,17.16,16844.8,"","","",""
B1,5372,10/21/2023 9:45,17.29,28139.52,"","","",""
B1,5373,10/21/2023 9:50,17.33,40611.84,"","","",""
B1,5374,10/21/2023 9:55,17.37,22343.68,"","","",""
B1,5375,10/21/2023 10:00,17.37,20951.04,"","","",""
B1,5376,10/21/2023 10:05,17.5,28794.88,"","","",""
B1,5377,10/21/2023 10:10,17.5,44851.2,"","","",""
B1,5378,10/21/2023 10:15,17.67,26931.2,"","","",""
B1,5379,10/21/2023 10:20,17.67,18698.24,"","","",""
B1,5380,10/21/2023 10:25,17.72,15892.48,"","","",""
B1,5381,10/21/2023 10:30,17.84,30494.72,"","","",""
B1,5382,10/21/2023 10:35,17.93,55623.68,"","","",""
B1,5383,10/21/2023 10:40,17.89,2204.16,"","","",""
B1,5384,10/21/2023 10:45,18.02,42864.64,"","","",""
B1,5385,10/21/2023 10:50,17.84,8709.12,"","","",""
B1,5386,10/21/2023 10:55,18.02,46448.64,"","","",""
B1,5387,10/21/2023 11:00,17.97,5672.96,"","","",""
B1,5388,10/21/2023 11:05,17.93,4266.24,"","","",""
B1,5389,10/21/2023 11:10,18.06,38246.4,"","","",""
B1,5390,10/21/2023 11:15,18.06,26122.24,"","","",""
B1,5391,10/21/2023 11:20,18.06,24115.2,"","","",""
B1,5392,10/21/2023 11:25,18.27,36055.04,"","","",""
B1,5393,10/21/2023 11:30,18.23,13434.88,"","","",""
B1,5394,10/21/2023 11:35,18.19,1296.96,"","","",""
B1,5395,10/21/2023 11:40,18.14,24043.52,"","","",""
B1,5396,10/21/2023 11:45,18.27,12078.08,"","","",""
B1,5397,10/21/2023 11:50,18.19,19379.2,"","","",""
B1,5398,10/21/2023 11:55,18.23,18073.6,"","","",""
B1,5399,10/21/2023 12:00,18.27,33290.24,"","","",""
B1,5400,10/21/2023 12:05,18.4,51630.08,"","","",""
B1,5401,10/21/2023 12:10,18.44,51056.64,"","","",""
B1,5402,10/21/2023 12:15,18.4,33566.72,"","","",""
B1,5403,10/21/2023 12:20,18.44,1525.12,"","","",""
B1,5404,10/21/2023 12:25,18.49,28866.56,"","","",""
B1,5405,10/21/2023 12:30,18.49,14172.16,"","","",""
B1,5406,10/21/2023 12:35,18.4,18590.72,"","","",""
B1,5407,10/21/2023 12:40,18.53,38768.64,"","","",""
B1,5408,10/21/2023 12:45,18.53,9433.6,"","","",""
B1,5409,10/21/2023 12:50,18.36,24627.2,"","","",""
B1,5410,10/21/2023 12:55,18.4,25149.44,"","","",""
B1,5411,10/21/2023 13:00,18.62,917.44,"","","",""
B1,5412,10/21/2023 13:05,18.36,14617.6,"","","",""
B1,5413,10/21/2023 13:10,18.66,24678.4,"","","",""
B1,5414,10/21/2023 13:15,18.4,19512.32,"","","",""
B1,5415,10/21/2023 13:20,18.44,33873.92,"","","",""
B1,5416,10/21/2023 13:25,18.49,31631.36,"","","",""
B1,5417,10/21/2023 13:30,18.4,21360.64,"","","",""
B1,5418,10/21/2023 13:35,18.53,24576,"","","",""
B1,5419,10/21/2023 13:40,18.4,17868.8,"","","",""
B1,5420,10/21/2023 13:45,18.53,27904,"","","",""
B1,5421,10/21/2023 13:50,18.57,22323.2,"","","",""
B1,5422,10/21/2023 13:55,18.49,8857.6,"","","",""
B1,5423,10/21/2023 14:00,18.49,21995.52,"","","",""
B1,5424,10/21/2023 14:05,18.44,19640.32,"","","",""
B1,5425,10/21/2023 14:10,18.62,23152.64,"","","",""
B1,5426,10/21/2023 14:15,18.49,13701.12,"","","",""
B1,5427,10/21/2023 14:20,18.53,21053.44,"","","",""
B1,5428,10/21/2023 14:25,18.57,13107.2,"","","",""
B1,5429,10/21/2023 14:30,18.66,17658.88,"","","",""
B1,5430,10/21/2023 14:35,18.49,15303.68,"","","",""
B1,5431,10/21/2023 14:40,18.44,14136.32,"","","",""
B1,5432,10/21/2023 14:45,18.62,15395.84,"","","",""
B1,5433,10/21/2023 14:50,18.62,16660.48,"","","",""
B1,5434,10/21/2023 14:55,18.57,654.72,"","","",""
B1,5435,10/21/2023 15:00,18.44,14197.76,"","","",""
B1,5436,10/21/2023 15:05,18.4,2565.76,"","","",""
B1,5437,10/21/2023 15:10,18.57,15191.04,"","","",""
B1,5438,10/21/2023 15:15,18.57,3589.12,"","","",""
B1,5439,10/21/2023 15:20,18.62,20244.48,"","","",""
B1,5440,10/21/2023 15:25,18.62,6302.72,"","","",""
B1,5441,10/21/2023 15:30,18.53,7431.68,"","","",""
B1,5442,10/21/2023 15:35,18.53,10808.32,"","","",""
B1,5443,10/21/2023 15:40,18.62,11586.56,"","","",""
B1,5444,10/21/2023 15:45,18.53,12574.72,"","","",""
B1,5445,10/21/2023 15:50,18.49,11484.16,"","","",""
B1,5446,10/21/2023 15:55,18.53,6387.2,"","","",""
B1,5447,10/21/2023 16:00,18.44,9036.8,"","","",""
B1,5448,10/21/2023 16:05,18.53,10961.92,"","","",""
B1,5449,10/21/2023 16:10,18.53,14899.2,"","","",""
B1,5450,10/21/2023 16:15,18.4,10992.64,"","","",""
B1,5451,10/21/2023 16:20,18.49,7639.04,"","","",""
B1,5452,10/21/2023 16:25,18.44,13409.28,"","","",""
B1,5453,10/21/2023 16:30,18.4,8709.12,"","","",""
B1,5454,10/21/2023 16:35,18.36,5191.68,"","","",""
B1,5455,10/21/2023 16:40,18.4,4812.8,"","","",""
B1,5456,10/21/2023 16:45,18.4,9169.92,"","","",""
B1,5457,10/21/2023 16:50,18.27,7052.8,"","","",""
B1,5458,10/21/2023 16:55,18.32,7526.4,"","","",""
B1,5459,10/21/2023 17:00,18.23,3639.04,"","","",""
B1,5460,10/21/2023 17:05,18.19,4752.64,"","","",""
B1,5461,10/21/2023 17:10,18.1,2597.76,"","","",""
B1,5462,10/21/2023 17:15,18.06,1428.48,"","","",""
B1,5463,10/21/2023 17:20,18.02,581.6,"","","",""
B1,5464,10/21/2023 17:25,18.06,2505.6,"","","",""
B1,5465,10/21/2023 17:30,18.02,2945.28,"","","",""
B1,5466,10/21/2023 17:35,17.93,2017.92,"","","",""
B1,5467,10/21/2023 17:40,17.93,2772.48,"","","",""
B1,5468,10/21/2023 17:45,17.93,1648,"","","",""
B1,5469,10/21/2023 17:50,17.89,1172.16,"","","",""
B1,5470,10/21/2023 17:55,17.89,1072.64,"","","",""
B1,5471,10/21/2023 18:00,17.89,312.72,"","","",""
B1,5472,10/21/2023 18:05,17.84,464.32,"","","",""
B1,5473,10/21/2023 18:10,17.76,351.04,"","","",""
B1,5474,10/21/2023 18:15,17.76,410.24,"","","",""
B1,5475,10/21/2023 18:20,17.76,108.84,"","","",""
B1,5476,10/21/2023 18:25,17.72,38.29,"","","",""
B1,5477,10/21/2023 18:30,17.67,22.69,"","","",""
B1,5478,10/21/2023 18:35,17.67,3.1,"","","",""
B1,5479,10/21/2023 18:40,17.63,0.66,"","","",""
B1,5480,10/21/2023 18:45,17.63,0.22,"","","",""
B1,5481,10/21/2023 18:50,17.54,0,"","","",""
B1,5482,10/21/2023 18:55,17.59,0,"","","",""
B1,5574,10/22/2023 2:35,16.64,0,"","","",""
B1,5575,10/22/2023 2:40,16.64,0,"","","",""
B1,5576,10/22/2023 2:45,16.64,0,"","","",""
B1,5577,10/22/2023 2:50,16.73,0,"","","",""
B1,5578,10/22/2023 2:55,16.69,0,"","","",""
B1,5579,10/22/2023 3:00,16.73,0,"","","",""
B1,5580,10/22/2023 3:05,16.73,0,"","","",""
B1,5581,10/22/2023 3:10,16.73,0,"","","",""
B1,5582,10/22/2023 3:15,16.73,0,"","","",""
B1,5583,10/22/2023 3:20,16.73,0,"","","",""
B1,5584,10/22/2023 3:25,16.77,0,"","","",""
B1,5585,10/22/2023 3:30,16.77,0,"","","",""
B1,5586,10/22/2023 3:35,16.73,0,"","","",""
B1,5587,10/22/2023 3:40,16.77,0,"","","",""
B1,5588,10/22/2023 3:45,16.77,0,"","","",""
B1,5589,10/22/2023 3:50,16.81,0,"","","",""
B1,5590,10/22/2023 3:55,16.81,0,"","","",""
B1,5591,10/22/2023 4:00,16.77,0,"","","",""
B1,5592,10/22/2023 4:05,16.81,0,"","","",""
B1,5593,10/22/2023 4:10,16.81,0,"","","",""
B1,5594,10/22/2023 4:15,16.77,0,"","","",""
B1,5595,10/22/2023 4:20,16.77,0,"","","",""
B1,5596,10/22/2023 4:25,16.73,0,"","","",""
B1,5597,10/22/2023 4:30,16.77,0,"","","",""
B1,5598,10/22/2023 4:35,16.77,0,"","","",""
B1,5599,10/22/2023 4:40,16.77,0,"","","",""
B1,5600,10/22/2023 4:45,16.77,0,"","","",""
B1,5601,10/22/2023 4:50,16.77,0,"","","",""
B1,5602,10/22/2023 4:55,16.77,0,"","","",""
B1,5603,10/22/2023 5:00,16.81,0,"","","",""
B1,5604,10/22/2023 5:05,16.77,0,"","","",""
B1,5605,10/22/2023 5:10,16.77,0,"","","",""
B1,5606,10/22/2023 5:15,16.77,0,"","","",""
B1,5607,10/22/2023 5:20,16.77,0,"","","",""
B1,5608,10/22/2023 5:25,16.77,0,"","","",""
B1,5609,10/22/2023 5:30,16.77,0,"","","",""
B1,5610,10/22/2023 5:35,16.73,0,"","","",""
B1,5611,10/22/2023 5:40,16.77,0,"","","",""
B1,5612,10/22/2023 5:45,16.73,0,"","","",""
B1,5613,10/22/2023 5:50,16.77,0,"","","",""
B1,5614,10/22/2023 5:55,16.69,0,"","","",""
B1,5615,10/22/2023 6:00,16.73,0,"","","",""
B1,5616,10/22/2023 6:05,16.69,0,"","","",""
B1,5617,10/22/2023 6:10,16.69,0,"","","",""
B1,5618,10/22/2023 6:15,16.73,0,"","","",""
B1,5619,10/22/2023 6:20,16.73,0,"","","",""
B1,5620,10/22/2023 6:25,16.69,0,"","","",""
B1,5621,10/22/2023 6:30,16.64,0,"","","",""
B1,5622,10/22/2023 6:35,16.64,0.88,"","","",""
B1,5623,10/22/2023 6:40,16.64,1.77,"","","",""
B1,5624,10/22/2023 6:45,16.69,10.64,"","","",""
B1,5625,10/22/2023 6:50,16.64,47.66,"","","",""
B1,5626,10/22/2023 6:55,16.69,88.32,"","","",""
B1,5627,10/22/2023 7:00,16.69,245.12,"","","",""
B1,5628,10/22/2023 7:05,16.64,336,"","","",""
B1,5629,10/22/2023 7:10,16.69,569.6,"","","",""
B1,5630,10/22/2023 7:15,16.69,1316.48,"","","",""
B1,5631,10/22/2023 7:20,16.64,881.28,"","","",""
B1,5632,10/22/2023 7:25,16.64,1323.52,"","","",""
B1,5633,10/22/2023 7:30,16.69,1704.96,"","","",""
B1,5634,10/22/2023 7:35,16.69,2468.48,"","","",""
B1,5635,10/22/2023 7:40,16.73,4273.92,"","","",""
B1,5636,10/22/2023 7:45,16.77,4883.2,"","","",""
B1,5637,10/22/2023 7:50,16.81,2301.44,"","","",""
B1,5638,10/22/2023 7:55,16.77,8624.64,"","","",""
B1,5639,10/22/2023 8:00,16.77,3537.92,"","","",""
B1,5640,10/22/2023 8:05,16.86,5141.76,"","","",""
B1,5641,10/22/2023 8:10,16.94,4180.48,"","","",""
B1,5642,10/22/2023 8:15,16.94,752.64,"","","",""
B1,5643,10/22/2023 8:20,17.03,8268.8,"","","",""
B1,5644,10/22/2023 8:25,17.11,9121.28,"","","",""
B1,5645,10/22/2023 8:30,17.16,12513.28,"","","",""
B1,5646,10/22/2023 8:35,17.16,16481.28,"","","",""
B1,5647,10/22/2023 8:40,17.29,8993.28,"","","",""
B1,5648,10/22/2023 8:45,17.41,12579.84,"","","",""
B1,5649,10/22/2023 8:50,17.41,33443.84,"","","",""
B1,5650,10/22/2023 8:55,17.41,5524.48,"","","",""
B1,5651,10/22/2023 9:00,17.54,28262.4,"","","",""
B1,5652,10/22/2023 9:05,17.59,36014.08,"","","",""
B1,5653,10/22/2023 9:10,17.54,15447.04,"","","",""
B1,5654,10/22/2023 9:15,17.72,4071.68,"","","",""
B1,5655,10/22/2023 9:20,17.89,51159.04,"","","",""
B1,5656,10/22/2023 9:25,17.89,20224,"","","",""
B1,5657,10/22/2023 9:30,18.02,29020.16,"","","",""
B1,5658,10/22/2023 9:35,18.1,15298.56,"","","",""
B1,5659,10/22/2023 9:40,18.57,49090.56,"","","",""
B1,5660,10/22/2023 9:45,18.19,12108.8,"","","",""
B1,5661,10/22/2023 9:50,18.02,34836.48,"","","",""
B1,5662,10/22/2023 9:55,18.02,19046.4,"","","",""
B1,5663,10/22/2023 10:00,18.14,7449.6,"","","",""
B1,5664,10/22/2023 10:05,18.06,23193.6,"","","",""
B1,5665,10/22/2023 10:10,18.32,19850.24,"","","",""
B1,5666,10/22/2023 10:15,18.44,16199.68,"","","",""
B1,5667,10/22/2023 10:20,18.44,48476.16,"","","",""
B1,5668,10/22/2023 10:25,18.53,47513.6,"","","",""
B1,5669,10/22/2023 10:30,18.96,72478.72,"","","",""
B1,5670,10/22/2023 10:35,18.83,67174.4,"","","",""
B1,5671,10/22/2023 10:40,18.44,51425.28,"","","",""
B1,5672,10/22/2023 10:45,19,19256.32,"","","",""
B1,5673,10/22/2023 10:50,18.87,19696.64,"","","",""
B1,5674,10/22/2023 10:55,18.74,34119.68,"","","",""
B1,5675,10/22/2023 11:00,18.92,33075.2,"","","",""
B1,5676,10/22/2023 11:05,19,26316.8,"","","",""
B1,5677,10/22/2023 11:10,18.92,21237.76,"","","",""
B1,5678,10/22/2023 11:15,18.83,39034.88,"","","",""
B1,5679,10/22/2023 11:20,18.83,52776.96,"","","",""
B1,5680,10/22/2023 11:25,18.83,27781.12,"","","",""
B1,5681,10/22/2023 11:30,18.92,54640.64,"","","",""
B1,5682,10/22/2023 11:35,19.05,4035.84,"","","",""
B1,5683,10/22/2023 11:40,19.17,65167.36,"","","",""
B1,5684,10/22/2023 11:45,19,50974.72,"","","",""
B1,5685,10/22/2023 11:50,18.92,13419.52,"","","",""
B1,5686,10/22/2023 11:55,18.92,60805.12,"","","",""
B1,5687,10/22/2023 12:00,18.96,31262.72,"","","",""
B1,5688,10/22/2023 12:05,18.87,18872.32,"","","",""
B1,5689,10/22/2023 12:10,19.13,27688.96,"","","",""
B1,5690,10/22/2023 12:15,18.96,42926.08,"","","",""
B1,5691,10/22/2023 12:20,19.05,36710.4,"","","",""
B1,5692,10/22/2023 12:25,18.83,13250.56,"","","",""
B1,5693,10/22/2023 12:30,19.09,19896.32,"","","",""
B1,5694,10/22/2023 12:35,18.92,49438.72,"","","",""
B1,5695,10/22/2023 12:40,19,25088,"","","",""
B1,5696,10/22/2023 12:45,18.79,15370.24,"","","",""
B1,5697,10/22/2023 12:50,18.74,27791.36,"","","",""
B1,5698,10/22/2023 12:55,18.96,31549.44,"","","",""
B1,5699,10/22/2023 13:00,18.92,48353.28,"","","",""
B1,5700,10/22/2023 13:05,18.83,44318.72,"","","",""
B1,5701,10/22/2023 13:10,18.83,17909.76,"","","",""
B1,5702,10/22/2023 13:15,18.96,51384.32,"","","",""
B1,5703,10/22/2023 13:20,18.87,25415.68,"","","",""
B1,5704,10/22/2023 13:25,18.87,30904.32,"","","",""
B1,5705,10/22/2023 13:30,18.79,24442.88,"","","",""
B1,5706,10/22/2023 13:35,18.83,8263.68,"","","",""
B1,5707,10/22/2023 13:40,18.87,20567.04,"","","",""
B1,5708,10/22/2023 13:45,19.09,24555.52,"","","",""
B1,5709,10/22/2023 13:50,18.83,24074.24,"","","",""
B1,5710,10/22/2023 13:55,18.92,30750.72,"","","",""
B1,5711,10/22/2023 14:00,18.79,23726.08,"","","",""
B1,5712,10/22/2023 14:05,18.96,42885.12,"","","",""
B1,5713,10/22/2023 14:10,18.66,11043.84,"","","",""
B1,5714,10/22/2023 14:15,18.49,16803.84,"","","",""
B1,5715,10/22/2023 14:20,18.53,9369.6,"","","",""
B1,5716,10/22/2023 14:25,18.4,8632.32,"","","",""
B1,5717,10/22/2023 14:30,18.44,19287.04,"","","",""
B1,5718,10/22/2023 14:35,18.57,22292.48,"","","",""
B1,5719,10/22/2023 14:40,18.62,26951.68,"","","",""
B1,5720,10/22/2023 14:45,18.62,8056.32,"","","",""
B1,5721,10/22/2023 14:50,18.36,16020.48,"","","",""
B1,5722,10/22/2023 14:55,18.32,12072.96,"","","",""
B1,5723,10/22/2023 15:00,18.4,10823.68,"","","",""
B1,5724,10/22/2023 15:05,18.62,19297.28,"","","",""
B1,5725,10/22/2023 15:10,18.62,21207.04,"","","",""
B1,5726,10/22/2023 15:15,18.62,9269.76,"","","",""
B1,5727,10/22/2023 15:20,18.74,23859.2,"","","",""
B1,5728,10/22/2023 15:25,18.83,29644.8,"","","",""
B1,5729,10/22/2023 15:30,18.7,6205.44,"","","",""
B1,5730,10/22/2023 15:35,18.66,11381.76,"","","",""
B1,5731,10/22/2023 15:40,18.57,14981.12,"","","",""
B1,5732,10/22/2023 15:45,18.53,5263.36,"","","",""
B1,5733,10/22/2023 15:50,18.74,8857.6,"","","",""
B1,5734,10/22/2023 15:55,18.87,15779.84,"","","",""
B1,5735,10/22/2023 16:00,18.49,5660.16,"","","",""
B1,5736,10/22/2023 16:05,18.62,4759.04,"","","",""
B1,5737,10/22/2023 16:10,18.7,8796.16,"","","",""
B1,5738,10/22/2023 16:15,18.92,17290.24,"","","",""
B1,5739,10/22/2023 16:20,18.66,8043.52,"","","",""
B1,5740,10/22/2023 16:25,18.57,10895.36,"","","",""
B1,5741,10/22/2023 16:30,18.66,7306.24,"","","",""
B1,5742,10/22/2023 16:35,18.7,5429.76,"","","",""
B1,5743,10/22/2023 16:40,18.7,12789.76,"","","",""
B1,5744,10/22/2023 16:45,18.7,2583.68,"","","",""
B1,5745,10/22/2023 16:50,18.66,4092.16,"","","",""
B1,5746,10/22/2023 16:55,18.62,2055.04,"","","",""
B1,5747,10/22/2023 17:00,18.62,2044.16,"","","",""
B1,5748,10/22/2023 17:05,18.62,2083.2,"","","",""
B1,5749,10/22/2023 17:10,18.66,590.4,"","","",""
B1,5750,10/22/2023 17:15,18.79,2372.48,"","","",""
B1,5751,10/22/2023 17:20,18.83,1663.36,"","","",""
B1,5752,10/22/2023 17:25,18.7,1591.04,"","","",""
B1,5753,10/22/2023 17:30,18.66,1232.32,"","","",""
B1,5754,10/22/2023 17:35,18.74,1753.6,"","","",""
B1,5755,10/22/2023 17:40,18.87,1284.8,"","","",""
B1,5756,10/22/2023 17:45,18.92,823.68,"","","",""
B1,5757,10/22/2023 17:50,18.92,1203.84,"","","",""
B1,5758,10/22/2023 17:55,18.83,711.36,"","","",""
B1,5759,10/22/2023 18:00,18.92,452.8,"","","",""
B1,5760,10/22/2023 18:05,18.92,275.76,"","","",""
B1,5761,10/22/2023 18:10,18.87,224.56,"","","",""
B1,5762,10/22/2023 18:15,18.96,17.98,"","","",""
B1,5763,10/22/2023 18:20,19,29.81,"","","",""
B1,5764,10/22/2023 18:25,18.96,21.8,"","","",""
B1,5765,10/22/2023 18:30,19,2.21,"","","",""
B1,5766,10/22/2023 18:35,19,2.66,"","","",""
B1,5767,10/22/2023 18:40,18.83,0.44,"","","",""
B1,5768,10/22/2023 18:45,18.92,0.22,"","","",""
B1,5769,10/22/2023 18:50,18.96,0,"","","",""
B1,5770,10/22/2023 18:55,18.96,0,"","","",""
B1,5771,10/22/2023 19:00,18.96,0,"","","",""
B1,5772,10/22/2023 19:05,19.05,0,"","","",""
B1,5773,10/22/2023 19:10,19.05,0,"","","",""
B1,5774,10/22/2023 19:15,19.05,0,"","","",""
B1,5775,10/22/2023 19:20,19,0,"","","",""
B1,5776,10/22/2023 19:25,19,0,"","","",""
B1,5777,10/22/2023 19:30,18.96,0,"","","",""
B1,5778,10/22/2023 19:35,19,0,"","","",""
B1,5779,10/22/2023 19:40,18.96,0,"","","",""
B1,5780,10/22/2023 19:45,18.96,0,"","","",""
B1,5781,10/22/2023 19:50,18.96,0,"","","",""
B1,5782,10/22/2023 19:55,18.92,0,"","","",""
B1,5783,10/22/2023 20:00,18.92,0,"","","",""
B1,5784,10/22/2023 20:05,18.87,0,"","","",""
B1,5785,10/22/2023 20:10,18.79,0,"","","",""
B1,5786,10/22/2023 20:15,18.83,0,"","","",""
B1,5871,10/23/2023 3:20,17.41,0,"","","",""
B1,5872,10/23/2023 3:25,17.5,0,"","","",""
B1,5873,10/23/2023 3:30,17.41,0,"","","",""
B1,5874,10/23/2023 3:35,17.54,0.22,"","","",""
B1,5875,10/23/2023 3:40,17.5,0,"","","",""
B1,5876,10/23/2023 3:45,17.5,0,"","","",""
B1,5877,10/23/2023 3:50,17.54,0,"","","",""
B1,5878,10/23/2023 3:55,17.59,0,"","","",""
B1,5879,10/23/2023 4:00,17.63,0,"","","",""
B1,5880,10/23/2023 4:05,17.59,0,"","","",""
B1,5881,10/23/2023 4:10,17.63,0,"","","",""
B1,5882,10/23/2023 4:15,17.59,0,"","","",""
B1,5883,10/23/2023 4:20,17.59,0,"","","",""
B1,5884,10/23/2023 4:25,17.54,0,"","","",""
B1,5885,10/23/2023 4:30,17.59,0,"","","",""
B1,5886,10/23/2023 4:35,17.59,0,"","","",""
B1,5887,10/23/2023 4:40,17.54,0,"","","",""
B1,5888,10/23/2023 4:45,17.59,0,"","","",""
B1,5889,10/23/2023 4:50,17.54,0,"","","",""
B1,5890,10/23/2023 4:55,17.5,0,"","","",""
B1,5891,10/23/2023 5:00,17.5,0,"","","",""
B1,5892,10/23/2023 5:05,17.46,0,"","","",""
B1,5893,10/23/2023 5:10,17.41,0,"","","",""
B1,5894,10/23/2023 5:15,17.46,0,"","","",""
B1,5895,10/23/2023 5:20,17.41,0,"","","",""
B1,5896,10/23/2023 5:25,17.37,0,"","","",""
B1,5897,10/23/2023 5:30,17.33,0,"","","",""
B1,5898,10/23/2023 5:35,17.37,0,"","","",""
B1,5899,10/23/2023 5:40,17.29,0,"","","",""
B1,5900,10/23/2023 5:45,17.33,0,"","","",""
B1,5901,10/23/2023 5:50,17.29,0,"","","",""
B1,5902,10/23/2023 5:55,17.29,0,"","","",""
B1,5903,10/23/2023 6:00,17.24,0,"","","",""
B1,5904,10/23/2023 6:05,17.24,0,"","","",""
B1,5905,10/23/2023 6:10,17.2,0,"","","",""
B1,5906,10/23/2023 6:15,17.2,0,"","","",""
B1,5907,10/23/2023 6:20,17.11,0,"","","",""
B1,5908,10/23/2023 6:25,17.16,0,"","","",""
B1,5909,10/23/2023 6:30,17.16,0,"","","",""
B1,5910,10/23/2023 6:35,17.07,0,"","","",""
B1,5911,10/23/2023 6:40,17.07,0.22,"","","",""
B1,5912,10/23/2023 6:45,17.03,2.43,"","","",""
B1,5913,10/23/2023 6:50,16.99,1.77,"","","",""
B1,5914,10/23/2023 6:55,16.94,12.85,"","","",""
B1,5915,10/23/2023 7:00,16.99,15.51,"","","",""
B1,5916,10/23/2023 7:05,16.99,27.15,"","","",""
B1,5917,10/23/2023 7:10,16.99,86.44,"","","",""
B1,5918,10/23/2023 7:15,16.94,50.64,"","","",""
B1,5919,10/23/2023 7:20,16.94,155.04,"","","",""
B1,5920,10/23/2023 7:25,16.99,320.96,"","","",""
B1,5921,10/23/2023 7:30,16.94,406.4,"","","",""
B1,5922,10/23/2023 7:35,16.9,333.12,"","","",""
B1,5923,10/23/2023 7:40,16.94,553.28,"","","",""
B1,5924,10/23/2023 7:45,16.86,957.44,"","","",""
B1,5925,10/23/2023 7:50,16.86,695.04,"","","",""
B1,5926,10/23/2023 7:55,16.9,1214.72,"","","",""
B1,5927,10/23/2023 8:00,16.9,2271.36,"","","",""
B1,5928,10/23/2023 8:05,16.9,968.96,"","","",""
B1,5929,10/23/2023 8:10,16.9,621.92,"","","",""
B1,5930,10/23/2023 8:15,16.86,1928.96,"","","",""
B1,5931,10/23/2023 8:20,16.86,1971.84,"","","",""
B1,5932,10/23/2023 8:25,16.86,1459.84,"","","",""
B1,5933,10/23/2023 8:30,16.86,2010.88,"","","",""
B1,5934,10/23/2023 8:35,16.86,1649.28,"","","",""
B1,5935,10/23/2023 8:40,16.86,1388.16,"","","",""
B1,5936,10/23/2023 8:45,16.9,86.32,"","","",""
B1,5937,10/23/2023 8:50,16.94,4446.72,"","","",""
B1,5938,10/23/2023 8:55,16.9,2482.56,"","","",""
B1,5939,10/23/2023 9:00,16.99,5662.72,"","","",""
B1,5940,10/23/2023 9:05,17.03,6417.92,"","","",""
B1,5941,10/23/2023 9:10,17.07,14069.76,"","","",""
B1,5942,10/23/2023 9:15,17.11,3349.76,"","","",""
B1,5943,10/23/2023 9:20,17.33,4273.92,"","","",""
B1,5944,10/23/2023 9:25,17.89,43253.76,"","","",""
B1,5945,10/23/2023 9:30,17.72,19599.36,"","","",""
B1,5946,10/23/2023 9:35,17.97,33730.56,"","","",""
B1,5947,10/23/2023 9:40,18.06,22353.92,"","","",""
B1,5948,10/23/2023 9:45,18.23,37857.28,"","","",""
B1,5949,10/23/2023 9:50,17.8,19461.12,"","","",""
B1,5950,10/23/2023 9:55,17.84,15892.48,"","","",""
B1,5951,10/23/2023 10:00,18.14,4915.2,"","","",""
B1,5952,10/23/2023 10:05,18.74,19635.2,"","","",""
B1,5953,10/23/2023 10:10,19,44441.6,"","","",""
B1,5954,10/23/2023 10:15,19.35,37222.4,"","","",""
B1,5955,10/23/2023 10:20,18.4,19461.12,"","","",""
B1,5956,10/23/2023 10:25,18.49,31815.68,"","","",""
B1,5957,10/23/2023 10:30,18.19,34129.92,"","","",""
B1,5958,10/23/2023 10:35,18.49,22179.84,"","","",""
B1,5959,10/23/2023 10:40,18.74,50032.64,"","","",""
B1,5960,10/23/2023 10:45,19.9,77598.72,"","","",""
B1,5961,10/23/2023 10:50,19.73,28692.48,"","","",""
B1,5962,10/23/2023 10:55,18.79,14581.76,"","","",""
B1,5963,10/23/2023 11:00,19.9,42106.88,"","","",""
B1,5964,10/23/2023 11:05,20.76,69365.76,"","","",""
B1,5965,10/23/2023 11:10,20.33,81080.32,"","","",""
B1,5966,10/23/2023 11:15,21.1,78540.8,"","","",""
B1,5967,10/23/2023 11:20,20.89,80773.12,"","","",""
B1,5968,10/23/2023 11:25,20.89,59043.84,"","","",""
B1,5969,10/23/2023 11:30,21.32,76881.92,"","","",""
B1,5970,10/23/2023 11:35,20.76,30935.04,"","","",""
B1,5971,10/23/2023 11:40,21.88,81059.84,"","","",""
B1,5972,10/23/2023 11:45,21.92,79953.92,"","","",""
B1,5973,10/23/2023 11:50,21.53,80609.28,"","","",""
B1,5974,10/23/2023 11:55,21.66,80179.2,"","","",""
B1,5975,10/23/2023 12:00,21.58,80834.56,"","","",""
B1,5976,10/23/2023 12:05,22.05,33146.88,"","","",""
B1,5977,10/23/2023 12:10,21.66,66867.2,"","","",""
B1,5978,10/23/2023 12:15,21.58,80384,"","","",""
B1,5979,10/23/2023 12:20,22.22,82227.2,"","","",""
B1,5980,10/23/2023 12:25,21.96,80650.24,"","","",""
B1,5981,10/23/2023 12:30,22.01,65781.76,"","","",""
B1,5982,10/23/2023 12:35,21.19,53964.8,"","","",""
B1,5983,10/23/2023 12:40,22.09,46202.88,"","","",""
B1,5984,10/23/2023 12:45,21.58,48005.12,"","","",""
B1,5985,10/23/2023 12:50,21.53,67604.48,"","","",""
B1,5986,10/23/2023 12:55,21.79,51752.96,"","","",""
B1,5987,10/23/2023 13:00,21.32,75714.56,"","","",""
B1,5988,10/23/2023 13:05,21.36,12349.44,"","","",""
B1,5989,10/23/2023 13:10,21.28,28211.2,"","","",""
B1,5990,10/23/2023 13:15,21.36,77516.8,"","","",""
B1,5991,10/23/2023 13:20,20.68,38471.68,"","","",""
B1,5992,10/23/2023 13:25,20.89,57671.68,"","","",""
B1,5993,10/23/2023 13:30,21.23,76349.44,"","","",""
B1,5994,10/23/2023 13:35,20.63,42024.96,"","","",""
B1,5995,10/23/2023 13:40,20.55,69672.96,"","","",""
B1,5996,10/23/2023 13:45,20.29,28897.28,"","","",""
B1,5997,10/23/2023 13:50,19.99,44277.76,"","","",""
B1,5998,10/23/2023 13:55,20.03,36925.44,"","","",""
B1,5999,10/23/2023 14:00,19.65,58327.04,"","","",""
B1,6000,10/23/2023 14:05,19.9,39311.36,"","","",""
B1,6001,10/23/2023 14:10,19.73,31508.48,"","","",""
B1,6002,10/23/2023 14:15,19.47,43724.8,"","","",""
B1,6003,10/23/2023 14:20,19.6,33464.32,"","","",""
B1,6004,10/23/2023 14:25,19.39,33679.36,"","","",""
B1,6005,10/23/2023 14:30,19.35,31467.52,"","","",""
B1,6006,10/23/2023 14:35,19.43,35051.52,"","","",""
B1,6007,10/23/2023 14:40,19.22,27944.96,"","","",""
B1,6008,10/23/2023 14:45,19,27033.6,"","","",""
B1,6009,10/23/2023 14:50,19,11284.48,"","","",""
B1,6010,10/23/2023 14:55,18.87,19988.48,"","","",""
B1,6011,10/23/2023 15:00,19.05,29419.52,"","","",""
B1,6012,10/23/2023 15:05,19,19287.04,"","","",""
B1,6013,10/23/2023 15:10,18.79,16286.72,"","","",""
B1,6014,10/23/2023 15:15,18.83,22620.16,"","","",""
B1,6015,10/23/2023 15:20,18.62,8532.48,"","","",""
B1,6016,10/23/2023 15:25,18.7,2204.16,"","","",""
B1,6017,10/23/2023 15:30,18.53,5880.32,"","","",""
B1,6018,10/23/2023 15:35,18.53,17868.8,"","","",""
B1,6019,10/23/2023 15:40,18.44,14464,"","","",""
B1,6020,10/23/2023 15:45,18.32,14120.96,"","","",""
B1,6021,10/23/2023 15:50,18.32,13178.88,"","","",""
B1,6022,10/23/2023 15:55,18.27,2618.88,"","","",""
B1,6023,10/23/2023 16:00,18.06,4234.24,"","","",""
B1,6024,10/23/2023 16:05,18.02,16645.12,"","","",""
B1,6025,10/23/2023 16:10,18.14,9461.76,"","","",""
B1,6026,10/23/2023 16:15,18.14,7859.2,"","","",""
B1,6027,10/23/2023 16:20,18.23,7495.68,"","","",""
B1,6028,10/23/2023 16:25,18.19,7426.56,"","","",""
B1,6029,10/23/2023 16:30,18.06,5808.64,"","","",""
B1,6030,10/23/2023 16:35,18.02,4599.04,"","","",""
B1,6031,10/23/2023 16:40,17.97,6382.08,"","","",""
B1,6032,10/23/2023 16:45,17.84,2848,"","","",""
B1,6033,10/23/2023 16:50,18.02,3936,"","","",""
B1,6034,10/23/2023 16:55,17.89,3723.52,"","","",""
B1,6035,10/23/2023 17:00,17.93,2445.44,"","","",""
B1,6036,10/23/2023 17:05,17.63,3699.2,"","","",""
B1,6037,10/23/2023 17:10,17.8,3631.36,"","","",""
B1,6038,10/23/2023 17:15,17.8,2160,"","","",""
B1,6039,10/23/2023 17:20,17.76,1729.92,"","","",""
B1,6040,10/23/2023 17:25,17.67,1649.28,"","","",""
B1,6041,10/23/2023 17:30,17.63,1372.16,"","","",""
B1,6042,10/23/2023 17:35,17.54,1309.44,"","","",""
B1,6043,10/23/2023 17:40,17.59,260,"","","",""
B1,6044,10/23/2023 17:45,17.63,948.48,"","","",""
B1,6045,10/23/2023 17:50,17.59,411.36,"","","",""
B1,6046,10/23/2023 17:55,17.54,446.4,"","","",""
B1,6047,10/23/2023 18:00,17.59,287.04,"","","",""
B1,6048,10/23/2023 18:05,17.59,200.32,"","","",""
B1,6049,10/23/2023 18:10,17.59,141.76,"","","",""
B1,6050,10/23/2023 18:15,17.59,76.08,"","","",""
B1,6051,10/23/2023 18:20,17.59,34.3,"","","",""
B1,6052,10/23/2023 18:25,17.59,9.31,"","","",""
B1,6053,10/23/2023 18:30,17.59,1.55,"","","",""
B1,6054,10/23/2023 18:35,17.54,0.66,"","","",""
B1,6055,10/23/2023 18:40,17.54,0,"","","",""
B1,6056,10/23/2023 18:45,17.54,0,"","","",""
B1,6057,10/23/2023 18:50,17.59,0,"","","",""
B1,6058,10/23/2023 18:55,17.63,0.22,"","","",""
B1,6059,10/23/2023 19:00,17.59,0,"","","",""
B1,6060,10/23/2023 19:05,17.59,0,"","","",""
B1,6061,10/23/2023 19:10,17.63,0,"","","",""
B1,6062,10/23/2023 19:15,17.59,0,"","","",""
B1,6063,10/23/2023 19:20,17.59,0,"","","",""
B1,6064,10/23/2023 19:25,17.59,0,"","","",""
B1,6065,10/23/2023 19:30,17.54,0,"","","",""
B1,6066,10/23/2023 19:35,17.59,0,"","","",""
B1,6067,10/23/2023 19:40,17.63,0,"","","",""
B1,6068,10/23/2023 19:45,17.59,0,"","","",""
B1,6069,10/23/2023 19:50,17.59,0,"","","",""
B1,6070,10/23/2023 19:55,17.59,0,"","","",""
B1,6071,10/23/2023 20:00,17.63,0,"","","",""
B1,6072,10/23/2023 20:05,17.54,0,"","","",""
B1,6073,10/23/2023 20:10,17.63,0,"","","",""
B1,6074,10/23/2023 20:15,17.59,0,"","","",""
B1,6075,10/23/2023 20:20,17.59,0,"","","",""
B1,6076,10/23/2023 20:25,17.59,0,"","","",""
B1,6077,10/23/2023 20:30,17.54,0,"","","",""
B1,6078,10/23/2023 20:35,17.59,0,"","","",""
B1,6079,10/23/2023 20:40,17.5,0,"","","",""
B1,6080,10/23/2023 20:45,17.54,0,"","","",""
B1,6081,10/23/2023 20:50,17.5,0,"","","",""
B1,6082,10/23/2023 20:55,17.5,0,"","","",""
B1,6083,10/23/2023 21:00,17.46,0,"","","",""
B1,6084,10/23/2023 21:05,17.41,0,"","","",""
B1,6085,10/23/2023 21:10,17.33,0,"","","",""
B1,6086,10/23/2023 21:15,17.29,0,"","","",""
B1,6166,10/24/2023 3:55,17.37,0,"","","",""
B1,6167,10/24/2023 4:00,17.5,0,"","","",""
B1,6168,10/24/2023 4:05,17.41,0,"","","",""
B1,6169,10/24/2023 4:10,17.5,0,"","","",""
B1,6170,10/24/2023 4:15,17.5,0,"","","",""
B1,6171,10/24/2023 4:20,17.5,0,"","","",""
B1,6172,10/24/2023 4:25,17.54,0,"","","",""
B1,6173,10/24/2023 4:30,17.59,0,"","","",""
B1,6174,10/24/2023 4:35,17.63,0,"","","",""
B1,6175,10/24/2023 4:40,17.59,0,"","","",""
B1,6176,10/24/2023 4:45,17.59,0,"","","",""
B1,6177,10/24/2023 4:50,17.54,0,"","","",""
B1,6178,10/24/2023 4:55,17.54,0,"","","",""
B1,6179,10/24/2023 5:00,17.54,0,"","","",""
B1,6180,10/24/2023 5:05,17.54,0,"","","",""
B1,6181,10/24/2023 5:10,17.54,0,"","","",""
B1,6182,10/24/2023 5:15,17.54,0,"","","",""
B1,6183,10/24/2023 5:20,17.59,0,"","","",""
B1,6184,10/24/2023 5:25,17.54,0,"","","",""
B1,6185,10/24/2023 5:30,17.5,0,"","","",""
B1,6186,10/24/2023 5:35,17.54,0,"","","",""
B1,6187,10/24/2023 5:40,17.54,0,"","","",""
B1,6188,10/24/2023 5:45,17.59,0,"","","",""
B1,6189,10/24/2023 5:50,17.54,0,"","","",""
B1,6190,10/24/2023 5:55,17.54,0,"","","",""
B1,6191,10/24/2023 6:00,17.54,0,"","","",""
B1,6192,10/24/2023 6:05,17.54,0,"","","",""
B1,6193,10/24/2023 6:10,17.59,0,"","","",""
B1,6194,10/24/2023 6:15,17.54,0,"","","",""
B1,6195,10/24/2023 6:20,17.5,0,"","","",""
B1,6196,10/24/2023 6:25,17.54,0,"","","",""
B1,6197,10/24/2023 6:30,17.54,0,"","","",""
B1,6198,10/24/2023 6:35,17.54,0,"","","",""
B1,6199,10/24/2023 6:40,17.54,0.88,"","","",""
B1,6200,10/24/2023 6:45,17.54,1.55,"","","",""
B1,6201,10/24/2023 6:50,17.54,14.65,"","","",""
B1,6202,10/24/2023 6:55,17.59,2.21,"","","",""
B1,6203,10/24/2023 7:00,17.5,103.4,"","","",""
B1,6204,10/24/2023 7:05,17.63,182.48,"","","",""
B1,6205,10/24/2023 7:10,17.59,336.8,"","","",""
B1,6206,10/24/2023 7:15,17.59,245.84,"","","",""
B1,6207,10/24/2023 7:20,17.59,336,"","","",""
B1,6208,10/24/2023 7:25,17.59,286.16,"","","",""
B1,6209,10/24/2023 7:30,17.63,687.04,"","","",""
B1,6210,10/24/2023 7:35,17.67,970.88,"","","",""
B1,6211,10/24/2023 7:40,17.63,1232.32,"","","",""
B1,6212,10/24/2023 7:45,17.72,1412.48,"","","",""
B1,6213,10/24/2023 7:50,17.59,1420.8,"","","",""
B1,6214,10/24/2023 7:55,17.63,2135.04,"","","",""
B1,6215,10/24/2023 8:00,17.67,2292.48,"","","",""
B1,6216,10/24/2023 8:05,17.76,3280.64,"","","",""
B1,6217,10/24/2023 8:10,17.72,2932.48,"","","",""
B1,6218,10/24/2023 8:15,17.76,3468.8,"","","",""
B1,6219,10/24/2023 8:20,17.8,3065.6,"","","",""
B1,6220,10/24/2023 8:25,17.76,3447.04,"","","",""
B1,6221,10/24/2023 8:30,17.8,5429.76,"","","",""
B1,6222,10/24/2023 8:35,17.84,6832.64,"","","",""
B1,6223,10/24/2023 8:40,17.8,961.92,"","","",""
B1,6224,10/24/2023 8:45,17.93,9546.24,"","","",""
B1,6225,10/24/2023 8:50,18.06,4546.56,"","","",""
B1,6226,10/24/2023 8:55,18.02,9000.96,"","","",""
B1,6227,10/24/2023 9:00,18.1,14909.44,"","","",""
B1,6228,10/24/2023 9:05,18.14,23316.48,"","","",""
B1,6229,10/24/2023 9:10,18.02,12615.68,"","","",""
B1,6230,10/24/2023 9:15,18.36,9057.28,"","","",""
B1,6231,10/24/2023 9:20,18.32,12856.32,"","","",""
B1,6232,10/24/2023 9:25,18.36,23224.32,"","","",""
B1,6233,10/24/2023 9:30,18.19,18278.4,"","","",""
B1,6234,10/24/2023 9:35,18.7,19164.16,"","","",""
B1,6235,10/24/2023 9:40,18.53,16143.36,"","","",""
B1,6236,10/24/2023 9:45,18.27,18882.56,"","","",""
B1,6237,10/24/2023 9:50,18.87,33720.32,"","","",""
B1,6238,10/24/2023 9:55,18.87,11289.6,"","","",""
B1,6239,10/24/2023 10:00,18.36,11837.44,"","","",""
B1,6240,10/24/2023 10:05,18.27,7357.44,"","","",""
B1,6241,10/24/2023 10:10,18.53,15144.96,"","","",""
B1,6242,10/24/2023 10:15,18.57,16844.8,"","","",""
B1,6243,10/24/2023 10:20,18.32,11182.08,"","","",""
B1,6244,10/24/2023 10:25,19.09,14428.16,"","","",""
B1,6245,10/24/2023 10:30,19.52,50421.76,"","","",""
B1,6246,10/24/2023 10:35,19.82,26920.96,"","","",""
B1,6247,10/24/2023 10:40,19.86,46305.28,"","","",""
B1,6248,10/24/2023 10:45,20.85,34416.64,"","","",""
B1,6249,10/24/2023 10:50,20.07,35194.88,"","","",""
B1,6250,10/24/2023 10:55,20.63,49745.92,"","","",""
B1,6251,10/24/2023 11:00,20.68,47923.2,"","","",""
B1,6252,10/24/2023 11:05,21.45,57180.16,"","","",""
B1,6253,10/24/2023 11:10,21.88,66211.84,"","","",""
B1,6254,10/24/2023 11:15,21.66,52183.04,"","","",""
B1,6255,10/24/2023 11:20,21.96,31232,"","","",""
B1,6256,10/24/2023 11:25,21.4,41850.88,"","","",""
B1,6288,10/24/2023 14:05,25.52,76410.88,"","","",""
B1,6289,10/24/2023 14:10,25.87,76001.28,"","","",""
B1,6290,10/24/2023 14:15,25.09,30187.52,"","","",""
B1,6291,10/24/2023 14:20,24.79,79605.76,"","","",""
B1,6292,10/24/2023 14:25,24.58,41779.2,"","","",""
B1,6293,10/24/2023 14:30,24.32,68055.04,"","","",""
B1,6294,10/24/2023 14:35,23.98,98877.44,"","","",""
B1,6295,10/24/2023 14:40,23.64,39956.48,"","","",""
B1,6296,10/24/2023 14:45,23.55,79749.12,"","","",""
B1,6297,10/24/2023 14:50,23.16,71372.8,"","","",""
B1,6298,10/24/2023 14:55,22.56,65536,"","","",""
B1,6299,10/24/2023 15:00,22.39,62873.6,"","","",""
B1,6300,10/24/2023 15:05,21.96,34600.96,"","","",""
B1,6301,10/24/2023 15:10,22.22,55173.12,"","","",""
B1,6302,10/24/2023 15:15,21.66,26583.04,"","","",""
B1,6303,10/24/2023 15:20,21.53,7357.44,"","","",""
B1,6304,10/24/2023 15:25,21.19,51527.68,"","","",""
B1,6305,10/24/2023 15:30,20.93,17448.96,"","","",""
B1,6306,10/24/2023 15:35,20.76,17807.36,"","","",""
B1,6307,10/24/2023 15:40,20.5,36413.44,"","","",""
B1,6308,10/24/2023 15:45,20.42,19737.6,"","","",""
B1,6309,10/24/2023 15:50,20.33,18119.68,"","","",""
B1,6310,10/24/2023 15:55,20.25,12410.88,"","","",""
B1,6311,10/24/2023 16:00,20.16,14576.64,"","","",""
B1,6312,10/24/2023 16:05,20.03,18298.88,"","","",""
B1,6313,10/24/2023 16:10,19.9,11863.04,"","","",""
B1,6314,10/24/2023 16:15,19.9,14771.2,"","","",""
B1,6315,10/24/2023 16:20,19.9,11366.4,"","","",""
B1,6316,10/24/2023 16:25,19.73,9546.24,"","","",""
B1,6317,10/24/2023 16:30,19.82,12835.84,"","","",""
B1,6318,10/24/2023 16:35,19.73,10250.24,"","","",""
B1,6319,10/24/2023 16:40,19.65,5829.12,"","","",""
B1,6320,10/24/2023 16:45,19.56,9482.24,"","","",""
B1,6321,10/24/2023 16:50,19.52,6146.56,"","","",""
B1,6322,10/24/2023 16:55,19.52,6205.44,"","","",""
B1,6323,10/24/2023 17:00,19.52,4787.2,"","","",""
B1,6324,10/24/2023 17:05,19.47,4723.2,"","","",""
B1,6325,10/24/2023 17:10,19.47,4564.48,"","","",""
B1,6326,10/24/2023 17:15,19.39,2361.6,"","","",""
B1,6327,10/24/2023 17:20,19.35,1626.88,"","","",""
B1,6328,10/24/2023 17:25,19.35,743.04,"","","",""
B1,6329,10/24/2023 17:30,19.35,1271.36,"","","",""
B1,6330,10/24/2023 17:35,19.35,1726.08,"","","",""
B1,6331,10/24/2023 17:40,19.35,1276.8,"","","",""
B1,6332,10/24/2023 17:45,19.3,986.88,"","","",""
B1,6333,10/24/2023 17:50,19.3,597.6,"","","",""
B1,6334,10/24/2023 17:55,19.26,484.8,"","","",""
B1,6335,10/24/2023 18:00,19.3,310.08,"","","",""
B1,6336,10/24/2023 18:05,19.3,88.08,"","","",""
B1,6337,10/24/2023 18:10,19.22,103.28,"","","",""
B1,6338,10/24/2023 18:15,19.22,75.2,"","","",""
B1,6339,10/24/2023 18:20,19.17,30.25,"","","",""
B1,6340,10/24/2023 18:25,19.17,11.08,"","","",""
B1,6341,10/24/2023 18:30,19.26,3.32,"","","",""
B1,6342,10/24/2023 18:35,19.22,0.66,"","","",""
B1,6343,10/24/2023 18:40,19.17,0,"","","",""
B1,6344,10/24/2023 18:45,19.17,0,"","","",""
B1,6345,10/24/2023 18:50,19.17,0,"","","",""
B1,6346,10/24/2023 18:55,19.17,0,"","","",""
B1,6347,10/24/2023 19:00,19.17,0,"","","",""
B1,6348,10/24/2023 19:05,19.17,0,"","","",""
B1,6349,10/24/2023 19:10,19.13,0,"","","",""
B1,6350,10/24/2023 19:15,19.13,0,"","","",""
B1,6351,10/24/2023 19:20,19.13,0,"","","",""
B1,6352,10/24/2023 19:25,19.09,0,"","","",""
B1,6353,10/24/2023 19:30,19.13,0,"","","",""
B1,6354,10/24/2023 19:35,19.13,0,"","","",""
B1,6355,10/24/2023 19:40,19.13,0,"","","",""
B1,6356,10/24/2023 19:45,19.13,0,"","","",""
B1,6357,10/24/2023 19:50,19.09,0,"","","",""
B1,6358,10/24/2023 19:55,19.09,0,"","","",""
B1,6359,10/24/2023 20:00,19.09,0,"","","",""
B1,6360,10/24/2023 20:05,19.09,0,"","","",""
B1,6361,10/24/2023 20:10,19.09,0,"","","",""
B1,6362,10/24/2023 20:15,19.09,0,"","","",""
B1,6363,10/24/2023 20:20,19.13,0,"","","",""
B1,6364,10/24/2023 20:25,19.09,0,"","","",""
B1,6365,10/24/2023 20:30,19.09,0,"","","",""
B1,6366,10/24/2023 20:35,19.09,0,"","","",""
B1,6367,10/24/2023 20:40,19.09,0,"","","",""
B1,6368,10/24/2023 20:45,19.17,0,"","","",""
B1,6369,10/24/2023 20:50,19.09,0,"","","",""
B1,6370,10/24/2023 20:55,19.13,0,"","","",""
B1,6371,10/24/2023 21:00,19.13,0,"","","",""
B1,6372,10/24/2023 21:05,19.13,0,"","","",""
B1,6373,10/24/2023 21:10,19.13,0,"","","",""
B1,6374,10/24/2023 21:15,19.09,0,"","","",""
B1,6375,10/24/2023 21:20,19.13,0,"","","",""
B1,6376,10/24/2023 21:25,19.09,0,"","","",""
B1,6377,10/24/2023 21:30,19.05,0,"","","",""
B1,6378,10/24/2023 21:35,19.05,0,"","","",""
B1,6379,10/24/2023 21:40,19.05,0,"","","",""
B1,6380,10/24/2023 21:45,19,0,"","","",""
B1,6381,10/24/2023 21:50,18.96,0,"","","",""
B1,6382,10/24/2023 21:55,19.05,0,"","","",""
B1,6383,10/24/2023 22:00,18.96,0,"","","",""
B1,6460,10/25/2023 4:25,18.87,0,"","","",""
B1,6461,10/25/2023 4:30,18.92,0.22,"","","",""
B1,6462,10/25/2023 4:35,18.96,0,"","","",""
B1,6463,10/25/2023 4:40,18.96,0,"","","",""
B1,6464,10/25/2023 4:45,19.05,0,"","","",""
B1,6465,10/25/2023 4:50,19.05,0,"","","",""
B1,6466,10/25/2023 4:55,19.09,0,"","","",""
B1,6467,10/25/2023 5:00,19.09,0,"","","",""
B1,6468,10/25/2023 5:05,19.09,0,"","","",""
B1,6469,10/25/2023 5:10,19.13,0,"","","",""
B1,6470,10/25/2023 5:15,19.13,0,"","","",""
B1,6471,10/25/2023 5:20,19.09,0,"","","",""
B1,6472,10/25/2023 5:25,19.13,0,"","","",""
B1,6473,10/25/2023 5:30,19.13,0,"","","",""
B1,6474,10/25/2023 5:35,19.13,0,"","","",""
B1,6475,10/25/2023 5:40,19.13,0,"","","",""
B1,6476,10/25/2023 5:45,19.17,0,"","","",""
B1,6477,10/25/2023 5:50,19.17,0,"","","",""
B1,6478,10/25/2023 5:55,19.17,0,"","","",""
B1,6479,10/25/2023 6:00,19.17,0,"","","",""
B1,6480,10/25/2023 6:05,19.17,0,"","","",""
B1,6481,10/25/2023 6:10,19.22,0,"","","",""
B1,6482,10/25/2023 6:15,19.17,0,"","","",""
B1,6483,10/25/2023 6:20,19.17,0,"","","",""
B1,6484,10/25/2023 6:25,19.22,0,"","","",""
B1,6485,10/25/2023 6:30,19.22,0,"","","",""
B1,6486,10/25/2023 6:35,19.22,0,"","","",""
B1,6487,10/25/2023 6:40,19.22,0,"","","",""
B1,6488,10/25/2023 6:45,19.22,0.66,"","","",""
B1,6489,10/25/2023 6:50,19.26,2.21,"","","",""
B1,6490,10/25/2023 6:55,19.22,7.31,"","","",""
B1,6491,10/25/2023 7:00,19.26,13.74,"","","",""
B1,6492,10/25/2023 7:05,19.22,26.71,"","","",""
B1,6493,10/25/2023 7:10,19.22,66.28,"","","",""
B1,6494,10/25/2023 7:15,19.22,101.52,"","","",""
B1,6495,10/25/2023 7:20,19.22,110.48,"","","",""
B1,6496,10/25/2023 7:25,19.22,198.56,"","","",""
B1,6497,10/25/2023 7:30,19.22,309.2,"","","",""
B1,6498,10/25/2023 7:35,19.26,298.56,"","","",""
B1,6499,10/25/2023 7:40,19.22,480,"","","",""
B1,6500,10/25/2023 7:45,19.22,751.04,"","","",""
B1,6501,10/25/2023 7:50,19.22,28.48,"","","",""
B1,6502,10/25/2023 7:55,19.26,720.64,"","","",""
B1,6503,10/25/2023 8:00,19.3,1257.28,"","","",""
B1,6504,10/25/2023 8:05,19.26,1715.2,"","","",""
B1,6505,10/25/2023 8:10,19.26,1281.28,"","","",""
B1,6506,10/25/2023 8:15,19.3,1666.56,"","","",""
B1,6507,10/25/2023 8:20,19.26,2333.44,"","","",""
B1,6508,10/25/2023 8:25,19.35,1781.76,"","","",""
B1,6509,10/25/2023 8:30,19.3,1968,"","","",""
B1,6510,10/25/2023 8:35,19.35,1928.96,"","","",""
B1,6511,10/25/2023 8:40,19.3,2439.68,"","","",""
B1,6512,10/25/2023 8:45,19.3,2969.6,"","","",""
B1,6513,10/25/2023 8:50,19.35,3298.56,"","","",""
B1,6514,10/25/2023 8:55,19.3,3162.88,"","","",""
B1,6515,10/25/2023 9:00,19.35,3328,"","","",""
B1,6516,10/25/2023 9:05,19.39,3663.36,"","","",""
B1,6517,10/25/2023 9:10,19.35,2903.04,"","","",""
B1,6518,10/25/2023 9:15,19.35,4209.92,"","","",""
B1,6519,10/25/2023 9:20,19.35,3260.16,"","","",""
B1,6520,10/25/2023 9:25,19.39,4919.04,"","","",""
B1,6521,10/25/2023 9:30,19.43,5117.44,"","","",""
B1,6522,10/25/2023 9:35,19.43,5936.64,"","","",""
B1,6523,10/25/2023 9:40,19.43,5135.36,"","","",""
B1,6524,10/25/2023 9:45,19.43,5660.16,"","","",""
B1,6525,10/25/2023 9:50,19.43,5550.08,"","","",""
B1,6526,10/25/2023 9:55,19.47,6768.64,"","","",""
B1,6527,10/25/2023 10:00,19.47,5652.48,"","","",""
B1,6528,10/25/2023 10:05,19.56,5127.68,"","","",""
B1,6529,10/25/2023 10:10,19.56,10114.56,"","","",""
B1,6530,10/25/2023 10:15,19.65,8688.64,"","","",""
B1,6531,10/25/2023 10:20,19.65,8972.8,"","","",""
B1,6532,10/25/2023 10:25,19.73,14653.44,"","","",""
B1,6533,10/25/2023 10:30,19.82,10234.88,"","","",""
B1,6534,10/25/2023 10:35,19.82,10700.8,"","","",""
B1,6535,10/25/2023 10:40,19.86,7751.68,"","","",""
B1,6536,10/25/2023 10:45,19.9,10071.04,"","","",""
B1,6537,10/25/2023 10:50,19.99,16824.32,"","","",""
B1,6538,10/25/2023 10:55,20.03,13516.8,"","","",""
B1,6539,10/25/2023 11:00,20.2,19276.8,"","","",""
B1,6540,10/25/2023 11:05,20.29,9105.92,"","","",""
B1,6599,10/25/2023 16:00,23.72,24586.24,"","","",""
B1,6600,10/25/2023 16:05,23.46,28968.96,"","","",""
B1,6601,10/25/2023 16:10,23.46,19000.32,"","","",""
B1,6602,10/25/2023 16:15,22.61,50954.24,"","","",""
B1,6603,10/25/2023 16:20,22.56,47800.32,"","","",""
B1,6604,10/25/2023 16:25,22.05,9477.12,"","","",""
B1,6605,10/25/2023 16:30,21.7,15129.6,"","","",""
B1,6606,10/25/2023 16:35,21.28,9546.24,"","","",""
B1,6607,10/25/2023 16:40,20.98,7121.92,"","","",""
B1,6608,10/25/2023 16:45,20.93,12682.24,"","","",""
B1,6609,10/25/2023 16:50,20.85,6220.8,"","","",""
B1,6610,10/25/2023 16:55,20.68,6919.68,"","","",""
B1,6611,10/25/2023 17:00,20.5,7680,"","","",""
B1,6612,10/25/2023 17:05,20.42,5716.48,"","","",""
B1,6613,10/25/2023 17:10,20.25,2812.16,"","","",""
B1,6614,10/25/2023 17:15,20.16,2965.76,"","","",""
B1,6615,10/25/2023 17:20,20.2,3741.44,"","","",""
B1,6616,10/25/2023 17:25,20.12,2181.12,"","","",""
B1,6617,10/25/2023 17:30,20.12,1788.8,"","","",""
B1,6618,10/25/2023 17:35,20.16,2158.08,"","","",""
B1,6619,10/25/2023 17:40,20.07,1429.12,"","","",""
B1,6620,10/25/2023 17:45,20.03,1289.28,"","","",""
B1,6621,10/25/2023 17:50,20.03,666.24,"","","",""
B1,6622,10/25/2023 17:55,19.99,804.48,"","","",""
B1,6623,10/25/2023 18:00,20.03,454.4,"","","",""
B1,6624,10/25/2023 18:05,20.07,345.76,"","","",""
B1,6625,10/25/2023 18:10,20.03,189.92,"","","",""
B1,6626,10/25/2023 18:15,20.03,44.1,"","","",""
B1,6627,10/25/2023 18:20,20.03,28.04,"","","",""
B1,6628,10/25/2023 18:25,20.03,13.07,"","","",""
B1,6629,10/25/2023 18:30,20.03,2.66,"","","",""
B1,6630,10/25/2023 18:35,19.99,0.88,"","","",""
B1,6631,10/25/2023 18:40,20.03,0,"","","",""
B1,6632,10/25/2023 18:45,20.03,0,"","","",""
B1,6633,10/25/2023 18:50,19.99,0,"","","",""
B1,6634,10/25/2023 18:55,19.99,0,"","","",""
B1,6635,10/25/2023 19:00,19.99,0,"","","",""
B1,6636,10/25/2023 19:05,19.99,0,"","","",""
B1,6637,10/25/2023 19:10,20.03,0,"","","",""
B1,6638,10/25/2023 19:15,19.99,0,"","","",""
B1,6639,10/25/2023 19:20,20.03,0,"","","",""
B1,6640,10/25/2023 19:25,20.03,0,"","","",""
B1,6641,10/25/2023 19:30,19.99,0,"","","",""
B1,6642,10/25/2023 19:35,19.99,0,"","","",""
B1,6643,10/25/2023 19:40,19.99,0,"","","",""
B1,6644,10/25/2023 19:45,19.99,0,"","","",""
B1,6645,10/25/2023 19:50,19.99,0,"","","",""
B1,6646,10/25/2023 19:55,20.03,0,"","","",""
B1,6647,10/25/2023 20:00,19.99,0,"","","",""
B1,6648,10/25/2023 20:05,19.95,0,"","","",""
B1,6649,10/25/2023 20:10,19.99,0,"","","",""
B1,6650,10/25/2023 20:15,19.99,0,"","","",""
B1,6651,10/25/2023 20:20,19.99,0,"","","",""
B1,6652,10/25/2023 20:25,19.99,0,"","","",""
B1,6653,10/25/2023 20:30,19.99,0,"","","",""
B1,6654,10/25/2023 20:35,19.9,0,"","","",""
B1,6655,10/25/2023 20:40,19.95,0,"","","",""
B1,6656,10/25/2023 20:45,19.95,0,"","","",""
B1,6657,10/25/2023 20:50,19.95,0,"","","",""
B1,6658,10/25/2023 20:55,19.95,0,"","","",""
B1,6659,10/25/2023 21:00,19.95,0,"","","",""
B1,6660,10/25/2023 21:05,19.95,0,"","","",""
B1,6661,10/25/2023 21:10,19.95,0,"","","",""
B1,6662,10/25/2023 21:15,19.95,0,"","","",""
B1,6663,10/25/2023 21:20,19.9,0,"","","",""
B1,6664,10/25/2023 21:25,19.9,0,"","","",""
B1,6665,10/25/2023 21:30,19.95,0,"","","",""
B1,6666,10/25/2023 21:35,19.9,0,"","","",""
B1,6667,10/25/2023 21:40,19.95,0,"","","",""
B1,6668,10/25/2023 21:45,19.9,0,"","","",""
B1,6669,10/25/2023 21:50,19.86,0,"","","",""
B1,6670,10/25/2023 21:55,19.9,0,"","","",""
B1,6671,10/25/2023 22:00,19.9,0,"","","",""
B1,6672,10/25/2023 22:05,19.86,0,"","","",""
B1,6673,10/25/2023 22:10,19.82,0,"","","",""
B1,6674,10/25/2023 22:15,19.77,0,"","","",""
B1,6675,10/25/2023 22:20,19.77,0,"","","",""
B1,6676,10/25/2023 22:25,19.77,0,"","","",""
B1,6677,10/25/2023 22:30,19.69,0,"","","",""
B1,6678,10/25/2023 22:35,19.65,0,"","","",""
B1,6679,10/25/2023 22:40,19.52,0,"","","",""
B1,6680,10/25/2023 22:45,19.3,0.22,"","","",""
B1,6751,10/26/2023 4:40,18.53,0,"","","",""
B1,6752,10/26/2023 4:45,18.83,0,"","","",""
B1,6753,10/26/2023 4:50,18.92,0.22,"","","",""
B1,6754,10/26/2023 4:55,19.13,0,"","","",""
B1,6755,10/26/2023 5:00,19.05,0,"","","",""
B1,6756,10/26/2023 5:05,19.22,0,"","","",""
B1,6757,10/26/2023 5:10,19.22,0,"","","",""
B1,6758,10/26/2023 5:15,19.26,0,"","","",""
B1,6759,10/26/2023 5:20,19.35,0,"","","",""
B1,6760,10/26/2023 5:25,19.35,0,"","","",""
B1,6761,10/26/2023 5:30,19.43,0,"","","",""
B1,6762,10/26/2023 5:35,19.43,0,"","","",""
B1,6763,10/26/2023 5:40,19.43,0,"","","",""
B1,6764,10/26/2023 5:45,19.43,0,"","","",""
B1,6765,10/26/2023 5:50,19.43,0,"","","",""
B1,6766,10/26/2023 5:55,19.43,0,"","","",""
B1,6767,10/26/2023 6:00,19.43,0,"","","",""
B1,6768,10/26/2023 6:05,19.39,0,"","","",""
B1,6769,10/26/2023 6:10,19.43,0,"","","",""
B1,6770,10/26/2023 6:15,19.39,0,"","","",""
B1,6771,10/26/2023 6:20,19.47,0,"","","",""
B1,6772,10/26/2023 6:25,19.43,0,"","","",""
B1,6773,10/26/2023 6:30,19.43,0,"","","",""
B1,6774,10/26/2023 6:35,19.43,0.22,"","","",""
B1,6775,10/26/2023 6:40,19.35,1.33,"","","",""
B1,6776,10/26/2023 6:45,19.35,4.87,"","","",""
B1,6777,10/26/2023 6:50,19.39,17.76,"","","",""
B1,6778,10/26/2023 6:55,19.39,42.34,"","","",""
B1,6779,10/26/2023 7:00,19.35,124.8,"","","",""
B1,6780,10/26/2023 7:05,19.26,212.8,"","","",""
B1,6781,10/26/2023 7:10,19.35,276.16,"","","",""
B1,6782,10/26/2023 7:15,19.3,558.56,"","","",""
B1,6783,10/26/2023 7:20,19.3,589.6,"","","",""
B1,6784,10/26/2023 7:25,19.26,991.04,"","","",""
B1,6785,10/26/2023 7:30,19.22,1145.6,"","","",""
B1,6786,10/26/2023 7:35,19.3,1212.8,"","","",""
B1,6787,10/26/2023 7:40,19.3,2108.16,"","","",""
B1,6788,10/26/2023 7:45,19.3,1905.92,"","","",""
B1,6789,10/26/2023 7:50,19.35,2081.92,"","","",""
B1,6790,10/26/2023 7:55,19.26,4334.08,"","","",""
B1,6791,10/26/2023 8:00,19.3,5793.28,"","","",""
B1,6792,10/26/2023 8:05,19.26,5011.2,"","","",""
B1,6793,10/26/2023 8:10,19.3,6028.8,"","","",""
B1,6794,10/26/2023 8:15,19.35,7603.2,"","","",""
B1,6795,10/26/2023 8:20,19.26,4227.84,"","","",""
B1,6796,10/26/2023 8:25,19.35,5245.44,"","","",""
B1,6797,10/26/2023 8:30,19.3,3733.76,"","","",""
B1,6798,10/26/2023 8:35,19.35,8901.12,"","","",""
B1,6799,10/26/2023 8:40,19.39,9157.12,"","","",""
B1,6800,10/26/2023 8:45,19.39,6510.08,"","","",""
B1,6801,10/26/2023 8:50,19.43,8837.12,"","","",""
B1,6802,10/26/2023 8:55,19.35,6886.4,"","","",""
B1,6803,10/26/2023 9:00,19.09,769.6,"","","",""
B1,6804,10/26/2023 9:05,19.26,14008.32,"","","",""
B1,6805,10/26/2023 9:10,19.39,11402.24,"","","",""
B1,6806,10/26/2023 9:15,19.47,28078.08,"","","",""
B1,6807,10/26/2023 9:20,19.47,19921.92,"","","",""
B1,6808,10/26/2023 9:25,19.47,19399.68,"","","",""
B1,6809,10/26/2023 9:30,19.52,21821.44,"","","",""
B1,6810,10/26/2023 9:35,19.47,8035.84,"","","",""
B1,6811,10/26/2023 9:40,19.52,15452.16,"","","",""
B1,6812,10/26/2023 9:45,19.56,20065.28,"","","",""
B1,6813,10/26/2023 9:50,19.86,36894.72,"","","",""
B1,6814,10/26/2023 9:55,19.77,28200.96,"","","",""
B1,6815,10/26/2023 10:00,19.6,36444.16,"","","",""
B1,6816,10/26/2023 10:05,19.9,21811.2,"","","",""
B1,6817,10/26/2023 10:10,19.9,6794.24,"","","",""
B1,6818,10/26/2023 10:15,19.9,47718.4,"","","",""
B1,6819,10/26/2023 10:20,20.07,2702.08,"","","",""
B1,6820,10/26/2023 10:25,20.12,8504.32,"","","",""
B1,6821,10/26/2023 10:30,20.29,48558.08,"","","",""
B1,6822,10/26/2023 10:35,20.42,3699.2,"","","",""
B1,6823,10/26/2023 10:40,20.59,41984,"","","",""
B1,6824,10/26/2023 10:45,20.68,20208.64,"","","",""
B1,6825,10/26/2023 10:50,21.23,87162.88,"","","",""
B1,6826,10/26/2023 10:55,21.4,41195.52,"","","",""
B1,6827,10/26/2023 11:00,21.96,76922.88,"","","",""
B1,6828,10/26/2023 11:05,22.26,85770.24,"","","",""
B1,6829,10/26/2023 11:10,22.99,76001.28,"","","",""
B1,6830,10/26/2023 11:15,23.03,77291.52,"","","",""
B1,6831,10/26/2023 11:20,23.42,77824,"","","",""
B1,6832,10/26/2023 11:25,23.85,25026.56,"","","",""
B1,6833,10/26/2023 11:30,24.45,67891.2,"","","",""
B1,6901,10/26/2023 17:10,19.39,5217.28,"","","",""
B1,6902,10/26/2023 17:15,19.39,1542.4,"","","",""
B1,6903,10/26/2023 17:20,19.47,4542.72,"","","",""
B1,6904,10/26/2023 17:25,19.52,4418.56,"","","",""
B1,6905,10/26/2023 17:30,19.6,4134.4,"","","",""
B1,6906,10/26/2023 17:35,19.56,3230.72,"","","",""
B1,6907,10/26/2023 17:40,19.6,3069.44,"","","",""
B1,6908,10/26/2023 17:45,19.56,1211.84,"","","",""
B1,6909,10/26/2023 17:50,19.56,913.92,"","","",""
B1,6910,10/26/2023 17:55,19.65,540,"","","",""
B1,6911,10/26/2023 18:00,19.52,219.2,"","","",""
B1,6912,10/26/2023 18:05,19.56,174.64,"","","",""
B1,6913,10/26/2023 18:10,19.47,164.88,"","","",""
B1,6914,10/26/2023 18:15,19.47,80.12,"","","",""
B1,6915,10/26/2023 18:20,19.47,38.79,"","","",""
B1,6916,10/26/2023 18:25,19.43,9.31,"","","",""
B1,6917,10/26/2023 18:30,19.39,1.99,"","","",""
B1,6918,10/26/2023 18:35,19.35,0.66,"","","",""
B1,6919,10/26/2023 18:40,19.3,0,"","","",""
B1,6920,10/26/2023 18:45,19.22,0,"","","",""
B1,6921,10/26/2023 18:50,19.17,0,"","","",""
B1,6922,10/26/2023 18:55,19.17,0,"","","",""
B1,6923,10/26/2023 19:00,19.13,0,"","","",""
B1,6924,10/26/2023 19:05,19,0,"","","",""
B1,6925,10/26/2023 19:10,18.96,0,"","","",""
B1,6926,10/26/2023 19:15,18.92,0,"","","",""
B1,6927,10/26/2023 19:20,19,0,"","","",""
B1,6928,10/26/2023 19:25,18.79,0,"","","",""
B1,6929,10/26/2023 19:30,18.79,0,"","","",""
B1,6930,10/26/2023 19:35,18.74,0,"","","",""
B1,6931,10/26/2023 19:40,18.92,0,"","","",""
B1,6932,10/26/2023 19:45,19,0,"","","",""
B1,6933,10/26/2023 19:50,18.7,0,"","","",""
B1,6934,10/26/2023 19:55,18.74,0,"","","",""
B1,6935,10/26/2023 20:00,18.7,0,"","","",""
B1,6936,10/26/2023 20:05,18.66,0,"","","",""
B1,6937,10/26/2023 20:10,18.79,0,"","","",""
B1,6938,10/26/2023 20:15,18.7,0,"","","",""
B1,6939,10/26/2023 20:20,18.62,0,"","","",""
B1,6940,10/26/2023 20:25,18.66,0,"","","",""
B1,6941,10/26/2023 20:30,18.62,0,"","","",""
B1,6942,10/26/2023 20:35,18.57,0,"","","",""
B1,6943,10/26/2023 20:40,18.53,0,"","","",""
B1,6944,10/26/2023 20:45,18.57,0,"","","",""
B1,6945,10/26/2023 20:50,18.62,0,"","","",""
B1,6946,10/26/2023 20:55,18.49,0,"","","",""
B1,6947,10/26/2023 21:00,18.53,0,"","","",""
B1,6948,10/26/2023 21:05,18.57,0,"","","",""
B1,6949,10/26/2023 21:10,18.53,0,"","","",""
B1,6950,10/26/2023 21:15,18.53,0,"","","",""
B1,6951,10/26/2023 21:20,18.49,0,"","","",""
B1,6952,10/26/2023 21:25,18.49,0,"","","",""
B1,6953,10/26/2023 21:30,18.44,0,"","","",""
B1,6954,10/26/2023 21:35,18.4,0,"","","",""
B1,6955,10/26/2023 21:40,18.44,0,"","","",""
B1,6956,10/26/2023 21:45,18.44,0,"","","",""
B1,6957,10/26/2023 21:50,18.4,0,"","","",""
B1,6958,10/26/2023 21:55,18.4,0,"","","",""
B1,6959,10/26/2023 22:00,18.4,0,"","","",""
B1,6960,10/26/2023 22:05,18.36,0,"","","",""
B1,6961,10/26/2023 22:10,18.36,0,"","","",""
B1,6962,10/26/2023 22:15,18.36,0,"","","",""
B1,6963,10/26/2023 22:20,18.36,0,"","","",""
B1,6964,10/26/2023 22:25,18.36,0,"","","",""
B1,6965,10/26/2023 22:30,18.36,0,"","","",""
B1,6966,10/26/2023 22:35,18.36,0,"","","",""
B1,6967,10/26/2023 22:40,18.36,0,"","","",""
B1,6968,10/26/2023 22:45,18.36,0,"","","",""
B1,6969,10/26/2023 22:50,18.32,0,"","","",""
B1,6970,10/26/2023 22:55,18.27,0,"","","",""
B1,6971,10/26/2023 23:00,18.27,0,"","","",""
B1,6972,10/26/2023 23:05,18.23,0.22,"","","",""
B1,6973,10/26/2023 23:10,18.27,0,"","","",""
B1,6974,10/26/2023 23:15,18.19,0,"","","",""
B1,6975,10/26/2023 23:20,18.1,0,"","","",""
B1,6976,10/26/2023 23:25,18.1,0,"","","",""
B1,7044,10/27/2023 5:05,17.41,0,"","","",""
B1,7045,10/27/2023 5:10,17.54,0,"","","",""
B1,7046,10/27/2023 5:15,17.67,0,"","","",""
B1,7047,10/27/2023 5:20,17.72,0,"","","",""
B1,7048,10/27/2023 5:25,17.76,0,"","","",""
B1,7049,10/27/2023 5:30,17.76,0,"","","",""
B1,7050,10/27/2023 5:35,17.8,0,"","","",""
B1,7051,10/27/2023 5:40,17.8,0,"","","",""
B1,7052,10/27/2023 5:45,17.84,0,"","","",""
B1,7053,10/27/2023 5:50,17.8,0,"","","",""
B1,7054,10/27/2023 5:55,17.89,0,"","","",""
B1,7055,10/27/2023 6:00,17.84,0,"","","",""
B1,7056,10/27/2023 6:05,17.89,0,"","","",""
B1,7057,10/27/2023 6:10,17.84,0,"","","",""
B1,7058,10/27/2023 6:15,17.84,0,"","","",""
B1,7059,10/27/2023 6:20,17.8,0,"","","",""
B1,7060,10/27/2023 6:25,17.8,0,"","","",""
B1,7061,10/27/2023 6:30,17.8,0,"","","",""
B1,7062,10/27/2023 6:35,17.84,0,"","","",""
B1,7063,10/27/2023 6:40,17.8,0.66,"","","",""
B1,7064,10/27/2023 6:45,17.76,2.88,"","","",""
B1,7065,10/27/2023 6:50,17.76,10.64,"","","",""
B1,7066,10/27/2023 6:55,17.76,21.3,"","","",""
B1,7067,10/27/2023 7:00,17.8,69.88,"","","",""
B1,7068,10/27/2023 7:05,17.8,24.88,"","","",""
B1,7069,10/27/2023 7:10,17.84,220.96,"","","",""
B1,7070,10/27/2023 7:15,17.76,268,"","","",""
B1,7071,10/27/2023 7:20,17.84,436.64,"","","",""
B1,7072,10/27/2023 7:25,17.76,591.36,"","","",""
B1,7073,10/27/2023 7:30,17.8,720,"","","",""
B1,7074,10/27/2023 7:35,17.89,1120.64,"","","",""
B1,7075,10/27/2023 7:40,17.76,652.16,"","","",""
B1,7076,10/27/2023 7:45,17.67,1124.16,"","","",""
B1,7077,10/27/2023 7:50,17.72,945.92,"","","",""
B1,7078,10/27/2023 7:55,17.8,3857.92,"","","",""
B1,7079,10/27/2023 8:00,17.76,1819.52,"","","",""
B1,7080,10/27/2023 8:05,17.8,934.4,"","","",""
B1,7081,10/27/2023 8:10,17.76,2562.56,"","","",""
B1,7082,10/27/2023 8:15,17.72,2723.84,"","","",""
B1,7083,10/27/2023 8:20,17.8,3673.6,"","","",""
B1,7084,10/27/2023 8:25,17.8,3897.6,"","","",""
B1,7085,10/27/2023 8:30,17.84,2758.4,"","","",""
B1,7086,10/27/2023 8:35,17.76,1585.92,"","","",""
B1,7087,10/27/2023 8:40,17.63,4248.32,"","","",""
B1,7088,10/27/2023 8:45,17.8,8171.52,"","","",""
B1,7089,10/27/2023 8:50,17.72,3979.52,"","","",""
B1,7090,10/27/2023 8:55,17.76,4188.16,"","","",""
B1,7091,10/27/2023 9:00,17.63,3505.92,"","","",""
B1,7092,10/27/2023 9:05,17.63,5701.12,"","","",""
B1,7093,10/27/2023 9:10,17.89,10042.88,"","","",""
B1,7094,10/27/2023 9:15,17.72,7208.96,"","","",""
B1,7095,10/27/2023 9:20,17.84,5800.96,"","","",""
B1,7096,10/27/2023 9:25,17.84,8588.8,"","","",""
B1,7097,10/27/2023 9:30,17.89,19681.28,"","","",""
B1,7098,10/27/2023 9:35,18.06,16384,"","","",""
B1,7099,10/27/2023 9:40,17.84,8368.64,"","","",""
B1,7100,10/27/2023 9:45,18.1,22200.32,"","","",""
B1,7101,10/27/2023 9:50,18.32,16143.36,"","","",""
B1,7102,10/27/2023 9:55,18.19,14668.8,"","","",""
B1,7103,10/27/2023 10:00,18.27,20039.68,"","","",""
B1,7104,10/27/2023 10:05,18.36,27586.56,"","","",""
B1,7105,10/27/2023 10:10,18.32,25344,"","","",""
B1,7106,10/27/2023 10:15,18.4,23132.16,"","","",""
B1,7107,10/27/2023 10:20,18.49,31160.32,"","","",""
B1,7108,10/27/2023 10:25,18.53,31518.72,"","","",""
B1,7109,10/27/2023 10:30,18.66,33198.08,"","","",""
B1,7110,10/27/2023 10:35,18.7,31006.72,"","","",""
B1,7111,10/27/2023 10:40,18.74,35573.76,"","","",""
B1,7112,10/27/2023 10:45,18.79,30330.88,"","","",""
B1,7113,10/27/2023 10:50,18.96,48517.12,"","","",""
B1,7114,10/27/2023 10:55,18.79,42926.08,"","","",""
B1,7115,10/27/2023 11:00,18.92,57753.6,"","","",""
B1,7116,10/27/2023 11:05,19.22,59269.12,"","","",""
B1,7117,10/27/2023 11:10,19.26,57569.28,"","","",""
B1,7118,10/27/2023 11:15,19.39,32266.24,"","","",""
B1,7119,10/27/2023 11:20,19.82,72171.52,"","","",""
B1,7120,10/27/2023 11:25,20.12,31744,"","","",""
B1,7121,10/27/2023 11:30,20.16,40499.2,"","","",""
B1,7122,10/27/2023 11:35,21.28,79175.68,"","","",""
B1,7123,10/27/2023 11:40,21.83,41861.12,"","","",""
B1,7124,10/27/2023 11:45,22.43,19404.8,"","","",""
B1,7125,10/27/2023 11:50,22.78,78909.44,"","","",""
B1,7126,10/27/2023 11:55,23.81,80056.32,"","","",""
B1,7127,10/27/2023 12:00,23.85,79400.96,"","","",""
B1,7201,10/27/2023 18:10,17.93,286.4,"","","",""
B1,7202,10/27/2023 18:15,18.27,128.44,"","","",""
B1,7203,10/27/2023 18:20,18.66,48.1,"","","",""
B1,7204,10/27/2023 18:25,18.66,9.75,"","","",""
B1,7205,10/27/2023 18:30,18.83,2.43,"","","",""
B1,7206,10/27/2023 18:35,18.87,0.66,"","","",""
B1,7207,10/27/2023 18:40,18.87,0.22,"","","",""
B1,7208,10/27/2023 18:45,19,0,"","","",""
B1,7209,10/27/2023 18:50,18.96,0,"","","",""
B1,7210,10/27/2023 18:55,19.05,0,"","","",""
B1,7211,10/27/2023 19:00,19,0,"","","",""
B1,7212,10/27/2023 19:05,19.05,0,"","","",""
B1,7213,10/27/2023 19:10,19.09,0,"","","",""
B1,7214,10/27/2023 19:15,19.05,0,"","","",""
B1,7215,10/27/2023 19:20,19,0,"","","",""
B1,7216,10/27/2023 19:25,19.05,0,"","","",""
B1,7217,10/27/2023 19:30,19.05,0,"","","",""
B1,7218,10/27/2023 19:35,19,0,"","","",""
B1,7219,10/27/2023 19:40,19,0,"","","",""
B1,7220,10/27/2023 19:45,18.96,0,"","","",""
B1,7221,10/27/2023 19:50,18.96,0,"","","",""
B1,7222,10/27/2023 19:55,18.96,0,"","","",""
B1,7223,10/27/2023 20:00,18.96,0,"","","",""
B1,7224,10/27/2023 20:05,18.92,0,"","","",""
B1,7225,10/27/2023 20:10,18.92,0,"","","",""
B1,7226,10/27/2023 20:15,18.92,0,"","","",""
B1,7227,10/27/2023 20:20,18.92,0,"","","",""
B1,7228,10/27/2023 20:25,18.83,0,"","","",""
B1,7229,10/27/2023 20:30,18.92,0,"","","",""
B1,7230,10/27/2023 20:35,18.87,0,"","","",""
B1,7231,10/27/2023 20:40,18.87,0,"","","",""
B1,7232,10/27/2023 20:45,18.92,0,"","","",""
B1,7233,10/27/2023 20:50,18.83,0,"","","",""
B1,7234,10/27/2023 20:55,18.83,0,"","","",""
B1,7235,10/27/2023 21:00,18.83,0,"","","",""
B1,7236,10/27/2023 21:05,18.74,0,"","","",""
B1,7237,10/27/2023 21:10,18.74,0,"","","",""
B1,7238,10/27/2023 21:15,18.79,0,"","","",""
B1,7239,10/27/2023 21:20,18.74,0,"","","",""
B1,7240,10/27/2023 21:25,18.7,0,"","","",""
B1,7241,10/27/2023 21:30,18.7,0,"","","",""
B1,7242,10/27/2023 21:35,18.7,0,"","","",""
B1,7243,10/27/2023 21:40,18.57,0,"","","",""
B1,7244,10/27/2023 21:45,18.62,0,"","","",""
B1,7245,10/27/2023 21:50,18.66,0,"","","",""
B1,7246,10/27/2023 21:55,18.62,0,"","","",""
B1,7247,10/27/2023 22:00,18.62,0,"","","",""
B1,7248,10/27/2023 22:05,18.62,0,"","","",""
B1,7249,10/27/2023 22:10,18.66,0,"","","",""
B1,7250,10/27/2023 22:15,18.66,0,"","","",""
B1,7251,10/27/2023 22:20,18.62,0,"","","",""
B1,7252,10/27/2023 22:25,18.57,0,"","","",""
B1,7253,10/27/2023 22:30,18.62,0,"","","",""
B1,7254,10/27/2023 22:35,18.57,0,"","","",""
B1,7255,10/27/2023 22:40,18.62,0,"","","",""
B1,7256,10/27/2023 22:45,18.66,0,"","","",""
B1,7257,10/27/2023 22:50,18.57,0,"","","",""
B1,7258,10/27/2023 22:55,18.62,0,"","","",""
B1,7259,10/27/2023 23:00,18.66,0,"","","",""
B1,7260,10/27/2023 23:05,18.66,0,"","","",""
B1,7261,10/27/2023 23:10,18.66,0,"","","",""
B1,7262,10/27/2023 23:15,18.62,0,"","","",""
B1,7263,10/27/2023 23:20,18.66,0,"","","",""
B1,7264,10/27/2023 23:25,18.62,0.22,"","","",""
B1,7265,10/27/2023 23:30,18.66,0,"","","",""
B1,7266,10/27/2023 23:35,18.62,0,"","","",""
B1,7267,10/27/2023 23:40,18.53,0,"","","",""
B1,7268,10/27/2023 23:45,18.53,0,"","","",""
B1,7269,10/27/2023 23:50,18.4,0,"","","",""
B1,7270,10/27/2023 23:55,18.4,0,"","","",""
B1,7271,10/28/2023 0:00,18.36,0,"","","",""
B1,7272,10/28/2023 0:05,18.36,0,"","","",""
B1,7273,10/28/2023 0:10,18.27,0,"","","",""
B1,7274,10/28/2023 0:15,18.06,0,"","","",""
B1,7335,10/28/2023 5:20,17.76,0,"","","",""
B1,7336,10/28/2023 5:25,17.97,0,"","","",""
B1,7337,10/28/2023 5:30,18.02,0,"","","",""
B1,7338,10/28/2023 5:35,18.06,0,"","","",""
B1,7339,10/28/2023 5:40,18.06,0,"","","",""
B1,7340,10/28/2023 5:45,18.14,0,"","","",""
B1,7341,10/28/2023 5:50,18.14,0,"","","",""
B1,7342,10/28/2023 5:55,18.23,0,"","","",""
B1,7343,10/28/2023 6:00,18.14,0,"","","",""
B1,7344,10/28/2023 6:05,18.23,0,"","","",""
B1,7345,10/28/2023 6:10,18.27,0,"","","",""
B1,7346,10/28/2023 6:15,18.23,0,"","","",""
B1,7347,10/28/2023 6:20,18.23,0,"","","",""
B1,7348,10/28/2023 6:25,18.19,0,"","","",""
B1,7349,10/28/2023 6:30,18.19,0,"","","",""
B1,7350,10/28/2023 6:35,18.23,0.22,"","","",""
B1,7351,10/28/2023 6:40,18.14,0.44,"","","",""
B1,7352,10/28/2023 6:45,18.06,1.99,"","","",""
B1,7353,10/28/2023 6:50,18.02,11.74,"","","",""
B1,7354,10/28/2023 6:55,18.02,31.64,"","","",""
B1,7355,10/28/2023 7:00,17.89,52.02,"","","",""
B1,7356,10/28/2023 7:05,17.89,59.56,"","","",""
B1,7357,10/28/2023 7:10,17.89,260.24,"","","",""
B1,7358,10/28/2023 7:15,17.84,332.48,"","","",""
B1,7359,10/28/2023 7:20,17.84,234.24,"","","",""
B1,7360,10/28/2023 7:25,17.8,628.16,"","","",""
B1,7361,10/28/2023 7:30,17.89,686.72,"","","",""
B1,7362,10/28/2023 7:35,17.84,976.96,"","","",""
B1,7363,10/28/2023 7:40,17.8,1605.76,"","","",""
B1,7364,10/28/2023 7:45,17.84,1302.4,"","","",""
B1,7365,10/28/2023 7:50,17.76,1560.32,"","","",""
B1,7366,10/28/2023 7:55,17.89,2547.84,"","","",""
B1,7367,10/28/2023 8:00,17.84,3833.6,"","","",""
B1,7368,10/28/2023 8:05,17.67,2051.84,"","","",""
B1,7369,10/28/2023 8:10,17.84,2367.36,"","","",""
B1,7370,10/28/2023 8:15,17.89,3869.44,"","","",""
B1,7371,10/28/2023 8:20,17.93,2931.2,"","","",""
B1,7372,10/28/2023 8:25,17.93,4652.8,"","","",""
B1,7373,10/28/2023 8:30,17.97,5649.92,"","","",""
B1,7374,10/28/2023 8:35,17.84,6167.04,"","","",""
B1,7375,10/28/2023 8:40,17.76,3125.76,"","","",""
B1,7376,10/28/2023 8:45,17.72,3223.04,"","","",""
B1,7377,10/28/2023 8:50,17.63,4830.72,"","","",""
B1,7378,10/28/2023 8:55,17.54,7659.52,"","","",""
B1,7379,10/28/2023 9:00,17.54,5127.68,"","","",""
B1,7380,10/28/2023 9:05,17.5,3530.24,"","","",""
B1,7381,10/28/2023 9:10,17.41,7226.88,"","","",""
B1,7382,10/28/2023 9:15,17.41,4440.32,"","","",""
B1,7383,10/28/2023 9:20,17.37,6159.36,"","","",""
B1,7384,10/28/2023 9:25,17.24,6287.36,"","","",""
B1,7385,10/28/2023 9:30,17.16,4478.72,"","","",""
B1,7386,10/28/2023 9:35,17.11,9822.72,"","","",""
B1,7387,10/28/2023 9:40,17.16,7329.28,"","","",""
B1,7388,10/28/2023 9:45,17.16,11345.92,"","","",""
B1,7389,10/28/2023 9:50,17.07,7272.96,"","","",""
B1,7390,10/28/2023 9:55,17.11,11136,"","","",""
B1,7391,10/28/2023 10:00,17.11,14228.48,"","","",""
B1,7392,10/28/2023 10:05,17.03,12605.44,"","","",""
B1,7393,10/28/2023 10:10,16.99,12431.36,"","","",""
B1,7394,10/28/2023 10:15,17.11,7959.04,"","","",""
B1,7395,10/28/2023 10:20,17.11,7623.68,"","","",""
B1,7396,10/28/2023 10:25,17.07,8568.32,"","","",""
B1,7397,10/28/2023 10:30,17.16,13122.56,"","","",""
B1,7398,10/28/2023 10:35,17.2,11366.4,"","","",""
B1,7399,10/28/2023 10:40,17.33,13271.04,"","","",""
B1,7400,10/28/2023 10:45,17.29,8640,"","","",""
B1,7401,10/28/2023 10:50,17.41,17597.44,"","","",""
B1,7402,10/28/2023 10:55,17.5,22497.28,"","","",""
B1,7403,10/28/2023 11:00,17.54,20766.72,"","","",""
B1,7404,10/28/2023 11:05,17.5,10306.56,"","","",""
B1,7405,10/28/2023 11:10,17.63,16122.88,"","","",""
B1,7406,10/28/2023 11:15,17.67,19328,"","","",""
B1,7407,10/28/2023 11:20,17.76,24166.4,"","","",""
B1,7408,10/28/2023 11:25,17.93,26122.24,"","","",""
B1,7409,10/28/2023 11:30,17.89,7772.16,"","","",""
B1,7410,10/28/2023 11:35,18.23,61030.4,"","","",""
B1,7411,10/28/2023 11:40,18.32,29388.8,"","","",""
B1,7412,10/28/2023 11:45,18.44,49889.28,"","","",""
B1,7413,10/28/2023 11:50,18.62,50114.56,"","","",""
B1,7414,10/28/2023 11:55,18.92,21370.88,"","","",""
B1,7415,10/28/2023 12:00,19.52,36843.52,"","","",""
B1,7416,10/28/2023 12:05,19.82,38318.08,"","","",""
B1,7417,10/28/2023 12:10,20.16,30924.8,"","","",""
B1,7418,10/28/2023 12:15,20.98,62730.24,"","","",""
B1,7419,10/28/2023 12:20,21.79,79073.28,"","","",""
B1,7420,10/28/2023 12:25,22.82,78848,"","","",""
B1,7421,10/28/2023 12:30,23.34,46223.36,"","","",""
B1,7422,10/28/2023 12:35,23.76,78766.08,"","","",""
B1,7504,10/28/2023 19:25,18.06,0,"","","",""
B1,7505,10/28/2023 19:30,18.19,0,"","","",""
B1,7506,10/28/2023 19:35,18.19,0,"","","",""
B1,7507,10/28/2023 19:40,18.23,0,"","","",""
B1,7508,10/28/2023 19:45,18.23,0,"","","",""
B1,7509,10/28/2023 19:50,18.23,0,"","","",""
B1,7510,10/28/2023 19:55,18.23,0,"","","",""
B1,7511,10/28/2023 20:00,18.19,0,"","","",""
B1,7512,10/28/2023 20:05,18.1,0,"","","",""
B1,7513,10/28/2023 20:10,18.02,0,"","","",""
B1,7514,10/28/2023 20:15,17.97,0,"","","",""
B1,7515,10/28/2023 20:20,17.93,0,"","","",""
B1,7516,10/28/2023 20:25,17.8,0,"","","",""
B1,7517,10/28/2023 20:30,17.72,0,"","","",""
B1,7518,10/28/2023 20:35,17.72,0,"","","",""
B1,7519,10/28/2023 20:40,17.67,0,"","","",""
B1,7520,10/28/2023 20:45,17.63,0,"","","",""
B1,7521,10/28/2023 20:50,17.5,0.22,"","","",""
B1,7522,10/28/2023 20:55,17.5,0,"","","",""
B1,7523,10/28/2023 21:00,17.54,0,"","","",""
B1,7524,10/28/2023 21:05,17.5,0,"","","",""
B1,7525,10/28/2023 21:10,17.5,0,"","","",""
B1,7526,10/28/2023 21:15,17.5,0,"","","",""
B1,7527,10/28/2023 21:20,17.46,0,"","","",""
B1,7528,10/28/2023 21:25,17.41,0,"","","",""
B1,7529,10/28/2023 21:30,17.54,0,"","","",""
B1,7530,10/28/2023 21:35,17.59,0,"","","",""
B1,7531,10/28/2023 21:40,17.46,0,"","","",""
B1,7532,10/28/2023 21:45,17.5,0,"","","",""
B1,7533,10/28/2023 21:50,17.54,0,"","","",""
B1,7534,10/28/2023 21:55,17.59,0,"","","",""
B1,7535,10/28/2023 22:00,17.54,0,"","","",""
B1,7536,10/28/2023 22:05,17.46,0,"","","",""
B1,7537,10/28/2023 22:10,17.5,0,"","","",""
B1,7538,10/28/2023 22:15,17.63,0,"","","",""
B1,7539,10/28/2023 22:20,17.59,0,"","","",""
B1,7540,10/28/2023 22:25,17.54,0,"","","",""
B1,7541,10/28/2023 22:30,17.63,0,"","","",""
B1,7542,10/28/2023 22:35,17.59,0,"","","",""
B1,7543,10/28/2023 22:40,17.5,0,"","","",""
B1,7544,10/28/2023 22:45,17.5,0,"","","",""
B1,7545,10/28/2023 22:50,17.46,0,"","","",""
B1,7546,10/28/2023 22:55,17.41,0,"","","",""
B1,7547,10/28/2023 23:00,17.46,0,"","","",""
B1,7548,10/28/2023 23:05,17.5,0,"","","",""
B1,7549,10/28/2023 23:10,17.54,0,"","","",""
B1,7550,10/28/2023 23:15,17.46,0,"","","",""
B1,7551,10/28/2023 23:20,17.46,0,"","","",""
B1,7552,10/28/2023 23:25,17.41,0,"","","",""
B1,7553,10/28/2023 23:30,17.46,0,"","","",""
B1,7554,10/28/2023 23:35,17.46,0,"","","",""
B1,7555,10/28/2023 23:40,17.41,0,"","","",""
B1,7556,10/28/2023 23:45,17.41,0,"","","",""
B1,7557,10/28/2023 23:50,17.46,0,"","","",""
B1,7558,10/28/2023 23:55,17.41,0,"","","",""
B1,7559,10/29/2023 0:00,17.41,0.22,"","","",""
B1,7560,10/29/2023 0:05,17.33,0,"","","",""
B1,7561,10/29/2023 0:10,17.37,0,"","","",""
B1,7562,10/29/2023 0:15,17.41,0,"","","",""
B1,7563,10/29/2023 0:20,17.33,0,"","","",""
B1,7564,10/29/2023 0:25,17.29,0,"","","",""
B1,7565,10/29/2023 0:30,17.29,0,"","","",""
B1,7566,10/29/2023 0:35,17.2,0,"","","",""
B1,7567,10/29/2023 0:40,17.2,0,"","","",""
B1,7568,10/29/2023 0:45,17.2,0,"","","",""
B1,7569,10/29/2023 0:50,17.11,0,"","","",""
B1,7570,10/29/2023 0:55,17.03,0,"","","",""
B1,7571,10/29/2023 1:00,16.99,0,"","","",""
B1,7572,10/29/2023 1:05,17.03,0,"","","",""
B1,7626,10/29/2023 5:35,16.73,0,"","","",""
B1,7627,10/29/2023 5:40,16.64,0,"","","",""
B1,7628,10/29/2023 5:45,16.73,0,"","","",""
B1,7629,10/29/2023 5:50,16.86,0,"","","",""
B1,7630,10/29/2023 5:55,16.86,0,"","","",""
B1,7631,10/29/2023 6:00,16.9,0,"","","",""
B1,7632,10/29/2023 6:05,17.03,0,"","","",""
B1,7633,10/29/2023 6:10,16.99,0,"","","",""
B1,7634,10/29/2023 6:15,17.07,0,"","","",""
B1,7635,10/29/2023 6:20,17.07,0,"","","",""
B1,7636,10/29/2023 6:25,17.07,0,"","","",""
B1,7637,10/29/2023 6:30,17.11,0,"","","",""
B1,7638,10/29/2023 6:35,17.16,0.22,"","","",""
B1,7639,10/29/2023 6:40,17.11,0.88,"","","",""
B1,7640,10/29/2023 6:45,17.16,0.22,"","","",""
B1,7641,10/29/2023 6:50,17.11,9.75,"","","",""
B1,7642,10/29/2023 6:55,17.16,31.64,"","","",""
B1,7643,10/29/2023 7:00,17.16,69.88,"","","",""
B1,7644,10/29/2023 7:05,17.07,132.76,"","","",""
B1,7645,10/29/2023 7:10,17.16,126.44,"","","",""
B1,7646,10/29/2023 7:15,17.2,208.32,"","","",""
B1,7647,10/29/2023 7:20,17.24,421.92,"","","",""
B1,7648,10/29/2023 7:25,17.2,106.92,"","","",""
B1,7649,10/29/2023 7:30,17.29,976.96,"","","",""
B1,7650,10/29/2023 7:35,17.29,859.2,"","","",""
B1,7651,10/29/2023 7:40,17.33,2757.12,"","","",""
B1,7652,10/29/2023 7:45,17.33,925.44,"","","",""
B1,7653,10/29/2023 7:50,17.33,2060.16,"","","",""
B1,7654,10/29/2023 7:55,17.41,3715.84,"","","",""
B1,7655,10/29/2023 8:00,17.37,2569.6,"","","",""
B1,7656,10/29/2023 8:05,17.41,3769.6,"","","",""
B1,7657,10/29/2023 8:10,17.5,6469.12,"","","",""
B1,7658,10/29/2023 8:15,17.46,6758.4,"","","",""
B1,7659,10/29/2023 8:20,17.54,9064.96,"","","",""
B1,7660,10/29/2023 8:25,17.5,6100.48,"","","",""
B1,7661,10/29/2023 8:30,17.54,9786.88,"","","",""
B1,7662,10/29/2023 8:35,17.59,8893.44,"","","",""
B1,7663,10/29/2023 8:40,17.54,6021.12,"","","",""
B1,7664,10/29/2023 8:45,17.46,7695.36,"","","",""
B1,7665,10/29/2023 8:50,17.59,7150.08,"","","",""
B1,7666,10/29/2023 8:55,17.5,10086.4,"","","",""
B1,7667,10/29/2023 9:00,17.46,11023.36,"","","",""
B1,7668,10/29/2023 9:05,17.5,8340.48,"","","",""
B1,7669,10/29/2023 9:10,17.5,11197.44,"","","",""
B1,7670,10/29/2023 9:15,17.46,18744.32,"","","",""
B1,7671,10/29/2023 9:20,17.41,6584.32,"","","",""
B1,7672,10/29/2023 9:25,17.46,13168.64,"","","",""
B1,7673,10/29/2023 9:30,17.46,21360.64,"","","",""
B1,7674,10/29/2023 9:35,17.37,14781.44,"","","",""
B1,7675,10/29/2023 9:40,17.33,25415.68,"","","",""
B1,7676,10/29/2023 9:45,17.24,20730.88,"","","",""
B1,7677,10/29/2023 9:50,17.24,11520,"","","",""
B1,7678,10/29/2023 9:55,17.2,16424.96,"","","",""
B1,7679,10/29/2023 10:00,17.16,16512,"","","",""
B1,7680,10/29/2023 10:05,17.29,18769.92,"","","",""
B1,7681,10/29/2023 10:10,17.2,8916.48,"","","",""
B1,7682,10/29/2023 10:15,17.2,16896,"","","",""
B1,7683,10/29/2023 10:20,17.24,17187.84,"","","",""
B1,7684,10/29/2023 10:25,17.07,17817.6,"","","",""
B1,7685,10/29/2023 10:30,17.03,16921.6,"","","",""
B1,7686,10/29/2023 10:35,17.03,15503.36,"","","",""
B1,7687,10/29/2023 10:40,17.07,20910.08,"","","",""
B1,7688,10/29/2023 10:45,16.94,41820.16,"","","",""
B1,7689,10/29/2023 10:50,16.99,21022.72,"","","",""
B1,7690,10/29/2023 10:55,17.07,17838.08,"","","",""
B1,7691,10/29/2023 11:00,16.99,20449.28,"","","",""
B1,7692,10/29/2023 11:05,16.86,23470.08,"","","",""
B1,7693,10/29/2023 11:10,16.9,25559.04,"","","",""
B1,7694,10/29/2023 11:15,17.16,275.28,"","","",""
B1,7695,10/29/2023 11:20,17.11,21248,"","","",""
B1,7696,10/29/2023 11:25,17.07,22466.56,"","","",""
B1,7697,10/29/2023 11:30,17.29,28446.72,"","","",""
B1,7698,10/29/2023 11:35,17.37,33423.36,"","","",""
B1,7699,10/29/2023 11:40,17.5,28600.32,"","","",""
B1,7700,10/29/2023 11:45,17.5,27811.84,"","","",""
B1,7701,10/29/2023 11:50,17.54,26460.16,"","","",""
B1,7702,10/29/2023 11:55,17.72,42762.24,"","","",""
B1,7703,10/29/2023 12:00,17.76,17525.76,"","","",""
B1,7704,10/29/2023 12:05,17.84,44093.44,"","","",""
B1,7705,10/29/2023 12:10,18.02,11013.12,"","","",""
B1,7706,10/29/2023 12:15,18.27,34324.48,"","","",""
B1,7707,10/29/2023 12:20,18.53,42004.48,"","","",""
B1,7708,10/29/2023 12:25,18.62,37959.68,"","","",""
B1,7709,10/29/2023 12:30,19.22,16225.28,"","","",""
B1,7710,10/29/2023 12:35,19.05,63754.24,"","","",""
B1,7711,10/29/2023 12:40,19.35,18027.52,"","","",""
B1,7712,10/29/2023 12:45,19.73,53719.04,"","","",""
B1,7713,10/29/2023 12:50,20.63,75919.36,"","","",""
B1,7714,10/29/2023 12:55,20.89,76656.64,"","","",""
B1,7715,10/29/2023 13:00,21.28,36311.04,"","","",""
B1,7716,10/29/2023 13:05,22.18,74690.56,"","","",""
B1,7717,10/29/2023 13:10,22.31,75530.24,"","","",""
B1,7718,10/29/2023 13:15,23.81,74137.6,"","","",""
B1,7804,10/29/2023 20:25,16.3,0,"","","",""
B1,7805,10/29/2023 20:30,16.73,0,"","","",""
B1,7806,10/29/2023 20:35,16.77,0,"","","",""
B1,7807,10/29/2023 20:40,16.9,0,"","","",""
B1,7808,10/29/2023 20:45,17.11,0,"","","",""
B1,7809,10/29/2023 20:50,17.16,0,"","","",""
B1,7810,10/29/2023 20:55,17.11,0,"","","",""
B1,7811,10/29/2023 21:00,17.11,0,"","","",""
B1,7812,10/29/2023 21:05,17.2,0,"","","",""
B1,7813,10/29/2023 21:10,17.2,0,"","","",""
B1,7814,10/29/2023 21:15,17.24,0,"","","",""
B1,7815,10/29/2023 21:20,17.33,0,"","","",""
B1,7816,10/29/2023 21:25,17.33,0.22,"","","",""
B1,7817,10/29/2023 21:30,17.37,0,"","","",""
B1,7818,10/29/2023 21:35,17.33,0,"","","",""
B1,7819,10/29/2023 21:40,17.37,0,"","","",""
B1,7820,10/29/2023 21:45,17.37,0,"","","",""
B1,7821,10/29/2023 21:50,17.41,0,"","","",""
B1,7822,10/29/2023 21:55,17.41,0,"","","",""
B1,7823,10/29/2023 22:00,17.46,0,"","","",""
B1,7824,10/29/2023 22:05,17.46,0,"","","",""
B1,7825,10/29/2023 22:10,17.41,0,"","","",""
B1,7826,10/29/2023 22:15,17.46,0,"","","",""
B1,7827,10/29/2023 22:20,17.46,0,"","","",""
B1,7828,10/29/2023 22:25,17.46,0,"","","",""
B1,7829,10/29/2023 22:30,17.46,0,"","","",""
B1,7830,10/29/2023 22:35,17.46,0,"","","",""
B1,7831,10/29/2023 22:40,17.41,0,"","","",""
B1,7832,10/29/2023 22:45,17.37,0,"","","",""
B1,7833,10/29/2023 22:50,17.37,0,"","","",""
B1,7834,10/29/2023 22:55,17.33,0,"","","",""
B1,7835,10/29/2023 23:00,17.24,0,"","","",""
B1,7836,10/29/2023 23:05,17.11,0,"","","",""
B1,7837,10/29/2023 23:10,16.99,0,"","","",""
B1,7838,10/29/2023 23:15,16.9,0,"","","",""
B1,7839,10/29/2023 23:20,16.86,0,"","","",""
B1,7840,10/29/2023 23:25,16.73,0,"","","",""
B1,7841,10/29/2023 23:30,16.77,0,"","","",""
B1,7842,10/29/2023 23:35,16.77,0,"","","",""
B1,7843,10/29/2023 23:40,16.77,0,"","","",""
B1,7844,10/29/2023 23:45,16.9,0,"","","",""
B1,7845,10/29/2023 23:50,16.94,0,"","","",""
B1,7846,10/29/2023 23:55,16.99,0,"","","",""
B1,7847,10/30/2023 0:00,17.03,0,"","","",""
B1,7848,10/30/2023 0:05,17.07,0,"","","",""
B1,7849,10/30/2023 0:10,17.07,0,"","","",""
B1,7850,10/30/2023 0:15,17.11,0,"","","",""
B1,7851,10/30/2023 0:20,17.11,0,"","","",""
B1,7852,10/30/2023 0:25,17.11,0,"","","",""
B1,7853,10/30/2023 0:30,17.16,0,"","","",""
B1,7854,10/30/2023 0:35,17.2,0.22,"","","",""
B1,7855,10/30/2023 0:40,17.16,0,"","","",""
B1,7856,10/30/2023 0:45,17.16,0,"","","",""
B1,7857,10/30/2023 0:50,17.16,0,"","","",""
B1,7858,10/30/2023 0:55,17.11,0,"","","",""
B1,7859,10/30/2023 1:00,17.11,0,"","","",""
B1,7860,10/30/2023 1:05,17.07,0,"","","",""
B1,7861,10/30/2023 1:10,16.99,0,"","","",""
B1,7862,10/30/2023 1:15,16.94,0,"","","",""
B1,7863,10/30/2023 1:20,16.86,0,"","","",""
B1,7864,10/30/2023 1:25,16.9,0,"","","",""
B1,7865,10/30/2023 1:30,16.81,0,"","","",""
B1,7866,10/30/2023 1:35,16.56,0,"","","",""
B1,7867,10/30/2023 1:40,16.73,0,"","","",""
B1,7868,10/30/2023 1:45,16.43,0,"","","",""
B1,7869,10/30/2023 1:50,16.3,0,"","","",""
B1,7870,10/30/2023 1:55,16.26,0,"","","",""
B1,7915,10/30/2023 5:40,14.67,0,"","","",""
B1,7916,10/30/2023 5:45,15.06,0,"","","",""
B1,7917,10/30/2023 5:50,15.36,0,"","","",""
B1,7918,10/30/2023 5:55,15.53,0,"","","",""
B1,7919,10/30/2023 6:00,15.61,0,"","","",""
B1,7920,10/30/2023 6:05,15.66,0,"","","",""
B1,7921,10/30/2023 6:10,15.83,0,"","","",""
B1,7922,10/30/2023 6:15,16.08,0,"","","",""
B1,7923,10/30/2023 6:20,16.13,0,"","","",""
B1,7924,10/30/2023 6:25,16.3,0,"","","",""
B1,7925,10/30/2023 6:30,16.39,0,"","","",""
B1,7926,10/30/2023 6:35,16.51,0.44,"","","",""
B1,7927,10/30/2023 6:40,16.6,0.88,"","","",""
B1,7928,10/30/2023 6:45,16.69,3.76,"","","",""
B1,7929,10/30/2023 6:50,16.69,13.07,"","","",""
B1,7930,10/30/2023 6:55,16.73,32.08,"","","",""
B1,7931,10/30/2023 7:00,16.64,84.76,"","","",""
B1,7932,10/30/2023 7:05,16.69,170.96,"","","",""
B1,7933,10/30/2023 7:10,16.73,358.4,"","","",""
B1,7934,10/30/2023 7:15,16.77,567.84,"","","",""
B1,7935,10/30/2023 7:20,16.86,64.44,"","","",""
B1,7936,10/30/2023 7:25,16.9,903.36,"","","",""
B1,7937,10/30/2023 7:30,16.94,2250.24,"","","",""
B1,7938,10/30/2023 7:35,16.99,2108.16,"","","",""
B1,7939,10/30/2023 7:40,16.99,2468.48,"","","",""
B1,7940,10/30/2023 7:45,17.11,3508.48,"","","",""
B1,7941,10/30/2023 7:50,17.2,6289.92,"","","",""
B1,7942,10/30/2023 7:55,17.07,8025.6,"","","",""
B1,7943,10/30/2023 8:00,17.11,3057.92,"","","",""
B1,7944,10/30/2023 8:05,17.46,6709.76,"","","",""
B1,7945,10/30/2023 8:10,17.46,463.04,"","","",""
B1,7946,10/30/2023 8:15,17.54,9702.4,"","","",""
B1,7947,10/30/2023 8:20,17.63,2744.32,"","","",""
B1,7948,10/30/2023 8:25,17.46,9553.92,"","","",""
B1,7949,10/30/2023 8:30,17.72,11274.24,"","","",""
B1,7950,10/30/2023 8:35,17.76,14832.64,"","","",""
B1,7951,10/30/2023 8:40,17.46,10375.68,"","","",""
B1,7952,10/30/2023 8:45,17.46,13250.56,"","","",""
B1,7953,10/30/2023 8:50,17.54,12846.08,"","","",""
B1,7954,10/30/2023 8:55,17.84,18959.36,"","","",""
B1,7955,10/30/2023 9:00,17.89,11100.16,"","","",""
B1,7956,10/30/2023 9:05,17.8,12912.64,"","","",""
B1,7957,10/30/2023 9:10,17.72,15703.04,"","","",""
B1,7958,10/30/2023 9:15,17.84,17080.32,"","","",""
B1,7959,10/30/2023 9:20,17.93,19143.68,"","","",""
B1,7960,10/30/2023 9:25,17.89,16384,"","","",""
B1,7961,10/30/2023 9:30,17.84,13844.48,"","","",""
B1,7962,10/30/2023 9:35,17.84,16732.16,"","","",""
B1,7963,10/30/2023 9:40,17.54,13588.48,"","","",""
B1,7964,10/30/2023 9:45,17.72,21811.2,"","","",""
B1,7965,10/30/2023 9:50,17.89,18334.72,"","","",""
B1,7966,10/30/2023 9:55,17.93,23009.28,"","","",""
B1,7967,10/30/2023 10:00,17.76,11852.8,"","","",""
B1,7968,10/30/2023 10:05,17.8,16563.2,"","","",""
B1,7969,10/30/2023 10:10,17.8,13532.16,"","","",""
B1,7970,10/30/2023 10:15,17.97,21145.6,"","","",""
B1,7971,10/30/2023 10:20,17.97,17592.32,"","","",""
B1,7972,10/30/2023 10:25,17.97,26787.84,"","","",""
B1,7973,10/30/2023 10:30,18.23,30842.88,"","","",""
B1,7974,10/30/2023 10:35,18.1,24401.92,"","","",""
B1,7975,10/30/2023 10:40,18.14,25139.2,"","","",""
B1,7976,10/30/2023 10:45,18.14,20264.96,"","","",""
B1,7977,10/30/2023 10:50,18.36,37816.32,"","","",""
B1,7978,10/30/2023 10:55,18.32,22784,"","","",""
B1,7979,10/30/2023 11:00,18.4,27504.64,"","","",""
B1,7980,10/30/2023 11:05,18.32,25200.64,"","","",""
B1,7981,10/30/2023 11:10,18.36,28221.44,"","","",""
B1,7982,10/30/2023 11:15,18.49,32061.44,"","","",""
B1,7983,10/30/2023 11:20,18.32,22415.36,"","","",""
B1,7984,10/30/2023 11:25,18.44,29204.48,"","","",""
B1,7985,10/30/2023 11:30,18.49,20418.56,"","","",""
B1,7986,10/30/2023 11:35,18.57,23490.56,"","","",""
B1,7987,10/30/2023 11:40,18.74,32573.44,"","","",""
B1,7988,10/30/2023 11:45,18.83,56504.32,"","","",""
B1,7989,10/30/2023 11:50,18.87,34437.12,"","","",""
B1,7990,10/30/2023 11:55,18.92,26634.24,"","","",""
B1,7991,10/30/2023 12:00,18.87,29112.32,"","","",""
B1,7992,10/30/2023 12:05,18.87,23470.08,"","","",""
B1,7993,10/30/2023 12:10,19,20812.8,"","","",""
B1,7994,10/30/2023 12:15,19.09,41267.2,"","","",""
B1,7995,10/30/2023 12:20,19.17,37959.68,"","","",""
B1,7996,10/30/2023 12:25,19.22,50053.12,"","","",""
B1,7997,10/30/2023 12:30,19.13,44687.36,"","","",""
B1,7998,10/30/2023 12:35,19.43,36771.84,"","","",""
B1,7999,10/30/2023 12:40,19.47,35194.88,"","","",""
B1,8000,10/30/2023 12:45,19.47,43479.04,"","","",""
B1,8001,10/30/2023 12:50,19.56,51322.88,"","","",""
B1,8002,10/30/2023 12:55,19.69,62955.52,"","","",""
B1,8003,10/30/2023 13:00,19.82,63344.64,"","","",""
B1,8004,10/30/2023 13:05,19.99,54128.64,"","","",""
B1,8005,10/30/2023 13:10,20.55,47411.2,"","","",""
B1,8006,10/30/2023 13:15,21.06,75243.52,"","","",""
B1,8007,10/30/2023 13:20,20.98,28907.52,"","","",""
B1,8008,10/30/2023 13:25,22.05,75837.44,"","","",""
B1,8009,10/30/2023 13:30,22.18,49725.44,"","","",""
B1,8010,10/30/2023 13:35,23.12,75243.52,"","","",""
B1,8011,10/30/2023 13:40,23.38,37181.44,"","","",""
B1,8012,10/30/2023 13:45,23.72,26071.04,"","","",""
B1,8013,10/30/2023 13:50,24.41,74424.32,"","","",""
B1,8105,10/30/2023 21:30,15.96,0,"","","",""
B1,8106,10/30/2023 21:35,16,0,"","","",""
B1,8107,10/30/2023 21:40,16.69,0,"","","",""
B1,8108,10/30/2023 21:45,16.81,0,"","","",""
B1,8109,10/30/2023 21:50,16.86,0,"","","",""
B1,8110,10/30/2023 21:55,17.03,0,"","","",""
B1,8111,10/30/2023 22:00,17.16,0.22,"","","",""
B1,8112,10/30/2023 22:05,17.11,0,"","","",""
B1,8113,10/30/2023 22:10,17.33,0,"","","",""
B1,8114,10/30/2023 22:15,17.33,0,"","","",""
B1,8115,10/30/2023 22:20,17.41,0,"","","",""
B1,8116,10/30/2023 22:25,17.37,0,"","","",""
B1,8117,10/30/2023 22:30,17.41,0,"","","",""
B1,8118,10/30/2023 22:35,17.46,0,"","","",""
B1,8119,10/30/2023 22:40,17.5,0,"","","",""
B1,8120,10/30/2023 22:45,17.5,0,"","","",""
B1,8121,10/30/2023 22:50,17.54,0,"","","",""
B1,8122,10/30/2023 22:55,17.59,0,"","","",""
B1,8123,10/30/2023 23:00,17.63,0,"","","",""
B1,8124,10/30/2023 23:05,17.59,0,"","","",""
B1,8125,10/30/2023 23:10,17.63,0,"","","",""
B1,8126,10/30/2023 23:15,17.63,0,"","","",""
B1,8127,10/30/2023 23:20,17.63,0,"","","",""
B1,8128,10/30/2023 23:25,17.67,0,"","","",""
B1,8129,10/30/2023 23:30,17.63,0,"","","",""
B1,8130,10/30/2023 23:35,17.63,0,"","","",""
B1,8131,10/30/2023 23:40,17.67,0,"","","",""
B1,8132,10/30/2023 23:45,17.72,0,"","","",""
B1,8133,10/30/2023 23:50,17.72,0,"","","",""
B1,8134,10/30/2023 23:55,17.72,0,"","","",""
B1,8135,10/31/2023 0:00,17.72,0,"","","",""
B1,8136,10/31/2023 0:05,17.67,0,"","","",""
B1,8137,10/31/2023 0:10,17.67,0,"","","",""
B1,8138,10/31/2023 0:15,17.67,0,"","","",""
B1,8139,10/31/2023 0:20,17.63,0,"","","",""
B1,8140,10/31/2023 0:25,17.63,0,"","","",""
B1,8141,10/31/2023 0:30,17.67,0,"","","",""
B1,8142,10/31/2023 0:35,17.67,0,"","","",""
B1,8143,10/31/2023 0:40,17.63,0,"","","",""
B1,8144,10/31/2023 0:45,17.63,0,"","","",""
B1,8145,10/31/2023 0:50,17.59,0,"","","",""
B1,8146,10/31/2023 0:55,17.59,0,"","","",""
B1,8147,10/31/2023 1:00,17.59,0,"","","",""
B1,8148,10/31/2023 1:05,17.59,0,"","","",""
B1,8149,10/31/2023 1:10,17.59,0.22,"","","",""
B1,8150,10/31/2023 1:15,17.59,0,"","","",""
B1,8151,10/31/2023 1:20,17.54,0,"","","",""
B1,8152,10/31/2023 1:25,17.5,0,"","","",""
B1,8153,10/31/2023 1:30,17.5,0,"","","",""
B1,8154,10/31/2023 1:35,17.33,0,"","","",""
B1,8155,10/31/2023 1:40,17.41,0,"","","",""
B1,8156,10/31/2023 1:45,17.24,0,"","","",""
B1,8157,10/31/2023 1:50,17.2,0,"","","",""
B1,8158,10/31/2023 1:55,17.07,0,"","","",""
B1,8159,10/31/2023 2:00,16.94,0,"","","",""
B1,8160,10/31/2023 2:05,17.03,0,"","","",""
B1,8161,10/31/2023 2:10,16.9,0,"","","",""
B1,8162,10/31/2023 2:15,16.9,0,"","","",""
B1,8163,10/31/2023 2:20,16.77,0,"","","",""
B1,8164,10/31/2023 2:25,16.56,0,"","","",""
B1,8165,10/31/2023 2:30,16.73,0,"","","",""
B1,8166,10/31/2023 2:35,16.64,0,"","","",""
B1,8167,10/31/2023 2:40,16.56,0,"","","",""
B1,8168,10/31/2023 2:45,16.47,0,"","","",""
B1,8169,10/31/2023 2:50,16.6,0,"","","",""
B1,8170,10/31/2023 2:55,16.64,0,"","","",""
B1,8171,10/31/2023 3:00,16.43,0,"","","",""
B1,8172,10/31/2023 3:05,16.43,0,"","","",""
B1,8173,10/31/2023 3:10,16.47,0,"","","",""
B1,8174,10/31/2023 3:15,16.08,0,"","","",""
B1,8175,10/31/2023 3:20,16,0,"","","",""
B1,8176,10/31/2023 3:25,15.57,0,"","","",""
B1,8177,10/31/2023 3:30,15.91,0,"","","",""
B1,8202,10/31/2023 5:35,15.36,0,"","","",""
B1,8203,10/31/2023 5:40,15.27,0,"","","",""
B1,8204,10/31/2023 5:45,15.57,0,"","","",""
B1,8205,10/31/2023 5:50,15.44,0,"","","",""
B1,8206,10/31/2023 5:55,15.57,0,"","","",""
B1,8207,10/31/2023 6:00,15.61,0,"","","",""
B1,8208,10/31/2023 6:05,15.87,0,"","","",""
B1,8209,10/31/2023 6:10,16,0,"","","",""
B1,8210,10/31/2023 6:15,16.08,0,"","","",""
B1,8211,10/31/2023 6:20,16.26,0,"","","",""
B1,8212,10/31/2023 6:25,16.21,0,"","","",""
B1,8213,10/31/2023 6:30,16.26,0,"","","",""
B1,8214,10/31/2023 6:35,16.3,0.22,"","","",""
B1,8215,10/31/2023 6:40,16.43,1.77,"","","",""
B1,8216,10/31/2023 6:45,16.56,5.09,"","","",""
B1,8217,10/31/2023 6:50,16.6,10.19,"","","",""
B1,8218,10/31/2023 6:55,16.64,53.08,"","","",""
B1,8219,10/31/2023 7:00,16.69,129.56,"","","",""
B1,8220,10/31/2023 7:05,16.73,285.52,"","","",""
B1,8221,10/31/2023 7:10,16.73,339.52,"","","",""
B1,8222,10/31/2023 7:15,16.81,626.88,"","","",""
B1,8223,10/31/2023 7:20,16.9,682.24,"","","",""
B1,8224,10/31/2023 7:25,16.86,1223.36,"","","",""
B1,8225,10/31/2023 7:30,16.94,1546.24,"","","",""
B1,8226,10/31/2023 7:35,16.99,2374.4,"","","",""
B1,8227,10/31/2023 7:40,16.99,4762.88,"","","",""
B1,8228,10/31/2023 7:45,17.11,1911.68,"","","",""
B1,8229,10/31/2023 7:50,17.16,4085.76,"","","",""
B1,8230,10/31/2023 7:55,17.16,6638.08,"","","",""
B1,8231,10/31/2023 8:00,17.2,7618.56,"","","",""
B1,8232,10/31/2023 8:05,17.2,3358.72,"","","",""
B1,8233,10/31/2023 8:10,17.29,21790.72,"","","",""
B1,8234,10/31/2023 8:15,17.33,8816.64,"","","",""
B1,8235,10/31/2023 8:20,17.33,8455.68,"","","",""
B1,8236,10/31/2023 8:25,17.33,13552.64,"","","",""
B1,8237,10/31/2023 8:30,17.37,13916.16,"","","",""
B1,8238,10/31/2023 8:35,17.33,12359.68,"","","",""
B1,8239,10/31/2023 8:40,17.37,13696,"","","",""
B1,8240,10/31/2023 8:45,17.41,9879.04,"","","",""
B1,8241,10/31/2023 8:50,17.41,14033.92,"","","",""
B1,8242,10/31/2023 8:55,17.46,16860.16,"","","",""
B1,8243,10/31/2023 9:00,17.46,13332.48,"","","",""
B1,8244,10/31/2023 9:05,17.54,16911.36,"","","",""
B1,8245,10/31/2023 9:10,17.54,8744.96,"","","",""
B1,8246,10/31/2023 9:15,17.54,21207.04,"","","",""
B1,8247,10/31/2023 9:20,17.63,18887.68,"","","",""
B1,8248,10/31/2023 9:25,17.63,25579.52,"","","",""
B1,8249,10/31/2023 9:30,17.63,16757.76,"","","",""
B1,8250,10/31/2023 9:35,17.76,27525.12,"","","",""
B1,8251,10/31/2023 9:40,17.76,23644.16,"","","",""
B1,8252,10/31/2023 9:45,17.76,22231.04,"","","",""
B1,8253,10/31/2023 9:50,17.8,28231.68,"","","",""
B1,8254,10/31/2023 9:55,17.76,21749.76,"","","",""
B1,8255,10/31/2023 10:00,17.76,20162.56,"","","",""
B1,8256,10/31/2023 10:05,17.76,19886.08,"","","",""
B1,8257,10/31/2023 10:10,17.89,29061.12,"","","",""
B1,8258,10/31/2023 10:15,17.89,23193.6,"","","",""
B1,8259,10/31/2023 10:20,17.89,22999.04,"","","",""
B1,8260,10/31/2023 10:25,17.89,21790.72,"","","",""
B1,8261,10/31/2023 10:30,17.89,15800.32,"","","",""
B1,8262,10/31/2023 10:35,17.89,15641.6,"","","",""
B1,8263,10/31/2023 10:40,17.89,18780.16,"","","",""
B1,8264,10/31/2023 10:45,17.93,15165.44,"","","",""
B1,8265,10/31/2023 10:50,17.89,20485.12,"","","",""
B1,8266,10/31/2023 10:55,18.06,28743.68,"","","",""
B1,8267,10/31/2023 11:00,18.1,25251.84,"","","",""
B1,8268,10/31/2023 11:05,18.06,27811.84,"","","",""
B1,8269,10/31/2023 11:10,18.06,19655.68,"","","",""
B1,8270,10/31/2023 11:15,18.1,24053.76,"","","",""
B1,8271,10/31/2023 11:20,18.36,33607.68,"","","",""
B1,8272,10/31/2023 11:25,18.27,22876.16,"","","",""
B1,8273,10/31/2023 11:30,18.32,23500.8,"","","",""
B1,8274,10/31/2023 11:35,18.32,23654.4,"","","",""
B1,8275,10/31/2023 11:40,18.32,26501.12,"","","",""
B1,8276,10/31/2023 11:45,18.36,13736.96,"","","",""
B1,8277,10/31/2023 11:50,18.66,31733.76,"","","",""
B1,8278,10/31/2023 11:55,18.7,44462.08,"","","",""
B1,8279,10/31/2023 12:00,18.66,40642.56,"","","",""
B1,8280,10/31/2023 12:05,18.74,22476.8,"","","",""
B1,8281,10/31/2023 12:10,18.7,36003.84,"","","",""
B1,8282,10/31/2023 12:15,18.83,31232,"","","",""
B1,8283,10/31/2023 12:20,18.87,23080.96,"","","",""
B1,8284,10/31/2023 12:25,18.92,45588.48,"","","",""
B1,8285,10/31/2023 12:30,18.96,43151.36,"","","",""
B1,8286,10/31/2023 12:35,18.92,48373.76,"","","",""
B1,8287,10/31/2023 12:40,19,56176.64,"","","",""
B1,8288,10/31/2023 12:45,19,28211.2,"","","",""
B1,8289,10/31/2023 12:50,19,28006.4,"","","",""
B1,8290,10/31/2023 12:55,19.13,42332.16,"","","",""
B1,8291,10/31/2023 13:00,19.13,46551.04,"","","",""
B1,8292,10/31/2023 13:05,19.05,42147.84,"","","",""
B1,8293,10/31/2023 13:10,19.13,44441.6,"","","",""
B1,8294,10/31/2023 13:15,19.09,27996.16,"","","",""
B1,8295,10/31/2023 13:20,19.26,31528.96,"","","",""
B1,8296,10/31/2023 13:25,19.35,36669.44,"","","",""
B1,8297,10/31/2023 13:30,19.39,38615.04,"","","",""
B1,8298,10/31/2023 13:35,19.52,62832.64,"","","",""
B1,8299,10/31/2023 13:40,19.43,27494.4,"","","",""
B1,8300,10/31/2023 13:45,19.9,61911.04,"","","",""
B1,8301,10/31/2023 13:50,19.9,38840.32,"","","",""
B1,8302,10/31/2023 13:55,20.03,44257.28,"","","",""
B1,8303,10/31/2023 14:00,20.37,77987.84,"","","",""
B1,8304,10/31/2023 14:05,21.28,76451.84,"","","",""
B1,8305,10/31/2023 14:10,21.4,54108.16,"","","",""
B1,8306,10/31/2023 14:15,21.83,78069.76,"","","",""
B1,8307,10/31/2023 14:20,22.65,76431.36,"","","",""
B1,8308,10/31/2023 14:25,22.73,74199.04,"","","",""
B1,8309,10/31/2023 14:30,22.82,82309.12,"","","",""
B1,8310,10/31/2023 14:35,22.61,82165.76,"","","",""
B1,8311,10/31/2023 14:40,23.08,82513.92,"","","",""
B1,8312,10/31/2023 14:45,23.64,77168.64,"","","",""
B1,8406,10/31/2023 22:35,16.6,0.22,"","","",""
B1,8407,10/31/2023 22:40,16.64,0,"","","",""
B1,8408,10/31/2023 22:45,16.73,0,"","","",""
B1,8409,10/31/2023 22:50,16.81,0,"","","",""
B1,8410,10/31/2023 22:55,16.86,0,"","","",""
B1,8411,10/31/2023 23:00,16.9,0,"","","",""
B1,8412,10/31/2023 23:05,16.9,0,"","","",""
B1,8413,10/31/2023 23:10,16.99,0,"","","",""
B1,8414,10/31/2023 23:15,16.94,0,"","","",""
B1,8415,10/31/2023 23:20,16.94,0,"","","",""
B1,8416,10/31/2023 23:25,17.03,0,"","","",""
B1,8417,10/31/2023 23:30,17.03,0,"","","",""
B1,8418,10/31/2023 23:35,17.03,0,"","","",""
B1,8419,10/31/2023 23:40,17.11,0,"","","",""
B1,8420,10/31/2023 23:45,17.16,0,"","","",""
B1,8421,10/31/2023 23:50,17.2,0,"","","",""
B1,8422,10/31/2023 23:55,17.2,0,"","","",""
B1,8423,11/1/2023 0:00,17.16,0,"","","",""
B1,8424,11/1/2023 0:05,17.16,0,"","","",""
B1,8425,11/1/2023 0:10,17.2,0,"","","",""
B1,8426,11/1/2023 0:15,17.2,0,"","","",""
B1,8427,11/1/2023 0:20,17.16,0,"","","",""
B1,8428,11/1/2023 0:25,17.24,0,"","","",""
B1,8429,11/1/2023 0:30,17.2,0,"","","",""
B1,8430,11/1/2023 0:35,17.2,0,"","","",""
B1,8431,11/1/2023 0:40,17.24,0,"","","",""
B1,8432,11/1/2023 0:45,17.2,0,"","","",""
B1,8433,11/1/2023 0:50,17.16,0,"","","",""
B1,8434,11/1/2023 0:55,17.2,0,"","","",""
B1,8435,11/1/2023 1:00,17.16,0,"","","",""
B1,8436,11/1/2023 1:05,17.16,0,"","","",""
B1,8437,11/1/2023 1:10,17.2,0,"","","",""
B1,8438,11/1/2023 1:15,17.29,0,"","","",""
B1,8439,11/1/2023 1:20,17.2,0,"","","",""
B1,8440,11/1/2023 1:25,17.16,0,"","","",""
B1,8441,11/1/2023 1:30,17.16,0,"","","",""
B1,8442,11/1/2023 1:35,17.16,0,"","","",""
B1,8443,11/1/2023 1:40,17.16,0,"","","",""
B1,8444,11/1/2023 1:45,17.16,0.22,"","","",""
B1,8445,11/1/2023 1:50,17.2,0,"","","",""
B1,8446,11/1/2023 1:55,17.16,0,"","","",""
B1,8447,11/1/2023 2:00,17.11,0,"","","",""
B1,8448,11/1/2023 2:05,17.03,0,"","","",""
B1,8449,11/1/2023 2:10,17.07,0,"","","",""
B1,8450,11/1/2023 2:15,17.03,0,"","","",""
B1,8451,11/1/2023 2:20,17.07,0,"","","",""
B1,8452,11/1/2023 2:25,17.07,0,"","","",""
B1,8453,11/1/2023 2:30,17.03,0,"","","",""
B1,8454,11/1/2023 2:35,17.03,0,"","","",""
B1,8455,11/1/2023 2:40,16.94,0,"","","",""
B1,8456,11/1/2023 2:45,16.99,0,"","","",""
B1,8457,11/1/2023 2:50,16.94,0,"","","",""
B1,8458,11/1/2023 2:55,16.94,0,"","","",""
B1,8459,11/1/2023 3:00,16.94,0,"","","",""
B1,8460,11/1/2023 3:05,16.9,0,"","","",""
B1,8461,11/1/2023 3:10,16.77,0,"","","",""
B1,8462,11/1/2023 3:15,16.86,0,"","","",""
B1,8463,11/1/2023 3:20,16.86,0,"","","",""
B1,8464,11/1/2023 3:25,16.73,0,"","","",""
B1,8465,11/1/2023 3:30,16.86,0,"","","",""
B1,8466,11/1/2023 3:35,16.73,0,"","","",""
B1,8467,11/1/2023 3:40,16.64,0,"","","",""
B1,8468,11/1/2023 3:45,16.64,0,"","","",""
B1,8469,11/1/2023 3:50,16.51,0,"","","",""
B1,8470,11/1/2023 3:55,16.73,0,"","","",""
B1,8471,11/1/2023 4:00,16.6,0,"","","",""
B1,8472,11/1/2023 4:05,16.47,0,"","","",""
B1,8473,11/1/2023 4:10,16.43,0,"","","",""
B1,8474,11/1/2023 4:15,16.39,0,"","","",""
B1,8475,11/1/2023 4:20,16.34,0,"","","",""
B1,8476,11/1/2023 4:25,16.47,0,"","","",""
B1,8477,11/1/2023 4:30,16.3,0,"","","",""
B1,8478,11/1/2023 4:35,16.43,0,"","","",""
B1,8479,11/1/2023 4:40,16.39,0.22,"","","",""
B1,8480,11/1/2023 4:45,16.21,0,"","","",""
B1,8481,11/1/2023 4:50,16.26,0,"","","",""
B1,8482,11/1/2023 4:55,16.47,0,"","","",""
B1,8483,11/1/2023 5:00,16.13,0,"","","",""
B1,8484,11/1/2023 5:05,16.17,0,"","","",""
B1,8485,11/1/2023 5:10,16.21,0,"","","",""
B1,8486,11/1/2023 5:15,16.21,0,"","","",""
B1,8487,11/1/2023 5:20,16.17,0,"","","",""
B1,8488,11/1/2023 5:25,16.26,0,"","","",""
B1,8489,11/1/2023 5:30,16.08,0,"","","",""
B1,8490,11/1/2023 5:35,16.26,0,"","","",""
B1,8491,11/1/2023 5:40,16.26,0,"","","",""
B1,8492,11/1/2023 5:45,16.26,0,"","","",""
B1,8493,11/1/2023 5:50,16.26,0,"","","",""
B1,8494,11/1/2023 5:55,16.21,0,"","","",""
B1,8495,11/1/2023 6:00,16.13,0,"","","",""
B1,8496,11/1/2023 6:05,16.34,0,"","","",""
B1,8497,11/1/2023 6:10,16.39,0,"","","",""
B1,8498,11/1/2023 6:15,16.34,0,"","","",""
B1,8499,11/1/2023 6:20,16.34,0,"","","",""
B1,8500,11/1/2023 6:25,16.47,0,"","","",""
B1,8501,11/1/2023 6:30,16.47,0.22,"","","",""
B1,8502,11/1/2023 6:35,16.47,0,"","","",""
B1,8503,11/1/2023 6:40,16.51,1.1,"","","",""
B1,8504,11/1/2023 6:45,16.56,2.88,"","","",""
B1,8505,11/1/2023 6:50,16.56,16.01,"","","",""
B1,8506,11/1/2023 6:55,16.51,31.25,"","","",""
B1,8507,11/1/2023 7:00,16.69,207.92,"","","",""
B1,8508,11/1/2023 7:05,16.73,337.12,"","","",""
B1,8509,11/1/2023 7:10,16.73,696,"","","",""
B1,8510,11/1/2023 7:15,16.73,1276.8,"","","",""
B1,8511,11/1/2023 7:20,16.73,841.28,"","","",""
B1,8512,11/1/2023 7:25,16.9,1144.64,"","","",""
B1,8513,11/1/2023 7:30,16.94,2932.48,"","","",""
B1,8514,11/1/2023 7:35,17.07,2106.24,"","","",""
B1,8515,11/1/2023 7:40,17.03,4578.56,"","","",""
B1,8516,11/1/2023 7:45,17.03,2032,"","","",""
B1,8517,11/1/2023 7:50,17.11,910.4,"","","",""
B1,8518,11/1/2023 7:55,17.29,8235.52,"","","",""
B1,8519,11/1/2023 8:00,17.33,4273.92,"","","",""
B1,8520,11/1/2023 8:05,17.41,10603.52,"","","",""
B1,8521,11/1/2023 8:10,17.41,740.16,"","","",""
B1,8522,11/1/2023 8:15,17.46,13194.24,"","","",""
B1,8523,11/1/2023 8:20,17.5,15319.04,"","","",""
B1,8524,11/1/2023 8:25,17.54,16204.8,"","","",""
B1,8525,11/1/2023 8:30,17.54,14008.32,"","","",""
B1,8526,11/1/2023 8:35,17.63,10306.56,"","","",""
B1,8527,11/1/2023 8:40,17.63,4677.12,"","","",""
B1,8528,11/1/2023 8:45,17.67,21432.32,"","","",""
B1,8529,11/1/2023 8:50,17.8,26234.88,"","","",""
B1,8530,11/1/2023 8:55,17.72,10007.04,"","","",""
B1,8531,11/1/2023 9:00,17.76,9966.08,"","","",""
B1,8532,11/1/2023 9:05,18.06,16133.12,"","","",""
B1,8533,11/1/2023 9:10,18.02,22323.2,"","","",""
B1,8534,11/1/2023 9:15,18.1,24770.56,"","","",""
B1,8535,11/1/2023 9:20,17.93,38461.44,"","","",""
B1,8536,11/1/2023 9:25,18.36,15298.56,"","","",""
B1,8537,11/1/2023 9:30,18.19,23234.56,"","","",""
B1,8538,11/1/2023 9:35,18.32,18688,"","","",""
B1,8539,11/1/2023 9:40,18.4,26316.8,"","","",""
B1,8540,11/1/2023 9:45,18.49,26583.04,"","","",""
B1,8541,11/1/2023 9:50,18.4,20684.8,"","","",""
B1,8542,11/1/2023 9:55,18.36,27176.96,"","","",""
B1,8543,11/1/2023 10:00,18.36,36147.2,"","","",""
B1,8544,11/1/2023 10:05,18.53,28805.12,"","","",""
B1,8545,11/1/2023 10:10,18.87,31191.04,"","","",""
B1,8546,11/1/2023 10:15,18.49,29685.76,"","","",""
B1,8547,11/1/2023 10:20,18.7,31119.36,"","","",""
B1,8548,11/1/2023 10:25,18.53,32593.92,"","","",""
B1,8549,11/1/2023 10:30,18.74,32952.32,"","","",""
B1,8550,11/1/2023 10:35,19,27412.48,"","","",""
B1,8551,11/1/2023 10:40,18.7,15902.72,"","","",""
B1,8552,11/1/2023 10:45,19.3,48680.96,"","","",""
B1,8553,11/1/2023 10:50,19.26,33280,"","","",""
B1,8554,11/1/2023 10:55,19.22,35317.76,"","","",""
B1,8555,11/1/2023 11:00,19.13,33771.52,"","","",""
B1,8556,11/1/2023 11:05,19.39,38062.08,"","","",""
B1,8557,11/1/2023 11:10,19.35,41379.84,"","","",""
B1,8558,11/1/2023 11:15,19.47,36812.8,"","","",""
B1,8559,11/1/2023 11:20,19.47,37099.52,"","","",""
B1,8560,11/1/2023 11:25,19.56,44052.48,"","","",""
B1,8561,11/1/2023 11:30,19.35,43622.4,"","","",""
B1,8562,11/1/2023 11:35,19.65,37877.76,"","","",""
B1,8563,11/1/2023 11:40,19.9,35235.84,"","","",""
B1,8564,11/1/2023 11:45,19.69,41226.24,"","","",""
B1,8565,11/1/2023 11:50,19.86,31232,"","","",""
B1,8566,11/1/2023 11:55,19.77,50421.76,"","","",""
B1,8567,11/1/2023 12:00,19.73,72294.4,"","","",""
B1,8568,11/1/2023 12:05,20.03,36085.76,"","","",""
B1,8569,11/1/2023 12:10,19.6,51159.04,"","","",""
B1,8570,11/1/2023 12:15,19.86,47738.88,"","","",""
B1,8571,11/1/2023 12:20,19.82,41308.16,"","","",""
B1,8572,11/1/2023 12:25,19.95,38850.56,"","","",""
B1,8573,11/1/2023 12:30,19.9,42639.36,"","","",""
B1,8574,11/1/2023 12:35,19.82,37406.72,"","","",""
B1,8575,11/1/2023 12:40,19.69,43540.48,"","","",""
B1,8576,11/1/2023 12:45,19.73,21995.52,"","","",""
B1,8577,11/1/2023 12:50,20.03,41308.16,"","","",""
B1,8578,11/1/2023 12:55,19.86,42516.48,"","","",""
B1,8579,11/1/2023 13:00,19.95,36966.4,"","","",""
B1,8580,11/1/2023 13:05,19.9,62218.24,"","","",""
B1,8581,11/1/2023 13:10,20.07,41021.44,"","","",""
B1,8582,11/1/2023 13:15,19.77,36290.56,"","","",""
B1,8583,11/1/2023 13:20,19.9,49704.96,"","","",""
B1,8584,11/1/2023 13:25,19.86,42864.64,"","","",""
B1,8585,11/1/2023 13:30,19.99,30515.2,"","","",""
B1,8586,11/1/2023 13:35,19.77,43622.4,"","","",""
B1,8587,11/1/2023 13:40,19.95,34273.28,"","","",""
B1,8588,11/1/2023 13:45,20.03,33607.68,"","","",""
B1,8589,11/1/2023 13:50,19.82,40263.68,"","","",""
B1,8590,11/1/2023 13:55,19.82,43765.76,"","","",""
B1,8591,11/1/2023 14:00,20.03,40120.32,"","","",""
B1,8592,11/1/2023 14:05,20.16,37222.4,"","","",""
B1,8593,11/1/2023 14:10,20.03,32911.36,"","","",""
B1,8594,11/1/2023 14:15,20.2,47472.64,"","","",""
B1,8595,11/1/2023 14:20,20.25,26552.32,"","","",""
B1,8596,11/1/2023 14:25,20.12,26880,"","","",""
B1,8597,11/1/2023 14:30,20.12,14361.6,"","","",""
B1,8598,11/1/2023 14:35,20.55,52121.6,"","","",""
B1,8599,11/1/2023 14:40,20.93,39454.72,"","","",""
B1,8600,11/1/2023 14:45,21.75,83271.68,"","","",""
B1,8601,11/1/2023 14:50,21.4,65925.12,"","","",""
B1,8602,11/1/2023 14:55,21.88,10664.96,"","","",""
B1,8603,11/1/2023 15:00,21.7,31856.64,"","","",""
B1,8604,11/1/2023 15:05,22.18,21248,"","","",""
B1,8605,11/1/2023 15:10,22.09,34201.6,"","","",""
B1,8606,11/1/2023 15:15,22.73,25354.24,"","","",""
B1,8607,11/1/2023 15:20,23.21,59207.68,"","","",""
B1,8608,11/1/2023 15:25,23.25,58265.6,"","","",""
B1,8609,11/1/2023 15:30,23.29,55357.44,"","","",""
B1,8610,11/1/2023 15:35,23.29,34805.76,"","","",""
B1,8707,11/1/2023 23:40,15.74,0,"","","",""
B1,8708,11/1/2023 23:45,16.34,0,"","","",""
B1,8709,11/1/2023 23:50,16.17,0,"","","",""
B1,8710,11/1/2023 23:55,16.39,0,"","","",""
B1,8711,11/2/2023 0:00,16.6,0,"","","",""
B1,8712,11/2/2023 0:05,16.6,0,"","","",""
B1,8713,11/2/2023 0:10,16.64,0,"","","",""
B1,8714,11/2/2023 0:15,16.69,0,"","","",""
B1,8715,11/2/2023 0:20,16.77,0,"","","",""
B1,8716,11/2/2023 0:25,16.77,0,"","","",""
B1,8717,11/2/2023 0:30,16.77,0,"","","",""
B1,8718,11/2/2023 0:35,16.77,0,"","","",""
B1,8719,11/2/2023 0:40,16.73,0,"","","",""
B1,8720,11/2/2023 0:45,16.81,0,"","","",""
B1,8721,11/2/2023 0:50,16.9,0,"","","",""
B1,8722,11/2/2023 0:55,16.94,0,"","","",""
B1,8723,11/2/2023 1:00,16.94,0,"","","",""
B1,8724,11/2/2023 1:05,16.99,0,"","","",""
B1,8725,11/2/2023 1:10,16.9,0,"","","",""
B1,8726,11/2/2023 1:15,16.94,0,"","","",""
B1,8727,11/2/2023 1:20,16.99,0,"","","",""
B1,8728,11/2/2023 1:25,16.99,0,"","","",""
B1,8729,11/2/2023 1:30,16.99,0,"","","",""
B1,8730,11/2/2023 1:35,16.94,0,"","","",""
B1,8731,11/2/2023 1:40,16.99,0,"","","",""
B1,8732,11/2/2023 1:45,17.03,0,"","","",""
B1,8733,11/2/2023 1:50,16.99,0,"","","",""
B1,8734,11/2/2023 1:55,16.99,0,"","","",""
B1,8735,11/2/2023 2:00,16.99,0,"","","",""
B1,8736,11/2/2023 2:05,17.03,0,"","","",""
B1,8737,11/2/2023 2:10,17.03,0,"","","",""
B1,8738,11/2/2023 2:15,17.03,0,"","","",""
B1,8739,11/2/2023 2:20,16.99,0,"","","",""
B1,8740,11/2/2023 2:25,16.94,0,"","","",""
B1,8741,11/2/2023 2:30,16.9,0,"","","",""
B1,8742,11/2/2023 2:35,16.94,0,"","","",""
B1,8743,11/2/2023 2:40,16.94,0,"","","",""
B1,8744,11/2/2023 2:45,16.94,0,"","","",""
B1,8745,11/2/2023 2:50,16.94,0,"","","",""
B1,8746,11/2/2023 2:55,16.94,0,"","","",""
B1,8747,11/2/2023 3:00,16.9,0,"","","",""
B1,8748,11/2/2023 3:05,16.9,0,"","","",""
B1,8749,11/2/2023 3:10,16.9,0,"","","",""
B1,8750,11/2/2023 3:15,16.9,0,"","","",""
B1,8751,11/2/2023 3:20,16.9,0,"","","",""
B1,8752,11/2/2023 3:25,16.9,0,"","","",""
B1,8753,11/2/2023 3:30,16.94,0,"","","",""
B1,8754,11/2/2023 3:35,16.86,0,"","","",""
B1,8755,11/2/2023 3:40,16.9,0,"","","",""
B1,8756,11/2/2023 3:45,16.99,0,"","","",""
B1,8757,11/2/2023 3:50,16.9,0,"","","",""
B1,8758,11/2/2023 3:55,16.86,0,"","","",""
B1,8759,11/2/2023 4:00,16.86,0,"","","",""
B1,8760,11/2/2023 4:05,16.86,0,"","","",""
B1,8761,11/2/2023 4:10,16.86,0,"","","",""
B1,8762,11/2/2023 4:15,16.86,0,"","","",""
B1,8763,11/2/2023 4:20,16.77,0,"","","",""
B1,8764,11/2/2023 4:25,16.77,0,"","","",""
B1,8765,11/2/2023 4:30,16.73,0,"","","",""
B1,8766,11/2/2023 4:35,16.73,0,"","","",""
B1,8767,11/2/2023 4:40,16.77,0,"","","",""
B1,8768,11/2/2023 4:45,16.69,0,"","","",""
B1,8769,11/2/2023 4:50,16.69,0,"","","",""
B1,8770,11/2/2023 4:55,16.73,0,"","","",""
B1,8771,11/2/2023 5:00,16.73,0,"","","",""
B1,8772,11/2/2023 5:05,16.64,0,"","","",""
B1,8773,11/2/2023 5:10,16.69,0,"","","",""
B1,8774,11/2/2023 5:15,16.69,0,"","","",""
B1,8775,11/2/2023 5:20,16.69,0,"","","",""
B1,8776,11/2/2023 5:25,16.6,0,"","","",""
B1,8777,11/2/2023 5:30,16.6,0,"","","",""
B1,8778,11/2/2023 5:35,16.73,0,"","","",""
B1,8779,11/2/2023 5:40,16.73,0,"","","",""
B1,8780,11/2/2023 5:45,16.64,0,"","","",""
B1,8781,11/2/2023 5:50,16.56,0,"","","",""
B1,8782,11/2/2023 5:55,16.56,0,"","","",""
B1,8783,11/2/2023 6:00,16.47,0,"","","",""
B1,8784,11/2/2023 6:05,16.47,0,"","","",""
B1,8785,11/2/2023 6:10,16.51,0,"","","",""
B1,8786,11/2/2023 6:15,16.47,0,"","","",""
B1,8787,11/2/2023 6:20,16.43,0,"","","",""
B1,8788,11/2/2023 6:25,16.51,0,"","","",""
B1,8789,11/2/2023 6:30,16.51,0,"","","",""
B1,8790,11/2/2023 6:35,16.6,0,"","","",""
B1,8791,11/2/2023 6:40,16.64,0.22,"","","",""
B1,8792,11/2/2023 6:45,16.64,1.55,"","","",""
B1,8793,11/2/2023 6:50,16.6,15.32,"","","",""
B1,8794,11/2/2023 6:55,16.64,47.26,"","","",""
B1,8795,11/2/2023 7:00,16.86,67.72,"","","",""
B1,8796,11/2/2023 7:05,16.73,180.08,"","","",""
B1,8797,11/2/2023 7:10,16.77,693.12,"","","",""
B1,8798,11/2/2023 7:15,16.77,567.04,"","","",""
B1,8799,11/2/2023 7:20,16.9,255.76,"","","",""
B1,8800,11/2/2023 7:25,16.9,1351.68,"","","",""
B1,8801,11/2/2023 7:30,16.9,1691.52,"","","",""
B1,8802,11/2/2023 7:35,17.07,11909.12,"","","",""
B1,8803,11/2/2023 7:40,17.2,2554.88,"","","",""
B1,8804,11/2/2023 7:45,17.16,4372.48,"","","",""
B1,8805,11/2/2023 7:50,17.2,4460.8,"","","",""
B1,8806,11/2/2023 7:55,17.29,4957.44,"","","",""
B1,8807,11/2/2023 8:00,17.33,19768.32,"","","",""
B1,8808,11/2/2023 8:05,17.41,8893.44,"","","",""
B1,8809,11/2/2023 8:10,17.5,4674.56,"","","",""
B1,8810,11/2/2023 8:15,17.54,10618.88,"","","",""
B1,8811,11/2/2023 8:20,17.63,10977.28,"","","",""
B1,8812,11/2/2023 8:25,17.63,8404.48,"","","",""
B1,8813,11/2/2023 8:30,17.63,16378.88,"","","",""
B1,8814,11/2/2023 8:35,17.84,15672.32,"","","",""
B1,8815,11/2/2023 8:40,17.97,20357.12,"","","",""
B1,8816,11/2/2023 8:45,18.06,15406.08,"","","",""
B1,8817,11/2/2023 8:50,17.93,9021.44,"","","",""
B1,8818,11/2/2023 8:55,18.27,26818.56,"","","",""
B1,8819,11/2/2023 9:00,18.32,20433.92,"","","",""
B1,8820,11/2/2023 9:05,18.06,29347.84,"","","",""
B1,8821,11/2/2023 9:10,18.36,20357.12,"","","",""
B1,8822,11/2/2023 9:15,18.44,24739.84,"","","",""
B1,8823,11/2/2023 9:20,18.53,24924.16,"","","",""
B1,8824,11/2/2023 9:25,18.49,24299.52,"","","",""
B1,8825,11/2/2023 9:30,18.62,30740.48,"","","",""
B1,8826,11/2/2023 9:35,18.87,27494.4,"","","",""
B1,8827,11/2/2023 9:40,18.66,19420.16,"","","",""
B1,8828,11/2/2023 9:45,18.74,30822.4,"","","",""
B1,8829,11/2/2023 9:50,18.87,29061.12,"","","",""
B1,8830,11/2/2023 9:55,18.66,34201.6,"","","",""
B1,8831,11/2/2023 10:00,18.87,21463.04,"","","",""
B1,8832,11/2/2023 10:05,19.05,25210.88,"","","",""
B1,8833,11/2/2023 10:10,19.13,29296.64,"","","",""
B1,8834,11/2/2023 10:15,19.05,34375.68,"","","",""
B1,8835,11/2/2023 10:20,18.96,73564.16,"","","",""
B1,8836,11/2/2023 10:25,19.22,30658.56,"","","",""
B1,8837,11/2/2023 10:30,19.22,33443.84,"","","",""
B1,8838,11/2/2023 10:35,19.39,37857.28,"","","",""
B1,8839,11/2/2023 10:40,19.22,34426.88,"","","",""
B1,8840,11/2/2023 10:45,19.13,31836.16,"","","",""
B1,8841,11/2/2023 10:50,19.13,44974.08,"","","",""
B1,8842,11/2/2023 10:55,19.17,37324.8,"","","",""
B1,8843,11/2/2023 11:00,19.35,34805.76,"","","",""
B1,8844,11/2/2023 11:05,19.22,31815.68,"","","",""
B1,8845,11/2/2023 11:10,19.35,41308.16,"","","",""
B1,8846,11/2/2023 11:15,19.3,37120,"","","",""
B1,8847,11/2/2023 11:20,19.13,29020.16,"","","",""
B1,8848,11/2/2023 11:25,19.26,40744.96,"","","",""
B1,8849,11/2/2023 11:30,19.52,27402.24,"","","",""
B1,8850,11/2/2023 11:35,19.47,32839.68,"","","",""
B1,8851,11/2/2023 11:40,19.6,38154.24,"","","",""
B1,8852,11/2/2023 11:45,19.73,33054.72,"","","",""
B1,8853,11/2/2023 11:50,19.82,39843.84,"","","",""
B1,8854,11/2/2023 11:55,19.82,70840.32,"","","",""
B1,8855,11/2/2023 12:00,19.69,26071.04,"","","",""
B1,8856,11/2/2023 12:05,20.12,42926.08,"","","",""
B1,8857,11/2/2023 12:10,19.9,49295.36,"","","",""
B1,8858,11/2/2023 12:15,19.95,51630.08,"","","",""
B1,8859,11/2/2023 12:20,19.99,55992.32,"","","",""
B1,8860,11/2/2023 12:25,20.12,47984.64,"","","",""
B1,8861,11/2/2023 12:30,20.03,35246.08,"","","",""
B1,8862,11/2/2023 12:35,19.95,40417.28,"","","",""
B1,8863,11/2/2023 12:40,20.03,33402.88,"","","",""
B1,8864,11/2/2023 12:45,20.16,35983.36,"","","",""
B1,8865,11/2/2023 12:50,20.12,51527.68,"","","",""
B1,8866,11/2/2023 12:55,20.12,33064.96,"","","",""
B1,8867,11/2/2023 13:00,20.12,35225.6,"","","",""
B1,8868,11/2/2023 13:05,20.03,42045.44,"","","",""
B1,8869,11/2/2023 13:10,19.99,37263.36,"","","",""
B1,8870,11/2/2023 13:15,20.07,50544.64,"","","",""
B1,8871,11/2/2023 13:20,20.07,37191.68,"","","",""
B1,8872,11/2/2023 13:25,20.12,40529.92,"","","",""
B1,8873,11/2/2023 13:30,20.03,36966.4,"","","",""
B1,8874,11/2/2023 13:35,20.07,32942.08,"","","",""
B1,8875,11/2/2023 13:40,20.03,41185.28,"","","",""
B1,8876,11/2/2023 13:45,20.07,40837.12,"","","",""
B1,8877,11/2/2023 13:50,20.03,34160.64,"","","",""
B1,8878,11/2/2023 13:55,20.03,34969.6,"","","",""
B1,8879,11/2/2023 14:00,19.9,35604.48,"","","",""
B1,8880,11/2/2023 14:05,20.03,32870.4,"","","",""
B1,8881,11/2/2023 14:10,19.99,84951.04,"","","",""
B1,8882,11/2/2023 14:15,20.07,33177.6,"","","",""
B1,8883,11/2/2023 14:20,20.03,32921.6,"","","",""
B1,8884,11/2/2023 14:25,20.07,32798.72,"","","",""
B1,8885,11/2/2023 14:30,20.03,35368.96,"","","",""
B1,8886,11/2/2023 14:35,19.99,25815.04,"","","",""
B1,8887,11/2/2023 14:40,20.07,42557.44,"","","",""
B1,8888,11/2/2023 14:45,20.03,55193.6,"","","",""
B1,8889,11/2/2023 14:50,20.03,28436.48,"","","",""
B1,8890,11/2/2023 14:55,20.07,45015.04,"","","",""
B1,8891,11/2/2023 15:00,20.12,32501.76,"","","",""
B1,8892,11/2/2023 15:05,19.99,36485.12,"","","",""
B1,8893,11/2/2023 15:10,20.16,28323.84,"","","",""
B1,8894,11/2/2023 15:15,20.46,24893.44,"","","",""
B1,8895,11/2/2023 15:20,20.63,24811.52,"","","",""
B1,8896,11/2/2023 15:25,20.68,27904,"","","",""
B1,8897,11/2/2023 15:30,20.85,19087.36,"","","",""
B1,8898,11/2/2023 15:35,21.45,53022.72,"","","",""
B1,8899,11/2/2023 15:40,21.23,53555.2,"","","",""
B1,8900,11/2/2023 15:45,21.32,20454.4,"","","",""
B1,8901,11/2/2023 15:50,21.19,48291.84,"","","",""
B1,8902,11/2/2023 15:55,21.15,50298.88,"","","",""
B1,8903,11/2/2023 16:00,21.23,22292.48,"","","",""
B1,8904,11/2/2023 16:05,21.4,49377.28,"","","",""
B1,8905,11/2/2023 16:10,21.4,48496.64,"","","",""
B1,8906,11/2/2023 16:15,21.19,47759.36,"","","",""
B1,8907,11/2/2023 16:20,20.68,46919.68,"","","",""
B1,8908,11/2/2023 16:25,20.89,44564.48,"","","",""
