Plot,#,Date-Time (PDT),Ch:1 - Temperature   (°C),Ch:2 - Light   (lux),Button Down,Button Up,Host Connected,End of File
B2,22,10/14/2023 18:25,18.74,142.52,"","","",""
B2,23,10/14/2023 18:30,18.57,140.88,"","","",""
B2,24,10/14/2023 18:35,18.74,23,"","","",""
B2,25,10/14/2023 18:40,18.7,8.14,"","","",""
B2,26,10/14/2023 18:45,18.83,0.88,"","","",""
B2,27,10/14/2023 18:50,18.83,0,"","","",""
B2,28,10/14/2023 18:55,18.83,0,"","","",""
B2,29,10/14/2023 19:00,18.79,0,"","","",""
B2,30,10/14/2023 19:05,18.87,0,"","","",""
B2,31,10/14/2023 19:10,18.92,0,"","","",""
B2,32,10/14/2023 19:15,18.87,0,"","","",""
B2,33,10/14/2023 19:20,18.87,0,"","","",""
B2,34,10/14/2023 19:25,18.87,0,"","","",""
B2,35,10/14/2023 19:30,18.92,0,"","","",""
B2,36,10/14/2023 19:35,18.87,0,"","","",""
B2,37,10/14/2023 19:40,18.92,0,"","","",""
B2,38,10/14/2023 19:45,18.87,0,"","","",""
B2,39,10/14/2023 19:50,18.83,0,"","","",""
B2,40,10/14/2023 19:55,18.83,0,"","","",""
B2,41,10/14/2023 20:00,18.79,0,"","","",""
B2,42,10/14/2023 20:05,18.79,0,"","","",""
B2,43,10/14/2023 20:10,18.79,0,"","","",""
B2,44,10/14/2023 20:15,18.66,0,"","","",""
B2,45,10/14/2023 20:20,18.66,0,"","","",""
B2,46,10/14/2023 20:25,18.62,0,"","","",""
B2,47,10/14/2023 20:30,18.57,0,"","","",""
B2,48,10/14/2023 20:35,18.44,0,"","","",""
B2,49,10/14/2023 20:40,18.4,0,"","","",""
B2,50,10/14/2023 20:45,18.36,0,"","","",""
B2,51,10/14/2023 20:50,18.36,0,"","","",""
B2,52,10/14/2023 20:55,18.23,0,"","","",""
B2,53,10/14/2023 21:00,18.19,0,"","","",""
B2,54,10/14/2023 21:05,18.14,0,"","","",""
B2,55,10/14/2023 21:10,17.89,0,"","","",""
B2,56,10/14/2023 21:15,18.1,0,"","","",""
B2,57,10/14/2023 21:20,18.06,0,"","","",""
B2,58,10/14/2023 21:25,18.06,0,"","","",""
B2,59,10/14/2023 21:30,17.97,0,"","","",""
B2,60,10/14/2023 21:35,17.97,0,"","","",""
B2,61,10/14/2023 21:40,17.72,0,"","","",""
B2,62,10/14/2023 21:45,17.84,0,"","","",""
B2,63,10/14/2023 21:50,17.63,0,"","","",""
B2,64,10/14/2023 21:55,17.76,0,"","","",""
B2,65,10/14/2023 22:00,17.76,0,"","","",""
B2,66,10/14/2023 22:05,17.54,0,"","","",""
B2,67,10/14/2023 22:10,17.89,0,"","","",""
B2,68,10/14/2023 22:15,17.84,0,"","","",""
B2,69,10/14/2023 22:20,17.89,0,"","","",""
B2,70,10/14/2023 22:25,17.97,0,"","","",""
B2,71,10/14/2023 22:30,17.59,0,"","","",""
B2,72,10/14/2023 22:35,17.67,0,"","","",""
B2,73,10/14/2023 22:40,17.8,0,"","","",""
B2,74,10/14/2023 22:45,17.59,0,"","","",""
B2,75,10/14/2023 22:50,17.59,0,"","","",""
B2,76,10/14/2023 22:55,17.41,0,"","","",""
B2,77,10/14/2023 23:00,17.59,0,"","","",""
B2,78,10/14/2023 23:05,17.59,0,"","","",""
B2,79,10/14/2023 23:10,17.63,0,"","","",""
B2,80,10/14/2023 23:15,17.41,0,"","","",""
B2,81,10/14/2023 23:20,17.16,0,"","","",""
B2,82,10/14/2023 23:25,17.07,0,"","","",""
B2,83,10/14/2023 23:30,17.03,0,"","","",""
B2,84,10/14/2023 23:35,17.16,0,"","","",""
B2,85,10/14/2023 23:40,17.03,0,"","","",""
B2,86,10/14/2023 23:45,17.11,0,"","","",""
B2,87,10/14/2023 23:50,17.2,0,"","","",""
B2,88,10/14/2023 23:55,17.2,0,"","","",""
B2,89,10/15/2023 0:00,17.24,0,"","","",""
B2,90,10/15/2023 0:05,17.24,0,"","","",""
B2,91,10/15/2023 0:10,17.24,0,"","","",""
B2,92,10/15/2023 0:15,17.2,0,"","","",""
B2,93,10/15/2023 0:20,17.11,0,"","","",""
B2,94,10/15/2023 0:25,17.16,0,"","","",""
B2,95,10/15/2023 0:30,17.2,0,"","","",""
B2,96,10/15/2023 0:35,17.16,0,"","","",""
B2,97,10/15/2023 0:40,17.11,0,"","","",""
B2,98,10/15/2023 0:45,17.11,0,"","","",""
B2,99,10/15/2023 0:50,17.11,0,"","","",""
B2,100,10/15/2023 0:55,17.11,0,"","","",""
B2,101,10/15/2023 1:00,17.16,0,"","","",""
B2,102,10/15/2023 1:05,17.16,0,"","","",""
B2,103,10/15/2023 1:10,17.16,0,"","","",""
B2,104,10/15/2023 1:15,17.16,0,"","","",""
B2,105,10/15/2023 1:20,17.16,0,"","","",""
B2,106,10/15/2023 1:25,17.16,0,"","","",""
B2,107,10/15/2023 1:30,17.11,0,"","","",""
B2,108,10/15/2023 1:35,17.16,0,"","","",""
B2,109,10/15/2023 1:40,17.16,0,"","","",""
B2,110,10/15/2023 1:45,17.11,0,"","","",""
B2,111,10/15/2023 1:50,17.03,0,"","","",""
B2,112,10/15/2023 1:55,16.99,0,"","","",""
B2,113,10/15/2023 2:00,16.99,0,"","","",""
B2,114,10/15/2023 2:05,16.77,0,"","","",""
B2,115,10/15/2023 2:10,16.73,0,"","","",""
B2,116,10/15/2023 2:15,16.6,0,"","","",""
B2,148,10/15/2023 4:55,16.43,0,"","","",""
B2,149,10/15/2023 5:00,16.64,0,"","","",""
B2,150,10/15/2023 5:05,16.86,0,"","","",""
B2,151,10/15/2023 5:10,16.94,0,"","","",""
B2,152,10/15/2023 5:15,16.9,0,"","","",""
B2,153,10/15/2023 5:20,17.07,0,"","","",""
B2,154,10/15/2023 5:25,17.07,0,"","","",""
B2,155,10/15/2023 5:30,17.07,0,"","","",""
B2,156,10/15/2023 5:35,16.94,0,"","","",""
B2,157,10/15/2023 5:40,17.03,0,"","","",""
B2,158,10/15/2023 5:45,17.07,0,"","","",""
B2,159,10/15/2023 5:50,17.16,0,"","","",""
B2,160,10/15/2023 5:55,17.2,0,"","","",""
B2,161,10/15/2023 6:00,17.16,0,"","","",""
B2,162,10/15/2023 6:05,17.07,0,"","","",""
B2,163,10/15/2023 6:10,17.24,0,"","","",""
B2,164,10/15/2023 6:15,17.16,0,"","","",""
B2,165,10/15/2023 6:20,17.24,0,"","","",""
B2,166,10/15/2023 6:25,17.29,0,"","","",""
B2,167,10/15/2023 6:30,17.2,0.22,"","","",""
B2,168,10/15/2023 6:35,17.29,1.76,"","","",""
B2,169,10/15/2023 6:40,17.29,9.49,"","","",""
B2,170,10/15/2023 6:45,17.24,33.24,"","","",""
B2,171,10/15/2023 6:50,17.2,80.68,"","","",""
B2,172,10/15/2023 6:55,17.2,116.88,"","","",""
B2,173,10/15/2023 7:00,17.2,98.28,"","","",""
B2,174,10/15/2023 7:05,17.24,444.64,"","","",""
B2,175,10/15/2023 7:10,17.33,373.6,"","","",""
B2,176,10/15/2023 7:15,17.29,559.52,"","","",""
B2,177,10/15/2023 7:20,17.33,912.32,"","","",""
B2,178,10/15/2023 7:25,17.33,1200,"","","",""
B2,179,10/15/2023 7:30,17.33,1329.28,"","","",""
B2,180,10/15/2023 7:35,17.37,2083.2,"","","",""
B2,181,10/15/2023 7:40,17.41,2139.52,"","","",""
B2,182,10/15/2023 7:45,17.41,2504.32,"","","",""
B2,183,10/15/2023 7:50,17.46,3002.88,"","","",""
B2,184,10/15/2023 7:55,17.41,2021.76,"","","",""
B2,185,10/15/2023 8:00,17.46,1495.04,"","","",""
B2,186,10/15/2023 8:05,17.63,2256,"","","",""
B2,187,10/15/2023 8:10,17.59,2881.28,"","","",""
B2,188,10/15/2023 8:15,17.41,688.96,"","","",""
B2,189,10/15/2023 8:20,17.46,5634.56,"","","",""
B2,190,10/15/2023 8:25,17.54,8030.72,"","","",""
B2,191,10/15/2023 8:30,17.63,1980.8,"","","",""
B2,192,10/15/2023 8:35,17.72,11100.16,"","","",""
B2,193,10/15/2023 8:40,17.72,2286.08,"","","",""
B2,194,10/15/2023 8:45,17.8,6113.28,"","","",""
B2,195,10/15/2023 8:50,17.8,15861.76,"","","",""
B2,196,10/15/2023 8:55,17.84,5719.04,"","","",""
B2,197,10/15/2023 9:00,17.76,10234.88,"","","",""
B2,198,10/15/2023 9:05,17.76,7150.08,"","","",""
B2,199,10/15/2023 9:10,17.8,5972.48,"","","",""
B2,200,10/15/2023 9:15,17.67,4797.44,"","","",""
B2,201,10/15/2023 9:20,17.72,3192.32,"","","",""
B2,202,10/15/2023 9:25,17.89,13255.68,"","","",""
B2,203,10/15/2023 9:30,17.84,4821.76,"","","",""
B2,204,10/15/2023 9:35,17.8,766.72,"","","",""
B2,205,10/15/2023 9:40,17.8,12861.44,"","","",""
B2,206,10/15/2023 9:45,17.89,10711.04,"","","",""
B2,207,10/15/2023 9:50,17.84,7790.08,"","","",""
B2,208,10/15/2023 9:55,17.8,4293.12,"","","",""
B2,209,10/15/2023 10:00,17.8,1457.28,"","","",""
B2,210,10/15/2023 10:05,17.72,4328.96,"","","",""
B2,211,10/15/2023 10:10,17.67,504.96,"","","",""
B2,212,10/15/2023 10:15,17.76,3262.72,"","","",""
B2,213,10/15/2023 10:20,17.67,501.92,"","","",""
B2,214,10/15/2023 10:25,17.76,9474.56,"","","",""
B2,215,10/15/2023 10:30,17.67,4554.24,"","","",""
B2,216,10/15/2023 10:35,17.54,2704.64,"","","",""
B2,217,10/15/2023 10:40,17.63,7805.44,"","","",""
B2,218,10/15/2023 10:45,17.5,12610.56,"","","",""
B2,219,10/15/2023 10:50,17.59,5726.72,"","","",""
B2,220,10/15/2023 10:55,17.59,15687.68,"","","",""
B2,221,10/15/2023 11:00,17.5,13624.32,"","","",""
B2,222,10/15/2023 11:05,17.67,23203.84,"","","",""
B2,223,10/15/2023 11:10,17.46,27740.16,"","","",""
B2,224,10/15/2023 11:15,17.67,21145.6,"","","",""
B2,225,10/15/2023 11:20,17.76,9587.2,"","","",""
B2,226,10/15/2023 11:25,17.8,8642.56,"","","",""
B2,227,10/15/2023 11:30,17.84,4835.84,"","","",""
B2,228,10/15/2023 11:35,17.97,14786.56,"","","",""
B2,229,10/15/2023 11:40,17.97,116,"","","",""
B2,230,10/15/2023 11:45,18.1,14080,"","","",""
B2,231,10/15/2023 11:50,18.06,8896,"","","",""
B2,232,10/15/2023 11:55,18.23,5864.96,"","","",""
B2,233,10/15/2023 12:00,18.32,12810.24,"","","",""
B2,234,10/15/2023 12:05,18.44,21862.4,"","","",""
B2,235,10/15/2023 12:10,18.57,13634.56,"","","",""
B2,236,10/15/2023 12:15,18.57,14945.28,"","","",""
B2,237,10/15/2023 12:20,18.7,22046.72,"","","",""
B2,238,10/15/2023 12:25,18.66,26296.32,"","","",""
B2,239,10/15/2023 12:30,19,26511.36,"","","",""
B2,240,10/15/2023 12:35,18.92,4053.76,"","","",""
B2,241,10/15/2023 12:40,19.43,25733.12,"","","",""
B2,242,10/15/2023 12:45,19.43,24760.32,"","","",""
B2,243,10/15/2023 12:50,19.43,40140.8,"","","",""
B2,244,10/15/2023 12:55,20.03,40673.28,"","","",""
B2,245,10/15/2023 13:00,20.29,39024.64,"","","",""
B2,246,10/15/2023 13:05,20.29,34344.96,"","","",""
B2,247,10/15/2023 13:10,20.16,15784.96,"","","",""
B2,248,10/15/2023 13:15,21.06,18539.52,"","","",""
B2,249,10/15/2023 13:20,21.02,29777.92,"","","",""
B2,250,10/15/2023 13:25,21.66,52203.52,"","","",""
B2,251,10/15/2023 13:30,22.26,80609.28,"","","",""
B2,252,10/15/2023 13:35,22.65,82636.8,"","","",""
B2,253,10/15/2023 13:40,22.86,61767.68,"","","",""
B2,254,10/15/2023 13:45,23.46,79646.72,"","","",""
B2,255,10/15/2023 13:50,24.02,79175.68,"","","",""
B2,256,10/15/2023 13:55,24.36,55521.28,"","","",""
B2,257,10/15/2023 14:00,25.61,76328.96,"","","",""
B2,319,10/15/2023 19:00,18.06,0,"","","",""
B2,320,10/15/2023 19:05,18.23,0,"","","",""
B2,321,10/15/2023 19:10,18.66,0,"","","",""
B2,322,10/15/2023 19:15,18.79,0,"","","",""
B2,323,10/15/2023 19:20,18.66,0,"","","",""
B2,324,10/15/2023 19:25,18.74,0,"","","",""
B2,325,10/15/2023 19:30,18.79,0,"","","",""
B2,326,10/15/2023 19:35,18.79,0,"","","",""
B2,327,10/15/2023 19:40,18.79,0,"","","",""
B2,328,10/15/2023 19:45,18.74,0,"","","",""
B2,329,10/15/2023 19:50,18.79,0,"","","",""
B2,330,10/15/2023 19:55,18.74,0,"","","",""
B2,331,10/15/2023 20:00,18.7,0,"","","",""
B2,332,10/15/2023 20:05,18.7,0,"","","",""
B2,333,10/15/2023 20:10,18.7,0,"","","",""
B2,334,10/15/2023 20:15,18.7,0,"","","",""
B2,335,10/15/2023 20:20,18.66,0,"","","",""
B2,336,10/15/2023 20:25,18.7,0,"","","",""
B2,337,10/15/2023 20:30,18.62,0,"","","",""
B2,338,10/15/2023 20:35,18.57,0,"","","",""
B2,339,10/15/2023 20:40,18.57,0,"","","",""
B2,340,10/15/2023 20:45,18.57,0,"","","",""
B2,341,10/15/2023 20:50,18.53,0,"","","",""
B2,342,10/15/2023 20:55,18.49,0,"","","",""
B2,343,10/15/2023 21:00,18.44,0,"","","",""
B2,344,10/15/2023 21:05,18.44,0,"","","",""
B2,345,10/15/2023 21:10,18.4,0,"","","",""
B2,346,10/15/2023 21:15,18.36,0,"","","",""
B2,347,10/15/2023 21:20,18.27,0,"","","",""
B2,348,10/15/2023 21:25,18.27,0,"","","",""
B2,349,10/15/2023 21:30,18.23,0,"","","",""
B2,350,10/15/2023 21:35,18.14,0,"","","",""
B2,351,10/15/2023 21:40,18.14,0,"","","",""
B2,352,10/15/2023 21:45,18.02,0,"","","",""
B2,353,10/15/2023 21:50,17.93,0,"","","",""
B2,354,10/15/2023 21:55,17.97,0,"","","",""
B2,355,10/15/2023 22:00,18.02,0,"","","",""
B2,356,10/15/2023 22:05,17.93,0,"","","",""
B2,357,10/15/2023 22:10,17.89,0,"","","",""
B2,358,10/15/2023 22:15,17.93,0,"","","",""
B2,359,10/15/2023 22:20,17.84,0,"","","",""
B2,360,10/15/2023 22:25,17.84,0,"","","",""
B2,361,10/15/2023 22:30,17.76,0,"","","",""
B2,362,10/15/2023 22:35,17.76,0,"","","",""
B2,363,10/15/2023 22:40,17.67,0,"","","",""
B2,364,10/15/2023 22:45,17.59,0,"","","",""
B2,365,10/15/2023 22:50,17.63,0,"","","",""
B2,366,10/15/2023 22:55,17.63,0,"","","",""
B2,367,10/15/2023 23:00,17.54,0,"","","",""
B2,368,10/15/2023 23:05,17.54,0,"","","",""
B2,369,10/15/2023 23:10,17.46,0,"","","",""
B2,370,10/15/2023 23:15,17.46,0,"","","",""
B2,371,10/15/2023 23:20,17.41,0,"","","",""
B2,372,10/15/2023 23:25,17.41,0,"","","",""
B2,373,10/15/2023 23:30,17.33,0,"","","",""
B2,374,10/15/2023 23:35,17.37,0,"","","",""
B2,375,10/15/2023 23:40,17.29,0,"","","",""
B2,376,10/15/2023 23:45,17.33,0,"","","",""
B2,377,10/15/2023 23:50,17.24,0,"","","",""
B2,378,10/15/2023 23:55,17.29,0,"","","",""
B2,379,10/16/2023 0:00,17.24,0,"","","",""
B2,380,10/16/2023 0:05,17.24,0,"","","",""
B2,381,10/16/2023 0:10,17.29,0,"","","",""
B2,382,10/16/2023 0:15,17.24,0,"","","",""
B2,383,10/16/2023 0:20,17.2,0,"","","",""
B2,384,10/16/2023 0:25,17.29,0,"","","",""
B2,385,10/16/2023 0:30,17.24,0,"","","",""
B2,386,10/16/2023 0:35,17.24,0,"","","",""
B2,387,10/16/2023 0:40,17.24,0,"","","",""
B2,388,10/16/2023 0:45,17.29,0,"","","",""
B2,389,10/16/2023 0:50,17.29,0,"","","",""
B2,390,10/16/2023 0:55,17.33,0,"","","",""
B2,391,10/16/2023 1:00,17.33,0,"","","",""
B2,392,10/16/2023 1:05,17.33,0,"","","",""
B2,393,10/16/2023 1:10,17.33,0,"","","",""
B2,394,10/16/2023 1:15,17.37,0,"","","",""
B2,395,10/16/2023 1:20,17.33,0,"","","",""
B2,396,10/16/2023 1:25,17.37,0,"","","",""
B2,397,10/16/2023 1:30,17.37,0,"","","",""
B2,398,10/16/2023 1:35,17.37,0,"","","",""
B2,399,10/16/2023 1:40,17.37,0,"","","",""
B2,400,10/16/2023 1:45,17.37,0,"","","",""
B2,401,10/16/2023 1:50,17.37,0,"","","",""
B2,402,10/16/2023 1:55,17.33,0,"","","",""
B2,403,10/16/2023 2:00,17.33,0,"","","",""
B2,404,10/16/2023 2:05,17.37,0,"","","",""
B2,405,10/16/2023 2:10,17.37,0,"","","",""
B2,406,10/16/2023 2:15,17.37,0,"","","",""
B2,407,10/16/2023 2:20,17.41,0,"","","",""
B2,408,10/16/2023 2:25,17.41,0,"","","",""
B2,409,10/16/2023 2:30,17.37,0,"","","",""
B2,410,10/16/2023 2:35,17.41,0,"","","",""
B2,411,10/16/2023 2:40,17.41,0,"","","",""
B2,412,10/16/2023 2:45,17.46,0,"","","",""
B2,413,10/16/2023 2:50,17.46,0,"","","",""
B2,414,10/16/2023 2:55,17.46,0,"","","",""
B2,415,10/16/2023 3:00,17.46,0,"","","",""
B2,416,10/16/2023 3:05,17.41,0,"","","",""
B2,434,10/16/2023 4:35,16.9,0,"","","",""
B2,435,10/16/2023 4:40,16.99,0,"","","",""
B2,436,10/16/2023 4:45,17.07,0,"","","",""
B2,437,10/16/2023 4:50,17.03,0,"","","",""
B2,438,10/16/2023 4:55,17.16,0,"","","",""
B2,439,10/16/2023 5:00,17.33,0,"","","",""
B2,440,10/16/2023 5:05,17.33,0,"","","",""
B2,441,10/16/2023 5:10,17.37,0,"","","",""
B2,442,10/16/2023 5:15,17.29,0,"","","",""
B2,443,10/16/2023 5:20,17.41,0,"","","",""
B2,444,10/16/2023 5:25,17.41,0,"","","",""
B2,445,10/16/2023 5:30,17.46,0,"","","",""
B2,446,10/16/2023 5:35,17.46,0,"","","",""
B2,447,10/16/2023 5:40,17.46,0,"","","",""
B2,448,10/16/2023 5:45,17.46,0,"","","",""
B2,449,10/16/2023 5:50,17.5,0,"","","",""
B2,450,10/16/2023 5:55,17.5,0,"","","",""
B2,451,10/16/2023 6:00,17.46,0,"","","",""
B2,452,10/16/2023 6:05,17.5,0,"","","",""
B2,453,10/16/2023 6:10,17.54,0,"","","",""
B2,454,10/16/2023 6:15,17.54,0,"","","",""
B2,455,10/16/2023 6:20,17.54,0,"","","",""
B2,456,10/16/2023 6:25,17.54,0,"","","",""
B2,457,10/16/2023 6:30,17.54,0,"","","",""
B2,458,10/16/2023 6:35,17.54,0,"","","",""
B2,459,10/16/2023 6:40,17.54,3.3,"","","",""
B2,460,10/16/2023 6:45,17.54,17.88,"","","",""
B2,461,10/16/2023 6:50,17.59,33.18,"","","",""
B2,462,10/16/2023 6:55,17.59,45.56,"","","",""
B2,463,10/16/2023 7:00,17.54,74.24,"","","",""
B2,464,10/16/2023 7:05,17.59,339.84,"","","",""
B2,465,10/16/2023 7:10,17.63,377.92,"","","",""
B2,466,10/16/2023 7:15,17.59,507.2,"","","",""
B2,467,10/16/2023 7:20,17.63,661.12,"","","",""
B2,468,10/16/2023 7:25,17.67,432.8,"","","",""
B2,469,10/16/2023 7:30,17.63,1504,"","","",""
B2,470,10/16/2023 7:35,17.63,1313.28,"","","",""
B2,471,10/16/2023 7:40,17.63,1870.08,"","","",""
B2,472,10/16/2023 7:45,17.67,2319.36,"","","",""
B2,473,10/16/2023 7:50,17.67,455.68,"","","",""
B2,474,10/16/2023 7:55,17.67,1760.64,"","","",""
B2,475,10/16/2023 8:00,17.63,1471.36,"","","",""
B2,476,10/16/2023 8:05,17.63,2937.6,"","","",""
B2,477,10/16/2023 8:10,17.63,475.84,"","","",""
B2,478,10/16/2023 8:15,17.67,2629.12,"","","",""
B2,479,10/16/2023 8:20,17.67,1813.76,"","","",""
B2,480,10/16/2023 8:25,17.72,3719.68,"","","",""
B2,481,10/16/2023 8:30,17.76,2720,"","","",""
B2,482,10/16/2023 8:35,17.72,682.88,"","","",""
B2,483,10/16/2023 8:40,17.76,1202.88,"","","",""
B2,484,10/16/2023 8:45,17.8,3912.96,"","","",""
B2,485,10/16/2023 8:50,17.89,5680.64,"","","",""
B2,486,10/16/2023 8:55,17.93,7536.64,"","","",""
B2,487,10/16/2023 9:00,17.8,261.92,"","","",""
B2,488,10/16/2023 9:05,17.93,8952.32,"","","",""
B2,489,10/16/2023 9:10,17.8,32.69,"","","",""
B2,490,10/16/2023 9:15,17.76,1889.28,"","","",""
B2,491,10/16/2023 9:20,17.76,973.76,"","","",""
B2,492,10/16/2023 9:25,17.8,3937.28,"","","",""
B2,493,10/16/2023 9:30,17.89,2401.92,"","","",""
B2,494,10/16/2023 9:35,17.76,2541.44,"","","",""
B2,495,10/16/2023 9:40,17.93,5539.84,"","","",""
B2,496,10/16/2023 9:45,17.8,1148.16,"","","",""
B2,497,10/16/2023 9:50,17.89,3750.4,"","","",""
B2,498,10/16/2023 9:55,17.89,7726.08,"","","",""
B2,499,10/16/2023 10:00,17.97,5141.76,"","","",""
B2,500,10/16/2023 10:05,17.97,11233.28,"","","",""
B2,501,10/16/2023 10:10,17.84,19.86,"","","",""
B2,502,10/16/2023 10:15,17.97,4134.4,"","","",""
B2,503,10/16/2023 10:20,17.97,3258.88,"","","",""
B2,504,10/16/2023 10:25,18.06,5411.84,"","","",""
B2,505,10/16/2023 10:30,18.06,6233.6,"","","",""
B2,506,10/16/2023 10:35,18.14,7882.24,"","","",""
B2,507,10/16/2023 10:40,18.14,5286.4,"","","",""
B2,508,10/16/2023 10:45,18.06,4775.68,"","","",""
B2,509,10/16/2023 10:50,18.02,1788.8,"","","",""
B2,510,10/16/2023 10:55,17.93,2976,"","","",""
B2,511,10/16/2023 11:00,18.02,2836.48,"","","",""
B2,512,10/16/2023 11:05,18.02,6382.08,"","","",""
B2,513,10/16/2023 11:10,18.02,9059.84,"","","",""
B2,514,10/16/2023 11:15,18.02,4067.84,"","","",""
B2,515,10/16/2023 11:20,18.14,7383.04,"","","",""
B2,516,10/16/2023 11:25,18.1,1202.88,"","","",""
B2,517,10/16/2023 11:30,18.14,11929.6,"","","",""
B2,518,10/16/2023 11:35,18.19,10250.24,"","","",""
B2,519,10/16/2023 11:40,18.36,29255.68,"","","",""
B2,520,10/16/2023 11:45,18.27,6888.96,"","","",""
B2,521,10/16/2023 11:50,18.36,3138.56,"","","",""
B2,522,10/16/2023 11:55,18.53,15559.68,"","","",""
B2,523,10/16/2023 12:00,18.44,14955.52,"","","",""
B2,524,10/16/2023 12:05,18.4,6686.72,"","","",""
B2,525,10/16/2023 12:10,18.4,2209.92,"","","",""
B2,526,10/16/2023 12:15,18.66,23070.72,"","","",""
B2,527,10/16/2023 12:20,18.62,11023.36,"","","",""
B2,528,10/16/2023 12:25,18.74,9684.48,"","","",""
B2,529,10/16/2023 12:30,18.74,5352.96,"","","",""
B2,530,10/16/2023 12:35,18.79,22261.76,"","","",""
B2,531,10/16/2023 12:40,18.87,16808.96,"","","",""
B2,532,10/16/2023 12:45,19.13,971.2,"","","",""
B2,533,10/16/2023 12:50,19.09,22886.4,"","","",""
B2,534,10/16/2023 12:55,19.26,23388.16,"","","",""
B2,535,10/16/2023 13:00,19.26,9192.96,"","","",""
B2,536,10/16/2023 13:05,19.52,2049.92,"","","",""
B2,537,10/16/2023 13:10,19.43,27125.76,"","","",""
B2,538,10/16/2023 13:15,19.77,34897.92,"","","",""
B2,539,10/16/2023 13:20,19.69,18524.16,"","","",""
B2,540,10/16/2023 13:25,20.76,29419.52,"","","",""
B2,541,10/16/2023 13:30,20.59,41205.76,"","","",""
B2,542,10/16/2023 13:35,20.55,4867.84,"","","",""
B2,543,10/16/2023 13:40,21.23,49213.44,"","","",""
B2,544,10/16/2023 13:45,20.8,51609.6,"","","",""
B2,545,10/16/2023 13:50,21.66,61399.04,"","","",""
B2,546,10/16/2023 13:55,21.79,70430.72,"","","",""
B2,547,10/16/2023 14:00,22.22,81182.72,"","","",""
B2,548,10/16/2023 14:05,22.95,61562.88,"","","",""
B2,549,10/16/2023 14:10,23.42,76779.52,"","","",""
B2,550,10/16/2023 14:15,23.51,72192,"","","",""
B2,551,10/16/2023 14:20,24.15,40079.36,"","","",""
B2,552,10/16/2023 14:25,25.18,71208.96,"","","",""
B2,553,10/16/2023 14:30,25.39,70307.84,"","","",""
B2,617,10/16/2023 19:50,18.27,0,"","","",""
B2,618,10/16/2023 19:55,18.36,0,"","","",""
B2,619,10/16/2023 20:00,18.53,0,"","","",""
B2,620,10/16/2023 20:05,18.62,0,"","","",""
B2,621,10/16/2023 20:10,18.57,0,"","","",""
B2,622,10/16/2023 20:15,18.53,0,"","","",""
B2,623,10/16/2023 20:20,18.66,0,"","","",""
B2,624,10/16/2023 20:25,18.66,0,"","","",""
B2,625,10/16/2023 20:30,18.7,0,"","","",""
B2,626,10/16/2023 20:35,18.7,0,"","","",""
B2,627,10/16/2023 20:40,18.66,0,"","","",""
B2,628,10/16/2023 20:45,18.66,0,"","","",""
B2,629,10/16/2023 20:50,18.62,0,"","","",""
B2,630,10/16/2023 20:55,18.7,0,"","","",""
B2,631,10/16/2023 21:00,18.66,0,"","","",""
B2,632,10/16/2023 21:05,18.7,0,"","","",""
B2,633,10/16/2023 21:10,18.66,0,"","","",""
B2,634,10/16/2023 21:15,18.7,0,"","","",""
B2,635,10/16/2023 21:20,18.66,0,"","","",""
B2,636,10/16/2023 21:25,18.7,0,"","","",""
B2,637,10/16/2023 21:30,18.66,0,"","","",""
B2,638,10/16/2023 21:35,18.66,0,"","","",""
B2,639,10/16/2023 21:40,18.62,0,"","","",""
B2,640,10/16/2023 21:45,18.66,0,"","","",""
B2,641,10/16/2023 21:50,18.62,0,"","","",""
B2,642,10/16/2023 21:55,18.62,0,"","","",""
B2,643,10/16/2023 22:00,18.62,0,"","","",""
B2,644,10/16/2023 22:05,18.57,0,"","","",""
B2,645,10/16/2023 22:10,18.57,0,"","","",""
B2,646,10/16/2023 22:15,18.62,0,"","","",""
B2,647,10/16/2023 22:20,18.53,0,"","","",""
B2,648,10/16/2023 22:25,18.57,0,"","","",""
B2,649,10/16/2023 22:30,18.57,0,"","","",""
B2,650,10/16/2023 22:35,18.57,0,"","","",""
B2,651,10/16/2023 22:40,18.49,0,"","","",""
B2,652,10/16/2023 22:45,18.49,0,"","","",""
B2,653,10/16/2023 22:50,18.53,0,"","","",""
B2,654,10/16/2023 22:55,18.49,0,"","","",""
B2,655,10/16/2023 23:00,18.44,0,"","","",""
B2,656,10/16/2023 23:05,18.44,0,"","","",""
B2,657,10/16/2023 23:10,18.36,0,"","","",""
B2,658,10/16/2023 23:15,18.49,0,"","","",""
B2,659,10/16/2023 23:20,18.4,0,"","","",""
B2,660,10/16/2023 23:25,18.4,0,"","","",""
B2,661,10/16/2023 23:30,18.36,0,"","","",""
B2,662,10/16/2023 23:35,18.32,0,"","","",""
B2,663,10/16/2023 23:40,18.27,0,"","","",""
B2,664,10/16/2023 23:45,18.27,0,"","","",""
B2,665,10/16/2023 23:50,18.19,0,"","","",""
B2,666,10/16/2023 23:55,18.14,0,"","","",""
B2,667,10/17/2023 0:00,18.19,0,"","","",""
B2,668,10/17/2023 0:05,18.23,0,"","","",""
B2,669,10/17/2023 0:10,18.1,0,"","","",""
B2,670,10/17/2023 0:15,18.19,0,"","","",""
B2,671,10/17/2023 0:20,18.14,0,"","","",""
B2,672,10/17/2023 0:25,18.23,0,"","","",""
B2,673,10/17/2023 0:30,18.27,0,"","","",""
B2,674,10/17/2023 0:35,18.19,0,"","","",""
B2,675,10/17/2023 0:40,18.19,0,"","","",""
B2,676,10/17/2023 0:45,18.23,0,"","","",""
B2,677,10/17/2023 0:50,18.19,0,"","","",""
B2,678,10/17/2023 0:55,18.14,0,"","","",""
B2,679,10/17/2023 1:00,18.19,0,"","","",""
B2,680,10/17/2023 1:05,18.27,0,"","","",""
B2,681,10/17/2023 1:10,18.19,0,"","","",""
B2,682,10/17/2023 1:15,18.19,0,"","","",""
B2,683,10/17/2023 1:20,18.14,0,"","","",""
B2,684,10/17/2023 1:25,18.1,0,"","","",""
B2,685,10/17/2023 1:30,18.1,0,"","","",""
B2,686,10/17/2023 1:35,18.14,0,"","","",""
B2,687,10/17/2023 1:40,18.1,0,"","","",""
B2,688,10/17/2023 1:45,18.06,0,"","","",""
B2,689,10/17/2023 1:50,18.1,0,"","","",""
B2,690,10/17/2023 1:55,18.06,0,"","","",""
B2,691,10/17/2023 2:00,18.06,0,"","","",""
B2,692,10/17/2023 2:05,18.02,0,"","","",""
B2,693,10/17/2023 2:10,18.1,0,"","","",""
B2,694,10/17/2023 2:15,18.06,0,"","","",""
B2,695,10/17/2023 2:20,18.06,0,"","","",""
B2,696,10/17/2023 2:25,18.06,0,"","","",""
B2,697,10/17/2023 2:30,18.06,0,"","","",""
B2,698,10/17/2023 2:35,18.1,0,"","","",""
B2,699,10/17/2023 2:40,18.02,0,"","","",""
B2,700,10/17/2023 2:45,18.1,0,"","","",""
B2,701,10/17/2023 2:50,18.06,0,"","","",""
B2,702,10/17/2023 2:55,18.1,0,"","","",""
B2,703,10/17/2023 3:00,18.06,0,"","","",""
B2,704,10/17/2023 3:05,18.1,0,"","","",""
B2,705,10/17/2023 3:10,18.14,0,"","","",""
B2,706,10/17/2023 3:15,18.06,0,"","","",""
B2,707,10/17/2023 3:20,18.1,0,"","","",""
B2,708,10/17/2023 3:25,18.06,0,"","","",""
B2,709,10/17/2023 3:30,18.06,0,"","","",""
B2,710,10/17/2023 3:35,18.06,0,"","","",""
B2,711,10/17/2023 3:40,18.1,0,"","","",""
B2,712,10/17/2023 3:45,18.02,0,"","","",""
B2,713,10/17/2023 3:50,18.06,0,"","","",""
B2,714,10/17/2023 3:55,18.02,0,"","","",""
B2,715,10/17/2023 4:00,17.97,0,"","","",""
B2,716,10/17/2023 4:05,17.97,0,"","","",""
B2,717,10/17/2023 4:10,17.97,0,"","","",""
B2,718,10/17/2023 4:15,17.97,0,"","","",""
B2,719,10/17/2023 4:20,17.97,0,"","","",""
B2,720,10/17/2023 4:25,18.02,0,"","","",""
B2,721,10/17/2023 4:30,17.89,0,"","","",""
B2,722,10/17/2023 4:35,17.93,0,"","","",""
B2,723,10/17/2023 4:40,17.97,0,"","","",""
B2,724,10/17/2023 4:45,17.97,0,"","","",""
B2,725,10/17/2023 4:50,17.97,0,"","","",""
B2,726,10/17/2023 4:55,17.89,0,"","","",""
B2,727,10/17/2023 5:00,17.93,0,"","","",""
B2,728,10/17/2023 5:05,17.97,0,"","","",""
B2,729,10/17/2023 5:10,17.93,0,"","","",""
B2,730,10/17/2023 5:15,17.97,0,"","","",""
B2,731,10/17/2023 5:20,17.93,0,"","","",""
B2,732,10/17/2023 5:25,17.97,0,"","","",""
B2,733,10/17/2023 5:30,17.97,0,"","","",""
B2,734,10/17/2023 5:35,17.93,0,"","","",""
B2,735,10/17/2023 5:40,17.93,0,"","","",""
B2,736,10/17/2023 5:45,17.93,0,"","","",""
B2,737,10/17/2023 5:50,17.93,0,"","","",""
B2,738,10/17/2023 5:55,17.93,0,"","","",""
B2,739,10/17/2023 6:00,17.93,0,"","","",""
B2,740,10/17/2023 6:05,17.93,0,"","","",""
B2,741,10/17/2023 6:10,17.93,0,"","","",""
B2,742,10/17/2023 6:15,17.93,0,"","","",""
B2,743,10/17/2023 6:20,17.93,0,"","","",""
B2,744,10/17/2023 6:25,17.97,0,"","","",""
B2,745,10/17/2023 6:30,17.93,0,"","","",""
B2,746,10/17/2023 6:35,17.93,0.44,"","","",""
B2,747,10/17/2023 6:40,17.93,1.1,"","","",""
B2,748,10/17/2023 6:45,17.93,3.96,"","","",""
B2,749,10/17/2023 6:50,17.89,32.3,"","","",""
B2,750,10/17/2023 6:55,17.89,39.79,"","","",""
B2,751,10/17/2023 7:00,17.93,129.32,"","","",""
B2,752,10/17/2023 7:05,17.89,123.92,"","","",""
B2,753,10/17/2023 7:10,17.89,116.76,"","","",""
B2,754,10/17/2023 7:15,17.93,254,"","","",""
B2,755,10/17/2023 7:20,17.89,142.32,"","","",""
B2,756,10/17/2023 7:25,17.89,263.68,"","","",""
B2,757,10/17/2023 7:30,17.89,500.96,"","","",""
B2,758,10/17/2023 7:35,17.93,605.28,"","","",""
B2,759,10/17/2023 7:40,17.93,689.28,"","","",""
B2,760,10/17/2023 7:45,17.93,778.88,"","","",""
B2,761,10/17/2023 7:50,17.89,921.92,"","","",""
B2,762,10/17/2023 7:55,17.93,782.4,"","","",""
B2,763,10/17/2023 8:00,17.93,1082.24,"","","",""
B2,764,10/17/2023 8:05,17.97,1060.16,"","","",""
B2,765,10/17/2023 8:10,17.93,1551.36,"","","",""
B2,766,10/17/2023 8:15,17.97,2046.08,"","","",""
B2,767,10/17/2023 8:20,17.97,371.36,"","","",""
B2,768,10/17/2023 8:25,18.02,2127.36,"","","",""
B2,769,10/17/2023 8:30,17.97,1771.52,"","","",""
B2,770,10/17/2023 8:35,18.02,3237.12,"","","",""
B2,771,10/17/2023 8:40,18.1,3285.76,"","","",""
B2,772,10/17/2023 8:45,18.02,2906.88,"","","",""
B2,773,10/17/2023 8:50,18.06,3584,"","","",""
B2,774,10/17/2023 8:55,18.06,2722.56,"","","",""
B2,775,10/17/2023 9:00,18.1,4483.84,"","","",""
B2,776,10/17/2023 9:05,18.14,5429.76,"","","",""
B2,777,10/17/2023 9:10,18.06,3230.72,"","","",""
B2,778,10/17/2023 9:15,18.06,4377.6,"","","",""
B2,779,10/17/2023 9:20,18.1,5337.6,"","","",""
B2,780,10/17/2023 9:25,18.1,1810.56,"","","",""
B2,781,10/17/2023 9:30,18.14,4198.4,"","","",""
B2,782,10/17/2023 9:35,18.14,4588.8,"","","",""
B2,783,10/17/2023 9:40,18.14,5672.96,"","","",""
B2,784,10/17/2023 9:45,18.19,6348.8,"","","",""
B2,785,10/17/2023 9:50,18.14,4860.16,"","","",""
B2,786,10/17/2023 9:55,18.14,4113.92,"","","",""
B2,787,10/17/2023 10:00,18.14,5050.88,"","","",""
B2,788,10/17/2023 10:05,18.14,3544.32,"","","",""
B2,789,10/17/2023 10:10,18.1,8248.32,"","","",""
B2,790,10/17/2023 10:15,18.14,7697.92,"","","",""
B2,791,10/17/2023 10:20,18.1,9466.88,"","","",""
B2,792,10/17/2023 10:25,18.02,4737.28,"","","",""
B2,793,10/17/2023 10:30,18.02,7040,"","","",""
B2,794,10/17/2023 10:35,18.14,6305.28,"","","",""
B2,795,10/17/2023 10:40,18.14,16174.08,"","","",""
B2,796,10/17/2023 10:45,18.02,6074.88,"","","",""
B2,797,10/17/2023 10:50,17.97,1952.64,"","","",""
B2,798,10/17/2023 10:55,17.93,6128.64,"","","",""
B2,799,10/17/2023 11:00,17.93,7951.36,"","","",""
B2,800,10/17/2023 11:05,17.93,4117.76,"","","",""
B2,801,10/17/2023 11:10,18.02,14899.2,"","","",""
B2,802,10/17/2023 11:15,17.97,1685.12,"","","",""
B2,803,10/17/2023 11:20,18.06,19210.24,"","","",""
B2,804,10/17/2023 11:25,18.06,12221.44,"","","",""
B2,805,10/17/2023 11:30,18.19,17935.36,"","","",""
B2,806,10/17/2023 11:35,18.1,12856.32,"","","",""
B2,807,10/17/2023 11:40,18.27,21739.52,"","","",""
B2,808,10/17/2023 11:45,18.27,14945.28,"","","",""
B2,809,10/17/2023 11:50,18.4,4962.56,"","","",""
B2,810,10/17/2023 11:55,18.49,26265.6,"","","",""
B2,811,10/17/2023 12:00,18.49,15708.16,"","","",""
B2,812,10/17/2023 12:05,18.49,1931.52,"","","",""
B2,813,10/17/2023 12:10,18.66,4423.68,"","","",""
B2,814,10/17/2023 12:15,18.62,5762.56,"","","",""
B2,815,10/17/2023 12:20,18.66,15820.8,"","","",""
B2,816,10/17/2023 12:25,18.83,15073.28,"","","",""
B2,817,10/17/2023 12:30,18.83,16348.16,"","","",""
B2,818,10/17/2023 12:35,18.7,14684.16,"","","",""
B2,819,10/17/2023 12:40,19.13,15564.8,"","","",""
B2,820,10/17/2023 12:45,18.87,14581.76,"","","",""
B2,821,10/17/2023 12:50,18.87,11545.6,"","","",""
B2,822,10/17/2023 12:55,18.96,6535.68,"","","",""
B2,823,10/17/2023 13:00,18.83,6039.04,"","","",""
B2,824,10/17/2023 13:05,19.09,5754.88,"","","",""
B2,825,10/17/2023 13:10,19,11304.96,"","","",""
B2,826,10/17/2023 13:15,19.17,25815.04,"","","",""
B2,827,10/17/2023 13:20,19.17,22579.2,"","","",""
B2,828,10/17/2023 13:25,19.39,22640.64,"","","",""
B2,829,10/17/2023 13:30,19.35,7057.92,"","","",""
B2,830,10/17/2023 13:35,19.39,15590.4,"","","",""
B2,831,10/17/2023 13:40,19.6,29480.96,"","","",""
B2,832,10/17/2023 13:45,19.35,11658.24,"","","",""
B2,833,10/17/2023 13:50,19.56,19420.16,"","","",""
B2,834,10/17/2023 13:55,19.99,21012.48,"","","",""
B2,835,10/17/2023 14:00,20.12,7150.08,"","","",""
B2,836,10/17/2023 14:05,20.12,9538.56,"","","",""
B2,837,10/17/2023 14:10,20.33,29480.96,"","","",""
B2,838,10/17/2023 14:15,20.55,32542.72,"","","",""
B2,839,10/17/2023 14:20,21.19,48906.24,"","","",""
B2,840,10/17/2023 14:25,21.4,26081.28,"","","",""
B2,841,10/17/2023 14:30,21.53,25640.96,"","","",""
B2,842,10/17/2023 14:35,22.52,39956.48,"","","",""
B2,843,10/17/2023 14:40,22.39,38512.64,"","","",""
B2,844,10/17/2023 14:45,23.34,31221.76,"","","",""
B2,845,10/17/2023 14:50,23.81,28088.32,"","","",""
B2,846,10/17/2023 14:55,24.15,71168,"","","",""
B2,847,10/17/2023 15:00,24.06,73175.04,"","","",""
B2,848,10/17/2023 15:05,24.54,77742.08,"","","",""
B2,849,10/17/2023 15:10,24.92,83210.24,"","","",""
B2,850,10/17/2023 15:15,25.69,86138.88,"","","",""
B2,915,10/17/2023 20:40,18.4,0,"","","",""
B2,916,10/17/2023 20:45,18.7,0,"","","",""
B2,917,10/17/2023 20:50,19.09,0,"","","",""
B2,918,10/17/2023 20:55,19.17,0,"","","",""
B2,919,10/17/2023 21:00,19.43,0,"","","",""
B2,920,10/17/2023 21:05,19.47,0,"","","",""
B2,921,10/17/2023 21:10,19.47,0,"","","",""
B2,922,10/17/2023 21:15,19.52,0,"","","",""
B2,923,10/17/2023 21:20,19.52,0,"","","",""
B2,924,10/17/2023 21:25,19.56,0,"","","",""
B2,925,10/17/2023 21:30,19.56,0,"","","",""
B2,926,10/17/2023 21:35,19.56,0,"","","",""
B2,927,10/17/2023 21:40,19.52,0,"","","",""
B2,928,10/17/2023 21:45,19.6,0,"","","",""
B2,929,10/17/2023 21:50,19.56,0,"","","",""
B2,930,10/17/2023 21:55,19.6,0,"","","",""
B2,931,10/17/2023 22:00,19.56,0,"","","",""
B2,932,10/17/2023 22:05,19.52,0,"","","",""
B2,933,10/17/2023 22:10,19.6,0,"","","",""
B2,934,10/17/2023 22:15,19.6,0,"","","",""
B2,935,10/17/2023 22:20,19.6,0,"","","",""
B2,936,10/17/2023 22:25,19.6,0,"","","",""
B2,937,10/17/2023 22:30,19.6,0,"","","",""
B2,938,10/17/2023 22:35,19.6,0,"","","",""
B2,939,10/17/2023 22:40,19.56,0,"","","",""
B2,940,10/17/2023 22:45,19.6,0,"","","",""
B2,941,10/17/2023 22:50,19.56,0,"","","",""
B2,942,10/17/2023 22:55,19.56,0,"","","",""
B2,943,10/17/2023 23:00,19.56,0,"","","",""
B2,944,10/17/2023 23:05,19.52,0,"","","",""
B2,945,10/17/2023 23:10,19.56,0,"","","",""
B2,946,10/17/2023 23:15,19.56,0,"","","",""
B2,947,10/17/2023 23:20,19.52,0,"","","",""
B2,948,10/17/2023 23:25,19.47,0,"","","",""
B2,949,10/17/2023 23:30,19.52,0,"","","",""
B2,950,10/17/2023 23:35,19.52,0,"","","",""
B2,951,10/17/2023 23:40,19.47,0,"","","",""
B2,952,10/17/2023 23:45,19.47,0,"","","",""
B2,953,10/17/2023 23:50,19.43,0,"","","",""
B2,954,10/17/2023 23:55,19.35,0,"","","",""
B2,955,10/18/2023 0:00,19.39,0,"","","",""
B2,956,10/18/2023 0:05,19.35,0,"","","",""
B2,957,10/18/2023 0:10,19.35,0,"","","",""
B2,958,10/18/2023 0:15,19.26,0,"","","",""
B2,959,10/18/2023 0:20,19.22,0,"","","",""
B2,960,10/18/2023 0:25,19.22,0,"","","",""
B2,961,10/18/2023 0:30,19.13,0,"","","",""
B2,962,10/18/2023 0:35,19.13,0,"","","",""
B2,963,10/18/2023 0:40,19.05,0,"","","",""
B2,964,10/18/2023 0:45,19.05,0,"","","",""
B2,965,10/18/2023 0:50,19,0,"","","",""
B2,966,10/18/2023 0:55,18.96,0,"","","",""
B2,967,10/18/2023 1:00,19,0,"","","",""
B2,968,10/18/2023 1:05,19,0,"","","",""
B2,969,10/18/2023 1:10,18.92,0,"","","",""
B2,970,10/18/2023 1:15,18.83,0,"","","",""
B2,971,10/18/2023 1:20,18.7,0,"","","",""
B2,972,10/18/2023 1:25,18.66,0,"","","",""
B2,973,10/18/2023 1:30,18.66,0,"","","",""
B2,974,10/18/2023 1:35,18.66,0,"","","",""
B2,975,10/18/2023 1:40,18.62,0,"","","",""
B2,976,10/18/2023 1:45,18.57,0,"","","",""
B2,977,10/18/2023 1:50,18.53,0,"","","",""
B2,978,10/18/2023 1:55,18.44,0,"","","",""
B2,979,10/18/2023 2:00,18.49,0,"","","",""
B2,980,10/18/2023 2:05,18.44,0,"","","",""
B2,981,10/18/2023 2:10,18.4,0,"","","",""
B2,982,10/18/2023 2:15,18.4,0,"","","",""
B2,983,10/18/2023 2:20,18.36,0,"","","",""
B2,984,10/18/2023 2:25,18.32,0,"","","",""
B2,985,10/18/2023 2:30,18.32,0,"","","",""
B2,986,10/18/2023 2:35,18.27,0,"","","",""
B2,987,10/18/2023 2:40,18.27,0,"","","",""
B2,988,10/18/2023 2:45,18.19,0,"","","",""
B2,989,10/18/2023 2:50,18.14,0,"","","",""
B2,990,10/18/2023 2:55,18.14,0,"","","",""
B2,991,10/18/2023 3:00,18.06,0,"","","",""
B2,992,10/18/2023 3:05,18.06,0,"","","",""
B2,993,10/18/2023 3:10,18.06,0,"","","",""
B2,994,10/18/2023 3:15,18.06,0,"","","",""
B2,995,10/18/2023 3:20,18.02,0,"","","",""
B2,996,10/18/2023 3:25,18.02,0,"","","",""
B2,997,10/18/2023 3:30,17.97,0,"","","",""
B2,998,10/18/2023 3:35,18.02,0,"","","",""
B2,999,10/18/2023 3:40,18.02,0,"","","",""
B2,1000,10/18/2023 3:45,17.97,0,"","","",""
B2,1001,10/18/2023 3:50,17.97,0,"","","",""
B2,1002,10/18/2023 3:55,17.97,0,"","","",""
B2,1003,10/18/2023 4:00,17.97,0,"","","",""
B2,1004,10/18/2023 4:05,17.97,0,"","","",""
B2,1005,10/18/2023 4:10,17.93,0,"","","",""
B2,1006,10/18/2023 4:15,17.93,0,"","","",""
B2,1007,10/18/2023 4:20,17.93,0,"","","",""
B2,1008,10/18/2023 4:25,17.93,0,"","","",""
B2,1009,10/18/2023 4:30,17.93,0,"","","",""
B2,1010,10/18/2023 4:35,17.93,0,"","","",""
B2,1011,10/18/2023 4:40,17.84,0,"","","",""
B2,1012,10/18/2023 4:45,17.93,0,"","","",""
B2,1013,10/18/2023 4:50,17.89,0,"","","",""
B2,1014,10/18/2023 4:55,17.84,0,"","","",""
B2,1015,10/18/2023 5:00,17.89,0,"","","",""
B2,1016,10/18/2023 5:05,17.89,0,"","","",""
B2,1017,10/18/2023 5:10,17.89,0,"","","",""
B2,1018,10/18/2023 5:15,17.89,0,"","","",""
B2,1019,10/18/2023 5:20,17.84,0,"","","",""
B2,1020,10/18/2023 5:25,17.89,0,"","","",""
B2,1021,10/18/2023 5:30,17.89,0,"","","",""
B2,1022,10/18/2023 5:35,17.84,0,"","","",""
B2,1023,10/18/2023 5:40,17.89,0,"","","",""
B2,1024,10/18/2023 5:45,17.89,0,"","","",""
B2,1025,10/18/2023 5:50,17.89,0,"","","",""
B2,1026,10/18/2023 5:55,17.89,0,"","","",""
B2,1027,10/18/2023 6:00,17.89,0,"","","",""
B2,1028,10/18/2023 6:05,17.89,0,"","","",""
B2,1029,10/18/2023 6:10,17.93,0,"","","",""
B2,1030,10/18/2023 6:15,17.93,0,"","","",""
B2,1031,10/18/2023 6:20,17.93,0,"","","",""
B2,1032,10/18/2023 6:25,17.93,0,"","","",""
B2,1033,10/18/2023 6:30,17.93,0,"","","",""
B2,1034,10/18/2023 6:35,17.97,0.22,"","","",""
B2,1035,10/18/2023 6:40,17.97,2.64,"","","",""
B2,1036,10/18/2023 6:45,17.97,6.6,"","","",""
B2,1037,10/18/2023 6:50,17.93,16.09,"","","",""
B2,1038,10/18/2023 6:55,17.97,58.44,"","","",""
B2,1039,10/18/2023 7:00,17.97,71.7,"","","",""
B2,1040,10/18/2023 7:05,18.02,154.76,"","","",""
B2,1041,10/18/2023 7:10,18.06,236.4,"","","",""
B2,1042,10/18/2023 7:15,18.02,435.36,"","","",""
B2,1043,10/18/2023 7:20,18.02,488.64,"","","",""
B2,1044,10/18/2023 7:25,18.02,460,"","","",""
B2,1045,10/18/2023 7:30,18.02,702.72,"","","",""
B2,1046,10/18/2023 7:35,18.02,848.64,"","","",""
B2,1047,10/18/2023 7:40,18.06,926.4,"","","",""
B2,1048,10/18/2023 7:45,18.06,957.12,"","","",""
B2,1049,10/18/2023 7:50,18.1,1607.68,"","","",""
B2,1050,10/18/2023 7:55,18.06,1698.56,"","","",""
B2,1051,10/18/2023 8:00,18.23,2378.88,"","","",""
B2,1052,10/18/2023 8:05,18.1,509.44,"","","",""
B2,1053,10/18/2023 8:10,18.23,894.4,"","","",""
B2,1054,10/18/2023 8:15,18.19,1804.8,"","","",""
B2,1055,10/18/2023 8:20,18.19,1453.44,"","","",""
B2,1056,10/18/2023 8:25,18.27,3496.96,"","","",""
B2,1057,10/18/2023 8:30,18.36,1808.64,"","","",""
B2,1058,10/18/2023 8:35,18.27,3525.12,"","","",""
B2,1059,10/18/2023 8:40,18.32,3349.76,"","","",""
B2,1060,10/18/2023 8:45,18.36,3705.6,"","","",""
B2,1061,10/18/2023 8:50,18.49,3614.72,"","","",""
B2,1062,10/18/2023 8:55,18.44,3528.96,"","","",""
B2,1063,10/18/2023 9:00,18.44,5680.64,"","","",""
B2,1064,10/18/2023 9:05,18.44,6208,"","","",""
B2,1065,10/18/2023 9:10,18.53,5040.64,"","","",""
B2,1066,10/18/2023 9:15,18.44,5954.56,"","","",""
B2,1067,10/18/2023 9:20,18.57,8122.88,"","","",""
B2,1068,10/18/2023 9:25,18.57,8558.08,"","","",""
B2,1069,10/18/2023 9:30,18.66,10263.04,"","","",""
B2,1070,10/18/2023 9:35,18.53,5852.16,"","","",""
B2,1071,10/18/2023 9:40,18.62,4427.52,"","","",""
B2,1072,10/18/2023 9:45,18.66,11627.52,"","","",""
B2,1073,10/18/2023 9:50,18.7,5327.36,"","","",""
B2,1074,10/18/2023 9:55,18.83,19834.88,"","","",""
B2,1075,10/18/2023 10:00,18.83,15221.76,"","","",""
B2,1076,10/18/2023 10:05,18.96,20848.64,"","","",""
B2,1077,10/18/2023 10:10,18.87,16527.36,"","","",""
B2,1078,10/18/2023 10:15,18.83,15498.24,"","","",""
B2,1079,10/18/2023 10:20,18.7,9735.68,"","","",""
B2,1080,10/18/2023 10:25,18.74,6474.24,"","","",""
B2,1081,10/18/2023 10:30,18.66,7326.72,"","","",""
B2,1082,10/18/2023 10:35,18.74,11939.84,"","","",""
B2,1083,10/18/2023 10:40,18.79,15283.2,"","","",""
B2,1084,10/18/2023 10:45,18.79,10798.08,"","","",""
B2,1085,10/18/2023 10:50,18.66,9008.64,"","","",""
B2,1086,10/18/2023 10:55,18.66,4279.04,"","","",""
B2,1087,10/18/2023 11:00,18.62,4359.68,"","","",""
B2,1088,10/18/2023 11:05,18.66,9651.2,"","","",""
B2,1089,10/18/2023 11:10,18.79,7326.72,"","","",""
B2,1090,10/18/2023 11:15,18.79,8002.56,"","","",""
B2,1091,10/18/2023 11:20,18.74,14223.36,"","","",""
B2,1092,10/18/2023 11:25,18.79,447.68,"","","",""
B2,1093,10/18/2023 11:30,18.66,12861.44,"","","",""
B2,1094,10/18/2023 11:35,18.74,1080.32,"","","",""
B2,1095,10/18/2023 11:40,18.66,3944.96,"","","",""
B2,1096,10/18/2023 11:45,18.87,23500.8,"","","",""
B2,1097,10/18/2023 11:50,18.92,31426.56,"","","",""
B2,1098,10/18/2023 11:55,18.7,5139.2,"","","",""
B2,1099,10/18/2023 12:00,18.79,11550.72,"","","",""
B2,1100,10/18/2023 12:05,18.74,7580.16,"","","",""
B2,1101,10/18/2023 12:10,18.74,5550.08,"","","",""
B2,1102,10/18/2023 12:15,18.79,2915.84,"","","",""
B2,1103,10/18/2023 12:20,18.83,6494.72,"","","",""
B2,1104,10/18/2023 12:25,18.83,3959.04,"","","",""
B2,1105,10/18/2023 12:30,18.7,1931.52,"","","",""
B2,1106,10/18/2023 12:35,18.87,13624.32,"","","",""
B2,1107,10/18/2023 12:40,18.92,19118.08,"","","",""
B2,1108,10/18/2023 12:45,18.87,11694.08,"","","",""
B2,1109,10/18/2023 12:50,18.83,4047.36,"","","",""
B2,1110,10/18/2023 12:55,18.92,15104,"","","",""
B2,1111,10/18/2023 13:00,18.92,9804.8,"","","",""
B2,1112,10/18/2023 13:05,18.92,7669.76,"","","",""
B2,1113,10/18/2023 13:10,18.92,11340.8,"","","",""
B2,1114,10/18/2023 13:15,18.96,15708.16,"","","",""
B2,1115,10/18/2023 13:20,19.13,13250.56,"","","",""
B2,1116,10/18/2023 13:25,19,12042.24,"","","",""
B2,1117,10/18/2023 13:30,18.96,8558.08,"","","",""
B2,1118,10/18/2023 13:35,19,5578.24,"","","",""
B2,1119,10/18/2023 13:40,19.22,5445.12,"","","",""
B2,1120,10/18/2023 13:45,19.22,20981.76,"","","",""
B2,1121,10/18/2023 13:50,19.3,6551.04,"","","",""
B2,1122,10/18/2023 13:55,19.39,20782.08,"","","",""
B2,1123,10/18/2023 14:00,19.43,12554.24,"","","",""
B2,1124,10/18/2023 14:05,19.6,24135.68,"","","",""
B2,1125,10/18/2023 14:10,19.6,20392.96,"","","",""
B2,1126,10/18/2023 14:15,19.95,70348.8,"","","",""
B2,1127,10/18/2023 14:20,19.77,25077.76,"","","",""
B2,1128,10/18/2023 14:25,19.95,19722.24,"","","",""
B2,1129,10/18/2023 14:30,19.9,10065.92,"","","",""
B2,1130,10/18/2023 14:35,20.33,25282.56,"","","",""
B2,1131,10/18/2023 14:40,20.29,20935.68,"","","",""
B2,1132,10/18/2023 14:45,20.5,35983.36,"","","",""
B2,1133,10/18/2023 14:50,20.76,30515.2,"","","",""
B2,1134,10/18/2023 14:55,21.32,58654.72,"","","",""
B2,1135,10/18/2023 15:00,21.23,27473.92,"","","",""
B2,1136,10/18/2023 15:05,21.83,8353.28,"","","",""
B2,1137,10/18/2023 15:10,21.75,55439.36,"","","",""
B2,1138,10/18/2023 15:15,22.26,67358.72,"","","",""
B2,1139,10/18/2023 15:20,22.31,61849.6,"","","",""
B2,1140,10/18/2023 15:25,23.03,58695.68,"","","",""
B2,1141,10/18/2023 15:30,22.52,28538.88,"","","",""
B2,1142,10/18/2023 15:35,23.29,22528,"","","",""
B2,1143,10/18/2023 15:40,23.46,46161.92,"","","",""
B2,1144,10/18/2023 15:45,23.81,43765.76,"","","",""
B2,1145,10/18/2023 15:50,23.98,40212.48,"","","",""
B2,1146,10/18/2023 15:55,23.94,40591.36,"","","",""
B2,1147,10/18/2023 16:00,24.19,39127.04,"","","",""
B2,1148,10/18/2023 16:05,24.15,40140.8,"","","",""
B2,1217,10/18/2023 21:50,17.8,0,"","","",""
B2,1218,10/18/2023 21:55,18.36,0,"","","",""
B2,1219,10/18/2023 22:00,18.49,0,"","","",""
B2,1220,10/18/2023 22:05,18.62,0,"","","",""
B2,1221,10/18/2023 22:10,18.74,0,"","","",""
B2,1222,10/18/2023 22:15,18.96,0,"","","",""
B2,1223,10/18/2023 22:20,19,0,"","","",""
B2,1224,10/18/2023 22:25,19,0,"","","",""
B2,1225,10/18/2023 22:30,19.05,0,"","","",""
B2,1226,10/18/2023 22:35,19.05,0,"","","",""
B2,1227,10/18/2023 22:40,18.96,0,"","","",""
B2,1228,10/18/2023 22:45,19.09,0,"","","",""
B2,1229,10/18/2023 22:50,19,0,"","","",""
B2,1230,10/18/2023 22:55,19.09,0,"","","",""
B2,1231,10/18/2023 23:00,19.09,0,"","","",""
B2,1232,10/18/2023 23:05,19.09,0,"","","",""
B2,1233,10/18/2023 23:10,19.09,0,"","","",""
B2,1234,10/18/2023 23:15,19.09,0,"","","",""
B2,1235,10/18/2023 23:20,18.96,0,"","","",""
B2,1236,10/18/2023 23:25,19.05,0,"","","",""
B2,1237,10/18/2023 23:30,19.09,0,"","","",""
B2,1238,10/18/2023 23:35,19.05,0,"","","",""
B2,1239,10/18/2023 23:40,19,0,"","","",""
B2,1240,10/18/2023 23:45,19,0,"","","",""
B2,1241,10/18/2023 23:50,19,0,"","","",""
B2,1242,10/18/2023 23:55,18.96,0,"","","",""
B2,1243,10/19/2023 0:00,18.92,0,"","","",""
B2,1244,10/19/2023 0:05,18.92,0,"","","",""
B2,1245,10/19/2023 0:10,18.92,0,"","","",""
B2,1246,10/19/2023 0:15,18.83,0,"","","",""
B2,1247,10/19/2023 0:20,18.87,0,"","","",""
B2,1248,10/19/2023 0:25,18.87,0,"","","",""
B2,1249,10/19/2023 0:30,18.83,0,"","","",""
B2,1250,10/19/2023 0:35,18.83,0,"","","",""
B2,1251,10/19/2023 0:40,18.83,0,"","","",""
B2,1252,10/19/2023 0:45,18.74,0,"","","",""
B2,1253,10/19/2023 0:50,18.74,0,"","","",""
B2,1254,10/19/2023 0:55,18.7,0,"","","",""
B2,1255,10/19/2023 1:00,18.74,0,"","","",""
B2,1256,10/19/2023 1:05,18.7,0,"","","",""
B2,1257,10/19/2023 1:10,18.66,0,"","","",""
B2,1258,10/19/2023 1:15,18.57,0,"","","",""
B2,1259,10/19/2023 1:20,18.57,0,"","","",""
B2,1260,10/19/2023 1:25,18.53,0,"","","",""
B2,1261,10/19/2023 1:30,18.44,0,"","","",""
B2,1262,10/19/2023 1:35,18.4,0,"","","",""
B2,1263,10/19/2023 1:40,18.32,0,"","","",""
B2,1264,10/19/2023 1:45,18.1,0,"","","",""
B2,1265,10/19/2023 1:50,18.02,0,"","","",""
B2,1266,10/19/2023 1:55,17.97,0,"","","",""
B2,1267,10/19/2023 2:00,17.93,0,"","","",""
B2,1268,10/19/2023 2:05,17.84,0,"","","",""
B2,1269,10/19/2023 2:10,17.8,0,"","","",""
B2,1270,10/19/2023 2:15,17.72,0,"","","",""
B2,1271,10/19/2023 2:20,17.67,0,"","","",""
B2,1272,10/19/2023 2:25,17.67,0,"","","",""
B2,1273,10/19/2023 2:30,17.67,0,"","","",""
B2,1274,10/19/2023 2:35,17.63,0,"","","",""
B2,1275,10/19/2023 2:40,17.63,0,"","","",""
B2,1276,10/19/2023 2:45,17.67,0,"","","",""
B2,1277,10/19/2023 2:50,17.59,0,"","","",""
B2,1278,10/19/2023 2:55,17.5,0,"","","",""
B2,1279,10/19/2023 3:00,17.5,0,"","","",""
B2,1280,10/19/2023 3:05,17.41,0,"","","",""
B2,1281,10/19/2023 3:10,17.41,0,"","","",""
B2,1282,10/19/2023 3:15,17.33,0,"","","",""
B2,1283,10/19/2023 3:20,17.29,0,"","","",""
B2,1284,10/19/2023 3:25,17.29,0,"","","",""
B2,1285,10/19/2023 3:30,17.2,0,"","","",""
B2,1286,10/19/2023 3:35,17.16,0,"","","",""
B2,1287,10/19/2023 3:40,17.11,0,"","","",""
B2,1288,10/19/2023 3:45,17.11,0,"","","",""
B2,1289,10/19/2023 3:50,17.11,0,"","","",""
B2,1290,10/19/2023 3:55,17.07,0,"","","",""
B2,1291,10/19/2023 4:00,17.03,0,"","","",""
B2,1292,10/19/2023 4:05,16.99,0,"","","",""
B2,1293,10/19/2023 4:10,16.99,0,"","","",""
B2,1294,10/19/2023 4:15,16.99,0,"","","",""
B2,1295,10/19/2023 4:20,16.99,0,"","","",""
B2,1296,10/19/2023 4:25,17.03,0,"","","",""
B2,1297,10/19/2023 4:30,16.94,0,"","","",""
B2,1298,10/19/2023 4:35,16.99,0,"","","",""
B2,1299,10/19/2023 4:40,16.94,0,"","","",""
B2,1300,10/19/2023 4:45,16.94,0,"","","",""
B2,1301,10/19/2023 4:50,16.94,0,"","","",""
B2,1302,10/19/2023 4:55,16.94,0,"","","",""
B2,1303,10/19/2023 5:00,16.94,0,"","","",""
B2,1304,10/19/2023 5:05,16.94,0,"","","",""
B2,1305,10/19/2023 5:10,16.94,0,"","","",""
B2,1306,10/19/2023 5:15,16.99,0,"","","",""
B2,1307,10/19/2023 5:20,16.99,0,"","","",""
B2,1308,10/19/2023 5:25,16.99,0,"","","",""
B2,1309,10/19/2023 5:30,16.94,0,"","","",""
B2,1310,10/19/2023 5:35,16.9,0,"","","",""
B2,1311,10/19/2023 5:40,16.99,0,"","","",""
B2,1312,10/19/2023 5:45,16.99,0,"","","",""
B2,1313,10/19/2023 5:50,16.99,0,"","","",""
B2,1314,10/19/2023 5:55,16.99,0,"","","",""
B2,1315,10/19/2023 6:00,16.99,0,"","","",""
B2,1316,10/19/2023 6:05,17.03,0,"","","",""
B2,1317,10/19/2023 6:10,16.94,0,"","","",""
B2,1318,10/19/2023 6:15,16.99,0,"","","",""
B2,1319,10/19/2023 6:20,16.99,0,"","","",""
B2,1320,10/19/2023 6:25,17.03,0,"","","",""
B2,1321,10/19/2023 6:30,17.07,0,"","","",""
B2,1322,10/19/2023 6:35,17.07,1.32,"","","",""
B2,1323,10/19/2023 6:40,17.07,2.2,"","","",""
B2,1324,10/19/2023 6:45,17.11,10.81,"","","",""
B2,1325,10/19/2023 6:50,17.16,20.11,"","","",""
B2,1326,10/19/2023 6:55,17.16,70,"","","",""
B2,1327,10/19/2023 7:00,17.16,113.36,"","","",""
B2,1328,10/19/2023 7:05,17.2,182.4,"","","",""
B2,1329,10/19/2023 7:10,17.29,292.96,"","","",""
B2,1330,10/19/2023 7:15,17.24,412.48,"","","",""
B2,1331,10/19/2023 7:20,17.24,658.56,"","","",""
B2,1332,10/19/2023 7:25,17.37,820.48,"","","",""
B2,1333,10/19/2023 7:30,17.29,770.88,"","","",""
B2,1334,10/19/2023 7:35,17.37,333.6,"","","",""
B2,1335,10/19/2023 7:40,17.46,550.24,"","","",""
B2,1336,10/19/2023 7:45,17.46,1645.44,"","","",""
B2,1337,10/19/2023 7:50,17.41,1288.32,"","","",""
B2,1338,10/19/2023 7:55,17.5,2400,"","","",""
B2,1339,10/19/2023 8:00,17.46,1253.76,"","","",""
B2,1340,10/19/2023 8:05,17.5,1977.6,"","","",""
B2,1341,10/19/2023 8:10,17.54,2611.84,"","","",""
B2,1342,10/19/2023 8:15,17.59,2380.8,"","","",""
B2,1343,10/19/2023 8:20,17.67,2322.56,"","","",""
B2,1344,10/19/2023 8:25,17.72,2016.64,"","","",""
B2,1345,10/19/2023 8:30,17.76,3715.84,"","","",""
B2,1346,10/19/2023 8:35,17.76,5409.28,"","","",""
B2,1347,10/19/2023 8:40,17.76,4007.68,"","","",""
B2,1348,10/19/2023 8:45,17.84,10849.28,"","","",""
B2,1349,10/19/2023 8:50,17.8,3627.52,"","","",""
B2,1350,10/19/2023 8:55,17.89,6279.68,"","","",""
B2,1351,10/19/2023 9:00,17.89,1313.28,"","","",""
B2,1352,10/19/2023 9:05,17.97,5706.24,"","","",""
B2,1353,10/19/2023 9:10,17.97,4003.84,"","","",""
B2,1354,10/19/2023 9:15,18.06,5429.76,"","","",""
B2,1355,10/19/2023 9:20,18.14,9543.68,"","","",""
B2,1356,10/19/2023 9:25,18.14,6607.36,"","","",""
B2,1357,10/19/2023 9:30,18.23,12282.88,"","","",""
B2,1358,10/19/2023 9:35,18.14,9410.56,"","","",""
B2,1359,10/19/2023 9:40,18.1,3365.12,"","","",""
B2,1360,10/19/2023 9:45,18.14,4600.32,"","","",""
B2,1361,10/19/2023 9:50,18.32,3880.96,"","","",""
B2,1362,10/19/2023 9:55,18.19,7403.52,"","","",""
B2,1363,10/19/2023 10:00,18.19,4924.16,"","","",""
B2,1364,10/19/2023 10:05,18.19,9121.28,"","","",""
B2,1365,10/19/2023 10:10,18.36,4741.12,"","","",""
B2,1366,10/19/2023 10:15,18.1,7329.28,"","","",""
B2,1367,10/19/2023 10:20,18.19,8094.72,"","","",""
B2,1368,10/19/2023 10:25,18.14,7226.88,"","","",""
B2,1369,10/19/2023 10:30,18.27,13593.6,"","","",""
B2,1370,10/19/2023 10:35,18.32,13317.12,"","","",""
B2,1371,10/19/2023 10:40,18.23,18119.68,"","","",""
B2,1372,10/19/2023 10:45,18.23,13660.16,"","","",""
B2,1373,10/19/2023 10:50,18.27,1787.52,"","","",""
B2,1374,10/19/2023 10:55,18.27,105.32,"","","",""
B2,1375,10/19/2023 11:00,18.32,5383.68,"","","",""
B2,1376,10/19/2023 11:05,18.4,8663.04,"","","",""
B2,1377,10/19/2023 11:10,18.36,12405.76,"","","",""
B2,1378,10/19/2023 11:15,18.44,13030.4,"","","",""
B2,1379,10/19/2023 11:20,18.49,13409.28,"","","",""
B2,1380,10/19/2023 11:25,18.53,15124.48,"","","",""
B2,1381,10/19/2023 11:30,18.49,9748.48,"","","",""
B2,1382,10/19/2023 11:35,18.49,11299.84,"","","",""
B2,1383,10/19/2023 11:40,18.53,6704.64,"","","",""
B2,1384,10/19/2023 11:45,18.53,3651.84,"","","",""
B2,1385,10/19/2023 11:50,18.53,552.48,"","","",""
B2,1386,10/19/2023 11:55,18.53,1654.4,"","","",""
B2,1387,10/19/2023 12:00,18.57,2234.88,"","","",""
B2,1388,10/19/2023 12:05,18.62,4240.64,"","","",""
B2,1389,10/19/2023 12:10,18.57,8099.84,"","","",""
B2,1390,10/19/2023 12:15,18.57,2609.92,"","","",""
B2,1391,10/19/2023 12:20,18.7,5990.4,"","","",""
B2,1392,10/19/2023 12:25,18.74,5665.28,"","","",""
B2,1393,10/19/2023 12:30,18.66,95.64,"","","",""
B2,1394,10/19/2023 12:35,18.7,9763.84,"","","",""
B2,1395,10/19/2023 12:40,18.66,5757.44,"","","",""
B2,1396,10/19/2023 12:45,18.7,5665.28,"","","",""
B2,1397,10/19/2023 12:50,18.79,9305.6,"","","",""
B2,1398,10/19/2023 12:55,18.87,4765.44,"","","",""
B2,1399,10/19/2023 13:00,18.83,93.76,"","","",""
B2,1400,10/19/2023 13:05,18.79,9820.16,"","","",""
B2,1401,10/19/2023 13:10,18.87,6860.8,"","","",""
B2,1402,10/19/2023 13:15,18.92,11980.8,"","","",""
B2,1403,10/19/2023 13:20,18.83,3422.72,"","","",""
B2,1404,10/19/2023 13:25,18.83,13440,"","","",""
B2,1405,10/19/2023 13:30,18.83,1996.8,"","","",""
B2,1406,10/19/2023 13:35,19,16368.64,"","","",""
B2,1407,10/19/2023 13:40,18.92,14213.12,"","","",""
B2,1408,10/19/2023 13:45,18.96,4652.8,"","","",""
B2,1409,10/19/2023 13:50,18.96,8980.48,"","","",""
B2,1410,10/19/2023 13:55,19.13,24514.56,"","","",""
B2,1411,10/19/2023 14:00,19.17,12554.24,"","","",""
B2,1412,10/19/2023 14:05,19.17,9579.52,"","","",""
B2,1413,10/19/2023 14:10,19.17,18647.04,"","","",""
B2,1414,10/19/2023 14:15,19.22,12538.88,"","","",""
B2,1415,10/19/2023 14:20,19.22,8284.16,"","","",""
B2,1416,10/19/2023 14:25,19.26,11141.12,"","","",""
B2,1417,10/19/2023 14:30,19.3,12339.2,"","","",""
B2,1418,10/19/2023 14:35,19.56,21780.48,"","","",""
B2,1419,10/19/2023 14:40,19.26,8944.64,"","","",""
B2,1420,10/19/2023 14:45,19.52,14571.52,"","","",""
B2,1421,10/19/2023 14:50,19.65,4727.04,"","","",""
B2,1422,10/19/2023 14:55,19.73,20992,"","","",""
B2,1423,10/19/2023 15:00,19.82,26183.68,"","","",""
B2,1424,10/19/2023 15:05,19.82,22241.28,"","","",""
B2,1425,10/19/2023 15:10,20.03,47616,"","","",""
B2,1426,10/19/2023 15:15,19.99,25282.56,"","","",""
B2,1427,10/19/2023 15:20,19.73,8051.2,"","","",""
B2,1428,10/19/2023 15:25,19.95,11156.48,"","","",""
B2,1429,10/19/2023 15:30,20.68,18560,"","","",""
B2,1430,10/19/2023 15:35,20.03,22865.92,"","","",""
B2,1431,10/19/2023 15:40,20.07,23848.96,"","","",""
B2,1432,10/19/2023 15:45,20.16,20561.92,"","","",""
B2,1433,10/19/2023 15:50,20.46,21186.56,"","","",""
B2,1434,10/19/2023 15:55,20.72,19676.16,"","","",""
B2,1435,10/19/2023 16:00,20.93,48640,"","","",""
B2,1436,10/19/2023 16:05,21.66,46878.72,"","","",""
B2,1437,10/19/2023 16:10,21.32,20725.76,"","","",""
B2,1438,10/19/2023 16:15,21.58,42209.28,"","","",""
B2,1439,10/19/2023 16:20,21.4,44113.92,"","","",""
B2,1440,10/19/2023 16:25,21.53,47083.52,"","","",""
B2,1441,10/19/2023 16:30,21.92,44298.24,"","","",""
B2,1442,10/19/2023 16:35,21.88,44011.52,"","","",""
B2,1443,10/19/2023 16:40,21.92,39895.04,"","","",""
B2,1444,10/19/2023 16:45,22.43,36894.72,"","","",""
B2,1445,10/19/2023 16:50,22.56,33372.16,"","","",""
B2,1446,10/19/2023 16:55,22.26,31201.28,"","","",""
B2,1447,10/19/2023 17:00,22.35,26900.48,"","","",""
B2,1521,10/19/2023 23:10,17.8,0,"","","",""
B2,1522,10/19/2023 23:15,17.76,0,"","","",""
B2,1523,10/19/2023 23:20,17.67,0,"","","",""
B2,1524,10/19/2023 23:25,17.67,0,"","","",""
B2,1525,10/19/2023 23:30,17.59,0,"","","",""
B2,1526,10/19/2023 23:35,17.54,0,"","","",""
B2,1527,10/19/2023 23:40,17.5,0,"","","",""
B2,1528,10/19/2023 23:45,17.46,0,"","","",""
B2,1529,10/19/2023 23:50,17.46,0,"","","",""
B2,1530,10/19/2023 23:55,17.41,0,"","","",""
B2,1531,10/20/2023 0:00,17.37,0,"","","",""
B2,1532,10/20/2023 0:05,17.33,0,"","","",""
B2,1533,10/20/2023 0:10,17.33,0,"","","",""
B2,1534,10/20/2023 0:15,17.33,0,"","","",""
B2,1535,10/20/2023 0:20,17.2,0,"","","",""
B2,1536,10/20/2023 0:25,17.2,0,"","","",""
B2,1537,10/20/2023 0:30,17.2,0,"","","",""
B2,1538,10/20/2023 0:35,17.11,0,"","","",""
B2,1539,10/20/2023 0:40,17.07,0,"","","",""
B2,1540,10/20/2023 0:45,17.07,0,"","","",""
B2,1541,10/20/2023 0:50,17.16,0,"","","",""
B2,1542,10/20/2023 0:55,17.24,0,"","","",""
B2,1543,10/20/2023 1:00,17.11,0,"","","",""
B2,1544,10/20/2023 1:05,17.11,0,"","","",""
B2,1545,10/20/2023 1:10,17.03,0,"","","",""
B2,1546,10/20/2023 1:15,16.99,0,"","","",""
B2,1547,10/20/2023 1:20,16.99,0,"","","",""
B2,1548,10/20/2023 1:25,16.94,0,"","","",""
B2,1549,10/20/2023 1:30,16.99,0,"","","",""
B2,1550,10/20/2023 1:35,17.03,0,"","","",""
B2,1551,10/20/2023 1:40,17.03,0,"","","",""
B2,1552,10/20/2023 1:45,17.03,0,"","","",""
B2,1553,10/20/2023 1:50,16.99,0,"","","",""
B2,1554,10/20/2023 1:55,17.03,0,"","","",""
B2,1555,10/20/2023 2:00,16.94,0,"","","",""
B2,1556,10/20/2023 2:05,16.94,0,"","","",""
B2,1557,10/20/2023 2:10,16.99,0,"","","",""
B2,1558,10/20/2023 2:15,16.99,0,"","","",""
B2,1559,10/20/2023 2:20,16.99,0,"","","",""
B2,1560,10/20/2023 2:25,16.94,0,"","","",""
B2,1561,10/20/2023 2:30,16.9,0,"","","",""
B2,1562,10/20/2023 2:35,16.9,0,"","","",""
B2,1563,10/20/2023 2:40,16.9,0,"","","",""
B2,1564,10/20/2023 2:45,16.86,0,"","","",""
B2,1565,10/20/2023 2:50,16.81,0,"","","",""
B2,1566,10/20/2023 2:55,16.81,0,"","","",""
B2,1567,10/20/2023 3:00,16.73,0,"","","",""
B2,1568,10/20/2023 3:05,16.69,0,"","","",""
B2,1569,10/20/2023 3:10,16.69,0,"","","",""
B2,1570,10/20/2023 3:15,16.69,0,"","","",""
B2,1571,10/20/2023 3:20,16.64,0,"","","",""
B2,1572,10/20/2023 3:25,16.69,0,"","","",""
B2,1573,10/20/2023 3:30,16.73,0,"","","",""
B2,1574,10/20/2023 3:35,16.69,0,"","","",""
B2,1575,10/20/2023 3:40,16.69,0,"","","",""
B2,1576,10/20/2023 3:45,16.73,0,"","","",""
B2,1577,10/20/2023 3:50,16.73,0,"","","",""
B2,1578,10/20/2023 3:55,16.64,0,"","","",""
B2,1579,10/20/2023 4:00,16.69,0,"","","",""
B2,1580,10/20/2023 4:05,16.64,0,"","","",""
B2,1581,10/20/2023 4:10,16.64,0,"","","",""
B2,1582,10/20/2023 4:15,16.64,0,"","","",""
B2,1583,10/20/2023 4:20,16.6,0,"","","",""
B2,1584,10/20/2023 4:25,16.6,0,"","","",""
B2,1585,10/20/2023 4:30,16.56,0,"","","",""
B2,1586,10/20/2023 4:35,16.6,0,"","","",""
B2,1587,10/20/2023 4:40,16.56,0,"","","",""
B2,1588,10/20/2023 4:45,16.6,0,"","","",""
B2,1589,10/20/2023 4:50,16.6,0,"","","",""
B2,1590,10/20/2023 4:55,16.56,0,"","","",""
B2,1591,10/20/2023 5:00,16.56,0,"","","",""
B2,1592,10/20/2023 5:05,16.51,0,"","","",""
B2,1593,10/20/2023 5:10,16.56,0,"","","",""
B2,1594,10/20/2023 5:15,16.56,0,"","","",""
B2,1595,10/20/2023 5:20,16.56,0,"","","",""
B2,1596,10/20/2023 5:25,16.64,0,"","","",""
B2,1597,10/20/2023 5:30,16.64,0,"","","",""
B2,1598,10/20/2023 5:35,16.6,0,"","","",""
B2,1599,10/20/2023 5:40,16.6,0,"","","",""
B2,1600,10/20/2023 5:45,16.64,0,"","","",""
B2,1601,10/20/2023 5:50,16.6,0,"","","",""
B2,1602,10/20/2023 5:55,16.64,0,"","","",""
B2,1603,10/20/2023 6:00,16.6,0,"","","",""
B2,1604,10/20/2023 6:05,16.64,0,"","","",""
B2,1605,10/20/2023 6:10,16.69,0,"","","",""
B2,1606,10/20/2023 6:15,16.73,0,"","","",""
B2,1607,10/20/2023 6:20,16.77,0,"","","",""
B2,1608,10/20/2023 6:25,16.81,0,"","","",""
B2,1609,10/20/2023 6:30,16.81,0,"","","",""
B2,1610,10/20/2023 6:35,16.81,0.44,"","","",""
B2,1611,10/20/2023 6:40,16.9,2.86,"","","",""
B2,1612,10/20/2023 6:45,16.9,16.34,"","","",""
B2,1613,10/20/2023 6:50,16.94,30.51,"","","",""
B2,1614,10/20/2023 6:55,16.99,25.4,"","","",""
B2,1615,10/20/2023 7:00,17.03,148.6,"","","",""
B2,1616,10/20/2023 7:05,17.03,280.64,"","","",""
B2,1617,10/20/2023 7:10,17.07,434.56,"","","",""
B2,1618,10/20/2023 7:15,17.16,963.2,"","","",""
B2,1619,10/20/2023 7:20,17.11,134.48,"","","",""
B2,1620,10/20/2023 7:25,17.16,1497.6,"","","",""
B2,1621,10/20/2023 7:30,17.16,1930.24,"","","",""
B2,1622,10/20/2023 7:35,17.24,1972.48,"","","",""
B2,1623,10/20/2023 7:40,17.29,3608.32,"","","",""
B2,1624,10/20/2023 7:45,17.29,5416.96,"","","",""
B2,1625,10/20/2023 7:50,17.29,2392.96,"","","",""
B2,1626,10/20/2023 7:55,17.33,4387.84,"","","",""
B2,1627,10/20/2023 8:00,17.33,3342.08,"","","",""
B2,1628,10/20/2023 8:05,17.41,4705.28,"","","",""
B2,1629,10/20/2023 8:10,17.5,2616.96,"","","",""
B2,1630,10/20/2023 8:15,17.5,713.92,"","","",""
B2,1631,10/20/2023 8:20,17.5,9003.52,"","","",""
B2,1632,10/20/2023 8:25,17.5,5552.64,"","","",""
B2,1633,10/20/2023 8:30,17.63,5634.56,"","","",""
B2,1634,10/20/2023 8:35,17.59,5603.84,"","","",""
B2,1635,10/20/2023 8:40,17.67,619.84,"","","",""
B2,1636,10/20/2023 8:45,17.63,11048.96,"","","",""
B2,1637,10/20/2023 8:50,17.72,14822.4,"","","",""
B2,1638,10/20/2023 8:55,17.63,11919.36,"","","",""
B2,1639,10/20/2023 9:00,17.67,5504,"","","",""
B2,1640,10/20/2023 9:05,17.72,7782.4,"","","",""
B2,1641,10/20/2023 9:10,17.76,4377.6,"","","",""
B2,1642,10/20/2023 9:15,17.8,12042.24,"","","",""
B2,1643,10/20/2023 9:20,17.89,14417.92,"","","",""
B2,1644,10/20/2023 9:25,17.93,14003.2,"","","",""
B2,1645,10/20/2023 9:30,17.97,14064.64,"","","",""
B2,1646,10/20/2023 9:35,17.97,5585.92,"","","",""
B2,1647,10/20/2023 9:40,17.84,10129.92,"","","",""
B2,1648,10/20/2023 9:45,18.02,22343.68,"","","",""
B2,1649,10/20/2023 9:50,18.06,18088.96,"","","",""
B2,1650,10/20/2023 9:55,18.06,22231.04,"","","",""
B2,1651,10/20/2023 10:00,18.06,12564.48,"","","",""
B2,1652,10/20/2023 10:05,18.1,5271.04,"","","",""
B2,1653,10/20/2023 10:10,18.23,5409.28,"","","",""
B2,1654,10/20/2023 10:15,18.32,33290.24,"","","",""
B2,1655,10/20/2023 10:20,18.14,7495.68,"","","",""
B2,1656,10/20/2023 10:25,18.19,10593.28,"","","",""
B2,1657,10/20/2023 10:30,18.23,1959.68,"","","",""
B2,1658,10/20/2023 10:35,18.19,7121.92,"","","",""
B2,1659,10/20/2023 10:40,18.44,14208,"","","",""
B2,1660,10/20/2023 10:45,18.44,20418.56,"","","",""
B2,1661,10/20/2023 10:50,18.36,35850.24,"","","",""
B2,1662,10/20/2023 10:55,18.44,14018.56,"","","",""
B2,1663,10/20/2023 11:00,18.44,13383.68,"","","",""
B2,1664,10/20/2023 11:05,18.53,19834.88,"","","",""
B2,1665,10/20/2023 11:10,18.44,17955.84,"","","",""
B2,1666,10/20/2023 11:15,18.49,21882.88,"","","",""
B2,1667,10/20/2023 11:20,18.4,10700.8,"","","",""
B2,1668,10/20/2023 11:25,18.49,27504.64,"","","",""
B2,1669,10/20/2023 11:30,18.49,6208,"","","",""
B2,1670,10/20/2023 11:35,18.49,17561.6,"","","",""
B2,1671,10/20/2023 11:40,18.49,7790.08,"","","",""
B2,1672,10/20/2023 11:45,18.44,10227.2,"","","",""
B2,1673,10/20/2023 11:50,18.44,10767.36,"","","",""
B2,1674,10/20/2023 11:55,18.66,5226.24,"","","",""
B2,1675,10/20/2023 12:00,18.57,22149.12,"","","",""
B2,1676,10/20/2023 12:05,18.49,5875.2,"","","",""
B2,1677,10/20/2023 12:10,18.4,7014.4,"","","",""
B2,1678,10/20/2023 12:15,18.57,20490.24,"","","",""
B2,1679,10/20/2023 12:20,18.7,12866.56,"","","",""
B2,1680,10/20/2023 12:25,18.62,17484.8,"","","",""
B2,1681,10/20/2023 12:30,18.57,2832.64,"","","",""
B2,1682,10/20/2023 12:35,18.57,8678.4,"","","",""
B2,1683,10/20/2023 12:40,18.49,15032.32,"","","",""
B2,1684,10/20/2023 12:45,18.49,2647.04,"","","",""
B2,1685,10/20/2023 12:50,18.62,19998.72,"","","",""
B2,1686,10/20/2023 12:55,18.49,11832.32,"","","",""
B2,1687,10/20/2023 13:00,18.4,13573.12,"","","",""
B2,1688,10/20/2023 13:05,18.4,6850.56,"","","",""
B2,1689,10/20/2023 13:10,18.36,11832.32,"","","",""
B2,1690,10/20/2023 13:15,18.4,13757.44,"","","",""
B2,1691,10/20/2023 13:20,18.36,11187.2,"","","",""
B2,1692,10/20/2023 13:25,18.36,1046.08,"","","",""
B2,1693,10/20/2023 13:30,18.36,20992,"","","",""
B2,1694,10/20/2023 13:35,18.49,25681.92,"","","",""
B2,1695,10/20/2023 13:40,18.32,4741.12,"","","",""
B2,1696,10/20/2023 13:45,18.49,11038.72,"","","",""
B2,1697,10/20/2023 13:50,18.53,14571.52,"","","",""
B2,1698,10/20/2023 13:55,18.57,14720,"","","",""
B2,1699,10/20/2023 14:00,18.4,7669.76,"","","",""
B2,1700,10/20/2023 14:05,18.62,18611.2,"","","",""
B2,1701,10/20/2023 14:10,18.57,13608.96,"","","",""
B2,1702,10/20/2023 14:15,18.62,3632.64,"","","",""
B2,1703,10/20/2023 14:20,18.62,2853.12,"","","",""
B2,1704,10/20/2023 14:25,18.66,21719.04,"","","",""
B2,1705,10/20/2023 14:30,18.66,13429.76,"","","",""
B2,1706,10/20/2023 14:35,18.7,14489.6,"","","",""
B2,1707,10/20/2023 14:40,18.57,16517.12,"","","",""
B2,1708,10/20/2023 14:45,18.49,6062.08,"","","",""
B2,1709,10/20/2023 14:50,18.7,22999.04,"","","",""
B2,1710,10/20/2023 14:55,18.83,18647.04,"","","",""
B2,1711,10/20/2023 15:00,18.74,16527.36,"","","",""
B2,1712,10/20/2023 15:05,18.83,17203.2,"","","",""
B2,1713,10/20/2023 15:10,18.83,8967.68,"","","",""
B2,1714,10/20/2023 15:15,18.96,12180.48,"","","",""
B2,1715,10/20/2023 15:20,18.83,11694.08,"","","",""
B2,1716,10/20/2023 15:25,18.83,7206.4,"","","",""
B2,1717,10/20/2023 15:30,18.87,19870.72,"","","",""
B2,1718,10/20/2023 15:35,18.96,19619.84,"","","",""
B2,1719,10/20/2023 15:40,18.96,15201.28,"","","",""
B2,1720,10/20/2023 15:45,19,17280,"","","",""
B2,1721,10/20/2023 15:50,19,14264.32,"","","",""
B2,1722,10/20/2023 15:55,18.96,16947.2,"","","",""
B2,1723,10/20/2023 16:00,19,14136.32,"","","",""
B2,1724,10/20/2023 16:05,19.09,9530.88,"","","",""
B2,1725,10/20/2023 16:10,19.22,15129.6,"","","",""
B2,1726,10/20/2023 16:15,19.05,8770.56,"","","",""
B2,1727,10/20/2023 16:20,19.17,12267.52,"","","",""
B2,1728,10/20/2023 16:25,19.17,12067.84,"","","",""
B2,1729,10/20/2023 16:30,19.26,16138.24,"","","",""
B2,1730,10/20/2023 16:35,19.39,9748.48,"","","",""
B2,1731,10/20/2023 16:40,19.35,13952,"","","",""
B2,1732,10/20/2023 16:45,19.26,7628.8,"","","",""
B2,1733,10/20/2023 16:50,19.35,11381.76,"","","",""
B2,1734,10/20/2023 16:55,19.35,10577.92,"","","",""
B2,1735,10/20/2023 17:00,19.47,8396.8,"","","",""
B2,1736,10/20/2023 17:05,19.52,6085.12,"","","",""
B2,1737,10/20/2023 17:10,19.73,9108.48,"","","",""
B2,1738,10/20/2023 17:15,19.6,5012.48,"","","",""
B2,1739,10/20/2023 17:20,18.87,2541.44,"","","",""
B2,1740,10/20/2023 17:25,18.92,5580.8,"","","",""
B2,1741,10/20/2023 17:30,18.83,3328,"","","",""
B2,1742,10/20/2023 17:35,18.87,2888.96,"","","",""
B2,1743,10/20/2023 17:40,18.83,1685.12,"","","",""
B2,1744,10/20/2023 17:45,18.74,1502.08,"","","",""
B2,1745,10/20/2023 17:50,18.62,3155.2,"","","",""
B2,1746,10/20/2023 17:55,18.66,1267.2,"","","",""
B2,1747,10/20/2023 18:00,18.44,1017.92,"","","",""
B2,1748,10/20/2023 18:05,18.36,1381.12,"","","",""
B2,1749,10/20/2023 18:10,18.1,901.76,"","","",""
B2,1750,10/20/2023 18:15,18.1,504.16,"","","",""
B2,1751,10/20/2023 18:20,17.84,245.68,"","","",""
B2,1826,10/21/2023 0:35,16.34,0,"","","",""
B2,1827,10/21/2023 0:40,16.26,0,"","","",""
B2,1828,10/21/2023 0:45,16.39,0,"","","",""
B2,1829,10/21/2023 0:50,16.3,0,"","","",""
B2,1830,10/21/2023 0:55,16.43,0,"","","",""
B2,1831,10/21/2023 1:00,16.43,0,"","","",""
B2,1832,10/21/2023 1:05,16.39,0,"","","",""
B2,1833,10/21/2023 1:10,16.39,0,"","","",""
B2,1834,10/21/2023 1:15,16.39,0,"","","",""
B2,1835,10/21/2023 1:20,16.39,0,"","","",""
B2,1836,10/21/2023 1:25,16.26,0,"","","",""
B2,1837,10/21/2023 1:30,16.26,0,"","","",""
B2,1838,10/21/2023 1:35,16.26,0,"","","",""
B2,1839,10/21/2023 1:40,16.26,0,"","","",""
B2,1840,10/21/2023 1:45,16.26,0,"","","",""
B2,1841,10/21/2023 1:50,16.26,0,"","","",""
B2,1842,10/21/2023 1:55,16.21,0,"","","",""
B2,1843,10/21/2023 2:00,16.21,0,"","","",""
B2,1844,10/21/2023 2:05,16.21,0,"","","",""
B2,1845,10/21/2023 2:10,16.21,0,"","","",""
B2,1846,10/21/2023 2:15,16.26,0,"","","",""
B2,1847,10/21/2023 2:20,16.26,0,"","","",""
B2,1848,10/21/2023 2:25,16.26,0,"","","",""
B2,1849,10/21/2023 2:30,16.26,0,"","","",""
B2,1850,10/21/2023 2:35,16.21,0,"","","",""
B2,1851,10/21/2023 2:40,16.26,0,"","","",""
B2,1852,10/21/2023 2:45,16.26,0,"","","",""
B2,1853,10/21/2023 2:50,16.21,0,"","","",""
B2,1854,10/21/2023 2:55,16.21,0,"","","",""
B2,1855,10/21/2023 3:00,16.21,0,"","","",""
B2,1856,10/21/2023 3:05,16.26,0,"","","",""
B2,1857,10/21/2023 3:10,16.17,0,"","","",""
B2,1858,10/21/2023 3:15,16.21,0,"","","",""
B2,1859,10/21/2023 3:20,16.21,0,"","","",""
B2,1860,10/21/2023 3:25,16.17,0,"","","",""
B2,1861,10/21/2023 3:30,16.17,0,"","","",""
B2,1862,10/21/2023 3:35,16.17,0,"","","",""
B2,1863,10/21/2023 3:40,16.17,0,"","","",""
B2,1864,10/21/2023 3:45,16.13,0,"","","",""
B2,1865,10/21/2023 3:50,16.08,0,"","","",""
B2,1866,10/21/2023 3:55,16.08,0,"","","",""
B2,1867,10/21/2023 4:00,16.08,0,"","","",""
B2,1868,10/21/2023 4:05,16.08,0,"","","",""
B2,1869,10/21/2023 4:10,16.04,0,"","","",""
B2,1870,10/21/2023 4:15,16.04,0,"","","",""
B2,1871,10/21/2023 4:20,16,0,"","","",""
B2,1872,10/21/2023 4:25,15.91,0,"","","",""
B2,1873,10/21/2023 4:30,15.87,0,"","","",""
B2,1874,10/21/2023 4:35,15.87,0,"","","",""
B2,1875,10/21/2023 4:40,15.96,0,"","","",""
B2,1876,10/21/2023 4:45,15.91,0,"","","",""
B2,1877,10/21/2023 4:50,15.91,0,"","","",""
B2,1878,10/21/2023 4:55,15.87,0,"","","",""
B2,1879,10/21/2023 5:00,15.87,0,"","","",""
B2,1880,10/21/2023 5:05,15.87,0,"","","",""
B2,1881,10/21/2023 5:10,15.83,0,"","","",""
B2,1882,10/21/2023 5:15,15.83,0,"","","",""
B2,1883,10/21/2023 5:20,15.78,0,"","","",""
B2,1884,10/21/2023 5:25,15.78,0,"","","",""
B2,1885,10/21/2023 5:30,15.83,0,"","","",""
B2,1886,10/21/2023 5:35,15.87,0,"","","",""
B2,1887,10/21/2023 5:40,15.91,0,"","","",""
B2,1888,10/21/2023 5:45,15.91,0,"","","",""
B2,1889,10/21/2023 5:50,15.78,0,"","","",""
B2,1890,10/21/2023 5:55,15.78,0,"","","",""
B2,1891,10/21/2023 6:00,15.87,0,"","","",""
B2,1892,10/21/2023 6:05,15.91,0,"","","",""
B2,1893,10/21/2023 6:10,15.91,0,"","","",""
B2,1894,10/21/2023 6:15,15.83,0,"","","",""
B2,1895,10/21/2023 6:20,15.83,0,"","","",""
B2,1896,10/21/2023 6:25,15.87,0,"","","",""
B2,1897,10/21/2023 6:30,15.83,0,"","","",""
B2,1898,10/21/2023 6:35,15.74,0.22,"","","",""
B2,1899,10/21/2023 6:40,15.78,0.66,"","","",""
B2,1900,10/21/2023 6:45,15.78,10.15,"","","",""
B2,1901,10/21/2023 6:50,15.78,54.54,"","","",""
B2,1902,10/21/2023 6:55,15.78,96.52,"","","",""
B2,1903,10/21/2023 7:00,15.83,185.04,"","","",""
B2,1904,10/21/2023 7:05,15.87,248.72,"","","",""
B2,1905,10/21/2023 7:10,15.96,366.56,"","","",""
B2,1906,10/21/2023 7:15,15.96,425.76,"","","",""
B2,1907,10/21/2023 7:20,15.91,1173.76,"","","",""
B2,1908,10/21/2023 7:25,15.83,1996.8,"","","",""
B2,1909,10/21/2023 7:30,15.78,1399.68,"","","",""
B2,1910,10/21/2023 7:35,15.78,2804.48,"","","",""
B2,1911,10/21/2023 7:40,15.78,680.64,"","","",""
B2,1912,10/21/2023 7:45,15.91,3171.84,"","","",""
B2,1913,10/21/2023 7:50,15.91,4258.56,"","","",""
B2,1914,10/21/2023 7:55,16,3363.84,"","","",""
B2,1915,10/21/2023 8:00,16,2291.2,"","","",""
B2,1916,10/21/2023 8:05,16.17,5447.68,"","","",""
B2,1917,10/21/2023 8:10,16.21,3660.8,"","","",""
B2,1918,10/21/2023 8:15,16.3,9530.88,"","","",""
B2,1919,10/21/2023 8:20,16.26,1600.64,"","","",""
B2,1920,10/21/2023 8:25,16.26,10926.08,"","","",""
B2,1921,10/21/2023 8:30,16.34,11796.48,"","","",""
B2,1922,10/21/2023 8:35,16.39,3600.64,"","","",""
B2,1923,10/21/2023 8:40,16.39,7818.24,"","","",""
B2,1924,10/21/2023 8:45,16.43,9712.64,"","","",""
B2,1925,10/21/2023 8:50,16.6,185.68,"","","",""
B2,1926,10/21/2023 8:55,16.64,12595.2,"","","",""
B2,1927,10/21/2023 9:00,16.6,19143.68,"","","",""
B2,1928,10/21/2023 9:05,16.77,19041.28,"","","",""
B2,1929,10/21/2023 9:10,16.73,7523.84,"","","",""
B2,1930,10/21/2023 9:15,16.73,12595.2,"","","",""
B2,1931,10/21/2023 9:20,16.86,4061.44,"","","",""
B2,1932,10/21/2023 9:25,16.94,11873.28,"","","",""
B2,1933,10/21/2023 9:30,16.94,13660.16,"","","",""
B2,1934,10/21/2023 9:35,17.11,13644.8,"","","",""
B2,1935,10/21/2023 9:40,17.11,15057.92,"","","",""
B2,1936,10/21/2023 9:45,17.16,10037.76,"","","",""
B2,1937,10/21/2023 9:50,17.29,31498.24,"","","",""
B2,1938,10/21/2023 9:55,17.33,15953.92,"","","",""
B2,1939,10/21/2023 10:00,17.33,12938.24,"","","",""
B2,1940,10/21/2023 10:05,17.41,22179.84,"","","",""
B2,1941,10/21/2023 10:10,17.46,9192.96,"","","",""
B2,1942,10/21/2023 10:15,17.59,7772.16,"","","",""
B2,1943,10/21/2023 10:20,17.76,22476.8,"","","",""
B2,1944,10/21/2023 10:25,17.67,14740.48,"","","",""
B2,1945,10/21/2023 10:30,17.89,33402.88,"","","",""
B2,1946,10/21/2023 10:35,17.76,13511.68,"","","",""
B2,1947,10/21/2023 10:40,17.89,47943.68,"","","",""
B2,1948,10/21/2023 10:45,17.97,23050.24,"","","",""
B2,1949,10/21/2023 10:50,17.93,30361.6,"","","",""
B2,1950,10/21/2023 10:55,17.97,21114.88,"","","",""
B2,1951,10/21/2023 11:00,17.97,30136.32,"","","",""
B2,1952,10/21/2023 11:05,17.97,23500.8,"","","",""
B2,1953,10/21/2023 11:10,18.19,22671.36,"","","",""
B2,1954,10/21/2023 11:15,18.14,16517.12,"","","",""
B2,1955,10/21/2023 11:20,18.1,9482.24,"","","",""
B2,1956,10/21/2023 11:25,18.4,18222.08,"","","",""
B2,1957,10/21/2023 11:30,18.23,28262.4,"","","",""
B2,1958,10/21/2023 11:35,18.1,29399.04,"","","",""
B2,1959,10/21/2023 11:40,18.19,21985.28,"","","",""
B2,1960,10/21/2023 11:45,18.4,25190.4,"","","",""
B2,1961,10/21/2023 11:50,18.23,13516.8,"","","",""
B2,1962,10/21/2023 11:55,18.19,20474.88,"","","",""
B2,1963,10/21/2023 12:00,18.23,6999.04,"","","",""
B2,1964,10/21/2023 12:05,18.36,36628.48,"","","",""
B2,1965,10/21/2023 12:10,18.36,31416.32,"","","",""
B2,1966,10/21/2023 12:15,18.44,17623.04,"","","",""
B2,1967,10/21/2023 12:20,18.44,36188.16,"","","",""
B2,1968,10/21/2023 12:25,18.44,18119.68,"","","",""
B2,1969,10/21/2023 12:30,18.66,23265.28,"","","",""
B2,1970,10/21/2023 12:35,18.4,8855.04,"","","",""
B2,1971,10/21/2023 12:40,18.53,30822.4,"","","",""
B2,1972,10/21/2023 12:45,18.66,40499.2,"","","",""
B2,1973,10/21/2023 12:50,18.44,4416,"","","",""
B2,1974,10/21/2023 12:55,18.53,13931.52,"","","",""
B2,1975,10/21/2023 13:00,18.4,18467.84,"","","",""
B2,1976,10/21/2023 13:05,18.4,1382.4,"","","",""
B2,1977,10/21/2023 13:10,18.7,31313.92,"","","",""
B2,1978,10/21/2023 13:15,18.4,17203.2,"","","",""
B2,1979,10/21/2023 13:20,18.36,12600.32,"","","",""
B2,1980,10/21/2023 13:25,18.4,14310.4,"","","",""
B2,1981,10/21/2023 13:30,18.4,12318.72,"","","",""
B2,1982,10/21/2023 13:35,18.53,14341.12,"","","",""
B2,1983,10/21/2023 13:40,18.57,3261.44,"","","",""
B2,1984,10/21/2023 13:45,18.62,17658.88,"","","",""
B2,1985,10/21/2023 13:50,18.57,11729.92,"","","",""
B2,1986,10/21/2023 13:55,18.49,20858.88,"","","",""
B2,1987,10/21/2023 14:00,18.49,11816.96,"","","",""
B2,1988,10/21/2023 14:05,18.49,17935.36,"","","",""
B2,1989,10/21/2023 14:10,18.62,14054.4,"","","",""
B2,1990,10/21/2023 14:15,18.53,13854.72,"","","",""
B2,1991,10/21/2023 14:20,18.4,13568,"","","",""
B2,1992,10/21/2023 14:25,18.44,16286.72,"","","",""
B2,1993,10/21/2023 14:30,18.7,24401.92,"","","",""
B2,1994,10/21/2023 14:35,18.53,13649.92,"","","",""
B2,1995,10/21/2023 14:40,18.44,10516.48,"","","",""
B2,1996,10/21/2023 14:45,18.53,11115.52,"","","",""
B2,1997,10/21/2023 14:50,18.62,14284.8,"","","",""
B2,1998,10/21/2023 14:55,18.53,14730.24,"","","",""
B2,1999,10/21/2023 15:00,18.4,7339.52,"","","",""
B2,2000,10/21/2023 15:05,18.49,16783.36,"","","",""
B2,2001,10/21/2023 15:10,18.53,13276.16,"","","",""
B2,2002,10/21/2023 15:15,18.62,20162.56,"","","",""
B2,2003,10/21/2023 15:20,18.53,17244.16,"","","",""
B2,2004,10/21/2023 15:25,18.53,17971.2,"","","",""
B2,2005,10/21/2023 15:30,18.53,20884.48,"","","",""
B2,2006,10/21/2023 15:35,18.57,3659.52,"","","",""
B2,2007,10/21/2023 15:40,18.62,7938.56,"","","",""
B2,2008,10/21/2023 15:45,18.57,9326.08,"","","",""
B2,2009,10/21/2023 15:50,18.53,14392.32,"","","",""
B2,2010,10/21/2023 15:55,18.53,10255.36,"","","",""
B2,2011,10/21/2023 16:00,18.44,8015.36,"","","",""
B2,2012,10/21/2023 16:05,18.53,15805.44,"","","",""
B2,2013,10/21/2023 16:10,18.57,6804.48,"","","",""
B2,2014,10/21/2023 16:15,18.49,8389.12,"","","",""
B2,2015,10/21/2023 16:20,18.44,4970.24,"","","",""
B2,2016,10/21/2023 16:25,18.4,8143.36,"","","",""
B2,2017,10/21/2023 16:30,18.44,11586.56,"","","",""
B2,2018,10/21/2023 16:35,18.4,287.52,"","","",""
B2,2019,10/21/2023 16:40,18.4,8691.2,"","","",""
B2,2020,10/21/2023 16:45,18.44,5749.76,"","","",""
B2,2021,10/21/2023 16:50,18.32,1937.28,"","","",""
B2,2022,10/21/2023 16:55,18.4,6778.88,"","","",""
B2,2023,10/21/2023 17:00,18.27,5795.84,"","","",""
B2,2024,10/21/2023 17:05,18.23,2720,"","","",""
B2,2025,10/21/2023 17:10,18.23,5603.84,"","","",""
B2,2026,10/21/2023 17:15,18.19,695.68,"","","",""
B2,2027,10/21/2023 17:20,18.1,2681.6,"","","",""
B2,2028,10/21/2023 17:25,18.06,1292.48,"","","",""
B2,2029,10/21/2023 17:30,18.02,1850.88,"","","",""
B2,2030,10/21/2023 17:35,18.06,1769.6,"","","",""
B2,2031,10/21/2023 17:40,17.93,1340.8,"","","",""
B2,2032,10/21/2023 17:45,17.97,1154.24,"","","",""
B2,2033,10/21/2023 17:50,17.93,1007.36,"","","",""
B2,2034,10/21/2023 17:55,17.93,475.04,"","","",""
B2,2035,10/21/2023 18:00,17.84,1017.92,"","","",""
B2,2036,10/21/2023 18:05,17.89,1081.28,"","","",""
B2,2037,10/21/2023 18:10,17.84,808.64,"","","",""
B2,2038,10/21/2023 18:15,17.84,183.36,"","","",""
B2,2039,10/21/2023 18:20,17.84,93.88,"","","",""
B2,2040,10/21/2023 18:25,17.84,38.96,"","","",""
B2,2041,10/21/2023 18:30,17.8,7.04,"","","",""
B2,2042,10/21/2023 18:35,17.8,7.92,"","","",""
B2,2043,10/21/2023 18:40,17.76,0,"","","",""
B2,2044,10/21/2023 18:45,17.72,0,"","","",""
B2,2045,10/21/2023 18:50,17.8,0,"","","",""
B2,2046,10/21/2023 18:55,17.76,0,"","","",""
B2,2047,10/21/2023 19:00,17.67,0,"","","",""
B2,2048,10/21/2023 19:05,17.76,0,"","","",""
B2,2049,10/21/2023 19:10,17.67,0,"","","",""
B2,2050,10/21/2023 19:15,17.72,0,"","","",""
B2,2051,10/21/2023 19:20,17.63,0,"","","",""
B2,2052,10/21/2023 19:25,17.59,0,"","","",""
B2,2053,10/21/2023 19:30,17.54,0,"","","",""
B2,2054,10/21/2023 19:35,17.46,0,"","","",""
B2,2055,10/21/2023 19:40,17.29,0,"","","",""
B2,2056,10/21/2023 19:45,17.29,0,"","","",""
B2,2127,10/22/2023 1:40,16,0,"","","",""
B2,2128,10/22/2023 1:45,16.17,0,"","","",""
B2,2129,10/22/2023 1:50,16.39,0,"","","",""
B2,2130,10/22/2023 1:55,16.47,0,"","","",""
B2,2131,10/22/2023 2:00,16.6,0,"","","",""
B2,2132,10/22/2023 2:05,16.64,0,"","","",""
B2,2133,10/22/2023 2:10,16.64,0,"","","",""
B2,2134,10/22/2023 2:15,16.73,0,"","","",""
B2,2135,10/22/2023 2:20,16.81,0,"","","",""
B2,2136,10/22/2023 2:25,16.77,0,"","","",""
B2,2137,10/22/2023 2:30,16.81,0,"","","",""
B2,2138,10/22/2023 2:35,16.86,0,"","","",""
B2,2139,10/22/2023 2:40,16.86,0,"","","",""
B2,2140,10/22/2023 2:45,16.86,0,"","","",""
B2,2141,10/22/2023 2:50,16.9,0,"","","",""
B2,2142,10/22/2023 2:55,16.86,0,"","","",""
B2,2143,10/22/2023 3:00,16.86,0,"","","",""
B2,2144,10/22/2023 3:05,16.81,0,"","","",""
B2,2145,10/22/2023 3:10,16.81,0,"","","",""
B2,2146,10/22/2023 3:15,16.9,0,"","","",""
B2,2147,10/22/2023 3:20,16.86,0,"","","",""
B2,2148,10/22/2023 3:25,16.86,0,"","","",""
B2,2149,10/22/2023 3:30,16.86,0,"","","",""
B2,2150,10/22/2023 3:35,16.86,0,"","","",""
B2,2151,10/22/2023 3:40,16.86,0,"","","",""
B2,2152,10/22/2023 3:45,16.86,0,"","","",""
B2,2153,10/22/2023 3:50,16.86,0,"","","",""
B2,2154,10/22/2023 3:55,16.81,0,"","","",""
B2,2155,10/22/2023 4:00,16.86,0,"","","",""
B2,2156,10/22/2023 4:05,16.86,0,"","","",""
B2,2157,10/22/2023 4:10,16.81,0,"","","",""
B2,2158,10/22/2023 4:15,16.81,0,"","","",""
B2,2159,10/22/2023 4:20,16.81,0,"","","",""
B2,2160,10/22/2023 4:25,16.81,0,"","","",""
B2,2161,10/22/2023 4:30,16.81,0,"","","",""
B2,2162,10/22/2023 4:35,16.77,0,"","","",""
B2,2163,10/22/2023 4:40,16.81,0,"","","",""
B2,2164,10/22/2023 4:45,16.81,0,"","","",""
B2,2165,10/22/2023 4:50,16.77,0,"","","",""
B2,2166,10/22/2023 4:55,16.81,0,"","","",""
B2,2167,10/22/2023 5:00,16.77,0,"","","",""
B2,2168,10/22/2023 5:05,16.77,0,"","","",""
B2,2169,10/22/2023 5:10,16.77,0,"","","",""
B2,2170,10/22/2023 5:15,16.81,0,"","","",""
B2,2171,10/22/2023 5:20,16.81,0,"","","",""
B2,2172,10/22/2023 5:25,16.77,0,"","","",""
B2,2173,10/22/2023 5:30,16.77,0,"","","",""
B2,2174,10/22/2023 5:35,16.77,0,"","","",""
B2,2175,10/22/2023 5:40,16.77,0,"","","",""
B2,2176,10/22/2023 5:45,16.73,0,"","","",""
B2,2177,10/22/2023 5:50,16.73,0,"","","",""
B2,2178,10/22/2023 5:55,16.77,0,"","","",""
B2,2179,10/22/2023 6:00,16.73,0,"","","",""
B2,2180,10/22/2023 6:05,16.73,0,"","","",""
B2,2181,10/22/2023 6:10,16.73,0,"","","",""
B2,2182,10/22/2023 6:15,16.69,0,"","","",""
B2,2183,10/22/2023 6:20,16.73,0,"","","",""
B2,2184,10/22/2023 6:25,16.73,0,"","","",""
B2,2185,10/22/2023 6:30,16.69,0,"","","",""
B2,2186,10/22/2023 6:35,16.73,0,"","","",""
B2,2187,10/22/2023 6:40,16.73,0,"","","",""
B2,2188,10/22/2023 6:45,16.69,2.64,"","","",""
B2,2189,10/22/2023 6:50,16.69,23.19,"","","",""
B2,2190,10/22/2023 6:55,16.73,46.44,"","","",""
B2,2191,10/22/2023 7:00,16.69,152.2,"","","",""
B2,2192,10/22/2023 7:05,16.69,498.72,"","","",""
B2,2193,10/22/2023 7:10,16.69,319.44,"","","",""
B2,2194,10/22/2023 7:15,16.69,875.2,"","","",""
B2,2195,10/22/2023 7:20,16.73,264.56,"","","",""
B2,2196,10/22/2023 7:25,16.73,73.9,"","","",""
B2,2197,10/22/2023 7:30,16.73,1476.48,"","","",""
B2,2198,10/22/2023 7:35,16.73,1577.6,"","","",""
B2,2199,10/22/2023 7:40,16.77,3764.48,"","","",""
B2,2200,10/22/2023 7:45,16.81,4814.08,"","","",""
B2,2201,10/22/2023 7:50,16.86,2933.76,"","","",""
B2,2202,10/22/2023 7:55,16.86,4049.92,"","","",""
B2,2203,10/22/2023 8:00,16.81,4240.64,"","","",""
B2,2204,10/22/2023 8:05,16.99,3870.72,"","","",""
B2,2205,10/22/2023 8:10,17.07,9981.44,"","","",""
B2,2206,10/22/2023 8:15,16.99,5550.08,"","","",""
B2,2207,10/22/2023 8:20,17.11,8235.52,"","","",""
B2,2208,10/22/2023 8:25,17.2,7649.28,"","","",""
B2,2209,10/22/2023 8:30,17.33,12113.92,"","","",""
B2,2210,10/22/2023 8:35,17.33,9776.64,"","","",""
B2,2211,10/22/2023 8:40,17.54,16332.8,"","","",""
B2,2212,10/22/2023 8:45,17.63,11811.84,"","","",""
B2,2213,10/22/2023 8:50,17.67,16952.32,"","","",""
B2,2214,10/22/2023 8:55,17.76,41605.12,"","","",""
B2,2215,10/22/2023 9:00,17.8,14172.16,"","","",""
B2,2216,10/22/2023 9:05,17.84,13501.44,"","","",""
B2,2217,10/22/2023 9:10,17.97,36556.8,"","","",""
B2,2218,10/22/2023 9:15,17.93,19230.72,"","","",""
B2,2219,10/22/2023 9:20,18.1,21852.16,"","","",""
B2,2220,10/22/2023 9:25,18.19,43253.76,"","","",""
B2,2221,10/22/2023 9:30,18.44,34191.36,"","","",""
B2,2222,10/22/2023 9:35,18.57,11571.2,"","","",""
B2,2223,10/22/2023 9:40,18.87,51855.36,"","","",""
B2,2224,10/22/2023 9:45,18.74,3806.72,"","","",""
B2,2225,10/22/2023 9:50,18.36,4980.48,"","","",""
B2,2226,10/22/2023 9:55,18.49,21053.44,"","","",""
B2,2227,10/22/2023 10:00,18.49,41082.88,"","","",""
B2,2228,10/22/2023 10:05,18.66,40714.24,"","","",""
B2,2229,10/22/2023 10:10,18.74,27924.48,"","","",""
B2,2230,10/22/2023 10:15,18.92,35655.68,"","","",""
B2,2231,10/22/2023 10:20,19,32573.44,"","","",""
B2,2232,10/22/2023 10:25,19.13,38277.12,"","","",""
B2,2233,10/22/2023 10:30,19.6,29204.48,"","","",""
B2,2234,10/22/2023 10:35,19.52,21217.28,"","","",""
B2,2235,10/22/2023 10:40,19.13,45649.92,"","","",""
B2,2236,10/22/2023 10:45,19.69,66191.36,"","","",""
B2,2237,10/22/2023 10:50,19.47,43827.2,"","","",""
B2,2238,10/22/2023 10:55,19.77,45096.96,"","","",""
B2,2239,10/22/2023 11:00,19.82,63528.96,"","","",""
B2,2240,10/22/2023 11:05,19.47,42311.68,"","","",""
B2,2241,10/22/2023 11:10,20.12,7032.32,"","","",""
B2,2242,10/22/2023 11:15,19.82,14965.76,"","","",""
B2,2243,10/22/2023 11:20,19.73,3521.28,"","","",""
B2,2244,10/22/2023 11:25,19.6,16122.88,"","","",""
B2,2245,10/22/2023 11:30,19.39,33904.64,"","","",""
B2,2246,10/22/2023 11:35,19.99,64430.08,"","","",""
B2,2247,10/22/2023 11:40,19.95,44462.08,"","","",""
B2,2248,10/22/2023 11:45,20.07,31539.2,"","","",""
B2,2249,10/22/2023 11:50,19.82,48701.44,"","","",""
B2,2250,10/22/2023 11:55,19.6,9064.96,"","","",""
B2,2251,10/22/2023 12:00,19.82,6458.88,"","","",""
B2,2252,10/22/2023 12:05,19.82,4437.76,"","","",""
B2,2253,10/22/2023 12:10,19.6,25354.24,"","","",""
B2,2254,10/22/2023 12:15,19.82,15779.84,"","","",""
B2,2255,10/22/2023 12:20,19.82,41021.44,"","","",""
B2,2256,10/22/2023 12:25,19.52,24514.56,"","","",""
B2,2257,10/22/2023 12:30,19.77,32030.72,"","","",""
B2,2258,10/22/2023 12:35,19.6,31416.32,"","","",""
B2,2259,10/22/2023 12:40,19.82,848.32,"","","",""
B2,2260,10/22/2023 12:45,19.6,8314.88,"","","",""
B2,2261,10/22/2023 12:50,19.52,10951.68,"","","",""
B2,2262,10/22/2023 12:55,19.56,41564.16,"","","",""
B2,2263,10/22/2023 13:00,19.56,50933.76,"","","",""
B2,2264,10/22/2023 13:05,19.65,28323.84,"","","",""
B2,2265,10/22/2023 13:10,19.6,6225.92,"","","",""
B2,2266,10/22/2023 13:15,19.65,39239.68,"","","",""
B2,2267,10/22/2023 13:20,19.6,18908.16,"","","",""
B2,2268,10/22/2023 13:25,19.39,21176.32,"","","",""
B2,2269,10/22/2023 13:30,19.56,18841.6,"","","",""
B2,2270,10/22/2023 13:35,19.56,10242.56,"","","",""
B2,2271,10/22/2023 13:40,19.6,13137.92,"","","",""
B2,2272,10/22/2023 13:45,19.69,22661.12,"","","",""
B2,2273,10/22/2023 13:50,19.43,13783.04,"","","",""
B2,2274,10/22/2023 13:55,19.43,29696,"","","",""
B2,2275,10/22/2023 14:00,19.26,18944,"","","",""
B2,2276,10/22/2023 14:05,19.52,41011.2,"","","",""
B2,2277,10/22/2023 14:10,19.3,8381.44,"","","",""
B2,2278,10/22/2023 14:15,18.96,18334.72,"","","",""
B2,2279,10/22/2023 14:20,18.83,20285.44,"","","",""
B2,2280,10/22/2023 14:25,18.62,4789.76,"","","",""
B2,2281,10/22/2023 14:30,18.79,5537.28,"","","",""
B2,2282,10/22/2023 14:35,18.92,25057.28,"","","",""
B2,2283,10/22/2023 14:40,18.92,23705.6,"","","",""
B2,2284,10/22/2023 14:45,19.05,19891.2,"","","",""
B2,2285,10/22/2023 14:50,18.57,12380.16,"","","",""
B2,2286,10/22/2023 14:55,18.53,9912.32,"","","",""
B2,2287,10/22/2023 15:00,18.66,13967.36,"","","",""
B2,2288,10/22/2023 15:05,18.96,23500.8,"","","",""
B2,2289,10/22/2023 15:10,18.96,16209.92,"","","",""
B2,2290,10/22/2023 15:15,19.09,5568,"","","",""
B2,2291,10/22/2023 15:20,19.26,18119.68,"","","",""
B2,2292,10/22/2023 15:25,19.26,38942.72,"","","",""
B2,2293,10/22/2023 15:30,19.05,14720,"","","",""
B2,2294,10/22/2023 15:35,18.92,18600.96,"","","",""
B2,2295,10/22/2023 15:40,18.83,5998.08,"","","",""
B2,2296,10/22/2023 15:45,18.79,13798.4,"","","",""
B2,2297,10/22/2023 15:50,19.22,24524.8,"","","",""
B2,2298,10/22/2023 15:55,19.26,23224.32,"","","",""
B2,2299,10/22/2023 16:00,18.83,16532.48,"","","",""
B2,2300,10/22/2023 16:05,18.92,11304.96,"","","",""
B2,2301,10/22/2023 16:10,18.83,6766.08,"","","",""
B2,2302,10/22/2023 16:15,19.22,16778.24,"","","",""
B2,2303,10/22/2023 16:20,18.96,7557.12,"","","",""
B2,2304,10/22/2023 16:25,18.87,12651.52,"","","",""
B2,2305,10/22/2023 16:30,18.83,3244.8,"","","",""
B2,2306,10/22/2023 16:35,18.87,14233.6,"","","",""
B2,2307,10/22/2023 16:40,18.92,12334.08,"","","",""
B2,2308,10/22/2023 16:45,18.87,3083.52,"","","",""
B2,2309,10/22/2023 16:50,18.79,1390.08,"","","",""
B2,2310,10/22/2023 16:55,18.66,5688.32,"","","",""
B2,2311,10/22/2023 17:00,18.66,2106.24,"","","",""
B2,2312,10/22/2023 17:05,18.74,2238.08,"","","",""
B2,2313,10/22/2023 17:10,18.74,931.52,"","","",""
B2,2314,10/22/2023 17:15,18.92,1658.88,"","","",""
B2,2315,10/22/2023 17:20,18.83,1461.76,"","","",""
B2,2316,10/22/2023 17:25,18.79,614.08,"","","",""
B2,2317,10/22/2023 17:30,18.7,1257.28,"","","",""
B2,2318,10/22/2023 17:35,18.79,2321.28,"","","",""
B2,2319,10/22/2023 17:40,18.92,1570.56,"","","",""
B2,2320,10/22/2023 17:45,18.96,1080.32,"","","",""
B2,2321,10/22/2023 17:50,19,1089.28,"","","",""
B2,2322,10/22/2023 17:55,18.83,634.88,"","","",""
B2,2323,10/22/2023 18:00,18.96,304.64,"","","",""
B2,2324,10/22/2023 18:05,18.92,358.56,"","","",""
B2,2325,10/22/2023 18:10,18.92,161.04,"","","",""
B2,2326,10/22/2023 18:15,19.05,75.22,"","","",""
B2,2327,10/22/2023 18:20,19.05,52.22,"","","",""
B2,2328,10/22/2023 18:25,19,20.11,"","","",""
B2,2329,10/22/2023 18:30,19.05,5.94,"","","",""
B2,2330,10/22/2023 18:35,19.05,1.54,"","","",""
B2,2331,10/22/2023 18:40,18.92,0,"","","",""
B2,2332,10/22/2023 18:45,18.96,0,"","","",""
B2,2333,10/22/2023 18:50,18.96,0,"","","",""
B2,2334,10/22/2023 18:55,19.05,0,"","","",""
B2,2335,10/22/2023 19:00,19.05,0,"","","",""
B2,2336,10/22/2023 19:05,19.09,0,"","","",""
B2,2337,10/22/2023 19:10,19.09,0,"","","",""
B2,2338,10/22/2023 19:15,19.05,0,"","","",""
B2,2339,10/22/2023 19:20,19,0,"","","",""
B2,2340,10/22/2023 19:25,19.05,0,"","","",""
B2,2341,10/22/2023 19:30,19.09,0,"","","",""
B2,2342,10/22/2023 19:35,19.05,0,"","","",""
B2,2343,10/22/2023 19:40,19,0,"","","",""
B2,2344,10/22/2023 19:45,19.05,0,"","","",""
B2,2345,10/22/2023 19:50,19,0,"","","",""
B2,2346,10/22/2023 19:55,19,0,"","","",""
B2,2347,10/22/2023 20:00,19.05,0,"","","",""
B2,2348,10/22/2023 20:05,19,0,"","","",""
B2,2349,10/22/2023 20:10,19,0,"","","",""
B2,2350,10/22/2023 20:15,19.05,0,"","","",""
B2,2351,10/22/2023 20:20,18.96,0,"","","",""
B2,2352,10/22/2023 20:25,18.96,0,"","","",""
B2,2353,10/22/2023 20:30,19,0,"","","",""
B2,2354,10/22/2023 20:35,18.96,0,"","","",""
B2,2355,10/22/2023 20:40,18.92,0,"","","",""
B2,2356,10/22/2023 20:45,18.83,0,"","","",""
B2,2357,10/22/2023 20:50,18.79,0,"","","",""
B2,2426,10/23/2023 2:35,17.16,0,"","","",""
B2,2427,10/23/2023 2:40,17.41,0,"","","",""
B2,2428,10/23/2023 2:45,17.5,0,"","","",""
B2,2429,10/23/2023 2:50,17.5,0,"","","",""
B2,2430,10/23/2023 2:55,17.54,0,"","","",""
B2,2431,10/23/2023 3:00,17.63,0,"","","",""
B2,2432,10/23/2023 3:05,17.63,0,"","","",""
B2,2433,10/23/2023 3:10,17.67,0,"","","",""
B2,2434,10/23/2023 3:15,17.63,0,"","","",""
B2,2435,10/23/2023 3:20,17.63,0,"","","",""
B2,2436,10/23/2023 3:25,17.63,0,"","","",""
B2,2437,10/23/2023 3:30,17.63,0,"","","",""
B2,2438,10/23/2023 3:35,17.63,0,"","","",""
B2,2439,10/23/2023 3:40,17.63,0,"","","",""
B2,2440,10/23/2023 3:45,17.63,0,"","","",""
B2,2441,10/23/2023 3:50,17.63,0,"","","",""
B2,2442,10/23/2023 3:55,17.63,0,"","","",""
B2,2443,10/23/2023 4:00,17.63,0,"","","",""
B2,2444,10/23/2023 4:05,17.63,0,"","","",""
B2,2445,10/23/2023 4:10,17.63,0,"","","",""
B2,2446,10/23/2023 4:15,17.63,0,"","","",""
B2,2447,10/23/2023 4:20,17.63,0,"","","",""
B2,2448,10/23/2023 4:25,17.67,0,"","","",""
B2,2449,10/23/2023 4:30,17.63,0,"","","",""
B2,2450,10/23/2023 4:35,17.63,0,"","","",""
B2,2451,10/23/2023 4:40,17.59,0,"","","",""
B2,2452,10/23/2023 4:45,17.59,0,"","","",""
B2,2453,10/23/2023 4:50,17.59,0,"","","",""
B2,2454,10/23/2023 4:55,17.54,0,"","","",""
B2,2455,10/23/2023 5:00,17.54,0,"","","",""
B2,2456,10/23/2023 5:05,17.5,0,"","","",""
B2,2457,10/23/2023 5:10,17.46,0,"","","",""
B2,2458,10/23/2023 5:15,17.46,0,"","","",""
B2,2459,10/23/2023 5:20,17.41,0,"","","",""
B2,2460,10/23/2023 5:25,17.37,0,"","","",""
B2,2461,10/23/2023 5:30,17.41,0,"","","",""
B2,2462,10/23/2023 5:35,17.37,0,"","","",""
B2,2463,10/23/2023 5:40,17.37,0,"","","",""
B2,2464,10/23/2023 5:45,17.33,0,"","","",""
B2,2465,10/23/2023 5:50,17.33,0,"","","",""
B2,2466,10/23/2023 5:55,17.29,0,"","","",""
B2,2467,10/23/2023 6:00,17.29,0,"","","",""
B2,2468,10/23/2023 6:05,17.24,0,"","","",""
B2,2469,10/23/2023 6:10,17.2,0,"","","",""
B2,2470,10/23/2023 6:15,17.2,0,"","","",""
B2,2471,10/23/2023 6:20,17.2,0,"","","",""
B2,2472,10/23/2023 6:25,17.16,0,"","","",""
B2,2473,10/23/2023 6:30,17.16,0,"","","",""
B2,2474,10/23/2023 6:35,17.11,0,"","","",""
B2,2475,10/23/2023 6:40,17.11,0,"","","",""
B2,2476,10/23/2023 6:45,17.03,0.44,"","","",""
B2,2477,10/23/2023 6:50,17.07,1.32,"","","",""
B2,2478,10/23/2023 6:55,16.99,3.74,"","","",""
B2,2479,10/23/2023 7:00,16.99,0,"","","",""
B2,2480,10/23/2023 7:05,16.99,81.44,"","","",""
B2,2481,10/23/2023 7:10,16.99,90.24,"","","",""
B2,2482,10/23/2023 7:15,16.99,255.76,"","","",""
B2,2483,10/23/2023 7:20,16.99,79.58,"","","",""
B2,2484,10/23/2023 7:25,16.94,89.36,"","","",""
B2,2485,10/23/2023 7:30,16.99,418.72,"","","",""
B2,2486,10/23/2023 7:35,16.94,61.52,"","","",""
B2,2487,10/23/2023 7:40,16.94,1077.76,"","","",""
B2,2488,10/23/2023 7:45,16.9,579.84,"","","",""
B2,2489,10/23/2023 7:50,16.9,198.32,"","","",""
B2,2490,10/23/2023 7:55,16.94,1047.04,"","","",""
B2,2491,10/23/2023 8:00,16.9,1288.96,"","","",""
B2,2492,10/23/2023 8:05,16.94,894.4,"","","",""
B2,2493,10/23/2023 8:10,16.99,2803.2,"","","",""
B2,2494,10/23/2023 8:15,16.99,1331.2,"","","",""
B2,2495,10/23/2023 8:20,16.94,1422.08,"","","",""
B2,2496,10/23/2023 8:25,16.9,600.96,"","","",""
B2,2497,10/23/2023 8:30,16.9,1792,"","","",""
B2,2498,10/23/2023 8:35,16.9,1334.4,"","","",""
B2,2499,10/23/2023 8:40,16.94,2349.44,"","","",""
B2,2500,10/23/2023 8:45,16.99,5596.16,"","","",""
B2,2501,10/23/2023 8:50,17.03,4377.6,"","","",""
B2,2502,10/23/2023 8:55,16.99,1017.92,"","","",""
B2,2503,10/23/2023 9:00,17.07,1842.56,"","","",""
B2,2504,10/23/2023 9:05,17.16,5877.76,"","","",""
B2,2505,10/23/2023 9:10,17.24,7403.52,"","","",""
B2,2506,10/23/2023 9:15,17.2,18933.76,"","","",""
B2,2507,10/23/2023 9:20,17.5,13455.36,"","","",""
B2,2508,10/23/2023 9:25,18.23,29214.72,"","","",""
B2,2509,10/23/2023 9:30,18.19,7303.68,"","","",""
B2,2510,10/23/2023 9:35,18.19,22487.04,"","","",""
B2,2511,10/23/2023 9:40,18.27,6694.4,"","","",""
B2,2512,10/23/2023 9:45,18.36,28200.96,"","","",""
B2,2513,10/23/2023 9:50,18.06,3000.32,"","","",""
B2,2514,10/23/2023 9:55,18.14,5332.48,"","","",""
B2,2515,10/23/2023 10:00,18.32,27648,"","","",""
B2,2516,10/23/2023 10:05,19.05,8043.52,"","","",""
B2,2517,10/23/2023 10:10,19.43,27934.72,"","","",""
B2,2518,10/23/2023 10:15,20.16,55848.96,"","","",""
B2,2519,10/23/2023 10:20,18.66,15334.4,"","","",""
B2,2520,10/23/2023 10:25,18.57,18129.92,"","","",""
B2,2521,10/23/2023 10:30,18.53,22067.2,"","","",""
B2,2522,10/23/2023 10:35,18.92,24647.68,"","","",""
B2,2523,10/23/2023 10:40,19.22,32215.04,"","","",""
B2,2524,10/23/2023 10:45,20.25,62074.88,"","","",""
B2,2525,10/23/2023 10:50,20.37,54886.4,"","","",""
B2,2526,10/23/2023 10:55,19.3,44298.24,"","","",""
B2,2527,10/23/2023 11:00,20.76,98549.76,"","","",""
B2,2528,10/23/2023 11:05,22.18,42045.44,"","","",""
B2,2529,10/23/2023 11:10,21.28,21340.16,"","","",""
B2,2530,10/23/2023 11:15,21.83,63221.76,"","","",""
B2,2531,10/23/2023 11:20,21.36,42168.32,"","","",""
B2,2532,10/23/2023 11:25,21.96,56483.84,"","","",""
B2,2533,10/23/2023 11:30,21.88,36034.56,"","","",""
B2,2534,10/23/2023 11:35,21.62,63877.12,"","","",""
B2,2535,10/23/2023 11:40,22.22,56627.2,"","","",""
B2,2536,10/23/2023 11:45,21.92,36812.8,"","","",""
B2,2537,10/23/2023 11:50,21.53,64184.32,"","","",""
B2,2538,10/23/2023 11:55,21.83,32389.12,"","","",""
B2,2539,10/23/2023 12:00,22.22,27238.4,"","","",""
B2,2540,10/23/2023 12:05,22.78,100065.28,"","","",""
B2,2541,10/23/2023 12:10,22.69,104366.08,"","","",""
B2,2542,10/23/2023 12:15,22.26,68136.96,"","","",""
B2,2543,10/23/2023 12:20,22.73,97075.2,"","","",""
B2,2544,10/23/2023 12:25,22.13,37447.68,"","","",""
B2,2545,10/23/2023 12:30,22.48,90767.36,"","","",""
B2,2546,10/23/2023 12:35,21.83,72110.08,"","","",""
B2,2547,10/23/2023 12:40,22.95,48578.56,"","","",""
B2,2548,10/23/2023 12:45,22.18,40826.88,"","","",""
B2,2549,10/23/2023 12:50,22.01,47001.6,"","","",""
B2,2550,10/23/2023 12:55,22.13,100392.96,"","","",""
B2,2551,10/23/2023 13:00,21.53,53985.28,"","","",""
B2,2552,10/23/2023 13:05,21.62,55132.16,"","","",""
B2,2553,10/23/2023 13:10,21.36,45772.8,"","","",""
B2,2554,10/23/2023 13:15,21.15,64430.08,"","","",""
B2,2555,10/23/2023 13:20,21.15,76984.32,"","","",""
B2,2556,10/23/2023 13:25,20.89,52654.08,"","","",""
B2,2557,10/23/2023 13:30,21.06,38471.68,"","","",""
B2,2558,10/23/2023 13:35,21.06,63037.44,"","","",""
B2,2559,10/23/2023 13:40,20.72,49356.8,"","","",""
B2,2560,10/23/2023 13:45,20.59,57794.56,"","","",""
B2,2561,10/23/2023 13:50,20.2,38205.44,"","","",""
B2,2562,10/23/2023 13:55,20.33,37857.28,"","","",""
B2,2563,10/23/2023 14:00,20.29,26777.6,"","","",""
B2,2564,10/23/2023 14:05,20.16,38625.28,"","","",""
B2,2565,10/23/2023 14:10,19.99,19793.92,"","","",""
B2,2566,10/23/2023 14:15,19.65,32358.4,"","","",""
B2,2567,10/23/2023 14:20,19.82,46428.16,"","","",""
B2,2568,10/23/2023 14:25,19.69,27453.44,"","","",""
B2,2569,10/23/2023 14:30,19.69,39372.8,"","","",""
B2,2570,10/23/2023 14:35,19.65,38543.36,"","","",""
B2,2571,10/23/2023 14:40,19.6,17203.2,"","","",""
B2,2572,10/23/2023 14:45,19.3,24463.36,"","","",""
B2,2573,10/23/2023 14:50,19.35,35430.4,"","","",""
B2,2574,10/23/2023 14:55,19.3,16829.44,"","","",""
B2,2575,10/23/2023 15:00,19.35,23818.24,"","","",""
B2,2576,10/23/2023 15:05,19.3,21555.2,"","","",""
B2,2577,10/23/2023 15:10,19.17,16209.92,"","","",""
B2,2578,10/23/2023 15:15,19.13,22036.48,"","","",""
B2,2579,10/23/2023 15:20,18.87,12113.92,"","","",""
B2,2580,10/23/2023 15:25,18.96,19548.16,"","","",""
B2,2581,10/23/2023 15:30,18.7,16742.4,"","","",""
B2,2582,10/23/2023 15:35,18.79,16512,"","","",""
B2,2583,10/23/2023 15:40,18.62,18027.52,"","","",""
B2,2584,10/23/2023 15:45,18.53,15498.24,"","","",""
B2,2585,10/23/2023 15:50,18.53,13521.92,"","","",""
B2,2586,10/23/2023 15:55,18.44,14151.68,"","","",""
B2,2587,10/23/2023 16:00,18.4,2860.8,"","","",""
B2,2588,10/23/2023 16:05,18.27,11648,"","","",""
B2,2589,10/23/2023 16:10,18.36,13905.92,"","","",""
B2,2590,10/23/2023 16:15,18.27,2718.72,"","","",""
B2,2591,10/23/2023 16:20,18.23,8256,"","","",""
B2,2592,10/23/2023 16:25,18.32,8839.68,"","","",""
B2,2593,10/23/2023 16:30,18.19,7262.72,"","","",""
B2,2594,10/23/2023 16:35,18.1,6714.88,"","","",""
B2,2595,10/23/2023 16:40,18.06,6981.12,"","","",""
B2,2596,10/23/2023 16:45,17.93,3951.36,"","","",""
B2,2597,10/23/2023 16:50,17.97,3509.76,"","","",""
B2,2598,10/23/2023 16:55,17.89,2329.6,"","","",""
B2,2599,10/23/2023 17:00,17.97,4998.4,"","","",""
B2,2600,10/23/2023 17:05,17.72,6184.96,"","","",""
B2,2601,10/23/2023 17:10,17.84,3772.16,"","","",""
B2,2602,10/23/2023 17:15,17.84,3223.04,"","","",""
B2,2603,10/23/2023 17:20,17.76,2658.56,"","","",""
B2,2604,10/23/2023 17:25,17.63,2206.72,"","","",""
B2,2605,10/23/2023 17:30,17.67,1879.04,"","","",""
B2,2606,10/23/2023 17:35,17.54,1973.76,"","","",""
B2,2607,10/23/2023 17:40,17.59,1157.12,"","","",""
B2,2608,10/23/2023 17:45,17.63,910.4,"","","",""
B2,2609,10/23/2023 17:50,17.59,668.16,"","","",""
B2,2610,10/23/2023 17:55,17.59,871.68,"","","",""
B2,2611,10/23/2023 18:00,17.59,513.28,"","","",""
B2,2612,10/23/2023 18:05,17.63,401.92,"","","",""
B2,2613,10/23/2023 18:10,17.63,160.04,"","","",""
B2,2614,10/23/2023 18:15,17.63,107.08,"","","",""
B2,2615,10/23/2023 18:20,17.54,37.15,"","","",""
B2,2616,10/23/2023 18:25,17.54,15.46,"","","",""
B2,2617,10/23/2023 18:30,17.63,4.84,"","","",""
B2,2618,10/23/2023 18:35,17.59,0.22,"","","",""
B2,2619,10/23/2023 18:40,17.59,0,"","","",""
B2,2620,10/23/2023 18:45,17.59,0,"","","",""
B2,2621,10/23/2023 18:50,17.63,0,"","","",""
B2,2622,10/23/2023 18:55,17.59,0,"","","",""
B2,2623,10/23/2023 19:00,17.63,0,"","","",""
B2,2624,10/23/2023 19:05,17.63,0,"","","",""
B2,2625,10/23/2023 19:10,17.59,0,"","","",""
B2,2626,10/23/2023 19:15,17.63,0,"","","",""
B2,2627,10/23/2023 19:20,17.63,0,"","","",""
B2,2628,10/23/2023 19:25,17.63,0,"","","",""
B2,2629,10/23/2023 19:30,17.63,0,"","","",""
B2,2630,10/23/2023 19:35,17.63,0,"","","",""
B2,2631,10/23/2023 19:40,17.63,0,"","","",""
B2,2632,10/23/2023 19:45,17.63,0,"","","",""
B2,2633,10/23/2023 19:50,17.63,0,"","","",""
B2,2634,10/23/2023 19:55,17.59,0,"","","",""
B2,2635,10/23/2023 20:00,17.63,0,"","","",""
B2,2636,10/23/2023 20:05,17.67,0,"","","",""
B2,2637,10/23/2023 20:10,17.63,0,"","","",""
B2,2638,10/23/2023 20:15,17.63,0,"","","",""
B2,2639,10/23/2023 20:20,17.63,0,"","","",""
B2,2640,10/23/2023 20:25,17.59,0,"","","",""
B2,2641,10/23/2023 20:30,17.63,0,"","","",""
B2,2642,10/23/2023 20:35,17.59,0,"","","",""
B2,2643,10/23/2023 20:40,17.63,0,"","","",""
B2,2644,10/23/2023 20:45,17.54,0,"","","",""
B2,2645,10/23/2023 20:50,17.59,0,"","","",""
B2,2646,10/23/2023 20:55,17.54,0,"","","",""
B2,2647,10/23/2023 21:00,17.59,0,"","","",""
B2,2648,10/23/2023 21:05,17.54,0,"","","",""
B2,2649,10/23/2023 21:10,17.54,0,"","","",""
B2,2650,10/23/2023 21:15,17.5,0,"","","",""
B2,2651,10/23/2023 21:20,17.46,0,"","","",""
B2,2652,10/23/2023 21:25,17.41,0,"","","",""
B2,2653,10/23/2023 21:30,17.29,0,"","","",""
B2,2654,10/23/2023 21:35,17.24,0,"","","",""
B2,2655,10/23/2023 21:40,17.11,0,"","","",""
B2,2656,10/23/2023 21:45,16.81,0,"","","",""
B2,2723,10/24/2023 3:20,17.2,0,"","","",""
B2,2724,10/24/2023 3:25,17.33,0,"","","",""
B2,2725,10/24/2023 3:30,17.46,0,"","","",""
B2,2726,10/24/2023 3:35,17.5,0,"","","",""
B2,2727,10/24/2023 3:40,17.54,0,"","","",""
B2,2728,10/24/2023 3:45,17.54,0,"","","",""
B2,2729,10/24/2023 3:50,17.59,0,"","","",""
B2,2730,10/24/2023 3:55,17.59,0,"","","",""
B2,2731,10/24/2023 4:00,17.63,0,"","","",""
B2,2732,10/24/2023 4:05,17.63,0,"","","",""
B2,2733,10/24/2023 4:10,17.59,0,"","","",""
B2,2734,10/24/2023 4:15,17.63,0,"","","",""
B2,2735,10/24/2023 4:20,17.54,0,"","","",""
B2,2736,10/24/2023 4:25,17.59,0,"","","",""
B2,2737,10/24/2023 4:30,17.63,0,"","","",""
B2,2738,10/24/2023 4:35,17.59,0,"","","",""
B2,2739,10/24/2023 4:40,17.63,0,"","","",""
B2,2740,10/24/2023 4:45,17.59,0,"","","",""
B2,2741,10/24/2023 4:50,17.59,0,"","","",""
B2,2742,10/24/2023 4:55,17.59,0,"","","",""
B2,2743,10/24/2023 5:00,17.59,0,"","","",""
B2,2744,10/24/2023 5:05,17.59,0,"","","",""
B2,2745,10/24/2023 5:10,17.63,0,"","","",""
B2,2746,10/24/2023 5:15,17.63,0,"","","",""
B2,2747,10/24/2023 5:20,17.59,0,"","","",""
B2,2748,10/24/2023 5:25,17.59,0,"","","",""
B2,2749,10/24/2023 5:30,17.59,0,"","","",""
B2,2750,10/24/2023 5:35,17.59,0,"","","",""
B2,2751,10/24/2023 5:40,17.63,0,"","","",""
B2,2752,10/24/2023 5:45,17.67,0,"","","",""
B2,2753,10/24/2023 5:50,17.59,0,"","","",""
B2,2754,10/24/2023 5:55,17.54,0,"","","",""
B2,2755,10/24/2023 6:00,17.63,0,"","","",""
B2,2756,10/24/2023 6:05,17.63,0,"","","",""
B2,2757,10/24/2023 6:10,17.67,0,"","","",""
B2,2758,10/24/2023 6:15,17.63,0,"","","",""
B2,2759,10/24/2023 6:20,17.54,0,"","","",""
B2,2760,10/24/2023 6:25,17.54,0,"","","",""
B2,2761,10/24/2023 6:30,17.59,0,"","","",""
B2,2762,10/24/2023 6:35,17.63,0,"","","",""
B2,2763,10/24/2023 6:40,17.67,0.88,"","","",""
B2,2764,10/24/2023 6:45,17.67,0.22,"","","",""
B2,2765,10/24/2023 6:50,17.59,14.11,"","","",""
B2,2766,10/24/2023 6:55,17.63,49.58,"","","",""
B2,2767,10/24/2023 7:00,17.63,76.88,"","","",""
B2,2768,10/24/2023 7:05,17.67,222.08,"","","",""
B2,2769,10/24/2023 7:10,17.67,110.6,"","","",""
B2,2770,10/24/2023 7:15,17.63,208.88,"","","",""
B2,2771,10/24/2023 7:20,17.67,71.54,"","","",""
B2,2772,10/24/2023 7:25,17.67,893.76,"","","",""
B2,2773,10/24/2023 7:30,17.72,834.56,"","","",""
B2,2774,10/24/2023 7:35,17.72,1377.28,"","","",""
B2,2775,10/24/2023 7:40,17.67,855.68,"","","",""
B2,2776,10/24/2023 7:45,17.76,949.12,"","","",""
B2,2777,10/24/2023 7:50,17.72,1194.88,"","","",""
B2,2778,10/24/2023 7:55,17.76,1260.8,"","","",""
B2,2779,10/24/2023 8:00,17.76,2666.24,"","","",""
B2,2780,10/24/2023 8:05,17.89,4504.32,"","","",""
B2,2781,10/24/2023 8:10,17.84,2752,"","","",""
B2,2782,10/24/2023 8:15,17.89,1655.04,"","","",""
B2,2783,10/24/2023 8:20,17.93,4064,"","","",""
B2,2784,10/24/2023 8:25,17.93,1058.24,"","","",""
B2,2785,10/24/2023 8:30,17.89,5806.08,"","","",""
B2,2786,10/24/2023 8:35,18.06,7472.64,"","","",""
B2,2787,10/24/2023 8:40,17.93,189.2,"","","",""
B2,2788,10/24/2023 8:45,18.19,14638.08,"","","",""
B2,2789,10/24/2023 8:50,18.44,2111.36,"","","",""
B2,2790,10/24/2023 8:55,18.32,7669.76,"","","",""
B2,2791,10/24/2023 9:00,18.49,14720,"","","",""
B2,2792,10/24/2023 9:05,18.49,15339.52,"","","",""
B2,2793,10/24/2023 9:10,18.23,2150.4,"","","",""
B2,2794,10/24/2023 9:15,18.74,37304.32,"","","",""
B2,2795,10/24/2023 9:20,18.87,4057.6,"","","",""
B2,2796,10/24/2023 9:25,18.83,13178.88,"","","",""
B2,2797,10/24/2023 9:30,18.53,10391.04,"","","",""
B2,2798,10/24/2023 9:35,19.22,11863.04,"","","",""
B2,2799,10/24/2023 9:40,18.96,14981.12,"","","",""
B2,2800,10/24/2023 9:45,18.62,11658.24,"","","",""
B2,2801,10/24/2023 9:50,19.43,39055.36,"","","",""
B2,2802,10/24/2023 9:55,19.73,15477.76,"","","",""
B2,2803,10/24/2023 10:00,18.66,5258.24,"","","",""
B2,2804,10/24/2023 10:05,18.53,4540.16,"","","",""
B2,2805,10/24/2023 10:10,18.87,4124.16,"","","",""
B2,2806,10/24/2023 10:15,18.83,11402.24,"","","",""
B2,2807,10/24/2023 10:20,18.49,5655.04,"","","",""
B2,2808,10/24/2023 10:25,19.43,37928.96,"","","",""
B2,2809,10/24/2023 10:30,19.77,23992.32,"","","",""
B2,2810,10/24/2023 10:35,20.29,46551.04,"","","",""
B2,2811,10/24/2023 10:40,20.07,24248.32,"","","",""
B2,2812,10/24/2023 10:45,21.7,19855.36,"","","",""
B2,2813,10/24/2023 10:50,20.72,28784.64,"","","",""
B2,2814,10/24/2023 10:55,20.89,35123.2,"","","",""
B2,2815,10/24/2023 11:00,21.1,52715.52,"","","",""
B2,2816,10/24/2023 11:05,21.92,50339.84,"","","",""
B2,2817,10/24/2023 11:10,22.65,81633.28,"","","",""
B2,2818,10/24/2023 11:15,22.18,53739.52,"","","",""
B2,2819,10/24/2023 11:20,22.95,48537.6,"","","",""
B2,2820,10/24/2023 11:25,22.26,34426.88,"","","",""
B2,2821,10/24/2023 11:30,21.45,30443.52,"","","",""
B2,2822,10/24/2023 11:35,24.66,83722.24,"","","",""
B2,2823,10/24/2023 11:40,27.15,122060.8,"","","",""
B2,2824,10/24/2023 11:45,25.31,100065.28,"","","",""
B2,2825,10/24/2023 11:50,27.71,106373.12,"","","",""
B2,2826,10/24/2023 11:55,27.8,62853.12,"","","",""
B2,2827,10/24/2023 12:00,27.02,92200.96,"","","",""
B2,2828,10/24/2023 12:05,27.67,50483.2,"","","",""
B2,2829,10/24/2023 12:10,27.93,102154.24,"","","",""
B2,2830,10/24/2023 12:15,27.67,104079.36,"","","",""
B2,2831,10/24/2023 12:20,28.1,103260.16,"","","",""
B2,2832,10/24/2023 12:25,28.35,105349.12,"","","",""
B2,2833,10/24/2023 12:30,28.31,99614.72,"","","",""
B2,2834,10/24/2023 12:35,28.65,73605.12,"","","",""
B2,2835,10/24/2023 12:40,28.44,100597.76,"","","",""
B2,2836,10/24/2023 12:45,28.4,101253.12,"","","",""
B2,2837,10/24/2023 12:50,28.65,101498.88,"","","",""
B2,2838,10/24/2023 12:55,25.09,31293.44,"","","",""
B2,2839,10/24/2023 13:00,27.54,107233.28,"","","",""
B2,2840,10/24/2023 13:05,29.86,114728.96,"","","",""
B2,2841,10/24/2023 13:10,29.08,101130.24,"","","",""
B2,2842,10/24/2023 13:15,28.27,95641.6,"","","",""
B2,2843,10/24/2023 13:20,27.84,63815.68,"","","",""
B2,2844,10/24/2023 13:25,27.71,93921.28,"","","",""
B2,2845,10/24/2023 13:30,28.27,93634.56,"","","",""
B2,2846,10/24/2023 13:35,27.5,84418.56,"","","",""
B2,2847,10/24/2023 13:40,27.02,87203.84,"","","",""
B2,2848,10/24/2023 13:45,27.45,89620.48,"","","",""
B2,2849,10/24/2023 13:50,26.55,62976,"","","",""
B2,2850,10/24/2023 13:55,26.25,97935.36,"","","",""
B2,2851,10/24/2023 14:00,26.17,88514.56,"","","",""
B2,2852,10/24/2023 14:05,25.31,38277.12,"","","",""
B2,2853,10/24/2023 14:10,25.61,72642.56,"","","",""
B2,2854,10/24/2023 14:15,25.09,89006.08,"","","",""
B2,2855,10/24/2023 14:20,24.06,55767.04,"","","",""
B2,2856,10/24/2023 14:25,24.11,78028.8,"","","",""
B2,2857,10/24/2023 14:30,23.25,28354.56,"","","",""
B2,2858,10/24/2023 14:35,23.08,77025.28,"","","",""
B2,2859,10/24/2023 14:40,22.86,22179.84,"","","",""
B2,2860,10/24/2023 14:45,22.78,56606.72,"","","",""
B2,2861,10/24/2023 14:50,22.52,44277.76,"","","",""
B2,2862,10/24/2023 14:55,22.18,48128,"","","",""
B2,2863,10/24/2023 15:00,21.7,33669.12,"","","",""
B2,2864,10/24/2023 15:05,21.53,20807.68,"","","",""
B2,2865,10/24/2023 15:10,21.49,26982.4,"","","",""
B2,2866,10/24/2023 15:15,21.15,41052.16,"","","",""
B2,2867,10/24/2023 15:20,21.1,27699.2,"","","",""
B2,2868,10/24/2023 15:25,20.8,6627.84,"","","",""
B2,2869,10/24/2023 15:30,20.72,13491.2,"","","",""
B2,2870,10/24/2023 15:35,20.63,20316.16,"","","",""
B2,2871,10/24/2023 15:40,20.5,21155.84,"","","",""
B2,2872,10/24/2023 15:45,20.46,22097.92,"","","",""
B2,2873,10/24/2023 15:50,20.46,13972.48,"","","",""
B2,2874,10/24/2023 15:55,20.37,16660.48,"","","",""
B2,2875,10/24/2023 16:00,20.29,14115.84,"","","",""
B2,2876,10/24/2023 16:05,20.29,17264.64,"","","",""
B2,2877,10/24/2023 16:10,20.16,14960.64,"","","",""
B2,2878,10/24/2023 16:15,20.12,11965.44,"","","",""
B2,2879,10/24/2023 16:20,20.12,13383.68,"","","",""
B2,2880,10/24/2023 16:25,19.99,12538.88,"","","",""
B2,2881,10/24/2023 16:30,19.99,15836.16,"","","",""
B2,2882,10/24/2023 16:35,19.9,10270.72,"","","",""
B2,2883,10/24/2023 16:40,19.73,5491.2,"","","",""
B2,2884,10/24/2023 16:45,19.82,11074.56,"","","",""
B2,2885,10/24/2023 16:50,19.65,6830.08,"","","",""
B2,2886,10/24/2023 16:55,19.73,7508.48,"","","",""
B2,2887,10/24/2023 17:00,19.65,5483.52,"","","",""
B2,2888,10/24/2023 17:05,19.65,6515.2,"","","",""
B2,2889,10/24/2023 17:10,19.69,6056.96,"","","",""
B2,2890,10/24/2023 17:15,19.6,4483.84,"","","",""
B2,2891,10/24/2023 17:20,19.47,2312.32,"","","",""
B2,2892,10/24/2023 17:25,19.39,1687.68,"","","",""
B2,2893,10/24/2023 17:30,19.47,1951.36,"","","",""
B2,2894,10/24/2023 17:35,19.52,1952.64,"","","",""
B2,2895,10/24/2023 17:40,19.39,1286.4,"","","",""
B2,2896,10/24/2023 17:45,19.39,1438.72,"","","",""
B2,2897,10/24/2023 17:50,19.35,838.72,"","","",""
B2,2898,10/24/2023 17:55,19.39,431.04,"","","",""
B2,2899,10/24/2023 18:00,19.35,259.28,"","","",""
B2,2900,10/24/2023 18:05,19.35,429.28,"","","",""
B2,2901,10/24/2023 18:10,19.3,185.68,"","","",""
B2,2902,10/24/2023 18:15,19.26,102.68,"","","",""
B2,2903,10/24/2023 18:20,19.3,31.37,"","","",""
B2,2904,10/24/2023 18:25,19.26,14.33,"","","",""
B2,2905,10/24/2023 18:30,19.3,5.06,"","","",""
B2,2906,10/24/2023 18:35,19.22,0.22,"","","",""
B2,2907,10/24/2023 18:40,19.26,0,"","","",""
B2,2908,10/24/2023 18:45,19.22,0,"","","",""
B2,2909,10/24/2023 18:50,19.26,0,"","","",""
B2,2910,10/24/2023 18:55,19.22,0,"","","",""
B2,2911,10/24/2023 19:00,19.22,0,"","","",""
B2,2912,10/24/2023 19:05,19.22,0,"","","",""
B2,2913,10/24/2023 19:10,19.22,0,"","","",""
B2,2914,10/24/2023 19:15,19.17,0,"","","",""
B2,2915,10/24/2023 19:20,19.17,0,"","","",""
B2,2916,10/24/2023 19:25,19.17,0,"","","",""
B2,2917,10/24/2023 19:30,19.22,0,"","","",""
B2,2918,10/24/2023 19:35,19.13,0,"","","",""
B2,2919,10/24/2023 19:40,19.17,0,"","","",""
B2,2920,10/24/2023 19:45,19.17,0,"","","",""
B2,2921,10/24/2023 19:50,19.13,0,"","","",""
B2,2922,10/24/2023 19:55,19.13,0,"","","",""
B2,2923,10/24/2023 20:00,19.13,0,"","","",""
B2,2924,10/24/2023 20:05,19.17,0,"","","",""
B2,2925,10/24/2023 20:10,19.13,0,"","","",""
B2,2926,10/24/2023 20:15,19.17,0,"","","",""
B2,2927,10/24/2023 20:20,19.22,0,"","","",""
B2,2928,10/24/2023 20:25,19.13,0,"","","",""
B2,2929,10/24/2023 20:30,19.09,0,"","","",""
B2,2930,10/24/2023 20:35,19.17,0,"","","",""
B2,2931,10/24/2023 20:40,19.13,0,"","","",""
B2,2932,10/24/2023 20:45,19.09,0,"","","",""
B2,2933,10/24/2023 20:50,19.17,0,"","","",""
B2,2934,10/24/2023 20:55,19.17,0,"","","",""
B2,2935,10/24/2023 21:00,19.22,0,"","","",""
B2,2936,10/24/2023 21:05,19.13,0,"","","",""
B2,2937,10/24/2023 21:10,19.17,0,"","","",""
B2,2938,10/24/2023 21:15,19.13,0,"","","",""
B2,2939,10/24/2023 21:20,19.09,0,"","","",""
B2,2940,10/24/2023 21:25,19.13,0,"","","",""
B2,2941,10/24/2023 21:30,19.13,0,"","","",""
B2,2942,10/24/2023 21:35,19.13,0,"","","",""
B2,2943,10/24/2023 21:40,19.09,0,"","","",""
B2,2944,10/24/2023 21:45,19.09,0,"","","",""
B2,2945,10/24/2023 21:50,19.13,0,"","","",""
B2,2946,10/24/2023 21:55,19.09,0,"","","",""
B2,2947,10/24/2023 22:00,19.05,0,"","","",""
B2,2948,10/24/2023 22:05,19,0,"","","",""
B2,2949,10/24/2023 22:10,19,0,"","","",""
B2,2950,10/24/2023 22:15,19,0,"","","",""
B2,2951,10/24/2023 22:20,18.92,0,"","","",""
B2,2952,10/24/2023 22:25,18.83,0,"","","",""
B2,2953,10/24/2023 22:30,18.7,0,"","","",""
B2,2954,10/24/2023 22:35,18.44,0,"","","",""
B2,3018,10/25/2023 3:55,18.19,0,"","","",""
B2,3019,10/25/2023 4:00,18.44,0,"","","",""
B2,3020,10/25/2023 4:05,18.66,0,"","","",""
B2,3021,10/25/2023 4:10,18.92,0,"","","",""
B2,3022,10/25/2023 4:15,19,0,"","","",""
B2,3023,10/25/2023 4:20,19.05,0,"","","",""
B2,3024,10/25/2023 4:25,19.05,0,"","","",""
B2,3025,10/25/2023 4:30,19.05,0,"","","",""
B2,3026,10/25/2023 4:35,19.05,0,"","","",""
B2,3027,10/25/2023 4:40,19.09,0,"","","",""
B2,3028,10/25/2023 4:45,19.09,0,"","","",""
B2,3029,10/25/2023 4:50,19.13,0,"","","",""
B2,3030,10/25/2023 4:55,19.09,0,"","","",""
B2,3031,10/25/2023 5:00,19.09,0,"","","",""
B2,3032,10/25/2023 5:05,19.13,0,"","","",""
B2,3033,10/25/2023 5:10,19.13,0,"","","",""
B2,3034,10/25/2023 5:15,19.17,0,"","","",""
B2,3035,10/25/2023 5:20,19.17,0,"","","",""
B2,3036,10/25/2023 5:25,19.13,0,"","","",""
B2,3037,10/25/2023 5:30,19.17,0,"","","",""
B2,3038,10/25/2023 5:35,19.22,0,"","","",""
B2,3039,10/25/2023 5:40,19.22,0,"","","",""
B2,3040,10/25/2023 5:45,19.17,0,"","","",""
B2,3041,10/25/2023 5:50,19.22,0,"","","",""
B2,3042,10/25/2023 5:55,19.26,0,"","","",""
B2,3043,10/25/2023 6:00,19.17,0,"","","",""
B2,3044,10/25/2023 6:05,19.17,0,"","","",""
B2,3045,10/25/2023 6:10,19.22,0,"","","",""
B2,3046,10/25/2023 6:15,19.22,0,"","","",""
B2,3047,10/25/2023 6:20,19.22,0,"","","",""
B2,3048,10/25/2023 6:25,19.26,0,"","","",""
B2,3049,10/25/2023 6:30,19.26,0,"","","",""
B2,3050,10/25/2023 6:35,19.22,0,"","","",""
B2,3051,10/25/2023 6:40,19.26,0,"","","",""
B2,3052,10/25/2023 6:45,19.26,0.22,"","","",""
B2,3053,10/25/2023 6:50,19.26,2.64,"","","",""
B2,3054,10/25/2023 6:55,19.26,7.73,"","","",""
B2,3055,10/25/2023 7:00,19.26,15.43,"","","",""
B2,3056,10/25/2023 7:05,19.3,34.45,"","","",""
B2,3057,10/25/2023 7:10,19.3,67.24,"","","",""
B2,3058,10/25/2023 7:15,19.3,114.12,"","","",""
B2,3059,10/25/2023 7:20,19.3,128.32,"","","",""
B2,3060,10/25/2023 7:25,19.26,226.48,"","","",""
B2,3061,10/25/2023 7:30,19.26,340.48,"","","",""
B2,3062,10/25/2023 7:35,19.26,518.56,"","","",""
B2,3063,10/25/2023 7:40,19.3,448.64,"","","",""
B2,3064,10/25/2023 7:45,19.26,865.6,"","","",""
B2,3065,10/25/2023 7:50,19.35,1215.04,"","","",""
B2,3066,10/25/2023 7:55,19.3,468,"","","",""
B2,3067,10/25/2023 8:00,19.35,1424.64,"","","",""
B2,3068,10/25/2023 8:05,19.39,1822.72,"","","",""
B2,3069,10/25/2023 8:10,19.39,2176.64,"","","",""
B2,3070,10/25/2023 8:15,19.39,2315.52,"","","",""
B2,3071,10/25/2023 8:20,19.43,2947.84,"","","",""
B2,3072,10/25/2023 8:25,19.47,2999.04,"","","",""
B2,3073,10/25/2023 8:30,19.43,2821.12,"","","",""
B2,3074,10/25/2023 8:35,19.39,1678.08,"","","",""
B2,3075,10/25/2023 8:40,19.43,3055.36,"","","",""
B2,3076,10/25/2023 8:45,19.43,3590.4,"","","",""
B2,3077,10/25/2023 8:50,19.52,3814.4,"","","",""
B2,3078,10/25/2023 8:55,19.52,3493.12,"","","",""
B2,3079,10/25/2023 9:00,19.52,3598.08,"","","",""
B2,3080,10/25/2023 9:05,19.47,2532.48,"","","",""
B2,3081,10/25/2023 9:10,19.52,4250.88,"","","",""
B2,3082,10/25/2023 9:15,19.52,3814.4,"","","",""
B2,3083,10/25/2023 9:20,19.52,2592,"","","",""
B2,3084,10/25/2023 9:25,19.56,6167.04,"","","",""
B2,3085,10/25/2023 9:30,19.6,5491.2,"","","",""
B2,3086,10/25/2023 9:35,19.6,4783.36,"","","",""
B2,3087,10/25/2023 9:40,19.69,7060.48,"","","",""
B2,3088,10/25/2023 9:45,19.6,4244.48,"","","",""
B2,3089,10/25/2023 9:50,19.65,3019.52,"","","",""
B2,3090,10/25/2023 9:55,19.65,8353.28,"","","",""
B2,3091,10/25/2023 10:00,19.73,6343.68,"","","",""
B2,3092,10/25/2023 10:05,19.77,7902.72,"","","",""
B2,3093,10/25/2023 10:10,19.82,9149.44,"","","",""
B2,3094,10/25/2023 10:15,19.9,8691.2,"","","",""
B2,3095,10/25/2023 10:20,19.95,10283.52,"","","",""
B2,3096,10/25/2023 10:25,20.03,11699.2,"","","",""
B2,3097,10/25/2023 10:30,20.03,11909.12,"","","",""
B2,3098,10/25/2023 10:35,20.25,8629.76,"","","",""
B2,3099,10/25/2023 10:40,20.2,18933.76,"","","",""
B2,3100,10/25/2023 10:45,20.29,13107.2,"","","",""
B2,3101,10/25/2023 10:50,20.29,13742.08,"","","",""
B2,3102,10/25/2023 10:55,20.55,8522.24,"","","",""
B2,3103,10/25/2023 11:00,20.85,24535.04,"","","",""
B2,3104,10/25/2023 11:05,20.98,17807.36,"","","",""
B2,3105,10/25/2023 11:10,21.36,20024.32,"","","",""
B2,3106,10/25/2023 11:15,21.62,31426.56,"","","",""
B2,3107,10/25/2023 11:20,21.7,20782.08,"","","",""
B2,3108,10/25/2023 11:25,21.75,17249.28,"","","",""
B2,3109,10/25/2023 11:30,21.7,18365.44,"","","",""
B2,3110,10/25/2023 11:35,22.05,32307.2,"","","",""
B2,3111,10/25/2023 11:40,22.48,35266.56,"","","",""
B2,3112,10/25/2023 11:45,23.08,38901.76,"","","",""
B2,3113,10/25/2023 11:50,23.25,39290.88,"","","",""
B2,3114,10/25/2023 11:55,23.64,40222.72,"","","",""
B2,3155,10/25/2023 15:20,23.81,32317.44,"","","",""
B2,3156,10/25/2023 15:25,26.9,76984.32,"","","",""
B2,3157,10/25/2023 15:30,26.55,71147.52,"","","",""
B2,3158,10/25/2023 15:35,26.51,68362.24,"","","",""
B2,3159,10/25/2023 15:40,24.71,29091.84,"","","",""
B2,3160,10/25/2023 15:45,23.76,65515.52,"","","",""
B2,3161,10/25/2023 15:50,24.02,35266.56,"","","",""
B2,3162,10/25/2023 15:55,24.71,60354.56,"","","",""
B2,3163,10/25/2023 16:00,23.89,31457.28,"","","",""
B2,3164,10/25/2023 16:05,23.08,54087.68,"","","",""
B2,3165,10/25/2023 16:10,22.69,22978.56,"","","",""
B2,3166,10/25/2023 16:15,22.09,16179.2,"","","",""
B2,3167,10/25/2023 16:20,21.96,30935.04,"","","",""
B2,3168,10/25/2023 16:25,21.88,15339.52,"","","",""
B2,3169,10/25/2023 16:30,21.7,40673.28,"","","",""
B2,3170,10/25/2023 16:35,21.23,8248.32,"","","",""
B2,3171,10/25/2023 16:40,20.85,8550.4,"","","",""
B2,3172,10/25/2023 16:45,20.8,5806.08,"","","",""
B2,3173,10/25/2023 16:50,20.8,8453.12,"","","",""
B2,3174,10/25/2023 16:55,20.68,9333.76,"","","",""
B2,3175,10/25/2023 17:00,20.63,5893.12,"","","",""
B2,3176,10/25/2023 17:05,20.55,5089.28,"","","",""
B2,3177,10/25/2023 17:10,20.42,4825.6,"","","",""
B2,3178,10/25/2023 17:15,20.42,4367.36,"","","",""
B2,3179,10/25/2023 17:20,20.29,3708.16,"","","",""
B2,3180,10/25/2023 17:25,20.25,1951.36,"","","",""
B2,3181,10/25/2023 17:30,20.25,2527.36,"","","",""
B2,3182,10/25/2023 17:35,20.2,2125.44,"","","",""
B2,3183,10/25/2023 17:40,20.2,1402.24,"","","",""
B2,3184,10/25/2023 17:45,20.2,1845.76,"","","",""
B2,3185,10/25/2023 17:50,20.16,1375.36,"","","",""
B2,3186,10/25/2023 17:55,20.07,832.32,"","","",""
B2,3187,10/25/2023 18:00,20.12,658.24,"","","",""
B2,3188,10/25/2023 18:05,20.12,390.24,"","","",""
B2,3189,10/25/2023 18:10,20.12,226.48,"","","",""
B2,3190,10/25/2023 18:15,20.07,7.26,"","","",""
B2,3191,10/25/2023 18:20,20.03,38.91,"","","",""
B2,3192,10/25/2023 18:25,20.07,13.23,"","","",""
B2,3193,10/25/2023 18:30,20.12,3.74,"","","",""
B2,3194,10/25/2023 18:35,20.07,0.44,"","","",""
B2,3195,10/25/2023 18:40,20.12,0,"","","",""
B2,3196,10/25/2023 18:45,20.07,0,"","","",""
B2,3197,10/25/2023 18:50,20.03,0,"","","",""
B2,3198,10/25/2023 18:55,20.03,0,"","","",""
B2,3199,10/25/2023 19:00,20.07,0,"","","",""
B2,3200,10/25/2023 19:05,20.03,0,"","","",""
B2,3201,10/25/2023 19:10,20.07,0,"","","",""
B2,3202,10/25/2023 19:15,20.03,0,"","","",""
B2,3203,10/25/2023 19:20,20.03,0,"","","",""
B2,3204,10/25/2023 19:25,20.03,0,"","","",""
B2,3205,10/25/2023 19:30,20.03,0,"","","",""
B2,3206,10/25/2023 19:35,20.07,0,"","","",""
B2,3207,10/25/2023 19:40,20.03,0,"","","",""
B2,3208,10/25/2023 19:45,20.03,0,"","","",""
B2,3209,10/25/2023 19:50,20.03,0,"","","",""
B2,3210,10/25/2023 19:55,20.03,0,"","","",""
B2,3211,10/25/2023 20:00,20.03,0,"","","",""
B2,3212,10/25/2023 20:05,19.99,0,"","","",""
B2,3213,10/25/2023 20:10,19.99,0,"","","",""
B2,3214,10/25/2023 20:15,19.95,0,"","","",""
B2,3215,10/25/2023 20:20,19.99,0,"","","",""
B2,3216,10/25/2023 20:25,19.99,0,"","","",""
B2,3217,10/25/2023 20:30,20.03,0,"","","",""
B2,3218,10/25/2023 20:35,19.99,0,"","","",""
B2,3219,10/25/2023 20:40,19.99,0,"","","",""
B2,3220,10/25/2023 20:45,19.95,0,"","","",""
B2,3221,10/25/2023 20:50,19.99,0,"","","",""
B2,3222,10/25/2023 20:55,19.95,0,"","","",""
B2,3223,10/25/2023 21:00,19.95,0,"","","",""
B2,3224,10/25/2023 21:05,19.95,0,"","","",""
B2,3225,10/25/2023 21:10,20.03,0,"","","",""
B2,3226,10/25/2023 21:15,19.95,0,"","","",""
B2,3227,10/25/2023 21:20,19.99,0,"","","",""
B2,3228,10/25/2023 21:25,19.95,0,"","","",""
B2,3229,10/25/2023 21:30,19.95,0,"","","",""
B2,3230,10/25/2023 21:35,19.99,0,"","","",""
B2,3231,10/25/2023 21:40,19.95,0,"","","",""
B2,3232,10/25/2023 21:45,19.95,0,"","","",""
B2,3233,10/25/2023 21:50,19.9,0,"","","",""
B2,3234,10/25/2023 21:55,19.99,0,"","","",""
B2,3235,10/25/2023 22:00,19.86,0,"","","",""
B2,3236,10/25/2023 22:05,19.9,0,"","","",""
B2,3237,10/25/2023 22:10,19.9,0,"","","",""
B2,3238,10/25/2023 22:15,19.9,0,"","","",""
B2,3239,10/25/2023 22:20,19.86,0,"","","",""
B2,3240,10/25/2023 22:25,19.86,0,"","","",""
B2,3241,10/25/2023 22:30,19.86,0,"","","",""
B2,3242,10/25/2023 22:35,19.77,0,"","","",""
B2,3243,10/25/2023 22:40,19.82,0,"","","",""
B2,3244,10/25/2023 22:45,19.73,0,"","","",""
B2,3245,10/25/2023 22:50,19.69,0,"","","",""
B2,3246,10/25/2023 22:55,19.56,0,"","","",""
B2,3247,10/25/2023 23:00,19.35,0,"","","",""
B2,3248,10/25/2023 23:05,19.22,0,"","","",""
B2,3249,10/25/2023 23:10,18.62,0,"","","",""
B2,3250,10/25/2023 23:15,17.76,0,"","","",""
B2,3311,10/26/2023 4:20,17.63,0,"","","",""
B2,3312,10/26/2023 4:25,18.4,0,"","","",""
B2,3313,10/26/2023 4:30,18.62,0,"","","",""
B2,3314,10/26/2023 4:35,19.05,0,"","","",""
B2,3315,10/26/2023 4:40,19.26,0,"","","",""
B2,3316,10/26/2023 4:45,19.26,0,"","","",""
B2,3317,10/26/2023 4:50,19.26,0,"","","",""
B2,3318,10/26/2023 4:55,19.3,0,"","","",""
B2,3319,10/26/2023 5:00,19.26,0,"","","",""
B2,3320,10/26/2023 5:05,19.35,0,"","","",""
B2,3321,10/26/2023 5:10,19.39,0,"","","",""
B2,3322,10/26/2023 5:15,19.35,0,"","","",""
B2,3323,10/26/2023 5:20,19.39,0,"","","",""
B2,3324,10/26/2023 5:25,19.35,0,"","","",""
B2,3325,10/26/2023 5:30,19.47,0,"","","",""
B2,3326,10/26/2023 5:35,19.47,0,"","","",""
B2,3327,10/26/2023 5:40,19.47,0,"","","",""
B2,3328,10/26/2023 5:45,19.47,0,"","","",""
B2,3329,10/26/2023 5:50,19.52,0,"","","",""
B2,3330,10/26/2023 5:55,19.47,0,"","","",""
B2,3331,10/26/2023 6:00,19.47,0,"","","",""
B2,3332,10/26/2023 6:05,19.47,0,"","","",""
B2,3333,10/26/2023 6:10,19.47,0,"","","",""
B2,3334,10/26/2023 6:15,19.47,0,"","","",""
B2,3335,10/26/2023 6:20,19.52,0,"","","",""
B2,3336,10/26/2023 6:25,19.47,0,"","","",""
B2,3337,10/26/2023 6:30,19.47,0,"","","",""
B2,3338,10/26/2023 6:35,19.47,0,"","","",""
B2,3339,10/26/2023 6:40,19.52,1.1,"","","",""
B2,3340,10/26/2023 6:45,19.39,6.38,"","","",""
B2,3341,10/26/2023 6:50,19.43,17.66,"","","",""
B2,3342,10/26/2023 6:55,19.39,52.66,"","","",""
B2,3343,10/26/2023 7:00,19.35,128.32,"","","",""
B2,3344,10/26/2023 7:05,19.39,227.36,"","","",""
B2,3345,10/26/2023 7:10,19.3,438.08,"","","",""
B2,3346,10/26/2023 7:15,19.35,499.68,"","","",""
B2,3347,10/26/2023 7:20,19.3,608,"","","",""
B2,3348,10/26/2023 7:25,19.3,1043.52,"","","",""
B2,3349,10/26/2023 7:30,19.35,1707.52,"","","",""
B2,3350,10/26/2023 7:35,19.39,1422.72,"","","",""
B2,3351,10/26/2023 7:40,19.35,2356.48,"","","",""
B2,3352,10/26/2023 7:45,19.39,1394.56,"","","",""
B2,3353,10/26/2023 7:50,19.35,2752,"","","",""
B2,3354,10/26/2023 7:55,19.39,4518.4,"","","",""
B2,3355,10/26/2023 8:00,19.43,5637.12,"","","",""
B2,3356,10/26/2023 8:05,19.52,8775.68,"","","",""
B2,3357,10/26/2023 8:10,19.56,6840.32,"","","",""
B2,3358,10/26/2023 8:15,19.56,7994.88,"","","",""
B2,3359,10/26/2023 8:20,19.43,6159.36,"","","",""
B2,3360,10/26/2023 8:25,19.65,7495.68,"","","",""
B2,3361,10/26/2023 8:30,19.47,7047.68,"","","",""
B2,3362,10/26/2023 8:35,19.65,12185.6,"","","",""
B2,3363,10/26/2023 8:40,19.77,13875.2,"","","",""
B2,3364,10/26/2023 8:45,19.73,7078.4,"","","",""
B2,3365,10/26/2023 8:50,19.86,11612.16,"","","",""
B2,3366,10/26/2023 8:55,19.73,10460.16,"","","",""
B2,3367,10/26/2023 9:00,19.43,10874.88,"","","",""
B2,3368,10/26/2023 9:05,19.82,14325.76,"","","",""
B2,3369,10/26/2023 9:10,19.99,23275.52,"","","",""
B2,3370,10/26/2023 9:15,20.16,24565.76,"","","",""
B2,3371,10/26/2023 9:20,20.07,16122.88,"","","",""
B2,3372,10/26/2023 9:25,20.33,23767.04,"","","",""
B2,3373,10/26/2023 9:30,20.33,27750.4,"","","",""
B2,3374,10/26/2023 9:35,20.5,31969.28,"","","",""
B2,3375,10/26/2023 9:40,20.29,32276.48,"","","",""
B2,3376,10/26/2023 9:45,20.07,11043.84,"","","",""
B2,3377,10/26/2023 9:50,20.63,23951.36,"","","",""
B2,3378,10/26/2023 9:55,20.68,34447.36,"","","",""
B2,3379,10/26/2023 10:00,20.55,21217.28,"","","",""
B2,3380,10/26/2023 10:05,20.76,36638.72,"","","",""
B2,3381,10/26/2023 10:10,21.23,42086.4,"","","",""
B2,3382,10/26/2023 10:15,21.15,15687.68,"","","",""
B2,3383,10/26/2023 10:20,21.45,43786.24,"","","",""
B2,3384,10/26/2023 10:25,21.4,48312.32,"","","",""
B2,3385,10/26/2023 10:30,21.7,39290.88,"","","",""
B2,3386,10/26/2023 10:35,21.92,54640.64,"","","",""
B2,3387,10/26/2023 10:40,21.7,16512,"","","",""
B2,3388,10/26/2023 10:45,22.01,55644.16,"","","",""
B2,3389,10/26/2023 10:50,22.69,66457.6,"","","",""
B2,3390,10/26/2023 10:55,22.52,47308.8,"","","",""
B2,3391,10/26/2023 11:00,22.69,47718.4,"","","",""
B2,3392,10/26/2023 11:05,23.51,50810.88,"","","",""
B2,3393,10/26/2023 11:10,23.81,104734.72,"","","",""
B2,3394,10/26/2023 11:15,24.11,69652.48,"","","",""
B2,3395,10/26/2023 11:20,24.84,54865.92,"","","",""
B2,3396,10/26/2023 11:25,25.65,95232,"","","",""
B2,3397,10/26/2023 11:30,26.55,98263.04,"","","",""
B2,3398,10/26/2023 11:35,26.55,98099.2,"","","",""
B2,3399,10/26/2023 11:40,27.97,99041.28,"","","",""
B2,3400,10/26/2023 11:45,28.44,99205.12,"","","",""
B2,3401,10/26/2023 11:50,28.95,99082.24,"","","",""
B2,3402,10/26/2023 11:55,29.26,92323.84,"","","",""
B2,3403,10/26/2023 12:00,30.07,99778.56,"","","",""
B2,3404,10/26/2023 12:05,31.01,100147.2,"","","",""
B2,3458,10/26/2023 16:35,25.57,37560.32,"","","",""
B2,3459,10/26/2023 16:40,24.19,35604.48,"","","",""
B2,3460,10/26/2023 16:45,23.34,32737.28,"","","",""
B2,3461,10/26/2023 16:50,22.56,30453.76,"","","",""
B2,3462,10/26/2023 16:55,22.43,26593.28,"","","",""
B2,3463,10/26/2023 17:00,22.05,24043.52,"","","",""
B2,3464,10/26/2023 17:05,20.59,10700.8,"","","",""
B2,3465,10/26/2023 17:10,20.29,9410.56,"","","",""
B2,3466,10/26/2023 17:15,20.12,7139.84,"","","",""
B2,3467,10/26/2023 17:20,19.99,3052.8,"","","",""
B2,3468,10/26/2023 17:25,19.95,5708.8,"","","",""
B2,3469,10/26/2023 17:30,19.95,2947.84,"","","",""
B2,3470,10/26/2023 17:35,19.86,2371.84,"","","",""
B2,3471,10/26/2023 17:40,19.77,1984.64,"","","",""
B2,3472,10/26/2023 17:45,19.73,679.68,"","","",""
B2,3473,10/26/2023 17:50,19.65,125.56,"","","",""
B2,3474,10/26/2023 17:55,19.65,776.64,"","","",""
B2,3475,10/26/2023 18:00,19.65,548.96,"","","",""
B2,3476,10/26/2023 18:05,19.6,297.6,"","","",""
B2,3477,10/26/2023 18:10,19.56,79.24,"","","",""
B2,3478,10/26/2023 18:15,19.52,70.38,"","","",""
B2,3479,10/26/2023 18:20,19.47,28.73,"","","",""
B2,3480,10/26/2023 18:25,19.47,9.93,"","","",""
B2,3481,10/26/2023 18:30,19.43,2.2,"","","",""
B2,3482,10/26/2023 18:35,19.39,0.22,"","","",""
B2,3483,10/26/2023 18:40,19.35,0,"","","",""
B2,3484,10/26/2023 18:45,19.3,0,"","","",""
B2,3485,10/26/2023 18:50,19.17,0,"","","",""
B2,3486,10/26/2023 18:55,19.22,0,"","","",""
B2,3487,10/26/2023 19:00,19.13,0,"","","",""
B2,3488,10/26/2023 19:05,19.05,0,"","","",""
B2,3489,10/26/2023 19:10,18.92,0,"","","",""
B2,3490,10/26/2023 19:15,18.92,0,"","","",""
B2,3491,10/26/2023 19:20,18.87,0,"","","",""
B2,3492,10/26/2023 19:25,18.74,0,"","","",""
B2,3493,10/26/2023 19:30,18.74,0,"","","",""
B2,3494,10/26/2023 19:35,18.7,0,"","","",""
B2,3495,10/26/2023 19:40,18.87,0,"","","",""
B2,3496,10/26/2023 19:45,18.96,0,"","","",""
B2,3497,10/26/2023 19:50,18.66,0,"","","",""
B2,3498,10/26/2023 19:55,18.74,0,"","","",""
B2,3499,10/26/2023 20:00,18.66,0,"","","",""
B2,3500,10/26/2023 20:05,18.57,0,"","","",""
B2,3501,10/26/2023 20:10,18.79,0,"","","",""
B2,3502,10/26/2023 20:15,18.62,0,"","","",""
B2,3503,10/26/2023 20:20,18.57,0,"","","",""
B2,3504,10/26/2023 20:25,18.62,0,"","","",""
B2,3505,10/26/2023 20:30,18.53,0,"","","",""
B2,3506,10/26/2023 20:35,18.57,0,"","","",""
B2,3507,10/26/2023 20:40,18.53,0,"","","",""
B2,3508,10/26/2023 20:45,18.57,0,"","","",""
B2,3509,10/26/2023 20:50,18.62,0,"","","",""
B2,3510,10/26/2023 20:55,18.57,0,"","","",""
B2,3511,10/26/2023 21:00,18.57,0,"","","",""
B2,3512,10/26/2023 21:05,18.57,0,"","","",""
B2,3513,10/26/2023 21:10,18.53,0,"","","",""
B2,3514,10/26/2023 21:15,18.53,0,"","","",""
B2,3515,10/26/2023 21:20,18.53,0,"","","",""
B2,3516,10/26/2023 21:25,18.49,0,"","","",""
B2,3517,10/26/2023 21:30,18.44,0,"","","",""
B2,3518,10/26/2023 21:35,18.44,0,"","","",""
B2,3519,10/26/2023 21:40,18.44,0,"","","",""
B2,3520,10/26/2023 21:45,18.49,0,"","","",""
B2,3521,10/26/2023 21:50,18.4,0,"","","",""
B2,3522,10/26/2023 21:55,18.44,0,"","","",""
B2,3523,10/26/2023 22:00,18.4,0,"","","",""
B2,3524,10/26/2023 22:05,18.44,0,"","","",""
B2,3525,10/26/2023 22:10,18.4,0,"","","",""
B2,3526,10/26/2023 22:15,18.4,0,"","","",""
B2,3527,10/26/2023 22:20,18.4,0,"","","",""
B2,3528,10/26/2023 22:25,18.4,0,"","","",""
B2,3529,10/26/2023 22:30,18.4,0,"","","",""
B2,3530,10/26/2023 22:35,18.36,0,"","","",""
B2,3531,10/26/2023 22:40,18.4,0,"","","",""
B2,3532,10/26/2023 22:45,18.36,0,"","","",""
B2,3533,10/26/2023 22:50,18.36,0,"","","",""
B2,3534,10/26/2023 22:55,18.32,0,"","","",""
B2,3535,10/26/2023 23:00,18.36,0,"","","",""
B2,3536,10/26/2023 23:05,18.32,0,"","","",""
B2,3537,10/26/2023 23:10,18.36,0,"","","",""
B2,3538,10/26/2023 23:15,18.32,0,"","","",""
B2,3539,10/26/2023 23:20,18.32,0,"","","",""
B2,3540,10/26/2023 23:25,18.32,0,"","","",""
B2,3541,10/26/2023 23:30,18.23,0,"","","",""
B2,3542,10/26/2023 23:35,18.14,0,"","","",""
B2,3543,10/26/2023 23:40,18.14,0,"","","",""
B2,3544,10/26/2023 23:45,17.89,0,"","","",""
B2,3545,10/26/2023 23:50,17.41,0,"","","",""
B2,3546,10/26/2023 23:55,17.29,0,"","","",""
B2,3602,10/27/2023 4:35,15.7,0,"","","",""
B2,3603,10/27/2023 4:40,16.77,0,"","","",""
B2,3604,10/27/2023 4:45,16.9,0,"","","",""
B2,3605,10/27/2023 4:50,17.46,0,"","","",""
B2,3606,10/27/2023 4:55,17.63,0,"","","",""
B2,3607,10/27/2023 5:00,17.8,0,"","","",""
B2,3608,10/27/2023 5:05,17.8,0,"","","",""
B2,3609,10/27/2023 5:10,17.84,0,"","","",""
B2,3610,10/27/2023 5:15,17.84,0,"","","",""
B2,3611,10/27/2023 5:20,17.8,0,"","","",""
B2,3612,10/27/2023 5:25,17.8,0,"","","",""
B2,3613,10/27/2023 5:30,17.8,0,"","","",""
B2,3614,10/27/2023 5:35,17.84,0,"","","",""
B2,3615,10/27/2023 5:40,17.89,0,"","","",""
B2,3616,10/27/2023 5:45,17.84,0,"","","",""
B2,3617,10/27/2023 5:50,17.89,0,"","","",""
B2,3618,10/27/2023 5:55,17.89,0,"","","",""
B2,3619,10/27/2023 6:00,17.89,0,"","","",""
B2,3620,10/27/2023 6:05,17.89,0,"","","",""
B2,3621,10/27/2023 6:10,17.89,0,"","","",""
B2,3622,10/27/2023 6:15,17.89,0,"","","",""
B2,3623,10/27/2023 6:20,17.84,0,"","","",""
B2,3624,10/27/2023 6:25,17.89,0,"","","",""
B2,3625,10/27/2023 6:30,17.84,0,"","","",""
B2,3626,10/27/2023 6:35,17.84,0,"","","",""
B2,3627,10/27/2023 6:40,17.84,0,"","","",""
B2,3628,10/27/2023 6:45,17.93,1.54,"","","",""
B2,3629,10/27/2023 6:50,17.84,10.56,"","","",""
B2,3630,10/27/2023 6:55,17.84,19.86,"","","",""
B2,3631,10/27/2023 7:00,17.97,77.82,"","","",""
B2,3632,10/27/2023 7:05,17.93,175.12,"","","",""
B2,3633,10/27/2023 7:10,17.93,255.76,"","","",""
B2,3634,10/27/2023 7:15,17.89,375.04,"","","",""
B2,3635,10/27/2023 7:20,17.84,582.88,"","","",""
B2,3636,10/27/2023 7:25,17.84,912.32,"","","",""
B2,3637,10/27/2023 7:30,17.93,903.36,"","","",""
B2,3638,10/27/2023 7:35,17.93,1209.92,"","","",""
B2,3639,10/27/2023 7:40,17.84,1246.08,"","","",""
B2,3640,10/27/2023 7:45,17.84,1696.64,"","","",""
B2,3641,10/27/2023 7:50,17.84,1759.36,"","","",""
B2,3642,10/27/2023 7:55,17.89,3041.28,"","","",""
B2,3643,10/27/2023 8:00,17.89,2335.36,"","","",""
B2,3644,10/27/2023 8:05,17.93,542.88,"","","",""
B2,3645,10/27/2023 8:10,17.97,5350.4,"","","",""
B2,3646,10/27/2023 8:15,17.89,4289.28,"","","",""
B2,3647,10/27/2023 8:20,18.02,5233.92,"","","",""
B2,3648,10/27/2023 8:25,18.02,5096.96,"","","",""
B2,3649,10/27/2023 8:30,18.1,4202.24,"","","",""
B2,3650,10/27/2023 8:35,17.97,5680.64,"","","",""
B2,3651,10/27/2023 8:40,17.84,5895.68,"","","",""
B2,3652,10/27/2023 8:45,18.1,9559.04,"","","",""
B2,3653,10/27/2023 8:50,18.02,7472.64,"","","",""
B2,3654,10/27/2023 8:55,18.1,6484.48,"","","",""
B2,3655,10/27/2023 9:00,17.93,4596.48,"","","",""
B2,3656,10/27/2023 9:05,17.93,7275.52,"","","",""
B2,3657,10/27/2023 9:10,18.49,8220.16,"","","",""
B2,3658,10/27/2023 9:15,18.32,16235.52,"","","",""
B2,3659,10/27/2023 9:20,18.32,21442.56,"","","",""
B2,3660,10/27/2023 9:25,18.14,10700.8,"","","",""
B2,3661,10/27/2023 9:30,18.49,19077.12,"","","",""
B2,3662,10/27/2023 9:35,18.74,23889.92,"","","",""
B2,3663,10/27/2023 9:40,18.27,7214.08,"","","",""
B2,3664,10/27/2023 9:45,18.83,29173.76,"","","",""
B2,3665,10/27/2023 9:50,19.22,32696.32,"","","",""
B2,3666,10/27/2023 9:55,19.05,17745.92,"","","",""
B2,3667,10/27/2023 10:00,19,19363.84,"","","",""
B2,3668,10/27/2023 10:05,19.3,41533.44,"","","",""
B2,3669,10/27/2023 10:10,19.3,30586.88,"","","",""
B2,3670,10/27/2023 10:15,19.3,19450.88,"","","",""
B2,3671,10/27/2023 10:20,19.47,25937.92,"","","",""
B2,3672,10/27/2023 10:25,19.56,47616,"","","",""
B2,3673,10/27/2023 10:30,19.82,36884.48,"","","",""
B2,3674,10/27/2023 10:35,19.56,31313.92,"","","",""
B2,3675,10/27/2023 10:40,19.86,44011.52,"","","",""
B2,3676,10/27/2023 10:45,20.12,36188.16,"","","",""
B2,3677,10/27/2023 10:50,20.2,39874.56,"","","",""
B2,3678,10/27/2023 10:55,19.82,68300.8,"","","",""
B2,3679,10/27/2023 11:00,20.2,32460.8,"","","",""
B2,3680,10/27/2023 11:05,20.59,32020.48,"","","",""
B2,3681,10/27/2023 11:10,20.8,45322.24,"","","",""
B2,3682,10/27/2023 11:15,21.02,64061.44,"","","",""
B2,3683,10/27/2023 11:20,20.85,59760.64,"","","",""
B2,3684,10/27/2023 11:25,21.49,81592.32,"","","",""
B2,3685,10/27/2023 11:30,21.19,23019.52,"","","",""
B2,3686,10/27/2023 11:35,21.83,71249.92,"","","",""
B2,3687,10/27/2023 11:40,23.12,100024.32,"","","",""
B2,3688,10/27/2023 11:45,23.29,100147.2,"","","",""
B2,3689,10/27/2023 11:50,23.29,67768.32,"","","",""
B2,3690,10/27/2023 11:55,25.05,69816.32,"","","",""
B2,3691,10/27/2023 12:00,25.18,68669.44,"","","",""
B2,3692,10/27/2023 12:05,26.42,100597.76,"","","",""
B2,3693,10/27/2023 12:10,26.72,100311.04,"","","",""
B2,3694,10/27/2023 12:15,28.01,100352,"","","",""
B2,3695,10/27/2023 12:20,28.74,99942.4,"","","",""
B2,3696,10/27/2023 12:25,29.38,99696.64,"","","",""
B2,3761,10/27/2023 17:50,17.72,2648.32,"","","",""
B2,3762,10/27/2023 17:55,18.14,1758.08,"","","",""
B2,3763,10/27/2023 18:00,18.4,1186.88,"","","",""
B2,3764,10/27/2023 18:05,18.79,705.28,"","","",""
B2,3765,10/27/2023 18:10,18.92,373.92,"","","",""
B2,3766,10/27/2023 18:15,19,82.44,"","","",""
B2,3767,10/27/2023 18:20,19.13,63.34,"","","",""
B2,3768,10/27/2023 18:25,19.09,20.55,"","","",""
B2,3769,10/27/2023 18:30,19.13,3.3,"","","",""
B2,3770,10/27/2023 18:35,19.13,0,"","","",""
B2,3771,10/27/2023 18:40,19.09,0,"","","",""
B2,3772,10/27/2023 18:45,19.13,0,"","","",""
B2,3773,10/27/2023 18:50,19.13,0,"","","",""
B2,3774,10/27/2023 18:55,19.13,0,"","","",""
B2,3775,10/27/2023 19:00,19.09,0,"","","",""
B2,3776,10/27/2023 19:05,19.09,0,"","","",""
B2,3777,10/27/2023 19:10,19.13,0,"","","",""
B2,3778,10/27/2023 19:15,19.13,0,"","","",""
B2,3779,10/27/2023 19:20,19.09,0,"","","",""
B2,3780,10/27/2023 19:25,19.05,0,"","","",""
B2,3781,10/27/2023 19:30,19.05,0,"","","",""
B2,3782,10/27/2023 19:35,19,0,"","","",""
B2,3783,10/27/2023 19:40,19.05,0,"","","",""
B2,3784,10/27/2023 19:45,19,0,"","","",""
B2,3785,10/27/2023 19:50,19,0,"","","",""
B2,3786,10/27/2023 19:55,18.96,0,"","","",""
B2,3787,10/27/2023 20:00,19,0,"","","",""
B2,3788,10/27/2023 20:05,19,0,"","","",""
B2,3789,10/27/2023 20:10,19,0,"","","",""
B2,3790,10/27/2023 20:15,18.96,0,"","","",""
B2,3791,10/27/2023 20:20,18.92,0,"","","",""
B2,3792,10/27/2023 20:25,18.92,0,"","","",""
B2,3793,10/27/2023 20:30,18.87,0,"","","",""
B2,3794,10/27/2023 20:35,18.92,0,"","","",""
B2,3795,10/27/2023 20:40,18.87,0,"","","",""
B2,3796,10/27/2023 20:45,18.92,0,"","","",""
B2,3797,10/27/2023 20:50,18.92,0,"","","",""
B2,3798,10/27/2023 20:55,18.83,0,"","","",""
B2,3799,10/27/2023 21:00,18.83,0,"","","",""
B2,3800,10/27/2023 21:05,18.74,0,"","","",""
B2,3801,10/27/2023 21:10,18.83,0,"","","",""
B2,3802,10/27/2023 21:15,18.83,0,"","","",""
B2,3803,10/27/2023 21:20,18.74,0,"","","",""
B2,3804,10/27/2023 21:25,18.7,0,"","","",""
B2,3805,10/27/2023 21:30,18.7,0,"","","",""
B2,3806,10/27/2023 21:35,18.7,0,"","","",""
B2,3807,10/27/2023 21:40,18.62,0,"","","",""
B2,3808,10/27/2023 21:45,18.7,0,"","","",""
B2,3809,10/27/2023 21:50,18.74,0,"","","",""
B2,3810,10/27/2023 21:55,18.66,0,"","","",""
B2,3811,10/27/2023 22:00,18.66,0,"","","",""
B2,3812,10/27/2023 22:05,18.66,0,"","","",""
B2,3813,10/27/2023 22:10,18.74,0,"","","",""
B2,3814,10/27/2023 22:15,18.66,0,"","","",""
B2,3815,10/27/2023 22:20,18.7,0,"","","",""
B2,3816,10/27/2023 22:25,18.62,0,"","","",""
B2,3817,10/27/2023 22:30,18.62,0,"","","",""
B2,3818,10/27/2023 22:35,18.62,0,"","","",""
B2,3819,10/27/2023 22:40,18.62,0,"","","",""
B2,3820,10/27/2023 22:45,18.66,0,"","","",""
B2,3821,10/27/2023 22:50,18.62,0,"","","",""
B2,3822,10/27/2023 22:55,18.66,0,"","","",""
B2,3823,10/27/2023 23:00,18.7,0,"","","",""
B2,3824,10/27/2023 23:05,18.66,0,"","","",""
B2,3825,10/27/2023 23:10,18.7,0,"","","",""
B2,3826,10/27/2023 23:15,18.7,0,"","","",""
B2,3827,10/27/2023 23:20,18.7,0,"","","",""
B2,3828,10/27/2023 23:25,18.7,0,"","","",""
B2,3829,10/27/2023 23:30,18.66,0,"","","",""
B2,3830,10/27/2023 23:35,18.66,0,"","","",""
B2,3831,10/27/2023 23:40,18.66,0,"","","",""
B2,3832,10/27/2023 23:45,18.66,0,"","","",""
B2,3833,10/27/2023 23:50,18.57,0,"","","",""
B2,3834,10/27/2023 23:55,18.62,0,"","","",""
B2,3835,10/28/2023 0:00,18.62,0,"","","",""
B2,3836,10/28/2023 0:05,18.53,0,"","","",""
B2,3837,10/28/2023 0:10,18.49,0,"","","",""
B2,3838,10/28/2023 0:15,18.49,0,"","","",""
B2,3839,10/28/2023 0:20,18.44,0,"","","",""
B2,3840,10/28/2023 0:25,18.27,0,"","","",""
B2,3841,10/28/2023 0:30,18.14,0,"","","",""
B2,3842,10/28/2023 0:35,18.1,0,"","","",""
B2,3843,10/28/2023 0:40,17.72,0,"","","",""
B2,3844,10/28/2023 0:45,17.33,0,"","","",""
B2,3845,10/28/2023 0:50,16.77,0,"","","",""
B2,3893,10/28/2023 4:50,15.61,0,"","","",""
B2,3894,10/28/2023 4:55,16.69,0,"","","",""
B2,3895,10/28/2023 5:00,17.72,0,"","","",""
B2,3896,10/28/2023 5:05,17.93,0,"","","",""
B2,3897,10/28/2023 5:10,17.97,0,"","","",""
B2,3898,10/28/2023 5:15,18.19,0,"","","",""
B2,3899,10/28/2023 5:20,18.14,0,"","","",""
B2,3900,10/28/2023 5:25,18.23,0,"","","",""
B2,3901,10/28/2023 5:30,18.19,0,"","","",""
B2,3902,10/28/2023 5:35,18.27,0,"","","",""
B2,3903,10/28/2023 5:40,18.19,0,"","","",""
B2,3904,10/28/2023 5:45,18.23,0,"","","",""
B2,3905,10/28/2023 5:50,18.23,0,"","","",""
B2,3906,10/28/2023 5:55,18.27,0,"","","",""
B2,3907,10/28/2023 6:00,18.27,0,"","","",""
B2,3908,10/28/2023 6:05,18.23,0,"","","",""
B2,3909,10/28/2023 6:10,18.23,0,"","","",""
B2,3910,10/28/2023 6:15,18.19,0,"","","",""
B2,3911,10/28/2023 6:20,18.23,0,"","","",""
B2,3912,10/28/2023 6:25,18.27,0,"","","",""
B2,3913,10/28/2023 6:30,18.23,0,"","","",""
B2,3914,10/28/2023 6:35,18.27,0,"","","",""
B2,3915,10/28/2023 6:40,18.23,0,"","","",""
B2,3916,10/28/2023 6:45,18.14,1.1,"","","",""
B2,3917,10/28/2023 6:50,18.1,13.67,"","","",""
B2,3918,10/28/2023 6:55,18.1,20.74,"","","",""
B2,3919,10/28/2023 7:00,18.02,6.6,"","","",""
B2,3920,10/28/2023 7:05,17.97,164.56,"","","",""
B2,3921,10/28/2023 7:10,17.97,254.88,"","","",""
B2,3922,10/28/2023 7:15,17.93,366.56,"","","",""
B2,3923,10/28/2023 7:20,17.93,701.76,"","","",""
B2,3924,10/28/2023 7:25,17.93,699.2,"","","",""
B2,3925,10/28/2023 7:30,17.93,604.96,"","","",""
B2,3926,10/28/2023 7:35,17.93,807.36,"","","",""
B2,3927,10/28/2023 7:40,17.93,1727.36,"","","",""
B2,3928,10/28/2023 7:45,17.97,1145.6,"","","",""
B2,3929,10/28/2023 7:50,17.93,1007.36,"","","",""
B2,3930,10/28/2023 7:55,18.06,2081.28,"","","",""
B2,3931,10/28/2023 8:00,18.02,2703.36,"","","",""
B2,3932,10/28/2023 8:05,17.93,3120.64,"","","",""
B2,3933,10/28/2023 8:10,18.06,3421.44,"","","",""
B2,3934,10/28/2023 8:15,18.06,4401.92,"","","",""
B2,3935,10/28/2023 8:20,18.1,1260.8,"","","",""
B2,3936,10/28/2023 8:25,18.1,6018.56,"","","",""
B2,3937,10/28/2023 8:30,18.06,7367.68,"","","",""
B2,3938,10/28/2023 8:35,18.06,4896,"","","",""
B2,3939,10/28/2023 8:40,18.02,10263.04,"","","",""
B2,3940,10/28/2023 8:45,17.93,5926.4,"","","",""
B2,3941,10/28/2023 8:50,17.84,8207.36,"","","",""
B2,3942,10/28/2023 8:55,17.8,8860.16,"","","",""
B2,3943,10/28/2023 9:00,17.8,5836.8,"","","",""
B2,3944,10/28/2023 9:05,17.8,10480.64,"","","",""
B2,3945,10/28/2023 9:10,17.76,10613.76,"","","",""
B2,3946,10/28/2023 9:15,17.67,6663.68,"","","",""
B2,3947,10/28/2023 9:20,17.67,11735.04,"","","",""
B2,3948,10/28/2023 9:25,17.5,13813.76,"","","",""
B2,3949,10/28/2023 9:30,17.41,8975.36,"","","",""
B2,3950,10/28/2023 9:35,17.5,9981.44,"","","",""
B2,3951,10/28/2023 9:40,17.33,6502.4,"","","",""
B2,3952,10/28/2023 9:45,17.54,14868.48,"","","",""
B2,3953,10/28/2023 9:50,17.41,9482.24,"","","",""
B2,3954,10/28/2023 9:55,17.29,18795.52,"","","",""
B2,3955,10/28/2023 10:00,17.67,17868.8,"","","",""
B2,3956,10/28/2023 10:05,17.46,13690.88,"","","",""
B2,3957,10/28/2023 10:10,17.63,19358.72,"","","",""
B2,3958,10/28/2023 10:15,17.5,21739.52,"","","",""
B2,3959,10/28/2023 10:20,17.41,5606.4,"","","",""
B2,3960,10/28/2023 10:25,17.72,8460.8,"","","",""
B2,3961,10/28/2023 10:30,17.76,19978.24,"","","",""
B2,3962,10/28/2023 10:35,17.67,12835.84,"","","",""
B2,3963,10/28/2023 10:40,18.06,15329.28,"","","",""
B2,3964,10/28/2023 10:45,17.8,29091.84,"","","",""
B2,3965,10/28/2023 10:50,18.19,18432,"","","",""
B2,3966,10/28/2023 10:55,18.14,15534.08,"","","",""
B2,3967,10/28/2023 11:00,18.02,18708.48,"","","",""
B2,3968,10/28/2023 11:05,17.8,9100.8,"","","",""
B2,3969,10/28/2023 11:10,18.27,23091.2,"","","",""
B2,3970,10/28/2023 11:15,18.32,8115.2,"","","",""
B2,3971,10/28/2023 11:20,18.14,30146.56,"","","",""
B2,3972,10/28/2023 11:25,18.49,26869.76,"","","",""
B2,3973,10/28/2023 11:30,18.19,7444.48,"","","",""
B2,3974,10/28/2023 11:35,18.49,32235.52,"","","",""
B2,3975,10/28/2023 11:40,18.74,14832.64,"","","",""
B2,3976,10/28/2023 11:45,18.79,20485.12,"","","",""
B2,3977,10/28/2023 11:50,18.87,29696,"","","",""
B2,3978,10/28/2023 11:55,19.3,43479.04,"","","",""
B2,3979,10/28/2023 12:00,19.69,40048.64,"","","",""
B2,3980,10/28/2023 12:05,20.33,25528.32,"","","",""
B2,3981,10/28/2023 12:10,20.55,35696.64,"","","",""
B2,3982,10/28/2023 12:15,21.15,36689.92,"","","",""
B2,3983,10/28/2023 12:20,21.58,56299.52,"","","",""
B2,3984,10/28/2023 12:25,22.52,98959.36,"","","",""
B2,3985,10/28/2023 12:30,23.81,75898.88,"","","",""
B2,3986,10/28/2023 12:35,24.11,93511.68,"","","",""
B2,3987,10/28/2023 12:40,25.31,86097.92,"","","",""
B2,3988,10/28/2023 12:45,26.34,98263.04,"","","",""
B2,3989,10/28/2023 12:50,27.07,102031.36,"","","",""
B2,3990,10/28/2023 12:55,28.18,99614.72,"","","",""
B2,4061,10/28/2023 18:50,16.86,0,"","","",""
B2,4062,10/28/2023 18:55,17.46,0,"","","",""
B2,4063,10/28/2023 19:00,17.8,0,"","","",""
B2,4064,10/28/2023 19:05,18.19,0,"","","",""
B2,4065,10/28/2023 19:10,18.23,0,"","","",""
B2,4066,10/28/2023 19:15,18.36,0,"","","",""
B2,4067,10/28/2023 19:20,18.44,0,"","","",""
B2,4068,10/28/2023 19:25,18.36,0,"","","",""
B2,4069,10/28/2023 19:30,18.4,0,"","","",""
B2,4070,10/28/2023 19:35,18.4,0,"","","",""
B2,4071,10/28/2023 19:40,18.36,0,"","","",""
B2,4072,10/28/2023 19:45,18.44,0,"","","",""
B2,4073,10/28/2023 19:50,18.32,0,"","","",""
B2,4074,10/28/2023 19:55,18.32,0,"","","",""
B2,4075,10/28/2023 20:00,18.27,0,"","","",""
B2,4076,10/28/2023 20:05,18.14,0,"","","",""
B2,4077,10/28/2023 20:10,18.1,0,"","","",""
B2,4078,10/28/2023 20:15,18.06,0,"","","",""
B2,4079,10/28/2023 20:20,17.97,0,"","","",""
B2,4080,10/28/2023 20:25,17.84,0,"","","",""
B2,4081,10/28/2023 20:30,17.76,0,"","","",""
B2,4082,10/28/2023 20:35,17.76,0,"","","",""
B2,4083,10/28/2023 20:40,17.72,0,"","","",""
B2,4084,10/28/2023 20:45,17.63,0,"","","",""
B2,4085,10/28/2023 20:50,17.54,0,"","","",""
B2,4086,10/28/2023 20:55,17.59,0,"","","",""
B2,4087,10/28/2023 21:00,17.59,0,"","","",""
B2,4088,10/28/2023 21:05,17.5,0,"","","",""
B2,4089,10/28/2023 21:10,17.5,0,"","","",""
B2,4090,10/28/2023 21:15,17.54,0,"","","",""
B2,4091,10/28/2023 21:20,17.54,0,"","","",""
B2,4092,10/28/2023 21:25,17.54,0,"","","",""
B2,4093,10/28/2023 21:30,17.63,0,"","","",""
B2,4094,10/28/2023 21:35,17.59,0,"","","",""
B2,4095,10/28/2023 21:40,17.5,0,"","","",""
B2,4096,10/28/2023 21:45,17.59,0,"","","",""
B2,4097,10/28/2023 21:50,17.59,0,"","","",""
B2,4098,10/28/2023 21:55,17.72,0,"","","",""
B2,4099,10/28/2023 22:00,17.63,0,"","","",""
B2,4100,10/28/2023 22:05,17.54,0,"","","",""
B2,4101,10/28/2023 22:10,17.59,0,"","","",""
B2,4102,10/28/2023 22:15,17.63,0,"","","",""
B2,4103,10/28/2023 22:20,17.63,0,"","","",""
B2,4104,10/28/2023 22:25,17.63,0,"","","",""
B2,4105,10/28/2023 22:30,17.63,0,"","","",""
B2,4106,10/28/2023 22:35,17.59,0,"","","",""
B2,4107,10/28/2023 22:40,17.54,0,"","","",""
B2,4108,10/28/2023 22:45,17.54,0,"","","",""
B2,4109,10/28/2023 22:50,17.5,0,"","","",""
B2,4110,10/28/2023 22:55,17.5,0,"","","",""
B2,4111,10/28/2023 23:00,17.54,0,"","","",""
B2,4112,10/28/2023 23:05,17.59,0,"","","",""
B2,4113,10/28/2023 23:10,17.5,0,"","","",""
B2,4114,10/28/2023 23:15,17.54,0,"","","",""
B2,4115,10/28/2023 23:20,17.5,0,"","","",""
B2,4116,10/28/2023 23:25,17.46,0,"","","",""
B2,4117,10/28/2023 23:30,17.5,0,"","","",""
B2,4118,10/28/2023 23:35,17.54,0,"","","",""
B2,4119,10/28/2023 23:40,17.5,0,"","","",""
B2,4120,10/28/2023 23:45,17.41,0,"","","",""
B2,4121,10/28/2023 23:50,17.5,0,"","","",""
B2,4122,10/28/2023 23:55,17.46,0,"","","",""
B2,4123,10/29/2023 0:00,17.41,0,"","","",""
B2,4124,10/29/2023 0:05,17.37,0,"","","",""
B2,4125,10/29/2023 0:10,17.41,0,"","","",""
B2,4126,10/29/2023 0:15,17.41,0,"","","",""
B2,4127,10/29/2023 0:20,17.41,0,"","","",""
B2,4128,10/29/2023 0:25,17.41,0,"","","",""
B2,4129,10/29/2023 0:30,17.37,0,"","","",""
B2,4130,10/29/2023 0:35,17.37,0,"","","",""
B2,4131,10/29/2023 0:40,17.33,0,"","","",""
B2,4132,10/29/2023 0:45,17.37,0,"","","",""
B2,4133,10/29/2023 0:50,17.29,0,"","","",""
B2,4134,10/29/2023 0:55,17.29,0,"","","",""
B2,4135,10/29/2023 1:00,17.24,0,"","","",""
B2,4136,10/29/2023 1:05,17.29,0,"","","",""
B2,4137,10/29/2023 1:10,17.11,0,"","","",""
B2,4138,10/29/2023 1:15,17.11,0,"","","",""
B2,4139,10/29/2023 1:20,17.03,0,"","","",""
B2,4140,10/29/2023 1:25,16.9,0,"","","",""
B2,4141,10/29/2023 1:30,16.69,0,"","","",""
B2,4142,10/29/2023 1:35,16.77,0,"","","",""
B2,4143,10/29/2023 1:40,16.64,0,"","","",""
B2,4144,10/29/2023 1:45,16,0,"","","",""
B2,4145,10/29/2023 1:50,16,0,"","","",""
B2,4182,10/29/2023 4:55,15.31,0,"","","",""
B2,4183,10/29/2023 5:00,15.78,0,"","","",""
B2,4184,10/29/2023 5:05,16.21,0,"","","",""
B2,4185,10/29/2023 5:10,16.43,0,"","","",""
B2,4186,10/29/2023 5:15,16.64,0,"","","",""
B2,4187,10/29/2023 5:20,16.81,0,"","","",""
B2,4188,10/29/2023 5:25,16.94,0,"","","",""
B2,4189,10/29/2023 5:30,16.9,0,"","","",""
B2,4190,10/29/2023 5:35,16.94,0,"","","",""
B2,4191,10/29/2023 5:40,16.94,0,"","","",""
B2,4192,10/29/2023 5:45,16.99,0,"","","",""
B2,4193,10/29/2023 5:50,16.99,0,"","","",""
B2,4194,10/29/2023 5:55,17.03,0,"","","",""
B2,4195,10/29/2023 6:00,17.07,0,"","","",""
B2,4196,10/29/2023 6:05,17.11,0,"","","",""
B2,4197,10/29/2023 6:10,17.11,0,"","","",""
B2,4198,10/29/2023 6:15,17.16,0,"","","",""
B2,4199,10/29/2023 6:20,17.11,0,"","","",""
B2,4200,10/29/2023 6:25,17.11,0,"","","",""
B2,4201,10/29/2023 6:30,17.16,0,"","","",""
B2,4202,10/29/2023 6:35,17.16,0,"","","",""
B2,4203,10/29/2023 6:40,17.2,0,"","","",""
B2,4204,10/29/2023 6:45,17.24,3.08,"","","",""
B2,4205,10/29/2023 6:50,17.16,10.12,"","","",""
B2,4206,10/29/2023 6:55,17.2,32.3,"","","",""
B2,4207,10/29/2023 7:00,17.16,93,"","","",""
B2,4208,10/29/2023 7:05,17.24,107.08,"","","",""
B2,4209,10/29/2023 7:10,17.29,324.72,"","","",""
B2,4210,10/29/2023 7:15,17.33,154.76,"","","",""
B2,4211,10/29/2023 7:20,17.37,755.84,"","","",""
B2,4212,10/29/2023 7:25,17.29,457.44,"","","",""
B2,4213,10/29/2023 7:30,17.41,872.64,"","","",""
B2,4214,10/29/2023 7:35,17.41,1504,"","","",""
B2,4215,10/29/2023 7:40,17.54,2840.32,"","","",""
B2,4216,10/29/2023 7:45,17.46,1544.96,"","","",""
B2,4217,10/29/2023 7:50,17.59,2234.88,"","","",""
B2,4218,10/29/2023 7:55,17.59,3033.6,"","","",""
B2,4219,10/29/2023 8:00,17.63,4268.8,"","","",""
B2,4220,10/29/2023 8:05,17.72,4385.28,"","","",""
B2,4221,10/29/2023 8:10,17.67,4401.92,"","","",""
B2,4222,10/29/2023 8:15,17.8,8079.36,"","","",""
B2,4223,10/29/2023 8:20,17.93,10823.68,"","","",""
B2,4224,10/29/2023 8:25,17.89,8184.32,"","","",""
B2,4225,10/29/2023 8:30,17.89,10613.76,"","","",""
B2,4226,10/29/2023 8:35,17.93,12876.8,"","","",""
B2,4227,10/29/2023 8:40,17.93,9940.48,"","","",""
B2,4228,10/29/2023 8:45,17.89,7564.8,"","","",""
B2,4229,10/29/2023 8:50,17.97,12149.76,"","","",""
B2,4230,10/29/2023 8:55,17.97,11530.24,"","","",""
B2,4231,10/29/2023 9:00,17.89,13987.84,"","","",""
B2,4232,10/29/2023 9:05,17.89,8967.68,"","","",""
B2,4233,10/29/2023 9:10,17.97,11658.24,"","","",""
B2,4234,10/29/2023 9:15,17.93,11883.52,"","","",""
B2,4235,10/29/2023 9:20,17.84,12226.56,"","","",""
B2,4236,10/29/2023 9:25,17.93,15820.8,"","","",""
B2,4237,10/29/2023 9:30,17.84,17971.2,"","","",""
B2,4238,10/29/2023 9:35,17.8,10767.36,"","","",""
B2,4239,10/29/2023 9:40,17.84,16814.08,"","","",""
B2,4240,10/29/2023 9:45,17.93,28508.16,"","","",""
B2,4241,10/29/2023 9:50,17.93,18723.84,"","","",""
B2,4242,10/29/2023 9:55,17.76,22507.52,"","","",""
B2,4243,10/29/2023 10:00,17.67,14131.2,"","","",""
B2,4244,10/29/2023 10:05,17.84,25866.24,"","","",""
B2,4245,10/29/2023 10:10,17.76,16640,"","","",""
B2,4246,10/29/2023 10:15,17.63,14796.8,"","","",""
B2,4247,10/29/2023 10:20,17.84,27484.16,"","","",""
B2,4248,10/29/2023 10:25,17.63,25518.08,"","","",""
B2,4249,10/29/2023 10:30,17.76,13399.04,"","","",""
B2,4250,10/29/2023 10:35,17.41,24811.52,"","","",""
B2,4251,10/29/2023 10:40,17.76,33863.68,"","","",""
B2,4252,10/29/2023 10:45,17.93,36167.68,"","","",""
B2,4253,10/29/2023 10:50,17.54,11412.48,"","","",""
B2,4254,10/29/2023 10:55,17.76,23459.84,"","","",""
B2,4255,10/29/2023 11:00,17.93,38389.76,"","","",""
B2,4256,10/29/2023 11:05,17.8,33597.44,"","","",""
B2,4257,10/29/2023 11:10,17.93,22579.2,"","","",""
B2,4258,10/29/2023 11:15,17.8,30341.12,"","","",""
B2,4259,10/29/2023 11:20,17.89,26603.52,"","","",""
B2,4260,10/29/2023 11:25,17.97,25866.24,"","","",""
B2,4261,10/29/2023 11:30,18.49,56545.28,"","","",""
B2,4262,10/29/2023 11:35,18.57,37457.92,"","","",""
B2,4263,10/29/2023 11:40,18.49,44032,"","","",""
B2,4264,10/29/2023 11:45,18.53,28016.64,"","","",""
B2,4265,10/29/2023 11:50,18.44,44339.2,"","","",""
B2,4266,10/29/2023 11:55,18.83,40816.64,"","","",""
B2,4267,10/29/2023 12:00,18.79,791.68,"","","",""
B2,4268,10/29/2023 12:05,18.79,24944.64,"","","",""
B2,4269,10/29/2023 12:10,19.3,44482.56,"","","",""
B2,4270,10/29/2023 12:15,19.6,14115.84,"","","",""
B2,4271,10/29/2023 12:20,19.73,52981.76,"","","",""
B2,4272,10/29/2023 12:25,20.33,12190.72,"","","",""
B2,4273,10/29/2023 12:30,20.29,61788.16,"","","",""
B2,4274,10/29/2023 12:35,20.07,47943.68,"","","",""
B2,4275,10/29/2023 12:40,20.55,53555.2,"","","",""
B2,4276,10/29/2023 12:45,20.76,53145.6,"","","",""
B2,4277,10/29/2023 12:50,20.63,60743.68,"","","",""
B2,4278,10/29/2023 12:55,21.28,56852.48,"","","",""
B2,4279,10/29/2023 13:00,22.22,48291.84,"","","",""
B2,4280,10/29/2023 13:05,22.86,49684.48,"","","",""
B2,4281,10/29/2023 13:10,23.21,63508.48,"","","",""
B2,4282,10/29/2023 13:15,24.62,77762.56,"","","",""
B2,4283,10/29/2023 13:20,24.62,60538.88,"","","",""
B2,4284,10/29/2023 13:25,26.68,92241.92,"","","",""
B2,4285,10/29/2023 13:30,27.58,90112,"","","",""
B2,4362,10/29/2023 19:55,14.84,0,"","","",""
B2,4363,10/29/2023 20:00,15.48,0,"","","",""
B2,4364,10/29/2023 20:05,16.08,0,"","","",""
B2,4365,10/29/2023 20:10,16.64,0,"","","",""
B2,4366,10/29/2023 20:15,16.94,0,"","","",""
B2,4367,10/29/2023 20:20,17.11,0,"","","",""
B2,4368,10/29/2023 20:25,17.2,0,"","","",""
B2,4369,10/29/2023 20:30,17.24,0,"","","",""
B2,4370,10/29/2023 20:35,17.29,0,"","","",""
B2,4371,10/29/2023 20:40,17.24,0,"","","",""
B2,4372,10/29/2023 20:45,17.33,0,"","","",""
B2,4373,10/29/2023 20:50,17.33,0,"","","",""
B2,4374,10/29/2023 20:55,17.29,0,"","","",""
B2,4375,10/29/2023 21:00,17.29,0,"","","",""
B2,4376,10/29/2023 21:05,17.33,0,"","","",""
B2,4377,10/29/2023 21:10,17.37,0,"","","",""
B2,4378,10/29/2023 21:15,17.33,0,"","","",""
B2,4379,10/29/2023 21:20,17.41,0,"","","",""
B2,4380,10/29/2023 21:25,17.41,0,"","","",""
B2,4381,10/29/2023 21:30,17.41,0,"","","",""
B2,4382,10/29/2023 21:35,17.37,0,"","","",""
B2,4383,10/29/2023 21:40,17.46,0,"","","",""
B2,4384,10/29/2023 21:45,17.37,0,"","","",""
B2,4385,10/29/2023 21:50,17.41,0,"","","",""
B2,4386,10/29/2023 21:55,17.37,0,"","","",""
B2,4387,10/29/2023 22:00,17.46,0,"","","",""
B2,4388,10/29/2023 22:05,17.41,0,"","","",""
B2,4389,10/29/2023 22:10,17.46,0,"","","",""
B2,4390,10/29/2023 22:15,17.5,0,"","","",""
B2,4391,10/29/2023 22:20,17.46,0,"","","",""
B2,4392,10/29/2023 22:25,17.5,0,"","","",""
B2,4393,10/29/2023 22:30,17.5,0,"","","",""
B2,4394,10/29/2023 22:35,17.5,0,"","","",""
B2,4395,10/29/2023 22:40,17.46,0,"","","",""
B2,4396,10/29/2023 22:45,17.41,0,"","","",""
B2,4397,10/29/2023 22:50,17.41,0,"","","",""
B2,4398,10/29/2023 22:55,17.33,0,"","","",""
B2,4399,10/29/2023 23:00,17.29,0,"","","",""
B2,4400,10/29/2023 23:05,17.11,0,"","","",""
B2,4401,10/29/2023 23:10,16.99,0,"","","",""
B2,4402,10/29/2023 23:15,16.9,0,"","","",""
B2,4403,10/29/2023 23:20,16.86,0,"","","",""
B2,4404,10/29/2023 23:25,16.77,0,"","","",""
B2,4405,10/29/2023 23:30,16.77,0,"","","",""
B2,4406,10/29/2023 23:35,16.81,0,"","","",""
B2,4407,10/29/2023 23:40,16.86,0,"","","",""
B2,4408,10/29/2023 23:45,16.94,0,"","","",""
B2,4409,10/29/2023 23:50,17.03,0,"","","",""
B2,4410,10/29/2023 23:55,16.99,0,"","","",""
B2,4411,10/30/2023 0:00,17.03,0,"","","",""
B2,4412,10/30/2023 0:05,17.11,0,"","","",""
B2,4413,10/30/2023 0:10,17.16,0,"","","",""
B2,4414,10/30/2023 0:15,17.16,0,"","","",""
B2,4415,10/30/2023 0:20,17.11,0,"","","",""
B2,4416,10/30/2023 0:25,17.16,0,"","","",""
B2,4417,10/30/2023 0:30,17.24,0,"","","",""
B2,4418,10/30/2023 0:35,17.29,0,"","","",""
B2,4419,10/30/2023 0:40,17.24,0,"","","",""
B2,4420,10/30/2023 0:45,17.24,0,"","","",""
B2,4421,10/30/2023 0:50,17.29,0,"","","",""
B2,4422,10/30/2023 0:55,17.2,0,"","","",""
B2,4423,10/30/2023 1:00,17.24,0,"","","",""
B2,4424,10/30/2023 1:05,17.2,0,"","","",""
B2,4425,10/30/2023 1:10,17.2,0,"","","",""
B2,4426,10/30/2023 1:15,17.11,0,"","","",""
B2,4427,10/30/2023 1:20,17.11,0,"","","",""
B2,4428,10/30/2023 1:25,17.16,0,"","","",""
B2,4429,10/30/2023 1:30,17.07,0,"","","",""
B2,4430,10/30/2023 1:35,17.07,0,"","","",""
B2,4431,10/30/2023 1:40,17.07,0,"","","",""
B2,4432,10/30/2023 1:45,16.94,0,"","","",""
B2,4433,10/30/2023 1:50,17.03,0,"","","",""
B2,4434,10/30/2023 1:55,16.9,0,"","","",""
B2,4435,10/30/2023 2:00,16.9,0,"","","",""
B2,4436,10/30/2023 2:05,16.69,0,"","","",""
B2,4437,10/30/2023 2:10,16.64,0,"","","",""
B2,4438,10/30/2023 2:15,16.56,0,"","","",""
B2,4439,10/30/2023 2:20,16.69,0,"","","",""
B2,4440,10/30/2023 2:25,16.13,0,"","","",""
B2,4441,10/30/2023 2:30,16.34,0,"","","",""
B2,4442,10/30/2023 2:35,15.74,0,"","","",""
B2,4443,10/30/2023 2:40,15.23,0,"","","",""
B2,4444,10/30/2023 2:45,15.14,0,"","","",""
B2,4445,10/30/2023 2:50,15.44,0,"","","",""
B2,4446,10/30/2023 2:55,14.37,0,"","","",""
B2,4447,10/30/2023 3:00,13.64,0,"","","",""
B2,4466,10/30/2023 4:35,11.84,0,"","","",""
B2,4467,10/30/2023 4:40,11.71,0,"","","",""
B2,4468,10/30/2023 4:45,12.35,0,"","","",""
B2,4469,10/30/2023 4:50,13.38,0,"","","",""
B2,4470,10/30/2023 4:55,13.94,0,"","","",""
B2,4471,10/30/2023 5:00,14.67,0,"","","",""
B2,4472,10/30/2023 5:05,15.23,0,"","","",""
B2,4473,10/30/2023 5:10,15.06,0,"","","",""
B2,4474,10/30/2023 5:15,15.31,0,"","","",""
B2,4475,10/30/2023 5:20,15.48,0,"","","",""
B2,4476,10/30/2023 5:25,15.61,0,"","","",""
B2,4477,10/30/2023 5:30,16,0,"","","",""
B2,4478,10/30/2023 5:35,16.08,0,"","","",""
B2,4479,10/30/2023 5:40,16.17,0,"","","",""
B2,4480,10/30/2023 5:45,16.13,0,"","","",""
B2,4481,10/30/2023 5:50,16.34,0,"","","",""
B2,4482,10/30/2023 5:55,16.34,0,"","","",""
B2,4483,10/30/2023 6:00,16.34,0,"","","",""
B2,4484,10/30/2023 6:05,16.34,0,"","","",""
B2,4485,10/30/2023 6:10,16.3,0,"","","",""
B2,4486,10/30/2023 6:15,16.39,0,"","","",""
B2,4487,10/30/2023 6:20,16.47,0,"","","",""
B2,4488,10/30/2023 6:25,16.47,0,"","","",""
B2,4489,10/30/2023 6:30,16.56,0,"","","",""
B2,4490,10/30/2023 6:35,16.56,0,"","","",""
B2,4491,10/30/2023 6:40,16.73,0.44,"","","",""
B2,4492,10/30/2023 6:45,16.69,2.86,"","","",""
B2,4493,10/30/2023 6:50,16.73,12.57,"","","",""
B2,4494,10/30/2023 6:55,16.77,33.18,"","","",""
B2,4495,10/30/2023 7:00,16.73,98.4,"","","",""
B2,4496,10/30/2023 7:05,16.73,172.48,"","","",""
B2,4497,10/30/2023 7:10,16.73,344.48,"","","",""
B2,4498,10/30/2023 7:15,16.86,571.84,"","","",""
B2,4499,10/30/2023 7:20,16.9,967.68,"","","",""
B2,4500,10/30/2023 7:25,16.99,1164.16,"","","",""
B2,4501,10/30/2023 7:30,16.99,1379.84,"","","",""
B2,4502,10/30/2023 7:35,17.16,2832.64,"","","",""
B2,4503,10/30/2023 7:40,17.33,3415.04,"","","",""
B2,4504,10/30/2023 7:45,17.41,6392.32,"","","",""
B2,4505,10/30/2023 7:50,17.37,4526.08,"","","",""
B2,4506,10/30/2023 7:55,17.41,4881.92,"","","",""
B2,4507,10/30/2023 8:00,17.54,7037.44,"","","",""
B2,4508,10/30/2023 8:05,17.76,7790.08,"","","",""
B2,4509,10/30/2023 8:10,17.89,13271.04,"","","",""
B2,4510,10/30/2023 8:15,17.97,9108.48,"","","",""
B2,4511,10/30/2023 8:20,18.06,952.64,"","","",""
B2,4512,10/30/2023 8:25,17.8,10608.64,"","","",""
B2,4513,10/30/2023 8:30,18.14,11432.96,"","","",""
B2,4514,10/30/2023 8:35,18.19,11919.36,"","","",""
B2,4515,10/30/2023 8:40,18.06,10982.4,"","","",""
B2,4516,10/30/2023 8:45,18.1,10792.96,"","","",""
B2,4517,10/30/2023 8:50,18.1,13480.96,"","","",""
B2,4518,10/30/2023 8:55,18.53,15150.08,"","","",""
B2,4519,10/30/2023 9:00,18.53,14935.04,"","","",""
B2,4520,10/30/2023 9:05,18.4,19983.36,"","","",""
B2,4521,10/30/2023 9:10,18.4,14397.44,"","","",""
B2,4522,10/30/2023 9:15,18.53,21381.12,"","","",""
B2,4523,10/30/2023 9:20,18.79,37498.88,"","","",""
B2,4524,10/30/2023 9:25,18.74,25128.96,"","","",""
B2,4525,10/30/2023 9:30,18.44,24217.6,"","","",""
B2,4526,10/30/2023 9:35,18.53,17059.84,"","","",""
B2,4527,10/30/2023 9:40,17.97,15257.6,"","","",""
B2,4528,10/30/2023 9:45,18.27,24360.96,"","","",""
B2,4529,10/30/2023 9:50,18.66,19266.56,"","","",""
B2,4530,10/30/2023 9:55,18.66,21944.32,"","","",""
B2,4531,10/30/2023 10:00,18.36,8522.24,"","","",""
B2,4532,10/30/2023 10:05,18.23,20264.96,"","","",""
B2,4533,10/30/2023 10:10,18.32,19000.32,"","","",""
B2,4534,10/30/2023 10:15,18.74,24975.36,"","","",""
B2,4535,10/30/2023 10:20,18.66,16942.08,"","","",""
B2,4536,10/30/2023 10:25,18.66,26142.72,"","","",""
B2,4537,10/30/2023 10:30,19.13,33484.8,"","","",""
B2,4538,10/30/2023 10:35,18.83,21340.16,"","","",""
B2,4539,10/30/2023 10:40,19.13,30976,"","","",""
B2,4540,10/30/2023 10:45,19.09,25600,"","","",""
B2,4541,10/30/2023 10:50,19.6,29429.76,"","","",""
B2,4542,10/30/2023 10:55,19.17,31119.36,"","","",""
B2,4543,10/30/2023 11:00,19.52,38912,"","","",""
B2,4544,10/30/2023 11:05,19.39,27637.76,"","","",""
B2,4545,10/30/2023 11:10,19.43,25548.8,"","","",""
B2,4546,10/30/2023 11:15,19.69,34344.96,"","","",""
B2,4547,10/30/2023 11:20,19.22,21002.24,"","","",""
B2,4548,10/30/2023 11:25,19.52,30638.08,"","","",""
B2,4549,10/30/2023 11:30,19.86,26009.6,"","","",""
B2,4550,10/30/2023 11:35,19.99,27432.96,"","","",""
B2,4551,10/30/2023 11:40,20.03,68505.6,"","","",""
B2,4552,10/30/2023 11:45,20.37,37744.64,"","","",""
B2,4553,10/30/2023 11:50,20.37,42803.2,"","","",""
B2,4554,10/30/2023 11:55,20.37,36444.16,"","","",""
B2,4555,10/30/2023 12:00,20.2,44871.68,"","","",""
B2,4556,10/30/2023 12:05,20.29,35553.28,"","","",""
B2,4557,10/30/2023 12:10,20.55,54190.08,"","","",""
B2,4558,10/30/2023 12:15,20.72,44789.76,"","","",""
B2,4559,10/30/2023 12:20,20.93,35082.24,"","","",""
B2,4560,10/30/2023 12:25,20.85,59453.44,"","","",""
B2,4561,10/30/2023 12:30,20.63,37140.48,"","","",""
B2,4562,10/30/2023 12:35,21.15,50565.12,"","","",""
B2,4563,10/30/2023 12:40,21.06,73994.24,"","","",""
B2,4564,10/30/2023 12:45,21.19,38912,"","","",""
B2,4565,10/30/2023 12:50,21.28,55541.76,"","","",""
B2,4566,10/30/2023 12:55,20.85,50565.12,"","","",""
B2,4567,10/30/2023 13:00,21.53,68218.88,"","","",""
B2,4568,10/30/2023 13:05,21.49,63959.04,"","","",""
B2,4569,10/30/2023 13:10,21.45,42393.6,"","","",""
B2,4570,10/30/2023 13:15,21.62,58408.96,"","","",""
B2,4571,10/30/2023 13:20,21.79,61460.48,"","","",""
B2,4572,10/30/2023 13:25,21.92,57569.28,"","","",""
B2,4573,10/30/2023 13:30,22.35,81797.12,"","","",""
B2,4574,10/30/2023 13:35,23.16,37222.4,"","","",""
B2,4575,10/30/2023 13:40,23.55,80977.92,"","","",""
B2,4576,10/30/2023 13:45,24.32,89292.8,"","","",""
B2,4577,10/30/2023 13:50,24.75,88678.4,"","","",""
B2,4578,10/30/2023 13:55,25.14,81776.64,"","","",""
B2,4579,10/30/2023 14:00,25.99,89374.72,"","","",""
B2,4580,10/30/2023 14:05,26.51,85852.16,"","","",""
B2,4581,10/30/2023 14:10,27.8,86671.36,"","","",""
B2,4582,10/30/2023 14:15,27.28,86179.84,"","","",""
B2,4583,10/30/2023 14:20,28.27,88514.56,"","","",""
B2,4661,10/30/2023 20:50,14.88,0,"","","",""
B2,4662,10/30/2023 20:55,13.38,0,"","","",""
B2,4663,10/30/2023 21:00,14.24,0,"","","",""
B2,4664,10/30/2023 21:05,14.37,0,"","","",""
B2,4665,10/30/2023 21:10,15.96,0,"","","",""
B2,4666,10/30/2023 21:15,16.47,0,"","","",""
B2,4667,10/30/2023 21:20,16.77,0,"","","",""
B2,4668,10/30/2023 21:25,16.99,0,"","","",""
B2,4669,10/30/2023 21:30,17.16,0,"","","",""
B2,4670,10/30/2023 21:35,17.16,0,"","","",""
B2,4671,10/30/2023 21:40,17.29,0,"","","",""
B2,4672,10/30/2023 21:45,17.29,0,"","","",""
B2,4673,10/30/2023 21:50,17.29,0,"","","",""
B2,4674,10/30/2023 21:55,17.24,0,"","","",""
B2,4675,10/30/2023 22:00,17.37,0,"","","",""
B2,4676,10/30/2023 22:05,17.37,0,"","","",""
B2,4677,10/30/2023 22:10,17.5,0,"","","",""
B2,4678,10/30/2023 22:15,17.5,0,"","","",""
B2,4679,10/30/2023 22:20,17.54,0,"","","",""
B2,4680,10/30/2023 22:25,17.5,0,"","","",""
B2,4681,10/30/2023 22:30,17.54,0,"","","",""
B2,4682,10/30/2023 22:35,17.59,0,"","","",""
B2,4683,10/30/2023 22:40,17.63,0,"","","",""
B2,4684,10/30/2023 22:45,17.59,0,"","","",""
B2,4685,10/30/2023 22:50,17.59,0,"","","",""
B2,4686,10/30/2023 22:55,17.63,0,"","","",""
B2,4687,10/30/2023 23:00,17.67,0,"","","",""
B2,4688,10/30/2023 23:05,17.63,0,"","","",""
B2,4689,10/30/2023 23:10,17.63,0,"","","",""
B2,4690,10/30/2023 23:15,17.63,0,"","","",""
B2,4691,10/30/2023 23:20,17.63,0,"","","",""
B2,4692,10/30/2023 23:25,17.63,0,"","","",""
B2,4693,10/30/2023 23:30,17.67,0,"","","",""
B2,4694,10/30/2023 23:35,17.63,0,"","","",""
B2,4695,10/30/2023 23:40,17.72,0,"","","",""
B2,4696,10/30/2023 23:45,17.72,0,"","","",""
B2,4697,10/30/2023 23:50,17.76,0,"","","",""
B2,4698,10/30/2023 23:55,17.72,0,"","","",""
B2,4699,10/31/2023 0:00,17.72,0,"","","",""
B2,4700,10/31/2023 0:05,17.67,0,"","","",""
B2,4701,10/31/2023 0:10,17.72,0,"","","",""
B2,4702,10/31/2023 0:15,17.67,0,"","","",""
B2,4703,10/31/2023 0:20,17.67,0,"","","",""
B2,4704,10/31/2023 0:25,17.67,0,"","","",""
B2,4705,10/31/2023 0:30,17.72,0,"","","",""
B2,4706,10/31/2023 0:35,17.72,0,"","","",""
B2,4707,10/31/2023 0:40,17.63,0,"","","",""
B2,4708,10/31/2023 0:45,17.67,0,"","","",""
B2,4709,10/31/2023 0:50,17.67,0,"","","",""
B2,4710,10/31/2023 0:55,17.63,0,"","","",""
B2,4711,10/31/2023 1:00,17.63,0,"","","",""
B2,4712,10/31/2023 1:05,17.63,0,"","","",""
B2,4713,10/31/2023 1:10,17.63,0,"","","",""
B2,4714,10/31/2023 1:15,17.67,0,"","","",""
B2,4715,10/31/2023 1:20,17.59,0,"","","",""
B2,4716,10/31/2023 1:25,17.59,0,"","","",""
B2,4717,10/31/2023 1:30,17.59,0,"","","",""
B2,4718,10/31/2023 1:35,17.54,0,"","","",""
B2,4719,10/31/2023 1:40,17.59,0,"","","",""
B2,4720,10/31/2023 1:45,17.46,0,"","","",""
B2,4721,10/31/2023 1:50,17.5,0,"","","",""
B2,4722,10/31/2023 1:55,17.5,0,"","","",""
B2,4723,10/31/2023 2:00,17.37,0,"","","",""
B2,4724,10/31/2023 2:05,17.33,0,"","","",""
B2,4725,10/31/2023 2:10,17.33,0,"","","",""
B2,4726,10/31/2023 2:15,17.37,0,"","","",""
B2,4727,10/31/2023 2:20,17.2,0,"","","",""
B2,4728,10/31/2023 2:25,17.16,0,"","","",""
B2,4729,10/31/2023 2:30,17.24,0,"","","",""
B2,4730,10/31/2023 2:35,17.2,0,"","","",""
B2,4731,10/31/2023 2:40,17.24,0,"","","",""
B2,4732,10/31/2023 2:45,17.16,0,"","","",""
B2,4733,10/31/2023 2:50,17.29,0,"","","",""
B2,4734,10/31/2023 2:55,17.16,0,"","","",""
B2,4735,10/31/2023 3:00,17.07,0,"","","",""
B2,4736,10/31/2023 3:05,17.07,0,"","","",""
B2,4737,10/31/2023 3:10,17.16,0,"","","",""
B2,4738,10/31/2023 3:15,16.94,0,"","","",""
B2,4739,10/31/2023 3:20,16.86,0,"","","",""
B2,4740,10/31/2023 3:25,16.77,0,"","","",""
B2,4741,10/31/2023 3:30,16.94,0,"","","",""
B2,4742,10/31/2023 3:35,16.86,0,"","","",""
B2,4743,10/31/2023 3:40,16.69,0,"","","",""
B2,4744,10/31/2023 3:45,16.77,0,"","","",""
B2,4745,10/31/2023 3:50,16.73,0,"","","",""
B2,4746,10/31/2023 3:55,16.64,0,"","","",""
B2,4747,10/31/2023 4:00,16.47,0,"","","",""
B2,4748,10/31/2023 4:05,16.43,0,"","","",""
B2,4749,10/31/2023 4:10,16,0,"","","",""
B2,4750,10/31/2023 4:15,15.74,0,"","","",""
B2,4751,10/31/2023 4:20,15.78,0,"","","",""
B2,4752,10/31/2023 4:25,15.36,0,"","","",""
B2,4753,10/31/2023 4:30,15.83,0,"","","",""
B2,4754,10/31/2023 4:35,15.57,0,"","","",""
B2,4755,10/31/2023 4:40,15.66,0,"","","",""
B2,4756,10/31/2023 4:45,15.7,0,"","","",""
B2,4757,10/31/2023 4:50,15.53,0,"","","",""
B2,4758,10/31/2023 4:55,15.48,0,"","","",""
B2,4759,10/31/2023 5:00,15.83,0,"","","",""
B2,4760,10/31/2023 5:05,15.83,0,"","","",""
B2,4761,10/31/2023 5:10,16.26,0,"","","",""
B2,4762,10/31/2023 5:15,16.17,0,"","","",""
B2,4763,10/31/2023 5:20,16.39,0,"","","",""
B2,4764,10/31/2023 5:25,16.39,0,"","","",""
B2,4765,10/31/2023 5:30,16.47,0,"","","",""
B2,4766,10/31/2023 5:35,16.51,0,"","","",""
B2,4767,10/31/2023 5:40,16.51,0,"","","",""
B2,4768,10/31/2023 5:45,16.47,0,"","","",""
B2,4769,10/31/2023 5:50,16.43,0,"","","",""
B2,4770,10/31/2023 5:55,16.47,0,"","","",""
B2,4771,10/31/2023 6:00,16.69,0,"","","",""
B2,4772,10/31/2023 6:05,16.56,0,"","","",""
B2,4773,10/31/2023 6:10,16.6,0,"","","",""
B2,4774,10/31/2023 6:15,16.69,0,"","","",""
B2,4775,10/31/2023 6:20,16.64,0,"","","",""
B2,4776,10/31/2023 6:25,16.69,0,"","","",""
B2,4777,10/31/2023 6:30,16.6,0,"","","",""
B2,4778,10/31/2023 6:35,16.64,0,"","","",""
B2,4779,10/31/2023 6:40,16.64,0.22,"","","",""
B2,4780,10/31/2023 6:45,16.69,2.42,"","","",""
B2,4781,10/31/2023 6:50,16.73,9.46,"","","",""
B2,4782,10/31/2023 6:55,16.77,36.32,"","","",""
B2,4783,10/31/2023 7:00,16.77,90.36,"","","",""
B2,4784,10/31/2023 7:05,16.81,211.76,"","","",""
B2,4785,10/31/2023 7:10,16.86,362.88,"","","",""
B2,4786,10/31/2023 7:15,16.9,648,"","","",""
B2,4787,10/31/2023 7:20,16.9,993.28,"","","",""
B2,4788,10/31/2023 7:25,16.9,1103.36,"","","",""
B2,4789,10/31/2023 7:30,17.03,2465.28,"","","",""
B2,4790,10/31/2023 7:35,17.07,3023.36,"","","",""
B2,4791,10/31/2023 7:40,17.2,6515.2,"","","",""
B2,4792,10/31/2023 7:45,17.24,3663.36,"","","",""
B2,4793,10/31/2023 7:50,17.37,6205.44,"","","",""
B2,4794,10/31/2023 7:55,17.41,7930.88,"","","",""
B2,4795,10/31/2023 8:00,17.54,6881.28,"","","",""
B2,4796,10/31/2023 8:05,17.54,15559.68,"","","",""
B2,4797,10/31/2023 8:10,17.67,10129.92,"","","",""
B2,4798,10/31/2023 8:15,17.72,10854.4,"","","",""
B2,4799,10/31/2023 8:20,17.84,10339.84,"","","",""
B2,4800,10/31/2023 8:25,17.84,13025.28,"","","",""
B2,4801,10/31/2023 8:30,17.84,13783.04,"","","",""
B2,4802,10/31/2023 8:35,17.89,14228.48,"","","",""
B2,4803,10/31/2023 8:40,17.97,14074.88,"","","",""
B2,4804,10/31/2023 8:45,18.06,17075.2,"","","",""
B2,4805,10/31/2023 8:50,17.97,14566.4,"","","",""
B2,4806,10/31/2023 8:55,18.14,20505.6,"","","",""
B2,4807,10/31/2023 9:00,18.19,18252.8,"","","",""
B2,4808,10/31/2023 9:05,18.32,27504.64,"","","",""
B2,4809,10/31/2023 9:10,18.36,20357.12,"","","",""
B2,4810,10/31/2023 9:15,18.4,27566.08,"","","",""
B2,4811,10/31/2023 9:20,18.53,22435.84,"","","",""
B2,4812,10/31/2023 9:25,18.7,19010.56,"","","",""
B2,4813,10/31/2023 9:30,18.62,21841.92,"","","",""
B2,4814,10/31/2023 9:35,18.74,27002.88,"","","",""
B2,4815,10/31/2023 9:40,18.79,20577.28,"","","",""
B2,4816,10/31/2023 9:45,18.87,28651.52,"","","",""
B2,4817,10/31/2023 9:50,18.79,25804.8,"","","",""
B2,4818,10/31/2023 9:55,18.62,31498.24,"","","",""
B2,4819,10/31/2023 10:00,18.79,28241.92,"","","",""
B2,4820,10/31/2023 10:05,18.57,21329.92,"","","",""
B2,4821,10/31/2023 10:10,18.92,34682.88,"","","",""
B2,4822,10/31/2023 10:15,19.17,31764.48,"","","",""
B2,4823,10/31/2023 10:20,19.13,31068.16,"","","",""
B2,4824,10/31/2023 10:25,19.05,26245.12,"","","",""
B2,4825,10/31/2023 10:30,18.83,19200,"","","",""
B2,4826,10/31/2023 10:35,18.92,17054.72,"","","",""
B2,4827,10/31/2023 10:40,18.79,14766.08,"","","",""
B2,4828,10/31/2023 10:45,18.74,25640.96,"","","",""
B2,4829,10/31/2023 10:50,18.49,21760,"","","",""
B2,4830,10/31/2023 10:55,18.79,30617.6,"","","",""
B2,4831,10/31/2023 11:00,19.17,29429.76,"","","",""
B2,4832,10/31/2023 11:05,19.05,31385.6,"","","",""
B2,4833,10/31/2023 11:10,19.09,23500.8,"","","",""
B2,4834,10/31/2023 11:15,19.17,33730.56,"","","",""
B2,4835,10/31/2023 11:20,19.73,42700.8,"","","",""
B2,4836,10/31/2023 11:25,19.73,40519.68,"","","",""
B2,4837,10/31/2023 11:30,19.47,37939.2,"","","",""
B2,4838,10/31/2023 11:35,19.3,36167.68,"","","",""
B2,4839,10/31/2023 11:40,19.69,33792,"","","",""
B2,4840,10/31/2023 11:45,19.65,32952.32,"","","",""
B2,4841,10/31/2023 11:50,20.03,40663.04,"","","",""
B2,4842,10/31/2023 11:55,20.33,42987.52,"","","",""
B2,4843,10/31/2023 12:00,20.16,47349.76,"","","",""
B2,4844,10/31/2023 12:05,20.2,48947.2,"","","",""
B2,4845,10/31/2023 12:10,20.03,30976,"","","",""
B2,4846,10/31/2023 12:15,20.37,47165.44,"","","",""
B2,4847,10/31/2023 12:20,20.46,54640.64,"","","",""
B2,4848,10/31/2023 12:25,20.46,39598.08,"","","",""
B2,4849,10/31/2023 12:30,20.63,47902.72,"","","",""
B2,4850,10/31/2023 12:35,20.33,41134.08,"","","",""
B2,4851,10/31/2023 12:40,20.59,69591.04,"","","",""
B2,4852,10/31/2023 12:45,20.59,41000.96,"","","",""
B2,4853,10/31/2023 12:50,20.55,53596.16,"","","",""
B2,4854,10/31/2023 12:55,20.8,43069.44,"","","",""
B2,4855,10/31/2023 13:00,20.68,50442.24,"","","",""
B2,4856,10/31/2023 13:05,20.5,44380.16,"","","",""
B2,4857,10/31/2023 13:10,20.63,54353.92,"","","",""
B2,4858,10/31/2023 13:15,20.42,44584.96,"","","",""
B2,4859,10/31/2023 13:20,20.72,46120.96,"","","",""
B2,4860,10/31/2023 13:25,20.63,35880.96,"","","",""
B2,4861,10/31/2023 13:30,20.76,62812.16,"","","",""
B2,4862,10/31/2023 13:35,20.8,39700.48,"","","",""
B2,4863,10/31/2023 13:40,20.59,46673.92,"","","",""
B2,4864,10/31/2023 13:45,20.8,66867.2,"","","",""
B2,4865,10/31/2023 13:50,20.63,78110.72,"","","",""
B2,4866,10/31/2023 13:55,20.93,26880,"","","",""
B2,4867,10/31/2023 14:00,20.72,32235.52,"","","",""
B2,4868,10/31/2023 14:05,21.19,85565.44,"","","",""
B2,4869,10/31/2023 14:10,21.19,40110.08,"","","",""
B2,4870,10/31/2023 14:15,21.58,52510.72,"","","",""
B2,4871,10/31/2023 14:20,21.88,60129.28,"","","",""
B2,4872,10/31/2023 14:25,22.61,85032.96,"","","",""
B2,4873,10/31/2023 14:30,22.61,60190.72,"","","",""
B2,4874,10/31/2023 14:35,22.82,52961.28,"","","",""
B2,4875,10/31/2023 14:40,23.08,31948.8,"","","",""
B2,4876,10/31/2023 14:45,23.81,90316.8,"","","",""
B2,4877,10/31/2023 14:50,24.24,89989.12,"","","",""
B2,4878,10/31/2023 14:55,25.18,97075.2,"","","",""
B2,4879,10/31/2023 15:00,25.18,94863.36,"","","",""
B2,4880,10/31/2023 15:05,25.74,83169.28,"","","",""
B2,4961,10/31/2023 21:50,13.68,0,"","","",""
B2,4962,10/31/2023 21:55,13.68,0,"","","",""
B2,4963,10/31/2023 22:00,14.67,0,"","","",""
B2,4964,10/31/2023 22:05,16,0,"","","",""
B2,4965,10/31/2023 22:10,16.3,0,"","","",""
B2,4966,10/31/2023 22:15,16.73,0,"","","",""
B2,4967,10/31/2023 22:20,16.77,0,"","","",""
B2,4968,10/31/2023 22:25,16.94,0,"","","",""
B2,4969,10/31/2023 22:30,17.07,0,"","","",""
B2,4970,10/31/2023 22:35,17.16,0,"","","",""
B2,4971,10/31/2023 22:40,17.11,0,"","","",""
B2,4972,10/31/2023 22:45,17.2,0,"","","",""
B2,4973,10/31/2023 22:50,17.16,0,"","","",""
B2,4974,10/31/2023 22:55,17.16,0,"","","",""
B2,4975,10/31/2023 23:00,17.2,0,"","","",""
B2,4976,10/31/2023 23:05,17.11,0,"","","",""
B2,4977,10/31/2023 23:10,17.2,0,"","","",""
B2,4978,10/31/2023 23:15,17.16,0,"","","",""
B2,4979,10/31/2023 23:20,17.16,0,"","","",""
B2,4980,10/31/2023 23:25,17.2,0,"","","",""
B2,4981,10/31/2023 23:30,17.24,0,"","","",""
B2,4982,10/31/2023 23:35,17.2,0,"","","",""
B2,4983,10/31/2023 23:40,17.24,0,"","","",""
B2,4984,10/31/2023 23:45,17.24,0,"","","",""
B2,4985,10/31/2023 23:50,17.29,0,"","","",""
B2,4986,10/31/2023 23:55,17.33,0,"","","",""
B2,4987,11/1/2023 0:00,17.29,0,"","","",""
B2,4988,11/1/2023 0:05,17.24,0,"","","",""
B2,4989,11/1/2023 0:10,17.2,0,"","","",""
B2,4990,11/1/2023 0:15,17.29,0,"","","",""
B2,4991,11/1/2023 0:20,17.24,0,"","","",""
B2,4992,11/1/2023 0:25,17.29,0,"","","",""
B2,4993,11/1/2023 0:30,17.24,0,"","","",""
B2,4994,11/1/2023 0:35,17.24,0,"","","",""
B2,4995,11/1/2023 0:40,17.29,0,"","","",""
B2,4996,11/1/2023 0:45,17.24,0,"","","",""
B2,4997,11/1/2023 0:50,17.2,0,"","","",""
B2,4998,11/1/2023 0:55,17.29,0,"","","",""
B2,4999,11/1/2023 1:00,17.24,0,"","","",""
B2,5000,11/1/2023 1:05,17.29,0,"","","",""
B2,5001,11/1/2023 1:10,17.2,0,"","","",""
B2,5002,11/1/2023 1:15,17.29,0,"","","",""
B2,5003,11/1/2023 1:20,17.24,0,"","","",""
B2,5004,11/1/2023 1:25,17.24,0,"","","",""
B2,5005,11/1/2023 1:30,17.16,0,"","","",""
B2,5006,11/1/2023 1:35,17.2,0,"","","",""
B2,5007,11/1/2023 1:40,17.24,0,"","","",""
B2,5008,11/1/2023 1:45,17.2,0,"","","",""
B2,5009,11/1/2023 1:50,17.24,0,"","","",""
B2,5010,11/1/2023 1:55,17.24,0,"","","",""
B2,5011,11/1/2023 2:00,17.2,0,"","","",""
B2,5012,11/1/2023 2:05,17.16,0,"","","",""
B2,5013,11/1/2023 2:10,17.16,0,"","","",""
B2,5014,11/1/2023 2:15,17.16,0,"","","",""
B2,5015,11/1/2023 2:20,17.11,0,"","","",""
B2,5016,11/1/2023 2:25,17.16,0,"","","",""
B2,5017,11/1/2023 2:30,17.16,0,"","","",""
B2,5018,11/1/2023 2:35,17.07,0,"","","",""
B2,5019,11/1/2023 2:40,17.11,0,"","","",""
B2,5020,11/1/2023 2:45,17.11,0,"","","",""
B2,5021,11/1/2023 2:50,17.16,0,"","","",""
B2,5022,11/1/2023 2:55,17.11,0,"","","",""
B2,5023,11/1/2023 3:00,17.11,0,"","","",""
B2,5024,11/1/2023 3:05,17.11,0,"","","",""
B2,5025,11/1/2023 3:10,17.07,0,"","","",""
B2,5026,11/1/2023 3:15,17.03,0,"","","",""
B2,5027,11/1/2023 3:20,17.07,0,"","","",""
B2,5028,11/1/2023 3:25,17.03,0,"","","",""
B2,5029,11/1/2023 3:30,17.11,0,"","","",""
B2,5030,11/1/2023 3:35,17.03,0,"","","",""
B2,5031,11/1/2023 3:40,17.03,0,"","","",""
B2,5032,11/1/2023 3:45,16.99,0,"","","",""
B2,5033,11/1/2023 3:50,16.94,0,"","","",""
B2,5034,11/1/2023 3:55,16.99,0,"","","",""
B2,5035,11/1/2023 4:00,16.94,0,"","","",""
B2,5036,11/1/2023 4:05,16.9,0,"","","",""
B2,5037,11/1/2023 4:10,16.99,0,"","","",""
B2,5038,11/1/2023 4:15,16.86,0,"","","",""
B2,5039,11/1/2023 4:20,16.9,0,"","","",""
B2,5040,11/1/2023 4:25,16.9,0,"","","",""
B2,5041,11/1/2023 4:30,16.81,0,"","","",""
B2,5042,11/1/2023 4:35,16.9,0,"","","",""
B2,5043,11/1/2023 4:40,16.86,0,"","","",""
B2,5044,11/1/2023 4:45,16.77,0,"","","",""
B2,5045,11/1/2023 4:50,16.81,0,"","","",""
B2,5046,11/1/2023 4:55,16.9,0,"","","",""
B2,5047,11/1/2023 5:00,16.77,0,"","","",""
B2,5048,11/1/2023 5:05,16.69,0,"","","",""
B2,5049,11/1/2023 5:10,16.77,0,"","","",""
B2,5050,11/1/2023 5:15,16.73,0,"","","",""
B2,5051,11/1/2023 5:20,16.69,0,"","","",""
B2,5052,11/1/2023 5:25,16.73,0,"","","",""
B2,5053,11/1/2023 5:30,16.64,0,"","","",""
B2,5054,11/1/2023 5:35,16.77,0,"","","",""
B2,5055,11/1/2023 5:40,16.77,0,"","","",""
B2,5056,11/1/2023 5:45,16.73,0,"","","",""
B2,5057,11/1/2023 5:50,16.73,0,"","","",""
B2,5058,11/1/2023 5:55,16.73,0,"","","",""
B2,5059,11/1/2023 6:00,16.69,0,"","","",""
B2,5060,11/1/2023 6:05,16.69,0,"","","",""
B2,5061,11/1/2023 6:10,16.77,0,"","","",""
B2,5062,11/1/2023 6:15,16.73,0,"","","",""
B2,5063,11/1/2023 6:20,16.69,0,"","","",""
B2,5064,11/1/2023 6:25,16.77,0,"","","",""
B2,5065,11/1/2023 6:30,16.73,0,"","","",""
B2,5066,11/1/2023 6:35,16.77,0,"","","",""
B2,5067,11/1/2023 6:40,16.77,0,"","","",""
B2,5068,11/1/2023 6:45,16.73,1.76,"","","",""
B2,5069,11/1/2023 6:50,16.73,7.48,"","","",""
B2,5070,11/1/2023 6:55,16.73,25.23,"","","",""
B2,5071,11/1/2023 7:00,16.81,73.2,"","","",""
B2,5072,11/1/2023 7:05,16.81,203.36,"","","",""
B2,5073,11/1/2023 7:10,16.77,370.24,"","","",""
B2,5074,11/1/2023 7:15,16.77,485.12,"","","",""
B2,5075,11/1/2023 7:20,16.77,980.8,"","","",""
B2,5076,11/1/2023 7:25,16.86,821.44,"","","",""
B2,5077,11/1/2023 7:30,16.99,2123.52,"","","",""
B2,5078,11/1/2023 7:35,17.07,859.2,"","","",""
B2,5079,11/1/2023 7:40,17.03,5281.28,"","","",""
B2,5080,11/1/2023 7:45,16.99,842.56,"","","",""
B2,5081,11/1/2023 7:50,17.16,5593.6,"","","",""
B2,5082,11/1/2023 7:55,17.2,5475.84,"","","",""
B2,5083,11/1/2023 8:00,17.37,5954.56,"","","",""
B2,5084,11/1/2023 8:05,17.37,9940.48,"","","",""
B2,5085,11/1/2023 8:10,17.5,16624.64,"","","",""
B2,5086,11/1/2023 8:15,17.54,15953.92,"","","",""
B2,5087,11/1/2023 8:20,17.54,16327.68,"","","",""
B2,5088,11/1/2023 8:25,17.67,12677.12,"","","",""
B2,5089,11/1/2023 8:30,17.63,13905.92,"","","",""
B2,5090,11/1/2023 8:35,17.67,13117.44,"","","",""
B2,5091,11/1/2023 8:40,17.76,7219.2,"","","",""
B2,5092,11/1/2023 8:45,17.93,19179.52,"","","",""
B2,5093,11/1/2023 8:50,17.93,17315.84,"","","",""
B2,5094,11/1/2023 8:55,17.8,14617.6,"","","",""
B2,5095,11/1/2023 9:00,17.84,14003.2,"","","",""
B2,5096,11/1/2023 9:05,18.19,28538.88,"","","",""
B2,5097,11/1/2023 9:10,18.23,25548.8,"","","",""
B2,5098,11/1/2023 9:15,18.32,20244.48,"","","",""
B2,5099,11/1/2023 9:20,18.14,24217.6,"","","",""
B2,5100,11/1/2023 9:25,18.66,24330.24,"","","",""
B2,5101,11/1/2023 9:30,18.4,24913.92,"","","",""
B2,5102,11/1/2023 9:35,18.44,27228.16,"","","",""
B2,5103,11/1/2023 9:40,18.53,20362.24,"","","",""
B2,5104,11/1/2023 9:45,18.87,34826.24,"","","",""
B2,5105,11/1/2023 9:50,18.7,17372.16,"","","",""
B2,5106,11/1/2023 9:55,18.57,33587.2,"","","",""
B2,5107,11/1/2023 10:00,18.66,23203.84,"","","",""
B2,5108,11/1/2023 10:05,18.74,26439.68,"","","",""
B2,5109,11/1/2023 10:10,19.05,32245.76,"","","",""
B2,5110,11/1/2023 10:15,18.7,17300.48,"","","",""
B2,5111,11/1/2023 10:20,18.87,24412.16,"","","",""
B2,5112,11/1/2023 10:25,18.74,26439.68,"","","",""
B2,5113,11/1/2023 10:30,19.13,46817.28,"","","",""
B2,5114,11/1/2023 10:35,19.22,31631.36,"","","",""
B2,5115,11/1/2023 10:40,19.13,42086.4,"","","",""
B2,5116,11/1/2023 10:45,19.65,32962.56,"","","",""
B2,5117,11/1/2023 10:50,19.6,29276.16,"","","",""
B2,5118,11/1/2023 10:55,19.52,37376,"","","",""
B2,5119,11/1/2023 11:00,19.43,43929.6,"","","",""
B2,5120,11/1/2023 11:05,19.65,34560,"","","",""
B2,5121,11/1/2023 11:10,19.69,34938.88,"","","",""
B2,5122,11/1/2023 11:15,19.82,43438.08,"","","",""
B2,5123,11/1/2023 11:20,19.86,33402.88,"","","",""
B2,5124,11/1/2023 11:25,19.86,38492.16,"","","",""
B2,5125,11/1/2023 11:30,19.73,34048,"","","",""
B2,5126,11/1/2023 11:35,19.95,57344,"","","",""
B2,5127,11/1/2023 11:40,20.2,49049.6,"","","",""
B2,5128,11/1/2023 11:45,19.99,40529.92,"","","",""
B2,5129,11/1/2023 11:50,20.12,39178.24,"","","",""
B2,5130,11/1/2023 11:55,20.07,61399.04,"","","",""
B2,5131,11/1/2023 12:00,19.86,70328.32,"","","",""
B2,5132,11/1/2023 12:05,20.37,34631.68,"","","",""
B2,5133,11/1/2023 12:10,19.95,61870.08,"","","",""
B2,5134,11/1/2023 12:15,20.16,42844.16,"","","",""
B2,5135,11/1/2023 12:20,20.12,54128.64,"","","",""
B2,5136,11/1/2023 12:25,20.37,36894.72,"","","",""
B2,5137,11/1/2023 12:30,20.37,40448,"","","",""
B2,5138,11/1/2023 12:35,20.07,42946.56,"","","",""
B2,5139,11/1/2023 12:40,19.99,71475.2,"","","",""
B2,5140,11/1/2023 12:45,20.2,31150.08,"","","",""
B2,5141,11/1/2023 12:50,20.33,41267.2,"","","",""
B2,5142,11/1/2023 12:55,20.16,29368.32,"","","",""
B2,5143,11/1/2023 13:00,20.2,45875.2,"","","",""
B2,5144,11/1/2023 13:05,20.29,42024.96,"","","",""
B2,5145,11/1/2023 13:10,20.37,41359.36,"","","",""
B2,5146,11/1/2023 13:15,20.03,33792,"","","",""
B2,5147,11/1/2023 13:20,20.12,41164.8,"","","",""
B2,5148,11/1/2023 13:25,20.16,36935.68,"","","",""
B2,5149,11/1/2023 13:30,20.33,38983.68,"","","",""
B2,5150,11/1/2023 13:35,19.9,36474.88,"","","",""
B2,5151,11/1/2023 13:40,20.16,43786.24,"","","",""
B2,5152,11/1/2023 13:45,20.29,37642.24,"","","",""
B2,5153,11/1/2023 13:50,19.9,42393.6,"","","",""
B2,5154,11/1/2023 13:55,20.07,44195.84,"","","",""
B2,5155,11/1/2023 14:00,20.07,54784,"","","",""
B2,5156,11/1/2023 14:05,20.07,45670.4,"","","",""
B2,5157,11/1/2023 14:10,20.12,55910.4,"","","",""
B2,5158,11/1/2023 14:15,20.16,40325.12,"","","",""
B2,5159,11/1/2023 14:20,19.9,28293.12,"","","",""
B2,5160,11/1/2023 14:25,19.99,12933.12,"","","",""
B2,5161,11/1/2023 14:30,19.69,7846.4,"","","",""
B2,5162,11/1/2023 14:35,20.03,38400,"","","",""
B2,5163,11/1/2023 14:40,20.12,37457.92,"","","",""
B2,5164,11/1/2023 14:45,20.46,48988.16,"","","",""
B2,5165,11/1/2023 14:50,20.33,35553.28,"","","",""
B2,5166,11/1/2023 14:55,20.46,41615.36,"","","",""
B2,5167,11/1/2023 15:00,20.98,30863.36,"","","",""
B2,5168,11/1/2023 15:05,21.23,27156.48,"","","",""
B2,5169,11/1/2023 15:10,21.06,32962.56,"","","",""
B2,5170,11/1/2023 15:15,21.79,28794.88,"","","",""
B2,5171,11/1/2023 15:20,22.05,69263.36,"","","",""
B2,5172,11/1/2023 15:25,22.09,27156.48,"","","",""
B2,5173,11/1/2023 15:30,22.39,62443.52,"","","",""
B2,5174,11/1/2023 15:35,22.86,21841.92,"","","",""
B2,5175,11/1/2023 15:40,22.73,27115.52,"","","",""
B2,5176,11/1/2023 15:45,22.95,52674.56,"","","",""
B2,5177,11/1/2023 15:50,22.82,53882.88,"","","",""
B2,5178,11/1/2023 15:55,22.78,50114.56,"","","",""
B2,5179,11/1/2023 16:00,23.03,46899.2,"","","",""
B2,5180,11/1/2023 16:05,22.78,46428.16,"","","",""
B2,5261,11/1/2023 22:50,12.4,0,"","","",""
B2,5262,11/1/2023 22:55,13.55,0,"","","",""
B2,5263,11/1/2023 23:00,14.5,0,"","","",""
B2,5264,11/1/2023 23:05,15.01,0,"","","",""
B2,5265,11/1/2023 23:10,15.27,0,"","","",""
B2,5266,11/1/2023 23:15,15.83,0,"","","",""
B2,5267,11/1/2023 23:20,16.17,0,"","","",""
B2,5268,11/1/2023 23:25,16.6,0,"","","",""
B2,5269,11/1/2023 23:30,16.56,0,"","","",""
B2,5270,11/1/2023 23:35,16.73,0,"","","",""
B2,5271,11/1/2023 23:40,16.73,0,"","","",""
B2,5272,11/1/2023 23:45,16.81,0,"","","",""
B2,5273,11/1/2023 23:50,16.81,0,"","","",""
B2,5274,11/1/2023 23:55,16.86,0,"","","",""
B2,5275,11/2/2023 0:00,16.9,0,"","","",""
B2,5276,11/2/2023 0:05,16.9,0,"","","",""
B2,5277,11/2/2023 0:10,16.9,0,"","","",""
B2,5278,11/2/2023 0:15,16.9,0,"","","",""
B2,5279,11/2/2023 0:20,16.99,0,"","","",""
B2,5280,11/2/2023 0:25,16.9,0,"","","",""
B2,5281,11/2/2023 0:30,16.94,0,"","","",""
B2,5282,11/2/2023 0:35,16.94,0,"","","",""
B2,5283,11/2/2023 0:40,16.9,0,"","","",""
B2,5284,11/2/2023 0:45,17.03,0,"","","",""
B2,5285,11/2/2023 0:50,16.99,0,"","","",""
B2,5286,11/2/2023 0:55,17.07,0,"","","",""
B2,5287,11/2/2023 1:00,17.07,0,"","","",""
B2,5288,11/2/2023 1:05,17.07,0,"","","",""
B2,5289,11/2/2023 1:10,17.07,0,"","","",""
B2,5290,11/2/2023 1:15,17.07,0,"","","",""
B2,5291,11/2/2023 1:20,17.07,0,"","","",""
B2,5292,11/2/2023 1:25,17.07,0,"","","",""
B2,5293,11/2/2023 1:30,17.07,0,"","","",""
B2,5294,11/2/2023 1:35,17.07,0,"","","",""
B2,5295,11/2/2023 1:40,17.07,0,"","","",""
B2,5296,11/2/2023 1:45,17.11,0,"","","",""
B2,5297,11/2/2023 1:50,17.07,0,"","","",""
B2,5298,11/2/2023 1:55,17.11,0,"","","",""
B2,5299,11/2/2023 2:00,17.07,0,"","","",""
B2,5300,11/2/2023 2:05,17.07,0,"","","",""
B2,5301,11/2/2023 2:10,17.11,0,"","","",""
B2,5302,11/2/2023 2:15,17.07,0,"","","",""
B2,5303,11/2/2023 2:20,17.07,0,"","","",""
B2,5304,11/2/2023 2:25,17.03,0,"","","",""
B2,5305,11/2/2023 2:30,17.03,0,"","","",""
B2,5306,11/2/2023 2:35,17.07,0,"","","",""
B2,5307,11/2/2023 2:40,17.07,0,"","","",""
B2,5308,11/2/2023 2:45,17.03,0,"","","",""
B2,5309,11/2/2023 2:50,17.07,0,"","","",""
B2,5310,11/2/2023 2:55,17.03,0,"","","",""
B2,5311,11/2/2023 3:00,17.03,0,"","","",""
B2,5312,11/2/2023 3:05,16.99,0,"","","",""
B2,5313,11/2/2023 3:10,16.99,0,"","","",""
B2,5314,11/2/2023 3:15,16.99,0,"","","",""
B2,5315,11/2/2023 3:20,17.03,0,"","","",""
B2,5316,11/2/2023 3:25,16.99,0,"","","",""
B2,5317,11/2/2023 3:30,17.07,0,"","","",""
B2,5318,11/2/2023 3:35,17.03,0,"","","",""
B2,5319,11/2/2023 3:40,16.99,0,"","","",""
B2,5320,11/2/2023 3:45,17.11,0,"","","",""
B2,5321,11/2/2023 3:50,17.03,0,"","","",""
B2,5322,11/2/2023 3:55,16.99,0,"","","",""
B2,5323,11/2/2023 4:00,17.03,0,"","","",""
B2,5324,11/2/2023 4:05,17.03,0,"","","",""
B2,5325,11/2/2023 4:10,17.03,0,"","","",""
B2,5326,11/2/2023 4:15,17.03,0,"","","",""
B2,5327,11/2/2023 4:20,16.99,0,"","","",""
B2,5328,11/2/2023 4:25,16.9,0,"","","",""
B2,5329,11/2/2023 4:30,16.94,0,"","","",""
B2,5330,11/2/2023 4:35,16.94,0,"","","",""
B2,5331,11/2/2023 4:40,17.03,0,"","","",""
B2,5332,11/2/2023 4:45,16.94,0,"","","",""
B2,5333,11/2/2023 4:50,16.94,0,"","","",""
B2,5334,11/2/2023 4:55,16.99,0,"","","",""
B2,5335,11/2/2023 5:00,16.99,0,"","","",""
B2,5336,11/2/2023 5:05,16.94,0,"","","",""
B2,5337,11/2/2023 5:10,16.9,0,"","","",""
B2,5338,11/2/2023 5:15,16.94,0,"","","",""
B2,5339,11/2/2023 5:20,16.9,0,"","","",""
B2,5340,11/2/2023 5:25,16.86,0,"","","",""
B2,5341,11/2/2023 5:30,16.86,0,"","","",""
B2,5342,11/2/2023 5:35,16.94,0,"","","",""
B2,5343,11/2/2023 5:40,16.9,0,"","","",""
B2,5344,11/2/2023 5:45,16.86,0,"","","",""
B2,5345,11/2/2023 5:50,16.81,0,"","","",""
B2,5346,11/2/2023 5:55,16.77,0,"","","",""
B2,5347,11/2/2023 6:00,16.73,0,"","","",""
B2,5348,11/2/2023 6:05,16.77,0,"","","",""
B2,5349,11/2/2023 6:10,16.73,0,"","","",""
B2,5350,11/2/2023 6:15,16.73,0,"","","",""
B2,5351,11/2/2023 6:20,16.69,0,"","","",""
B2,5352,11/2/2023 6:25,16.73,0,"","","",""
B2,5353,11/2/2023 6:30,16.73,0,"","","",""
B2,5354,11/2/2023 6:35,16.81,0,"","","",""
B2,5355,11/2/2023 6:40,16.81,0,"","","",""
B2,5356,11/2/2023 6:45,16.86,0.88,"","","",""
B2,5357,11/2/2023 6:50,16.81,7.04,"","","",""
B2,5358,11/2/2023 6:55,16.81,20.11,"","","",""
B2,5359,11/2/2023 7:00,16.9,36.76,"","","",""
B2,5360,11/2/2023 7:05,16.86,160.24,"","","",""
B2,5361,11/2/2023 7:10,16.9,308.16,"","","",""
B2,5362,11/2/2023 7:15,16.9,256.88,"","","",""
B2,5363,11/2/2023 7:20,16.94,1291.84,"","","",""
B2,5364,11/2/2023 7:25,16.94,1100.48,"","","",""
B2,5365,11/2/2023 7:30,16.9,1609.6,"","","",""
B2,5366,11/2/2023 7:35,17.03,2263.04,"","","",""
B2,5367,11/2/2023 7:40,17.11,3335.68,"","","",""
B2,5368,11/2/2023 7:45,17.07,3532.8,"","","",""
B2,5369,11/2/2023 7:50,17.11,6315.52,"","","",""
B2,5370,11/2/2023 7:55,17.24,12835.84,"","","",""
B2,5371,11/2/2023 8:00,17.29,5662.72,"","","",""
B2,5372,11/2/2023 8:05,17.37,3761.92,"","","",""
B2,5373,11/2/2023 8:10,17.46,8192,"","","",""
B2,5374,11/2/2023 8:15,17.5,8770.56,"","","",""
B2,5375,11/2/2023 8:20,17.59,6530.56,"","","",""
B2,5376,11/2/2023 8:25,17.54,14074.88,"","","",""
B2,5377,11/2/2023 8:30,17.59,8376.32,"","","",""
B2,5378,11/2/2023 8:35,17.8,10536.96,"","","",""
B2,5379,11/2/2023 8:40,17.97,21012.48,"","","",""
B2,5380,11/2/2023 8:45,18.14,16250.88,"","","",""
B2,5381,11/2/2023 8:50,17.93,4061.44,"","","",""
B2,5382,11/2/2023 8:55,18.27,41584.64,"","","",""
B2,5383,11/2/2023 9:00,18.32,15897.6,"","","",""
B2,5384,11/2/2023 9:05,18.19,18539.52,"","","",""
B2,5385,11/2/2023 9:10,18.44,7388.16,"","","",""
B2,5386,11/2/2023 9:15,18.53,15621.12,"","","",""
B2,5387,11/2/2023 9:20,18.66,18913.28,"","","",""
B2,5388,11/2/2023 9:25,18.62,18350.08,"","","",""
B2,5389,11/2/2023 9:30,18.83,23367.68,"","","",""
B2,5390,11/2/2023 9:35,18.96,30545.92,"","","",""
B2,5391,11/2/2023 9:40,18.79,33341.44,"","","",""
B2,5392,11/2/2023 9:45,19.05,23367.68,"","","",""
B2,5393,11/2/2023 9:50,19,27750.4,"","","",""
B2,5394,11/2/2023 9:55,18.79,21616.64,"","","",""
B2,5395,11/2/2023 10:00,19.13,36290.56,"","","",""
B2,5396,11/2/2023 10:05,19.17,37345.28,"","","",""
B2,5397,11/2/2023 10:10,19.56,40755.2,"","","",""
B2,5398,11/2/2023 10:15,19.35,44134.4,"","","",""
B2,5399,11/2/2023 10:20,19.17,31518.72,"","","",""
B2,5400,11/2/2023 10:25,19.69,36853.76,"","","",""
B2,5401,11/2/2023 10:30,19.56,37140.48,"","","",""
B2,5402,11/2/2023 10:35,19.56,31037.44,"","","",""
B2,5403,11/2/2023 10:40,19.56,31406.08,"","","",""
B2,5404,11/2/2023 10:45,19.35,28723.2,"","","",""
B2,5405,11/2/2023 10:50,19.35,17848.32,"","","",""
B2,5406,11/2/2023 10:55,19.6,44544,"","","",""
B2,5407,11/2/2023 11:00,19.9,41492.48,"","","",""
B2,5408,11/2/2023 11:05,19.65,42803.2,"","","",""
B2,5409,11/2/2023 11:10,19.56,50503.68,"","","",""
B2,5410,11/2/2023 11:15,19.56,38471.68,"","","",""
B2,5411,11/2/2023 11:20,19.17,29777.92,"","","",""
B2,5412,11/2/2023 11:25,19.6,38277.12,"","","",""
B2,5413,11/2/2023 11:30,19.99,68689.92,"","","",""
B2,5414,11/2/2023 11:35,19.86,42557.44,"","","",""
B2,5415,11/2/2023 11:40,20.2,51732.48,"","","",""
B2,5416,11/2/2023 11:45,20.03,42168.32,"","","",""
B2,5417,11/2/2023 11:50,20.16,49582.08,"","","",""
B2,5418,11/2/2023 11:55,20.16,47636.48,"","","",""
B2,5419,11/2/2023 12:00,19.95,31795.2,"","","",""
B2,5420,11/2/2023 12:05,20.46,62607.36,"","","",""
B2,5421,11/2/2023 12:10,20.33,59637.76,"","","",""
B2,5422,11/2/2023 12:15,20.33,46161.92,"","","",""
B2,5423,11/2/2023 12:20,20.33,34631.68,"","","",""
B2,5424,11/2/2023 12:25,20.42,45178.88,"","","",""
B2,5425,11/2/2023 12:30,20.25,44728.32,"","","",""
B2,5426,11/2/2023 12:35,20.42,48066.56,"","","",""
B2,5427,11/2/2023 12:40,20.55,32061.44,"","","",""
B2,5428,11/2/2023 12:45,20.42,39874.56,"","","",""
B2,5429,11/2/2023 12:50,20.55,66457.6,"","","",""
B2,5430,11/2/2023 12:55,20.29,48394.24,"","","",""
B2,5431,11/2/2023 13:00,20.33,60579.84,"","","",""
B2,5432,11/2/2023 13:05,20.16,36935.68,"","","",""
B2,5433,11/2/2023 13:10,20.25,36515.84,"","","",""
B2,5434,11/2/2023 13:15,20.46,47144.96,"","","",""
B2,5435,11/2/2023 13:20,20.2,38010.88,"","","",""
B2,5436,11/2/2023 13:25,20.33,36782.08,"","","",""
B2,5437,11/2/2023 13:30,20.42,47042.56,"","","",""
B2,5438,11/2/2023 13:35,20.16,38225.92,"","","",""
B2,5439,11/2/2023 13:40,20.29,39014.4,"","","",""
B2,5440,11/2/2023 13:45,20.25,42086.4,"","","",""
B2,5441,11/2/2023 13:50,20.12,29399.04,"","","",""
B2,5442,11/2/2023 13:55,20.16,42823.68,"","","",""
B2,5443,11/2/2023 14:00,20.03,32389.12,"","","",""
B2,5444,11/2/2023 14:05,20.07,31754.24,"","","",""
B2,5445,11/2/2023 14:10,20.07,38676.48,"","","",""
B2,5446,11/2/2023 14:15,20.16,49111.04,"","","",""
B2,5447,11/2/2023 14:20,20.03,48291.84,"","","",""
B2,5448,11/2/2023 14:25,20.2,40232.96,"","","",""
B2,5449,11/2/2023 14:30,20.12,52572.16,"","","",""
B2,5450,11/2/2023 14:35,20.07,22579.2,"","","",""
B2,5451,11/2/2023 14:40,20.12,38021.12,"","","",""
B2,5452,11/2/2023 14:45,19.99,57794.56,"","","",""
B2,5453,11/2/2023 14:50,19.99,16307.2,"","","",""
B2,5454,11/2/2023 14:55,19.99,31221.76,"","","",""
B2,5455,11/2/2023 15:00,19.95,31600.64,"","","",""
B2,5456,11/2/2023 15:05,19.82,15892.48,"","","",""
B2,5457,11/2/2023 15:10,19.95,11248.64,"","","",""
B2,5458,11/2/2023 15:15,19.82,29880.32,"","","",""
B2,5459,11/2/2023 15:20,19.95,35102.72,"","","",""
B2,5460,11/2/2023 15:25,19.82,30074.88,"","","",""
B2,5461,11/2/2023 15:30,19.99,32798.72,"","","",""
B2,5462,11/2/2023 15:35,20.2,29214.72,"","","",""
B2,5463,11/2/2023 15:40,20.25,23111.68,"","","",""
B2,5464,11/2/2023 15:45,20.42,27699.2,"","","",""
B2,5465,11/2/2023 15:50,20.33,18984.96,"","","",""
B2,5466,11/2/2023 15:55,20.2,22231.04,"","","",""
B2,5467,11/2/2023 16:00,20.33,40110.08,"","","",""
B2,5468,11/2/2023 16:05,20.55,29542.4,"","","",""
B2,5469,11/2/2023 16:10,20.76,20838.4,"","","",""
B2,5470,11/2/2023 16:15,20.85,45711.36,"","","",""
B2,5471,11/2/2023 16:20,20.33,22753.28,"","","",""
B2,5472,11/2/2023 16:25,20.46,28979.2,"","","",""
B2,5473,11/2/2023 16:30,20.89,42577.92,"","","",""
B2,5474,11/2/2023 16:35,20.72,40232.96,"","","",""
B2,5475,11/2/2023 16:40,20.5,26368,"","","",""
B2,5476,11/2/2023 16:45,20.55,31518.72,"","","",""
B2,5477,11/2/2023 16:50,19.82,28221.44,"","","",""
B2,5478,11/2/2023 16:55,19.69,25579.52,"","","",""
B2,5479,11/2/2023 17:00,19.35,22302.72,"","","",""
B2,5480,11/2/2023 17:05,19.43,20377.6,"","","",""
