Plot,#,Date-Time (PDT),Ch:1 - Temperature   (°C),Ch:2 - Light   (lux),Button Down,Button Up,Host Connected,End of File
M1,31,10/15/2023 19:25,19,0,"","","",""
M1,32,10/15/2023 19:30,18.96,0,"","","",""
M1,33,10/15/2023 19:35,18.96,0,"","","",""
M1,34,10/15/2023 19:40,18.83,0,"","","",""
M1,35,10/15/2023 19:45,18.87,0,"","","",""
M1,36,10/15/2023 19:50,18.87,0,"","","",""
M1,37,10/15/2023 19:55,18.79,0,"","","",""
M1,38,10/15/2023 20:00,18.83,0,"","","",""
M1,39,10/15/2023 20:05,18.74,0,"","","",""
M1,40,10/15/2023 20:10,18.74,0,"","","",""
M1,41,10/15/2023 20:15,18.74,0,"","","",""
M1,42,10/15/2023 20:20,18.74,0,"","","",""
M1,43,10/15/2023 20:25,18.66,0,"","","",""
M1,44,10/15/2023 20:30,18.62,0,"","","",""
M1,45,10/15/2023 20:35,18.62,0,"","","",""
M1,46,10/15/2023 20:40,18.62,0,"","","",""
M1,47,10/15/2023 20:45,18.57,0,"","","",""
M1,48,10/15/2023 20:50,18.57,0,"","","",""
M1,49,10/15/2023 20:55,18.53,0,"","","",""
M1,50,10/15/2023 21:00,18.44,0,"","","",""
M1,51,10/15/2023 21:05,18.4,0,"","","",""
M1,52,10/15/2023 21:10,18.27,0,"","","",""
M1,53,10/15/2023 21:15,18.32,0,"","","",""
M1,54,10/15/2023 21:20,18.14,0,"","","",""
M1,55,10/15/2023 21:25,18.19,0,"","","",""
M1,56,10/15/2023 21:30,18.23,0,"","","",""
M1,57,10/15/2023 21:35,18.02,0,"","","",""
M1,58,10/15/2023 21:40,17.93,0,"","","",""
M1,59,10/15/2023 21:45,17.8,0,"","","",""
M1,60,10/15/2023 21:50,17.84,0,"","","",""
M1,61,10/15/2023 21:55,17.89,0,"","","",""
M1,62,10/15/2023 22:00,17.76,0,"","","",""
M1,63,10/15/2023 22:05,17.67,0,"","","",""
M1,64,10/15/2023 22:10,17.54,0,"","","",""
M1,65,10/15/2023 22:15,17.8,0,"","","",""
M1,66,10/15/2023 22:20,17.67,0,"","","",""
M1,67,10/15/2023 22:25,17.59,0,"","","",""
M1,68,10/15/2023 22:30,17.5,0,"","","",""
M1,69,10/15/2023 22:35,17.54,0,"","","",""
M1,70,10/15/2023 22:40,17.33,0,"","","",""
M1,71,10/15/2023 22:45,17.41,0,"","","",""
M1,72,10/15/2023 22:50,17.63,0,"","","",""
M1,73,10/15/2023 22:55,17.72,0,"","","",""
M1,74,10/15/2023 23:00,17.63,0,"","","",""
M1,75,10/15/2023 23:05,17.54,0,"","","",""
M1,76,10/15/2023 23:10,17.54,0,"","","",""
M1,77,10/15/2023 23:15,17.5,0,"","","",""
M1,78,10/15/2023 23:20,17.54,0,"","","",""
M1,79,10/15/2023 23:25,17.46,0,"","","",""
M1,80,10/15/2023 23:30,17.46,0,"","","",""
M1,81,10/15/2023 23:35,17.41,0,"","","",""
M1,82,10/15/2023 23:40,17.41,0,"","","",""
M1,83,10/15/2023 23:45,17.37,0,"","","",""
M1,84,10/15/2023 23:50,17.33,0,"","","",""
M1,85,10/15/2023 23:55,17.29,0,"","","",""
M1,86,10/16/2023 0:00,17.29,0,"","","",""
M1,87,10/16/2023 0:05,17.33,0,"","","",""
M1,88,10/16/2023 0:10,17.29,0,"","","",""
M1,89,10/16/2023 0:15,17.33,0,"","","",""
M1,90,10/16/2023 0:20,17.29,0,"","","",""
M1,91,10/16/2023 0:25,17.29,0,"","","",""
M1,92,10/16/2023 0:30,17.24,0,"","","",""
M1,93,10/16/2023 0:35,17.29,0,"","","",""
M1,94,10/16/2023 0:40,17.33,0,"","","",""
M1,95,10/16/2023 0:45,17.29,0,"","","",""
M1,96,10/16/2023 0:50,17.37,0,"","","",""
M1,97,10/16/2023 0:55,17.37,0,"","","",""
M1,98,10/16/2023 1:00,17.33,0,"","","",""
M1,99,10/16/2023 1:05,17.33,0,"","","",""
M1,100,10/16/2023 1:10,17.41,0,"","","",""
M1,101,10/16/2023 1:15,17.41,0,"","","",""
M1,102,10/16/2023 1:20,17.37,0,"","","",""
M1,103,10/16/2023 1:25,17.37,0,"","","",""
M1,104,10/16/2023 1:30,17.37,0,"","","",""
M1,105,10/16/2023 1:35,17.41,0,"","","",""
M1,106,10/16/2023 1:40,17.37,0,"","","",""
M1,107,10/16/2023 1:45,17.41,0,"","","",""
M1,108,10/16/2023 1:50,17.41,0,"","","",""
M1,109,10/16/2023 1:55,17.41,0,"","","",""
M1,110,10/16/2023 2:00,17.46,0,"","","",""
M1,111,10/16/2023 2:05,17.46,0,"","","",""
M1,112,10/16/2023 2:10,17.46,0,"","","",""
M1,113,10/16/2023 2:15,17.46,0,"","","",""
M1,114,10/16/2023 2:20,17.46,0,"","","",""
M1,151,10/16/2023 5:25,17.54,0,"","","",""
M1,152,10/16/2023 5:30,17.5,0,"","","",""
M1,153,10/16/2023 5:35,17.54,0,"","","",""
M1,154,10/16/2023 5:40,17.5,0,"","","",""
M1,155,10/16/2023 5:45,17.5,0,"","","",""
M1,156,10/16/2023 5:50,17.54,0,"","","",""
M1,157,10/16/2023 5:55,17.54,0,"","","",""
M1,158,10/16/2023 6:00,17.54,0,"","","",""
M1,159,10/16/2023 6:05,17.59,0,"","","",""
M1,160,10/16/2023 6:10,17.54,0,"","","",""
M1,161,10/16/2023 6:15,17.5,0,"","","",""
M1,162,10/16/2023 6:20,17.59,0,"","","",""
M1,163,10/16/2023 6:25,17.54,0,"","","",""
M1,164,10/16/2023 6:30,17.59,0,"","","",""
M1,165,10/16/2023 6:35,17.59,0.21,"","","",""
M1,166,10/16/2023 6:40,17.59,4.35,"","","",""
M1,167,10/16/2023 6:45,17.63,17.95,"","","",""
M1,168,10/16/2023 6:50,17.59,38.52,"","","",""
M1,169,10/16/2023 6:55,17.63,24.03,"","","",""
M1,170,10/16/2023 7:00,17.59,177.84,"","","",""
M1,171,10/16/2023 7:05,17.59,262,"","","",""
M1,172,10/16/2023 7:10,17.63,105.8,"","","",""
M1,173,10/16/2023 7:15,17.59,391.68,"","","",""
M1,174,10/16/2023 7:20,17.63,866.56,"","","",""
M1,175,10/16/2023 7:25,17.67,1203.2,"","","",""
M1,176,10/16/2023 7:30,17.67,126.84,"","","",""
M1,177,10/16/2023 7:35,17.72,1091.52,"","","",""
M1,178,10/16/2023 7:40,17.72,1629.44,"","","",""
M1,179,10/16/2023 7:45,17.76,2046.72,"","","",""
M1,180,10/16/2023 7:50,17.72,1980.8,"","","",""
M1,181,10/16/2023 7:55,17.72,1674.88,"","","",""
M1,182,10/16/2023 8:00,17.72,2388.48,"","","",""
M1,183,10/16/2023 8:05,17.72,2956.8,"","","",""
M1,184,10/16/2023 8:10,17.84,3919.36,"","","",""
M1,185,10/16/2023 8:15,17.93,4111.36,"","","",""
M1,186,10/16/2023 8:20,17.93,5199.36,"","","",""
M1,187,10/16/2023 8:25,17.84,4344.32,"","","",""
M1,188,10/16/2023 8:30,17.97,4386.56,"","","",""
M1,189,10/16/2023 8:35,17.93,5767.68,"","","",""
M1,190,10/16/2023 8:40,18.02,5299.2,"","","",""
M1,191,10/16/2023 8:45,18.06,6195.2,"","","",""
M1,192,10/16/2023 8:50,18.06,5041.92,"","","",""
M1,193,10/16/2023 8:55,18.1,7050.24,"","","",""
M1,194,10/16/2023 9:00,18.1,10280.96,"","","",""
M1,195,10/16/2023 9:05,18.19,10050.56,"","","",""
M1,196,10/16/2023 9:10,18.1,8724.48,"","","",""
M1,197,10/16/2023 9:15,18.19,9589.76,"","","",""
M1,198,10/16/2023 9:20,18.14,6873.6,"","","",""
M1,199,10/16/2023 9:25,18.1,9003.52,"","","",""
M1,200,10/16/2023 9:30,18.23,8780.8,"","","",""
M1,201,10/16/2023 9:35,18.19,10941.44,"","","",""
M1,202,10/16/2023 9:40,18.23,12590.08,"","","",""
M1,203,10/16/2023 9:45,18.23,12815.36,"","","",""
M1,204,10/16/2023 9:50,18.32,13731.84,"","","",""
M1,205,10/16/2023 9:55,18.27,11386.88,"","","",""
M1,206,10/16/2023 10:00,18.32,12574.72,"","","",""
M1,207,10/16/2023 10:05,18.4,14679.04,"","","",""
M1,208,10/16/2023 10:10,18.32,15508.48,"","","",""
M1,209,10/16/2023 10:15,18.23,6824.96,"","","",""
M1,210,10/16/2023 10:20,18.27,12544,"","","",""
M1,211,10/16/2023 10:25,18.49,18068.48,"","","",""
M1,212,10/16/2023 10:30,18.49,23029.76,"","","",""
M1,213,10/16/2023 10:35,18.36,20874.24,"","","",""
M1,214,10/16/2023 10:40,18.36,18606.08,"","","",""
M1,215,10/16/2023 10:45,18.32,19870.72,"","","",""
M1,216,10/16/2023 10:50,18.27,15907.84,"","","",""
M1,217,10/16/2023 10:55,18.4,15441.92,"","","",""
M1,218,10/16/2023 11:00,18.36,26265.6,"","","",""
M1,219,10/16/2023 11:05,18.36,17884.16,"","","",""
M1,220,10/16/2023 11:10,18.4,25661.44,"","","",""
M1,221,10/16/2023 11:15,18.44,21903.36,"","","",""
M1,222,10/16/2023 11:20,18.53,23224.32,"","","",""
M1,223,10/16/2023 11:25,18.53,27043.84,"","","",""
M1,224,10/16/2023 11:30,18.49,24668.16,"","","",""
M1,225,10/16/2023 11:35,18.49,24657.92,"","","",""
M1,226,10/16/2023 11:40,18.62,16491.52,"","","",""
M1,227,10/16/2023 11:45,19,64921.6,"","","",""
M1,228,10/16/2023 11:50,18.79,13419.52,"","","",""
M1,229,10/16/2023 11:55,18.74,19066.88,"","","",""
M1,230,10/16/2023 12:00,18.79,13982.72,"","","",""
M1,231,10/16/2023 12:05,18.7,29593.6,"","","",""
M1,232,10/16/2023 12:10,18.79,20049.92,"","","",""
M1,233,10/16/2023 12:15,19,31119.36,"","","",""
M1,234,10/16/2023 12:20,18.92,34160.64,"","","",""
M1,235,10/16/2023 12:25,18.83,33587.2,"","","",""
M1,236,10/16/2023 12:30,18.79,25845.76,"","","",""
M1,237,10/16/2023 12:35,18.66,7219.2,"","","",""
M1,238,10/16/2023 12:40,18.92,22794.24,"","","",""
M1,239,10/16/2023 12:45,19.09,45117.44,"","","",""
M1,240,10/16/2023 12:50,18.87,26685.44,"","","",""
M1,241,10/16/2023 12:55,19,17259.52,"","","",""
M1,242,10/16/2023 13:00,18.92,28067.84,"","","",""
M1,243,10/16/2023 13:05,19.17,29767.68,"","","",""
M1,244,10/16/2023 13:10,19.13,59801.6,"","","",""
M1,245,10/16/2023 13:15,19.17,40448,"","","",""
M1,246,10/16/2023 13:20,19.09,26419.2,"","","",""
M1,247,10/16/2023 13:25,19.17,37580.8,"","","",""
M1,248,10/16/2023 13:30,19.13,25333.76,"","","",""
M1,249,10/16/2023 13:35,19.17,13265.92,"","","",""
M1,250,10/16/2023 13:40,19.22,49541.12,"","","",""
M1,251,10/16/2023 13:45,19.35,11571.2,"","","",""
M1,252,10/16/2023 13:50,19.22,25077.76,"","","",""
M1,253,10/16/2023 13:55,19.52,3553.28,"","","",""
M1,254,10/16/2023 14:00,19.35,35624.96,"","","",""
M1,255,10/16/2023 14:05,19.6,12538.88,"","","",""
M1,256,10/16/2023 14:10,19.77,14100.48,"","","",""
M1,257,10/16/2023 14:15,19.69,9044.48,"","","",""
M1,330,10/16/2023 20:20,18.79,0,"","","",""
M1,331,10/16/2023 20:25,18.79,0,"","","",""
M1,332,10/16/2023 20:30,18.83,0,"","","",""
M1,333,10/16/2023 20:35,18.83,0,"","","",""
M1,334,10/16/2023 20:40,18.79,0,"","","",""
M1,335,10/16/2023 20:45,18.79,0,"","","",""
M1,336,10/16/2023 20:50,18.79,0,"","","",""
M1,337,10/16/2023 20:55,18.74,0,"","","",""
M1,338,10/16/2023 21:00,18.74,0,"","","",""
M1,339,10/16/2023 21:05,18.74,0,"","","",""
M1,340,10/16/2023 21:10,18.74,0,"","","",""
M1,341,10/16/2023 21:15,18.74,0,"","","",""
M1,342,10/16/2023 21:20,18.74,0,"","","",""
M1,343,10/16/2023 21:25,18.74,0,"","","",""
M1,344,10/16/2023 21:30,18.7,0,"","","",""
M1,345,10/16/2023 21:35,18.7,0,"","","",""
M1,346,10/16/2023 21:40,18.66,0,"","","",""
M1,347,10/16/2023 21:45,18.66,0,"","","",""
M1,348,10/16/2023 21:50,18.66,0,"","","",""
M1,349,10/16/2023 21:55,18.66,0,"","","",""
M1,350,10/16/2023 22:00,18.62,0,"","","",""
M1,351,10/16/2023 22:05,18.62,0,"","","",""
M1,352,10/16/2023 22:10,18.62,0,"","","",""
M1,353,10/16/2023 22:15,18.62,0,"","","",""
M1,354,10/16/2023 22:20,18.57,0,"","","",""
M1,355,10/16/2023 22:25,18.53,0,"","","",""
M1,356,10/16/2023 22:30,18.57,0,"","","",""
M1,357,10/16/2023 22:35,18.57,0,"","","",""
M1,358,10/16/2023 22:40,18.53,0,"","","",""
M1,359,10/16/2023 22:45,18.49,0,"","","",""
M1,360,10/16/2023 22:50,18.44,0,"","","",""
M1,361,10/16/2023 22:55,18.36,0,"","","",""
M1,362,10/16/2023 23:00,18.32,0,"","","",""
M1,363,10/16/2023 23:05,18.23,0,"","","",""
M1,364,10/16/2023 23:10,18.23,0,"","","",""
M1,365,10/16/2023 23:15,18.36,0,"","","",""
M1,366,10/16/2023 23:20,18.27,0,"","","",""
M1,367,10/16/2023 23:25,18.19,0,"","","",""
M1,368,10/16/2023 23:30,18.1,0,"","","",""
M1,369,10/16/2023 23:35,18.1,0,"","","",""
M1,370,10/16/2023 23:40,17.93,0,"","","",""
M1,371,10/16/2023 23:45,18.06,0,"","","",""
M1,372,10/16/2023 23:50,17.84,0,"","","",""
M1,373,10/16/2023 23:55,17.93,0,"","","",""
M1,374,10/17/2023 0:00,17.97,0,"","","",""
M1,375,10/17/2023 0:05,17.97,0,"","","",""
M1,376,10/17/2023 0:10,17.8,0,"","","",""
M1,377,10/17/2023 0:15,17.76,0,"","","",""
M1,378,10/17/2023 0:20,17.84,0,"","","",""
M1,379,10/17/2023 0:25,17.97,0,"","","",""
M1,380,10/17/2023 0:30,17.84,0,"","","",""
M1,381,10/17/2023 0:35,17.93,0,"","","",""
M1,382,10/17/2023 0:40,17.93,0,"","","",""
M1,383,10/17/2023 0:45,17.97,0,"","","",""
M1,384,10/17/2023 0:50,17.89,0,"","","",""
M1,385,10/17/2023 0:55,18.02,0,"","","",""
M1,386,10/17/2023 1:00,18.14,0,"","","",""
M1,387,10/17/2023 1:05,18.1,0,"","","",""
M1,388,10/17/2023 1:10,18.02,0,"","","",""
M1,389,10/17/2023 1:15,17.97,0,"","","",""
M1,390,10/17/2023 1:20,18.02,0,"","","",""
M1,391,10/17/2023 1:25,17.93,0,"","","",""
M1,392,10/17/2023 1:30,17.93,0,"","","",""
M1,393,10/17/2023 1:35,17.97,0,"","","",""
M1,394,10/17/2023 1:40,17.93,0,"","","",""
M1,395,10/17/2023 1:45,18.02,0,"","","",""
M1,396,10/17/2023 1:50,18.06,0,"","","",""
M1,397,10/17/2023 1:55,18.02,0,"","","",""
M1,398,10/17/2023 2:00,18.02,0,"","","",""
M1,399,10/17/2023 2:05,18.02,0,"","","",""
M1,400,10/17/2023 2:10,18.06,0,"","","",""
M1,401,10/17/2023 2:15,18.1,0,"","","",""
M1,402,10/17/2023 2:20,18.1,0,"","","",""
M1,403,10/17/2023 2:25,18.1,0,"","","",""
M1,404,10/17/2023 2:30,18.06,0,"","","",""
M1,405,10/17/2023 2:35,18.1,0,"","","",""
M1,406,10/17/2023 2:40,18.1,0,"","","",""
M1,407,10/17/2023 2:45,18.14,0,"","","",""
M1,408,10/17/2023 2:50,18.14,0,"","","",""
M1,409,10/17/2023 2:55,18.19,0,"","","",""
M1,410,10/17/2023 3:00,18.14,0,"","","",""
M1,411,10/17/2023 3:05,18.14,0,"","","",""
M1,412,10/17/2023 3:10,18.14,0,"","","",""
M1,413,10/17/2023 3:15,18.14,0,"","","",""
M1,414,10/17/2023 3:20,18.1,0,"","","",""
M1,415,10/17/2023 3:25,18.1,0,"","","",""
M1,416,10/17/2023 3:30,18.02,0,"","","",""
M1,417,10/17/2023 3:35,18.1,0,"","","",""
M1,421,10/17/2023 3:55,18.06,0,"","","",""
M1,422,10/17/2023 4:00,18.06,0,"","","",""
M1,423,10/17/2023 4:05,18.1,0,"","","",""
M1,433,10/17/2023 4:55,18.02,0,"","","",""
M1,434,10/17/2023 5:00,18.02,0,"","","",""
M1,435,10/17/2023 5:05,18.06,0,"","","",""
M1,436,10/17/2023 5:10,18.02,0,"","","",""
M1,437,10/17/2023 5:15,18.02,0,"","","",""
M1,438,10/17/2023 5:20,17.97,0,"","","",""
M1,439,10/17/2023 5:25,18.02,0,"","","",""
M1,440,10/17/2023 5:30,18.02,0,"","","",""
M1,441,10/17/2023 5:35,18.02,0,"","","",""
M1,442,10/17/2023 5:40,18.06,0,"","","",""
M1,443,10/17/2023 5:45,18.02,0,"","","",""
M1,444,10/17/2023 5:50,17.97,0,"","","",""
M1,445,10/17/2023 5:55,18.02,0,"","","",""
M1,446,10/17/2023 6:00,17.97,0,"","","",""
M1,447,10/17/2023 6:05,18.02,0,"","","",""
M1,448,10/17/2023 6:10,17.97,0,"","","",""
M1,449,10/17/2023 6:15,17.97,0,"","","",""
M1,450,10/17/2023 6:20,17.97,0,"","","",""
M1,451,10/17/2023 6:25,17.97,0,"","","",""
M1,452,10/17/2023 6:30,17.97,0,"","","",""
M1,453,10/17/2023 6:35,17.97,0,"","","",""
M1,454,10/17/2023 6:40,17.97,2.39,"","","",""
M1,455,10/17/2023 6:45,17.97,4.14,"","","",""
M1,456,10/17/2023 6:50,17.97,15.31,"","","",""
M1,457,10/17/2023 6:55,17.93,15.06,"","","",""
M1,458,10/17/2023 7:00,17.97,92.84,"","","",""
M1,459,10/17/2023 7:05,18.02,91.96,"","","",""
M1,460,10/17/2023 7:10,18.02,70.5,"","","",""
M1,461,10/17/2023 7:15,18.02,221.68,"","","",""
M1,462,10/17/2023 7:20,17.97,306.64,"","","",""
M1,463,10/17/2023 7:25,17.97,335.36,"","","",""
M1,464,10/17/2023 7:30,18.02,578.4,"","","",""
M1,465,10/17/2023 7:35,18.02,12.86,"","","",""
M1,466,10/17/2023 7:40,18.02,779.84,"","","",""
M1,467,10/17/2023 7:45,17.97,440.64,"","","",""
M1,468,10/17/2023 7:50,18.02,1090.56,"","","",""
M1,469,10/17/2023 7:55,18.06,988.48,"","","",""
M1,470,10/17/2023 8:00,18.02,1084.48,"","","",""
M1,471,10/17/2023 8:05,18.02,1608.32,"","","",""
M1,472,10/17/2023 8:10,18.02,1240.64,"","","",""
M1,473,10/17/2023 8:15,18.1,1525.76,"","","",""
M1,474,10/17/2023 8:20,18.06,1701.76,"","","",""
M1,475,10/17/2023 8:25,18.1,2984.96,"","","",""
M1,476,10/17/2023 8:30,18.06,2918.4,"","","",""
M1,477,10/17/2023 8:35,18.06,3019.52,"","","",""
M1,478,10/17/2023 8:40,18.1,2967.04,"","","",""
M1,479,10/17/2023 8:45,18.14,3182.08,"","","",""
M1,480,10/17/2023 8:50,18.1,3626.24,"","","",""
M1,481,10/17/2023 8:55,18.06,2677.76,"","","",""
M1,482,10/17/2023 9:00,18.19,4962.56,"","","",""
M1,483,10/17/2023 9:05,18.23,4180.48,"","","",""
M1,484,10/17/2023 9:10,18.23,5713.92,"","","",""
M1,485,10/17/2023 9:15,18.14,5521.92,"","","",""
M1,486,10/17/2023 9:20,18.19,5598.72,"","","",""
M1,487,10/17/2023 9:25,18.19,5665.28,"","","",""
M1,488,10/17/2023 9:30,18.19,6272,"","","",""
M1,489,10/17/2023 9:35,18.19,7232,"","","",""
M1,490,10/17/2023 9:40,18.19,7831.04,"","","",""
M1,491,10/17/2023 9:45,18.19,5867.52,"","","",""
M1,492,10/17/2023 9:50,18.19,5404.16,"","","",""
M1,493,10/17/2023 9:55,18.14,7272.96,"","","",""
M1,494,10/17/2023 10:00,18.1,6069.76,"","","",""
M1,495,10/17/2023 10:05,18.1,6481.92,"","","",""
M1,496,10/17/2023 10:10,18.1,11806.72,"","","",""
M1,497,10/17/2023 10:15,18.06,10767.36,"","","",""
M1,498,10/17/2023 10:20,18.02,7754.24,"","","",""
M1,499,10/17/2023 10:25,18.02,7777.28,"","","",""
M1,500,10/17/2023 10:30,17.97,10521.6,"","","",""
M1,501,10/17/2023 10:35,17.97,17710.08,"","","",""
M1,502,10/17/2023 10:40,17.97,15027.2,"","","",""
M1,503,10/17/2023 10:45,17.93,13061.12,"","","",""
M1,504,10/17/2023 10:50,17.89,14044.16,"","","",""
M1,505,10/17/2023 10:55,17.84,14064.64,"","","",""
M1,506,10/17/2023 11:00,17.8,15083.52,"","","",""
M1,507,10/17/2023 11:05,17.76,17233.92,"","","",""
M1,508,10/17/2023 11:10,17.84,25047.04,"","","",""
M1,509,10/17/2023 11:15,18.06,31057.92,"","","",""
M1,510,10/17/2023 11:20,17.97,22507.52,"","","",""
M1,511,10/17/2023 11:25,18.14,24033.28,"","","",""
M1,512,10/17/2023 11:30,18.44,32972.8,"","","",""
M1,513,10/17/2023 11:35,18.62,46981.12,"","","",""
M1,514,10/17/2023 11:40,18.57,30658.56,"","","",""
M1,515,10/17/2023 11:45,18.79,43376.64,"","","",""
M1,516,10/17/2023 11:50,18.79,24473.6,"","","",""
M1,517,10/17/2023 11:55,18.87,32880.64,"","","",""
M1,518,10/17/2023 12:00,18.96,29030.4,"","","",""
M1,519,10/17/2023 12:05,18.96,31815.68,"","","",""
M1,520,10/17/2023 12:10,19.3,58716.16,"","","",""
M1,521,10/17/2023 12:15,19,32962.56,"","","",""
M1,522,10/17/2023 12:20,19.43,40949.76,"","","",""
M1,523,10/17/2023 12:25,19.3,27535.36,"","","",""
M1,524,10/17/2023 12:30,19.43,51937.28,"","","",""
M1,525,10/17/2023 12:35,19.52,59.44,"","","",""
M1,526,10/17/2023 12:40,19.56,59146.24,"","","",""
M1,527,10/17/2023 12:45,19.6,41256.96,"","","",""
M1,528,10/17/2023 12:50,19.47,31815.68,"","","",""
M1,529,10/17/2023 12:55,19.52,43560.96,"","","",""
M1,530,10/17/2023 13:00,19.43,54681.6,"","","",""
M1,531,10/17/2023 13:05,19.35,20567.04,"","","",""
M1,532,10/17/2023 13:10,19.6,33638.4,"","","",""
M1,533,10/17/2023 13:15,19.77,43991.04,"","","",""
M1,534,10/17/2023 13:20,19.9,48087.04,"","","",""
M1,535,10/17/2023 13:25,19.77,47022.08,"","","",""
M1,536,10/17/2023 13:30,19.43,24719.36,"","","",""
M1,537,10/17/2023 13:35,19.56,37386.24,"","","",""
M1,538,10/17/2023 13:40,19.56,19635.2,"","","",""
M1,539,10/17/2023 13:45,19.3,4794.88,"","","",""
M1,540,10/17/2023 13:50,19.3,12948.48,"","","",""
M1,541,10/17/2023 13:55,19.6,39065.6,"","","",""
M1,542,10/17/2023 14:00,19.65,28743.68,"","","",""
M1,543,10/17/2023 14:05,19.26,18872.32,"","","",""
M1,544,10/17/2023 14:10,19.39,51712,"","","",""
M1,545,10/17/2023 14:15,19.47,8312.32,"","","",""
M1,546,10/17/2023 14:20,19.56,10731.52,"","","",""
M1,547,10/17/2023 14:25,19.6,47861.76,"","","",""
M1,548,10/17/2023 14:30,19.65,42106.88,"","","",""
M1,549,10/17/2023 14:35,19.73,29050.88,"","","",""
M1,550,10/17/2023 14:40,19.86,6141.44,"","","",""
M1,551,10/17/2023 14:45,19.95,50872.32,"","","",""
M1,552,10/17/2023 14:50,19.86,25589.76,"","","",""
M1,628,10/17/2023 21:10,19.73,0,"","","",""
M1,629,10/17/2023 21:15,19.73,0,"","","",""
M1,630,10/17/2023 21:20,19.73,0,"","","",""
M1,631,10/17/2023 21:25,19.73,0,"","","",""
M1,632,10/17/2023 21:30,19.77,0,"","","",""
M1,633,10/17/2023 21:35,19.73,0,"","","",""
M1,634,10/17/2023 21:40,19.69,0,"","","",""
M1,635,10/17/2023 21:45,19.73,0,"","","",""
M1,636,10/17/2023 21:50,19.73,0,"","","",""
M1,637,10/17/2023 21:55,19.73,0,"","","",""
M1,638,10/17/2023 22:00,19.69,0,"","","",""
M1,639,10/17/2023 22:05,19.73,0,"","","",""
M1,640,10/17/2023 22:10,19.69,0,"","","",""
M1,641,10/17/2023 22:15,19.69,0,"","","",""
M1,642,10/17/2023 22:20,19.69,0,"","","",""
M1,643,10/17/2023 22:25,19.65,0,"","","",""
M1,644,10/17/2023 22:30,19.65,0,"","","",""
M1,645,10/17/2023 22:35,19.69,0,"","","",""
M1,646,10/17/2023 22:40,19.69,0,"","","",""
M1,647,10/17/2023 22:45,19.65,0,"","","",""
M1,648,10/17/2023 22:50,19.65,0,"","","",""
M1,649,10/17/2023 22:55,19.65,0,"","","",""
M1,650,10/17/2023 23:00,19.6,0,"","","",""
M1,651,10/17/2023 23:05,19.6,0,"","","",""
M1,652,10/17/2023 23:10,19.6,0,"","","",""
M1,653,10/17/2023 23:15,19.56,0,"","","",""
M1,654,10/17/2023 23:20,19.56,0,"","","",""
M1,655,10/17/2023 23:25,19.52,0,"","","",""
M1,656,10/17/2023 23:30,19.56,0,"","","",""
M1,657,10/17/2023 23:35,19.47,0,"","","",""
M1,658,10/17/2023 23:40,19.47,0,"","","",""
M1,659,10/17/2023 23:45,19.3,0,"","","",""
M1,660,10/17/2023 23:50,19.35,0,"","","",""
M1,661,10/17/2023 23:55,19.26,0,"","","",""
M1,662,10/18/2023 0:00,19.26,0,"","","",""
M1,663,10/18/2023 0:05,19.22,0,"","","",""
M1,664,10/18/2023 0:10,19.09,0,"","","",""
M1,665,10/18/2023 0:15,18.87,0,"","","",""
M1,666,10/18/2023 0:20,18.74,0,"","","",""
M1,667,10/18/2023 0:25,18.66,0,"","","",""
M1,668,10/18/2023 0:30,18.79,0,"","","",""
M1,669,10/18/2023 0:35,18.66,0,"","","",""
M1,670,10/18/2023 0:40,18.57,0,"","","",""
M1,671,10/18/2023 0:45,18.62,0,"","","",""
M1,672,10/18/2023 0:50,18.66,0,"","","",""
M1,673,10/18/2023 0:55,18.4,0,"","","",""
M1,674,10/18/2023 1:00,18.49,0,"","","",""
M1,675,10/18/2023 1:05,18.57,0,"","","",""
M1,676,10/18/2023 1:10,18.53,0,"","","",""
M1,677,10/18/2023 1:15,18.4,0,"","","",""
M1,678,10/18/2023 1:20,18.23,0,"","","",""
M1,679,10/18/2023 1:25,18.23,0,"","","",""
M1,680,10/18/2023 1:30,18.32,0,"","","",""
M1,681,10/18/2023 1:35,18.4,0,"","","",""
M1,682,10/18/2023 1:40,18.27,0,"","","",""
M1,683,10/18/2023 1:45,18.32,0,"","","",""
M1,684,10/18/2023 1:50,18.27,0,"","","",""
M1,685,10/18/2023 1:55,18.36,0,"","","",""
M1,686,10/18/2023 2:00,18.27,0,"","","",""
M1,687,10/18/2023 2:05,18.36,0,"","","",""
M1,688,10/18/2023 2:10,18.32,0,"","","",""
M1,689,10/18/2023 2:15,18.32,0,"","","",""
M1,690,10/18/2023 2:20,18.32,0,"","","",""
M1,691,10/18/2023 2:25,18.27,0,"","","",""
M1,692,10/18/2023 2:30,18.27,0,"","","",""
M1,693,10/18/2023 2:35,18.32,0,"","","",""
M1,694,10/18/2023 2:40,18.23,0,"","","",""
M1,695,10/18/2023 2:45,18.19,0,"","","",""
M1,696,10/18/2023 2:50,18.19,0,"","","",""
M1,697,10/18/2023 2:55,18.1,0,"","","",""
M1,698,10/18/2023 3:00,18.14,0,"","","",""
M1,699,10/18/2023 3:05,18.1,0,"","","",""
M1,700,10/18/2023 3:10,18.14,0,"","","",""
M1,701,10/18/2023 3:15,18.1,0,"","","",""
M1,702,10/18/2023 3:20,18.1,0,"","","",""
M1,703,10/18/2023 3:25,18.06,0,"","","",""
M1,704,10/18/2023 3:30,18.1,0,"","","",""
M1,705,10/18/2023 3:35,18.06,0,"","","",""
M1,706,10/18/2023 3:40,18.06,0,"","","",""
M1,707,10/18/2023 3:45,18.02,0,"","","",""
M1,708,10/18/2023 3:50,18.02,0,"","","",""
M1,709,10/18/2023 3:55,17.97,0,"","","",""
M1,710,10/18/2023 4:00,17.97,0,"","","",""
M1,711,10/18/2023 4:05,17.97,0,"","","",""
M1,712,10/18/2023 4:10,17.97,0,"","","",""
M1,713,10/18/2023 4:15,17.93,0,"","","",""
M1,714,10/18/2023 4:20,17.93,0,"","","",""
M1,715,10/18/2023 4:25,17.93,0,"","","",""
M1,716,10/18/2023 4:30,17.97,0,"","","",""
M1,717,10/18/2023 4:35,17.93,0,"","","",""
M1,718,10/18/2023 4:40,17.93,0,"","","",""
M1,719,10/18/2023 4:45,17.93,0,"","","",""
M1,720,10/18/2023 4:50,17.93,0,"","","",""
M1,721,10/18/2023 4:55,17.93,0,"","","",""
M1,722,10/18/2023 5:00,17.89,0,"","","",""
M1,723,10/18/2023 5:05,17.89,0,"","","",""
M1,724,10/18/2023 5:10,17.89,0,"","","",""
M1,725,10/18/2023 5:15,17.89,0,"","","",""
M1,726,10/18/2023 5:20,17.93,0,"","","",""
M1,727,10/18/2023 5:25,17.93,0,"","","",""
M1,728,10/18/2023 5:30,17.93,0,"","","",""
M1,729,10/18/2023 5:35,17.93,0,"","","",""
M1,730,10/18/2023 5:40,17.97,0,"","","",""
M1,731,10/18/2023 5:45,17.93,0,"","","",""
M1,732,10/18/2023 5:50,17.97,0,"","","",""
M1,733,10/18/2023 5:55,18.02,0,"","","",""
M1,734,10/18/2023 6:00,17.93,0,"","","",""
M1,735,10/18/2023 6:05,17.93,0,"","","",""
M1,736,10/18/2023 6:10,17.93,0,"","","",""
M1,737,10/18/2023 6:15,18.02,0,"","","",""
M1,738,10/18/2023 6:20,17.97,0,"","","",""
M1,739,10/18/2023 6:25,18.02,0,"","","",""
M1,740,10/18/2023 6:30,18.02,0,"","","",""
M1,741,10/18/2023 6:35,17.97,0.43,"","","",""
M1,742,10/18/2023 6:40,18.06,2.17,"","","",""
M1,743,10/18/2023 6:45,18.06,5.01,"","","",""
M1,744,10/18/2023 6:50,18.02,15.72,"","","",""
M1,745,10/18/2023 6:55,18.06,43.8,"","","",""
M1,746,10/18/2023 7:00,18.06,59.98,"","","",""
M1,747,10/18/2023 7:05,18.06,102.44,"","","",""
M1,748,10/18/2023 7:10,18.1,223.36,"","","",""
M1,749,10/18/2023 7:15,18.1,371.52,"","","",""
M1,750,10/18/2023 7:20,18.1,111.16,"","","",""
M1,751,10/18/2023 7:25,18.14,221.68,"","","",""
M1,752,10/18/2023 7:30,18.23,622.88,"","","",""
M1,753,10/18/2023 7:35,18.27,862.08,"","","",""
M1,754,10/18/2023 7:40,18.32,994.56,"","","",""
M1,755,10/18/2023 7:45,18.36,1324.16,"","","",""
M1,756,10/18/2023 7:50,18.4,1566.72,"","","",""
M1,757,10/18/2023 7:55,18.44,1737.6,"","","",""
M1,758,10/18/2023 8:00,18.44,1634.56,"","","",""
M1,759,10/18/2023 8:05,18.36,1680,"","","",""
M1,760,10/18/2023 8:10,18.4,3042.56,"","","",""
M1,761,10/18/2023 8:15,18.53,3191.04,"","","",""
M1,762,10/18/2023 8:20,18.66,3717.12,"","","",""
M1,763,10/18/2023 8:25,18.7,4547.84,"","","",""
M1,764,10/18/2023 8:30,18.7,4481.28,"","","",""
M1,765,10/18/2023 8:35,18.74,5080.32,"","","",""
M1,766,10/18/2023 8:40,18.66,4243.2,"","","",""
M1,767,10/18/2023 8:45,18.7,4889.6,"","","",""
M1,768,10/18/2023 8:50,18.74,6392.32,"","","",""
M1,769,10/18/2023 8:55,18.74,7127.04,"","","",""
M1,770,10/18/2023 9:00,18.79,8033.28,"","","",""
M1,771,10/18/2023 9:05,18.79,7196.16,"","","",""
M1,772,10/18/2023 9:10,18.79,8962.56,"","","",""
M1,773,10/18/2023 9:15,18.79,8919.04,"","","",""
M1,774,10/18/2023 9:20,18.83,9848.32,"","","",""
M1,775,10/18/2023 9:25,18.79,10132.48,"","","",""
M1,776,10/18/2023 9:30,18.83,12072.96,"","","",""
M1,777,10/18/2023 9:35,18.83,10293.76,"","","",""
M1,778,10/18/2023 9:40,18.83,18114.56,"","","",""
M1,779,10/18/2023 9:45,19,15641.6,"","","",""
M1,780,10/18/2023 9:50,18.96,16568.32,"","","",""
M1,781,10/18/2023 9:55,18.92,19051.52,"","","",""
M1,782,10/18/2023 10:00,18.92,16599.04,"","","",""
M1,783,10/18/2023 10:05,18.87,18155.52,"","","",""
M1,784,10/18/2023 10:10,18.92,15831.04,"","","",""
M1,785,10/18/2023 10:15,18.87,17413.12,"","","",""
M1,786,10/18/2023 10:20,18.83,16035.84,"","","",""
M1,787,10/18/2023 10:25,18.83,17269.76,"","","",""
M1,788,10/18/2023 10:30,18.92,20495.36,"","","",""
M1,789,10/18/2023 10:35,18.87,18329.6,"","","",""
M1,790,10/18/2023 10:40,18.83,20945.92,"","","",""
M1,791,10/18/2023 10:45,18.74,17520.64,"","","",""
M1,792,10/18/2023 10:50,18.74,20746.24,"","","",""
M1,793,10/18/2023 10:55,18.74,19619.84,"","","",""
M1,794,10/18/2023 11:00,18.83,29245.44,"","","",""
M1,795,10/18/2023 11:05,18.83,40888.32,"","","",""
M1,796,10/18/2023 11:10,18.92,37201.92,"","","",""
M1,797,10/18/2023 11:15,18.74,18698.24,"","","",""
M1,798,10/18/2023 11:20,18.79,27914.24,"","","",""
M1,799,10/18/2023 11:25,18.87,29747.2,"","","",""
M1,800,10/18/2023 11:30,18.87,27555.84,"","","",""
M1,801,10/18/2023 11:35,18.92,41646.08,"","","",""
M1,802,10/18/2023 11:40,18.87,27443.2,"","","",""
M1,803,10/18/2023 11:45,18.83,39290.88,"","","",""
M1,804,10/18/2023 11:50,18.87,37754.88,"","","",""
M1,805,10/18/2023 11:55,18.92,33710.08,"","","",""
M1,806,10/18/2023 12:00,18.92,23613.44,"","","",""
M1,807,10/18/2023 12:05,18.96,37242.88,"","","",""
M1,808,10/18/2023 12:10,18.96,30310.4,"","","",""
M1,809,10/18/2023 12:15,18.92,16220.16,"","","",""
M1,810,10/18/2023 12:20,19,30617.6,"","","",""
M1,811,10/18/2023 12:25,19,31191.04,"","","",""
M1,812,10/18/2023 12:30,19,34805.76,"","","",""
M1,813,10/18/2023 12:35,19.05,28887.04,"","","",""
M1,814,10/18/2023 12:40,19.05,42680.32,"","","",""
M1,815,10/18/2023 12:45,19.05,27688.96,"","","",""
M1,816,10/18/2023 12:50,19.05,33792,"","","",""
M1,817,10/18/2023 12:55,19.05,17326.08,"","","",""
M1,818,10/18/2023 13:00,19,14581.76,"","","",""
M1,819,10/18/2023 13:05,19.09,33228.8,"","","",""
M1,820,10/18/2023 13:10,19.13,26849.28,"","","",""
M1,821,10/18/2023 13:15,19.22,31283.2,"","","",""
M1,822,10/18/2023 13:20,19.17,36311.04,"","","",""
M1,823,10/18/2023 13:25,19.26,37713.92,"","","",""
M1,824,10/18/2023 13:30,19.13,32.99,"","","",""
M1,825,10/18/2023 13:35,19.22,36730.88,"","","",""
M1,826,10/18/2023 13:40,19.26,30976,"","","",""
M1,827,10/18/2023 13:45,19.3,5118.72,"","","",""
M1,828,10/18/2023 13:50,19.39,36935.68,"","","",""
M1,829,10/18/2023 13:55,19.26,19025.92,"","","",""
M1,830,10/18/2023 14:00,19.43,23848.96,"","","",""
M1,831,10/18/2023 14:05,19.47,39905.28,"","","",""
M1,832,10/18/2023 14:10,19.39,21401.6,"","","",""
M1,833,10/18/2023 14:15,19.47,34406.4,"","","",""
M1,834,10/18/2023 14:20,19.6,16424.96,"","","",""
M1,835,10/18/2023 14:25,19.47,16563.2,"","","",""
M1,836,10/18/2023 14:30,19.47,14622.72,"","","",""
M1,837,10/18/2023 14:35,19.56,11668.48,"","","",""
M1,838,10/18/2023 14:40,19.6,6799.36,"","","",""
M1,839,10/18/2023 14:45,19.56,7301.12,"","","",""
M1,840,10/18/2023 14:50,19.65,20485.12,"","","",""
M1,841,10/18/2023 14:55,19.95,8663.04,"","","",""
M1,842,10/18/2023 15:00,19.82,6469.12,"","","",""
M1,843,10/18/2023 15:05,19.9,32921.6,"","","",""
M1,844,10/18/2023 15:10,19.9,15759.36,"","","",""
M1,845,10/18/2023 15:15,20.16,1155.84,"","","",""
M1,846,10/18/2023 15:20,20.07,36382.72,"","","",""
M1,847,10/18/2023 15:25,20.12,17530.88,"","","",""
M1,848,10/18/2023 15:30,19.99,23162.88,"","","",""
M1,849,10/18/2023 15:35,20.29,1731.2,"","","",""
M1,932,10/18/2023 22:30,19.22,0,"","","",""
M1,933,10/18/2023 22:35,19.3,0,"","","",""
M1,934,10/18/2023 22:40,19.26,0,"","","",""
M1,935,10/18/2023 22:45,19.26,0,"","","",""
M1,936,10/18/2023 22:50,19.22,0,"","","",""
M1,937,10/18/2023 22:55,19.26,0,"","","",""
M1,938,10/18/2023 23:00,19.22,0,"","","",""
M1,939,10/18/2023 23:05,19.17,0,"","","",""
M1,940,10/18/2023 23:10,19.17,0,"","","",""
M1,941,10/18/2023 23:15,19.17,0,"","","",""
M1,942,10/18/2023 23:20,19.26,0,"","","",""
M1,943,10/18/2023 23:25,19.17,0,"","","",""
M1,944,10/18/2023 23:30,19.17,0,"","","",""
M1,945,10/18/2023 23:35,19.17,0,"","","",""
M1,946,10/18/2023 23:40,19.13,0,"","","",""
M1,947,10/18/2023 23:45,19.09,0,"","","",""
M1,948,10/18/2023 23:50,19.09,0,"","","",""
M1,949,10/18/2023 23:55,19.05,0,"","","",""
M1,950,10/19/2023 0:00,19.05,0,"","","",""
M1,951,10/19/2023 0:05,19,0,"","","",""
M1,952,10/19/2023 0:10,18.96,0,"","","",""
M1,953,10/19/2023 0:15,18.96,0,"","","",""
M1,954,10/19/2023 0:20,18.96,0,"","","",""
M1,955,10/19/2023 0:25,18.92,0,"","","",""
M1,956,10/19/2023 0:30,18.87,0,"","","",""
M1,957,10/19/2023 0:35,18.87,0,"","","",""
M1,958,10/19/2023 0:40,18.83,0,"","","",""
M1,959,10/19/2023 0:45,18.79,0,"","","",""
M1,960,10/19/2023 0:50,18.79,0,"","","",""
M1,961,10/19/2023 0:55,18.74,0,"","","",""
M1,962,10/19/2023 1:00,18.7,0,"","","",""
M1,963,10/19/2023 1:05,18.74,0,"","","",""
M1,964,10/19/2023 1:10,18.66,0,"","","",""
M1,965,10/19/2023 1:15,18.62,0,"","","",""
M1,966,10/19/2023 1:20,18.53,0,"","","",""
M1,967,10/19/2023 1:25,18.49,0,"","","",""
M1,968,10/19/2023 1:30,18.44,0,"","","",""
M1,969,10/19/2023 1:35,18.4,0,"","","",""
M1,970,10/19/2023 1:40,18.23,0,"","","",""
M1,971,10/19/2023 1:45,18.1,0,"","","",""
M1,972,10/19/2023 1:50,18.06,0,"","","",""
M1,973,10/19/2023 1:55,18.02,0,"","","",""
M1,974,10/19/2023 2:00,17.89,0,"","","",""
M1,975,10/19/2023 2:05,17.84,0,"","","",""
M1,976,10/19/2023 2:10,17.8,0,"","","",""
M1,977,10/19/2023 2:15,17.76,0,"","","",""
M1,978,10/19/2023 2:20,17.8,0,"","","",""
M1,979,10/19/2023 2:25,17.76,0,"","","",""
M1,980,10/19/2023 2:30,17.76,0,"","","",""
M1,981,10/19/2023 2:35,17.72,0,"","","",""
M1,982,10/19/2023 2:40,17.63,0,"","","",""
M1,983,10/19/2023 2:45,17.63,0,"","","",""
M1,984,10/19/2023 2:50,17.5,0,"","","",""
M1,985,10/19/2023 2:55,17.5,0,"","","",""
M1,986,10/19/2023 3:00,17.46,0,"","","",""
M1,987,10/19/2023 3:05,17.41,0,"","","",""
M1,988,10/19/2023 3:10,17.41,0,"","","",""
M1,989,10/19/2023 3:15,17.33,0,"","","",""
M1,990,10/19/2023 3:20,17.33,0,"","","",""
M1,991,10/19/2023 3:25,17.24,0,"","","",""
M1,992,10/19/2023 3:30,17.2,0,"","","",""
M1,993,10/19/2023 3:35,17.16,0,"","","",""
M1,994,10/19/2023 3:40,17.11,0,"","","",""
M1,995,10/19/2023 3:45,17.07,0,"","","",""
M1,996,10/19/2023 3:50,17.16,0,"","","",""
M1,997,10/19/2023 3:55,17.07,0,"","","",""
M1,998,10/19/2023 4:00,17.03,0,"","","",""
M1,999,10/19/2023 4:05,16.99,0,"","","",""
M1,1000,10/19/2023 4:10,16.99,0,"","","",""
M1,1001,10/19/2023 4:15,16.99,0,"","","",""
M1,1002,10/19/2023 4:20,17.03,0,"","","",""
M1,1003,10/19/2023 4:25,17.03,0,"","","",""
M1,1004,10/19/2023 4:30,16.99,0,"","","",""
M1,1005,10/19/2023 4:35,17.03,0,"","","",""
M1,1006,10/19/2023 4:40,17.03,0,"","","",""
M1,1007,10/19/2023 4:45,16.94,0,"","","",""
M1,1008,10/19/2023 4:50,16.94,0,"","","",""
M1,1009,10/19/2023 4:55,16.9,0,"","","",""
M1,1010,10/19/2023 5:00,16.99,0,"","","",""
M1,1011,10/19/2023 5:05,16.99,0,"","","",""
M1,1012,10/19/2023 5:10,17.03,0,"","","",""
M1,1013,10/19/2023 5:15,17.03,0,"","","",""
M1,1014,10/19/2023 5:20,17.03,0,"","","",""
M1,1015,10/19/2023 5:25,17.03,0,"","","",""
M1,1016,10/19/2023 5:30,16.99,0,"","","",""
M1,1017,10/19/2023 5:35,16.99,0,"","","",""
M1,1018,10/19/2023 5:40,17.03,0,"","","",""
M1,1019,10/19/2023 5:45,16.99,0,"","","",""
M1,1020,10/19/2023 5:50,16.99,0,"","","",""
M1,1021,10/19/2023 5:55,17.03,0,"","","",""
M1,1022,10/19/2023 6:00,17.03,0,"","","",""
M1,1023,10/19/2023 6:05,17.03,0,"","","",""
M1,1024,10/19/2023 6:10,16.99,0,"","","",""
M1,1025,10/19/2023 6:15,17.03,0,"","","",""
M1,1026,10/19/2023 6:20,17.03,0,"","","",""
M1,1027,10/19/2023 6:25,17.03,0,"","","",""
M1,1028,10/19/2023 6:30,17.07,0,"","","",""
M1,1029,10/19/2023 6:35,17.11,0.21,"","","",""
M1,1030,10/19/2023 6:40,17.16,3.48,"","","",""
M1,1031,10/19/2023 6:45,17.11,2.61,"","","",""
M1,1032,10/19/2023 6:50,17.16,18.58,"","","",""
M1,1033,10/19/2023 6:55,17.11,8.5,"","","",""
M1,1034,10/19/2023 7:00,17.16,105.92,"","","",""
M1,1035,10/19/2023 7:05,17.24,81.4,"","","",""
M1,1036,10/19/2023 7:10,17.16,167.36,"","","",""
M1,1037,10/19/2023 7:15,17.24,449.6,"","","",""
M1,1038,10/19/2023 7:20,17.29,246.24,"","","",""
M1,1039,10/19/2023 7:25,17.37,662.4,"","","",""
M1,1040,10/19/2023 7:30,17.37,181.28,"","","",""
M1,1041,10/19/2023 7:35,17.41,5.44,"","","",""
M1,1042,10/19/2023 7:40,17.41,597.6,"","","",""
M1,1043,10/19/2023 7:45,17.37,1632.64,"","","",""
M1,1044,10/19/2023 7:50,17.41,1541.12,"","","",""
M1,1045,10/19/2023 7:55,17.41,1793.92,"","","",""
M1,1046,10/19/2023 8:00,17.46,244.32,"","","",""
M1,1047,10/19/2023 8:05,17.5,1935.36,"","","",""
M1,1048,10/19/2023 8:10,17.5,4167.68,"","","",""
M1,1049,10/19/2023 8:15,17.59,2658.56,"","","",""
M1,1050,10/19/2023 8:20,17.59,4529.92,"","","",""
M1,1051,10/19/2023 8:25,17.63,1742.72,"","","",""
M1,1052,10/19/2023 8:30,17.67,3852.8,"","","",""
M1,1053,10/19/2023 8:35,17.67,4410.88,"","","",""
M1,1054,10/19/2023 8:40,17.72,2411.52,"","","",""
M1,1055,10/19/2023 8:45,17.76,3004.16,"","","",""
M1,1056,10/19/2023 8:50,17.76,6059.52,"","","",""
M1,1057,10/19/2023 8:55,17.84,4948.48,"","","",""
M1,1058,10/19/2023 9:00,17.89,11750.4,"","","",""
M1,1059,10/19/2023 9:05,17.89,8780.8,"","","",""
M1,1060,10/19/2023 9:10,17.89,7321.6,"","","",""
M1,1061,10/19/2023 9:15,17.97,4254.72,"","","",""
M1,1062,10/19/2023 9:20,17.97,11110.4,"","","",""
M1,1063,10/19/2023 9:25,18.1,3971.84,"","","",""
M1,1064,10/19/2023 9:30,18.1,12078.08,"","","",""
M1,1065,10/19/2023 9:35,18.1,4149.76,"","","",""
M1,1066,10/19/2023 9:40,18.1,10839.04,"","","",""
M1,1067,10/19/2023 9:45,18.1,16773.12,"","","",""
M1,1068,10/19/2023 9:50,18.27,12380.16,"","","",""
M1,1069,10/19/2023 9:55,18.19,1173.44,"","","",""
M1,1070,10/19/2023 10:00,18.19,13450.24,"","","",""
M1,1071,10/19/2023 10:05,18.23,13276.16,"","","",""
M1,1072,10/19/2023 10:10,18.27,18892.8,"","","",""
M1,1073,10/19/2023 10:15,18.23,19491.84,"","","",""
M1,1074,10/19/2023 10:20,18.27,15477.76,"","","",""
M1,1075,10/19/2023 10:25,18.27,26470.4,"","","",""
M1,1076,10/19/2023 10:30,18.27,18657.28,"","","",""
M1,1077,10/19/2023 10:35,18.36,30935.04,"","","",""
M1,1078,10/19/2023 10:40,18.32,14515.2,"","","",""
M1,1079,10/19/2023 10:45,18.36,13987.84,"","","",""
M1,1080,10/19/2023 10:50,18.36,21411.84,"","","",""
M1,1081,10/19/2023 10:55,18.4,27258.88,"","","",""
M1,1082,10/19/2023 11:00,18.44,9646.08,"","","",""
M1,1083,10/19/2023 11:05,18.53,8486.4,"","","",""
M1,1084,10/19/2023 11:10,18.49,26245.12,"","","",""
M1,1085,10/19/2023 11:15,18.49,12564.48,"","","",""
M1,1086,10/19/2023 11:20,18.62,17377.28,"","","",""
M1,1087,10/19/2023 11:25,18.57,21196.8,"","","",""
M1,1088,10/19/2023 11:30,18.62,7616,"","","",""
M1,1089,10/19/2023 11:35,18.62,27453.44,"","","",""
M1,1090,10/19/2023 11:40,18.62,27678.72,"","","",""
M1,1091,10/19/2023 11:45,18.66,18775.04,"","","",""
M1,1092,10/19/2023 11:50,18.7,30781.44,"","","",""
M1,1093,10/19/2023 11:55,18.66,16691.2,"","","",""
M1,1094,10/19/2023 12:00,18.66,11714.56,"","","",""
M1,1095,10/19/2023 12:05,18.7,25456.64,"","","",""
M1,1096,10/19/2023 12:10,18.74,21985.28,"","","",""
M1,1097,10/19/2023 12:15,18.83,30740.48,"","","",""
M1,1098,10/19/2023 12:20,18.83,21934.08,"","","",""
M1,1099,10/19/2023 12:25,18.83,20802.56,"","","",""
M1,1100,10/19/2023 12:30,18.92,31559.68,"","","",""
M1,1101,10/19/2023 12:35,18.92,20802.56,"","","",""
M1,1102,10/19/2023 12:40,18.92,3051.52,"","","",""
M1,1103,10/19/2023 12:45,18.96,43356.16,"","","",""
M1,1104,10/19/2023 12:50,19.05,19896.32,"","","",""
M1,1105,10/19/2023 12:55,19,25548.8,"","","",""
M1,1106,10/19/2023 13:00,19.05,25722.88,"","","",""
M1,1107,10/19/2023 13:05,18.96,4257.28,"","","",""
M1,1108,10/19/2023 13:10,19,41451.52,"","","",""
M1,1109,10/19/2023 13:15,19.09,25128.96,"","","",""
M1,1110,10/19/2023 13:20,19.13,31651.84,"","","",""
M1,1111,10/19/2023 13:25,19,9512.96,"","","",""
M1,1112,10/19/2023 13:30,18.92,8599.04,"","","",""
M1,1113,10/19/2023 13:35,18.96,16931.84,"","","",""
M1,1114,10/19/2023 13:40,19,14771.2,"","","",""
M1,1115,10/19/2023 13:45,19.09,30310.4,"","","",""
M1,1116,10/19/2023 13:50,19,12293.12,"","","",""
M1,1117,10/19/2023 13:55,19.09,24258.56,"","","",""
M1,1118,10/19/2023 14:00,19.22,21299.2,"","","",""
M1,1119,10/19/2023 14:05,19.13,32163.84,"","","",""
M1,1120,10/19/2023 14:10,19.17,30494.72,"","","",""
M1,1121,10/19/2023 14:15,19.09,130.32,"","","",""
M1,1122,10/19/2023 14:20,19.17,34099.2,"","","",""
M1,1123,10/19/2023 14:25,19.3,30248.96,"","","",""
M1,1124,10/19/2023 14:30,19.13,2602.88,"","","",""
M1,1125,10/19/2023 14:35,19.39,23869.44,"","","",""
M1,1126,10/19/2023 14:40,19.17,7106.56,"","","",""
M1,1127,10/19/2023 14:45,19.3,6584.32,"","","",""
M1,1128,10/19/2023 14:50,19.3,15779.84,"","","",""
M1,1129,10/19/2023 14:55,19.47,43089.92,"","","",""
M1,1130,10/19/2023 15:00,19.47,1877.76,"","","",""
M1,1131,10/19/2023 15:05,19.47,19624.96,"","","",""
M1,1132,10/19/2023 15:10,19.43,8711.68,"","","",""
M1,1133,10/19/2023 15:15,19.56,33699.84,"","","",""
M1,1134,10/19/2023 15:20,19.35,16865.28,"","","",""
M1,1135,10/19/2023 15:25,19.39,70.84,"","","",""
M1,1136,10/19/2023 15:30,19.52,15733.76,"","","",""
M1,1137,10/19/2023 15:35,19.52,8279.04,"","","",""
M1,1138,10/19/2023 15:40,19.43,3418.88,"","","",""
M1,1139,10/19/2023 15:45,19.47,6950.4,"","","",""
M1,1140,10/19/2023 15:50,19.56,25702.4,"","","",""
M1,1141,10/19/2023 15:55,19.56,506.88,"","","",""
M1,1142,10/19/2023 16:00,19.65,56565.76,"","","",""
M1,1143,10/19/2023 16:05,19.73,30126.08,"","","",""
M1,1144,10/19/2023 16:10,19.6,12928,"","","",""
M1,1145,10/19/2023 16:15,19.52,10823.68,"","","",""
M1,1146,10/19/2023 16:20,19.52,2113.28,"","","",""
M1,1147,10/19/2023 16:25,19.52,2970.88,"","","",""
M1,1148,10/19/2023 16:30,19.73,4948.48,"","","",""
M1,1149,10/19/2023 16:35,19.65,2355.84,"","","",""
M1,1236,10/19/2023 23:50,17.41,0,"","","",""
M1,1237,10/19/2023 23:55,17.33,0,"","","",""
M1,1238,10/20/2023 0:00,17.41,0,"","","",""
M1,1239,10/20/2023 0:05,17.37,0,"","","",""
M1,1240,10/20/2023 0:10,17.29,0,"","","",""
M1,1241,10/20/2023 0:15,17.24,0,"","","",""
M1,1242,10/20/2023 0:20,17.2,0,"","","",""
M1,1243,10/20/2023 0:25,17.03,0,"","","",""
M1,1244,10/20/2023 0:30,17.03,0,"","","",""
M1,1245,10/20/2023 0:35,17.03,0,"","","",""
M1,1246,10/20/2023 0:40,17.03,0,"","","",""
M1,1247,10/20/2023 0:45,17.16,0,"","","",""
M1,1248,10/20/2023 0:50,17.2,0,"","","",""
M1,1249,10/20/2023 0:55,17.16,0,"","","",""
M1,1250,10/20/2023 1:00,17.07,0,"","","",""
M1,1251,10/20/2023 1:05,17.03,0,"","","",""
M1,1252,10/20/2023 1:10,16.94,0,"","","",""
M1,1253,10/20/2023 1:15,16.94,0,"","","",""
M1,1254,10/20/2023 1:20,16.9,0,"","","",""
M1,1255,10/20/2023 1:25,16.99,0,"","","",""
M1,1256,10/20/2023 1:30,17.03,0,"","","",""
M1,1257,10/20/2023 1:35,17.03,0,"","","",""
M1,1258,10/20/2023 1:40,17.03,0,"","","",""
M1,1259,10/20/2023 1:45,16.99,0,"","","",""
M1,1260,10/20/2023 1:50,16.99,0,"","","",""
M1,1261,10/20/2023 1:55,16.99,0,"","","",""
M1,1262,10/20/2023 2:00,16.99,0,"","","",""
M1,1263,10/20/2023 2:05,16.99,0,"","","",""
M1,1264,10/20/2023 2:10,16.99,0,"","","",""
M1,1265,10/20/2023 2:15,16.99,0,"","","",""
M1,1266,10/20/2023 2:20,16.9,0,"","","",""
M1,1267,10/20/2023 2:25,16.9,0,"","","",""
M1,1268,10/20/2023 2:30,16.9,0,"","","",""
M1,1269,10/20/2023 2:35,16.9,0,"","","",""
M1,1270,10/20/2023 2:40,16.86,0,"","","",""
M1,1271,10/20/2023 2:45,16.77,0,"","","",""
M1,1272,10/20/2023 2:50,16.77,0,"","","",""
M1,1273,10/20/2023 2:55,16.73,0,"","","",""
M1,1274,10/20/2023 3:00,16.77,0,"","","",""
M1,1275,10/20/2023 3:05,16.69,0,"","","",""
M1,1276,10/20/2023 3:10,16.69,0,"","","",""
M1,1277,10/20/2023 3:15,16.6,0,"","","",""
M1,1278,10/20/2023 3:20,16.64,0,"","","",""
M1,1279,10/20/2023 3:25,16.73,0,"","","",""
M1,1280,10/20/2023 3:30,16.73,0,"","","",""
M1,1281,10/20/2023 3:35,16.73,0,"","","",""
M1,1282,10/20/2023 3:40,16.73,0,"","","",""
M1,1283,10/20/2023 3:45,16.73,0,"","","",""
M1,1284,10/20/2023 3:50,16.73,0,"","","",""
M1,1285,10/20/2023 3:55,16.73,0,"","","",""
M1,1286,10/20/2023 4:00,16.69,0,"","","",""
M1,1287,10/20/2023 4:05,16.69,0,"","","",""
M1,1288,10/20/2023 4:10,16.69,0,"","","",""
M1,1289,10/20/2023 4:15,16.64,0,"","","",""
M1,1290,10/20/2023 4:20,16.64,0,"","","",""
M1,1291,10/20/2023 4:25,16.6,0,"","","",""
M1,1292,10/20/2023 4:30,16.6,0,"","","",""
M1,1293,10/20/2023 4:35,16.6,0,"","","",""
M1,1294,10/20/2023 4:40,16.64,0,"","","",""
M1,1295,10/20/2023 4:45,16.6,0,"","","",""
M1,1296,10/20/2023 4:50,16.6,0,"","","",""
M1,1297,10/20/2023 4:55,16.6,0,"","","",""
M1,1298,10/20/2023 5:00,16.6,0,"","","",""
M1,1299,10/20/2023 5:05,16.6,0,"","","",""
M1,1300,10/20/2023 5:10,16.6,0,"","","",""
M1,1301,10/20/2023 5:15,16.6,0,"","","",""
M1,1302,10/20/2023 5:20,16.73,0,"","","",""
M1,1303,10/20/2023 5:25,16.73,0,"","","",""
M1,1304,10/20/2023 5:30,16.69,0,"","","",""
M1,1305,10/20/2023 5:35,16.69,0,"","","",""
M1,1306,10/20/2023 5:40,16.69,0,"","","",""
M1,1307,10/20/2023 5:45,16.64,0,"","","",""
M1,1308,10/20/2023 5:50,16.6,0,"","","",""
M1,1309,10/20/2023 5:55,16.69,0,"","","",""
M1,1310,10/20/2023 6:00,16.69,0,"","","",""
M1,1311,10/20/2023 6:05,16.73,0,"","","",""
M1,1312,10/20/2023 6:10,16.77,0,"","","",""
M1,1313,10/20/2023 6:15,16.81,0,"","","",""
M1,1314,10/20/2023 6:20,16.86,0,"","","",""
M1,1315,10/20/2023 6:25,16.81,0,"","","",""
M1,1316,10/20/2023 6:30,16.86,0,"","","",""
M1,1317,10/20/2023 6:35,16.94,0.43,"","","",""
M1,1318,10/20/2023 6:40,16.94,2.17,"","","",""
M1,1319,10/20/2023 6:45,16.94,5.23,"","","",""
M1,1320,10/20/2023 6:50,16.99,4.35,"","","",""
M1,1321,10/20/2023 6:55,17.07,63.52,"","","",""
M1,1322,10/20/2023 7:00,17.03,95.44,"","","",""
M1,1323,10/20/2023 7:05,17.07,290.08,"","","",""
M1,1324,10/20/2023 7:10,17.16,95.36,"","","",""
M1,1325,10/20/2023 7:15,17.2,141.76,"","","",""
M1,1326,10/20/2023 7:20,17.16,418.88,"","","",""
M1,1327,10/20/2023 7:25,17.11,1002.56,"","","",""
M1,1328,10/20/2023 7:30,17.16,105.44,"","","",""
M1,1329,10/20/2023 7:35,17.2,1357.44,"","","",""
M1,1330,10/20/2023 7:40,17.16,1985.92,"","","",""
M1,1331,10/20/2023 7:45,17.16,571.84,"","","",""
M1,1332,10/20/2023 7:50,17.24,414.24,"","","",""
M1,1333,10/20/2023 7:55,17.2,2090.24,"","","",""
M1,1334,10/20/2023 8:00,17.29,2568.32,"","","",""
M1,1335,10/20/2023 8:05,17.33,1954.56,"","","",""
M1,1336,10/20/2023 8:10,17.33,2769.92,"","","",""
M1,1337,10/20/2023 8:15,17.37,4704,"","","",""
M1,1338,10/20/2023 8:20,17.37,5314.56,"","","",""
M1,1339,10/20/2023 8:25,17.37,3668.48,"","","",""
M1,1340,10/20/2023 8:30,17.46,6243.84,"","","",""
M1,1341,10/20/2023 8:35,17.37,5324.8,"","","",""
M1,1342,10/20/2023 8:40,17.46,8263.68,"","","",""
M1,1343,10/20/2023 8:45,17.46,5529.6,"","","",""
M1,1344,10/20/2023 8:50,17.54,12482.56,"","","",""
M1,1345,10/20/2023 8:55,17.59,4038.4,"","","",""
M1,1346,10/20/2023 9:00,17.46,9116.16,"","","",""
M1,1347,10/20/2023 9:05,17.59,11939.84,"","","",""
M1,1348,10/20/2023 9:10,17.59,6801.92,"","","",""
M1,1349,10/20/2023 9:15,17.63,1954.56,"","","",""
M1,1350,10/20/2023 9:20,17.67,2050.56,"","","",""
M1,1351,10/20/2023 9:25,17.76,13655.04,"","","",""
M1,1352,10/20/2023 9:30,17.76,6174.72,"","","",""
M1,1353,10/20/2023 9:35,17.76,7.62,"","","",""
M1,1354,10/20/2023 9:40,17.67,21.6,"","","",""
M1,1355,10/20/2023 9:45,17.84,17587.2,"","","",""
M1,1356,10/20/2023 9:50,17.84,20608,"","","",""
M1,1357,10/20/2023 9:55,17.84,5626.88,"","","",""
M1,1358,10/20/2023 10:00,17.97,13271.04,"","","",""
M1,1359,10/20/2023 10:05,17.97,16112.64,"","","",""
M1,1360,10/20/2023 10:10,18.02,25323.52,"","","",""
M1,1361,10/20/2023 10:15,18.1,20224,"","","",""
M1,1362,10/20/2023 10:20,17.89,12108.8,"","","",""
M1,1363,10/20/2023 10:25,18.02,3275.52,"","","",""
M1,1364,10/20/2023 10:30,18.06,23224.32,"","","",""
M1,1365,10/20/2023 10:35,17.97,14023.68,"","","",""
M1,1366,10/20/2023 10:40,18.14,8222.72,"","","",""
M1,1367,10/20/2023 10:45,18.23,31631.36,"","","",""
M1,1368,10/20/2023 10:50,18.23,19758.08,"","","",""
M1,1369,10/20/2023 10:55,18.23,25661.44,"","","",""
M1,1370,10/20/2023 11:00,18.19,30208,"","","",""
M1,1371,10/20/2023 11:05,18.27,28416,"","","",""
M1,1372,10/20/2023 11:10,18.23,24432.64,"","","",""
M1,1373,10/20/2023 11:15,18.4,22528,"","","",""
M1,1374,10/20/2023 11:20,18.36,17100.8,"","","",""
M1,1375,10/20/2023 11:25,18.4,7272.96,"","","",""
M1,1376,10/20/2023 11:30,18.49,23296,"","","",""
M1,1377,10/20/2023 11:35,18.32,26419.2,"","","",""
M1,1378,10/20/2023 11:40,18.4,21299.2,"","","",""
M1,1379,10/20/2023 11:45,18.4,16501.76,"","","",""
M1,1380,10/20/2023 11:50,18.44,6896.64,"","","",""
M1,1381,10/20/2023 11:55,18.53,33392.64,"","","",""
M1,1382,10/20/2023 12:00,18.4,21534.72,"","","",""
M1,1383,10/20/2023 12:05,18.49,22446.08,"","","",""
M1,1384,10/20/2023 12:10,18.53,43540.48,"","","",""
M1,1385,10/20/2023 12:15,18.57,19128.32,"","","",""
M1,1386,10/20/2023 12:20,18.57,18877.44,"","","",""
M1,1387,10/20/2023 12:25,18.53,24053.76,"","","",""
M1,1388,10/20/2023 12:30,18.53,39116.8,"","","",""
M1,1389,10/20/2023 12:35,18.53,41625.6,"","","",""
M1,1390,10/20/2023 12:40,18.57,36771.84,"","","",""
M1,1391,10/20/2023 12:45,18.4,13864.96,"","","",""
M1,1392,10/20/2023 12:50,18.57,24104.96,"","","",""
M1,1393,10/20/2023 12:55,18.53,26255.36,"","","",""
M1,1394,10/20/2023 13:00,18.53,4770.56,"","","",""
M1,1395,10/20/2023 13:05,18.36,76.06,"","","",""
M1,1396,10/20/2023 13:10,18.4,9282.56,"","","",""
M1,1397,10/20/2023 13:15,18.36,19025.92,"","","",""
M1,1398,10/20/2023 13:20,18.36,29470.72,"","","",""
M1,1399,10/20/2023 13:25,18.36,14817.28,"","","",""
M1,1400,10/20/2023 13:30,18.36,20490.24,"","","",""
M1,1401,10/20/2023 13:35,18.49,31959.04,"","","",""
M1,1402,10/20/2023 13:40,18.27,16624.64,"","","",""
M1,1403,10/20/2023 13:45,18.49,9233.92,"","","",""
M1,1404,10/20/2023 13:50,18.53,25538.56,"","","",""
M1,1405,10/20/2023 13:55,18.57,21207.04,"","","",""
M1,1406,10/20/2023 14:00,18.4,17602.56,"","","",""
M1,1407,10/20/2023 14:05,18.53,24207.36,"","","",""
M1,1408,10/20/2023 14:10,18.49,28395.52,"","","",""
M1,1409,10/20/2023 14:15,18.44,18565.12,"","","",""
M1,1410,10/20/2023 14:20,18.53,14791.68,"","","",""
M1,1411,10/20/2023 14:25,18.53,29532.16,"","","",""
M1,1412,10/20/2023 14:30,18.57,24821.76,"","","",""
M1,1413,10/20/2023 14:35,18.62,20628.48,"","","",""
M1,1414,10/20/2023 14:40,18.53,3128.32,"","","",""
M1,1415,10/20/2023 14:45,18.27,1250.24,"","","",""
M1,1416,10/20/2023 14:50,18.49,24565.76,"","","",""
M1,1417,10/20/2023 14:55,18.57,502.56,"","","",""
M1,1418,10/20/2023 15:00,18.49,8954.88,"","","",""
M1,1419,10/20/2023 15:05,18.66,13178.88,"","","",""
M1,1420,10/20/2023 15:10,18.66,16291.84,"","","",""
M1,1421,10/20/2023 15:15,18.74,695.04,"","","",""
M1,1422,10/20/2023 15:20,18.57,17971.2,"","","",""
M1,1423,10/20/2023 15:25,18.66,828.48,"","","",""
M1,1424,10/20/2023 15:30,18.66,13214.72,"","","",""
M1,1425,10/20/2023 15:35,18.66,5632,"","","",""
M1,1426,10/20/2023 15:40,18.62,9024,"","","",""
M1,1427,10/20/2023 15:45,18.83,12554.24,"","","",""
M1,1428,10/20/2023 15:50,18.57,6952.96,"","","",""
M1,1429,10/20/2023 15:55,18.62,7664.64,"","","",""
M1,1430,10/20/2023 16:00,18.66,13941.76,"","","",""
M1,1431,10/20/2023 16:05,18.96,11868.16,"","","",""
M1,1432,10/20/2023 16:10,18.96,11944.96,"","","",""
M1,1433,10/20/2023 16:15,18.83,15682.56,"","","",""
M1,1434,10/20/2023 16:20,18.83,5724.16,"","","",""
M1,1435,10/20/2023 16:25,18.79,1338.88,"","","",""
M1,1436,10/20/2023 16:30,18.92,9372.16,"","","",""
M1,1437,10/20/2023 16:35,18.87,2558.08,"","","",""
M1,1438,10/20/2023 16:40,18.92,9904.64,"","","",""
M1,1439,10/20/2023 16:45,18.83,4303.36,"","","",""
M1,1440,10/20/2023 16:50,18.92,5588.48,"","","",""
M1,1441,10/20/2023 16:55,18.96,3866.88,"","","",""
M1,1442,10/20/2023 17:00,18.96,1998.08,"","","",""
M1,1443,10/20/2023 17:05,18.96,2832.64,"","","",""
M1,1444,10/20/2023 17:10,19,6133.76,"","","",""
M1,1445,10/20/2023 17:15,18.87,1432.32,"","","",""
M1,1446,10/20/2023 17:20,18.96,2392.32,"","","",""
M1,1447,10/20/2023 17:25,18.92,8174.08,"","","",""
M1,1448,10/20/2023 17:30,18.92,4121.6,"","","",""
M1,1449,10/20/2023 17:35,18.92,1514.24,"","","",""
M1,1450,10/20/2023 17:40,18.96,3111.68,"","","",""
M1,1451,10/20/2023 17:45,18.92,1479.04,"","","",""
M1,1452,10/20/2023 17:50,18.87,238.08,"","","",""
M1,1453,10/20/2023 17:55,18.92,1036.48,"","","",""
M1,1538,10/21/2023 1:00,16.43,0,"","","",""
M1,1539,10/21/2023 1:05,16.43,0,"","","",""
M1,1540,10/21/2023 1:10,16.39,0,"","","",""
M1,1541,10/21/2023 1:15,16.3,0,"","","",""
M1,1542,10/21/2023 1:20,16.3,0,"","","",""
M1,1543,10/21/2023 1:25,16.3,0,"","","",""
M1,1544,10/21/2023 1:30,16.3,0,"","","",""
M1,1545,10/21/2023 1:35,16.26,0,"","","",""
M1,1546,10/21/2023 1:40,16.3,0,"","","",""
M1,1547,10/21/2023 1:45,16.21,0,"","","",""
M1,1548,10/21/2023 1:50,16.26,0,"","","",""
M1,1549,10/21/2023 1:55,16.26,0,"","","",""
M1,1550,10/21/2023 2:00,16.26,0,"","","",""
M1,1551,10/21/2023 2:05,16.3,0,"","","",""
M1,1552,10/21/2023 2:10,16.3,0,"","","",""
M1,1553,10/21/2023 2:15,16.34,0,"","","",""
M1,1554,10/21/2023 2:20,16.26,0,"","","",""
M1,1555,10/21/2023 2:25,16.26,0,"","","",""
M1,1556,10/21/2023 2:30,16.21,0,"","","",""
M1,1557,10/21/2023 2:35,16.21,0,"","","",""
M1,1558,10/21/2023 2:40,16.26,0,"","","",""
M1,1559,10/21/2023 2:45,16.26,0,"","","",""
M1,1560,10/21/2023 2:50,16.26,0,"","","",""
M1,1561,10/21/2023 2:55,16.21,0,"","","",""
M1,1562,10/21/2023 3:00,16.21,0,"","","",""
M1,1563,10/21/2023 3:05,16.26,0,"","","",""
M1,1564,10/21/2023 3:10,16.26,0,"","","",""
M1,1565,10/21/2023 3:15,16.21,0,"","","",""
M1,1566,10/21/2023 3:20,16.21,0,"","","",""
M1,1567,10/21/2023 3:25,16.17,0,"","","",""
M1,1568,10/21/2023 3:30,16.21,0,"","","",""
M1,1569,10/21/2023 3:35,16.13,0,"","","",""
M1,1570,10/21/2023 3:40,16.21,0,"","","",""
M1,1571,10/21/2023 3:45,16.13,0,"","","",""
M1,1572,10/21/2023 3:50,16.08,0,"","","",""
M1,1573,10/21/2023 3:55,16.13,0,"","","",""
M1,1574,10/21/2023 4:00,16.13,0,"","","",""
M1,1575,10/21/2023 4:05,16.08,0,"","","",""
M1,1576,10/21/2023 4:10,16.04,0,"","","",""
M1,1577,10/21/2023 4:15,16,0,"","","",""
M1,1578,10/21/2023 4:20,15.96,0,"","","",""
M1,1579,10/21/2023 4:25,15.91,0,"","","",""
M1,1580,10/21/2023 4:30,15.96,0,"","","",""
M1,1581,10/21/2023 4:35,15.96,0,"","","",""
M1,1582,10/21/2023 4:40,15.96,0,"","","",""
M1,1583,10/21/2023 4:45,15.91,0,"","","",""
M1,1584,10/21/2023 4:50,15.91,0,"","","",""
M1,1585,10/21/2023 4:55,15.87,0,"","","",""
M1,1586,10/21/2023 5:00,15.87,0,"","","",""
M1,1587,10/21/2023 5:05,15.87,0,"","","",""
M1,1588,10/21/2023 5:10,15.83,0,"","","",""
M1,1589,10/21/2023 5:15,15.83,0,"","","",""
M1,1590,10/21/2023 5:20,15.78,0,"","","",""
M1,1591,10/21/2023 5:25,15.83,0,"","","",""
M1,1592,10/21/2023 5:30,15.91,0,"","","",""
M1,1593,10/21/2023 5:35,15.96,0,"","","",""
M1,1594,10/21/2023 5:40,15.96,0,"","","",""
M1,1595,10/21/2023 5:45,15.87,0,"","","",""
M1,1596,10/21/2023 5:50,15.83,0,"","","",""
M1,1597,10/21/2023 5:55,15.83,0,"","","",""
M1,1598,10/21/2023 6:00,15.96,0,"","","",""
M1,1599,10/21/2023 6:05,16,0,"","","",""
M1,1600,10/21/2023 6:10,15.87,0,"","","",""
M1,1601,10/21/2023 6:15,15.83,0,"","","",""
M1,1602,10/21/2023 6:20,16,0,"","","",""
M1,1603,10/21/2023 6:25,15.96,0,"","","",""
M1,1604,10/21/2023 6:30,15.91,0,"","","",""
M1,1605,10/21/2023 6:35,15.87,0,"","","",""
M1,1606,10/21/2023 6:40,15.91,0,"","","",""
M1,1607,10/21/2023 6:45,15.87,1.74,"","","",""
M1,1608,10/21/2023 6:50,15.83,11.36,"","","",""
M1,1609,10/21/2023 6:55,15.87,15.72,"","","",""
M1,1610,10/21/2023 7:00,15.96,40.27,"","","",""
M1,1611,10/21/2023 7:05,16,245.44,"","","",""
M1,1612,10/21/2023 7:10,16.04,389.92,"","","",""
M1,1613,10/21/2023 7:15,15.96,278.56,"","","",""
M1,1614,10/21/2023 7:20,16,488,"","","",""
M1,1615,10/21/2023 7:25,15.91,491.52,"","","",""
M1,1616,10/21/2023 7:30,15.83,1013.12,"","","",""
M1,1617,10/21/2023 7:35,15.83,946.88,"","","",""
M1,1618,10/21/2023 7:40,15.83,664.96,"","","",""
M1,1619,10/21/2023 7:45,15.96,1019.2,"","","",""
M1,1620,10/21/2023 7:50,15.91,1818.24,"","","",""
M1,1621,10/21/2023 7:55,15.96,2577.28,"","","",""
M1,1622,10/21/2023 8:00,16.08,1233.6,"","","",""
M1,1623,10/21/2023 8:05,16.08,1171.52,"","","",""
M1,1624,10/21/2023 8:10,16.13,1248.96,"","","",""
M1,1625,10/21/2023 8:15,16.17,4212.48,"","","",""
M1,1626,10/21/2023 8:20,16.17,4487.68,"","","",""
M1,1627,10/21/2023 8:25,16.21,4230.4,"","","",""
M1,1628,10/21/2023 8:30,16.17,5098.24,"","","",""
M1,1629,10/21/2023 8:35,16.17,4156.16,"","","",""
M1,1630,10/21/2023 8:40,16.26,1855.36,"","","",""
M1,1631,10/21/2023 8:45,16.26,1003.52,"","","",""
M1,1632,10/21/2023 8:50,16.3,9763.84,"","","",""
M1,1633,10/21/2023 8:55,16.3,7441.92,"","","",""
M1,1634,10/21/2023 9:00,16.34,8215.04,"","","",""
M1,1635,10/21/2023 9:05,16.3,3486.72,"","","",""
M1,1636,10/21/2023 9:10,16.43,9003.52,"","","",""
M1,1637,10/21/2023 9:15,16.47,7818.24,"","","",""
M1,1638,10/21/2023 9:20,16.56,8396.8,"","","",""
M1,1639,10/21/2023 9:25,16.6,7239.68,"","","",""
M1,1640,10/21/2023 9:30,16.69,14233.6,"","","",""
M1,1641,10/21/2023 9:35,16.73,98.44,"","","",""
M1,1642,10/21/2023 9:40,16.77,6080,"","","",""
M1,1643,10/21/2023 9:45,16.86,686.4,"","","",""
M1,1644,10/21/2023 9:50,16.81,7838.72,"","","",""
M1,1645,10/21/2023 9:55,16.9,14924.8,"","","",""
M1,1646,10/21/2023 10:00,16.99,21637.12,"","","",""
M1,1647,10/21/2023 10:05,17.11,13399.04,"","","",""
M1,1648,10/21/2023 10:10,17.2,21114.88,"","","",""
M1,1649,10/21/2023 10:15,17.29,25753.6,"","","",""
M1,1650,10/21/2023 10:20,17.37,12718.08,"","","",""
M1,1651,10/21/2023 10:25,17.24,265.2,"","","",""
M1,1652,10/21/2023 10:30,17.37,27750.4,"","","",""
M1,1653,10/21/2023 10:35,17.5,24145.92,"","","",""
M1,1654,10/21/2023 10:40,17.41,16209.92,"","","",""
M1,1655,10/21/2023 10:45,17.5,19732.48,"","","",""
M1,1656,10/21/2023 10:50,17.63,24760.32,"","","",""
M1,1657,10/21/2023 10:55,17.59,5867.52,"","","",""
M1,1658,10/21/2023 11:00,17.72,34867.2,"","","",""
M1,1659,10/21/2023 11:05,17.59,27197.44,"","","",""
M1,1660,10/21/2023 11:10,17.63,28149.76,"","","",""
M1,1661,10/21/2023 11:15,17.76,7575.04,"","","",""
M1,1662,10/21/2023 11:20,17.8,23336.96,"","","",""
M1,1663,10/21/2023 11:25,17.89,33351.68,"","","",""
M1,1664,10/21/2023 11:30,17.93,27361.28,"","","",""
M1,1665,10/21/2023 11:35,17.84,36966.4,"","","",""
M1,1666,10/21/2023 11:40,17.89,15191.04,"","","",""
M1,1667,10/21/2023 11:45,17.97,31508.48,"","","",""
M1,1668,10/21/2023 11:50,18.06,59637.76,"","","",""
M1,1669,10/21/2023 11:55,17.93,8601.6,"","","",""
M1,1670,10/21/2023 12:00,18.06,34580.48,"","","",""
M1,1671,10/21/2023 12:05,18.14,15528.96,"","","",""
M1,1672,10/21/2023 12:10,18.14,47083.52,"","","",""
M1,1673,10/21/2023 12:15,18.19,32481.28,"","","",""
M1,1674,10/21/2023 12:20,18.23,28784.64,"","","",""
M1,1675,10/21/2023 12:25,18.14,23203.84,"","","",""
M1,1676,10/21/2023 12:30,18.27,32071.68,"","","",""
M1,1677,10/21/2023 12:35,18.14,24760.32,"","","",""
M1,1678,10/21/2023 12:40,18.23,24832,"","","",""
M1,1679,10/21/2023 12:45,18.19,22999.04,"","","",""
M1,1680,10/21/2023 12:50,18.23,27996.16,"","","",""
M1,1681,10/21/2023 12:55,18.32,35706.88,"","","",""
M1,1682,10/21/2023 13:00,18.19,26439.68,"","","",""
M1,1683,10/21/2023 13:05,18.27,25262.08,"","","",""
M1,1684,10/21/2023 13:10,18.4,34385.92,"","","",""
M1,1685,10/21/2023 13:15,18.27,42475.52,"","","",""
M1,1686,10/21/2023 13:20,18.4,28497.92,"","","",""
M1,1687,10/21/2023 13:25,18.4,23971.84,"","","",""
M1,1688,10/21/2023 13:30,18.23,31365.12,"","","",""
M1,1689,10/21/2023 13:35,18.4,36239.36,"","","",""
M1,1690,10/21/2023 13:40,18.4,38543.36,"","","",""
M1,1691,10/21/2023 13:45,18.49,24688.64,"","","",""
M1,1692,10/21/2023 13:50,18.44,26337.28,"","","",""
M1,1693,10/21/2023 13:55,18.49,26306.56,"","","",""
M1,1694,10/21/2023 14:00,18.44,30863.36,"","","",""
M1,1695,10/21/2023 14:05,18.27,15749.12,"","","",""
M1,1696,10/21/2023 14:10,18.44,19450.88,"","","",""
M1,1697,10/21/2023 14:15,18.4,34498.56,"","","",""
M1,1698,10/21/2023 14:20,18.4,32675.84,"","","",""
M1,1699,10/21/2023 14:25,18.4,36710.4,"","","",""
M1,1700,10/21/2023 14:30,18.49,27217.92,"","","",""
M1,1701,10/21/2023 14:35,18.49,37816.32,"","","",""
M1,1702,10/21/2023 14:40,18.44,14817.28,"","","",""
M1,1703,10/21/2023 14:45,18.57,31508.48,"","","",""
M1,1704,10/21/2023 14:50,18.57,24668.16,"","","",""
M1,1705,10/21/2023 14:55,18.4,4153.6,"","","",""
M1,1706,10/21/2023 15:00,18.49,17310.72,"","","",""
M1,1707,10/21/2023 15:05,18.44,32276.48,"","","",""
M1,1708,10/21/2023 15:10,18.44,18897.92,"","","",""
M1,1709,10/21/2023 15:15,18.44,22773.76,"","","",""
M1,1710,10/21/2023 15:20,18.4,31119.36,"","","",""
M1,1711,10/21/2023 15:25,18.44,24084.48,"","","",""
M1,1712,10/21/2023 15:30,18.49,18288.64,"","","",""
M1,1713,10/21/2023 15:35,18.49,17484.8,"","","",""
M1,1714,10/21/2023 15:40,18.49,11898.88,"","","",""
M1,1715,10/21/2023 15:45,18.57,20106.24,"","","",""
M1,1716,10/21/2023 15:50,18.49,12590.08,"","","",""
M1,1717,10/21/2023 15:55,18.49,5195.52,"","","",""
M1,1718,10/21/2023 16:00,18.4,17044.48,"","","",""
M1,1719,10/21/2023 16:05,18.44,18723.84,"","","",""
M1,1720,10/21/2023 16:10,18.44,8716.8,"","","",""
M1,1721,10/21/2023 16:15,18.44,10419.2,"","","",""
M1,1722,10/21/2023 16:20,18.4,4766.72,"","","",""
M1,1723,10/21/2023 16:25,18.32,6814.72,"","","",""
M1,1724,10/21/2023 16:30,18.4,16163.84,"","","",""
M1,1725,10/21/2023 16:35,18.32,13480.96,"","","",""
M1,1726,10/21/2023 16:40,18.27,3389.44,"","","",""
M1,1727,10/21/2023 16:45,18.32,7580.16,"","","",""
M1,1728,10/21/2023 16:50,18.32,9415.68,"","","",""
M1,1729,10/21/2023 16:55,18.27,6993.92,"","","",""
M1,1730,10/21/2023 17:00,18.23,7398.4,"","","",""
M1,1731,10/21/2023 17:05,18.19,1819.52,"","","",""
M1,1732,10/21/2023 17:10,18.14,5585.92,"","","",""
M1,1733,10/21/2023 17:15,18.14,3297.28,"","","",""
M1,1734,10/21/2023 17:20,18.14,4202.24,"","","",""
M1,1735,10/21/2023 17:25,18.02,742.72,"","","",""
M1,1736,10/21/2023 17:30,18.06,1707.52,"","","",""
M1,1737,10/21/2023 17:35,18.06,443.36,"","","",""
M1,1738,10/21/2023 17:40,18.02,407.36,"","","",""
M1,1739,10/21/2023 17:45,17.97,748.8,"","","",""
M1,1740,10/21/2023 17:50,17.97,1411.2,"","","",""
M1,1741,10/21/2023 17:55,17.93,361.76,"","","",""
M1,1742,10/21/2023 18:00,17.93,353.92,"","","",""
M1,1743,10/21/2023 18:05,17.89,332.96,"","","",""
M1,1744,10/21/2023 18:10,17.84,250.64,"","","",""
M1,1745,10/21/2023 18:15,17.93,32.36,"","","",""
M1,1746,10/21/2023 18:20,17.89,4.35,"","","",""
M1,1747,10/21/2023 18:25,17.89,23.86,"","","",""
M1,1748,10/21/2023 18:30,17.84,9.15,"","","",""
M1,1749,10/21/2023 18:35,17.84,3.48,"","","",""
M1,1750,10/21/2023 18:40,17.8,0.43,"","","",""
M1,1751,10/21/2023 18:45,17.89,0,"","","",""
M1,1752,10/21/2023 18:50,17.84,0,"","","",""
M1,1753,10/21/2023 18:55,17.84,0,"","","",""
M1,1754,10/21/2023 19:00,17.84,0,"","","",""
M1,1755,10/21/2023 19:05,17.89,0,"","","",""
M1,1756,10/21/2023 19:10,17.89,0,"","","",""
M1,1757,10/21/2023 19:15,17.89,0,"","","",""
M1,1842,10/22/2023 2:20,16.99,0,"","","",""
M1,1843,10/22/2023 2:25,16.99,0,"","","",""
M1,1844,10/22/2023 2:30,16.94,0,"","","",""
M1,1845,10/22/2023 2:35,17.03,0,"","","",""
M1,1846,10/22/2023 2:40,16.99,0,"","","",""
M1,1847,10/22/2023 2:45,16.99,0,"","","",""
M1,1848,10/22/2023 2:50,16.99,0,"","","",""
M1,1849,10/22/2023 2:55,16.99,0,"","","",""
M1,1850,10/22/2023 3:00,16.99,0,"","","",""
M1,1851,10/22/2023 3:05,16.99,0,"","","",""
M1,1852,10/22/2023 3:10,16.99,0,"","","",""
M1,1853,10/22/2023 3:15,16.94,0,"","","",""
M1,1854,10/22/2023 3:20,16.99,0,"","","",""
M1,1855,10/22/2023 3:25,16.94,0,"","","",""
M1,1856,10/22/2023 3:30,16.94,0,"","","",""
M1,1857,10/22/2023 3:35,16.94,0,"","","",""
M1,1858,10/22/2023 3:40,16.94,0,"","","",""
M1,1859,10/22/2023 3:45,16.9,0,"","","",""
M1,1860,10/22/2023 3:50,16.9,0,"","","",""
M1,1861,10/22/2023 3:55,16.9,0,"","","",""
M1,1862,10/22/2023 4:00,16.9,0,"","","",""
M1,1863,10/22/2023 4:05,16.9,0,"","","",""
M1,1864,10/22/2023 4:10,16.9,0,"","","",""
M1,1865,10/22/2023 4:15,16.9,0,"","","",""
M1,1866,10/22/2023 4:20,16.94,0,"","","",""
M1,1867,10/22/2023 4:25,16.9,0,"","","",""
M1,1868,10/22/2023 4:30,16.9,0,"","","",""
M1,1869,10/22/2023 4:35,16.86,0,"","","",""
M1,1870,10/22/2023 4:40,16.9,0,"","","",""
M1,1871,10/22/2023 4:45,16.9,0,"","","",""
M1,1872,10/22/2023 4:50,16.9,0,"","","",""
M1,1873,10/22/2023 4:55,16.9,0,"","","",""
M1,1874,10/22/2023 5:00,16.9,0,"","","",""
M1,1875,10/22/2023 5:05,16.86,0,"","","",""
M1,1876,10/22/2023 5:10,16.86,0,"","","",""
M1,1877,10/22/2023 5:15,16.86,0,"","","",""
M1,1878,10/22/2023 5:20,16.86,0,"","","",""
M1,1879,10/22/2023 5:25,16.81,0,"","","",""
M1,1880,10/22/2023 5:30,16.81,0,"","","",""
M1,1881,10/22/2023 5:35,16.77,0,"","","",""
M1,1882,10/22/2023 5:40,16.86,0,"","","",""
M1,1883,10/22/2023 5:45,16.77,0,"","","",""
M1,1884,10/22/2023 5:50,16.81,0,"","","",""
M1,1885,10/22/2023 5:55,16.81,0,"","","",""
M1,1886,10/22/2023 6:00,16.81,0,"","","",""
M1,1887,10/22/2023 6:05,16.77,0,"","","",""
M1,1888,10/22/2023 6:10,16.81,0,"","","",""
M1,1889,10/22/2023 6:15,16.77,0,"","","",""
M1,1890,10/22/2023 6:20,16.81,0,"","","",""
M1,1891,10/22/2023 6:25,16.73,0,"","","",""
M1,1892,10/22/2023 6:30,16.77,0,"","","",""
M1,1893,10/22/2023 6:35,16.73,0,"","","",""
M1,1894,10/22/2023 6:40,16.77,0.21,"","","",""
M1,1895,10/22/2023 6:45,16.73,0.87,"","","",""
M1,1896,10/22/2023 6:50,16.77,20.1,"","","",""
M1,1897,10/22/2023 6:55,16.69,69.2,"","","",""
M1,1898,10/22/2023 7:00,16.73,31.06,"","","",""
M1,1899,10/22/2023 7:05,16.73,301.44,"","","",""
M1,1900,10/22/2023 7:10,16.73,345.12,"","","",""
M1,1901,10/22/2023 7:15,16.77,576.64,"","","",""
M1,1902,10/22/2023 7:20,16.73,803.2,"","","",""
M1,1903,10/22/2023 7:25,16.73,1271.04,"","","",""
M1,1904,10/22/2023 7:30,16.77,1278.08,"","","",""
M1,1905,10/22/2023 7:35,16.73,1704.32,"","","",""
M1,1906,10/22/2023 7:40,16.73,904,"","","",""
M1,1907,10/22/2023 7:45,16.77,1788.8,"","","",""
M1,1908,10/22/2023 7:50,16.77,2570.24,"","","",""
M1,1909,10/22/2023 7:55,16.77,2571.52,"","","",""
M1,1910,10/22/2023 8:00,16.77,211.84,"","","",""
M1,1911,10/22/2023 8:05,16.77,3385.6,"","","",""
M1,1912,10/22/2023 8:10,16.86,4940.8,"","","",""
M1,1913,10/22/2023 8:15,16.86,2754.56,"","","",""
M1,1914,10/22/2023 8:20,16.86,4131.84,"","","",""
M1,1915,10/22/2023 8:25,16.86,3193.6,"","","",""
M1,1916,10/22/2023 8:30,16.9,3148.8,"","","",""
M1,1917,10/22/2023 8:35,16.94,7831.04,"","","",""
M1,1918,10/22/2023 8:40,16.99,7388.16,"","","",""
M1,1919,10/22/2023 8:45,16.99,5496.32,"","","",""
M1,1920,10/22/2023 8:50,16.99,7769.6,"","","",""
M1,1921,10/22/2023 8:55,17.03,8320,"","","",""
M1,1922,10/22/2023 9:00,16.99,9290.24,"","","",""
M1,1923,10/22/2023 9:05,17.11,7887.36,"","","",""
M1,1924,10/22/2023 9:10,17.11,5931.52,"","","",""
M1,1925,10/22/2023 9:15,17.07,6737.92,"","","",""
M1,1926,10/22/2023 9:20,17.16,3439.36,"","","",""
M1,1927,10/22/2023 9:25,17.2,10321.92,"","","",""
M1,1928,10/22/2023 9:30,17.29,13670.4,"","","",""
M1,1929,10/22/2023 9:35,17.33,13368.32,"","","",""
M1,1930,10/22/2023 9:40,17.41,26808.32,"","","",""
M1,1931,10/22/2023 9:45,17.5,21043.2,"","","",""
M1,1932,10/22/2023 9:50,17.37,6164.48,"","","",""
M1,1933,10/22/2023 9:55,17.33,2313.6,"","","",""
M1,1934,10/22/2023 10:00,17.37,8299.52,"","","",""
M1,1935,10/22/2023 10:05,17.5,10196.48,"","","",""
M1,1936,10/22/2023 10:10,17.41,12574.72,"","","",""
M1,1937,10/22/2023 10:15,17.54,17894.4,"","","",""
M1,1938,10/22/2023 10:20,17.5,5445.12,"","","",""
M1,1939,10/22/2023 10:25,17.72,24473.6,"","","",""
M1,1940,10/22/2023 10:30,17.72,10516.48,"","","",""
M1,1941,10/22/2023 10:35,17.76,16757.76,"","","",""
M1,1942,10/22/2023 10:40,17.67,14315.52,"","","",""
M1,1943,10/22/2023 10:45,17.84,19486.72,"","","",""
M1,1944,10/22/2023 10:50,17.84,15196.16,"","","",""
M1,1945,10/22/2023 10:55,17.89,14054.4,"","","",""
M1,1946,10/22/2023 11:00,17.97,10260.48,"","","",""
M1,1947,10/22/2023 11:05,17.93,8076.8,"","","",""
M1,1948,10/22/2023 11:10,18.02,33003.52,"","","",""
M1,1949,10/22/2023 11:15,17.97,27166.72,"","","",""
M1,1950,10/22/2023 11:20,18.06,14305.28,"","","",""
M1,1951,10/22/2023 11:25,17.97,618.08,"","","",""
M1,1952,10/22/2023 11:30,17.89,9185.28,"","","",""
M1,1953,10/22/2023 11:35,18.06,53411.84,"","","",""
M1,1954,10/22/2023 11:40,18.14,6763.52,"","","",""
M1,1955,10/22/2023 11:45,18.27,32163.84,"","","",""
M1,1956,10/22/2023 11:50,18.19,33966.08,"","","",""
M1,1957,10/22/2023 11:55,18.14,25856,"","","",""
M1,1958,10/22/2023 12:00,18.19,50380.8,"","","",""
M1,1959,10/22/2023 12:05,18.19,27054.08,"","","",""
M1,1960,10/22/2023 12:10,18.1,28395.52,"","","",""
M1,1961,10/22/2023 12:15,18.23,49131.52,"","","",""
M1,1962,10/22/2023 12:20,18.36,46448.64,"","","",""
M1,1963,10/22/2023 12:25,18.14,9505.28,"","","",""
M1,1964,10/22/2023 12:30,18.36,26521.6,"","","",""
M1,1965,10/22/2023 12:35,18.4,17684.48,"","","",""
M1,1966,10/22/2023 12:40,18.36,51732.48,"","","",""
M1,1967,10/22/2023 12:45,18.4,24125.44,"","","",""
M1,1968,10/22/2023 12:50,18.49,31150.08,"","","",""
M1,1969,10/22/2023 12:55,18.27,16424.96,"","","",""
M1,1970,10/22/2023 13:00,18.32,43294.72,"","","",""
M1,1971,10/22/2023 13:05,18.4,30146.56,"","","",""
M1,1972,10/22/2023 13:10,18.44,51179.52,"","","",""
M1,1973,10/22/2023 13:15,18.4,39546.88,"","","",""
M1,1974,10/22/2023 13:20,18.49,43601.92,"","","",""
M1,1975,10/22/2023 13:25,18.53,38051.84,"","","",""
M1,1976,10/22/2023 13:30,18.49,34498.56,"","","",""
M1,1977,10/22/2023 13:35,18.44,47226.88,"","","",""
M1,1978,10/22/2023 13:40,18.57,30187.52,"","","",""
M1,1979,10/22/2023 13:45,18.62,56791.04,"","","",""
M1,1980,10/22/2023 13:50,18.57,44175.36,"","","",""
M1,1981,10/22/2023 13:55,18.53,11171.84,"","","",""
M1,1982,10/22/2023 14:00,18.62,31979.52,"","","",""
M1,1983,10/22/2023 14:05,18.57,47718.4,"","","",""
M1,1984,10/22/2023 14:10,18.53,20715.52,"","","",""
M1,1985,10/22/2023 14:15,18.4,13168.64,"","","",""
M1,1986,10/22/2023 14:20,18.36,17658.88,"","","",""
M1,1987,10/22/2023 14:25,18.27,21155.84,"","","",""
M1,1988,10/22/2023 14:30,18.53,27453.44,"","","",""
M1,1989,10/22/2023 14:35,18.53,15928.32,"","","",""
M1,1990,10/22/2023 14:40,18.57,29091.84,"","","",""
M1,1991,10/22/2023 14:45,18.62,22671.36,"","","",""
M1,1992,10/22/2023 14:50,18.27,12328.96,"","","",""
M1,1993,10/22/2023 14:55,18.32,16117.76,"","","",""
M1,1994,10/22/2023 15:00,18.32,13245.44,"","","",""
M1,1995,10/22/2023 15:05,18.57,30935.04,"","","",""
M1,1996,10/22/2023 15:10,18.57,28241.92,"","","",""
M1,1997,10/22/2023 15:15,18.57,46202.88,"","","",""
M1,1998,10/22/2023 15:20,18.79,36126.72,"","","",""
M1,1999,10/22/2023 15:25,18.74,28764.16,"","","",""
M1,2000,10/22/2023 15:30,18.7,17633.28,"","","",""
M1,2001,10/22/2023 15:35,18.62,30955.52,"","","",""
M1,2002,10/22/2023 15:40,18.74,31825.92,"","","",""
M1,2003,10/22/2023 15:45,18.4,17448.96,"","","",""
M1,2004,10/22/2023 15:50,18.74,26142.72,"","","",""
M1,2005,10/22/2023 15:55,18.74,36464.64,"","","",""
M1,2006,10/22/2023 16:00,18.57,15718.4,"","","",""
M1,2007,10/22/2023 16:05,18.49,15467.52,"","","",""
M1,2008,10/22/2023 16:10,18.53,15288.32,"","","",""
M1,2009,10/22/2023 16:15,18.74,27340.8,"","","",""
M1,2010,10/22/2023 16:20,18.62,13557.76,"","","",""
M1,2011,10/22/2023 16:25,18.7,18140.16,"","","",""
M1,2012,10/22/2023 16:30,18.74,16721.92,"","","",""
M1,2013,10/22/2023 16:35,18.7,14699.52,"","","",""
M1,2014,10/22/2023 16:40,18.74,11289.6,"","","",""
M1,2015,10/22/2023 16:45,18.74,10007.04,"","","",""
M1,2016,10/22/2023 16:50,18.62,7475.2,"","","",""
M1,2017,10/22/2023 16:55,18.62,5644.8,"","","",""
M1,2018,10/22/2023 17:00,18.57,4700.16,"","","",""
M1,2019,10/22/2023 17:05,18.53,2775.04,"","","",""
M1,2020,10/22/2023 17:10,18.53,3476.48,"","","",""
M1,2021,10/22/2023 17:15,18.62,3134.72,"","","",""
M1,2022,10/22/2023 17:20,18.62,2198.4,"","","",""
M1,2023,10/22/2023 17:25,18.62,1815.04,"","","",""
M1,2024,10/22/2023 17:30,18.62,1144.64,"","","",""
M1,2025,10/22/2023 17:35,18.66,2167.04,"","","",""
M1,2026,10/22/2023 17:40,18.79,1309.44,"","","",""
M1,2027,10/22/2023 17:45,18.74,1376.64,"","","",""
M1,2028,10/22/2023 17:50,18.74,1169.92,"","","",""
M1,2029,10/22/2023 17:55,18.74,539.68,"","","",""
M1,2030,10/22/2023 18:00,18.7,516.16,"","","",""
M1,2031,10/22/2023 18:05,18.74,286.4,"","","",""
M1,2032,10/22/2023 18:10,18.87,169.84,"","","",""
M1,2033,10/22/2023 18:15,18.83,96.32,"","","",""
M1,2034,10/22/2023 18:20,18.79,49.9,"","","",""
M1,2035,10/22/2023 18:25,18.83,20.57,"","","",""
M1,2036,10/22/2023 18:30,18.83,4.14,"","","",""
M1,2037,10/22/2023 18:35,18.79,0,"","","",""
M1,2038,10/22/2023 18:40,18.92,0,"","","",""
M1,2039,10/22/2023 18:45,18.87,0,"","","",""
M1,2040,10/22/2023 18:50,18.96,0,"","","",""
M1,2041,10/22/2023 18:55,18.92,0,"","","",""
M1,2042,10/22/2023 19:00,18.96,0,"","","",""
M1,2043,10/22/2023 19:05,19.09,0,"","","",""
M1,2044,10/22/2023 19:10,19.09,0,"","","",""
M1,2045,10/22/2023 19:15,19.13,0,"","","",""
M1,2046,10/22/2023 19:20,19.09,0,"","","",""
M1,2047,10/22/2023 19:25,19.09,0,"","","",""
M1,2048,10/22/2023 19:30,19.09,0,"","","",""
M1,2049,10/22/2023 19:35,19.13,0,"","","",""
M1,2050,10/22/2023 19:40,19.09,0,"","","",""
M1,2051,10/22/2023 19:45,19.09,0,"","","",""
M1,2052,10/22/2023 19:50,19.13,0,"","","",""
M1,2053,10/22/2023 19:55,19.09,0,"","","",""
M1,2054,10/22/2023 20:00,19.13,0,"","","",""
M1,2055,10/22/2023 20:05,19.09,0,"","","",""
M1,2056,10/22/2023 20:10,19.09,0,"","","",""
M1,2057,10/22/2023 20:15,19.13,0,"","","",""
M1,2058,10/22/2023 20:20,19.13,0,"","","",""
M1,2059,10/22/2023 20:25,19.13,0,"","","",""
M1,2060,10/22/2023 20:30,19.13,0,"","","",""
M1,2138,10/23/2023 3:00,17.8,0,"","","",""
M1,2139,10/23/2023 3:05,17.76,0,"","","",""
M1,2140,10/23/2023 3:10,17.76,0,"","","",""
M1,2141,10/23/2023 3:15,17.76,0,"","","",""
M1,2142,10/23/2023 3:20,17.8,0,"","","",""
M1,2143,10/23/2023 3:25,17.8,0,"","","",""
M1,2144,10/23/2023 3:30,17.72,0,"","","",""
M1,2145,10/23/2023 3:35,17.76,0,"","","",""
M1,2146,10/23/2023 3:40,17.76,0,"","","",""
M1,2147,10/23/2023 3:45,17.8,0,"","","",""
M1,2148,10/23/2023 3:50,17.72,0,"","","",""
M1,2149,10/23/2023 3:55,17.76,0,"","","",""
M1,2150,10/23/2023 4:00,17.72,0,"","","",""
M1,2151,10/23/2023 4:05,17.72,0,"","","",""
M1,2152,10/23/2023 4:10,17.72,0,"","","",""
M1,2153,10/23/2023 4:15,17.76,0,"","","",""
M1,2154,10/23/2023 4:20,17.72,0,"","","",""
M1,2155,10/23/2023 4:25,17.72,0,"","","",""
M1,2156,10/23/2023 4:30,17.67,0,"","","",""
M1,2157,10/23/2023 4:35,17.63,0,"","","",""
M1,2158,10/23/2023 4:40,17.63,0,"","","",""
M1,2159,10/23/2023 4:45,17.63,0,"","","",""
M1,2160,10/23/2023 4:50,17.67,0,"","","",""
M1,2161,10/23/2023 4:55,17.59,0,"","","",""
M1,2162,10/23/2023 5:00,17.59,0,"","","",""
M1,2163,10/23/2023 5:05,17.59,0,"","","",""
M1,2164,10/23/2023 5:10,17.54,0,"","","",""
M1,2165,10/23/2023 5:15,17.54,0,"","","",""
M1,2166,10/23/2023 5:20,17.5,0,"","","",""
M1,2167,10/23/2023 5:25,17.5,0,"","","",""
M1,2168,10/23/2023 5:30,17.5,0,"","","",""
M1,2169,10/23/2023 5:35,17.41,0,"","","",""
M1,2170,10/23/2023 5:40,17.41,0,"","","",""
M1,2171,10/23/2023 5:45,17.41,0,"","","",""
M1,2172,10/23/2023 5:50,17.41,0,"","","",""
M1,2173,10/23/2023 5:55,17.37,0,"","","",""
M1,2174,10/23/2023 6:00,17.33,0,"","","",""
M1,2175,10/23/2023 6:05,17.33,0,"","","",""
M1,2176,10/23/2023 6:10,17.33,0,"","","",""
M1,2177,10/23/2023 6:15,17.29,0,"","","",""
M1,2178,10/23/2023 6:20,17.29,0,"","","",""
M1,2179,10/23/2023 6:25,17.29,0,"","","",""
M1,2180,10/23/2023 6:30,17.24,0,"","","",""
M1,2181,10/23/2023 6:35,17.2,0,"","","",""
M1,2182,10/23/2023 6:40,17.16,0,"","","",""
M1,2183,10/23/2023 6:45,17.11,0.21,"","","",""
M1,2184,10/23/2023 6:50,17.16,2.17,"","","",""
M1,2185,10/23/2023 6:55,17.07,7.41,"","","",""
M1,2186,10/23/2023 7:00,17.07,34.6,"","","",""
M1,2187,10/23/2023 7:05,17.03,40.27,"","","",""
M1,2188,10/23/2023 7:10,16.99,90.24,"","","",""
M1,2189,10/23/2023 7:15,17.03,181.2,"","","",""
M1,2190,10/23/2023 7:20,16.99,226,"","","",""
M1,2191,10/23/2023 7:25,17.03,370.72,"","","",""
M1,2192,10/23/2023 7:30,16.99,395.36,"","","",""
M1,2193,10/23/2023 7:35,16.99,716.48,"","","",""
M1,2194,10/23/2023 7:40,16.99,860.48,"","","",""
M1,2195,10/23/2023 7:45,16.9,580.16,"","","",""
M1,2196,10/23/2023 7:50,16.9,598.56,"","","",""
M1,2197,10/23/2023 7:55,16.9,973.76,"","","",""
M1,2198,10/23/2023 8:00,16.94,486.08,"","","",""
M1,2199,10/23/2023 8:05,16.94,199.6,"","","",""
M1,2200,10/23/2023 8:10,16.9,1933.44,"","","",""
M1,2201,10/23/2023 8:15,16.9,1978.88,"","","",""
M1,2202,10/23/2023 8:20,16.9,414.24,"","","",""
M1,2203,10/23/2023 8:25,16.94,727.04,"","","",""
M1,2204,10/23/2023 8:30,16.86,1179.52,"","","",""
M1,2205,10/23/2023 8:35,16.86,2123.52,"","","",""
M1,2206,10/23/2023 8:40,16.86,3217.92,"","","",""
M1,2207,10/23/2023 8:45,16.94,2722.56,"","","",""
M1,2208,10/23/2023 8:50,16.94,1458.56,"","","",""
M1,2209,10/23/2023 8:55,16.94,2693.12,"","","",""
M1,2210,10/23/2023 9:00,16.9,895.36,"","","",""
M1,2211,10/23/2023 9:05,16.94,1624.32,"","","",""
M1,2212,10/23/2023 9:10,16.94,3202.56,"","","",""
M1,2213,10/23/2023 9:15,16.94,4990.72,"","","",""
M1,2214,10/23/2023 9:20,17.03,10496,"","","",""
M1,2215,10/23/2023 9:25,17.2,18990.08,"","","",""
M1,2216,10/23/2023 9:30,17.24,5941.76,"","","",""
M1,2217,10/23/2023 9:35,17.2,15718.4,"","","",""
M1,2218,10/23/2023 9:40,17.24,11601.92,"","","",""
M1,2219,10/23/2023 9:45,17.2,9597.44,"","","",""
M1,2220,10/23/2023 9:50,17.16,11156.48,"","","",""
M1,2221,10/23/2023 9:55,17.16,2730.24,"","","",""
M1,2222,10/23/2023 10:00,17.2,8983.04,"","","",""
M1,2223,10/23/2023 10:05,17.37,21678.08,"","","",""
M1,2224,10/23/2023 10:10,17.54,19430.4,"","","",""
M1,2225,10/23/2023 10:15,17.63,35471.36,"","","",""
M1,2226,10/23/2023 10:20,17.33,5240.32,"","","",""
M1,2227,10/23/2023 10:25,17.33,3818.24,"","","",""
M1,2228,10/23/2023 10:30,17.33,7559.68,"","","",""
M1,2229,10/23/2023 10:35,17.37,12846.08,"","","",""
M1,2230,10/23/2023 10:40,17.46,2135.68,"","","",""
M1,2231,10/23/2023 10:45,17.67,21862.4,"","","",""
M1,2232,10/23/2023 10:50,17.72,17868.8,"","","",""
M1,2233,10/23/2023 10:55,17.46,12190.72,"","","",""
M1,2234,10/23/2023 11:00,17.84,27105.28,"","","",""
M1,2235,10/23/2023 11:05,17.89,8340.48,"","","",""
M1,2236,10/23/2023 11:10,17.93,7119.36,"","","",""
M1,2237,10/23/2023 11:15,18.02,26531.84,"","","",""
M1,2238,10/23/2023 11:20,17.89,11422.72,"","","",""
M1,2239,10/23/2023 11:25,18.02,17607.68,"","","",""
M1,2240,10/23/2023 11:30,18.06,41963.52,"","","",""
M1,2241,10/23/2023 11:35,17.97,17387.52,"","","",""
M1,2242,10/23/2023 11:40,18.14,26419.2,"","","",""
M1,2243,10/23/2023 11:45,18.14,6031.36,"","","",""
M1,2244,10/23/2023 11:50,18.06,9602.56,"","","",""
M1,2245,10/23/2023 11:55,18.14,12272.64,"","","",""
M1,2246,10/23/2023 12:00,18.19,18452.48,"","","",""
M1,2247,10/23/2023 12:05,18.27,36577.28,"","","",""
M1,2248,10/23/2023 12:10,18.4,7183.36,"","","",""
M1,2249,10/23/2023 12:15,18.32,29573.12,"","","",""
M1,2250,10/23/2023 12:20,18.4,32808.96,"","","",""
M1,2251,10/23/2023 12:25,18.4,19522.56,"","","",""
M1,2252,10/23/2023 12:30,18.27,6876.16,"","","",""
M1,2253,10/23/2023 12:35,18.27,22118.4,"","","",""
M1,2254,10/23/2023 12:40,18.53,33290.24,"","","",""
M1,2255,10/23/2023 12:45,18.36,31324.16,"","","",""
M1,2256,10/23/2023 12:50,18.4,26695.68,"","","",""
M1,2257,10/23/2023 12:55,18.49,49786.88,"","","",""
M1,2258,10/23/2023 13:00,18.49,9011.2,"","","",""
M1,2259,10/23/2023 13:05,18.49,45834.24,"","","",""
M1,2260,10/23/2023 13:10,18.4,44113.92,"","","",""
M1,2261,10/23/2023 13:15,18.44,22159.36,"","","",""
M1,2262,10/23/2023 13:20,18.53,42414.08,"","","",""
M1,2263,10/23/2023 13:25,18.53,65003.52,"","","",""
M1,2264,10/23/2023 13:30,18.36,12590.08,"","","",""
M1,2265,10/23/2023 13:35,18.44,55603.2,"","","",""
M1,2266,10/23/2023 13:40,18.49,15585.28,"","","",""
M1,2267,10/23/2023 13:45,18.53,41441.28,"","","",""
M1,2268,10/23/2023 13:50,18.36,13235.2,"","","",""
M1,2269,10/23/2023 13:55,18.44,9687.04,"","","",""
M1,2270,10/23/2023 14:00,18.32,27166.72,"","","",""
M1,2271,10/23/2023 14:05,18.4,15759.36,"","","",""
M1,2272,10/23/2023 14:10,18.36,19389.44,"","","",""
M1,2273,10/23/2023 14:15,18.27,39198.72,"","","",""
M1,2274,10/23/2023 14:20,18.36,14720,"","","",""
M1,2275,10/23/2023 14:25,18.36,29532.16,"","","",""
M1,2276,10/23/2023 14:30,18.32,17597.44,"","","",""
M1,2277,10/23/2023 14:35,18.23,22067.2,"","","",""
M1,2278,10/23/2023 14:40,18.27,5168.64,"","","",""
M1,2279,10/23/2023 14:45,18.27,30863.36,"","","",""
M1,2280,10/23/2023 14:50,18.23,23746.56,"","","",""
M1,2281,10/23/2023 14:55,18.23,33546.24,"","","",""
M1,2282,10/23/2023 15:00,18.27,30095.36,"","","",""
M1,2283,10/23/2023 15:05,18.19,29736.96,"","","",""
M1,2284,10/23/2023 15:10,18.06,28252.16,"","","",""
M1,2285,10/23/2023 15:15,18.1,21544.96,"","","",""
M1,2286,10/23/2023 15:20,18.06,26429.44,"","","",""
M1,2287,10/23/2023 15:25,18.1,26951.68,"","","",""
M1,2288,10/23/2023 15:30,18.02,28078.08,"","","",""
M1,2289,10/23/2023 15:35,18.02,32348.16,"","","",""
M1,2290,10/23/2023 15:40,18.06,12979.2,"","","",""
M1,2291,10/23/2023 15:45,17.93,20684.8,"","","",""
M1,2292,10/23/2023 15:50,17.93,19932.16,"","","",""
M1,2293,10/23/2023 15:55,17.84,20505.6,"","","",""
M1,2294,10/23/2023 16:00,17.89,22200.32,"","","",""
M1,2295,10/23/2023 16:05,17.89,23080.96,"","","",""
M1,2296,10/23/2023 16:10,17.8,15790.08,"","","",""
M1,2297,10/23/2023 16:15,17.8,18990.08,"","","",""
M1,2298,10/23/2023 16:20,17.72,8634.88,"","","",""
M1,2299,10/23/2023 16:25,17.67,16363.52,"","","",""
M1,2300,10/23/2023 16:30,17.59,12313.6,"","","",""
M1,2301,10/23/2023 16:35,17.63,8942.08,"","","",""
M1,2302,10/23/2023 16:40,17.67,12160,"","","",""
M1,2303,10/23/2023 16:45,17.67,10030.08,"","","",""
M1,2304,10/23/2023 16:50,17.54,6768.64,"","","",""
M1,2305,10/23/2023 16:55,17.5,11136,"","","",""
M1,2306,10/23/2023 17:00,17.5,6453.76,"","","",""
M1,2307,10/23/2023 17:05,17.46,7656.96,"","","",""
M1,2308,10/23/2023 17:10,17.46,4762.88,"","","",""
M1,2309,10/23/2023 17:15,17.46,5003.52,"","","",""
M1,2310,10/23/2023 17:20,17.46,3927.04,"","","",""
M1,2311,10/23/2023 17:25,17.46,3316.48,"","","",""
M1,2312,10/23/2023 17:30,17.46,3388.16,"","","",""
M1,2313,10/23/2023 17:35,17.46,2097.28,"","","",""
M1,2314,10/23/2023 17:40,17.5,1822.08,"","","",""
M1,2315,10/23/2023 17:45,17.54,1741.44,"","","",""
M1,2316,10/23/2023 17:50,17.59,1164.8,"","","",""
M1,2317,10/23/2023 17:55,17.54,956.16,"","","",""
M1,2318,10/23/2023 18:00,17.54,706.24,"","","",""
M1,2319,10/23/2023 18:05,17.59,474.88,"","","",""
M1,2320,10/23/2023 18:10,17.54,238.24,"","","",""
M1,2321,10/23/2023 18:15,17.59,112,"","","",""
M1,2322,10/23/2023 18:20,17.63,49.9,"","","",""
M1,2323,10/23/2023 18:25,17.67,18.8,"","","",""
M1,2324,10/23/2023 18:30,17.67,6.75,"","","",""
M1,2325,10/23/2023 18:35,17.72,1.08,"","","",""
M1,2326,10/23/2023 18:40,17.72,0,"","","",""
M1,2327,10/23/2023 18:45,17.67,0,"","","",""
M1,2328,10/23/2023 18:50,17.72,0,"","","",""
M1,2329,10/23/2023 18:55,17.72,0,"","","",""
M1,2330,10/23/2023 19:00,17.72,0,"","","",""
M1,2331,10/23/2023 19:05,17.72,0,"","","",""
M1,2332,10/23/2023 19:10,17.8,0,"","","",""
M1,2333,10/23/2023 19:15,17.76,0,"","","",""
M1,2334,10/23/2023 19:20,17.72,0,"","","",""
M1,2335,10/23/2023 19:25,17.72,0,"","","",""
M1,2336,10/23/2023 19:30,17.76,0,"","","",""
M1,2337,10/23/2023 19:35,17.76,0,"","","",""
M1,2338,10/23/2023 19:40,17.8,0,"","","",""
M1,2339,10/23/2023 19:45,17.76,0,"","","",""
M1,2340,10/23/2023 19:50,17.76,0,"","","",""
M1,2341,10/23/2023 19:55,17.76,0,"","","",""
M1,2342,10/23/2023 20:00,17.76,0,"","","",""
M1,2343,10/23/2023 20:05,17.8,0,"","","",""
M1,2344,10/23/2023 20:10,17.76,0,"","","",""
M1,2345,10/23/2023 20:15,17.8,0,"","","",""
M1,2346,10/23/2023 20:20,17.76,0,"","","",""
M1,2347,10/23/2023 20:25,17.76,0,"","","",""
M1,2348,10/23/2023 20:30,17.72,0,"","","",""
M1,2349,10/23/2023 20:35,17.76,0,"","","",""
M1,2350,10/23/2023 20:40,17.67,0,"","","",""
M1,2351,10/23/2023 20:45,17.72,0,"","","",""
M1,2352,10/23/2023 20:50,17.72,0,"","","",""
M1,2353,10/23/2023 20:55,17.67,0,"","","",""
M1,2354,10/23/2023 21:00,17.72,0,"","","",""
M1,2355,10/23/2023 21:05,17.67,0,"","","",""
M1,2356,10/23/2023 21:10,17.67,0,"","","",""
M1,2357,10/23/2023 21:15,17.63,0,"","","",""
M1,2358,10/23/2023 21:20,17.63,0,"","","",""
M1,2359,10/23/2023 21:25,17.63,0,"","","",""
M1,2434,10/24/2023 3:40,17.76,0,"","","",""
M1,2435,10/24/2023 3:45,17.76,0,"","","",""
M1,2436,10/24/2023 3:50,17.8,0,"","","",""
M1,2437,10/24/2023 3:55,17.76,0,"","","",""
M1,2438,10/24/2023 4:00,17.76,0,"","","",""
M1,2439,10/24/2023 4:05,17.8,0,"","","",""
M1,2440,10/24/2023 4:10,17.76,0,"","","",""
M1,2441,10/24/2023 4:15,17.72,0,"","","",""
M1,2442,10/24/2023 4:20,17.8,0,"","","",""
M1,2443,10/24/2023 4:25,17.8,0,"","","",""
M1,2444,10/24/2023 4:30,17.8,0,"","","",""
M1,2445,10/24/2023 4:35,17.76,0,"","","",""
M1,2446,10/24/2023 4:40,17.76,0,"","","",""
M1,2447,10/24/2023 4:45,17.72,0,"","","",""
M1,2448,10/24/2023 4:50,17.84,0,"","","",""
M1,2449,10/24/2023 4:55,17.76,0,"","","",""
M1,2450,10/24/2023 5:00,17.8,0,"","","",""
M1,2451,10/24/2023 5:05,17.76,0,"","","",""
M1,2452,10/24/2023 5:10,17.76,0,"","","",""
M1,2453,10/24/2023 5:15,17.8,0,"","","",""
M1,2454,10/24/2023 5:20,17.76,0,"","","",""
M1,2455,10/24/2023 5:25,17.8,0,"","","",""
M1,2456,10/24/2023 5:30,17.8,0,"","","",""
M1,2457,10/24/2023 5:35,17.76,0,"","","",""
M1,2458,10/24/2023 5:40,17.8,0,"","","",""
M1,2459,10/24/2023 5:45,17.8,0,"","","",""
M1,2460,10/24/2023 5:50,17.76,0,"","","",""
M1,2461,10/24/2023 5:55,17.8,0,"","","",""
M1,2462,10/24/2023 6:00,17.8,0,"","","",""
M1,2463,10/24/2023 6:05,17.8,0,"","","",""
M1,2464,10/24/2023 6:10,17.8,0,"","","",""
M1,2465,10/24/2023 6:15,17.8,0,"","","",""
M1,2466,10/24/2023 6:20,17.8,0,"","","",""
M1,2467,10/24/2023 6:25,17.8,0,"","","",""
M1,2468,10/24/2023 6:30,17.8,0,"","","",""
M1,2469,10/24/2023 6:35,17.84,0,"","","",""
M1,2470,10/24/2023 6:40,17.84,1.08,"","","",""
M1,2471,10/24/2023 6:45,17.84,4.79,"","","",""
M1,2472,10/24/2023 6:50,17.84,19.45,"","","",""
M1,2473,10/24/2023 6:55,17.8,43.74,"","","",""
M1,2474,10/24/2023 7:00,17.8,97.2,"","","",""
M1,2475,10/24/2023 7:05,17.8,190.88,"","","",""
M1,2476,10/24/2023 7:10,17.84,383.84,"","","",""
M1,2477,10/24/2023 7:15,17.8,619.36,"","","",""
M1,2478,10/24/2023 7:20,17.84,575.36,"","","",""
M1,2479,10/24/2023 7:25,17.84,1025.92,"","","",""
M1,2480,10/24/2023 7:30,17.84,1149.12,"","","",""
M1,2481,10/24/2023 7:35,17.84,1329.92,"","","",""
M1,2482,10/24/2023 7:40,17.89,304.72,"","","",""
M1,2483,10/24/2023 7:45,17.84,1624.32,"","","",""
M1,2484,10/24/2023 7:50,17.89,2115.2,"","","",""
M1,2485,10/24/2023 7:55,17.89,1747.2,"","","",""
M1,2486,10/24/2023 8:00,17.84,2488.32,"","","",""
M1,2487,10/24/2023 8:05,17.89,3978.24,"","","",""
M1,2488,10/24/2023 8:10,17.89,3431.68,"","","",""
M1,2489,10/24/2023 8:15,17.89,3267.84,"","","",""
M1,2490,10/24/2023 8:20,17.89,3150.08,"","","",""
M1,2491,10/24/2023 8:25,17.93,4243.2,"","","",""
M1,2492,10/24/2023 8:30,17.97,4944.64,"","","",""
M1,2493,10/24/2023 8:35,18.02,6535.68,"","","",""
M1,2494,10/24/2023 8:40,17.89,4491.52,"","","",""
M1,2495,10/24/2023 8:45,18.02,10209.28,"","","",""
M1,2496,10/24/2023 8:50,18.1,11463.68,"","","",""
M1,2497,10/24/2023 8:55,18.1,13736.96,"","","",""
M1,2498,10/24/2023 9:00,18.1,18012.16,"","","",""
M1,2499,10/24/2023 9:05,18.1,15979.52,"","","",""
M1,2500,10/24/2023 9:10,17.97,6622.72,"","","",""
M1,2501,10/24/2023 9:15,18.19,11274.24,"","","",""
M1,2502,10/24/2023 9:20,18.14,9751.04,"","","",""
M1,2503,10/24/2023 9:25,18.27,8821.76,"","","",""
M1,2504,10/24/2023 9:30,18.06,4533.76,"","","",""
M1,2505,10/24/2023 9:35,18.32,5652.48,"","","",""
M1,2506,10/24/2023 9:40,18.19,8081.92,"","","",""
M1,2507,10/24/2023 9:45,18.06,4867.84,"","","",""
M1,2508,10/24/2023 9:50,18.36,20316.16,"","","",""
M1,2509,10/24/2023 9:55,18.27,12769.28,"","","",""
M1,2510,10/24/2023 10:00,18.1,6558.72,"","","",""
M1,2511,10/24/2023 10:05,18.06,3297.28,"","","",""
M1,2512,10/24/2023 10:10,18.1,10920.96,"","","",""
M1,2513,10/24/2023 10:15,18.1,1678.08,"","","",""
M1,2514,10/24/2023 10:20,18.06,3490.56,"","","",""
M1,2515,10/24/2023 10:25,18.23,16675.84,"","","",""
M1,2516,10/24/2023 10:30,18.36,16793.6,"","","",""
M1,2517,10/24/2023 10:35,18.36,16527.36,"","","",""
M1,2518,10/24/2023 10:40,18.4,24145.92,"","","",""
M1,2519,10/24/2023 10:45,18.79,30894.08,"","","",""
M1,2520,10/24/2023 10:50,18.44,13306.88,"","","",""
M1,2521,10/24/2023 10:55,18.44,19333.12,"","","",""
M1,2522,10/24/2023 11:00,18.57,22138.88,"","","",""
M1,2523,10/24/2023 11:05,18.57,10823.68,"","","",""
M1,2524,10/24/2023 11:10,18.74,40161.28,"","","",""
M1,2525,10/24/2023 11:15,18.7,15621.12,"","","",""
M1,2526,10/24/2023 11:20,18.92,5867.52,"","","",""
M1,2527,10/24/2023 11:25,18.7,4896,"","","",""
M1,2528,10/24/2023 11:30,18.7,7441.92,"","","",""
M1,2529,10/24/2023 11:35,19.17,2308.48,"","","",""
M1,2530,10/24/2023 11:40,19.52,10014.72,"","","",""
M1,2531,10/24/2023 11:45,19.3,29818.88,"","","",""
M1,2532,10/24/2023 11:50,19.56,33505.28,"","","",""
M1,2533,10/24/2023 11:55,19.73,11520,"","","",""
M1,2553,10/24/2023 13:35,19.99,23357.44,"","","",""
M1,2554,10/24/2023 13:40,20.07,4824.32,"","","",""
M1,2555,10/24/2023 13:45,20.07,68423.68,"","","",""
M1,2556,10/24/2023 13:50,20.2,49971.2,"","","",""
M1,2557,10/24/2023 13:55,20.16,55459.84,"","","",""
M1,2558,10/24/2023 14:00,20.07,66252.8,"","","",""
M1,2559,10/24/2023 14:05,19.95,20725.76,"","","",""
M1,2560,10/24/2023 14:10,20.03,9646.08,"","","",""
M1,2561,10/24/2023 14:15,19.9,21760,"","","",""
M1,2562,10/24/2023 14:20,19.86,14008.32,"","","",""
M1,2563,10/24/2023 14:25,20.03,7221.76,"","","",""
M1,2564,10/24/2023 14:30,19.82,56524.8,"","","",""
M1,2565,10/24/2023 14:35,19.82,12810.24,"","","",""
M1,2566,10/24/2023 14:40,19.77,3057.92,"","","",""
M1,2567,10/24/2023 14:45,19.73,20418.56,"","","",""
M1,2568,10/24/2023 14:50,19.9,22087.68,"","","",""
M1,2569,10/24/2023 14:55,19.77,32860.16,"","","",""
M1,2570,10/24/2023 15:00,19.6,19686.4,"","","",""
M1,2571,10/24/2023 15:05,19.73,11658.24,"","","",""
M1,2572,10/24/2023 15:10,19.77,52776.96,"","","",""
M1,2573,10/24/2023 15:15,19.73,18012.16,"","","",""
M1,2574,10/24/2023 15:20,19.73,29419.52,"","","",""
M1,2575,10/24/2023 15:25,19.69,28672,"","","",""
M1,2576,10/24/2023 15:30,19.69,2582.4,"","","",""
M1,2577,10/24/2023 15:35,19.77,5565.44,"","","",""
M1,2578,10/24/2023 15:40,19.69,17520.64,"","","",""
M1,2579,10/24/2023 15:45,19.69,15795.2,"","","",""
M1,2580,10/24/2023 15:50,19.82,8865.28,"","","",""
M1,2581,10/24/2023 15:55,19.77,27002.88,"","","",""
M1,2582,10/24/2023 16:00,19.77,20280.32,"","","",""
M1,2583,10/24/2023 16:05,19.82,28149.76,"","","",""
M1,2584,10/24/2023 16:10,19.73,8432.64,"","","",""
M1,2585,10/24/2023 16:15,19.82,13214.72,"","","",""
M1,2586,10/24/2023 16:20,19.82,18278.4,"","","",""
M1,2587,10/24/2023 16:25,19.82,17960.96,"","","",""
M1,2588,10/24/2023 16:30,19.77,17925.12,"","","",""
M1,2589,10/24/2023 16:35,19.82,14515.2,"","","",""
M1,2590,10/24/2023 16:40,19.6,4815.36,"","","",""
M1,2591,10/24/2023 16:45,19.73,6615.04,"","","",""
M1,2592,10/24/2023 16:50,19.65,6653.44,"","","",""
M1,2593,10/24/2023 16:55,19.73,11136,"","","",""
M1,2594,10/24/2023 17:00,19.73,8711.68,"","","",""
M1,2595,10/24/2023 17:05,19.69,7838.72,"","","",""
M1,2596,10/24/2023 17:10,19.69,5844.48,"","","",""
M1,2597,10/24/2023 17:15,19.65,4718.08,"","","",""
M1,2598,10/24/2023 17:20,19.65,4202.24,"","","",""
M1,2599,10/24/2023 17:25,19.6,4770.56,"","","",""
M1,2600,10/24/2023 17:30,19.56,3619.84,"","","",""
M1,2601,10/24/2023 17:35,19.52,2228.48,"","","",""
M1,2602,10/24/2023 17:40,19.47,1554.56,"","","",""
M1,2603,10/24/2023 17:45,19.52,1466.24,"","","",""
M1,2604,10/24/2023 17:50,19.43,1286.72,"","","",""
M1,2605,10/24/2023 17:55,19.47,619.04,"","","",""
M1,2606,10/24/2023 18:00,19.39,642.08,"","","",""
M1,2607,10/24/2023 18:05,19.39,448.48,"","","",""
M1,2608,10/24/2023 18:10,19.35,279.44,"","","",""
M1,2609,10/24/2023 18:15,19.35,124.32,"","","",""
M1,2610,10/24/2023 18:20,19.39,47.68,"","","",""
M1,2611,10/24/2023 18:25,19.39,16.15,"","","",""
M1,2612,10/24/2023 18:30,19.35,4.79,"","","",""
M1,2613,10/24/2023 18:35,19.3,1.08,"","","",""
M1,2614,10/24/2023 18:40,19.35,0,"","","",""
M1,2615,10/24/2023 18:45,19.3,0,"","","",""
M1,2616,10/24/2023 18:50,19.26,0,"","","",""
M1,2617,10/24/2023 18:55,19.3,0,"","","",""
M1,2618,10/24/2023 19:00,19.3,0,"","","",""
M1,2619,10/24/2023 19:05,19.22,0,"","","",""
M1,2620,10/24/2023 19:10,19.26,0,"","","",""
M1,2621,10/24/2023 19:15,19.26,0,"","","",""
M1,2622,10/24/2023 19:20,19.26,0,"","","",""
M1,2623,10/24/2023 19:25,19.26,0,"","","",""
M1,2624,10/24/2023 19:30,19.22,0,"","","",""
M1,2625,10/24/2023 19:35,19.26,0,"","","",""
M1,2626,10/24/2023 19:40,19.22,0,"","","",""
M1,2627,10/24/2023 19:45,19.22,0,"","","",""
M1,2628,10/24/2023 19:50,19.22,0,"","","",""
M1,2629,10/24/2023 19:55,19.26,0,"","","",""
M1,2630,10/24/2023 20:00,19.26,0,"","","",""
M1,2631,10/24/2023 20:05,19.3,0,"","","",""
M1,2632,10/24/2023 20:10,19.26,0,"","","",""
M1,2633,10/24/2023 20:15,19.3,0,"","","",""
M1,2634,10/24/2023 20:20,19.3,0,"","","",""
M1,2635,10/24/2023 20:25,19.22,0,"","","",""
M1,2636,10/24/2023 20:30,19.3,0,"","","",""
M1,2637,10/24/2023 20:35,19.26,0,"","","",""
M1,2638,10/24/2023 20:40,19.3,0,"","","",""
M1,2639,10/24/2023 20:45,19.3,0,"","","",""
M1,2640,10/24/2023 20:50,19.26,0,"","","",""
M1,2641,10/24/2023 20:55,19.26,0,"","","",""
M1,2642,10/24/2023 21:00,19.3,0,"","","",""
M1,2643,10/24/2023 21:05,19.3,0,"","","",""
M1,2644,10/24/2023 21:10,19.3,0,"","","",""
M1,2645,10/24/2023 21:15,19.26,0,"","","",""
M1,2646,10/24/2023 21:20,19.35,0,"","","",""
M1,2647,10/24/2023 21:25,19.3,0,"","","",""
M1,2648,10/24/2023 21:30,19.26,0,"","","",""
M1,2649,10/24/2023 21:35,19.3,0,"","","",""
M1,2650,10/24/2023 21:40,19.26,0,"","","",""
M1,2651,10/24/2023 21:45,19.22,0,"","","",""
M1,2652,10/24/2023 21:50,19.17,0,"","","",""
M1,2653,10/24/2023 21:55,19.17,0,"","","",""
M1,2654,10/24/2023 22:00,19.17,0,"","","",""
M1,2655,10/24/2023 22:05,19.17,0,"","","",""
M1,2656,10/24/2023 22:10,19.13,0,"","","",""
M1,2657,10/24/2023 22:15,19.13,0,"","","",""
M1,2728,10/25/2023 4:10,19.17,0,"","","",""
M1,2729,10/25/2023 4:15,19.22,0,"","","",""
M1,2730,10/25/2023 4:20,19.17,0,"","","",""
M1,2731,10/25/2023 4:25,19.22,0,"","","",""
M1,2732,10/25/2023 4:30,19.22,0,"","","",""
M1,2733,10/25/2023 4:35,19.22,0,"","","",""
M1,2734,10/25/2023 4:40,19.22,0,"","","",""
M1,2735,10/25/2023 4:45,19.17,0,"","","",""
M1,2736,10/25/2023 4:50,19.22,0,"","","",""
M1,2737,10/25/2023 4:55,19.22,0,"","","",""
M1,2738,10/25/2023 5:00,19.22,0,"","","",""
M1,2739,10/25/2023 5:05,19.26,0,"","","",""
M1,2740,10/25/2023 5:10,19.22,0,"","","",""
M1,2741,10/25/2023 5:15,19.22,0,"","","",""
M1,2742,10/25/2023 5:20,19.26,0,"","","",""
M1,2743,10/25/2023 5:25,19.22,0,"","","",""
M1,2744,10/25/2023 5:30,19.26,0,"","","",""
M1,2745,10/25/2023 5:35,19.26,0,"","","",""
M1,2746,10/25/2023 5:40,19.3,0,"","","",""
M1,2747,10/25/2023 5:45,19.26,0,"","","",""
M1,2748,10/25/2023 5:50,19.26,0,"","","",""
M1,2749,10/25/2023 5:55,19.3,0,"","","",""
M1,2750,10/25/2023 6:00,19.3,0,"","","",""
M1,2751,10/25/2023 6:05,19.3,0,"","","",""
M1,2752,10/25/2023 6:10,19.3,0,"","","",""
M1,2753,10/25/2023 6:15,19.35,0,"","","",""
M1,2754,10/25/2023 6:20,19.35,0,"","","",""
M1,2755,10/25/2023 6:25,19.35,0,"","","",""
M1,2756,10/25/2023 6:30,19.39,0,"","","",""
M1,2757,10/25/2023 6:35,19.35,0,"","","",""
M1,2758,10/25/2023 6:40,19.35,0,"","","",""
M1,2759,10/25/2023 6:45,19.35,0.43,"","","",""
M1,2760,10/25/2023 6:50,19.35,2.17,"","","",""
M1,2761,10/25/2023 6:55,19.35,7.19,"","","",""
M1,2762,10/25/2023 7:00,19.35,12.42,"","","",""
M1,2763,10/25/2023 7:05,19.35,27.51,"","","",""
M1,2764,10/25/2023 7:10,19.3,51.66,"","","",""
M1,2765,10/25/2023 7:15,19.39,91,"","","",""
M1,2766,10/25/2023 7:20,19.35,122.48,"","","",""
M1,2767,10/25/2023 7:25,19.35,190.88,"","","",""
M1,2768,10/25/2023 7:30,19.3,270.72,"","","",""
M1,2769,10/25/2023 7:35,19.39,431.04,"","","",""
M1,2770,10/25/2023 7:40,19.3,514.4,"","","",""
M1,2771,10/25/2023 7:45,19.35,592,"","","",""
M1,2772,10/25/2023 7:50,19.39,868.16,"","","",""
M1,2773,10/25/2023 7:55,19.35,1214.4,"","","",""
M1,2774,10/25/2023 8:00,19.35,1169.92,"","","",""
M1,2775,10/25/2023 8:05,19.35,1396.48,"","","",""
M1,2776,10/25/2023 8:10,19.35,1610.24,"","","",""
M1,2777,10/25/2023 8:15,19.39,2151.68,"","","",""
M1,2778,10/25/2023 8:20,19.47,2108.16,"","","",""
M1,2779,10/25/2023 8:25,19.43,2243.84,"","","",""
M1,2780,10/25/2023 8:30,19.43,1875.84,"","","",""
M1,2781,10/25/2023 8:35,19.43,1856.64,"","","",""
M1,2782,10/25/2023 8:40,19.43,2484.48,"","","",""
M1,2783,10/25/2023 8:45,19.43,2832.64,"","","",""
M1,2784,10/25/2023 8:50,19.39,3072,"","","",""
M1,2785,10/25/2023 8:55,19.43,3210.24,"","","",""
M1,2786,10/25/2023 9:00,19.43,2974.72,"","","",""
M1,2787,10/25/2023 9:05,19.43,3206.4,"","","",""
M1,2788,10/25/2023 9:10,19.43,3399.68,"","","",""
M1,2789,10/25/2023 9:15,19.47,2542.08,"","","",""
M1,2790,10/25/2023 9:20,19.47,3804.16,"","","",""
M1,2791,10/25/2023 9:25,19.43,2951.68,"","","",""
M1,2792,10/25/2023 9:30,19.47,3804.16,"","","",""
M1,2793,10/25/2023 9:35,19.47,5337.6,"","","",""
M1,2794,10/25/2023 9:40,19.47,4519.68,"","","",""
M1,2795,10/25/2023 9:45,19.47,1836.16,"","","",""
M1,2796,10/25/2023 9:50,19.43,4180.48,"","","",""
M1,2797,10/25/2023 9:55,19.47,3360,"","","",""
M1,2798,10/25/2023 10:00,19.47,4976.64,"","","",""
M1,2799,10/25/2023 10:05,19.52,4487.68,"","","",""
M1,2800,10/25/2023 10:10,19.52,5893.12,"","","",""
M1,2801,10/25/2023 10:15,19.56,3616,"","","",""
M1,2802,10/25/2023 10:20,19.52,5642.24,"","","",""
M1,2803,10/25/2023 10:25,19.52,6172.16,"","","",""
M1,2804,10/25/2023 10:30,19.56,8166.4,"","","",""
M1,2805,10/25/2023 10:35,19.56,6855.68,"","","",""
M1,2806,10/25/2023 10:40,19.6,7413.76,"","","",""
M1,2807,10/25/2023 10:45,19.65,9044.48,"","","",""
M1,2808,10/25/2023 10:50,19.65,7308.8,"","","",""
M1,2809,10/25/2023 10:55,19.6,9876.48,"","","",""
M1,2810,10/25/2023 11:00,19.73,4030.72,"","","",""
M1,2811,10/25/2023 11:05,19.73,7093.76,"","","",""
M1,2812,10/25/2023 11:10,19.82,12871.68,"","","",""
M1,2813,10/25/2023 11:15,19.86,14172.16,"","","",""
M1,2814,10/25/2023 11:20,19.82,13409.28,"","","",""
M1,2868,10/25/2023 15:50,20.98,36853.76,"","","",""
M1,2869,10/25/2023 15:55,21.15,9832.96,"","","",""
M1,2870,10/25/2023 16:00,20.89,12083.2,"","","",""
M1,2871,10/25/2023 16:05,20.76,25589.76,"","","",""
M1,2872,10/25/2023 16:10,20.72,6471.68,"","","",""
M1,2873,10/25/2023 16:15,20.63,22855.68,"","","",""
M1,2874,10/25/2023 16:20,20.59,9018.88,"","","",""
M1,2875,10/25/2023 16:25,20.55,8739.84,"","","",""
M1,2876,10/25/2023 16:30,20.46,8117.76,"","","",""
M1,2877,10/25/2023 16:35,20.37,3880.96,"","","",""
M1,2878,10/25/2023 16:40,20.37,6643.2,"","","",""
M1,2879,10/25/2023 16:45,20.33,3349.76,"","","",""
M1,2880,10/25/2023 16:50,20.37,4069.12,"","","",""
M1,2881,10/25/2023 16:55,20.37,3260.16,"","","",""
M1,2882,10/25/2023 17:00,20.33,12195.84,"","","",""
M1,2883,10/25/2023 17:05,20.29,5854.72,"","","",""
M1,2884,10/25/2023 17:10,20.29,6394.88,"","","",""
M1,2885,10/25/2023 17:15,20.2,4034.56,"","","",""
M1,2886,10/25/2023 17:20,20.2,1372.8,"","","",""
M1,2887,10/25/2023 17:25,20.2,636,"","","",""
M1,2888,10/25/2023 17:30,20.16,3674.88,"","","",""
M1,2889,10/25/2023 17:35,20.16,1684.48,"","","",""
M1,2890,10/25/2023 17:40,20.16,2245.76,"","","",""
M1,2891,10/25/2023 17:45,20.12,1692.16,"","","",""
M1,2892,10/25/2023 17:50,20.07,1201.28,"","","",""
M1,2893,10/25/2023 17:55,20.12,776.64,"","","",""
M1,2894,10/25/2023 18:00,20.12,595.84,"","","",""
M1,2895,10/25/2023 18:05,20.07,388.16,"","","",""
M1,2896,10/25/2023 18:10,20.12,223.36,"","","",""
M1,2897,10/25/2023 18:15,20.12,117.36,"","","",""
M1,2898,10/25/2023 18:20,20.03,45.06,"","","",""
M1,2899,10/25/2023 18:25,20.12,13.97,"","","",""
M1,2900,10/25/2023 18:30,20.07,4.14,"","","",""
M1,2901,10/25/2023 18:35,20.12,0.87,"","","",""
M1,2902,10/25/2023 18:40,20.07,0,"","","",""
M1,2903,10/25/2023 18:45,20.07,0,"","","",""
M1,2904,10/25/2023 18:50,20.07,0,"","","",""
M1,2905,10/25/2023 18:55,20.12,0,"","","",""
M1,2906,10/25/2023 19:00,20.12,0,"","","",""
M1,2907,10/25/2023 19:05,20.12,0,"","","",""
M1,2908,10/25/2023 19:10,20.12,0,"","","",""
M1,2909,10/25/2023 19:15,20.07,0,"","","",""
M1,2910,10/25/2023 19:20,20.07,0,"","","",""
M1,2911,10/25/2023 19:25,20.07,0,"","","",""
M1,2912,10/25/2023 19:30,20.07,0,"","","",""
M1,2913,10/25/2023 19:35,20.12,0,"","","",""
M1,2914,10/25/2023 19:40,20.03,0,"","","",""
M1,2915,10/25/2023 19:45,20.07,0,"","","",""
M1,2916,10/25/2023 19:50,20.07,0,"","","",""
M1,2917,10/25/2023 19:55,20.07,0,"","","",""
M1,2918,10/25/2023 20:00,20.03,0,"","","",""
M1,2919,10/25/2023 20:05,20.07,0,"","","",""
M1,2920,10/25/2023 20:10,20.12,0,"","","",""
M1,2921,10/25/2023 20:15,20.03,0,"","","",""
M1,2922,10/25/2023 20:20,20.03,0,"","","",""
M1,2923,10/25/2023 20:25,20.03,0,"","","",""
M1,2924,10/25/2023 20:30,20.07,0,"","","",""
M1,2925,10/25/2023 20:35,20.07,0,"","","",""
M1,2926,10/25/2023 20:40,20.07,0,"","","",""
M1,2927,10/25/2023 20:45,20.03,0,"","","",""
M1,2928,10/25/2023 20:50,20.07,0,"","","",""
M1,2929,10/25/2023 20:55,20.03,0,"","","",""
M1,2930,10/25/2023 21:00,20.07,0,"","","",""
M1,2931,10/25/2023 21:05,20.03,0,"","","",""
M1,2932,10/25/2023 21:10,20.03,0,"","","",""
M1,2933,10/25/2023 21:15,20.03,0,"","","",""
M1,2934,10/25/2023 21:20,20.03,0,"","","",""
M1,2935,10/25/2023 21:25,19.99,0,"","","",""
M1,2936,10/25/2023 21:30,20.03,0,"","","",""
M1,2937,10/25/2023 21:35,20.03,0,"","","",""
M1,2938,10/25/2023 21:40,19.99,0,"","","",""
M1,2939,10/25/2023 21:45,20.03,0,"","","",""
M1,2940,10/25/2023 21:50,19.99,0,"","","",""
M1,2941,10/25/2023 21:55,20.03,0,"","","",""
M1,2942,10/25/2023 22:00,19.99,0,"","","",""
M1,2943,10/25/2023 22:05,19.99,0,"","","",""
M1,2944,10/25/2023 22:10,19.99,0,"","","",""
M1,2945,10/25/2023 22:15,19.99,0,"","","",""
M1,2946,10/25/2023 22:20,19.95,0,"","","",""
M1,2947,10/25/2023 22:25,19.99,0,"","","",""
M1,2948,10/25/2023 22:30,19.95,0,"","","",""
M1,2949,10/25/2023 22:35,19.95,0,"","","",""
M1,2950,10/25/2023 22:40,19.9,0,"","","",""
M1,2951,10/25/2023 22:45,19.95,0,"","","",""
M1,2952,10/25/2023 22:50,19.9,0,"","","",""
M1,2953,10/25/2023 22:55,19.9,0,"","","",""
M1,3021,10/26/2023 4:35,19.43,0,"","","",""
M1,3022,10/26/2023 4:40,19.47,0,"","","",""
M1,3023,10/26/2023 4:45,19.47,0,"","","",""
M1,3024,10/26/2023 4:50,19.52,0,"","","",""
M1,3025,10/26/2023 4:55,19.52,0,"","","",""
M1,3026,10/26/2023 5:00,19.52,0,"","","",""
M1,3027,10/26/2023 5:05,19.52,0,"","","",""
M1,3028,10/26/2023 5:10,19.56,0,"","","",""
M1,3029,10/26/2023 5:15,19.52,0,"","","",""
M1,3030,10/26/2023 5:20,19.56,0,"","","",""
M1,3031,10/26/2023 5:25,19.56,0,"","","",""
M1,3032,10/26/2023 5:30,19.6,0,"","","",""
M1,3033,10/26/2023 5:35,19.56,0,"","","",""
M1,3034,10/26/2023 5:40,19.56,0,"","","",""
M1,3035,10/26/2023 5:45,19.6,0,"","","",""
M1,3036,10/26/2023 5:50,19.6,0,"","","",""
M1,3037,10/26/2023 5:55,19.56,0,"","","",""
M1,3038,10/26/2023 6:00,19.6,0,"","","",""
M1,3039,10/26/2023 6:05,19.6,0,"","","",""
M1,3040,10/26/2023 6:10,19.65,0,"","","",""
M1,3041,10/26/2023 6:15,19.56,0,"","","",""
M1,3042,10/26/2023 6:20,19.6,0,"","","",""
M1,3043,10/26/2023 6:25,19.56,0,"","","",""
M1,3044,10/26/2023 6:30,19.52,0,"","","",""
M1,3045,10/26/2023 6:35,19.43,0,"","","",""
M1,3046,10/26/2023 6:40,19.47,0.87,"","","",""
M1,3047,10/26/2023 6:45,19.35,4.57,"","","",""
M1,3048,10/26/2023 6:50,19.39,18.14,"","","",""
M1,3049,10/26/2023 6:55,19.35,48.6,"","","",""
M1,3050,10/26/2023 7:00,19.35,93.72,"","","",""
M1,3051,10/26/2023 7:05,19.35,205.92,"","","",""
M1,3052,10/26/2023 7:10,19.26,324.96,"","","",""
M1,3053,10/26/2023 7:15,19.22,479.84,"","","",""
M1,3054,10/26/2023 7:20,19.22,816.32,"","","",""
M1,3055,10/26/2023 7:25,19.17,839.04,"","","",""
M1,3056,10/26/2023 7:30,19.17,1110.72,"","","",""
M1,3057,10/26/2023 7:35,19.22,1623.04,"","","",""
M1,3058,10/26/2023 7:40,19.26,1646.08,"","","",""
M1,3059,10/26/2023 7:45,19.17,2639.36,"","","",""
M1,3060,10/26/2023 7:50,19.22,2808.32,"","","",""
M1,3061,10/26/2023 7:55,19.17,3278.08,"","","",""
M1,3062,10/26/2023 8:00,19.22,3884.8,"","","",""
M1,3063,10/26/2023 8:05,19.26,4372.48,"","","",""
M1,3064,10/26/2023 8:10,19.22,5199.36,"","","",""
M1,3065,10/26/2023 8:15,19.26,5102.08,"","","",""
M1,3066,10/26/2023 8:20,19.22,4467.2,"","","",""
M1,3067,10/26/2023 8:25,19.22,4435.2,"","","",""
M1,3068,10/26/2023 8:30,19.13,3947.52,"","","",""
M1,3069,10/26/2023 8:35,19.13,8061.44,"","","",""
M1,3070,10/26/2023 8:40,19.22,12636.16,"","","",""
M1,3071,10/26/2023 8:45,19.26,8424.96,"","","",""
M1,3072,10/26/2023 8:50,19.22,13521.92,"","","",""
M1,3073,10/26/2023 8:55,19.13,6499.84,"","","",""
M1,3074,10/26/2023 9:00,18.96,6182.4,"","","",""
M1,3075,10/26/2023 9:05,19.22,17792,"","","",""
M1,3076,10/26/2023 9:10,19.26,9909.76,"","","",""
M1,3077,10/26/2023 9:15,19.26,17582.08,"","","",""
M1,3078,10/26/2023 9:20,19.3,14003.2,"","","",""
M1,3079,10/26/2023 9:25,19.3,13486.08,"","","",""
M1,3080,10/26/2023 9:30,19.3,15441.92,"","","",""
M1,3081,10/26/2023 9:35,19.35,15984.64,"","","",""
M1,3082,10/26/2023 9:40,19.39,26050.56,"","","",""
M1,3083,10/26/2023 9:45,19.43,37048.32,"","","",""
M1,3084,10/26/2023 9:50,19.39,20674.56,"","","",""
M1,3085,10/26/2023 9:55,19.47,31897.6,"","","",""
M1,3086,10/26/2023 10:00,19.52,28375.04,"","","",""
M1,3087,10/26/2023 10:05,19.56,14238.72,"","","",""
M1,3088,10/26/2023 10:10,19.6,38625.28,"","","",""
M1,3089,10/26/2023 10:15,19.65,31191.04,"","","",""
M1,3090,10/26/2023 10:20,19.69,26122.24,"","","",""
M1,3091,10/26/2023 10:25,19.77,32829.44,"","","",""
M1,3092,10/26/2023 10:30,19.77,25026.56,"","","",""
M1,3093,10/26/2023 10:35,19.69,17049.6,"","","",""
M1,3094,10/26/2023 10:40,19.77,8235.52,"","","",""
M1,3095,10/26/2023 10:45,19.73,22681.6,"","","",""
M1,3096,10/26/2023 10:50,19.86,27648,"","","",""
M1,3097,10/26/2023 10:55,19.86,12697.6,"","","",""
M1,3098,10/26/2023 11:00,19.9,39219.2,"","","",""
M1,3099,10/26/2023 11:05,19.99,17095.68,"","","",""
M1,3100,10/26/2023 11:10,20.16,32399.36,"","","",""
M1,3101,10/26/2023 11:15,20.12,15692.8,"","","",""
M1,3102,10/26/2023 11:20,20.29,36597.76,"","","",""
M1,3103,10/26/2023 11:25,20.55,37713.92,"","","",""
M1,3104,10/26/2023 11:30,20.59,4896,"","","",""
M1,3105,10/26/2023 11:35,20.55,38092.8,"","","",""
M1,3106,10/26/2023 11:40,20.85,21391.36,"","","",""
M1,3107,10/26/2023 11:45,21.7,58490.88,"","","",""
M1,3170,10/26/2023 17:00,20.29,8061.44,"","","",""
M1,3171,10/26/2023 17:05,20.03,886.72,"","","",""
M1,3172,10/26/2023 17:10,19.95,2999.04,"","","",""
M1,3173,10/26/2023 17:15,19.95,2895.36,"","","",""
M1,3174,10/26/2023 17:20,19.86,1543.04,"","","",""
M1,3175,10/26/2023 17:25,19.9,2693.12,"","","",""
M1,3176,10/26/2023 17:30,19.86,2881.28,"","","",""
M1,3177,10/26/2023 17:35,19.86,1213.44,"","","",""
M1,3178,10/26/2023 17:40,19.77,1496.96,"","","",""
M1,3179,10/26/2023 17:45,19.77,617.6,"","","",""
M1,3180,10/26/2023 17:50,19.77,975.36,"","","",""
M1,3181,10/26/2023 17:55,19.69,651.2,"","","",""
M1,3182,10/26/2023 18:00,19.65,254.96,"","","",""
M1,3183,10/26/2023 18:05,19.6,105.04,"","","",""
M1,3184,10/26/2023 18:10,19.6,100.8,"","","",""
M1,3185,10/26/2023 18:15,19.52,34.16,"","","",""
M1,3186,10/26/2023 18:20,19.47,32.8,"","","",""
M1,3187,10/26/2023 18:25,19.47,7.19,"","","",""
M1,3188,10/26/2023 18:30,19.3,2.39,"","","",""
M1,3189,10/26/2023 18:35,19.22,0.43,"","","",""
M1,3190,10/26/2023 18:40,19.09,0,"","","",""
M1,3191,10/26/2023 18:45,19.09,0,"","","",""
M1,3192,10/26/2023 18:50,18.92,0,"","","",""
M1,3193,10/26/2023 18:55,18.83,0,"","","",""
M1,3194,10/26/2023 19:00,18.74,0,"","","",""
M1,3195,10/26/2023 19:05,18.7,0,"","","",""
M1,3196,10/26/2023 19:10,18.74,0,"","","",""
M1,3197,10/26/2023 19:15,18.62,0,"","","",""
M1,3198,10/26/2023 19:20,18.53,0,"","","",""
M1,3199,10/26/2023 19:25,18.53,0,"","","",""
M1,3200,10/26/2023 19:30,18.49,0,"","","",""
M1,3201,10/26/2023 19:35,18.49,0,"","","",""
M1,3202,10/26/2023 19:40,18.4,0,"","","",""
M1,3203,10/26/2023 19:45,18.4,0,"","","",""
M1,3204,10/26/2023 19:50,18.4,0,"","","",""
M1,3205,10/26/2023 19:55,18.4,0,"","","",""
M1,3206,10/26/2023 20:00,18.44,0,"","","",""
M1,3207,10/26/2023 20:05,18.4,0,"","","",""
M1,3208,10/26/2023 20:10,18.49,0,"","","",""
M1,3209,10/26/2023 20:15,18.44,0,"","","",""
M1,3210,10/26/2023 20:20,18.4,0,"","","",""
M1,3211,10/26/2023 20:25,18.4,0,"","","",""
M1,3212,10/26/2023 20:30,18.4,0,"","","",""
M1,3213,10/26/2023 20:35,18.44,0,"","","",""
M1,3214,10/26/2023 20:40,18.4,0,"","","",""
M1,3215,10/26/2023 20:45,18.4,0,"","","",""
M1,3216,10/26/2023 20:50,18.36,0,"","","",""
M1,3217,10/26/2023 20:55,18.4,0,"","","",""
M1,3218,10/26/2023 21:00,18.4,0,"","","",""
M1,3219,10/26/2023 21:05,18.4,0,"","","",""
M1,3220,10/26/2023 21:10,18.4,0,"","","",""
M1,3221,10/26/2023 21:15,18.44,0,"","","",""
M1,3222,10/26/2023 21:20,18.36,0,"","","",""
M1,3223,10/26/2023 21:25,18.4,0,"","","",""
M1,3224,10/26/2023 21:30,18.36,0,"","","",""
M1,3225,10/26/2023 21:35,18.36,0,"","","",""
M1,3226,10/26/2023 21:40,18.4,0,"","","",""
M1,3227,10/26/2023 21:45,18.36,0,"","","",""
M1,3228,10/26/2023 21:50,18.36,0,"","","",""
M1,3229,10/26/2023 21:55,18.36,0,"","","",""
M1,3230,10/26/2023 22:00,18.36,0,"","","",""
M1,3231,10/26/2023 22:05,18.36,0,"","","",""
M1,3232,10/26/2023 22:10,18.36,0,"","","",""
M1,3233,10/26/2023 22:15,18.36,0,"","","",""
M1,3234,10/26/2023 22:20,18.36,0,"","","",""
M1,3235,10/26/2023 22:25,18.4,0,"","","",""
M1,3236,10/26/2023 22:30,18.36,0,"","","",""
M1,3237,10/26/2023 22:35,18.4,0,"","","",""
M1,3238,10/26/2023 22:40,18.36,0,"","","",""
M1,3239,10/26/2023 22:45,18.44,0,"","","",""
M1,3240,10/26/2023 22:50,18.4,0,"","","",""
M1,3241,10/26/2023 22:55,18.4,0,"","","",""
M1,3242,10/26/2023 23:00,18.4,0,"","","",""
M1,3243,10/26/2023 23:05,18.44,0,"","","",""
M1,3244,10/26/2023 23:10,18.4,0,"","","",""
M1,3245,10/26/2023 23:15,18.4,0,"","","",""
M1,3246,10/26/2023 23:20,18.4,0,"","","",""
M1,3247,10/26/2023 23:25,18.44,0,"","","",""
M1,3248,10/26/2023 23:30,18.4,0,"","","",""
M1,3249,10/26/2023 23:35,18.44,0,"","","",""
M1,3313,10/27/2023 4:55,18.1,0,"","","",""
M1,3314,10/27/2023 5:00,18.02,0,"","","",""
M1,3315,10/27/2023 5:05,18.02,0,"","","",""
M1,3316,10/27/2023 5:10,18.02,0,"","","",""
M1,3317,10/27/2023 5:15,18.06,0,"","","",""
M1,3318,10/27/2023 5:20,18.02,0,"","","",""
M1,3319,10/27/2023 5:25,18.02,0,"","","",""
M1,3320,10/27/2023 5:30,18.06,0,"","","",""
M1,3321,10/27/2023 5:35,18.02,0,"","","",""
M1,3322,10/27/2023 5:40,18.02,0,"","","",""
M1,3323,10/27/2023 5:45,18.06,0,"","","",""
M1,3324,10/27/2023 5:50,18.06,0,"","","",""
M1,3325,10/27/2023 5:55,18.02,0,"","","",""
M1,3326,10/27/2023 6:00,18.02,0,"","","",""
M1,3327,10/27/2023 6:05,18.1,0,"","","",""
M1,3328,10/27/2023 6:10,18.1,0,"","","",""
M1,3329,10/27/2023 6:15,18.1,0,"","","",""
M1,3330,10/27/2023 6:20,18.1,0,"","","",""
M1,3331,10/27/2023 6:25,18.06,0,"","","",""
M1,3332,10/27/2023 6:30,18.14,0,"","","",""
M1,3333,10/27/2023 6:35,18.1,0,"","","",""
M1,3334,10/27/2023 6:40,18.14,0.43,"","","",""
M1,3335,10/27/2023 6:45,18.1,1.96,"","","",""
M1,3336,10/27/2023 6:50,18.1,8.71,"","","",""
M1,3337,10/27/2023 6:55,18.1,21.19,"","","",""
M1,3338,10/27/2023 7:00,18.1,79.66,"","","",""
M1,3339,10/27/2023 7:05,18.06,183.92,"","","",""
M1,3340,10/27/2023 7:10,18.06,214.48,"","","",""
M1,3341,10/27/2023 7:15,18.02,342.4,"","","",""
M1,3342,10/27/2023 7:20,18.02,541.44,"","","",""
M1,3343,10/27/2023 7:25,17.97,854.4,"","","",""
M1,3344,10/27/2023 7:30,17.93,1170.88,"","","",""
M1,3345,10/27/2023 7:35,17.89,986.88,"","","",""
M1,3346,10/27/2023 7:40,17.89,1352.96,"","","",""
M1,3347,10/27/2023 7:45,17.84,1372.16,"","","",""
M1,3348,10/27/2023 7:50,17.89,1808,"","","",""
M1,3349,10/27/2023 7:55,17.89,2512.64,"","","",""
M1,3350,10/27/2023 8:00,17.93,2418.56,"","","",""
M1,3351,10/27/2023 8:05,17.93,2931.2,"","","",""
M1,3352,10/27/2023 8:10,17.93,4212.48,"","","",""
M1,3353,10/27/2023 8:15,17.93,5073.92,"","","",""
M1,3354,10/27/2023 8:20,17.97,5429.76,"","","",""
M1,3355,10/27/2023 8:25,17.93,5982.72,"","","",""
M1,3356,10/27/2023 8:30,17.89,3818.24,"","","",""
M1,3357,10/27/2023 8:35,17.89,6394.88,"","","",""
M1,3358,10/27/2023 8:40,17.89,7267.84,"","","",""
M1,3359,10/27/2023 8:45,17.89,8279.04,"","","",""
M1,3360,10/27/2023 8:50,17.89,5964.8,"","","",""
M1,3361,10/27/2023 8:55,17.93,6574.08,"","","",""
M1,3362,10/27/2023 9:00,18.06,11965.44,"","","",""
M1,3363,10/27/2023 9:05,18.14,19240.96,"","","",""
M1,3364,10/27/2023 9:10,18.14,15119.36,"","","",""
M1,3365,10/27/2023 9:15,18.1,11310.08,"","","",""
M1,3366,10/27/2023 9:20,18.14,10516.48,"","","",""
M1,3367,10/27/2023 9:25,18.19,23715.84,"","","",""
M1,3368,10/27/2023 9:30,18.19,16291.84,"","","",""
M1,3369,10/27/2023 9:35,18.23,19194.88,"","","",""
M1,3370,10/27/2023 9:40,18.02,8634.88,"","","",""
M1,3371,10/27/2023 9:45,18.36,28108.8,"","","",""
M1,3372,10/27/2023 9:50,18.44,23316.48,"","","",""
M1,3373,10/27/2023 9:55,18.4,25999.36,"","","",""
M1,3374,10/27/2023 10:00,18.44,23408.64,"","","",""
M1,3375,10/27/2023 10:05,18.49,18949.12,"","","",""
M1,3376,10/27/2023 10:10,18.44,29081.6,"","","",""
M1,3377,10/27/2023 10:15,18.49,30464,"","","",""
M1,3378,10/27/2023 10:20,18.53,21370.88,"","","",""
M1,3379,10/27/2023 10:25,18.57,32522.24,"","","",""
M1,3380,10/27/2023 10:30,18.57,33198.08,"","","",""
M1,3381,10/27/2023 10:35,18.62,33157.12,"","","",""
M1,3382,10/27/2023 10:40,18.57,28477.44,"","","",""
M1,3383,10/27/2023 10:45,18.57,31129.6,"","","",""
M1,3384,10/27/2023 10:50,18.62,55644.16,"","","",""
M1,3385,10/27/2023 10:55,18.44,34652.16,"","","",""
M1,3386,10/27/2023 11:00,18.62,48885.76,"","","",""
M1,3387,10/27/2023 11:05,18.74,17694.72,"","","",""
M1,3388,10/27/2023 11:10,18.62,13639.68,"","","",""
M1,3389,10/27/2023 11:15,18.7,39782.4,"","","",""
M1,3390,10/27/2023 11:20,18.74,34897.92,"","","",""
M1,3391,10/27/2023 11:25,18.83,38737.92,"","","",""
M1,3392,10/27/2023 11:30,18.83,44974.08,"","","",""
M1,3393,10/27/2023 11:35,18.87,54210.56,"","","",""
M1,3394,10/27/2023 11:40,19.09,51220.48,"","","",""
M1,3395,10/27/2023 11:45,19,35624.96,"","","",""
M1,3396,10/27/2023 11:50,19.09,58716.16,"","","",""
M1,3397,10/27/2023 11:55,19.39,61153.28,"","","",""
M1,3398,10/27/2023 12:00,19.52,60067.84,"","","",""
M1,3399,10/27/2023 12:05,19.9,44421.12,"","","",""
M1,3400,10/27/2023 12:10,19.73,68321.28,"","","",""
M1,3401,10/27/2023 12:15,20.46,85196.8,"","","",""
M1,3471,10/27/2023 18:05,19.35,134.92,"","","",""
M1,3472,10/27/2023 18:10,19.3,161.28,"","","",""
M1,3473,10/27/2023 18:15,19.3,41.56,"","","",""
M1,3474,10/27/2023 18:20,19.35,30.18,"","","",""
M1,3475,10/27/2023 18:25,19.3,9.8,"","","",""
M1,3476,10/27/2023 18:30,19.3,2.17,"","","",""
M1,3477,10/27/2023 18:35,19.26,0,"","","",""
M1,3478,10/27/2023 18:40,19.22,0,"","","",""
M1,3479,10/27/2023 18:45,19.17,0,"","","",""
M1,3480,10/27/2023 18:50,19.17,0,"","","",""
M1,3481,10/27/2023 18:55,19.17,0,"","","",""
M1,3482,10/27/2023 19:00,19.17,0,"","","",""
M1,3483,10/27/2023 19:05,19.13,0,"","","",""
M1,3484,10/27/2023 19:10,19.17,0,"","","",""
M1,3485,10/27/2023 19:15,19.13,0,"","","",""
M1,3486,10/27/2023 19:20,19.13,0,"","","",""
M1,3487,10/27/2023 19:25,19.05,0,"","","",""
M1,3488,10/27/2023 19:30,19.05,0,"","","",""
M1,3489,10/27/2023 19:35,19.05,0,"","","",""
M1,3490,10/27/2023 19:40,19,0,"","","",""
M1,3491,10/27/2023 19:45,19,0,"","","",""
M1,3492,10/27/2023 19:50,18.96,0,"","","",""
M1,3493,10/27/2023 19:55,19,0,"","","",""
M1,3494,10/27/2023 20:00,18.96,0,"","","",""
M1,3495,10/27/2023 20:05,19,0,"","","",""
M1,3496,10/27/2023 20:10,18.96,0,"","","",""
M1,3497,10/27/2023 20:15,18.92,0,"","","",""
M1,3498,10/27/2023 20:20,18.92,0,"","","",""
M1,3499,10/27/2023 20:25,18.92,0,"","","",""
M1,3500,10/27/2023 20:30,18.92,0,"","","",""
M1,3501,10/27/2023 20:35,18.87,0,"","","",""
M1,3502,10/27/2023 20:40,18.83,0,"","","",""
M1,3503,10/27/2023 20:45,18.79,0,"","","",""
M1,3504,10/27/2023 20:50,18.79,0,"","","",""
M1,3505,10/27/2023 20:55,18.7,0,"","","",""
M1,3506,10/27/2023 21:00,18.66,0,"","","",""
M1,3507,10/27/2023 21:05,18.74,0,"","","",""
M1,3508,10/27/2023 21:10,18.66,0,"","","",""
M1,3509,10/27/2023 21:15,18.57,0,"","","",""
M1,3510,10/27/2023 21:20,18.57,0,"","","",""
M1,3511,10/27/2023 21:25,18.53,0,"","","",""
M1,3512,10/27/2023 21:30,18.53,0,"","","",""
M1,3513,10/27/2023 21:35,18.49,0,"","","",""
M1,3514,10/27/2023 21:40,18.49,0,"","","",""
M1,3515,10/27/2023 21:45,18.49,0,"","","",""
M1,3516,10/27/2023 21:50,18.44,0,"","","",""
M1,3517,10/27/2023 21:55,18.44,0,"","","",""
M1,3518,10/27/2023 22:00,18.49,0,"","","",""
M1,3519,10/27/2023 22:05,18.53,0,"","","",""
M1,3520,10/27/2023 22:10,18.49,0,"","","",""
M1,3521,10/27/2023 22:15,18.49,0,"","","",""
M1,3522,10/27/2023 22:20,18.44,0,"","","",""
M1,3523,10/27/2023 22:25,18.49,0,"","","",""
M1,3524,10/27/2023 22:30,18.62,0,"","","",""
M1,3525,10/27/2023 22:35,18.49,0,"","","",""
M1,3526,10/27/2023 22:40,18.49,0,"","","",""
M1,3527,10/27/2023 22:45,18.49,0,"","","",""
M1,3528,10/27/2023 22:50,18.53,0,"","","",""
M1,3529,10/27/2023 22:55,18.49,0,"","","",""
M1,3530,10/27/2023 23:00,18.49,0,"","","",""
M1,3531,10/27/2023 23:05,18.49,0,"","","",""
M1,3532,10/27/2023 23:10,18.53,0,"","","",""
M1,3533,10/27/2023 23:15,18.57,0,"","","",""
M1,3534,10/27/2023 23:20,18.57,0,"","","",""
M1,3535,10/27/2023 23:25,18.62,0,"","","",""
M1,3536,10/27/2023 23:30,18.62,0,"","","",""
M1,3537,10/27/2023 23:35,18.66,0,"","","",""
M1,3538,10/27/2023 23:40,18.66,0,"","","",""
M1,3539,10/27/2023 23:45,18.7,0,"","","",""
M1,3540,10/27/2023 23:50,18.7,0,"","","",""
M1,3541,10/27/2023 23:55,18.74,0,"","","",""
M1,3542,10/28/2023 0:00,18.7,0,"","","",""
M1,3543,10/28/2023 0:05,18.7,0,"","","",""
M1,3544,10/28/2023 0:10,18.74,0,"","","",""
M1,3545,10/28/2023 0:15,18.74,0,"","","",""
M1,3546,10/28/2023 0:20,18.74,0,"","","",""
M1,3547,10/28/2023 0:25,18.74,0,"","","",""
M1,3604,10/28/2023 5:10,18.49,0,"","","",""
M1,3605,10/28/2023 5:15,18.44,0,"","","",""
M1,3606,10/28/2023 5:20,18.44,0,"","","",""
M1,3607,10/28/2023 5:25,18.44,0,"","","",""
M1,3608,10/28/2023 5:30,18.44,0,"","","",""
M1,3609,10/28/2023 5:35,18.44,0,"","","",""
M1,3610,10/28/2023 5:40,18.4,0,"","","",""
M1,3611,10/28/2023 5:45,18.49,0,"","","",""
M1,3612,10/28/2023 5:50,18.49,0,"","","",""
M1,3613,10/28/2023 5:55,18.44,0,"","","",""
M1,3614,10/28/2023 6:00,18.4,0,"","","",""
M1,3615,10/28/2023 6:05,18.44,0,"","","",""
M1,3616,10/28/2023 6:10,18.4,0,"","","",""
M1,3617,10/28/2023 6:15,18.49,0,"","","",""
M1,3618,10/28/2023 6:20,18.44,0,"","","",""
M1,3619,10/28/2023 6:25,18.49,0,"","","",""
M1,3620,10/28/2023 6:30,18.44,0,"","","",""
M1,3621,10/28/2023 6:35,18.4,0,"","","",""
M1,3622,10/28/2023 6:40,18.36,0.21,"","","",""
M1,3623,10/28/2023 6:45,18.36,1.52,"","","",""
M1,3624,10/28/2023 6:50,18.27,10.02,"","","",""
M1,3625,10/28/2023 6:55,18.23,30.62,"","","",""
M1,3626,10/28/2023 7:00,18.14,53.4,"","","",""
M1,3627,10/28/2023 7:05,18.1,101.56,"","","",""
M1,3628,10/28/2023 7:10,18.06,213.76,"","","",""
M1,3629,10/28/2023 7:15,17.97,396.64,"","","",""
M1,3630,10/28/2023 7:20,17.93,679.04,"","","",""
M1,3631,10/28/2023 7:25,17.93,747.2,"","","",""
M1,3632,10/28/2023 7:30,17.93,803.84,"","","",""
M1,3633,10/28/2023 7:35,17.97,979.84,"","","",""
M1,3634,10/28/2023 7:40,18.02,946.88,"","","",""
M1,3635,10/28/2023 7:45,18.02,1504,"","","",""
M1,3636,10/28/2023 7:50,18.02,1598.72,"","","",""
M1,3637,10/28/2023 7:55,18.06,2181.12,"","","",""
M1,3638,10/28/2023 8:00,18.06,2306.56,"","","",""
M1,3639,10/28/2023 8:05,18.06,2663.68,"","","",""
M1,3640,10/28/2023 8:10,18.06,2947.84,"","","",""
M1,3641,10/28/2023 8:15,18.02,3004.16,"","","",""
M1,3642,10/28/2023 8:20,18.02,2817.28,"","","",""
M1,3643,10/28/2023 8:25,17.93,5319.68,"","","",""
M1,3644,10/28/2023 8:30,17.84,3148.8,"","","",""
M1,3645,10/28/2023 8:35,17.67,5516.8,"","","",""
M1,3646,10/28/2023 8:40,17.54,4867.84,"","","",""
M1,3647,10/28/2023 8:45,17.59,4661.76,"","","",""
M1,3648,10/28/2023 8:50,17.46,6435.84,"","","",""
M1,3649,10/28/2023 8:55,17.46,5491.2,"","","",""
M1,3650,10/28/2023 9:00,17.37,7336.96,"","","",""
M1,3651,10/28/2023 9:05,17.33,9100.8,"","","",""
M1,3652,10/28/2023 9:10,17.24,9973.76,"","","",""
M1,3653,10/28/2023 9:15,17.16,7559.68,"","","",""
M1,3654,10/28/2023 9:20,17.07,8967.68,"","","",""
M1,3655,10/28/2023 9:25,17.03,10391.04,"","","",""
M1,3656,10/28/2023 9:30,16.99,21493.76,"","","",""
M1,3657,10/28/2023 9:35,16.94,11863.04,"","","",""
M1,3658,10/28/2023 9:40,16.99,14366.72,"","","",""
M1,3659,10/28/2023 9:45,16.86,9658.88,"","","",""
M1,3660,10/28/2023 9:50,16.86,15160.32,"","","",""
M1,3661,10/28/2023 9:55,16.86,14832.64,"","","",""
M1,3662,10/28/2023 10:00,16.9,17392.64,"","","",""
M1,3663,10/28/2023 10:05,16.94,14817.28,"","","",""
M1,3664,10/28/2023 10:10,16.94,19870.72,"","","",""
M1,3665,10/28/2023 10:15,17.03,28293.12,"","","",""
M1,3666,10/28/2023 10:20,17.07,22046.72,"","","",""
M1,3667,10/28/2023 10:25,17.16,24872.96,"","","",""
M1,3668,10/28/2023 10:30,17.33,24606.72,"","","",""
M1,3669,10/28/2023 10:35,17.37,29163.52,"","","",""
M1,3670,10/28/2023 10:40,17.46,31559.68,"","","",""
M1,3671,10/28/2023 10:45,17.54,38676.48,"","","",""
M1,3672,10/28/2023 10:50,17.59,29040.64,"","","",""
M1,3673,10/28/2023 10:55,17.67,32675.84,"","","",""
M1,3674,10/28/2023 11:00,17.72,35696.64,"","","",""
M1,3675,10/28/2023 11:05,17.76,26368,"","","",""
M1,3676,10/28/2023 11:10,17.84,34252.8,"","","",""
M1,3677,10/28/2023 11:15,17.84,28610.56,"","","",""
M1,3678,10/28/2023 11:20,17.84,39014.4,"","","",""
M1,3679,10/28/2023 11:25,17.93,41492.48,"","","",""
M1,3680,10/28/2023 11:30,17.89,39782.4,"","","",""
M1,3681,10/28/2023 11:35,17.8,17290.24,"","","",""
M1,3682,10/28/2023 11:40,17.93,38236.16,"","","",""
M1,3683,10/28/2023 11:45,17.89,27299.84,"","","",""
M1,3684,10/28/2023 11:50,17.93,40642.56,"","","",""
M1,3685,10/28/2023 11:55,17.89,23756.8,"","","",""
M1,3686,10/28/2023 12:00,17.93,27699.2,"","","",""
M1,3687,10/28/2023 12:05,17.97,27422.72,"","","",""
M1,3688,10/28/2023 12:10,18.06,19281.92,"","","",""
M1,3689,10/28/2023 12:15,18.1,7587.84,"","","",""
M1,3690,10/28/2023 12:20,18.14,14039.04,"","","",""
M1,3691,10/28/2023 12:25,18.19,15237.12,"","","",""
M1,3692,10/28/2023 12:30,18.32,4421.12,"","","",""
M1,3693,10/28/2023 12:35,18.49,18795.52,"","","",""
M1,3694,10/28/2023 12:40,18.66,56852.48,"","","",""
M1,3695,10/28/2023 12:45,18.79,16624.64,"","","",""
M1,3772,10/28/2023 19:10,18.66,0,"","","",""
M1,3773,10/28/2023 19:15,18.66,0,"","","",""
M1,3774,10/28/2023 19:20,18.62,0,"","","",""
M1,3775,10/28/2023 19:25,18.62,0,"","","",""
M1,3776,10/28/2023 19:30,18.62,0,"","","",""
M1,3777,10/28/2023 19:35,18.57,0,"","","",""
M1,3778,10/28/2023 19:40,18.49,0,"","","",""
M1,3779,10/28/2023 19:45,18.44,0,"","","",""
M1,3780,10/28/2023 19:50,18.4,0,"","","",""
M1,3781,10/28/2023 19:55,18.36,0,"","","",""
M1,3782,10/28/2023 20:00,18.36,0,"","","",""
M1,3783,10/28/2023 20:05,18.23,0,"","","",""
M1,3784,10/28/2023 20:10,18.27,0,"","","",""
M1,3785,10/28/2023 20:15,18.23,0,"","","",""
M1,3786,10/28/2023 20:20,18.23,0,"","","",""
M1,3787,10/28/2023 20:25,18.06,0,"","","",""
M1,3788,10/28/2023 20:30,18.02,0,"","","",""
M1,3789,10/28/2023 20:35,18.02,0,"","","",""
M1,3790,10/28/2023 20:40,18.02,0,"","","",""
M1,3791,10/28/2023 20:45,17.97,0,"","","",""
M1,3792,10/28/2023 20:50,17.93,0,"","","",""
M1,3793,10/28/2023 20:55,18.02,0,"","","",""
M1,3794,10/28/2023 21:00,17.93,0,"","","",""
M1,3795,10/28/2023 21:05,17.93,0,"","","",""
M1,3796,10/28/2023 21:10,18.06,0,"","","",""
M1,3797,10/28/2023 21:15,18.06,0,"","","",""
M1,3798,10/28/2023 21:20,17.97,0,"","","",""
M1,3799,10/28/2023 21:25,18.02,0,"","","",""
M1,3800,10/28/2023 21:30,17.93,0,"","","",""
M1,3801,10/28/2023 21:35,17.97,0,"","","",""
M1,3802,10/28/2023 21:40,17.93,0,"","","",""
M1,3803,10/28/2023 21:45,17.93,0,"","","",""
M1,3804,10/28/2023 21:50,17.97,0,"","","",""
M1,3805,10/28/2023 21:55,17.93,0,"","","",""
M1,3806,10/28/2023 22:00,17.89,0,"","","",""
M1,3807,10/28/2023 22:05,17.89,0,"","","",""
M1,3808,10/28/2023 22:10,17.84,0,"","","",""
M1,3809,10/28/2023 22:15,17.8,0,"","","",""
M1,3810,10/28/2023 22:20,17.76,0,"","","",""
M1,3811,10/28/2023 22:25,17.72,0,"","","",""
M1,3812,10/28/2023 22:30,17.72,0,"","","",""
M1,3813,10/28/2023 22:35,17.63,0,"","","",""
M1,3814,10/28/2023 22:40,17.67,0,"","","",""
M1,3815,10/28/2023 22:45,17.63,0,"","","",""
M1,3816,10/28/2023 22:50,17.67,0,"","","",""
M1,3817,10/28/2023 22:55,17.67,0,"","","",""
M1,3818,10/28/2023 23:00,17.67,0,"","","",""
M1,3819,10/28/2023 23:05,17.67,0,"","","",""
M1,3820,10/28/2023 23:10,17.63,0,"","","",""
M1,3821,10/28/2023 23:15,17.67,0,"","","",""
M1,3822,10/28/2023 23:20,17.63,0,"","","",""
M1,3823,10/28/2023 23:25,17.67,0,"","","",""
M1,3824,10/28/2023 23:30,17.63,0,"","","",""
M1,3825,10/28/2023 23:35,17.63,0,"","","",""
M1,3826,10/28/2023 23:40,17.59,0,"","","",""
M1,3827,10/28/2023 23:45,17.59,0,"","","",""
M1,3828,10/28/2023 23:50,17.59,0,"","","",""
M1,3829,10/28/2023 23:55,17.54,0,"","","",""
M1,3830,10/29/2023 0:00,17.59,0,"","","",""
M1,3831,10/29/2023 0:05,17.54,0,"","","",""
M1,3832,10/29/2023 0:10,17.54,0,"","","",""
M1,3833,10/29/2023 0:15,17.5,0,"","","",""
M1,3834,10/29/2023 0:20,17.5,0,"","","",""
M1,3835,10/29/2023 0:25,17.5,0,"","","",""
M1,3836,10/29/2023 0:30,17.46,0,"","","",""
M1,3837,10/29/2023 0:35,17.5,0,"","","",""
M1,3838,10/29/2023 0:40,17.54,0,"","","",""
M1,3839,10/29/2023 0:45,17.46,0,"","","",""
M1,3840,10/29/2023 0:50,17.5,0,"","","",""
M1,3841,10/29/2023 0:55,17.54,0,"","","",""
M1,3842,10/29/2023 1:00,17.54,0,"","","",""
M1,3843,10/29/2023 1:05,17.46,0,"","","",""
M1,3844,10/29/2023 1:10,17.46,0,"","","",""
M1,3845,10/29/2023 1:15,17.46,0,"","","",""
M1,3846,10/29/2023 1:20,17.37,0,"","","",""
M1,3894,10/29/2023 5:20,17.29,0,"","","",""
M1,3895,10/29/2023 5:25,17.24,0,"","","",""
M1,3896,10/29/2023 5:30,17.29,0,"","","",""
M1,3897,10/29/2023 5:35,17.29,0,"","","",""
M1,3898,10/29/2023 5:40,17.29,0,"","","",""
M1,3899,10/29/2023 5:45,17.24,0,"","","",""
M1,3900,10/29/2023 5:50,17.24,0,"","","",""
M1,3901,10/29/2023 5:55,17.29,0,"","","",""
M1,3902,10/29/2023 6:00,17.29,0,"","","",""
M1,3903,10/29/2023 6:05,17.33,0,"","","",""
M1,3904,10/29/2023 6:10,17.29,0,"","","",""
M1,3905,10/29/2023 6:15,17.33,0,"","","",""
M1,3906,10/29/2023 6:20,17.29,0,"","","",""
M1,3907,10/29/2023 6:25,17.29,0,"","","",""
M1,3908,10/29/2023 6:30,17.33,0,"","","",""
M1,3909,10/29/2023 6:35,17.33,0,"","","",""
M1,3910,10/29/2023 6:40,17.29,0.21,"","","",""
M1,3911,10/29/2023 6:45,17.29,2.61,"","","",""
M1,3912,10/29/2023 6:50,17.37,8.28,"","","",""
M1,3913,10/29/2023 6:55,17.37,22.53,"","","",""
M1,3914,10/29/2023 7:00,17.41,57.8,"","","",""
M1,3915,10/29/2023 7:05,17.46,174.48,"","","",""
M1,3916,10/29/2023 7:10,17.5,189.92,"","","",""
M1,3917,10/29/2023 7:15,17.54,436.32,"","","",""
M1,3918,10/29/2023 7:20,17.63,709.44,"","","",""
M1,3919,10/29/2023 7:25,17.63,1088,"","","",""
M1,3920,10/29/2023 7:30,17.63,1415.04,"","","",""
M1,3921,10/29/2023 7:35,17.67,1740.8,"","","",""
M1,3922,10/29/2023 7:40,17.63,1841.28,"","","",""
M1,3923,10/29/2023 7:45,17.72,2500.48,"","","",""
M1,3924,10/29/2023 7:50,17.67,2662.4,"","","",""
M1,3925,10/29/2023 7:55,17.72,3196.16,"","","",""
M1,3926,10/29/2023 8:00,17.67,3985.92,"","","",""
M1,3927,10/29/2023 8:05,17.72,3842.56,"","","",""
M1,3928,10/29/2023 8:10,17.72,4028.16,"","","",""
M1,3929,10/29/2023 8:15,17.67,3333.12,"","","",""
M1,3930,10/29/2023 8:20,17.72,5463.04,"","","",""
M1,3931,10/29/2023 8:25,17.67,6650.88,"","","",""
M1,3932,10/29/2023 8:30,17.63,8558.08,"","","",""
M1,3933,10/29/2023 8:35,17.54,6028.8,"","","",""
M1,3934,10/29/2023 8:40,17.63,7009.28,"","","",""
M1,3935,10/29/2023 8:45,17.54,7854.08,"","","",""
M1,3936,10/29/2023 8:50,17.5,4501.76,"","","",""
M1,3937,10/29/2023 8:55,17.41,8732.16,"","","",""
M1,3938,10/29/2023 9:00,17.41,8486.4,"","","",""
M1,3939,10/29/2023 9:05,17.37,9896.96,"","","",""
M1,3940,10/29/2023 9:10,17.24,9213.44,"","","",""
M1,3941,10/29/2023 9:15,17.29,12344.32,"","","",""
M1,3942,10/29/2023 9:20,17.29,10900.48,"","","",""
M1,3943,10/29/2023 9:25,17.2,14853.12,"","","",""
M1,3944,10/29/2023 9:30,17.11,16906.24,"","","",""
M1,3945,10/29/2023 9:35,17.16,12359.68,"","","",""
M1,3946,10/29/2023 9:40,17.11,15595.52,"","","",""
M1,3947,10/29/2023 9:45,17.07,18657.28,"","","",""
M1,3948,10/29/2023 9:50,17.03,27842.56,"","","",""
M1,3949,10/29/2023 9:55,16.9,12743.68,"","","",""
M1,3950,10/29/2023 10:00,16.99,21309.44,"","","",""
M1,3951,10/29/2023 10:05,16.9,19481.6,"","","",""
M1,3952,10/29/2023 10:10,16.86,17950.72,"","","",""
M1,3953,10/29/2023 10:15,16.86,21647.36,"","","",""
M1,3954,10/29/2023 10:20,16.73,23971.84,"","","",""
M1,3955,10/29/2023 10:25,16.64,19988.48,"","","",""
M1,3956,10/29/2023 10:30,16.69,26992.64,"","","",""
M1,3957,10/29/2023 10:35,16.73,37273.6,"","","",""
M1,3958,10/29/2023 10:40,16.64,29552.64,"","","",""
M1,3959,10/29/2023 10:45,16.6,25989.12,"","","",""
M1,3960,10/29/2023 10:50,16.56,22691.84,"","","",""
M1,3961,10/29/2023 10:55,16.64,24207.36,"","","",""
M1,3962,10/29/2023 11:00,16.6,32890.88,"","","",""
M1,3963,10/29/2023 11:05,16.69,25425.92,"","","",""
M1,3964,10/29/2023 11:10,16.77,45424.64,"","","",""
M1,3965,10/29/2023 11:15,16.86,43458.56,"","","",""
M1,3966,10/29/2023 11:20,17.03,39362.56,"","","",""
M1,3967,10/29/2023 11:25,17.2,24780.8,"","","",""
M1,3968,10/29/2023 11:30,17.24,51793.92,"","","",""
M1,3969,10/29/2023 11:35,17.37,56729.6,"","","",""
M1,3970,10/29/2023 11:40,17.54,34232.32,"","","",""
M1,3971,10/29/2023 11:45,17.63,36823.04,"","","",""
M1,3972,10/29/2023 11:50,17.67,54108.16,"","","",""
M1,3973,10/29/2023 11:55,17.76,59719.68,"","","",""
M1,3974,10/29/2023 12:00,17.84,35747.84,"","","",""
M1,3975,10/29/2023 12:05,17.97,66191.36,"","","",""
M1,3976,10/29/2023 12:10,18.1,51097.6,"","","",""
M1,3977,10/29/2023 12:15,18.1,49786.88,"","","",""
M1,3978,10/29/2023 12:20,18.06,43622.4,"","","",""
M1,3979,10/29/2023 12:25,18.14,83722.24,"","","",""
M1,3980,10/29/2023 12:30,18.1,23531.52,"","","",""
M1,3981,10/29/2023 12:35,18.1,17556.48,"","","",""
M1,3982,10/29/2023 12:40,18.23,21647.36,"","","",""
M1,3983,10/29/2023 12:45,18.19,17198.08,"","","",""
M1,3984,10/29/2023 12:50,18.23,33751.04,"","","",""
M1,3985,10/29/2023 12:55,18.32,45322.24,"","","",""
M1,3986,10/29/2023 13:00,18.32,32389.12,"","","",""
M1,3987,10/29/2023 13:05,18.44,37662.72,"","","",""
M1,3988,10/29/2023 13:10,18.49,38973.44,"","","",""
M1,3989,10/29/2023 13:15,18.53,19159.04,"","","",""
M1,3990,10/29/2023 13:20,18.57,31283.2,"","","",""
M1,4072,10/29/2023 20:10,17.59,0,"","","",""
M1,4073,10/29/2023 20:15,17.63,0,"","","",""
M1,4074,10/29/2023 20:20,17.59,0,"","","",""
M1,4075,10/29/2023 20:25,17.63,0,"","","",""
M1,4076,10/29/2023 20:30,17.63,0,"","","",""
M1,4077,10/29/2023 20:35,17.63,0,"","","",""
M1,4078,10/29/2023 20:40,17.59,0,"","","",""
M1,4079,10/29/2023 20:45,17.63,0,"","","",""
M1,4080,10/29/2023 20:50,17.59,0,"","","",""
M1,4081,10/29/2023 20:55,17.59,0,"","","",""
M1,4082,10/29/2023 21:00,17.59,0,"","","",""
M1,4083,10/29/2023 21:05,17.59,0,"","","",""
M1,4084,10/29/2023 21:10,17.59,0,"","","",""
M1,4085,10/29/2023 21:15,17.59,0,"","","",""
M1,4086,10/29/2023 21:20,17.59,0,"","","",""
M1,4087,10/29/2023 21:25,17.63,0,"","","",""
M1,4088,10/29/2023 21:30,17.54,0,"","","",""
M1,4089,10/29/2023 21:35,17.54,0,"","","",""
M1,4090,10/29/2023 21:40,17.54,0,"","","",""
M1,4091,10/29/2023 21:45,17.59,0,"","","",""
M1,4092,10/29/2023 21:50,17.63,0,"","","",""
M1,4093,10/29/2023 21:55,17.59,0,"","","",""
M1,4094,10/29/2023 22:00,17.59,0,"","","",""
M1,4095,10/29/2023 22:05,17.63,0,"","","",""
M1,4096,10/29/2023 22:10,17.59,0,"","","",""
M1,4097,10/29/2023 22:15,17.63,0,"","","",""
M1,4098,10/29/2023 22:20,17.63,0,"","","",""
M1,4099,10/29/2023 22:25,17.67,0,"","","",""
M1,4100,10/29/2023 22:30,17.63,0,"","","",""
M1,4101,10/29/2023 22:35,17.54,0,"","","",""
M1,4102,10/29/2023 22:40,17.59,0,"","","",""
M1,4103,10/29/2023 22:45,17.54,0,"","","",""
M1,4104,10/29/2023 22:50,17.5,0,"","","",""
M1,4105,10/29/2023 22:55,17.37,0,"","","",""
M1,4106,10/29/2023 23:00,17.24,0,"","","",""
M1,4107,10/29/2023 23:05,17.11,0,"","","",""
M1,4108,10/29/2023 23:10,17.03,0,"","","",""
M1,4109,10/29/2023 23:15,16.94,0,"","","",""
M1,4110,10/29/2023 23:20,16.9,0,"","","",""
M1,4111,10/29/2023 23:25,16.9,0,"","","",""
M1,4112,10/29/2023 23:30,16.9,0,"","","",""
M1,4113,10/29/2023 23:35,16.94,0,"","","",""
M1,4114,10/29/2023 23:40,16.99,0,"","","",""
M1,4115,10/29/2023 23:45,17.07,0,"","","",""
M1,4116,10/29/2023 23:50,17.07,0,"","","",""
M1,4117,10/29/2023 23:55,17.16,0,"","","",""
M1,4118,10/30/2023 0:00,17.2,0,"","","",""
M1,4119,10/30/2023 0:05,17.24,0,"","","",""
M1,4120,10/30/2023 0:10,17.24,0,"","","",""
M1,4121,10/30/2023 0:15,17.29,0,"","","",""
M1,4122,10/30/2023 0:20,17.33,0,"","","",""
M1,4123,10/30/2023 0:25,17.33,0,"","","",""
M1,4124,10/30/2023 0:30,17.37,0,"","","",""
M1,4125,10/30/2023 0:35,17.37,0,"","","",""
M1,4126,10/30/2023 0:40,17.41,0,"","","",""
M1,4127,10/30/2023 0:45,17.37,0,"","","",""
M1,4128,10/30/2023 0:50,17.41,0,"","","",""
M1,4129,10/30/2023 0:55,17.37,0,"","","",""
M1,4130,10/30/2023 1:00,17.37,0,"","","",""
M1,4131,10/30/2023 1:05,17.37,0,"","","",""
M1,4132,10/30/2023 1:10,17.41,0,"","","",""
M1,4133,10/30/2023 1:15,17.37,0.21,"","","",""
M1,4134,10/30/2023 1:20,17.46,0,"","","",""
M1,4135,10/30/2023 1:25,17.41,0,"","","",""
M1,4136,10/30/2023 1:30,17.46,0,"","","",""
M1,4137,10/30/2023 1:35,17.41,0,"","","",""
M1,4138,10/30/2023 1:40,17.41,0,"","","",""
M1,4139,10/30/2023 1:45,17.41,0,"","","",""
M1,4140,10/30/2023 1:50,17.37,0,"","","",""
M1,4141,10/30/2023 1:55,17.37,0,"","","",""
M1,4142,10/30/2023 2:00,17.33,0,"","","",""
M1,4143,10/30/2023 2:05,17.29,0,"","","",""
M1,4144,10/30/2023 2:10,17.2,0,"","","",""
M1,4145,10/30/2023 2:15,17.24,0,"","","",""
M1,4146,10/30/2023 2:20,17.2,0,"","","",""
M1,4183,10/30/2023 5:25,16.86,0,"","","",""
M1,4184,10/30/2023 5:30,16.9,0,"","","",""
M1,4185,10/30/2023 5:35,16.77,0,"","","",""
M1,4186,10/30/2023 5:40,16.81,0,"","","",""
M1,4187,10/30/2023 5:45,16.81,0,"","","",""
M1,4188,10/30/2023 5:50,16.86,0,"","","",""
M1,4189,10/30/2023 5:55,16.94,0,"","","",""
M1,4190,10/30/2023 6:00,16.94,0,"","","",""
M1,4191,10/30/2023 6:05,16.94,0,"","","",""
M1,4192,10/30/2023 6:10,16.99,0,"","","",""
M1,4193,10/30/2023 6:15,16.94,0,"","","",""
M1,4194,10/30/2023 6:20,16.99,0,"","","",""
M1,4195,10/30/2023 6:25,16.99,0,"","","",""
M1,4196,10/30/2023 6:30,17.03,0,"","","",""
M1,4197,10/30/2023 6:35,17.03,0,"","","",""
M1,4198,10/30/2023 6:40,17.03,0,"","","",""
M1,4199,10/30/2023 6:45,17.11,1.52,"","","",""
M1,4200,10/30/2023 6:50,17.11,6.97,"","","",""
M1,4201,10/30/2023 6:55,17.16,22.96,"","","",""
M1,4202,10/30/2023 7:00,17.16,31.49,"","","",""
M1,4203,10/30/2023 7:05,17.29,136.64,"","","",""
M1,4204,10/30/2023 7:10,17.24,257.6,"","","",""
M1,4205,10/30/2023 7:15,17.37,419.68,"","","",""
M1,4206,10/30/2023 7:20,17.46,735.68,"","","",""
M1,4207,10/30/2023 7:25,17.54,827.2,"","","",""
M1,4208,10/30/2023 7:30,17.54,1358.72,"","","",""
M1,4209,10/30/2023 7:35,17.63,1364.48,"","","",""
M1,4210,10/30/2023 7:40,17.72,2111.36,"","","",""
M1,4211,10/30/2023 7:45,17.76,2880,"","","",""
M1,4212,10/30/2023 7:50,17.8,4000,"","","",""
M1,4213,10/30/2023 7:55,17.89,3527.68,"","","",""
M1,4214,10/30/2023 8:00,17.89,3769.6,"","","",""
M1,4215,10/30/2023 8:05,17.93,5972.48,"","","",""
M1,4216,10/30/2023 8:10,17.93,4871.68,"","","",""
M1,4217,10/30/2023 8:15,17.97,5021.44,"","","",""
M1,4218,10/30/2023 8:20,18.02,7523.84,"","","",""
M1,4219,10/30/2023 8:25,18.02,5265.92,"","","",""
M1,4220,10/30/2023 8:30,18.06,7575.04,"","","",""
M1,4221,10/30/2023 8:35,18.06,9254.4,"","","",""
M1,4222,10/30/2023 8:40,18.1,11883.52,"","","",""
M1,4223,10/30/2023 8:45,18.1,13132.8,"","","",""
M1,4224,10/30/2023 8:50,18.1,10496,"","","",""
M1,4225,10/30/2023 8:55,18.14,11735.04,"","","",""
M1,4226,10/30/2023 9:00,18.14,15636.48,"","","",""
M1,4227,10/30/2023 9:05,18.14,14904.32,"","","",""
M1,4228,10/30/2023 9:10,18.14,16440.32,"","","",""
M1,4229,10/30/2023 9:15,18.23,13465.6,"","","",""
M1,4230,10/30/2023 9:20,18.27,18984.96,"","","",""
M1,4231,10/30/2023 9:25,18.27,12288,"","","",""
M1,4232,10/30/2023 9:30,18.23,10196.48,"","","",""
M1,4233,10/30/2023 9:35,18.27,18974.72,"","","",""
M1,4234,10/30/2023 9:40,18.32,31385.6,"","","",""
M1,4235,10/30/2023 9:45,18.36,28968.96,"","","",""
M1,4236,10/30/2023 9:50,18.27,19118.08,"","","",""
M1,4237,10/30/2023 9:55,18.36,35563.52,"","","",""
M1,4238,10/30/2023 10:00,18.32,28221.44,"","","",""
M1,4239,10/30/2023 10:05,18.36,32901.12,"","","",""
M1,4240,10/30/2023 10:10,18.32,21964.8,"","","",""
M1,4241,10/30/2023 10:15,18.4,26050.56,"","","",""
M1,4242,10/30/2023 10:20,18.44,37079.04,"","","",""
M1,4243,10/30/2023 10:25,18.4,29306.88,"","","",""
M1,4244,10/30/2023 10:30,18.4,33280,"","","",""
M1,4245,10/30/2023 10:35,18.49,29399.04,"","","",""
M1,4246,10/30/2023 10:40,18.49,37754.88,"","","",""
M1,4247,10/30/2023 10:45,18.53,29009.92,"","","",""
M1,4248,10/30/2023 10:50,18.53,23152.64,"","","",""
M1,4249,10/30/2023 10:55,18.53,49479.68,"","","",""
M1,4250,10/30/2023 11:00,18.49,44441.6,"","","",""
M1,4251,10/30/2023 11:05,18.62,29399.04,"","","",""
M1,4252,10/30/2023 11:10,18.66,40130.56,"","","",""
M1,4253,10/30/2023 11:15,18.66,49172.48,"","","",""
M1,4254,10/30/2023 11:20,18.66,74403.84,"","","",""
M1,4255,10/30/2023 11:25,18.7,50995.2,"","","",""
M1,4256,10/30/2023 11:30,18.74,30904.32,"","","",""
M1,4257,10/30/2023 11:35,18.79,29337.6,"","","",""
M1,4258,10/30/2023 11:40,18.79,83333.12,"","","",""
M1,4259,10/30/2023 11:45,18.87,45404.16,"","","",""
M1,4260,10/30/2023 11:50,18.92,41902.08,"","","",""
M1,4261,10/30/2023 11:55,18.87,51527.68,"","","",""
M1,4262,10/30/2023 12:00,18.96,92078.08,"","","",""
M1,4263,10/30/2023 12:05,18.92,32133.12,"","","",""
M1,4264,10/30/2023 12:10,18.96,86630.4,"","","",""
M1,4265,10/30/2023 12:15,18.96,56586.24,"","","",""
M1,4266,10/30/2023 12:20,18.96,60641.28,"","","",""
M1,4267,10/30/2023 12:25,19,50544.64,"","","",""
M1,4268,10/30/2023 12:30,19.09,35860.48,"","","",""
M1,4269,10/30/2023 12:35,19.09,40642.56,"","","",""
M1,4270,10/30/2023 12:40,19.09,83415.04,"","","",""
M1,4271,10/30/2023 12:45,19.05,20336.64,"","","",""
M1,4272,10/30/2023 12:50,19.09,38973.44,"","","",""
M1,4273,10/30/2023 12:55,19.13,20833.28,"","","",""
M1,4274,10/30/2023 13:00,19.22,38891.52,"","","",""
M1,4275,10/30/2023 13:05,19.22,101416.96,"","","",""
M1,4276,10/30/2023 13:10,19.13,18693.12,"","","",""
M1,4277,10/30/2023 13:15,19.22,58613.76,"","","",""
M1,4278,10/30/2023 13:20,19.3,59678.72,"","","",""
M1,4279,10/30/2023 13:25,19.3,42844.16,"","","",""
M1,4280,10/30/2023 13:30,19.35,19471.36,"","","",""
M1,4281,10/30/2023 13:35,19.39,37130.24,"","","",""
M1,4282,10/30/2023 13:40,19.47,34539.52,"","","",""
M1,4283,10/30/2023 13:45,19.56,25661.44,"","","",""
M1,4284,10/30/2023 13:50,19.73,27822.08,"","","",""
M1,4285,10/30/2023 13:55,19.56,29470.72,"","","",""
M1,4286,10/30/2023 14:00,19.9,82042.88,"","","",""
M1,4372,10/30/2023 21:10,17.5,0,"","","",""
M1,4373,10/30/2023 21:15,17.59,0,"","","",""
M1,4374,10/30/2023 21:20,17.72,0,"","","",""
M1,4375,10/30/2023 21:25,17.67,0,"","","",""
M1,4376,10/30/2023 21:30,17.72,0,"","","",""
M1,4377,10/30/2023 21:35,17.67,0,"","","",""
M1,4378,10/30/2023 21:40,17.63,0,"","","",""
M1,4379,10/30/2023 21:45,17.63,0,"","","",""
M1,4380,10/30/2023 21:50,17.72,0,"","","",""
M1,4381,10/30/2023 21:55,17.72,0,"","","",""
M1,4382,10/30/2023 22:00,17.72,0,"","","",""
M1,4383,10/30/2023 22:05,17.72,0,"","","",""
M1,4384,10/30/2023 22:10,17.72,0,"","","",""
M1,4385,10/30/2023 22:15,17.72,0,"","","",""
M1,4386,10/30/2023 22:20,17.67,0,"","","",""
M1,4387,10/30/2023 22:25,17.72,0,"","","",""
M1,4388,10/30/2023 22:30,17.76,0,"","","",""
M1,4389,10/30/2023 22:35,17.76,0,"","","",""
M1,4390,10/30/2023 22:40,17.76,0,"","","",""
M1,4391,10/30/2023 22:45,17.8,0,"","","",""
M1,4392,10/30/2023 22:50,17.8,0,"","","",""
M1,4393,10/30/2023 22:55,17.8,0,"","","",""
M1,4394,10/30/2023 23:00,17.84,0,"","","",""
M1,4395,10/30/2023 23:05,17.84,0,"","","",""
M1,4396,10/30/2023 23:10,17.89,0,"","","",""
M1,4397,10/30/2023 23:15,17.89,0,"","","",""
M1,4398,10/30/2023 23:20,17.89,0,"","","",""
M1,4399,10/30/2023 23:25,17.89,0,"","","",""
M1,4400,10/30/2023 23:30,17.89,0,"","","",""
M1,4401,10/30/2023 23:35,17.93,0,"","","",""
M1,4402,10/30/2023 23:40,17.89,0,"","","",""
M1,4403,10/30/2023 23:45,17.93,0,"","","",""
M1,4404,10/30/2023 23:50,17.93,0,"","","",""
M1,4405,10/30/2023 23:55,17.93,0,"","","",""
M1,4406,10/31/2023 0:00,17.89,0,"","","",""
M1,4407,10/31/2023 0:05,17.93,0,"","","",""
M1,4408,10/31/2023 0:10,17.93,0,"","","",""
M1,4409,10/31/2023 0:15,17.93,0,"","","",""
M1,4410,10/31/2023 0:20,17.89,0,"","","",""
M1,4411,10/31/2023 0:25,17.93,0,"","","",""
M1,4412,10/31/2023 0:30,17.93,0,"","","",""
M1,4413,10/31/2023 0:35,17.89,0,"","","",""
M1,4414,10/31/2023 0:40,17.84,0,"","","",""
M1,4415,10/31/2023 0:45,17.89,0,"","","",""
M1,4416,10/31/2023 0:50,17.89,0,"","","",""
M1,4417,10/31/2023 0:55,17.89,0,"","","",""
M1,4418,10/31/2023 1:00,17.89,0,"","","",""
M1,4419,10/31/2023 1:05,17.84,0,"","","",""
M1,4420,10/31/2023 1:10,17.84,0,"","","",""
M1,4421,10/31/2023 1:15,17.84,0,"","","",""
M1,4422,10/31/2023 1:20,17.89,0,"","","",""
M1,4423,10/31/2023 1:25,17.84,0,"","","",""
M1,4424,10/31/2023 1:30,17.8,0,"","","",""
M1,4425,10/31/2023 1:35,17.76,0,"","","",""
M1,4426,10/31/2023 1:40,17.76,0,"","","",""
M1,4427,10/31/2023 1:45,17.76,0,"","","",""
M1,4428,10/31/2023 1:50,17.72,0,"","","",""
M1,4429,10/31/2023 1:55,17.67,0,"","","",""
M1,4430,10/31/2023 2:00,17.67,0,"","","",""
M1,4431,10/31/2023 2:05,17.67,0,"","","",""
M1,4432,10/31/2023 2:10,17.63,0,"","","",""
M1,4433,10/31/2023 2:15,17.63,0,"","","",""
M1,4434,10/31/2023 2:20,17.59,0,"","","",""
M1,4435,10/31/2023 2:25,17.5,0,"","","",""
M1,4436,10/31/2023 2:30,17.59,0,"","","",""
M1,4437,10/31/2023 2:35,17.54,0,"","","",""
M1,4438,10/31/2023 2:40,17.54,0,"","","",""
M1,4439,10/31/2023 2:45,17.54,0,"","","",""
M1,4440,10/31/2023 2:50,17.54,0,"","","",""
M1,4441,10/31/2023 2:55,17.46,0,"","","",""
M1,4442,10/31/2023 3:00,17.46,0,"","","",""
M1,4443,10/31/2023 3:05,17.37,0,"","","",""
M1,4444,10/31/2023 3:10,17.37,0,"","","",""
M1,4445,10/31/2023 3:15,17.33,0,"","","",""
M1,4446,10/31/2023 3:20,17.37,0,"","","",""
M1,4447,10/31/2023 3:25,17.37,0,"","","",""
M1,4448,10/31/2023 3:30,17.33,0,"","","",""
M1,4449,10/31/2023 3:35,17.29,0,"","","",""
M1,4450,10/31/2023 3:40,17.24,0,"","","",""
M1,4451,10/31/2023 3:45,17.24,0,"","","",""
M1,4452,10/31/2023 3:50,17.24,0,"","","",""
M1,4453,10/31/2023 3:55,17.2,0,"","","",""
M1,4454,10/31/2023 4:00,17.2,0,"","","",""
M1,4455,10/31/2023 4:05,17.16,0,"","","",""
M1,4456,10/31/2023 4:10,17.03,0,"","","",""
M1,4457,10/31/2023 4:15,16.99,0,"","","",""
M1,4458,10/31/2023 4:20,17.03,0,"","","",""
M1,4459,10/31/2023 4:25,16.99,0,"","","",""
M1,4464,10/31/2023 4:50,16.81,0,"","","",""
M1,4465,10/31/2023 4:55,16.9,0,"","","",""
M1,4466,10/31/2023 5:00,16.9,0,"","","",""
M1,4467,10/31/2023 5:05,16.94,0,"","","",""
M1,4468,10/31/2023 5:10,16.94,0,"","","",""
M1,4469,10/31/2023 5:15,16.94,0,"","","",""
M1,4470,10/31/2023 5:20,17.07,0,"","","",""
M1,4471,10/31/2023 5:25,17.03,0,"","","",""
M1,4472,10/31/2023 5:30,16.99,0,"","","",""
M1,4473,10/31/2023 5:35,16.99,0,"","","",""
M1,4474,10/31/2023 5:40,16.94,0,"","","",""
M1,4475,10/31/2023 5:45,16.99,0,"","","",""
M1,4476,10/31/2023 5:50,16.99,0,"","","",""
M1,4477,10/31/2023 5:55,16.99,0,"","","",""
M1,4478,10/31/2023 6:00,16.99,0,"","","",""
M1,4479,10/31/2023 6:05,16.99,0,"","","",""
M1,4480,10/31/2023 6:10,16.99,0,"","","",""
M1,4481,10/31/2023 6:15,16.94,0,"","","",""
M1,4482,10/31/2023 6:20,16.99,0,"","","",""
M1,4483,10/31/2023 6:25,16.99,0,"","","",""
M1,4484,10/31/2023 6:30,16.94,0,"","","",""
M1,4485,10/31/2023 6:35,16.94,0,"","","",""
M1,4486,10/31/2023 6:40,16.94,0,"","","",""
M1,4487,10/31/2023 6:45,16.99,1.08,"","","",""
M1,4488,10/31/2023 6:50,16.99,2.39,"","","",""
M1,4489,10/31/2023 6:55,16.99,17.05,"","","",""
M1,4490,10/31/2023 7:00,17.03,40.7,"","","",""
M1,4491,10/31/2023 7:05,17.03,78.4,"","","",""
M1,4492,10/31/2023 7:10,17.07,55.14,"","","",""
M1,4493,10/31/2023 7:15,17.11,432,"","","",""
M1,4494,10/31/2023 7:20,17.16,738.88,"","","",""
M1,4495,10/31/2023 7:25,17.2,443.36,"","","",""
M1,4496,10/31/2023 7:30,17.24,1240.64,"","","",""
M1,4497,10/31/2023 7:35,17.29,1591.04,"","","",""
M1,4498,10/31/2023 7:40,17.33,1938.56,"","","",""
M1,4499,10/31/2023 7:45,17.41,1950.72,"","","",""
M1,4500,10/31/2023 7:50,17.41,2582.4,"","","",""
M1,4501,10/31/2023 7:55,17.41,3322.88,"","","",""
M1,4502,10/31/2023 8:00,17.5,4421.12,"","","",""
M1,4503,10/31/2023 8:05,17.5,4732.16,"","","",""
M1,4504,10/31/2023 8:10,17.54,5070.08,"","","",""
M1,4505,10/31/2023 8:15,17.54,6223.36,"","","",""
M1,4506,10/31/2023 8:20,17.54,6346.24,"","","",""
M1,4507,10/31/2023 8:25,17.59,6164.48,"","","",""
M1,4508,10/31/2023 8:30,17.59,6259.2,"","","",""
M1,4509,10/31/2023 8:35,17.63,6632.96,"","","",""
M1,4510,10/31/2023 8:40,17.63,10588.16,"","","",""
M1,4511,10/31/2023 8:45,17.67,14448.64,"","","",""
M1,4512,10/31/2023 8:50,17.67,12943.36,"","","",""
M1,4513,10/31/2023 8:55,17.72,7334.4,"","","",""
M1,4514,10/31/2023 9:00,17.76,16506.88,"","","",""
M1,4515,10/31/2023 9:05,17.8,11770.88,"","","",""
M1,4516,10/31/2023 9:10,17.76,15462.4,"","","",""
M1,4517,10/31/2023 9:15,17.8,20561.92,"","","",""
M1,4518,10/31/2023 9:20,17.8,24627.2,"","","",""
M1,4519,10/31/2023 9:25,17.84,17889.28,"","","",""
M1,4520,10/31/2023 9:30,17.84,15406.08,"","","",""
M1,4521,10/31/2023 9:35,17.89,19834.88,"","","",""
M1,4522,10/31/2023 9:40,17.93,13619.2,"","","",""
M1,4523,10/31/2023 9:45,17.93,37642.24,"","","",""
M1,4524,10/31/2023 9:50,17.93,23418.88,"","","",""
M1,4525,10/31/2023 9:55,17.97,44011.52,"","","",""
M1,4526,10/31/2023 10:00,17.97,21790.72,"","","",""
M1,4527,10/31/2023 10:05,18.02,26572.8,"","","",""
M1,4528,10/31/2023 10:10,18.02,20643.84,"","","",""
M1,4529,10/31/2023 10:15,18.1,43786.24,"","","",""
M1,4530,10/31/2023 10:20,18.1,53391.36,"","","",""
M1,4531,10/31/2023 10:25,18.14,40785.92,"","","",""
M1,4532,10/31/2023 10:30,18.14,29859.84,"","","",""
M1,4533,10/31/2023 10:35,18.19,37355.52,"","","",""
M1,4534,10/31/2023 10:40,18.23,21524.48,"","","",""
M1,4535,10/31/2023 10:45,18.23,38000.64,"","","",""
M1,4536,10/31/2023 10:50,18.27,30341.12,"","","",""
M1,4537,10/31/2023 10:55,18.32,23142.4,"","","",""
M1,4538,10/31/2023 11:00,18.27,30146.56,"","","",""
M1,4539,10/31/2023 11:05,18.32,57466.88,"","","",""
M1,4540,10/31/2023 11:10,18.36,29306.88,"","","",""
M1,4541,10/31/2023 11:15,18.36,31324.16,"","","",""
M1,4542,10/31/2023 11:20,18.36,101294.08,"","","",""
M1,4543,10/31/2023 11:25,18.44,35399.68,"","","",""
M1,4544,10/31/2023 11:30,18.44,30965.76,"","","",""
M1,4545,10/31/2023 11:35,18.53,71331.84,"","","",""
M1,4546,10/31/2023 11:40,18.53,32552.96,"","","",""
M1,4547,10/31/2023 11:45,18.53,55910.4,"","","",""
M1,4548,10/31/2023 11:50,18.53,45854.72,"","","",""
M1,4549,10/31/2023 11:55,18.53,57999.36,"","","",""
M1,4550,10/31/2023 12:00,18.57,32675.84,"","","",""
M1,4551,10/31/2023 12:05,18.62,74690.56,"","","",""
M1,4552,10/31/2023 12:10,18.62,142090.24,"","","",""
M1,4553,10/31/2023 12:15,18.62,49684.48,"","","",""
M1,4554,10/31/2023 12:20,18.66,31846.4,"","","",""
M1,4555,10/31/2023 12:25,18.66,54927.36,"","","",""
M1,4556,10/31/2023 12:30,18.74,38082.56,"","","",""
M1,4557,10/31/2023 12:35,18.66,37867.52,"","","",""
M1,4558,10/31/2023 12:40,18.7,37898.24,"","","",""
M1,4559,10/31/2023 12:45,18.74,51486.72,"","","",""
M1,4560,10/31/2023 12:50,18.74,55173.12,"","","",""
M1,4561,10/31/2023 12:55,18.74,47329.28,"","","",""
M1,4562,10/31/2023 13:00,18.79,64409.6,"","","",""
M1,4563,10/31/2023 13:05,18.7,42577.92,"","","",""
M1,4564,10/31/2023 13:10,18.74,41666.56,"","","",""
M1,4565,10/31/2023 13:15,18.74,66007.04,"","","",""
M1,4566,10/31/2023 13:20,18.87,38430.72,"","","",""
M1,4567,10/31/2023 13:25,18.87,60600.32,"","","",""
M1,4568,10/31/2023 13:30,18.87,26081.28,"","","",""
M1,4569,10/31/2023 13:35,18.92,48250.88,"","","",""
M1,4570,10/31/2023 13:40,18.92,45035.52,"","","",""
M1,4571,10/31/2023 13:45,18.96,12574.72,"","","",""
M1,4572,10/31/2023 13:50,18.83,55009.28,"","","",""
M1,4573,10/31/2023 13:55,18.96,65269.76,"","","",""
M1,4574,10/31/2023 14:00,18.92,33505.28,"","","",""
M1,4575,10/31/2023 14:05,19.05,24258.56,"","","",""
M1,4576,10/31/2023 14:10,19.09,31887.36,"","","",""
M1,4577,10/31/2023 14:15,19,35266.56,"","","",""
M1,4578,10/31/2023 14:20,19.17,24913.92,"","","",""
M1,4579,10/31/2023 14:25,19.3,58982.4,"","","",""
M1,4580,10/31/2023 14:30,19.35,59678.72,"","","",""
M1,4581,10/31/2023 14:35,19.17,21831.68,"","","",""
M1,4582,10/31/2023 14:40,19.3,41328.64,"","","",""
M1,4583,10/31/2023 14:45,19.52,43704.32,"","","",""
M1,4584,10/31/2023 14:50,19.95,42536.96,"","","",""
M1,4674,10/31/2023 22:20,17.5,0,"","","",""
M1,4675,10/31/2023 22:25,17.5,0,"","","",""
M1,4676,10/31/2023 22:30,17.5,0,"","","",""
M1,4677,10/31/2023 22:35,17.5,0,"","","",""
M1,4678,10/31/2023 22:40,17.54,0,"","","",""
M1,4679,10/31/2023 22:45,17.54,0,"","","",""
M1,4680,10/31/2023 22:50,17.5,0,"","","",""
M1,4681,10/31/2023 22:55,17.46,0,"","","",""
M1,4682,10/31/2023 23:00,17.46,0,"","","",""
M1,4683,10/31/2023 23:05,17.5,0,"","","",""
M1,4684,10/31/2023 23:10,17.46,0,"","","",""
M1,4685,10/31/2023 23:15,17.41,0,"","","",""
M1,4686,10/31/2023 23:20,17.54,0,"","","",""
M1,4687,10/31/2023 23:25,17.5,0,"","","",""
M1,4688,10/31/2023 23:30,17.5,0,"","","",""
M1,4689,10/31/2023 23:35,17.41,0,"","","",""
M1,4690,10/31/2023 23:40,17.46,0,"","","",""
M1,4691,10/31/2023 23:45,17.46,0,"","","",""
M1,4692,10/31/2023 23:50,17.46,0,"","","",""
M1,4693,10/31/2023 23:55,17.46,0,"","","",""
M1,4694,11/1/2023 0:00,17.46,0,"","","",""
M1,4695,11/1/2023 0:05,17.46,0,"","","",""
M1,4696,11/1/2023 0:10,17.5,0,"","","",""
M1,4697,11/1/2023 0:15,17.46,0,"","","",""
M1,4698,11/1/2023 0:20,17.46,0,"","","",""
M1,4699,11/1/2023 0:25,17.41,0,"","","",""
M1,4700,11/1/2023 0:30,17.41,0,"","","",""
M1,4701,11/1/2023 0:35,17.41,0,"","","",""
M1,4702,11/1/2023 0:40,17.41,0,"","","",""
M1,4703,11/1/2023 0:45,17.41,0,"","","",""
M1,4704,11/1/2023 0:50,17.41,0,"","","",""
M1,4705,11/1/2023 0:55,17.41,0,"","","",""
M1,4706,11/1/2023 1:00,17.37,0,"","","",""
M1,4707,11/1/2023 1:05,17.41,0,"","","",""
M1,4708,11/1/2023 1:10,17.41,0,"","","",""
M1,4709,11/1/2023 1:15,17.46,0,"","","",""
M1,4710,11/1/2023 1:20,17.46,0,"","","",""
M1,4711,11/1/2023 1:25,17.46,0,"","","",""
M1,4712,11/1/2023 1:30,17.46,0,"","","",""
M1,4713,11/1/2023 1:35,17.41,0,"","","",""
M1,4714,11/1/2023 1:40,17.46,0,"","","",""
M1,4715,11/1/2023 1:45,17.46,0,"","","",""
M1,4716,11/1/2023 1:50,17.41,0,"","","",""
M1,4717,11/1/2023 1:55,17.46,0,"","","",""
M1,4718,11/1/2023 2:00,17.41,0,"","","",""
M1,4719,11/1/2023 2:05,17.37,0,"","","",""
M1,4720,11/1/2023 2:10,17.37,0,"","","",""
M1,4721,11/1/2023 2:15,17.41,0,"","","",""
M1,4722,11/1/2023 2:20,17.41,0,"","","",""
M1,4723,11/1/2023 2:25,17.41,0,"","","",""
M1,4724,11/1/2023 2:30,17.37,0,"","","",""
M1,4725,11/1/2023 2:35,17.37,0,"","","",""
M1,4726,11/1/2023 2:40,17.33,0,"","","",""
M1,4727,11/1/2023 2:45,17.41,0,"","","",""
M1,4728,11/1/2023 2:50,17.33,0,"","","",""
M1,4729,11/1/2023 2:55,17.41,0,"","","",""
M1,4730,11/1/2023 3:00,17.37,0,"","","",""
M1,4731,11/1/2023 3:05,17.33,0,"","","",""
M1,4732,11/1/2023 3:10,17.33,0,"","","",""
M1,4733,11/1/2023 3:15,17.33,0,"","","",""
M1,4734,11/1/2023 3:20,17.33,0,"","","",""
M1,4735,11/1/2023 3:25,17.29,0,"","","",""
M1,4736,11/1/2023 3:30,17.29,0,"","","",""
M1,4737,11/1/2023 3:35,17.29,0,"","","",""
M1,4738,11/1/2023 3:40,17.29,0,"","","",""
M1,4739,11/1/2023 3:45,17.24,0,"","","",""
M1,4740,11/1/2023 3:50,17.24,0,"","","",""
M1,4741,11/1/2023 3:55,17.24,0,"","","",""
M1,4742,11/1/2023 4:00,17.24,0,"","","",""
M1,4743,11/1/2023 4:05,17.2,0,"","","",""
M1,4744,11/1/2023 4:10,17.2,0,"","","",""
M1,4745,11/1/2023 4:15,17.16,0,"","","",""
M1,4746,11/1/2023 4:20,17.16,0,"","","",""
M1,4747,11/1/2023 4:25,17.11,0,"","","",""
M1,4748,11/1/2023 4:30,17.16,0,"","","",""
M1,4749,11/1/2023 4:35,17.11,0,"","","",""
M1,4750,11/1/2023 4:40,17.11,0,"","","",""
M1,4751,11/1/2023 4:45,17.07,0,"","","",""
M1,4752,11/1/2023 4:50,17.07,0,"","","",""
M1,4753,11/1/2023 4:55,17.03,0,"","","",""
M1,4754,11/1/2023 5:00,17.07,0,"","","",""
M1,4755,11/1/2023 5:05,17.07,0,"","","",""
M1,4756,11/1/2023 5:10,17.03,0,"","","",""
M1,4757,11/1/2023 5:15,17.03,0,"","","",""
M1,4758,11/1/2023 5:20,17.07,0,"","","",""
M1,4759,11/1/2023 5:25,17.03,0,"","","",""
M1,4760,11/1/2023 5:30,17.03,0,"","","",""
M1,4761,11/1/2023 5:35,17.07,0,"","","",""
M1,4762,11/1/2023 5:40,17.03,0,"","","",""
M1,4763,11/1/2023 5:45,17.07,0,"","","",""
M1,4764,11/1/2023 5:50,17.07,0,"","","",""
M1,4765,11/1/2023 5:55,17.07,0,"","","",""
M1,4766,11/1/2023 6:00,16.99,0,"","","",""
M1,4767,11/1/2023 6:05,17.07,0,"","","",""
M1,4768,11/1/2023 6:10,17.03,0,"","","",""
M1,4769,11/1/2023 6:15,17.03,0,"","","",""
M1,4770,11/1/2023 6:20,17.07,0,"","","",""
M1,4771,11/1/2023 6:25,16.99,0,"","","",""
M1,4772,11/1/2023 6:30,17.03,0,"","","",""
M1,4773,11/1/2023 6:35,17.07,0,"","","",""
M1,4774,11/1/2023 6:40,17.03,0,"","","",""
M1,4775,11/1/2023 6:45,17.03,0.43,"","","",""
M1,4776,11/1/2023 6:50,17.03,3.48,"","","",""
M1,4777,11/1/2023 6:55,17.07,12.45,"","","",""
M1,4778,11/1/2023 7:00,17.07,22.99,"","","",""
M1,4779,11/1/2023 7:05,17.07,106.04,"","","",""
M1,4780,11/1/2023 7:10,17.07,98.08,"","","",""
M1,4781,11/1/2023 7:15,17.11,215.76,"","","",""
M1,4782,11/1/2023 7:20,17.03,571.52,"","","",""
M1,4783,11/1/2023 7:25,17.11,395.04,"","","",""
M1,4784,11/1/2023 7:30,17.11,1497.6,"","","",""
M1,4785,11/1/2023 7:35,17.2,654.24,"","","",""
M1,4786,11/1/2023 7:40,17.2,2108.16,"","","",""
M1,4787,11/1/2023 7:45,17.16,2750.72,"","","",""
M1,4788,11/1/2023 7:50,17.24,3065.6,"","","",""
M1,4789,11/1/2023 7:55,17.29,3534.08,"","","",""
M1,4790,11/1/2023 8:00,17.29,5332.48,"","","",""
M1,4791,11/1/2023 8:05,17.29,4736,"","","",""
M1,4792,11/1/2023 8:10,17.33,4052.48,"","","",""
M1,4793,11/1/2023 8:15,17.33,6131.2,"","","",""
M1,4794,11/1/2023 8:20,17.37,7575.04,"","","",""
M1,4795,11/1/2023 8:25,17.37,6981.12,"","","",""
M1,4796,11/1/2023 8:30,17.41,10265.6,"","","",""
M1,4797,11/1/2023 8:35,17.5,11852.8,"","","",""
M1,4798,11/1/2023 8:40,17.46,11632.64,"","","",""
M1,4799,11/1/2023 8:45,17.5,14136.32,"","","",""
M1,4800,11/1/2023 8:50,17.54,11310.08,"","","",""
M1,4801,11/1/2023 8:55,17.54,8627.2,"","","",""
M1,4802,11/1/2023 9:00,17.54,15554.56,"","","",""
M1,4803,11/1/2023 9:05,17.63,23818.24,"","","",""
M1,4804,11/1/2023 9:10,17.67,19430.4,"","","",""
M1,4805,11/1/2023 9:15,17.67,16005.12,"","","",""
M1,4806,11/1/2023 9:20,17.76,21022.72,"","","",""
M1,4807,11/1/2023 9:25,17.76,16005.12,"","","",""
M1,4808,11/1/2023 9:30,17.76,14581.76,"","","",""
M1,4809,11/1/2023 9:35,17.72,18990.08,"","","",""
M1,4810,11/1/2023 9:40,17.8,12815.36,"","","",""
M1,4811,11/1/2023 9:45,17.84,18447.36,"","","",""
M1,4812,11/1/2023 9:50,17.84,22067.2,"","","",""
M1,4813,11/1/2023 9:55,17.84,20321.28,"","","",""
M1,4814,11/1/2023 10:00,17.84,13603.84,"","","",""
M1,4815,11/1/2023 10:05,17.84,23623.68,"","","",""
M1,4816,11/1/2023 10:10,17.93,17894.4,"","","",""
M1,4817,11/1/2023 10:15,17.97,30894.08,"","","",""
M1,4818,11/1/2023 10:20,17.97,30300.16,"","","",""
M1,4819,11/1/2023 10:25,17.97,22394.88,"","","",""
M1,4820,11/1/2023 10:30,18.06,22691.84,"","","",""
M1,4821,11/1/2023 10:35,18.1,19507.2,"","","",""
M1,4822,11/1/2023 10:40,18.14,34519.04,"","","",""
M1,4823,11/1/2023 10:45,18.19,22702.08,"","","",""
M1,4824,11/1/2023 10:50,18.14,15375.36,"","","",""
M1,4825,11/1/2023 10:55,18.19,43294.72,"","","",""
M1,4826,11/1/2023 11:00,18.23,39475.2,"","","",""
M1,4827,11/1/2023 11:05,18.23,25303.04,"","","",""
M1,4828,11/1/2023 11:10,18.27,40519.68,"","","",""
M1,4829,11/1/2023 11:15,18.27,26746.88,"","","",""
M1,4830,11/1/2023 11:20,18.32,43601.92,"","","",""
M1,4831,11/1/2023 11:25,18.36,33792,"","","",""
M1,4832,11/1/2023 11:30,18.36,52961.28,"","","",""
M1,4833,11/1/2023 11:35,18.4,31621.12,"","","",""
M1,4834,11/1/2023 11:40,18.4,53207.04,"","","",""
M1,4835,11/1/2023 11:45,18.4,34478.08,"","","",""
M1,4836,11/1/2023 11:50,18.44,29992.96,"","","",""
M1,4837,11/1/2023 11:55,18.44,28385.28,"","","",""
M1,4838,11/1/2023 12:00,18.44,64266.24,"","","",""
M1,4839,11/1/2023 12:05,18.44,36945.92,"","","",""
M1,4840,11/1/2023 12:10,18.49,65454.08,"","","",""
M1,4841,11/1/2023 12:15,18.49,27013.12,"","","",""
M1,4842,11/1/2023 12:20,18.49,37365.76,"","","",""
M1,4843,11/1/2023 12:25,18.53,70348.8,"","","",""
M1,4844,11/1/2023 12:30,18.53,55869.44,"","","",""
M1,4845,11/1/2023 12:35,18.57,40243.2,"","","",""
M1,4846,11/1/2023 12:40,18.57,46366.72,"","","",""
M1,4847,11/1/2023 12:45,18.57,30668.8,"","","",""
M1,4848,11/1/2023 12:50,18.57,25251.84,"","","",""
M1,4849,11/1/2023 12:55,18.62,61767.68,"","","",""
M1,4850,11/1/2023 13:00,18.57,48230.4,"","","",""
M1,4851,11/1/2023 13:05,18.66,55541.76,"","","",""
M1,4852,11/1/2023 13:10,18.66,30576.64,"","","",""
M1,4853,11/1/2023 13:15,18.7,29265.92,"","","",""
M1,4854,11/1/2023 13:20,18.66,26214.4,"","","",""
M1,4855,11/1/2023 13:25,18.74,53493.76,"","","",""
M1,4856,11/1/2023 13:30,18.7,61870.08,"","","",""
M1,4857,11/1/2023 13:35,18.74,53350.4,"","","",""
M1,4858,11/1/2023 13:40,18.74,39680,"","","",""
M1,4859,11/1/2023 13:45,18.74,57466.88,"","","",""
M1,4860,11/1/2023 13:50,18.79,36935.68,"","","",""
M1,4861,11/1/2023 13:55,18.79,55685.12,"","","",""
M1,4862,11/1/2023 14:00,18.79,38932.48,"","","",""
M1,4863,11/1/2023 14:05,18.79,38369.28,"","","",""
M1,4864,11/1/2023 14:10,18.7,26316.8,"","","",""
M1,4865,11/1/2023 14:15,18.79,18744.32,"","","",""
M1,4866,11/1/2023 14:20,18.74,39936,"","","",""
M1,4867,11/1/2023 14:25,18.74,18350.08,"","","",""
M1,4868,11/1/2023 14:30,18.79,12308.48,"","","",""
M1,4869,11/1/2023 14:35,18.87,61112.32,"","","",""
M1,4870,11/1/2023 14:40,18.79,40775.68,"","","",""
M1,4871,11/1/2023 14:45,18.92,14284.8,"","","",""
M1,4872,11/1/2023 14:50,18.87,63160.32,"","","",""
M1,4873,11/1/2023 14:55,18.87,33003.52,"","","",""
M1,4874,11/1/2023 15:00,18.87,17582.08,"","","",""
M1,4875,11/1/2023 15:05,18.92,59453.44,"","","",""
M1,4876,11/1/2023 15:10,18.87,18447.36,"","","",""
M1,4877,11/1/2023 15:15,19.05,8614.4,"","","",""
M1,4878,11/1/2023 15:20,19.17,40990.72,"","","",""
M1,4879,11/1/2023 15:25,19,35307.52,"","","",""
M1,4880,11/1/2023 15:30,19.26,31866.88,"","","",""
M1,4881,11/1/2023 15:35,19.17,26736.64,"","","",""
M1,4882,11/1/2023 15:40,19.35,31662.08,"","","",""
M1,4883,11/1/2023 15:45,19.39,36177.92,"","","",""
M1,4975,11/1/2023 23:25,17.24,0,"","","",""
M1,4976,11/1/2023 23:30,17.2,0,"","","",""
M1,4977,11/1/2023 23:35,17.2,0,"","","",""
M1,4978,11/1/2023 23:40,17.24,0,"","","",""
M1,4979,11/1/2023 23:45,17.29,0,"","","",""
M1,4980,11/1/2023 23:50,17.24,0,"","","",""
M1,4981,11/1/2023 23:55,17.24,0,"","","",""
M1,4982,11/2/2023 0:00,17.24,0,"","","",""
M1,4983,11/2/2023 0:05,17.2,0,"","","",""
M1,4984,11/2/2023 0:10,17.24,0,"","","",""
M1,4985,11/2/2023 0:15,17.24,0,"","","",""
M1,4986,11/2/2023 0:20,17.2,0,"","","",""
M1,4987,11/2/2023 0:25,17.24,0,"","","",""
M1,4988,11/2/2023 0:30,17.2,0,"","","",""
M1,4989,11/2/2023 0:35,17.24,0,"","","",""
M1,4990,11/2/2023 0:40,17.2,0,"","","",""
M1,4991,11/2/2023 0:45,17.29,0,"","","",""
M1,4992,11/2/2023 0:50,17.29,0,"","","",""
M1,4993,11/2/2023 0:55,17.33,0,"","","",""
M1,4994,11/2/2023 1:00,17.29,0,"","","",""
M1,4995,11/2/2023 1:05,17.33,0,"","","",""
M1,4996,11/2/2023 1:10,17.33,0,"","","",""
M1,4997,11/2/2023 1:15,17.33,0,"","","",""
M1,4998,11/2/2023 1:20,17.33,0,"","","",""
M1,4999,11/2/2023 1:25,17.29,0,"","","",""
M1,5000,11/2/2023 1:30,17.33,0,"","","",""
M1,5001,11/2/2023 1:35,17.29,0,"","","",""
M1,5002,11/2/2023 1:40,17.37,0,"","","",""
M1,5003,11/2/2023 1:45,17.29,0,"","","",""
M1,5004,11/2/2023 1:50,17.33,0,"","","",""
M1,5005,11/2/2023 1:55,17.37,0,"","","",""
M1,5006,11/2/2023 2:00,17.37,0,"","","",""
M1,5007,11/2/2023 2:05,17.33,0,"","","",""
M1,5008,11/2/2023 2:10,17.37,0,"","","",""
M1,5009,11/2/2023 2:15,17.37,0,"","","",""
M1,5010,11/2/2023 2:20,17.33,0,"","","",""
M1,5011,11/2/2023 2:25,17.29,0,"","","",""
M1,5012,11/2/2023 2:30,17.29,0,"","","",""
M1,5013,11/2/2023 2:35,17.37,0,"","","",""
M1,5014,11/2/2023 2:40,17.33,0,"","","",""
M1,5015,11/2/2023 2:45,17.33,0,"","","",""
M1,5016,11/2/2023 2:50,17.33,0,"","","",""
M1,5017,11/2/2023 2:55,17.37,0,"","","",""
M1,5018,11/2/2023 3:00,17.33,0,"","","",""
M1,5019,11/2/2023 3:05,17.33,0,"","","",""
M1,5020,11/2/2023 3:10,17.29,0,"","","",""
M1,5021,11/2/2023 3:15,17.33,0,"","","",""
M1,5022,11/2/2023 3:20,17.37,0,"","","",""
M1,5023,11/2/2023 3:25,17.33,0,"","","",""
M1,5024,11/2/2023 3:30,17.29,0,"","","",""
M1,5025,11/2/2023 3:35,17.29,0,"","","",""
M1,5026,11/2/2023 3:40,17.29,0,"","","",""
M1,5027,11/2/2023 3:45,17.29,0,"","","",""
M1,5028,11/2/2023 3:50,17.29,0,"","","",""
M1,5029,11/2/2023 3:55,17.33,0,"","","",""
M1,5030,11/2/2023 4:00,17.29,0,"","","",""
M1,5031,11/2/2023 4:05,17.33,0,"","","",""
M1,5032,11/2/2023 4:10,17.29,0,"","","",""
M1,5033,11/2/2023 4:15,17.29,0,"","","",""
M1,5034,11/2/2023 4:20,17.29,0,"","","",""
M1,5035,11/2/2023 4:25,17.29,0,"","","",""
M1,5036,11/2/2023 4:30,17.29,0,"","","",""
M1,5037,11/2/2023 4:35,17.24,0,"","","",""
M1,5038,11/2/2023 4:40,17.24,0,"","","",""
M1,5039,11/2/2023 4:45,17.24,0,"","","",""
M1,5040,11/2/2023 4:50,17.24,0,"","","",""
M1,5041,11/2/2023 4:55,17.24,0,"","","",""
M1,5042,11/2/2023 5:00,17.24,0,"","","",""
M1,5043,11/2/2023 5:05,17.2,0,"","","",""
M1,5044,11/2/2023 5:10,17.2,0,"","","",""
M1,5045,11/2/2023 5:15,17.16,0,"","","",""
M1,5046,11/2/2023 5:20,17.2,0,"","","",""
M1,5047,11/2/2023 5:25,17.2,0,"","","",""
M1,5048,11/2/2023 5:30,17.16,0,"","","",""
M1,5049,11/2/2023 5:35,17.2,0,"","","",""
M1,5050,11/2/2023 5:40,17.16,0,"","","",""
M1,5051,11/2/2023 5:45,17.16,0,"","","",""
M1,5052,11/2/2023 5:50,17.11,0,"","","",""
M1,5053,11/2/2023 5:55,17.16,0,"","","",""
M1,5054,11/2/2023 6:00,17.11,0,"","","",""
M1,5055,11/2/2023 6:05,17.16,0,"","","",""
M1,5056,11/2/2023 6:10,17.11,0,"","","",""
M1,5057,11/2/2023 6:15,17.16,0,"","","",""
M1,5058,11/2/2023 6:20,17.11,0,"","","",""
M1,5059,11/2/2023 6:25,17.11,0,"","","",""
M1,5060,11/2/2023 6:30,17.11,0,"","","",""
M1,5061,11/2/2023 6:35,17.11,0,"","","",""
M1,5062,11/2/2023 6:40,17.11,0,"","","",""
M1,5063,11/2/2023 6:45,17.16,0.21,"","","",""
M1,5064,11/2/2023 6:50,17.16,1.52,"","","",""
M1,5065,11/2/2023 6:55,17.11,9.15,"","","",""
M1,5066,11/2/2023 7:00,17.2,24.52,"","","",""
M1,5067,11/2/2023 7:05,17.16,95.44,"","","",""
M1,5068,11/2/2023 7:10,17.16,143.64,"","","",""
M1,5069,11/2/2023 7:15,17.16,360.16,"","","",""
M1,5070,11/2/2023 7:20,17.2,105.92,"","","",""
M1,5071,11/2/2023 7:25,17.16,860.48,"","","",""
M1,5072,11/2/2023 7:30,17.16,1153.28,"","","",""
M1,5073,11/2/2023 7:35,17.16,1272.96,"","","",""
M1,5074,11/2/2023 7:40,17.2,1386.88,"","","",""
M1,5075,11/2/2023 7:45,17.2,2188.16,"","","",""
M1,5076,11/2/2023 7:50,17.24,2109.44,"","","",""
M1,5077,11/2/2023 7:55,17.24,2376.32,"","","",""
M1,5078,11/2/2023 8:00,17.29,2442.88,"","","",""
M1,5079,11/2/2023 8:05,17.29,2289.28,"","","",""
M1,5080,11/2/2023 8:10,17.29,4044.8,"","","",""
M1,5081,11/2/2023 8:15,17.29,3520,"","","",""
M1,5082,11/2/2023 8:20,17.37,5826.56,"","","",""
M1,5083,11/2/2023 8:25,17.41,5084.16,"","","",""
M1,5084,11/2/2023 8:30,17.41,7546.88,"","","",""
M1,5085,11/2/2023 8:35,17.46,7546.88,"","","",""
M1,5086,11/2/2023 8:40,17.5,5816.32,"","","",""
M1,5087,11/2/2023 8:45,17.54,7016.96,"","","",""
M1,5088,11/2/2023 8:50,17.59,7211.52,"","","",""
M1,5089,11/2/2023 8:55,17.59,7357.44,"","","",""
M1,5090,11/2/2023 9:00,17.67,9986.56,"","","",""
M1,5091,11/2/2023 9:05,17.72,14428.16,"","","",""
M1,5092,11/2/2023 9:10,17.72,30535.68,"","","",""
M1,5093,11/2/2023 9:15,17.76,18647.04,"","","",""
M1,5094,11/2/2023 9:20,17.8,16501.76,"","","",""
M1,5095,11/2/2023 9:25,17.89,19676.16,"","","",""
M1,5096,11/2/2023 9:30,17.93,20695.04,"","","",""
M1,5097,11/2/2023 9:35,17.93,21841.92,"","","",""
M1,5098,11/2/2023 9:40,17.97,20951.04,"","","",""
M1,5099,11/2/2023 9:45,18.02,31856.64,"","","",""
M1,5100,11/2/2023 9:50,18.06,21831.68,"","","",""
M1,5101,11/2/2023 9:55,18.06,39546.88,"","","",""
M1,5102,11/2/2023 10:00,18.06,23603.2,"","","",""
M1,5103,11/2/2023 10:05,18.06,18001.92,"","","",""
M1,5104,11/2/2023 10:10,18.14,33751.04,"","","",""
M1,5105,11/2/2023 10:15,18.19,28037.12,"","","",""
M1,5106,11/2/2023 10:20,18.19,17018.88,"","","",""
M1,5107,11/2/2023 10:25,18.23,14458.88,"","","",""
M1,5108,11/2/2023 10:30,18.23,26224.64,"","","",""
M1,5109,11/2/2023 10:35,18.32,23080.96,"","","",""
M1,5110,11/2/2023 10:40,18.27,41359.36,"","","",""
M1,5111,11/2/2023 10:45,18.27,32378.88,"","","",""
M1,5112,11/2/2023 10:50,18.4,46776.32,"","","",""
M1,5113,11/2/2023 10:55,18.36,22865.92,"","","",""
M1,5114,11/2/2023 11:00,18.4,76001.28,"","","",""
M1,5115,11/2/2023 11:05,18.44,30556.16,"","","",""
M1,5116,11/2/2023 11:10,18.44,38082.56,"","","",""
M1,5117,11/2/2023 11:15,18.44,40273.92,"","","",""
M1,5118,11/2/2023 11:20,18.53,44523.52,"","","",""
M1,5119,11/2/2023 11:25,18.44,47759.36,"","","",""
M1,5120,11/2/2023 11:30,18.53,43110.4,"","","",""
M1,5121,11/2/2023 11:35,18.49,46182.4,"","","",""
M1,5122,11/2/2023 11:40,18.53,31815.68,"","","",""
M1,5123,11/2/2023 11:45,18.57,70737.92,"","","",""
M1,5124,11/2/2023 11:50,18.62,61931.52,"","","",""
M1,5125,11/2/2023 11:55,18.62,59801.6,"","","",""
M1,5126,11/2/2023 12:00,18.53,48640,"","","",""
M1,5127,11/2/2023 12:05,18.62,57118.72,"","","",""
M1,5128,11/2/2023 12:10,18.62,33617.92,"","","",""
M1,5129,11/2/2023 12:15,18.62,39096.32,"","","",""
M1,5130,11/2/2023 12:20,18.7,45219.84,"","","",""
M1,5131,11/2/2023 12:25,18.62,75182.08,"","","",""
M1,5132,11/2/2023 12:30,18.74,79237.12,"","","",""
M1,5133,11/2/2023 12:35,18.7,42700.8,"","","",""
M1,5134,11/2/2023 12:40,18.66,59637.76,"","","",""
M1,5135,11/2/2023 12:45,18.7,65003.52,"","","",""
M1,5136,11/2/2023 12:50,18.7,69079.04,"","","",""
M1,5137,11/2/2023 12:55,18.74,53452.8,"","","",""
M1,5138,11/2/2023 13:00,18.74,62627.84,"","","",""
M1,5139,11/2/2023 13:05,18.79,47206.4,"","","",""
M1,5140,11/2/2023 13:10,18.79,56770.56,"","","",""
M1,5141,11/2/2023 13:15,18.79,61870.08,"","","",""
M1,5142,11/2/2023 13:20,18.79,79339.52,"","","",""
M1,5143,11/2/2023 13:25,18.79,36986.88,"","","",""
M1,5144,11/2/2023 13:30,18.83,81244.16,"","","",""
M1,5145,11/2/2023 13:35,18.83,44441.6,"","","",""
M1,5146,11/2/2023 13:40,18.87,58920.96,"","","",""
M1,5147,11/2/2023 13:45,18.83,84049.92,"","","",""
M1,5148,11/2/2023 13:50,18.87,37130.24,"","","",""
M1,5149,11/2/2023 13:55,18.83,35082.24,"","","",""
M1,5150,11/2/2023 14:00,18.83,30044.16,"","","",""
M1,5151,11/2/2023 14:05,18.83,38389.76,"","","",""
M1,5152,11/2/2023 14:10,18.87,48046.08,"","","",""
M1,5153,11/2/2023 14:15,18.87,50585.6,"","","",""
M1,5154,11/2/2023 14:20,18.87,49664,"","","",""
M1,5155,11/2/2023 14:25,18.96,41543.68,"","","",""
M1,5156,11/2/2023 14:30,18.92,69427.2,"","","",""
M1,5157,11/2/2023 14:35,18.92,24197.12,"","","",""
M1,5158,11/2/2023 14:40,18.92,37478.4,"","","",""
M1,5159,11/2/2023 14:45,18.87,62525.44,"","","",""
M1,5160,11/2/2023 14:50,18.87,9973.76,"","","",""
M1,5161,11/2/2023 14:55,18.92,26572.8,"","","",""
M1,5162,11/2/2023 15:00,18.92,54517.76,"","","",""
M1,5163,11/2/2023 15:05,18.79,6656,"","","",""
M1,5164,11/2/2023 15:10,18.83,19548.16,"","","",""
M1,5165,11/2/2023 15:15,18.74,14407.68,"","","",""
M1,5166,11/2/2023 15:20,18.79,25610.24,"","","",""
M1,5167,11/2/2023 15:25,18.83,26726.4,"","","",""
M1,5168,11/2/2023 15:30,18.79,36116.48,"","","",""
M1,5169,11/2/2023 15:35,18.87,25067.52,"","","",""
M1,5170,11/2/2023 15:40,18.83,11248.64,"","","",""
M1,5171,11/2/2023 15:45,18.7,14730.24,"","","",""
M1,5172,11/2/2023 15:50,18.74,13931.52,"","","",""
M1,5173,11/2/2023 15:55,18.74,22333.44,"","","",""
M1,5174,11/2/2023 16:00,18.74,8033.28,"","","",""
M1,5175,11/2/2023 16:05,18.74,20659.2,"","","",""
M1,5176,11/2/2023 16:10,18.87,13199.36,"","","",""
M1,5177,11/2/2023 16:15,18.7,15370.24,"","","",""
M1,5178,11/2/2023 16:20,18.62,21944.32,"","","",""
M1,5179,11/2/2023 16:25,18.57,9589.76,"","","",""
M1,5180,11/2/2023 16:30,18.66,12523.52,"","","",""
M1,5181,11/2/2023 16:35,18.87,15073.28,"","","",""
M1,5182,11/2/2023 16:40,18.7,10542.08,"","","",""
M1,5183,11/2/2023 16:45,18.66,10818.56,"","","",""
