Plot,#,Date-Time (PDT),Ch:1 - Temperature   (°C),Ch:2 - Light   (lux),Button Down,Button Up,Host Connected,End of File
M2,39,10/16/2023 20:25,18.83,0,"","","",""
M2,40,10/16/2023 20:30,18.87,0,"","","",""
M2,41,10/16/2023 20:35,18.83,0,"","","",""
M2,42,10/16/2023 20:40,18.79,0,"","","",""
M2,43,10/16/2023 20:45,18.79,0,"","","",""
M2,44,10/16/2023 20:50,18.79,0,"","","",""
M2,45,10/16/2023 20:55,18.79,0,"","","",""
M2,46,10/16/2023 21:00,18.7,0,"","","",""
M2,47,10/16/2023 21:05,18.79,0,"","","",""
M2,48,10/16/2023 21:10,18.74,0,"","","",""
M2,49,10/16/2023 21:15,18.74,0,"","","",""
M2,50,10/16/2023 21:20,18.74,0,"","","",""
M2,51,10/16/2023 21:25,18.74,0,"","","",""
M2,52,10/16/2023 21:30,18.74,0,"","","",""
M2,53,10/16/2023 21:35,18.7,0,"","","",""
M2,54,10/16/2023 21:40,18.7,0,"","","",""
M2,55,10/16/2023 21:45,18.74,0,"","","",""
M2,56,10/16/2023 21:50,18.7,0,"","","",""
M2,57,10/16/2023 21:55,18.66,0,"","","",""
M2,58,10/16/2023 22:00,18.62,0,"","","",""
M2,59,10/16/2023 22:05,18.66,0,"","","",""
M2,60,10/16/2023 22:10,18.66,0,"","","",""
M2,61,10/16/2023 22:15,18.62,0,"","","",""
M2,62,10/16/2023 22:20,18.62,0,"","","",""
M2,63,10/16/2023 22:25,18.62,0,"","","",""
M2,64,10/16/2023 22:30,18.62,0,"","","",""
M2,65,10/16/2023 22:35,18.53,0,"","","",""
M2,66,10/16/2023 22:40,18.57,0,"","","",""
M2,67,10/16/2023 22:45,18.44,0,"","","",""
M2,68,10/16/2023 22:50,18.44,0,"","","",""
M2,69,10/16/2023 22:55,18.36,0,"","","",""
M2,70,10/16/2023 23:00,18.27,0,"","","",""
M2,71,10/16/2023 23:05,18.23,0,"","","",""
M2,72,10/16/2023 23:10,18.23,0,"","","",""
M2,73,10/16/2023 23:15,18.4,0,"","","",""
M2,74,10/16/2023 23:20,18.27,0,"","","",""
M2,75,10/16/2023 23:25,18.14,0,"","","",""
M2,76,10/16/2023 23:30,18.06,0,"","","",""
M2,77,10/16/2023 23:35,18.02,0,"","","",""
M2,78,10/16/2023 23:40,17.84,0,"","","",""
M2,79,10/16/2023 23:45,18.02,0,"","","",""
M2,80,10/16/2023 23:50,17.89,0,"","","",""
M2,81,10/16/2023 23:55,17.84,0,"","","",""
M2,82,10/17/2023 0:00,17.97,0,"","","",""
M2,83,10/17/2023 0:05,17.89,0,"","","",""
M2,84,10/17/2023 0:10,17.8,0,"","","",""
M2,85,10/17/2023 0:15,17.76,0,"","","",""
M2,86,10/17/2023 0:20,17.84,0,"","","",""
M2,87,10/17/2023 0:25,17.89,0,"","","",""
M2,88,10/17/2023 0:30,17.84,0,"","","",""
M2,89,10/17/2023 0:35,17.89,0,"","","",""
M2,90,10/17/2023 0:40,17.97,0,"","","",""
M2,91,10/17/2023 0:45,17.97,0,"","","",""
M2,92,10/17/2023 0:50,17.89,0,"","","",""
M2,93,10/17/2023 0:55,17.97,0,"","","",""
M2,94,10/17/2023 1:00,18.14,0,"","","",""
M2,95,10/17/2023 1:05,18.1,0,"","","",""
M2,96,10/17/2023 1:10,18.06,0,"","","",""
M2,97,10/17/2023 1:15,17.97,0,"","","",""
M2,98,10/17/2023 1:20,18.02,0,"","","",""
M2,99,10/17/2023 1:25,17.93,0,"","","",""
M2,100,10/17/2023 1:30,17.89,0,"","","",""
M2,101,10/17/2023 1:35,17.97,0,"","","",""
M2,102,10/17/2023 1:40,17.93,0,"","","",""
M2,103,10/17/2023 1:45,18.02,0,"","","",""
M2,104,10/17/2023 1:50,18.1,0,"","","",""
M2,105,10/17/2023 1:55,18.02,0,"","","",""
M2,106,10/17/2023 2:00,18.02,0,"","","",""
M2,107,10/17/2023 2:05,18.02,0,"","","",""
M2,108,10/17/2023 2:10,18.1,0,"","","",""
M2,109,10/17/2023 2:15,18.1,0,"","","",""
M2,110,10/17/2023 2:20,18.06,0,"","","",""
M2,111,10/17/2023 2:25,18.1,0,"","","",""
M2,112,10/17/2023 2:30,18.1,0,"","","",""
M2,113,10/17/2023 2:35,18.14,0,"","","",""
M2,114,10/17/2023 2:40,18.14,0,"","","",""
M2,115,10/17/2023 2:45,18.14,0,"","","",""
M2,116,10/17/2023 2:50,18.19,0,"","","",""
M2,117,10/17/2023 2:55,18.14,0,"","","",""
M2,118,10/17/2023 3:00,18.14,0,"","","",""
M2,119,10/17/2023 3:05,18.19,0,"","","",""
M2,120,10/17/2023 3:10,18.19,0,"","","",""
M2,121,10/17/2023 3:15,18.14,0,"","","",""
M2,122,10/17/2023 3:20,18.14,0,"","","",""
M2,142,10/17/2023 5:00,18.06,0,"","","",""
M2,143,10/17/2023 5:05,18.06,0,"","","",""
M2,144,10/17/2023 5:10,18.06,0,"","","",""
M2,145,10/17/2023 5:15,18.02,0,"","","",""
M2,146,10/17/2023 5:20,18.06,0,"","","",""
M2,147,10/17/2023 5:25,17.97,0,"","","",""
M2,148,10/17/2023 5:30,18.02,0,"","","",""
M2,149,10/17/2023 5:35,18.02,0,"","","",""
M2,150,10/17/2023 5:40,18.06,0,"","","",""
M2,151,10/17/2023 5:45,18.06,0,"","","",""
M2,152,10/17/2023 5:50,18.06,0,"","","",""
M2,153,10/17/2023 5:55,18.02,0,"","","",""
M2,154,10/17/2023 6:00,18.02,0,"","","",""
M2,155,10/17/2023 6:05,18.02,0,"","","",""
M2,156,10/17/2023 6:10,18.02,0,"","","",""
M2,157,10/17/2023 6:15,18.02,0,"","","",""
M2,158,10/17/2023 6:20,17.97,0,"","","",""
M2,159,10/17/2023 6:25,17.97,0,"","","",""
M2,160,10/17/2023 6:30,17.97,0,"","","",""
M2,161,10/17/2023 6:35,18.02,0.21,"","","",""
M2,162,10/17/2023 6:40,17.97,2.82,"","","",""
M2,163,10/17/2023 6:45,18.02,9.11,"","","",""
M2,164,10/17/2023 6:50,17.97,22.65,"","","",""
M2,165,10/17/2023 6:55,17.97,57.12,"","","",""
M2,166,10/17/2023 7:00,18.02,111.64,"","","",""
M2,167,10/17/2023 7:05,18.02,141.28,"","","",""
M2,168,10/17/2023 7:10,18.02,193.6,"","","",""
M2,169,10/17/2023 7:15,17.97,345.44,"","","",""
M2,170,10/17/2023 7:20,18.02,386.56,"","","",""
M2,171,10/17/2023 7:25,18.06,470.08,"","","",""
M2,172,10/17/2023 7:30,18.06,847.36,"","","",""
M2,173,10/17/2023 7:35,18.06,1186.56,"","","",""
M2,174,10/17/2023 7:40,18.06,1064.32,"","","",""
M2,175,10/17/2023 7:45,18.06,1209.28,"","","",""
M2,176,10/17/2023 7:50,18.1,1311.36,"","","",""
M2,177,10/17/2023 7:55,18.1,1133.76,"","","",""
M2,178,10/17/2023 8:00,18.06,1219.84,"","","",""
M2,179,10/17/2023 8:05,18.1,2336.64,"","","",""
M2,180,10/17/2023 8:10,18.1,1772.8,"","","",""
M2,181,10/17/2023 8:15,18.14,3027.2,"","","",""
M2,182,10/17/2023 8:20,18.19,3317.76,"","","",""
M2,183,10/17/2023 8:25,18.23,3944.96,"","","",""
M2,184,10/17/2023 8:30,18.19,3944.96,"","","",""
M2,185,10/17/2023 8:35,18.23,3171.84,"","","",""
M2,186,10/17/2023 8:40,18.23,4697.6,"","","",""
M2,187,10/17/2023 8:45,18.27,3912.96,"","","",""
M2,188,10/17/2023 8:50,18.23,4691.2,"","","",""
M2,189,10/17/2023 8:55,18.27,2621.44,"","","",""
M2,190,10/17/2023 9:00,18.27,5770.24,"","","",""
M2,191,10/17/2023 9:05,18.4,7485.44,"","","",""
M2,192,10/17/2023 9:10,18.36,6609.92,"","","",""
M2,193,10/17/2023 9:15,18.4,6794.24,"","","",""
M2,194,10/17/2023 9:20,18.36,7334.4,"","","",""
M2,195,10/17/2023 9:25,18.4,6062.08,"","","",""
M2,196,10/17/2023 9:30,18.44,7528.96,"","","",""
M2,197,10/17/2023 9:35,18.4,8819.2,"","","",""
M2,198,10/17/2023 9:40,18.44,9146.88,"","","",""
M2,199,10/17/2023 9:45,18.4,4855.04,"","","",""
M2,200,10/17/2023 9:50,18.44,4636.16,"","","",""
M2,201,10/17/2023 9:55,18.36,8547.84,"","","",""
M2,202,10/17/2023 10:00,18.36,5090.56,"","","",""
M2,203,10/17/2023 10:05,18.4,10506.24,"","","",""
M2,204,10/17/2023 10:10,18.36,13803.52,"","","",""
M2,205,10/17/2023 10:15,18.4,12533.76,"","","",""
M2,206,10/17/2023 10:20,18.4,10721.28,"","","",""
M2,207,10/17/2023 10:25,18.36,13521.92,"","","",""
M2,208,10/17/2023 10:30,18.4,12487.68,"","","",""
M2,209,10/17/2023 10:35,18.4,19681.28,"","","",""
M2,210,10/17/2023 10:40,18.4,17356.8,"","","",""
M2,211,10/17/2023 10:45,18.27,15984.64,"","","",""
M2,212,10/17/2023 10:50,18.27,15513.6,"","","",""
M2,213,10/17/2023 10:55,18.32,18493.44,"","","",""
M2,214,10/17/2023 11:00,18.27,19614.72,"","","",""
M2,215,10/17/2023 11:05,18.32,19937.28,"","","",""
M2,216,10/17/2023 11:10,18.57,29071.36,"","","",""
M2,217,10/17/2023 11:15,18.96,28733.44,"","","",""
M2,218,10/17/2023 11:20,18.83,22650.88,"","","",""
M2,219,10/17/2023 11:25,19.09,28344.32,"","","",""
M2,220,10/17/2023 11:30,19.73,25948.16,"","","",""
M2,221,10/17/2023 11:35,19.73,74424.32,"","","",""
M2,222,10/17/2023 11:40,19.6,29624.32,"","","",""
M2,223,10/17/2023 11:45,19.86,41809.92,"","","",""
M2,224,10/17/2023 11:50,19.86,23439.36,"","","",""
M2,225,10/17/2023 11:55,19.95,34498.56,"","","",""
M2,226,10/17/2023 12:00,19.95,34365.44,"","","",""
M2,227,10/17/2023 12:05,19.95,32081.92,"","","",""
M2,228,10/17/2023 12:10,20.76,64614.4,"","","",""
M2,229,10/17/2023 12:15,20.29,30822.4,"","","",""
M2,230,10/17/2023 12:20,20.89,48168.96,"","","",""
M2,231,10/17/2023 12:25,20.42,29880.32,"","","",""
M2,232,10/17/2023 12:30,20.76,57425.92,"","","",""
M2,233,10/17/2023 12:35,21.15,53760,"","","",""
M2,234,10/17/2023 12:40,21.02,65372.16,"","","",""
M2,235,10/17/2023 12:45,21.19,49950.72,"","","",""
M2,236,10/17/2023 12:50,21.02,43560.96,"","","",""
M2,237,10/17/2023 12:55,20.89,61521.92,"","","",""
M2,238,10/17/2023 13:00,20.85,52408.32,"","","",""
M2,239,10/17/2023 13:05,20.5,41984,"","","",""
M2,240,10/17/2023 13:10,21.06,42352.64,"","","",""
M2,241,10/17/2023 13:15,21.1,39352.32,"","","",""
M2,242,10/17/2023 13:20,21.19,42209.28,"","","",""
M2,243,10/17/2023 13:25,20.85,39874.56,"","","",""
M2,244,10/17/2023 13:30,20.46,29614.08,"","","",""
M2,245,10/17/2023 13:35,20.5,47800.32,"","","",""
M2,246,10/17/2023 13:40,20.55,35665.92,"","","",""
M2,247,10/17/2023 13:45,20.12,14361.6,"","","",""
M2,248,10/17/2023 13:50,20.25,34723.84,"","","",""
M2,249,10/17/2023 13:55,20.37,35276.8,"","","",""
M2,250,10/17/2023 14:00,20.37,27453.44,"","","",""
M2,251,10/17/2023 14:05,20.07,9118.72,"","","",""
M2,252,10/17/2023 14:10,20.03,19927.04,"","","",""
M2,253,10/17/2023 14:15,20.12,21995.52,"","","",""
M2,254,10/17/2023 14:20,20.03,22507.52,"","","",""
M2,255,10/17/2023 14:25,19.99,7820.8,"","","",""
M2,256,10/17/2023 14:30,19.9,9779.2,"","","",""
M2,257,10/17/2023 14:35,19.95,6120.96,"","","",""
M2,258,10/17/2023 14:40,19.9,15042.56,"","","",""
M2,259,10/17/2023 14:45,19.86,7943.68,"","","",""
M2,336,10/17/2023 21:10,19.77,0,"","","",""
M2,337,10/17/2023 21:15,19.77,0,"","","",""
M2,338,10/17/2023 21:20,19.77,0,"","","",""
M2,339,10/17/2023 21:25,19.73,0,"","","",""
M2,340,10/17/2023 21:30,19.73,0,"","","",""
M2,341,10/17/2023 21:35,19.73,0,"","","",""
M2,342,10/17/2023 21:40,19.73,0,"","","",""
M2,343,10/17/2023 21:45,19.73,0,"","","",""
M2,344,10/17/2023 21:50,19.73,0,"","","",""
M2,345,10/17/2023 21:55,19.69,0,"","","",""
M2,346,10/17/2023 22:00,19.73,0,"","","",""
M2,347,10/17/2023 22:05,19.73,0,"","","",""
M2,348,10/17/2023 22:10,19.69,0,"","","",""
M2,349,10/17/2023 22:15,19.65,0,"","","",""
M2,350,10/17/2023 22:20,19.69,0,"","","",""
M2,351,10/17/2023 22:25,19.65,0,"","","",""
M2,352,10/17/2023 22:30,19.69,0,"","","",""
M2,353,10/17/2023 22:35,19.69,0,"","","",""
M2,354,10/17/2023 22:40,19.69,0,"","","",""
M2,355,10/17/2023 22:45,19.65,0,"","","",""
M2,356,10/17/2023 22:50,19.65,0,"","","",""
M2,357,10/17/2023 22:55,19.65,0,"","","",""
M2,358,10/17/2023 23:00,19.65,0,"","","",""
M2,359,10/17/2023 23:05,19.65,0,"","","",""
M2,360,10/17/2023 23:10,19.6,0,"","","",""
M2,361,10/17/2023 23:15,19.6,0,"","","",""
M2,362,10/17/2023 23:20,19.6,0,"","","",""
M2,363,10/17/2023 23:25,19.56,0,"","","",""
M2,364,10/17/2023 23:30,19.52,0,"","","",""
M2,365,10/17/2023 23:35,19.52,0,"","","",""
M2,366,10/17/2023 23:40,19.43,0,"","","",""
M2,367,10/17/2023 23:45,19.39,0,"","","",""
M2,368,10/17/2023 23:50,19.35,0,"","","",""
M2,369,10/17/2023 23:55,19.22,0,"","","",""
M2,370,10/18/2023 0:00,19.22,0,"","","",""
M2,371,10/18/2023 0:05,19.17,0,"","","",""
M2,372,10/18/2023 0:10,19.13,0,"","","",""
M2,373,10/18/2023 0:15,18.87,0,"","","",""
M2,374,10/18/2023 0:20,18.66,0,"","","",""
M2,375,10/18/2023 0:25,18.62,0,"","","",""
M2,376,10/18/2023 0:30,18.7,0,"","","",""
M2,377,10/18/2023 0:35,18.62,0,"","","",""
M2,378,10/18/2023 0:40,18.49,0,"","","",""
M2,379,10/18/2023 0:45,18.57,0,"","","",""
M2,380,10/18/2023 0:50,18.62,0,"","","",""
M2,381,10/18/2023 0:55,18.32,0,"","","",""
M2,382,10/18/2023 1:00,18.36,0,"","","",""
M2,383,10/18/2023 1:05,18.49,0,"","","",""
M2,384,10/18/2023 1:10,18.49,0,"","","",""
M2,385,10/18/2023 1:15,18.27,0,"","","",""
M2,386,10/18/2023 1:20,18.19,0,"","","",""
M2,387,10/18/2023 1:25,18.23,0,"","","",""
M2,388,10/18/2023 1:30,18.32,0,"","","",""
M2,389,10/18/2023 1:35,18.32,0,"","","",""
M2,390,10/18/2023 1:40,18.27,0,"","","",""
M2,391,10/18/2023 1:45,18.27,0,"","","",""
M2,392,10/18/2023 1:50,18.23,0,"","","",""
M2,393,10/18/2023 1:55,18.36,0,"","","",""
M2,394,10/18/2023 2:00,18.27,0,"","","",""
M2,395,10/18/2023 2:05,18.36,0,"","","",""
M2,396,10/18/2023 2:10,18.27,0,"","","",""
M2,397,10/18/2023 2:15,18.36,0,"","","",""
M2,398,10/18/2023 2:20,18.36,0,"","","",""
M2,399,10/18/2023 2:25,18.32,0,"","","",""
M2,400,10/18/2023 2:30,18.32,0,"","","",""
M2,401,10/18/2023 2:35,18.32,0,"","","",""
M2,402,10/18/2023 2:40,18.27,0,"","","",""
M2,403,10/18/2023 2:45,18.23,0,"","","",""
M2,404,10/18/2023 2:50,18.19,0,"","","",""
M2,405,10/18/2023 2:55,18.1,0,"","","",""
M2,406,10/18/2023 3:00,18.14,0,"","","",""
M2,407,10/18/2023 3:05,18.14,0,"","","",""
M2,408,10/18/2023 3:10,18.1,0,"","","",""
M2,409,10/18/2023 3:15,18.1,0,"","","",""
M2,410,10/18/2023 3:20,18.1,0,"","","",""
M2,411,10/18/2023 3:25,18.1,0,"","","",""
M2,412,10/18/2023 3:30,18.1,0,"","","",""
M2,413,10/18/2023 3:35,18.06,0,"","","",""
M2,414,10/18/2023 3:40,18.06,0,"","","",""
M2,415,10/18/2023 3:45,18.06,0,"","","",""
M2,416,10/18/2023 3:50,18.06,0,"","","",""
M2,417,10/18/2023 3:55,18.02,0,"","","",""
M2,418,10/18/2023 4:00,18.02,0,"","","",""
M2,419,10/18/2023 4:05,17.97,0,"","","",""
M2,420,10/18/2023 4:10,17.97,0,"","","",""
M2,421,10/18/2023 4:15,18.02,0,"","","",""
M2,422,10/18/2023 4:20,17.97,0,"","","",""
M2,423,10/18/2023 4:25,17.97,0,"","","",""
M2,424,10/18/2023 4:30,17.97,0,"","","",""
M2,425,10/18/2023 4:35,17.97,0,"","","",""
M2,426,10/18/2023 4:40,17.93,0,"","","",""
M2,427,10/18/2023 4:45,17.97,0,"","","",""
M2,428,10/18/2023 4:50,17.93,0,"","","",""
M2,429,10/18/2023 4:55,17.97,0,"","","",""
M2,430,10/18/2023 5:00,17.93,0,"","","",""
M2,431,10/18/2023 5:05,17.93,0,"","","",""
M2,432,10/18/2023 5:10,17.93,0,"","","",""
M2,433,10/18/2023 5:15,17.93,0,"","","",""
M2,434,10/18/2023 5:20,17.93,0,"","","",""
M2,435,10/18/2023 5:25,17.93,0,"","","",""
M2,436,10/18/2023 5:30,17.93,0,"","","",""
M2,437,10/18/2023 5:35,17.93,0,"","","",""
M2,438,10/18/2023 5:40,17.97,0,"","","",""
M2,439,10/18/2023 5:45,17.97,0,"","","",""
M2,440,10/18/2023 5:50,17.97,0,"","","",""
M2,441,10/18/2023 5:55,17.97,0,"","","",""
M2,442,10/18/2023 6:00,17.97,0,"","","",""
M2,443,10/18/2023 6:05,18.02,0,"","","",""
M2,444,10/18/2023 6:10,17.93,0,"","","",""
M2,445,10/18/2023 6:15,18.02,0,"","","",""
M2,446,10/18/2023 6:20,18.02,0,"","","",""
M2,447,10/18/2023 6:25,18.02,0,"","","",""
M2,448,10/18/2023 6:30,18.06,0,"","","",""
M2,449,10/18/2023 6:35,18.06,0.43,"","","",""
M2,450,10/18/2023 6:40,18.06,2.6,"","","",""
M2,451,10/18/2023 6:45,18.06,9.33,"","","",""
M2,452,10/18/2023 6:50,18.06,27.67,"","","",""
M2,453,10/18/2023 6:55,18.1,44.02,"","","",""
M2,454,10/18/2023 7:00,18.1,119.48,"","","",""
M2,455,10/18/2023 7:05,18.1,361.6,"","","",""
M2,456,10/18/2023 7:10,18.14,404.96,"","","",""
M2,457,10/18/2023 7:15,18.19,583.84,"","","",""
M2,458,10/18/2023 7:20,18.19,571.2,"","","",""
M2,459,10/18/2023 7:25,18.19,920,"","","",""
M2,460,10/18/2023 7:30,18.27,1079.04,"","","",""
M2,461,10/18/2023 7:35,18.32,1081.6,"","","",""
M2,462,10/18/2023 7:40,18.44,1337.6,"","","",""
M2,463,10/18/2023 7:45,18.49,1594.88,"","","",""
M2,464,10/18/2023 7:50,18.53,2071.04,"","","",""
M2,465,10/18/2023 7:55,18.62,2380.16,"","","",""
M2,466,10/18/2023 8:00,18.62,2762.24,"","","",""
M2,467,10/18/2023 8:05,18.62,1861.12,"","","",""
M2,468,10/18/2023 8:10,18.62,3937.28,"","","",""
M2,469,10/18/2023 8:15,18.7,4437.76,"","","",""
M2,470,10/18/2023 8:20,18.83,5100.8,"","","",""
M2,471,10/18/2023 8:25,18.87,5721.6,"","","",""
M2,472,10/18/2023 8:30,18.96,6031.36,"","","",""
M2,473,10/18/2023 8:35,18.96,6538.24,"","","",""
M2,474,10/18/2023 8:40,18.92,4648.96,"","","",""
M2,475,10/18/2023 8:45,18.92,6351.36,"","","",""
M2,476,10/18/2023 8:50,19,7055.36,"","","",""
M2,477,10/18/2023 8:55,19.09,8353.28,"","","",""
M2,478,10/18/2023 9:00,19.13,10869.76,"","","",""
M2,479,10/18/2023 9:05,19.13,9070.08,"","","",""
M2,480,10/18/2023 9:10,19.13,10680.32,"","","",""
M2,481,10/18/2023 9:15,19.13,11438.08,"","","",""
M2,482,10/18/2023 9:20,19.22,13020.16,"","","",""
M2,483,10/18/2023 9:25,19.22,13255.68,"","","",""
M2,484,10/18/2023 9:30,19.3,14929.92,"","","",""
M2,485,10/18/2023 9:35,19.22,12390.4,"","","",""
M2,486,10/18/2023 9:40,19.3,19466.24,"","","",""
M2,487,10/18/2023 9:45,19.69,20628.48,"","","",""
M2,488,10/18/2023 9:50,19.43,20049.92,"","","",""
M2,489,10/18/2023 9:55,19.43,24197.12,"","","",""
M2,490,10/18/2023 10:00,19.43,16445.44,"","","",""
M2,491,10/18/2023 10:05,19.43,17571.84,"","","",""
M2,492,10/18/2023 10:10,19.47,19210.24,"","","",""
M2,493,10/18/2023 10:15,19.35,21678.08,"","","",""
M2,494,10/18/2023 10:20,19.43,19082.24,"","","",""
M2,495,10/18/2023 10:25,19.39,20239.36,"","","",""
M2,496,10/18/2023 10:30,19.56,23193.6,"","","",""
M2,497,10/18/2023 10:35,19.52,22650.88,"","","",""
M2,498,10/18/2023 10:40,19.47,10181.12,"","","",""
M2,499,10/18/2023 10:45,19.39,20131.84,"","","",""
M2,500,10/18/2023 10:50,19.35,23777.28,"","","",""
M2,501,10/18/2023 10:55,19.39,20925.44,"","","",""
M2,502,10/18/2023 11:00,19.6,37345.28,"","","",""
M2,503,10/18/2023 11:05,19.56,37580.8,"","","",""
M2,504,10/18/2023 11:10,19.9,42967.04,"","","",""
M2,505,10/18/2023 11:15,19.6,18688,"","","",""
M2,506,10/18/2023 11:20,19.73,31283.2,"","","",""
M2,507,10/18/2023 11:25,19.86,35082.24,"","","",""
M2,508,10/18/2023 11:30,19.9,34611.2,"","","",""
M2,509,10/18/2023 11:35,19.9,40755.2,"","","",""
M2,510,10/18/2023 11:40,19.9,34488.32,"","","",""
M2,511,10/18/2023 11:45,19.9,33515.52,"","","",""
M2,512,10/18/2023 11:50,19.9,39905.28,"","","",""
M2,513,10/18/2023 11:55,19.95,40632.32,"","","",""
M2,514,10/18/2023 12:00,19.86,30699.52,"","","",""
M2,515,10/18/2023 12:05,19.82,37058.56,"","","",""
M2,516,10/18/2023 12:10,19.86,27699.2,"","","",""
M2,517,10/18/2023 12:15,19.43,17326.08,"","","",""
M2,518,10/18/2023 12:20,19.6,32235.52,"","","",""
M2,519,10/18/2023 12:25,19.69,27351.04,"","","",""
M2,520,10/18/2023 12:30,19.73,41308.16,"","","",""
M2,521,10/18/2023 12:35,19.86,28600.32,"","","",""
M2,522,10/18/2023 12:40,19.82,40867.84,"","","",""
M2,523,10/18/2023 12:45,19.82,21370.88,"","","",""
M2,524,10/18/2023 12:50,19.82,33515.52,"","","",""
M2,525,10/18/2023 12:55,19.82,18816,"","","",""
M2,526,10/18/2023 13:00,19.52,22906.88,"","","",""
M2,527,10/18/2023 13:05,19.56,20951.04,"","","",""
M2,528,10/18/2023 13:10,19.73,30627.84,"","","",""
M2,529,10/18/2023 13:15,19.82,34969.6,"","","",""
M2,530,10/18/2023 13:20,19.9,35461.12,"","","",""
M2,531,10/18/2023 13:25,19.86,29829.12,"","","",""
M2,532,10/18/2023 13:30,19.73,29808.64,"","","",""
M2,533,10/18/2023 13:35,19.77,36710.4,"","","",""
M2,534,10/18/2023 13:40,19.9,23869.44,"","","",""
M2,535,10/18/2023 13:45,20.07,30218.24,"","","",""
M2,536,10/18/2023 13:50,19.99,34375.68,"","","",""
M2,537,10/18/2023 13:55,19.95,38973.44,"","","",""
M2,538,10/18/2023 14:00,19.9,26224.64,"","","",""
M2,539,10/18/2023 14:05,20.03,39526.4,"","","",""
M2,540,10/18/2023 14:10,19.99,17551.36,"","","",""
M2,541,10/18/2023 14:15,20.03,30371.84,"","","",""
M2,542,10/18/2023 14:20,20.07,21985.28,"","","",""
M2,543,10/18/2023 14:25,19.99,32440.32,"","","",""
M2,544,10/18/2023 14:30,19.95,17786.88,"","","",""
M2,545,10/18/2023 14:35,19.99,19036.16,"","","",""
M2,546,10/18/2023 14:40,20.03,12963.84,"","","",""
M2,547,10/18/2023 14:45,20.03,17689.6,"","","",""
M2,548,10/18/2023 14:50,20.03,6755.84,"","","",""
M2,549,10/18/2023 14:55,20.07,21452.8,"","","",""
M2,550,10/18/2023 15:00,19.99,8770.56,"","","",""
M2,551,10/18/2023 15:05,20.16,5593.6,"","","",""
M2,552,10/18/2023 15:10,20.12,22466.56,"","","",""
M2,553,10/18/2023 15:15,20.07,9751.04,"","","",""
M2,554,10/18/2023 15:20,20.07,6830.08,"","","",""
M2,555,10/18/2023 15:25,19.99,7173.12,"","","",""
M2,556,10/18/2023 15:30,19.99,6080,"","","",""
M2,641,10/18/2023 22:35,19.3,0,"","","",""
M2,642,10/18/2023 22:40,19.3,0,"","","",""
M2,643,10/18/2023 22:45,19.3,0,"","","",""
M2,644,10/18/2023 22:50,19.26,0,"","","",""
M2,645,10/18/2023 22:55,19.26,0,"","","",""
M2,646,10/18/2023 23:00,19.22,0,"","","",""
M2,647,10/18/2023 23:05,19.22,0,"","","",""
M2,648,10/18/2023 23:10,19.26,0,"","","",""
M2,649,10/18/2023 23:15,19.26,0,"","","",""
M2,650,10/18/2023 23:20,19.22,0,"","","",""
M2,651,10/18/2023 23:25,19.22,0,"","","",""
M2,652,10/18/2023 23:30,19.22,0,"","","",""
M2,653,10/18/2023 23:35,19.17,0,"","","",""
M2,654,10/18/2023 23:40,19.13,0,"","","",""
M2,655,10/18/2023 23:45,19.09,0,"","","",""
M2,656,10/18/2023 23:50,19.09,0,"","","",""
M2,657,10/18/2023 23:55,19.09,0,"","","",""
M2,658,10/19/2023 0:00,19.05,0,"","","",""
M2,659,10/19/2023 0:05,19,0,"","","",""
M2,660,10/19/2023 0:10,19,0,"","","",""
M2,661,10/19/2023 0:15,18.96,0,"","","",""
M2,662,10/19/2023 0:20,19,0,"","","",""
M2,663,10/19/2023 0:25,18.96,0,"","","",""
M2,664,10/19/2023 0:30,18.96,0,"","","",""
M2,665,10/19/2023 0:35,18.92,0,"","","",""
M2,666,10/19/2023 0:40,18.87,0,"","","",""
M2,667,10/19/2023 0:45,18.83,0,"","","",""
M2,668,10/19/2023 0:50,18.83,0,"","","",""
M2,669,10/19/2023 0:55,18.79,0,"","","",""
M2,670,10/19/2023 1:00,18.74,0,"","","",""
M2,671,10/19/2023 1:05,18.79,0,"","","",""
M2,672,10/19/2023 1:10,18.74,0,"","","",""
M2,673,10/19/2023 1:15,18.66,0,"","","",""
M2,674,10/19/2023 1:20,18.57,0,"","","",""
M2,675,10/19/2023 1:25,18.53,0,"","","",""
M2,676,10/19/2023 1:30,18.49,0,"","","",""
M2,677,10/19/2023 1:35,18.4,0,"","","",""
M2,678,10/19/2023 1:40,18.27,0,"","","",""
M2,679,10/19/2023 1:45,18.1,0,"","","",""
M2,680,10/19/2023 1:50,18.1,0,"","","",""
M2,681,10/19/2023 1:55,18.06,0,"","","",""
M2,682,10/19/2023 2:00,17.93,0,"","","",""
M2,683,10/19/2023 2:05,17.93,0,"","","",""
M2,684,10/19/2023 2:10,17.8,0,"","","",""
M2,685,10/19/2023 2:15,17.8,0,"","","",""
M2,686,10/19/2023 2:20,17.76,0,"","","",""
M2,687,10/19/2023 2:25,17.76,0,"","","",""
M2,688,10/19/2023 2:30,17.76,0,"","","",""
M2,689,10/19/2023 2:35,17.72,0,"","","",""
M2,690,10/19/2023 2:40,17.67,0,"","","",""
M2,691,10/19/2023 2:45,17.63,0,"","","",""
M2,692,10/19/2023 2:50,17.54,0,"","","",""
M2,693,10/19/2023 2:55,17.54,0,"","","",""
M2,694,10/19/2023 3:00,17.5,0,"","","",""
M2,695,10/19/2023 3:05,17.46,0,"","","",""
M2,696,10/19/2023 3:10,17.41,0,"","","",""
M2,697,10/19/2023 3:15,17.37,0,"","","",""
M2,698,10/19/2023 3:20,17.37,0,"","","",""
M2,699,10/19/2023 3:25,17.29,0,"","","",""
M2,700,10/19/2023 3:30,17.16,0,"","","",""
M2,701,10/19/2023 3:35,17.16,0,"","","",""
M2,702,10/19/2023 3:40,17.11,0,"","","",""
M2,703,10/19/2023 3:45,17.11,0,"","","",""
M2,704,10/19/2023 3:50,17.16,0,"","","",""
M2,705,10/19/2023 3:55,17.11,0,"","","",""
M2,706,10/19/2023 4:00,17.03,0,"","","",""
M2,707,10/19/2023 4:05,17.03,0,"","","",""
M2,708,10/19/2023 4:10,17.03,0,"","","",""
M2,709,10/19/2023 4:15,16.99,0,"","","",""
M2,710,10/19/2023 4:20,17.03,0,"","","",""
M2,711,10/19/2023 4:25,17.03,0,"","","",""
M2,712,10/19/2023 4:30,17.07,0,"","","",""
M2,713,10/19/2023 4:35,16.99,0,"","","",""
M2,714,10/19/2023 4:40,17.03,0,"","","",""
M2,715,10/19/2023 4:45,16.99,0,"","","",""
M2,716,10/19/2023 4:50,16.99,0,"","","",""
M2,717,10/19/2023 4:55,16.99,0,"","","",""
M2,718,10/19/2023 5:00,17.03,0,"","","",""
M2,719,10/19/2023 5:05,17.03,0,"","","",""
M2,720,10/19/2023 5:10,16.99,0,"","","",""
M2,721,10/19/2023 5:15,17.03,0,"","","",""
M2,722,10/19/2023 5:20,17.03,0,"","","",""
M2,723,10/19/2023 5:25,17.03,0,"","","",""
M2,724,10/19/2023 5:30,16.99,0,"","","",""
M2,725,10/19/2023 5:35,17.03,0,"","","",""
M2,726,10/19/2023 5:40,17.03,0,"","","",""
M2,727,10/19/2023 5:45,17.07,0,"","","",""
M2,728,10/19/2023 5:50,17.03,0,"","","",""
M2,729,10/19/2023 5:55,17.03,0,"","","",""
M2,730,10/19/2023 6:00,17.03,0,"","","",""
M2,731,10/19/2023 6:05,16.99,0,"","","",""
M2,732,10/19/2023 6:10,17.03,0,"","","",""
M2,733,10/19/2023 6:15,16.99,0,"","","",""
M2,734,10/19/2023 6:20,17.11,0,"","","",""
M2,735,10/19/2023 6:25,17.11,0,"","","",""
M2,736,10/19/2023 6:30,17.11,0,"","","",""
M2,737,10/19/2023 6:35,17.2,0.65,"","","",""
M2,738,10/19/2023 6:40,17.11,6.29,"","","",""
M2,739,10/19/2023 6:45,17.11,18.06,"","","",""
M2,740,10/19/2023 6:50,17.11,37.06,"","","",""
M2,741,10/19/2023 6:55,17.16,76.78,"","","",""
M2,742,10/19/2023 7:00,17.2,163.92,"","","",""
M2,743,10/19/2023 7:05,17.24,156.16,"","","",""
M2,744,10/19/2023 7:10,17.2,265.2,"","","",""
M2,745,10/19/2023 7:15,17.29,672.32,"","","",""
M2,746,10/19/2023 7:20,17.33,839.36,"","","",""
M2,747,10/19/2023 7:25,17.37,666.24,"","","",""
M2,748,10/19/2023 7:30,17.41,986.24,"","","",""
M2,749,10/19/2023 7:35,17.46,1768.32,"","","",""
M2,750,10/19/2023 7:40,17.46,1230.08,"","","",""
M2,751,10/19/2023 7:45,17.46,2236.16,"","","",""
M2,752,10/19/2023 7:50,17.41,1779.84,"","","",""
M2,753,10/19/2023 7:55,17.54,2519.04,"","","",""
M2,754,10/19/2023 8:00,17.54,4117.76,"","","",""
M2,755,10/19/2023 8:05,17.63,2296.96,"","","",""
M2,756,10/19/2023 8:10,17.63,5340.16,"","","",""
M2,757,10/19/2023 8:15,17.72,5329.92,"","","",""
M2,758,10/19/2023 8:20,17.72,5128.96,"","","",""
M2,759,10/19/2023 8:25,17.8,3215.36,"","","",""
M2,760,10/19/2023 8:30,17.89,3165.44,"","","",""
M2,761,10/19/2023 8:35,17.84,5263.36,"","","",""
M2,762,10/19/2023 8:40,17.93,8716.8,"","","",""
M2,763,10/19/2023 8:45,17.93,6161.92,"","","",""
M2,764,10/19/2023 8:50,17.93,7339.52,"","","",""
M2,765,10/19/2023 8:55,18.06,5212.16,"","","",""
M2,766,10/19/2023 9:00,18.06,11658.24,"","","",""
M2,767,10/19/2023 9:05,18.19,5662.72,"","","",""
M2,768,10/19/2023 9:10,18.14,8701.44,"","","",""
M2,769,10/19/2023 9:15,18.23,6266.88,"","","",""
M2,770,10/19/2023 9:20,18.27,14525.44,"","","",""
M2,771,10/19/2023 9:25,18.4,12124.16,"","","",""
M2,772,10/19/2023 9:30,18.49,16327.68,"","","",""
M2,773,10/19/2023 9:35,18.53,16599.04,"","","",""
M2,774,10/19/2023 9:40,18.44,18984.96,"","","",""
M2,775,10/19/2023 9:45,18.36,18447.36,"","","",""
M2,776,10/19/2023 9:50,18.57,13470.72,"","","",""
M2,777,10/19/2023 9:55,18.44,180.32,"","","",""
M2,778,10/19/2023 10:00,18.57,14366.72,"","","",""
M2,779,10/19/2023 10:05,18.62,15436.8,"","","",""
M2,780,10/19/2023 10:10,18.74,18759.68,"","","",""
M2,781,10/19/2023 10:15,18.49,15907.84,"","","",""
M2,782,10/19/2023 10:20,18.66,17638.4,"","","",""
M2,783,10/19/2023 10:25,18.66,23193.6,"","","",""
M2,784,10/19/2023 10:30,18.7,16384,"","","",""
M2,785,10/19/2023 10:35,18.79,23070.72,"","","",""
M2,786,10/19/2023 10:40,18.74,17536,"","","",""
M2,787,10/19/2023 10:45,18.83,15201.28,"","","",""
M2,788,10/19/2023 10:50,18.87,24739.84,"","","",""
M2,789,10/19/2023 10:55,18.87,21954.56,"","","",""
M2,790,10/19/2023 11:00,18.74,11735.04,"","","",""
M2,791,10/19/2023 11:05,18.92,28323.84,"","","",""
M2,792,10/19/2023 11:10,19,24954.88,"","","",""
M2,793,10/19/2023 11:15,18.96,9459.2,"","","",""
M2,794,10/19/2023 11:20,19.13,25845.76,"","","",""
M2,795,10/19/2023 11:25,19.09,22620.16,"","","",""
M2,796,10/19/2023 11:30,19.09,27709.44,"","","",""
M2,797,10/19/2023 11:35,19.22,27648,"","","",""
M2,798,10/19/2023 11:40,19,23531.52,"","","",""
M2,799,10/19/2023 11:45,19.17,16501.76,"","","",""
M2,800,10/19/2023 11:50,19.3,30863.36,"","","",""
M2,801,10/19/2023 11:55,19.09,9049.6,"","","",""
M2,802,10/19/2023 12:00,18.83,9077.76,"","","",""
M2,803,10/19/2023 12:05,19,17105.92,"","","",""
M2,804,10/19/2023 12:10,19.09,17116.16,"","","",""
M2,805,10/19/2023 12:15,19.17,23869.44,"","","",""
M2,806,10/19/2023 12:20,19.26,14735.36,"","","",""
M2,807,10/19/2023 12:25,19.26,17500.16,"","","",""
M2,808,10/19/2023 12:30,19.3,28999.68,"","","",""
M2,809,10/19/2023 12:35,19.3,18237.44,"","","",""
M2,810,10/19/2023 12:40,19.35,21913.6,"","","",""
M2,811,10/19/2023 12:45,19.39,27740.16,"","","",""
M2,812,10/19/2023 12:50,19.56,32112.64,"","","",""
M2,813,10/19/2023 12:55,19.43,27095.04,"","","",""
M2,814,10/19/2023 13:00,19.56,34621.44,"","","",""
M2,815,10/19/2023 13:05,19.3,12810.24,"","","",""
M2,816,10/19/2023 13:10,19.43,33679.36,"","","",""
M2,817,10/19/2023 13:15,19.52,15262.72,"","","",""
M2,818,10/19/2023 13:20,19.47,35788.8,"","","",""
M2,819,10/19/2023 13:25,19.35,15549.44,"","","",""
M2,820,10/19/2023 13:30,19.13,7631.36,"","","",""
M2,821,10/19/2023 13:35,19.22,15953.92,"","","",""
M2,822,10/19/2023 13:40,19.22,11269.12,"","","",""
M2,823,10/19/2023 13:45,19.35,21463.04,"","","",""
M2,824,10/19/2023 13:50,19.3,7882.24,"","","",""
M2,825,10/19/2023 13:55,19.3,17822.72,"","","",""
M2,826,10/19/2023 14:00,19.43,18124.8,"","","",""
M2,827,10/19/2023 14:05,19.39,23920.64,"","","",""
M2,828,10/19/2023 14:10,19.39,21504,"","","",""
M2,829,10/19/2023 14:15,19.35,23.71,"","","",""
M2,830,10/19/2023 14:20,19.43,29296.64,"","","",""
M2,831,10/19/2023 14:25,19.52,25149.44,"","","",""
M2,832,10/19/2023 14:30,19.43,15068.16,"","","",""
M2,833,10/19/2023 14:35,19.47,19655.68,"","","",""
M2,834,10/19/2023 14:40,19.43,8097.28,"","","",""
M2,835,10/19/2023 14:45,19.56,15943.68,"","","",""
M2,836,10/19/2023 14:50,19.47,14499.84,"","","",""
M2,837,10/19/2023 14:55,19.6,17459.2,"","","",""
M2,838,10/19/2023 15:00,19.65,11658.24,"","","",""
M2,839,10/19/2023 15:05,19.6,11084.8,"","","",""
M2,840,10/19/2023 15:10,19.56,13342.72,"","","",""
M2,841,10/19/2023 15:15,19.65,23756.8,"","","",""
M2,842,10/19/2023 15:20,19.47,21043.2,"","","",""
M2,843,10/19/2023 15:25,19.56,13644.8,"","","",""
M2,844,10/19/2023 15:30,19.56,13153.28,"","","",""
M2,845,10/19/2023 15:35,19.52,17561.6,"","","",""
M2,846,10/19/2023 15:40,19.52,2694.4,"","","",""
M2,847,10/19/2023 15:45,19.52,12492.8,"","","",""
M2,848,10/19/2023 15:50,19.52,12569.6,"","","",""
M2,849,10/19/2023 15:55,19.56,6000.64,"","","",""
M2,850,10/19/2023 16:00,19.52,14202.88,"","","",""
M2,851,10/19/2023 16:05,19.6,3829.76,"","","",""
M2,852,10/19/2023 16:10,19.47,7987.2,"","","",""
M2,853,10/19/2023 16:15,19.47,4350.72,"","","",""
M2,854,10/19/2023 16:20,19.52,5583.36,"","","",""
M2,855,10/19/2023 16:25,19.47,6287.36,"","","",""
M2,856,10/19/2023 16:30,19.47,5575.68,"","","",""
M2,946,10/20/2023 0:00,17.41,0,"","","",""
M2,947,10/20/2023 0:05,17.37,0,"","","",""
M2,948,10/20/2023 0:10,17.33,0,"","","",""
M2,949,10/20/2023 0:15,17.29,0,"","","",""
M2,950,10/20/2023 0:20,17.2,0,"","","",""
M2,951,10/20/2023 0:25,17.07,0,"","","",""
M2,952,10/20/2023 0:30,17.07,0,"","","",""
M2,953,10/20/2023 0:35,17.03,0,"","","",""
M2,954,10/20/2023 0:40,17.07,0,"","","",""
M2,955,10/20/2023 0:45,17.2,0,"","","",""
M2,956,10/20/2023 0:50,17.2,0,"","","",""
M2,957,10/20/2023 0:55,17.2,0,"","","",""
M2,958,10/20/2023 1:00,17.16,0,"","","",""
M2,959,10/20/2023 1:05,17.03,0,"","","",""
M2,960,10/20/2023 1:10,16.99,0,"","","",""
M2,961,10/20/2023 1:15,16.94,0,"","","",""
M2,962,10/20/2023 1:20,16.94,0,"","","",""
M2,963,10/20/2023 1:25,16.99,0,"","","",""
M2,964,10/20/2023 1:30,17.03,0,"","","",""
M2,965,10/20/2023 1:35,17.07,0,"","","",""
M2,966,10/20/2023 1:40,17.07,0,"","","",""
M2,967,10/20/2023 1:45,16.99,0,"","","",""
M2,968,10/20/2023 1:50,17.03,0,"","","",""
M2,969,10/20/2023 1:55,17.03,0,"","","",""
M2,970,10/20/2023 2:00,17.03,0,"","","",""
M2,971,10/20/2023 2:05,16.99,0,"","","",""
M2,972,10/20/2023 2:10,17.03,0,"","","",""
M2,973,10/20/2023 2:15,16.99,0,"","","",""
M2,974,10/20/2023 2:20,16.94,0,"","","",""
M2,975,10/20/2023 2:25,16.94,0,"","","",""
M2,976,10/20/2023 2:30,16.9,0,"","","",""
M2,977,10/20/2023 2:35,16.9,0,"","","",""
M2,978,10/20/2023 2:40,16.86,0,"","","",""
M2,979,10/20/2023 2:45,16.86,0,"","","",""
M2,980,10/20/2023 2:50,16.81,0,"","","",""
M2,981,10/20/2023 2:55,16.73,0,"","","",""
M2,982,10/20/2023 3:00,16.77,0,"","","",""
M2,983,10/20/2023 3:05,16.69,0,"","","",""
M2,984,10/20/2023 3:10,16.64,0,"","","",""
M2,985,10/20/2023 3:15,16.69,0,"","","",""
M2,986,10/20/2023 3:20,16.64,0,"","","",""
M2,987,10/20/2023 3:25,16.77,0,"","","",""
M2,988,10/20/2023 3:30,16.73,0,"","","",""
M2,989,10/20/2023 3:35,16.77,0,"","","",""
M2,990,10/20/2023 3:40,16.73,0,"","","",""
M2,991,10/20/2023 3:45,16.73,0,"","","",""
M2,992,10/20/2023 3:50,16.73,0,"","","",""
M2,993,10/20/2023 3:55,16.73,0,"","","",""
M2,994,10/20/2023 4:00,16.64,0,"","","",""
M2,995,10/20/2023 4:05,16.69,0,"","","",""
M2,996,10/20/2023 4:10,16.64,0,"","","",""
M2,997,10/20/2023 4:15,16.69,0,"","","",""
M2,998,10/20/2023 4:20,16.64,0,"","","",""
M2,999,10/20/2023 4:25,16.69,0,"","","",""
M2,1000,10/20/2023 4:30,16.64,0,"","","",""
M2,1001,10/20/2023 4:35,16.64,0,"","","",""
M2,1002,10/20/2023 4:40,16.64,0,"","","",""
M2,1003,10/20/2023 4:45,16.64,0,"","","",""
M2,1004,10/20/2023 4:50,16.64,0,"","","",""
M2,1005,10/20/2023 4:55,16.6,0,"","","",""
M2,1006,10/20/2023 5:00,16.6,0,"","","",""
M2,1007,10/20/2023 5:05,16.64,0,"","","",""
M2,1008,10/20/2023 5:10,16.64,0,"","","",""
M2,1009,10/20/2023 5:15,16.56,0,"","","",""
M2,1010,10/20/2023 5:20,16.64,0,"","","",""
M2,1011,10/20/2023 5:25,16.73,0,"","","",""
M2,1012,10/20/2023 5:30,16.73,0,"","","",""
M2,1013,10/20/2023 5:35,16.73,0,"","","",""
M2,1014,10/20/2023 5:40,16.69,0,"","","",""
M2,1015,10/20/2023 5:45,16.64,0,"","","",""
M2,1016,10/20/2023 5:50,16.64,0,"","","",""
M2,1017,10/20/2023 5:55,16.69,0,"","","",""
M2,1018,10/20/2023 6:00,16.69,0,"","","",""
M2,1019,10/20/2023 6:05,16.81,0,"","","",""
M2,1020,10/20/2023 6:10,16.81,0,"","","",""
M2,1021,10/20/2023 6:15,16.77,0,"","","",""
M2,1022,10/20/2023 6:20,16.81,0,"","","",""
M2,1023,10/20/2023 6:25,16.81,0,"","","",""
M2,1024,10/20/2023 6:30,16.9,0,"","","",""
M2,1025,10/20/2023 6:35,16.86,1.95,"","","",""
M2,1026,10/20/2023 6:40,16.9,5.2,"","","",""
M2,1027,10/20/2023 6:45,16.94,38.41,"","","",""
M2,1028,10/20/2023 6:50,17.03,50.12,"","","",""
M2,1029,10/20/2023 6:55,17.07,133.48,"","","",""
M2,1030,10/20/2023 7:00,17.11,229.6,"","","",""
M2,1031,10/20/2023 7:05,17.07,451.84,"","","",""
M2,1032,10/20/2023 7:10,17.2,181.28,"","","",""
M2,1033,10/20/2023 7:15,17.16,919.36,"","","",""
M2,1034,10/20/2023 7:20,17.16,710.08,"","","",""
M2,1035,10/20/2023 7:25,17.2,1753.6,"","","",""
M2,1036,10/20/2023 7:30,17.29,3008,"","","",""
M2,1037,10/20/2023 7:35,17.29,2437.76,"","","",""
M2,1038,10/20/2023 7:40,17.33,4527.36,"","","",""
M2,1039,10/20/2023 7:45,17.37,3653.12,"","","",""
M2,1040,10/20/2023 7:50,17.41,3329.28,"","","",""
M2,1041,10/20/2023 7:55,17.46,4871.68,"","","",""
M2,1042,10/20/2023 8:00,17.5,4247.04,"","","",""
M2,1043,10/20/2023 8:05,17.59,10383.36,"","","",""
M2,1044,10/20/2023 8:10,17.54,5672.96,"","","",""
M2,1045,10/20/2023 8:15,17.63,7252.48,"","","",""
M2,1046,10/20/2023 8:20,17.67,11243.52,"","","",""
M2,1047,10/20/2023 8:25,17.59,9500.16,"","","",""
M2,1048,10/20/2023 8:30,17.76,8640,"","","",""
M2,1049,10/20/2023 8:35,17.76,12610.56,"","","",""
M2,1050,10/20/2023 8:40,17.89,19210.24,"","","",""
M2,1051,10/20/2023 8:45,17.89,3545.6,"","","",""
M2,1052,10/20/2023 8:50,17.93,16742.4,"","","",""
M2,1053,10/20/2023 8:55,18.06,11929.6,"","","",""
M2,1054,10/20/2023 9:00,17.93,16394.24,"","","",""
M2,1055,10/20/2023 9:05,18.1,18457.6,"","","",""
M2,1056,10/20/2023 9:10,18.06,6538.24,"","","",""
M2,1057,10/20/2023 9:15,18.1,3064.32,"","","",""
M2,1058,10/20/2023 9:20,18.23,115.44,"","","",""
M2,1059,10/20/2023 9:25,18.27,18785.28,"","","",""
M2,1060,10/20/2023 9:30,18.23,12748.8,"","","",""
M2,1061,10/20/2023 9:35,18.36,27688.96,"","","",""
M2,1062,10/20/2023 9:40,18.14,15242.24,"","","",""
M2,1063,10/20/2023 9:45,18.4,26183.68,"","","",""
M2,1064,10/20/2023 9:50,18.4,29583.36,"","","",""
M2,1065,10/20/2023 9:55,18.27,16296.96,"","","",""
M2,1066,10/20/2023 10:00,18.49,15313.92,"","","",""
M2,1067,10/20/2023 10:05,18.53,30177.28,"","","",""
M2,1068,10/20/2023 10:10,18.57,22323.2,"","","",""
M2,1069,10/20/2023 10:15,18.83,10119.68,"","","",""
M2,1070,10/20/2023 10:20,18.4,7528.96,"","","",""
M2,1071,10/20/2023 10:25,18.49,8814.08,"","","",""
M2,1072,10/20/2023 10:30,18.74,29153.28,"","","",""
M2,1073,10/20/2023 10:35,18.49,18672.64,"","","",""
M2,1074,10/20/2023 10:40,18.7,12057.6,"","","",""
M2,1075,10/20/2023 10:45,18.92,23500.8,"","","",""
M2,1076,10/20/2023 10:50,18.96,19056.64,"","","",""
M2,1077,10/20/2023 10:55,18.92,29552.64,"","","",""
M2,1078,10/20/2023 11:00,18.96,32665.6,"","","",""
M2,1079,10/20/2023 11:05,19,26613.76,"","","",""
M2,1080,10/20/2023 11:10,18.79,26419.2,"","","",""
M2,1081,10/20/2023 11:15,19,20920.32,"","","",""
M2,1082,10/20/2023 11:20,18.83,8186.88,"","","",""
M2,1083,10/20/2023 11:25,18.87,5329.92,"","","",""
M2,1084,10/20/2023 11:30,19.13,30310.4,"","","",""
M2,1085,10/20/2023 11:35,18.83,20270.08,"","","",""
M2,1086,10/20/2023 11:40,18.74,16855.04,"","","",""
M2,1087,10/20/2023 11:45,18.96,17310.72,"","","",""
M2,1088,10/20/2023 11:50,19.09,28600.32,"","","",""
M2,1089,10/20/2023 11:55,19.26,30740.48,"","","",""
M2,1090,10/20/2023 12:00,19.09,19307.52,"","","",""
M2,1091,10/20/2023 12:05,18.96,19374.08,"","","",""
M2,1092,10/20/2023 12:10,19.09,32296.96,"","","",""
M2,1093,10/20/2023 12:15,19.26,22097.92,"","","",""
M2,1094,10/20/2023 12:20,19.05,26746.88,"","","",""
M2,1095,10/20/2023 12:25,19,16537.6,"","","",""
M2,1096,10/20/2023 12:30,19,28682.24,"","","",""
M2,1097,10/20/2023 12:35,19.13,31139.84,"","","",""
M2,1098,10/20/2023 12:40,19.09,29655.04,"","","",""
M2,1099,10/20/2023 12:45,18.96,15349.76,"","","",""
M2,1100,10/20/2023 12:50,19,12375.04,"","","",""
M2,1101,10/20/2023 12:55,19.05,27668.48,"","","",""
M2,1102,10/20/2023 13:00,19,10900.48,"","","",""
M2,1103,10/20/2023 13:05,18.79,27033.6,"","","",""
M2,1104,10/20/2023 13:10,18.83,457.44,"","","",""
M2,1105,10/20/2023 13:15,18.7,19522.56,"","","",""
M2,1106,10/20/2023 13:20,18.66,24842.24,"","","",""
M2,1107,10/20/2023 13:25,18.7,22906.88,"","","",""
M2,1108,10/20/2023 13:30,18.79,11719.68,"","","",""
M2,1109,10/20/2023 13:35,18.87,22620.16,"","","",""
M2,1110,10/20/2023 13:40,18.62,19307.52,"","","",""
M2,1111,10/20/2023 13:45,18.87,16409.6,"","","",""
M2,1112,10/20/2023 13:50,18.83,20034.56,"","","",""
M2,1113,10/20/2023 13:55,18.87,30177.28,"","","",""
M2,1114,10/20/2023 14:00,18.87,15400.96,"","","",""
M2,1115,10/20/2023 14:05,18.74,14612.48,"","","",""
M2,1116,10/20/2023 14:10,18.7,19737.6,"","","",""
M2,1117,10/20/2023 14:15,18.66,15498.24,"","","",""
M2,1118,10/20/2023 14:20,18.7,11074.56,"","","",""
M2,1119,10/20/2023 14:25,18.66,21217.28,"","","",""
M2,1120,10/20/2023 14:30,18.66,23592.96,"","","",""
M2,1121,10/20/2023 14:35,18.74,16266.24,"","","",""
M2,1122,10/20/2023 14:40,18.66,19466.24,"","","",""
M2,1123,10/20/2023 14:45,18.49,2535.04,"","","",""
M2,1124,10/20/2023 14:50,18.66,20111.36,"","","",""
M2,1125,10/20/2023 14:55,18.74,4764.16,"","","",""
M2,1126,10/20/2023 15:00,18.66,8563.2,"","","",""
M2,1127,10/20/2023 15:05,18.7,5811.2,"","","",""
M2,1128,10/20/2023 15:10,18.66,8069.12,"","","",""
M2,1129,10/20/2023 15:15,18.79,6379.52,"","","",""
M2,1130,10/20/2023 15:20,18.7,11484.16,"","","",""
M2,1131,10/20/2023 15:25,18.66,890.24,"","","",""
M2,1132,10/20/2023 15:30,18.83,11366.4,"","","",""
M2,1133,10/20/2023 15:35,18.79,10209.28,"","","",""
M2,1134,10/20/2023 15:40,18.7,9062.4,"","","",""
M2,1135,10/20/2023 15:45,18.83,9354.24,"","","",""
M2,1136,10/20/2023 15:50,18.74,4364.8,"","","",""
M2,1137,10/20/2023 15:55,18.79,9827.84,"","","",""
M2,1138,10/20/2023 16:00,18.83,12825.6,"","","",""
M2,1139,10/20/2023 16:05,18.92,8888.32,"","","",""
M2,1140,10/20/2023 16:10,18.92,8263.68,"","","",""
M2,1141,10/20/2023 16:15,18.92,8417.28,"","","",""
M2,1142,10/20/2023 16:20,18.92,9292.8,"","","",""
M2,1143,10/20/2023 16:25,18.83,3289.6,"","","",""
M2,1144,10/20/2023 16:30,18.96,6525.44,"","","",""
M2,1145,10/20/2023 16:35,19,10542.08,"","","",""
M2,1146,10/20/2023 16:40,18.96,5895.68,"","","",""
M2,1147,10/20/2023 16:45,18.87,137.72,"","","",""
M2,1148,10/20/2023 16:50,18.92,4576,"","","",""
M2,1149,10/20/2023 16:55,18.96,5888,"","","",""
M2,1150,10/20/2023 17:00,19.05,2053.76,"","","",""
M2,1151,10/20/2023 17:05,19.05,1200.64,"","","",""
M2,1152,10/20/2023 17:10,19.05,5218.56,"","","",""
M2,1153,10/20/2023 17:15,19,192.56,"","","",""
M2,1154,10/20/2023 17:20,19.05,1212.8,"","","",""
M2,1155,10/20/2023 17:25,19,4229.12,"","","",""
M2,1156,10/20/2023 17:30,19,2017.28,"","","",""
M2,1157,10/20/2023 17:35,19.05,1706.88,"","","",""
M2,1158,10/20/2023 17:40,19,3655.68,"","","",""
M2,1159,10/20/2023 17:45,19,1807.36,"","","",""
M2,1250,10/21/2023 1:20,16.34,0,"","","",""
M2,1251,10/21/2023 1:25,16.3,0,"","","",""
M2,1252,10/21/2023 1:30,16.26,0,"","","",""
M2,1253,10/21/2023 1:35,16.3,0,"","","",""
M2,1254,10/21/2023 1:40,16.3,0,"","","",""
M2,1255,10/21/2023 1:45,16.26,0,"","","",""
M2,1256,10/21/2023 1:50,16.26,0,"","","",""
M2,1257,10/21/2023 1:55,16.3,0,"","","",""
M2,1258,10/21/2023 2:00,16.3,0,"","","",""
M2,1259,10/21/2023 2:05,16.3,0,"","","",""
M2,1260,10/21/2023 2:10,16.34,0,"","","",""
M2,1261,10/21/2023 2:15,16.3,0,"","","",""
M2,1262,10/21/2023 2:20,16.3,0,"","","",""
M2,1263,10/21/2023 2:25,16.26,0,"","","",""
M2,1264,10/21/2023 2:30,16.26,0,"","","",""
M2,1265,10/21/2023 2:35,16.26,0,"","","",""
M2,1266,10/21/2023 2:40,16.3,0,"","","",""
M2,1267,10/21/2023 2:45,16.21,0,"","","",""
M2,1268,10/21/2023 2:50,16.26,0,"","","",""
M2,1269,10/21/2023 2:55,16.21,0,"","","",""
M2,1270,10/21/2023 3:00,16.21,0,"","","",""
M2,1271,10/21/2023 3:05,16.26,0,"","","",""
M2,1272,10/21/2023 3:10,16.21,0,"","","",""
M2,1273,10/21/2023 3:15,16.26,0,"","","",""
M2,1274,10/21/2023 3:20,16.21,0,"","","",""
M2,1275,10/21/2023 3:25,16.17,0,"","","",""
M2,1276,10/21/2023 3:30,16.21,0,"","","",""
M2,1277,10/21/2023 3:35,16.17,0,"","","",""
M2,1278,10/21/2023 3:40,16.17,0,"","","",""
M2,1279,10/21/2023 3:45,16.17,0,"","","",""
M2,1280,10/21/2023 3:50,16.13,0,"","","",""
M2,1281,10/21/2023 3:55,16.08,0,"","","",""
M2,1282,10/21/2023 4:00,16.17,0,"","","",""
M2,1283,10/21/2023 4:05,16.08,0,"","","",""
M2,1284,10/21/2023 4:10,16.08,0,"","","",""
M2,1285,10/21/2023 4:15,16,0,"","","",""
M2,1286,10/21/2023 4:20,15.91,0,"","","",""
M2,1287,10/21/2023 4:25,15.96,0,"","","",""
M2,1288,10/21/2023 4:30,15.96,0,"","","",""
M2,1289,10/21/2023 4:35,15.96,0,"","","",""
M2,1290,10/21/2023 4:40,15.96,0,"","","",""
M2,1291,10/21/2023 4:45,15.96,0,"","","",""
M2,1292,10/21/2023 4:50,15.87,0,"","","",""
M2,1293,10/21/2023 4:55,15.91,0,"","","",""
M2,1294,10/21/2023 5:00,15.91,0,"","","",""
M2,1295,10/21/2023 5:05,15.91,0,"","","",""
M2,1296,10/21/2023 5:10,15.91,0,"","","",""
M2,1297,10/21/2023 5:15,15.87,0,"","","",""
M2,1298,10/21/2023 5:20,15.83,0,"","","",""
M2,1299,10/21/2023 5:25,15.87,0,"","","",""
M2,1300,10/21/2023 5:30,15.91,0,"","","",""
M2,1301,10/21/2023 5:35,15.91,0,"","","",""
M2,1302,10/21/2023 5:40,15.96,0,"","","",""
M2,1303,10/21/2023 5:45,15.91,0,"","","",""
M2,1304,10/21/2023 5:50,15.83,0,"","","",""
M2,1305,10/21/2023 5:55,15.87,0,"","","",""
M2,1306,10/21/2023 6:00,15.96,0,"","","",""
M2,1307,10/21/2023 6:05,16,0,"","","",""
M2,1308,10/21/2023 6:10,15.91,0,"","","",""
M2,1309,10/21/2023 6:15,15.87,0,"","","",""
M2,1310,10/21/2023 6:20,16,0,"","","",""
M2,1311,10/21/2023 6:25,16,0,"","","",""
M2,1312,10/21/2023 6:30,15.87,0,"","","",""
M2,1313,10/21/2023 6:35,15.91,0,"","","",""
M2,1314,10/21/2023 6:40,15.96,4.12,"","","",""
M2,1315,10/21/2023 6:45,15.91,7.59,"","","",""
M2,1316,10/21/2023 6:50,15.83,27.45,"","","",""
M2,1317,10/21/2023 6:55,15.87,54.04,"","","",""
M2,1318,10/21/2023 7:00,15.96,156.16,"","","",""
M2,1319,10/21/2023 7:05,16,383.04,"","","",""
M2,1320,10/21/2023 7:10,16.04,478.24,"","","",""
M2,1321,10/21/2023 7:15,16.08,273.92,"","","",""
M2,1322,10/21/2023 7:20,16.08,757.44,"","","",""
M2,1323,10/21/2023 7:25,15.96,1124.16,"","","",""
M2,1324,10/21/2023 7:30,15.91,2293.76,"","","",""
M2,1325,10/21/2023 7:35,15.91,1633.92,"","","",""
M2,1326,10/21/2023 7:40,16,1381.76,"","","",""
M2,1327,10/21/2023 7:45,16.08,2758.4,"","","",""
M2,1328,10/21/2023 7:50,16.08,7239.68,"","","",""
M2,1329,10/21/2023 7:55,16.17,4330.24,"","","",""
M2,1330,10/21/2023 8:00,16.34,218.88,"","","",""
M2,1331,10/21/2023 8:05,16.43,6284.8,"","","",""
M2,1332,10/21/2023 8:10,16.39,7462.4,"","","",""
M2,1333,10/21/2023 8:15,16.47,5708.8,"","","",""
M2,1334,10/21/2023 8:20,16.51,8506.88,"","","",""
M2,1335,10/21/2023 8:25,16.6,4611.84,"","","",""
M2,1336,10/21/2023 8:30,16.51,4409.6,"","","",""
M2,1337,10/21/2023 8:35,16.64,11868.16,"","","",""
M2,1338,10/21/2023 8:40,16.73,7723.52,"","","",""
M2,1339,10/21/2023 8:45,16.73,300.8,"","","",""
M2,1340,10/21/2023 8:50,16.81,25681.92,"","","",""
M2,1341,10/21/2023 8:55,16.86,15979.52,"","","",""
M2,1342,10/21/2023 9:00,16.99,10104.32,"","","",""
M2,1343,10/21/2023 9:05,16.86,6968.32,"","","",""
M2,1344,10/21/2023 9:10,17.11,14320.64,"","","",""
M2,1345,10/21/2023 9:15,17.11,12513.28,"","","",""
M2,1346,10/21/2023 9:20,17.24,12492.8,"","","",""
M2,1347,10/21/2023 9:25,17.46,9730.56,"","","",""
M2,1348,10/21/2023 9:30,17.41,28405.76,"","","",""
M2,1349,10/21/2023 9:35,17.59,37928.96,"","","",""
M2,1350,10/21/2023 9:40,17.59,15165.44,"","","",""
M2,1351,10/21/2023 9:45,17.67,941.12,"","","",""
M2,1352,10/21/2023 9:50,17.67,7006.72,"","","",""
M2,1353,10/21/2023 9:55,17.8,29030.4,"","","",""
M2,1354,10/21/2023 10:00,17.67,29890.56,"","","",""
M2,1355,10/21/2023 10:05,17.89,18959.36,"","","",""
M2,1356,10/21/2023 10:10,18.06,19614.72,"","","",""
M2,1357,10/21/2023 10:15,18.06,34816,"","","",""
M2,1358,10/21/2023 10:20,18.27,26787.84,"","","",""
M2,1359,10/21/2023 10:25,18.4,19266.56,"","","",""
M2,1360,10/21/2023 10:30,18.36,27914.24,"","","",""
M2,1361,10/21/2023 10:35,18.44,26542.08,"","","",""
M2,1362,10/21/2023 10:40,18.32,22947.84,"","","",""
M2,1363,10/21/2023 10:45,18.57,22456.32,"","","",""
M2,1364,10/21/2023 10:50,18.57,31221.76,"","","",""
M2,1365,10/21/2023 10:55,18.57,31283.2,"","","",""
M2,1366,10/21/2023 11:00,18.44,29122.56,"","","",""
M2,1367,10/21/2023 11:05,18.53,37181.44,"","","",""
M2,1368,10/21/2023 11:10,18.4,25692.16,"","","",""
M2,1369,10/21/2023 11:15,18.66,41625.6,"","","",""
M2,1370,10/21/2023 11:20,18.57,24821.76,"","","",""
M2,1371,10/21/2023 11:25,18.83,36249.6,"","","",""
M2,1372,10/21/2023 11:30,18.96,49561.6,"","","",""
M2,1373,10/21/2023 11:35,18.7,24453.12,"","","",""
M2,1374,10/21/2023 11:40,18.87,49131.52,"","","",""
M2,1375,10/21/2023 11:45,18.96,27719.68,"","","",""
M2,1376,10/21/2023 11:50,19.05,51527.68,"","","",""
M2,1377,10/21/2023 11:55,19,15237.12,"","","",""
M2,1378,10/21/2023 12:00,18.96,44052.48,"","","",""
M2,1379,10/21/2023 12:05,19.13,59064.32,"","","",""
M2,1380,10/21/2023 12:10,19.26,39782.4,"","","",""
M2,1381,10/21/2023 12:15,19.05,26869.76,"","","",""
M2,1382,10/21/2023 12:20,19,30720,"","","",""
M2,1383,10/21/2023 12:25,18.92,20725.76,"","","",""
M2,1384,10/21/2023 12:30,19.05,31877.12,"","","",""
M2,1385,10/21/2023 12:35,18.83,26204.16,"","","",""
M2,1386,10/21/2023 12:40,18.96,25763.84,"","","",""
M2,1387,10/21/2023 12:45,19,30586.88,"","","",""
M2,1388,10/21/2023 12:50,18.92,34734.08,"","","",""
M2,1389,10/21/2023 12:55,19.13,32266.24,"","","",""
M2,1390,10/21/2023 13:00,18.96,33239.04,"","","",""
M2,1391,10/21/2023 13:05,18.96,26920.96,"","","",""
M2,1392,10/21/2023 13:10,19.09,33935.36,"","","",""
M2,1393,10/21/2023 13:15,18.83,36352,"","","",""
M2,1394,10/21/2023 13:20,18.79,19409.92,"","","",""
M2,1395,10/21/2023 13:25,18.87,27914.24,"","","",""
M2,1396,10/21/2023 13:30,18.74,29706.24,"","","",""
M2,1397,10/21/2023 13:35,18.87,31846.4,"","","",""
M2,1398,10/21/2023 13:40,18.96,48168.96,"","","",""
M2,1399,10/21/2023 13:45,18.83,29491.2,"","","",""
M2,1400,10/21/2023 13:50,18.83,26101.76,"","","",""
M2,1401,10/21/2023 13:55,18.7,29399.04,"","","",""
M2,1402,10/21/2023 14:00,18.7,17868.8,"","","",""
M2,1403,10/21/2023 14:05,18.62,14305.28,"","","",""
M2,1404,10/21/2023 14:10,18.62,17085.44,"","","",""
M2,1405,10/21/2023 14:15,18.66,23572.48,"","","",""
M2,1406,10/21/2023 14:20,18.57,16706.56,"","","",""
M2,1407,10/21/2023 14:25,18.57,16465.92,"","","",""
M2,1408,10/21/2023 14:30,18.62,19077.12,"","","",""
M2,1409,10/21/2023 14:35,18.57,22487.04,"","","",""
M2,1410,10/21/2023 14:40,18.57,13317.12,"","","",""
M2,1411,10/21/2023 14:45,18.53,17064.96,"","","",""
M2,1412,10/21/2023 14:50,18.53,14069.76,"","","",""
M2,1413,10/21/2023 14:55,18.4,7083.52,"","","",""
M2,1414,10/21/2023 15:00,18.49,14417.92,"","","",""
M2,1415,10/21/2023 15:05,18.36,15974.4,"","","",""
M2,1416,10/21/2023 15:10,18.4,16793.6,"","","",""
M2,1417,10/21/2023 15:15,18.4,11873.28,"","","",""
M2,1418,10/21/2023 15:20,18.27,13562.88,"","","",""
M2,1419,10/21/2023 15:25,18.32,11904,"","","",""
M2,1420,10/21/2023 15:30,18.32,9564.16,"","","",""
M2,1421,10/21/2023 15:35,18.36,8765.44,"","","",""
M2,1422,10/21/2023 15:40,18.44,9443.84,"","","",""
M2,1423,10/21/2023 15:45,18.4,9902.08,"","","",""
M2,1424,10/21/2023 15:50,18.4,7513.6,"","","",""
M2,1425,10/21/2023 15:55,18.4,9228.8,"","","",""
M2,1426,10/21/2023 16:00,18.36,7715.84,"","","",""
M2,1427,10/21/2023 16:05,18.32,7825.92,"","","",""
M2,1428,10/21/2023 16:10,18.4,6888.96,"","","",""
M2,1429,10/21/2023 16:15,18.36,5169.92,"","","",""
M2,1430,10/21/2023 16:20,18.32,5888,"","","",""
M2,1431,10/21/2023 16:25,18.32,5396.48,"","","",""
M2,1432,10/21/2023 16:30,18.36,5788.16,"","","",""
M2,1433,10/21/2023 16:35,18.36,5888,"","","",""
M2,1434,10/21/2023 16:40,18.32,5314.56,"","","",""
M2,1435,10/21/2023 16:45,18.27,4549.12,"","","",""
M2,1436,10/21/2023 16:50,18.27,4500.48,"","","",""
M2,1437,10/21/2023 16:55,18.27,4239.36,"","","",""
M2,1438,10/21/2023 17:00,18.23,4121.6,"","","",""
M2,1439,10/21/2023 17:05,18.27,2528,"","","",""
M2,1440,10/21/2023 17:10,18.23,2937.6,"","","",""
M2,1441,10/21/2023 17:15,18.19,2151.04,"","","",""
M2,1442,10/21/2023 17:20,18.14,2892.8,"","","",""
M2,1443,10/21/2023 17:25,18.14,2375.04,"","","",""
M2,1444,10/21/2023 17:30,18.1,2017.28,"","","",""
M2,1445,10/21/2023 17:35,18.06,2045.44,"","","",""
M2,1446,10/21/2023 17:40,18.06,1772.8,"","","",""
M2,1447,10/21/2023 17:45,18.02,1810.56,"","","",""
M2,1448,10/21/2023 17:50,17.97,1274.24,"","","",""
M2,1449,10/21/2023 17:55,17.93,924.48,"","","",""
M2,1450,10/21/2023 18:00,17.97,821.76,"","","",""
M2,1451,10/21/2023 18:05,17.93,561.6,"","","",""
M2,1452,10/21/2023 18:10,17.93,384.8,"","","",""
M2,1453,10/21/2023 18:15,17.93,108.96,"","","",""
M2,1454,10/21/2023 18:20,17.89,101.24,"","","",""
M2,1455,10/21/2023 18:25,17.89,40.53,"","","",""
M2,1456,10/21/2023 18:30,17.93,11.31,"","","",""
M2,1457,10/21/2023 18:35,17.89,2.6,"","","",""
M2,1458,10/21/2023 18:40,17.93,0.43,"","","",""
M2,1459,10/21/2023 18:45,17.89,0,"","","",""
M2,1460,10/21/2023 18:50,17.89,0,"","","",""
M2,1461,10/21/2023 18:55,17.89,0,"","","",""
M2,1462,10/21/2023 19:00,17.89,0,"","","",""
M2,1463,10/21/2023 19:05,17.93,0,"","","",""
M2,1551,10/22/2023 2:25,17.03,0,"","","",""
M2,1552,10/22/2023 2:30,16.99,0,"","","",""
M2,1553,10/22/2023 2:35,17.03,0,"","","",""
M2,1554,10/22/2023 2:40,17.03,0,"","","",""
M2,1555,10/22/2023 2:45,17.03,0,"","","",""
M2,1556,10/22/2023 2:50,16.99,0,"","","",""
M2,1557,10/22/2023 2:55,16.99,0,"","","",""
M2,1558,10/22/2023 3:00,16.99,0,"","","",""
M2,1559,10/22/2023 3:05,16.99,0,"","","",""
M2,1560,10/22/2023 3:10,16.94,0,"","","",""
M2,1561,10/22/2023 3:15,16.99,0,"","","",""
M2,1562,10/22/2023 3:20,16.99,0,"","","",""
M2,1563,10/22/2023 3:25,16.94,0,"","","",""
M2,1564,10/22/2023 3:30,16.99,0,"","","",""
M2,1565,10/22/2023 3:35,16.94,0,"","","",""
M2,1566,10/22/2023 3:40,16.94,0,"","","",""
M2,1567,10/22/2023 3:45,16.94,0,"","","",""
M2,1568,10/22/2023 3:50,16.94,0,"","","",""
M2,1569,10/22/2023 3:55,16.94,0,"","","",""
M2,1570,10/22/2023 4:00,16.94,0,"","","",""
M2,1571,10/22/2023 4:05,16.94,0,"","","",""
M2,1572,10/22/2023 4:10,16.9,0,"","","",""
M2,1573,10/22/2023 4:15,16.94,0,"","","",""
M2,1574,10/22/2023 4:20,16.9,0,"","","",""
M2,1575,10/22/2023 4:25,16.94,0,"","","",""
M2,1576,10/22/2023 4:30,16.94,0,"","","",""
M2,1577,10/22/2023 4:35,16.9,0,"","","",""
M2,1578,10/22/2023 4:40,16.94,0,"","","",""
M2,1579,10/22/2023 4:45,16.9,0,"","","",""
M2,1580,10/22/2023 4:50,16.9,0,"","","",""
M2,1581,10/22/2023 4:55,16.86,0,"","","",""
M2,1582,10/22/2023 5:00,16.9,0,"","","",""
M2,1583,10/22/2023 5:05,16.86,0,"","","",""
M2,1584,10/22/2023 5:10,16.9,0,"","","",""
M2,1585,10/22/2023 5:15,16.86,0,"","","",""
M2,1586,10/22/2023 5:20,16.9,0,"","","",""
M2,1587,10/22/2023 5:25,16.86,0,"","","",""
M2,1588,10/22/2023 5:30,16.9,0,"","","",""
M2,1589,10/22/2023 5:35,16.81,0,"","","",""
M2,1590,10/22/2023 5:40,16.86,0,"","","",""
M2,1591,10/22/2023 5:45,16.86,0,"","","",""
M2,1592,10/22/2023 5:50,16.86,0,"","","",""
M2,1593,10/22/2023 5:55,16.81,0,"","","",""
M2,1594,10/22/2023 6:00,16.77,0,"","","",""
M2,1595,10/22/2023 6:05,16.81,0,"","","",""
M2,1596,10/22/2023 6:10,16.81,0,"","","",""
M2,1597,10/22/2023 6:15,16.81,0,"","","",""
M2,1598,10/22/2023 6:20,16.77,0,"","","",""
M2,1599,10/22/2023 6:25,16.77,0,"","","",""
M2,1600,10/22/2023 6:30,16.73,0,"","","",""
M2,1601,10/22/2023 6:35,16.73,0,"","","",""
M2,1602,10/22/2023 6:40,16.77,0.21,"","","",""
M2,1603,10/22/2023 6:45,16.73,14.13,"","","",""
M2,1604,10/22/2023 6:50,16.73,25.47,"","","",""
M2,1605,10/22/2023 6:55,16.77,76.78,"","","",""
M2,1606,10/22/2023 7:00,16.77,228.72,"","","",""
M2,1607,10/22/2023 7:05,16.73,375.2,"","","",""
M2,1608,10/22/2023 7:10,16.77,384.48,"","","",""
M2,1609,10/22/2023 7:15,16.77,863.68,"","","",""
M2,1610,10/22/2023 7:20,16.77,1310.72,"","","",""
M2,1611,10/22/2023 7:25,16.81,1536.64,"","","",""
M2,1612,10/22/2023 7:30,16.86,1142.4,"","","",""
M2,1613,10/22/2023 7:35,16.86,3197.44,"","","",""
M2,1614,10/22/2023 7:40,16.86,1746.56,"","","",""
M2,1615,10/22/2023 7:45,16.94,3767.04,"","","",""
M2,1616,10/22/2023 7:50,16.99,3178.24,"","","",""
M2,1617,10/22/2023 7:55,16.94,3837.44,"","","",""
M2,1618,10/22/2023 8:00,16.94,6215.68,"","","",""
M2,1619,10/22/2023 8:05,17.07,2510.72,"","","",""
M2,1620,10/22/2023 8:10,17.16,10437.12,"","","",""
M2,1621,10/22/2023 8:15,17.11,5992.96,"","","",""
M2,1622,10/22/2023 8:20,17.29,14095.36,"","","",""
M2,1623,10/22/2023 8:25,17.29,9402.88,"","","",""
M2,1624,10/22/2023 8:30,17.59,3944.96,"","","",""
M2,1625,10/22/2023 8:35,17.5,13752.32,"","","",""
M2,1626,10/22/2023 8:40,17.5,15861.76,"","","",""
M2,1627,10/22/2023 8:45,17.67,10900.48,"","","",""
M2,1628,10/22/2023 8:50,17.67,16230.4,"","","",""
M2,1629,10/22/2023 8:55,17.67,10880,"","","",""
M2,1630,10/22/2023 9:00,17.8,6947.84,"","","",""
M2,1631,10/22/2023 9:05,17.97,17418.24,"","","",""
M2,1632,10/22/2023 9:10,17.97,29050.88,"","","",""
M2,1633,10/22/2023 9:15,17.97,13199.36,"","","",""
M2,1634,10/22/2023 9:20,17.93,16312.32,"","","",""
M2,1635,10/22/2023 9:25,17.97,23347.2,"","","",""
M2,1636,10/22/2023 9:30,18.36,36014.08,"","","",""
M2,1637,10/22/2023 9:35,18.44,22497.28,"","","",""
M2,1638,10/22/2023 9:40,18.62,22364.16,"","","",""
M2,1639,10/22/2023 9:45,18.7,32880.64,"","","",""
M2,1640,10/22/2023 9:50,18.23,18933.76,"","","",""
M2,1641,10/22/2023 9:55,18.27,17536,"","","",""
M2,1642,10/22/2023 10:00,18.27,13716.48,"","","",""
M2,1643,10/22/2023 10:05,18.49,18252.8,"","","",""
M2,1644,10/22/2023 10:10,18.23,16440.32,"","","",""
M2,1645,10/22/2023 10:15,18.74,32071.68,"","","",""
M2,1646,10/22/2023 10:20,18.74,22272,"","","",""
M2,1647,10/22/2023 10:25,18.87,31375.36,"","","",""
M2,1648,10/22/2023 10:30,19.09,19932.16,"","","",""
M2,1649,10/22/2023 10:35,19.09,22282.24,"","","",""
M2,1650,10/22/2023 10:40,19.09,28733.44,"","","",""
M2,1651,10/22/2023 10:45,19.22,31150.08,"","","",""
M2,1652,10/22/2023 10:50,19.09,30566.4,"","","",""
M2,1653,10/22/2023 10:55,19.22,25610.24,"","","",""
M2,1654,10/22/2023 11:00,19.39,46428.16,"","","",""
M2,1655,10/22/2023 11:05,19.3,28047.36,"","","",""
M2,1656,10/22/2023 11:10,19.3,54190.08,"","","",""
M2,1657,10/22/2023 11:15,19.43,61399.04,"","","",""
M2,1658,10/22/2023 11:20,19.39,57978.88,"","","",""
M2,1659,10/22/2023 11:25,19.35,46817.28,"","","",""
M2,1660,10/22/2023 11:30,19.3,28579.84,"","","",""
M2,1661,10/22/2023 11:35,19.43,34908.16,"","","",""
M2,1662,10/22/2023 11:40,19.6,41748.48,"","","",""
M2,1663,10/22/2023 11:45,19.65,55623.68,"","","",""
M2,1664,10/22/2023 11:50,19.56,55357.44,"","","",""
M2,1665,10/22/2023 11:55,19.73,38420.48,"","","",""
M2,1666,10/22/2023 12:00,19.6,49786.88,"","","",""
M2,1667,10/22/2023 12:05,19.35,27289.6,"","","",""
M2,1668,10/22/2023 12:10,19.43,28477.44,"","","",""
M2,1669,10/22/2023 12:15,19.65,25456.64,"","","",""
M2,1670,10/22/2023 12:20,19.43,38277.12,"","","",""
M2,1671,10/22/2023 12:25,19.09,20751.36,"","","",""
M2,1672,10/22/2023 12:30,19.56,38707.2,"","","",""
M2,1673,10/22/2023 12:35,19.43,23603.2,"","","",""
M2,1674,10/22/2023 12:40,19.52,43048.96,"","","",""
M2,1675,10/22/2023 12:45,19.56,41656.32,"","","",""
M2,1676,10/22/2023 12:50,19.56,43192.32,"","","",""
M2,1677,10/22/2023 12:55,19.3,32430.08,"","","",""
M2,1678,10/22/2023 13:00,19.35,25241.6,"","","",""
M2,1679,10/22/2023 13:05,19.35,31805.44,"","","",""
M2,1680,10/22/2023 13:10,19.35,42004.48,"","","",""
M2,1681,10/22/2023 13:15,19.35,30289.92,"","","",""
M2,1682,10/22/2023 13:20,19.26,35778.56,"","","",""
M2,1683,10/22/2023 13:25,19.3,22384.64,"","","",""
M2,1684,10/22/2023 13:30,19.3,54026.24,"","","",""
M2,1685,10/22/2023 13:35,19.05,40253.44,"","","",""
M2,1686,10/22/2023 13:40,19.17,37601.28,"","","",""
M2,1687,10/22/2023 13:45,19.13,30781.44,"","","",""
M2,1688,10/22/2023 13:50,19.05,32962.56,"","","",""
M2,1689,10/22/2023 13:55,19.09,6440.96,"","","",""
M2,1690,10/22/2023 14:00,18.96,26398.72,"","","",""
M2,1691,10/22/2023 14:05,19,30781.44,"","","",""
M2,1692,10/22/2023 14:10,18.83,18339.84,"","","",""
M2,1693,10/22/2023 14:15,18.7,14146.56,"","","",""
M2,1694,10/22/2023 14:20,18.74,16051.2,"","","",""
M2,1695,10/22/2023 14:25,18.7,22804.48,"","","",""
M2,1696,10/22/2023 14:30,18.83,24320,"","","",""
M2,1697,10/22/2023 14:35,18.83,15237.12,"","","",""
M2,1698,10/22/2023 14:40,18.87,28129.28,"","","",""
M2,1699,10/22/2023 14:45,18.87,19292.16,"","","",""
M2,1700,10/22/2023 14:50,18.53,12416,"","","",""
M2,1701,10/22/2023 14:55,18.66,15319.04,"","","",""
M2,1702,10/22/2023 15:00,18.57,12154.88,"","","",""
M2,1703,10/22/2023 15:05,18.79,22681.6,"","","",""
M2,1704,10/22/2023 15:10,18.74,16624.64,"","","",""
M2,1705,10/22/2023 15:15,18.92,16957.44,"","","",""
M2,1706,10/22/2023 15:20,18.79,24217.6,"","","",""
M2,1707,10/22/2023 15:25,18.74,19333.12,"","","",""
M2,1708,10/22/2023 15:30,18.74,14464,"","","",""
M2,1709,10/22/2023 15:35,18.74,18078.72,"","","",""
M2,1710,10/22/2023 15:40,18.79,24606.72,"","","",""
M2,1711,10/22/2023 15:45,18.66,12830.72,"","","",""
M2,1712,10/22/2023 15:50,18.79,18826.24,"","","",""
M2,1713,10/22/2023 15:55,18.74,14356.48,"","","",""
M2,1714,10/22/2023 16:00,18.7,15242.24,"","","",""
M2,1715,10/22/2023 16:05,18.66,14325.76,"","","",""
M2,1716,10/22/2023 16:10,18.7,12165.12,"","","",""
M2,1717,10/22/2023 16:15,18.79,14474.24,"","","",""
M2,1718,10/22/2023 16:20,18.7,10956.8,"","","",""
M2,1719,10/22/2023 16:25,18.74,11473.92,"","","",""
M2,1720,10/22/2023 16:30,18.74,12375.04,"","","",""
M2,1721,10/22/2023 16:35,18.74,10844.16,"","","",""
M2,1722,10/22/2023 16:40,18.79,10583.04,"","","",""
M2,1723,10/22/2023 16:45,18.83,8576,"","","",""
M2,1724,10/22/2023 16:50,18.7,6766.08,"","","",""
M2,1725,10/22/2023 16:55,18.74,5941.76,"","","",""
M2,1726,10/22/2023 17:00,18.74,5524.48,"","","",""
M2,1727,10/22/2023 17:05,18.7,3162.88,"","","",""
M2,1728,10/22/2023 17:10,18.66,3843.84,"","","",""
M2,1729,10/22/2023 17:15,18.7,4062.72,"","","",""
M2,1730,10/22/2023 17:20,18.66,1894.4,"","","",""
M2,1731,10/22/2023 17:25,18.7,2486.4,"","","",""
M2,1732,10/22/2023 17:30,18.66,1553.92,"","","",""
M2,1733,10/22/2023 17:35,18.74,2599.04,"","","",""
M2,1734,10/22/2023 17:40,18.79,1669.12,"","","",""
M2,1735,10/22/2023 17:45,18.74,1423.36,"","","",""
M2,1736,10/22/2023 17:50,18.74,1040.96,"","","",""
M2,1737,10/22/2023 17:55,18.74,728.32,"","","",""
M2,1738,10/22/2023 18:00,18.74,596.8,"","","",""
M2,1739,10/22/2023 18:05,18.79,353.28,"","","",""
M2,1740,10/22/2023 18:10,18.83,267.84,"","","",""
M2,1741,10/22/2023 18:15,18.83,101.12,"","","",""
M2,1742,10/22/2023 18:20,18.83,63.2,"","","",""
M2,1743,10/22/2023 18:25,18.79,24.6,"","","",""
M2,1744,10/22/2023 18:30,18.79,8.24,"","","",""
M2,1745,10/22/2023 18:35,18.83,0,"","","",""
M2,1746,10/22/2023 18:40,18.92,0.86,"","","",""
M2,1747,10/22/2023 18:45,18.92,0,"","","",""
M2,1748,10/22/2023 18:50,18.92,0,"","","",""
M2,1749,10/22/2023 18:55,18.96,0,"","","",""
M2,1750,10/22/2023 19:00,19,0,"","","",""
M2,1751,10/22/2023 19:05,19.09,0,"","","",""
M2,1752,10/22/2023 19:10,19.13,0,"","","",""
M2,1753,10/22/2023 19:15,19.13,0,"","","",""
M2,1754,10/22/2023 19:20,19.09,0,"","","",""
M2,1755,10/22/2023 19:25,19.09,0,"","","",""
M2,1756,10/22/2023 19:30,19.09,0,"","","",""
M2,1757,10/22/2023 19:35,19.13,0,"","","",""
M2,1758,10/22/2023 19:40,19.13,0,"","","",""
M2,1759,10/22/2023 19:45,19.09,0,"","","",""
M2,1760,10/22/2023 19:50,19.09,0,"","","",""
M2,1761,10/22/2023 19:55,19.17,0,"","","",""
M2,1762,10/22/2023 20:00,19.09,0,"","","",""
M2,1763,10/22/2023 20:05,19.13,0,"","","",""
M2,1764,10/22/2023 20:10,19.09,0,"","","",""
M2,1765,10/22/2023 20:15,19.13,0,"","","",""
M2,1766,10/22/2023 20:20,19.13,0,"","","",""
M2,1767,10/22/2023 20:25,19.17,0,"","","",""
M2,1848,10/23/2023 3:10,17.8,0,"","","",""
M2,1849,10/23/2023 3:15,17.84,0,"","","",""
M2,1850,10/23/2023 3:20,17.8,0,"","","",""
M2,1851,10/23/2023 3:25,17.76,0,"","","",""
M2,1852,10/23/2023 3:30,17.76,0,"","","",""
M2,1853,10/23/2023 3:35,17.76,0,"","","",""
M2,1854,10/23/2023 3:40,17.8,0,"","","",""
M2,1855,10/23/2023 3:45,17.76,0,"","","",""
M2,1856,10/23/2023 3:50,17.76,0,"","","",""
M2,1857,10/23/2023 3:55,17.76,0,"","","",""
M2,1858,10/23/2023 4:00,17.72,0,"","","",""
M2,1859,10/23/2023 4:05,17.76,0,"","","",""
M2,1860,10/23/2023 4:10,17.72,0,"","","",""
M2,1861,10/23/2023 4:15,17.76,0,"","","",""
M2,1862,10/23/2023 4:20,17.72,0,"","","",""
M2,1863,10/23/2023 4:25,17.72,0,"","","",""
M2,1864,10/23/2023 4:30,17.76,0,"","","",""
M2,1865,10/23/2023 4:35,17.67,0,"","","",""
M2,1866,10/23/2023 4:40,17.67,0,"","","",""
M2,1867,10/23/2023 4:45,17.67,0,"","","",""
M2,1868,10/23/2023 4:50,17.67,0,"","","",""
M2,1869,10/23/2023 4:55,17.63,0,"","","",""
M2,1870,10/23/2023 5:00,17.63,0,"","","",""
M2,1871,10/23/2023 5:05,17.59,0,"","","",""
M2,1872,10/23/2023 5:10,17.63,0,"","","",""
M2,1873,10/23/2023 5:15,17.54,0,"","","",""
M2,1874,10/23/2023 5:20,17.5,0,"","","",""
M2,1875,10/23/2023 5:25,17.5,0,"","","",""
M2,1876,10/23/2023 5:30,17.54,0,"","","",""
M2,1877,10/23/2023 5:35,17.46,0,"","","",""
M2,1878,10/23/2023 5:40,17.46,0,"","","",""
M2,1879,10/23/2023 5:45,17.46,0,"","","",""
M2,1880,10/23/2023 5:50,17.46,0,"","","",""
M2,1881,10/23/2023 5:55,17.37,0,"","","",""
M2,1882,10/23/2023 6:00,17.37,0,"","","",""
M2,1883,10/23/2023 6:05,17.37,0,"","","",""
M2,1884,10/23/2023 6:10,17.29,0,"","","",""
M2,1885,10/23/2023 6:15,17.29,0,"","","",""
M2,1886,10/23/2023 6:20,17.2,0,"","","",""
M2,1887,10/23/2023 6:25,17.24,0,"","","",""
M2,1888,10/23/2023 6:30,17.2,0,"","","",""
M2,1889,10/23/2023 6:35,17.16,0,"","","",""
M2,1890,10/23/2023 6:40,17.16,0,"","","",""
M2,1891,10/23/2023 6:45,17.16,0.21,"","","",""
M2,1892,10/23/2023 6:50,17.16,1.51,"","","",""
M2,1893,10/23/2023 6:55,17.2,4.55,"","","",""
M2,1894,10/23/2023 7:00,17.07,43.12,"","","",""
M2,1895,10/23/2023 7:05,17.11,88.96,"","","",""
M2,1896,10/23/2023 7:10,17.03,104.6,"","","",""
M2,1897,10/23/2023 7:15,17.07,174.4,"","","",""
M2,1898,10/23/2023 7:20,17.03,319.28,"","","",""
M2,1899,10/23/2023 7:25,17.03,394.88,"","","",""
M2,1900,10/23/2023 7:30,17.03,492.16,"","","",""
M2,1901,10/23/2023 7:35,17.03,750.4,"","","",""
M2,1902,10/23/2023 7:40,17.03,1100.8,"","","",""
M2,1903,10/23/2023 7:45,16.94,1057.28,"","","",""
M2,1904,10/23/2023 7:50,16.94,901.76,"","","",""
M2,1905,10/23/2023 7:55,16.99,1012.16,"","","",""
M2,1906,10/23/2023 8:00,16.99,1462.4,"","","",""
M2,1907,10/23/2023 8:05,16.99,2713.6,"","","",""
M2,1908,10/23/2023 8:10,16.99,1951.36,"","","",""
M2,1909,10/23/2023 8:15,16.99,2766.08,"","","",""
M2,1910,10/23/2023 8:20,16.99,333.12,"","","",""
M2,1911,10/23/2023 8:25,16.99,2347.52,"","","",""
M2,1912,10/23/2023 8:30,16.99,1658.88,"","","",""
M2,1913,10/23/2023 8:35,16.94,2021.12,"","","",""
M2,1914,10/23/2023 8:40,16.99,2762.24,"","","",""
M2,1915,10/23/2023 8:45,16.99,3429.12,"","","",""
M2,1916,10/23/2023 8:50,17.11,3644.16,"","","",""
M2,1917,10/23/2023 8:55,17.07,4806.4,"","","",""
M2,1918,10/23/2023 9:00,17.11,6771.2,"","","",""
M2,1919,10/23/2023 9:05,17.16,4336.64,"","","",""
M2,1920,10/23/2023 9:10,17.29,5693.44,"","","",""
M2,1921,10/23/2023 9:15,17.29,6891.52,"","","",""
M2,1922,10/23/2023 9:20,17.46,14064.64,"","","",""
M2,1923,10/23/2023 9:25,18.02,22835.2,"","","",""
M2,1924,10/23/2023 9:30,18.19,36628.48,"","","",""
M2,1925,10/23/2023 9:35,18.14,28477.44,"","","",""
M2,1926,10/23/2023 9:40,18.1,38696.96,"","","",""
M2,1927,10/23/2023 9:45,18.23,22650.88,"","","",""
M2,1928,10/23/2023 9:50,17.84,16368.64,"","","",""
M2,1929,10/23/2023 9:55,17.97,7726.08,"","","",""
M2,1930,10/23/2023 10:00,18.02,15349.76,"","","",""
M2,1931,10/23/2023 10:05,18.62,11171.84,"","","",""
M2,1932,10/23/2023 10:10,18.83,15744,"","","",""
M2,1933,10/23/2023 10:15,19.09,56258.56,"","","",""
M2,1934,10/23/2023 10:20,18.49,31016.96,"","","",""
M2,1935,10/23/2023 10:25,18.19,17612.8,"","","",""
M2,1936,10/23/2023 10:30,18.06,18201.6,"","","",""
M2,1937,10/23/2023 10:35,18.32,22169.6,"","","",""
M2,1938,10/23/2023 10:40,18.83,45629.44,"","","",""
M2,1939,10/23/2023 10:45,19.09,27832.32,"","","",""
M2,1940,10/23/2023 10:50,19.05,32040.96,"","","",""
M2,1941,10/23/2023 10:55,18.49,19814.4,"","","",""
M2,1942,10/23/2023 11:00,18.92,53288.96,"","","",""
M2,1943,10/23/2023 11:05,19.69,38840.32,"","","",""
M2,1944,10/23/2023 11:10,19.77,31150.08,"","","",""
M2,1945,10/23/2023 11:15,19.82,33361.92,"","","",""
M2,1946,10/23/2023 11:20,19.77,7651.84,"","","",""
M2,1947,10/23/2023 11:25,19.9,17561.6,"","","",""
M2,1948,10/23/2023 11:30,19.86,25241.6,"","","",""
M2,1949,10/23/2023 11:35,19.86,38778.88,"","","",""
M2,1950,10/23/2023 11:40,19.9,37560.32,"","","",""
M2,1951,10/23/2023 11:45,19.86,62730.24,"","","",""
M2,1952,10/23/2023 11:50,19.82,28835.84,"","","",""
M2,1953,10/23/2023 11:55,19.86,31211.52,"","","",""
M2,1954,10/23/2023 12:00,19.86,47779.84,"","","",""
M2,1955,10/23/2023 12:05,19.9,38891.52,"","","",""
M2,1956,10/23/2023 12:10,19.86,57139.2,"","","",""
M2,1957,10/23/2023 12:15,19.9,50073.6,"","","",""
M2,1958,10/23/2023 12:20,19.9,34652.16,"","","",""
M2,1959,10/23/2023 12:25,19.82,42557.44,"","","",""
M2,1960,10/23/2023 12:30,19.82,6658.56,"","","",""
M2,1961,10/23/2023 12:35,19.69,35358.72,"","","",""
M2,1962,10/23/2023 12:40,19.82,48476.16,"","","",""
M2,1963,10/23/2023 12:45,19.82,63447.04,"","","",""
M2,1964,10/23/2023 12:50,19.82,28641.28,"","","",""
M2,1965,10/23/2023 12:55,19.77,41922.56,"","","",""
M2,1966,10/23/2023 13:00,19.65,44216.32,"","","",""
M2,1967,10/23/2023 13:05,19.65,49786.88,"","","",""
M2,1968,10/23/2023 13:10,19.65,27084.8,"","","",""
M2,1969,10/23/2023 13:15,19.52,51609.6,"","","",""
M2,1970,10/23/2023 13:20,19.47,53760,"","","",""
M2,1971,10/23/2023 13:25,19.56,44380.16,"","","",""
M2,1972,10/23/2023 13:30,19.39,27207.68,"","","",""
M2,1973,10/23/2023 13:35,19.35,31866.88,"","","",""
M2,1974,10/23/2023 13:40,19.3,29767.68,"","","",""
M2,1975,10/23/2023 13:45,19.22,51077.12,"","","",""
M2,1976,10/23/2023 13:50,19.13,32768,"","","",""
M2,1977,10/23/2023 13:55,19.13,23388.16,"","","",""
M2,1978,10/23/2023 14:00,19.05,44134.4,"","","",""
M2,1979,10/23/2023 14:05,18.92,41625.6,"","","",""
M2,1980,10/23/2023 14:10,18.83,32655.36,"","","",""
M2,1981,10/23/2023 14:15,18.74,26542.08,"","","",""
M2,1982,10/23/2023 14:20,18.7,34181.12,"","","",""
M2,1983,10/23/2023 14:25,18.7,18063.36,"","","",""
M2,1984,10/23/2023 14:30,18.62,37242.88,"","","",""
M2,1985,10/23/2023 14:35,18.49,30504.96,"","","",""
M2,1986,10/23/2023 14:40,18.4,20674.56,"","","",""
M2,1987,10/23/2023 14:45,18.32,21719.04,"","","",""
M2,1988,10/23/2023 14:50,18.27,30648.32,"","","",""
M2,1989,10/23/2023 14:55,18.32,20167.68,"","","",""
M2,1990,10/23/2023 15:00,18.14,19056.64,"","","",""
M2,1991,10/23/2023 15:05,18.19,18723.84,"","","",""
M2,1992,10/23/2023 15:10,18.1,17280,"","","",""
M2,1993,10/23/2023 15:15,18.02,19246.08,"","","",""
M2,1994,10/23/2023 15:20,17.97,19430.4,"","","",""
M2,1995,10/23/2023 15:25,17.89,20418.56,"","","",""
M2,1996,10/23/2023 15:30,17.84,11038.72,"","","",""
M2,1997,10/23/2023 15:35,17.84,11786.24,"","","",""
M2,1998,10/23/2023 15:40,17.84,9840.64,"","","",""
M2,1999,10/23/2023 15:45,17.8,10869.76,"","","",""
M2,2000,10/23/2023 15:50,17.76,10521.6,"","","",""
M2,2001,10/23/2023 15:55,17.67,9612.8,"","","",""
M2,2002,10/23/2023 16:00,17.72,7869.44,"","","",""
M2,2003,10/23/2023 16:05,17.72,7214.08,"","","",""
M2,2004,10/23/2023 16:10,17.59,8138.24,"","","",""
M2,2005,10/23/2023 16:15,17.63,6740.48,"","","",""
M2,2006,10/23/2023 16:20,17.63,6184.96,"","","",""
M2,2007,10/23/2023 16:25,17.54,5391.36,"","","",""
M2,2008,10/23/2023 16:30,17.5,6405.12,"","","",""
M2,2009,10/23/2023 16:35,17.54,5514.24,"","","",""
M2,2010,10/23/2023 16:40,17.5,5350.4,"","","",""
M2,2011,10/23/2023 16:45,17.5,5011.2,"","","",""
M2,2012,10/23/2023 16:50,17.5,4628.48,"","","",""
M2,2013,10/23/2023 16:55,17.46,3093.76,"","","",""
M2,2014,10/23/2023 17:00,17.46,4003.84,"","","",""
M2,2015,10/23/2023 17:05,17.46,4017.92,"","","",""
M2,2016,10/23/2023 17:10,17.46,3262.72,"","","",""
M2,2017,10/23/2023 17:15,17.41,3292.16,"","","",""
M2,2018,10/23/2023 17:20,17.46,2900.48,"","","",""
M2,2019,10/23/2023 17:25,17.5,2462.08,"","","",""
M2,2020,10/23/2023 17:30,17.5,2246.4,"","","",""
M2,2021,10/23/2023 17:35,17.5,1883.52,"","","",""
M2,2022,10/23/2023 17:40,17.59,1928.96,"","","",""
M2,2023,10/23/2023 17:45,17.63,1692.8,"","","",""
M2,2024,10/23/2023 17:50,17.63,1326.08,"","","",""
M2,2025,10/23/2023 17:55,17.63,1060.8,"","","",""
M2,2026,10/23/2023 18:00,17.63,651.52,"","","",""
M2,2027,10/23/2023 18:05,17.63,350.72,"","","",""
M2,2028,10/23/2023 18:10,17.63,170,"","","",""
M2,2029,10/23/2023 18:15,17.59,97.64,"","","",""
M2,2030,10/23/2023 18:20,17.63,53.12,"","","",""
M2,2031,10/23/2023 18:25,17.67,21.54,"","","",""
M2,2032,10/23/2023 18:30,17.67,6.29,"","","",""
M2,2033,10/23/2023 18:35,17.72,1.08,"","","",""
M2,2034,10/23/2023 18:40,17.72,0,"","","",""
M2,2035,10/23/2023 18:45,17.8,0,"","","",""
M2,2036,10/23/2023 18:50,17.76,0,"","","",""
M2,2037,10/23/2023 18:55,17.76,0,"","","",""
M2,2038,10/23/2023 19:00,17.72,0,"","","",""
M2,2039,10/23/2023 19:05,17.84,0,"","","",""
M2,2040,10/23/2023 19:10,17.8,0,"","","",""
M2,2041,10/23/2023 19:15,17.8,0,"","","",""
M2,2042,10/23/2023 19:20,17.76,0,"","","",""
M2,2043,10/23/2023 19:25,17.8,0,"","","",""
M2,2044,10/23/2023 19:30,17.8,0,"","","",""
M2,2045,10/23/2023 19:35,17.8,0,"","","",""
M2,2046,10/23/2023 19:40,17.84,0,"","","",""
M2,2047,10/23/2023 19:45,17.8,0,"","","",""
M2,2048,10/23/2023 19:50,17.8,0,"","","",""
M2,2049,10/23/2023 19:55,17.8,0,"","","",""
M2,2050,10/23/2023 20:00,17.8,0,"","","",""
M2,2051,10/23/2023 20:05,17.8,0,"","","",""
M2,2052,10/23/2023 20:10,17.8,0,"","","",""
M2,2053,10/23/2023 20:15,17.76,0,"","","",""
M2,2054,10/23/2023 20:20,17.8,0,"","","",""
M2,2055,10/23/2023 20:25,17.8,0,"","","",""
M2,2056,10/23/2023 20:30,17.76,0,"","","",""
M2,2057,10/23/2023 20:35,17.76,0,"","","",""
M2,2058,10/23/2023 20:40,17.72,0,"","","",""
M2,2059,10/23/2023 20:45,17.72,0,"","","",""
M2,2060,10/23/2023 20:50,17.72,0,"","","",""
M2,2061,10/23/2023 20:55,17.67,0,"","","",""
M2,2062,10/23/2023 21:00,17.72,0,"","","",""
M2,2063,10/23/2023 21:05,17.72,0,"","","",""
M2,2064,10/23/2023 21:10,17.67,0,"","","",""
M2,2065,10/23/2023 21:15,17.67,0,"","","",""
M2,2066,10/23/2023 21:20,17.67,0,"","","",""
M2,2144,10/24/2023 3:50,17.8,0,"","","",""
M2,2145,10/24/2023 3:55,17.8,0,"","","",""
M2,2146,10/24/2023 4:00,17.84,0,"","","",""
M2,2147,10/24/2023 4:05,17.8,0,"","","",""
M2,2148,10/24/2023 4:10,17.84,0,"","","",""
M2,2149,10/24/2023 4:15,17.76,0,"","","",""
M2,2150,10/24/2023 4:20,17.8,0,"","","",""
M2,2151,10/24/2023 4:25,17.84,0,"","","",""
M2,2152,10/24/2023 4:30,17.84,0,"","","",""
M2,2153,10/24/2023 4:35,17.84,0,"","","",""
M2,2154,10/24/2023 4:40,17.84,0,"","","",""
M2,2155,10/24/2023 4:45,17.76,0,"","","",""
M2,2156,10/24/2023 4:50,17.8,0,"","","",""
M2,2157,10/24/2023 4:55,17.84,0,"","","",""
M2,2158,10/24/2023 5:00,17.8,0,"","","",""
M2,2159,10/24/2023 5:05,17.84,0,"","","",""
M2,2160,10/24/2023 5:10,17.76,0,"","","",""
M2,2161,10/24/2023 5:15,17.8,0,"","","",""
M2,2162,10/24/2023 5:20,17.84,0,"","","",""
M2,2163,10/24/2023 5:25,17.8,0,"","","",""
M2,2164,10/24/2023 5:30,17.89,0,"","","",""
M2,2165,10/24/2023 5:35,17.84,0,"","","",""
M2,2166,10/24/2023 5:40,17.89,0,"","","",""
M2,2167,10/24/2023 5:45,17.8,0,"","","",""
M2,2168,10/24/2023 5:50,17.84,0,"","","",""
M2,2169,10/24/2023 5:55,17.84,0,"","","",""
M2,2170,10/24/2023 6:00,17.8,0,"","","",""
M2,2171,10/24/2023 6:05,17.84,0,"","","",""
M2,2172,10/24/2023 6:10,17.84,0,"","","",""
M2,2173,10/24/2023 6:15,17.84,0,"","","",""
M2,2174,10/24/2023 6:20,17.8,0,"","","",""
M2,2175,10/24/2023 6:25,17.84,0,"","","",""
M2,2176,10/24/2023 6:30,17.89,0,"","","",""
M2,2177,10/24/2023 6:35,17.84,0,"","","",""
M2,2178,10/24/2023 6:40,17.84,1.51,"","","",""
M2,2179,10/24/2023 6:45,17.84,5.86,"","","",""
M2,2180,10/24/2023 6:50,17.8,23.52,"","","",""
M2,2181,10/24/2023 6:55,17.89,64.08,"","","",""
M2,2182,10/24/2023 7:00,17.84,136.96,"","","",""
M2,2183,10/24/2023 7:05,17.84,169.92,"","","",""
M2,2184,10/24/2023 7:10,17.89,443.2,"","","",""
M2,2185,10/24/2023 7:15,17.89,711.68,"","","",""
M2,2186,10/24/2023 7:20,17.89,790.4,"","","",""
M2,2187,10/24/2023 7:25,17.89,1338.24,"","","",""
M2,2188,10/24/2023 7:30,17.93,1206.72,"","","",""
M2,2189,10/24/2023 7:35,17.93,1941.12,"","","",""
M2,2190,10/24/2023 7:40,17.97,738.24,"","","",""
M2,2191,10/24/2023 7:45,17.93,2078.08,"","","",""
M2,2192,10/24/2023 7:50,18.02,2654.72,"","","",""
M2,2193,10/24/2023 7:55,17.93,3600.64,"","","",""
M2,2194,10/24/2023 8:00,17.93,3070.72,"","","",""
M2,2195,10/24/2023 8:05,18.06,4743.68,"","","",""
M2,2196,10/24/2023 8:10,18.06,4517.12,"","","",""
M2,2197,10/24/2023 8:15,18.1,4733.44,"","","",""
M2,2198,10/24/2023 8:20,18.06,4857.6,"","","",""
M2,2199,10/24/2023 8:25,18.14,7290.88,"","","",""
M2,2200,10/24/2023 8:30,18.14,6423.04,"","","",""
M2,2201,10/24/2023 8:35,18.27,7784.96,"","","",""
M2,2202,10/24/2023 8:40,18.1,5167.36,"","","",""
M2,2203,10/24/2023 8:45,18.36,12472.32,"","","",""
M2,2204,10/24/2023 8:50,18.66,24197.12,"","","",""
M2,2205,10/24/2023 8:55,18.66,10242.56,"","","",""
M2,2206,10/24/2023 9:00,18.74,16977.92,"","","",""
M2,2207,10/24/2023 9:05,18.7,12313.6,"","","",""
M2,2208,10/24/2023 9:10,18.4,9820.16,"","","",""
M2,2209,10/24/2023 9:15,18.87,21913.6,"","","",""
M2,2210,10/24/2023 9:20,19,21964.8,"","","",""
M2,2211,10/24/2023 9:25,19.05,33361.92,"","","",""
M2,2212,10/24/2023 9:30,18.62,10181.12,"","","",""
M2,2213,10/24/2023 9:35,19.52,33853.44,"","","",""
M2,2214,10/24/2023 9:40,18.87,12001.28,"","","",""
M2,2215,10/24/2023 9:45,18.7,11591.68,"","","",""
M2,2216,10/24/2023 9:50,19.65,36433.92,"","","",""
M2,2217,10/24/2023 9:55,19.47,18083.84,"","","",""
M2,2218,10/24/2023 10:00,18.74,11755.52,"","","",""
M2,2219,10/24/2023 10:05,18.53,10531.84,"","","",""
M2,2220,10/24/2023 10:10,18.66,16061.44,"","","",""
M2,2221,10/24/2023 10:15,18.74,739.52,"","","",""
M2,2222,10/24/2023 10:20,18.44,6062.08,"","","",""
M2,2223,10/24/2023 10:25,19.09,12574.72,"","","",""
M2,2224,10/24/2023 10:30,19.47,17085.44,"","","",""
M2,2225,10/24/2023 10:35,19.52,30945.28,"","","",""
M2,2226,10/24/2023 10:40,19.39,26337.28,"","","",""
M2,2227,10/24/2023 10:45,20.5,36956.16,"","","",""
M2,2228,10/24/2023 10:50,19.6,26675.2,"","","",""
M2,2229,10/24/2023 10:55,19.65,30556.16,"","","",""
M2,2230,10/24/2023 11:00,19.6,27934.72,"","","",""
M2,2231,10/24/2023 11:05,20.03,18728.96,"","","",""
M2,2232,10/24/2023 11:10,20.2,43622.4,"","","",""
M2,2233,10/24/2023 11:15,19.95,24197.12,"","","",""
M2,2234,10/24/2023 11:20,20.25,38041.6,"","","",""
M2,2235,10/24/2023 11:25,19.99,17633.28,"","","",""
M2,2236,10/24/2023 11:30,19.73,1065.92,"","","",""
M2,2237,10/24/2023 11:35,21.02,48271.36,"","","",""
M2,2264,10/24/2023 13:50,20.29,32788.48,"","","",""
M2,2265,10/24/2023 13:55,20.29,28129.28,"","","",""
M2,2266,10/24/2023 14:00,20.25,32931.84,"","","",""
M2,2267,10/24/2023 14:05,20.16,30136.32,"","","",""
M2,2268,10/24/2023 14:10,20.16,32000,"","","",""
M2,2269,10/24/2023 14:15,20.12,25538.56,"","","",""
M2,2270,10/24/2023 14:20,19.95,22773.76,"","","",""
M2,2271,10/24/2023 14:25,20.12,5829.12,"","","",""
M2,2272,10/24/2023 14:30,19.95,7221.76,"","","",""
M2,2273,10/24/2023 14:35,19.95,20981.76,"","","",""
M2,2274,10/24/2023 14:40,19.95,6804.48,"","","",""
M2,2275,10/24/2023 14:45,19.95,26931.2,"","","",""
M2,2276,10/24/2023 14:50,19.86,16798.72,"","","",""
M2,2277,10/24/2023 14:55,19.86,27504.64,"","","",""
M2,2278,10/24/2023 15:00,19.82,26685.44,"","","",""
M2,2279,10/24/2023 15:05,19.73,15447.04,"","","",""
M2,2280,10/24/2023 15:10,19.77,29194.24,"","","",""
M2,2281,10/24/2023 15:15,19.73,15836.16,"","","",""
M2,2282,10/24/2023 15:20,19.73,12277.76,"","","",""
M2,2283,10/24/2023 15:25,19.73,18524.16,"","","",""
M2,2284,10/24/2023 15:30,19.69,10772.48,"","","",""
M2,2285,10/24/2023 15:35,19.69,11755.52,"","","",""
M2,2286,10/24/2023 15:40,19.65,12897.28,"","","",""
M2,2287,10/24/2023 15:45,19.69,8035.84,"","","",""
M2,2288,10/24/2023 15:50,19.69,9840.64,"","","",""
M2,2289,10/24/2023 15:55,19.65,6940.16,"","","",""
M2,2290,10/24/2023 16:00,19.65,7598.08,"","","",""
M2,2291,10/24/2023 16:05,19.65,6617.6,"","","",""
M2,2292,10/24/2023 16:10,19.69,6791.68,"","","",""
M2,2293,10/24/2023 16:15,19.65,5475.84,"","","",""
M2,2294,10/24/2023 16:20,19.65,5967.36,"","","",""
M2,2295,10/24/2023 16:25,19.69,5332.48,"","","",""
M2,2296,10/24/2023 16:30,19.69,5683.2,"","","",""
M2,2297,10/24/2023 16:35,19.73,4806.4,"","","",""
M2,2298,10/24/2023 16:40,19.69,4271.36,"","","",""
M2,2299,10/24/2023 16:45,19.69,5537.28,"","","",""
M2,2300,10/24/2023 16:50,19.69,4743.68,"","","",""
M2,2301,10/24/2023 16:55,19.69,4573.44,"","","",""
M2,2302,10/24/2023 17:00,19.69,4170.24,"","","",""
M2,2303,10/24/2023 17:05,19.69,3878.4,"","","",""
M2,2304,10/24/2023 17:10,19.69,3517.44,"","","",""
M2,2305,10/24/2023 17:15,19.65,3353.6,"","","",""
M2,2306,10/24/2023 17:20,19.65,3303.68,"","","",""
M2,2307,10/24/2023 17:25,19.65,2661.12,"","","",""
M2,2308,10/24/2023 17:30,19.6,2474.24,"","","",""
M2,2309,10/24/2023 17:35,19.56,2238.08,"","","",""
M2,2310,10/24/2023 17:40,19.56,1667.84,"","","",""
M2,2311,10/24/2023 17:45,19.52,1608.32,"","","",""
M2,2312,10/24/2023 17:50,19.52,1338.24,"","","",""
M2,2313,10/24/2023 17:55,19.52,996.48,"","","",""
M2,2314,10/24/2023 18:00,19.43,570.4,"","","",""
M2,2315,10/24/2023 18:05,19.47,490.08,"","","",""
M2,2316,10/24/2023 18:10,19.43,267.84,"","","",""
M2,2317,10/24/2023 18:15,19.39,130.76,"","","",""
M2,2318,10/24/2023 18:20,19.39,53.16,"","","",""
M2,2319,10/24/2023 18:25,19.35,16.74,"","","",""
M2,2320,10/24/2023 18:30,19.39,4.12,"","","",""
M2,2321,10/24/2023 18:35,19.39,1.08,"","","",""
M2,2322,10/24/2023 18:40,19.3,0.21,"","","",""
M2,2323,10/24/2023 18:45,19.35,0,"","","",""
M2,2324,10/24/2023 18:50,19.3,0,"","","",""
M2,2325,10/24/2023 18:55,19.3,0,"","","",""
M2,2326,10/24/2023 19:00,19.3,0,"","","",""
M2,2327,10/24/2023 19:05,19.26,0,"","","",""
M2,2328,10/24/2023 19:10,19.26,0,"","","",""
M2,2329,10/24/2023 19:15,19.26,0,"","","",""
M2,2330,10/24/2023 19:20,19.3,0,"","","",""
M2,2331,10/24/2023 19:25,19.3,0,"","","",""
M2,2332,10/24/2023 19:30,19.3,0,"","","",""
M2,2333,10/24/2023 19:35,19.26,0,"","","",""
M2,2334,10/24/2023 19:40,19.22,0,"","","",""
M2,2335,10/24/2023 19:45,19.3,0,"","","",""
M2,2336,10/24/2023 19:50,19.26,0,"","","",""
M2,2337,10/24/2023 19:55,19.26,0,"","","",""
M2,2338,10/24/2023 20:00,19.3,0,"","","",""
M2,2339,10/24/2023 20:05,19.3,0,"","","",""
M2,2340,10/24/2023 20:10,19.3,0,"","","",""
M2,2341,10/24/2023 20:15,19.3,0,"","","",""
M2,2342,10/24/2023 20:20,19.35,0,"","","",""
M2,2343,10/24/2023 20:25,19.3,0,"","","",""
M2,2344,10/24/2023 20:30,19.3,0,"","","",""
M2,2345,10/24/2023 20:35,19.35,0,"","","",""
M2,2346,10/24/2023 20:40,19.35,0,"","","",""
M2,2347,10/24/2023 20:45,19.3,0,"","","",""
M2,2348,10/24/2023 20:50,19.3,0,"","","",""
M2,2349,10/24/2023 20:55,19.39,0,"","","",""
M2,2350,10/24/2023 21:00,19.35,0,"","","",""
M2,2351,10/24/2023 21:05,19.3,0,"","","",""
M2,2352,10/24/2023 21:10,19.35,0,"","","",""
M2,2353,10/24/2023 21:15,19.35,0,"","","",""
M2,2354,10/24/2023 21:20,19.35,0,"","","",""
M2,2355,10/24/2023 21:25,19.3,0,"","","",""
M2,2356,10/24/2023 21:30,19.3,0,"","","",""
M2,2357,10/24/2023 21:35,19.3,0,"","","",""
M2,2358,10/24/2023 21:40,19.26,0,"","","",""
M2,2359,10/24/2023 21:45,19.3,0,"","","",""
M2,2360,10/24/2023 21:50,19.22,0,"","","",""
M2,2361,10/24/2023 21:55,19.17,0,"","","",""
M2,2362,10/24/2023 22:00,19.17,0,"","","",""
M2,2363,10/24/2023 22:05,19.17,0,"","","",""
M2,2438,10/25/2023 4:20,19.22,0,"","","",""
M2,2439,10/25/2023 4:25,19.22,0,"","","",""
M2,2440,10/25/2023 4:30,19.22,0,"","","",""
M2,2441,10/25/2023 4:35,19.26,0,"","","",""
M2,2442,10/25/2023 4:40,19.22,0,"","","",""
M2,2443,10/25/2023 4:45,19.22,0,"","","",""
M2,2444,10/25/2023 4:50,19.22,0,"","","",""
M2,2445,10/25/2023 4:55,19.26,0,"","","",""
M2,2446,10/25/2023 5:00,19.26,0,"","","",""
M2,2447,10/25/2023 5:05,19.22,0,"","","",""
M2,2448,10/25/2023 5:10,19.26,0,"","","",""
M2,2449,10/25/2023 5:15,19.22,0,"","","",""
M2,2450,10/25/2023 5:20,19.26,0,"","","",""
M2,2451,10/25/2023 5:25,19.22,0,"","","",""
M2,2452,10/25/2023 5:30,19.3,0,"","","",""
M2,2453,10/25/2023 5:35,19.3,0,"","","",""
M2,2454,10/25/2023 5:40,19.3,0,"","","",""
M2,2455,10/25/2023 5:45,19.3,0,"","","",""
M2,2456,10/25/2023 5:50,19.3,0,"","","",""
M2,2457,10/25/2023 5:55,19.35,0,"","","",""
M2,2458,10/25/2023 6:00,19.35,0,"","","",""
M2,2459,10/25/2023 6:05,19.35,0,"","","",""
M2,2460,10/25/2023 6:10,19.35,0,"","","",""
M2,2461,10/25/2023 6:15,19.35,0,"","","",""
M2,2462,10/25/2023 6:20,19.35,0,"","","",""
M2,2463,10/25/2023 6:25,19.35,0,"","","",""
M2,2464,10/25/2023 6:30,19.35,0,"","","",""
M2,2465,10/25/2023 6:35,19.39,0,"","","",""
M2,2466,10/25/2023 6:40,19.35,0,"","","",""
M2,2467,10/25/2023 6:45,19.43,0.65,"","","",""
M2,2468,10/25/2023 6:50,19.35,2.38,"","","",""
M2,2469,10/25/2023 6:55,19.35,8.68,"","","",""
M2,2470,10/25/2023 7:00,19.39,14.35,"","","",""
M2,2471,10/25/2023 7:05,19.35,22.62,"","","",""
M2,2472,10/25/2023 7:10,19.39,62.28,"","","",""
M2,2473,10/25/2023 7:15,19.35,100.24,"","","",""
M2,2474,10/25/2023 7:20,19.35,150.84,"","","",""
M2,2475,10/25/2023 7:25,19.35,248.72,"","","",""
M2,2476,10/25/2023 7:30,19.39,348.8,"","","",""
M2,2477,10/25/2023 7:35,19.35,511.36,"","","",""
M2,2478,10/25/2023 7:40,19.35,552.96,"","","",""
M2,2479,10/25/2023 7:45,19.39,599.04,"","","",""
M2,2480,10/25/2023 7:50,19.39,1152.96,"","","",""
M2,2481,10/25/2023 7:55,19.43,1685.76,"","","",""
M2,2482,10/25/2023 8:00,19.43,1633.92,"","","",""
M2,2483,10/25/2023 8:05,19.43,1738.88,"","","",""
M2,2484,10/25/2023 8:10,19.47,2163.2,"","","",""
M2,2485,10/25/2023 8:15,19.47,2408.32,"","","",""
M2,2486,10/25/2023 8:20,19.47,2766.08,"","","",""
M2,2487,10/25/2023 8:25,19.52,2935.04,"","","",""
M2,2488,10/25/2023 8:30,19.52,2506.88,"","","",""
M2,2489,10/25/2023 8:35,19.56,2895.36,"","","",""
M2,2490,10/25/2023 8:40,19.52,3194.88,"","","",""
M2,2491,10/25/2023 8:45,19.56,4032,"","","",""
M2,2492,10/25/2023 8:50,19.56,3934.72,"","","",""
M2,2493,10/25/2023 8:55,19.56,4117.76,"","","",""
M2,2494,10/25/2023 9:00,19.56,3979.52,"","","",""
M2,2495,10/25/2023 9:05,19.6,4551.68,"","","",""
M2,2496,10/25/2023 9:10,19.56,4455.68,"","","",""
M2,2497,10/25/2023 9:15,19.6,4320,"","","",""
M2,2498,10/25/2023 9:20,19.6,4764.16,"","","",""
M2,2499,10/25/2023 9:25,19.6,5445.12,"","","",""
M2,2500,10/25/2023 9:30,19.65,5076.48,"","","",""
M2,2501,10/25/2023 9:35,19.69,6901.76,"","","",""
M2,2502,10/25/2023 9:40,19.73,6540.8,"","","",""
M2,2503,10/25/2023 9:45,19.69,6510.08,"","","",""
M2,2504,10/25/2023 9:50,19.69,6374.4,"","","",""
M2,2505,10/25/2023 9:55,19.69,7226.88,"","","",""
M2,2506,10/25/2023 10:00,19.77,7930.88,"","","",""
M2,2507,10/25/2023 10:05,19.82,8862.72,"","","",""
M2,2508,10/25/2023 10:10,19.82,7577.6,"","","",""
M2,2509,10/25/2023 10:15,19.86,9292.8,"","","",""
M2,2510,10/25/2023 10:20,19.86,9528.32,"","","",""
M2,2511,10/25/2023 10:25,19.95,7500.8,"","","",""
M2,2512,10/25/2023 10:30,19.95,11494.4,"","","",""
M2,2513,10/25/2023 10:35,20.03,10813.44,"","","",""
M2,2514,10/25/2023 10:40,19.99,11397.12,"","","",""
M2,2515,10/25/2023 10:45,20.03,8097.28,"","","",""
M2,2516,10/25/2023 10:50,20.07,11985.92,"","","",""
M2,2517,10/25/2023 10:55,20.2,13598.72,"","","",""
M2,2518,10/25/2023 11:00,20.25,15206.4,"","","",""
M2,2519,10/25/2023 11:05,20.37,14827.52,"","","",""
M2,2520,10/25/2023 11:10,20.46,14709.76,"","","",""
M2,2521,10/25/2023 11:15,20.63,10168.32,"","","",""
M2,2577,10/25/2023 15:55,20.89,10844.16,"","","",""
M2,2578,10/25/2023 16:00,20.85,10941.44,"","","",""
M2,2579,10/25/2023 16:05,20.72,12144.64,"","","",""
M2,2580,10/25/2023 16:10,20.59,10506.24,"","","",""
M2,2581,10/25/2023 16:15,20.55,6784,"","","",""
M2,2582,10/25/2023 16:20,20.63,8693.76,"","","",""
M2,2583,10/25/2023 16:25,20.59,3440.64,"","","",""
M2,2584,10/25/2023 16:30,20.5,7027.2,"","","",""
M2,2585,10/25/2023 16:35,20.42,5250.56,"","","",""
M2,2586,10/25/2023 16:40,20.37,5504,"","","",""
M2,2587,10/25/2023 16:45,20.37,4418.56,"","","",""
M2,2588,10/25/2023 16:50,20.37,4444.16,"","","",""
M2,2589,10/25/2023 16:55,20.33,5096.96,"","","",""
M2,2590,10/25/2023 17:00,20.33,2845.44,"","","",""
M2,2591,10/25/2023 17:05,20.29,4261.12,"","","",""
M2,2592,10/25/2023 17:10,20.29,4298.24,"","","",""
M2,2593,10/25/2023 17:15,20.29,3701.76,"","","",""
M2,2594,10/25/2023 17:20,20.25,3121.92,"","","",""
M2,2595,10/25/2023 17:25,20.2,2947.84,"","","",""
M2,2596,10/25/2023 17:30,20.2,2759.68,"","","",""
M2,2597,10/25/2023 17:35,20.2,1904.64,"","","",""
M2,2598,10/25/2023 17:40,20.2,1817.6,"","","",""
M2,2599,10/25/2023 17:45,20.2,1596.16,"","","",""
M2,2600,10/25/2023 17:50,20.16,1217.92,"","","",""
M2,2601,10/25/2023 17:55,20.16,649.76,"","","",""
M2,2602,10/25/2023 18:00,20.16,675.84,"","","",""
M2,2603,10/25/2023 18:05,20.12,401.92,"","","",""
M2,2604,10/25/2023 18:10,20.12,218.08,"","","",""
M2,2605,10/25/2023 18:15,20.12,108.12,"","","",""
M2,2606,10/25/2023 18:20,20.07,44,"","","",""
M2,2607,10/25/2023 18:25,20.12,14.13,"","","",""
M2,2608,10/25/2023 18:30,20.07,3.9,"","","",""
M2,2609,10/25/2023 18:35,20.12,1.08,"","","",""
M2,2610,10/25/2023 18:40,20.16,0.21,"","","",""
M2,2611,10/25/2023 18:45,20.12,0,"","","",""
M2,2612,10/25/2023 18:50,20.16,0,"","","",""
M2,2613,10/25/2023 18:55,20.12,0,"","","",""
M2,2614,10/25/2023 19:00,20.12,0,"","","",""
M2,2615,10/25/2023 19:05,20.12,0,"","","",""
M2,2616,10/25/2023 19:10,20.16,0,"","","",""
M2,2617,10/25/2023 19:15,20.12,0,"","","",""
M2,2618,10/25/2023 19:20,20.12,0,"","","",""
M2,2619,10/25/2023 19:25,20.12,0,"","","",""
M2,2620,10/25/2023 19:30,20.12,0,"","","",""
M2,2621,10/25/2023 19:35,20.07,0,"","","",""
M2,2622,10/25/2023 19:40,20.07,0,"","","",""
M2,2623,10/25/2023 19:45,20.12,0,"","","",""
M2,2624,10/25/2023 19:50,20.12,0,"","","",""
M2,2625,10/25/2023 19:55,20.07,0,"","","",""
M2,2626,10/25/2023 20:00,20.07,0,"","","",""
M2,2627,10/25/2023 20:05,20.07,0,"","","",""
M2,2628,10/25/2023 20:10,20.07,0,"","","",""
M2,2629,10/25/2023 20:15,20.07,0,"","","",""
M2,2630,10/25/2023 20:20,20.07,0,"","","",""
M2,2631,10/25/2023 20:25,20.12,0,"","","",""
M2,2632,10/25/2023 20:30,20.12,0,"","","",""
M2,2633,10/25/2023 20:35,20.07,0,"","","",""
M2,2634,10/25/2023 20:40,20.03,0,"","","",""
M2,2635,10/25/2023 20:45,20.07,0,"","","",""
M2,2636,10/25/2023 20:50,20.12,0,"","","",""
M2,2637,10/25/2023 20:55,20.03,0,"","","",""
M2,2638,10/25/2023 21:00,20.03,0,"","","",""
M2,2639,10/25/2023 21:05,20.03,0,"","","",""
M2,2640,10/25/2023 21:10,20.03,0,"","","",""
M2,2641,10/25/2023 21:15,20.07,0,"","","",""
M2,2642,10/25/2023 21:20,20.03,0,"","","",""
M2,2643,10/25/2023 21:25,20.07,0,"","","",""
M2,2644,10/25/2023 21:30,20.07,0,"","","",""
M2,2645,10/25/2023 21:35,20.03,0,"","","",""
M2,2646,10/25/2023 21:40,20.03,0,"","","",""
M2,2647,10/25/2023 21:45,20.03,0,"","","",""
M2,2648,10/25/2023 21:50,20.03,0,"","","",""
M2,2649,10/25/2023 21:55,20.03,0,"","","",""
M2,2650,10/25/2023 22:00,20.03,0,"","","",""
M2,2651,10/25/2023 22:05,20.03,0,"","","",""
M2,2652,10/25/2023 22:10,19.99,0,"","","",""
M2,2653,10/25/2023 22:15,20.03,0,"","","",""
M2,2654,10/25/2023 22:20,19.99,0,"","","",""
M2,2655,10/25/2023 22:25,20.03,0,"","","",""
M2,2656,10/25/2023 22:30,20.03,0,"","","",""
M2,2657,10/25/2023 22:35,19.99,0,"","","",""
M2,2658,10/25/2023 22:40,19.99,0,"","","",""
M2,2659,10/25/2023 22:45,19.99,0,"","","",""
M2,2660,10/25/2023 22:50,19.95,0,"","","",""
M2,2730,10/26/2023 4:40,19.56,0,"","","",""
M2,2731,10/26/2023 4:45,19.56,0,"","","",""
M2,2732,10/26/2023 4:50,19.56,0,"","","",""
M2,2733,10/26/2023 4:55,19.56,0,"","","",""
M2,2734,10/26/2023 5:00,19.56,0,"","","",""
M2,2735,10/26/2023 5:05,19.56,0,"","","",""
M2,2736,10/26/2023 5:10,19.6,0,"","","",""
M2,2737,10/26/2023 5:15,19.56,0,"","","",""
M2,2738,10/26/2023 5:20,19.56,0,"","","",""
M2,2739,10/26/2023 5:25,19.6,0,"","","",""
M2,2740,10/26/2023 5:30,19.56,0,"","","",""
M2,2741,10/26/2023 5:35,19.56,0,"","","",""
M2,2742,10/26/2023 5:40,19.6,0,"","","",""
M2,2743,10/26/2023 5:45,19.56,0,"","","",""
M2,2744,10/26/2023 5:50,19.6,0,"","","",""
M2,2745,10/26/2023 5:55,19.6,0,"","","",""
M2,2746,10/26/2023 6:00,19.6,0,"","","",""
M2,2747,10/26/2023 6:05,19.6,0,"","","",""
M2,2748,10/26/2023 6:10,19.6,0,"","","",""
M2,2749,10/26/2023 6:15,19.6,0,"","","",""
M2,2750,10/26/2023 6:20,19.56,0,"","","",""
M2,2751,10/26/2023 6:25,19.6,0,"","","",""
M2,2752,10/26/2023 6:30,19.52,0,"","","",""
M2,2753,10/26/2023 6:35,19.43,0.21,"","","",""
M2,2754,10/26/2023 6:40,19.39,1.51,"","","",""
M2,2755,10/26/2023 6:45,19.43,5.42,"","","",""
M2,2756,10/26/2023 6:50,19.39,22.41,"","","",""
M2,2757,10/26/2023 6:55,19.43,60.36,"","","",""
M2,2758,10/26/2023 7:00,19.3,123.8,"","","",""
M2,2759,10/26/2023 7:05,19.3,256.48,"","","",""
M2,2760,10/26/2023 7:10,19.26,363.68,"","","",""
M2,2761,10/26/2023 7:15,19.26,510.88,"","","",""
M2,2762,10/26/2023 7:20,19.26,830.4,"","","",""
M2,2763,10/26/2023 7:25,19.22,1053.12,"","","",""
M2,2764,10/26/2023 7:30,19.22,1323.52,"","","",""
M2,2765,10/26/2023 7:35,19.3,2022.4,"","","",""
M2,2766,10/26/2023 7:40,19.26,2484.48,"","","",""
M2,2767,10/26/2023 7:45,19.22,3185.92,"","","",""
M2,2768,10/26/2023 7:50,19.3,3688.96,"","","",""
M2,2769,10/26/2023 7:55,19.3,3996.16,"","","",""
M2,2770,10/26/2023 8:00,19.3,4910.08,"","","",""
M2,2771,10/26/2023 8:05,19.39,4916.48,"","","",""
M2,2772,10/26/2023 8:10,19.43,7646.72,"","","",""
M2,2773,10/26/2023 8:15,19.52,7902.72,"","","",""
M2,2774,10/26/2023 8:20,19.3,5253.12,"","","",""
M2,2775,10/26/2023 8:25,19.43,6917.12,"","","",""
M2,2776,10/26/2023 8:30,19.3,5342.72,"","","",""
M2,2777,10/26/2023 8:35,19.35,9528.32,"","","",""
M2,2778,10/26/2023 8:40,19.52,14269.44,"","","",""
M2,2779,10/26/2023 8:45,19.56,12083.2,"","","",""
M2,2780,10/26/2023 8:50,19.56,11340.8,"","","",""
M2,2781,10/26/2023 8:55,19.43,7659.52,"","","",""
M2,2782,10/26/2023 9:00,19.22,5327.36,"","","",""
M2,2783,10/26/2023 9:05,19.56,16153.6,"","","",""
M2,2784,10/26/2023 9:10,19.69,18800.64,"","","",""
M2,2785,10/26/2023 9:15,19.73,14812.16,"","","",""
M2,2786,10/26/2023 9:20,19.77,14535.68,"","","",""
M2,2787,10/26/2023 9:25,19.82,19814.4,"","","",""
M2,2788,10/26/2023 9:30,19.86,23797.76,"","","",""
M2,2789,10/26/2023 9:35,19.99,26408.96,"","","",""
M2,2790,10/26/2023 9:40,20.03,27668.48,"","","",""
M2,2791,10/26/2023 9:45,20.12,33597.44,"","","",""
M2,2792,10/26/2023 9:50,20.16,20572.16,"","","",""
M2,2793,10/26/2023 9:55,20.29,25815.04,"","","",""
M2,2794,10/26/2023 10:00,20.33,33505.28,"","","",""
M2,2795,10/26/2023 10:05,20.42,34181.12,"","","",""
M2,2796,10/26/2023 10:10,20.5,39833.6,"","","",""
M2,2797,10/26/2023 10:15,20.63,38164.48,"","","",""
M2,2798,10/26/2023 10:20,20.72,33740.8,"","","",""
M2,2799,10/26/2023 10:25,20.85,59699.2,"","","",""
M2,2800,10/26/2023 10:30,21.06,37652.48,"","","",""
M2,2801,10/26/2023 10:35,21.15,21606.4,"","","",""
M2,2802,10/26/2023 10:40,21.23,46120.96,"","","",""
M2,2803,10/26/2023 10:45,21.45,44748.8,"","","",""
M2,2804,10/26/2023 10:50,21.49,37457.92,"","","",""
M2,2805,10/26/2023 10:55,21.75,34488.32,"","","",""
M2,2806,10/26/2023 11:00,21.53,46919.68,"","","",""
M2,2807,10/26/2023 11:05,21.62,43315.2,"","","",""
M2,2808,10/26/2023 11:10,21.92,47923.2,"","","",""
M2,2809,10/26/2023 11:15,21.96,45096.96,"","","",""
M2,2810,10/26/2023 11:20,22.18,48742.4,"","","",""
M2,2811,10/26/2023 11:25,22.31,60190.72,"","","",""
M2,2812,10/26/2023 11:30,22.56,67829.76,"","","",""
M2,2813,10/26/2023 11:35,22.61,59084.8,"","","",""
M2,2879,10/26/2023 17:05,20.07,2470.4,"","","",""
M2,2880,10/26/2023 17:10,19.99,1440.64,"","","",""
M2,2881,10/26/2023 17:15,19.99,2208.64,"","","",""
M2,2882,10/26/2023 17:20,19.95,2194.56,"","","",""
M2,2883,10/26/2023 17:25,19.95,2260.48,"","","",""
M2,2884,10/26/2023 17:30,19.9,2012.16,"","","",""
M2,2885,10/26/2023 17:35,19.9,1760.64,"","","",""
M2,2886,10/26/2023 17:40,19.82,671.36,"","","",""
M2,2887,10/26/2023 17:45,19.82,769.92,"","","",""
M2,2888,10/26/2023 17:50,19.73,512.16,"","","",""
M2,2889,10/26/2023 17:55,19.73,332.48,"","","",""
M2,2890,10/26/2023 18:00,19.73,461.44,"","","",""
M2,2891,10/26/2023 18:05,19.6,109.04,"","","",""
M2,2892,10/26/2023 18:10,19.56,97.28,"","","",""
M2,2893,10/26/2023 18:15,19.52,75.86,"","","",""
M2,2894,10/26/2023 18:20,19.47,28.97,"","","",""
M2,2895,10/26/2023 18:25,19.43,9.57,"","","",""
M2,2896,10/26/2023 18:30,19.3,2.38,"","","",""
M2,2897,10/26/2023 18:35,19.22,0.65,"","","",""
M2,2898,10/26/2023 18:40,19.13,0,"","","",""
M2,2899,10/26/2023 18:45,19.05,0,"","","",""
M2,2900,10/26/2023 18:50,18.92,0,"","","",""
M2,2901,10/26/2023 18:55,18.79,0,"","","",""
M2,2902,10/26/2023 19:00,18.74,0,"","","",""
M2,2903,10/26/2023 19:05,18.66,0,"","","",""
M2,2904,10/26/2023 19:10,18.66,0,"","","",""
M2,2905,10/26/2023 19:15,18.62,0,"","","",""
M2,2906,10/26/2023 19:20,18.57,0,"","","",""
M2,2907,10/26/2023 19:25,18.53,0,"","","",""
M2,2908,10/26/2023 19:30,18.53,0,"","","",""
M2,2909,10/26/2023 19:35,18.44,0,"","","",""
M2,2910,10/26/2023 19:40,18.44,0,"","","",""
M2,2911,10/26/2023 19:45,18.4,0,"","","",""
M2,2912,10/26/2023 19:50,18.44,0,"","","",""
M2,2913,10/26/2023 19:55,18.4,0,"","","",""
M2,2914,10/26/2023 20:00,18.44,0,"","","",""
M2,2915,10/26/2023 20:05,18.4,0,"","","",""
M2,2916,10/26/2023 20:10,18.44,0,"","","",""
M2,2917,10/26/2023 20:15,18.49,0,"","","",""
M2,2918,10/26/2023 20:20,18.49,0,"","","",""
M2,2919,10/26/2023 20:25,18.49,0,"","","",""
M2,2920,10/26/2023 20:30,18.44,0,"","","",""
M2,2921,10/26/2023 20:35,18.44,0,"","","",""
M2,2922,10/26/2023 20:40,18.44,0,"","","",""
M2,2923,10/26/2023 20:45,18.4,0,"","","",""
M2,2924,10/26/2023 20:50,18.4,0,"","","",""
M2,2925,10/26/2023 20:55,18.4,0,"","","",""
M2,2926,10/26/2023 21:00,18.4,0,"","","",""
M2,2927,10/26/2023 21:05,18.4,0,"","","",""
M2,2928,10/26/2023 21:10,18.4,0,"","","",""
M2,2929,10/26/2023 21:15,18.36,0,"","","",""
M2,2930,10/26/2023 21:20,18.4,0,"","","",""
M2,2931,10/26/2023 21:25,18.4,0,"","","",""
M2,2932,10/26/2023 21:30,18.4,0,"","","",""
M2,2933,10/26/2023 21:35,18.4,0,"","","",""
M2,2934,10/26/2023 21:40,18.4,0,"","","",""
M2,2935,10/26/2023 21:45,18.4,0,"","","",""
M2,2936,10/26/2023 21:50,18.36,0,"","","",""
M2,2937,10/26/2023 21:55,18.36,0,"","","",""
M2,2938,10/26/2023 22:00,18.36,0,"","","",""
M2,2939,10/26/2023 22:05,18.36,0,"","","",""
M2,2940,10/26/2023 22:10,18.36,0,"","","",""
M2,2941,10/26/2023 22:15,18.36,0,"","","",""
M2,2942,10/26/2023 22:20,18.4,0,"","","",""
M2,2943,10/26/2023 22:25,18.4,0,"","","",""
M2,2944,10/26/2023 22:30,18.36,0,"","","",""
M2,2945,10/26/2023 22:35,18.36,0,"","","",""
M2,2946,10/26/2023 22:40,18.4,0,"","","",""
M2,2947,10/26/2023 22:45,18.44,0,"","","",""
M2,2948,10/26/2023 22:50,18.44,0,"","","",""
M2,2949,10/26/2023 22:55,18.4,0,"","","",""
M2,2950,10/26/2023 23:00,18.44,0,"","","",""
M2,2951,10/26/2023 23:05,18.49,0,"","","",""
M2,2952,10/26/2023 23:10,18.44,0,"","","",""
M2,2953,10/26/2023 23:15,18.44,0,"","","",""
M2,2954,10/26/2023 23:20,18.49,0,"","","",""
M2,2955,10/26/2023 23:25,18.44,0,"","","",""
M2,2956,10/26/2023 23:30,18.4,0,"","","",""
M2,3022,10/27/2023 5:00,18.06,0,"","","",""
M2,3023,10/27/2023 5:05,18.06,0,"","","",""
M2,3024,10/27/2023 5:10,18.06,0,"","","",""
M2,3025,10/27/2023 5:15,18.1,0,"","","",""
M2,3026,10/27/2023 5:20,18.06,0,"","","",""
M2,3027,10/27/2023 5:25,18.1,0,"","","",""
M2,3028,10/27/2023 5:30,18.06,0,"","","",""
M2,3029,10/27/2023 5:35,18.06,0,"","","",""
M2,3030,10/27/2023 5:40,18.06,0,"","","",""
M2,3031,10/27/2023 5:45,18.06,0,"","","",""
M2,3032,10/27/2023 5:50,18.1,0,"","","",""
M2,3033,10/27/2023 5:55,18.06,0,"","","",""
M2,3034,10/27/2023 6:00,18.1,0,"","","",""
M2,3035,10/27/2023 6:05,18.06,0,"","","",""
M2,3036,10/27/2023 6:10,18.1,0,"","","",""
M2,3037,10/27/2023 6:15,18.14,0,"","","",""
M2,3038,10/27/2023 6:20,18.14,0,"","","",""
M2,3039,10/27/2023 6:25,18.14,0,"","","",""
M2,3040,10/27/2023 6:30,18.14,0,"","","",""
M2,3041,10/27/2023 6:35,18.14,0,"","","",""
M2,3042,10/27/2023 6:40,18.14,0.43,"","","",""
M2,3043,10/27/2023 6:45,18.14,2.6,"","","",""
M2,3044,10/27/2023 6:50,18.1,8.68,"","","",""
M2,3045,10/27/2023 6:55,18.1,21.08,"","","",""
M2,3046,10/27/2023 7:00,18.1,78.88,"","","",""
M2,3047,10/27/2023 7:05,18.1,218.08,"","","",""
M2,3048,10/27/2023 7:10,18.06,287.76,"","","",""
M2,3049,10/27/2023 7:15,18.02,500.48,"","","",""
M2,3050,10/27/2023 7:20,17.97,562.56,"","","",""
M2,3051,10/27/2023 7:25,17.97,882.24,"","","",""
M2,3052,10/27/2023 7:30,17.97,1211.84,"","","",""
M2,3053,10/27/2023 7:35,17.93,1125.12,"","","",""
M2,3054,10/27/2023 7:40,17.93,1486.08,"","","",""
M2,3055,10/27/2023 7:45,17.89,1743.36,"","","",""
M2,3056,10/27/2023 7:50,17.89,1810.56,"","","",""
M2,3057,10/27/2023 7:55,17.93,3157.76,"","","",""
M2,3058,10/27/2023 8:00,17.97,2932.48,"","","",""
M2,3059,10/27/2023 8:05,18.02,4111.36,"","","",""
M2,3060,10/27/2023 8:10,18.06,5603.84,"","","",""
M2,3061,10/27/2023 8:15,18.1,6161.92,"","","",""
M2,3062,10/27/2023 8:20,18.19,7992.32,"","","",""
M2,3063,10/27/2023 8:25,18.1,6635.52,"","","",""
M2,3064,10/27/2023 8:30,18.06,4989.44,"","","",""
M2,3065,10/27/2023 8:35,18.02,8750.08,"","","",""
M2,3066,10/27/2023 8:40,18.06,7014.4,"","","",""
M2,3067,10/27/2023 8:45,18.23,8806.4,"","","",""
M2,3068,10/27/2023 8:50,18.1,8417.28,"","","",""
M2,3069,10/27/2023 8:55,18.23,7659.52,"","","",""
M2,3070,10/27/2023 9:00,18.27,17495.04,"","","",""
M2,3071,10/27/2023 9:05,18.66,15672.32,"","","",""
M2,3072,10/27/2023 9:10,18.62,22169.6,"","","",""
M2,3073,10/27/2023 9:15,18.62,15180.8,"","","",""
M2,3074,10/27/2023 9:20,18.66,14679.04,"","","",""
M2,3075,10/27/2023 9:25,18.66,29931.52,"","","",""
M2,3076,10/27/2023 9:30,18.74,17561.6,"","","",""
M2,3077,10/27/2023 9:35,18.74,22159.36,"","","",""
M2,3078,10/27/2023 9:40,18.36,8862.72,"","","",""
M2,3079,10/27/2023 9:45,19.13,29767.68,"","","",""
M2,3080,10/27/2023 9:50,19.3,29388.8,"","","",""
M2,3081,10/27/2023 9:55,19.13,23490.56,"","","",""
M2,3082,10/27/2023 10:00,19.22,35942.4,"","","",""
M2,3083,10/27/2023 10:05,19.3,30586.88,"","","",""
M2,3084,10/27/2023 10:10,19.26,30208,"","","",""
M2,3085,10/27/2023 10:15,19.35,23654.4,"","","",""
M2,3086,10/27/2023 10:20,19.39,56627.2,"","","",""
M2,3087,10/27/2023 10:25,19.56,28426.24,"","","",""
M2,3088,10/27/2023 10:30,19.56,30801.92,"","","",""
M2,3089,10/27/2023 10:35,19.65,45547.52,"","","",""
M2,3090,10/27/2023 10:40,19.73,32768,"","","",""
M2,3091,10/27/2023 10:45,19.73,39956.48,"","","",""
M2,3092,10/27/2023 10:50,19.9,54497.28,"","","",""
M2,3093,10/27/2023 10:55,19.22,36085.76,"","","",""
M2,3094,10/27/2023 11:00,19.82,47390.72,"","","",""
M2,3095,10/27/2023 11:05,20.12,52838.4,"","","",""
M2,3096,10/27/2023 11:10,20.16,33239.04,"","","",""
M2,3097,10/27/2023 11:15,20.16,36945.92,"","","",""
M2,3098,10/27/2023 11:20,20.29,46305.28,"","","",""
M2,3099,10/27/2023 11:25,20.42,36505.6,"","","",""
M2,3100,10/27/2023 11:30,20.55,59658.24,"","","",""
M2,3101,10/27/2023 11:35,20.59,52408.32,"","","",""
M2,3102,10/27/2023 11:40,20.68,56688.64,"","","",""
M2,3103,10/27/2023 11:45,20.8,57446.4,"","","",""
M2,3104,10/27/2023 11:50,20.8,43601.92,"","","",""
M2,3105,10/27/2023 11:55,21.15,105676.8,"","","",""
M2,3106,10/27/2023 12:00,20.98,31692.8,"","","",""
M2,3107,10/27/2023 12:05,21.02,41277.44,"","","",""
M2,3179,10/27/2023 18:05,19.35,281.92,"","","",""
M2,3180,10/27/2023 18:10,19.39,170.16,"","","",""
M2,3181,10/27/2023 18:15,19.35,53.84,"","","",""
M2,3182,10/27/2023 18:20,19.3,26.15,"","","",""
M2,3183,10/27/2023 18:25,19.26,8.24,"","","",""
M2,3184,10/27/2023 18:30,19.3,2.6,"","","",""
M2,3185,10/27/2023 18:35,19.3,0.65,"","","",""
M2,3186,10/27/2023 18:40,19.22,0,"","","",""
M2,3187,10/27/2023 18:45,19.26,0,"","","",""
M2,3188,10/27/2023 18:50,19.22,0,"","","",""
M2,3189,10/27/2023 18:55,19.22,0,"","","",""
M2,3190,10/27/2023 19:00,19.22,0,"","","",""
M2,3191,10/27/2023 19:05,19.22,0,"","","",""
M2,3192,10/27/2023 19:10,19.22,0,"","","",""
M2,3193,10/27/2023 19:15,19.13,0,"","","",""
M2,3194,10/27/2023 19:20,19.13,0,"","","",""
M2,3195,10/27/2023 19:25,19.13,0,"","","",""
M2,3196,10/27/2023 19:30,19.09,0,"","","",""
M2,3197,10/27/2023 19:35,19.09,0,"","","",""
M2,3198,10/27/2023 19:40,19.05,0,"","","",""
M2,3199,10/27/2023 19:45,19.05,0,"","","",""
M2,3200,10/27/2023 19:50,19,0,"","","",""
M2,3201,10/27/2023 19:55,19,0,"","","",""
M2,3202,10/27/2023 20:00,18.96,0,"","","",""
M2,3203,10/27/2023 20:05,19,0,"","","",""
M2,3204,10/27/2023 20:10,19,0,"","","",""
M2,3205,10/27/2023 20:15,18.96,0,"","","",""
M2,3206,10/27/2023 20:20,18.92,0,"","","",""
M2,3207,10/27/2023 20:25,18.92,0,"","","",""
M2,3208,10/27/2023 20:30,18.92,0,"","","",""
M2,3209,10/27/2023 20:35,18.92,0,"","","",""
M2,3210,10/27/2023 20:40,18.83,0,"","","",""
M2,3211,10/27/2023 20:45,18.83,0,"","","",""
M2,3212,10/27/2023 20:50,18.74,0,"","","",""
M2,3213,10/27/2023 20:55,18.74,0,"","","",""
M2,3214,10/27/2023 21:00,18.66,0,"","","",""
M2,3215,10/27/2023 21:05,18.66,0,"","","",""
M2,3216,10/27/2023 21:10,18.62,0,"","","",""
M2,3217,10/27/2023 21:15,18.62,0,"","","",""
M2,3218,10/27/2023 21:20,18.53,0,"","","",""
M2,3219,10/27/2023 21:25,18.53,0,"","","",""
M2,3220,10/27/2023 21:30,18.53,0,"","","",""
M2,3221,10/27/2023 21:35,18.44,0,"","","",""
M2,3222,10/27/2023 21:40,18.44,0,"","","",""
M2,3223,10/27/2023 21:45,18.44,0,"","","",""
M2,3224,10/27/2023 21:50,18.44,0,"","","",""
M2,3225,10/27/2023 21:55,18.4,0,"","","",""
M2,3226,10/27/2023 22:00,18.44,0,"","","",""
M2,3227,10/27/2023 22:05,18.49,0,"","","",""
M2,3228,10/27/2023 22:10,18.57,0,"","","",""
M2,3229,10/27/2023 22:15,18.53,0,"","","",""
M2,3230,10/27/2023 22:20,18.49,0,"","","",""
M2,3231,10/27/2023 22:25,18.44,0,"","","",""
M2,3232,10/27/2023 22:30,18.53,0,"","","",""
M2,3233,10/27/2023 22:35,18.53,0,"","","",""
M2,3234,10/27/2023 22:40,18.53,0,"","","",""
M2,3235,10/27/2023 22:45,18.53,0,"","","",""
M2,3236,10/27/2023 22:50,18.53,0,"","","",""
M2,3237,10/27/2023 22:55,18.53,0,"","","",""
M2,3238,10/27/2023 23:00,18.53,0,"","","",""
M2,3239,10/27/2023 23:05,18.57,0,"","","",""
M2,3240,10/27/2023 23:10,18.57,0,"","","",""
M2,3241,10/27/2023 23:15,18.57,0,"","","",""
M2,3242,10/27/2023 23:20,18.62,0.21,"","","",""
M2,3243,10/27/2023 23:25,18.62,0,"","","",""
M2,3244,10/27/2023 23:30,18.62,0,"","","",""
M2,3245,10/27/2023 23:35,18.62,0,"","","",""
M2,3246,10/27/2023 23:40,18.7,0,"","","",""
M2,3247,10/27/2023 23:45,18.7,0,"","","",""
M2,3248,10/27/2023 23:50,18.74,0,"","","",""
M2,3249,10/27/2023 23:55,18.74,0,"","","",""
M2,3250,10/28/2023 0:00,18.74,0,"","","",""
M2,3251,10/28/2023 0:05,18.79,0,"","","",""
M2,3252,10/28/2023 0:10,18.79,0,"","","",""
M2,3253,10/28/2023 0:15,18.74,0,"","","",""
M2,3254,10/28/2023 0:20,18.79,0,"","","",""
M2,3312,10/28/2023 5:10,18.53,0,"","","",""
M2,3313,10/28/2023 5:15,18.53,0,"","","",""
M2,3314,10/28/2023 5:20,18.49,0,"","","",""
M2,3315,10/28/2023 5:25,18.49,0,"","","",""
M2,3316,10/28/2023 5:30,18.44,0,"","","",""
M2,3317,10/28/2023 5:35,18.49,0,"","","",""
M2,3318,10/28/2023 5:40,18.49,0,"","","",""
M2,3319,10/28/2023 5:45,18.49,0,"","","",""
M2,3320,10/28/2023 5:50,18.49,0,"","","",""
M2,3321,10/28/2023 5:55,18.44,0,"","","",""
M2,3322,10/28/2023 6:00,18.44,0,"","","",""
M2,3323,10/28/2023 6:05,18.49,0,"","","",""
M2,3324,10/28/2023 6:10,18.49,0,"","","",""
M2,3325,10/28/2023 6:15,18.49,0,"","","",""
M2,3326,10/28/2023 6:20,18.53,0,"","","",""
M2,3327,10/28/2023 6:25,18.49,0,"","","",""
M2,3328,10/28/2023 6:30,18.49,0,"","","",""
M2,3329,10/28/2023 6:35,18.44,0,"","","",""
M2,3330,10/28/2023 6:40,18.49,0.43,"","","",""
M2,3331,10/28/2023 6:45,18.4,2.38,"","","",""
M2,3332,10/28/2023 6:50,18.32,11.28,"","","",""
M2,3333,10/28/2023 6:55,18.23,31.79,"","","",""
M2,3334,10/28/2023 7:00,18.19,77.2,"","","",""
M2,3335,10/28/2023 7:05,18.1,162.24,"","","",""
M2,3336,10/28/2023 7:10,18.06,110.68,"","","",""
M2,3337,10/28/2023 7:15,18.06,413.12,"","","",""
M2,3338,10/28/2023 7:20,17.97,657.6,"","","",""
M2,3339,10/28/2023 7:25,17.97,806.72,"","","",""
M2,3340,10/28/2023 7:30,18.02,837.12,"","","",""
M2,3341,10/28/2023 7:35,18.02,1039.04,"","","",""
M2,3342,10/28/2023 7:40,18.06,1649.28,"","","",""
M2,3343,10/28/2023 7:45,18.1,1373.44,"","","",""
M2,3344,10/28/2023 7:50,18.1,2165.12,"","","",""
M2,3345,10/28/2023 7:55,18.14,1764.48,"","","",""
M2,3346,10/28/2023 8:00,18.14,2944,"","","",""
M2,3347,10/28/2023 8:05,18.14,3667.2,"","","",""
M2,3348,10/28/2023 8:10,18.19,4135.68,"","","",""
M2,3349,10/28/2023 8:15,18.1,4007.68,"","","",""
M2,3350,10/28/2023 8:20,18.06,4261.12,"","","",""
M2,3351,10/28/2023 8:25,18.02,4993.28,"","","",""
M2,3352,10/28/2023 8:30,17.93,5557.76,"","","",""
M2,3353,10/28/2023 8:35,17.76,5080.32,"","","",""
M2,3354,10/28/2023 8:40,17.67,5352.96,"","","",""
M2,3355,10/28/2023 8:45,17.67,5690.88,"","","",""
M2,3356,10/28/2023 8:50,17.63,6812.16,"","","",""
M2,3357,10/28/2023 8:55,17.63,9638.4,"","","",""
M2,3358,10/28/2023 9:00,17.54,8007.68,"","","",""
M2,3359,10/28/2023 9:05,17.5,11601.92,"","","",""
M2,3360,10/28/2023 9:10,17.41,8299.52,"","","",""
M2,3361,10/28/2023 9:15,17.41,14796.8,"","","",""
M2,3362,10/28/2023 9:20,17.33,11407.36,"","","",""
M2,3363,10/28/2023 9:25,17.29,9978.88,"","","",""
M2,3364,10/28/2023 9:30,17.29,13050.88,"","","",""
M2,3365,10/28/2023 9:35,17.29,16486.4,"","","",""
M2,3366,10/28/2023 9:40,17.33,12262.4,"","","",""
M2,3367,10/28/2023 9:45,17.29,19215.36,"","","",""
M2,3368,10/28/2023 9:50,17.33,24432.64,"","","",""
M2,3369,10/28/2023 9:55,17.37,16327.68,"","","",""
M2,3370,10/28/2023 10:00,17.46,25210.88,"","","",""
M2,3371,10/28/2023 10:05,17.54,25722.88,"","","",""
M2,3372,10/28/2023 10:10,17.54,17167.36,"","","",""
M2,3373,10/28/2023 10:15,17.67,26132.48,"","","",""
M2,3374,10/28/2023 10:20,17.8,24217.6,"","","",""
M2,3375,10/28/2023 10:25,17.97,50954.24,"","","",""
M2,3376,10/28/2023 10:30,18.06,29347.84,"","","",""
M2,3377,10/28/2023 10:35,18.14,20065.28,"","","",""
M2,3378,10/28/2023 10:40,18.32,21544.96,"","","",""
M2,3379,10/28/2023 10:45,18.4,33464.32,"","","",""
M2,3380,10/28/2023 10:50,18.49,36392.96,"","","",""
M2,3381,10/28/2023 10:55,18.57,29880.32,"","","",""
M2,3382,10/28/2023 11:00,18.62,28907.52,"","","",""
M2,3383,10/28/2023 11:05,18.74,41267.2,"","","",""
M2,3384,10/28/2023 11:10,18.83,48558.08,"","","",""
M2,3385,10/28/2023 11:15,18.96,58613.76,"","","",""
M2,3386,10/28/2023 11:20,18.96,28231.68,"","","",""
M2,3387,10/28/2023 11:25,19.09,32901.12,"","","",""
M2,3388,10/28/2023 11:30,19.05,31610.88,"","","",""
M2,3389,10/28/2023 11:35,19.05,34416.64,"","","",""
M2,3390,10/28/2023 11:40,19.13,40683.52,"","","",""
M2,3391,10/28/2023 11:45,19.22,29163.52,"","","",""
M2,3392,10/28/2023 11:50,19.17,44441.6,"","","",""
M2,3393,10/28/2023 11:55,19.26,28620.8,"","","",""
M2,3394,10/28/2023 12:00,19.39,53575.68,"","","",""
M2,3395,10/28/2023 12:05,19.43,45465.6,"","","",""
M2,3396,10/28/2023 12:10,19.39,40755.2,"","","",""
M2,3397,10/28/2023 12:15,19.26,22865.92,"","","",""
M2,3398,10/28/2023 12:20,19.3,24975.36,"","","",""
M2,3399,10/28/2023 12:25,19.39,17648.64,"","","",""
M2,3400,10/28/2023 12:30,19.6,39168,"","","",""
M2,3401,10/28/2023 12:35,19.73,31846.4,"","","",""
M2,3480,10/28/2023 19:10,18.66,0,"","","",""
M2,3481,10/28/2023 19:15,18.66,0,"","","",""
M2,3482,10/28/2023 19:20,18.66,0,"","","",""
M2,3483,10/28/2023 19:25,18.62,0,"","","",""
M2,3484,10/28/2023 19:30,18.66,0,"","","",""
M2,3485,10/28/2023 19:35,18.57,0,"","","",""
M2,3486,10/28/2023 19:40,18.49,0,"","","",""
M2,3487,10/28/2023 19:45,18.49,0,"","","",""
M2,3488,10/28/2023 19:50,18.49,0,"","","",""
M2,3489,10/28/2023 19:55,18.49,0,"","","",""
M2,3490,10/28/2023 20:00,18.36,0,"","","",""
M2,3491,10/28/2023 20:05,18.27,0,"","","",""
M2,3492,10/28/2023 20:10,18.32,0,"","","",""
M2,3493,10/28/2023 20:15,18.23,0,"","","",""
M2,3494,10/28/2023 20:20,18.27,0,"","","",""
M2,3495,10/28/2023 20:25,18.14,0,"","","",""
M2,3496,10/28/2023 20:30,18.1,0,"","","",""
M2,3497,10/28/2023 20:35,18.1,0,"","","",""
M2,3498,10/28/2023 20:40,18.1,0,"","","",""
M2,3499,10/28/2023 20:45,18.06,0,"","","",""
M2,3500,10/28/2023 20:50,18.06,0,"","","",""
M2,3501,10/28/2023 20:55,18.06,0,"","","",""
M2,3502,10/28/2023 21:00,18.06,0,"","","",""
M2,3503,10/28/2023 21:05,17.97,0,"","","",""
M2,3504,10/28/2023 21:10,18.06,0,"","","",""
M2,3505,10/28/2023 21:15,18.06,0,"","","",""
M2,3506,10/28/2023 21:20,18.06,0,"","","",""
M2,3507,10/28/2023 21:25,18.02,0,"","","",""
M2,3508,10/28/2023 21:30,18.02,0,"","","",""
M2,3509,10/28/2023 21:35,17.97,0,"","","",""
M2,3510,10/28/2023 21:40,18.02,0,"","","",""
M2,3511,10/28/2023 21:45,17.93,0,"","","",""
M2,3512,10/28/2023 21:50,17.93,0,"","","",""
M2,3513,10/28/2023 21:55,17.93,0,"","","",""
M2,3514,10/28/2023 22:00,17.93,0,"","","",""
M2,3515,10/28/2023 22:05,17.93,0,"","","",""
M2,3516,10/28/2023 22:10,17.8,0,"","","",""
M2,3517,10/28/2023 22:15,17.8,0,"","","",""
M2,3518,10/28/2023 22:20,17.76,0,"","","",""
M2,3519,10/28/2023 22:25,17.72,0,"","","",""
M2,3520,10/28/2023 22:30,17.72,0,"","","",""
M2,3521,10/28/2023 22:35,17.63,0,"","","",""
M2,3522,10/28/2023 22:40,17.67,0,"","","",""
M2,3523,10/28/2023 22:45,17.67,0,"","","",""
M2,3524,10/28/2023 22:50,17.67,0,"","","",""
M2,3525,10/28/2023 22:55,17.67,0,"","","",""
M2,3526,10/28/2023 23:00,17.67,0,"","","",""
M2,3527,10/28/2023 23:05,17.67,0,"","","",""
M2,3528,10/28/2023 23:10,17.72,0,"","","",""
M2,3529,10/28/2023 23:15,17.72,0,"","","",""
M2,3530,10/28/2023 23:20,17.63,0,"","","",""
M2,3531,10/28/2023 23:25,17.67,0,"","","",""
M2,3532,10/28/2023 23:30,17.72,0,"","","",""
M2,3533,10/28/2023 23:35,17.63,0,"","","",""
M2,3534,10/28/2023 23:40,17.63,0,"","","",""
M2,3535,10/28/2023 23:45,17.63,0,"","","",""
M2,3536,10/28/2023 23:50,17.63,0,"","","",""
M2,3537,10/28/2023 23:55,17.59,0,"","","",""
M2,3538,10/29/2023 0:00,17.59,0,"","","",""
M2,3539,10/29/2023 0:05,17.54,0,"","","",""
M2,3540,10/29/2023 0:10,17.59,0,"","","",""
M2,3541,10/29/2023 0:15,17.54,0,"","","",""
M2,3542,10/29/2023 0:20,17.5,0,"","","",""
M2,3543,10/29/2023 0:25,17.54,0,"","","",""
M2,3544,10/29/2023 0:30,17.54,0,"","","",""
M2,3545,10/29/2023 0:35,17.5,0,"","","",""
M2,3546,10/29/2023 0:40,17.54,0,"","","",""
M2,3547,10/29/2023 0:45,17.54,0,"","","",""
M2,3548,10/29/2023 0:50,17.54,0,"","","",""
M2,3549,10/29/2023 0:55,17.54,0,"","","",""
M2,3550,10/29/2023 1:00,17.5,0,"","","",""
M2,3551,10/29/2023 1:05,17.5,0,"","","",""
M2,3552,10/29/2023 1:10,17.46,0,"","","",""
M2,3553,10/29/2023 1:15,17.46,0,"","","",""
M2,3603,10/29/2023 5:25,17.29,0,"","","",""
M2,3604,10/29/2023 5:30,17.29,0,"","","",""
M2,3605,10/29/2023 5:35,17.33,0,"","","",""
M2,3606,10/29/2023 5:40,17.29,0,"","","",""
M2,3607,10/29/2023 5:45,17.33,0,"","","",""
M2,3608,10/29/2023 5:50,17.29,0,"","","",""
M2,3609,10/29/2023 5:55,17.29,0,"","","",""
M2,3610,10/29/2023 6:00,17.24,0,"","","",""
M2,3611,10/29/2023 6:05,17.29,0,"","","",""
M2,3612,10/29/2023 6:10,17.33,0,"","","",""
M2,3613,10/29/2023 6:15,17.33,0,"","","",""
M2,3614,10/29/2023 6:20,17.29,0,"","","",""
M2,3615,10/29/2023 6:25,17.33,0,"","","",""
M2,3616,10/29/2023 6:30,17.37,0,"","","",""
M2,3617,10/29/2023 6:35,17.33,0,"","","",""
M2,3618,10/29/2023 6:40,17.33,0.43,"","","",""
M2,3619,10/29/2023 6:45,17.33,2.82,"","","",""
M2,3620,10/29/2023 6:50,17.41,11.06,"","","",""
M2,3621,10/29/2023 6:55,17.37,39.17,"","","",""
M2,3622,10/29/2023 7:00,17.41,89.84,"","","",""
M2,3623,10/29/2023 7:05,17.5,209.44,"","","",""
M2,3624,10/29/2023 7:10,17.54,401.28,"","","",""
M2,3625,10/29/2023 7:15,17.63,571.2,"","","",""
M2,3626,10/29/2023 7:20,17.67,864.64,"","","",""
M2,3627,10/29/2023 7:25,17.67,1277.76,"","","",""
M2,3628,10/29/2023 7:30,17.72,1485.44,"","","",""
M2,3629,10/29/2023 7:35,17.76,2017.28,"","","",""
M2,3630,10/29/2023 7:40,17.76,2849.28,"","","",""
M2,3631,10/29/2023 7:45,17.8,2464,"","","",""
M2,3632,10/29/2023 7:50,17.8,4229.12,"","","",""
M2,3633,10/29/2023 7:55,17.84,4972.8,"","","",""
M2,3634,10/29/2023 8:00,17.89,4163.84,"","","",""
M2,3635,10/29/2023 8:05,17.84,4768,"","","",""
M2,3636,10/29/2023 8:10,17.89,4938.24,"","","",""
M2,3637,10/29/2023 8:15,17.84,8819.2,"","","",""
M2,3638,10/29/2023 8:20,17.93,7951.36,"","","",""
M2,3639,10/29/2023 8:25,17.93,9492.48,"","","",""
M2,3640,10/29/2023 8:30,17.84,8089.6,"","","",""
M2,3641,10/29/2023 8:35,17.8,8028.16,"","","",""
M2,3642,10/29/2023 8:40,17.84,10562.56,"","","",""
M2,3643,10/29/2023 8:45,17.76,9812.48,"","","",""
M2,3644,10/29/2023 8:50,17.72,12733.44,"","","",""
M2,3645,10/29/2023 8:55,17.67,14008.32,"","","",""
M2,3646,10/29/2023 9:00,17.67,12380.16,"","","",""
M2,3647,10/29/2023 9:05,17.59,17602.56,"","","",""
M2,3648,10/29/2023 9:10,17.54,12917.76,"","","",""
M2,3649,10/29/2023 9:15,17.59,16742.4,"","","",""
M2,3650,10/29/2023 9:20,17.59,16394.24,"","","",""
M2,3651,10/29/2023 9:25,17.5,22261.76,"","","",""
M2,3652,10/29/2023 9:30,17.5,13921.28,"","","",""
M2,3653,10/29/2023 9:35,17.5,17925.12,"","","",""
M2,3654,10/29/2023 9:40,17.5,25016.32,"","","",""
M2,3655,10/29/2023 9:45,17.54,17792,"","","",""
M2,3656,10/29/2023 9:50,17.46,19860.48,"","","",""
M2,3657,10/29/2023 9:55,17.41,29921.28,"","","",""
M2,3658,10/29/2023 10:00,17.5,26634.24,"","","",""
M2,3659,10/29/2023 10:05,17.41,30464,"","","",""
M2,3660,10/29/2023 10:10,17.46,28692.48,"","","",""
M2,3661,10/29/2023 10:15,17.41,25088,"","","",""
M2,3662,10/29/2023 10:20,17.33,18426.88,"","","",""
M2,3663,10/29/2023 10:25,17.33,31150.08,"","","",""
M2,3664,10/29/2023 10:30,17.41,30801.92,"","","",""
M2,3665,10/29/2023 10:35,17.46,22220.8,"","","",""
M2,3666,10/29/2023 10:40,17.33,27136,"","","",""
M2,3667,10/29/2023 10:45,17.41,39034.88,"","","",""
M2,3668,10/29/2023 10:50,17.46,31375.36,"","","",""
M2,3669,10/29/2023 10:55,17.5,44974.08,"","","",""
M2,3670,10/29/2023 11:00,17.46,27340.8,"","","",""
M2,3671,10/29/2023 11:05,17.54,12922.88,"","","",""
M2,3672,10/29/2023 11:10,17.76,39208.96,"","","",""
M2,3673,10/29/2023 11:15,17.8,42516.48,"","","",""
M2,3674,10/29/2023 11:20,18.06,31877.12,"","","",""
M2,3675,10/29/2023 11:25,18.19,33290.24,"","","",""
M2,3676,10/29/2023 11:30,18.32,43335.68,"","","",""
M2,3677,10/29/2023 11:35,18.49,46264.32,"","","",""
M2,3678,10/29/2023 11:40,18.66,46796.8,"","","",""
M2,3679,10/29/2023 11:45,18.74,44032,"","","",""
M2,3680,10/29/2023 11:50,18.92,37888,"","","",""
M2,3681,10/29/2023 11:55,18.87,40652.8,"","","",""
M2,3682,10/29/2023 12:00,18.96,45035.52,"","","",""
M2,3683,10/29/2023 12:05,19.17,47534.08,"","","",""
M2,3684,10/29/2023 12:10,19.26,39137.28,"","","",""
M2,3685,10/29/2023 12:15,19.3,54517.76,"","","",""
M2,3686,10/29/2023 12:20,19.26,66396.16,"","","",""
M2,3687,10/29/2023 12:25,19.39,83087.36,"","","",""
M2,3688,10/29/2023 12:30,19.39,55541.76,"","","",""
M2,3689,10/29/2023 12:35,19.47,38809.6,"","","",""
M2,3690,10/29/2023 12:40,19.43,42291.2,"","","",""
M2,3691,10/29/2023 12:45,19.39,25016.32,"","","",""
M2,3692,10/29/2023 12:50,19.39,54067.2,"","","",""
M2,3693,10/29/2023 12:55,19.35,43089.92,"","","",""
M2,3694,10/29/2023 13:00,19.3,52367.36,"","","",""
M2,3695,10/29/2023 13:05,19.26,27893.76,"","","",""
M2,3696,10/29/2023 13:10,19.35,55664.64,"","","",""
M2,3697,10/29/2023 13:15,19.26,29235.2,"","","",""
M2,3698,10/29/2023 13:20,19.22,47472.64,"","","",""
M2,3782,10/29/2023 20:20,17.63,0,"","","",""
M2,3783,10/29/2023 20:25,17.67,0,"","","",""
M2,3784,10/29/2023 20:30,17.63,0,"","","",""
M2,3785,10/29/2023 20:35,17.67,0,"","","",""
M2,3786,10/29/2023 20:40,17.63,0,"","","",""
M2,3787,10/29/2023 20:45,17.67,0,"","","",""
M2,3788,10/29/2023 20:50,17.63,0,"","","",""
M2,3789,10/29/2023 20:55,17.63,0,"","","",""
M2,3790,10/29/2023 21:00,17.63,0,"","","",""
M2,3791,10/29/2023 21:05,17.63,0,"","","",""
M2,3792,10/29/2023 21:10,17.63,0,"","","",""
M2,3793,10/29/2023 21:15,17.63,0,"","","",""
M2,3794,10/29/2023 21:20,17.59,0,"","","",""
M2,3795,10/29/2023 21:25,17.67,0,"","","",""
M2,3796,10/29/2023 21:30,17.59,0,"","","",""
M2,3797,10/29/2023 21:35,17.59,0,"","","",""
M2,3798,10/29/2023 21:40,17.63,0,"","","",""
M2,3799,10/29/2023 21:45,17.59,0,"","","",""
M2,3800,10/29/2023 21:50,17.63,0,"","","",""
M2,3801,10/29/2023 21:55,17.63,0,"","","",""
M2,3802,10/29/2023 22:00,17.63,0,"","","",""
M2,3803,10/29/2023 22:05,17.63,0,"","","",""
M2,3804,10/29/2023 22:10,17.67,0,"","","",""
M2,3805,10/29/2023 22:15,17.63,0,"","","",""
M2,3806,10/29/2023 22:20,17.67,0,"","","",""
M2,3807,10/29/2023 22:25,17.67,0,"","","",""
M2,3808,10/29/2023 22:30,17.63,0,"","","",""
M2,3809,10/29/2023 22:35,17.67,0,"","","",""
M2,3810,10/29/2023 22:40,17.59,0,"","","",""
M2,3811,10/29/2023 22:45,17.54,0,"","","",""
M2,3812,10/29/2023 22:50,17.41,0,"","","",""
M2,3813,10/29/2023 22:55,17.41,0,"","","",""
M2,3814,10/29/2023 23:00,17.2,0,"","","",""
M2,3815,10/29/2023 23:05,17.11,0,"","","",""
M2,3816,10/29/2023 23:10,17.03,0,"","","",""
M2,3817,10/29/2023 23:15,16.94,0,"","","",""
M2,3818,10/29/2023 23:20,16.9,0,"","","",""
M2,3819,10/29/2023 23:25,16.9,0,"","","",""
M2,3820,10/29/2023 23:30,16.94,0,"","","",""
M2,3821,10/29/2023 23:35,16.99,0,"","","",""
M2,3822,10/29/2023 23:40,17.03,0,"","","",""
M2,3823,10/29/2023 23:45,17.11,0,"","","",""
M2,3824,10/29/2023 23:50,17.11,0,"","","",""
M2,3825,10/29/2023 23:55,17.24,0,"","","",""
M2,3826,10/30/2023 0:00,17.24,0,"","","",""
M2,3827,10/30/2023 0:05,17.24,0,"","","",""
M2,3828,10/30/2023 0:10,17.29,0,"","","",""
M2,3829,10/30/2023 0:15,17.33,0,"","","",""
M2,3830,10/30/2023 0:20,17.33,0,"","","",""
M2,3831,10/30/2023 0:25,17.41,0,"","","",""
M2,3832,10/30/2023 0:30,17.41,0,"","","",""
M2,3833,10/30/2023 0:35,17.41,0,"","","",""
M2,3834,10/30/2023 0:40,17.41,0,"","","",""
M2,3835,10/30/2023 0:45,17.41,0,"","","",""
M2,3836,10/30/2023 0:50,17.46,0,"","","",""
M2,3837,10/30/2023 0:55,17.37,0,"","","",""
M2,3838,10/30/2023 1:00,17.37,0,"","","",""
M2,3839,10/30/2023 1:05,17.41,0,"","","",""
M2,3840,10/30/2023 1:10,17.41,0,"","","",""
M2,3841,10/30/2023 1:15,17.41,0,"","","",""
M2,3842,10/30/2023 1:20,17.46,0,"","","",""
M2,3843,10/30/2023 1:25,17.41,0,"","","",""
M2,3844,10/30/2023 1:30,17.5,0,"","","",""
M2,3845,10/30/2023 1:35,17.5,0,"","","",""
M2,3846,10/30/2023 1:40,17.46,0,"","","",""
M2,3847,10/30/2023 1:45,17.46,0,"","","",""
M2,3848,10/30/2023 1:50,17.41,0,"","","",""
M2,3849,10/30/2023 1:55,17.41,0,"","","",""
M2,3850,10/30/2023 2:00,17.41,0,"","","",""
M2,3892,10/30/2023 5:30,16.94,0,"","","",""
M2,3893,10/30/2023 5:35,16.94,0,"","","",""
M2,3894,10/30/2023 5:40,16.86,0,"","","",""
M2,3895,10/30/2023 5:45,16.94,0,"","","",""
M2,3896,10/30/2023 5:50,16.94,0,"","","",""
M2,3897,10/30/2023 5:55,16.99,0,"","","",""
M2,3898,10/30/2023 6:00,16.99,0,"","","",""
M2,3899,10/30/2023 6:05,16.94,0,"","","",""
M2,3900,10/30/2023 6:10,16.99,0,"","","",""
M2,3901,10/30/2023 6:15,17.03,0,"","","",""
M2,3902,10/30/2023 6:20,17.03,0,"","","",""
M2,3903,10/30/2023 6:25,17.03,0,"","","",""
M2,3904,10/30/2023 6:30,17.07,0,"","","",""
M2,3905,10/30/2023 6:35,17.07,0,"","","",""
M2,3906,10/30/2023 6:40,17.11,0.43,"","","",""
M2,3907,10/30/2023 6:45,17.16,2.82,"","","",""
M2,3908,10/30/2023 6:50,17.2,10.63,"","","",""
M2,3909,10/30/2023 6:55,17.24,30.49,"","","",""
M2,3910,10/30/2023 7:00,17.24,62.34,"","","",""
M2,3911,10/30/2023 7:05,17.33,184,"","","",""
M2,3912,10/30/2023 7:10,17.37,361.12,"","","",""
M2,3913,10/30/2023 7:15,17.41,592.48,"","","",""
M2,3914,10/30/2023 7:20,17.5,992.32,"","","",""
M2,3915,10/30/2023 7:25,17.63,277.36,"","","",""
M2,3916,10/30/2023 7:30,17.67,1972.48,"","","",""
M2,3917,10/30/2023 7:35,17.76,1141.44,"","","",""
M2,3918,10/30/2023 7:40,17.8,3269.12,"","","",""
M2,3919,10/30/2023 7:45,17.89,4975.36,"","","",""
M2,3920,10/30/2023 7:50,17.97,5580.8,"","","",""
M2,3921,10/30/2023 7:55,18.06,5680.64,"","","",""
M2,3922,10/30/2023 8:00,18.06,10327.04,"","","",""
M2,3923,10/30/2023 8:05,18.14,8660.48,"","","",""
M2,3924,10/30/2023 8:10,18.23,8476.16,"","","",""
M2,3925,10/30/2023 8:15,18.32,7347.2,"","","",""
M2,3926,10/30/2023 8:20,18.36,11709.44,"","","",""
M2,3927,10/30/2023 8:25,18.4,10383.36,"","","",""
M2,3928,10/30/2023 8:30,18.49,13373.44,"","","",""
M2,3929,10/30/2023 8:35,18.44,10306.56,"","","",""
M2,3930,10/30/2023 8:40,18.57,9216,"","","",""
M2,3931,10/30/2023 8:45,18.62,22159.36,"","","",""
M2,3932,10/30/2023 8:50,18.62,15098.88,"","","",""
M2,3933,10/30/2023 8:55,18.7,21831.68,"","","",""
M2,3934,10/30/2023 9:00,18.79,32901.12,"","","",""
M2,3935,10/30/2023 9:05,18.83,19430.4,"","","",""
M2,3936,10/30/2023 9:10,18.87,24668.16,"","","",""
M2,3937,10/30/2023 9:15,18.92,23173.12,"","","",""
M2,3938,10/30/2023 9:20,19,41267.2,"","","",""
M2,3939,10/30/2023 9:25,19,30310.4,"","","",""
M2,3940,10/30/2023 9:30,19.09,22128.64,"","","",""
M2,3941,10/30/2023 9:35,19.09,34713.6,"","","",""
M2,3942,10/30/2023 9:40,19.17,37847.04,"","","",""
M2,3943,10/30/2023 9:45,19.22,24504.32,"","","",""
M2,3944,10/30/2023 9:50,19.22,33249.28,"","","",""
M2,3945,10/30/2023 9:55,19.22,30699.52,"","","",""
M2,3946,10/30/2023 10:00,19.26,23511.04,"","","",""
M2,3947,10/30/2023 10:05,19.3,33515.52,"","","",""
M2,3948,10/30/2023 10:10,19.39,24002.56,"","","",""
M2,3949,10/30/2023 10:15,19.43,29224.96,"","","",""
M2,3950,10/30/2023 10:20,19.56,39055.36,"","","",""
M2,3951,10/30/2023 10:25,19.52,9187.84,"","","",""
M2,3952,10/30/2023 10:30,19.52,31488,"","","",""
M2,3953,10/30/2023 10:35,19.56,27596.8,"","","",""
M2,3954,10/30/2023 10:40,19.65,37867.52,"","","",""
M2,3955,10/30/2023 10:45,19.65,32890.88,"","","",""
M2,3956,10/30/2023 10:50,19.69,32655.36,"","","",""
M2,3957,10/30/2023 10:55,19.77,26368,"","","",""
M2,3958,10/30/2023 11:00,19.77,45158.4,"","","",""
M2,3959,10/30/2023 11:05,19.77,51507.2,"","","",""
M2,3960,10/30/2023 11:10,19.86,57364.48,"","","",""
M2,3961,10/30/2023 11:15,19.86,37888,"","","",""
M2,3962,10/30/2023 11:20,19.9,74219.52,"","","",""
M2,3963,10/30/2023 11:25,19.9,22118.4,"","","",""
M2,3964,10/30/2023 11:30,19.99,35000.32,"","","",""
M2,3965,10/30/2023 11:35,20.07,42086.4,"","","",""
M2,3966,10/30/2023 11:40,20.07,36014.08,"","","",""
M2,3967,10/30/2023 11:45,20.16,27596.8,"","","",""
M2,3968,10/30/2023 11:50,20.16,45977.6,"","","",""
M2,3969,10/30/2023 11:55,20.12,50462.72,"","","",""
M2,3970,10/30/2023 12:00,20.2,46428.16,"","","",""
M2,3971,10/30/2023 12:05,20.25,47882.24,"","","",""
M2,3972,10/30/2023 12:10,20.25,85073.92,"","","",""
M2,3973,10/30/2023 12:15,20.29,78479.36,"","","",""
M2,3974,10/30/2023 12:20,20.29,48332.8,"","","",""
M2,3975,10/30/2023 12:25,20.29,50216.96,"","","",""
M2,3976,10/30/2023 12:30,20.29,61726.72,"","","",""
M2,3977,10/30/2023 12:35,20.29,66498.56,"","","",""
M2,3978,10/30/2023 12:40,20.33,49213.44,"","","",""
M2,3979,10/30/2023 12:45,20.37,32010.24,"","","",""
M2,3980,10/30/2023 12:50,20.33,46919.68,"","","",""
M2,3981,10/30/2023 12:55,20.37,69754.88,"","","",""
M2,3982,10/30/2023 13:00,20.33,28928,"","","",""
M2,3983,10/30/2023 13:05,20.29,33024,"","","",""
M2,3984,10/30/2023 13:10,20.29,66396.16,"","","",""
M2,3985,10/30/2023 13:15,20.25,60354.56,"","","",""
M2,3986,10/30/2023 13:20,20.2,26961.92,"","","",""
M2,3987,10/30/2023 13:25,20.2,8015.36,"","","",""
M2,3988,10/30/2023 13:30,20.16,59412.48,"","","",""
M2,3989,10/30/2023 13:35,20.12,28334.08,"","","",""
M2,3990,10/30/2023 13:40,19.99,51425.28,"","","",""
M2,3991,10/30/2023 13:45,19.95,24872.96,"","","",""
M2,3992,10/30/2023 13:50,19.9,40017.92,"","","",""
M2,3993,10/30/2023 13:55,19.69,12928,"","","",""
M2,4082,10/30/2023 21:20,17.8,0,"","","",""
M2,4083,10/30/2023 21:25,17.76,0,"","","",""
M2,4084,10/30/2023 21:30,17.76,0,"","","",""
M2,4085,10/30/2023 21:35,17.76,0,"","","",""
M2,4086,10/30/2023 21:40,17.67,0,"","","",""
M2,4087,10/30/2023 21:45,17.72,0,"","","",""
M2,4088,10/30/2023 21:50,17.76,0,"","","",""
M2,4089,10/30/2023 21:55,17.76,0,"","","",""
M2,4090,10/30/2023 22:00,17.76,0,"","","",""
M2,4091,10/30/2023 22:05,17.72,0,"","","",""
M2,4092,10/30/2023 22:10,17.72,0,"","","",""
M2,4093,10/30/2023 22:15,17.72,0,"","","",""
M2,4094,10/30/2023 22:20,17.76,0,"","","",""
M2,4095,10/30/2023 22:25,17.76,0,"","","",""
M2,4096,10/30/2023 22:30,17.76,0,"","","",""
M2,4097,10/30/2023 22:35,17.8,0,"","","",""
M2,4098,10/30/2023 22:40,17.8,0,"","","",""
M2,4099,10/30/2023 22:45,17.84,0,"","","",""
M2,4100,10/30/2023 22:50,17.84,0,"","","",""
M2,4101,10/30/2023 22:55,17.84,0,"","","",""
M2,4102,10/30/2023 23:00,17.89,0,"","","",""
M2,4103,10/30/2023 23:05,17.89,0,"","","",""
M2,4104,10/30/2023 23:10,17.93,0,"","","",""
M2,4105,10/30/2023 23:15,17.89,0,"","","",""
M2,4106,10/30/2023 23:20,17.93,0,"","","",""
M2,4107,10/30/2023 23:25,17.84,0,"","","",""
M2,4108,10/30/2023 23:30,17.93,0,"","","",""
M2,4109,10/30/2023 23:35,17.93,0,"","","",""
M2,4110,10/30/2023 23:40,17.93,0,"","","",""
M2,4111,10/30/2023 23:45,17.97,0,"","","",""
M2,4112,10/30/2023 23:50,17.97,0,"","","",""
M2,4113,10/30/2023 23:55,17.93,0,"","","",""
M2,4114,10/31/2023 0:00,17.97,0,"","","",""
M2,4115,10/31/2023 0:05,17.97,0,"","","",""
M2,4116,10/31/2023 0:10,17.97,0,"","","",""
M2,4117,10/31/2023 0:15,18.02,0,"","","",""
M2,4118,10/31/2023 0:20,17.93,0,"","","",""
M2,4119,10/31/2023 0:25,17.97,0,"","","",""
M2,4120,10/31/2023 0:30,17.97,0,"","","",""
M2,4121,10/31/2023 0:35,17.97,0,"","","",""
M2,4122,10/31/2023 0:40,17.97,0,"","","",""
M2,4123,10/31/2023 0:45,17.93,0,"","","",""
M2,4124,10/31/2023 0:50,17.97,0,"","","",""
M2,4125,10/31/2023 0:55,17.93,0,"","","",""
M2,4126,10/31/2023 1:00,17.97,0,"","","",""
M2,4127,10/31/2023 1:05,17.93,0,"","","",""
M2,4128,10/31/2023 1:10,17.89,0,"","","",""
M2,4129,10/31/2023 1:15,17.93,0,"","","",""
M2,4130,10/31/2023 1:20,17.89,0,"","","",""
M2,4131,10/31/2023 1:25,17.84,0,"","","",""
M2,4132,10/31/2023 1:30,17.84,0,"","","",""
M2,4133,10/31/2023 1:35,17.84,0,"","","",""
M2,4134,10/31/2023 1:40,17.8,0,"","","",""
M2,4135,10/31/2023 1:45,17.76,0,"","","",""
M2,4136,10/31/2023 1:50,17.76,0,"","","",""
M2,4137,10/31/2023 1:55,17.72,0,"","","",""
M2,4138,10/31/2023 2:00,17.72,0,"","","",""
M2,4139,10/31/2023 2:05,17.72,0,"","","",""
M2,4140,10/31/2023 2:10,17.67,0,"","","",""
M2,4141,10/31/2023 2:15,17.63,0,"","","",""
M2,4142,10/31/2023 2:20,17.63,0,"","","",""
M2,4143,10/31/2023 2:25,17.63,0,"","","",""
M2,4144,10/31/2023 2:30,17.59,0,"","","",""
M2,4145,10/31/2023 2:35,17.59,0,"","","",""
M2,4146,10/31/2023 2:40,17.59,0,"","","",""
M2,4147,10/31/2023 2:45,17.54,0,"","","",""
M2,4148,10/31/2023 2:50,17.54,0,"","","",""
M2,4149,10/31/2023 2:55,17.54,0,"","","",""
M2,4150,10/31/2023 3:00,17.46,0,"","","",""
M2,4151,10/31/2023 3:05,17.46,0,"","","",""
M2,4152,10/31/2023 3:10,17.41,0,"","","",""
M2,4153,10/31/2023 3:15,17.37,0,"","","",""
M2,4154,10/31/2023 3:20,17.46,0,"","","",""
M2,4155,10/31/2023 3:25,17.37,0,"","","",""
M2,4156,10/31/2023 3:30,17.33,0,"","","",""
M2,4157,10/31/2023 3:35,17.37,0,"","","",""
M2,4158,10/31/2023 3:40,17.33,0,"","","",""
M2,4159,10/31/2023 3:45,17.37,0,"","","",""
M2,4160,10/31/2023 3:50,17.33,0,"","","",""
M2,4161,10/31/2023 3:55,17.24,0,"","","",""
M2,4163,10/31/2023 4:05,17.24,0,"","","",""
M2,4176,10/31/2023 5:10,17.07,0,"","","",""
M2,4177,10/31/2023 5:15,17.03,0,"","","",""
M2,4178,10/31/2023 5:20,17.11,0,"","","",""
M2,4179,10/31/2023 5:25,17.11,0,"","","",""
M2,4180,10/31/2023 5:30,17.03,0,"","","",""
M2,4181,10/31/2023 5:35,17.07,0,"","","",""
M2,4182,10/31/2023 5:40,17.03,0,"","","",""
M2,4183,10/31/2023 5:45,17.03,0,"","","",""
M2,4184,10/31/2023 5:50,17.07,0,"","","",""
M2,4185,10/31/2023 5:55,16.99,0,"","","",""
M2,4186,10/31/2023 6:00,17.03,0,"","","",""
M2,4187,10/31/2023 6:05,16.99,0,"","","",""
M2,4188,10/31/2023 6:10,17.03,0,"","","",""
M2,4189,10/31/2023 6:15,16.99,0,"","","",""
M2,4190,10/31/2023 6:20,17.03,0,"","","",""
M2,4191,10/31/2023 6:25,16.94,0,"","","",""
M2,4192,10/31/2023 6:30,17.03,0,"","","",""
M2,4193,10/31/2023 6:35,16.94,0,"","","",""
M2,4194,10/31/2023 6:40,16.99,0.43,"","","",""
M2,4195,10/31/2023 6:45,16.99,2.38,"","","",""
M2,4196,10/31/2023 6:50,17.03,8.46,"","","",""
M2,4197,10/31/2023 6:55,17.03,28.1,"","","",""
M2,4198,10/31/2023 7:00,17.07,84.64,"","","",""
M2,4199,10/31/2023 7:05,17.07,168.4,"","","",""
M2,4200,10/31/2023 7:10,17.11,339.36,"","","",""
M2,4201,10/31/2023 7:15,17.16,655.36,"","","",""
M2,4202,10/31/2023 7:20,17.24,1087.68,"","","",""
M2,4203,10/31/2023 7:25,17.33,1560.96,"","","",""
M2,4204,10/31/2023 7:30,17.33,1719.04,"","","",""
M2,4205,10/31/2023 7:35,17.37,2102.4,"","","",""
M2,4206,10/31/2023 7:40,17.46,3294.72,"","","",""
M2,4207,10/31/2023 7:45,17.5,3146.24,"","","",""
M2,4208,10/31/2023 7:50,17.59,5080.32,"","","",""
M2,4209,10/31/2023 7:55,17.63,8931.84,"","","",""
M2,4210,10/31/2023 8:00,17.72,7198.72,"","","",""
M2,4211,10/31/2023 8:05,17.8,6092.8,"","","",""
M2,4212,10/31/2023 8:10,17.84,9638.4,"","","",""
M2,4213,10/31/2023 8:15,17.89,9541.12,"","","",""
M2,4214,10/31/2023 8:20,17.93,12416,"","","",""
M2,4215,10/31/2023 8:25,18.02,10388.48,"","","",""
M2,4216,10/31/2023 8:30,18.02,14151.68,"","","",""
M2,4217,10/31/2023 8:35,18.1,17361.92,"","","",""
M2,4218,10/31/2023 8:40,18.1,31324.16,"","","",""
M2,4219,10/31/2023 8:45,18.19,23756.8,"","","",""
M2,4220,10/31/2023 8:50,18.23,12887.04,"","","",""
M2,4221,10/31/2023 8:55,18.32,28057.6,"","","",""
M2,4222,10/31/2023 9:00,18.36,28088.32,"","","",""
M2,4223,10/31/2023 9:05,18.4,24893.44,"","","",""
M2,4224,10/31/2023 9:10,18.49,18933.76,"","","",""
M2,4225,10/31/2023 9:15,18.53,21411.84,"","","",""
M2,4226,10/31/2023 9:20,18.49,22302.72,"","","",""
M2,4227,10/31/2023 9:25,18.57,24401.92,"","","",""
M2,4228,10/31/2023 9:30,18.66,22210.56,"","","",""
M2,4229,10/31/2023 9:35,18.74,25651.2,"","","",""
M2,4230,10/31/2023 9:40,18.83,36608,"","","",""
M2,4231,10/31/2023 9:45,18.83,39424,"","","",""
M2,4232,10/31/2023 9:50,18.87,31221.76,"","","",""
M2,4233,10/31/2023 9:55,18.96,24883.2,"","","",""
M2,4234,10/31/2023 10:00,19,19138.56,"","","",""
M2,4235,10/31/2023 10:05,19.05,27074.56,"","","",""
M2,4236,10/31/2023 10:10,19.05,24576,"","","",""
M2,4237,10/31/2023 10:15,19.17,30801.92,"","","",""
M2,4238,10/31/2023 10:20,19.13,25282.56,"","","",""
M2,4239,10/31/2023 10:25,19.26,7659.52,"","","",""
M2,4240,10/31/2023 10:30,19.26,47247.36,"","","",""
M2,4241,10/31/2023 10:35,19.35,23500.8,"","","",""
M2,4242,10/31/2023 10:40,19.39,73584.64,"","","",""
M2,4243,10/31/2023 10:45,19.43,38553.6,"","","",""
M2,4244,10/31/2023 10:50,19.47,34488.32,"","","",""
M2,4245,10/31/2023 10:55,19.47,38144,"","","",""
M2,4246,10/31/2023 11:00,19.56,60006.4,"","","",""
M2,4247,10/31/2023 11:05,19.56,36904.96,"","","",""
M2,4248,10/31/2023 11:10,19.56,27453.44,"","","",""
M2,4249,10/31/2023 11:15,19.6,40990.72,"","","",""
M2,4250,10/31/2023 11:20,19.6,30904.32,"","","",""
M2,4251,10/31/2023 11:25,19.65,15237.12,"","","",""
M2,4252,10/31/2023 11:30,19.65,40888.32,"","","",""
M2,4253,10/31/2023 11:35,19.73,29941.76,"","","",""
M2,4254,10/31/2023 11:40,19.69,33740.8,"","","",""
M2,4255,10/31/2023 11:45,19.73,58388.48,"","","",""
M2,4256,10/31/2023 11:50,19.73,40110.08,"","","",""
M2,4257,10/31/2023 11:55,19.73,39270.4,"","","",""
M2,4258,10/31/2023 12:00,19.77,35061.76,"","","",""
M2,4259,10/31/2023 12:05,19.73,27555.84,"","","",""
M2,4260,10/31/2023 12:10,19.73,32921.6,"","","",""
M2,4261,10/31/2023 12:15,19.73,43376.64,"","","",""
M2,4262,10/31/2023 12:20,19.77,61992.96,"","","",""
M2,4263,10/31/2023 12:25,19.73,46632.96,"","","",""
M2,4264,10/31/2023 12:30,19.77,44113.92,"","","",""
M2,4265,10/31/2023 12:35,19.69,75898.88,"","","",""
M2,4266,10/31/2023 12:40,19.69,60497.92,"","","",""
M2,4267,10/31/2023 12:45,19.65,37642.24,"","","",""
M2,4268,10/31/2023 12:50,19.69,28436.48,"","","",""
M2,4269,10/31/2023 12:55,19.65,49111.04,"","","",""
M2,4270,10/31/2023 13:00,19.6,50053.12,"","","",""
M2,4271,10/31/2023 13:05,19.47,74567.68,"","","",""
M2,4272,10/31/2023 13:10,19.52,24709.12,"","","",""
M2,4273,10/31/2023 13:15,19.52,35778.56,"","","",""
M2,4274,10/31/2023 13:20,19.52,27811.84,"","","",""
M2,4275,10/31/2023 13:25,19.47,37816.32,"","","",""
M2,4276,10/31/2023 13:30,19.43,42475.52,"","","",""
M2,4277,10/31/2023 13:35,19.39,32471.04,"","","",""
M2,4278,10/31/2023 13:40,19.43,91422.72,"","","",""
M2,4279,10/31/2023 13:45,19.35,53452.8,"","","",""
M2,4280,10/31/2023 13:50,19.3,60579.84,"","","",""
M2,4281,10/31/2023 13:55,19.35,27944.96,"","","",""
M2,4282,10/31/2023 14:00,19.3,67133.44,"","","",""
M2,4283,10/31/2023 14:05,19.26,37109.76,"","","",""
M2,4284,10/31/2023 14:10,19.22,23029.76,"","","",""
M2,4285,10/31/2023 14:15,19.09,30679.04,"","","",""
M2,4286,10/31/2023 14:20,19.22,41297.92,"","","",""
M2,4287,10/31/2023 14:25,19.09,5703.68,"","","",""
M2,4288,10/31/2023 14:30,19.05,37263.36,"","","",""
M2,4289,10/31/2023 14:35,18.92,24934.4,"","","",""
M2,4290,10/31/2023 14:40,18.92,40386.56,"","","",""
M2,4291,10/31/2023 14:45,18.92,5288.96,"","","",""
M2,4292,10/31/2023 14:50,18.92,24596.48,"","","",""
M2,4383,10/31/2023 22:25,17.54,0,"","","",""
M2,4384,10/31/2023 22:30,17.54,0,"","","",""
M2,4385,10/31/2023 22:35,17.54,0,"","","",""
M2,4386,10/31/2023 22:40,17.5,0,"","","",""
M2,4387,10/31/2023 22:45,17.5,0,"","","",""
M2,4388,10/31/2023 22:50,17.5,0,"","","",""
M2,4389,10/31/2023 22:55,17.5,0,"","","",""
M2,4390,10/31/2023 23:00,17.5,0,"","","",""
M2,4391,10/31/2023 23:05,17.5,0,"","","",""
M2,4392,10/31/2023 23:10,17.5,0,"","","",""
M2,4393,10/31/2023 23:15,17.46,0,"","","",""
M2,4394,10/31/2023 23:20,17.5,0,"","","",""
M2,4395,10/31/2023 23:25,17.54,0,"","","",""
M2,4396,10/31/2023 23:30,17.54,0,"","","",""
M2,4397,10/31/2023 23:35,17.5,0,"","","",""
M2,4398,10/31/2023 23:40,17.46,0,"","","",""
M2,4399,10/31/2023 23:45,17.5,0,"","","",""
M2,4400,10/31/2023 23:50,17.46,0,"","","",""
M2,4401,10/31/2023 23:55,17.46,0,"","","",""
M2,4402,11/1/2023 0:00,17.46,0,"","","",""
M2,4403,11/1/2023 0:05,17.5,0,"","","",""
M2,4404,11/1/2023 0:10,17.5,0,"","","",""
M2,4405,11/1/2023 0:15,17.46,0,"","","",""
M2,4406,11/1/2023 0:20,17.5,0,"","","",""
M2,4407,11/1/2023 0:25,17.5,0,"","","",""
M2,4408,11/1/2023 0:30,17.46,0,"","","",""
M2,4409,11/1/2023 0:35,17.46,0,"","","",""
M2,4410,11/1/2023 0:40,17.5,0,"","","",""
M2,4411,11/1/2023 0:45,17.46,0,"","","",""
M2,4412,11/1/2023 0:50,17.41,0,"","","",""
M2,4413,11/1/2023 0:55,17.46,0,"","","",""
M2,4414,11/1/2023 1:00,17.46,0,"","","",""
M2,4415,11/1/2023 1:05,17.41,0,"","","",""
M2,4416,11/1/2023 1:10,17.46,0,"","","",""
M2,4417,11/1/2023 1:15,17.5,0,"","","",""
M2,4418,11/1/2023 1:20,17.46,0,"","","",""
M2,4419,11/1/2023 1:25,17.46,0,"","","",""
M2,4420,11/1/2023 1:30,17.46,0,"","","",""
M2,4421,11/1/2023 1:35,17.46,0,"","","",""
M2,4422,11/1/2023 1:40,17.5,0,"","","",""
M2,4423,11/1/2023 1:45,17.46,0,"","","",""
M2,4424,11/1/2023 1:50,17.46,0,"","","",""
M2,4425,11/1/2023 1:55,17.46,0,"","","",""
M2,4426,11/1/2023 2:00,17.46,0,"","","",""
M2,4427,11/1/2023 2:05,17.5,0,"","","",""
M2,4428,11/1/2023 2:10,17.46,0,"","","",""
M2,4429,11/1/2023 2:15,17.46,0,"","","",""
M2,4430,11/1/2023 2:20,17.46,0,"","","",""
M2,4431,11/1/2023 2:25,17.41,0,"","","",""
M2,4432,11/1/2023 2:30,17.41,0,"","","",""
M2,4433,11/1/2023 2:35,17.41,0,"","","",""
M2,4434,11/1/2023 2:40,17.37,0,"","","",""
M2,4435,11/1/2023 2:45,17.41,0,"","","",""
M2,4436,11/1/2023 2:50,17.41,0,"","","",""
M2,4437,11/1/2023 2:55,17.41,0,"","","",""
M2,4438,11/1/2023 3:00,17.41,0,"","","",""
M2,4439,11/1/2023 3:05,17.33,0,"","","",""
M2,4440,11/1/2023 3:10,17.37,0,"","","",""
M2,4441,11/1/2023 3:15,17.41,0,"","","",""
M2,4442,11/1/2023 3:20,17.33,0,"","","",""
M2,4443,11/1/2023 3:25,17.37,0,"","","",""
M2,4444,11/1/2023 3:30,17.29,0,"","","",""
M2,4445,11/1/2023 3:35,17.33,0,"","","",""
M2,4446,11/1/2023 3:40,17.29,0,"","","",""
M2,4447,11/1/2023 3:45,17.29,0,"","","",""
M2,4448,11/1/2023 3:50,17.29,0,"","","",""
M2,4449,11/1/2023 3:55,17.29,0,"","","",""
M2,4450,11/1/2023 4:00,17.24,0,"","","",""
M2,4451,11/1/2023 4:05,17.24,0,"","","",""
M2,4452,11/1/2023 4:10,17.24,0,"","","",""
M2,4453,11/1/2023 4:15,17.2,0,"","","",""
M2,4454,11/1/2023 4:20,17.16,0,"","","",""
M2,4455,11/1/2023 4:25,17.16,0,"","","",""
M2,4456,11/1/2023 4:30,17.16,0,"","","",""
M2,4457,11/1/2023 4:35,17.16,0,"","","",""
M2,4458,11/1/2023 4:40,17.16,0,"","","",""
M2,4459,11/1/2023 4:45,17.16,0,"","","",""
M2,4460,11/1/2023 4:50,17.07,0,"","","",""
M2,4461,11/1/2023 4:55,17.07,0,"","","",""
M2,4462,11/1/2023 5:00,17.11,0,"","","",""
M2,4463,11/1/2023 5:05,17.11,0,"","","",""
M2,4464,11/1/2023 5:10,17.11,0,"","","",""
M2,4465,11/1/2023 5:15,17.11,0,"","","",""
M2,4466,11/1/2023 5:20,17.11,0,"","","",""
M2,4467,11/1/2023 5:25,17.11,0,"","","",""
M2,4468,11/1/2023 5:30,17.07,0,"","","",""
M2,4469,11/1/2023 5:35,17.11,0,"","","",""
M2,4470,11/1/2023 5:40,17.11,0,"","","",""
M2,4471,11/1/2023 5:45,17.07,0,"","","",""
M2,4472,11/1/2023 5:50,17.07,0,"","","",""
M2,4473,11/1/2023 5:55,17.03,0,"","","",""
M2,4474,11/1/2023 6:00,17.03,0,"","","",""
M2,4475,11/1/2023 6:05,17.07,0,"","","",""
M2,4476,11/1/2023 6:10,17.11,0,"","","",""
M2,4477,11/1/2023 6:15,17.07,0,"","","",""
M2,4478,11/1/2023 6:20,17.07,0,"","","",""
M2,4479,11/1/2023 6:25,17.07,0,"","","",""
M2,4480,11/1/2023 6:30,17.07,0,"","","",""
M2,4481,11/1/2023 6:35,17.07,0,"","","",""
M2,4482,11/1/2023 6:40,17.07,0,"","","",""
M2,4483,11/1/2023 6:45,17.03,1.51,"","","",""
M2,4484,11/1/2023 6:50,17.07,6.72,"","","",""
M2,4485,11/1/2023 6:55,17.07,20.48,"","","",""
M2,4486,11/1/2023 7:00,17.11,76.28,"","","",""
M2,4487,11/1/2023 7:05,17.11,158.96,"","","",""
M2,4488,11/1/2023 7:10,17.11,260.88,"","","",""
M2,4489,11/1/2023 7:15,17.16,422.24,"","","",""
M2,4490,11/1/2023 7:20,17.16,884.48,"","","",""
M2,4491,11/1/2023 7:25,17.16,1274.24,"","","",""
M2,4492,11/1/2023 7:30,17.24,1746.56,"","","",""
M2,4493,11/1/2023 7:35,17.33,1034.88,"","","",""
M2,4494,11/1/2023 7:40,17.37,4624.64,"","","",""
M2,4495,11/1/2023 7:45,17.37,4930.56,"","","",""
M2,4496,11/1/2023 7:50,17.37,5230.08,"","","",""
M2,4497,11/1/2023 7:55,17.5,7777.28,"","","",""
M2,4498,11/1/2023 8:00,17.54,9482.24,"","","",""
M2,4499,11/1/2023 8:05,17.59,8875.52,"","","",""
M2,4500,11/1/2023 8:10,17.67,6635.52,"","","",""
M2,4501,11/1/2023 8:15,17.67,8916.48,"","","",""
M2,4502,11/1/2023 8:20,17.72,9541.12,"","","",""
M2,4503,11/1/2023 8:25,17.8,13521.92,"","","",""
M2,4504,11/1/2023 8:30,17.89,11980.8,"","","",""
M2,4505,11/1/2023 8:35,17.93,28989.44,"","","",""
M2,4506,11/1/2023 8:40,17.97,10741.76,"","","",""
M2,4507,11/1/2023 8:45,18.02,15063.04,"","","",""
M2,4508,11/1/2023 8:50,18.06,12846.08,"","","",""
M2,4509,11/1/2023 8:55,18.02,17735.68,"","","",""
M2,4510,11/1/2023 9:00,18.06,15313.92,"","","",""
M2,4511,11/1/2023 9:05,18.23,21739.52,"","","",""
M2,4512,11/1/2023 9:10,18.32,17776.64,"","","",""
M2,4513,11/1/2023 9:15,18.27,21268.48,"","","",""
M2,4514,11/1/2023 9:20,18.4,25077.76,"","","",""
M2,4515,11/1/2023 9:25,18.44,24238.08,"","","",""
M2,4516,11/1/2023 9:30,18.32,22231.04,"","","",""
M2,4517,11/1/2023 9:35,18.36,21432.32,"","","",""
M2,4518,11/1/2023 9:40,18.57,21309.44,"","","",""
M2,4519,11/1/2023 9:45,18.66,30412.8,"","","",""
M2,4520,11/1/2023 9:50,18.62,23695.36,"","","",""
M2,4521,11/1/2023 9:55,18.49,29849.6,"","","",""
M2,4522,11/1/2023 10:00,18.62,32163.84,"","","",""
M2,4523,11/1/2023 10:05,18.66,21504,"","","",""
M2,4524,11/1/2023 10:10,18.79,29511.68,"","","",""
M2,4525,11/1/2023 10:15,18.92,34375.68,"","","",""
M2,4526,11/1/2023 10:20,18.83,37181.44,"","","",""
M2,4527,11/1/2023 10:25,18.87,31426.56,"","","",""
M2,4528,11/1/2023 10:30,19.09,30627.84,"","","",""
M2,4529,11/1/2023 10:35,19.13,34283.52,"","","",""
M2,4530,11/1/2023 10:40,19.17,30648.32,"","","",""
M2,4531,11/1/2023 10:45,19.26,37345.28,"","","",""
M2,4532,11/1/2023 10:50,19.22,27320.32,"","","",""
M2,4533,11/1/2023 10:55,19.26,49336.32,"","","",""
M2,4534,11/1/2023 11:00,19.39,38236.16,"","","",""
M2,4535,11/1/2023 11:05,19.39,40581.12,"","","",""
M2,4536,11/1/2023 11:10,19.43,40826.88,"","","",""
M2,4537,11/1/2023 11:15,19.43,22835.2,"","","",""
M2,4538,11/1/2023 11:20,19.39,46837.76,"","","",""
M2,4539,11/1/2023 11:25,19.43,46612.48,"","","",""
M2,4540,11/1/2023 11:30,19.47,37734.4,"","","",""
M2,4541,11/1/2023 11:35,19.47,48312.32,"","","",""
M2,4542,11/1/2023 11:40,19.43,26900.48,"","","",""
M2,4543,11/1/2023 11:45,19.52,39434.24,"","","",""
M2,4544,11/1/2023 11:50,19.47,43929.6,"","","",""
M2,4545,11/1/2023 11:55,19.52,49991.68,"","","",""
M2,4546,11/1/2023 12:00,19.47,28241.92,"","","",""
M2,4547,11/1/2023 12:05,19.52,20679.68,"","","",""
M2,4548,11/1/2023 12:10,19.47,38512.64,"","","",""
M2,4549,11/1/2023 12:15,19.52,39393.28,"","","",""
M2,4550,11/1/2023 12:20,19.47,54988.8,"","","",""
M2,4551,11/1/2023 12:25,19.43,45015.04,"","","",""
M2,4552,11/1/2023 12:30,19.47,11714.56,"","","",""
M2,4553,11/1/2023 12:35,19.43,42700.8,"","","",""
M2,4554,11/1/2023 12:40,19.43,47022.08,"","","",""
M2,4555,11/1/2023 12:45,19.39,50298.88,"","","",""
M2,4556,11/1/2023 12:50,19.39,45998.08,"","","",""
M2,4557,11/1/2023 12:55,19.35,66232.32,"","","",""
M2,4558,11/1/2023 13:00,19.3,48271.36,"","","",""
M2,4559,11/1/2023 13:05,19.26,28835.84,"","","",""
M2,4560,11/1/2023 13:10,19.3,27156.48,"","","",""
M2,4561,11/1/2023 13:15,19.22,39936,"","","",""
M2,4562,11/1/2023 13:20,19.17,34170.88,"","","",""
M2,4563,11/1/2023 13:25,19.13,97648.64,"","","",""
M2,4564,11/1/2023 13:30,19.09,65945.6,"","","",""
M2,4565,11/1/2023 13:35,19.09,37775.36,"","","",""
M2,4566,11/1/2023 13:40,19.05,27658.24,"","","",""
M2,4567,11/1/2023 13:45,19,40652.8,"","","",""
M2,4568,11/1/2023 13:50,18.96,35553.28,"","","",""
M2,4569,11/1/2023 13:55,18.92,26982.4,"","","",""
M2,4570,11/1/2023 14:00,18.87,46018.56,"","","",""
M2,4571,11/1/2023 14:05,18.83,24023.04,"","","",""
M2,4572,11/1/2023 14:10,18.83,27105.28,"","","",""
M2,4573,11/1/2023 14:15,18.83,28364.8,"","","",""
M2,4574,11/1/2023 14:20,18.7,32010.24,"","","",""
M2,4575,11/1/2023 14:25,18.74,25384.96,"","","",""
M2,4576,11/1/2023 14:30,18.74,16056.32,"","","",""
M2,4577,11/1/2023 14:35,18.74,43171.84,"","","",""
M2,4578,11/1/2023 14:40,18.7,14453.76,"","","",""
M2,4579,11/1/2023 14:45,18.62,5867.52,"","","",""
M2,4580,11/1/2023 14:50,18.66,23224.32,"","","",""
M2,4581,11/1/2023 14:55,18.66,16230.4,"","","",""
M2,4582,11/1/2023 15:00,18.66,12564.48,"","","",""
M2,4583,11/1/2023 15:05,18.62,13916.16,"","","",""
M2,4584,11/1/2023 15:10,18.53,22323.2,"","","",""
M2,4585,11/1/2023 15:15,18.57,6049.28,"","","",""
M2,4586,11/1/2023 15:20,18.57,4636.16,"","","",""
M2,4587,11/1/2023 15:25,18.62,5288.96,"","","",""
M2,4588,11/1/2023 15:30,18.57,4632.32,"","","",""
M2,4589,11/1/2023 15:35,18.57,10222.08,"","","",""
M2,4590,11/1/2023 15:40,18.62,4600.32,"","","",""
M2,4591,11/1/2023 15:45,18.57,5201.92,"","","",""
M2,4684,11/1/2023 23:30,17.29,0,"","","",""
M2,4685,11/1/2023 23:35,17.33,0,"","","",""
M2,4686,11/1/2023 23:40,17.33,0,"","","",""
M2,4687,11/1/2023 23:45,17.33,0,"","","",""
M2,4688,11/1/2023 23:50,17.33,0,"","","",""
M2,4689,11/1/2023 23:55,17.33,0,"","","",""
M2,4690,11/2/2023 0:00,17.33,0,"","","",""
M2,4691,11/2/2023 0:05,17.29,0,"","","",""
M2,4692,11/2/2023 0:10,17.29,0,"","","",""
M2,4693,11/2/2023 0:15,17.29,0,"","","",""
M2,4694,11/2/2023 0:20,17.29,0,"","","",""
M2,4695,11/2/2023 0:25,17.24,0,"","","",""
M2,4696,11/2/2023 0:30,17.29,0,"","","",""
M2,4697,11/2/2023 0:35,17.33,0,"","","",""
M2,4698,11/2/2023 0:40,17.29,0,"","","",""
M2,4699,11/2/2023 0:45,17.29,0,"","","",""
M2,4700,11/2/2023 0:50,17.33,0,"","","",""
M2,4701,11/2/2023 0:55,17.37,0,"","","",""
M2,4702,11/2/2023 1:00,17.33,0,"","","",""
M2,4703,11/2/2023 1:05,17.33,0,"","","",""
M2,4704,11/2/2023 1:10,17.33,0,"","","",""
M2,4705,11/2/2023 1:15,17.37,0,"","","",""
M2,4706,11/2/2023 1:20,17.37,0,"","","",""
M2,4707,11/2/2023 1:25,17.41,0,"","","",""
M2,4708,11/2/2023 1:30,17.33,0,"","","",""
M2,4709,11/2/2023 1:35,17.33,0,"","","",""
M2,4710,11/2/2023 1:40,17.37,0,"","","",""
M2,4711,11/2/2023 1:45,17.37,0,"","","",""
M2,4712,11/2/2023 1:50,17.33,0,"","","",""
M2,4713,11/2/2023 1:55,17.41,0,"","","",""
M2,4714,11/2/2023 2:00,17.37,0,"","","",""
M2,4715,11/2/2023 2:05,17.37,0,"","","",""
M2,4716,11/2/2023 2:10,17.37,0,"","","",""
M2,4717,11/2/2023 2:15,17.41,0,"","","",""
M2,4718,11/2/2023 2:20,17.37,0,"","","",""
M2,4719,11/2/2023 2:25,17.37,0,"","","",""
M2,4720,11/2/2023 2:30,17.37,0,"","","",""
M2,4721,11/2/2023 2:35,17.33,0,"","","",""
M2,4722,11/2/2023 2:40,17.37,0,"","","",""
M2,4723,11/2/2023 2:45,17.33,0,"","","",""
M2,4724,11/2/2023 2:50,17.37,0,"","","",""
M2,4725,11/2/2023 2:55,17.37,0,"","","",""
M2,4726,11/2/2023 3:00,17.37,0,"","","",""
M2,4727,11/2/2023 3:05,17.37,0,"","","",""
M2,4728,11/2/2023 3:10,17.37,0,"","","",""
M2,4729,11/2/2023 3:15,17.37,0,"","","",""
M2,4730,11/2/2023 3:20,17.37,0,"","","",""
M2,4731,11/2/2023 3:25,17.33,0,"","","",""
M2,4732,11/2/2023 3:30,17.33,0,"","","",""
M2,4733,11/2/2023 3:35,17.33,0,"","","",""
M2,4734,11/2/2023 3:40,17.33,0,"","","",""
M2,4735,11/2/2023 3:45,17.37,0,"","","",""
M2,4736,11/2/2023 3:50,17.33,0,"","","",""
M2,4737,11/2/2023 3:55,17.33,0,"","","",""
M2,4738,11/2/2023 4:00,17.37,0,"","","",""
M2,4739,11/2/2023 4:05,17.33,0,"","","",""
M2,4740,11/2/2023 4:10,17.29,0,"","","",""
M2,4741,11/2/2023 4:15,17.33,0,"","","",""
M2,4742,11/2/2023 4:20,17.33,0,"","","",""
M2,4743,11/2/2023 4:25,17.33,0,"","","",""
M2,4744,11/2/2023 4:30,17.29,0,"","","",""
M2,4745,11/2/2023 4:35,17.29,0,"","","",""
M2,4746,11/2/2023 4:40,17.29,0,"","","",""
M2,4747,11/2/2023 4:45,17.29,0,"","","",""
M2,4748,11/2/2023 4:50,17.29,0,"","","",""
M2,4749,11/2/2023 4:55,17.24,0,"","","",""
M2,4750,11/2/2023 5:00,17.29,0,"","","",""
M2,4751,11/2/2023 5:05,17.24,0,"","","",""
M2,4752,11/2/2023 5:10,17.24,0,"","","",""
M2,4753,11/2/2023 5:15,17.29,0,"","","",""
M2,4754,11/2/2023 5:20,17.24,0,"","","",""
M2,4755,11/2/2023 5:25,17.2,0,"","","",""
M2,4756,11/2/2023 5:30,17.2,0,"","","",""
M2,4757,11/2/2023 5:35,17.24,0,"","","",""
M2,4758,11/2/2023 5:40,17.2,0,"","","",""
M2,4759,11/2/2023 5:45,17.2,0,"","","",""
M2,4760,11/2/2023 5:50,17.2,0,"","","",""
M2,4761,11/2/2023 5:55,17.2,0,"","","",""
M2,4762,11/2/2023 6:00,17.16,0,"","","",""
M2,4763,11/2/2023 6:05,17.16,0,"","","",""
M2,4764,11/2/2023 6:10,17.16,0,"","","",""
M2,4765,11/2/2023 6:15,17.16,0,"","","",""
M2,4766,11/2/2023 6:20,17.16,0,"","","",""
M2,4767,11/2/2023 6:25,17.2,0,"","","",""
M2,4768,11/2/2023 6:30,17.2,0,"","","",""
M2,4769,11/2/2023 6:35,17.2,0,"","","",""
M2,4770,11/2/2023 6:40,17.2,0,"","","",""
M2,4771,11/2/2023 6:45,17.2,1.08,"","","",""
M2,4772,11/2/2023 6:50,17.2,4.12,"","","",""
M2,4773,11/2/2023 6:55,17.2,19.58,"","","",""
M2,4774,11/2/2023 7:00,17.2,48.82,"","","",""
M2,4775,11/2/2023 7:05,17.2,110.8,"","","",""
M2,4776,11/2/2023 7:10,17.2,284.48,"","","",""
M2,4777,11/2/2023 7:15,17.2,473.12,"","","",""
M2,4778,11/2/2023 7:20,17.29,864,"","","",""
M2,4779,11/2/2023 7:25,17.24,1053.76,"","","",""
M2,4780,11/2/2023 7:30,17.29,1483.52,"","","",""
M2,4781,11/2/2023 7:35,17.33,2170.24,"","","",""
M2,4782,11/2/2023 7:40,17.33,2814.72,"","","",""
M2,4783,11/2/2023 7:45,17.33,2873.6,"","","",""
M2,4784,11/2/2023 7:50,17.37,3742.72,"","","",""
M2,4785,11/2/2023 7:55,17.46,7554.56,"","","",""
M2,4786,11/2/2023 8:00,17.54,4354.56,"","","",""
M2,4787,11/2/2023 8:05,17.54,6264.32,"","","",""
M2,4788,11/2/2023 8:10,17.59,6205.44,"","","",""
M2,4789,11/2/2023 8:15,17.67,10890.24,"","","",""
M2,4790,11/2/2023 8:20,17.72,13542.4,"","","",""
M2,4791,11/2/2023 8:25,17.8,6691.84,"","","",""
M2,4792,11/2/2023 8:30,17.84,7813.12,"","","",""
M2,4793,11/2/2023 8:35,17.89,17735.68,"","","",""
M2,4794,11/2/2023 8:40,17.97,13015.04,"","","",""
M2,4795,11/2/2023 8:45,18.06,10383.36,"","","",""
M2,4796,11/2/2023 8:50,18.14,17863.68,"","","",""
M2,4797,11/2/2023 8:55,18.19,24064,"","","",""
M2,4798,11/2/2023 9:00,18.23,17464.32,"","","",""
M2,4799,11/2/2023 9:05,18.36,15185.92,"","","",""
M2,4800,11/2/2023 9:10,18.4,15160.32,"","","",""
M2,4801,11/2/2023 9:15,18.44,23664.64,"","","",""
M2,4802,11/2/2023 9:20,18.53,27996.16,"","","",""
M2,4803,11/2/2023 9:25,18.53,19773.44,"","","",""
M2,4804,11/2/2023 9:30,18.66,24064,"","","",""
M2,4805,11/2/2023 9:35,18.7,23336.96,"","","",""
M2,4806,11/2/2023 9:40,18.74,31928.32,"","","",""
M2,4807,11/2/2023 9:45,18.83,33249.28,"","","",""
M2,4808,11/2/2023 9:50,18.87,32972.8,"","","",""
M2,4809,11/2/2023 9:55,18.92,36157.44,"","","",""
M2,4810,11/2/2023 10:00,19,23480.32,"","","",""
M2,4811,11/2/2023 10:05,19.09,25948.16,"","","",""
M2,4812,11/2/2023 10:10,19.13,36352,"","","",""
M2,4813,11/2/2023 10:15,19.22,48414.72,"","","",""
M2,4814,11/2/2023 10:20,19.17,32634.88,"","","",""
M2,4815,11/2/2023 10:25,19.3,51322.88,"","","",""
M2,4816,11/2/2023 10:30,19.43,26808.32,"","","",""
M2,4817,11/2/2023 10:35,19.43,42455.04,"","","",""
M2,4818,11/2/2023 10:40,19.47,29859.84,"","","",""
M2,4819,11/2/2023 10:45,19.52,66805.76,"","","",""
M2,4820,11/2/2023 10:50,19.52,62279.68,"","","",""
M2,4821,11/2/2023 10:55,19.6,57057.28,"","","",""
M2,4822,11/2/2023 11:00,19.65,45670.4,"","","",""
M2,4823,11/2/2023 11:05,19.56,48271.36,"","","",""
M2,4824,11/2/2023 11:10,19.69,42147.84,"","","",""
M2,4825,11/2/2023 11:15,19.6,53719.04,"","","",""
M2,4826,11/2/2023 11:20,19.69,52961.28,"","","",""
M2,4827,11/2/2023 11:25,19.69,39823.36,"","","",""
M2,4828,11/2/2023 11:30,19.73,54661.12,"","","",""
M2,4829,11/2/2023 11:35,19.73,34990.08,"","","",""
M2,4830,11/2/2023 11:40,19.69,52899.84,"","","",""
M2,4831,11/2/2023 11:45,19.69,40847.36,"","","",""
M2,4832,11/2/2023 11:50,19.73,46837.76,"","","",""
M2,4833,11/2/2023 11:55,19.73,31324.16,"","","",""
M2,4834,11/2/2023 12:00,19.69,143441.92,"","","",""
M2,4835,11/2/2023 12:05,19.73,54722.56,"","","",""
M2,4836,11/2/2023 12:10,19.65,33177.6,"","","",""
M2,4837,11/2/2023 12:15,19.73,38461.44,"","","",""
M2,4838,11/2/2023 12:20,19.73,27996.16,"","","",""
M2,4839,11/2/2023 12:25,19.65,21678.08,"","","",""
M2,4840,11/2/2023 12:30,19.65,52326.4,"","","",""
M2,4841,11/2/2023 12:35,19.56,32583.68,"","","",""
M2,4842,11/2/2023 12:40,19.52,46059.52,"","","",""
M2,4843,11/2/2023 12:45,19.52,59064.32,"","","",""
M2,4844,11/2/2023 12:50,19.52,48906.24,"","","",""
M2,4845,11/2/2023 12:55,19.52,37918.72,"","","",""
M2,4846,11/2/2023 13:00,19.47,45076.48,"","","",""
M2,4847,11/2/2023 13:05,19.47,22538.24,"","","",""
M2,4848,11/2/2023 13:10,19.47,44892.16,"","","",""
M2,4849,11/2/2023 13:15,19.35,70062.08,"","","",""
M2,4850,11/2/2023 13:20,19.39,66437.12,"","","",""
M2,4851,11/2/2023 13:25,19.22,48517.12,"","","",""
M2,4852,11/2/2023 13:30,19.17,68382.72,"","","",""
M2,4853,11/2/2023 13:35,19.22,32808.96,"","","",""
M2,4854,11/2/2023 13:40,19.09,42086.4,"","","",""
M2,4855,11/2/2023 13:45,19.05,23388.16,"","","",""
M2,4856,11/2/2023 13:50,19.09,42373.12,"","","",""
M2,4857,11/2/2023 13:55,19,21032.96,"","","",""
M2,4858,11/2/2023 14:00,18.96,50462.72,"","","",""
M2,4859,11/2/2023 14:05,18.92,35153.92,"","","",""
M2,4860,11/2/2023 14:10,18.83,34088.96,"","","",""
M2,4861,11/2/2023 14:15,18.79,31764.48,"","","",""
M2,4862,11/2/2023 14:20,18.83,25149.44,"","","",""
M2,4863,11/2/2023 14:25,18.79,40642.56,"","","",""
M2,4864,11/2/2023 14:30,18.74,16583.68,"","","",""
M2,4865,11/2/2023 14:35,18.74,15882.24,"","","",""
M2,4866,11/2/2023 14:40,18.66,15759.36,"","","",""
M2,4867,11/2/2023 14:45,18.7,28497.92,"","","",""
M2,4868,11/2/2023 14:50,18.66,13752.32,"","","",""
M2,4869,11/2/2023 14:55,18.66,13409.28,"","","",""
M2,4870,11/2/2023 15:00,18.57,19676.16,"","","",""
M2,4871,11/2/2023 15:05,18.62,9638.4,"","","",""
M2,4872,11/2/2023 15:10,18.57,7923.2,"","","",""
M2,4873,11/2/2023 15:15,18.57,16307.2,"","","",""
M2,4874,11/2/2023 15:20,18.57,11750.4,"","","",""
M2,4875,11/2/2023 15:25,18.53,7764.48,"","","",""
M2,4876,11/2/2023 15:30,18.53,9131.52,"","","",""
M2,4877,11/2/2023 15:35,18.57,9564.16,"","","",""
M2,4878,11/2/2023 15:40,18.53,5824,"","","",""
M2,4879,11/2/2023 15:45,18.57,5952,"","","",""
M2,4880,11/2/2023 15:50,18.53,11479.04,"","","",""
M2,4881,11/2/2023 15:55,18.53,4451.84,"","","",""
M2,4882,11/2/2023 16:00,18.49,6520.32,"","","",""
M2,4883,11/2/2023 16:05,18.49,3750.4,"","","",""
M2,4884,11/2/2023 16:10,18.49,4427.52,"","","",""
M2,4885,11/2/2023 16:15,18.49,6174.72,"","","",""
M2,4886,11/2/2023 16:20,18.49,2909.44,"","","",""
M2,4887,11/2/2023 16:25,18.49,6195.2,"","","",""
M2,4888,11/2/2023 16:30,18.49,3340.8,"","","",""
M2,4889,11/2/2023 16:35,18.44,5194.24,"","","",""
