Plot,#,Date-Time (PDT),Ch:1 - Temperature   (°C),Ch:2 - Light   (lux),Button Down,Button Up,Host Connected,End of File
M4,28,10/16/2023 19:40,18.79,0,"","","",""
M4,29,10/16/2023 19:45,18.79,0,"","","",""
M4,30,10/16/2023 19:50,18.79,0,"","","",""
M4,31,10/16/2023 19:55,18.79,0,"","","",""
M4,32,10/16/2023 20:00,18.79,0,"","","",""
M4,33,10/16/2023 20:05,18.74,0,"","","",""
M4,34,10/16/2023 20:10,18.74,0,"","","",""
M4,35,10/16/2023 20:15,18.79,0,"","","",""
M4,36,10/16/2023 20:20,18.74,0,"","","",""
M4,37,10/16/2023 20:25,18.74,0,"","","",""
M4,38,10/16/2023 20:30,18.79,0,"","","",""
M4,39,10/16/2023 20:35,18.79,0.21,"","","",""
M4,40,10/16/2023 20:40,18.74,0,"","","",""
M4,41,10/16/2023 20:45,18.79,0,"","","",""
M4,42,10/16/2023 20:50,18.74,0,"","","",""
M4,43,10/16/2023 20:55,18.79,0,"","","",""
M4,44,10/16/2023 21:00,18.79,0,"","","",""
M4,45,10/16/2023 21:05,18.7,0,"","","",""
M4,46,10/16/2023 21:10,18.74,0,"","","",""
M4,47,10/16/2023 21:15,18.7,0,"","","",""
M4,48,10/16/2023 21:20,18.7,0,"","","",""
M4,49,10/16/2023 21:25,18.74,0,"","","",""
M4,50,10/16/2023 21:30,18.7,0,"","","",""
M4,51,10/16/2023 21:35,18.7,0,"","","",""
M4,52,10/16/2023 21:40,18.7,0,"","","",""
M4,53,10/16/2023 21:45,18.7,0,"","","",""
M4,54,10/16/2023 21:50,18.7,0,"","","",""
M4,55,10/16/2023 21:55,18.7,0,"","","",""
M4,56,10/16/2023 22:00,18.62,0,"","","",""
M4,57,10/16/2023 22:05,18.62,0,"","","",""
M4,58,10/16/2023 22:10,18.62,0,"","","",""
M4,59,10/16/2023 22:15,18.57,0,"","","",""
M4,60,10/16/2023 22:20,18.57,0,"","","",""
M4,61,10/16/2023 22:25,18.57,0,"","","",""
M4,62,10/16/2023 22:30,18.57,0,"","","",""
M4,63,10/16/2023 22:35,18.53,0,"","","",""
M4,64,10/16/2023 22:40,18.57,0,"","","",""
M4,65,10/16/2023 22:45,18.49,0,"","","",""
M4,66,10/16/2023 22:50,18.44,0,"","","",""
M4,67,10/16/2023 22:55,18.4,0,"","","",""
M4,68,10/16/2023 23:00,18.4,0,"","","",""
M4,69,10/16/2023 23:05,18.32,0,"","","",""
M4,70,10/16/2023 23:10,18.36,0,"","","",""
M4,71,10/16/2023 23:15,18.44,0,"","","",""
M4,72,10/16/2023 23:20,18.32,0,"","","",""
M4,73,10/16/2023 23:25,18.27,0,"","","",""
M4,74,10/16/2023 23:30,18.14,0,"","","",""
M4,75,10/16/2023 23:35,18.23,0,"","","",""
M4,76,10/16/2023 23:40,18.02,0,"","","",""
M4,77,10/16/2023 23:45,18.14,0.21,"","","",""
M4,78,10/16/2023 23:50,17.97,0,"","","",""
M4,79,10/16/2023 23:55,17.97,0,"","","",""
M4,80,10/17/2023 0:00,18.06,0,"","","",""
M4,81,10/17/2023 0:05,18.06,0,"","","",""
M4,82,10/17/2023 0:10,17.93,0,"","","",""
M4,83,10/17/2023 0:15,17.84,0,"","","",""
M4,84,10/17/2023 0:20,17.93,0,"","","",""
M4,85,10/17/2023 0:25,18.02,0,"","","",""
M4,86,10/17/2023 0:30,17.97,0,"","","",""
M4,87,10/17/2023 0:35,18.02,0,"","","",""
M4,88,10/17/2023 0:40,18.1,0,"","","",""
M4,89,10/17/2023 0:45,18.06,0,"","","",""
M4,90,10/17/2023 0:50,17.97,0,"","","",""
M4,91,10/17/2023 0:55,18.06,0,"","","",""
M4,92,10/17/2023 1:00,18.23,0,"","","",""
M4,93,10/17/2023 1:05,18.14,0,"","","",""
M4,94,10/17/2023 1:10,18.1,0,"","","",""
M4,95,10/17/2023 1:15,18.1,0,"","","",""
M4,96,10/17/2023 1:20,18.06,0,"","","",""
M4,97,10/17/2023 1:25,18.06,0,"","","",""
M4,98,10/17/2023 1:30,17.93,0,"","","",""
M4,99,10/17/2023 1:35,18.02,0,"","","",""
M4,100,10/17/2023 1:40,18.02,0,"","","",""
M4,101,10/17/2023 1:45,18.1,0,"","","",""
M4,102,10/17/2023 1:50,18.06,0,"","","",""
M4,103,10/17/2023 1:55,18.02,0,"","","",""
M4,104,10/17/2023 2:00,18.02,0,"","","",""
M4,105,10/17/2023 2:05,18.06,0,"","","",""
M4,106,10/17/2023 2:10,18.06,0,"","","",""
M4,107,10/17/2023 2:15,18.1,0,"","","",""
M4,108,10/17/2023 2:20,18.1,0,"","","",""
M4,109,10/17/2023 2:25,18.06,0,"","","",""
M4,110,10/17/2023 2:30,18.1,0,"","","",""
M4,111,10/17/2023 2:35,18.14,0,"","","",""
M4,112,10/17/2023 2:40,18.1,0.21,"","","",""
M4,113,10/17/2023 2:45,18.1,0,"","","",""
M4,114,10/17/2023 2:50,18.14,0,"","","",""
M4,115,10/17/2023 2:55,18.14,0,"","","",""
M4,116,10/17/2023 3:00,18.14,0,"","","",""
M4,117,10/17/2023 3:05,18.1,0,"","","",""
M4,118,10/17/2023 3:10,18.1,0,"","","",""
M4,119,10/17/2023 3:15,18.1,0,"","","",""
M4,120,10/17/2023 3:20,18.1,0,"","","",""
M4,121,10/17/2023 3:25,18.1,0,"","","",""
M4,122,10/17/2023 3:30,18.06,0,"","","",""
M4,123,10/17/2023 3:35,18.1,0,"","","",""
M4,124,10/17/2023 3:40,18.1,0,"","","",""
M4,125,10/17/2023 3:45,18.1,0,"","","",""
M4,126,10/17/2023 3:50,18.1,0,"","","",""
M4,127,10/17/2023 3:55,18.06,0,"","","",""
M4,128,10/17/2023 4:00,18.1,0,"","","",""
M4,129,10/17/2023 4:05,18.06,0,"","","",""
M4,130,10/17/2023 4:10,18.1,0,"","","",""
M4,131,10/17/2023 4:15,18.06,0,"","","",""
M4,132,10/17/2023 4:20,18.1,0,"","","",""
M4,133,10/17/2023 4:25,18.02,0,"","","",""
M4,134,10/17/2023 4:30,18.06,0,"","","",""
M4,135,10/17/2023 4:35,18.02,0,"","","",""
M4,136,10/17/2023 4:40,18.06,0,"","","",""
M4,137,10/17/2023 4:45,18.02,0,"","","",""
M4,138,10/17/2023 4:50,18.06,0,"","","",""
M4,139,10/17/2023 4:55,18.02,0,"","","",""
M4,140,10/17/2023 5:00,18.02,0,"","","",""
M4,141,10/17/2023 5:05,18.02,0,"","","",""
M4,142,10/17/2023 5:10,17.97,0,"","","",""
M4,143,10/17/2023 5:15,17.97,0,"","","",""
M4,144,10/17/2023 5:20,18.02,0,"","","",""
M4,145,10/17/2023 5:25,18.02,0,"","","",""
M4,146,10/17/2023 5:30,18.02,0,"","","",""
M4,147,10/17/2023 5:35,18.02,0,"","","",""
M4,148,10/17/2023 5:40,17.97,0,"","","",""
M4,149,10/17/2023 5:45,17.97,0,"","","",""
M4,150,10/17/2023 5:50,17.97,0.21,"","","",""
M4,151,10/17/2023 5:55,17.97,0,"","","",""
M4,152,10/17/2023 6:00,17.97,0,"","","",""
M4,153,10/17/2023 6:05,18.02,0,"","","",""
M4,154,10/17/2023 6:10,17.97,0,"","","",""
M4,155,10/17/2023 6:15,17.97,0,"","","",""
M4,156,10/17/2023 6:20,17.97,0,"","","",""
M4,157,10/17/2023 6:25,17.93,0,"","","",""
M4,158,10/17/2023 6:30,18.02,0,"","","",""
M4,159,10/17/2023 6:35,17.93,0.65,"","","",""
M4,160,10/17/2023 6:40,17.97,4.15,"","","",""
M4,161,10/17/2023 6:45,17.93,7.22,"","","",""
M4,162,10/17/2023 6:50,17.93,18.19,"","","",""
M4,163,10/17/2023 6:55,17.93,54.44,"","","",""
M4,164,10/17/2023 7:00,17.93,108.12,"","","",""
M4,165,10/17/2023 7:05,17.93,104.52,"","","",""
M4,166,10/17/2023 7:10,17.97,138,"","","",""
M4,167,10/17/2023 7:15,17.93,296.56,"","","",""
M4,168,10/17/2023 7:20,17.97,413.6,"","","",""
M4,169,10/17/2023 7:25,17.93,403.52,"","","",""
M4,170,10/17/2023 7:30,18.02,707.2,"","","",""
M4,171,10/17/2023 7:35,17.97,1150.4,"","","",""
M4,172,10/17/2023 7:40,17.97,807.68,"","","",""
M4,173,10/17/2023 7:45,17.97,926.4,"","","",""
M4,174,10/17/2023 7:50,18.02,1132.8,"","","",""
M4,175,10/17/2023 7:55,17.97,1025.28,"","","",""
M4,176,10/17/2023 8:00,18.02,1112.64,"","","",""
M4,177,10/17/2023 8:05,18.02,1838.72,"","","",""
M4,178,10/17/2023 8:10,18.02,1331.2,"","","",""
M4,179,10/17/2023 8:15,18.1,2822.4,"","","",""
M4,180,10/17/2023 8:20,18.06,2936.32,"","","",""
M4,181,10/17/2023 8:25,18.06,3649.28,"","","",""
M4,182,10/17/2023 8:30,18.06,3349.76,"","","",""
M4,183,10/17/2023 8:35,18.1,3014.4,"","","",""
M4,184,10/17/2023 8:40,18.06,3655.68,"","","",""
M4,185,10/17/2023 8:45,18.1,3651.84,"","","",""
M4,186,10/17/2023 8:50,18.1,4391.68,"","","",""
M4,187,10/17/2023 8:55,18.1,2560,"","","",""
M4,188,10/17/2023 9:00,18.14,4885.76,"","","",""
M4,189,10/17/2023 9:05,18.14,6694.4,"","","",""
M4,190,10/17/2023 9:10,18.14,6118.4,"","","",""
M4,191,10/17/2023 9:15,18.14,6213.12,"","","",""
M4,192,10/17/2023 9:20,18.1,6912,"","","",""
M4,193,10/17/2023 9:25,18.19,5473.28,"","","",""
M4,194,10/17/2023 9:30,18.19,6607.36,"","","",""
M4,195,10/17/2023 9:35,18.19,8020.48,"","","",""
M4,196,10/17/2023 9:40,18.19,8775.68,"","","",""
M4,197,10/17/2023 9:45,18.19,5729.28,"","","",""
M4,198,10/17/2023 9:50,18.1,4545.28,"","","",""
M4,199,10/17/2023 9:55,18.1,7703.04,"","","",""
M4,200,10/17/2023 10:00,18.14,5785.6,"","","",""
M4,201,10/17/2023 10:05,18.1,9482.24,"","","",""
M4,202,10/17/2023 10:10,18.1,11863.04,"","","",""
M4,203,10/17/2023 10:15,18.06,11535.36,"","","",""
M4,204,10/17/2023 10:20,17.97,8901.12,"","","",""
M4,205,10/17/2023 10:25,17.97,11325.44,"","","",""
M4,206,10/17/2023 10:30,17.97,11284.48,"","","",""
M4,207,10/17/2023 10:35,17.93,18232.32,"","","",""
M4,208,10/17/2023 10:40,17.93,16117.76,"","","",""
M4,209,10/17/2023 10:45,17.89,14597.12,"","","",""
M4,210,10/17/2023 10:50,17.84,14699.52,"","","",""
M4,211,10/17/2023 10:55,17.8,16373.76,"","","",""
M4,212,10/17/2023 11:00,17.76,17602.56,"","","",""
M4,213,10/17/2023 11:05,17.76,18078.72,"","","",""
M4,214,10/17/2023 11:10,17.89,24954.88,"","","",""
M4,215,10/17/2023 11:15,18.02,30238.72,"","","",""
M4,216,10/17/2023 11:20,18.06,20346.88,"","","",""
M4,217,10/17/2023 11:25,18.14,22609.92,"","","",""
M4,218,10/17/2023 11:30,18.49,27760.64,"","","",""
M4,219,10/17/2023 11:35,18.57,37928.96,"","","",""
M4,220,10/17/2023 11:40,18.57,28016.64,"","","",""
M4,221,10/17/2023 11:45,18.74,47534.08,"","","",""
M4,222,10/17/2023 11:50,18.74,24033.28,"","","",""
M4,223,10/17/2023 11:55,18.87,29583.36,"","","",""
M4,224,10/17/2023 12:00,18.87,30924.8,"","","",""
M4,225,10/17/2023 12:05,18.83,28026.88,"","","",""
M4,226,10/17/2023 12:10,19.22,59555.84,"","","",""
M4,227,10/17/2023 12:15,19,33300.48,"","","",""
M4,228,10/17/2023 12:20,19.39,44974.08,"","","",""
M4,229,10/17/2023 12:25,19.3,29706.24,"","","",""
M4,230,10/17/2023 12:30,19.39,45035.52,"","","",""
M4,231,10/17/2023 12:35,19.56,38686.72,"","","",""
M4,232,10/17/2023 12:40,19.56,43991.04,"","","",""
M4,233,10/17/2023 12:45,19.6,38604.8,"","","",""
M4,234,10/17/2023 12:50,19.43,15129.6,"","","",""
M4,235,10/17/2023 12:55,19.43,37079.04,"","","",""
M4,236,10/17/2023 13:00,19.43,50462.72,"","","",""
M4,237,10/17/2023 13:05,19.17,18237.44,"","","",""
M4,238,10/17/2023 13:10,19.6,29091.84,"","","",""
M4,239,10/17/2023 13:15,19.69,29480.96,"","","",""
M4,240,10/17/2023 13:20,19.99,37335.04,"","","",""
M4,241,10/17/2023 13:25,19.65,29726.72,"","","",""
M4,242,10/17/2023 13:30,19.47,30566.4,"","","",""
M4,243,10/17/2023 13:35,19.52,45199.36,"","","",""
M4,244,10/17/2023 13:40,19.6,28846.08,"","","",""
M4,245,10/17/2023 13:45,19.35,15078.4,"","","",""
M4,246,10/17/2023 13:50,19.47,20024.32,"","","",""
M4,247,10/17/2023 13:55,19.69,30494.72,"","","",""
M4,248,10/17/2023 14:00,19.65,28272.64,"","","",""
M4,249,10/17/2023 14:05,19.43,35184.64,"","","",""
M4,250,10/17/2023 14:10,19.86,74240,"","","",""
M4,251,10/17/2023 14:15,20.03,21442.56,"","","",""
M4,252,10/17/2023 14:20,19.99,16122.88,"","","",""
M4,253,10/17/2023 14:25,19.9,27985.92,"","","",""
M4,254,10/17/2023 14:30,20.55,75653.12,"","","",""
M4,255,10/17/2023 14:35,20.5,45936.64,"","","",""
M4,256,10/17/2023 14:40,20.59,10639.36,"","","",""
M4,257,10/17/2023 14:45,21.66,74096.64,"","","",""
M4,258,10/17/2023 14:50,21.32,42516.48,"","","",""
M4,259,10/17/2023 14:55,21.66,76349.44,"","","",""
M4,260,10/17/2023 15:00,21.83,26071.04,"","","",""
M4,261,10/17/2023 15:05,22.13,4055.04,"","","",""
M4,262,10/17/2023 15:10,21.96,11228.16,"","","",""
M4,263,10/17/2023 15:15,22.82,8424.96,"","","",""
M4,264,10/17/2023 15:20,22.22,82739.2,"","","",""
M4,265,10/17/2023 15:25,22.65,72704,"","","",""
M4,326,10/17/2023 20:30,19.69,0,"","","",""
M4,327,10/17/2023 20:35,19.69,0,"","","",""
M4,328,10/17/2023 20:40,19.73,0,"","","",""
M4,329,10/17/2023 20:45,19.69,0,"","","",""
M4,330,10/17/2023 20:50,19.69,0,"","","",""
M4,331,10/17/2023 20:55,19.73,0.21,"","","",""
M4,332,10/17/2023 21:00,19.73,0,"","","",""
M4,333,10/17/2023 21:05,19.73,0,"","","",""
M4,334,10/17/2023 21:10,19.73,0,"","","",""
M4,335,10/17/2023 21:15,19.77,0,"","","",""
M4,336,10/17/2023 21:20,19.73,0,"","","",""
M4,337,10/17/2023 21:25,19.69,0,"","","",""
M4,338,10/17/2023 21:30,19.69,0,"","","",""
M4,339,10/17/2023 21:35,19.73,0,"","","",""
M4,340,10/17/2023 21:40,19.73,0,"","","",""
M4,341,10/17/2023 21:45,19.69,0,"","","",""
M4,342,10/17/2023 21:50,19.73,0,"","","",""
M4,343,10/17/2023 21:55,19.69,0,"","","",""
M4,344,10/17/2023 22:00,19.69,0,"","","",""
M4,345,10/17/2023 22:05,19.69,0,"","","",""
M4,346,10/17/2023 22:10,19.73,0,"","","",""
M4,347,10/17/2023 22:15,19.73,0,"","","",""
M4,348,10/17/2023 22:20,19.69,0,"","","",""
M4,349,10/17/2023 22:25,19.65,0,"","","",""
M4,350,10/17/2023 22:30,19.65,0,"","","",""
M4,351,10/17/2023 22:35,19.65,0,"","","",""
M4,352,10/17/2023 22:40,19.69,0,"","","",""
M4,353,10/17/2023 22:45,19.65,0,"","","",""
M4,354,10/17/2023 22:50,19.65,0,"","","",""
M4,355,10/17/2023 22:55,19.65,0,"","","",""
M4,356,10/17/2023 23:00,19.65,0,"","","",""
M4,357,10/17/2023 23:05,19.65,0,"","","",""
M4,358,10/17/2023 23:10,19.56,0,"","","",""
M4,359,10/17/2023 23:15,19.6,0,"","","",""
M4,360,10/17/2023 23:20,19.56,0,"","","",""
M4,361,10/17/2023 23:25,19.56,0,"","","",""
M4,362,10/17/2023 23:30,19.56,0,"","","",""
M4,363,10/17/2023 23:35,19.47,0,"","","",""
M4,364,10/17/2023 23:40,19.52,0,"","","",""
M4,365,10/17/2023 23:45,19.47,0,"","","",""
M4,366,10/17/2023 23:50,19.43,0,"","","",""
M4,367,10/17/2023 23:55,19.35,0,"","","",""
M4,368,10/18/2023 0:00,19.35,0,"","","",""
M4,369,10/18/2023 0:05,19.3,0.21,"","","",""
M4,370,10/18/2023 0:10,19.3,0,"","","",""
M4,371,10/18/2023 0:15,19.05,0,"","","",""
M4,372,10/18/2023 0:20,18.92,0,"","","",""
M4,373,10/18/2023 0:25,18.79,0,"","","",""
M4,374,10/18/2023 0:30,18.87,0,"","","",""
M4,375,10/18/2023 0:35,18.87,0,"","","",""
M4,376,10/18/2023 0:40,18.7,0,"","","",""
M4,377,10/18/2023 0:45,18.79,0,"","","",""
M4,378,10/18/2023 0:50,18.74,0,"","","",""
M4,379,10/18/2023 0:55,18.57,0,"","","",""
M4,380,10/18/2023 1:00,18.62,0,"","","",""
M4,381,10/18/2023 1:05,18.66,0,"","","",""
M4,382,10/18/2023 1:10,18.66,0,"","","",""
M4,383,10/18/2023 1:15,18.49,0,"","","",""
M4,384,10/18/2023 1:20,18.44,0,"","","",""
M4,385,10/18/2023 1:25,18.44,0,"","","",""
M4,386,10/18/2023 1:30,18.44,0,"","","",""
M4,387,10/18/2023 1:35,18.49,0,"","","",""
M4,388,10/18/2023 1:40,18.4,0,"","","",""
M4,389,10/18/2023 1:45,18.36,0,"","","",""
M4,390,10/18/2023 1:50,18.32,0,"","","",""
M4,391,10/18/2023 1:55,18.36,0,"","","",""
M4,392,10/18/2023 2:00,18.36,0,"","","",""
M4,393,10/18/2023 2:05,18.4,0,"","","",""
M4,394,10/18/2023 2:10,18.36,0,"","","",""
M4,395,10/18/2023 2:15,18.36,0,"","","",""
M4,396,10/18/2023 2:20,18.36,0,"","","",""
M4,397,10/18/2023 2:25,18.36,0,"","","",""
M4,398,10/18/2023 2:30,18.32,0,"","","",""
M4,399,10/18/2023 2:35,18.27,0,"","","",""
M4,400,10/18/2023 2:40,18.23,0,"","","",""
M4,401,10/18/2023 2:45,18.19,0,"","","",""
M4,402,10/18/2023 2:50,18.19,0,"","","",""
M4,403,10/18/2023 2:55,18.1,0,"","","",""
M4,404,10/18/2023 3:00,18.06,0.21,"","","",""
M4,405,10/18/2023 3:05,18.06,0,"","","",""
M4,406,10/18/2023 3:10,18.06,0,"","","",""
M4,407,10/18/2023 3:15,18.06,0,"","","",""
M4,408,10/18/2023 3:20,18.06,0,"","","",""
M4,409,10/18/2023 3:25,18.06,0,"","","",""
M4,410,10/18/2023 3:30,18.02,0,"","","",""
M4,411,10/18/2023 3:35,18.06,0,"","","",""
M4,412,10/18/2023 3:40,18.02,0,"","","",""
M4,413,10/18/2023 3:45,17.97,0,"","","",""
M4,414,10/18/2023 3:50,18.02,0,"","","",""
M4,415,10/18/2023 3:55,17.97,0,"","","",""
M4,416,10/18/2023 4:00,17.97,0,"","","",""
M4,417,10/18/2023 4:05,17.97,0,"","","",""
M4,418,10/18/2023 4:10,17.97,0,"","","",""
M4,419,10/18/2023 4:15,17.97,0,"","","",""
M4,420,10/18/2023 4:20,17.93,0,"","","",""
M4,421,10/18/2023 4:25,17.93,0,"","","",""
M4,422,10/18/2023 4:30,17.93,0,"","","",""
M4,423,10/18/2023 4:35,17.89,0,"","","",""
M4,424,10/18/2023 4:40,17.89,0,"","","",""
M4,425,10/18/2023 4:45,17.93,0,"","","",""
M4,426,10/18/2023 4:50,17.89,0,"","","",""
M4,427,10/18/2023 4:55,17.93,0,"","","",""
M4,428,10/18/2023 5:00,17.89,0,"","","",""
M4,429,10/18/2023 5:05,17.89,0,"","","",""
M4,430,10/18/2023 5:10,17.97,0,"","","",""
M4,431,10/18/2023 5:15,17.89,0,"","","",""
M4,432,10/18/2023 5:20,17.89,0,"","","",""
M4,433,10/18/2023 5:25,17.93,0,"","","",""
M4,434,10/18/2023 5:30,17.93,0,"","","",""
M4,435,10/18/2023 5:35,17.93,0,"","","",""
M4,436,10/18/2023 5:40,17.93,0,"","","",""
M4,437,10/18/2023 5:45,17.97,0,"","","",""
M4,438,10/18/2023 5:50,17.93,0,"","","",""
M4,439,10/18/2023 5:55,17.93,0,"","","",""
M4,440,10/18/2023 6:00,17.93,0,"","","",""
M4,441,10/18/2023 6:05,17.93,0,"","","",""
M4,442,10/18/2023 6:10,17.93,0.21,"","","",""
M4,443,10/18/2023 6:15,17.97,0,"","","",""
M4,444,10/18/2023 6:20,17.97,0,"","","",""
M4,445,10/18/2023 6:25,18.02,0,"","","",""
M4,446,10/18/2023 6:30,17.97,0,"","","",""
M4,447,10/18/2023 6:35,17.97,0.65,"","","",""
M4,448,10/18/2023 6:40,18.02,2.4,"","","",""
M4,449,10/18/2023 6:45,18.06,11.16,"","","",""
M4,450,10/18/2023 6:50,18.06,23.47,"","","",""
M4,451,10/18/2023 6:55,18.06,59.32,"","","",""
M4,452,10/18/2023 7:00,18.06,101,"","","",""
M4,453,10/18/2023 7:05,18.1,400.48,"","","",""
M4,454,10/18/2023 7:10,18.06,305.36,"","","",""
M4,455,10/18/2023 7:15,18.06,510.4,"","","",""
M4,456,10/18/2023 7:20,18.1,333.28,"","","",""
M4,457,10/18/2023 7:25,18.1,856.96,"","","",""
M4,458,10/18/2023 7:30,18.19,914.88,"","","",""
M4,459,10/18/2023 7:35,18.23,904.32,"","","",""
M4,460,10/18/2023 7:40,18.23,952.64,"","","",""
M4,461,10/18/2023 7:45,18.23,1284.48,"","","",""
M4,462,10/18/2023 7:50,18.32,1742.08,"","","",""
M4,463,10/18/2023 7:55,18.32,1950.72,"","","",""
M4,464,10/18/2023 8:00,18.36,2251.52,"","","",""
M4,465,10/18/2023 8:05,18.23,1471.36,"","","",""
M4,466,10/18/2023 8:10,18.36,2874.88,"","","",""
M4,467,10/18/2023 8:15,18.44,3178.24,"","","",""
M4,468,10/18/2023 8:20,18.53,4436.48,"","","",""
M4,469,10/18/2023 8:25,18.62,4335.36,"","","",""
M4,470,10/18/2023 8:30,18.62,4896,"","","",""
M4,471,10/18/2023 8:35,18.62,5004.8,"","","",""
M4,472,10/18/2023 8:40,18.62,4055.04,"","","",""
M4,473,10/18/2023 8:45,18.66,5000.96,"","","",""
M4,474,10/18/2023 8:50,18.66,5911.04,"","","",""
M4,475,10/18/2023 8:55,18.74,8335.36,"","","",""
M4,476,10/18/2023 9:00,18.79,8888.32,"","","",""
M4,477,10/18/2023 9:05,18.74,8243.2,"","","",""
M4,478,10/18/2023 9:10,18.79,9085.44,"","","",""
M4,479,10/18/2023 9:15,18.79,9699.84,"","","",""
M4,480,10/18/2023 9:20,18.83,8867.84,"","","",""
M4,481,10/18/2023 9:25,18.79,11238.4,"","","",""
M4,482,10/18/2023 9:30,18.83,14330.88,"","","",""
M4,483,10/18/2023 9:35,18.83,10895.36,"","","",""
M4,484,10/18/2023 9:40,18.87,19077.12,"","","",""
M4,485,10/18/2023 9:45,18.96,17495.04,"","","",""
M4,486,10/18/2023 9:50,18.92,17341.44,"","","",""
M4,487,10/18/2023 9:55,18.87,21524.48,"","","",""
M4,488,10/18/2023 10:00,18.87,17623.04,"","","",""
M4,489,10/18/2023 10:05,18.83,17111.04,"","","",""
M4,490,10/18/2023 10:10,18.87,17479.68,"","","",""
M4,491,10/18/2023 10:15,18.83,18805.76,"","","",""
M4,492,10/18/2023 10:20,18.87,18119.68,"","","",""
M4,493,10/18/2023 10:25,18.83,18334.72,"","","",""
M4,494,10/18/2023 10:30,18.92,20029.44,"","","",""
M4,495,10/18/2023 10:35,18.87,20613.12,"","","",""
M4,496,10/18/2023 10:40,18.79,22302.72,"","","",""
M4,497,10/18/2023 10:45,18.74,19420.16,"","","",""
M4,498,10/18/2023 10:50,18.7,21012.48,"","","",""
M4,499,10/18/2023 10:55,18.74,19921.92,"","","",""
M4,500,10/18/2023 11:00,18.79,28385.28,"","","",""
M4,501,10/18/2023 11:05,18.79,33075.2,"","","",""
M4,502,10/18/2023 11:10,18.87,35020.8,"","","",""
M4,503,10/18/2023 11:15,18.7,17126.4,"","","",""
M4,504,10/18/2023 11:20,18.74,39219.2,"","","",""
M4,505,10/18/2023 11:25,18.87,33198.08,"","","",""
M4,506,10/18/2023 11:30,18.96,30484.48,"","","",""
M4,507,10/18/2023 11:35,18.87,34304,"","","",""
M4,508,10/18/2023 11:40,18.92,29767.68,"","","",""
M4,509,10/18/2023 11:45,18.87,31037.44,"","","",""
M4,510,10/18/2023 11:50,18.92,37775.36,"","","",""
M4,511,10/18/2023 11:55,18.96,30955.52,"","","",""
M4,512,10/18/2023 12:00,18.96,26552.32,"","","",""
M4,513,10/18/2023 12:05,18.96,31180.8,"","","",""
M4,514,10/18/2023 12:10,18.96,23889.92,"","","",""
M4,515,10/18/2023 12:15,18.83,17510.4,"","","",""
M4,516,10/18/2023 12:20,19,26245.12,"","","",""
M4,517,10/18/2023 12:25,18.96,23633.92,"","","",""
M4,518,10/18/2023 12:30,18.96,33781.76,"","","",""
M4,519,10/18/2023 12:35,19.13,20705.28,"","","",""
M4,520,10/18/2023 12:40,19,32194.56,"","","",""
M4,521,10/18/2023 12:45,19.05,17059.84,"","","",""
M4,522,10/18/2023 12:50,19.09,23592.96,"","","",""
M4,523,10/18/2023 12:55,19.09,19210.24,"","","",""
M4,524,10/18/2023 13:00,18.87,16844.8,"","","",""
M4,525,10/18/2023 13:05,19,18447.36,"","","",""
M4,526,10/18/2023 13:10,19.13,21575.68,"","","",""
M4,527,10/18/2023 13:15,19.13,28774.4,"","","",""
M4,528,10/18/2023 13:20,19.22,26255.36,"","","",""
M4,529,10/18/2023 13:25,19.26,31098.88,"","","",""
M4,530,10/18/2023 13:30,19.22,28928,"","","",""
M4,531,10/18/2023 13:35,19.35,34867.2,"","","",""
M4,532,10/18/2023 13:40,19.35,21166.08,"","","",""
M4,533,10/18/2023 13:45,19.43,24268.8,"","","",""
M4,534,10/18/2023 13:50,19.43,21340.16,"","","",""
M4,535,10/18/2023 13:55,19.43,20894.72,"","","",""
M4,536,10/18/2023 14:00,19.47,22087.68,"","","",""
M4,537,10/18/2023 14:05,19.6,35297.28,"","","",""
M4,538,10/18/2023 14:10,19.56,18068.48,"","","",""
M4,539,10/18/2023 14:15,19.65,27330.56,"","","",""
M4,540,10/18/2023 14:20,19.82,21063.68,"","","",""
M4,541,10/18/2023 14:25,19.69,24565.76,"","","",""
M4,542,10/18/2023 14:30,19.73,17571.84,"","","",""
M4,543,10/18/2023 14:35,19.95,18391.04,"","","",""
M4,544,10/18/2023 14:40,20.07,1929.6,"","","",""
M4,545,10/18/2023 14:45,20.03,16235.52,"","","",""
M4,546,10/18/2023 14:50,20.25,32215.04,"","","",""
M4,547,10/18/2023 14:55,20.46,49704.96,"","","",""
M4,548,10/18/2023 15:00,20.98,76451.84,"","","",""
M4,549,10/18/2023 15:05,20.63,18488.32,"","","",""
M4,550,10/18/2023 15:10,20.68,18877.44,"","","",""
M4,551,10/18/2023 15:15,21.66,95354.88,"","","",""
M4,552,10/18/2023 15:20,20.93,53432.32,"","","",""
M4,553,10/18/2023 15:25,21.06,31232,"","","",""
M4,554,10/18/2023 15:30,20.93,22968.32,"","","",""
M4,555,10/18/2023 15:35,21.4,33454.08,"","","",""
M4,556,10/18/2023 15:40,21.62,43151.36,"","","",""
M4,557,10/18/2023 15:45,21.23,12236.8,"","","",""
M4,558,10/18/2023 15:50,21.96,47616,"","","",""
M4,559,10/18/2023 15:55,22.35,48271.36,"","","",""
M4,560,10/18/2023 16:00,22.35,46366.72,"","","",""
M4,561,10/18/2023 16:05,22.39,5376,"","","",""
M4,562,10/18/2023 16:10,22.52,44707.84,"","","",""
M4,563,10/18/2023 16:15,21.83,15129.6,"","","",""
M4,564,10/18/2023 16:20,22.56,44421.12,"","","",""
M4,627,10/18/2023 21:35,19.3,0,"","","",""
M4,628,10/18/2023 21:40,19.17,0,"","","",""
M4,629,10/18/2023 21:45,19.22,0,"","","",""
M4,630,10/18/2023 21:50,19.22,0,"","","",""
M4,631,10/18/2023 21:55,19.22,0,"","","",""
M4,632,10/18/2023 22:00,19.26,0,"","","",""
M4,633,10/18/2023 22:05,19.22,0,"","","",""
M4,634,10/18/2023 22:10,19.26,0,"","","",""
M4,635,10/18/2023 22:15,19.17,0,"","","",""
M4,636,10/18/2023 22:20,19.17,0,"","","",""
M4,637,10/18/2023 22:25,19.22,0,"","","",""
M4,638,10/18/2023 22:30,19.22,0,"","","",""
M4,639,10/18/2023 22:35,19.22,0,"","","",""
M4,640,10/18/2023 22:40,19.22,0,"","","",""
M4,641,10/18/2023 22:45,19.22,0,"","","",""
M4,642,10/18/2023 22:50,19.17,0,"","","",""
M4,643,10/18/2023 22:55,19.22,0,"","","",""
M4,644,10/18/2023 23:00,19.22,0,"","","",""
M4,645,10/18/2023 23:05,19.17,0,"","","",""
M4,646,10/18/2023 23:10,19.13,0,"","","",""
M4,647,10/18/2023 23:15,19.17,0,"","","",""
M4,648,10/18/2023 23:20,19.22,0,"","","",""
M4,649,10/18/2023 23:25,19.17,0,"","","",""
M4,650,10/18/2023 23:30,19.17,0,"","","",""
M4,651,10/18/2023 23:35,19.13,0,"","","",""
M4,652,10/18/2023 23:40,19.09,0,"","","",""
M4,653,10/18/2023 23:45,19.05,0,"","","",""
M4,654,10/18/2023 23:50,19.09,0,"","","",""
M4,655,10/18/2023 23:55,19,0,"","","",""
M4,656,10/19/2023 0:00,19,0,"","","",""
M4,657,10/19/2023 0:05,19,0,"","","",""
M4,658,10/19/2023 0:10,18.96,0,"","","",""
M4,659,10/19/2023 0:15,18.92,0,"","","",""
M4,660,10/19/2023 0:20,18.92,0,"","","",""
M4,661,10/19/2023 0:25,18.92,0.21,"","","",""
M4,662,10/19/2023 0:30,18.96,0,"","","",""
M4,663,10/19/2023 0:35,18.87,0,"","","",""
M4,664,10/19/2023 0:40,18.87,0,"","","",""
M4,665,10/19/2023 0:45,18.83,0,"","","",""
M4,666,10/19/2023 0:50,18.79,0,"","","",""
M4,667,10/19/2023 0:55,18.74,0,"","","",""
M4,668,10/19/2023 1:00,18.7,0,"","","",""
M4,669,10/19/2023 1:05,18.7,0,"","","",""
M4,670,10/19/2023 1:10,18.66,0,"","","",""
M4,671,10/19/2023 1:15,18.62,0,"","","",""
M4,672,10/19/2023 1:20,18.57,0,"","","",""
M4,673,10/19/2023 1:25,18.49,0,"","","",""
M4,674,10/19/2023 1:30,18.44,0,"","","",""
M4,675,10/19/2023 1:35,18.36,0,"","","",""
M4,676,10/19/2023 1:40,18.19,0,"","","",""
M4,677,10/19/2023 1:45,18.1,0,"","","",""
M4,678,10/19/2023 1:50,18.02,0,"","","",""
M4,679,10/19/2023 1:55,18.02,0,"","","",""
M4,680,10/19/2023 2:00,17.89,0,"","","",""
M4,681,10/19/2023 2:05,17.84,0,"","","",""
M4,682,10/19/2023 2:10,17.72,0,"","","",""
M4,683,10/19/2023 2:15,17.76,0,"","","",""
M4,684,10/19/2023 2:20,17.72,0,"","","",""
M4,685,10/19/2023 2:25,17.67,0,"","","",""
M4,686,10/19/2023 2:30,17.72,0,"","","",""
M4,687,10/19/2023 2:35,17.67,0,"","","",""
M4,688,10/19/2023 2:40,17.67,0,"","","",""
M4,689,10/19/2023 2:45,17.59,0,"","","",""
M4,690,10/19/2023 2:50,17.59,0,"","","",""
M4,691,10/19/2023 2:55,17.5,0,"","","",""
M4,692,10/19/2023 3:00,17.5,0,"","","",""
M4,693,10/19/2023 3:05,17.46,0,"","","",""
M4,694,10/19/2023 3:10,17.37,0,"","","",""
M4,695,10/19/2023 3:15,17.37,0,"","","",""
M4,696,10/19/2023 3:20,17.29,0,"","","",""
M4,697,10/19/2023 3:25,17.2,0,"","","",""
M4,698,10/19/2023 3:30,17.07,0,"","","",""
M4,699,10/19/2023 3:35,17.07,0.21,"","","",""
M4,700,10/19/2023 3:40,17.11,0,"","","",""
M4,701,10/19/2023 3:45,17.07,0,"","","",""
M4,702,10/19/2023 3:50,17.07,0,"","","",""
M4,703,10/19/2023 3:55,17.11,0,"","","",""
M4,704,10/19/2023 4:00,16.99,0,"","","",""
M4,705,10/19/2023 4:05,17.03,0,"","","",""
M4,706,10/19/2023 4:10,16.99,0,"","","",""
M4,707,10/19/2023 4:15,16.99,0,"","","",""
M4,708,10/19/2023 4:20,17.03,0,"","","",""
M4,709,10/19/2023 4:25,17.03,0,"","","",""
M4,710,10/19/2023 4:30,17.03,0,"","","",""
M4,711,10/19/2023 4:35,16.94,0,"","","",""
M4,712,10/19/2023 4:40,16.99,0,"","","",""
M4,713,10/19/2023 4:45,16.94,0,"","","",""
M4,714,10/19/2023 4:50,16.94,0,"","","",""
M4,715,10/19/2023 4:55,16.99,0,"","","",""
M4,716,10/19/2023 5:00,16.94,0,"","","",""
M4,717,10/19/2023 5:05,16.99,0,"","","",""
M4,718,10/19/2023 5:10,17.03,0,"","","",""
M4,719,10/19/2023 5:15,17.03,0,"","","",""
M4,720,10/19/2023 5:20,16.99,0,"","","",""
M4,721,10/19/2023 5:25,16.94,0,"","","",""
M4,722,10/19/2023 5:30,16.94,0,"","","",""
M4,723,10/19/2023 5:35,16.99,0,"","","",""
M4,724,10/19/2023 5:40,17.03,0,"","","",""
M4,725,10/19/2023 5:45,16.94,0,"","","",""
M4,726,10/19/2023 5:50,16.99,0,"","","",""
M4,727,10/19/2023 5:55,16.99,0,"","","",""
M4,728,10/19/2023 6:00,16.99,0,"","","",""
M4,729,10/19/2023 6:05,17.03,0,"","","",""
M4,730,10/19/2023 6:10,17.03,0,"","","",""
M4,731,10/19/2023 6:15,17.03,0,"","","",""
M4,732,10/19/2023 6:20,17.03,0,"","","",""
M4,733,10/19/2023 6:25,17.07,0,"","","",""
M4,734,10/19/2023 6:30,17.03,0,"","","",""
M4,735,10/19/2023 6:35,17.16,0.87,"","","",""
M4,736,10/19/2023 6:40,17.11,5.25,"","","",""
M4,737,10/19/2023 6:45,17.16,22.84,"","","",""
M4,738,10/19/2023 6:50,17.16,27.91,"","","",""
M4,739,10/19/2023 6:55,17.16,73.44,"","","",""
M4,740,10/19/2023 7:00,17.16,132.84,"","","",""
M4,741,10/19/2023 7:05,17.24,92.12,"","","",""
M4,742,10/19/2023 7:10,17.2,194.32,"","","",""
M4,743,10/19/2023 7:15,17.24,615.04,"","","",""
M4,744,10/19/2023 7:20,17.33,422.4,"","","",""
M4,745,10/19/2023 7:25,17.37,437.28,"","","",""
M4,746,10/19/2023 7:30,17.37,742.4,"","","",""
M4,747,10/19/2023 7:35,17.41,1368.96,"","","",""
M4,748,10/19/2023 7:40,17.46,876.48,"","","",""
M4,749,10/19/2023 7:45,17.37,1758.72,"","","",""
M4,750,10/19/2023 7:50,17.41,1510.4,"","","",""
M4,751,10/19/2023 7:55,17.46,2031.36,"","","",""
M4,752,10/19/2023 8:00,17.5,3055.36,"","","",""
M4,753,10/19/2023 8:05,17.5,2072.96,"","","",""
M4,754,10/19/2023 8:10,17.54,4258.56,"","","",""
M4,755,10/19/2023 8:15,17.59,3513.6,"","","",""
M4,756,10/19/2023 8:20,17.63,4220.16,"","","",""
M4,757,10/19/2023 8:25,17.67,2699.52,"","","",""
M4,758,10/19/2023 8:30,17.67,3417.6,"","","",""
M4,759,10/19/2023 8:35,17.72,4674.56,"","","",""
M4,760,10/19/2023 8:40,17.72,6627.84,"","","",""
M4,761,10/19/2023 8:45,17.72,4559.36,"","","",""
M4,762,10/19/2023 8:50,17.72,5414.4,"","","",""
M4,763,10/19/2023 8:55,17.84,4072.96,"","","",""
M4,764,10/19/2023 9:00,17.84,10050.56,"","","",""
M4,765,10/19/2023 9:05,17.89,6320.64,"","","",""
M4,766,10/19/2023 9:10,17.89,7808,"","","",""
M4,767,10/19/2023 9:15,18.02,5985.28,"","","",""
M4,768,10/19/2023 9:20,17.97,11970.56,"","","",""
M4,769,10/19/2023 9:25,18.06,11980.8,"","","",""
M4,770,10/19/2023 9:30,18.1,12200.96,"","","",""
M4,771,10/19/2023 9:35,18.1,18846.72,"","","",""
M4,772,10/19/2023 9:40,18.06,18790.4,"","","",""
M4,773,10/19/2023 9:45,18.06,15907.84,"","","",""
M4,774,10/19/2023 9:50,18.23,14351.36,"","","",""
M4,775,10/19/2023 9:55,18.19,169.6,"","","",""
M4,776,10/19/2023 10:00,18.19,11770.88,"","","",""
M4,777,10/19/2023 10:05,18.19,13117.44,"","","",""
M4,778,10/19/2023 10:10,18.23,13946.88,"","","",""
M4,779,10/19/2023 10:15,18.19,13547.52,"","","",""
M4,780,10/19/2023 10:20,18.27,20669.44,"","","",""
M4,781,10/19/2023 10:25,18.23,18513.92,"","","",""
M4,782,10/19/2023 10:30,18.23,11955.2,"","","",""
M4,783,10/19/2023 10:35,18.27,21760,"","","",""
M4,784,10/19/2023 10:40,18.27,14254.08,"","","",""
M4,785,10/19/2023 10:45,18.32,12323.84,"","","",""
M4,786,10/19/2023 10:50,18.36,16880.64,"","","",""
M4,787,10/19/2023 10:55,18.36,19486.72,"","","",""
M4,788,10/19/2023 11:00,18.36,9804.8,"","","",""
M4,789,10/19/2023 11:05,18.53,21473.28,"","","",""
M4,790,10/19/2023 11:10,18.44,21114.88,"","","",""
M4,791,10/19/2023 11:15,18.53,10352.64,"","","",""
M4,792,10/19/2023 11:20,18.62,25047.04,"","","",""
M4,793,10/19/2023 11:25,18.57,17448.96,"","","",""
M4,794,10/19/2023 11:30,18.66,22384.64,"","","",""
M4,795,10/19/2023 11:35,18.62,22753.28,"","","",""
M4,796,10/19/2023 11:40,18.57,20003.84,"","","",""
M4,797,10/19/2023 11:45,18.66,12277.76,"","","",""
M4,798,10/19/2023 11:50,18.74,24872.96,"","","",""
M4,799,10/19/2023 11:55,18.66,11596.8,"","","",""
M4,800,10/19/2023 12:00,18.62,8355.84,"","","",""
M4,801,10/19/2023 12:05,18.66,13199.36,"","","",""
M4,802,10/19/2023 12:10,18.74,15298.56,"","","",""
M4,803,10/19/2023 12:15,18.83,20628.48,"","","",""
M4,804,10/19/2023 12:20,18.79,13342.72,"","","",""
M4,805,10/19/2023 12:25,18.87,14883.84,"","","",""
M4,806,10/19/2023 12:30,18.87,28282.88,"","","",""
M4,807,10/19/2023 12:35,18.83,15616,"","","",""
M4,808,10/19/2023 12:40,18.87,23347.2,"","","",""
M4,809,10/19/2023 12:45,18.96,21770.24,"","","",""
M4,810,10/19/2023 12:50,19.05,28938.24,"","","",""
M4,811,10/19/2023 12:55,18.92,19532.8,"","","",""
M4,812,10/19/2023 13:00,19.09,28743.68,"","","",""
M4,813,10/19/2023 13:05,18.96,10042.88,"","","",""
M4,814,10/19/2023 13:10,19.05,34836.48,"","","",""
M4,815,10/19/2023 13:15,19,6940.16,"","","",""
M4,816,10/19/2023 13:20,19.13,27627.52,"","","",""
M4,817,10/19/2023 13:25,19.05,10629.12,"","","",""
M4,818,10/19/2023 13:30,18.96,12032,"","","",""
M4,819,10/19/2023 13:35,19,14658.56,"","","",""
M4,820,10/19/2023 13:40,19,19486.72,"","","",""
M4,821,10/19/2023 13:45,19.09,17689.6,"","","",""
M4,822,10/19/2023 13:50,19,6947.84,"","","",""
M4,823,10/19/2023 13:55,19.09,20382.72,"","","",""
M4,824,10/19/2023 14:00,19.22,17935.36,"","","",""
M4,825,10/19/2023 14:05,19.17,24524.8,"","","",""
M4,826,10/19/2023 14:10,19.22,20188.16,"","","",""
M4,827,10/19/2023 14:15,19.13,12.03,"","","",""
M4,828,10/19/2023 14:20,19.26,27852.8,"","","",""
M4,829,10/19/2023 14:25,19.3,22261.76,"","","",""
M4,830,10/19/2023 14:30,19.26,8698.88,"","","",""
M4,831,10/19/2023 14:35,19.39,20992,"","","",""
M4,832,10/19/2023 14:40,19.39,19240.96,"","","",""
M4,833,10/19/2023 14:45,19.39,24637.44,"","","",""
M4,834,10/19/2023 14:50,19.35,17505.28,"","","",""
M4,835,10/19/2023 14:55,19.6,26777.6,"","","",""
M4,836,10/19/2023 15:00,19.73,5900.8,"","","",""
M4,837,10/19/2023 15:05,19.69,9441.28,"","","",""
M4,838,10/19/2023 15:10,19.69,18001.92,"","","",""
M4,839,10/19/2023 15:15,19.69,25098.24,"","","",""
M4,840,10/19/2023 15:20,19.47,19394.56,"","","",""
M4,841,10/19/2023 15:25,19.69,24606.72,"","","",""
M4,842,10/19/2023 15:30,20.29,4258.56,"","","",""
M4,843,10/19/2023 15:35,19.95,21729.28,"","","",""
M4,844,10/19/2023 15:40,20.16,521.28,"","","",""
M4,845,10/19/2023 15:45,20.16,12835.84,"","","",""
M4,846,10/19/2023 15:50,20.12,14981.12,"","","",""
M4,847,10/19/2023 15:55,20.42,50053.12,"","","",""
M4,848,10/19/2023 16:00,20.63,24524.8,"","","",""
M4,849,10/19/2023 16:05,20.2,20172.8,"","","",""
M4,850,10/19/2023 16:10,20.46,18903.04,"","","",""
M4,851,10/19/2023 16:15,20.33,25108.48,"","","",""
M4,852,10/19/2023 16:20,20.63,30146.56,"","","",""
M4,853,10/19/2023 16:25,21.02,8089.6,"","","",""
M4,854,10/19/2023 16:30,21.02,8384,"","","",""
M4,855,10/19/2023 16:35,20.46,8215.04,"","","",""
M4,856,10/19/2023 16:40,20.72,22466.56,"","","",""
M4,857,10/19/2023 16:45,20.63,8796.16,"","","",""
M4,858,10/19/2023 16:50,21.19,7557.12,"","","",""
M4,859,10/19/2023 16:55,21.02,507.36,"","","",""
M4,860,10/19/2023 17:00,21.02,10967.04,"","","",""
M4,861,10/19/2023 17:05,20.8,30044.16,"","","",""
M4,862,10/19/2023 17:10,20.98,29173.76,"","","",""
M4,863,10/19/2023 17:15,20.98,23244.8,"","","",""
M4,932,10/19/2023 23:00,17.97,0,"","","",""
M4,933,10/19/2023 23:05,17.8,0,"","","",""
M4,934,10/19/2023 23:10,17.84,0,"","","",""
M4,935,10/19/2023 23:15,17.72,0,"","","",""
M4,936,10/19/2023 23:20,17.67,0,"","","",""
M4,937,10/19/2023 23:25,17.59,0,"","","",""
M4,938,10/19/2023 23:30,17.59,0,"","","",""
M4,939,10/19/2023 23:35,17.59,0,"","","",""
M4,940,10/19/2023 23:40,17.46,0,"","","",""
M4,941,10/19/2023 23:45,17.46,0,"","","",""
M4,942,10/19/2023 23:50,17.41,0,"","","",""
M4,943,10/19/2023 23:55,17.33,0,"","","",""
M4,944,10/20/2023 0:00,17.41,0,"","","",""
M4,945,10/20/2023 0:05,17.29,0,"","","",""
M4,946,10/20/2023 0:10,17.29,0,"","","",""
M4,947,10/20/2023 0:15,17.24,0,"","","",""
M4,948,10/20/2023 0:20,17.16,0,"","","",""
M4,949,10/20/2023 0:25,17.11,0,"","","",""
M4,950,10/20/2023 0:30,17.03,0,"","","",""
M4,951,10/20/2023 0:35,17.03,0,"","","",""
M4,952,10/20/2023 0:40,17.03,0,"","","",""
M4,953,10/20/2023 0:45,17.16,0,"","","",""
M4,954,10/20/2023 0:50,17.16,0,"","","",""
M4,955,10/20/2023 0:55,17.11,0,"","","",""
M4,956,10/20/2023 1:00,17.11,0.21,"","","",""
M4,957,10/20/2023 1:05,16.99,0,"","","",""
M4,958,10/20/2023 1:10,16.94,0,"","","",""
M4,959,10/20/2023 1:15,16.94,0,"","","",""
M4,960,10/20/2023 1:20,16.9,0,"","","",""
M4,961,10/20/2023 1:25,16.94,0,"","","",""
M4,962,10/20/2023 1:30,16.99,0,"","","",""
M4,963,10/20/2023 1:35,17.07,0,"","","",""
M4,964,10/20/2023 1:40,16.99,0,"","","",""
M4,965,10/20/2023 1:45,16.99,0,"","","",""
M4,966,10/20/2023 1:50,16.94,0,"","","",""
M4,967,10/20/2023 1:55,17.03,0,"","","",""
M4,968,10/20/2023 2:00,16.99,0,"","","",""
M4,969,10/20/2023 2:05,16.94,0,"","","",""
M4,970,10/20/2023 2:10,16.99,0,"","","",""
M4,971,10/20/2023 2:15,16.99,0,"","","",""
M4,972,10/20/2023 2:20,16.94,0,"","","",""
M4,973,10/20/2023 2:25,16.94,0,"","","",""
M4,974,10/20/2023 2:30,16.9,0,"","","",""
M4,975,10/20/2023 2:35,16.9,0,"","","",""
M4,976,10/20/2023 2:40,16.86,0,"","","",""
M4,977,10/20/2023 2:45,16.77,0,"","","",""
M4,978,10/20/2023 2:50,16.77,0,"","","",""
M4,979,10/20/2023 2:55,16.73,0,"","","",""
M4,980,10/20/2023 3:00,16.73,0,"","","",""
M4,981,10/20/2023 3:05,16.69,0,"","","",""
M4,982,10/20/2023 3:10,16.64,0,"","","",""
M4,983,10/20/2023 3:15,16.64,0,"","","",""
M4,984,10/20/2023 3:20,16.69,0,"","","",""
M4,985,10/20/2023 3:25,16.73,0,"","","",""
M4,986,10/20/2023 3:30,16.69,0,"","","",""
M4,987,10/20/2023 3:35,16.73,0,"","","",""
M4,988,10/20/2023 3:40,16.73,0,"","","",""
M4,989,10/20/2023 3:45,16.73,0,"","","",""
M4,990,10/20/2023 3:50,16.73,0,"","","",""
M4,991,10/20/2023 3:55,16.73,0,"","","",""
M4,992,10/20/2023 4:00,16.69,0,"","","",""
M4,993,10/20/2023 4:05,16.64,0,"","","",""
M4,994,10/20/2023 4:10,16.64,0.21,"","","",""
M4,995,10/20/2023 4:15,16.64,0,"","","",""
M4,996,10/20/2023 4:20,16.64,0,"","","",""
M4,997,10/20/2023 4:25,16.6,0,"","","",""
M4,998,10/20/2023 4:30,16.6,0,"","","",""
M4,999,10/20/2023 4:35,16.6,0,"","","",""
M4,1000,10/20/2023 4:40,16.6,0,"","","",""
M4,1001,10/20/2023 4:45,16.6,0,"","","",""
M4,1002,10/20/2023 4:50,16.64,0,"","","",""
M4,1003,10/20/2023 4:55,16.56,0,"","","",""
M4,1004,10/20/2023 5:00,16.56,0,"","","",""
M4,1005,10/20/2023 5:05,16.56,0,"","","",""
M4,1006,10/20/2023 5:10,16.6,0,"","","",""
M4,1007,10/20/2023 5:15,16.56,0,"","","",""
M4,1008,10/20/2023 5:20,16.6,0,"","","",""
M4,1009,10/20/2023 5:25,16.69,0,"","","",""
M4,1010,10/20/2023 5:30,16.73,0,"","","",""
M4,1011,10/20/2023 5:35,16.69,0,"","","",""
M4,1012,10/20/2023 5:40,16.6,0,"","","",""
M4,1013,10/20/2023 5:45,16.6,0,"","","",""
M4,1014,10/20/2023 5:50,16.64,0,"","","",""
M4,1015,10/20/2023 5:55,16.6,0,"","","",""
M4,1016,10/20/2023 6:00,16.64,0,"","","",""
M4,1017,10/20/2023 6:05,16.73,0,"","","",""
M4,1018,10/20/2023 6:10,16.73,0,"","","",""
M4,1019,10/20/2023 6:15,16.81,0,"","","",""
M4,1020,10/20/2023 6:20,16.81,0,"","","",""
M4,1021,10/20/2023 6:25,16.81,0,"","","",""
M4,1022,10/20/2023 6:30,16.86,0,"","","",""
M4,1023,10/20/2023 6:35,16.9,1.53,"","","",""
M4,1024,10/20/2023 6:40,16.9,3.94,"","","",""
M4,1025,10/20/2023 6:45,16.94,25.52,"","","",""
M4,1026,10/20/2023 6:50,16.99,47,"","","",""
M4,1027,10/20/2023 6:55,17.03,102.76,"","","",""
M4,1028,10/20/2023 7:00,17.07,181.2,"","","",""
M4,1029,10/20/2023 7:05,17.11,306.24,"","","",""
M4,1030,10/20/2023 7:10,17.16,706.88,"","","",""
M4,1031,10/20/2023 7:15,17.16,780.48,"","","",""
M4,1032,10/20/2023 7:20,17.16,275.12,"","","",""
M4,1033,10/20/2023 7:25,17.16,1156.48,"","","",""
M4,1034,10/20/2023 7:30,17.16,2909.44,"","","",""
M4,1035,10/20/2023 7:35,17.2,1485.44,"","","",""
M4,1036,10/20/2023 7:40,17.2,3192.32,"","","",""
M4,1037,10/20/2023 7:45,17.2,3421.44,"","","",""
M4,1038,10/20/2023 7:50,17.24,2899.2,"","","",""
M4,1039,10/20/2023 7:55,17.33,4724.48,"","","",""
M4,1040,10/20/2023 8:00,17.33,3384.32,"","","",""
M4,1041,10/20/2023 8:05,17.41,5258.24,"","","",""
M4,1042,10/20/2023 8:10,17.37,2841.6,"","","",""
M4,1043,10/20/2023 8:15,17.41,4145.92,"","","",""
M4,1044,10/20/2023 8:20,17.41,7728.64,"","","",""
M4,1045,10/20/2023 8:25,17.41,3458.56,"","","",""
M4,1046,10/20/2023 8:30,17.46,6845.44,"","","",""
M4,1047,10/20/2023 8:35,17.46,7360,"","","",""
M4,1048,10/20/2023 8:40,17.46,13332.48,"","","",""
M4,1049,10/20/2023 8:45,17.54,2960.64,"","","",""
M4,1050,10/20/2023 8:50,17.54,11269.12,"","","",""
M4,1051,10/20/2023 8:55,17.63,110.16,"","","",""
M4,1052,10/20/2023 9:00,17.54,12682.24,"","","",""
M4,1053,10/20/2023 9:05,17.67,15482.88,"","","",""
M4,1054,10/20/2023 9:10,17.67,4811.52,"","","",""
M4,1055,10/20/2023 9:15,17.72,848.32,"","","",""
M4,1056,10/20/2023 9:20,17.72,3802.88,"","","",""
M4,1057,10/20/2023 9:25,17.8,14530.56,"","","",""
M4,1058,10/20/2023 9:30,17.8,17551.36,"","","",""
M4,1059,10/20/2023 9:35,17.8,22999.04,"","","",""
M4,1060,10/20/2023 9:40,17.63,7168,"","","",""
M4,1061,10/20/2023 9:45,17.84,17356.8,"","","",""
M4,1062,10/20/2023 9:50,17.89,24596.48,"","","",""
M4,1063,10/20/2023 9:55,17.84,10961.92,"","","",""
M4,1064,10/20/2023 10:00,17.97,19742.72,"","","",""
M4,1065,10/20/2023 10:05,17.93,22773.76,"","","",""
M4,1066,10/20/2023 10:10,18.02,23664.64,"","","",""
M4,1067,10/20/2023 10:15,18.1,28334.08,"","","",""
M4,1068,10/20/2023 10:20,17.84,4983.04,"","","",""
M4,1069,10/20/2023 10:25,18.02,189.76,"","","",""
M4,1070,10/20/2023 10:30,18.1,27023.36,"","","",""
M4,1071,10/20/2023 10:35,18.02,11781.12,"","","",""
M4,1072,10/20/2023 10:40,18.14,22548.48,"","","",""
M4,1073,10/20/2023 10:45,18.23,20771.84,"","","",""
M4,1074,10/20/2023 10:50,18.23,18600.96,"","","",""
M4,1075,10/20/2023 10:55,18.23,23746.56,"","","",""
M4,1076,10/20/2023 11:00,18.23,27494.4,"","","",""
M4,1077,10/20/2023 11:05,18.32,22784,"","","",""
M4,1078,10/20/2023 11:10,18.23,17689.6,"","","",""
M4,1079,10/20/2023 11:15,18.4,21022.72,"","","",""
M4,1080,10/20/2023 11:20,18.36,21657.6,"","","",""
M4,1081,10/20/2023 11:25,18.36,1656.32,"","","",""
M4,1082,10/20/2023 11:30,18.49,21278.72,"","","",""
M4,1083,10/20/2023 11:35,18.32,10644.48,"","","",""
M4,1084,10/20/2023 11:40,18.32,12656.64,"","","",""
M4,1085,10/20/2023 11:45,18.44,17213.44,"","","",""
M4,1086,10/20/2023 11:50,18.4,29245.44,"","","",""
M4,1087,10/20/2023 11:55,18.57,31365.12,"","","",""
M4,1088,10/20/2023 12:00,18.44,19543.04,"","","",""
M4,1089,10/20/2023 12:05,18.44,30259.2,"","","",""
M4,1090,10/20/2023 12:10,18.53,24852.48,"","","",""
M4,1091,10/20/2023 12:15,18.62,19793.92,"","","",""
M4,1092,10/20/2023 12:20,18.57,21698.56,"","","",""
M4,1093,10/20/2023 12:25,18.53,13854.72,"","","",""
M4,1094,10/20/2023 12:30,18.53,22087.68,"","","",""
M4,1095,10/20/2023 12:35,18.57,27105.28,"","","",""
M4,1096,10/20/2023 12:40,18.57,24883.2,"","","",""
M4,1097,10/20/2023 12:45,18.49,14177.28,"","","",""
M4,1098,10/20/2023 12:50,18.62,35676.16,"","","",""
M4,1099,10/20/2023 12:55,18.57,25139.2,"","","",""
M4,1100,10/20/2023 13:00,18.53,7004.16,"","","",""
M4,1101,10/20/2023 13:05,18.4,21596.16,"","","",""
M4,1102,10/20/2023 13:10,18.49,35399.68,"","","",""
M4,1103,10/20/2023 13:15,18.4,15723.52,"","","",""
M4,1104,10/20/2023 13:20,18.4,20480,"","","",""
M4,1105,10/20/2023 13:25,18.44,24197.12,"","","",""
M4,1106,10/20/2023 13:30,18.44,14853.12,"","","",""
M4,1107,10/20/2023 13:35,18.57,21811.2,"","","",""
M4,1108,10/20/2023 13:40,18.36,16148.48,"","","",""
M4,1109,10/20/2023 13:45,18.57,3239.68,"","","",""
M4,1110,10/20/2023 13:50,18.62,18058.24,"","","",""
M4,1111,10/20/2023 13:55,18.62,25272.32,"","","",""
M4,1112,10/20/2023 14:00,18.57,7198.72,"","","",""
M4,1113,10/20/2023 14:05,18.49,9848.32,"","","",""
M4,1114,10/20/2023 14:10,18.53,15380.48,"","","",""
M4,1115,10/20/2023 14:15,18.49,15185.92,"","","",""
M4,1116,10/20/2023 14:20,18.57,12677.12,"","","",""
M4,1117,10/20/2023 14:25,18.53,20116.48,"","","",""
M4,1118,10/20/2023 14:30,18.57,19358.72,"","","",""
M4,1119,10/20/2023 14:35,18.62,15938.56,"","","",""
M4,1120,10/20/2023 14:40,18.57,22487.04,"","","",""
M4,1121,10/20/2023 14:45,18.32,1204.8,"","","",""
M4,1122,10/20/2023 14:50,18.57,14689.28,"","","",""
M4,1123,10/20/2023 14:55,18.62,31447.04,"","","",""
M4,1124,10/20/2023 15:00,18.57,15933.44,"","","",""
M4,1125,10/20/2023 15:05,18.74,21760,"","","",""
M4,1126,10/20/2023 15:10,18.79,8811.52,"","","",""
M4,1127,10/20/2023 15:15,18.87,19435.52,"","","",""
M4,1128,10/20/2023 15:20,18.74,14090.24,"","","",""
M4,1129,10/20/2023 15:25,18.83,157.28,"","","",""
M4,1130,10/20/2023 15:30,18.79,11304.96,"","","",""
M4,1131,10/20/2023 15:35,18.79,16936.96,"","","",""
M4,1132,10/20/2023 15:40,18.74,9840.64,"","","",""
M4,1133,10/20/2023 15:45,19,14100.48,"","","",""
M4,1134,10/20/2023 15:50,18.66,8174.08,"","","",""
M4,1135,10/20/2023 15:55,18.74,13890.56,"","","",""
M4,1136,10/20/2023 16:00,18.79,10915.84,"","","",""
M4,1137,10/20/2023 16:05,19.09,15288.32,"","","",""
M4,1138,10/20/2023 16:10,19.05,17930.24,"","","",""
M4,1139,10/20/2023 16:15,18.96,16128,"","","",""
M4,1140,10/20/2023 16:20,19.05,14423.04,"","","",""
M4,1141,10/20/2023 16:25,18.96,1016.32,"","","",""
M4,1142,10/20/2023 16:30,19.05,8936.96,"","","",""
M4,1143,10/20/2023 16:35,19.17,4815.36,"","","",""
M4,1144,10/20/2023 16:40,19.13,12262.4,"","","",""
M4,1145,10/20/2023 16:45,19.05,18007.04,"","","",""
M4,1146,10/20/2023 16:50,19.05,1799.68,"","","",""
M4,1147,10/20/2023 16:55,19.39,3440.64,"","","",""
M4,1148,10/20/2023 17:00,19.22,653.12,"","","",""
M4,1149,10/20/2023 17:05,19.3,359.52,"","","",""
M4,1150,10/20/2023 17:10,19.52,9722.88,"","","",""
M4,1151,10/20/2023 17:15,19.26,12513.28,"","","",""
M4,1152,10/20/2023 17:20,19.6,647.52,"","","",""
M4,1153,10/20/2023 17:25,19.35,19077.12,"","","",""
M4,1154,10/20/2023 17:30,19.43,3649.28,"","","",""
M4,1155,10/20/2023 17:35,19.3,2376.32,"","","",""
M4,1156,10/20/2023 17:40,19.26,10798.08,"","","",""
M4,1157,10/20/2023 17:45,18.92,2379.52,"","","",""
M4,1158,10/20/2023 17:50,18.87,979.52,"","","",""
M4,1159,10/20/2023 17:55,18.87,1353.6,"","","",""
M4,1160,10/20/2023 18:00,18.83,2088.96,"","","",""
M4,1161,10/20/2023 18:05,18.79,1434.88,"","","",""
M4,1162,10/20/2023 18:10,18.74,212.08,"","","",""
M4,1163,10/20/2023 18:15,18.7,120.36,"","","",""
M4,1164,10/20/2023 18:20,18.66,287.2,"","","",""
M4,1165,10/20/2023 18:25,18.62,10.94,"","","",""
M4,1166,10/20/2023 18:30,18.62,43.06,"","","",""
M4,1234,10/21/2023 0:10,16.6,0,"","","",""
M4,1235,10/21/2023 0:15,16.6,0,"","","",""
M4,1236,10/21/2023 0:20,16.56,0,"","","",""
M4,1237,10/21/2023 0:25,16.56,0,"","","",""
M4,1238,10/21/2023 0:30,16.56,0,"","","",""
M4,1239,10/21/2023 0:35,16.56,0,"","","",""
M4,1240,10/21/2023 0:40,16.56,0,"","","",""
M4,1241,10/21/2023 0:45,16.56,0,"","","",""
M4,1242,10/21/2023 0:50,16.47,0,"","","",""
M4,1243,10/21/2023 0:55,16.47,0,"","","",""
M4,1244,10/21/2023 1:00,16.47,0,"","","",""
M4,1245,10/21/2023 1:05,16.43,0,"","","",""
M4,1246,10/21/2023 1:10,16.34,0,"","","",""
M4,1247,10/21/2023 1:15,16.3,0,"","","",""
M4,1248,10/21/2023 1:20,16.34,0,"","","",""
M4,1249,10/21/2023 1:25,16.3,0,"","","",""
M4,1250,10/21/2023 1:30,16.26,0,"","","",""
M4,1251,10/21/2023 1:35,16.3,0.21,"","","",""
M4,1252,10/21/2023 1:40,16.26,0,"","","",""
M4,1253,10/21/2023 1:45,16.26,0,"","","",""
M4,1254,10/21/2023 1:50,16.21,0,"","","",""
M4,1255,10/21/2023 1:55,16.26,0,"","","",""
M4,1256,10/21/2023 2:00,16.3,0,"","","",""
M4,1257,10/21/2023 2:05,16.26,0,"","","",""
M4,1258,10/21/2023 2:10,16.34,0,"","","",""
M4,1259,10/21/2023 2:15,16.3,0,"","","",""
M4,1260,10/21/2023 2:20,16.26,0,"","","",""
M4,1261,10/21/2023 2:25,16.26,0,"","","",""
M4,1262,10/21/2023 2:30,16.26,0,"","","",""
M4,1263,10/21/2023 2:35,16.26,0,"","","",""
M4,1264,10/21/2023 2:40,16.3,0,"","","",""
M4,1265,10/21/2023 2:45,16.3,0,"","","",""
M4,1266,10/21/2023 2:50,16.21,0,"","","",""
M4,1267,10/21/2023 2:55,16.21,0,"","","",""
M4,1268,10/21/2023 3:00,16.26,0,"","","",""
M4,1269,10/21/2023 3:05,16.21,0,"","","",""
M4,1270,10/21/2023 3:10,16.21,0,"","","",""
M4,1271,10/21/2023 3:15,16.21,0,"","","",""
M4,1272,10/21/2023 3:20,16.21,0,"","","",""
M4,1273,10/21/2023 3:25,16.17,0,"","","",""
M4,1274,10/21/2023 3:30,16.13,0,"","","",""
M4,1275,10/21/2023 3:35,16.17,0,"","","",""
M4,1276,10/21/2023 3:40,16.17,0,"","","",""
M4,1277,10/21/2023 3:45,16.08,0,"","","",""
M4,1278,10/21/2023 3:50,16.13,0,"","","",""
M4,1279,10/21/2023 3:55,16.08,0,"","","",""
M4,1280,10/21/2023 4:00,16.13,0,"","","",""
M4,1281,10/21/2023 4:05,16.04,0,"","","",""
M4,1282,10/21/2023 4:10,16.04,0,"","","",""
M4,1283,10/21/2023 4:15,16,0,"","","",""
M4,1284,10/21/2023 4:20,15.91,0,"","","",""
M4,1285,10/21/2023 4:25,15.96,0,"","","",""
M4,1286,10/21/2023 4:30,15.91,0,"","","",""
M4,1287,10/21/2023 4:35,15.91,0,"","","",""
M4,1288,10/21/2023 4:40,15.91,0,"","","",""
M4,1289,10/21/2023 4:45,15.91,0.21,"","","",""
M4,1290,10/21/2023 4:50,15.91,0,"","","",""
M4,1291,10/21/2023 4:55,15.87,0,"","","",""
M4,1292,10/21/2023 5:00,15.87,0,"","","",""
M4,1293,10/21/2023 5:05,15.87,0,"","","",""
M4,1294,10/21/2023 5:10,15.83,0,"","","",""
M4,1295,10/21/2023 5:15,15.83,0,"","","",""
M4,1296,10/21/2023 5:20,15.74,0,"","","",""
M4,1297,10/21/2023 5:25,15.87,0,"","","",""
M4,1298,10/21/2023 5:30,15.87,0,"","","",""
M4,1299,10/21/2023 5:35,15.96,0,"","","",""
M4,1300,10/21/2023 5:40,15.91,0,"","","",""
M4,1301,10/21/2023 5:45,15.87,0,"","","",""
M4,1302,10/21/2023 5:50,15.87,0,"","","",""
M4,1303,10/21/2023 5:55,15.87,0,"","","",""
M4,1304,10/21/2023 6:00,15.96,0,"","","",""
M4,1305,10/21/2023 6:05,15.96,0,"","","",""
M4,1306,10/21/2023 6:10,15.87,0,"","","",""
M4,1307,10/21/2023 6:15,15.83,0,"","","",""
M4,1308,10/21/2023 6:20,16,0,"","","",""
M4,1309,10/21/2023 6:25,15.91,0,"","","",""
M4,1310,10/21/2023 6:30,15.87,0,"","","",""
M4,1311,10/21/2023 6:35,15.87,0.43,"","","",""
M4,1312,10/21/2023 6:40,15.87,3.94,"","","",""
M4,1313,10/21/2023 6:45,15.83,3.94,"","","",""
M4,1314,10/21/2023 6:50,15.83,24.38,"","","",""
M4,1315,10/21/2023 6:55,15.83,28.1,"","","",""
M4,1316,10/21/2023 7:00,15.91,90.4,"","","",""
M4,1317,10/21/2023 7:05,15.91,258.48,"","","",""
M4,1318,10/21/2023 7:10,16.04,322.88,"","","",""
M4,1319,10/21/2023 7:15,16,892.16,"","","",""
M4,1320,10/21/2023 7:20,16,704.64,"","","",""
M4,1321,10/21/2023 7:25,15.83,263.76,"","","",""
M4,1322,10/21/2023 7:30,15.83,1074.24,"","","",""
M4,1323,10/21/2023 7:35,15.83,734.4,"","","",""
M4,1324,10/21/2023 7:40,15.83,1856,"","","",""
M4,1325,10/21/2023 7:45,15.96,4454.4,"","","",""
M4,1326,10/21/2023 7:50,15.96,5880.32,"","","",""
M4,1327,10/21/2023 7:55,16,3202.56,"","","",""
M4,1328,10/21/2023 8:00,16.13,7633.92,"","","",""
M4,1329,10/21/2023 8:05,16.17,999.04,"","","",""
M4,1330,10/21/2023 8:10,16.21,5524.48,"","","",""
M4,1331,10/21/2023 8:15,16.21,3946.24,"","","",""
M4,1332,10/21/2023 8:20,16.21,5204.48,"","","",""
M4,1333,10/21/2023 8:25,16.26,5491.2,"","","",""
M4,1334,10/21/2023 8:30,16.21,8440.32,"","","",""
M4,1335,10/21/2023 8:35,16.26,11402.24,"","","",""
M4,1336,10/21/2023 8:40,16.34,10567.68,"","","",""
M4,1337,10/21/2023 8:45,16.34,447.52,"","","",""
M4,1338,10/21/2023 8:50,16.34,13957.12,"","","",""
M4,1339,10/21/2023 8:55,16.43,9118.72,"","","",""
M4,1340,10/21/2023 9:00,16.51,7831.04,"","","",""
M4,1341,10/21/2023 9:05,16.43,7718.4,"","","",""
M4,1342,10/21/2023 9:10,16.6,12272.64,"","","",""
M4,1343,10/21/2023 9:15,16.6,9820.16,"","","",""
M4,1344,10/21/2023 9:20,16.64,17249.28,"","","",""
M4,1345,10/21/2023 9:25,16.81,14392.32,"","","",""
M4,1346,10/21/2023 9:30,16.77,21084.16,"","","",""
M4,1347,10/21/2023 9:35,16.81,29706.24,"","","",""
M4,1348,10/21/2023 9:40,16.94,20930.56,"","","",""
M4,1349,10/21/2023 9:45,16.99,17704.96,"","","",""
M4,1350,10/21/2023 9:50,16.99,1854.08,"","","",""
M4,1351,10/21/2023 9:55,17.03,21504,"","","",""
M4,1352,10/21/2023 10:00,17.07,19865.6,"","","",""
M4,1353,10/21/2023 10:05,17.16,14965.76,"","","",""
M4,1354,10/21/2023 10:10,17.29,15441.92,"","","",""
M4,1355,10/21/2023 10:15,17.37,20075.52,"","","",""
M4,1356,10/21/2023 10:20,17.46,28211.2,"","","",""
M4,1357,10/21/2023 10:25,17.46,20500.48,"","","",""
M4,1358,10/21/2023 10:30,17.46,19645.44,"","","",""
M4,1359,10/21/2023 10:35,17.59,15928.32,"","","",""
M4,1360,10/21/2023 10:40,17.5,22906.88,"","","",""
M4,1361,10/21/2023 10:45,17.63,12625.92,"","","",""
M4,1362,10/21/2023 10:50,17.67,24360.96,"","","",""
M4,1363,10/21/2023 10:55,17.72,15365.12,"","","",""
M4,1364,10/21/2023 11:00,17.72,19875.84,"","","",""
M4,1365,10/21/2023 11:05,17.72,35788.8,"","","",""
M4,1366,10/21/2023 11:10,17.72,23654.4,"","","",""
M4,1367,10/21/2023 11:15,17.84,34385.92,"","","",""
M4,1368,10/21/2023 11:20,17.84,25067.52,"","","",""
M4,1369,10/21/2023 11:25,18.02,31068.16,"","","",""
M4,1370,10/21/2023 11:30,18.02,41789.44,"","","",""
M4,1371,10/21/2023 11:35,17.93,26337.28,"","","",""
M4,1372,10/21/2023 11:40,17.97,41082.88,"","","",""
M4,1373,10/21/2023 11:45,17.97,19875.84,"","","",""
M4,1374,10/21/2023 11:50,18.06,37888,"","","",""
M4,1375,10/21/2023 11:55,18.02,23592.96,"","","",""
M4,1376,10/21/2023 12:00,18.19,28375.04,"","","",""
M4,1377,10/21/2023 12:05,18.27,44994.56,"","","",""
M4,1378,10/21/2023 12:10,18.23,31078.4,"","","",""
M4,1379,10/21/2023 12:15,18.23,26449.92,"","","",""
M4,1380,10/21/2023 12:20,18.32,17525.76,"","","",""
M4,1381,10/21/2023 12:25,18.23,14714.88,"","","",""
M4,1382,10/21/2023 12:30,18.36,35665.92,"","","",""
M4,1383,10/21/2023 12:35,18.27,14484.48,"","","",""
M4,1384,10/21/2023 12:40,18.32,21616.64,"","","",""
M4,1385,10/21/2023 12:45,18.36,41861.12,"","","",""
M4,1386,10/21/2023 12:50,18.36,35983.36,"","","",""
M4,1387,10/21/2023 12:55,18.49,26777.6,"","","",""
M4,1388,10/21/2023 13:00,18.32,28887.04,"","","",""
M4,1389,10/21/2023 13:05,18.44,38000.64,"","","",""
M4,1390,10/21/2023 13:10,18.53,29235.2,"","","",""
M4,1391,10/21/2023 13:15,18.36,26050.56,"","","",""
M4,1392,10/21/2023 13:20,18.4,24023.04,"","","",""
M4,1393,10/21/2023 13:25,18.49,28231.68,"","","",""
M4,1394,10/21/2023 13:30,18.32,30986.24,"","","",""
M4,1395,10/21/2023 13:35,18.53,23162.88,"","","",""
M4,1396,10/21/2023 13:40,18.53,43724.8,"","","",""
M4,1397,10/21/2023 13:45,18.62,21463.04,"","","",""
M4,1398,10/21/2023 13:50,18.53,24893.44,"","","",""
M4,1399,10/21/2023 13:55,18.49,27320.32,"","","",""
M4,1400,10/21/2023 14:00,18.49,14658.56,"","","",""
M4,1401,10/21/2023 14:05,18.36,12456.96,"","","",""
M4,1402,10/21/2023 14:10,18.49,19752.96,"","","",""
M4,1403,10/21/2023 14:15,18.49,27760.64,"","","",""
M4,1404,10/21/2023 14:20,18.44,14412.8,"","","",""
M4,1405,10/21/2023 14:25,18.44,15354.88,"","","",""
M4,1406,10/21/2023 14:30,18.57,28119.04,"","","",""
M4,1407,10/21/2023 14:35,18.57,25006.08,"","","",""
M4,1408,10/21/2023 14:40,18.53,6123.52,"","","",""
M4,1409,10/21/2023 14:45,18.57,19210.24,"","","",""
M4,1410,10/21/2023 14:50,18.62,22302.72,"","","",""
M4,1411,10/21/2023 14:55,18.53,23029.76,"","","",""
M4,1412,10/21/2023 15:00,18.57,24565.76,"","","",""
M4,1413,10/21/2023 15:05,18.57,21299.2,"","","",""
M4,1414,10/21/2023 15:10,18.53,18058.24,"","","",""
M4,1415,10/21/2023 15:15,18.49,18257.92,"","","",""
M4,1416,10/21/2023 15:20,18.57,21319.68,"","","",""
M4,1417,10/21/2023 15:25,18.44,15549.44,"","","",""
M4,1418,10/21/2023 15:30,18.53,16414.72,"","","",""
M4,1419,10/21/2023 15:35,18.49,15616,"","","",""
M4,1420,10/21/2023 15:40,18.62,16849.92,"","","",""
M4,1421,10/21/2023 15:45,18.62,14663.68,"","","",""
M4,1422,10/21/2023 15:50,18.57,8888.32,"","","",""
M4,1423,10/21/2023 15:55,18.53,14653.44,"","","",""
M4,1424,10/21/2023 16:00,18.53,12180.48,"","","",""
M4,1425,10/21/2023 16:05,18.49,13747.2,"","","",""
M4,1426,10/21/2023 16:10,18.49,8650.24,"","","",""
M4,1427,10/21/2023 16:15,18.49,9643.52,"","","",""
M4,1428,10/21/2023 16:20,18.53,6167.04,"","","",""
M4,1429,10/21/2023 16:25,18.36,11018.24,"","","",""
M4,1430,10/21/2023 16:30,18.44,10762.24,"","","",""
M4,1431,10/21/2023 16:35,18.36,8573.44,"","","",""
M4,1432,10/21/2023 16:40,18.36,9300.48,"","","",""
M4,1433,10/21/2023 16:45,18.4,5091.84,"","","",""
M4,1434,10/21/2023 16:50,18.36,8558.08,"","","",""
M4,1435,10/21/2023 16:55,18.32,5662.72,"","","",""
M4,1436,10/21/2023 17:00,18.27,4657.92,"","","",""
M4,1437,10/21/2023 17:05,18.32,2435.84,"","","",""
M4,1438,10/21/2023 17:10,18.23,4794.88,"","","",""
M4,1439,10/21/2023 17:15,18.19,6136.32,"","","",""
M4,1440,10/21/2023 17:20,18.19,4643.84,"","","",""
M4,1441,10/21/2023 17:25,18.14,2792.96,"","","",""
M4,1442,10/21/2023 17:30,18.06,2179.84,"","","",""
M4,1443,10/21/2023 17:35,18.1,1875.2,"","","",""
M4,1444,10/21/2023 17:40,18.02,1732.48,"","","",""
M4,1445,10/21/2023 17:45,17.97,2699.52,"","","",""
M4,1446,10/21/2023 17:50,17.97,1263.36,"","","",""
M4,1447,10/21/2023 17:55,17.93,1622.4,"","","",""
M4,1448,10/21/2023 18:00,17.89,736.32,"","","",""
M4,1449,10/21/2023 18:05,17.89,531.36,"","","",""
M4,1450,10/21/2023 18:10,17.84,313.2,"","","",""
M4,1451,10/21/2023 18:15,17.89,3.5,"","","",""
M4,1452,10/21/2023 18:20,17.89,133.84,"","","",""
M4,1453,10/21/2023 18:25,17.89,28.12,"","","",""
M4,1454,10/21/2023 18:30,17.8,13.81,"","","",""
M4,1455,10/21/2023 18:35,17.84,3.28,"","","",""
M4,1456,10/21/2023 18:40,17.89,0.43,"","","",""
M4,1457,10/21/2023 18:45,17.84,0.21,"","","",""
M4,1458,10/21/2023 18:50,17.84,0.21,"","","",""
M4,1459,10/21/2023 18:55,17.8,0,"","","",""
M4,1460,10/21/2023 19:00,17.84,0,"","","",""
M4,1461,10/21/2023 19:05,17.89,0,"","","",""
M4,1462,10/21/2023 19:10,17.84,0,"","","",""
M4,1463,10/21/2023 19:15,17.8,0,"","","",""
M4,1464,10/21/2023 19:20,17.8,0,"","","",""
M4,1465,10/21/2023 19:25,17.84,0,"","","",""
M4,1466,10/21/2023 19:30,17.8,0,"","","",""
M4,1467,10/21/2023 19:35,17.76,0,"","","",""
M4,1468,10/21/2023 19:40,17.84,0,"","","",""
M4,1469,10/21/2023 19:45,17.76,0,"","","",""
M4,1470,10/21/2023 19:50,17.76,0,"","","",""
M4,1539,10/22/2023 1:35,16.9,0,"","","",""
M4,1540,10/22/2023 1:40,16.9,0,"","","",""
M4,1541,10/22/2023 1:45,16.86,0,"","","",""
M4,1542,10/22/2023 1:50,16.94,0,"","","",""
M4,1543,10/22/2023 1:55,16.9,0,"","","",""
M4,1544,10/22/2023 2:00,16.94,0,"","","",""
M4,1545,10/22/2023 2:05,16.94,0,"","","",""
M4,1546,10/22/2023 2:10,16.94,0,"","","",""
M4,1547,10/22/2023 2:15,16.94,0,"","","",""
M4,1548,10/22/2023 2:20,16.94,0,"","","",""
M4,1549,10/22/2023 2:25,16.99,0.21,"","","",""
M4,1550,10/22/2023 2:30,16.9,0,"","","",""
M4,1551,10/22/2023 2:35,16.94,0,"","","",""
M4,1552,10/22/2023 2:40,16.94,0,"","","",""
M4,1553,10/22/2023 2:45,16.94,0,"","","",""
M4,1554,10/22/2023 2:50,16.99,0,"","","",""
M4,1555,10/22/2023 2:55,16.94,0,"","","",""
M4,1556,10/22/2023 3:00,16.94,0,"","","",""
M4,1557,10/22/2023 3:05,16.94,0,"","","",""
M4,1558,10/22/2023 3:10,16.94,0,"","","",""
M4,1559,10/22/2023 3:15,16.94,0,"","","",""
M4,1560,10/22/2023 3:20,16.94,0,"","","",""
M4,1561,10/22/2023 3:25,16.94,0,"","","",""
M4,1562,10/22/2023 3:30,16.94,0,"","","",""
M4,1563,10/22/2023 3:35,16.94,0,"","","",""
M4,1564,10/22/2023 3:40,16.9,0,"","","",""
M4,1565,10/22/2023 3:45,16.9,0,"","","",""
M4,1566,10/22/2023 3:50,16.86,0,"","","",""
M4,1567,10/22/2023 3:55,16.86,0,"","","",""
M4,1568,10/22/2023 4:00,16.9,0,"","","",""
M4,1569,10/22/2023 4:05,16.9,0,"","","",""
M4,1570,10/22/2023 4:10,16.81,0,"","","",""
M4,1571,10/22/2023 4:15,16.86,0,"","","",""
M4,1572,10/22/2023 4:20,16.81,0,"","","",""
M4,1573,10/22/2023 4:25,16.9,0,"","","",""
M4,1574,10/22/2023 4:30,16.86,0,"","","",""
M4,1575,10/22/2023 4:35,16.86,0,"","","",""
M4,1576,10/22/2023 4:40,16.86,0,"","","",""
M4,1577,10/22/2023 4:45,16.9,0,"","","",""
M4,1578,10/22/2023 4:50,16.81,0,"","","",""
M4,1579,10/22/2023 4:55,16.9,0,"","","",""
M4,1580,10/22/2023 5:00,16.86,0,"","","",""
M4,1581,10/22/2023 5:05,16.86,0,"","","",""
M4,1582,10/22/2023 5:10,16.86,0,"","","",""
M4,1583,10/22/2023 5:15,16.86,0,"","","",""
M4,1584,10/22/2023 5:20,16.86,0.21,"","","",""
M4,1585,10/22/2023 5:25,16.81,0,"","","",""
M4,1586,10/22/2023 5:30,16.81,0,"","","",""
M4,1587,10/22/2023 5:35,16.9,0,"","","",""
M4,1588,10/22/2023 5:40,16.81,0,"","","",""
M4,1589,10/22/2023 5:45,16.81,0,"","","",""
M4,1590,10/22/2023 5:50,16.77,0,"","","",""
M4,1591,10/22/2023 5:55,16.77,0,"","","",""
M4,1592,10/22/2023 6:00,16.77,0,"","","",""
M4,1593,10/22/2023 6:05,16.73,0,"","","",""
M4,1594,10/22/2023 6:10,16.81,0,"","","",""
M4,1595,10/22/2023 6:15,16.77,0,"","","",""
M4,1596,10/22/2023 6:20,16.77,0,"","","",""
M4,1597,10/22/2023 6:25,16.77,0,"","","",""
M4,1598,10/22/2023 6:30,16.73,0,"","","",""
M4,1599,10/22/2023 6:35,16.77,0.21,"","","",""
M4,1600,10/22/2023 6:40,16.73,0.87,"","","",""
M4,1601,10/22/2023 6:45,16.77,13.38,"","","",""
M4,1602,10/22/2023 6:50,16.73,18.85,"","","",""
M4,1603,10/22/2023 6:55,16.73,78.74,"","","",""
M4,1604,10/22/2023 7:00,16.77,212.96,"","","",""
M4,1605,10/22/2023 7:05,16.69,302.72,"","","",""
M4,1606,10/22/2023 7:10,16.73,572.16,"","","",""
M4,1607,10/22/2023 7:15,16.73,681.6,"","","",""
M4,1608,10/22/2023 7:20,16.73,965.76,"","","",""
M4,1609,10/22/2023 7:25,16.77,1072.32,"","","",""
M4,1610,10/22/2023 7:30,16.73,2362.24,"","","",""
M4,1611,10/22/2023 7:35,16.73,2627.84,"","","",""
M4,1612,10/22/2023 7:40,16.73,1113.6,"","","",""
M4,1613,10/22/2023 7:45,16.77,3127.04,"","","",""
M4,1614,10/22/2023 7:50,16.77,1810.56,"","","",""
M4,1615,10/22/2023 7:55,16.77,2871.04,"","","",""
M4,1616,10/22/2023 8:00,16.77,4752.64,"","","",""
M4,1617,10/22/2023 8:05,16.86,4002.56,"","","",""
M4,1618,10/22/2023 8:10,16.9,7170.56,"","","",""
M4,1619,10/22/2023 8:15,16.9,4145.92,"","","",""
M4,1620,10/22/2023 8:20,16.94,11043.84,"","","",""
M4,1621,10/22/2023 8:25,16.99,10547.2,"","","",""
M4,1622,10/22/2023 8:30,17.07,19184.64,"","","",""
M4,1623,10/22/2023 8:35,17.07,6760.96,"","","",""
M4,1624,10/22/2023 8:40,17.11,8130.56,"","","",""
M4,1625,10/22/2023 8:45,17.16,18728.96,"","","",""
M4,1626,10/22/2023 8:50,17.16,10414.08,"","","",""
M4,1627,10/22/2023 8:55,17.11,8181.76,"","","",""
M4,1628,10/22/2023 9:00,17.2,15831.04,"","","",""
M4,1629,10/22/2023 9:05,17.24,26572.8,"","","",""
M4,1630,10/22/2023 9:10,17.29,16220.16,"","","",""
M4,1631,10/22/2023 9:15,17.29,8363.52,"","","",""
M4,1632,10/22/2023 9:20,17.33,19420.16,"","","",""
M4,1633,10/22/2023 9:25,17.33,12093.44,"","","",""
M4,1634,10/22/2023 9:30,17.54,29992.96,"","","",""
M4,1635,10/22/2023 9:35,17.54,27054.08,"","","",""
M4,1636,10/22/2023 9:40,17.67,42086.4,"","","",""
M4,1637,10/22/2023 9:45,17.67,28221.44,"","","",""
M4,1638,10/22/2023 9:50,17.5,8230.4,"","","",""
M4,1639,10/22/2023 9:55,17.54,1007.68,"","","",""
M4,1640,10/22/2023 10:00,17.63,9561.6,"","","",""
M4,1641,10/22/2023 10:05,17.67,17146.88,"","","",""
M4,1642,10/22/2023 10:10,17.5,5447.68,"","","",""
M4,1643,10/22/2023 10:15,17.76,22568.96,"","","",""
M4,1644,10/22/2023 10:20,17.8,5258.24,"","","",""
M4,1645,10/22/2023 10:25,17.8,30279.68,"","","",""
M4,1646,10/22/2023 10:30,17.89,26173.44,"","","",""
M4,1647,10/22/2023 10:35,18.02,21698.56,"","","",""
M4,1648,10/22/2023 10:40,17.93,9400.32,"","","",""
M4,1649,10/22/2023 10:45,18.02,24535.04,"","","",""
M4,1650,10/22/2023 10:50,18.02,23746.56,"","","",""
M4,1651,10/22/2023 10:55,18.1,24842.24,"","","",""
M4,1652,10/22/2023 11:00,18.19,37007.36,"","","",""
M4,1653,10/22/2023 11:05,18.27,5665.28,"","","",""
M4,1654,10/22/2023 11:10,18.19,32634.88,"","","",""
M4,1655,10/22/2023 11:15,18.23,33310.72,"","","",""
M4,1656,10/22/2023 11:20,18.27,51261.44,"","","",""
M4,1657,10/22/2023 11:25,18.19,23429.12,"","","",""
M4,1658,10/22/2023 11:30,18.27,11351.04,"","","",""
M4,1659,10/22/2023 11:35,18.32,24852.48,"","","",""
M4,1660,10/22/2023 11:40,18.49,5314.56,"","","",""
M4,1661,10/22/2023 11:45,18.44,50892.8,"","","",""
M4,1662,10/22/2023 11:50,18.4,44871.68,"","","",""
M4,1663,10/22/2023 11:55,18.57,49827.84,"","","",""
M4,1664,10/22/2023 12:00,18.44,34631.68,"","","",""
M4,1665,10/22/2023 12:05,18.4,28221.44,"","","",""
M4,1666,10/22/2023 12:10,18.4,29880.32,"","","",""
M4,1667,10/22/2023 12:15,18.49,38062.08,"","","",""
M4,1668,10/22/2023 12:20,18.62,29440,"","","",""
M4,1669,10/22/2023 12:25,18.27,12088.32,"","","",""
M4,1670,10/22/2023 12:30,18.62,30279.68,"","","",""
M4,1671,10/22/2023 12:35,18.62,20331.52,"","","",""
M4,1672,10/22/2023 12:40,18.66,32235.52,"","","",""
M4,1673,10/22/2023 12:45,18.66,33679.36,"","","",""
M4,1674,10/22/2023 12:50,18.7,38266.88,"","","",""
M4,1675,10/22/2023 12:55,18.57,29962.24,"","","",""
M4,1676,10/22/2023 13:00,18.57,35594.24,"","","",""
M4,1677,10/22/2023 13:05,18.62,42127.36,"","","",""
M4,1678,10/22/2023 13:10,18.66,37304.32,"","","",""
M4,1679,10/22/2023 13:15,18.7,16640,"","","",""
M4,1680,10/22/2023 13:20,18.66,39997.44,"","","",""
M4,1681,10/22/2023 13:25,18.79,33341.44,"","","",""
M4,1682,10/22/2023 13:30,18.79,36628.48,"","","",""
M4,1683,10/22/2023 13:35,18.62,22814.72,"","","",""
M4,1684,10/22/2023 13:40,18.74,25518.08,"","","",""
M4,1685,10/22/2023 13:45,18.79,30535.68,"","","",""
M4,1686,10/22/2023 13:50,18.83,36341.76,"","","",""
M4,1687,10/22/2023 13:55,18.83,43130.88,"","","",""
M4,1688,10/22/2023 14:00,18.87,21841.92,"","","",""
M4,1689,10/22/2023 14:05,18.74,27781.12,"","","",""
M4,1690,10/22/2023 14:10,18.66,17172.48,"","","",""
M4,1691,10/22/2023 14:15,18.49,9804.8,"","","",""
M4,1692,10/22/2023 14:20,18.36,14351.36,"","","",""
M4,1693,10/22/2023 14:25,18.32,18667.52,"","","",""
M4,1694,10/22/2023 14:30,18.57,25313.28,"","","",""
M4,1695,10/22/2023 14:35,18.66,35911.68,"","","",""
M4,1696,10/22/2023 14:40,18.7,31754.24,"","","",""
M4,1697,10/22/2023 14:45,18.66,17699.84,"","","",""
M4,1698,10/22/2023 14:50,18.32,12113.92,"","","",""
M4,1699,10/22/2023 14:55,18.32,19773.44,"","","",""
M4,1700,10/22/2023 15:00,18.36,13665.28,"","","",""
M4,1701,10/22/2023 15:05,18.7,29173.76,"","","",""
M4,1702,10/22/2023 15:10,18.62,25210.88,"","","",""
M4,1703,10/22/2023 15:15,18.79,30791.68,"","","",""
M4,1704,10/22/2023 15:20,18.83,36362.24,"","","",""
M4,1705,10/22/2023 15:25,18.87,31303.68,"","","",""
M4,1706,10/22/2023 15:30,18.83,10429.44,"","","",""
M4,1707,10/22/2023 15:35,18.57,22108.16,"","","",""
M4,1708,10/22/2023 15:40,18.79,31938.56,"","","",""
M4,1709,10/22/2023 15:45,18.44,13112.32,"","","",""
M4,1710,10/22/2023 15:50,18.79,19056.64,"","","",""
M4,1711,10/22/2023 15:55,18.83,20208.64,"","","",""
M4,1712,10/22/2023 16:00,18.62,14310.4,"","","",""
M4,1713,10/22/2023 16:05,18.53,16046.08,"","","",""
M4,1714,10/22/2023 16:10,18.53,11658.24,"","","",""
M4,1715,10/22/2023 16:15,18.87,19722.24,"","","",""
M4,1716,10/22/2023 16:20,18.74,15155.2,"","","",""
M4,1717,10/22/2023 16:25,18.74,19230.72,"","","",""
M4,1718,10/22/2023 16:30,18.83,14397.44,"","","",""
M4,1719,10/22/2023 16:35,18.66,10014.72,"","","",""
M4,1720,10/22/2023 16:40,18.74,11161.6,"","","",""
M4,1721,10/22/2023 16:45,18.79,9518.08,"","","",""
M4,1722,10/22/2023 16:50,18.62,7065.6,"","","",""
M4,1723,10/22/2023 16:55,18.57,5073.92,"","","",""
M4,1724,10/22/2023 17:00,18.53,5463.04,"","","",""
M4,1725,10/22/2023 17:05,18.57,3246.08,"","","",""
M4,1726,10/22/2023 17:10,18.53,3322.88,"","","",""
M4,1727,10/22/2023 17:15,18.57,3512.32,"","","",""
M4,1728,10/22/2023 17:20,18.62,2495.36,"","","",""
M4,1729,10/22/2023 17:25,18.62,1996.16,"","","",""
M4,1730,10/22/2023 17:30,18.62,1038.4,"","","",""
M4,1731,10/22/2023 17:35,18.66,2039.68,"","","",""
M4,1732,10/22/2023 17:40,18.79,1314.56,"","","",""
M4,1733,10/22/2023 17:45,18.74,1140.8,"","","",""
M4,1734,10/22/2023 17:50,18.7,715.2,"","","",""
M4,1735,10/22/2023 17:55,18.83,892.16,"","","",""
M4,1736,10/22/2023 18:00,18.79,632.48,"","","",""
M4,1737,10/22/2023 18:05,18.79,204,"","","",""
M4,1738,10/22/2023 18:10,18.87,222.56,"","","",""
M4,1739,10/22/2023 18:15,18.87,82.6,"","","",""
M4,1740,10/22/2023 18:20,18.83,58.38,"","","",""
M4,1741,10/22/2023 18:25,18.87,19.94,"","","",""
M4,1742,10/22/2023 18:30,18.87,9.41,"","","",""
M4,1743,10/22/2023 18:35,18.87,3.28,"","","",""
M4,1744,10/22/2023 18:40,19,0.87,"","","",""
M4,1745,10/22/2023 18:45,18.96,0,"","","",""
M4,1746,10/22/2023 18:50,19.05,0,"","","",""
M4,1747,10/22/2023 18:55,19.05,0,"","","",""
M4,1748,10/22/2023 19:00,19,0,"","","",""
M4,1749,10/22/2023 19:05,19.09,0,"","","",""
M4,1750,10/22/2023 19:10,19.09,0,"","","",""
M4,1751,10/22/2023 19:15,19.05,0,"","","",""
M4,1752,10/22/2023 19:20,19.09,0,"","","",""
M4,1753,10/22/2023 19:25,19.09,0,"","","",""
M4,1754,10/22/2023 19:30,19.13,0,"","","",""
M4,1755,10/22/2023 19:35,19.17,0,"","","",""
M4,1756,10/22/2023 19:40,19.13,0,"","","",""
M4,1757,10/22/2023 19:45,19.05,0,"","","",""
M4,1758,10/22/2023 19:50,19.13,0,"","","",""
M4,1759,10/22/2023 19:55,19.09,0,"","","",""
M4,1760,10/22/2023 20:00,19.13,0,"","","",""
M4,1761,10/22/2023 20:05,19.09,0,"","","",""
M4,1762,10/22/2023 20:10,19.09,0,"","","",""
M4,1763,10/22/2023 20:15,19.13,0,"","","",""
M4,1764,10/22/2023 20:20,19.13,0,"","","",""
M4,1765,10/22/2023 20:25,19.13,0,"","","",""
M4,1766,10/22/2023 20:30,19.09,0,"","","",""
M4,1767,10/22/2023 20:35,19.13,0,"","","",""
M4,1768,10/22/2023 20:40,19.09,0.21,"","","",""
M4,1769,10/22/2023 20:45,19.09,0,"","","",""
M4,1770,10/22/2023 20:50,19.09,0,"","","",""
M4,1771,10/22/2023 20:55,19.05,0,"","","",""
M4,1772,10/22/2023 21:00,19.05,0,"","","",""
M4,1837,10/23/2023 2:25,17.76,0,"","","",""
M4,1838,10/23/2023 2:30,17.76,0,"","","",""
M4,1839,10/23/2023 2:35,17.8,0,"","","",""
M4,1840,10/23/2023 2:40,17.76,0,"","","",""
M4,1841,10/23/2023 2:45,17.76,0.21,"","","",""
M4,1842,10/23/2023 2:50,17.72,0,"","","",""
M4,1843,10/23/2023 2:55,17.76,0,"","","",""
M4,1844,10/23/2023 3:00,17.76,0,"","","",""
M4,1845,10/23/2023 3:05,17.76,0,"","","",""
M4,1846,10/23/2023 3:10,17.76,0,"","","",""
M4,1847,10/23/2023 3:15,17.76,0,"","","",""
M4,1848,10/23/2023 3:20,17.8,0,"","","",""
M4,1849,10/23/2023 3:25,17.72,0,"","","",""
M4,1850,10/23/2023 3:30,17.72,0,"","","",""
M4,1851,10/23/2023 3:35,17.76,0,"","","",""
M4,1852,10/23/2023 3:40,17.76,0,"","","",""
M4,1853,10/23/2023 3:45,17.72,0,"","","",""
M4,1854,10/23/2023 3:50,17.72,0,"","","",""
M4,1855,10/23/2023 3:55,17.72,0,"","","",""
M4,1856,10/23/2023 4:00,17.67,0,"","","",""
M4,1857,10/23/2023 4:05,17.72,0,"","","",""
M4,1858,10/23/2023 4:10,17.67,0,"","","",""
M4,1859,10/23/2023 4:15,17.72,0,"","","",""
M4,1860,10/23/2023 4:20,17.67,0,"","","",""
M4,1861,10/23/2023 4:25,17.67,0,"","","",""
M4,1862,10/23/2023 4:30,17.67,0,"","","",""
M4,1863,10/23/2023 4:35,17.67,0,"","","",""
M4,1864,10/23/2023 4:40,17.63,0,"","","",""
M4,1865,10/23/2023 4:45,17.63,0,"","","",""
M4,1866,10/23/2023 4:50,17.67,0,"","","",""
M4,1867,10/23/2023 4:55,17.63,0,"","","",""
M4,1868,10/23/2023 5:00,17.54,0,"","","",""
M4,1869,10/23/2023 5:05,17.54,0,"","","",""
M4,1870,10/23/2023 5:10,17.5,0,"","","",""
M4,1871,10/23/2023 5:15,17.54,0,"","","",""
M4,1872,10/23/2023 5:20,17.5,0,"","","",""
M4,1873,10/23/2023 5:25,17.5,0,"","","",""
M4,1874,10/23/2023 5:30,17.46,0,"","","",""
M4,1875,10/23/2023 5:35,17.41,0,"","","",""
M4,1876,10/23/2023 5:40,17.46,0,"","","",""
M4,1877,10/23/2023 5:45,17.41,0,"","","",""
M4,1878,10/23/2023 5:50,17.37,0,"","","",""
M4,1879,10/23/2023 5:55,17.33,0.21,"","","",""
M4,1880,10/23/2023 6:00,17.33,0,"","","",""
M4,1881,10/23/2023 6:05,17.29,0,"","","",""
M4,1882,10/23/2023 6:10,17.29,0,"","","",""
M4,1883,10/23/2023 6:15,17.29,0,"","","",""
M4,1884,10/23/2023 6:20,17.24,0,"","","",""
M4,1885,10/23/2023 6:25,17.2,0,"","","",""
M4,1886,10/23/2023 6:30,17.2,0,"","","",""
M4,1887,10/23/2023 6:35,17.2,0,"","","",""
M4,1888,10/23/2023 6:40,17.2,0.43,"","","",""
M4,1889,10/23/2023 6:45,17.11,1.09,"","","",""
M4,1890,10/23/2023 6:50,17.11,1.31,"","","",""
M4,1891,10/23/2023 6:55,17.07,5.91,"","","",""
M4,1892,10/23/2023 7:00,17.07,28.53,"","","",""
M4,1893,10/23/2023 7:05,16.99,74.74,"","","",""
M4,1894,10/23/2023 7:10,17.03,101.88,"","","",""
M4,1895,10/23/2023 7:15,17.03,109,"","","",""
M4,1896,10/23/2023 7:20,17.03,213.84,"","","",""
M4,1897,10/23/2023 7:25,16.99,317.6,"","","",""
M4,1898,10/23/2023 7:30,16.94,293.76,"","","",""
M4,1899,10/23/2023 7:35,16.99,461.76,"","","",""
M4,1900,10/23/2023 7:40,16.99,640.48,"","","",""
M4,1901,10/23/2023 7:45,16.94,646.56,"","","",""
M4,1902,10/23/2023 7:50,16.94,921.92,"","","",""
M4,1903,10/23/2023 7:55,16.94,509.12,"","","",""
M4,1904,10/23/2023 8:00,16.94,602.72,"","","",""
M4,1905,10/23/2023 8:05,16.94,1727.36,"","","",""
M4,1906,10/23/2023 8:10,16.9,2298.88,"","","",""
M4,1907,10/23/2023 8:15,16.94,1461.12,"","","",""
M4,1908,10/23/2023 8:20,16.9,1471.36,"","","",""
M4,1909,10/23/2023 8:25,16.94,2158.72,"","","",""
M4,1910,10/23/2023 8:30,16.94,1076.8,"","","",""
M4,1911,10/23/2023 8:35,16.9,1048.96,"","","",""
M4,1912,10/23/2023 8:40,16.9,4286.72,"","","",""
M4,1913,10/23/2023 8:45,16.94,3639.04,"","","",""
M4,1914,10/23/2023 8:50,16.94,5537.28,"","","",""
M4,1915,10/23/2023 8:55,16.9,2961.92,"","","",""
M4,1916,10/23/2023 9:00,16.94,3417.6,"","","",""
M4,1917,10/23/2023 9:05,16.99,2612.48,"","","",""
M4,1918,10/23/2023 9:10,17.03,2712.32,"","","",""
M4,1919,10/23/2023 9:15,16.99,5913.6,"","","",""
M4,1920,10/23/2023 9:20,17.07,9428.48,"","","",""
M4,1921,10/23/2023 9:25,17.33,17377.28,"","","",""
M4,1922,10/23/2023 9:30,17.37,28293.12,"","","",""
M4,1923,10/23/2023 9:35,17.37,18324.48,"","","",""
M4,1924,10/23/2023 9:40,17.41,25026.56,"","","",""
M4,1925,10/23/2023 9:45,17.46,14694.4,"","","",""
M4,1926,10/23/2023 9:50,17.33,10219.52,"","","",""
M4,1927,10/23/2023 9:55,17.33,11315.2,"","","",""
M4,1928,10/23/2023 10:00,17.37,8207.36,"","","",""
M4,1929,10/23/2023 10:05,17.63,23296,"","","",""
M4,1930,10/23/2023 10:10,17.84,12881.92,"","","",""
M4,1931,10/23/2023 10:15,17.8,40724.48,"","","",""
M4,1932,10/23/2023 10:20,17.63,21053.44,"","","",""
M4,1933,10/23/2023 10:25,17.54,13496.32,"","","",""
M4,1934,10/23/2023 10:30,17.41,7290.88,"","","",""
M4,1935,10/23/2023 10:35,17.59,16312.32,"","","",""
M4,1936,10/23/2023 10:40,17.84,30504.96,"","","",""
M4,1937,10/23/2023 10:45,18.06,17474.56,"","","",""
M4,1938,10/23/2023 10:50,18.06,22435.84,"","","",""
M4,1939,10/23/2023 10:55,17.76,12410.88,"","","",""
M4,1940,10/23/2023 11:00,17.97,27566.08,"","","",""
M4,1941,10/23/2023 11:05,18.32,10890.24,"","","",""
M4,1942,10/23/2023 11:10,18.44,52633.6,"","","",""
M4,1943,10/23/2023 11:15,18.57,26757.12,"","","",""
M4,1944,10/23/2023 11:20,18.36,44851.2,"","","",""
M4,1945,10/23/2023 11:25,18.79,73605.12,"","","",""
M4,1946,10/23/2023 11:30,18.62,28999.68,"","","",""
M4,1947,10/23/2023 11:35,18.7,14981.12,"","","",""
M4,1948,10/23/2023 11:40,18.74,52183.04,"","","",""
M4,1949,10/23/2023 11:45,18.74,56688.64,"","","",""
M4,1950,10/23/2023 11:50,18.74,5480.96,"","","",""
M4,1951,10/23/2023 11:55,18.7,10155.52,"","","",""
M4,1952,10/23/2023 12:00,18.92,22650.88,"","","",""
M4,1953,10/23/2023 12:05,18.96,44462.08,"","","",""
M4,1954,10/23/2023 12:10,18.79,53043.2,"","","",""
M4,1955,10/23/2023 12:15,18.83,32972.8,"","","",""
M4,1956,10/23/2023 12:20,18.83,34795.52,"","","",""
M4,1957,10/23/2023 12:25,18.87,26644.48,"","","",""
M4,1958,10/23/2023 12:30,19.3,1740.16,"","","",""
M4,1959,10/23/2023 12:35,18.96,36505.6,"","","",""
M4,1960,10/23/2023 12:40,18.96,38901.76,"","","",""
M4,1961,10/23/2023 12:45,18.92,45015.04,"","","",""
M4,1962,10/23/2023 12:50,18.79,29470.72,"","","",""
M4,1963,10/23/2023 12:55,19.09,37160.96,"","","",""
M4,1964,10/23/2023 13:00,19.09,54927.36,"","","",""
M4,1965,10/23/2023 13:05,18.92,33198.08,"","","",""
M4,1966,10/23/2023 13:10,19.05,42639.36,"","","",""
M4,1967,10/23/2023 13:15,18.87,38563.84,"","","",""
M4,1968,10/23/2023 13:20,18.87,30535.68,"","","",""
M4,1969,10/23/2023 13:25,18.92,36362.24,"","","",""
M4,1970,10/23/2023 13:30,18.87,30085.12,"","","",""
M4,1971,10/23/2023 13:35,18.87,41482.24,"","","",""
M4,1972,10/23/2023 13:40,18.92,53166.08,"","","",""
M4,1973,10/23/2023 13:45,18.87,53841.92,"","","",""
M4,1974,10/23/2023 13:50,18.79,36966.4,"","","",""
M4,1975,10/23/2023 13:55,18.83,32245.76,"","","",""
M4,1976,10/23/2023 14:00,18.83,29798.4,"","","",""
M4,1977,10/23/2023 14:05,18.74,31928.32,"","","",""
M4,1978,10/23/2023 14:10,18.79,37109.76,"","","",""
M4,1979,10/23/2023 14:15,18.7,20761.6,"","","",""
M4,1980,10/23/2023 14:20,18.7,41390.08,"","","",""
M4,1981,10/23/2023 14:25,18.74,31836.16,"","","",""
M4,1982,10/23/2023 14:30,18.66,28579.84,"","","",""
M4,1983,10/23/2023 14:35,18.62,23869.44,"","","",""
M4,1984,10/23/2023 14:40,18.57,35491.84,"","","",""
M4,1985,10/23/2023 14:45,18.49,30689.28,"","","",""
M4,1986,10/23/2023 14:50,18.49,24565.76,"","","",""
M4,1987,10/23/2023 14:55,18.49,23982.08,"","","",""
M4,1988,10/23/2023 15:00,18.49,22272,"","","",""
M4,1989,10/23/2023 15:05,18.44,32020.48,"","","",""
M4,1990,10/23/2023 15:10,18.4,20592.64,"","","",""
M4,1991,10/23/2023 15:15,18.4,20695.04,"","","",""
M4,1992,10/23/2023 15:20,18.32,20751.36,"","","",""
M4,1993,10/23/2023 15:25,18.27,15421.44,"","","",""
M4,1994,10/23/2023 15:30,18.19,18478.08,"","","",""
M4,1995,10/23/2023 15:35,18.23,22374.4,"","","",""
M4,1996,10/23/2023 15:40,18.19,23439.36,"","","",""
M4,1997,10/23/2023 15:45,18.1,16394.24,"","","",""
M4,1998,10/23/2023 15:50,18.06,13265.92,"","","",""
M4,1999,10/23/2023 15:55,17.97,21729.28,"","","",""
M4,2000,10/23/2023 16:00,18.06,16716.8,"","","",""
M4,2001,10/23/2023 16:05,17.97,12149.76,"","","",""
M4,2002,10/23/2023 16:10,17.97,11361.28,"","","",""
M4,2003,10/23/2023 16:15,17.93,13711.36,"","","",""
M4,2004,10/23/2023 16:20,17.84,8670.72,"","","",""
M4,2005,10/23/2023 16:25,17.76,12032,"","","",""
M4,2006,10/23/2023 16:30,17.72,11048.96,"","","",""
M4,2007,10/23/2023 16:35,17.76,8243.2,"","","",""
M4,2008,10/23/2023 16:40,17.67,5998.08,"","","",""
M4,2009,10/23/2023 16:45,17.72,9105.92,"","","",""
M4,2010,10/23/2023 16:50,17.59,7557.12,"","","",""
M4,2011,10/23/2023 16:55,17.59,8314.88,"","","",""
M4,2012,10/23/2023 17:00,17.54,5985.28,"","","",""
M4,2013,10/23/2023 17:05,17.46,6008.32,"","","",""
M4,2014,10/23/2023 17:10,17.41,5852.16,"","","",""
M4,2015,10/23/2023 17:15,17.46,4954.88,"","","",""
M4,2016,10/23/2023 17:20,17.46,4090.88,"","","",""
M4,2017,10/23/2023 17:25,17.46,2841.6,"","","",""
M4,2018,10/23/2023 17:30,17.46,2885.12,"","","",""
M4,2019,10/23/2023 17:35,17.46,2400.64,"","","",""
M4,2020,10/23/2023 17:40,17.5,1641.6,"","","",""
M4,2021,10/23/2023 17:45,17.5,1624.96,"","","",""
M4,2022,10/23/2023 17:50,17.54,1253.76,"","","",""
M4,2023,10/23/2023 17:55,17.5,956.8,"","","",""
M4,2024,10/23/2023 18:00,17.54,632.16,"","","",""
M4,2025,10/23/2023 18:05,17.54,443.36,"","","",""
M4,2026,10/23/2023 18:10,17.54,291.12,"","","",""
M4,2027,10/23/2023 18:15,17.54,158.36,"","","",""
M4,2028,10/23/2023 18:20,17.63,64.56,"","","",""
M4,2029,10/23/2023 18:25,17.59,21.26,"","","",""
M4,2030,10/23/2023 18:30,17.63,6.78,"","","",""
M4,2031,10/23/2023 18:35,17.63,1.31,"","","",""
M4,2032,10/23/2023 18:40,17.67,0.43,"","","",""
M4,2033,10/23/2023 18:45,17.63,0,"","","",""
M4,2034,10/23/2023 18:50,17.67,0,"","","",""
M4,2035,10/23/2023 18:55,17.67,0,"","","",""
M4,2036,10/23/2023 19:00,17.72,0,"","","",""
M4,2037,10/23/2023 19:05,17.72,0,"","","",""
M4,2038,10/23/2023 19:10,17.72,0,"","","",""
M4,2039,10/23/2023 19:15,17.67,0,"","","",""
M4,2040,10/23/2023 19:20,17.72,0,"","","",""
M4,2041,10/23/2023 19:25,17.72,0,"","","",""
M4,2042,10/23/2023 19:30,17.72,0,"","","",""
M4,2043,10/23/2023 19:35,17.76,0,"","","",""
M4,2044,10/23/2023 19:40,17.76,0,"","","",""
M4,2045,10/23/2023 19:45,17.72,0,"","","",""
M4,2046,10/23/2023 19:50,17.72,0,"","","",""
M4,2047,10/23/2023 19:55,17.76,0,"","","",""
M4,2048,10/23/2023 20:00,17.72,0,"","","",""
M4,2049,10/23/2023 20:05,17.76,0,"","","",""
M4,2050,10/23/2023 20:10,17.76,0,"","","",""
M4,2051,10/23/2023 20:15,17.72,0,"","","",""
M4,2052,10/23/2023 20:20,17.72,0,"","","",""
M4,2053,10/23/2023 20:25,17.72,0,"","","",""
M4,2054,10/23/2023 20:30,17.67,0,"","","",""
M4,2055,10/23/2023 20:35,17.72,0,"","","",""
M4,2056,10/23/2023 20:40,17.72,0,"","","",""
M4,2057,10/23/2023 20:45,17.63,0,"","","",""
M4,2058,10/23/2023 20:50,17.67,0,"","","",""
M4,2059,10/23/2023 20:55,17.63,0,"","","",""
M4,2060,10/23/2023 21:00,17.63,0,"","","",""
M4,2061,10/23/2023 21:05,17.59,0,"","","",""
M4,2062,10/23/2023 21:10,17.63,0,"","","",""
M4,2063,10/23/2023 21:15,17.63,0.21,"","","",""
M4,2064,10/23/2023 21:20,17.63,0,"","","",""
M4,2065,10/23/2023 21:25,17.63,0,"","","",""
M4,2066,10/23/2023 21:30,17.59,0,"","","",""
M4,2067,10/23/2023 21:35,17.54,0,"","","",""
M4,2068,10/23/2023 21:40,17.54,0,"","","",""
M4,2069,10/23/2023 21:45,17.54,0,"","","",""
M4,2070,10/23/2023 21:50,17.54,0,"","","",""
M4,2071,10/23/2023 21:55,17.59,0,"","","",""
M4,2134,10/24/2023 3:10,17.8,0,"","","",""
M4,2135,10/24/2023 3:15,17.76,0,"","","",""
M4,2136,10/24/2023 3:20,17.76,0,"","","",""
M4,2137,10/24/2023 3:25,17.76,0,"","","",""
M4,2138,10/24/2023 3:30,17.76,0,"","","",""
M4,2139,10/24/2023 3:35,17.72,0.21,"","","",""
M4,2140,10/24/2023 3:40,17.76,0,"","","",""
M4,2141,10/24/2023 3:45,17.72,0,"","","",""
M4,2142,10/24/2023 3:50,17.72,0,"","","",""
M4,2143,10/24/2023 3:55,17.72,0,"","","",""
M4,2144,10/24/2023 4:00,17.72,0,"","","",""
M4,2145,10/24/2023 4:05,17.76,0,"","","",""
M4,2146,10/24/2023 4:10,17.76,0,"","","",""
M4,2147,10/24/2023 4:15,17.72,0,"","","",""
M4,2148,10/24/2023 4:20,17.76,0,"","","",""
M4,2149,10/24/2023 4:25,17.76,0,"","","",""
M4,2150,10/24/2023 4:30,17.8,0,"","","",""
M4,2151,10/24/2023 4:35,17.76,0,"","","",""
M4,2152,10/24/2023 4:40,17.84,0,"","","",""
M4,2153,10/24/2023 4:45,17.72,0,"","","",""
M4,2154,10/24/2023 4:50,17.8,0,"","","",""
M4,2155,10/24/2023 4:55,17.76,0,"","","",""
M4,2156,10/24/2023 5:00,17.76,0,"","","",""
M4,2157,10/24/2023 5:05,17.8,0,"","","",""
M4,2158,10/24/2023 5:10,17.72,0,"","","",""
M4,2159,10/24/2023 5:15,17.76,0,"","","",""
M4,2160,10/24/2023 5:20,17.76,0,"","","",""
M4,2161,10/24/2023 5:25,17.76,0,"","","",""
M4,2162,10/24/2023 5:30,17.76,0,"","","",""
M4,2163,10/24/2023 5:35,17.76,0,"","","",""
M4,2164,10/24/2023 5:40,17.8,0,"","","",""
M4,2165,10/24/2023 5:45,17.8,0,"","","",""
M4,2166,10/24/2023 5:50,17.72,0,"","","",""
M4,2167,10/24/2023 5:55,17.76,0,"","","",""
M4,2168,10/24/2023 6:00,17.8,0,"","","",""
M4,2169,10/24/2023 6:05,17.8,0,"","","",""
M4,2170,10/24/2023 6:10,17.8,0,"","","",""
M4,2171,10/24/2023 6:15,17.8,0,"","","",""
M4,2172,10/24/2023 6:20,17.8,0,"","","",""
M4,2173,10/24/2023 6:25,17.8,0,"","","",""
M4,2174,10/24/2023 6:30,17.8,0.21,"","","",""
M4,2175,10/24/2023 6:35,17.8,0.21,"","","",""
M4,2176,10/24/2023 6:40,17.8,1.31,"","","",""
M4,2177,10/24/2023 6:45,17.84,6.34,"","","",""
M4,2178,10/24/2023 6:50,17.8,18.85,"","","",""
M4,2179,10/24/2023 6:55,17.8,54.82,"","","",""
M4,2180,10/24/2023 7:00,17.8,140.72,"","","",""
M4,2181,10/24/2023 7:05,17.84,272.72,"","","",""
M4,2182,10/24/2023 7:10,17.84,358.88,"","","",""
M4,2183,10/24/2023 7:15,17.84,521.28,"","","",""
M4,2184,10/24/2023 7:20,17.8,741.44,"","","",""
M4,2185,10/24/2023 7:25,17.89,1136.32,"","","",""
M4,2186,10/24/2023 7:30,17.84,1634.56,"","","",""
M4,2187,10/24/2023 7:35,17.84,1641.6,"","","",""
M4,2188,10/24/2023 7:40,17.89,2451.2,"","","",""
M4,2189,10/24/2023 7:45,17.84,1819.52,"","","",""
M4,2190,10/24/2023 7:50,17.84,2619.52,"","","",""
M4,2191,10/24/2023 7:55,17.89,3034.88,"","","",""
M4,2192,10/24/2023 8:00,17.89,2822.4,"","","",""
M4,2193,10/24/2023 8:05,17.89,3750.4,"","","",""
M4,2194,10/24/2023 8:10,17.89,3284.48,"","","",""
M4,2195,10/24/2023 8:15,17.93,4682.24,"","","",""
M4,2196,10/24/2023 8:20,17.89,4387.84,"","","",""
M4,2197,10/24/2023 8:25,17.93,5713.92,"","","",""
M4,2198,10/24/2023 8:30,17.93,7564.8,"","","",""
M4,2199,10/24/2023 8:35,17.97,5890.56,"","","",""
M4,2200,10/24/2023 8:40,17.84,4647.68,"","","",""
M4,2201,10/24/2023 8:45,18.02,6507.52,"","","",""
M4,2202,10/24/2023 8:50,18.1,16317.44,"","","",""
M4,2203,10/24/2023 8:55,18.19,18769.92,"","","",""
M4,2204,10/24/2023 9:00,18.14,13895.68,"","","",""
M4,2205,10/24/2023 9:05,18.19,21432.32,"","","",""
M4,2206,10/24/2023 9:10,18.06,7879.68,"","","",""
M4,2207,10/24/2023 9:15,18.27,13076.48,"","","",""
M4,2208,10/24/2023 9:20,18.32,26613.76,"","","",""
M4,2209,10/24/2023 9:25,18.36,26583.04,"","","",""
M4,2210,10/24/2023 9:30,18.14,4020.48,"","","",""
M4,2211,10/24/2023 9:35,18.49,29050.88,"","","",""
M4,2212,10/24/2023 9:40,18.27,8481.28,"","","",""
M4,2213,10/24/2023 9:45,18.23,10792.96,"","","",""
M4,2214,10/24/2023 9:50,18.57,30863.36,"","","",""
M4,2215,10/24/2023 9:55,18.49,13629.44,"","","",""
M4,2216,10/24/2023 10:00,18.23,6999.04,"","","",""
M4,2217,10/24/2023 10:05,18.19,9162.24,"","","",""
M4,2218,10/24/2023 10:10,18.19,15575.04,"","","",""
M4,2219,10/24/2023 10:15,18.27,11904,"","","",""
M4,2220,10/24/2023 10:20,18.06,8368.64,"","","",""
M4,2221,10/24/2023 10:25,18.44,19962.88,"","","",""
M4,2222,10/24/2023 10:30,18.62,30279.68,"","","",""
M4,2223,10/24/2023 10:35,18.74,29962.24,"","","",""
M4,2224,10/24/2023 10:40,18.57,25466.88,"","","",""
M4,2225,10/24/2023 10:45,19.22,31989.76,"","","",""
M4,2226,10/24/2023 10:50,18.74,21903.36,"","","",""
M4,2227,10/24/2023 10:55,18.87,14955.52,"","","",""
M4,2228,10/24/2023 11:00,18.87,29235.2,"","","",""
M4,2229,10/24/2023 11:05,19.17,20131.84,"","","",""
M4,2230,10/24/2023 11:10,19.43,60887.04,"","","",""
M4,2231,10/24/2023 11:15,19.39,19409.92,"","","",""
M4,2232,10/24/2023 11:20,19.65,35328,"","","",""
M4,2233,10/24/2023 11:25,19.35,7928.32,"","","",""
M4,2234,10/24/2023 11:30,19.26,19210.24,"","","",""
M4,2235,10/24/2023 11:35,20.37,39731.2,"","","",""
M4,2236,10/24/2023 11:40,21.1,86630.4,"","","",""
M4,2237,10/24/2023 11:45,20.63,31866.88,"","","",""
M4,2238,10/24/2023 11:50,21.06,80957.44,"","","",""
M4,2239,10/24/2023 11:55,21.06,72232.96,"","","",""
M4,2240,10/24/2023 12:00,21.28,17474.56,"","","",""
M4,2241,10/24/2023 12:05,21.32,76738.56,"","","",""
M4,2242,10/24/2023 12:10,21.7,61050.88,"","","",""
M4,2243,10/24/2023 12:15,21.58,77414.4,"","","",""
M4,2244,10/24/2023 12:20,21.32,65105.92,"","","",""
M4,2245,10/24/2023 12:25,21.15,51261.44,"","","",""
M4,2246,10/24/2023 12:30,21.58,62976,"","","",""
M4,2247,10/24/2023 12:35,21.88,17879.04,"","","",""
M4,2248,10/24/2023 12:40,22.09,5478.4,"","","",""
M4,2249,10/24/2023 12:45,21.4,75776,"","","",""
M4,2250,10/24/2023 12:50,21.88,67973.12,"","","",""
M4,2251,10/24/2023 12:55,20.72,41011.2,"","","",""
M4,2252,10/24/2023 13:00,21.23,64491.52,"","","",""
M4,2253,10/24/2023 13:05,22.35,41912.32,"","","",""
M4,2254,10/24/2023 13:10,22.09,55603.2,"","","",""
M4,2255,10/24/2023 13:15,21.7,22241.28,"","","",""
M4,2256,10/24/2023 13:20,22.13,37468.16,"","","",""
M4,2257,10/24/2023 13:25,22.43,40325.12,"","","",""
M4,2258,10/24/2023 13:30,22.39,11673.6,"","","",""
M4,2259,10/24/2023 13:35,21.53,58941.44,"","","",""
M4,2260,10/24/2023 13:40,21.7,32163.84,"","","",""
M4,2261,10/24/2023 13:45,21.79,29040.64,"","","",""
M4,2262,10/24/2023 13:50,21.96,71127.04,"","","",""
M4,2263,10/24/2023 13:55,21.45,35665.92,"","","",""
M4,2264,10/24/2023 14:00,21.62,33423.36,"","","",""
M4,2265,10/24/2023 14:05,21.66,40581.12,"","","",""
M4,2266,10/24/2023 14:10,21.36,55296,"","","",""
M4,2267,10/24/2023 14:15,21.23,23367.68,"","","",""
M4,2268,10/24/2023 14:20,21.1,16025.6,"","","",""
M4,2269,10/24/2023 14:25,20.76,41216,"","","",""
M4,2270,10/24/2023 14:30,20.72,69754.88,"","","",""
M4,2271,10/24/2023 14:35,20.76,15682.56,"","","",""
M4,2272,10/24/2023 14:40,20.76,35809.28,"","","",""
M4,2273,10/24/2023 14:45,20.8,24166.4,"","","",""
M4,2274,10/24/2023 14:50,20.5,33996.8,"","","",""
M4,2275,10/24/2023 14:55,20.25,19875.84,"","","",""
M4,2276,10/24/2023 15:00,20.03,14499.84,"","","",""
M4,2277,10/24/2023 15:05,20.33,22128.64,"","","",""
M4,2278,10/24/2023 15:10,20.25,16793.6,"","","",""
M4,2279,10/24/2023 15:15,20.16,21821.44,"","","",""
M4,2280,10/24/2023 15:20,20.16,26972.16,"","","",""
M4,2281,10/24/2023 15:25,20.12,20664.32,"","","",""
M4,2282,10/24/2023 15:30,20.2,26644.48,"","","",""
M4,2283,10/24/2023 15:35,20.12,18887.68,"","","",""
M4,2284,10/24/2023 15:40,20.07,22568.96,"","","",""
M4,2285,10/24/2023 15:45,20.03,11934.72,"","","",""
M4,2286,10/24/2023 15:50,20.03,27893.76,"","","",""
M4,2287,10/24/2023 15:55,19.99,15907.84,"","","",""
M4,2288,10/24/2023 16:00,20.03,13255.68,"","","",""
M4,2289,10/24/2023 16:05,19.95,16220.16,"","","",""
M4,2290,10/24/2023 16:10,19.99,11407.36,"","","",""
M4,2291,10/24/2023 16:15,19.95,16071.68,"","","",""
M4,2292,10/24/2023 16:20,19.95,13921.28,"","","",""
M4,2293,10/24/2023 16:25,19.9,15774.72,"","","",""
M4,2294,10/24/2023 16:30,19.77,12656.64,"","","",""
M4,2295,10/24/2023 16:35,19.82,12016.64,"","","",""
M4,2296,10/24/2023 16:40,19.56,5752.32,"","","",""
M4,2297,10/24/2023 16:45,19.69,7536.64,"","","",""
M4,2298,10/24/2023 16:50,19.56,5312,"","","",""
M4,2299,10/24/2023 16:55,19.69,9392.64,"","","",""
M4,2300,10/24/2023 17:00,19.65,6356.48,"","","",""
M4,2301,10/24/2023 17:05,19.73,7808,"","","",""
M4,2302,10/24/2023 17:10,19.69,6794.24,"","","",""
M4,2303,10/24/2023 17:15,19.65,4377.6,"","","",""
M4,2304,10/24/2023 17:20,19.6,6274.56,"","","",""
M4,2305,10/24/2023 17:25,19.6,4244.48,"","","",""
M4,2306,10/24/2023 17:30,19.56,3001.6,"","","",""
M4,2307,10/24/2023 17:35,19.47,2157.44,"","","",""
M4,2308,10/24/2023 17:40,19.47,2118.4,"","","",""
M4,2309,10/24/2023 17:45,19.39,1507.2,"","","",""
M4,2310,10/24/2023 17:50,19.43,1232.64,"","","",""
M4,2311,10/24/2023 17:55,19.43,1045.44,"","","",""
M4,2312,10/24/2023 18:00,19.43,751.04,"","","",""
M4,2313,10/24/2023 18:05,19.39,485.44,"","","",""
M4,2314,10/24/2023 18:10,19.39,271.84,"","","",""
M4,2315,10/24/2023 18:15,19.39,128.36,"","","",""
M4,2316,10/24/2023 18:20,19.35,51.76,"","","",""
M4,2317,10/24/2023 18:25,19.35,17.97,"","","",""
M4,2318,10/24/2023 18:30,19.35,5.47,"","","",""
M4,2319,10/24/2023 18:35,19.3,1.75,"","","",""
M4,2320,10/24/2023 18:40,19.26,0.43,"","","",""
M4,2321,10/24/2023 18:45,19.3,0,"","","",""
M4,2322,10/24/2023 18:50,19.3,0,"","","",""
M4,2323,10/24/2023 18:55,19.26,0,"","","",""
M4,2324,10/24/2023 19:00,19.3,0,"","","",""
M4,2325,10/24/2023 19:05,19.26,0,"","","",""
M4,2326,10/24/2023 19:10,19.26,0,"","","",""
M4,2327,10/24/2023 19:15,19.26,0,"","","",""
M4,2328,10/24/2023 19:20,19.26,0,"","","",""
M4,2329,10/24/2023 19:25,19.26,0,"","","",""
M4,2330,10/24/2023 19:30,19.3,0,"","","",""
M4,2331,10/24/2023 19:35,19.26,0,"","","",""
M4,2332,10/24/2023 19:40,19.26,0,"","","",""
M4,2333,10/24/2023 19:45,19.26,0,"","","",""
M4,2334,10/24/2023 19:50,19.3,0,"","","",""
M4,2335,10/24/2023 19:55,19.3,0,"","","",""
M4,2336,10/24/2023 20:00,19.26,0,"","","",""
M4,2337,10/24/2023 20:05,19.22,0,"","","",""
M4,2338,10/24/2023 20:10,19.26,0,"","","",""
M4,2339,10/24/2023 20:15,19.26,0,"","","",""
M4,2340,10/24/2023 20:20,19.3,0,"","","",""
M4,2341,10/24/2023 20:25,19.26,0,"","","",""
M4,2342,10/24/2023 20:30,19.3,0,"","","",""
M4,2343,10/24/2023 20:35,19.26,0,"","","",""
M4,2344,10/24/2023 20:40,19.3,0,"","","",""
M4,2345,10/24/2023 20:45,19.3,0,"","","",""
M4,2346,10/24/2023 20:50,19.22,0,"","","",""
M4,2347,10/24/2023 20:55,19.3,0,"","","",""
M4,2348,10/24/2023 21:00,19.26,0,"","","",""
M4,2349,10/24/2023 21:05,19.26,0,"","","",""
M4,2350,10/24/2023 21:10,19.26,0,"","","",""
M4,2351,10/24/2023 21:15,19.3,0,"","","",""
M4,2352,10/24/2023 21:20,19.26,0,"","","",""
M4,2353,10/24/2023 21:25,19.26,0,"","","",""
M4,2354,10/24/2023 21:30,19.26,0,"","","",""
M4,2355,10/24/2023 21:35,19.22,0,"","","",""
M4,2356,10/24/2023 21:40,19.22,0,"","","",""
M4,2357,10/24/2023 21:45,19.17,0,"","","",""
M4,2358,10/24/2023 21:50,19.13,0.21,"","","",""
M4,2359,10/24/2023 21:55,19.09,0,"","","",""
M4,2360,10/24/2023 22:00,19.13,0,"","","",""
M4,2361,10/24/2023 22:05,19.13,0,"","","",""
M4,2362,10/24/2023 22:10,19.09,0,"","","",""
M4,2363,10/24/2023 22:15,19.09,0,"","","",""
M4,2364,10/24/2023 22:20,19.05,0,"","","",""
M4,2365,10/24/2023 22:25,19.09,0,"","","",""
M4,2366,10/24/2023 22:30,19.05,0,"","","",""
M4,2367,10/24/2023 22:35,19,0,"","","",""
M4,2368,10/24/2023 22:40,19.05,0,"","","",""
M4,2369,10/24/2023 22:45,18.96,0,"","","",""
M4,2430,10/25/2023 3:50,19.13,0,"","","",""
M4,2431,10/25/2023 3:55,19.17,0.21,"","","",""
M4,2432,10/25/2023 4:00,19.13,0,"","","",""
M4,2433,10/25/2023 4:05,19.17,0,"","","",""
M4,2434,10/25/2023 4:10,19.17,0,"","","",""
M4,2435,10/25/2023 4:15,19.17,0,"","","",""
M4,2436,10/25/2023 4:20,19.17,0,"","","",""
M4,2437,10/25/2023 4:25,19.17,0,"","","",""
M4,2438,10/25/2023 4:30,19.22,0,"","","",""
M4,2439,10/25/2023 4:35,19.22,0,"","","",""
M4,2440,10/25/2023 4:40,19.26,0,"","","",""
M4,2441,10/25/2023 4:45,19.22,0,"","","",""
M4,2442,10/25/2023 4:50,19.17,0,"","","",""
M4,2443,10/25/2023 4:55,19.22,0,"","","",""
M4,2444,10/25/2023 5:00,19.22,0,"","","",""
M4,2445,10/25/2023 5:05,19.22,0,"","","",""
M4,2446,10/25/2023 5:10,19.26,0,"","","",""
M4,2447,10/25/2023 5:15,19.22,0,"","","",""
M4,2448,10/25/2023 5:20,19.22,0,"","","",""
M4,2449,10/25/2023 5:25,19.26,0,"","","",""
M4,2450,10/25/2023 5:30,19.26,0,"","","",""
M4,2451,10/25/2023 5:35,19.3,0,"","","",""
M4,2452,10/25/2023 5:40,19.3,0,"","","",""
M4,2453,10/25/2023 5:45,19.3,0,"","","",""
M4,2454,10/25/2023 5:50,19.3,0,"","","",""
M4,2455,10/25/2023 5:55,19.3,0,"","","",""
M4,2456,10/25/2023 6:00,19.3,0,"","","",""
M4,2457,10/25/2023 6:05,19.26,0,"","","",""
M4,2458,10/25/2023 6:10,19.35,0,"","","",""
M4,2459,10/25/2023 6:15,19.3,0,"","","",""
M4,2460,10/25/2023 6:20,19.3,0,"","","",""
M4,2461,10/25/2023 6:25,19.3,0,"","","",""
M4,2462,10/25/2023 6:30,19.3,0,"","","",""
M4,2463,10/25/2023 6:35,19.39,0,"","","",""
M4,2464,10/25/2023 6:40,19.35,0.21,"","","",""
M4,2465,10/25/2023 6:45,19.35,0.65,"","","",""
M4,2466,10/25/2023 6:50,19.35,2.62,"","","",""
M4,2467,10/25/2023 6:55,19.39,7.44,"","","",""
M4,2468,10/25/2023 7:00,19.39,15.32,"","","",""
M4,2469,10/25/2023 7:05,19.3,19.07,"","","",""
M4,2470,10/25/2023 7:10,19.39,60.58,"","","",""
M4,2471,10/25/2023 7:15,19.35,91.36,"","","",""
M4,2472,10/25/2023 7:20,19.3,133.64,"","","",""
M4,2473,10/25/2023 7:25,19.3,199.6,"","","",""
M4,2474,10/25/2023 7:30,19.35,334.24,"","","",""
M4,2475,10/25/2023 7:35,19.3,463.36,"","","",""
M4,2476,10/25/2023 7:40,19.35,572.64,"","","",""
M4,2477,10/25/2023 7:45,19.35,703.36,"","","",""
M4,2478,10/25/2023 7:50,19.3,929.6,"","","",""
M4,2479,10/25/2023 7:55,19.35,1432.32,"","","",""
M4,2480,10/25/2023 8:00,19.35,1438.08,"","","",""
M4,2481,10/25/2023 8:05,19.39,1726.72,"","","",""
M4,2482,10/25/2023 8:10,19.39,1891.2,"","","",""
M4,2483,10/25/2023 8:15,19.39,2358.4,"","","",""
M4,2484,10/25/2023 8:20,19.43,2595.2,"","","",""
M4,2485,10/25/2023 8:25,19.43,2704.64,"","","",""
M4,2486,10/25/2023 8:30,19.39,2200.96,"","","",""
M4,2487,10/25/2023 8:35,19.43,2510.72,"","","",""
M4,2488,10/25/2023 8:40,19.43,2698.24,"","","",""
M4,2489,10/25/2023 8:45,19.39,3464.96,"","","",""
M4,2490,10/25/2023 8:50,19.47,3484.16,"","","",""
M4,2491,10/25/2023 8:55,19.43,3617.28,"","","",""
M4,2492,10/25/2023 9:00,19.47,3482.88,"","","",""
M4,2493,10/25/2023 9:05,19.47,4163.84,"","","",""
M4,2494,10/25/2023 9:10,19.39,3904,"","","",""
M4,2495,10/25/2023 9:15,19.47,4293.12,"","","",""
M4,2496,10/25/2023 9:20,19.47,4776.96,"","","",""
M4,2497,10/25/2023 9:25,19.43,4881.92,"","","",""
M4,2498,10/25/2023 9:30,19.47,5701.12,"","","",""
M4,2499,10/25/2023 9:35,19.47,6190.08,"","","",""
M4,2500,10/25/2023 9:40,19.47,5214.72,"","","",""
M4,2501,10/25/2023 9:45,19.47,5808.64,"","","",""
M4,2502,10/25/2023 9:50,19.47,5895.68,"","","",""
M4,2503,10/25/2023 9:55,19.47,6241.28,"","","",""
M4,2504,10/25/2023 10:00,19.52,6840.32,"","","",""
M4,2505,10/25/2023 10:05,19.52,7098.88,"","","",""
M4,2506,10/25/2023 10:10,19.52,7851.52,"","","",""
M4,2507,10/25/2023 10:15,19.56,7052.8,"","","",""
M4,2508,10/25/2023 10:20,19.56,7319.04,"","","",""
M4,2509,10/25/2023 10:25,19.6,8629.76,"","","",""
M4,2510,10/25/2023 10:30,19.6,8993.28,"","","",""
M4,2511,10/25/2023 10:35,19.65,9146.88,"","","",""
M4,2512,10/25/2023 10:40,19.69,9049.6,"","","",""
M4,2513,10/25/2023 10:45,19.65,9966.08,"","","",""
M4,2514,10/25/2023 10:50,19.73,10086.4,"","","",""
M4,2515,10/25/2023 10:55,19.77,12999.68,"","","",""
M4,2516,10/25/2023 11:00,19.82,13501.44,"","","",""
M4,2517,10/25/2023 11:05,19.95,17894.4,"","","",""
M4,2518,10/25/2023 11:10,20.03,13045.76,"","","",""
M4,2519,10/25/2023 11:15,20.16,15784.96,"","","",""
M4,2520,10/25/2023 11:20,20.29,25118.72,"","","",""
M4,2521,10/25/2023 11:25,20.16,22814.72,"","","",""
M4,2522,10/25/2023 11:30,20.25,22917.12,"","","",""
M4,2523,10/25/2023 11:35,20.37,14013.44,"","","",""
M4,2524,10/25/2023 11:40,20.55,8271.36,"","","",""
M4,2525,10/25/2023 11:45,20.76,18104.32,"","","",""
M4,2526,10/25/2023 11:50,20.72,30310.4,"","","",""
M4,2527,10/25/2023 11:55,20.72,18421.76,"","","",""
M4,2528,10/25/2023 12:00,20.8,27934.72,"","","",""
M4,2565,10/25/2023 15:05,24.24,80097.28,"","","",""
M4,2566,10/25/2023 15:10,21.96,8012.8,"","","",""
M4,2567,10/25/2023 15:15,22.39,29153.28,"","","",""
M4,2568,10/25/2023 15:20,21.15,5204.48,"","","",""
M4,2569,10/25/2023 15:25,23.42,18631.68,"","","",""
M4,2570,10/25/2023 15:30,23.12,41799.68,"","","",""
M4,2571,10/25/2023 15:35,23.51,60211.2,"","","",""
M4,2572,10/25/2023 15:40,22.18,24596.48,"","","",""
M4,2573,10/25/2023 15:45,22.09,17167.36,"","","",""
M4,2574,10/25/2023 15:50,22.22,54845.44,"","","",""
M4,2575,10/25/2023 15:55,22.13,31057.92,"","","",""
M4,2576,10/25/2023 16:00,21.62,15242.24,"","","",""
M4,2577,10/25/2023 16:05,21.62,16117.76,"","","",""
M4,2578,10/25/2023 16:10,21.36,28866.56,"","","",""
M4,2579,10/25/2023 16:15,21.02,14827.52,"","","",""
M4,2580,10/25/2023 16:20,21.19,15836.16,"","","",""
M4,2581,10/25/2023 16:25,20.8,8501.76,"","","",""
M4,2582,10/25/2023 16:30,20.68,8181.76,"","","",""
M4,2583,10/25/2023 16:35,20.59,9267.2,"","","",""
M4,2584,10/25/2023 16:40,20.55,11924.48,"","","",""
M4,2585,10/25/2023 16:45,20.63,10741.76,"","","",""
M4,2586,10/25/2023 16:50,20.55,8545.28,"","","",""
M4,2587,10/25/2023 16:55,20.5,9610.24,"","","",""
M4,2588,10/25/2023 17:00,20.42,7528.96,"","","",""
M4,2589,10/25/2023 17:05,20.42,5703.68,"","","",""
M4,2590,10/25/2023 17:10,20.33,5059.84,"","","",""
M4,2591,10/25/2023 17:15,20.33,3361.28,"","","",""
M4,2592,10/25/2023 17:20,20.29,2987.52,"","","",""
M4,2593,10/25/2023 17:25,20.25,4545.28,"","","",""
M4,2594,10/25/2023 17:30,20.16,3022.08,"","","",""
M4,2595,10/25/2023 17:35,20.2,2493.44,"","","",""
M4,2596,10/25/2023 17:40,20.16,2384.64,"","","",""
M4,2597,10/25/2023 17:45,20.12,1575.68,"","","",""
M4,2598,10/25/2023 17:50,20.12,1299.2,"","","",""
M4,2599,10/25/2023 17:55,20.12,1051.52,"","","",""
M4,2600,10/25/2023 18:00,20.16,585.76,"","","",""
M4,2601,10/25/2023 18:05,20.12,427.68,"","","",""
M4,2602,10/25/2023 18:10,20.07,238.32,"","","",""
M4,2603,10/25/2023 18:15,20.07,102.88,"","","",""
M4,2604,10/25/2023 18:20,20.12,45.14,"","","",""
M4,2605,10/25/2023 18:25,20.12,15.54,"","","",""
M4,2606,10/25/2023 18:30,20.12,4.81,"","","",""
M4,2607,10/25/2023 18:35,20.07,1.09,"","","",""
M4,2608,10/25/2023 18:40,20.07,0.21,"","","",""
M4,2609,10/25/2023 18:45,20.12,0,"","","",""
M4,2610,10/25/2023 18:50,20.07,0,"","","",""
M4,2611,10/25/2023 18:55,20.12,0,"","","",""
M4,2612,10/25/2023 19:00,20.12,0,"","","",""
M4,2613,10/25/2023 19:05,20.12,0,"","","",""
M4,2614,10/25/2023 19:10,20.12,0,"","","",""
M4,2615,10/25/2023 19:15,20.12,0,"","","",""
M4,2616,10/25/2023 19:20,20.12,0,"","","",""
M4,2617,10/25/2023 19:25,20.07,0,"","","",""
M4,2618,10/25/2023 19:30,20.07,0,"","","",""
M4,2619,10/25/2023 19:35,20.16,0,"","","",""
M4,2620,10/25/2023 19:40,20.07,0,"","","",""
M4,2621,10/25/2023 19:45,20.07,0,"","","",""
M4,2622,10/25/2023 19:50,20.07,0,"","","",""
M4,2623,10/25/2023 19:55,20.12,0,"","","",""
M4,2624,10/25/2023 20:00,20.07,0,"","","",""
M4,2625,10/25/2023 20:05,20.07,0,"","","",""
M4,2626,10/25/2023 20:10,20.07,0,"","","",""
M4,2627,10/25/2023 20:15,20.07,0,"","","",""
M4,2628,10/25/2023 20:20,20.07,0,"","","",""
M4,2629,10/25/2023 20:25,20.03,0,"","","",""
M4,2630,10/25/2023 20:30,20.07,0,"","","",""
M4,2631,10/25/2023 20:35,20.07,0,"","","",""
M4,2632,10/25/2023 20:40,20.03,0,"","","",""
M4,2633,10/25/2023 20:45,20.03,0,"","","",""
M4,2634,10/25/2023 20:50,20.03,0,"","","",""
M4,2635,10/25/2023 20:55,20.07,0,"","","",""
M4,2636,10/25/2023 21:00,20.03,0,"","","",""
M4,2637,10/25/2023 21:05,20.03,0,"","","",""
M4,2638,10/25/2023 21:10,19.99,0,"","","",""
M4,2639,10/25/2023 21:15,20.03,0,"","","",""
M4,2640,10/25/2023 21:20,20.03,0,"","","",""
M4,2641,10/25/2023 21:25,20.07,0,"","","",""
M4,2642,10/25/2023 21:30,20.07,0,"","","",""
M4,2643,10/25/2023 21:35,20.03,0,"","","",""
M4,2644,10/25/2023 21:40,20.07,0,"","","",""
M4,2645,10/25/2023 21:45,20.03,0,"","","",""
M4,2646,10/25/2023 21:50,20.03,0,"","","",""
M4,2647,10/25/2023 21:55,20.03,0,"","","",""
M4,2648,10/25/2023 22:00,20.03,0,"","","",""
M4,2649,10/25/2023 22:05,20.03,0,"","","",""
M4,2650,10/25/2023 22:10,20.03,0.21,"","","",""
M4,2651,10/25/2023 22:15,20.03,0,"","","",""
M4,2652,10/25/2023 22:20,19.99,0,"","","",""
M4,2653,10/25/2023 22:25,19.95,0,"","","",""
M4,2654,10/25/2023 22:30,19.95,0,"","","",""
M4,2655,10/25/2023 22:35,19.95,0,"","","",""
M4,2656,10/25/2023 22:40,19.95,0,"","","",""
M4,2657,10/25/2023 22:45,19.9,0,"","","",""
M4,2658,10/25/2023 22:50,19.9,0,"","","",""
M4,2659,10/25/2023 22:55,19.82,0,"","","",""
M4,2660,10/25/2023 23:00,19.82,0,"","","",""
M4,2661,10/25/2023 23:05,19.82,0,"","","",""
M4,2662,10/25/2023 23:10,19.82,0,"","","",""
M4,2663,10/25/2023 23:15,19.69,0,"","","",""
M4,2664,10/25/2023 23:20,19.65,0,"","","",""
M4,2722,10/26/2023 4:10,19.3,0,"","","",""
M4,2723,10/26/2023 4:15,19.35,0.21,"","","",""
M4,2724,10/26/2023 4:20,19.35,0,"","","",""
M4,2725,10/26/2023 4:25,19.35,0,"","","",""
M4,2726,10/26/2023 4:30,19.39,0,"","","",""
M4,2727,10/26/2023 4:35,19.43,0,"","","",""
M4,2728,10/26/2023 4:40,19.47,0,"","","",""
M4,2729,10/26/2023 4:45,19.43,0,"","","",""
M4,2730,10/26/2023 4:50,19.52,0,"","","",""
M4,2731,10/26/2023 4:55,19.47,0,"","","",""
M4,2732,10/26/2023 5:00,19.52,0,"","","",""
M4,2733,10/26/2023 5:05,19.56,0,"","","",""
M4,2734,10/26/2023 5:10,19.52,0,"","","",""
M4,2735,10/26/2023 5:15,19.56,0,"","","",""
M4,2736,10/26/2023 5:20,19.56,0,"","","",""
M4,2737,10/26/2023 5:25,19.56,0,"","","",""
M4,2738,10/26/2023 5:30,19.52,0,"","","",""
M4,2739,10/26/2023 5:35,19.56,0,"","","",""
M4,2740,10/26/2023 5:40,19.6,0,"","","",""
M4,2741,10/26/2023 5:45,19.56,0,"","","",""
M4,2742,10/26/2023 5:50,19.56,0,"","","",""
M4,2743,10/26/2023 5:55,19.56,0,"","","",""
M4,2744,10/26/2023 6:00,19.56,0,"","","",""
M4,2745,10/26/2023 6:05,19.56,0,"","","",""
M4,2746,10/26/2023 6:10,19.6,0,"","","",""
M4,2747,10/26/2023 6:15,19.56,0,"","","",""
M4,2748,10/26/2023 6:20,19.6,0,"","","",""
M4,2749,10/26/2023 6:25,19.52,0,"","","",""
M4,2750,10/26/2023 6:30,19.47,0,"","","",""
M4,2751,10/26/2023 6:35,19.43,0.21,"","","",""
M4,2752,10/26/2023 6:40,19.47,1.75,"","","",""
M4,2753,10/26/2023 6:45,19.39,5.47,"","","",""
M4,2754,10/26/2023 6:50,19.35,18.6,"","","",""
M4,2755,10/26/2023 6:55,19.39,46.94,"","","",""
M4,2756,10/26/2023 7:00,19.3,111.64,"","","",""
M4,2757,10/26/2023 7:05,19.3,212.72,"","","",""
M4,2758,10/26/2023 7:10,19.3,356.96,"","","",""
M4,2759,10/26/2023 7:15,19.22,574.4,"","","",""
M4,2760,10/26/2023 7:20,19.26,737.92,"","","",""
M4,2761,10/26/2023 7:25,19.22,1020.8,"","","",""
M4,2762,10/26/2023 7:30,19.17,1585.28,"","","",""
M4,2763,10/26/2023 7:35,19.22,1703.68,"","","",""
M4,2764,10/26/2023 7:40,19.22,2376.32,"","","",""
M4,2765,10/26/2023 7:45,19.22,2535.68,"","","",""
M4,2766,10/26/2023 7:50,19.26,3006.72,"","","",""
M4,2767,10/26/2023 7:55,19.17,3701.76,"","","",""
M4,2768,10/26/2023 8:00,19.22,4734.72,"","","",""
M4,2769,10/26/2023 8:05,19.26,4864,"","","",""
M4,2770,10/26/2023 8:10,19.22,5962.24,"","","",""
M4,2771,10/26/2023 8:15,19.26,7034.88,"","","",""
M4,2772,10/26/2023 8:20,19.22,4419.84,"","","",""
M4,2773,10/26/2023 8:25,19.22,6026.24,"","","",""
M4,2774,10/26/2023 8:30,19.17,4587.52,"","","",""
M4,2775,10/26/2023 8:35,19.22,7941.12,"","","",""
M4,2776,10/26/2023 8:40,19.26,9651.2,"","","",""
M4,2777,10/26/2023 8:45,19.3,9482.24,"","","",""
M4,2778,10/26/2023 8:50,19.22,11760.64,"","","",""
M4,2779,10/26/2023 8:55,19.13,8832,"","","",""
M4,2780,10/26/2023 9:00,19,6028.8,"","","",""
M4,2781,10/26/2023 9:05,19.22,12984.32,"","","",""
M4,2782,10/26/2023 9:10,19.3,16542.72,"","","",""
M4,2783,10/26/2023 9:15,19.35,15421.44,"","","",""
M4,2784,10/26/2023 9:20,19.3,15400.96,"","","",""
M4,2785,10/26/2023 9:25,19.35,21237.76,"","","",""
M4,2786,10/26/2023 9:30,19.3,24186.88,"","","",""
M4,2787,10/26/2023 9:35,19.43,25487.36,"","","",""
M4,2788,10/26/2023 9:40,19.39,16522.24,"","","",""
M4,2789,10/26/2023 9:45,19.43,16962.56,"","","",""
M4,2790,10/26/2023 9:50,19.39,29440,"","","",""
M4,2791,10/26/2023 9:55,19.43,33003.52,"","","",""
M4,2792,10/26/2023 10:00,19.52,27340.8,"","","",""
M4,2793,10/26/2023 10:05,19.52,32563.2,"","","",""
M4,2794,10/26/2023 10:10,19.56,27781.12,"","","",""
M4,2795,10/26/2023 10:15,19.6,39208.96,"","","",""
M4,2796,10/26/2023 10:20,19.69,22169.6,"","","",""
M4,2797,10/26/2023 10:25,19.82,53923.84,"","","",""
M4,2798,10/26/2023 10:30,19.86,34150.4,"","","",""
M4,2799,10/26/2023 10:35,19.9,18140.16,"","","",""
M4,2800,10/26/2023 10:40,19.99,37509.12,"","","",""
M4,2801,10/26/2023 10:45,20.07,30689.28,"","","",""
M4,2802,10/26/2023 10:50,20.12,51691.52,"","","",""
M4,2803,10/26/2023 10:55,20.42,59535.36,"","","",""
M4,2804,10/26/2023 11:00,20.29,26675.2,"","","",""
M4,2805,10/26/2023 11:05,20.33,36648.96,"","","",""
M4,2806,10/26/2023 11:10,20.76,31109.12,"","","",""
M4,2807,10/26/2023 11:15,21.02,65085.44,"","","",""
M4,2808,10/26/2023 11:20,20.98,34836.48,"","","",""
M4,2809,10/26/2023 11:25,21.1,43397.12,"","","",""
M4,2810,10/26/2023 11:30,21.58,46960.64,"","","",""
M4,2811,10/26/2023 11:35,21.83,47083.52,"","","",""
M4,2812,10/26/2023 11:40,22.09,38717.44,"","","",""
M4,2813,10/26/2023 11:45,22.35,28968.96,"","","",""
M4,2814,10/26/2023 11:50,22.82,43315.2,"","","",""
M4,2815,10/26/2023 11:55,23.21,8558.08,"","","",""
M4,2816,10/26/2023 12:00,23.25,58470.4,"","","",""
M4,2817,10/26/2023 12:05,23.76,69201.92,"","","",""
M4,2818,10/26/2023 12:10,23.81,27043.84,"","","",""
M4,2819,10/26/2023 12:15,23.81,68976.64,"","","",""
M4,2870,10/26/2023 16:30,22.39,42373.12,"","","",""
M4,2871,10/26/2023 16:35,22.99,39557.12,"","","",""
M4,2872,10/26/2023 16:40,22.56,9029.12,"","","",""
M4,2873,10/26/2023 16:45,22.05,36659.2,"","","",""
M4,2874,10/26/2023 16:50,21.49,23009.28,"","","",""
M4,2875,10/26/2023 16:55,21.7,33157.12,"","","",""
M4,2876,10/26/2023 17:00,21.23,7564.8,"","","",""
M4,2877,10/26/2023 17:05,20.33,10227.2,"","","",""
M4,2878,10/26/2023 17:10,20.07,3242.24,"","","",""
M4,2879,10/26/2023 17:15,19.99,3084.8,"","","",""
M4,2880,10/26/2023 17:20,19.99,1319.04,"","","",""
M4,2881,10/26/2023 17:25,19.99,2199.04,"","","",""
M4,2882,10/26/2023 17:30,19.9,2064.64,"","","",""
M4,2883,10/26/2023 17:35,19.86,1660.16,"","","",""
M4,2884,10/26/2023 17:40,19.77,1587.2,"","","",""
M4,2885,10/26/2023 17:45,19.73,1341.44,"","","",""
M4,2886,10/26/2023 17:50,19.73,1069.76,"","","",""
M4,2887,10/26/2023 17:55,19.69,636,"","","",""
M4,2888,10/26/2023 18:00,19.65,383.52,"","","",""
M4,2889,10/26/2023 18:05,19.6,264.8,"","","",""
M4,2890,10/26/2023 18:10,19.56,185.68,"","","",""
M4,2891,10/26/2023 18:15,19.56,93.24,"","","",""
M4,2892,10/26/2023 18:20,19.47,29.19,"","","",""
M4,2893,10/26/2023 18:25,19.47,10.5,"","","",""
M4,2894,10/26/2023 18:30,19.39,3.06,"","","",""
M4,2895,10/26/2023 18:35,19.22,0.65,"","","",""
M4,2896,10/26/2023 18:40,19.22,0,"","","",""
M4,2897,10/26/2023 18:45,19.17,0,"","","",""
M4,2898,10/26/2023 18:50,18.96,0,"","","",""
M4,2899,10/26/2023 18:55,18.96,0,"","","",""
M4,2900,10/26/2023 19:00,18.79,0,"","","",""
M4,2901,10/26/2023 19:05,18.79,0,"","","",""
M4,2902,10/26/2023 19:10,18.83,0,"","","",""
M4,2903,10/26/2023 19:15,18.7,0,"","","",""
M4,2904,10/26/2023 19:20,18.62,0.21,"","","",""
M4,2905,10/26/2023 19:25,18.62,0,"","","",""
M4,2906,10/26/2023 19:30,18.53,0,"","","",""
M4,2907,10/26/2023 19:35,18.57,0,"","","",""
M4,2908,10/26/2023 19:40,18.49,0,"","","",""
M4,2909,10/26/2023 19:45,18.44,0,"","","",""
M4,2910,10/26/2023 19:50,18.4,0,"","","",""
M4,2911,10/26/2023 19:55,18.4,0,"","","",""
M4,2912,10/26/2023 20:00,18.4,0,"","","",""
M4,2913,10/26/2023 20:05,18.44,0,"","","",""
M4,2914,10/26/2023 20:10,18.4,0,"","","",""
M4,2915,10/26/2023 20:15,18.4,0,"","","",""
M4,2916,10/26/2023 20:20,18.44,0,"","","",""
M4,2917,10/26/2023 20:25,18.4,0,"","","",""
M4,2918,10/26/2023 20:30,18.4,0,"","","",""
M4,2919,10/26/2023 20:35,18.4,0,"","","",""
M4,2920,10/26/2023 20:40,18.4,0,"","","",""
M4,2921,10/26/2023 20:45,18.36,0,"","","",""
M4,2922,10/26/2023 20:50,18.4,0,"","","",""
M4,2923,10/26/2023 20:55,18.36,0,"","","",""
M4,2924,10/26/2023 21:00,18.44,0,"","","",""
M4,2925,10/26/2023 21:05,18.4,0,"","","",""
M4,2926,10/26/2023 21:10,18.4,0,"","","",""
M4,2927,10/26/2023 21:15,18.36,0,"","","",""
M4,2928,10/26/2023 21:20,18.32,0,"","","",""
M4,2929,10/26/2023 21:25,18.32,0,"","","",""
M4,2930,10/26/2023 21:30,18.36,0,"","","",""
M4,2931,10/26/2023 21:35,18.36,0,"","","",""
M4,2932,10/26/2023 21:40,18.36,0,"","","",""
M4,2933,10/26/2023 21:45,18.4,0,"","","",""
M4,2934,10/26/2023 21:50,18.36,0,"","","",""
M4,2935,10/26/2023 21:55,18.4,0,"","","",""
M4,2936,10/26/2023 22:00,18.4,0,"","","",""
M4,2937,10/26/2023 22:05,18.36,0,"","","",""
M4,2938,10/26/2023 22:10,18.4,0,"","","",""
M4,2939,10/26/2023 22:15,18.36,0,"","","",""
M4,2940,10/26/2023 22:20,18.4,0,"","","",""
M4,2941,10/26/2023 22:25,18.4,0,"","","",""
M4,2942,10/26/2023 22:30,18.4,0.21,"","","",""
M4,2943,10/26/2023 22:35,18.4,0,"","","",""
M4,2944,10/26/2023 22:40,18.4,0,"","","",""
M4,2945,10/26/2023 22:45,18.44,0,"","","",""
M4,2946,10/26/2023 22:50,18.44,0,"","","",""
M4,2947,10/26/2023 22:55,18.4,0,"","","",""
M4,2948,10/26/2023 23:00,18.44,0,"","","",""
M4,2949,10/26/2023 23:05,18.4,0,"","","",""
M4,2950,10/26/2023 23:10,18.4,0,"","","",""
M4,2951,10/26/2023 23:15,18.4,0,"","","",""
M4,2952,10/26/2023 23:20,18.44,0,"","","",""
M4,2953,10/26/2023 23:25,18.44,0,"","","",""
M4,2954,10/26/2023 23:30,18.4,0,"","","",""
M4,2955,10/26/2023 23:35,18.36,0,"","","",""
M4,2956,10/26/2023 23:40,18.27,0,"","","",""
M4,2957,10/26/2023 23:45,18.32,0,"","","",""
M4,2958,10/26/2023 23:50,18.27,0,"","","",""
M4,2959,10/26/2023 23:55,18.32,0,"","","",""
M4,2960,10/27/2023 0:00,18.27,0,"","","",""
M4,2961,10/27/2023 0:05,18.19,0,"","","",""
M4,3014,10/27/2023 4:30,17.97,0,"","","",""
M4,3015,10/27/2023 4:35,17.93,0.21,"","","",""
M4,3016,10/27/2023 4:40,17.97,0,"","","",""
M4,3017,10/27/2023 4:45,18.02,0,"","","",""
M4,3018,10/27/2023 4:50,18.02,0,"","","",""
M4,3019,10/27/2023 4:55,17.97,0,"","","",""
M4,3020,10/27/2023 5:00,17.97,0,"","","",""
M4,3021,10/27/2023 5:05,17.97,0,"","","",""
M4,3022,10/27/2023 5:10,18.02,0,"","","",""
M4,3023,10/27/2023 5:15,18.02,0,"","","",""
M4,3024,10/27/2023 5:20,18.02,0,"","","",""
M4,3025,10/27/2023 5:25,18.02,0,"","","",""
M4,3026,10/27/2023 5:30,18.02,0,"","","",""
M4,3027,10/27/2023 5:35,18.02,0,"","","",""
M4,3028,10/27/2023 5:40,18.02,0,"","","",""
M4,3029,10/27/2023 5:45,18.02,0,"","","",""
M4,3030,10/27/2023 5:50,17.97,0,"","","",""
M4,3031,10/27/2023 5:55,18.02,0,"","","",""
M4,3032,10/27/2023 6:00,18.06,0,"","","",""
M4,3033,10/27/2023 6:05,18.1,0,"","","",""
M4,3034,10/27/2023 6:10,18.06,0,"","","",""
M4,3035,10/27/2023 6:15,18.1,0,"","","",""
M4,3036,10/27/2023 6:20,18.06,0,"","","",""
M4,3037,10/27/2023 6:25,18.1,0,"","","",""
M4,3038,10/27/2023 6:30,18.06,0,"","","",""
M4,3039,10/27/2023 6:35,18.06,0,"","","",""
M4,3040,10/27/2023 6:40,18.1,0.65,"","","",""
M4,3041,10/27/2023 6:45,18.06,3.06,"","","",""
M4,3042,10/27/2023 6:50,18.1,9.85,"","","",""
M4,3043,10/27/2023 6:55,18.1,32.89,"","","",""
M4,3044,10/27/2023 7:00,18.14,72.06,"","","",""
M4,3045,10/27/2023 7:05,18.1,130.12,"","","",""
M4,3046,10/27/2023 7:10,18.1,357.12,"","","",""
M4,3047,10/27/2023 7:15,18.02,419.36,"","","",""
M4,3048,10/27/2023 7:20,18.02,559.52,"","","",""
M4,3049,10/27/2023 7:25,17.97,521.28,"","","",""
M4,3050,10/27/2023 7:30,17.97,908.8,"","","",""
M4,3051,10/27/2023 7:35,17.89,1075.84,"","","",""
M4,3052,10/27/2023 7:40,17.89,1539.84,"","","",""
M4,3053,10/27/2023 7:45,17.84,1490.56,"","","",""
M4,3054,10/27/2023 7:50,17.84,2451.2,"","","",""
M4,3055,10/27/2023 7:55,17.84,2727.68,"","","",""
M4,3056,10/27/2023 8:00,17.89,3183.36,"","","",""
M4,3057,10/27/2023 8:05,17.93,4055.04,"","","",""
M4,3058,10/27/2023 8:10,17.89,6062.08,"","","",""
M4,3059,10/27/2023 8:15,17.89,6095.36,"","","",""
M4,3060,10/27/2023 8:20,17.93,7754.24,"","","",""
M4,3061,10/27/2023 8:25,17.93,7016.96,"","","",""
M4,3062,10/27/2023 8:30,17.84,3859.2,"","","",""
M4,3063,10/27/2023 8:35,17.89,5655.04,"","","",""
M4,3064,10/27/2023 8:40,17.93,8811.52,"","","",""
M4,3065,10/27/2023 8:45,17.97,9610.24,"","","",""
M4,3066,10/27/2023 8:50,17.97,6269.44,"","","",""
M4,3067,10/27/2023 8:55,17.97,8558.08,"","","",""
M4,3068,10/27/2023 9:00,18.06,12170.24,"","","",""
M4,3069,10/27/2023 9:05,18.14,15856.64,"","","",""
M4,3070,10/27/2023 9:10,18.14,15283.2,"","","",""
M4,3071,10/27/2023 9:15,18.1,15616,"","","",""
M4,3072,10/27/2023 9:20,18.1,17382.4,"","","",""
M4,3073,10/27/2023 9:25,18.14,17239.04,"","","",""
M4,3074,10/27/2023 9:30,18.14,18764.8,"","","",""
M4,3075,10/27/2023 9:35,18.19,24473.6,"","","",""
M4,3076,10/27/2023 9:40,17.97,9244.16,"","","",""
M4,3077,10/27/2023 9:45,18.27,22046.72,"","","",""
M4,3078,10/27/2023 9:50,18.4,27392,"","","",""
M4,3079,10/27/2023 9:55,18.32,21401.6,"","","",""
M4,3080,10/27/2023 10:00,18.4,27289.6,"","","",""
M4,3081,10/27/2023 10:05,18.44,20730.88,"","","",""
M4,3082,10/27/2023 10:10,18.4,33884.16,"","","",""
M4,3083,10/27/2023 10:15,18.4,35010.56,"","","",""
M4,3084,10/27/2023 10:20,18.49,29859.84,"","","",""
M4,3085,10/27/2023 10:25,18.57,32194.56,"","","",""
M4,3086,10/27/2023 10:30,18.57,43089.92,"","","",""
M4,3087,10/27/2023 10:35,18.53,32481.28,"","","",""
M4,3088,10/27/2023 10:40,18.57,38225.92,"","","",""
M4,3089,10/27/2023 10:45,18.57,36935.68,"","","",""
M4,3090,10/27/2023 10:50,18.66,86917.12,"","","",""
M4,3091,10/27/2023 10:55,18.4,24657.92,"","","",""
M4,3092,10/27/2023 11:00,18.7,38789.12,"","","",""
M4,3093,10/27/2023 11:05,18.83,37754.88,"","","",""
M4,3094,10/27/2023 11:10,18.83,53657.6,"","","",""
M4,3095,10/27/2023 11:15,18.87,27289.6,"","","",""
M4,3096,10/27/2023 11:20,18.96,29952,"","","",""
M4,3097,10/27/2023 11:25,19.09,54886.4,"","","",""
M4,3098,10/27/2023 11:30,19.22,49479.68,"","","",""
M4,3099,10/27/2023 11:35,19.26,26777.6,"","","",""
M4,3100,10/27/2023 11:40,19.35,45363.2,"","","",""
M4,3101,10/27/2023 11:45,19.77,45506.56,"","","",""
M4,3102,10/27/2023 11:50,19.73,44830.72,"","","",""
M4,3103,10/27/2023 11:55,20.07,62074.88,"","","",""
M4,3104,10/27/2023 12:00,20.2,33720.32,"","","",""
M4,3105,10/27/2023 12:05,20.98,38563.84,"","","",""
M4,3106,10/27/2023 12:10,21.36,42352.64,"","","",""
M4,3107,10/27/2023 12:15,21.4,38758.4,"","","",""
M4,3108,10/27/2023 12:20,21.88,73256.96,"","","",""
M4,3109,10/27/2023 12:25,22.13,39772.16,"","","",""
M4,3110,10/27/2023 12:30,22.43,20817.92,"","","",""
M4,3172,10/27/2023 17:40,19.35,4076.8,"","","",""
M4,3173,10/27/2023 17:45,19.39,3216.64,"","","",""
M4,3174,10/27/2023 17:50,19.35,518.24,"","","",""
M4,3175,10/27/2023 17:55,19.26,590.56,"","","",""
M4,3176,10/27/2023 18:00,19.26,648.8,"","","",""
M4,3177,10/27/2023 18:05,19.26,296.56,"","","",""
M4,3178,10/27/2023 18:10,19.26,147.76,"","","",""
M4,3179,10/27/2023 18:15,19.26,156.72,"","","",""
M4,3180,10/27/2023 18:20,19.3,29.44,"","","",""
M4,3181,10/27/2023 18:25,19.26,9.85,"","","",""
M4,3182,10/27/2023 18:30,19.26,2.62,"","","",""
M4,3183,10/27/2023 18:35,19.22,0.43,"","","",""
M4,3184,10/27/2023 18:40,19.22,0.21,"","","",""
M4,3185,10/27/2023 18:45,19.22,0,"","","",""
M4,3186,10/27/2023 18:50,19.22,0,"","","",""
M4,3187,10/27/2023 18:55,19.22,0,"","","",""
M4,3188,10/27/2023 19:00,19.17,0,"","","",""
M4,3189,10/27/2023 19:05,19.17,0,"","","",""
M4,3190,10/27/2023 19:10,19.17,0,"","","",""
M4,3191,10/27/2023 19:15,19.17,0,"","","",""
M4,3192,10/27/2023 19:20,19.13,0,"","","",""
M4,3193,10/27/2023 19:25,19.09,0,"","","",""
M4,3194,10/27/2023 19:30,19.09,0,"","","",""
M4,3195,10/27/2023 19:35,19.09,0,"","","",""
M4,3196,10/27/2023 19:40,19.05,0,"","","",""
M4,3197,10/27/2023 19:45,19.05,0,"","","",""
M4,3198,10/27/2023 19:50,19.05,0,"","","",""
M4,3199,10/27/2023 19:55,19.05,0.21,"","","",""
M4,3200,10/27/2023 20:00,19.05,0,"","","",""
M4,3201,10/27/2023 20:05,19,0,"","","",""
M4,3202,10/27/2023 20:10,19,0,"","","",""
M4,3203,10/27/2023 20:15,18.96,0,"","","",""
M4,3204,10/27/2023 20:20,18.92,0,"","","",""
M4,3205,10/27/2023 20:25,18.92,0,"","","",""
M4,3206,10/27/2023 20:30,18.92,0,"","","",""
M4,3207,10/27/2023 20:35,18.87,0,"","","",""
M4,3208,10/27/2023 20:40,18.87,0,"","","",""
M4,3209,10/27/2023 20:45,18.79,0,"","","",""
M4,3210,10/27/2023 20:50,18.83,0,"","","",""
M4,3211,10/27/2023 20:55,18.74,0,"","","",""
M4,3212,10/27/2023 21:00,18.74,0,"","","",""
M4,3213,10/27/2023 21:05,18.74,0,"","","",""
M4,3214,10/27/2023 21:10,18.66,0,"","","",""
M4,3215,10/27/2023 21:15,18.66,0,"","","",""
M4,3216,10/27/2023 21:20,18.62,0,"","","",""
M4,3217,10/27/2023 21:25,18.62,0,"","","",""
M4,3218,10/27/2023 21:30,18.62,0,"","","",""
M4,3219,10/27/2023 21:35,18.57,0,"","","",""
M4,3220,10/27/2023 21:40,18.53,0,"","","",""
M4,3221,10/27/2023 21:45,18.49,0,"","","",""
M4,3222,10/27/2023 21:50,18.53,0,"","","",""
M4,3223,10/27/2023 21:55,18.53,0,"","","",""
M4,3224,10/27/2023 22:00,18.57,0,"","","",""
M4,3225,10/27/2023 22:05,18.62,0,"","","",""
M4,3226,10/27/2023 22:10,18.66,0,"","","",""
M4,3227,10/27/2023 22:15,18.62,0,"","","",""
M4,3228,10/27/2023 22:20,18.57,0,"","","",""
M4,3229,10/27/2023 22:25,18.57,0,"","","",""
M4,3230,10/27/2023 22:30,18.62,0,"","","",""
M4,3231,10/27/2023 22:35,18.62,0,"","","",""
M4,3232,10/27/2023 22:40,18.62,0,"","","",""
M4,3233,10/27/2023 22:45,18.62,0,"","","",""
M4,3234,10/27/2023 22:50,18.62,0.21,"","","",""
M4,3235,10/27/2023 22:55,18.53,0,"","","",""
M4,3236,10/27/2023 23:00,18.62,0,"","","",""
M4,3237,10/27/2023 23:05,18.62,0,"","","",""
M4,3238,10/27/2023 23:10,18.66,0,"","","",""
M4,3239,10/27/2023 23:15,18.7,0,"","","",""
M4,3240,10/27/2023 23:20,18.66,0,"","","",""
M4,3241,10/27/2023 23:25,18.66,0,"","","",""
M4,3242,10/27/2023 23:30,18.66,0,"","","",""
M4,3243,10/27/2023 23:35,18.7,0,"","","",""
M4,3244,10/27/2023 23:40,18.7,0,"","","",""
M4,3245,10/27/2023 23:45,18.74,0,"","","",""
M4,3246,10/27/2023 23:50,18.74,0,"","","",""
M4,3247,10/27/2023 23:55,18.74,0,"","","",""
M4,3248,10/28/2023 0:00,18.74,0,"","","",""
M4,3249,10/28/2023 0:05,18.7,0,"","","",""
M4,3250,10/28/2023 0:10,18.74,0,"","","",""
M4,3251,10/28/2023 0:15,18.7,0,"","","",""
M4,3252,10/28/2023 0:20,18.66,0,"","","",""
M4,3253,10/28/2023 0:25,18.57,0,"","","",""
M4,3254,10/28/2023 0:30,18.62,0,"","","",""
M4,3255,10/28/2023 0:35,18.62,0,"","","",""
M4,3256,10/28/2023 0:40,18.57,0,"","","",""
M4,3257,10/28/2023 0:45,18.53,0,"","","",""
M4,3258,10/28/2023 0:50,18.49,0,"","","",""
M4,3259,10/28/2023 0:55,18.57,0,"","","",""
M4,3304,10/28/2023 4:40,18.32,0,"","","",""
M4,3305,10/28/2023 4:45,18.32,0,"","","",""
M4,3306,10/28/2023 4:50,18.36,0,"","","",""
M4,3307,10/28/2023 4:55,18.36,0,"","","",""
M4,3308,10/28/2023 5:00,18.44,0,"","","",""
M4,3309,10/28/2023 5:05,18.44,0,"","","",""
M4,3310,10/28/2023 5:10,18.4,0,"","","",""
M4,3311,10/28/2023 5:15,18.4,0,"","","",""
M4,3312,10/28/2023 5:20,18.44,0,"","","",""
M4,3313,10/28/2023 5:25,18.4,0,"","","",""
M4,3314,10/28/2023 5:30,18.44,0,"","","",""
M4,3315,10/28/2023 5:35,18.4,0,"","","",""
M4,3316,10/28/2023 5:40,18.44,0,"","","",""
M4,3317,10/28/2023 5:45,18.44,0,"","","",""
M4,3318,10/28/2023 5:50,18.4,0,"","","",""
M4,3319,10/28/2023 5:55,18.4,0,"","","",""
M4,3320,10/28/2023 6:00,18.4,0,"","","",""
M4,3321,10/28/2023 6:05,18.4,0,"","","",""
M4,3322,10/28/2023 6:10,18.4,0,"","","",""
M4,3323,10/28/2023 6:15,18.44,0,"","","",""
M4,3324,10/28/2023 6:20,18.4,0,"","","",""
M4,3325,10/28/2023 6:25,18.44,0,"","","",""
M4,3326,10/28/2023 6:30,18.44,0,"","","",""
M4,3327,10/28/2023 6:35,18.4,0,"","","",""
M4,3328,10/28/2023 6:40,18.36,0.43,"","","",""
M4,3329,10/28/2023 6:45,18.36,2.62,"","","",""
M4,3330,10/28/2023 6:50,18.27,7.88,"","","",""
M4,3331,10/28/2023 6:55,18.27,28.97,"","","",""
M4,3332,10/28/2023 7:00,18.19,72.44,"","","",""
M4,3333,10/28/2023 7:05,18.14,174.08,"","","",""
M4,3334,10/28/2023 7:10,18.06,261.36,"","","",""
M4,3335,10/28/2023 7:15,18.02,404.48,"","","",""
M4,3336,10/28/2023 7:20,18.02,594.4,"","","",""
M4,3337,10/28/2023 7:25,17.97,673.6,"","","",""
M4,3338,10/28/2023 7:30,18.02,936,"","","",""
M4,3339,10/28/2023 7:35,18.02,1169.6,"","","",""
M4,3340,10/28/2023 7:40,18.06,1114.56,"","","",""
M4,3341,10/28/2023 7:45,18.06,1715.84,"","","",""
M4,3342,10/28/2023 7:50,18.06,1653.76,"","","",""
M4,3343,10/28/2023 7:55,18.06,2271.36,"","","",""
M4,3344,10/28/2023 8:00,18.1,2680.32,"","","",""
M4,3345,10/28/2023 8:05,18.06,2874.88,"","","",""
M4,3346,10/28/2023 8:10,18.06,3112.96,"","","",""
M4,3347,10/28/2023 8:15,18.06,3932.16,"","","",""
M4,3348,10/28/2023 8:20,17.93,3936,"","","",""
M4,3349,10/28/2023 8:25,17.93,4395.52,"","","",""
M4,3350,10/28/2023 8:30,17.8,4143.36,"","","",""
M4,3351,10/28/2023 8:35,17.59,5207.04,"","","",""
M4,3352,10/28/2023 8:40,17.54,5719.04,"","","",""
M4,3353,10/28/2023 8:45,17.5,7787.52,"","","",""
M4,3354,10/28/2023 8:50,17.46,6599.68,"","","",""
M4,3355,10/28/2023 8:55,17.37,6784,"","","",""
M4,3356,10/28/2023 9:00,17.33,9251.84,"","","",""
M4,3357,10/28/2023 9:05,17.24,8012.8,"","","",""
M4,3358,10/28/2023 9:10,17.24,11683.84,"","","",""
M4,3359,10/28/2023 9:15,17.16,9308.16,"","","",""
M4,3360,10/28/2023 9:20,17.07,13061.12,"","","",""
M4,3361,10/28/2023 9:25,16.99,19322.88,"","","",""
M4,3362,10/28/2023 9:30,16.94,15984.64,"","","",""
M4,3363,10/28/2023 9:35,16.9,12697.6,"","","",""
M4,3364,10/28/2023 9:40,16.94,12513.28,"","","",""
M4,3365,10/28/2023 9:45,16.9,16634.88,"","","",""
M4,3366,10/28/2023 9:50,16.9,15795.2,"","","",""
M4,3367,10/28/2023 9:55,16.86,22865.92,"","","",""
M4,3368,10/28/2023 10:00,16.86,17290.24,"","","",""
M4,3369,10/28/2023 10:05,16.94,17049.6,"","","",""
M4,3370,10/28/2023 10:10,16.99,22681.6,"","","",""
M4,3371,10/28/2023 10:15,17.03,21493.76,"","","",""
M4,3372,10/28/2023 10:20,17.07,26398.72,"","","",""
M4,3373,10/28/2023 10:25,17.16,35696.64,"","","",""
M4,3374,10/28/2023 10:30,17.29,30873.6,"","","",""
M4,3375,10/28/2023 10:35,17.37,25968.64,"","","",""
M4,3376,10/28/2023 10:40,17.5,24473.6,"","","",""
M4,3377,10/28/2023 10:45,17.59,26490.88,"","","",""
M4,3378,10/28/2023 10:50,17.54,29317.12,"","","",""
M4,3379,10/28/2023 10:55,17.67,25876.48,"","","",""
M4,3380,10/28/2023 11:00,17.72,41902.08,"","","",""
M4,3381,10/28/2023 11:05,17.8,32522.24,"","","",""
M4,3382,10/28/2023 11:10,17.8,33013.76,"","","",""
M4,3383,10/28/2023 11:15,17.8,43417.6,"","","",""
M4,3384,10/28/2023 11:20,17.84,30801.92,"","","",""
M4,3385,10/28/2023 11:25,17.89,29706.24,"","","",""
M4,3386,10/28/2023 11:30,17.97,43806.72,"","","",""
M4,3387,10/28/2023 11:35,17.97,8202.24,"","","",""
M4,3388,10/28/2023 11:40,18.02,25763.84,"","","",""
M4,3389,10/28/2023 11:45,18.06,44769.28,"","","",""
M4,3390,10/28/2023 11:50,18.14,25077.76,"","","",""
M4,3391,10/28/2023 11:55,18.19,45568,"","","",""
M4,3392,10/28/2023 12:00,18.27,23255.04,"","","",""
M4,3393,10/28/2023 12:05,18.36,31365.12,"","","",""
M4,3394,10/28/2023 12:10,18.36,32102.4,"","","",""
M4,3395,10/28/2023 12:15,18.53,33966.08,"","","",""
M4,3396,10/28/2023 12:20,18.66,28938.24,"","","",""
M4,3397,10/28/2023 12:25,19.13,53821.44,"","","",""
M4,3398,10/28/2023 12:30,19.47,10649.6,"","","",""
M4,3399,10/28/2023 12:35,20.12,29696,"","","",""
M4,3400,10/28/2023 12:40,19.95,8005.12,"","","",""
M4,3401,10/28/2023 12:45,20.63,14156.8,"","","",""
M4,3402,10/28/2023 12:50,20.25,12359.68,"","","",""
M4,3403,10/28/2023 12:55,20.8,72806.4,"","","",""
M4,3404,10/28/2023 13:00,22.18,73523.2,"","","",""
M4,3472,10/28/2023 18:40,18.62,0.65,"","","",""
M4,3473,10/28/2023 18:45,18.53,0,"","","",""
M4,3474,10/28/2023 18:50,18.62,0,"","","",""
M4,3475,10/28/2023 18:55,18.62,0,"","","",""
M4,3476,10/28/2023 19:00,18.57,0,"","","",""
M4,3477,10/28/2023 19:05,18.57,0,"","","",""
M4,3478,10/28/2023 19:10,18.62,0,"","","",""
M4,3479,10/28/2023 19:15,18.62,0,"","","",""
M4,3480,10/28/2023 19:20,18.62,0,"","","",""
M4,3481,10/28/2023 19:25,18.57,0,"","","",""
M4,3482,10/28/2023 19:30,18.57,0,"","","",""
M4,3483,10/28/2023 19:35,18.57,0,"","","",""
M4,3484,10/28/2023 19:40,18.49,0,"","","",""
M4,3485,10/28/2023 19:45,18.44,0,"","","",""
M4,3486,10/28/2023 19:50,18.4,0,"","","",""
M4,3487,10/28/2023 19:55,18.36,0,"","","",""
M4,3488,10/28/2023 20:00,18.32,0,"","","",""
M4,3489,10/28/2023 20:05,18.23,0,"","","",""
M4,3490,10/28/2023 20:10,18.23,0,"","","",""
M4,3491,10/28/2023 20:15,18.14,0.21,"","","",""
M4,3492,10/28/2023 20:20,18.14,0,"","","",""
M4,3493,10/28/2023 20:25,17.97,0,"","","",""
M4,3494,10/28/2023 20:30,17.97,0,"","","",""
M4,3495,10/28/2023 20:35,17.93,0,"","","",""
M4,3496,10/28/2023 20:40,17.93,0,"","","",""
M4,3497,10/28/2023 20:45,17.93,0,"","","",""
M4,3498,10/28/2023 20:50,17.93,0,"","","",""
M4,3499,10/28/2023 20:55,17.97,0,"","","",""
M4,3500,10/28/2023 21:00,17.89,0,"","","",""
M4,3501,10/28/2023 21:05,17.89,0,"","","",""
M4,3502,10/28/2023 21:10,18.06,0,"","","",""
M4,3503,10/28/2023 21:15,17.97,0,"","","",""
M4,3504,10/28/2023 21:20,17.97,0,"","","",""
M4,3505,10/28/2023 21:25,17.97,0,"","","",""
M4,3506,10/28/2023 21:30,17.89,0,"","","",""
M4,3507,10/28/2023 21:35,17.93,0,"","","",""
M4,3508,10/28/2023 21:40,17.93,0,"","","",""
M4,3509,10/28/2023 21:45,17.97,0,"","","",""
M4,3510,10/28/2023 21:50,17.97,0,"","","",""
M4,3511,10/28/2023 21:55,17.93,0,"","","",""
M4,3512,10/28/2023 22:00,17.84,0,"","","",""
M4,3513,10/28/2023 22:05,17.84,0,"","","",""
M4,3514,10/28/2023 22:10,17.84,0,"","","",""
M4,3515,10/28/2023 22:15,17.84,0,"","","",""
M4,3516,10/28/2023 22:20,17.84,0,"","","",""
M4,3517,10/28/2023 22:25,17.76,0,"","","",""
M4,3518,10/28/2023 22:30,17.8,0,"","","",""
M4,3519,10/28/2023 22:35,17.72,0,"","","",""
M4,3520,10/28/2023 22:40,17.67,0,"","","",""
M4,3521,10/28/2023 22:45,17.67,0,"","","",""
M4,3522,10/28/2023 22:50,17.67,0,"","","",""
M4,3523,10/28/2023 22:55,17.63,0,"","","",""
M4,3524,10/28/2023 23:00,17.67,0,"","","",""
M4,3525,10/28/2023 23:05,17.63,0,"","","",""
M4,3526,10/28/2023 23:10,17.67,0,"","","",""
M4,3527,10/28/2023 23:15,17.67,0,"","","",""
M4,3528,10/28/2023 23:20,17.63,0,"","","",""
M4,3529,10/28/2023 23:25,17.59,0.21,"","","",""
M4,3530,10/28/2023 23:30,17.63,0,"","","",""
M4,3531,10/28/2023 23:35,17.59,0,"","","",""
M4,3532,10/28/2023 23:40,17.54,0,"","","",""
M4,3533,10/28/2023 23:45,17.54,0,"","","",""
M4,3534,10/28/2023 23:50,17.54,0,"","","",""
M4,3535,10/28/2023 23:55,17.5,0,"","","",""
M4,3536,10/29/2023 0:00,17.54,0,"","","",""
M4,3537,10/29/2023 0:05,17.54,0,"","","",""
M4,3538,10/29/2023 0:10,17.59,0,"","","",""
M4,3539,10/29/2023 0:15,17.46,0,"","","",""
M4,3540,10/29/2023 0:20,17.5,0,"","","",""
M4,3541,10/29/2023 0:25,17.5,0,"","","",""
M4,3542,10/29/2023 0:30,17.46,0,"","","",""
M4,3543,10/29/2023 0:35,17.46,0,"","","",""
M4,3544,10/29/2023 0:40,17.5,0,"","","",""
M4,3545,10/29/2023 0:45,17.46,0,"","","",""
M4,3546,10/29/2023 0:50,17.46,0,"","","",""
M4,3547,10/29/2023 0:55,17.5,0,"","","",""
M4,3548,10/29/2023 1:00,17.46,0,"","","",""
M4,3549,10/29/2023 1:05,17.41,0,"","","",""
M4,3550,10/29/2023 1:10,17.46,0,"","","",""
M4,3551,10/29/2023 1:15,17.41,0,"","","",""
M4,3552,10/29/2023 1:20,17.33,0,"","","",""
M4,3553,10/29/2023 1:25,17.37,0,"","","",""
M4,3554,10/29/2023 1:30,17.29,0,"","","",""
M4,3555,10/29/2023 1:35,17.29,0,"","","",""
M4,3556,10/29/2023 1:40,17.24,0,"","","",""
M4,3557,10/29/2023 1:45,17.24,0,"","","",""
M4,3558,10/29/2023 1:50,17.24,0,"","","",""
M4,3559,10/29/2023 1:55,17.24,0,"","","",""
M4,3560,10/29/2023 2:00,17.2,0,"","","",""
M4,3592,10/29/2023 4:40,17.11,0,"","","",""
M4,3593,10/29/2023 4:45,17.11,0,"","","",""
M4,3594,10/29/2023 4:50,17.11,0,"","","",""
M4,3595,10/29/2023 4:55,17.11,0,"","","",""
M4,3596,10/29/2023 5:00,17.16,0,"","","",""
M4,3597,10/29/2023 5:05,17.16,0,"","","",""
M4,3598,10/29/2023 5:10,17.16,0,"","","",""
M4,3599,10/29/2023 5:15,17.24,0,"","","",""
M4,3600,10/29/2023 5:20,17.2,0,"","","",""
M4,3601,10/29/2023 5:25,17.24,0,"","","",""
M4,3602,10/29/2023 5:30,17.24,0.21,"","","",""
M4,3603,10/29/2023 5:35,17.24,0,"","","",""
M4,3604,10/29/2023 5:40,17.29,0,"","","",""
M4,3605,10/29/2023 5:45,17.29,0,"","","",""
M4,3606,10/29/2023 5:50,17.24,0,"","","",""
M4,3607,10/29/2023 5:55,17.24,0,"","","",""
M4,3608,10/29/2023 6:00,17.24,0,"","","",""
M4,3609,10/29/2023 6:05,17.29,0,"","","",""
M4,3610,10/29/2023 6:10,17.33,0,"","","",""
M4,3611,10/29/2023 6:15,17.29,0,"","","",""
M4,3612,10/29/2023 6:20,17.29,0,"","","",""
M4,3613,10/29/2023 6:25,17.29,0,"","","",""
M4,3614,10/29/2023 6:30,17.33,0,"","","",""
M4,3615,10/29/2023 6:35,17.33,0,"","","",""
M4,3616,10/29/2023 6:40,17.29,0.65,"","","",""
M4,3617,10/29/2023 6:45,17.33,2.62,"","","",""
M4,3618,10/29/2023 6:50,17.33,9.85,"","","",""
M4,3619,10/29/2023 6:55,17.33,26.35,"","","",""
M4,3620,10/29/2023 7:00,17.41,73.44,"","","",""
M4,3621,10/29/2023 7:05,17.41,159.12,"","","",""
M4,3622,10/29/2023 7:10,17.46,261.12,"","","",""
M4,3623,10/29/2023 7:15,17.46,501.44,"","","",""
M4,3624,10/29/2023 7:20,17.54,779.2,"","","",""
M4,3625,10/29/2023 7:25,17.59,1002.56,"","","",""
M4,3626,10/29/2023 7:30,17.63,1520.64,"","","",""
M4,3627,10/29/2023 7:35,17.59,1975.04,"","","",""
M4,3628,10/29/2023 7:40,17.59,1892.48,"","","",""
M4,3629,10/29/2023 7:45,17.63,2286.72,"","","",""
M4,3630,10/29/2023 7:50,17.67,2956.8,"","","",""
M4,3631,10/29/2023 7:55,17.72,3891.2,"","","",""
M4,3632,10/29/2023 8:00,17.72,4422.4,"","","",""
M4,3633,10/29/2023 8:05,17.72,4234.24,"","","",""
M4,3634,10/29/2023 8:10,17.72,5864.96,"","","",""
M4,3635,10/29/2023 8:15,17.76,5931.52,"","","",""
M4,3636,10/29/2023 8:20,17.76,7198.72,"","","",""
M4,3637,10/29/2023 8:25,17.72,6968.32,"","","",""
M4,3638,10/29/2023 8:30,17.67,9589.76,"","","",""
M4,3639,10/29/2023 8:35,17.63,9175.04,"","","",""
M4,3640,10/29/2023 8:40,17.63,8908.8,"","","",""
M4,3641,10/29/2023 8:45,17.54,9953.28,"","","",""
M4,3642,10/29/2023 8:50,17.46,13265.92,"","","",""
M4,3643,10/29/2023 8:55,17.46,10065.92,"","","",""
M4,3644,10/29/2023 9:00,17.41,10675.2,"","","",""
M4,3645,10/29/2023 9:05,17.29,9510.4,"","","",""
M4,3646,10/29/2023 9:10,17.24,14069.76,"","","",""
M4,3647,10/29/2023 9:15,17.2,19870.72,"","","",""
M4,3648,10/29/2023 9:20,17.2,12933.12,"","","",""
M4,3649,10/29/2023 9:25,17.16,13414.4,"","","",""
M4,3650,10/29/2023 9:30,17.11,13368.32,"","","",""
M4,3651,10/29/2023 9:35,17.07,14197.76,"","","",""
M4,3652,10/29/2023 9:40,17.07,14960.64,"","","",""
M4,3653,10/29/2023 9:45,17.07,23879.68,"","","",""
M4,3654,10/29/2023 9:50,16.99,12748.8,"","","",""
M4,3655,10/29/2023 9:55,16.9,24647.68,"","","",""
M4,3656,10/29/2023 10:00,17.03,24862.72,"","","",""
M4,3657,10/29/2023 10:05,16.9,20101.12,"","","",""
M4,3658,10/29/2023 10:10,16.86,31211.52,"","","",""
M4,3659,10/29/2023 10:15,16.81,21207.04,"","","",""
M4,3660,10/29/2023 10:20,16.69,24637.44,"","","",""
M4,3661,10/29/2023 10:25,16.64,20915.2,"","","",""
M4,3662,10/29/2023 10:30,16.73,25026.56,"","","",""
M4,3663,10/29/2023 10:35,16.73,31549.44,"","","",""
M4,3664,10/29/2023 10:40,16.6,29388.8,"","","",""
M4,3665,10/29/2023 10:45,16.6,26173.44,"","","",""
M4,3666,10/29/2023 10:50,16.6,30883.84,"","","",""
M4,3667,10/29/2023 10:55,16.6,35287.04,"","","",""
M4,3668,10/29/2023 11:00,16.64,24360.96,"","","",""
M4,3669,10/29/2023 11:05,16.73,29532.16,"","","",""
M4,3670,10/29/2023 11:10,16.86,29132.8,"","","",""
M4,3671,10/29/2023 11:15,16.94,27760.64,"","","",""
M4,3672,10/29/2023 11:20,17.07,33925.12,"","","",""
M4,3673,10/29/2023 11:25,17.29,27392,"","","",""
M4,3674,10/29/2023 11:30,17.41,35758.08,"","","",""
M4,3675,10/29/2023 11:35,17.59,40529.92,"","","",""
M4,3676,10/29/2023 11:40,17.67,32143.36,"","","",""
M4,3677,10/29/2023 11:45,17.76,22005.76,"","","",""
M4,3678,10/29/2023 11:50,17.8,44236.8,"","","",""
M4,3679,10/29/2023 11:55,17.84,72028.16,"","","",""
M4,3680,10/29/2023 12:00,17.97,37662.72,"","","",""
M4,3681,10/29/2023 12:05,18.1,41328.64,"","","",""
M4,3682,10/29/2023 12:10,18.14,46161.92,"","","",""
M4,3683,10/29/2023 12:15,18.19,49500.16,"","","",""
M4,3684,10/29/2023 12:20,18.19,36618.24,"","","",""
M4,3685,10/29/2023 12:25,18.36,59637.76,"","","",""
M4,3686,10/29/2023 12:30,18.4,47841.28,"","","",""
M4,3687,10/29/2023 12:35,18.44,49664,"","","",""
M4,3688,10/29/2023 12:40,18.7,39741.44,"","","",""
M4,3689,10/29/2023 12:45,18.7,62914.56,"","","",""
M4,3690,10/29/2023 12:50,18.83,23715.84,"","","",""
M4,3691,10/29/2023 12:55,18.79,33843.2,"","","",""
M4,3692,10/29/2023 13:00,19.82,74014.72,"","","",""
M4,3693,10/29/2023 13:05,19.47,56791.04,"","","",""
M4,3694,10/29/2023 13:10,20.12,73093.12,"","","",""
M4,3695,10/29/2023 13:15,19.99,28098.56,"","","",""
M4,3696,10/29/2023 13:20,20.42,38103.04,"","","",""
M4,3697,10/29/2023 13:25,21.36,74219.52,"","","",""
M4,3698,10/29/2023 13:30,20.8,29593.6,"","","",""
M4,3699,10/29/2023 13:35,21.1,36935.68,"","","",""
M4,3774,10/29/2023 19:50,17.54,0,"","","",""
M4,3775,10/29/2023 19:55,17.5,0,"","","",""
M4,3776,10/29/2023 20:00,17.54,0,"","","",""
M4,3777,10/29/2023 20:05,17.54,0,"","","",""
M4,3778,10/29/2023 20:10,17.54,0,"","","",""
M4,3779,10/29/2023 20:15,17.54,0,"","","",""
M4,3780,10/29/2023 20:20,17.59,0,"","","",""
M4,3781,10/29/2023 20:25,17.59,0,"","","",""
M4,3782,10/29/2023 20:30,17.54,0,"","","",""
M4,3783,10/29/2023 20:35,17.59,0,"","","",""
M4,3784,10/29/2023 20:40,17.63,0,"","","",""
M4,3785,10/29/2023 20:45,17.63,0,"","","",""
M4,3786,10/29/2023 20:50,17.63,0.21,"","","",""
M4,3787,10/29/2023 20:55,17.59,0,"","","",""
M4,3788,10/29/2023 21:00,17.59,0,"","","",""
M4,3789,10/29/2023 21:05,17.59,0,"","","",""
M4,3790,10/29/2023 21:10,17.59,0,"","","",""
M4,3791,10/29/2023 21:15,17.59,0,"","","",""
M4,3792,10/29/2023 21:20,17.54,0,"","","",""
M4,3793,10/29/2023 21:25,17.63,0,"","","",""
M4,3794,10/29/2023 21:30,17.59,0,"","","",""
M4,3795,10/29/2023 21:35,17.59,0,"","","",""
M4,3796,10/29/2023 21:40,17.59,0,"","","",""
M4,3797,10/29/2023 21:45,17.59,0,"","","",""
M4,3798,10/29/2023 21:50,17.59,0,"","","",""
M4,3799,10/29/2023 21:55,17.63,0,"","","",""
M4,3800,10/29/2023 22:00,17.63,0,"","","",""
M4,3801,10/29/2023 22:05,17.63,0,"","","",""
M4,3802,10/29/2023 22:10,17.63,0,"","","",""
M4,3803,10/29/2023 22:15,17.72,0,"","","",""
M4,3804,10/29/2023 22:20,17.72,0,"","","",""
M4,3805,10/29/2023 22:25,17.67,0,"","","",""
M4,3806,10/29/2023 22:30,17.67,0,"","","",""
M4,3807,10/29/2023 22:35,17.67,0,"","","",""
M4,3808,10/29/2023 22:40,17.59,0,"","","",""
M4,3809,10/29/2023 22:45,17.59,0,"","","",""
M4,3810,10/29/2023 22:50,17.46,0,"","","",""
M4,3811,10/29/2023 22:55,17.33,0,"","","",""
M4,3812,10/29/2023 23:00,17.16,0,"","","",""
M4,3813,10/29/2023 23:05,17.07,0,"","","",""
M4,3814,10/29/2023 23:10,16.94,0,"","","",""
M4,3815,10/29/2023 23:15,16.9,0,"","","",""
M4,3816,10/29/2023 23:20,16.9,0,"","","",""
M4,3817,10/29/2023 23:25,16.86,0,"","","",""
M4,3818,10/29/2023 23:30,16.9,0,"","","",""
M4,3819,10/29/2023 23:35,16.99,0,"","","",""
M4,3820,10/29/2023 23:40,17.07,0,"","","",""
M4,3821,10/29/2023 23:45,17.16,0,"","","",""
M4,3822,10/29/2023 23:50,17.2,0,"","","",""
M4,3823,10/29/2023 23:55,17.29,0,"","","",""
M4,3824,10/30/2023 0:00,17.33,0,"","","",""
M4,3825,10/30/2023 0:05,17.33,0,"","","",""
M4,3826,10/30/2023 0:10,17.33,0,"","","",""
M4,3827,10/30/2023 0:15,17.37,0,"","","",""
M4,3828,10/30/2023 0:20,17.37,0,"","","",""
M4,3829,10/30/2023 0:25,17.37,0,"","","",""
M4,3830,10/30/2023 0:30,17.41,0,"","","",""
M4,3831,10/30/2023 0:35,17.41,0,"","","",""
M4,3832,10/30/2023 0:40,17.41,0,"","","",""
M4,3833,10/30/2023 0:45,17.41,0,"","","",""
M4,3834,10/30/2023 0:50,17.41,0,"","","",""
M4,3835,10/30/2023 0:55,17.41,0,"","","",""
M4,3836,10/30/2023 1:00,17.41,0,"","","",""
M4,3837,10/30/2023 1:05,17.37,0,"","","",""
M4,3838,10/30/2023 1:10,17.41,0,"","","",""
M4,3839,10/30/2023 1:15,17.41,0,"","","",""
M4,3840,10/30/2023 1:20,17.41,0,"","","",""
M4,3841,10/30/2023 1:25,17.41,0,"","","",""
M4,3842,10/30/2023 1:30,17.46,0,"","","",""
M4,3843,10/30/2023 1:35,17.46,0,"","","",""
M4,3844,10/30/2023 1:40,17.41,0,"","","",""
M4,3845,10/30/2023 1:45,17.41,0,"","","",""
M4,3846,10/30/2023 1:50,17.37,0,"","","",""
M4,3847,10/30/2023 1:55,17.29,0,"","","",""
M4,3848,10/30/2023 2:00,17.24,0,"","","",""
M4,3849,10/30/2023 2:05,17.16,0,"","","",""
M4,3850,10/30/2023 2:10,17.11,0,"","","",""
M4,3851,10/30/2023 2:15,17.07,0,"","","",""
M4,3852,10/30/2023 2:20,17.16,0,"","","",""
M4,3853,10/30/2023 2:25,17.03,0,"","","",""
M4,3854,10/30/2023 2:30,16.99,0,"","","",""
M4,3855,10/30/2023 2:35,16.9,0,"","","",""
M4,3856,10/30/2023 2:40,16.9,0,"","","",""
M4,3857,10/30/2023 2:45,16.9,0,"","","",""
M4,3858,10/30/2023 2:50,16.9,0,"","","",""
M4,3859,10/30/2023 2:55,16.77,0.43,"","","",""
M4,3860,10/30/2023 3:00,16.81,0,"","","",""
M4,3861,10/30/2023 3:05,16.86,0,"","","",""
M4,3862,10/30/2023 3:10,16.77,0,"","","",""
M4,3863,10/30/2023 3:15,16.77,0,"","","",""
M4,3864,10/30/2023 3:20,16.64,0,"","","",""
M4,3865,10/30/2023 3:25,16.64,0,"","","",""
M4,3866,10/30/2023 3:30,16.69,0,"","","",""
M4,3867,10/30/2023 3:35,16.73,0,"","","",""
M4,3868,10/30/2023 3:40,16.64,0,"","","",""
M4,3869,10/30/2023 3:45,16.6,0,"","","",""
M4,3870,10/30/2023 3:50,16.64,0,"","","",""
M4,3871,10/30/2023 3:55,16.69,0,"","","",""
M4,3872,10/30/2023 4:00,16.51,0,"","","",""
M4,3873,10/30/2023 4:05,16.34,0,"","","",""
M4,3876,10/30/2023 4:20,16.56,0,"","","",""
M4,3877,10/30/2023 4:25,16.51,0,"","","",""
M4,3878,10/30/2023 4:30,16.56,0,"","","",""
M4,3879,10/30/2023 4:35,16.73,0,"","","",""
M4,3880,10/30/2023 4:40,16.56,0,"","","",""
M4,3881,10/30/2023 4:45,16.6,0,"","","",""
M4,3882,10/30/2023 4:50,16.64,0,"","","",""
M4,3883,10/30/2023 4:55,16.73,0,"","","",""
M4,3884,10/30/2023 5:00,16.73,0,"","","",""
M4,3885,10/30/2023 5:05,16.73,0,"","","",""
M4,3886,10/30/2023 5:10,16.73,0,"","","",""
M4,3887,10/30/2023 5:15,16.69,0,"","","",""
M4,3888,10/30/2023 5:20,16.64,0,"","","",""
M4,3889,10/30/2023 5:25,16.73,0,"","","",""
M4,3890,10/30/2023 5:30,16.77,0,"","","",""
M4,3891,10/30/2023 5:35,16.73,0,"","","",""
M4,3892,10/30/2023 5:40,16.69,0,"","","",""
M4,3893,10/30/2023 5:45,16.77,0,"","","",""
M4,3894,10/30/2023 5:50,16.81,0,"","","",""
M4,3895,10/30/2023 5:55,16.81,0,"","","",""
M4,3896,10/30/2023 6:00,16.94,0,"","","",""
M4,3897,10/30/2023 6:05,16.94,0.21,"","","",""
M4,3898,10/30/2023 6:10,16.99,0,"","","",""
M4,3899,10/30/2023 6:15,16.94,0,"","","",""
M4,3900,10/30/2023 6:20,16.94,0,"","","",""
M4,3901,10/30/2023 6:25,17.03,0,"","","",""
M4,3902,10/30/2023 6:30,17.07,0,"","","",""
M4,3903,10/30/2023 6:35,17.11,0.21,"","","",""
M4,3904,10/30/2023 6:40,17.16,0.65,"","","",""
M4,3905,10/30/2023 6:45,17.11,2.18,"","","",""
M4,3906,10/30/2023 6:50,17.16,10.06,"","","",""
M4,3907,10/30/2023 6:55,17.16,28.56,"","","",""
M4,3908,10/30/2023 7:00,17.24,73.88,"","","",""
M4,3909,10/30/2023 7:05,17.24,174.08,"","","",""
M4,3910,10/30/2023 7:10,17.24,205.04,"","","",""
M4,3911,10/30/2023 7:15,17.37,593.12,"","","",""
M4,3912,10/30/2023 7:20,17.5,914.88,"","","",""
M4,3913,10/30/2023 7:25,17.5,1356.16,"","","",""
M4,3914,10/30/2023 7:30,17.59,1517.44,"","","",""
M4,3915,10/30/2023 7:35,17.63,1837.44,"","","",""
M4,3916,10/30/2023 7:40,17.72,2932.48,"","","",""
M4,3917,10/30/2023 7:45,17.72,3772.16,"","","",""
M4,3918,10/30/2023 7:50,17.8,4314.88,"","","",""
M4,3919,10/30/2023 7:55,17.84,4952.32,"","","",""
M4,3920,10/30/2023 8:00,17.89,6960.64,"","","",""
M4,3921,10/30/2023 8:05,17.89,4930.56,"","","",""
M4,3922,10/30/2023 8:10,17.93,6878.72,"","","",""
M4,3923,10/30/2023 8:15,17.97,10163.2,"","","",""
M4,3924,10/30/2023 8:20,18.02,7147.52,"","","",""
M4,3925,10/30/2023 8:25,18.02,6307.84,"","","",""
M4,3926,10/30/2023 8:30,18.1,21555.2,"","","",""
M4,3927,10/30/2023 8:35,18.14,10099.2,"","","",""
M4,3928,10/30/2023 8:40,18.14,13312,"","","",""
M4,3929,10/30/2023 8:45,18.14,13301.76,"","","",""
M4,3930,10/30/2023 8:50,18.14,11381.76,"","","",""
M4,3931,10/30/2023 8:55,18.14,14658.56,"","","",""
M4,3932,10/30/2023 9:00,18.19,16926.72,"","","",""
M4,3933,10/30/2023 9:05,18.19,12190.72,"","","",""
M4,3934,10/30/2023 9:10,18.23,24432.64,"","","",""
M4,3935,10/30/2023 9:15,18.23,19855.36,"","","",""
M4,3936,10/30/2023 9:20,18.27,22661.12,"","","",""
M4,3937,10/30/2023 9:25,18.23,29020.16,"","","",""
M4,3938,10/30/2023 9:30,18.27,18099.2,"","","",""
M4,3939,10/30/2023 9:35,18.27,19389.44,"","","",""
M4,3940,10/30/2023 9:40,18.32,24340.48,"","","",""
M4,3941,10/30/2023 9:45,18.36,31590.4,"","","",""
M4,3942,10/30/2023 9:50,18.32,18611.2,"","","",""
M4,3943,10/30/2023 9:55,18.32,22231.04,"","","",""
M4,3944,10/30/2023 10:00,18.36,12871.68,"","","",""
M4,3945,10/30/2023 10:05,18.4,53063.68,"","","",""
M4,3946,10/30/2023 10:10,18.36,34119.68,"","","",""
M4,3947,10/30/2023 10:15,18.4,30638.08,"","","",""
M4,3948,10/30/2023 10:20,18.4,27125.76,"","","",""
M4,3949,10/30/2023 10:25,18.44,25804.8,"","","",""
M4,3950,10/30/2023 10:30,18.44,27187.2,"","","",""
M4,3951,10/30/2023 10:35,18.53,26132.48,"","","",""
M4,3952,10/30/2023 10:40,18.49,66826.24,"","","",""
M4,3953,10/30/2023 10:45,18.49,61972.48,"","","",""
M4,3954,10/30/2023 10:50,18.57,23848.96,"","","",""
M4,3955,10/30/2023 10:55,18.57,25446.4,"","","",""
M4,3956,10/30/2023 11:00,18.62,48619.52,"","","",""
M4,3957,10/30/2023 11:05,18.66,38553.6,"","","",""
M4,3958,10/30/2023 11:10,18.7,50012.16,"","","",""
M4,3959,10/30/2023 11:15,18.7,53473.28,"","","",""
M4,3960,10/30/2023 11:20,18.74,32030.72,"","","",""
M4,3961,10/30/2023 11:25,18.79,38195.2,"","","",""
M4,3962,10/30/2023 11:30,18.79,45711.36,"","","",""
M4,3963,10/30/2023 11:35,18.87,46817.28,"","","",""
M4,3964,10/30/2023 11:40,18.92,70410.24,"","","",""
M4,3965,10/30/2023 11:45,18.92,23347.2,"","","",""
M4,3966,10/30/2023 11:50,18.92,63324.16,"","","",""
M4,3967,10/30/2023 11:55,18.96,55296,"","","",""
M4,3968,10/30/2023 12:00,19.05,44134.4,"","","",""
M4,3969,10/30/2023 12:05,19.05,33423.36,"","","",""
M4,3970,10/30/2023 12:10,19.09,30771.2,"","","",""
M4,3971,10/30/2023 12:15,19.13,35778.56,"","","",""
M4,3972,10/30/2023 12:20,19.17,47616,"","","",""
M4,3973,10/30/2023 12:25,19.26,40611.84,"","","",""
M4,3974,10/30/2023 12:30,19.26,37621.76,"","","",""
M4,3975,10/30/2023 12:35,19.3,20981.76,"","","",""
M4,3976,10/30/2023 12:40,19.35,48332.8,"","","",""
M4,3977,10/30/2023 12:45,19.3,34979.84,"","","",""
M4,3978,10/30/2023 12:50,19.43,54108.16,"","","",""
M4,3979,10/30/2023 12:55,19.39,42516.48,"","","",""
M4,3980,10/30/2023 13:00,19.43,27074.56,"","","",""
M4,3981,10/30/2023 13:05,19.52,54312.96,"","","",""
M4,3982,10/30/2023 13:10,19.6,32163.84,"","","",""
M4,3983,10/30/2023 13:15,19.56,42516.48,"","","",""
M4,3984,10/30/2023 13:20,19.65,30924.8,"","","",""
M4,3985,10/30/2023 13:25,19.69,53964.8,"","","",""
M4,3986,10/30/2023 13:30,19.82,76206.08,"","","",""
M4,3987,10/30/2023 13:35,20.29,44687.36,"","","",""
M4,3988,10/30/2023 13:40,20.33,32706.56,"","","",""
M4,3989,10/30/2023 13:45,20.16,47247.36,"","","",""
M4,3990,10/30/2023 13:50,20.98,51261.44,"","","",""
M4,3991,10/30/2023 13:55,21.75,21032.96,"","","",""
M4,3992,10/30/2023 14:00,21.36,72949.76,"","","",""
M4,3993,10/30/2023 14:05,21.83,44072.96,"","","",""
M4,3994,10/30/2023 14:10,22.18,77271.04,"","","",""
M4,3995,10/30/2023 14:15,22.48,25917.44,"","","",""
M4,3996,10/30/2023 14:20,22.78,75141.12,"","","",""
M4,3997,10/30/2023 14:25,22.86,36208.64,"","","",""
M4,4072,10/30/2023 20:40,17.2,0,"","","",""
M4,4073,10/30/2023 20:45,17.2,0,"","","",""
M4,4074,10/30/2023 20:50,17.24,0,"","","",""
M4,4075,10/30/2023 20:55,17.5,0,"","","",""
M4,4076,10/30/2023 21:00,17.54,0,"","","",""
M4,4077,10/30/2023 21:05,17.5,0,"","","",""
M4,4078,10/30/2023 21:10,17.59,0,"","","",""
M4,4079,10/30/2023 21:15,17.63,0,"","","",""
M4,4080,10/30/2023 21:20,17.67,0,"","","",""
M4,4081,10/30/2023 21:25,17.72,0,"","","",""
M4,4082,10/30/2023 21:30,17.72,0,"","","",""
M4,4083,10/30/2023 21:35,17.76,0,"","","",""
M4,4084,10/30/2023 21:40,17.72,0,"","","",""
M4,4085,10/30/2023 21:45,17.72,0,"","","",""
M4,4086,10/30/2023 21:50,17.72,0,"","","",""
M4,4087,10/30/2023 21:55,17.72,0,"","","",""
M4,4088,10/30/2023 22:00,17.72,0,"","","",""
M4,4089,10/30/2023 22:05,17.76,0,"","","",""
M4,4090,10/30/2023 22:10,17.76,0,"","","",""
M4,4091,10/30/2023 22:15,17.8,0,"","","",""
M4,4092,10/30/2023 22:20,17.8,0,"","","",""
M4,4093,10/30/2023 22:25,17.84,0,"","","",""
M4,4094,10/30/2023 22:30,17.84,0,"","","",""
M4,4095,10/30/2023 22:35,17.84,0,"","","",""
M4,4096,10/30/2023 22:40,17.84,0,"","","",""
M4,4097,10/30/2023 22:45,17.84,0,"","","",""
M4,4098,10/30/2023 22:50,17.89,0,"","","",""
M4,4099,10/30/2023 22:55,17.89,0,"","","",""
M4,4100,10/30/2023 23:00,17.93,0,"","","",""
M4,4101,10/30/2023 23:05,17.89,0,"","","",""
M4,4102,10/30/2023 23:10,17.93,0,"","","",""
M4,4103,10/30/2023 23:15,17.93,0,"","","",""
M4,4104,10/30/2023 23:20,17.97,0,"","","",""
M4,4105,10/30/2023 23:25,17.93,0,"","","",""
M4,4106,10/30/2023 23:30,17.93,0,"","","",""
M4,4107,10/30/2023 23:35,17.93,0,"","","",""
M4,4108,10/30/2023 23:40,17.89,0,"","","",""
M4,4109,10/30/2023 23:45,17.93,0,"","","",""
M4,4110,10/30/2023 23:50,17.93,0,"","","",""
M4,4111,10/30/2023 23:55,17.97,0,"","","",""
M4,4112,10/31/2023 0:00,17.89,0,"","","",""
M4,4113,10/31/2023 0:05,17.93,0,"","","",""
M4,4114,10/31/2023 0:10,17.93,0,"","","",""
M4,4115,10/31/2023 0:15,17.89,0,"","","",""
M4,4116,10/31/2023 0:20,17.89,0.21,"","","",""
M4,4117,10/31/2023 0:25,17.93,0,"","","",""
M4,4118,10/31/2023 0:30,17.93,0,"","","",""
M4,4119,10/31/2023 0:35,17.89,0,"","","",""
M4,4120,10/31/2023 0:40,17.89,0,"","","",""
M4,4121,10/31/2023 0:45,17.89,0,"","","",""
M4,4122,10/31/2023 0:50,17.89,0,"","","",""
M4,4123,10/31/2023 0:55,17.84,0,"","","",""
M4,4124,10/31/2023 1:00,17.89,0,"","","",""
M4,4125,10/31/2023 1:05,17.84,0,"","","",""
M4,4126,10/31/2023 1:10,17.89,0,"","","",""
M4,4127,10/31/2023 1:15,17.84,0,"","","",""
M4,4128,10/31/2023 1:20,17.84,0,"","","",""
M4,4129,10/31/2023 1:25,17.84,0,"","","",""
M4,4130,10/31/2023 1:30,17.8,0,"","","",""
M4,4131,10/31/2023 1:35,17.8,0,"","","",""
M4,4132,10/31/2023 1:40,17.8,0,"","","",""
M4,4133,10/31/2023 1:45,17.76,0,"","","",""
M4,4134,10/31/2023 1:50,17.76,0,"","","",""
M4,4135,10/31/2023 1:55,17.72,0,"","","",""
M4,4136,10/31/2023 2:00,17.67,0,"","","",""
M4,4137,10/31/2023 2:05,17.67,0,"","","",""
M4,4138,10/31/2023 2:10,17.63,0,"","","",""
M4,4139,10/31/2023 2:15,17.59,0,"","","",""
M4,4140,10/31/2023 2:20,17.59,0,"","","",""
M4,4141,10/31/2023 2:25,17.59,0,"","","",""
M4,4142,10/31/2023 2:30,17.59,0,"","","",""
M4,4143,10/31/2023 2:35,17.54,0,"","","",""
M4,4144,10/31/2023 2:40,17.54,0,"","","",""
M4,4145,10/31/2023 2:45,17.5,0,"","","",""
M4,4146,10/31/2023 2:50,17.46,0,"","","",""
M4,4147,10/31/2023 2:55,17.41,0,"","","",""
M4,4148,10/31/2023 3:00,17.41,0,"","","",""
M4,4149,10/31/2023 3:05,17.33,0,"","","",""
M4,4150,10/31/2023 3:10,17.33,0,"","","",""
M4,4151,10/31/2023 3:15,17.33,0,"","","",""
M4,4152,10/31/2023 3:20,17.24,0,"","","",""
M4,4153,10/31/2023 3:25,17.29,0,"","","",""
M4,4154,10/31/2023 3:30,17.29,0.21,"","","",""
M4,4155,10/31/2023 3:35,17.2,0,"","","",""
M4,4156,10/31/2023 3:40,17.2,0,"","","",""
M4,4157,10/31/2023 3:45,17.24,0,"","","",""
M4,4158,10/31/2023 3:50,17.2,0,"","","",""
M4,4159,10/31/2023 3:55,17.16,0,"","","",""
M4,4160,10/31/2023 4:00,17.16,0,"","","",""
M4,4161,10/31/2023 4:05,17.07,0,"","","",""
M4,4162,10/31/2023 4:10,17.03,0,"","","",""
M4,4163,10/31/2023 4:15,16.99,0,"","","",""
M4,4164,10/31/2023 4:20,17.07,0,"","","",""
M4,4165,10/31/2023 4:25,16.94,0,"","","",""
M4,4166,10/31/2023 4:30,16.94,0,"","","",""
M4,4167,10/31/2023 4:35,16.99,0,"","","",""
M4,4168,10/31/2023 4:40,16.94,0,"","","",""
M4,4169,10/31/2023 4:45,16.94,0,"","","",""
M4,4170,10/31/2023 4:50,16.86,0,"","","",""
M4,4171,10/31/2023 4:55,16.9,0,"","","",""
M4,4172,10/31/2023 5:00,16.94,0,"","","",""
M4,4173,10/31/2023 5:05,16.94,0,"","","",""
M4,4174,10/31/2023 5:10,16.94,0,"","","",""
M4,4175,10/31/2023 5:15,16.94,0,"","","",""
M4,4176,10/31/2023 5:20,16.94,0,"","","",""
M4,4177,10/31/2023 5:25,16.94,0,"","","",""
M4,4178,10/31/2023 5:30,16.99,0,"","","",""
M4,4179,10/31/2023 5:35,16.99,0,"","","",""
M4,4180,10/31/2023 5:40,16.94,0,"","","",""
M4,4181,10/31/2023 5:45,16.99,0,"","","",""
M4,4182,10/31/2023 5:50,16.94,0,"","","",""
M4,4183,10/31/2023 5:55,16.99,0,"","","",""
M4,4184,10/31/2023 6:00,16.99,0,"","","",""
M4,4185,10/31/2023 6:05,16.99,0,"","","",""
M4,4186,10/31/2023 6:10,16.99,0,"","","",""
M4,4187,10/31/2023 6:15,16.94,0,"","","",""
M4,4188,10/31/2023 6:20,17.03,0,"","","",""
M4,4189,10/31/2023 6:25,17.03,0.21,"","","",""
M4,4190,10/31/2023 6:30,17.03,0,"","","",""
M4,4191,10/31/2023 6:35,17.03,0,"","","",""
M4,4192,10/31/2023 6:40,17.07,0.65,"","","",""
M4,4193,10/31/2023 6:45,17.07,2.18,"","","",""
M4,4194,10/31/2023 6:50,17.03,8.09,"","","",""
M4,4195,10/31/2023 6:55,17.03,24.59,"","","",""
M4,4196,10/31/2023 7:00,17.07,63.2,"","","",""
M4,4197,10/31/2023 7:05,17.11,157.48,"","","",""
M4,4198,10/31/2023 7:10,17.11,358.24,"","","",""
M4,4199,10/31/2023 7:15,17.2,490.88,"","","",""
M4,4200,10/31/2023 7:20,17.24,800.64,"","","",""
M4,4201,10/31/2023 7:25,17.24,1211.84,"","","",""
M4,4202,10/31/2023 7:30,17.33,1601.28,"","","",""
M4,4203,10/31/2023 7:35,17.37,2146.56,"","","",""
M4,4204,10/31/2023 7:40,17.37,2926.08,"","","",""
M4,4205,10/31/2023 7:45,17.37,3536.64,"","","",""
M4,4206,10/31/2023 7:50,17.41,3806.72,"","","",""
M4,4207,10/31/2023 7:55,17.46,4136.96,"","","",""
M4,4208,10/31/2023 8:00,17.5,5580.8,"","","",""
M4,4209,10/31/2023 8:05,17.54,8460.8,"","","",""
M4,4210,10/31/2023 8:10,17.54,10170.88,"","","",""
M4,4211,10/31/2023 8:15,17.59,10373.12,"","","",""
M4,4212,10/31/2023 8:20,17.54,8097.28,"","","",""
M4,4213,10/31/2023 8:25,17.63,7431.68,"","","",""
M4,4214,10/31/2023 8:30,17.67,6643.2,"","","",""
M4,4215,10/31/2023 8:35,17.67,15175.68,"","","",""
M4,4216,10/31/2023 8:40,17.67,16215.04,"","","",""
M4,4217,10/31/2023 8:45,17.72,12451.84,"","","",""
M4,4218,10/31/2023 8:50,17.72,12871.68,"","","",""
M4,4219,10/31/2023 8:55,17.76,22681.6,"","","",""
M4,4220,10/31/2023 9:00,17.76,14955.52,"","","",""
M4,4221,10/31/2023 9:05,17.8,19333.12,"","","",""
M4,4222,10/31/2023 9:10,17.84,21452.8,"","","",""
M4,4223,10/31/2023 9:15,17.84,26050.56,"","","",""
M4,4224,10/31/2023 9:20,17.84,22947.84,"","","",""
M4,4225,10/31/2023 9:25,17.89,14940.16,"","","",""
M4,4226,10/31/2023 9:30,17.89,21268.48,"","","",""
M4,4227,10/31/2023 9:35,17.93,13035.52,"","","",""
M4,4228,10/31/2023 9:40,17.97,21770.24,"","","",""
M4,4229,10/31/2023 9:45,17.97,21596.16,"","","",""
M4,4230,10/31/2023 9:50,18.02,23552,"","","",""
M4,4231,10/31/2023 9:55,18.02,27392,"","","",""
M4,4232,10/31/2023 10:00,18.02,33464.32,"","","",""
M4,4233,10/31/2023 10:05,18.02,31569.92,"","","",""
M4,4234,10/31/2023 10:10,18.06,30310.4,"","","",""
M4,4235,10/31/2023 10:15,18.1,19630.08,"","","",""
M4,4236,10/31/2023 10:20,18.1,64348.16,"","","",""
M4,4237,10/31/2023 10:25,18.14,29880.32,"","","",""
M4,4238,10/31/2023 10:30,18.14,32471.04,"","","",""
M4,4239,10/31/2023 10:35,18.19,42864.64,"","","",""
M4,4240,10/31/2023 10:40,18.19,29440,"","","",""
M4,4241,10/31/2023 10:45,18.23,25569.28,"","","",""
M4,4242,10/31/2023 10:50,18.27,33433.6,"","","",""
M4,4243,10/31/2023 10:55,18.27,43356.16,"","","",""
M4,4244,10/31/2023 11:00,18.27,75530.24,"","","",""
M4,4245,10/31/2023 11:05,18.36,53964.8,"","","",""
M4,4246,10/31/2023 11:10,18.4,34375.68,"","","",""
M4,4247,10/31/2023 11:15,18.4,70369.28,"","","",""
M4,4248,10/31/2023 11:20,18.4,38645.76,"","","",""
M4,4249,10/31/2023 11:25,18.49,39751.68,"","","",""
M4,4250,10/31/2023 11:30,18.53,34723.84,"","","",""
M4,4251,10/31/2023 11:35,18.53,45096.96,"","","",""
M4,4252,10/31/2023 11:40,18.57,43622.4,"","","",""
M4,4253,10/31/2023 11:45,18.62,36843.52,"","","",""
M4,4254,10/31/2023 11:50,18.62,50769.92,"","","",""
M4,4255,10/31/2023 11:55,18.66,56975.36,"","","",""
M4,4256,10/31/2023 12:00,18.62,39618.56,"","","",""
M4,4257,10/31/2023 12:05,18.66,28999.68,"","","",""
M4,4258,10/31/2023 12:10,18.7,58920.96,"","","",""
M4,4259,10/31/2023 12:15,18.66,50544.64,"","","",""
M4,4260,10/31/2023 12:20,18.79,46018.56,"","","",""
M4,4261,10/31/2023 12:25,18.79,27412.48,"","","",""
M4,4262,10/31/2023 12:30,18.83,29419.52,"","","",""
M4,4263,10/31/2023 12:35,18.83,38144,"","","",""
M4,4264,10/31/2023 12:40,18.87,36444.16,"","","",""
M4,4265,10/31/2023 12:45,18.92,46161.92,"","","",""
M4,4266,10/31/2023 12:50,18.92,24545.28,"","","",""
M4,4267,10/31/2023 12:55,18.92,30013.44,"","","",""
M4,4268,10/31/2023 13:00,18.96,40529.92,"","","",""
M4,4269,10/31/2023 13:05,18.92,56258.56,"","","",""
M4,4270,10/31/2023 13:10,18.96,34652.16,"","","",""
M4,4271,10/31/2023 13:15,19,58183.68,"","","",""
M4,4272,10/31/2023 13:20,19.09,27115.52,"","","",""
M4,4273,10/31/2023 13:25,19.13,38952.96,"","","",""
M4,4274,10/31/2023 13:30,19.09,24104.96,"","","",""
M4,4275,10/31/2023 13:35,19.13,47452.16,"","","",""
M4,4276,10/31/2023 13:40,19.17,42352.64,"","","",""
M4,4277,10/31/2023 13:45,19.17,28221.44,"","","",""
M4,4278,10/31/2023 13:50,19.17,70758.4,"","","",""
M4,4279,10/31/2023 13:55,19.26,48271.36,"","","",""
M4,4280,10/31/2023 14:00,19.3,39669.76,"","","",""
M4,4281,10/31/2023 14:05,19.35,52449.28,"","","",""
M4,4282,10/31/2023 14:10,19.35,29552.64,"","","",""
M4,4283,10/31/2023 14:15,20.03,33413.12,"","","",""
M4,4284,10/31/2023 14:20,19.6,40734.72,"","","",""
M4,4285,10/31/2023 14:25,19.65,42250.24,"","","",""
M4,4286,10/31/2023 14:30,19.73,38041.6,"","","",""
M4,4287,10/31/2023 14:35,20.8,26828.8,"","","",""
M4,4288,10/31/2023 14:40,21.19,44687.36,"","","",""
M4,4289,10/31/2023 14:45,21.28,30382.08,"","","",""
M4,4290,10/31/2023 14:50,21.28,45096.96,"","","",""
M4,4291,10/31/2023 14:55,21.28,37713.92,"","","",""
M4,4292,10/31/2023 15:00,22.18,84746.24,"","","",""
M4,4293,10/31/2023 15:05,21.96,29849.6,"","","",""
M4,4294,10/31/2023 15:10,22.86,30750.72,"","","",""
M4,4295,10/31/2023 15:15,22.31,20654.08,"","","",""
M4,4372,10/31/2023 21:40,17.29,0,"","","",""
M4,4373,10/31/2023 21:45,17.33,0.21,"","","",""
M4,4374,10/31/2023 21:50,17.33,0,"","","",""
M4,4375,10/31/2023 21:55,17.37,0,"","","",""
M4,4376,10/31/2023 22:00,17.37,0,"","","",""
M4,4377,10/31/2023 22:05,17.46,0,"","","",""
M4,4378,10/31/2023 22:10,17.46,0,"","","",""
M4,4379,10/31/2023 22:15,17.37,0,"","","",""
M4,4380,10/31/2023 22:20,17.46,0,"","","",""
M4,4381,10/31/2023 22:25,17.5,0,"","","",""
M4,4382,10/31/2023 22:30,17.46,0,"","","",""
M4,4383,10/31/2023 22:35,17.5,0,"","","",""
M4,4384,10/31/2023 22:40,17.46,0,"","","",""
M4,4385,10/31/2023 22:45,17.54,0,"","","",""
M4,4386,10/31/2023 22:50,17.5,0,"","","",""
M4,4387,10/31/2023 22:55,17.5,0,"","","",""
M4,4388,10/31/2023 23:00,17.5,0,"","","",""
M4,4389,10/31/2023 23:05,17.54,0,"","","",""
M4,4390,10/31/2023 23:10,17.5,0,"","","",""
M4,4391,10/31/2023 23:15,17.5,0,"","","",""
M4,4392,10/31/2023 23:20,17.54,0,"","","",""
M4,4393,10/31/2023 23:25,17.54,0,"","","",""
M4,4394,10/31/2023 23:30,17.54,0,"","","",""
M4,4395,10/31/2023 23:35,17.5,0,"","","",""
M4,4396,10/31/2023 23:40,17.46,0,"","","",""
M4,4397,10/31/2023 23:45,17.46,0,"","","",""
M4,4398,10/31/2023 23:50,17.5,0,"","","",""
M4,4399,10/31/2023 23:55,17.5,0,"","","",""
M4,4400,11/1/2023 0:00,17.46,0,"","","",""
M4,4401,11/1/2023 0:05,17.46,0,"","","",""
M4,4402,11/1/2023 0:10,17.46,0,"","","",""
M4,4403,11/1/2023 0:15,17.46,0,"","","",""
M4,4404,11/1/2023 0:20,17.5,0,"","","",""
M4,4405,11/1/2023 0:25,17.46,0,"","","",""
M4,4406,11/1/2023 0:30,17.46,0,"","","",""
M4,4407,11/1/2023 0:35,17.46,0,"","","",""
M4,4408,11/1/2023 0:40,17.46,0,"","","",""
M4,4409,11/1/2023 0:45,17.5,0,"","","",""
M4,4410,11/1/2023 0:50,17.46,0,"","","",""
M4,4411,11/1/2023 0:55,17.5,0.21,"","","",""
M4,4412,11/1/2023 1:00,17.41,0,"","","",""
M4,4413,11/1/2023 1:05,17.5,0,"","","",""
M4,4414,11/1/2023 1:10,17.46,0,"","","",""
M4,4415,11/1/2023 1:15,17.46,0,"","","",""
M4,4416,11/1/2023 1:20,17.46,0,"","","",""
M4,4417,11/1/2023 1:25,17.41,0,"","","",""
M4,4418,11/1/2023 1:30,17.41,0,"","","",""
M4,4419,11/1/2023 1:35,17.46,0,"","","",""
M4,4420,11/1/2023 1:40,17.46,0,"","","",""
M4,4421,11/1/2023 1:45,17.5,0,"","","",""
M4,4422,11/1/2023 1:50,17.41,0,"","","",""
M4,4423,11/1/2023 1:55,17.41,0,"","","",""
M4,4424,11/1/2023 2:00,17.41,0,"","","",""
M4,4425,11/1/2023 2:05,17.46,0,"","","",""
M4,4426,11/1/2023 2:10,17.41,0,"","","",""
M4,4427,11/1/2023 2:15,17.46,0,"","","",""
M4,4428,11/1/2023 2:20,17.41,0,"","","",""
M4,4429,11/1/2023 2:25,17.41,0,"","","",""
M4,4430,11/1/2023 2:30,17.41,0,"","","",""
M4,4431,11/1/2023 2:35,17.37,0,"","","",""
M4,4432,11/1/2023 2:40,17.37,0,"","","",""
M4,4433,11/1/2023 2:45,17.41,0,"","","",""
M4,4434,11/1/2023 2:50,17.33,0,"","","",""
M4,4435,11/1/2023 2:55,17.41,0,"","","",""
M4,4436,11/1/2023 3:00,17.37,0,"","","",""
M4,4437,11/1/2023 3:05,17.33,0,"","","",""
M4,4438,11/1/2023 3:10,17.33,0,"","","",""
M4,4439,11/1/2023 3:15,17.33,0,"","","",""
M4,4440,11/1/2023 3:20,17.29,0,"","","",""
M4,4441,11/1/2023 3:25,17.29,0,"","","",""
M4,4442,11/1/2023 3:30,17.29,0,"","","",""
M4,4443,11/1/2023 3:35,17.29,0,"","","",""
M4,4444,11/1/2023 3:40,17.29,0,"","","",""
M4,4445,11/1/2023 3:45,17.24,0,"","","",""
M4,4446,11/1/2023 3:50,17.24,0,"","","",""
M4,4447,11/1/2023 3:55,17.24,0,"","","",""
M4,4448,11/1/2023 4:00,17.24,0,"","","",""
M4,4449,11/1/2023 4:05,17.2,0,"","","",""
M4,4450,11/1/2023 4:10,17.16,0,"","","",""
M4,4451,11/1/2023 4:15,17.11,0,"","","",""
M4,4452,11/1/2023 4:20,17.16,0,"","","",""
M4,4453,11/1/2023 4:25,17.07,0,"","","",""
M4,4454,11/1/2023 4:30,17.07,0,"","","",""
M4,4455,11/1/2023 4:35,17.11,0,"","","",""
M4,4456,11/1/2023 4:40,17.11,0,"","","",""
M4,4457,11/1/2023 4:45,17.03,0,"","","",""
M4,4458,11/1/2023 4:50,17.11,0,"","","",""
M4,4459,11/1/2023 4:55,16.99,0,"","","",""
M4,4460,11/1/2023 5:00,17.07,0,"","","",""
M4,4461,11/1/2023 5:05,17.03,0,"","","",""
M4,4462,11/1/2023 5:10,17.03,0,"","","",""
M4,4463,11/1/2023 5:15,17.07,0,"","","",""
M4,4464,11/1/2023 5:20,17.07,0,"","","",""
M4,4465,11/1/2023 5:25,17.03,0,"","","",""
M4,4466,11/1/2023 5:30,17.03,0,"","","",""
M4,4467,11/1/2023 5:35,17.07,0,"","","",""
M4,4468,11/1/2023 5:40,17.03,0,"","","",""
M4,4469,11/1/2023 5:45,17.03,0,"","","",""
M4,4470,11/1/2023 5:50,17.07,0,"","","",""
M4,4471,11/1/2023 5:55,17.03,0,"","","",""
M4,4472,11/1/2023 6:00,17.03,0,"","","",""
M4,4473,11/1/2023 6:05,17.07,0,"","","",""
M4,4474,11/1/2023 6:10,17.07,0,"","","",""
M4,4475,11/1/2023 6:15,17.07,0,"","","",""
M4,4476,11/1/2023 6:20,17.03,0,"","","",""
M4,4477,11/1/2023 6:25,17.03,0,"","","",""
M4,4478,11/1/2023 6:30,17.07,0,"","","",""
M4,4479,11/1/2023 6:35,17.07,0,"","","",""
M4,4480,11/1/2023 6:40,17.07,0.65,"","","",""
M4,4481,11/1/2023 6:45,17.03,4.15,"","","",""
M4,4482,11/1/2023 6:50,17.07,5.47,"","","",""
M4,4483,11/1/2023 6:55,17.11,15.78,"","","",""
M4,4484,11/1/2023 7:00,17.07,57.62,"","","",""
M4,4485,11/1/2023 7:05,17.07,130.24,"","","",""
M4,4486,11/1/2023 7:10,17.11,265.68,"","","",""
M4,4487,11/1/2023 7:15,17.11,432,"","","",""
M4,4488,11/1/2023 7:20,17.11,641.28,"","","",""
M4,4489,11/1/2023 7:25,17.11,1413.12,"","","",""
M4,4490,11/1/2023 7:30,17.16,1856,"","","",""
M4,4491,11/1/2023 7:35,17.2,2001.28,"","","",""
M4,4492,11/1/2023 7:40,17.2,3111.68,"","","",""
M4,4493,11/1/2023 7:45,17.2,3718.4,"","","",""
M4,4494,11/1/2023 7:50,17.2,4331.52,"","","",""
M4,4495,11/1/2023 7:55,17.24,5708.8,"","","",""
M4,4496,11/1/2023 8:00,17.29,5693.44,"","","",""
M4,4497,11/1/2023 8:05,17.33,6720,"","","",""
M4,4498,11/1/2023 8:10,17.37,9630.72,"","","",""
M4,4499,11/1/2023 8:15,17.41,9960.96,"","","",""
M4,4500,11/1/2023 8:20,17.37,10204.16,"","","",""
M4,4501,11/1/2023 8:25,17.41,8824.32,"","","",""
M4,4502,11/1/2023 8:30,17.46,13644.8,"","","",""
M4,4503,11/1/2023 8:35,17.46,16174.08,"","","",""
M4,4504,11/1/2023 8:40,17.5,11422.72,"","","",""
M4,4505,11/1/2023 8:45,17.5,13501.44,"","","",""
M4,4506,11/1/2023 8:50,17.54,12375.04,"","","",""
M4,4507,11/1/2023 8:55,17.46,17290.24,"","","",""
M4,4508,11/1/2023 9:00,17.54,20720.64,"","","",""
M4,4509,11/1/2023 9:05,17.59,24555.52,"","","",""
M4,4510,11/1/2023 9:10,17.67,18667.52,"","","",""
M4,4511,11/1/2023 9:15,17.63,20541.44,"","","",""
M4,4512,11/1/2023 9:20,17.67,24576,"","","",""
M4,4513,11/1/2023 9:25,17.8,20592.64,"","","",""
M4,4514,11/1/2023 9:30,17.63,12359.68,"","","",""
M4,4515,11/1/2023 9:35,17.72,18457.6,"","","",""
M4,4516,11/1/2023 9:40,17.8,29921.28,"","","",""
M4,4517,11/1/2023 9:45,17.84,24217.6,"","","",""
M4,4518,11/1/2023 9:50,17.84,27013.12,"","","",""
M4,4519,11/1/2023 9:55,17.76,22435.84,"","","",""
M4,4520,11/1/2023 10:00,17.8,23255.04,"","","",""
M4,4521,11/1/2023 10:05,17.84,20628.48,"","","",""
M4,4522,11/1/2023 10:10,17.89,17305.6,"","","",""
M4,4523,11/1/2023 10:15,17.93,30085.12,"","","",""
M4,4524,11/1/2023 10:20,17.97,39997.44,"","","",""
M4,4525,11/1/2023 10:25,17.97,19107.84,"","","",""
M4,4526,11/1/2023 10:30,18.02,27494.4,"","","",""
M4,4527,11/1/2023 10:35,18.1,30382.08,"","","",""
M4,4528,11/1/2023 10:40,18.14,31907.84,"","","",""
M4,4529,11/1/2023 10:45,18.14,30914.56,"","","",""
M4,4530,11/1/2023 10:50,18.1,29644.8,"","","",""
M4,4531,11/1/2023 10:55,18.14,31211.52,"","","",""
M4,4532,11/1/2023 11:00,18.19,32512,"","","",""
M4,4533,11/1/2023 11:05,18.27,34611.2,"","","",""
M4,4534,11/1/2023 11:10,18.23,44912.64,"","","",""
M4,4535,11/1/2023 11:15,18.27,42168.32,"","","",""
M4,4536,11/1/2023 11:20,18.32,41881.6,"","","",""
M4,4537,11/1/2023 11:25,18.36,32583.68,"","","",""
M4,4538,11/1/2023 11:30,18.4,22149.12,"","","",""
M4,4539,11/1/2023 11:35,18.44,19752.96,"","","",""
M4,4540,11/1/2023 11:40,18.49,44748.8,"","","",""
M4,4541,11/1/2023 11:45,18.49,26419.2,"","","",""
M4,4542,11/1/2023 11:50,18.49,41062.4,"","","",""
M4,4543,11/1/2023 11:55,18.49,27494.4,"","","",""
M4,4544,11/1/2023 12:00,18.57,40642.56,"","","",""
M4,4545,11/1/2023 12:05,18.53,30504.96,"","","",""
M4,4546,11/1/2023 12:10,18.57,36321.28,"","","",""
M4,4547,11/1/2023 12:15,18.62,55603.2,"","","",""
M4,4548,11/1/2023 12:20,18.62,48107.52,"","","",""
M4,4549,11/1/2023 12:25,18.66,40540.16,"","","",""
M4,4550,11/1/2023 12:30,18.74,46284.8,"","","",""
M4,4551,11/1/2023 12:35,18.7,35164.16,"","","",""
M4,4552,11/1/2023 12:40,18.74,31057.92,"","","",""
M4,4553,11/1/2023 12:45,18.74,76902.4,"","","",""
M4,4554,11/1/2023 12:50,18.74,33413.12,"","","",""
M4,4555,11/1/2023 12:55,18.79,79933.44,"","","",""
M4,4556,11/1/2023 13:00,18.79,39639.04,"","","",""
M4,4557,11/1/2023 13:05,18.87,26828.8,"","","",""
M4,4558,11/1/2023 13:10,18.87,42475.52,"","","",""
M4,4559,11/1/2023 13:15,18.83,47943.68,"","","",""
M4,4560,11/1/2023 13:20,18.87,44933.12,"","","",""
M4,4561,11/1/2023 13:25,18.96,73072.64,"","","",""
M4,4562,11/1/2023 13:30,18.92,29583.36,"","","",""
M4,4563,11/1/2023 13:35,18.96,29552.64,"","","",""
M4,4564,11/1/2023 13:40,18.96,54374.4,"","","",""
M4,4565,11/1/2023 13:45,19,32204.8,"","","",""
M4,4566,11/1/2023 13:50,19,33628.16,"","","",""
M4,4567,11/1/2023 13:55,19,43130.88,"","","",""
M4,4568,11/1/2023 14:00,19.05,41922.56,"","","",""
M4,4569,11/1/2023 14:05,19.09,40734.72,"","","",""
M4,4570,11/1/2023 14:10,19.05,46694.4,"","","",""
M4,4571,11/1/2023 14:15,19.09,39659.52,"","","",""
M4,4572,11/1/2023 14:20,19.09,41861.12,"","","",""
M4,4573,11/1/2023 14:25,19.13,47759.36,"","","",""
M4,4574,11/1/2023 14:30,19.17,39936,"","","",""
M4,4575,11/1/2023 14:35,19.13,31713.28,"","","",""
M4,4576,11/1/2023 14:40,19.17,24360.96,"","","",""
M4,4577,11/1/2023 14:45,19.22,38952.96,"","","",""
M4,4578,11/1/2023 14:50,19.22,31232,"","","",""
M4,4579,11/1/2023 14:55,19.26,21237.76,"","","",""
M4,4580,11/1/2023 15:00,19.6,34334.72,"","","",""
M4,4581,11/1/2023 15:05,19.47,39413.76,"","","",""
M4,4582,11/1/2023 15:10,19.86,68096,"","","",""
M4,4583,11/1/2023 15:15,19.56,24555.52,"","","",""
M4,4584,11/1/2023 15:20,19.65,22149.12,"","","",""
M4,4585,11/1/2023 15:25,20.42,55418.88,"","","",""
M4,4586,11/1/2023 15:30,20.07,25036.8,"","","",""
M4,4587,11/1/2023 15:35,20.8,53432.32,"","","",""
M4,4588,11/1/2023 15:40,20.98,19701.76,"","","",""
M4,4589,11/1/2023 15:45,21.02,14074.88,"","","",""
M4,4590,11/1/2023 15:50,21.19,16179.2,"","","",""
M4,4591,11/1/2023 15:55,21.36,14607.36,"","","",""
M4,4592,11/1/2023 16:00,21.7,45547.52,"","","",""
M4,4593,11/1/2023 16:05,21.23,21073.92,"","","",""
M4,4594,11/1/2023 16:10,21.06,44748.8,"","","",""
M4,4595,11/1/2023 16:15,21.53,46039.04,"","","",""
M4,4671,11/1/2023 22:35,16.86,0,"","","",""
M4,4672,11/1/2023 22:40,16.9,0,"","","",""
M4,4673,11/1/2023 22:45,16.99,0,"","","",""
M4,4674,11/1/2023 22:50,17.03,0,"","","",""
M4,4675,11/1/2023 22:55,17.03,0,"","","",""
M4,4676,11/1/2023 23:00,16.99,0,"","","",""
M4,4677,11/1/2023 23:05,17.03,0,"","","",""
M4,4678,11/1/2023 23:10,17.11,0,"","","",""
M4,4679,11/1/2023 23:15,17.07,0,"","","",""
M4,4680,11/1/2023 23:20,17.16,0,"","","",""
M4,4681,11/1/2023 23:25,17.16,0,"","","",""
M4,4682,11/1/2023 23:30,17.2,0,"","","",""
M4,4683,11/1/2023 23:35,17.2,0,"","","",""
M4,4684,11/1/2023 23:40,17.2,0,"","","",""
M4,4685,11/1/2023 23:45,17.2,0,"","","",""
M4,4686,11/1/2023 23:50,17.2,0,"","","",""
M4,4687,11/1/2023 23:55,17.2,0,"","","",""
M4,4688,11/2/2023 0:00,17.2,0,"","","",""
M4,4689,11/2/2023 0:05,17.24,0,"","","",""
M4,4690,11/2/2023 0:10,17.2,0,"","","",""
M4,4691,11/2/2023 0:15,17.2,0,"","","",""
M4,4692,11/2/2023 0:20,17.2,0,"","","",""
M4,4693,11/2/2023 0:25,17.24,0,"","","",""
M4,4694,11/2/2023 0:30,17.24,0,"","","",""
M4,4695,11/2/2023 0:35,17.2,0,"","","",""
M4,4696,11/2/2023 0:40,17.29,0,"","","",""
M4,4697,11/2/2023 0:45,17.29,0,"","","",""
M4,4698,11/2/2023 0:50,17.29,0,"","","",""
M4,4699,11/2/2023 0:55,17.33,0,"","","",""
M4,4700,11/2/2023 1:00,17.37,0,"","","",""
M4,4701,11/2/2023 1:05,17.33,0,"","","",""
M4,4702,11/2/2023 1:10,17.33,0,"","","",""
M4,4703,11/2/2023 1:15,17.33,0,"","","",""
M4,4704,11/2/2023 1:20,17.37,0,"","","",""
M4,4705,11/2/2023 1:25,17.37,0,"","","",""
M4,4706,11/2/2023 1:30,17.33,0.21,"","","",""
M4,4707,11/2/2023 1:35,17.37,0,"","","",""
M4,4708,11/2/2023 1:40,17.37,0,"","","",""
M4,4709,11/2/2023 1:45,17.33,0,"","","",""
M4,4710,11/2/2023 1:50,17.33,0,"","","",""
M4,4711,11/2/2023 1:55,17.37,0,"","","",""
M4,4712,11/2/2023 2:00,17.33,0,"","","",""
M4,4713,11/2/2023 2:05,17.33,0,"","","",""
M4,4714,11/2/2023 2:10,17.33,0,"","","",""
M4,4715,11/2/2023 2:15,17.37,0,"","","",""
M4,4716,11/2/2023 2:20,17.37,0,"","","",""
M4,4717,11/2/2023 2:25,17.37,0,"","","",""
M4,4718,11/2/2023 2:30,17.37,0,"","","",""
M4,4719,11/2/2023 2:35,17.37,0,"","","",""
M4,4720,11/2/2023 2:40,17.37,0,"","","",""
M4,4721,11/2/2023 2:45,17.37,0,"","","",""
M4,4722,11/2/2023 2:50,17.33,0,"","","",""
M4,4723,11/2/2023 2:55,17.37,0,"","","",""
M4,4724,11/2/2023 3:00,17.33,0,"","","",""
M4,4725,11/2/2023 3:05,17.33,0,"","","",""
M4,4726,11/2/2023 3:10,17.33,0,"","","",""
M4,4727,11/2/2023 3:15,17.29,0,"","","",""
M4,4728,11/2/2023 3:20,17.29,0,"","","",""
M4,4729,11/2/2023 3:25,17.29,0,"","","",""
M4,4730,11/2/2023 3:30,17.33,0,"","","",""
M4,4731,11/2/2023 3:35,17.29,0,"","","",""
M4,4732,11/2/2023 3:40,17.29,0,"","","",""
M4,4733,11/2/2023 3:45,17.33,0,"","","",""
M4,4734,11/2/2023 3:50,17.29,0,"","","",""
M4,4735,11/2/2023 3:55,17.33,0,"","","",""
M4,4736,11/2/2023 4:00,17.29,0,"","","",""
M4,4737,11/2/2023 4:05,17.33,0,"","","",""
M4,4738,11/2/2023 4:10,17.29,0,"","","",""
M4,4739,11/2/2023 4:15,17.29,0,"","","",""
M4,4740,11/2/2023 4:20,17.24,0,"","","",""
M4,4741,11/2/2023 4:25,17.2,0,"","","",""
M4,4742,11/2/2023 4:30,17.29,0,"","","",""
M4,4743,11/2/2023 4:35,17.29,0,"","","",""
M4,4744,11/2/2023 4:40,17.24,0,"","","",""
M4,4745,11/2/2023 4:45,17.29,0,"","","",""
M4,4746,11/2/2023 4:50,17.29,0,"","","",""
M4,4747,11/2/2023 4:55,17.29,0,"","","",""
M4,4748,11/2/2023 5:00,17.24,0,"","","",""
M4,4749,11/2/2023 5:05,17.24,0,"","","",""
M4,4750,11/2/2023 5:10,17.2,0,"","","",""
M4,4751,11/2/2023 5:15,17.2,0,"","","",""
M4,4752,11/2/2023 5:20,17.2,0,"","","",""
M4,4753,11/2/2023 5:25,17.2,0,"","","",""
M4,4754,11/2/2023 5:30,17.16,0,"","","",""
M4,4755,11/2/2023 5:35,17.16,0,"","","",""
M4,4756,11/2/2023 5:40,17.11,0,"","","",""
M4,4757,11/2/2023 5:45,17.11,0,"","","",""
M4,4758,11/2/2023 5:50,17.11,0,"","","",""
M4,4759,11/2/2023 5:55,17.16,0,"","","",""
M4,4760,11/2/2023 6:00,17.11,0,"","","",""
M4,4761,11/2/2023 6:05,17.07,0,"","","",""
M4,4762,11/2/2023 6:10,17.11,0,"","","",""
M4,4763,11/2/2023 6:15,17.16,0,"","","",""
M4,4764,11/2/2023 6:20,17.11,0,"","","",""
M4,4765,11/2/2023 6:25,17.16,0,"","","",""
M4,4766,11/2/2023 6:30,17.16,0,"","","",""
M4,4767,11/2/2023 6:35,17.16,0,"","","",""
M4,4768,11/2/2023 6:40,17.2,0.21,"","","",""
M4,4769,11/2/2023 6:45,17.16,1.31,"","","",""
M4,4770,11/2/2023 6:50,17.2,5.03,"","","",""
M4,4771,11/2/2023 6:55,17.16,17.78,"","","",""
M4,4772,11/2/2023 7:00,17.16,40.82,"","","",""
M4,4773,11/2/2023 7:05,17.16,101.12,"","","",""
M4,4774,11/2/2023 7:10,17.16,190.88,"","","",""
M4,4775,11/2/2023 7:15,17.2,345.6,"","","",""
M4,4776,11/2/2023 7:20,17.2,703.68,"","","",""
M4,4777,11/2/2023 7:25,17.2,1029.44,"","","",""
M4,4778,11/2/2023 7:30,17.2,1384.96,"","","",""
M4,4779,11/2/2023 7:35,17.2,1527.68,"","","",""
M4,4780,11/2/2023 7:40,17.24,2909.44,"","","",""
M4,4781,11/2/2023 7:45,17.33,3256.32,"","","",""
M4,4782,11/2/2023 7:50,17.29,3239.68,"","","",""
M4,4783,11/2/2023 7:55,17.33,3697.92,"","","",""
M4,4784,11/2/2023 8:00,17.33,4700.16,"","","",""
M4,4785,11/2/2023 8:05,17.37,5798.4,"","","",""
M4,4786,11/2/2023 8:10,17.37,8578.56,"","","",""
M4,4787,11/2/2023 8:15,17.41,10547.2,"","","",""
M4,4788,11/2/2023 8:20,17.46,9671.68,"","","",""
M4,4789,11/2/2023 8:25,17.5,17438.72,"","","",""
M4,4790,11/2/2023 8:30,17.5,9308.16,"","","",""
M4,4791,11/2/2023 8:35,17.54,8391.68,"","","",""
M4,4792,11/2/2023 8:40,17.54,15252.48,"","","",""
M4,4793,11/2/2023 8:45,17.59,11366.4,"","","",""
M4,4794,11/2/2023 8:50,17.63,17971.2,"","","",""
M4,4795,11/2/2023 8:55,17.67,15267.84,"","","",""
M4,4796,11/2/2023 9:00,17.67,15098.88,"","","",""
M4,4797,11/2/2023 9:05,17.67,18237.44,"","","",""
M4,4798,11/2/2023 9:10,17.72,13573.12,"","","",""
M4,4799,11/2/2023 9:15,17.76,19072,"","","",""
M4,4800,11/2/2023 9:20,17.76,30392.32,"","","",""
M4,4801,11/2/2023 9:25,17.8,18785.28,"","","",""
M4,4802,11/2/2023 9:30,17.84,16015.36,"","","",""
M4,4803,11/2/2023 9:35,17.89,34426.88,"","","",""
M4,4804,11/2/2023 9:40,17.89,24463.36,"","","",""
M4,4805,11/2/2023 9:45,17.93,18959.36,"","","",""
M4,4806,11/2/2023 9:50,17.93,17459.2,"","","",""
M4,4807,11/2/2023 9:55,17.97,27924.48,"","","",""
M4,4808,11/2/2023 10:00,18.02,37734.4,"","","",""
M4,4809,11/2/2023 10:05,18.02,28170.24,"","","",""
M4,4810,11/2/2023 10:10,18.06,36085.76,"","","",""
M4,4811,11/2/2023 10:15,18.14,32993.28,"","","",""
M4,4812,11/2/2023 10:20,18.1,33116.16,"","","",""
M4,4813,11/2/2023 10:25,18.14,30269.44,"","","",""
M4,4814,11/2/2023 10:30,18.23,36894.72,"","","",""
M4,4815,11/2/2023 10:35,18.23,46919.68,"","","",""
M4,4816,11/2/2023 10:40,18.23,56483.84,"","","",""
M4,4817,11/2/2023 10:45,18.27,41390.08,"","","",""
M4,4818,11/2/2023 10:50,18.32,41574.4,"","","",""
M4,4819,11/2/2023 10:55,18.4,48066.56,"","","",""
M4,4820,11/2/2023 11:00,18.36,47902.72,"","","",""
M4,4821,11/2/2023 11:05,18.36,46530.56,"","","",""
M4,4822,11/2/2023 11:10,18.44,51179.52,"","","",""
M4,4823,11/2/2023 11:15,18.32,46325.76,"","","",""
M4,4824,11/2/2023 11:20,18.49,73297.92,"","","",""
M4,4825,11/2/2023 11:25,18.49,32194.56,"","","",""
M4,4826,11/2/2023 11:30,18.53,63651.84,"","","",""
M4,4827,11/2/2023 11:35,18.57,33986.56,"","","",""
M4,4828,11/2/2023 11:40,18.62,46940.16,"","","",""
M4,4829,11/2/2023 11:45,18.62,42557.44,"","","",""
M4,4830,11/2/2023 11:50,18.66,45895.68,"","","",""
M4,4831,11/2/2023 11:55,18.62,40724.48,"","","",""
M4,4832,11/2/2023 12:00,18.7,44462.08,"","","",""
M4,4833,11/2/2023 12:05,18.7,36280.32,"","","",""
M4,4834,11/2/2023 12:10,18.7,21411.84,"","","",""
M4,4835,11/2/2023 12:15,18.74,40970.24,"","","",""
M4,4836,11/2/2023 12:20,18.74,54087.68,"","","",""
M4,4837,11/2/2023 12:25,18.79,32962.56,"","","",""
M4,4838,11/2/2023 12:30,18.83,39823.36,"","","",""
M4,4839,11/2/2023 12:35,18.87,41390.08,"","","",""
M4,4840,11/2/2023 12:40,18.79,24883.2,"","","",""
M4,4841,11/2/2023 12:45,18.87,53903.36,"","","",""
M4,4842,11/2/2023 12:50,18.87,69365.76,"","","",""
M4,4843,11/2/2023 12:55,18.92,42004.48,"","","",""
M4,4844,11/2/2023 13:00,18.92,45322.24,"","","",""
M4,4845,11/2/2023 13:05,18.96,82759.68,"","","",""
M4,4846,11/2/2023 13:10,18.92,55828.48,"","","",""
M4,4847,11/2/2023 13:15,18.96,35584,"","","",""
M4,4848,11/2/2023 13:20,19.05,34949.12,"","","",""
M4,4849,11/2/2023 13:25,19.05,31641.6,"","","",""
M4,4850,11/2/2023 13:30,19,36280.32,"","","",""
M4,4851,11/2/2023 13:35,19,64491.52,"","","",""
M4,4852,11/2/2023 13:40,19.05,35092.48,"","","",""
M4,4853,11/2/2023 13:45,18.96,37232.64,"","","",""
M4,4854,11/2/2023 13:50,19.05,63856.64,"","","",""
M4,4855,11/2/2023 13:55,19.09,31877.12,"","","",""
M4,4856,11/2/2023 14:00,19.05,34334.72,"","","",""
M4,4857,11/2/2023 14:05,19.13,42618.88,"","","",""
M4,4858,11/2/2023 14:10,19.17,59555.84,"","","",""
M4,4859,11/2/2023 14:15,19.09,35051.52,"","","",""
M4,4860,11/2/2023 14:20,19.13,34979.84,"","","",""
M4,4861,11/2/2023 14:25,19.13,42823.68,"","","",""
M4,4862,11/2/2023 14:30,19.13,22528,"","","",""
M4,4863,11/2/2023 14:35,19.13,24299.52,"","","",""
M4,4864,11/2/2023 14:40,19.09,30453.76,"","","",""
M4,4865,11/2/2023 14:45,19.17,32675.84,"","","",""
M4,4866,11/2/2023 14:50,19.17,43745.28,"","","",""
M4,4867,11/2/2023 14:55,19.17,31703.04,"","","",""
M4,4868,11/2/2023 15:00,19.17,34222.08,"","","",""
M4,4869,11/2/2023 15:05,19.17,20741.12,"","","",""
M4,4870,11/2/2023 15:10,19.13,25948.16,"","","",""
M4,4871,11/2/2023 15:15,19.22,25466.88,"","","",""
M4,4872,11/2/2023 15:20,19.22,27801.6,"","","",""
M4,4873,11/2/2023 15:25,19.26,39884.8,"","","",""
M4,4874,11/2/2023 15:30,19.13,23480.32,"","","",""
M4,4875,11/2/2023 15:35,19.22,25610.24,"","","",""
M4,4876,11/2/2023 15:40,19.22,22435.84,"","","",""
M4,4877,11/2/2023 15:45,19.26,26071.04,"","","",""
M4,4878,11/2/2023 15:50,19.65,48128,"","","",""
M4,4879,11/2/2023 15:55,19.56,17300.48,"","","",""
M4,4880,11/2/2023 16:00,19.26,19840,"","","",""
M4,4881,11/2/2023 16:05,19.39,15155.2,"","","",""
M4,4882,11/2/2023 16:10,19.35,24698.88,"","","",""
M4,4883,11/2/2023 16:15,19.52,13742.08,"","","",""
M4,4884,11/2/2023 16:20,19.56,6745.6,"","","",""
M4,4885,11/2/2023 16:25,19.95,44912.64,"","","",""
M4,4886,11/2/2023 16:30,20.29,11427.84,"","","",""
M4,4887,11/2/2023 16:35,19.65,12523.52,"","","",""
M4,4888,11/2/2023 16:40,20.2,42086.4,"","","",""
M4,4889,11/2/2023 16:45,19.99,35061.76,"","","",""
M4,4890,11/2/2023 16:50,19.95,6161.92,"","","",""
M4,4891,11/2/2023 16:55,19.9,29665.28,"","","",""
M4,4892,11/2/2023 17:00,20.03,30259.2,"","","",""
M4,4893,11/2/2023 17:05,19.82,23234.56,"","","",""
M4,4894,11/2/2023 17:10,19.99,7633.92,"","","",""
M4,4895,11/2/2023 17:15,19.73,18022.4,"","","",""
