Plot,#,Date-Time (PDT),Ch:1 - Temperature   (°C),Ch:2 - Light   (lux),Button Down,Button Up,Host Connected,End of File
M6,36,10/16/2023 20:10,18.83,"","","","",
M6,37,10/16/2023 20:15,18.83,"","","","",
M6,38,10/16/2023 20:20,18.83,"","","","",
M6,39,10/16/2023 20:25,18.83,"","","","",
M6,40,10/16/2023 20:30,18.83,"","","","",
M6,41,10/16/2023 20:35,18.83,"","","","",
M6,42,10/16/2023 20:40,18.83,"","","","",
M6,43,10/16/2023 20:45,18.83,"","","","",
M6,44,10/16/2023 20:50,18.79,"","","","",
M6,45,10/16/2023 20:55,18.79,"","","","",
M6,46,10/16/2023 21:00,18.79,"","","","",
M6,47,10/16/2023 21:05,18.79,"","","","",
M6,48,10/16/2023 21:10,18.79,"","","","",
M6,49,10/16/2023 21:15,18.74,"","","","",
M6,50,10/16/2023 21:20,18.79,"","","","",
M6,51,10/16/2023 21:25,18.79,"","","","",
M6,52,10/16/2023 21:30,18.7,"","","","",
M6,53,10/16/2023 21:35,18.66,"","","","",
M6,54,10/16/2023 21:40,18.7,"","","","",
M6,55,10/16/2023 21:45,18.7,"","","","",
M6,56,10/16/2023 21:50,18.66,"","","","",
M6,57,10/16/2023 21:55,18.7,"","","","",
M6,58,10/16/2023 22:00,18.66,"","","","",
M6,59,10/16/2023 22:05,18.66,"","","","",
M6,60,10/16/2023 22:10,18.7,"","","","",
M6,61,10/16/2023 22:15,18.66,"","","","",
M6,62,10/16/2023 22:20,18.62,"","","","",
M6,63,10/16/2023 22:25,18.66,"","","","",
M6,64,10/16/2023 22:30,18.62,"","","","",
M6,65,10/16/2023 22:35,18.62,"","","","",
M6,66,10/16/2023 22:40,18.57,"","","","",
M6,67,10/16/2023 22:45,18.57,"","","","",
M6,68,10/16/2023 22:50,18.62,"","","","",
M6,69,10/16/2023 22:55,18.49,"","","","",
M6,70,10/16/2023 23:00,18.49,"","","","",
M6,71,10/16/2023 23:05,18.44,"","","","",
M6,72,10/16/2023 23:10,18.49,"","","","",
M6,73,10/16/2023 23:15,18.53,"","","","",
M6,74,10/16/2023 23:20,18.44,"","","","",
M6,75,10/16/2023 23:25,18.44,"","","","",
M6,76,10/16/2023 23:30,18.36,"","","","",
M6,77,10/16/2023 23:35,18.4,"","","","",
M6,78,10/16/2023 23:40,18.32,"","","","",
M6,79,10/16/2023 23:45,18.32,"","","","",
M6,80,10/16/2023 23:50,18.19,"","","","",
M6,81,10/16/2023 23:55,18.19,"","","","",
M6,82,10/17/2023 0:00,18.27,"","","","",
M6,83,10/17/2023 0:05,18.14,"","","","",
M6,84,10/17/2023 0:10,18.19,"","","","",
M6,85,10/17/2023 0:15,18.1,"","","","",
M6,86,10/17/2023 0:20,18.14,"","","","",
M6,87,10/17/2023 0:25,18.23,"","","","",
M6,88,10/17/2023 0:30,18.19,"","","","",
M6,89,10/17/2023 0:35,18.14,"","","","",
M6,90,10/17/2023 0:40,18.23,"","","","",
M6,91,10/17/2023 0:45,18.19,"","","","",
M6,92,10/17/2023 0:50,18.23,"","","","",
M6,93,10/17/2023 0:55,18.32,"","","","",
M6,94,10/17/2023 1:00,18.32,"","","","",
M6,95,10/17/2023 1:05,18.23,"","","","",
M6,96,10/17/2023 1:10,18.23,"","","","",
M6,97,10/17/2023 1:15,18.14,"","","","",
M6,98,10/17/2023 1:20,18.19,"","","","",
M6,99,10/17/2023 1:25,18.14,"","","","",
M6,100,10/17/2023 1:30,18.14,"","","","",
M6,101,10/17/2023 1:35,18.19,"","","","",
M6,102,10/17/2023 1:40,18.14,"","","","",
M6,103,10/17/2023 1:45,18.14,"","","","",
M6,104,10/17/2023 1:50,18.14,"","","","",
M6,105,10/17/2023 1:55,18.06,"","","","",
M6,106,10/17/2023 2:00,18.06,"","","","",
M6,107,10/17/2023 2:05,18.14,"","","","",
M6,108,10/17/2023 2:10,18.19,"","","","",
M6,109,10/17/2023 2:15,18.19,"","","","",
M6,110,10/17/2023 2:20,18.19,"","","","",
M6,111,10/17/2023 2:25,18.14,"","","","",
M6,112,10/17/2023 2:30,18.19,"","","","",
M6,113,10/17/2023 2:35,18.19,"","","","",
M6,114,10/17/2023 2:40,18.14,"","","","",
M6,115,10/17/2023 2:45,18.14,"","","","",
M6,116,10/17/2023 2:50,18.19,"","","","",
M6,117,10/17/2023 2:55,18.19,"","","","",
M6,118,10/17/2023 3:00,18.23,"","","","",
M6,119,10/17/2023 3:05,18.23,"","","","",
M6,120,10/17/2023 3:10,18.19,"","","","",
M6,121,10/17/2023 3:15,18.1,"","","","",
M6,122,10/17/2023 3:20,18.14,"","","","",
M6,123,10/17/2023 3:25,18.14,"","","","",
M6,124,10/17/2023 3:30,18.1,"","","","",
M6,125,10/17/2023 3:35,18.14,"","","","",
M6,126,10/17/2023 3:40,18.14,"","","","",
M6,127,10/17/2023 3:45,18.14,"","","","",
M6,128,10/17/2023 3:50,18.1,"","","","",
M6,129,10/17/2023 3:55,18.14,"","","","",
M6,130,10/17/2023 4:00,18.1,"","","","",
M6,131,10/17/2023 4:05,18.14,"","","","",
M6,140,10/17/2023 4:50,18.06,"","","","",
M6,141,10/17/2023 4:55,18.06,"","","","",
M6,142,10/17/2023 5:00,18.06,"","","","",
M6,143,10/17/2023 5:05,18.06,"","","","",
M6,144,10/17/2023 5:10,18.06,"","","","",
M6,145,10/17/2023 5:15,18.06,"","","","",
M6,146,10/17/2023 5:20,18.06,"","","","",
M6,147,10/17/2023 5:25,18.06,"","","","",
M6,148,10/17/2023 5:30,18.06,"","","","",
M6,149,10/17/2023 5:35,18.06,"","","","",
M6,150,10/17/2023 5:40,18.02,"","","","",
M6,151,10/17/2023 5:45,18.02,"","","","",
M6,152,10/17/2023 5:50,18.02,"","","","",
M6,153,10/17/2023 5:55,17.97,"","","","",
M6,154,10/17/2023 6:00,18.02,"","","","",
M6,155,10/17/2023 6:05,18.02,"","","","",
M6,156,10/17/2023 6:10,18.02,"","","","",
M6,157,10/17/2023 6:15,18.06,"","","","",
M6,158,10/17/2023 6:20,18.02,"","","","",
M6,159,10/17/2023 6:25,18.02,"","","","",
M6,160,10/17/2023 6:30,18.02,"","","","",
M6,161,10/17/2023 6:35,18.06,"","","","",
M6,162,10/17/2023 6:40,17.97,"","","","",
M6,163,10/17/2023 6:45,17.93,"","","","",
M6,164,10/17/2023 6:50,17.97,"","","","",
M6,165,10/17/2023 6:55,18.02,"","","","",
M6,166,10/17/2023 7:00,18.02,"","","","",
M6,167,10/17/2023 7:05,17.97,"","","","",
M6,168,10/17/2023 7:10,17.97,"","","","",
M6,169,10/17/2023 7:15,17.93,"","","","",
M6,170,10/17/2023 7:20,18.02,"","","","",
M6,171,10/17/2023 7:25,17.97,"","","","",
M6,172,10/17/2023 7:30,18.02,"","","","",
M6,173,10/17/2023 7:35,17.97,"","","","",
M6,174,10/17/2023 7:40,17.93,"","","","",
M6,175,10/17/2023 7:45,17.97,"","","","",
M6,176,10/17/2023 7:50,18.02,"","","","",
M6,177,10/17/2023 7:55,18.02,"","","","",
M6,178,10/17/2023 8:00,18.06,"","","","",
M6,179,10/17/2023 8:05,18.06,"","","","",
M6,180,10/17/2023 8:10,18.06,"","","","",
M6,181,10/17/2023 8:15,18.06,"","","","",
M6,182,10/17/2023 8:20,18.1,"","","","",
M6,183,10/17/2023 8:25,18.1,"","","","",
M6,184,10/17/2023 8:30,18.14,"","","","",
M6,185,10/17/2023 8:35,18.14,"","","","",
M6,186,10/17/2023 8:40,18.14,"","","","",
M6,187,10/17/2023 8:45,18.14,"","","","",
M6,188,10/17/2023 8:50,18.14,"","","","",
M6,189,10/17/2023 8:55,18.14,"","","","",
M6,190,10/17/2023 9:00,18.23,"","","","",
M6,191,10/17/2023 9:05,18.19,"","","","",
M6,192,10/17/2023 9:10,18.19,"","","","",
M6,193,10/17/2023 9:15,18.19,"","","","",
M6,194,10/17/2023 9:20,18.23,"","","","",
M6,195,10/17/2023 9:25,18.27,"","","","",
M6,196,10/17/2023 9:30,18.23,"","","","",
M6,197,10/17/2023 9:35,18.23,"","","","",
M6,198,10/17/2023 9:40,18.27,"","","","",
M6,199,10/17/2023 9:45,18.19,"","","","",
M6,200,10/17/2023 9:50,18.19,"","","","",
M6,201,10/17/2023 9:55,18.14,"","","","",
M6,202,10/17/2023 10:00,18.1,"","","","",
M6,203,10/17/2023 10:05,18.1,"","","","",
M6,204,10/17/2023 10:10,18.14,"","","","",
M6,205,10/17/2023 10:15,18.1,"","","","",
M6,206,10/17/2023 10:20,18.06,"","","","",
M6,207,10/17/2023 10:25,18.06,"","","","",
M6,208,10/17/2023 10:30,18.06,"","","","",
M6,209,10/17/2023 10:35,18.02,"","","","",
M6,210,10/17/2023 10:40,18.02,"","","","",
M6,211,10/17/2023 10:45,17.97,"","","","",
M6,212,10/17/2023 10:50,17.97,"","","","",
M6,213,10/17/2023 10:55,17.89,"","","","",
M6,214,10/17/2023 11:00,17.84,"","","","",
M6,215,10/17/2023 11:05,17.84,"","","","",
M6,216,10/17/2023 11:10,17.93,"","","","",
M6,217,10/17/2023 11:15,18.14,"","","","",
M6,218,10/17/2023 11:20,18.14,"","","","",
M6,219,10/17/2023 11:25,18.23,"","","","",
M6,220,10/17/2023 11:30,18.62,"","","","",
M6,221,10/17/2023 11:35,18.66,"","","","",
M6,222,10/17/2023 11:40,18.62,"","","","",
M6,223,10/17/2023 11:45,18.7,"","","","",
M6,224,10/17/2023 11:50,18.7,"","","","",
M6,225,10/17/2023 11:55,18.83,"","","","",
M6,226,10/17/2023 12:00,18.83,"","","","",
M6,227,10/17/2023 12:05,18.79,"","","","",
M6,228,10/17/2023 12:10,19.09,"","","","",
M6,229,10/17/2023 12:15,18.92,"","","","",
M6,230,10/17/2023 12:20,19.3,"","","","",
M6,231,10/17/2023 12:25,19.17,"","","","",
M6,232,10/17/2023 12:30,19.22,"","","","",
M6,233,10/17/2023 12:35,19.35,"","","","",
M6,234,10/17/2023 12:40,19.35,"","","","",
M6,235,10/17/2023 12:45,19.39,"","","","",
M6,236,10/17/2023 12:50,19.17,"","","","",
M6,237,10/17/2023 12:55,19.17,"","","","",
M6,238,10/17/2023 13:00,19.22,"","","","",
M6,239,10/17/2023 13:05,19,"","","","",
M6,240,10/17/2023 13:10,19.3,"","","","",
M6,241,10/17/2023 13:15,19.35,"","","","",
M6,242,10/17/2023 13:20,19.56,"","","","",
M6,243,10/17/2023 13:25,19.43,"","","","",
M6,244,10/17/2023 13:30,19.35,"","","","",
M6,245,10/17/2023 13:35,19.39,"","","","",
M6,246,10/17/2023 13:40,19.47,"","","","",
M6,247,10/17/2023 13:45,19.39,"","","","",
M6,248,10/17/2023 13:50,19.47,"","","","",
M6,249,10/17/2023 13:55,19.6,"","","","",
M6,250,10/17/2023 14:00,19.6,"","","","",
M6,251,10/17/2023 14:05,19.6,"","","","",
M6,252,10/17/2023 14:10,19.95,"","","","",
M6,253,10/17/2023 14:15,19.95,"","","","",
M6,254,10/17/2023 14:20,20.03,"","","","",
M6,255,10/17/2023 14:25,20.12,"","","","",
M6,256,10/17/2023 14:30,20.33,"","","","",
M6,257,10/17/2023 14:35,20.46,"","","","",
M6,258,10/17/2023 14:40,20.63,"","","","",
M6,259,10/17/2023 14:45,21.02,"","","","",
M6,260,10/17/2023 14:50,20.98,"","","","",
M6,335,10/17/2023 21:05,19.73,"","","","",
M6,336,10/17/2023 21:10,19.77,"","","","",
M6,337,10/17/2023 21:15,19.73,"","","","",
M6,338,10/17/2023 21:20,19.77,"","","","",
M6,339,10/17/2023 21:25,19.73,"","","","",
M6,340,10/17/2023 21:30,19.73,"","","","",
M6,341,10/17/2023 21:35,19.73,"","","","",
M6,342,10/17/2023 21:40,19.73,"","","","",
M6,343,10/17/2023 21:45,19.73,"","","","",
M6,344,10/17/2023 21:50,19.73,"","","","",
M6,345,10/17/2023 21:55,19.77,"","","","",
M6,346,10/17/2023 22:00,19.69,"","","","",
M6,347,10/17/2023 22:05,19.69,"","","","",
M6,348,10/17/2023 22:10,19.69,"","","","",
M6,349,10/17/2023 22:15,19.73,"","","","",
M6,350,10/17/2023 22:20,19.65,"","","","",
M6,351,10/17/2023 22:25,19.65,"","","","",
M6,352,10/17/2023 22:30,19.73,"","","","",
M6,353,10/17/2023 22:35,19.73,"","","","",
M6,354,10/17/2023 22:40,19.73,"","","","",
M6,355,10/17/2023 22:45,19.69,"","","","",
M6,356,10/17/2023 22:50,19.69,"","","","",
M6,357,10/17/2023 22:55,19.65,"","","","",
M6,358,10/17/2023 23:00,19.69,"","","","",
M6,359,10/17/2023 23:05,19.65,"","","","",
M6,360,10/17/2023 23:10,19.65,"","","","",
M6,361,10/17/2023 23:15,19.65,"","","","",
M6,362,10/17/2023 23:20,19.65,"","","","",
M6,363,10/17/2023 23:25,19.6,"","","","",
M6,364,10/17/2023 23:30,19.56,"","","","",
M6,365,10/17/2023 23:35,19.56,"","","","",
M6,366,10/17/2023 23:40,19.56,"","","","",
M6,367,10/17/2023 23:45,19.47,"","","","",
M6,368,10/17/2023 23:50,19.52,"","","","",
M6,369,10/17/2023 23:55,19.47,"","","","",
M6,370,10/18/2023 0:00,19.43,"","","","",
M6,371,10/18/2023 0:05,19.39,"","","","",
M6,372,10/18/2023 0:10,19.39,"","","","",
M6,373,10/18/2023 0:15,19.26,"","","","",
M6,374,10/18/2023 0:20,19.22,"","","","",
M6,375,10/18/2023 0:25,19.17,"","","","",
M6,376,10/18/2023 0:30,19.17,"","","","",
M6,377,10/18/2023 0:35,19.09,"","","","",
M6,378,10/18/2023 0:40,19,"","","","",
M6,379,10/18/2023 0:45,19,"","","","",
M6,380,10/18/2023 0:50,18.96,"","","","",
M6,381,10/18/2023 0:55,18.83,"","","","",
M6,382,10/18/2023 1:00,18.83,"","","","",
M6,383,10/18/2023 1:05,18.92,"","","","",
M6,384,10/18/2023 1:10,18.87,"","","","",
M6,385,10/18/2023 1:15,18.74,"","","","",
M6,386,10/18/2023 1:20,18.66,"","","","",
M6,387,10/18/2023 1:25,18.7,"","","","",
M6,388,10/18/2023 1:30,18.62,"","","","",
M6,389,10/18/2023 1:35,18.62,"","","","",
M6,390,10/18/2023 1:40,18.57,"","","","",
M6,391,10/18/2023 1:45,18.57,"","","","",
M6,392,10/18/2023 1:50,18.44,"","","","",
M6,393,10/18/2023 1:55,18.53,"","","","",
M6,394,10/18/2023 2:00,18.49,"","","","",
M6,395,10/18/2023 2:05,18.53,"","","","",
M6,396,10/18/2023 2:10,18.49,"","","","",
M6,397,10/18/2023 2:15,18.44,"","","","",
M6,398,10/18/2023 2:20,18.4,"","","","",
M6,399,10/18/2023 2:25,18.36,"","","","",
M6,400,10/18/2023 2:30,18.36,"","","","",
M6,401,10/18/2023 2:35,18.32,"","","","",
M6,402,10/18/2023 2:40,18.27,"","","","",
M6,403,10/18/2023 2:45,18.19,"","","","",
M6,404,10/18/2023 2:50,18.14,"","","","",
M6,405,10/18/2023 2:55,18.1,"","","","",
M6,406,10/18/2023 3:00,18.14,"","","","",
M6,407,10/18/2023 3:05,18.1,"","","","",
M6,408,10/18/2023 3:10,18.06,"","","","",
M6,409,10/18/2023 3:15,18.06,"","","","",
M6,410,10/18/2023 3:20,18.06,"","","","",
M6,411,10/18/2023 3:25,18.06,"","","","",
M6,412,10/18/2023 3:30,18.02,"","","","",
M6,413,10/18/2023 3:35,18.06,"","","","",
M6,414,10/18/2023 3:40,17.97,"","","","",
M6,415,10/18/2023 3:45,17.97,"","","","",
M6,416,10/18/2023 3:50,18.02,"","","","",
M6,417,10/18/2023 3:55,18.02,"","","","",
M6,418,10/18/2023 4:00,17.93,"","","","",
M6,419,10/18/2023 4:05,17.97,"","","","",
M6,420,10/18/2023 4:10,17.97,"","","","",
M6,421,10/18/2023 4:15,17.97,"","","","",
M6,422,10/18/2023 4:20,17.97,"","","","",
M6,423,10/18/2023 4:25,17.93,"","","","",
M6,424,10/18/2023 4:30,17.93,"","","","",
M6,425,10/18/2023 4:35,17.97,"","","","",
M6,426,10/18/2023 4:40,17.89,"","","","",
M6,427,10/18/2023 4:45,17.97,"","","","",
M6,428,10/18/2023 4:50,17.93,"","","","",
M6,429,10/18/2023 4:55,17.93,"","","","",
M6,430,10/18/2023 5:00,17.97,"","","","",
M6,431,10/18/2023 5:05,17.93,"","","","",
M6,432,10/18/2023 5:10,17.93,"","","","",
M6,433,10/18/2023 5:15,17.93,"","","","",
M6,434,10/18/2023 5:20,17.97,"","","","",
M6,435,10/18/2023 5:25,17.93,"","","","",
M6,436,10/18/2023 5:30,17.97,"","","","",
M6,437,10/18/2023 5:35,17.93,"","","","",
M6,438,10/18/2023 5:40,17.93,"","","","",
M6,439,10/18/2023 5:45,18.02,"","","","",
M6,440,10/18/2023 5:50,17.97,"","","","",
M6,441,10/18/2023 5:55,17.97,"","","","",
M6,442,10/18/2023 6:00,17.93,"","","","",
M6,443,10/18/2023 6:05,17.93,"","","","",
M6,444,10/18/2023 6:10,17.97,"","","","",
M6,445,10/18/2023 6:15,18.02,"","","","",
M6,446,10/18/2023 6:20,18.02,"","","","",
M6,447,10/18/2023 6:25,18.02,"","","","",
M6,448,10/18/2023 6:30,18.06,"","","","",
M6,449,10/18/2023 6:35,18.06,"","","","",
M6,450,10/18/2023 6:40,18.06,"","","","",
M6,451,10/18/2023 6:45,18.02,"","","","",
M6,452,10/18/2023 6:50,18.06,"","","","",
M6,453,10/18/2023 6:55,18.02,"","","","",
M6,454,10/18/2023 7:00,18.1,"","","","",
M6,455,10/18/2023 7:05,18.06,"","","","",
M6,456,10/18/2023 7:10,18.06,"","","","",
M6,457,10/18/2023 7:15,18.1,"","","","",
M6,458,10/18/2023 7:20,18.1,"","","","",
M6,459,10/18/2023 7:25,18.14,"","","","",
M6,460,10/18/2023 7:30,18.14,"","","","",
M6,461,10/18/2023 7:35,18.19,"","","","",
M6,462,10/18/2023 7:40,18.19,"","","","",
M6,463,10/18/2023 7:45,18.23,"","","","",
M6,464,10/18/2023 7:50,18.23,"","","","",
M6,465,10/18/2023 7:55,18.27,"","","","",
M6,466,10/18/2023 8:00,18.27,"","","","",
M6,467,10/18/2023 8:05,18.27,"","","","",
M6,468,10/18/2023 8:10,18.36,"","","","",
M6,469,10/18/2023 8:15,18.4,"","","","",
M6,470,10/18/2023 8:20,18.49,"","","","",
M6,471,10/18/2023 8:25,18.44,"","","","",
M6,472,10/18/2023 8:30,18.57,"","","","",
M6,473,10/18/2023 8:35,18.53,"","","","",
M6,474,10/18/2023 8:40,18.53,"","","","",
M6,475,10/18/2023 8:45,18.62,"","","","",
M6,476,10/18/2023 8:50,18.66,"","","","",
M6,477,10/18/2023 8:55,18.74,"","","","",
M6,478,10/18/2023 9:00,18.79,"","","","",
M6,479,10/18/2023 9:05,18.74,"","","","",
M6,480,10/18/2023 9:10,18.79,"","","","",
M6,481,10/18/2023 9:15,18.83,"","","","",
M6,482,10/18/2023 9:20,18.83,"","","","",
M6,483,10/18/2023 9:25,18.83,"","","","",
M6,484,10/18/2023 9:30,18.92,"","","","",
M6,485,10/18/2023 9:35,18.92,"","","","",
M6,486,10/18/2023 9:40,18.96,"","","","",
M6,487,10/18/2023 9:45,19.09,"","","","",
M6,488,10/18/2023 9:50,19,"","","","",
M6,489,10/18/2023 9:55,19.05,"","","","",
M6,490,10/18/2023 10:00,19,"","","","",
M6,491,10/18/2023 10:05,19,"","","","",
M6,492,10/18/2023 10:10,18.96,"","","","",
M6,493,10/18/2023 10:15,18.92,"","","","",
M6,494,10/18/2023 10:20,18.92,"","","","",
M6,495,10/18/2023 10:25,18.96,"","","","",
M6,496,10/18/2023 10:30,19,"","","","",
M6,497,10/18/2023 10:35,19,"","","","",
M6,498,10/18/2023 10:40,18.96,"","","","",
M6,499,10/18/2023 10:45,18.83,"","","","",
M6,500,10/18/2023 10:50,18.79,"","","","",
M6,501,10/18/2023 10:55,18.87,"","","","",
M6,502,10/18/2023 11:00,18.96,"","","","",
M6,503,10/18/2023 11:05,18.96,"","","","",
M6,504,10/18/2023 11:10,19.05,"","","","",
M6,505,10/18/2023 11:15,18.83,"","","","",
M6,506,10/18/2023 11:20,19,"","","","",
M6,507,10/18/2023 11:25,19.05,"","","","",
M6,508,10/18/2023 11:30,19.09,"","","","",
M6,509,10/18/2023 11:35,19.05,"","","","",
M6,510,10/18/2023 11:40,19.05,"","","","",
M6,511,10/18/2023 11:45,19,"","","","",
M6,512,10/18/2023 11:50,19.05,"","","","",
M6,513,10/18/2023 11:55,19.05,"","","","",
M6,514,10/18/2023 12:00,19.05,"","","","",
M6,515,10/18/2023 12:05,19.05,"","","","",
M6,516,10/18/2023 12:10,19,"","","","",
M6,517,10/18/2023 12:15,18.92,"","","","",
M6,518,10/18/2023 12:20,19.09,"","","","",
M6,519,10/18/2023 12:25,19.05,"","","","",
M6,520,10/18/2023 12:30,19.05,"","","","",
M6,521,10/18/2023 12:35,19.13,"","","","",
M6,522,10/18/2023 12:40,19.13,"","","","",
M6,523,10/18/2023 12:45,19.05,"","","","",
M6,524,10/18/2023 12:50,19.13,"","","","",
M6,525,10/18/2023 12:55,19.13,"","","","",
M6,526,10/18/2023 13:00,18.96,"","","","",
M6,527,10/18/2023 13:05,19.09,"","","","",
M6,528,10/18/2023 13:10,19.13,"","","","",
M6,529,10/18/2023 13:15,19.22,"","","","",
M6,530,10/18/2023 13:20,19.22,"","","","",
M6,531,10/18/2023 13:25,19.26,"","","","",
M6,532,10/18/2023 13:30,19.22,"","","","",
M6,533,10/18/2023 13:35,19.3,"","","","",
M6,534,10/18/2023 13:40,19.35,"","","","",
M6,535,10/18/2023 13:45,19.35,"","","","",
M6,536,10/18/2023 13:50,19.39,"","","","",
M6,537,10/18/2023 13:55,19.39,"","","","",
M6,538,10/18/2023 14:00,19.43,"","","","",
M6,539,10/18/2023 14:05,19.56,"","","","",
M6,540,10/18/2023 14:10,19.52,"","","","",
M6,541,10/18/2023 14:15,19.69,"","","","",
M6,542,10/18/2023 14:20,19.77,"","","","",
M6,543,10/18/2023 14:25,19.86,"","","","",
M6,544,10/18/2023 14:30,19.86,"","","","",
M6,545,10/18/2023 14:35,19.99,"","","","",
M6,546,10/18/2023 14:40,19.99,"","","","",
M6,547,10/18/2023 14:45,20.07,"","","","",
M6,548,10/18/2023 14:50,20.25,"","","","",
M6,549,10/18/2023 14:55,20.33,"","","","",
M6,550,10/18/2023 15:00,20.5,"","","","",
M6,551,10/18/2023 15:05,20.46,"","","","",
M6,552,10/18/2023 15:10,20.63,"","","","",
M6,553,10/18/2023 15:15,20.85,"","","","",
M6,554,10/18/2023 15:20,20.8,"","","","",
M6,555,10/18/2023 15:25,20.85,"","","","",
M6,556,10/18/2023 15:30,20.85,"","","","",
M6,557,10/18/2023 15:35,21.15,"","","","",
M6,558,10/18/2023 15:40,21.23,"","","","",
M6,559,10/18/2023 15:45,21.06,"","","","",
M6,639,10/18/2023 22:25,19.26,"","","","",
M6,640,10/18/2023 22:30,19.3,"","","","",
M6,641,10/18/2023 22:35,19.26,"","","","",
M6,642,10/18/2023 22:40,19.3,"","","","",
M6,643,10/18/2023 22:45,19.26,"","","","",
M6,644,10/18/2023 22:50,19.26,"","","","",
M6,645,10/18/2023 22:55,19.22,"","","","",
M6,646,10/18/2023 23:00,19.22,"","","","",
M6,647,10/18/2023 23:05,19.17,"","","","",
M6,648,10/18/2023 23:10,19.22,"","","","",
M6,649,10/18/2023 23:15,19.22,"","","","",
M6,650,10/18/2023 23:20,19.22,"","","","",
M6,651,10/18/2023 23:25,19.22,"","","","",
M6,652,10/18/2023 23:30,19.22,"","","","",
M6,653,10/18/2023 23:35,19.17,"","","","",
M6,654,10/18/2023 23:40,19.09,"","","","",
M6,655,10/18/2023 23:45,19.13,"","","","",
M6,656,10/18/2023 23:50,19.09,"","","","",
M6,657,10/18/2023 23:55,19.05,"","","","",
M6,658,10/19/2023 0:00,19.05,"","","","",
M6,659,10/19/2023 0:05,19.05,"","","","",
M6,660,10/19/2023 0:10,18.96,"","","","",
M6,661,10/19/2023 0:15,19,"","","","",
M6,662,10/19/2023 0:20,18.96,"","","","",
M6,663,10/19/2023 0:25,19,"","","","",
M6,664,10/19/2023 0:30,18.92,"","","","",
M6,665,10/19/2023 0:35,18.92,"","","","",
M6,666,10/19/2023 0:40,18.87,"","","","",
M6,667,10/19/2023 0:45,18.83,"","","","",
M6,668,10/19/2023 0:50,18.83,"","","","",
M6,669,10/19/2023 0:55,18.83,"","","","",
M6,670,10/19/2023 1:00,18.7,"","","","",
M6,671,10/19/2023 1:05,18.74,"","","","",
M6,672,10/19/2023 1:10,18.7,"","","","",
M6,673,10/19/2023 1:15,18.66,"","","","",
M6,674,10/19/2023 1:20,18.62,"","","","",
M6,675,10/19/2023 1:25,18.53,"","","","",
M6,676,10/19/2023 1:30,18.49,"","","","",
M6,677,10/19/2023 1:35,18.36,"","","","",
M6,678,10/19/2023 1:40,18.19,"","","","",
M6,679,10/19/2023 1:45,18.06,"","","","",
M6,680,10/19/2023 1:50,18.06,"","","","",
M6,681,10/19/2023 1:55,17.97,"","","","",
M6,682,10/19/2023 2:00,17.84,"","","","",
M6,683,10/19/2023 2:05,17.89,"","","","",
M6,684,10/19/2023 2:10,17.76,"","","","",
M6,685,10/19/2023 2:15,17.72,"","","","",
M6,686,10/19/2023 2:20,17.76,"","","","",
M6,687,10/19/2023 2:25,17.72,"","","","",
M6,688,10/19/2023 2:30,17.72,"","","","",
M6,689,10/19/2023 2:35,17.72,"","","","",
M6,690,10/19/2023 2:40,17.67,"","","","",
M6,691,10/19/2023 2:45,17.63,"","","","",
M6,692,10/19/2023 2:50,17.54,"","","","",
M6,693,10/19/2023 2:55,17.54,"","","","",
M6,694,10/19/2023 3:00,17.46,"","","","",
M6,695,10/19/2023 3:05,17.46,"","","","",
M6,696,10/19/2023 3:10,17.33,"","","","",
M6,697,10/19/2023 3:15,17.37,"","","","",
M6,698,10/19/2023 3:20,17.33,"","","","",
M6,699,10/19/2023 3:25,17.24,"","","","",
M6,700,10/19/2023 3:30,17.11,"","","","",
M6,701,10/19/2023 3:35,17.16,"","","","",
M6,702,10/19/2023 3:40,17.11,"","","","",
M6,703,10/19/2023 3:45,17.07,"","","","",
M6,704,10/19/2023 3:50,17.11,"","","","",
M6,705,10/19/2023 3:55,17.07,"","","","",
M6,706,10/19/2023 4:00,16.99,"","","","",
M6,707,10/19/2023 4:05,17.03,"","","","",
M6,708,10/19/2023 4:10,17.03,"","","","",
M6,709,10/19/2023 4:15,17.03,"","","","",
M6,710,10/19/2023 4:20,16.99,"","","","",
M6,711,10/19/2023 4:25,17.03,"","","","",
M6,712,10/19/2023 4:30,16.99,"","","","",
M6,713,10/19/2023 4:35,16.99,"","","","",
M6,714,10/19/2023 4:40,16.99,"","","","",
M6,715,10/19/2023 4:45,16.99,"","","","",
M6,716,10/19/2023 4:50,16.99,"","","","",
M6,717,10/19/2023 4:55,16.99,"","","","",
M6,718,10/19/2023 5:00,17.03,"","","","",
M6,719,10/19/2023 5:05,17.07,"","","","",
M6,720,10/19/2023 5:10,17.03,"","","","",
M6,721,10/19/2023 5:15,17.07,"","","","",
M6,722,10/19/2023 5:20,16.99,"","","","",
M6,723,10/19/2023 5:25,16.99,"","","","",
M6,724,10/19/2023 5:30,16.99,"","","","",
M6,725,10/19/2023 5:35,16.99,"","","","",
M6,726,10/19/2023 5:40,17.03,"","","","",
M6,727,10/19/2023 5:45,17.07,"","","","",
M6,728,10/19/2023 5:50,17.03,"","","","",
M6,729,10/19/2023 5:55,17.03,"","","","",
M6,730,10/19/2023 6:00,17.03,"","","","",
M6,731,10/19/2023 6:05,17.03,"","","","",
M6,732,10/19/2023 6:10,17.03,"","","","",
M6,733,10/19/2023 6:15,17.07,"","","","",
M6,734,10/19/2023 6:20,17.07,"","","","",
M6,735,10/19/2023 6:25,17.03,"","","","",
M6,736,10/19/2023 6:30,17.11,"","","","",
M6,737,10/19/2023 6:35,17.16,"","","","",
M6,738,10/19/2023 6:40,17.2,"","","","",
M6,739,10/19/2023 6:45,17.16,"","","","",
M6,740,10/19/2023 6:50,17.2,"","","","",
M6,741,10/19/2023 6:55,17.2,"","","","",
M6,742,10/19/2023 7:00,17.2,"","","","",
M6,743,10/19/2023 7:05,17.24,"","","","",
M6,744,10/19/2023 7:10,17.29,"","","","",
M6,745,10/19/2023 7:15,17.29,"","","","",
M6,746,10/19/2023 7:20,17.37,"","","","",
M6,747,10/19/2023 7:25,17.41,"","","","",
M6,748,10/19/2023 7:30,17.41,"","","","",
M6,749,10/19/2023 7:35,17.41,"","","","",
M6,750,10/19/2023 7:40,17.46,"","","","",
M6,751,10/19/2023 7:45,17.46,"","","","",
M6,752,10/19/2023 7:50,17.46,"","","","",
M6,753,10/19/2023 7:55,17.5,"","","","",
M6,754,10/19/2023 8:00,17.5,"","","","",
M6,755,10/19/2023 8:05,17.54,"","","","",
M6,756,10/19/2023 8:10,17.63,"","","","",
M6,757,10/19/2023 8:15,17.67,"","","","",
M6,758,10/19/2023 8:20,17.67,"","","","",
M6,759,10/19/2023 8:25,17.72,"","","","",
M6,760,10/19/2023 8:30,17.76,"","","","",
M6,761,10/19/2023 8:35,17.76,"","","","",
M6,762,10/19/2023 8:40,17.84,"","","","",
M6,763,10/19/2023 8:45,17.84,"","","","",
M6,764,10/19/2023 8:50,17.84,"","","","",
M6,765,10/19/2023 8:55,17.93,"","","","",
M6,766,10/19/2023 9:00,17.97,"","","","",
M6,767,10/19/2023 9:05,17.97,"","","","",
M6,768,10/19/2023 9:10,17.97,"","","","",
M6,769,10/19/2023 9:15,18.1,"","","","",
M6,770,10/19/2023 9:20,18.14,"","","","",
M6,771,10/19/2023 9:25,18.23,"","","","",
M6,772,10/19/2023 9:30,18.27,"","","","",
M6,773,10/19/2023 9:35,18.27,"","","","",
M6,774,10/19/2023 9:40,18.19,"","","","",
M6,775,10/19/2023 9:45,18.19,"","","","",
M6,776,10/19/2023 9:50,18.32,"","","","",
M6,777,10/19/2023 9:55,18.27,"","","","",
M6,778,10/19/2023 10:00,18.23,"","","","",
M6,779,10/19/2023 10:05,18.23,"","","","",
M6,780,10/19/2023 10:10,18.44,"","","","",
M6,781,10/19/2023 10:15,18.27,"","","","",
M6,782,10/19/2023 10:20,18.4,"","","","",
M6,783,10/19/2023 10:25,18.4,"","","","",
M6,784,10/19/2023 10:30,18.4,"","","","",
M6,785,10/19/2023 10:35,18.44,"","","","",
M6,786,10/19/2023 10:40,18.44,"","","","",
M6,787,10/19/2023 10:45,18.44,"","","","",
M6,788,10/19/2023 10:50,18.49,"","","","",
M6,789,10/19/2023 10:55,18.49,"","","","",
M6,790,10/19/2023 11:00,18.49,"","","","",
M6,791,10/19/2023 11:05,18.62,"","","","",
M6,792,10/19/2023 11:10,18.62,"","","","",
M6,793,10/19/2023 11:15,18.57,"","","","",
M6,794,10/19/2023 11:20,18.79,"","","","",
M6,795,10/19/2023 11:25,18.7,"","","","",
M6,796,10/19/2023 11:30,18.74,"","","","",
M6,797,10/19/2023 11:35,18.7,"","","","",
M6,798,10/19/2023 11:40,18.66,"","","","",
M6,799,10/19/2023 11:45,18.7,"","","","",
M6,800,10/19/2023 11:50,18.87,"","","","",
M6,801,10/19/2023 11:55,18.74,"","","","",
M6,802,10/19/2023 12:00,18.66,"","","","",
M6,803,10/19/2023 12:05,18.79,"","","","",
M6,804,10/19/2023 12:10,18.83,"","","","",
M6,805,10/19/2023 12:15,18.87,"","","","",
M6,806,10/19/2023 12:20,18.83,"","","","",
M6,807,10/19/2023 12:25,18.92,"","","","",
M6,808,10/19/2023 12:30,18.96,"","","","",
M6,809,10/19/2023 12:35,18.92,"","","","",
M6,810,10/19/2023 12:40,18.96,"","","","",
M6,811,10/19/2023 12:45,19,"","","","",
M6,812,10/19/2023 12:50,19.05,"","","","",
M6,813,10/19/2023 12:55,18.96,"","","","",
M6,814,10/19/2023 13:00,19.05,"","","","",
M6,815,10/19/2023 13:05,19,"","","","",
M6,816,10/19/2023 13:10,19,"","","","",
M6,817,10/19/2023 13:15,19.05,"","","","",
M6,818,10/19/2023 13:20,19.13,"","","","",
M6,819,10/19/2023 13:25,19,"","","","",
M6,820,10/19/2023 13:30,19,"","","","",
M6,821,10/19/2023 13:35,19,"","","","",
M6,822,10/19/2023 13:40,19.05,"","","","",
M6,823,10/19/2023 13:45,19.09,"","","","",
M6,824,10/19/2023 13:50,19.05,"","","","",
M6,825,10/19/2023 13:55,19.09,"","","","",
M6,826,10/19/2023 14:00,19.22,"","","","",
M6,827,10/19/2023 14:05,19.22,"","","","",
M6,828,10/19/2023 14:10,19.17,"","","","",
M6,829,10/19/2023 14:15,19.13,"","","","",
M6,830,10/19/2023 14:20,19.26,"","","","",
M6,831,10/19/2023 14:25,19.3,"","","","",
M6,832,10/19/2023 14:30,19.3,"","","","",
M6,833,10/19/2023 14:35,19.39,"","","","",
M6,834,10/19/2023 14:40,19.35,"","","","",
M6,835,10/19/2023 14:45,19.47,"","","","",
M6,836,10/19/2023 14:50,19.43,"","","","",
M6,837,10/19/2023 14:55,19.6,"","","","",
M6,838,10/19/2023 15:00,19.69,"","","","",
M6,839,10/19/2023 15:05,19.65,"","","","",
M6,840,10/19/2023 15:10,19.69,"","","","",
M6,841,10/19/2023 15:15,19.69,"","","","",
M6,842,10/19/2023 15:20,19.56,"","","","",
M6,843,10/19/2023 15:25,19.73,"","","","",
M6,844,10/19/2023 15:30,19.86,"","","","",
M6,845,10/19/2023 15:35,19.82,"","","","",
M6,846,10/19/2023 15:40,19.82,"","","","",
M6,847,10/19/2023 15:45,19.86,"","","","",
M6,848,10/19/2023 15:50,19.95,"","","","",
M6,849,10/19/2023 15:55,19.95,"","","","",
M6,850,10/19/2023 16:00,19.95,"","","","",
M6,851,10/19/2023 16:05,20.07,"","","","",
M6,852,10/19/2023 16:10,20.07,"","","","",
M6,853,10/19/2023 16:15,20.12,"","","","",
M6,854,10/19/2023 16:20,20.25,"","","","",
M6,855,10/19/2023 16:25,20.37,"","","","",
M6,856,10/19/2023 16:30,20.33,"","","","",
M6,857,10/19/2023 16:35,20.29,"","","","",
M6,858,10/19/2023 16:40,20.33,"","","","",
M6,859,10/19/2023 16:45,20.37,"","","","",
M6,942,10/19/2023 23:40,17.5,"","","","",
M6,943,10/19/2023 23:45,17.46,"","","","",
M6,944,10/19/2023 23:50,17.46,"","","","",
M6,945,10/19/2023 23:55,17.37,"","","","",
M6,946,10/20/2023 0:00,17.46,"","","","",
M6,947,10/20/2023 0:05,17.37,"","","","",
M6,948,10/20/2023 0:10,17.41,"","","","",
M6,949,10/20/2023 0:15,17.29,"","","","",
M6,950,10/20/2023 0:20,17.2,"","","","",
M6,951,10/20/2023 0:25,17.16,"","","","",
M6,952,10/20/2023 0:30,17.07,"","","","",
M6,953,10/20/2023 0:35,17.03,"","","","",
M6,954,10/20/2023 0:40,17.07,"","","","",
M6,955,10/20/2023 0:45,17.16,"","","","",
M6,956,10/20/2023 0:50,17.2,"","","","",
M6,957,10/20/2023 0:55,17.2,"","","","",
M6,958,10/20/2023 1:00,17.16,"","","","",
M6,959,10/20/2023 1:05,17.03,"","","","",
M6,960,10/20/2023 1:10,16.94,"","","","",
M6,961,10/20/2023 1:15,16.99,"","","","",
M6,962,10/20/2023 1:20,16.99,"","","","",
M6,963,10/20/2023 1:25,17.03,"","","","",
M6,964,10/20/2023 1:30,17.07,"","","","",
M6,965,10/20/2023 1:35,17.07,"","","","",
M6,966,10/20/2023 1:40,17.07,"","","","",
M6,967,10/20/2023 1:45,17.03,"","","","",
M6,968,10/20/2023 1:50,17.03,"","","","",
M6,969,10/20/2023 1:55,17.03,"","","","",
M6,970,10/20/2023 2:00,17.03,"","","","",
M6,971,10/20/2023 2:05,17.03,"","","","",
M6,972,10/20/2023 2:10,17.03,"","","","",
M6,973,10/20/2023 2:15,16.94,"","","","",
M6,974,10/20/2023 2:20,16.99,"","","","",
M6,975,10/20/2023 2:25,16.99,"","","","",
M6,976,10/20/2023 2:30,16.94,"","","","",
M6,977,10/20/2023 2:35,16.94,"","","","",
M6,978,10/20/2023 2:40,16.86,"","","","",
M6,979,10/20/2023 2:45,16.86,"","","","",
M6,980,10/20/2023 2:50,16.81,"","","","",
M6,981,10/20/2023 2:55,16.73,"","","","",
M6,982,10/20/2023 3:00,16.77,"","","","",
M6,983,10/20/2023 3:05,16.73,"","","","",
M6,984,10/20/2023 3:10,16.69,"","","","",
M6,985,10/20/2023 3:15,16.64,"","","","",
M6,986,10/20/2023 3:20,16.73,"","","","",
M6,987,10/20/2023 3:25,16.77,"","","","",
M6,988,10/20/2023 3:30,16.77,"","","","",
M6,989,10/20/2023 3:35,16.73,"","","","",
M6,990,10/20/2023 3:40,16.73,"","","","",
M6,991,10/20/2023 3:45,16.77,"","","","",
M6,992,10/20/2023 3:50,16.77,"","","","",
M6,993,10/20/2023 3:55,16.81,"","","","",
M6,994,10/20/2023 4:00,16.73,"","","","",
M6,995,10/20/2023 4:05,16.69,"","","","",
M6,996,10/20/2023 4:10,16.64,"","","","",
M6,997,10/20/2023 4:15,16.69,"","","","",
M6,998,10/20/2023 4:20,16.64,"","","","",
M6,999,10/20/2023 4:25,16.64,"","","","",
M6,1000,10/20/2023 4:30,16.64,"","","","",
M6,1001,10/20/2023 4:35,16.69,"","","","",
M6,1002,10/20/2023 4:40,16.64,"","","","",
M6,1003,10/20/2023 4:45,16.6,"","","","",
M6,1004,10/20/2023 4:50,16.64,"","","","",
M6,1005,10/20/2023 4:55,16.6,"","","","",
M6,1006,10/20/2023 5:00,16.6,"","","","",
M6,1007,10/20/2023 5:05,16.6,"","","","",
M6,1008,10/20/2023 5:10,16.64,"","","","",
M6,1009,10/20/2023 5:15,16.64,"","","","",
M6,1010,10/20/2023 5:20,16.69,"","","","",
M6,1011,10/20/2023 5:25,16.73,"","","","",
M6,1012,10/20/2023 5:30,16.73,"","","","",
M6,1013,10/20/2023 5:35,16.69,"","","","",
M6,1014,10/20/2023 5:40,16.64,"","","","",
M6,1015,10/20/2023 5:45,16.6,"","","","",
M6,1016,10/20/2023 5:50,16.64,"","","","",
M6,1017,10/20/2023 5:55,16.6,"","","","",
M6,1018,10/20/2023 6:00,16.69,"","","","",
M6,1019,10/20/2023 6:05,16.77,"","","","",
M6,1020,10/20/2023 6:10,16.77,"","","","",
M6,1021,10/20/2023 6:15,16.81,"","","","",
M6,1022,10/20/2023 6:20,16.81,"","","","",
M6,1023,10/20/2023 6:25,16.81,"","","","",
M6,1024,10/20/2023 6:30,16.9,"","","","",
M6,1025,10/20/2023 6:35,16.9,"","","","",
M6,1026,10/20/2023 6:40,16.99,"","","","",
M6,1027,10/20/2023 6:45,16.94,"","","","",
M6,1028,10/20/2023 6:50,17.03,"","","","",
M6,1029,10/20/2023 6:55,17.07,"","","","",
M6,1030,10/20/2023 7:00,17.11,"","","","",
M6,1031,10/20/2023 7:05,17.16,"","","","",
M6,1032,10/20/2023 7:10,17.16,"","","","",
M6,1033,10/20/2023 7:15,17.16,"","","","",
M6,1034,10/20/2023 7:20,17.16,"","","","",
M6,1035,10/20/2023 7:25,17.16,"","","","",
M6,1036,10/20/2023 7:30,17.29,"","","","",
M6,1037,10/20/2023 7:35,17.29,"","","","",
M6,1038,10/20/2023 7:40,17.24,"","","","",
M6,1039,10/20/2023 7:45,17.37,"","","","",
M6,1040,10/20/2023 7:50,17.41,"","","","",
M6,1041,10/20/2023 7:55,17.37,"","","","",
M6,1042,10/20/2023 8:00,17.46,"","","","",
M6,1043,10/20/2023 8:05,17.5,"","","","",
M6,1044,10/20/2023 8:10,17.46,"","","","",
M6,1045,10/20/2023 8:15,17.54,"","","","",
M6,1046,10/20/2023 8:20,17.59,"","","","",
M6,1047,10/20/2023 8:25,17.54,"","","","",
M6,1048,10/20/2023 8:30,17.59,"","","","",
M6,1049,10/20/2023 8:35,17.63,"","","","",
M6,1050,10/20/2023 8:40,17.72,"","","","",
M6,1051,10/20/2023 8:45,17.67,"","","","",
M6,1052,10/20/2023 8:50,17.8,"","","","",
M6,1053,10/20/2023 8:55,17.84,"","","","",
M6,1054,10/20/2023 9:00,17.8,"","","","",
M6,1055,10/20/2023 9:05,17.89,"","","","",
M6,1056,10/20/2023 9:10,17.8,"","","","",
M6,1057,10/20/2023 9:15,17.89,"","","","",
M6,1058,10/20/2023 9:20,17.93,"","","","",
M6,1059,10/20/2023 9:25,18.06,"","","","",
M6,1060,10/20/2023 9:30,18.02,"","","","",
M6,1061,10/20/2023 9:35,18.06,"","","","",
M6,1062,10/20/2023 9:40,17.89,"","","","",
M6,1063,10/20/2023 9:45,18.06,"","","","",
M6,1064,10/20/2023 9:50,18.1,"","","","",
M6,1065,10/20/2023 9:55,18.02,"","","","",
M6,1066,10/20/2023 10:00,18.19,"","","","",
M6,1067,10/20/2023 10:05,18.19,"","","","",
M6,1068,10/20/2023 10:10,18.23,"","","","",
M6,1069,10/20/2023 10:15,18.27,"","","","",
M6,1070,10/20/2023 10:20,17.97,"","","","",
M6,1071,10/20/2023 10:25,18.14,"","","","",
M6,1072,10/20/2023 10:30,18.32,"","","","",
M6,1073,10/20/2023 10:35,18.19,"","","","",
M6,1074,10/20/2023 10:40,18.4,"","","","",
M6,1075,10/20/2023 10:45,18.4,"","","","",
M6,1076,10/20/2023 10:50,18.44,"","","","",
M6,1077,10/20/2023 10:55,18.44,"","","","",
M6,1078,10/20/2023 11:00,18.36,"","","","",
M6,1079,10/20/2023 11:05,18.49,"","","","",
M6,1080,10/20/2023 11:10,18.4,"","","","",
M6,1081,10/20/2023 11:15,18.57,"","","","",
M6,1082,10/20/2023 11:20,18.53,"","","","",
M6,1083,10/20/2023 11:25,18.49,"","","","",
M6,1084,10/20/2023 11:30,18.62,"","","","",
M6,1085,10/20/2023 11:35,18.44,"","","","",
M6,1086,10/20/2023 11:40,18.49,"","","","",
M6,1087,10/20/2023 11:45,18.57,"","","","",
M6,1088,10/20/2023 11:50,18.57,"","","","",
M6,1089,10/20/2023 11:55,18.7,"","","","",
M6,1090,10/20/2023 12:00,18.57,"","","","",
M6,1091,10/20/2023 12:05,18.62,"","","","",
M6,1092,10/20/2023 12:10,18.62,"","","","",
M6,1093,10/20/2023 12:15,18.66,"","","","",
M6,1094,10/20/2023 12:20,18.66,"","","","",
M6,1095,10/20/2023 12:25,18.62,"","","","",
M6,1096,10/20/2023 12:30,18.62,"","","","",
M6,1097,10/20/2023 12:35,18.7,"","","","",
M6,1098,10/20/2023 12:40,18.62,"","","","",
M6,1099,10/20/2023 12:45,18.57,"","","","",
M6,1100,10/20/2023 12:50,18.62,"","","","",
M6,1101,10/20/2023 12:55,18.62,"","","","",
M6,1102,10/20/2023 13:00,18.57,"","","","",
M6,1103,10/20/2023 13:05,18.49,"","","","",
M6,1104,10/20/2023 13:10,18.49,"","","","",
M6,1105,10/20/2023 13:15,18.4,"","","","",
M6,1106,10/20/2023 13:20,18.44,"","","","",
M6,1107,10/20/2023 13:25,18.4,"","","","",
M6,1108,10/20/2023 13:30,18.44,"","","","",
M6,1109,10/20/2023 13:35,18.57,"","","","",
M6,1110,10/20/2023 13:40,18.44,"","","","",
M6,1111,10/20/2023 13:45,18.57,"","","","",
M6,1112,10/20/2023 13:50,18.57,"","","","",
M6,1113,10/20/2023 13:55,18.62,"","","","",
M6,1114,10/20/2023 14:00,18.57,"","","","",
M6,1115,10/20/2023 14:05,18.53,"","","","",
M6,1116,10/20/2023 14:10,18.49,"","","","",
M6,1117,10/20/2023 14:15,18.53,"","","","",
M6,1118,10/20/2023 14:20,18.57,"","","","",
M6,1119,10/20/2023 14:25,18.57,"","","","",
M6,1120,10/20/2023 14:30,18.57,"","","","",
M6,1121,10/20/2023 14:35,18.66,"","","","",
M6,1122,10/20/2023 14:40,18.53,"","","","",
M6,1123,10/20/2023 14:45,18.4,"","","","",
M6,1124,10/20/2023 14:50,18.62,"","","","",
M6,1125,10/20/2023 14:55,18.62,"","","","",
M6,1126,10/20/2023 15:00,18.66,"","","","",
M6,1127,10/20/2023 15:05,18.74,"","","","",
M6,1128,10/20/2023 15:10,18.74,"","","","",
M6,1129,10/20/2023 15:15,18.87,"","","","",
M6,1130,10/20/2023 15:20,18.7,"","","","",
M6,1131,10/20/2023 15:25,18.79,"","","","",
M6,1132,10/20/2023 15:30,18.79,"","","","",
M6,1133,10/20/2023 15:35,18.79,"","","","",
M6,1134,10/20/2023 15:40,18.79,"","","","",
M6,1135,10/20/2023 15:45,18.92,"","","","",
M6,1136,10/20/2023 15:50,18.83,"","","","",
M6,1137,10/20/2023 15:55,18.83,"","","","",
M6,1138,10/20/2023 16:00,18.92,"","","","",
M6,1139,10/20/2023 16:05,19.09,"","","","",
M6,1140,10/20/2023 16:10,19.09,"","","","",
M6,1141,10/20/2023 16:15,19,"","","","",
M6,1142,10/20/2023 16:20,19.05,"","","","",
M6,1143,10/20/2023 16:25,19,"","","","",
M6,1144,10/20/2023 16:30,19.09,"","","","",
M6,1145,10/20/2023 16:35,19.17,"","","","",
M6,1146,10/20/2023 16:40,19.13,"","","","",
M6,1147,10/20/2023 16:45,19.05,"","","","",
M6,1148,10/20/2023 16:50,19.09,"","","","",
M6,1149,10/20/2023 16:55,19.17,"","","","",
M6,1150,10/20/2023 17:00,19.17,"","","","",
M6,1151,10/20/2023 17:05,19.22,"","","","",
M6,1152,10/20/2023 17:10,19.3,"","","","",
M6,1153,10/20/2023 17:15,19.26,"","","","",
M6,1154,10/20/2023 17:20,19.22,"","","","",
M6,1155,10/20/2023 17:25,19.13,"","","","",
M6,1156,10/20/2023 17:30,19.13,"","","","",
M6,1157,10/20/2023 17:35,19.09,"","","","",
M6,1158,10/20/2023 17:40,19.17,"","","","",
M6,1159,10/20/2023 17:45,19.09,"","","","",
M6,1160,10/20/2023 17:50,18.96,"","","","",
M6,1161,10/20/2023 17:55,18.96,"","","","",
M6,1246,10/21/2023 1:00,16.51,"","","","",
M6,1247,10/21/2023 1:05,16.43,"","","","",
M6,1248,10/21/2023 1:10,16.39,"","","","",
M6,1249,10/21/2023 1:15,16.34,"","","","",
M6,1250,10/21/2023 1:20,16.39,"","","","",
M6,1251,10/21/2023 1:25,16.34,"","","","",
M6,1252,10/21/2023 1:30,16.3,"","","","",
M6,1253,10/21/2023 1:35,16.3,"","","","",
M6,1254,10/21/2023 1:40,16.3,"","","","",
M6,1255,10/21/2023 1:45,16.3,"","","","",
M6,1256,10/21/2023 1:50,16.26,"","","","",
M6,1257,10/21/2023 1:55,16.34,"","","","",
M6,1258,10/21/2023 2:00,16.3,"","","","",
M6,1259,10/21/2023 2:05,16.3,"","","","",
M6,1260,10/21/2023 2:10,16.34,"","","","",
M6,1261,10/21/2023 2:15,16.3,"","","","",
M6,1262,10/21/2023 2:20,16.3,"","","","",
M6,1263,10/21/2023 2:25,16.3,"","","","",
M6,1264,10/21/2023 2:30,16.26,"","","","",
M6,1265,10/21/2023 2:35,16.26,"","","","",
M6,1266,10/21/2023 2:40,16.3,"","","","",
M6,1267,10/21/2023 2:45,16.3,"","","","",
M6,1268,10/21/2023 2:50,16.26,"","","","",
M6,1269,10/21/2023 2:55,16.26,"","","","",
M6,1270,10/21/2023 3:00,16.21,"","","","",
M6,1271,10/21/2023 3:05,16.21,"","","","",
M6,1272,10/21/2023 3:10,16.26,"","","","",
M6,1273,10/21/2023 3:15,16.26,"","","","",
M6,1274,10/21/2023 3:20,16.21,"","","","",
M6,1275,10/21/2023 3:25,16.26,"","","","",
M6,1276,10/21/2023 3:30,16.21,"","","","",
M6,1277,10/21/2023 3:35,16.17,"","","","",
M6,1278,10/21/2023 3:40,16.21,"","","","",
M6,1279,10/21/2023 3:45,16.17,"","","","",
M6,1280,10/21/2023 3:50,16.17,"","","","",
M6,1281,10/21/2023 3:55,16.08,"","","","",
M6,1282,10/21/2023 4:00,16.08,"","","","",
M6,1283,10/21/2023 4:05,16.13,"","","","",
M6,1284,10/21/2023 4:10,16.04,"","","","",
M6,1285,10/21/2023 4:15,16.04,"","","","",
M6,1286,10/21/2023 4:20,15.96,"","","","",
M6,1287,10/21/2023 4:25,15.96,"","","","",
M6,1288,10/21/2023 4:30,15.96,"","","","",
M6,1289,10/21/2023 4:35,15.96,"","","","",
M6,1290,10/21/2023 4:40,15.91,"","","","",
M6,1291,10/21/2023 4:45,15.96,"","","","",
M6,1292,10/21/2023 4:50,15.91,"","","","",
M6,1293,10/21/2023 4:55,15.91,"","","","",
M6,1294,10/21/2023 5:00,15.91,"","","","",
M6,1295,10/21/2023 5:05,15.91,"","","","",
M6,1296,10/21/2023 5:10,15.83,"","","","",
M6,1297,10/21/2023 5:15,15.87,"","","","",
M6,1298,10/21/2023 5:20,15.83,"","","","",
M6,1299,10/21/2023 5:25,15.87,"","","","",
M6,1300,10/21/2023 5:30,15.96,"","","","",
M6,1301,10/21/2023 5:35,15.96,"","","","",
M6,1302,10/21/2023 5:40,15.96,"","","","",
M6,1303,10/21/2023 5:45,15.87,"","","","",
M6,1304,10/21/2023 5:50,15.91,"","","","",
M6,1305,10/21/2023 5:55,15.91,"","","","",
M6,1306,10/21/2023 6:00,16,"","","","",
M6,1307,10/21/2023 6:05,16.04,"","","","",
M6,1308,10/21/2023 6:10,15.87,"","","","",
M6,1309,10/21/2023 6:15,15.83,"","","","",
M6,1310,10/21/2023 6:20,16,"","","","",
M6,1311,10/21/2023 6:25,15.96,"","","","",
M6,1312,10/21/2023 6:30,15.87,"","","","",
M6,1313,10/21/2023 6:35,15.87,"","","","",
M6,1314,10/21/2023 6:40,15.91,"","","","",
M6,1315,10/21/2023 6:45,15.83,"","","","",
M6,1316,10/21/2023 6:50,15.87,"","","","",
M6,1317,10/21/2023 6:55,15.83,"","","","",
M6,1318,10/21/2023 7:00,15.96,"","","","",
M6,1319,10/21/2023 7:05,16,"","","","",
M6,1320,10/21/2023 7:10,16.04,"","","","",
M6,1321,10/21/2023 7:15,16.04,"","","","",
M6,1322,10/21/2023 7:20,15.96,"","","","",
M6,1323,10/21/2023 7:25,15.87,"","","","",
M6,1324,10/21/2023 7:30,15.83,"","","","",
M6,1325,10/21/2023 7:35,15.91,"","","","",
M6,1326,10/21/2023 7:40,15.91,"","","","",
M6,1327,10/21/2023 7:45,16,"","","","",
M6,1328,10/21/2023 7:50,16.08,"","","","",
M6,1329,10/21/2023 7:55,16.04,"","","","",
M6,1330,10/21/2023 8:00,16.26,"","","","",
M6,1331,10/21/2023 8:05,16.3,"","","","",
M6,1332,10/21/2023 8:10,16.34,"","","","",
M6,1333,10/21/2023 8:15,16.39,"","","","",
M6,1334,10/21/2023 8:20,16.39,"","","","",
M6,1335,10/21/2023 8:25,16.39,"","","","",
M6,1336,10/21/2023 8:30,16.47,"","","","",
M6,1337,10/21/2023 8:35,16.56,"","","","",
M6,1338,10/21/2023 8:40,16.47,"","","","",
M6,1339,10/21/2023 8:45,16.56,"","","","",
M6,1340,10/21/2023 8:50,16.6,"","","","",
M6,1341,10/21/2023 8:55,16.69,"","","","",
M6,1342,10/21/2023 9:00,16.73,"","","","",
M6,1343,10/21/2023 9:05,16.64,"","","","",
M6,1344,10/21/2023 9:10,16.81,"","","","",
M6,1345,10/21/2023 9:15,16.77,"","","","",
M6,1346,10/21/2023 9:20,16.94,"","","","",
M6,1347,10/21/2023 9:25,17.16,"","","","",
M6,1348,10/21/2023 9:30,17.03,"","","","",
M6,1349,10/21/2023 9:35,17.16,"","","","",
M6,1350,10/21/2023 9:40,17.24,"","","","",
M6,1351,10/21/2023 9:45,17.24,"","","","",
M6,1352,10/21/2023 9:50,17.37,"","","","",
M6,1353,10/21/2023 9:55,17.29,"","","","",
M6,1354,10/21/2023 10:00,17.29,"","","","",
M6,1355,10/21/2023 10:05,17.41,"","","","",
M6,1356,10/21/2023 10:10,17.5,"","","","",
M6,1357,10/21/2023 10:15,17.67,"","","","",
M6,1358,10/21/2023 10:20,17.76,"","","","",
M6,1359,10/21/2023 10:25,17.8,"","","","",
M6,1360,10/21/2023 10:30,17.8,"","","","",
M6,1361,10/21/2023 10:35,17.8,"","","","",
M6,1362,10/21/2023 10:40,17.8,"","","","",
M6,1363,10/21/2023 10:45,17.89,"","","","",
M6,1364,10/21/2023 10:50,17.93,"","","","",
M6,1365,10/21/2023 10:55,18.02,"","","","",
M6,1366,10/21/2023 11:00,17.89,"","","","",
M6,1367,10/21/2023 11:05,17.93,"","","","",
M6,1368,10/21/2023 11:10,17.93,"","","","",
M6,1369,10/21/2023 11:15,18.02,"","","","",
M6,1370,10/21/2023 11:20,18.02,"","","","",
M6,1371,10/21/2023 11:25,18.19,"","","","",
M6,1372,10/21/2023 11:30,18.14,"","","","",
M6,1373,10/21/2023 11:35,18.06,"","","","",
M6,1374,10/21/2023 11:40,18.1,"","","","",
M6,1375,10/21/2023 11:45,18.14,"","","","",
M6,1376,10/21/2023 11:50,18.23,"","","","",
M6,1377,10/21/2023 11:55,18.19,"","","","",
M6,1378,10/21/2023 12:00,18.27,"","","","",
M6,1379,10/21/2023 12:05,18.27,"","","","",
M6,1380,10/21/2023 12:10,18.27,"","","","",
M6,1381,10/21/2023 12:15,18.32,"","","","",
M6,1382,10/21/2023 12:20,18.36,"","","","",
M6,1383,10/21/2023 12:25,18.36,"","","","",
M6,1384,10/21/2023 12:30,18.4,"","","","",
M6,1385,10/21/2023 12:35,18.36,"","","","",
M6,1386,10/21/2023 12:40,18.36,"","","","",
M6,1387,10/21/2023 12:45,18.36,"","","","",
M6,1388,10/21/2023 12:50,18.4,"","","","",
M6,1389,10/21/2023 12:55,18.44,"","","","",
M6,1390,10/21/2023 13:00,18.36,"","","","",
M6,1391,10/21/2023 13:05,18.4,"","","","",
M6,1392,10/21/2023 13:10,18.44,"","","","",
M6,1393,10/21/2023 13:15,18.44,"","","","",
M6,1394,10/21/2023 13:20,18.49,"","","","",
M6,1395,10/21/2023 13:25,18.44,"","","","",
M6,1396,10/21/2023 13:30,18.36,"","","","",
M6,1397,10/21/2023 13:35,18.49,"","","","",
M6,1398,10/21/2023 13:40,18.49,"","","","",
M6,1399,10/21/2023 13:45,18.53,"","","","",
M6,1400,10/21/2023 13:50,18.57,"","","","",
M6,1401,10/21/2023 13:55,18.49,"","","","",
M6,1402,10/21/2023 14:00,18.49,"","","","",
M6,1403,10/21/2023 14:05,18.44,"","","","",
M6,1404,10/21/2023 14:10,18.44,"","","","",
M6,1405,10/21/2023 14:15,18.4,"","","","",
M6,1406,10/21/2023 14:20,18.44,"","","","",
M6,1407,10/21/2023 14:25,18.49,"","","","",
M6,1408,10/21/2023 14:30,18.49,"","","","",
M6,1409,10/21/2023 14:35,18.53,"","","","",
M6,1410,10/21/2023 14:40,18.49,"","","","",
M6,1411,10/21/2023 14:45,18.57,"","","","",
M6,1412,10/21/2023 14:50,18.57,"","","","",
M6,1413,10/21/2023 14:55,18.53,"","","","",
M6,1414,10/21/2023 15:00,18.53,"","","","",
M6,1415,10/21/2023 15:05,18.44,"","","","",
M6,1416,10/21/2023 15:10,18.44,"","","","",
M6,1417,10/21/2023 15:15,18.53,"","","","",
M6,1418,10/21/2023 15:20,18.49,"","","","",
M6,1419,10/21/2023 15:25,18.49,"","","","",
M6,1420,10/21/2023 15:30,18.49,"","","","",
M6,1421,10/21/2023 15:35,18.49,"","","","",
M6,1422,10/21/2023 15:40,18.57,"","","","",
M6,1423,10/21/2023 15:45,18.49,"","","","",
M6,1424,10/21/2023 15:50,18.57,"","","","",
M6,1425,10/21/2023 15:55,18.53,"","","","",
M6,1426,10/21/2023 16:00,18.44,"","","","",
M6,1427,10/21/2023 16:05,18.49,"","","","",
M6,1428,10/21/2023 16:10,18.49,"","","","",
M6,1429,10/21/2023 16:15,18.53,"","","","",
M6,1430,10/21/2023 16:20,18.44,"","","","",
M6,1431,10/21/2023 16:25,18.44,"","","","",
M6,1432,10/21/2023 16:30,18.36,"","","","",
M6,1433,10/21/2023 16:35,18.4,"","","","",
M6,1434,10/21/2023 16:40,18.4,"","","","",
M6,1435,10/21/2023 16:45,18.4,"","","","",
M6,1436,10/21/2023 16:50,18.32,"","","","",
M6,1437,10/21/2023 16:55,18.32,"","","","",
M6,1438,10/21/2023 17:00,18.32,"","","","",
M6,1439,10/21/2023 17:05,18.27,"","","","",
M6,1440,10/21/2023 17:10,18.23,"","","","",
M6,1441,10/21/2023 17:15,18.23,"","","","",
M6,1442,10/21/2023 17:20,18.19,"","","","",
M6,1443,10/21/2023 17:25,18.14,"","","","",
M6,1444,10/21/2023 17:30,18.06,"","","","",
M6,1445,10/21/2023 17:35,18.06,"","","","",
M6,1446,10/21/2023 17:40,18.06,"","","","",
M6,1447,10/21/2023 17:45,18.06,"","","","",
M6,1448,10/21/2023 17:50,17.97,"","","","",
M6,1449,10/21/2023 17:55,17.93,"","","","",
M6,1450,10/21/2023 18:00,17.93,"","","","",
M6,1451,10/21/2023 18:05,17.93,"","","","",
M6,1452,10/21/2023 18:10,17.93,"","","","",
M6,1453,10/21/2023 18:15,17.93,"","","","",
M6,1454,10/21/2023 18:20,17.93,"","","","",
M6,1455,10/21/2023 18:25,17.93,"","","","",
M6,1456,10/21/2023 18:30,17.93,"","","","",
M6,1457,10/21/2023 18:35,17.84,"","","","",
M6,1458,10/21/2023 18:40,17.89,"","","","",
M6,1459,10/21/2023 18:45,17.89,"","","","",
M6,1460,10/21/2023 18:50,17.89,"","","","",
M6,1461,10/21/2023 18:55,17.93,"","","","",
M6,1462,10/21/2023 19:00,17.89,"","","","",
M6,1463,10/21/2023 19:05,17.84,"","","","",
M6,1464,10/21/2023 19:10,17.89,"","","","",
M6,1465,10/21/2023 19:15,17.89,"","","","",
M6,1550,10/22/2023 2:20,17.03,"","","","",
M6,1551,10/22/2023 2:25,17.03,"","","","",
M6,1552,10/22/2023 2:30,16.99,"","","","",
M6,1553,10/22/2023 2:35,16.99,"","","","",
M6,1554,10/22/2023 2:40,16.99,"","","","",
M6,1555,10/22/2023 2:45,16.99,"","","","",
M6,1556,10/22/2023 2:50,17.03,"","","","",
M6,1557,10/22/2023 2:55,16.99,"","","","",
M6,1558,10/22/2023 3:00,16.99,"","","","",
M6,1559,10/22/2023 3:05,16.99,"","","","",
M6,1560,10/22/2023 3:10,16.94,"","","","",
M6,1561,10/22/2023 3:15,17.03,"","","","",
M6,1562,10/22/2023 3:20,16.94,"","","","",
M6,1563,10/22/2023 3:25,16.99,"","","","",
M6,1564,10/22/2023 3:30,16.94,"","","","",
M6,1565,10/22/2023 3:35,16.9,"","","","",
M6,1566,10/22/2023 3:40,16.94,"","","","",
M6,1567,10/22/2023 3:45,16.9,"","","","",
M6,1568,10/22/2023 3:50,16.9,"","","","",
M6,1569,10/22/2023 3:55,16.9,"","","","",
M6,1570,10/22/2023 4:00,16.86,"","","","",
M6,1571,10/22/2023 4:05,16.94,"","","","",
M6,1572,10/22/2023 4:10,16.94,"","","","",
M6,1573,10/22/2023 4:15,16.9,"","","","",
M6,1574,10/22/2023 4:20,16.94,"","","","",
M6,1575,10/22/2023 4:25,16.99,"","","","",
M6,1576,10/22/2023 4:30,16.94,"","","","",
M6,1577,10/22/2023 4:35,16.9,"","","","",
M6,1578,10/22/2023 4:40,16.86,"","","","",
M6,1579,10/22/2023 4:45,16.94,"","","","",
M6,1580,10/22/2023 4:50,16.9,"","","","",
M6,1581,10/22/2023 4:55,16.9,"","","","",
M6,1582,10/22/2023 5:00,16.9,"","","","",
M6,1583,10/22/2023 5:05,16.9,"","","","",
M6,1584,10/22/2023 5:10,16.86,"","","","",
M6,1585,10/22/2023 5:15,16.86,"","","","",
M6,1586,10/22/2023 5:20,16.86,"","","","",
M6,1587,10/22/2023 5:25,16.86,"","","","",
M6,1588,10/22/2023 5:30,16.86,"","","","",
M6,1589,10/22/2023 5:35,16.81,"","","","",
M6,1590,10/22/2023 5:40,16.9,"","","","",
M6,1591,10/22/2023 5:45,16.86,"","","","",
M6,1592,10/22/2023 5:50,16.86,"","","","",
M6,1593,10/22/2023 5:55,16.81,"","","","",
M6,1594,10/22/2023 6:00,16.81,"","","","",
M6,1595,10/22/2023 6:05,16.86,"","","","",
M6,1596,10/22/2023 6:10,16.81,"","","","",
M6,1597,10/22/2023 6:15,16.81,"","","","",
M6,1598,10/22/2023 6:20,16.77,"","","","",
M6,1599,10/22/2023 6:25,16.77,"","","","",
M6,1600,10/22/2023 6:30,16.77,"","","","",
M6,1601,10/22/2023 6:35,16.73,"","","","",
M6,1602,10/22/2023 6:40,16.77,"","","","",
M6,1603,10/22/2023 6:45,16.77,"","","","",
M6,1604,10/22/2023 6:50,16.77,"","","","",
M6,1605,10/22/2023 6:55,16.73,"","","","",
M6,1606,10/22/2023 7:00,16.73,"","","","",
M6,1607,10/22/2023 7:05,16.77,"","","","",
M6,1608,10/22/2023 7:10,16.77,"","","","",
M6,1609,10/22/2023 7:15,16.73,"","","","",
M6,1610,10/22/2023 7:20,16.73,"","","","",
M6,1611,10/22/2023 7:25,16.77,"","","","",
M6,1612,10/22/2023 7:30,16.81,"","","","",
M6,1613,10/22/2023 7:35,16.81,"","","","",
M6,1614,10/22/2023 7:40,16.81,"","","","",
M6,1615,10/22/2023 7:45,16.86,"","","","",
M6,1616,10/22/2023 7:50,16.81,"","","","",
M6,1617,10/22/2023 7:55,16.86,"","","","",
M6,1618,10/22/2023 8:00,16.9,"","","","",
M6,1619,10/22/2023 8:05,16.94,"","","","",
M6,1620,10/22/2023 8:10,17.07,"","","","",
M6,1621,10/22/2023 8:15,16.94,"","","","",
M6,1622,10/22/2023 8:20,17.07,"","","","",
M6,1623,10/22/2023 8:25,17.11,"","","","",
M6,1624,10/22/2023 8:30,17.29,"","","","",
M6,1625,10/22/2023 8:35,17.2,"","","","",
M6,1626,10/22/2023 8:40,17.24,"","","","",
M6,1627,10/22/2023 8:45,17.37,"","","","",
M6,1628,10/22/2023 8:50,17.37,"","","","",
M6,1629,10/22/2023 8:55,17.33,"","","","",
M6,1630,10/22/2023 9:00,17.5,"","","","",
M6,1631,10/22/2023 9:05,17.5,"","","","",
M6,1632,10/22/2023 9:10,17.54,"","","","",
M6,1633,10/22/2023 9:15,17.59,"","","","",
M6,1634,10/22/2023 9:20,17.63,"","","","",
M6,1635,10/22/2023 9:25,17.54,"","","","",
M6,1636,10/22/2023 9:30,17.89,"","","","",
M6,1637,10/22/2023 9:35,17.84,"","","","",
M6,1638,10/22/2023 9:40,18.02,"","","","",
M6,1639,10/22/2023 9:45,18.02,"","","","",
M6,1640,10/22/2023 9:50,17.72,"","","","",
M6,1641,10/22/2023 9:55,17.72,"","","","",
M6,1642,10/22/2023 10:00,17.76,"","","","",
M6,1643,10/22/2023 10:05,17.97,"","","","",
M6,1644,10/22/2023 10:10,17.76,"","","","",
M6,1645,10/22/2023 10:15,18.06,"","","","",
M6,1646,10/22/2023 10:20,18.1,"","","","",
M6,1647,10/22/2023 10:25,18.14,"","","","",
M6,1648,10/22/2023 10:30,18.4,"","","","",
M6,1649,10/22/2023 10:35,18.27,"","","","",
M6,1650,10/22/2023 10:40,18.23,"","","","",
M6,1651,10/22/2023 10:45,18.32,"","","","",
M6,1652,10/22/2023 10:50,18.44,"","","","",
M6,1653,10/22/2023 10:55,18.36,"","","","",
M6,1654,10/22/2023 11:00,18.53,"","","","",
M6,1655,10/22/2023 11:05,18.53,"","","","",
M6,1656,10/22/2023 11:10,18.44,"","","","",
M6,1657,10/22/2023 11:15,18.44,"","","","",
M6,1658,10/22/2023 11:20,18.57,"","","","",
M6,1659,10/22/2023 11:25,18.49,"","","","",
M6,1660,10/22/2023 11:30,18.53,"","","","",
M6,1661,10/22/2023 11:35,18.57,"","","","",
M6,1662,10/22/2023 11:40,18.57,"","","","",
M6,1663,10/22/2023 11:45,18.62,"","","","",
M6,1664,10/22/2023 11:50,18.66,"","","","",
M6,1665,10/22/2023 11:55,18.7,"","","","",
M6,1666,10/22/2023 12:00,18.62,"","","","",
M6,1667,10/22/2023 12:05,18.57,"","","","",
M6,1668,10/22/2023 12:10,18.62,"","","","",
M6,1669,10/22/2023 12:15,18.74,"","","","",
M6,1670,10/22/2023 12:20,18.7,"","","","",
M6,1671,10/22/2023 12:25,18.4,"","","","",
M6,1672,10/22/2023 12:30,18.7,"","","","",
M6,1673,10/22/2023 12:35,18.7,"","","","",
M6,1674,10/22/2023 12:40,18.74,"","","","",
M6,1675,10/22/2023 12:45,18.66,"","","","",
M6,1676,10/22/2023 12:50,18.7,"","","","",
M6,1677,10/22/2023 12:55,18.57,"","","","",
M6,1678,10/22/2023 13:00,18.57,"","","","",
M6,1679,10/22/2023 13:05,18.66,"","","","",
M6,1680,10/22/2023 13:10,18.7,"","","","",
M6,1681,10/22/2023 13:15,18.66,"","","","",
M6,1682,10/22/2023 13:20,18.74,"","","","",
M6,1683,10/22/2023 13:25,18.74,"","","","",
M6,1684,10/22/2023 13:30,18.7,"","","","",
M6,1685,10/22/2023 13:35,18.66,"","","","",
M6,1686,10/22/2023 13:40,18.7,"","","","",
M6,1687,10/22/2023 13:45,18.79,"","","","",
M6,1688,10/22/2023 13:50,18.7,"","","","",
M6,1689,10/22/2023 13:55,18.74,"","","","",
M6,1690,10/22/2023 14:00,18.7,"","","","",
M6,1691,10/22/2023 14:05,18.66,"","","","",
M6,1692,10/22/2023 14:10,18.62,"","","","",
M6,1693,10/22/2023 14:15,18.49,"","","","",
M6,1694,10/22/2023 14:20,18.44,"","","","",
M6,1695,10/22/2023 14:25,18.32,"","","","",
M6,1696,10/22/2023 14:30,18.49,"","","","",
M6,1697,10/22/2023 14:35,18.62,"","","","",
M6,1698,10/22/2023 14:40,18.66,"","","","",
M6,1699,10/22/2023 14:45,18.62,"","","","",
M6,1700,10/22/2023 14:50,18.27,"","","","",
M6,1701,10/22/2023 14:55,18.36,"","","","",
M6,1702,10/22/2023 15:00,18.4,"","","","",
M6,1703,10/22/2023 15:05,18.53,"","","","",
M6,1704,10/22/2023 15:10,18.57,"","","","",
M6,1705,10/22/2023 15:15,18.7,"","","","",
M6,1706,10/22/2023 15:20,18.66,"","","","",
M6,1707,10/22/2023 15:25,18.7,"","","","",
M6,1708,10/22/2023 15:30,18.7,"","","","",
M6,1709,10/22/2023 15:35,18.53,"","","","",
M6,1710,10/22/2023 15:40,18.66,"","","","",
M6,1711,10/22/2023 15:45,18.44,"","","","",
M6,1712,10/22/2023 15:50,18.66,"","","","",
M6,1713,10/22/2023 15:55,18.66,"","","","",
M6,1714,10/22/2023 16:00,18.53,"","","","",
M6,1715,10/22/2023 16:05,18.49,"","","","",
M6,1716,10/22/2023 16:10,18.53,"","","","",
M6,1717,10/22/2023 16:15,18.74,"","","","",
M6,1718,10/22/2023 16:20,18.66,"","","","",
M6,1719,10/22/2023 16:25,18.7,"","","","",
M6,1720,10/22/2023 16:30,18.79,"","","","",
M6,1721,10/22/2023 16:35,18.74,"","","","",
M6,1722,10/22/2023 16:40,18.79,"","","","",
M6,1723,10/22/2023 16:45,18.74,"","","","",
M6,1724,10/22/2023 16:50,18.66,"","","","",
M6,1725,10/22/2023 16:55,18.62,"","","","",
M6,1726,10/22/2023 17:00,18.62,"","","","",
M6,1727,10/22/2023 17:05,18.62,"","","","",
M6,1728,10/22/2023 17:10,18.62,"","","","",
M6,1729,10/22/2023 17:15,18.7,"","","","",
M6,1730,10/22/2023 17:20,18.74,"","","","",
M6,1731,10/22/2023 17:25,18.7,"","","","",
M6,1732,10/22/2023 17:30,18.7,"","","","",
M6,1733,10/22/2023 17:35,18.74,"","","","",
M6,1734,10/22/2023 17:40,18.83,"","","","",
M6,1735,10/22/2023 17:45,18.83,"","","","",
M6,1736,10/22/2023 17:50,18.83,"","","","",
M6,1737,10/22/2023 17:55,18.92,"","","","",
M6,1738,10/22/2023 18:00,18.87,"","","","",
M6,1739,10/22/2023 18:05,18.92,"","","","",
M6,1740,10/22/2023 18:10,18.96,"","","","",
M6,1741,10/22/2023 18:15,18.96,"","","","",
M6,1742,10/22/2023 18:20,18.96,"","","","",
M6,1743,10/22/2023 18:25,18.92,"","","","",
M6,1744,10/22/2023 18:30,18.96,"","","","",
M6,1745,10/22/2023 18:35,18.96,"","","","",
M6,1746,10/22/2023 18:40,19.05,"","","","",
M6,1747,10/22/2023 18:45,19.09,"","","","",
M6,1748,10/22/2023 18:50,19.09,"","","","",
M6,1749,10/22/2023 18:55,19.13,"","","","",
M6,1750,10/22/2023 19:00,19.17,"","","","",
M6,1751,10/22/2023 19:05,19.13,"","","","",
M6,1752,10/22/2023 19:10,19.17,"","","","",
M6,1753,10/22/2023 19:15,19.17,"","","","",
M6,1754,10/22/2023 19:20,19.22,"","","","",
M6,1755,10/22/2023 19:25,19.17,"","","","",
M6,1756,10/22/2023 19:30,19.17,"","","","",
M6,1757,10/22/2023 19:35,19.17,"","","","",
M6,1758,10/22/2023 19:40,19.13,"","","","",
M6,1759,10/22/2023 19:45,19.13,"","","","",
M6,1760,10/22/2023 19:50,19.17,"","","","",
M6,1761,10/22/2023 19:55,19.13,"","","","",
M6,1762,10/22/2023 20:00,19.17,"","","","",
M6,1763,10/22/2023 20:05,19.17,"","","","",
M6,1764,10/22/2023 20:10,19.13,"","","","",
M6,1765,10/22/2023 20:15,19.17,"","","","",
M6,1766,10/22/2023 20:20,19.17,"","","","",
M6,1767,10/22/2023 20:25,19.13,"","","","",
M6,1768,10/22/2023 20:30,19.17,"","","","",
M6,1846,10/23/2023 3:00,17.8,"","","","",
M6,1847,10/23/2023 3:05,17.8,"","","","",
M6,1848,10/23/2023 3:10,17.8,"","","","",
M6,1849,10/23/2023 3:15,17.8,"","","","",
M6,1850,10/23/2023 3:20,17.8,"","","","",
M6,1851,10/23/2023 3:25,17.8,"","","","",
M6,1852,10/23/2023 3:30,17.76,"","","","",
M6,1853,10/23/2023 3:35,17.8,"","","","",
M6,1854,10/23/2023 3:40,17.76,"","","","",
M6,1855,10/23/2023 3:45,17.76,"","","","",
M6,1856,10/23/2023 3:50,17.72,"","","","",
M6,1857,10/23/2023 3:55,17.76,"","","","",
M6,1858,10/23/2023 4:00,17.76,"","","","",
M6,1859,10/23/2023 4:05,17.72,"","","","",
M6,1860,10/23/2023 4:10,17.72,"","","","",
M6,1861,10/23/2023 4:15,17.76,"","","","",
M6,1862,10/23/2023 4:20,17.72,"","","","",
M6,1863,10/23/2023 4:25,17.67,"","","","",
M6,1864,10/23/2023 4:30,17.72,"","","","",
M6,1865,10/23/2023 4:35,17.67,"","","","",
M6,1866,10/23/2023 4:40,17.63,"","","","",
M6,1867,10/23/2023 4:45,17.67,"","","","",
M6,1868,10/23/2023 4:50,17.72,"","","","",
M6,1869,10/23/2023 4:55,17.63,"","","","",
M6,1870,10/23/2023 5:00,17.59,"","","","",
M6,1871,10/23/2023 5:05,17.54,"","","","",
M6,1872,10/23/2023 5:10,17.54,"","","","",
M6,1873,10/23/2023 5:15,17.59,"","","","",
M6,1874,10/23/2023 5:20,17.5,"","","","",
M6,1875,10/23/2023 5:25,17.46,"","","","",
M6,1876,10/23/2023 5:30,17.46,"","","","",
M6,1877,10/23/2023 5:35,17.46,"","","","",
M6,1878,10/23/2023 5:40,17.46,"","","","",
M6,1879,10/23/2023 5:45,17.46,"","","","",
M6,1880,10/23/2023 5:50,17.41,"","","","",
M6,1881,10/23/2023 5:55,17.37,"","","","",
M6,1882,10/23/2023 6:00,17.33,"","","","",
M6,1883,10/23/2023 6:05,17.33,"","","","",
M6,1884,10/23/2023 6:10,17.33,"","","","",
M6,1885,10/23/2023 6:15,17.33,"","","","",
M6,1886,10/23/2023 6:20,17.29,"","","","",
M6,1887,10/23/2023 6:25,17.29,"","","","",
M6,1888,10/23/2023 6:30,17.24,"","","","",
M6,1889,10/23/2023 6:35,17.24,"","","","",
M6,1890,10/23/2023 6:40,17.2,"","","","",
M6,1891,10/23/2023 6:45,17.16,"","","","",
M6,1892,10/23/2023 6:50,17.16,"","","","",
M6,1893,10/23/2023 6:55,17.07,"","","","",
M6,1894,10/23/2023 7:00,17.07,"","","","",
M6,1895,10/23/2023 7:05,17.07,"","","","",
M6,1896,10/23/2023 7:10,17.11,"","","","",
M6,1897,10/23/2023 7:15,17.07,"","","","",
M6,1898,10/23/2023 7:20,17.07,"","","","",
M6,1899,10/23/2023 7:25,17.07,"","","","",
M6,1900,10/23/2023 7:30,17.03,"","","","",
M6,1901,10/23/2023 7:35,17.07,"","","","",
M6,1902,10/23/2023 7:40,17.03,"","","","",
M6,1903,10/23/2023 7:45,17.03,"","","","",
M6,1904,10/23/2023 7:50,16.99,"","","","",
M6,1905,10/23/2023 7:55,16.94,"","","","",
M6,1906,10/23/2023 8:00,17.03,"","","","",
M6,1907,10/23/2023 8:05,16.99,"","","","",
M6,1908,10/23/2023 8:10,16.99,"","","","",
M6,1909,10/23/2023 8:15,16.99,"","","","",
M6,1910,10/23/2023 8:20,16.94,"","","","",
M6,1911,10/23/2023 8:25,16.99,"","","","",
M6,1912,10/23/2023 8:30,16.94,"","","","",
M6,1913,10/23/2023 8:35,16.94,"","","","",
M6,1914,10/23/2023 8:40,16.99,"","","","",
M6,1915,10/23/2023 8:45,16.99,"","","","",
M6,1916,10/23/2023 8:50,17.03,"","","","",
M6,1917,10/23/2023 8:55,16.99,"","","","",
M6,1918,10/23/2023 9:00,16.99,"","","","",
M6,1919,10/23/2023 9:05,17.03,"","","","",
M6,1920,10/23/2023 9:10,17.07,"","","","",
M6,1921,10/23/2023 9:15,17.11,"","","","",
M6,1922,10/23/2023 9:20,17.2,"","","","",
M6,1923,10/23/2023 9:25,17.59,"","","","",
M6,1924,10/23/2023 9:30,17.8,"","","","",
M6,1925,10/23/2023 9:35,17.67,"","","","",
M6,1926,10/23/2023 9:40,17.72,"","","","",
M6,1927,10/23/2023 9:45,17.76,"","","","",
M6,1928,10/23/2023 9:50,17.5,"","","","",
M6,1929,10/23/2023 9:55,17.54,"","","","",
M6,1930,10/23/2023 10:00,17.59,"","","","",
M6,1931,10/23/2023 10:05,18.06,"","","","",
M6,1932,10/23/2023 10:10,18.14,"","","","",
M6,1933,10/23/2023 10:15,18.36,"","","","",
M6,1934,10/23/2023 10:20,17.89,"","","","",
M6,1935,10/23/2023 10:25,17.67,"","","","",
M6,1936,10/23/2023 10:30,17.63,"","","","",
M6,1937,10/23/2023 10:35,17.76,"","","","",
M6,1938,10/23/2023 10:40,18.06,"","","","",
M6,1939,10/23/2023 10:45,18.23,"","","","",
M6,1940,10/23/2023 10:50,18.27,"","","","",
M6,1941,10/23/2023 10:55,17.89,"","","","",
M6,1942,10/23/2023 11:00,18.32,"","","","",
M6,1943,10/23/2023 11:05,18.74,"","","","",
M6,1944,10/23/2023 11:10,18.83,"","","","",
M6,1945,10/23/2023 11:15,18.74,"","","","",
M6,1946,10/23/2023 11:20,18.83,"","","","",
M6,1947,10/23/2023 11:25,19.05,"","","","",
M6,1948,10/23/2023 11:30,19,"","","","",
M6,1949,10/23/2023 11:35,18.87,"","","","",
M6,1950,10/23/2023 11:40,19.05,"","","","",
M6,1951,10/23/2023 11:45,18.96,"","","","",
M6,1952,10/23/2023 11:50,18.92,"","","","",
M6,1953,10/23/2023 11:55,18.96,"","","","",
M6,1954,10/23/2023 12:00,19.05,"","","","",
M6,1955,10/23/2023 12:05,19.05,"","","","",
M6,1956,10/23/2023 12:10,19,"","","","",
M6,1957,10/23/2023 12:15,19.09,"","","","",
M6,1958,10/23/2023 12:20,19.13,"","","","",
M6,1959,10/23/2023 12:25,19.13,"","","","",
M6,1960,10/23/2023 12:30,19.13,"","","","",
M6,1961,10/23/2023 12:35,19.13,"","","","",
M6,1962,10/23/2023 12:40,19.22,"","","","",
M6,1963,10/23/2023 12:45,19.09,"","","","",
M6,1964,10/23/2023 12:50,19.05,"","","","",
M6,1965,10/23/2023 12:55,19.09,"","","","",
M6,1966,10/23/2023 13:00,19.17,"","","","",
M6,1967,10/23/2023 13:05,19.09,"","","","",
M6,1968,10/23/2023 13:10,19.13,"","","","",
M6,1969,10/23/2023 13:15,19.05,"","","","",
M6,1970,10/23/2023 13:20,19.09,"","","","",
M6,1971,10/23/2023 13:25,19.05,"","","","",
M6,1972,10/23/2023 13:30,19.09,"","","","",
M6,1973,10/23/2023 13:35,19.09,"","","","",
M6,1974,10/23/2023 13:40,19.05,"","","","",
M6,1975,10/23/2023 13:45,18.96,"","","","",
M6,1976,10/23/2023 13:50,18.87,"","","","",
M6,1977,10/23/2023 13:55,18.92,"","","","",
M6,1978,10/23/2023 14:00,18.92,"","","","",
M6,1979,10/23/2023 14:05,18.87,"","","","",
M6,1980,10/23/2023 14:10,18.79,"","","","",
M6,1981,10/23/2023 14:15,18.83,"","","","",
M6,1982,10/23/2023 14:20,18.79,"","","","",
M6,1983,10/23/2023 14:25,18.79,"","","","",
M6,1984,10/23/2023 14:30,18.74,"","","","",
M6,1985,10/23/2023 14:35,18.66,"","","","",
M6,1986,10/23/2023 14:40,18.62,"","","","",
M6,1987,10/23/2023 14:45,18.53,"","","","",
M6,1988,10/23/2023 14:50,18.62,"","","","",
M6,1989,10/23/2023 14:55,18.62,"","","","",
M6,1990,10/23/2023 15:00,18.49,"","","","",
M6,1991,10/23/2023 15:05,18.49,"","","","",
M6,1992,10/23/2023 15:10,18.4,"","","","",
M6,1993,10/23/2023 15:15,18.32,"","","","",
M6,1994,10/23/2023 15:20,18.32,"","","","",
M6,1995,10/23/2023 15:25,18.23,"","","","",
M6,1996,10/23/2023 15:30,18.19,"","","","",
M6,1997,10/23/2023 15:35,18.14,"","","","",
M6,1998,10/23/2023 15:40,18.1,"","","","",
M6,1999,10/23/2023 15:45,18.14,"","","","",
M6,2000,10/23/2023 15:50,18.14,"","","","",
M6,2001,10/23/2023 15:55,17.97,"","","","",
M6,2002,10/23/2023 16:00,17.97,"","","","",
M6,2003,10/23/2023 16:05,17.97,"","","","",
M6,2004,10/23/2023 16:10,18.02,"","","","",
M6,2005,10/23/2023 16:15,17.93,"","","","",
M6,2006,10/23/2023 16:20,17.89,"","","","",
M6,2007,10/23/2023 16:25,17.72,"","","","",
M6,2008,10/23/2023 16:30,17.72,"","","","",
M6,2009,10/23/2023 16:35,17.8,"","","","",
M6,2010,10/23/2023 16:40,17.8,"","","","",
M6,2011,10/23/2023 16:45,17.8,"","","","",
M6,2012,10/23/2023 16:50,17.63,"","","","",
M6,2013,10/23/2023 16:55,17.72,"","","","",
M6,2014,10/23/2023 17:00,17.54,"","","","",
M6,2015,10/23/2023 17:05,17.5,"","","","",
M6,2016,10/23/2023 17:10,17.46,"","","","",
M6,2017,10/23/2023 17:15,17.5,"","","","",
M6,2018,10/23/2023 17:20,17.5,"","","","",
M6,2019,10/23/2023 17:25,17.5,"","","","",
M6,2020,10/23/2023 17:30,17.41,"","","","",
M6,2021,10/23/2023 17:35,17.46,"","","","",
M6,2022,10/23/2023 17:40,17.5,"","","","",
M6,2023,10/23/2023 17:45,17.54,"","","","",
M6,2024,10/23/2023 17:50,17.54,"","","","",
M6,2025,10/23/2023 17:55,17.63,"","","","",
M6,2026,10/23/2023 18:00,17.54,"","","","",
M6,2027,10/23/2023 18:05,17.59,"","","","",
M6,2028,10/23/2023 18:10,17.54,"","","","",
M6,2029,10/23/2023 18:15,17.63,"","","","",
M6,2030,10/23/2023 18:20,17.63,"","","","",
M6,2031,10/23/2023 18:25,17.63,"","","","",
M6,2032,10/23/2023 18:30,17.63,"","","","",
M6,2033,10/23/2023 18:35,17.63,"","","","",
M6,2034,10/23/2023 18:40,17.67,"","","","",
M6,2035,10/23/2023 18:45,17.63,"","","","",
M6,2036,10/23/2023 18:50,17.63,"","","","",
M6,2037,10/23/2023 18:55,17.67,"","","","",
M6,2038,10/23/2023 19:00,17.63,"","","","",
M6,2039,10/23/2023 19:05,17.67,"","","","",
M6,2040,10/23/2023 19:10,17.67,"","","","",
M6,2041,10/23/2023 19:15,17.67,"","","","",
M6,2042,10/23/2023 19:20,17.67,"","","","",
M6,2043,10/23/2023 19:25,17.72,"","","","",
M6,2044,10/23/2023 19:30,17.72,"","","","",
M6,2045,10/23/2023 19:35,17.72,"","","","",
M6,2046,10/23/2023 19:40,17.72,"","","","",
M6,2047,10/23/2023 19:45,17.76,"","","","",
M6,2048,10/23/2023 19:50,17.72,"","","","",
M6,2049,10/23/2023 19:55,17.76,"","","","",
M6,2050,10/23/2023 20:00,17.72,"","","","",
M6,2051,10/23/2023 20:05,17.76,"","","","",
M6,2052,10/23/2023 20:10,17.72,"","","","",
M6,2053,10/23/2023 20:15,17.67,"","","","",
M6,2054,10/23/2023 20:20,17.72,"","","","",
M6,2055,10/23/2023 20:25,17.72,"","","","",
M6,2056,10/23/2023 20:30,17.72,"","","","",
M6,2057,10/23/2023 20:35,17.67,"","","","",
M6,2058,10/23/2023 20:40,17.72,"","","","",
M6,2059,10/23/2023 20:45,17.72,"","","","",
M6,2060,10/23/2023 20:50,17.67,"","","","",
M6,2061,10/23/2023 20:55,17.72,"","","","",
M6,2062,10/23/2023 21:00,17.67,"","","","",
M6,2063,10/23/2023 21:05,17.67,"","","","",
M6,2064,10/23/2023 21:10,17.72,"","","","",
M6,2065,10/23/2023 21:15,17.67,"","","","",
M6,2066,10/23/2023 21:20,17.63,"","","","",
M6,2067,10/23/2023 21:25,17.67,"","","","",
M6,2141,10/24/2023 3:35,17.72,"","","","",
M6,2142,10/24/2023 3:40,17.8,"","","","",
M6,2143,10/24/2023 3:45,17.8,"","","","",
M6,2144,10/24/2023 3:50,17.8,"","","","",
M6,2145,10/24/2023 3:55,17.8,"","","","",
M6,2146,10/24/2023 4:00,17.8,"","","","",
M6,2147,10/24/2023 4:05,17.8,"","","","",
M6,2148,10/24/2023 4:10,17.76,"","","","",
M6,2149,10/24/2023 4:15,17.76,"","","","",
M6,2150,10/24/2023 4:20,17.76,"","","","",
M6,2151,10/24/2023 4:25,17.8,"","","","",
M6,2152,10/24/2023 4:30,17.76,"","","","",
M6,2153,10/24/2023 4:35,17.76,"","","","",
M6,2154,10/24/2023 4:40,17.76,"","","","",
M6,2155,10/24/2023 4:45,17.67,"","","","",
M6,2156,10/24/2023 4:50,17.76,"","","","",
M6,2157,10/24/2023 4:55,17.72,"","","","",
M6,2158,10/24/2023 5:00,17.8,"","","","",
M6,2159,10/24/2023 5:05,17.76,"","","","",
M6,2160,10/24/2023 5:10,17.76,"","","","",
M6,2161,10/24/2023 5:15,17.76,"","","","",
M6,2162,10/24/2023 5:20,17.76,"","","","",
M6,2163,10/24/2023 5:25,17.72,"","","","",
M6,2164,10/24/2023 5:30,17.72,"","","","",
M6,2165,10/24/2023 5:35,17.76,"","","","",
M6,2166,10/24/2023 5:40,17.76,"","","","",
M6,2167,10/24/2023 5:45,17.8,"","","","",
M6,2168,10/24/2023 5:50,17.72,"","","","",
M6,2169,10/24/2023 5:55,17.76,"","","","",
M6,2170,10/24/2023 6:00,17.76,"","","","",
M6,2171,10/24/2023 6:05,17.84,"","","","",
M6,2172,10/24/2023 6:10,17.8,"","","","",
M6,2173,10/24/2023 6:15,17.76,"","","","",
M6,2174,10/24/2023 6:20,17.76,"","","","",
M6,2175,10/24/2023 6:25,17.8,"","","","",
M6,2176,10/24/2023 6:30,17.76,"","","","",
M6,2177,10/24/2023 6:35,17.84,"","","","",
M6,2178,10/24/2023 6:40,17.8,"","","","",
M6,2179,10/24/2023 6:45,17.89,"","","","",
M6,2180,10/24/2023 6:50,17.84,"","","","",
M6,2181,10/24/2023 6:55,17.84,"","","","",
M6,2182,10/24/2023 7:00,17.84,"","","","",
M6,2183,10/24/2023 7:05,17.8,"","","","",
M6,2184,10/24/2023 7:10,17.89,"","","","",
M6,2185,10/24/2023 7:15,17.89,"","","","",
M6,2186,10/24/2023 7:20,17.89,"","","","",
M6,2187,10/24/2023 7:25,17.89,"","","","",
M6,2188,10/24/2023 7:30,17.89,"","","","",
M6,2189,10/24/2023 7:35,17.84,"","","","",
M6,2190,10/24/2023 7:40,17.93,"","","","",
M6,2191,10/24/2023 7:45,17.8,"","","","",
M6,2192,10/24/2023 7:50,17.89,"","","","",
M6,2193,10/24/2023 7:55,17.93,"","","","",
M6,2194,10/24/2023 8:00,17.93,"","","","",
M6,2195,10/24/2023 8:05,17.97,"","","","",
M6,2196,10/24/2023 8:10,17.93,"","","","",
M6,2197,10/24/2023 8:15,18.02,"","","","",
M6,2198,10/24/2023 8:20,17.93,"","","","",
M6,2199,10/24/2023 8:25,17.97,"","","","",
M6,2200,10/24/2023 8:30,17.97,"","","","",
M6,2201,10/24/2023 8:35,18.06,"","","","",
M6,2202,10/24/2023 8:40,17.93,"","","","",
M6,2203,10/24/2023 8:45,18.1,"","","","",
M6,2204,10/24/2023 8:50,18.36,"","","","",
M6,2205,10/24/2023 8:55,18.4,"","","","",
M6,2206,10/24/2023 9:00,18.36,"","","","",
M6,2207,10/24/2023 9:05,18.4,"","","","",
M6,2208,10/24/2023 9:10,18.14,"","","","",
M6,2209,10/24/2023 9:15,18.49,"","","","",
M6,2210,10/24/2023 9:20,18.53,"","","","",
M6,2211,10/24/2023 9:25,18.62,"","","","",
M6,2212,10/24/2023 9:30,18.27,"","","","",
M6,2213,10/24/2023 9:35,18.79,"","","","",
M6,2214,10/24/2023 9:40,18.36,"","","","",
M6,2215,10/24/2023 9:45,18.27,"","","","",
M6,2216,10/24/2023 9:50,18.92,"","","","",
M6,2217,10/24/2023 9:55,18.62,"","","","",
M6,2218,10/24/2023 10:00,18.32,"","","","",
M6,2219,10/24/2023 10:05,18.23,"","","","",
M6,2220,10/24/2023 10:10,18.32,"","","","",
M6,2221,10/24/2023 10:15,18.32,"","","","",
M6,2222,10/24/2023 10:20,18.19,"","","","",
M6,2223,10/24/2023 10:25,18.49,"","","","",
M6,2224,10/24/2023 10:30,18.83,"","","","",
M6,2225,10/24/2023 10:35,18.83,"","","","",
M6,2226,10/24/2023 10:40,18.83,"","","","",
M6,2227,10/24/2023 10:45,19.52,"","","","",
M6,2228,10/24/2023 10:50,18.92,"","","","",
M6,2229,10/24/2023 10:55,19,"","","","",
M6,2230,10/24/2023 11:00,19.05,"","","","",
M6,2231,10/24/2023 11:05,19.39,"","","","",
M6,2232,10/24/2023 11:10,19.65,"","","","",
M6,2233,10/24/2023 11:15,19.35,"","","","",
M6,2234,10/24/2023 11:20,19.77,"","","","",
M6,2235,10/24/2023 11:25,19.39,"","","","",
M6,2236,10/24/2023 11:30,19.35,"","","","",
M6,2237,10/24/2023 11:35,20.25,"","","","",
M6,2238,10/24/2023 11:40,20.93,"","","","",
M6,2239,10/24/2023 11:45,20.42,"","","","",
M6,2240,10/24/2023 11:50,20.98,"","","","",
M6,2241,10/24/2023 11:55,21.1,"","","","",
M6,2242,10/24/2023 12:00,21.06,"","","","",
M6,2260,10/24/2023 13:30,21.66,"","","","",
M6,2261,10/24/2023 13:35,21.28,"","","","",
M6,2262,10/24/2023 13:40,21.36,"","","","",
M6,2263,10/24/2023 13:45,21.28,"","","","",
M6,2264,10/24/2023 13:50,21.32,"","","","",
M6,2265,10/24/2023 13:55,21.15,"","","","",
M6,2266,10/24/2023 14:00,21.1,"","","","",
M6,2267,10/24/2023 14:05,20.98,"","","","",
M6,2268,10/24/2023 14:10,21.02,"","","","",
M6,2269,10/24/2023 14:15,20.98,"","","","",
M6,2270,10/24/2023 14:20,20.8,"","","","",
M6,2271,10/24/2023 14:25,20.76,"","","","",
M6,2272,10/24/2023 14:30,20.72,"","","","",
M6,2273,10/24/2023 14:35,20.68,"","","","",
M6,2274,10/24/2023 14:40,20.59,"","","","",
M6,2275,10/24/2023 14:45,20.5,"","","","",
M6,2276,10/24/2023 14:50,20.46,"","","","",
M6,2277,10/24/2023 14:55,20.29,"","","","",
M6,2278,10/24/2023 15:00,20.25,"","","","",
M6,2279,10/24/2023 15:05,20.29,"","","","",
M6,2280,10/24/2023 15:10,20.2,"","","","",
M6,2281,10/24/2023 15:15,20.16,"","","","",
M6,2282,10/24/2023 15:20,20.16,"","","","",
M6,2283,10/24/2023 15:25,20.03,"","","","",
M6,2284,10/24/2023 15:30,20.12,"","","","",
M6,2285,10/24/2023 15:35,20.03,"","","","",
M6,2286,10/24/2023 15:40,19.99,"","","","",
M6,2287,10/24/2023 15:45,19.9,"","","","",
M6,2288,10/24/2023 15:50,19.9,"","","","",
M6,2289,10/24/2023 15:55,19.82,"","","","",
M6,2290,10/24/2023 16:00,19.77,"","","","",
M6,2291,10/24/2023 16:05,19.77,"","","","",
M6,2292,10/24/2023 16:10,19.73,"","","","",
M6,2293,10/24/2023 16:15,19.73,"","","","",
M6,2294,10/24/2023 16:20,19.73,"","","","",
M6,2295,10/24/2023 16:25,19.69,"","","","",
M6,2296,10/24/2023 16:30,19.65,"","","","",
M6,2297,10/24/2023 16:35,19.69,"","","","",
M6,2298,10/24/2023 16:40,19.52,"","","","",
M6,2299,10/24/2023 16:45,19.56,"","","","",
M6,2300,10/24/2023 16:50,19.47,"","","","",
M6,2301,10/24/2023 16:55,19.56,"","","","",
M6,2302,10/24/2023 17:00,19.56,"","","","",
M6,2303,10/24/2023 17:05,19.52,"","","","",
M6,2304,10/24/2023 17:10,19.56,"","","","",
M6,2305,10/24/2023 17:15,19.56,"","","","",
M6,2306,10/24/2023 17:20,19.52,"","","","",
M6,2307,10/24/2023 17:25,19.56,"","","","",
M6,2308,10/24/2023 17:30,19.56,"","","","",
M6,2309,10/24/2023 17:35,19.52,"","","","",
M6,2310,10/24/2023 17:40,19.43,"","","","",
M6,2311,10/24/2023 17:45,19.47,"","","","",
M6,2312,10/24/2023 17:50,19.43,"","","","",
M6,2313,10/24/2023 17:55,19.43,"","","","",
M6,2314,10/24/2023 18:00,19.43,"","","","",
M6,2315,10/24/2023 18:05,19.39,"","","","",
M6,2316,10/24/2023 18:10,19.35,"","","","",
M6,2317,10/24/2023 18:15,19.39,"","","","",
M6,2318,10/24/2023 18:20,19.35,"","","","",
M6,2319,10/24/2023 18:25,19.39,"","","","",
M6,2320,10/24/2023 18:30,19.39,"","","","",
M6,2321,10/24/2023 18:35,19.3,"","","","",
M6,2322,10/24/2023 18:40,19.39,"","","","",
M6,2323,10/24/2023 18:45,19.3,"","","","",
M6,2324,10/24/2023 18:50,19.35,"","","","",
M6,2325,10/24/2023 18:55,19.35,"","","","",
M6,2326,10/24/2023 19:00,19.3,"","","","",
M6,2327,10/24/2023 19:05,19.3,"","","","",
M6,2328,10/24/2023 19:10,19.3,"","","","",
M6,2329,10/24/2023 19:15,19.3,"","","","",
M6,2330,10/24/2023 19:20,19.3,"","","","",
M6,2331,10/24/2023 19:25,19.26,"","","","",
M6,2332,10/24/2023 19:30,19.26,"","","","",
M6,2333,10/24/2023 19:35,19.26,"","","","",
M6,2334,10/24/2023 19:40,19.26,"","","","",
M6,2335,10/24/2023 19:45,19.3,"","","","",
M6,2336,10/24/2023 19:50,19.26,"","","","",
M6,2337,10/24/2023 19:55,19.26,"","","","",
M6,2338,10/24/2023 20:00,19.26,"","","","",
M6,2339,10/24/2023 20:05,19.26,"","","","",
M6,2340,10/24/2023 20:10,19.26,"","","","",
M6,2341,10/24/2023 20:15,19.26,"","","","",
M6,2342,10/24/2023 20:20,19.22,"","","","",
M6,2343,10/24/2023 20:25,19.26,"","","","",
M6,2344,10/24/2023 20:30,19.26,"","","","",
M6,2345,10/24/2023 20:35,19.3,"","","","",
M6,2346,10/24/2023 20:40,19.26,"","","","",
M6,2347,10/24/2023 20:45,19.3,"","","","",
M6,2348,10/24/2023 20:50,19.26,"","","","",
M6,2349,10/24/2023 20:55,19.22,"","","","",
M6,2350,10/24/2023 21:00,19.26,"","","","",
M6,2351,10/24/2023 21:05,19.26,"","","","",
M6,2352,10/24/2023 21:10,19.22,"","","","",
M6,2353,10/24/2023 21:15,19.22,"","","","",
M6,2354,10/24/2023 21:20,19.22,"","","","",
M6,2355,10/24/2023 21:25,19.22,"","","","",
M6,2356,10/24/2023 21:30,19.22,"","","","",
M6,2357,10/24/2023 21:35,19.22,"","","","",
M6,2358,10/24/2023 21:40,19.17,"","","","",
M6,2359,10/24/2023 21:45,19.22,"","","","",
M6,2360,10/24/2023 21:50,19.17,"","","","",
M6,2361,10/24/2023 21:55,19.13,"","","","",
M6,2362,10/24/2023 22:00,19.13,"","","","",
M6,2363,10/24/2023 22:05,19.13,"","","","",
M6,2364,10/24/2023 22:10,19.09,"","","","",
M6,2365,10/24/2023 22:15,19.09,"","","","",
M6,2366,10/24/2023 22:20,19.13,"","","","",
M6,2435,10/25/2023 4:05,19.26,"","","","",
M6,2436,10/25/2023 4:10,19.22,"","","","",
M6,2437,10/25/2023 4:15,19.26,"","","","",
M6,2438,10/25/2023 4:20,19.26,"","","","",
M6,2439,10/25/2023 4:25,19.26,"","","","",
M6,2440,10/25/2023 4:30,19.22,"","","","",
M6,2441,10/25/2023 4:35,19.22,"","","","",
M6,2442,10/25/2023 4:40,19.22,"","","","",
M6,2443,10/25/2023 4:45,19.26,"","","","",
M6,2444,10/25/2023 4:50,19.22,"","","","",
M6,2445,10/25/2023 4:55,19.26,"","","","",
M6,2446,10/25/2023 5:00,19.26,"","","","",
M6,2447,10/25/2023 5:05,19.26,"","","","",
M6,2448,10/25/2023 5:10,19.26,"","","","",
M6,2449,10/25/2023 5:15,19.22,"","","","",
M6,2450,10/25/2023 5:20,19.26,"","","","",
M6,2451,10/25/2023 5:25,19.3,"","","","",
M6,2452,10/25/2023 5:30,19.26,"","","","",
M6,2453,10/25/2023 5:35,19.26,"","","","",
M6,2454,10/25/2023 5:40,19.3,"","","","",
M6,2455,10/25/2023 5:45,19.26,"","","","",
M6,2456,10/25/2023 5:50,19.26,"","","","",
M6,2457,10/25/2023 5:55,19.26,"","","","",
M6,2458,10/25/2023 6:00,19.3,"","","","",
M6,2459,10/25/2023 6:05,19.35,"","","","",
M6,2460,10/25/2023 6:10,19.35,"","","","",
M6,2461,10/25/2023 6:15,19.3,"","","","",
M6,2462,10/25/2023 6:20,19.35,"","","","",
M6,2463,10/25/2023 6:25,19.35,"","","","",
M6,2464,10/25/2023 6:30,19.35,"","","","",
M6,2465,10/25/2023 6:35,19.35,"","","","",
M6,2466,10/25/2023 6:40,19.35,"","","","",
M6,2467,10/25/2023 6:45,19.39,"","","","",
M6,2468,10/25/2023 6:50,19.39,"","","","",
M6,2469,10/25/2023 6:55,19.35,"","","","",
M6,2470,10/25/2023 7:00,19.39,"","","","",
M6,2471,10/25/2023 7:05,19.39,"","","","",
M6,2472,10/25/2023 7:10,19.35,"","","","",
M6,2473,10/25/2023 7:15,19.39,"","","","",
M6,2474,10/25/2023 7:20,19.39,"","","","",
M6,2475,10/25/2023 7:25,19.35,"","","","",
M6,2476,10/25/2023 7:30,19.39,"","","","",
M6,2477,10/25/2023 7:35,19.39,"","","","",
M6,2478,10/25/2023 7:40,19.39,"","","","",
M6,2479,10/25/2023 7:45,19.39,"","","","",
M6,2480,10/25/2023 7:50,19.43,"","","","",
M6,2481,10/25/2023 7:55,19.43,"","","","",
M6,2482,10/25/2023 8:00,19.39,"","","","",
M6,2483,10/25/2023 8:05,19.39,"","","","",
M6,2484,10/25/2023 8:10,19.43,"","","","",
M6,2485,10/25/2023 8:15,19.39,"","","","",
M6,2486,10/25/2023 8:20,19.43,"","","","",
M6,2487,10/25/2023 8:25,19.43,"","","","",
M6,2488,10/25/2023 8:30,19.43,"","","","",
M6,2489,10/25/2023 8:35,19.47,"","","","",
M6,2490,10/25/2023 8:40,19.47,"","","","",
M6,2491,10/25/2023 8:45,19.47,"","","","",
M6,2492,10/25/2023 8:50,19.43,"","","","",
M6,2493,10/25/2023 8:55,19.52,"","","","",
M6,2494,10/25/2023 9:00,19.52,"","","","",
M6,2495,10/25/2023 9:05,19.47,"","","","",
M6,2496,10/25/2023 9:10,19.47,"","","","",
M6,2497,10/25/2023 9:15,19.47,"","","","",
M6,2498,10/25/2023 9:20,19.47,"","","","",
M6,2499,10/25/2023 9:25,19.52,"","","","",
M6,2500,10/25/2023 9:30,19.47,"","","","",
M6,2501,10/25/2023 9:35,19.47,"","","","",
M6,2502,10/25/2023 9:40,19.52,"","","","",
M6,2503,10/25/2023 9:45,19.56,"","","","",
M6,2504,10/25/2023 9:50,19.52,"","","","",
M6,2505,10/25/2023 9:55,19.56,"","","","",
M6,2506,10/25/2023 10:00,19.56,"","","","",
M6,2507,10/25/2023 10:05,19.6,"","","","",
M6,2508,10/25/2023 10:10,19.6,"","","","",
M6,2509,10/25/2023 10:15,19.6,"","","","",
M6,2510,10/25/2023 10:20,19.6,"","","","",
M6,2511,10/25/2023 10:25,19.6,"","","","",
M6,2512,10/25/2023 10:30,19.65,"","","","",
M6,2513,10/25/2023 10:35,19.69,"","","","",
M6,2514,10/25/2023 10:40,19.69,"","","","",
M6,2515,10/25/2023 10:45,19.73,"","","","",
M6,2516,10/25/2023 10:50,19.73,"","","","",
M6,2517,10/25/2023 10:55,19.77,"","","","",
M6,2518,10/25/2023 11:00,19.9,"","","","",
M6,2519,10/25/2023 11:05,19.99,"","","","",
M6,2520,10/25/2023 11:10,19.99,"","","","",
M6,2521,10/25/2023 11:15,20.12,"","","","",
M6,2522,10/25/2023 11:20,20.16,"","","","",
M6,2523,10/25/2023 11:25,20.25,"","","","",
M6,2574,10/25/2023 15:40,21.96,"","","","",
M6,2575,10/25/2023 15:45,21.53,"","","","",
M6,2576,10/25/2023 15:50,21.53,"","","","",
M6,2577,10/25/2023 15:55,21.79,"","","","",
M6,2578,10/25/2023 16:00,21.45,"","","","",
M6,2579,10/25/2023 16:05,21.32,"","","","",
M6,2580,10/25/2023 16:10,21.19,"","","","",
M6,2581,10/25/2023 16:15,20.98,"","","","",
M6,2582,10/25/2023 16:20,20.89,"","","","",
M6,2583,10/25/2023 16:25,20.76,"","","","",
M6,2584,10/25/2023 16:30,20.63,"","","","",
M6,2585,10/25/2023 16:35,20.55,"","","","",
M6,2586,10/25/2023 16:40,20.55,"","","","",
M6,2587,10/25/2023 16:45,20.55,"","","","",
M6,2588,10/25/2023 16:50,20.55,"","","","",
M6,2589,10/25/2023 16:55,20.5,"","","","",
M6,2590,10/25/2023 17:00,20.46,"","","","",
M6,2591,10/25/2023 17:05,20.37,"","","","",
M6,2592,10/25/2023 17:10,20.33,"","","","",
M6,2593,10/25/2023 17:15,20.29,"","","","",
M6,2594,10/25/2023 17:20,20.25,"","","","",
M6,2595,10/25/2023 17:25,20.25,"","","","",
M6,2596,10/25/2023 17:30,20.25,"","","","",
M6,2597,10/25/2023 17:35,20.2,"","","","",
M6,2598,10/25/2023 17:40,20.25,"","","","",
M6,2599,10/25/2023 17:45,20.16,"","","","",
M6,2600,10/25/2023 17:50,20.16,"","","","",
M6,2601,10/25/2023 17:55,20.16,"","","","",
M6,2602,10/25/2023 18:00,20.16,"","","","",
M6,2603,10/25/2023 18:05,20.16,"","","","",
M6,2604,10/25/2023 18:10,20.16,"","","","",
M6,2605,10/25/2023 18:15,20.16,"","","","",
M6,2606,10/25/2023 18:20,20.12,"","","","",
M6,2607,10/25/2023 18:25,20.12,"","","","",
M6,2608,10/25/2023 18:30,20.12,"","","","",
M6,2609,10/25/2023 18:35,20.12,"","","","",
M6,2610,10/25/2023 18:40,20.12,"","","","",
M6,2611,10/25/2023 18:45,20.07,"","","","",
M6,2612,10/25/2023 18:50,20.12,"","","","",
M6,2613,10/25/2023 18:55,20.12,"","","","",
M6,2614,10/25/2023 19:00,20.16,"","","","",
M6,2615,10/25/2023 19:05,20.12,"","","","",
M6,2616,10/25/2023 19:10,20.12,"","","","",
M6,2617,10/25/2023 19:15,20.12,"","","","",
M6,2618,10/25/2023 19:20,20.12,"","","","",
M6,2619,10/25/2023 19:25,20.12,"","","","",
M6,2620,10/25/2023 19:30,20.12,"","","","",
M6,2621,10/25/2023 19:35,20.12,"","","","",
M6,2622,10/25/2023 19:40,20.12,"","","","",
M6,2623,10/25/2023 19:45,20.12,"","","","",
M6,2624,10/25/2023 19:50,20.12,"","","","",
M6,2625,10/25/2023 19:55,20.07,"","","","",
M6,2626,10/25/2023 20:00,20.12,"","","","",
M6,2627,10/25/2023 20:05,20.07,"","","","",
M6,2628,10/25/2023 20:10,20.07,"","","","",
M6,2629,10/25/2023 20:15,20.12,"","","","",
M6,2630,10/25/2023 20:20,20.07,"","","","",
M6,2631,10/25/2023 20:25,20.12,"","","","",
M6,2632,10/25/2023 20:30,20.07,"","","","",
M6,2633,10/25/2023 20:35,20.07,"","","","",
M6,2634,10/25/2023 20:40,20.12,"","","","",
M6,2635,10/25/2023 20:45,20.07,"","","","",
M6,2636,10/25/2023 20:50,20.07,"","","","",
M6,2637,10/25/2023 20:55,20.07,"","","","",
M6,2638,10/25/2023 21:00,20.12,"","","","",
M6,2639,10/25/2023 21:05,20.07,"","","","",
M6,2640,10/25/2023 21:10,20.03,"","","","",
M6,2641,10/25/2023 21:15,20.03,"","","","",
M6,2642,10/25/2023 21:20,20.07,"","","","",
M6,2643,10/25/2023 21:25,20.03,"","","","",
M6,2644,10/25/2023 21:30,20.07,"","","","",
M6,2645,10/25/2023 21:35,20.03,"","","","",
M6,2646,10/25/2023 21:40,20.07,"","","","",
M6,2647,10/25/2023 21:45,20.07,"","","","",
M6,2648,10/25/2023 21:50,20.03,"","","","",
M6,2649,10/25/2023 21:55,19.99,"","","","",
M6,2650,10/25/2023 22:00,20.07,"","","","",
M6,2651,10/25/2023 22:05,19.99,"","","","",
M6,2652,10/25/2023 22:10,19.99,"","","","",
M6,2653,10/25/2023 22:15,20.03,"","","","",
M6,2654,10/25/2023 22:20,19.99,"","","","",
M6,2655,10/25/2023 22:25,19.95,"","","","",
M6,2656,10/25/2023 22:30,19.95,"","","","",
M6,2657,10/25/2023 22:35,19.95,"","","","",
M6,2658,10/25/2023 22:40,19.95,"","","","",
M6,2659,10/25/2023 22:45,19.95,"","","","",
M6,2660,10/25/2023 22:50,19.9,"","","","",
M6,2661,10/25/2023 22:55,19.9,"","","","",
M6,2729,10/26/2023 4:35,19.52,"","","","",
M6,2730,10/26/2023 4:40,19.47,"","","","",
M6,2731,10/26/2023 4:45,19.56,"","","","",
M6,2732,10/26/2023 4:50,19.56,"","","","",
M6,2733,10/26/2023 4:55,19.56,"","","","",
M6,2734,10/26/2023 5:00,19.56,"","","","",
M6,2735,10/26/2023 5:05,19.56,"","","","",
M6,2736,10/26/2023 5:10,19.56,"","","","",
M6,2737,10/26/2023 5:15,19.6,"","","","",
M6,2738,10/26/2023 5:20,19.6,"","","","",
M6,2739,10/26/2023 5:25,19.6,"","","","",
M6,2740,10/26/2023 5:30,19.6,"","","","",
M6,2741,10/26/2023 5:35,19.6,"","","","",
M6,2742,10/26/2023 5:40,19.6,"","","","",
M6,2743,10/26/2023 5:45,19.65,"","","","",
M6,2744,10/26/2023 5:50,19.6,"","","","",
M6,2745,10/26/2023 5:55,19.69,"","","","",
M6,2746,10/26/2023 6:00,19.6,"","","","",
M6,2747,10/26/2023 6:05,19.6,"","","","",
M6,2748,10/26/2023 6:10,19.6,"","","","",
M6,2749,10/26/2023 6:15,19.6,"","","","",
M6,2750,10/26/2023 6:20,19.6,"","","","",
M6,2751,10/26/2023 6:25,19.6,"","","","",
M6,2752,10/26/2023 6:30,19.6,"","","","",
M6,2753,10/26/2023 6:35,19.52,"","","","",
M6,2754,10/26/2023 6:40,19.47,"","","","",
M6,2755,10/26/2023 6:45,19.47,"","","","",
M6,2756,10/26/2023 6:50,19.43,"","","","",
M6,2757,10/26/2023 6:55,19.39,"","","","",
M6,2758,10/26/2023 7:00,19.35,"","","","",
M6,2759,10/26/2023 7:05,19.39,"","","","",
M6,2760,10/26/2023 7:10,19.39,"","","","",
M6,2761,10/26/2023 7:15,19.35,"","","","",
M6,2762,10/26/2023 7:20,19.3,"","","","",
M6,2763,10/26/2023 7:25,19.3,"","","","",
M6,2764,10/26/2023 7:30,19.3,"","","","",
M6,2765,10/26/2023 7:35,19.3,"","","","",
M6,2766,10/26/2023 7:40,19.3,"","","","",
M6,2767,10/26/2023 7:45,19.3,"","","","",
M6,2768,10/26/2023 7:50,19.3,"","","","",
M6,2769,10/26/2023 7:55,19.35,"","","","",
M6,2770,10/26/2023 8:00,19.35,"","","","",
M6,2771,10/26/2023 8:05,19.35,"","","","",
M6,2772,10/26/2023 8:10,19.35,"","","","",
M6,2773,10/26/2023 8:15,19.39,"","","","",
M6,2774,10/26/2023 8:20,19.3,"","","","",
M6,2775,10/26/2023 8:25,19.39,"","","","",
M6,2776,10/26/2023 8:30,19.26,"","","","",
M6,2777,10/26/2023 8:35,19.35,"","","","",
M6,2778,10/26/2023 8:40,19.43,"","","","",
M6,2779,10/26/2023 8:45,19.43,"","","","",
M6,2780,10/26/2023 8:50,19.39,"","","","",
M6,2781,10/26/2023 8:55,19.35,"","","","",
M6,2782,10/26/2023 9:00,19.26,"","","","",
M6,2783,10/26/2023 9:05,19.52,"","","","",
M6,2784,10/26/2023 9:10,19.56,"","","","",
M6,2785,10/26/2023 9:15,19.56,"","","","",
M6,2786,10/26/2023 9:20,19.6,"","","","",
M6,2787,10/26/2023 9:25,19.65,"","","","",
M6,2788,10/26/2023 9:30,19.6,"","","","",
M6,2789,10/26/2023 9:35,19.77,"","","","",
M6,2790,10/26/2023 9:40,19.77,"","","","",
M6,2791,10/26/2023 9:45,19.77,"","","","",
M6,2792,10/26/2023 9:50,19.82,"","","","",
M6,2793,10/26/2023 9:55,19.77,"","","","",
M6,2794,10/26/2023 10:00,19.95,"","","","",
M6,2795,10/26/2023 10:05,19.9,"","","","",
M6,2796,10/26/2023 10:10,19.86,"","","","",
M6,2797,10/26/2023 10:15,19.99,"","","","",
M6,2798,10/26/2023 10:20,20.07,"","","","",
M6,2799,10/26/2023 10:25,20.16,"","","","",
M6,2800,10/26/2023 10:30,20.29,"","","","",
M6,2801,10/26/2023 10:35,20.29,"","","","",
M6,2802,10/26/2023 10:40,20.37,"","","","",
M6,2803,10/26/2023 10:45,20.5,"","","","",
M6,2804,10/26/2023 10:50,20.68,"","","","",
M6,2805,10/26/2023 10:55,20.76,"","","","",
M6,2806,10/26/2023 11:00,20.72,"","","","",
M6,2807,10/26/2023 11:05,20.76,"","","","",
M6,2808,10/26/2023 11:10,21.02,"","","","",
M6,2809,10/26/2023 11:15,21.19,"","","","",
M6,2810,10/26/2023 11:20,21.28,"","","","",
M6,2811,10/26/2023 11:25,21.58,"","","","",
M6,2812,10/26/2023 11:30,21.79,"","","","",
M6,2813,10/26/2023 11:35,21.88,"","","","",
M6,2814,10/26/2023 11:40,22.05,"","","","",
M6,2815,10/26/2023 11:45,22.69,"","","","",
M6,2878,10/26/2023 17:00,20.98,"","","","",
M6,2879,10/26/2023 17:05,20.42,"","","","",
M6,2880,10/26/2023 17:10,20.16,"","","","",
M6,2881,10/26/2023 17:15,20.07,"","","","",
M6,2882,10/26/2023 17:20,19.99,"","","","",
M6,2883,10/26/2023 17:25,19.95,"","","","",
M6,2884,10/26/2023 17:30,19.95,"","","","",
M6,2885,10/26/2023 17:35,19.9,"","","","",
M6,2886,10/26/2023 17:40,19.77,"","","","",
M6,2887,10/26/2023 17:45,19.77,"","","","",
M6,2888,10/26/2023 17:50,19.77,"","","","",
M6,2889,10/26/2023 17:55,19.73,"","","","",
M6,2890,10/26/2023 18:00,19.65,"","","","",
M6,2891,10/26/2023 18:05,19.65,"","","","",
M6,2892,10/26/2023 18:10,19.65,"","","","",
M6,2893,10/26/2023 18:15,19.56,"","","","",
M6,2894,10/26/2023 18:20,19.56,"","","","",
M6,2895,10/26/2023 18:25,19.52,"","","","",
M6,2896,10/26/2023 18:30,19.47,"","","","",
M6,2897,10/26/2023 18:35,19.43,"","","","",
M6,2898,10/26/2023 18:40,19.35,"","","","",
M6,2899,10/26/2023 18:45,19.3,"","","","",
M6,2900,10/26/2023 18:50,19.13,"","","","",
M6,2901,10/26/2023 18:55,19.09,"","","","",
M6,2902,10/26/2023 19:00,19,"","","","",
M6,2903,10/26/2023 19:05,18.96,"","","","",
M6,2904,10/26/2023 19:10,19.05,"","","","",
M6,2905,10/26/2023 19:15,18.87,"","","","",
M6,2906,10/26/2023 19:20,18.87,"","","","",
M6,2907,10/26/2023 19:25,18.74,"","","","",
M6,2908,10/26/2023 19:30,18.74,"","","","",
M6,2909,10/26/2023 19:35,18.79,"","","","",
M6,2910,10/26/2023 19:40,18.66,"","","","",
M6,2911,10/26/2023 19:45,18.53,"","","","",
M6,2912,10/26/2023 19:50,18.49,"","","","",
M6,2913,10/26/2023 19:55,18.53,"","","","",
M6,2914,10/26/2023 20:00,18.49,"","","","",
M6,2915,10/26/2023 20:05,18.66,"","","","",
M6,2916,10/26/2023 20:10,18.49,"","","","",
M6,2917,10/26/2023 20:15,18.49,"","","","",
M6,2918,10/26/2023 20:20,18.49,"","","","",
M6,2919,10/26/2023 20:25,18.49,"","","","",
M6,2920,10/26/2023 20:30,18.53,"","","","",
M6,2921,10/26/2023 20:35,18.49,"","","","",
M6,2922,10/26/2023 20:40,18.44,"","","","",
M6,2923,10/26/2023 20:45,18.49,"","","","",
M6,2924,10/26/2023 20:50,18.49,"","","","",
M6,2925,10/26/2023 20:55,18.49,"","","","",
M6,2926,10/26/2023 21:00,18.49,"","","","",
M6,2927,10/26/2023 21:05,18.49,"","","","",
M6,2928,10/26/2023 21:10,18.44,"","","","",
M6,2929,10/26/2023 21:15,18.36,"","","","",
M6,2930,10/26/2023 21:20,18.4,"","","","",
M6,2931,10/26/2023 21:25,18.36,"","","","",
M6,2932,10/26/2023 21:30,18.44,"","","","",
M6,2933,10/26/2023 21:35,18.44,"","","","",
M6,2934,10/26/2023 21:40,18.44,"","","","",
M6,2935,10/26/2023 21:45,18.49,"","","","",
M6,2936,10/26/2023 21:50,18.49,"","","","",
M6,2937,10/26/2023 21:55,18.44,"","","","",
M6,2938,10/26/2023 22:00,18.53,"","","","",
M6,2939,10/26/2023 22:05,18.49,"","","","",
M6,2940,10/26/2023 22:10,18.49,"","","","",
M6,2941,10/26/2023 22:15,18.49,"","","","",
M6,2942,10/26/2023 22:20,18.44,"","","","",
M6,2943,10/26/2023 22:25,18.49,"","","","",
M6,2944,10/26/2023 22:30,18.53,"","","","",
M6,2945,10/26/2023 22:35,18.49,"","","","",
M6,2946,10/26/2023 22:40,18.53,"","","","",
M6,2947,10/26/2023 22:45,18.53,"","","","",
M6,2948,10/26/2023 22:50,18.49,"","","","",
M6,2949,10/26/2023 22:55,18.49,"","","","",
M6,2950,10/26/2023 23:00,18.49,"","","","",
M6,2951,10/26/2023 23:05,18.44,"","","","",
M6,2952,10/26/2023 23:10,18.44,"","","","",
M6,2953,10/26/2023 23:15,18.44,"","","","",
M6,2954,10/26/2023 23:20,18.49,"","","","",
M6,2955,10/26/2023 23:25,18.44,"","","","",
M6,2956,10/26/2023 23:30,18.44,"","","","",
M6,2957,10/26/2023 23:35,18.4,"","","","",
M6,3021,10/27/2023 4:55,18.06,"","","","",
M6,3022,10/27/2023 5:00,18.02,"","","","",
M6,3023,10/27/2023 5:05,18.06,"","","","",
M6,3024,10/27/2023 5:10,18.02,"","","","",
M6,3025,10/27/2023 5:15,18.06,"","","","",
M6,3026,10/27/2023 5:20,18.06,"","","","",
M6,3027,10/27/2023 5:25,18.06,"","","","",
M6,3028,10/27/2023 5:30,18.02,"","","","",
M6,3029,10/27/2023 5:35,18.02,"","","","",
M6,3030,10/27/2023 5:40,18.02,"","","","",
M6,3031,10/27/2023 5:45,18.06,"","","","",
M6,3032,10/27/2023 5:50,18.02,"","","","",
M6,3033,10/27/2023 5:55,18.06,"","","","",
M6,3034,10/27/2023 6:00,18.02,"","","","",
M6,3035,10/27/2023 6:05,18.02,"","","","",
M6,3036,10/27/2023 6:10,18.06,"","","","",
M6,3037,10/27/2023 6:15,18.06,"","","","",
M6,3038,10/27/2023 6:20,18.06,"","","","",
M6,3039,10/27/2023 6:25,18.02,"","","","",
M6,3040,10/27/2023 6:30,18.1,"","","","",
M6,3041,10/27/2023 6:35,18.1,"","","","",
M6,3042,10/27/2023 6:40,18.1,"","","","",
M6,3043,10/27/2023 6:45,18.1,"","","","",
M6,3044,10/27/2023 6:50,18.1,"","","","",
M6,3045,10/27/2023 6:55,18.1,"","","","",
M6,3046,10/27/2023 7:00,18.1,"","","","",
M6,3047,10/27/2023 7:05,18.1,"","","","",
M6,3048,10/27/2023 7:10,18.1,"","","","",
M6,3049,10/27/2023 7:15,18.1,"","","","",
M6,3050,10/27/2023 7:20,18.06,"","","","",
M6,3051,10/27/2023 7:25,18.06,"","","","",
M6,3052,10/27/2023 7:30,18.06,"","","","",
M6,3053,10/27/2023 7:35,17.97,"","","","",
M6,3054,10/27/2023 7:40,17.97,"","","","",
M6,3055,10/27/2023 7:45,17.97,"","","","",
M6,3056,10/27/2023 7:50,17.93,"","","","",
M6,3057,10/27/2023 7:55,17.93,"","","","",
M6,3058,10/27/2023 8:00,17.97,"","","","",
M6,3059,10/27/2023 8:05,17.97,"","","","",
M6,3060,10/27/2023 8:10,17.97,"","","","",
M6,3061,10/27/2023 8:15,18.06,"","","","",
M6,3062,10/27/2023 8:20,18.1,"","","","",
M6,3063,10/27/2023 8:25,18.02,"","","","",
M6,3064,10/27/2023 8:30,17.97,"","","","",
M6,3065,10/27/2023 8:35,17.97,"","","","",
M6,3066,10/27/2023 8:40,18.06,"","","","",
M6,3067,10/27/2023 8:45,18.1,"","","","",
M6,3068,10/27/2023 8:50,18.06,"","","","",
M6,3069,10/27/2023 8:55,18.1,"","","","",
M6,3070,10/27/2023 9:00,18.14,"","","","",
M6,3071,10/27/2023 9:05,18.36,"","","","",
M6,3072,10/27/2023 9:10,18.32,"","","","",
M6,3073,10/27/2023 9:15,18.27,"","","","",
M6,3074,10/27/2023 9:20,18.27,"","","","",
M6,3075,10/27/2023 9:25,18.27,"","","","",
M6,3076,10/27/2023 9:30,18.36,"","","","",
M6,3077,10/27/2023 9:35,18.36,"","","","",
M6,3078,10/27/2023 9:40,18.1,"","","","",
M6,3079,10/27/2023 9:45,18.53,"","","","",
M6,3080,10/27/2023 9:50,18.57,"","","","",
M6,3081,10/27/2023 9:55,18.57,"","","","",
M6,3082,10/27/2023 10:00,18.57,"","","","",
M6,3083,10/27/2023 10:05,18.62,"","","","",
M6,3084,10/27/2023 10:10,18.7,"","","","",
M6,3085,10/27/2023 10:15,18.66,"","","","",
M6,3086,10/27/2023 10:20,18.74,"","","","",
M6,3087,10/27/2023 10:25,18.79,"","","","",
M6,3088,10/27/2023 10:30,18.83,"","","","",
M6,3089,10/27/2023 10:35,18.74,"","","","",
M6,3090,10/27/2023 10:40,18.83,"","","","",
M6,3091,10/27/2023 10:45,18.83,"","","","",
M6,3092,10/27/2023 10:50,18.87,"","","","",
M6,3093,10/27/2023 10:55,18.62,"","","","",
M6,3094,10/27/2023 11:00,18.92,"","","","",
M6,3095,10/27/2023 11:05,19.09,"","","","",
M6,3096,10/27/2023 11:10,19.13,"","","","",
M6,3097,10/27/2023 11:15,19.09,"","","","",
M6,3098,10/27/2023 11:20,19.26,"","","","",
M6,3099,10/27/2023 11:25,19.3,"","","","",
M6,3100,10/27/2023 11:30,19.39,"","","","",
M6,3101,10/27/2023 11:35,19.43,"","","","",
M6,3102,10/27/2023 11:40,19.47,"","","","",
M6,3103,10/27/2023 11:45,19.69,"","","","",
M6,3104,10/27/2023 11:50,19.82,"","","","",
M6,3105,10/27/2023 11:55,20.16,"","","","",
M6,3106,10/27/2023 12:00,20.25,"","","","",
M6,3107,10/27/2023 12:05,20.63,"","","","",
M6,3108,10/27/2023 12:10,20.8,"","","","",
M6,3109,10/27/2023 12:15,21.15,"","","","",
M6,3179,10/27/2023 18:05,19.39,"","","","",
M6,3180,10/27/2023 18:10,19.39,"","","","",
M6,3181,10/27/2023 18:15,19.35,"","","","",
M6,3182,10/27/2023 18:20,19.39,"","","","",
M6,3183,10/27/2023 18:25,19.3,"","","","",
M6,3184,10/27/2023 18:30,19.3,"","","","",
M6,3185,10/27/2023 18:35,19.3,"","","","",
M6,3186,10/27/2023 18:40,19.3,"","","","",
M6,3187,10/27/2023 18:45,19.26,"","","","",
M6,3188,10/27/2023 18:50,19.22,"","","","",
M6,3189,10/27/2023 18:55,19.26,"","","","",
M6,3190,10/27/2023 19:00,19.26,"","","","",
M6,3191,10/27/2023 19:05,19.22,"","","","",
M6,3192,10/27/2023 19:10,19.22,"","","","",
M6,3193,10/27/2023 19:15,19.17,"","","","",
M6,3194,10/27/2023 19:20,19.17,"","","","",
M6,3195,10/27/2023 19:25,19.13,"","","","",
M6,3196,10/27/2023 19:30,19.13,"","","","",
M6,3197,10/27/2023 19:35,19.13,"","","","",
M6,3198,10/27/2023 19:40,19.09,"","","","",
M6,3199,10/27/2023 19:45,19.13,"","","","",
M6,3200,10/27/2023 19:50,19.13,"","","","",
M6,3201,10/27/2023 19:55,19.09,"","","","",
M6,3202,10/27/2023 20:00,19.09,"","","","",
M6,3203,10/27/2023 20:05,19.09,"","","","",
M6,3204,10/27/2023 20:10,19.09,"","","","",
M6,3205,10/27/2023 20:15,19.05,"","","","",
M6,3206,10/27/2023 20:20,19.05,"","","","",
M6,3207,10/27/2023 20:25,19,"","","","",
M6,3208,10/27/2023 20:30,18.96,"","","","",
M6,3209,10/27/2023 20:35,18.96,"","","","",
M6,3210,10/27/2023 20:40,18.92,"","","","",
M6,3211,10/27/2023 20:45,18.92,"","","","",
M6,3212,10/27/2023 20:50,18.87,"","","","",
M6,3213,10/27/2023 20:55,18.87,"","","","",
M6,3214,10/27/2023 21:00,18.87,"","","","",
M6,3215,10/27/2023 21:05,18.83,"","","","",
M6,3216,10/27/2023 21:10,18.92,"","","","",
M6,3217,10/27/2023 21:15,18.74,"","","","",
M6,3218,10/27/2023 21:20,18.79,"","","","",
M6,3219,10/27/2023 21:25,18.74,"","","","",
M6,3220,10/27/2023 21:30,18.74,"","","","",
M6,3221,10/27/2023 21:35,18.66,"","","","",
M6,3222,10/27/2023 21:40,18.7,"","","","",
M6,3223,10/27/2023 21:45,18.66,"","","","",
M6,3224,10/27/2023 21:50,18.66,"","","","",
M6,3225,10/27/2023 21:55,18.62,"","","","",
M6,3226,10/27/2023 22:00,18.79,"","","","",
M6,3227,10/27/2023 22:05,18.74,"","","","",
M6,3228,10/27/2023 22:10,18.74,"","","","",
M6,3229,10/27/2023 22:15,18.74,"","","","",
M6,3230,10/27/2023 22:20,18.7,"","","","",
M6,3231,10/27/2023 22:25,18.7,"","","","",
M6,3232,10/27/2023 22:30,18.7,"","","","",
M6,3233,10/27/2023 22:35,18.7,"","","","",
M6,3234,10/27/2023 22:40,18.79,"","","","",
M6,3235,10/27/2023 22:45,18.79,"","","","",
M6,3236,10/27/2023 22:50,18.74,"","","","",
M6,3237,10/27/2023 22:55,18.74,"","","","",
M6,3238,10/27/2023 23:00,18.79,"","","","",
M6,3239,10/27/2023 23:05,18.74,"","","","",
M6,3240,10/27/2023 23:10,18.79,"","","","",
M6,3241,10/27/2023 23:15,18.83,"","","","",
M6,3242,10/27/2023 23:20,18.79,"","","","",
M6,3243,10/27/2023 23:25,18.79,"","","","",
M6,3244,10/27/2023 23:30,18.79,"","","","",
M6,3245,10/27/2023 23:35,18.74,"","","","",
M6,3246,10/27/2023 23:40,18.79,"","","","",
M6,3247,10/27/2023 23:45,18.74,"","","","",
M6,3248,10/27/2023 23:50,18.79,"","","","",
M6,3249,10/27/2023 23:55,18.79,"","","","",
M6,3250,10/28/2023 0:00,18.79,"","","","",
M6,3251,10/28/2023 0:05,18.74,"","","","",
M6,3252,10/28/2023 0:10,18.79,"","","","",
M6,3253,10/28/2023 0:15,18.74,"","","","",
M6,3254,10/28/2023 0:20,18.74,"","","","",
M6,3255,10/28/2023 0:25,18.74,"","","","",
M6,3256,10/28/2023 0:30,18.74,"","","","",
M6,3311,10/28/2023 5:05,18.49,"","","","",
M6,3312,10/28/2023 5:10,18.49,"","","","",
M6,3313,10/28/2023 5:15,18.49,"","","","",
M6,3314,10/28/2023 5:20,18.44,"","","","",
M6,3315,10/28/2023 5:25,18.4,"","","","",
M6,3316,10/28/2023 5:30,18.49,"","","","",
M6,3317,10/28/2023 5:35,18.44,"","","","",
M6,3318,10/28/2023 5:40,18.44,"","","","",
M6,3319,10/28/2023 5:45,18.4,"","","","",
M6,3320,10/28/2023 5:50,18.44,"","","","",
M6,3321,10/28/2023 5:55,18.4,"","","","",
M6,3322,10/28/2023 6:00,18.36,"","","","",
M6,3323,10/28/2023 6:05,18.4,"","","","",
M6,3324,10/28/2023 6:10,18.44,"","","","",
M6,3325,10/28/2023 6:15,18.4,"","","","",
M6,3326,10/28/2023 6:20,18.4,"","","","",
M6,3327,10/28/2023 6:25,18.44,"","","","",
M6,3328,10/28/2023 6:30,18.4,"","","","",
M6,3329,10/28/2023 6:35,18.4,"","","","",
M6,3330,10/28/2023 6:40,18.36,"","","","",
M6,3331,10/28/2023 6:45,18.4,"","","","",
M6,3332,10/28/2023 6:50,18.4,"","","","",
M6,3333,10/28/2023 6:55,18.32,"","","","",
M6,3334,10/28/2023 7:00,18.27,"","","","",
M6,3335,10/28/2023 7:05,18.23,"","","","",
M6,3336,10/28/2023 7:10,18.23,"","","","",
M6,3337,10/28/2023 7:15,18.14,"","","","",
M6,3338,10/28/2023 7:20,18.06,"","","","",
M6,3339,10/28/2023 7:25,18.02,"","","","",
M6,3340,10/28/2023 7:30,18.06,"","","","",
M6,3341,10/28/2023 7:35,18.06,"","","","",
M6,3342,10/28/2023 7:40,18.1,"","","","",
M6,3343,10/28/2023 7:45,18.1,"","","","",
M6,3344,10/28/2023 7:50,18.14,"","","","",
M6,3345,10/28/2023 7:55,18.14,"","","","",
M6,3346,10/28/2023 8:00,18.19,"","","","",
M6,3347,10/28/2023 8:05,18.1,"","","","",
M6,3348,10/28/2023 8:10,18.14,"","","","",
M6,3349,10/28/2023 8:15,18.06,"","","","",
M6,3350,10/28/2023 8:20,18.06,"","","","",
M6,3351,10/28/2023 8:25,17.97,"","","","",
M6,3352,10/28/2023 8:30,17.89,"","","","",
M6,3353,10/28/2023 8:35,17.76,"","","","",
M6,3354,10/28/2023 8:40,17.67,"","","","",
M6,3355,10/28/2023 8:45,17.63,"","","","",
M6,3356,10/28/2023 8:50,17.54,"","","","",
M6,3357,10/28/2023 8:55,17.54,"","","","",
M6,3358,10/28/2023 9:00,17.46,"","","","",
M6,3359,10/28/2023 9:05,17.41,"","","","",
M6,3360,10/28/2023 9:10,17.41,"","","","",
M6,3361,10/28/2023 9:15,17.29,"","","","",
M6,3362,10/28/2023 9:20,17.24,"","","","",
M6,3363,10/28/2023 9:25,17.2,"","","","",
M6,3364,10/28/2023 9:30,17.11,"","","","",
M6,3365,10/28/2023 9:35,17.11,"","","","",
M6,3366,10/28/2023 9:40,17.11,"","","","",
M6,3367,10/28/2023 9:45,17.07,"","","","",
M6,3368,10/28/2023 9:50,17.11,"","","","",
M6,3369,10/28/2023 9:55,17.11,"","","","",
M6,3370,10/28/2023 10:00,17.11,"","","","",
M6,3371,10/28/2023 10:05,17.11,"","","","",
M6,3372,10/28/2023 10:10,17.2,"","","","",
M6,3373,10/28/2023 10:15,17.2,"","","","",
M6,3374,10/28/2023 10:20,17.29,"","","","",
M6,3375,10/28/2023 10:25,17.37,"","","","",
M6,3376,10/28/2023 10:30,17.46,"","","","",
M6,3377,10/28/2023 10:35,17.59,"","","","",
M6,3378,10/28/2023 10:40,17.63,"","","","",
M6,3379,10/28/2023 10:45,17.67,"","","","",
M6,3380,10/28/2023 10:50,17.63,"","","","",
M6,3381,10/28/2023 10:55,17.8,"","","","",
M6,3382,10/28/2023 11:00,17.8,"","","","",
M6,3383,10/28/2023 11:05,17.89,"","","","",
M6,3384,10/28/2023 11:10,17.93,"","","","",
M6,3385,10/28/2023 11:15,17.97,"","","","",
M6,3386,10/28/2023 11:20,17.93,"","","","",
M6,3387,10/28/2023 11:25,17.93,"","","","",
M6,3388,10/28/2023 11:30,18.06,"","","","",
M6,3389,10/28/2023 11:35,17.93,"","","","",
M6,3390,10/28/2023 11:40,18.06,"","","","",
M6,3391,10/28/2023 11:45,18.14,"","","","",
M6,3392,10/28/2023 11:50,18.27,"","","","",
M6,3393,10/28/2023 11:55,18.32,"","","","",
M6,3394,10/28/2023 12:00,18.49,"","","","",
M6,3395,10/28/2023 12:05,18.49,"","","","",
M6,3396,10/28/2023 12:10,18.62,"","","","",
M6,3397,10/28/2023 12:15,18.83,"","","","",
M6,3398,10/28/2023 12:20,18.92,"","","","",
M6,3399,10/28/2023 12:25,19.09,"","","","",
M6,3400,10/28/2023 12:30,19.39,"","","","",
M6,3401,10/28/2023 12:35,19.6,"","","","",
M6,3402,10/28/2023 12:40,19.77,"","","","",
M6,3403,10/28/2023 12:45,20.29,"","","","",
M6,3479,10/28/2023 19:05,18.66,"","","","",
M6,3480,10/28/2023 19:10,18.7,"","","","",
M6,3481,10/28/2023 19:15,18.62,"","","","",
M6,3482,10/28/2023 19:20,18.62,"","","","",
M6,3483,10/28/2023 19:25,18.57,"","","","",
M6,3484,10/28/2023 19:30,18.57,"","","","",
M6,3485,10/28/2023 19:35,18.57,"","","","",
M6,3486,10/28/2023 19:40,18.49,"","","","",
M6,3487,10/28/2023 19:45,18.44,"","","","",
M6,3488,10/28/2023 19:50,18.4,"","","","",
M6,3489,10/28/2023 19:55,18.4,"","","","",
M6,3490,10/28/2023 20:00,18.27,"","","","",
M6,3491,10/28/2023 20:05,18.27,"","","","",
M6,3492,10/28/2023 20:10,18.23,"","","","",
M6,3493,10/28/2023 20:15,18.14,"","","","",
M6,3494,10/28/2023 20:20,18.1,"","","","",
M6,3495,10/28/2023 20:25,18.02,"","","","",
M6,3496,10/28/2023 20:30,17.93,"","","","",
M6,3497,10/28/2023 20:35,17.89,"","","","",
M6,3498,10/28/2023 20:40,17.89,"","","","",
M6,3499,10/28/2023 20:45,17.93,"","","","",
M6,3500,10/28/2023 20:50,17.89,"","","","",
M6,3501,10/28/2023 20:55,17.93,"","","","",
M6,3502,10/28/2023 21:00,17.8,"","","","",
M6,3503,10/28/2023 21:05,17.89,"","","","",
M6,3504,10/28/2023 21:10,17.97,"","","","",
M6,3505,10/28/2023 21:15,17.89,"","","","",
M6,3506,10/28/2023 21:20,17.93,"","","","",
M6,3507,10/28/2023 21:25,17.84,"","","","",
M6,3508,10/28/2023 21:30,17.8,"","","","",
M6,3509,10/28/2023 21:35,17.89,"","","","",
M6,3510,10/28/2023 21:40,17.84,"","","","",
M6,3511,10/28/2023 21:45,17.93,"","","","",
M6,3512,10/28/2023 21:50,17.97,"","","","",
M6,3513,10/28/2023 21:55,17.93,"","","","",
M6,3514,10/28/2023 22:00,17.84,"","","","",
M6,3515,10/28/2023 22:05,17.84,"","","","",
M6,3516,10/28/2023 22:10,17.84,"","","","",
M6,3517,10/28/2023 22:15,17.89,"","","","",
M6,3518,10/28/2023 22:20,17.84,"","","","",
M6,3519,10/28/2023 22:25,17.84,"","","","",
M6,3520,10/28/2023 22:30,17.84,"","","","",
M6,3521,10/28/2023 22:35,17.8,"","","","",
M6,3522,10/28/2023 22:40,17.72,"","","","",
M6,3523,10/28/2023 22:45,17.72,"","","","",
M6,3524,10/28/2023 22:50,17.72,"","","","",
M6,3525,10/28/2023 22:55,17.72,"","","","",
M6,3526,10/28/2023 23:00,17.72,"","","","",
M6,3527,10/28/2023 23:05,17.67,"","","","",
M6,3528,10/28/2023 23:10,17.63,"","","","",
M6,3529,10/28/2023 23:15,17.63,"","","","",
M6,3530,10/28/2023 23:20,17.59,"","","","",
M6,3531,10/28/2023 23:25,17.59,"","","","",
M6,3532,10/28/2023 23:30,17.63,"","","","",
M6,3533,10/28/2023 23:35,17.63,"","","","",
M6,3534,10/28/2023 23:40,17.54,"","","","",
M6,3535,10/28/2023 23:45,17.59,"","","","",
M6,3536,10/28/2023 23:50,17.54,"","","","",
M6,3537,10/28/2023 23:55,17.5,"","","","",
M6,3538,10/29/2023 0:00,17.5,"","","","",
M6,3539,10/29/2023 0:05,17.54,"","","","",
M6,3540,10/29/2023 0:10,17.54,"","","","",
M6,3541,10/29/2023 0:15,17.5,"","","","",
M6,3542,10/29/2023 0:20,17.5,"","","","",
M6,3543,10/29/2023 0:25,17.46,"","","","",
M6,3544,10/29/2023 0:30,17.5,"","","","",
M6,3545,10/29/2023 0:35,17.5,"","","","",
M6,3546,10/29/2023 0:40,17.5,"","","","",
M6,3547,10/29/2023 0:45,17.5,"","","","",
M6,3548,10/29/2023 0:50,17.46,"","","","",
M6,3549,10/29/2023 0:55,17.46,"","","","",
M6,3550,10/29/2023 1:00,17.46,"","","","",
M6,3551,10/29/2023 1:05,17.41,"","","","",
M6,3552,10/29/2023 1:10,17.46,"","","","",
M6,3553,10/29/2023 1:15,17.41,"","","","",
M6,3554,10/29/2023 1:20,17.41,"","","","",
M6,3602,10/29/2023 5:20,17.24,"","","","",
M6,3603,10/29/2023 5:25,17.29,"","","","",
M6,3604,10/29/2023 5:30,17.24,"","","","",
M6,3605,10/29/2023 5:35,17.24,"","","","",
M6,3606,10/29/2023 5:40,17.24,"","","","",
M6,3607,10/29/2023 5:45,17.24,"","","","",
M6,3608,10/29/2023 5:50,17.29,"","","","",
M6,3609,10/29/2023 5:55,17.29,"","","","",
M6,3610,10/29/2023 6:00,17.33,"","","","",
M6,3611,10/29/2023 6:05,17.29,"","","","",
M6,3612,10/29/2023 6:10,17.29,"","","","",
M6,3613,10/29/2023 6:15,17.33,"","","","",
M6,3614,10/29/2023 6:20,17.33,"","","","",
M6,3615,10/29/2023 6:25,17.33,"","","","",
M6,3616,10/29/2023 6:30,17.37,"","","","",
M6,3617,10/29/2023 6:35,17.33,"","","","",
M6,3618,10/29/2023 6:40,17.29,"","","","",
M6,3619,10/29/2023 6:45,17.33,"","","","",
M6,3620,10/29/2023 6:50,17.29,"","","","",
M6,3621,10/29/2023 6:55,17.33,"","","","",
M6,3622,10/29/2023 7:00,17.33,"","","","",
M6,3623,10/29/2023 7:05,17.41,"","","","",
M6,3624,10/29/2023 7:10,17.37,"","","","",
M6,3625,10/29/2023 7:15,17.41,"","","","",
M6,3626,10/29/2023 7:20,17.46,"","","","",
M6,3627,10/29/2023 7:25,17.54,"","","","",
M6,3628,10/29/2023 7:30,17.54,"","","","",
M6,3629,10/29/2023 7:35,17.59,"","","","",
M6,3630,10/29/2023 7:40,17.59,"","","","",
M6,3631,10/29/2023 7:45,17.67,"","","","",
M6,3632,10/29/2023 7:50,17.67,"","","","",
M6,3633,10/29/2023 7:55,17.76,"","","","",
M6,3634,10/29/2023 8:00,17.8,"","","","",
M6,3635,10/29/2023 8:05,17.8,"","","","",
M6,3636,10/29/2023 8:10,17.8,"","","","",
M6,3637,10/29/2023 8:15,17.84,"","","","",
M6,3638,10/29/2023 8:20,17.84,"","","","",
M6,3639,10/29/2023 8:25,17.84,"","","","",
M6,3640,10/29/2023 8:30,17.84,"","","","",
M6,3641,10/29/2023 8:35,17.76,"","","","",
M6,3642,10/29/2023 8:40,17.76,"","","","",
M6,3643,10/29/2023 8:45,17.76,"","","","",
M6,3644,10/29/2023 8:50,17.67,"","","","",
M6,3645,10/29/2023 8:55,17.59,"","","","",
M6,3646,10/29/2023 9:00,17.59,"","","","",
M6,3647,10/29/2023 9:05,17.5,"","","","",
M6,3648,10/29/2023 9:10,17.46,"","","","",
M6,3649,10/29/2023 9:15,17.37,"","","","",
M6,3650,10/29/2023 9:20,17.46,"","","","",
M6,3651,10/29/2023 9:25,17.33,"","","","",
M6,3652,10/29/2023 9:30,17.29,"","","","",
M6,3653,10/29/2023 9:35,17.33,"","","","",
M6,3654,10/29/2023 9:40,17.29,"","","","",
M6,3655,10/29/2023 9:45,17.29,"","","","",
M6,3656,10/29/2023 9:50,17.16,"","","","",
M6,3657,10/29/2023 9:55,17.16,"","","","",
M6,3658,10/29/2023 10:00,17.33,"","","","",
M6,3659,10/29/2023 10:05,17.16,"","","","",
M6,3660,10/29/2023 10:10,17.07,"","","","",
M6,3661,10/29/2023 10:15,17.03,"","","","",
M6,3662,10/29/2023 10:20,16.86,"","","","",
M6,3663,10/29/2023 10:25,16.99,"","","","",
M6,3664,10/29/2023 10:30,16.99,"","","","",
M6,3665,10/29/2023 10:35,16.9,"","","","",
M6,3666,10/29/2023 10:40,16.81,"","","","",
M6,3667,10/29/2023 10:45,16.81,"","","","",
M6,3668,10/29/2023 10:50,16.77,"","","","",
M6,3669,10/29/2023 10:55,16.81,"","","","",
M6,3670,10/29/2023 11:00,16.77,"","","","",
M6,3671,10/29/2023 11:05,16.94,"","","","",
M6,3672,10/29/2023 11:10,17.07,"","","","",
M6,3673,10/29/2023 11:15,17.11,"","","","",
M6,3674,10/29/2023 11:20,17.2,"","","","",
M6,3675,10/29/2023 11:25,17.37,"","","","",
M6,3676,10/29/2023 11:30,17.5,"","","","",
M6,3677,10/29/2023 11:35,17.63,"","","","",
M6,3678,10/29/2023 11:40,17.76,"","","","",
M6,3679,10/29/2023 11:45,17.72,"","","","",
M6,3680,10/29/2023 11:50,17.76,"","","","",
M6,3681,10/29/2023 11:55,17.8,"","","","",
M6,3682,10/29/2023 12:00,17.97,"","","","",
M6,3683,10/29/2023 12:05,18.02,"","","","",
M6,3684,10/29/2023 12:10,18.06,"","","","",
M6,3685,10/29/2023 12:15,18.1,"","","","",
M6,3686,10/29/2023 12:20,18.1,"","","","",
M6,3687,10/29/2023 12:25,18.14,"","","","",
M6,3688,10/29/2023 12:30,18.27,"","","","",
M6,3689,10/29/2023 12:35,18.4,"","","","",
M6,3690,10/29/2023 12:40,18.49,"","","","",
M6,3691,10/29/2023 12:45,18.57,"","","","",
M6,3692,10/29/2023 12:50,18.66,"","","","",
M6,3693,10/29/2023 12:55,18.79,"","","","",
M6,3694,10/29/2023 13:00,19.05,"","","","",
M6,3695,10/29/2023 13:05,19.26,"","","","",
M6,3696,10/29/2023 13:10,19.56,"","","","",
M6,3697,10/29/2023 13:15,19.56,"","","","",
M6,3698,10/29/2023 13:20,19.77,"","","","",
M6,3780,10/29/2023 20:10,17.63,"","","","",
M6,3781,10/29/2023 20:15,17.59,"","","","",
M6,3782,10/29/2023 20:20,17.63,"","","","",
M6,3783,10/29/2023 20:25,17.63,"","","","",
M6,3784,10/29/2023 20:30,17.59,"","","","",
M6,3785,10/29/2023 20:35,17.63,"","","","",
M6,3786,10/29/2023 20:40,17.63,"","","","",
M6,3787,10/29/2023 20:45,17.63,"","","","",
M6,3788,10/29/2023 20:50,17.63,"","","","",
M6,3789,10/29/2023 20:55,17.63,"","","","",
M6,3790,10/29/2023 21:00,17.63,"","","","",
M6,3791,10/29/2023 21:05,17.63,"","","","",
M6,3792,10/29/2023 21:10,17.63,"","","","",
M6,3793,10/29/2023 21:15,17.54,"","","","",
M6,3794,10/29/2023 21:20,17.63,"","","","",
M6,3795,10/29/2023 21:25,17.63,"","","","",
M6,3796,10/29/2023 21:30,17.59,"","","","",
M6,3797,10/29/2023 21:35,17.63,"","","","",
M6,3798,10/29/2023 21:40,17.63,"","","","",
M6,3799,10/29/2023 21:45,17.63,"","","","",
M6,3800,10/29/2023 21:50,17.63,"","","","",
M6,3801,10/29/2023 21:55,17.63,"","","","",
M6,3802,10/29/2023 22:00,17.67,"","","","",
M6,3803,10/29/2023 22:05,17.67,"","","","",
M6,3804,10/29/2023 22:10,17.72,"","","","",
M6,3805,10/29/2023 22:15,17.72,"","","","",
M6,3806,10/29/2023 22:20,17.72,"","","","",
M6,3807,10/29/2023 22:25,17.72,"","","","",
M6,3808,10/29/2023 22:30,17.67,"","","","",
M6,3809,10/29/2023 22:35,17.72,"","","","",
M6,3810,10/29/2023 22:40,17.63,"","","","",
M6,3811,10/29/2023 22:45,17.63,"","","","",
M6,3812,10/29/2023 22:50,17.46,"","","","",
M6,3813,10/29/2023 22:55,17.37,"","","","",
M6,3814,10/29/2023 23:00,17.2,"","","","",
M6,3815,10/29/2023 23:05,17.07,"","","","",
M6,3816,10/29/2023 23:10,16.99,"","","","",
M6,3817,10/29/2023 23:15,16.86,"","","","",
M6,3818,10/29/2023 23:20,16.86,"","","","",
M6,3819,10/29/2023 23:25,16.9,"","","","",
M6,3820,10/29/2023 23:30,17.03,"","","","",
M6,3821,10/29/2023 23:35,17.07,"","","","",
M6,3822,10/29/2023 23:40,17.16,"","","","",
M6,3823,10/29/2023 23:45,17.29,"","","","",
M6,3824,10/29/2023 23:50,17.29,"","","","",
M6,3825,10/29/2023 23:55,17.33,"","","","",
M6,3826,10/30/2023 0:00,17.37,"","","","",
M6,3827,10/30/2023 0:05,17.37,"","","","",
M6,3828,10/30/2023 0:10,17.37,"","","","",
M6,3829,10/30/2023 0:15,17.41,"","","","",
M6,3830,10/30/2023 0:20,17.41,"","","","",
M6,3831,10/30/2023 0:25,17.46,"","","","",
M6,3832,10/30/2023 0:30,17.46,"","","","",
M6,3833,10/30/2023 0:35,17.46,"","","","",
M6,3834,10/30/2023 0:40,17.46,"","","","",
M6,3835,10/30/2023 0:45,17.46,"","","","",
M6,3836,10/30/2023 0:50,17.46,"","","","",
M6,3837,10/30/2023 0:55,17.41,"","","","",
M6,3838,10/30/2023 1:00,17.37,"","","","",
M6,3839,10/30/2023 1:05,17.37,"","","","",
M6,3840,10/30/2023 1:10,17.41,"","","","",
M6,3841,10/30/2023 1:15,17.41,"","","","",
M6,3842,10/30/2023 1:20,17.37,"","","","",
M6,3843,10/30/2023 1:25,17.41,"","","","",
M6,3844,10/30/2023 1:30,17.41,"","","","",
M6,3845,10/30/2023 1:35,17.46,"","","","",
M6,3846,10/30/2023 1:40,17.37,"","","","",
M6,3847,10/30/2023 1:45,17.41,"","","","",
M6,3848,10/30/2023 1:50,17.41,"","","","",
M6,3849,10/30/2023 1:55,17.37,"","","","",
M6,3850,10/30/2023 2:00,17.29,"","","","",
M6,3851,10/30/2023 2:05,17.16,"","","","",
M6,3852,10/30/2023 2:10,17.2,"","","","",
M6,3853,10/30/2023 2:15,17.16,"","","","",
M6,3854,10/30/2023 2:20,17.16,"","","","",
M6,3855,10/30/2023 2:25,17.11,"","","","",
M6,3890,10/30/2023 5:20,16.73,"","","","",
M6,3891,10/30/2023 5:25,16.73,"","","","",
M6,3892,10/30/2023 5:30,16.77,"","","","",
M6,3893,10/30/2023 5:35,16.73,"","","","",
M6,3894,10/30/2023 5:40,16.73,"","","","",
M6,3895,10/30/2023 5:45,16.81,"","","","",
M6,3896,10/30/2023 5:50,16.86,"","","","",
M6,3897,10/30/2023 5:55,16.81,"","","","",
M6,3898,10/30/2023 6:00,16.86,"","","","",
M6,3899,10/30/2023 6:05,16.9,"","","","",
M6,3900,10/30/2023 6:10,16.86,"","","","",
M6,3901,10/30/2023 6:15,16.81,"","","","",
M6,3902,10/30/2023 6:20,16.81,"","","","",
M6,3903,10/30/2023 6:25,16.94,"","","","",
M6,3904,10/30/2023 6:30,16.94,"","","","",
M6,3905,10/30/2023 6:35,17.07,"","","","",
M6,3906,10/30/2023 6:40,17.11,"","","","",
M6,3907,10/30/2023 6:45,16.99,"","","","",
M6,3908,10/30/2023 6:50,17.11,"","","","",
M6,3909,10/30/2023 6:55,17.03,"","","","",
M6,3910,10/30/2023 7:00,17.11,"","","","",
M6,3911,10/30/2023 7:05,17.11,"","","","",
M6,3912,10/30/2023 7:10,17.07,"","","","",
M6,3913,10/30/2023 7:15,17.2,"","","","",
M6,3914,10/30/2023 7:20,17.33,"","","","",
M6,3915,10/30/2023 7:25,17.37,"","","","",
M6,3916,10/30/2023 7:30,17.5,"","","","",
M6,3917,10/30/2023 7:35,17.63,"","","","",
M6,3918,10/30/2023 7:40,17.63,"","","","",
M6,3919,10/30/2023 7:45,17.76,"","","","",
M6,3920,10/30/2023 7:50,17.76,"","","","",
M6,3921,10/30/2023 7:55,17.89,"","","","",
M6,3922,10/30/2023 8:00,17.93,"","","","",
M6,3923,10/30/2023 8:05,17.97,"","","","",
M6,3924,10/30/2023 8:10,17.97,"","","","",
M6,3925,10/30/2023 8:15,18.02,"","","","",
M6,3926,10/30/2023 8:20,18.1,"","","","",
M6,3927,10/30/2023 8:25,18.19,"","","","",
M6,3928,10/30/2023 8:30,18.14,"","","","",
M6,3929,10/30/2023 8:35,18.23,"","","","",
M6,3930,10/30/2023 8:40,18.32,"","","","",
M6,3931,10/30/2023 8:45,18.32,"","","","",
M6,3932,10/30/2023 8:50,18.32,"","","","",
M6,3933,10/30/2023 8:55,18.36,"","","","",
M6,3934,10/30/2023 9:00,18.36,"","","","",
M6,3935,10/30/2023 9:05,18.44,"","","","",
M6,3936,10/30/2023 9:10,18.44,"","","","",
M6,3937,10/30/2023 9:15,18.4,"","","","",
M6,3938,10/30/2023 9:20,18.49,"","","","",
M6,3939,10/30/2023 9:25,18.53,"","","","",
M6,3940,10/30/2023 9:30,18.53,"","","","",
M6,3941,10/30/2023 9:35,18.53,"","","","",
M6,3942,10/30/2023 9:40,18.57,"","","","",
M6,3943,10/30/2023 9:45,18.62,"","","","",
M6,3944,10/30/2023 9:50,18.57,"","","","",
M6,3945,10/30/2023 9:55,18.62,"","","","",
M6,3946,10/30/2023 10:00,18.62,"","","","",
M6,3947,10/30/2023 10:05,18.62,"","","","",
M6,3948,10/30/2023 10:10,18.66,"","","","",
M6,3949,10/30/2023 10:15,18.7,"","","","",
M6,3950,10/30/2023 10:20,18.74,"","","","",
M6,3951,10/30/2023 10:25,18.74,"","","","",
M6,3952,10/30/2023 10:30,18.74,"","","","",
M6,3953,10/30/2023 10:35,18.74,"","","","",
M6,3954,10/30/2023 10:40,18.79,"","","","",
M6,3955,10/30/2023 10:45,18.74,"","","","",
M6,3956,10/30/2023 10:50,18.79,"","","","",
M6,3957,10/30/2023 10:55,18.79,"","","","",
M6,3958,10/30/2023 11:00,18.83,"","","","",
M6,3959,10/30/2023 11:05,18.87,"","","","",
M6,3960,10/30/2023 11:10,18.87,"","","","",
M6,3961,10/30/2023 11:15,18.87,"","","","",
M6,3962,10/30/2023 11:20,18.92,"","","","",
M6,3963,10/30/2023 11:25,18.92,"","","","",
M6,3964,10/30/2023 11:30,18.92,"","","","",
M6,3965,10/30/2023 11:35,19,"","","","",
M6,3966,10/30/2023 11:40,18.96,"","","","",
M6,3967,10/30/2023 11:45,18.96,"","","","",
M6,3968,10/30/2023 11:50,18.96,"","","","",
M6,3969,10/30/2023 11:55,19.05,"","","","",
M6,3970,10/30/2023 12:00,19,"","","","",
M6,3971,10/30/2023 12:05,19.05,"","","","",
M6,3972,10/30/2023 12:10,19.09,"","","","",
M6,3973,10/30/2023 12:15,19.13,"","","","",
M6,3974,10/30/2023 12:20,19.05,"","","","",
M6,3975,10/30/2023 12:25,19.17,"","","","",
M6,3976,10/30/2023 12:30,19.17,"","","","",
M6,3977,10/30/2023 12:35,19.17,"","","","",
M6,3978,10/30/2023 12:40,19.26,"","","","",
M6,3979,10/30/2023 12:45,19.22,"","","","",
M6,3980,10/30/2023 12:50,19.26,"","","","",
M6,3981,10/30/2023 12:55,19.35,"","","","",
M6,3982,10/30/2023 13:00,19.39,"","","","",
M6,3983,10/30/2023 13:05,19.39,"","","","",
M6,3984,10/30/2023 13:10,19.6,"","","","",
M6,3985,10/30/2023 13:15,19.56,"","","","",
M6,3986,10/30/2023 13:20,19.6,"","","","",
M6,3987,10/30/2023 13:25,19.65,"","","","",
M6,3988,10/30/2023 13:30,19.73,"","","","",
M6,3989,10/30/2023 13:35,19.95,"","","","",
M6,3990,10/30/2023 13:40,20.03,"","","","",
M6,3991,10/30/2023 13:45,20.12,"","","","",
M6,3992,10/30/2023 13:50,20.46,"","","","",
M6,3993,10/30/2023 13:55,20.55,"","","","",
M6,3994,10/30/2023 14:00,20.93,"","","","",
M6,4079,10/30/2023 21:05,17.5,"","","","",
M6,4080,10/30/2023 21:10,17.59,"","","","",
M6,4081,10/30/2023 21:15,17.67,"","","","",
M6,4082,10/30/2023 21:20,17.67,"","","","",
M6,4083,10/30/2023 21:25,17.76,"","","","",
M6,4084,10/30/2023 21:30,17.72,"","","","",
M6,4085,10/30/2023 21:35,17.76,"","","","",
M6,4086,10/30/2023 21:40,17.8,"","","","",
M6,4087,10/30/2023 21:45,17.8,"","","","",
M6,4088,10/30/2023 21:50,17.8,"","","","",
M6,4089,10/30/2023 21:55,17.76,"","","","",
M6,4090,10/30/2023 22:00,17.8,"","","","",
M6,4091,10/30/2023 22:05,17.8,"","","","",
M6,4092,10/30/2023 22:10,17.8,"","","","",
M6,4093,10/30/2023 22:15,17.8,"","","","",
M6,4094,10/30/2023 22:20,17.84,"","","","",
M6,4095,10/30/2023 22:25,17.93,"","","","",
M6,4096,10/30/2023 22:30,17.93,"","","","",
M6,4097,10/30/2023 22:35,17.84,"","","","",
M6,4098,10/30/2023 22:40,17.84,"","","","",
M6,4099,10/30/2023 22:45,17.89,"","","","",
M6,4100,10/30/2023 22:50,17.93,"","","","",
M6,4101,10/30/2023 22:55,17.93,"","","","",
M6,4102,10/30/2023 23:00,17.93,"","","","",
M6,4103,10/30/2023 23:05,17.89,"","","","",
M6,4104,10/30/2023 23:10,17.93,"","","","",
M6,4105,10/30/2023 23:15,17.93,"","","","",
M6,4106,10/30/2023 23:20,17.93,"","","","",
M6,4107,10/30/2023 23:25,17.93,"","","","",
M6,4108,10/30/2023 23:30,17.84,"","","","",
M6,4109,10/30/2023 23:35,17.84,"","","","",
M6,4110,10/30/2023 23:40,17.84,"","","","",
M6,4111,10/30/2023 23:45,17.84,"","","","",
M6,4112,10/30/2023 23:50,17.84,"","","","",
M6,4113,10/30/2023 23:55,17.8,"","","","",
M6,4114,10/31/2023 0:00,17.8,"","","","",
M6,4115,10/31/2023 0:05,17.84,"","","","",
M6,4116,10/31/2023 0:10,17.76,"","","","",
M6,4117,10/31/2023 0:15,17.89,"","","","",
M6,4118,10/31/2023 0:20,17.89,"","","","",
M6,4119,10/31/2023 0:25,17.89,"","","","",
M6,4120,10/31/2023 0:30,17.84,"","","","",
M6,4121,10/31/2023 0:35,17.84,"","","","",
M6,4122,10/31/2023 0:40,17.8,"","","","",
M6,4123,10/31/2023 0:45,17.84,"","","","",
M6,4124,10/31/2023 0:50,17.8,"","","","",
M6,4125,10/31/2023 0:55,17.8,"","","","",
M6,4126,10/31/2023 1:00,17.84,"","","","",
M6,4127,10/31/2023 1:05,17.8,"","","","",
M6,4128,10/31/2023 1:10,17.84,"","","","",
M6,4129,10/31/2023 1:15,17.8,"","","","",
M6,4130,10/31/2023 1:20,17.84,"","","","",
M6,4131,10/31/2023 1:25,17.84,"","","","",
M6,4132,10/31/2023 1:30,17.8,"","","","",
M6,4133,10/31/2023 1:35,17.76,"","","","",
M6,4134,10/31/2023 1:40,17.67,"","","","",
M6,4135,10/31/2023 1:45,17.72,"","","","",
M6,4136,10/31/2023 1:50,17.72,"","","","",
M6,4137,10/31/2023 1:55,17.67,"","","","",
M6,4138,10/31/2023 2:00,17.63,"","","","",
M6,4139,10/31/2023 2:05,17.63,"","","","",
M6,4140,10/31/2023 2:10,17.63,"","","","",
M6,4141,10/31/2023 2:15,17.54,"","","","",
M6,4142,10/31/2023 2:20,17.54,"","","","",
M6,4143,10/31/2023 2:25,17.59,"","","","",
M6,4144,10/31/2023 2:30,17.54,"","","","",
M6,4145,10/31/2023 2:35,17.59,"","","","",
M6,4146,10/31/2023 2:40,17.5,"","","","",
M6,4147,10/31/2023 2:45,17.46,"","","","",
M6,4148,10/31/2023 2:50,17.46,"","","","",
M6,4149,10/31/2023 2:55,17.46,"","","","",
M6,4150,10/31/2023 3:00,17.37,"","","","",
M6,4151,10/31/2023 3:05,17.37,"","","","",
M6,4152,10/31/2023 3:10,17.37,"","","","",
M6,4153,10/31/2023 3:15,17.37,"","","","",
M6,4154,10/31/2023 3:20,17.37,"","","","",
M6,4155,10/31/2023 3:25,17.33,"","","","",
M6,4156,10/31/2023 3:30,17.24,"","","","",
M6,4157,10/31/2023 3:35,17.29,"","","","",
M6,4158,10/31/2023 3:40,17.24,"","","","",
M6,4159,10/31/2023 3:45,17.24,"","","","",
M6,4160,10/31/2023 3:50,17.29,"","","","",
M6,4161,10/31/2023 3:55,17.2,"","","","",
M6,4162,10/31/2023 4:00,17.2,"","","","",
M6,4163,10/31/2023 4:05,17.16,"","","","",
M6,4164,10/31/2023 4:10,17.16,"","","","",
M6,4165,10/31/2023 4:15,17.07,"","","","",
M6,4166,10/31/2023 4:20,17.07,"","","","",
M6,4167,10/31/2023 4:25,16.99,"","","","",
M6,4168,10/31/2023 4:30,17.07,"","","","",
M6,4169,10/31/2023 4:35,17.07,"","","","",
M6,4170,10/31/2023 4:40,17.03,"","","","",
M6,4171,10/31/2023 4:45,16.99,"","","","",
M6,4172,10/31/2023 4:50,16.94,"","","","",
M6,4173,10/31/2023 4:55,16.99,"","","","",
M6,4174,10/31/2023 5:00,17.03,"","","","",
M6,4175,10/31/2023 5:05,16.94,"","","","",
M6,4176,10/31/2023 5:10,16.99,"","","","",
M6,4177,10/31/2023 5:15,17.03,"","","","",
M6,4178,10/31/2023 5:20,17.03,"","","","",
M6,4179,10/31/2023 5:25,17.03,"","","","",
M6,4180,10/31/2023 5:30,16.99,"","","","",
M6,4181,10/31/2023 5:35,17.07,"","","","",
M6,4182,10/31/2023 5:40,17.07,"","","","",
M6,4183,10/31/2023 5:45,17.03,"","","","",
M6,4184,10/31/2023 5:50,17.03,"","","","",
M6,4185,10/31/2023 5:55,17.07,"","","","",
M6,4186,10/31/2023 6:00,17.03,"","","","",
M6,4187,10/31/2023 6:05,17.07,"","","","",
M6,4188,10/31/2023 6:10,17.03,"","","","",
M6,4189,10/31/2023 6:15,17.07,"","","","",
M6,4190,10/31/2023 6:20,17.11,"","","","",
M6,4191,10/31/2023 6:25,17.07,"","","","",
M6,4192,10/31/2023 6:30,17.07,"","","","",
M6,4193,10/31/2023 6:35,17.03,"","","","",
M6,4194,10/31/2023 6:40,17.11,"","","","",
M6,4195,10/31/2023 6:45,17.07,"","","","",
M6,4196,10/31/2023 6:50,17.11,"","","","",
M6,4197,10/31/2023 6:55,17.16,"","","","",
M6,4198,10/31/2023 7:00,17.11,"","","","",
M6,4199,10/31/2023 7:05,17.11,"","","","",
M6,4200,10/31/2023 7:10,17.11,"","","","",
M6,4201,10/31/2023 7:15,17.2,"","","","",
M6,4202,10/31/2023 7:20,17.24,"","","","",
M6,4203,10/31/2023 7:25,17.16,"","","","",
M6,4204,10/31/2023 7:30,17.33,"","","","",
M6,4205,10/31/2023 7:35,17.37,"","","","",
M6,4206,10/31/2023 7:40,17.41,"","","","",
M6,4207,10/31/2023 7:45,17.41,"","","","",
M6,4208,10/31/2023 7:50,17.41,"","","","",
M6,4209,10/31/2023 7:55,17.54,"","","","",
M6,4210,10/31/2023 8:00,17.5,"","","","",
M6,4211,10/31/2023 8:05,17.54,"","","","",
M6,4212,10/31/2023 8:10,17.54,"","","","",
M6,4213,10/31/2023 8:15,17.72,"","","","",
M6,4214,10/31/2023 8:20,17.59,"","","","",
M6,4215,10/31/2023 8:25,17.76,"","","","",
M6,4216,10/31/2023 8:30,17.8,"","","","",
M6,4217,10/31/2023 8:35,17.8,"","","","",
M6,4218,10/31/2023 8:40,17.84,"","","","",
M6,4219,10/31/2023 8:45,17.89,"","","","",
M6,4220,10/31/2023 8:50,17.93,"","","","",
M6,4221,10/31/2023 8:55,17.93,"","","","",
M6,4222,10/31/2023 9:00,17.97,"","","","",
M6,4223,10/31/2023 9:05,18.02,"","","","",
M6,4224,10/31/2023 9:10,18.06,"","","","",
M6,4225,10/31/2023 9:15,18.02,"","","","",
M6,4226,10/31/2023 9:20,18.1,"","","","",
M6,4227,10/31/2023 9:25,18.1,"","","","",
M6,4228,10/31/2023 9:30,18.14,"","","","",
M6,4229,10/31/2023 9:35,18.14,"","","","",
M6,4230,10/31/2023 9:40,18.19,"","","","",
M6,4231,10/31/2023 9:45,18.23,"","","","",
M6,4232,10/31/2023 9:50,18.27,"","","","",
M6,4233,10/31/2023 9:55,18.27,"","","","",
M6,4234,10/31/2023 10:00,18.27,"","","","",
M6,4235,10/31/2023 10:05,18.32,"","","","",
M6,4236,10/31/2023 10:10,18.32,"","","","",
M6,4237,10/31/2023 10:15,18.32,"","","","",
M6,4238,10/31/2023 10:20,18.36,"","","","",
M6,4239,10/31/2023 10:25,18.4,"","","","",
M6,4240,10/31/2023 10:30,18.4,"","","","",
M6,4241,10/31/2023 10:35,18.44,"","","","",
M6,4242,10/31/2023 10:40,18.44,"","","","",
M6,4243,10/31/2023 10:45,18.49,"","","","",
M6,4244,10/31/2023 10:50,18.49,"","","","",
M6,4245,10/31/2023 10:55,18.44,"","","","",
M6,4246,10/31/2023 11:00,18.49,"","","","",
M6,4247,10/31/2023 11:05,18.57,"","","","",
M6,4248,10/31/2023 11:10,18.57,"","","","",
M6,4249,10/31/2023 11:15,18.57,"","","","",
M6,4250,10/31/2023 11:20,18.57,"","","","",
M6,4251,10/31/2023 11:25,18.62,"","","","",
M6,4252,10/31/2023 11:30,18.62,"","","","",
M6,4253,10/31/2023 11:35,18.62,"","","","",
M6,4254,10/31/2023 11:40,18.62,"","","","",
M6,4255,10/31/2023 11:45,18.62,"","","","",
M6,4256,10/31/2023 11:50,18.62,"","","","",
M6,4257,10/31/2023 11:55,18.7,"","","","",
M6,4258,10/31/2023 12:00,18.66,"","","","",
M6,4259,10/31/2023 12:05,18.7,"","","","",
M6,4260,10/31/2023 12:10,18.66,"","","","",
M6,4261,10/31/2023 12:15,18.74,"","","","",
M6,4262,10/31/2023 12:20,18.7,"","","","",
M6,4263,10/31/2023 12:25,18.74,"","","","",
M6,4264,10/31/2023 12:30,18.74,"","","","",
M6,4265,10/31/2023 12:35,18.74,"","","","",
M6,4266,10/31/2023 12:40,18.83,"","","","",
M6,4267,10/31/2023 12:45,18.79,"","","","",
M6,4268,10/31/2023 12:50,18.87,"","","","",
M6,4269,10/31/2023 12:55,18.87,"","","","",
M6,4270,10/31/2023 13:00,18.87,"","","","",
M6,4271,10/31/2023 13:05,18.83,"","","","",
M6,4272,10/31/2023 13:10,18.87,"","","","",
M6,4273,10/31/2023 13:15,18.83,"","","","",
M6,4274,10/31/2023 13:20,18.92,"","","","",
M6,4275,10/31/2023 13:25,18.96,"","","","",
M6,4276,10/31/2023 13:30,18.96,"","","","",
M6,4277,10/31/2023 13:35,19.05,"","","","",
M6,4278,10/31/2023 13:40,19.17,"","","","",
M6,4279,10/31/2023 13:45,19.09,"","","","",
M6,4280,10/31/2023 13:50,19.13,"","","","",
M6,4281,10/31/2023 13:55,19.17,"","","","",
M6,4282,10/31/2023 14:00,19.3,"","","","",
M6,4283,10/31/2023 14:05,19.35,"","","","",
M6,4284,10/31/2023 14:10,19.3,"","","","",
M6,4285,10/31/2023 14:15,19.43,"","","","",
M6,4286,10/31/2023 14:20,19.47,"","","","",
M6,4287,10/31/2023 14:25,19.52,"","","","",
M6,4288,10/31/2023 14:30,19.69,"","","","",
M6,4289,10/31/2023 14:35,19.9,"","","","",
M6,4290,10/31/2023 14:40,20.12,"","","","",
M6,4291,10/31/2023 14:45,20.5,"","","","",
M6,4292,10/31/2023 14:50,20.68,"","","","",
M6,4293,10/31/2023 14:55,21.23,"","","","",
M6,4380,10/31/2023 22:10,17.46,"","","","",
M6,4381,10/31/2023 22:15,17.5,"","","","",
M6,4382,10/31/2023 22:20,17.54,"","","","",
M6,4383,10/31/2023 22:25,17.5,"","","","",
M6,4384,10/31/2023 22:30,17.54,"","","","",
M6,4385,10/31/2023 22:35,17.5,"","","","",
M6,4386,10/31/2023 22:40,17.5,"","","","",
M6,4387,10/31/2023 22:45,17.54,"","","","",
M6,4388,10/31/2023 22:50,17.5,"","","","",
M6,4389,10/31/2023 22:55,17.54,"","","","",
M6,4390,10/31/2023 23:00,17.54,"","","","",
M6,4391,10/31/2023 23:05,17.54,"","","","",
M6,4392,10/31/2023 23:10,17.54,"","","","",
M6,4393,10/31/2023 23:15,17.54,"","","","",
M6,4394,10/31/2023 23:20,17.54,"","","","",
M6,4395,10/31/2023 23:25,17.5,"","","","",
M6,4396,10/31/2023 23:30,17.5,"","","","",
M6,4397,10/31/2023 23:35,17.54,"","","","",
M6,4398,10/31/2023 23:40,17.5,"","","","",
M6,4399,10/31/2023 23:45,17.54,"","","","",
M6,4400,10/31/2023 23:50,17.5,"","","","",
M6,4401,10/31/2023 23:55,17.46,"","","","",
M6,4402,11/1/2023 0:00,17.46,"","","","",
M6,4403,11/1/2023 0:05,17.5,"","","","",
M6,4404,11/1/2023 0:10,17.5,"","","","",
M6,4405,11/1/2023 0:15,17.54,"","","","",
M6,4406,11/1/2023 0:20,17.46,"","","","",
M6,4407,11/1/2023 0:25,17.5,"","","","",
M6,4408,11/1/2023 0:30,17.46,"","","","",
M6,4409,11/1/2023 0:35,17.5,"","","","",
M6,4410,11/1/2023 0:40,17.5,"","","","",
M6,4411,11/1/2023 0:45,17.54,"","","","",
M6,4412,11/1/2023 0:50,17.5,"","","","",
M6,4413,11/1/2023 0:55,17.46,"","","","",
M6,4414,11/1/2023 1:00,17.5,"","","","",
M6,4415,11/1/2023 1:05,17.5,"","","","",
M6,4416,11/1/2023 1:10,17.5,"","","","",
M6,4417,11/1/2023 1:15,17.41,"","","","",
M6,4418,11/1/2023 1:20,17.5,"","","","",
M6,4419,11/1/2023 1:25,17.46,"","","","",
M6,4420,11/1/2023 1:30,17.46,"","","","",
M6,4421,11/1/2023 1:35,17.46,"","","","",
M6,4422,11/1/2023 1:40,17.41,"","","","",
M6,4423,11/1/2023 1:45,17.41,"","","","",
M6,4424,11/1/2023 1:50,17.46,"","","","",
M6,4425,11/1/2023 1:55,17.37,"","","","",
M6,4426,11/1/2023 2:00,17.33,"","","","",
M6,4427,11/1/2023 2:05,17.41,"","","","",
M6,4428,11/1/2023 2:10,17.41,"","","","",
M6,4429,11/1/2023 2:15,17.41,"","","","",
M6,4430,11/1/2023 2:20,17.37,"","","","",
M6,4431,11/1/2023 2:25,17.33,"","","","",
M6,4432,11/1/2023 2:30,17.41,"","","","",
M6,4433,11/1/2023 2:35,17.41,"","","","",
M6,4434,11/1/2023 2:40,17.37,"","","","",
M6,4435,11/1/2023 2:45,17.41,"","","","",
M6,4436,11/1/2023 2:50,17.33,"","","","",
M6,4437,11/1/2023 2:55,17.33,"","","","",
M6,4438,11/1/2023 3:00,17.33,"","","","",
M6,4439,11/1/2023 3:05,17.29,"","","","",
M6,4440,11/1/2023 3:10,17.33,"","","","",
M6,4441,11/1/2023 3:15,17.29,"","","","",
M6,4442,11/1/2023 3:20,17.24,"","","","",
M6,4443,11/1/2023 3:25,17.29,"","","","",
M6,4444,11/1/2023 3:30,17.29,"","","","",
M6,4445,11/1/2023 3:35,17.24,"","","","",
M6,4446,11/1/2023 3:40,17.2,"","","","",
M6,4447,11/1/2023 3:45,17.24,"","","","",
M6,4448,11/1/2023 3:50,17.24,"","","","",
M6,4449,11/1/2023 3:55,17.16,"","","","",
M6,4450,11/1/2023 4:00,17.2,"","","","",
M6,4451,11/1/2023 4:05,17.16,"","","","",
M6,4452,11/1/2023 4:10,17.16,"","","","",
M6,4453,11/1/2023 4:15,17.11,"","","","",
M6,4454,11/1/2023 4:20,17.11,"","","","",
M6,4455,11/1/2023 4:25,17.11,"","","","",
M6,4456,11/1/2023 4:30,17.11,"","","","",
M6,4457,11/1/2023 4:35,17.03,"","","","",
M6,4458,11/1/2023 4:40,17.07,"","","","",
M6,4459,11/1/2023 4:45,17.07,"","","","",
M6,4460,11/1/2023 4:50,17.03,"","","","",
M6,4461,11/1/2023 4:55,17.03,"","","","",
M6,4462,11/1/2023 5:00,17.07,"","","","",
M6,4463,11/1/2023 5:05,17.07,"","","","",
M6,4464,11/1/2023 5:10,17.07,"","","","",
M6,4465,11/1/2023 5:15,17.03,"","","","",
M6,4466,11/1/2023 5:20,16.94,"","","","",
M6,4467,11/1/2023 5:25,16.99,"","","","",
M6,4468,11/1/2023 5:30,17.03,"","","","",
M6,4469,11/1/2023 5:35,17.07,"","","","",
M6,4470,11/1/2023 5:40,17.11,"","","","",
M6,4471,11/1/2023 5:45,17.03,"","","","",
M6,4472,11/1/2023 5:50,17.11,"","","","",
M6,4473,11/1/2023 5:55,17.07,"","","","",
M6,4474,11/1/2023 6:00,17.03,"","","","",
M6,4475,11/1/2023 6:05,17.11,"","","","",
M6,4476,11/1/2023 6:10,17.03,"","","","",
M6,4477,11/1/2023 6:15,17.07,"","","","",
M6,4478,11/1/2023 6:20,16.99,"","","","",
M6,4479,11/1/2023 6:25,17.03,"","","","",
M6,4480,11/1/2023 6:30,16.99,"","","","",
M6,4481,11/1/2023 6:35,17.03,"","","","",
M6,4482,11/1/2023 6:40,17.07,"","","","",
M6,4483,11/1/2023 6:45,17.03,"","","","",
M6,4484,11/1/2023 6:50,17.07,"","","","",
M6,4485,11/1/2023 6:55,17.11,"","","","",
M6,4486,11/1/2023 7:00,17.07,"","","","",
M6,4487,11/1/2023 7:05,17.03,"","","","",
M6,4488,11/1/2023 7:10,17.03,"","","","",
M6,4489,11/1/2023 7:15,17.11,"","","","",
M6,4490,11/1/2023 7:20,17.16,"","","","",
M6,4491,11/1/2023 7:25,17.11,"","","","",
M6,4492,11/1/2023 7:30,17.11,"","","","",
M6,4493,11/1/2023 7:35,17.16,"","","","",
M6,4494,11/1/2023 7:40,17.16,"","","","",
M6,4495,11/1/2023 7:45,17.16,"","","","",
M6,4496,11/1/2023 7:50,17.24,"","","","",
M6,4497,11/1/2023 7:55,17.33,"","","","",
M6,4498,11/1/2023 8:00,17.33,"","","","",
M6,4499,11/1/2023 8:05,17.37,"","","","",
M6,4500,11/1/2023 8:10,17.41,"","","","",
M6,4501,11/1/2023 8:15,17.5,"","","","",
M6,4502,11/1/2023 8:20,17.5,"","","","",
M6,4503,11/1/2023 8:25,17.59,"","","","",
M6,4504,11/1/2023 8:30,17.59,"","","","",
M6,4505,11/1/2023 8:35,17.63,"","","","",
M6,4506,11/1/2023 8:40,17.72,"","","","",
M6,4507,11/1/2023 8:45,17.67,"","","","",
M6,4508,11/1/2023 8:50,17.72,"","","","",
M6,4509,11/1/2023 8:55,17.72,"","","","",
M6,4510,11/1/2023 9:00,17.76,"","","","",
M6,4511,11/1/2023 9:05,17.84,"","","","",
M6,4512,11/1/2023 9:10,17.89,"","","","",
M6,4513,11/1/2023 9:15,17.84,"","","","",
M6,4514,11/1/2023 9:20,17.97,"","","","",
M6,4515,11/1/2023 9:25,17.97,"","","","",
M6,4516,11/1/2023 9:30,17.84,"","","","",
M6,4517,11/1/2023 9:35,17.89,"","","","",
M6,4518,11/1/2023 9:40,18.02,"","","","",
M6,4519,11/1/2023 9:45,18.1,"","","","",
M6,4520,11/1/2023 9:50,18.06,"","","","",
M6,4521,11/1/2023 9:55,18.02,"","","","",
M6,4522,11/1/2023 10:00,18.02,"","","","",
M6,4523,11/1/2023 10:05,18.06,"","","","",
M6,4524,11/1/2023 10:10,18.14,"","","","",
M6,4525,11/1/2023 10:15,18.23,"","","","",
M6,4526,11/1/2023 10:20,18.23,"","","","",
M6,4527,11/1/2023 10:25,18.19,"","","","",
M6,4528,11/1/2023 10:30,18.32,"","","","",
M6,4529,11/1/2023 10:35,18.32,"","","","",
M6,4530,11/1/2023 10:40,18.32,"","","","",
M6,4531,11/1/2023 10:45,18.4,"","","","",
M6,4532,11/1/2023 10:50,18.32,"","","","",
M6,4533,11/1/2023 10:55,18.36,"","","","",
M6,4534,11/1/2023 11:00,18.44,"","","","",
M6,4535,11/1/2023 11:05,18.44,"","","","",
M6,4536,11/1/2023 11:10,18.44,"","","","",
M6,4537,11/1/2023 11:15,18.49,"","","","",
M6,4538,11/1/2023 11:20,18.49,"","","","",
M6,4539,11/1/2023 11:25,18.44,"","","","",
M6,4540,11/1/2023 11:30,18.44,"","","","",
M6,4541,11/1/2023 11:35,18.49,"","","","",
M6,4542,11/1/2023 11:40,18.49,"","","","",
M6,4543,11/1/2023 11:45,18.53,"","","","",
M6,4544,11/1/2023 11:50,18.53,"","","","",
M6,4545,11/1/2023 11:55,18.53,"","","","",
M6,4546,11/1/2023 12:00,18.44,"","","","",
M6,4547,11/1/2023 12:05,18.57,"","","","",
M6,4548,11/1/2023 12:10,18.62,"","","","",
M6,4549,11/1/2023 12:15,18.57,"","","","",
M6,4550,11/1/2023 12:20,18.62,"","","","",
M6,4551,11/1/2023 12:25,18.62,"","","","",
M6,4552,11/1/2023 12:30,18.66,"","","","",
M6,4553,11/1/2023 12:35,18.66,"","","","",
M6,4554,11/1/2023 12:40,18.62,"","","","",
M6,4555,11/1/2023 12:45,18.7,"","","","",
M6,4556,11/1/2023 12:50,18.66,"","","","",
M6,4557,11/1/2023 12:55,18.7,"","","","",
M6,4558,11/1/2023 13:00,18.7,"","","","",
M6,4559,11/1/2023 13:05,18.7,"","","","",
M6,4560,11/1/2023 13:10,18.79,"","","","",
M6,4561,11/1/2023 13:15,18.79,"","","","",
M6,4562,11/1/2023 13:20,18.74,"","","","",
M6,4563,11/1/2023 13:25,18.74,"","","","",
M6,4564,11/1/2023 13:30,18.79,"","","","",
M6,4565,11/1/2023 13:35,18.79,"","","","",
M6,4566,11/1/2023 13:40,18.83,"","","","",
M6,4567,11/1/2023 13:45,18.87,"","","","",
M6,4568,11/1/2023 13:50,18.87,"","","","",
M6,4569,11/1/2023 13:55,18.87,"","","","",
M6,4570,11/1/2023 14:00,18.92,"","","","",
M6,4571,11/1/2023 14:05,18.92,"","","","",
M6,4572,11/1/2023 14:10,18.96,"","","","",
M6,4573,11/1/2023 14:15,18.92,"","","","",
M6,4574,11/1/2023 14:20,18.96,"","","","",
M6,4575,11/1/2023 14:25,19,"","","","",
M6,4576,11/1/2023 14:30,19.09,"","","","",
M6,4577,11/1/2023 14:35,19,"","","","",
M6,4578,11/1/2023 14:40,19.09,"","","","",
M6,4579,11/1/2023 14:45,19.09,"","","","",
M6,4580,11/1/2023 14:50,19.17,"","","","",
M6,4581,11/1/2023 14:55,19.17,"","","","",
M6,4582,11/1/2023 15:00,19.35,"","","","",
M6,4583,11/1/2023 15:05,19.35,"","","","",
M6,4584,11/1/2023 15:10,19.3,"","","","",
M6,4585,11/1/2023 15:15,19.43,"","","","",
M6,4586,11/1/2023 15:20,19.47,"","","","",
M6,4587,11/1/2023 15:25,19.73,"","","","",
M6,4588,11/1/2023 15:30,19.86,"","","","",
M6,4589,11/1/2023 15:35,20.12,"","","","",
M6,4590,11/1/2023 15:40,20.16,"","","","",
M6,4591,11/1/2023 15:45,20.42,"","","","",
M6,4682,11/1/2023 23:20,17.24,"","","","",
M6,4683,11/1/2023 23:25,17.2,"","","","",
M6,4684,11/1/2023 23:30,17.24,"","","","",
M6,4685,11/1/2023 23:35,17.16,"","","","",
M6,4686,11/1/2023 23:40,17.2,"","","","",
M6,4687,11/1/2023 23:45,17.2,"","","","",
M6,4688,11/1/2023 23:50,17.24,"","","","",
M6,4689,11/1/2023 23:55,17.2,"","","","",
M6,4690,11/2/2023 0:00,17.29,"","","","",
M6,4691,11/2/2023 0:05,17.16,"","","","",
M6,4692,11/2/2023 0:10,17.2,"","","","",
M6,4693,11/2/2023 0:15,17.24,"","","","",
M6,4694,11/2/2023 0:20,17.2,"","","","",
M6,4695,11/2/2023 0:25,17.2,"","","","",
M6,4696,11/2/2023 0:30,17.2,"","","","",
M6,4697,11/2/2023 0:35,17.2,"","","","",
M6,4698,11/2/2023 0:40,17.24,"","","","",
M6,4699,11/2/2023 0:45,17.29,"","","","",
M6,4700,11/2/2023 0:50,17.29,"","","","",
M6,4701,11/2/2023 0:55,17.33,"","","","",
M6,4702,11/2/2023 1:00,17.29,"","","","",
M6,4703,11/2/2023 1:05,17.33,"","","","",
M6,4704,11/2/2023 1:10,17.37,"","","","",
M6,4705,11/2/2023 1:15,17.33,"","","","",
M6,4706,11/2/2023 1:20,17.29,"","","","",
M6,4707,11/2/2023 1:25,17.37,"","","","",
M6,4708,11/2/2023 1:30,17.33,"","","","",
M6,4709,11/2/2023 1:35,17.29,"","","","",
M6,4710,11/2/2023 1:40,17.37,"","","","",
M6,4711,11/2/2023 1:45,17.37,"","","","",
M6,4712,11/2/2023 1:50,17.29,"","","","",
M6,4713,11/2/2023 1:55,17.33,"","","","",
M6,4714,11/2/2023 2:00,17.24,"","","","",
M6,4715,11/2/2023 2:05,17.29,"","","","",
M6,4716,11/2/2023 2:10,17.29,"","","","",
M6,4717,11/2/2023 2:15,17.33,"","","","",
M6,4718,11/2/2023 2:20,17.33,"","","","",
M6,4719,11/2/2023 2:25,17.37,"","","","",
M6,4720,11/2/2023 2:30,17.37,"","","","",
M6,4721,11/2/2023 2:35,17.33,"","","","",
M6,4722,11/2/2023 2:40,17.37,"","","","",
M6,4723,11/2/2023 2:45,17.37,"","","","",
M6,4724,11/2/2023 2:50,17.29,"","","","",
M6,4725,11/2/2023 2:55,17.29,"","","","",
M6,4726,11/2/2023 3:00,17.24,"","","","",
M6,4727,11/2/2023 3:05,17.29,"","","","",
M6,4728,11/2/2023 3:10,17.2,"","","","",
M6,4729,11/2/2023 3:15,17.24,"","","","",
M6,4730,11/2/2023 3:20,17.24,"","","","",
M6,4731,11/2/2023 3:25,17.29,"","","","",
M6,4732,11/2/2023 3:30,17.33,"","","","",
M6,4733,11/2/2023 3:35,17.33,"","","","",
M6,4734,11/2/2023 3:40,17.33,"","","","",
M6,4735,11/2/2023 3:45,17.24,"","","","",
M6,4736,11/2/2023 3:50,17.2,"","","","",
M6,4737,11/2/2023 3:55,17.24,"","","","",
M6,4738,11/2/2023 4:00,17.24,"","","","",
M6,4739,11/2/2023 4:05,17.24,"","","","",
M6,4740,11/2/2023 4:10,17.24,"","","","",
M6,4741,11/2/2023 4:15,17.29,"","","","",
M6,4742,11/2/2023 4:20,17.24,"","","","",
M6,4743,11/2/2023 4:25,17.16,"","","","",
M6,4744,11/2/2023 4:30,17.2,"","","","",
M6,4745,11/2/2023 4:35,17.24,"","","","",
M6,4746,11/2/2023 4:40,17.24,"","","","",
M6,4747,11/2/2023 4:45,17.2,"","","","",
M6,4748,11/2/2023 4:50,17.2,"","","","",
M6,4749,11/2/2023 4:55,17.24,"","","","",
M6,4750,11/2/2023 5:00,17.16,"","","","",
M6,4751,11/2/2023 5:05,17.16,"","","","",
M6,4752,11/2/2023 5:10,17.2,"","","","",
M6,4753,11/2/2023 5:15,17.16,"","","","",
M6,4754,11/2/2023 5:20,17.16,"","","","",
M6,4755,11/2/2023 5:25,17.16,"","","","",
M6,4756,11/2/2023 5:30,17.03,"","","","",
M6,4757,11/2/2023 5:35,17.11,"","","","",
M6,4758,11/2/2023 5:40,17.11,"","","","",
M6,4759,11/2/2023 5:45,17.07,"","","","",
M6,4760,11/2/2023 5:50,16.99,"","","","",
M6,4761,11/2/2023 5:55,16.99,"","","","",
M6,4762,11/2/2023 6:00,16.99,"","","","",
M6,4763,11/2/2023 6:05,17.03,"","","","",
M6,4764,11/2/2023 6:10,17.07,"","","","",
M6,4765,11/2/2023 6:15,17.03,"","","","",
M6,4766,11/2/2023 6:20,17.11,"","","","",
M6,4767,11/2/2023 6:25,17.11,"","","","",
M6,4768,11/2/2023 6:30,17.16,"","","","",
M6,4769,11/2/2023 6:35,17.11,"","","","",
M6,4770,11/2/2023 6:40,17.16,"","","","",
M6,4771,11/2/2023 6:45,17.11,"","","","",
M6,4772,11/2/2023 6:50,17.2,"","","","",
M6,4773,11/2/2023 6:55,17.16,"","","","",
M6,4774,11/2/2023 7:00,17.16,"","","","",
M6,4775,11/2/2023 7:05,17.2,"","","","",
M6,4776,11/2/2023 7:10,17.24,"","","","",
M6,4777,11/2/2023 7:15,17.2,"","","","",
M6,4778,11/2/2023 7:20,17.11,"","","","",
M6,4779,11/2/2023 7:25,17.16,"","","","",
M6,4780,11/2/2023 7:30,17.2,"","","","",
M6,4781,11/2/2023 7:35,17.24,"","","","",
M6,4782,11/2/2023 7:40,17.29,"","","","",
M6,4783,11/2/2023 7:45,17.29,"","","","",
M6,4784,11/2/2023 7:50,17.37,"","","","",
M6,4785,11/2/2023 7:55,17.33,"","","","",
M6,4786,11/2/2023 8:00,17.37,"","","","",
M6,4787,11/2/2023 8:05,17.46,"","","","",
M6,4788,11/2/2023 8:10,17.46,"","","","",
M6,4789,11/2/2023 8:15,17.54,"","","","",
M6,4790,11/2/2023 8:20,17.59,"","","","",
M6,4791,11/2/2023 8:25,17.63,"","","","",
M6,4792,11/2/2023 8:30,17.67,"","","","",
M6,4793,11/2/2023 8:35,17.72,"","","","",
M6,4794,11/2/2023 8:40,17.72,"","","","",
M6,4795,11/2/2023 8:45,17.76,"","","","",
M6,4796,11/2/2023 8:50,17.8,"","","","",
M6,4797,11/2/2023 8:55,17.8,"","","","",
M6,4798,11/2/2023 9:00,17.89,"","","","",
M6,4799,11/2/2023 9:05,17.89,"","","","",
M6,4800,11/2/2023 9:10,17.97,"","","","",
M6,4801,11/2/2023 9:15,17.93,"","","","",
M6,4802,11/2/2023 9:20,18.02,"","","","",
M6,4803,11/2/2023 9:25,18.06,"","","","",
M6,4804,11/2/2023 9:30,18.06,"","","","",
M6,4805,11/2/2023 9:35,18.14,"","","","",
M6,4806,11/2/2023 9:40,18.19,"","","","",
M6,4807,11/2/2023 9:45,18.23,"","","","",
M6,4808,11/2/2023 9:50,18.23,"","","","",
M6,4809,11/2/2023 9:55,18.27,"","","","",
M6,4810,11/2/2023 10:00,18.36,"","","","",
M6,4811,11/2/2023 10:05,18.32,"","","","",
M6,4812,11/2/2023 10:10,18.36,"","","","",
M6,4813,11/2/2023 10:15,18.44,"","","","",
M6,4814,11/2/2023 10:20,18.4,"","","","",
M6,4815,11/2/2023 10:25,18.4,"","","","",
M6,4816,11/2/2023 10:30,18.4,"","","","",
M6,4817,11/2/2023 10:35,18.4,"","","","",
M6,4818,11/2/2023 10:40,18.4,"","","","",
M6,4819,11/2/2023 10:45,18.49,"","","","",
M6,4820,11/2/2023 10:50,18.49,"","","","",
M6,4821,11/2/2023 10:55,18.57,"","","","",
M6,4822,11/2/2023 11:00,18.49,"","","","",
M6,4823,11/2/2023 11:05,18.49,"","","","",
M6,4824,11/2/2023 11:10,18.53,"","","","",
M6,4825,11/2/2023 11:15,18.49,"","","","",
M6,4826,11/2/2023 11:20,18.57,"","","","",
M6,4827,11/2/2023 11:25,18.53,"","","","",
M6,4828,11/2/2023 11:30,18.62,"","","","",
M6,4829,11/2/2023 11:35,18.62,"","","","",
M6,4830,11/2/2023 11:40,18.66,"","","","",
M6,4831,11/2/2023 11:45,18.7,"","","","",
M6,4832,11/2/2023 11:50,18.66,"","","","",
M6,4833,11/2/2023 11:55,18.66,"","","","",
M6,4834,11/2/2023 12:00,18.62,"","","","",
M6,4835,11/2/2023 12:05,18.62,"","","","",
M6,4836,11/2/2023 12:10,18.7,"","","","",
M6,4837,11/2/2023 12:15,18.74,"","","","",
M6,4838,11/2/2023 12:20,18.74,"","","","",
M6,4839,11/2/2023 12:25,18.74,"","","","",
M6,4840,11/2/2023 12:30,18.74,"","","","",
M6,4841,11/2/2023 12:35,18.74,"","","","",
M6,4842,11/2/2023 12:40,18.66,"","","","",
M6,4843,11/2/2023 12:45,18.74,"","","","",
M6,4844,11/2/2023 12:50,18.79,"","","","",
M6,4845,11/2/2023 12:55,18.79,"","","","",
M6,4846,11/2/2023 13:00,18.74,"","","","",
M6,4847,11/2/2023 13:05,18.83,"","","","",
M6,4848,11/2/2023 13:10,18.83,"","","","",
M6,4849,11/2/2023 13:15,18.79,"","","","",
M6,4850,11/2/2023 13:20,18.83,"","","","",
M6,4851,11/2/2023 13:25,18.83,"","","","",
M6,4852,11/2/2023 13:30,18.87,"","","","",
M6,4853,11/2/2023 13:35,18.92,"","","","",
M6,4854,11/2/2023 13:40,18.87,"","","","",
M6,4855,11/2/2023 13:45,18.92,"","","","",
M6,4856,11/2/2023 13:50,18.92,"","","","",
M6,4857,11/2/2023 13:55,18.92,"","","","",
M6,4858,11/2/2023 14:00,18.92,"","","","",
M6,4859,11/2/2023 14:05,18.87,"","","","",
M6,4860,11/2/2023 14:10,18.92,"","","","",
M6,4861,11/2/2023 14:15,18.92,"","","","",
M6,4862,11/2/2023 14:20,18.96,"","","","",
M6,4863,11/2/2023 14:25,18.96,"","","","",
M6,4864,11/2/2023 14:30,18.96,"","","","",
M6,4865,11/2/2023 14:35,18.96,"","","","",
M6,4866,11/2/2023 14:40,19,"","","","",
M6,4867,11/2/2023 14:45,18.96,"","","","",
M6,4868,11/2/2023 14:50,19,"","","","",
M6,4869,11/2/2023 14:55,19.05,"","","","",
M6,4870,11/2/2023 15:00,18.96,"","","","",
M6,4871,11/2/2023 15:05,18.96,"","","","",
M6,4872,11/2/2023 15:10,19,"","","","",
M6,4873,11/2/2023 15:15,19.13,"","","","",
M6,4874,11/2/2023 15:20,19.09,"","","","",
M6,4875,11/2/2023 15:25,19.09,"","","","",
M6,4876,11/2/2023 15:30,19.13,"","","","",
M6,4877,11/2/2023 15:35,19.17,"","","","",
M6,4878,11/2/2023 15:40,19.09,"","","","",
M6,4879,11/2/2023 15:45,19.17,"","","","",
M6,4880,11/2/2023 15:50,19.17,"","","","",
M6,4881,11/2/2023 15:55,19.13,"","","","",
M6,4882,11/2/2023 16:00,19.22,"","","","",
M6,4883,11/2/2023 16:05,19.13,"","","","",
M6,4884,11/2/2023 16:10,19.13,"","","","",
M6,4885,11/2/2023 16:15,19.26,"","","","",
M6,4886,11/2/2023 16:20,19.26,"","","","",
M6,4887,11/2/2023 16:25,19.22,"","","","",
M6,4888,11/2/2023 16:30,19.43,"","","","",
M6,4889,11/2/2023 16:35,19.56,"","","","",
M6,4890,11/2/2023 16:40,19.65,"","","","",
M6,4891,11/2/2023 16:45,19.69,"","","","",
