Plot,#,Date-Time (PDT),Ch:1 - Temperature   (°C),Ch:2 - Light   (lux),Button Down,Button Up,Host Connected,End of File
RW2,1,10/3/2023 16:10,23.16,11136,"","","",""
RW2,2,10/3/2023 16:15,24.15,20218.88,"","","",""
RW2,94,10/3/2023 23:55,15.66,0,"","","",""
RW2,95,10/4/2023 0:00,15.91,0,"","","",""
RW2,96,10/4/2023 0:05,16.17,0,"","","",""
RW2,97,10/4/2023 0:10,16.6,0,"","","",""
RW2,98,10/4/2023 0:15,16.69,0,"","","",""
RW2,99,10/4/2023 0:20,17.03,0,"","","",""
RW2,100,10/4/2023 0:25,17.16,0,"","","",""
RW2,101,10/4/2023 0:30,17.59,0,"","","",""
RW2,102,10/4/2023 0:35,17.59,0,"","","",""
RW2,103,10/4/2023 0:40,17.67,0,"","","",""
RW2,104,10/4/2023 0:45,17.72,0,"","","",""
RW2,105,10/4/2023 0:50,17.67,0,"","","",""
RW2,106,10/4/2023 0:55,17.72,0,"","","",""
RW2,107,10/4/2023 1:00,17.76,0,"","","",""
RW2,108,10/4/2023 1:05,17.72,0,"","","",""
RW2,109,10/4/2023 1:10,17.72,0,"","","",""
RW2,110,10/4/2023 1:15,17.72,0,"","","",""
RW2,111,10/4/2023 1:20,17.67,0,"","","",""
RW2,112,10/4/2023 1:25,17.67,0,"","","",""
RW2,113,10/4/2023 1:30,17.67,0,"","","",""
RW2,114,10/4/2023 1:35,17.63,0,"","","",""
RW2,115,10/4/2023 1:40,17.63,0,"","","",""
RW2,116,10/4/2023 1:45,17.59,0,"","","",""
RW2,117,10/4/2023 1:50,17.54,0,"","","",""
RW2,118,10/4/2023 1:55,17.54,0,"","","",""
RW2,119,10/4/2023 2:00,17.46,0,"","","",""
RW2,120,10/4/2023 2:05,17.46,0,"","","",""
RW2,121,10/4/2023 2:10,17.41,0,"","","",""
RW2,122,10/4/2023 2:15,17.46,0,"","","",""
RW2,123,10/4/2023 2:20,17.41,0,"","","",""
RW2,124,10/4/2023 2:25,17.41,0,"","","",""
RW2,125,10/4/2023 2:30,17.41,0,"","","",""
RW2,126,10/4/2023 2:35,17.41,0,"","","",""
RW2,127,10/4/2023 2:40,17.41,0,"","","",""
RW2,128,10/4/2023 2:45,17.41,0,"","","",""
RW2,129,10/4/2023 2:50,17.33,0,"","","",""
RW2,130,10/4/2023 2:55,17.37,0,"","","",""
RW2,131,10/4/2023 3:00,17.33,0,"","","",""
RW2,132,10/4/2023 3:05,17.37,0,"","","",""
RW2,133,10/4/2023 3:10,17.37,0,"","","",""
RW2,134,10/4/2023 3:15,17.33,0,"","","",""
RW2,135,10/4/2023 3:20,17.33,0,"","","",""
RW2,136,10/4/2023 3:25,17.33,0,"","","",""
RW2,137,10/4/2023 3:30,17.29,0,"","","",""
RW2,138,10/4/2023 3:35,17.33,0,"","","",""
RW2,139,10/4/2023 3:40,17.24,0,"","","",""
RW2,140,10/4/2023 3:45,17.24,0,"","","",""
RW2,141,10/4/2023 3:50,17.24,0,"","","",""
RW2,142,10/4/2023 3:55,17.24,0,"","","",""
RW2,143,10/4/2023 4:00,17.24,0,"","","",""
RW2,144,10/4/2023 4:05,17.24,0,"","","",""
RW2,145,10/4/2023 4:10,17.16,0,"","","",""
RW2,146,10/4/2023 4:15,17.2,0,"","","",""
RW2,147,10/4/2023 4:20,17.24,0,"","","",""
RW2,148,10/4/2023 4:25,17.16,0,"","","",""
RW2,149,10/4/2023 4:30,17.2,0,"","","",""
RW2,150,10/4/2023 4:35,17.2,0,"","","",""
RW2,151,10/4/2023 4:40,17.16,0,"","","",""
RW2,152,10/4/2023 4:45,17.2,0,"","","",""
RW2,153,10/4/2023 4:50,17.2,0,"","","",""
RW2,154,10/4/2023 4:55,17.16,0,"","","",""
RW2,155,10/4/2023 5:00,17.16,0,"","","",""
RW2,156,10/4/2023 5:05,17.16,0,"","","",""
RW2,157,10/4/2023 5:10,17.03,0,"","","",""
RW2,158,10/4/2023 5:15,17.07,0,"","","",""
RW2,159,10/4/2023 5:20,17.03,0,"","","",""
RW2,160,10/4/2023 5:25,16.99,0,"","","",""
RW2,161,10/4/2023 5:30,17.03,0,"","","",""
RW2,162,10/4/2023 5:35,16.99,0,"","","",""
RW2,163,10/4/2023 5:40,16.94,0,"","","",""
RW2,164,10/4/2023 5:45,17.07,0,"","","",""
RW2,165,10/4/2023 5:50,16.81,0,"","","",""
RW2,166,10/4/2023 5:55,16.64,0,"","","",""
RW2,167,10/4/2023 6:00,16.9,0,"","","",""
RW2,168,10/4/2023 6:05,16.77,0,"","","",""
RW2,169,10/4/2023 6:10,16.99,0,"","","",""
RW2,170,10/4/2023 6:15,16.9,0.22,"","","",""
RW2,171,10/4/2023 6:20,16.77,1.1,"","","",""
RW2,172,10/4/2023 6:25,16.94,0,"","","",""
RW2,173,10/4/2023 6:30,16.94,7.97,"","","",""
RW2,174,10/4/2023 6:35,17.07,0.44,"","","",""
RW2,175,10/4/2023 6:40,16.99,65,"","","",""
RW2,176,10/4/2023 6:45,16.94,4.43,"","","",""
RW2,177,10/4/2023 6:50,16.9,1.55,"","","",""
RW2,178,10/4/2023 6:55,16.99,4.9,"","","",""
RW2,179,10/4/2023 7:00,16.9,6.97,"","","",""
RW2,180,10/4/2023 7:05,16.99,24.81,"","","",""
RW2,181,10/4/2023 7:10,17.16,3403.52,"","","",""
RW2,182,10/4/2023 7:15,17.07,792.96,"","","",""
RW2,183,10/4/2023 7:20,17.07,98.68,"","","",""
RW2,184,10/4/2023 7:25,17.03,423.52,"","","",""
RW2,185,10/4/2023 7:30,17.16,12.68,"","","",""
RW2,186,10/4/2023 7:35,17.16,126.04,"","","",""
RW2,187,10/4/2023 7:40,17.2,529.76,"","","",""
RW2,188,10/4/2023 7:45,17.16,1269.44,"","","",""
RW2,189,10/4/2023 7:50,17.11,37.99,"","","",""
RW2,190,10/4/2023 7:55,17.2,3060.48,"","","",""
RW2,191,10/4/2023 8:00,17.2,1312.64,"","","",""
RW2,192,10/4/2023 8:05,17.2,33,"","","",""
RW2,193,10/4/2023 8:10,17.29,2448.64,"","","",""
RW2,194,10/4/2023 8:15,17.24,103.76,"","","",""
RW2,195,10/4/2023 8:20,17.2,28.52,"","","",""
RW2,196,10/4/2023 8:25,17.29,2131.84,"","","",""
RW2,197,10/4/2023 8:30,17.37,634.4,"","","",""
RW2,198,10/4/2023 8:35,17.29,707.52,"","","",""
RW2,199,10/4/2023 8:40,17.37,954.88,"","","",""
RW2,200,10/4/2023 8:45,17.37,111.28,"","","",""
RW2,201,10/4/2023 8:50,17.37,41.2,"","","",""
RW2,202,10/4/2023 8:55,17.37,688.64,"","","",""
RW2,203,10/4/2023 9:00,17.37,53.04,"","","",""
RW2,204,10/4/2023 9:05,17.41,174.08,"","","",""
RW2,205,10/4/2023 9:10,17.46,690.88,"","","",""
RW2,206,10/4/2023 9:15,17.54,6919.68,"","","",""
RW2,207,10/4/2023 9:20,17.54,1913.6,"","","",""
RW2,208,10/4/2023 9:25,17.54,552.8,"","","",""
RW2,209,10/4/2023 9:30,17.54,503.2,"","","",""
RW2,210,10/4/2023 9:35,17.63,4652.8,"","","",""
RW2,211,10/4/2023 9:40,17.63,467.84,"","","",""
RW2,212,10/4/2023 9:45,17.67,2227.2,"","","",""
RW2,213,10/4/2023 9:50,17.67,153.84,"","","",""
RW2,214,10/4/2023 9:55,17.67,145.76,"","","",""
RW2,215,10/4/2023 10:00,17.76,116.72,"","","",""
RW2,216,10/4/2023 10:05,17.76,442.56,"","","",""
RW2,217,10/4/2023 10:10,17.76,56.7,"","","",""
RW2,218,10/4/2023 10:15,17.8,1007.36,"","","",""
RW2,219,10/4/2023 10:20,17.76,10920.96,"","","",""
RW2,220,10/4/2023 10:25,17.76,4.87,"","","",""
RW2,221,10/4/2023 10:30,17.76,6005.76,"","","",""
RW2,222,10/4/2023 10:35,17.84,4369.92,"","","",""
RW2,223,10/4/2023 10:40,17.93,34.16,"","","",""
RW2,224,10/4/2023 10:45,17.89,192.88,"","","",""
RW2,225,10/4/2023 10:50,17.93,2193.92,"","","",""
RW2,226,10/4/2023 10:55,17.97,14.42,"","","",""
RW2,227,10/4/2023 11:00,17.97,164.08,"","","",""
RW2,228,10/4/2023 11:05,17.97,29.24,"","","",""
RW2,229,10/4/2023 11:10,18.02,2517.76,"","","",""
RW2,230,10/4/2023 11:15,17.97,227.76,"","","",""
RW2,231,10/4/2023 11:20,18.06,500.16,"","","",""
RW2,232,10/4/2023 11:25,18.14,602.88,"","","",""
RW2,233,10/4/2023 11:30,18.1,212.64,"","","",""
RW2,234,10/4/2023 11:35,18.14,294.72,"","","",""
RW2,235,10/4/2023 11:40,18.14,464.16,"","","",""
RW2,236,10/4/2023 11:45,18.19,8307.2,"","","",""
RW2,237,10/4/2023 11:50,18.19,11627.52,"","","",""
RW2,238,10/4/2023 11:55,18.23,26.58,"","","",""
RW2,239,10/4/2023 12:00,18.27,116.72,"","","",""
RW2,240,10/4/2023 12:05,18.36,184.24,"","","",""
RW2,241,10/4/2023 12:10,18.4,44.46,"","","",""
RW2,242,10/4/2023 12:15,18.36,1878.4,"","","",""
RW2,243,10/4/2023 12:20,18.32,68.56,"","","",""
RW2,244,10/4/2023 12:25,18.4,15.94,"","","",""
RW2,245,10/4/2023 12:30,18.44,1043.52,"","","",""
RW2,246,10/4/2023 12:35,18.49,2781.44,"","","",""
RW2,247,10/4/2023 12:40,18.53,19.71,"","","",""
RW2,248,10/4/2023 12:45,18.57,10.68,"","","",""
RW2,249,10/4/2023 12:50,18.57,121.48,"","","",""
RW2,250,10/4/2023 12:55,18.66,504.48,"","","",""
RW2,251,10/4/2023 13:00,18.66,182.4,"","","",""
RW2,252,10/4/2023 13:05,18.66,15.94,"","","",""
RW2,253,10/4/2023 13:10,18.7,1160.64,"","","",""
RW2,254,10/4/2023 13:15,18.66,3781.12,"","","",""
RW2,255,10/4/2023 13:20,18.74,595.84,"","","",""
RW2,256,10/4/2023 13:25,18.7,6.64,"","","",""
RW2,257,10/4/2023 13:30,18.74,38.1,"","","",""
RW2,258,10/4/2023 13:35,18.74,47.06,"","","",""
RW2,259,10/4/2023 13:40,18.79,1304,"","","",""
RW2,260,10/4/2023 13:45,18.83,179.2,"","","",""
RW2,261,10/4/2023 13:50,18.79,718.4,"","","",""
RW2,262,10/4/2023 13:55,18.83,115.84,"","","",""
RW2,263,10/4/2023 14:00,18.83,317.6,"","","",""
RW2,264,10/4/2023 14:05,18.83,253.12,"","","",""
RW2,265,10/4/2023 14:10,18.96,188.24,"","","",""
RW2,266,10/4/2023 14:15,18.92,211.92,"","","",""
RW2,267,10/4/2023 14:20,18.92,148.08,"","","",""
RW2,268,10/4/2023 14:25,18.92,123.8,"","","",""
RW2,269,10/4/2023 14:30,19.05,1971.84,"","","",""
RW2,270,10/4/2023 14:35,19.05,760,"","","",""
RW2,271,10/4/2023 14:40,19.09,2158.08,"","","",""
RW2,272,10/4/2023 14:45,19,902.72,"","","",""
RW2,273,10/4/2023 14:50,19.13,733.44,"","","",""
RW2,274,10/4/2023 14:55,19.09,17.14,"","","",""
RW2,275,10/4/2023 15:00,19.17,31.17,"","","",""
RW2,276,10/4/2023 15:05,19.13,134.68,"","","",""
RW2,277,10/4/2023 15:10,19.13,22.09,"","","",""
RW2,278,10/4/2023 15:15,19.17,488.64,"","","",""
RW2,279,10/4/2023 15:20,19.13,10.07,"","","",""
RW2,280,10/4/2023 15:25,19.22,6666.24,"","","",""
RW2,281,10/4/2023 15:30,19.17,894.72,"","","",""
RW2,282,10/4/2023 15:35,19.26,4404.48,"","","",""
RW2,283,10/4/2023 15:40,19.22,91.56,"","","",""
RW2,284,10/4/2023 15:45,19.22,5388.8,"","","",""
RW2,285,10/4/2023 15:50,19.17,343.2,"","","",""
RW2,286,10/4/2023 15:55,19.22,1770.24,"","","",""
RW2,287,10/4/2023 16:00,19.17,905.28,"","","",""
RW2,288,10/4/2023 16:05,19.22,575.84,"","","",""
RW2,289,10/4/2023 16:10,19.26,33.56,"","","",""
RW2,290,10/4/2023 16:15,19.26,34.94,"","","",""
RW2,291,10/4/2023 16:20,19.17,99.32,"","","",""
RW2,292,10/4/2023 16:25,19.22,43.08,"","","",""
RW2,293,10/4/2023 16:30,19.26,468.16,"","","",""
RW2,294,10/4/2023 16:35,19.35,258.72,"","","",""
RW2,295,10/4/2023 16:40,19.3,12794.88,"","","",""
RW2,296,10/4/2023 16:45,19.56,2813.44,"","","",""
RW2,297,10/4/2023 16:50,20.03,5383.68,"","","",""
RW2,298,10/4/2023 16:55,19.6,1468.16,"","","",""
RW2,299,10/4/2023 17:00,19.26,22.53,"","","",""
RW2,300,10/4/2023 17:05,19.13,16.22,"","","",""
RW2,301,10/4/2023 17:10,19.09,15.22,"","","",""
RW2,302,10/4/2023 17:15,19.09,14.39,"","","",""
RW2,405,10/5/2023 1:50,16.51,0,"","","",""
RW2,406,10/5/2023 1:55,16.51,0,"","","",""
RW2,407,10/5/2023 2:00,16.39,0,"","","",""
RW2,408,10/5/2023 2:05,16.64,0,"","","",""
RW2,409,10/5/2023 2:10,16.86,0,"","","",""
RW2,410,10/5/2023 2:15,16.51,0,"","","",""
RW2,411,10/5/2023 2:20,16.56,0,"","","",""
RW2,412,10/5/2023 2:25,16.86,0,"","","",""
RW2,413,10/5/2023 2:30,16.99,0,"","","",""
RW2,414,10/5/2023 2:35,16.56,0,"","","",""
RW2,415,10/5/2023 2:40,16.73,0,"","","",""
RW2,416,10/5/2023 2:45,17.24,0,"","","",""
RW2,417,10/5/2023 2:50,17.29,0,"","","",""
RW2,418,10/5/2023 2:55,17.24,0,"","","",""
RW2,419,10/5/2023 3:00,17.33,0,"","","",""
RW2,420,10/5/2023 3:05,17.29,0,"","","",""
RW2,421,10/5/2023 3:10,17.29,0,"","","",""
RW2,422,10/5/2023 3:15,17.29,0,"","","",""
RW2,423,10/5/2023 3:20,17.24,0,"","","",""
RW2,424,10/5/2023 3:25,17.33,0,"","","",""
RW2,425,10/5/2023 3:30,17.24,0,"","","",""
RW2,426,10/5/2023 3:35,17.24,0,"","","",""
RW2,427,10/5/2023 3:40,17.2,0,"","","",""
RW2,428,10/5/2023 3:45,17.2,0,"","","",""
RW2,429,10/5/2023 3:50,17.2,0,"","","",""
RW2,430,10/5/2023 3:55,17.2,0,"","","",""
RW2,431,10/5/2023 4:00,17.2,0,"","","",""
RW2,432,10/5/2023 4:05,17.16,0,"","","",""
RW2,433,10/5/2023 4:10,17.16,0,"","","",""
RW2,434,10/5/2023 4:15,17.11,0,"","","",""
RW2,435,10/5/2023 4:20,17.11,0,"","","",""
RW2,436,10/5/2023 4:25,17.11,0,"","","",""
RW2,437,10/5/2023 4:30,17.11,0,"","","",""
RW2,438,10/5/2023 4:35,17.11,0,"","","",""
RW2,439,10/5/2023 4:40,17.07,0,"","","",""
RW2,440,10/5/2023 4:45,17.07,0,"","","",""
RW2,441,10/5/2023 4:50,17.07,0,"","","",""
RW2,442,10/5/2023 4:55,17.07,0,"","","",""
RW2,443,10/5/2023 5:00,17.07,0,"","","",""
RW2,444,10/5/2023 5:05,17.07,0,"","","",""
RW2,445,10/5/2023 5:10,17.03,0,"","","",""
RW2,446,10/5/2023 5:15,17.07,0,"","","",""
RW2,447,10/5/2023 5:20,17.07,0,"","","",""
RW2,448,10/5/2023 5:25,17.11,0,"","","",""
RW2,449,10/5/2023 5:30,17.07,0,"","","",""
RW2,450,10/5/2023 5:35,17.03,0,"","","",""
RW2,451,10/5/2023 5:40,17.07,0,"","","",""
RW2,452,10/5/2023 5:45,17.03,0,"","","",""
RW2,453,10/5/2023 5:50,17.03,0,"","","",""
RW2,454,10/5/2023 5:55,17.03,0,"","","",""
RW2,455,10/5/2023 6:00,17.03,0,"","","",""
RW2,456,10/5/2023 6:05,16.99,0,"","","",""
RW2,457,10/5/2023 6:10,17.03,0,"","","",""
RW2,458,10/5/2023 6:15,17.07,0,"","","",""
RW2,459,10/5/2023 6:20,17.07,0,"","","",""
RW2,460,10/5/2023 6:25,17.07,0.22,"","","",""
RW2,461,10/5/2023 6:30,17.07,0.22,"","","",""
RW2,462,10/5/2023 6:35,17.03,0.44,"","","",""
RW2,463,10/5/2023 6:40,17.03,8.19,"","","",""
RW2,464,10/5/2023 6:45,16.99,0.44,"","","",""
RW2,465,10/5/2023 6:50,17.03,1.77,"","","",""
RW2,466,10/5/2023 6:55,17.03,441.12,"","","",""
RW2,467,10/5/2023 7:00,17.03,50.56,"","","",""
RW2,468,10/5/2023 7:05,17.03,3.32,"","","",""
RW2,469,10/5/2023 7:10,17.03,548.48,"","","",""
RW2,470,10/5/2023 7:15,17.11,17.05,"","","",""
RW2,471,10/5/2023 7:20,17.11,811.52,"","","",""
RW2,472,10/5/2023 7:25,17.11,1243.84,"","","",""
RW2,473,10/5/2023 7:30,17.2,4433.92,"","","",""
RW2,474,10/5/2023 7:35,17.2,959.36,"","","",""
RW2,475,10/5/2023 7:40,17.16,327.12,"","","",""
RW2,476,10/5/2023 7:45,17.29,749.76,"","","",""
RW2,477,10/5/2023 7:50,17.2,640.96,"","","",""
RW2,478,10/5/2023 7:55,17.24,2383.36,"","","",""
RW2,479,10/5/2023 8:00,17.24,30.9,"","","",""
RW2,480,10/5/2023 8:05,17.24,18.49,"","","",""
RW2,481,10/5/2023 8:10,17.33,904.64,"","","",""
RW2,482,10/5/2023 8:15,17.24,134.04,"","","",""
RW2,483,10/5/2023 8:20,17.37,13102.08,"","","",""
RW2,484,10/5/2023 8:25,17.54,1142.08,"","","",""
RW2,485,10/5/2023 8:30,17.41,1016.96,"","","",""
RW2,486,10/5/2023 8:35,17.41,1749.12,"","","",""
RW2,487,10/5/2023 8:40,17.5,5039.36,"","","",""
RW2,488,10/5/2023 8:45,17.54,92.24,"","","",""
RW2,489,10/5/2023 8:50,17.59,5831.68,"","","",""
RW2,490,10/5/2023 8:55,17.46,16102.4,"","","",""
RW2,491,10/5/2023 9:00,17.59,193.6,"","","",""
RW2,492,10/5/2023 9:05,17.59,339.68,"","","",""
RW2,493,10/5/2023 9:10,17.72,377.6,"","","",""
RW2,494,10/5/2023 9:15,17.76,332.8,"","","",""
RW2,495,10/5/2023 9:20,17.67,130.68,"","","",""
RW2,496,10/5/2023 9:25,17.72,15.34,"","","",""
RW2,497,10/5/2023 9:30,17.76,185.04,"","","",""
RW2,498,10/5/2023 9:35,17.84,2243.2,"","","",""
RW2,499,10/5/2023 9:40,17.84,3628.8,"","","",""
RW2,500,10/5/2023 9:45,17.84,196.24,"","","",""
RW2,501,10/5/2023 9:50,17.89,145.96,"","","",""
RW2,502,10/5/2023 9:55,17.97,57.04,"","","",""
RW2,503,10/5/2023 10:00,17.8,515.84,"","","",""
RW2,504,10/5/2023 10:05,17.84,209.04,"","","",""
RW2,505,10/5/2023 10:10,17.89,3805.44,"","","",""
RW2,506,10/5/2023 10:15,17.93,479.68,"","","",""
RW2,507,10/5/2023 10:20,18.1,7633.92,"","","",""
RW2,508,10/5/2023 10:25,18.02,51.06,"","","",""
RW2,509,10/5/2023 10:30,18.06,7767.04,"","","",""
RW2,510,10/5/2023 10:35,18.1,1720.32,"","","",""
RW2,511,10/5/2023 10:40,18.06,151.96,"","","",""
RW2,512,10/5/2023 10:45,18.1,273.28,"","","",""
RW2,513,10/5/2023 10:50,18.14,2762.24,"","","",""
RW2,514,10/5/2023 10:55,18.19,2831.36,"","","",""
RW2,515,10/5/2023 11:00,18.14,77.96,"","","",""
RW2,516,10/5/2023 11:05,18.27,192.24,"","","",""
RW2,517,10/5/2023 11:10,18.19,572.32,"","","",""
RW2,518,10/5/2023 11:15,18.19,650.24,"","","",""
RW2,519,10/5/2023 11:20,18.19,4602.88,"","","",""
RW2,520,10/5/2023 11:25,18.23,417.76,"","","",""
RW2,521,10/5/2023 11:30,18.23,397.12,"","","",""
RW2,522,10/5/2023 11:35,18.32,156.36,"","","",""
RW2,523,10/5/2023 11:40,18.32,6466.56,"","","",""
RW2,524,10/5/2023 11:45,18.4,73.32,"","","",""
RW2,525,10/5/2023 11:50,18.4,587.36,"","","",""
RW2,526,10/5/2023 11:55,18.4,2319.36,"","","",""
RW2,527,10/5/2023 12:00,18.44,4536.32,"","","",""
RW2,528,10/5/2023 12:05,18.44,196,"","","",""
RW2,529,10/5/2023 12:10,18.49,186.24,"","","",""
RW2,530,10/5/2023 12:15,18.53,1084.48,"","","",""
RW2,531,10/5/2023 12:20,18.53,12892.16,"","","",""
RW2,532,10/5/2023 12:25,18.62,850.56,"","","",""
RW2,533,10/5/2023 12:30,18.57,101.64,"","","",""
RW2,534,10/5/2023 12:35,18.66,62.56,"","","",""
RW2,535,10/5/2023 12:40,18.7,5811.2,"","","",""
RW2,536,10/5/2023 12:45,18.66,698.56,"","","",""
RW2,537,10/5/2023 12:50,18.7,26.08,"","","",""
RW2,538,10/5/2023 12:55,18.66,70,"","","",""
RW2,539,10/5/2023 13:00,18.7,51.38,"","","",""
RW2,540,10/5/2023 13:05,18.83,224.56,"","","",""
RW2,541,10/5/2023 13:10,18.74,29.18,"","","",""
RW2,542,10/5/2023 13:15,18.87,523.52,"","","",""
RW2,543,10/5/2023 13:20,18.83,748.16,"","","",""
RW2,544,10/5/2023 13:25,18.92,451.2,"","","",""
RW2,545,10/5/2023 13:30,18.87,101.88,"","","",""
RW2,546,10/5/2023 13:35,18.92,173.6,"","","",""
RW2,547,10/5/2023 13:40,18.96,2365.44,"","","",""
RW2,548,10/5/2023 13:45,19.13,173.84,"","","",""
RW2,549,10/5/2023 13:50,19.05,5155.84,"","","",""
RW2,550,10/5/2023 13:55,19.05,90.12,"","","",""
RW2,551,10/5/2023 14:00,19.22,999.36,"","","",""
RW2,552,10/5/2023 14:05,19.17,100.68,"","","",""
RW2,553,10/5/2023 14:10,19.22,69.28,"","","",""
RW2,554,10/5/2023 14:15,19.22,3927.04,"","","",""
RW2,555,10/5/2023 14:20,19.3,139.52,"","","",""
RW2,556,10/5/2023 14:25,19.3,284.4,"","","",""
RW2,557,10/5/2023 14:30,19.3,5021.44,"","","",""
RW2,558,10/5/2023 14:35,19.35,113.72,"","","",""
RW2,559,10/5/2023 14:40,19.39,175.44,"","","",""
RW2,560,10/5/2023 14:45,19.3,7838.72,"","","",""
RW2,561,10/5/2023 14:50,19.3,1000.32,"","","",""
RW2,562,10/5/2023 14:55,19.3,3600.64,"","","",""
RW2,563,10/5/2023 15:00,19.39,2218.24,"","","",""
RW2,564,10/5/2023 15:05,19.47,26.8,"","","",""
RW2,565,10/5/2023 15:10,19.47,1826.56,"","","",""
RW2,566,10/5/2023 15:15,19.39,39.09,"","","",""
RW2,567,10/5/2023 15:20,19.43,44.84,"","","",""
RW2,568,10/5/2023 15:25,19.39,39.87,"","","",""
RW2,569,10/5/2023 15:30,19.47,3864.32,"","","",""
RW2,570,10/5/2023 15:35,19.43,876.16,"","","",""
RW2,571,10/5/2023 15:40,19.43,36.32,"","","",""
RW2,572,10/5/2023 15:45,19.43,271.12,"","","",""
RW2,573,10/5/2023 15:50,19.47,6108.16,"","","",""
RW2,574,10/5/2023 15:55,19.47,332,"","","",""
RW2,575,10/5/2023 16:00,19.52,2001.92,"","","",""
RW2,576,10/5/2023 16:05,19.47,1312.64,"","","",""
RW2,577,10/5/2023 16:10,19.47,1051.2,"","","",""
RW2,578,10/5/2023 16:15,19.52,54.98,"","","",""
RW2,579,10/5/2023 16:20,19.56,21.21,"","","",""
RW2,580,10/5/2023 16:25,19.56,40.64,"","","",""
RW2,581,10/5/2023 16:30,19.56,44.9,"","","",""
RW2,582,10/5/2023 16:35,19.56,38.87,"","","",""
RW2,583,10/5/2023 16:40,19.47,56.48,"","","",""
RW2,584,10/5/2023 16:45,19.47,8768,"","","",""
RW2,585,10/5/2023 16:50,19.56,564.8,"","","",""
RW2,586,10/5/2023 16:55,19.52,1892.48,"","","",""
RW2,587,10/5/2023 17:00,19.52,466.4,"","","",""
RW2,588,10/5/2023 17:05,19.47,930.56,"","","",""
RW2,589,10/5/2023 17:10,19.47,1786.24,"","","",""
RW2,590,10/5/2023 17:15,19.47,1447.68,"","","",""
RW2,591,10/5/2023 17:20,19.47,642.4,"","","",""
RW2,592,10/5/2023 17:25,19.43,10.46,"","","",""
RW2,593,10/5/2023 17:30,19.39,696.32,"","","",""
RW2,594,10/5/2023 17:35,19.35,1033.92,"","","",""
RW2,595,10/5/2023 17:40,19.3,493.92,"","","",""
RW2,596,10/5/2023 17:45,19.22,2142.08,"","","",""
RW2,597,10/5/2023 17:50,19.13,157.36,"","","",""
RW2,598,10/5/2023 17:55,19,60.24,"","","",""
RW2,599,10/5/2023 18:00,18.79,911.68,"","","",""
RW2,600,10/5/2023 18:05,18.53,2154.88,"","","",""
RW2,601,10/5/2023 18:10,18.62,199.36,"","","",""
RW2,602,10/5/2023 18:15,18.1,1351.68,"","","",""
RW2,603,10/5/2023 18:20,17.89,1017.92,"","","",""
RW2,604,10/5/2023 18:25,18.14,714.56,"","","",""
RW2,709,10/6/2023 3:10,16.51,0,"","","",""
RW2,710,10/6/2023 3:15,16.51,0,"","","",""
RW2,711,10/6/2023 3:20,16.51,0,"","","",""
RW2,712,10/6/2023 3:25,16.47,0,"","","",""
RW2,713,10/6/2023 3:30,16.43,0,"","","",""
RW2,714,10/6/2023 3:35,16.51,0,"","","",""
RW2,715,10/6/2023 3:40,16.47,0,"","","",""
RW2,716,10/6/2023 3:45,16.43,0,"","","",""
RW2,717,10/6/2023 3:50,16.39,0,"","","",""
RW2,718,10/6/2023 3:55,16.34,0,"","","",""
RW2,719,10/6/2023 4:00,16.34,0,"","","",""
RW2,720,10/6/2023 4:05,16.26,0,"","","",""
RW2,721,10/6/2023 4:10,16.26,0,"","","",""
RW2,722,10/6/2023 4:15,16.21,0,"","","",""
RW2,723,10/6/2023 4:20,16.17,0,"","","",""
RW2,724,10/6/2023 4:25,16.21,0,"","","",""
RW2,725,10/6/2023 4:30,16.17,0,"","","",""
RW2,726,10/6/2023 4:35,16.17,0,"","","",""
RW2,727,10/6/2023 4:40,16.13,0,"","","",""
RW2,728,10/6/2023 4:45,16.08,0,"","","",""
RW2,729,10/6/2023 4:50,16.08,0,"","","",""
RW2,730,10/6/2023 4:55,16.04,0,"","","",""
RW2,731,10/6/2023 5:00,16,0,"","","",""
RW2,732,10/6/2023 5:05,16.04,0,"","","",""
RW2,733,10/6/2023 5:10,16,0,"","","",""
RW2,734,10/6/2023 5:15,16,0,"","","",""
RW2,735,10/6/2023 5:20,16.04,0,"","","",""
RW2,736,10/6/2023 5:25,15.96,0,"","","",""
RW2,737,10/6/2023 5:30,16,0,"","","",""
RW2,738,10/6/2023 5:35,15.91,0,"","","",""
RW2,739,10/6/2023 5:40,15.91,0,"","","",""
RW2,740,10/6/2023 5:45,15.91,0,"","","",""
RW2,741,10/6/2023 5:50,15.91,0,"","","",""
RW2,742,10/6/2023 5:55,15.91,0,"","","",""
RW2,743,10/6/2023 6:00,15.87,0,"","","",""
RW2,744,10/6/2023 6:05,15.87,0,"","","",""
RW2,745,10/6/2023 6:10,15.91,0,"","","",""
RW2,746,10/6/2023 6:15,15.87,0,"","","",""
RW2,747,10/6/2023 6:20,15.91,0,"","","",""
RW2,748,10/6/2023 6:25,15.91,0,"","","",""
RW2,749,10/6/2023 6:30,15.87,0,"","","",""
RW2,750,10/6/2023 6:35,15.87,5.53,"","","",""
RW2,751,10/6/2023 6:40,15.91,1.1,"","","",""
RW2,752,10/6/2023 6:45,15.87,0,"","","",""
RW2,753,10/6/2023 6:50,15.91,13.73,"","","",""
RW2,754,10/6/2023 6:55,15.87,6.89,"","","",""
RW2,755,10/6/2023 7:00,15.87,282.64,"","","",""
RW2,756,10/6/2023 7:05,15.87,9.41,"","","",""
RW2,757,10/6/2023 7:10,15.87,76.96,"","","",""
RW2,758,10/6/2023 7:15,15.91,9.22,"","","",""
RW2,759,10/6/2023 7:20,15.87,9.24,"","","",""
RW2,760,10/6/2023 7:25,15.87,4.45,"","","",""
RW2,761,10/6/2023 7:30,15.91,934.72,"","","",""
RW2,762,10/6/2023 7:35,15.96,23.92,"","","",""
RW2,763,10/6/2023 7:40,15.96,275.12,"","","",""
RW2,764,10/6/2023 7:45,16,4.67,"","","",""
RW2,765,10/6/2023 7:50,16,12.68,"","","",""
RW2,766,10/6/2023 7:55,16.08,7.19,"","","",""
RW2,767,10/6/2023 8:00,16.08,28.07,"","","",""
RW2,768,10/6/2023 8:05,16.08,214.8,"","","",""
RW2,769,10/6/2023 8:10,16.13,428.32,"","","",""
RW2,770,10/6/2023 8:15,16.17,19.43,"","","",""
RW2,771,10/6/2023 8:20,16.21,11560.96,"","","",""
RW2,772,10/6/2023 8:25,16.26,10.41,"","","",""
RW2,773,10/6/2023 8:30,16.3,38.15,"","","",""
RW2,774,10/6/2023 8:35,16.3,279.84,"","","",""
RW2,775,10/6/2023 8:40,16.34,725.12,"","","",""
RW2,776,10/6/2023 8:45,16.34,343.2,"","","",""
RW2,777,10/6/2023 8:50,16.47,9510.4,"","","",""
RW2,778,10/6/2023 8:55,16.47,177.2,"","","",""
RW2,779,10/6/2023 9:00,16.47,54.32,"","","",""
RW2,780,10/6/2023 9:05,16.56,478.24,"","","",""
RW2,781,10/6/2023 9:10,16.6,2078.72,"","","",""
RW2,782,10/6/2023 9:15,16.6,181.2,"","","",""
RW2,783,10/6/2023 9:20,16.6,41.8,"","","",""
RW2,784,10/6/2023 9:25,16.81,16542.72,"","","",""
RW2,785,10/6/2023 9:30,16.81,6343.68,"","","",""
RW2,786,10/6/2023 9:35,16.77,1241.28,"","","",""
RW2,787,10/6/2023 9:40,16.86,2976,"","","",""
RW2,788,10/6/2023 9:45,16.94,190.8,"","","",""
RW2,789,10/6/2023 9:50,16.9,39.65,"","","",""
RW2,790,10/6/2023 9:55,16.9,1575.04,"","","",""
RW2,791,10/6/2023 10:00,17.03,1971.84,"","","",""
RW2,792,10/6/2023 10:05,17.11,635.84,"","","",""
RW2,793,10/6/2023 10:10,16.94,204.88,"","","",""
RW2,794,10/6/2023 10:15,17.07,6133.76,"","","",""
RW2,795,10/6/2023 10:20,17.07,23.48,"","","",""
RW2,796,10/6/2023 10:25,17.16,4890.88,"","","",""
RW2,797,10/6/2023 10:30,17.11,141.92,"","","",""
RW2,798,10/6/2023 10:35,17.2,260.24,"","","",""
RW2,799,10/6/2023 10:40,17.29,79.52,"","","",""
RW2,800,10/6/2023 10:45,17.29,1740.16,"","","",""
RW2,801,10/6/2023 10:50,17.37,627.68,"","","",""
RW2,802,10/6/2023 10:55,17.41,89.36,"","","",""
RW2,803,10/6/2023 11:00,17.5,151.4,"","","",""
RW2,804,10/6/2023 11:05,17.46,8916.48,"","","",""
RW2,805,10/6/2023 11:10,17.5,322.96,"","","",""
RW2,806,10/6/2023 11:15,17.59,1717.76,"","","",""
RW2,807,10/6/2023 11:20,17.59,1308.48,"","","",""
RW2,808,10/6/2023 11:25,17.54,51.88,"","","",""
RW2,809,10/6/2023 11:30,17.72,1250.88,"","","",""
RW2,810,10/6/2023 11:35,17.72,39.37,"","","",""
RW2,811,10/6/2023 11:40,17.76,53.98,"","","",""
RW2,812,10/6/2023 11:45,17.8,571.52,"","","",""
RW2,813,10/6/2023 11:50,17.8,24965.12,"","","",""
RW2,814,10/6/2023 11:55,17.89,1083.52,"","","",""
RW2,815,10/6/2023 12:00,17.84,13670.4,"","","",""
RW2,816,10/6/2023 12:05,17.84,116.48,"","","",""
RW2,817,10/6/2023 12:10,18.02,2085.76,"","","",""
RW2,818,10/6/2023 12:15,18.02,745.6,"","","",""
RW2,819,10/6/2023 12:20,17.97,487.2,"","","",""
RW2,820,10/6/2023 12:25,18.02,114.72,"","","",""
RW2,821,10/6/2023 12:30,18.06,44.18,"","","",""
RW2,822,10/6/2023 12:35,18.06,1917.44,"","","",""
RW2,823,10/6/2023 12:40,18.14,13148.16,"","","",""
RW2,824,10/6/2023 12:45,18.23,28160,"","","",""
RW2,825,10/6/2023 12:50,18.27,8440.32,"","","",""
RW2,826,10/6/2023 12:55,18.27,113.16,"","","",""
RW2,827,10/6/2023 13:00,18.32,567.04,"","","",""
RW2,828,10/6/2023 13:05,18.32,143.52,"","","",""
RW2,829,10/6/2023 13:10,18.36,21.65,"","","",""
RW2,830,10/6/2023 13:15,18.27,147.96,"","","",""
RW2,831,10/6/2023 13:20,18.36,1097.28,"","","",""
RW2,832,10/6/2023 13:25,18.36,267.36,"","","",""
RW2,833,10/6/2023 13:30,18.36,208.64,"","","",""
RW2,834,10/6/2023 13:35,18.36,352.16,"","","",""
RW2,835,10/6/2023 13:40,18.44,7321.6,"","","",""
RW2,836,10/6/2023 13:45,18.44,1945.6,"","","",""
RW2,837,10/6/2023 13:50,18.53,544.8,"","","",""
RW2,838,10/6/2023 13:55,18.49,849.92,"","","",""
RW2,839,10/6/2023 14:00,18.53,49.16,"","","",""
RW2,840,10/6/2023 14:05,18.53,107.4,"","","",""
RW2,841,10/6/2023 14:10,18.57,1899.52,"","","",""
RW2,842,10/6/2023 14:15,18.74,14551.04,"","","",""
RW2,843,10/6/2023 14:20,18.7,7.36,"","","",""
RW2,844,10/6/2023 14:25,18.66,817.28,"","","",""
RW2,845,10/6/2023 14:30,18.7,160.36,"","","",""
RW2,846,10/6/2023 14:35,18.79,3791.36,"","","",""
RW2,847,10/6/2023 14:40,18.83,1849.6,"","","",""
RW2,848,10/6/2023 14:45,18.83,8576,"","","",""
RW2,849,10/6/2023 14:50,18.79,3799.04,"","","",""
RW2,850,10/6/2023 14:55,18.79,1573.12,"","","",""
RW2,851,10/6/2023 15:00,18.87,2053.76,"","","",""
RW2,852,10/6/2023 15:05,18.92,4372.48,"","","",""
RW2,853,10/6/2023 15:10,18.83,44.18,"","","",""
RW2,854,10/6/2023 15:15,18.92,4163.84,"","","",""
RW2,855,10/6/2023 15:20,19,308.96,"","","",""
RW2,856,10/6/2023 15:25,19.05,78.3,"","","",""
RW2,857,10/6/2023 15:30,19,10219.52,"","","",""
RW2,858,10/6/2023 15:35,18.92,89.68,"","","",""
RW2,859,10/6/2023 15:40,18.96,829.12,"","","",""
RW2,860,10/6/2023 15:45,19,77.64,"","","",""
RW2,861,10/6/2023 15:50,19.05,3148.8,"","","",""
RW2,862,10/6/2023 15:55,19,21.26,"","","",""
RW2,863,10/6/2023 16:00,18.96,204,"","","",""
RW2,864,10/6/2023 16:05,19,524.96,"","","",""
RW2,865,10/6/2023 16:10,18.92,573.28,"","","",""
RW2,866,10/6/2023 16:15,18.96,239.84,"","","",""
RW2,867,10/6/2023 16:20,19,1214.08,"","","",""
RW2,868,10/6/2023 16:25,19.09,237.2,"","","",""
RW2,869,10/6/2023 16:30,18.96,62.12,"","","",""
RW2,870,10/6/2023 16:35,18.96,178.48,"","","",""
RW2,871,10/6/2023 16:40,18.96,770.88,"","","",""
RW2,872,10/6/2023 16:45,18.92,37.43,"","","",""
RW2,873,10/6/2023 16:50,18.96,23.42,"","","",""
RW2,874,10/6/2023 16:55,18.92,8.63,"","","",""
RW2,875,10/6/2023 17:00,18.92,10.05,"","","",""
RW2,876,10/6/2023 17:05,18.96,909.76,"","","",""
RW2,877,10/6/2023 17:10,18.87,18.88,"","","",""
RW2,878,10/6/2023 17:15,18.92,41.24,"","","",""
RW2,879,10/6/2023 17:20,18.87,31.12,"","","",""
RW2,880,10/6/2023 17:25,18.79,14.28,"","","",""
RW2,881,10/6/2023 17:30,18.79,12.84,"","","",""
RW2,882,10/6/2023 17:35,18.79,6.42,"","","",""
RW2,883,10/6/2023 17:40,18.74,8.63,"","","",""
RW2,884,10/6/2023 17:45,18.66,52.38,"","","",""
RW2,885,10/6/2023 17:50,18.7,1.77,"","","",""
RW2,886,10/6/2023 17:55,18.62,67.16,"","","",""
RW2,887,10/6/2023 18:00,18.62,24.36,"","","",""
RW2,888,10/6/2023 18:05,18.62,2.43,"","","",""
RW2,889,10/6/2023 18:10,18.62,4.92,"","","",""
RW2,890,10/6/2023 18:15,18.62,9.3,"","","",""
RW2,891,10/6/2023 18:20,18.53,27.96,"","","",""
RW2,892,10/6/2023 18:25,18.53,173.76,"","","",""
RW2,893,10/6/2023 18:30,18.49,5.53,"","","",""
RW2,894,10/6/2023 18:35,18.49,1.55,"","","",""
RW2,895,10/6/2023 18:40,18.4,0,"","","",""
RW2,896,10/6/2023 18:45,18.44,8.19,"","","",""
RW2,897,10/6/2023 18:50,18.36,1.77,"","","",""
RW2,898,10/6/2023 18:55,18.4,1.1,"","","",""
RW2,899,10/6/2023 19:00,18.36,0.22,"","","",""
RW2,900,10/6/2023 19:05,18.32,0,"","","",""
RW2,901,10/6/2023 19:10,18.27,0,"","","",""
RW2,902,10/6/2023 19:15,18.19,0,"","","",""
RW2,903,10/6/2023 19:20,17.93,0,"","","",""
RW2,904,10/6/2023 19:25,17.93,0,"","","",""
RW2,905,10/6/2023 19:30,17.72,0,"","","",""
RW2,906,10/6/2023 19:35,17.33,0,"","","",""
RW2,907,10/6/2023 19:40,16.99,0,"","","",""
RW2,908,10/6/2023 19:45,16.99,0,"","","",""
RW2,909,10/6/2023 19:50,17.11,0,"","","",""
RW2,910,10/6/2023 19:55,17.29,0,"","","",""
RW2,1005,10/7/2023 3:50,15.36,0,"","","",""
RW2,1006,10/7/2023 3:55,15.61,0,"","","",""
RW2,1007,10/7/2023 4:00,16.39,0,"","","",""
RW2,1008,10/7/2023 4:05,16.13,0,"","","",""
RW2,1009,10/7/2023 4:10,16.3,0,"","","",""
RW2,1010,10/7/2023 4:15,16.9,0,"","","",""
RW2,1011,10/7/2023 4:20,17.33,0,"","","",""
RW2,1012,10/7/2023 4:25,17.33,0,"","","",""
RW2,1013,10/7/2023 4:30,17.37,0,"","","",""
RW2,1014,10/7/2023 4:35,17.37,0,"","","",""
RW2,1015,10/7/2023 4:40,17.33,0,"","","",""
RW2,1016,10/7/2023 4:45,17.37,0,"","","",""
RW2,1017,10/7/2023 4:50,17.37,0,"","","",""
RW2,1018,10/7/2023 4:55,17.37,0,"","","",""
RW2,1019,10/7/2023 5:00,17.37,0,"","","",""
RW2,1020,10/7/2023 5:05,17.41,0,"","","",""
RW2,1021,10/7/2023 5:10,17.37,0,"","","",""
RW2,1022,10/7/2023 5:15,17.37,0,"","","",""
RW2,1023,10/7/2023 5:20,17.37,0,"","","",""
RW2,1024,10/7/2023 5:25,17.29,0,"","","",""
RW2,1025,10/7/2023 5:30,17.33,0,"","","",""
RW2,1026,10/7/2023 5:35,17.29,0,"","","",""
RW2,1027,10/7/2023 5:40,17.29,0,"","","",""
RW2,1028,10/7/2023 5:45,17.2,0,"","","",""
RW2,1029,10/7/2023 5:50,17.24,0,"","","",""
RW2,1030,10/7/2023 5:55,17.24,0,"","","",""
RW2,1031,10/7/2023 6:00,17.24,0,"","","",""
RW2,1032,10/7/2023 6:05,17.24,0,"","","",""
RW2,1033,10/7/2023 6:10,17.16,0,"","","",""
RW2,1034,10/7/2023 6:15,17.16,0,"","","",""
RW2,1035,10/7/2023 6:20,17.2,0,"","","",""
RW2,1036,10/7/2023 6:25,17.24,0,"","","",""
RW2,1037,10/7/2023 6:30,17.2,0,"","","",""
RW2,1038,10/7/2023 6:35,17.2,0,"","","",""
RW2,1039,10/7/2023 6:40,17.2,0.22,"","","",""
RW2,1040,10/7/2023 6:45,17.16,9.08,"","","",""
RW2,1041,10/7/2023 6:50,17.2,11.96,"","","",""
RW2,1042,10/7/2023 6:55,17.2,1.99,"","","",""
RW2,1043,10/7/2023 7:00,17.2,8.86,"","","",""
RW2,1044,10/7/2023 7:05,17.2,2.43,"","","",""
RW2,1045,10/7/2023 7:10,17.16,1.32,"","","",""
RW2,1046,10/7/2023 7:15,17.16,1.77,"","","",""
RW2,1047,10/7/2023 7:20,17.11,34.22,"","","",""
RW2,1048,10/7/2023 7:25,17.16,208.4,"","","",""
RW2,1049,10/7/2023 7:30,17.16,171.76,"","","",""
RW2,1050,10/7/2023 7:35,17.2,18.16,"","","",""
RW2,1051,10/7/2023 7:40,17.16,669.76,"","","",""
RW2,1052,10/7/2023 7:45,17.2,244.48,"","","",""
RW2,1053,10/7/2023 7:50,17.2,634.72,"","","",""
RW2,1054,10/7/2023 7:55,17.16,71.54,"","","",""
RW2,1055,10/7/2023 8:00,17.2,400,"","","",""
RW2,1056,10/7/2023 8:05,17.2,8.58,"","","",""
RW2,1057,10/7/2023 8:10,17.2,2881.28,"","","",""
RW2,1058,10/7/2023 8:15,17.2,5.75,"","","",""
RW2,1059,10/7/2023 8:20,17.24,52.54,"","","",""
RW2,1060,10/7/2023 8:25,17.2,404.64,"","","",""
RW2,1061,10/7/2023 8:30,17.2,17.16,"","","",""
RW2,1062,10/7/2023 8:35,17.24,46.68,"","","",""
RW2,1063,10/7/2023 8:40,17.24,11.54,"","","",""
RW2,1064,10/7/2023 8:45,17.24,52.22,"","","",""
RW2,1065,10/7/2023 8:50,17.29,12.62,"","","",""
RW2,1066,10/7/2023 8:55,17.29,4117.76,"","","",""
RW2,1067,10/7/2023 9:00,17.29,103,"","","",""
RW2,1068,10/7/2023 9:05,17.29,67,"","","",""
RW2,1069,10/7/2023 9:10,17.33,130.68,"","","",""
RW2,1070,10/7/2023 9:15,17.33,31.34,"","","",""
RW2,1071,10/7/2023 9:20,17.33,19.38,"","","",""
RW2,1072,10/7/2023 9:25,17.33,18.05,"","","",""
RW2,1073,10/7/2023 9:30,17.37,2301.44,"","","",""
RW2,1074,10/7/2023 9:35,17.37,16.66,"","","",""
RW2,1075,10/7/2023 9:40,17.46,113.52,"","","",""
RW2,1076,10/7/2023 9:45,17.46,6584.32,"","","",""
RW2,1077,10/7/2023 9:50,17.54,1977.6,"","","",""
RW2,1078,10/7/2023 9:55,17.41,24.81,"","","",""
RW2,1079,10/7/2023 10:00,17.5,4408.32,"","","",""
RW2,1080,10/7/2023 10:05,17.5,103.88,"","","",""
RW2,1081,10/7/2023 10:10,17.5,27.19,"","","",""
RW2,1082,10/7/2023 10:15,17.5,438.24,"","","",""
RW2,1083,10/7/2023 10:20,17.59,170.72,"","","",""
RW2,1084,10/7/2023 10:25,17.63,86.16,"","","",""
RW2,1085,10/7/2023 10:30,17.54,225.76,"","","",""
RW2,1086,10/7/2023 10:35,17.72,5248,"","","",""
RW2,1087,10/7/2023 10:40,17.67,7285.76,"","","",""
RW2,1088,10/7/2023 10:45,17.84,4919.04,"","","",""
RW2,1089,10/7/2023 10:50,17.8,2523.52,"","","",""
RW2,1090,10/7/2023 10:55,17.93,318.48,"","","",""
RW2,1091,10/7/2023 11:00,17.89,1482.24,"","","",""
RW2,1092,10/7/2023 11:05,18.06,12820.48,"","","",""
RW2,1093,10/7/2023 11:10,18.06,6812.16,"","","",""
RW2,1094,10/7/2023 11:15,18.27,29040.64,"","","",""
RW2,1095,10/7/2023 11:20,18.02,131.8,"","","",""
RW2,1096,10/7/2023 11:25,18.27,253.36,"","","",""
RW2,1097,10/7/2023 11:30,18.23,126.36,"","","",""
RW2,1098,10/7/2023 11:35,18.4,2900.48,"","","",""
RW2,1099,10/7/2023 11:40,18.23,22824.96,"","","",""
RW2,1100,10/7/2023 11:45,18.06,565.28,"","","",""
RW2,1101,10/7/2023 11:50,18.23,24422.4,"","","",""
RW2,1102,10/7/2023 11:55,18.62,28856.32,"","","",""
RW2,1103,10/7/2023 12:00,18.53,2946.56,"","","",""
RW2,1104,10/7/2023 12:05,18.92,857.28,"","","",""
RW2,1105,10/7/2023 12:10,18.49,40243.2,"","","",""
RW2,1106,10/7/2023 12:15,18.49,21309.44,"","","",""
RW2,1107,10/7/2023 12:20,18.62,521.76,"","","",""
RW2,1108,10/7/2023 12:25,18.7,175.44,"","","",""
RW2,1109,10/7/2023 12:30,18.7,25323.52,"","","",""
RW2,1110,10/7/2023 12:35,18.36,149.52,"","","",""
RW2,1111,10/7/2023 12:40,18.36,119.36,"","","",""
RW2,1112,10/7/2023 12:45,18.62,385.6,"","","",""
RW2,1113,10/7/2023 12:50,18.53,10383.36,"","","",""
RW2,1114,10/7/2023 12:55,18.44,8151.04,"","","",""
RW2,1115,10/7/2023 13:00,18.44,336.64,"","","",""
RW2,1116,10/7/2023 13:05,18.57,669.12,"","","",""
RW2,1117,10/7/2023 13:10,18.53,10347.52,"","","",""
RW2,1118,10/7/2023 13:15,18.62,20270.08,"","","",""
RW2,1119,10/7/2023 13:20,18.66,469.6,"","","",""
RW2,1120,10/7/2023 13:25,18.57,116.6,"","","",""
RW2,1121,10/7/2023 13:30,18.53,67.34,"","","",""
RW2,1122,10/7/2023 13:35,18.57,2938.88,"","","",""
RW2,1123,10/7/2023 13:40,18.87,648.48,"","","",""
RW2,1124,10/7/2023 13:45,18.83,175.6,"","","",""
RW2,1125,10/7/2023 13:50,18.74,92.48,"","","",""
RW2,1126,10/7/2023 13:55,18.79,32419.84,"","","",""
RW2,1127,10/7/2023 14:00,18.74,810.24,"","","",""
RW2,1128,10/7/2023 14:05,18.79,47.18,"","","",""
RW2,1129,10/7/2023 14:10,18.83,37.76,"","","",""
RW2,1130,10/7/2023 14:15,18.92,34.94,"","","",""
RW2,1131,10/7/2023 14:20,18.92,1580.16,"","","",""
RW2,1132,10/7/2023 14:25,18.87,133.44,"","","",""
RW2,1133,10/7/2023 14:30,18.83,8391.68,"","","",""
RW2,1134,10/7/2023 14:35,18.74,785.92,"","","",""
RW2,1135,10/7/2023 14:40,18.87,276,"","","",""
RW2,1136,10/7/2023 14:45,18.87,82.72,"","","",""
RW2,1137,10/7/2023 14:50,18.83,41.74,"","","",""
RW2,1138,10/7/2023 14:55,18.74,816,"","","",""
RW2,1139,10/7/2023 15:00,18.7,13.15,"","","",""
RW2,1140,10/7/2023 15:05,18.66,2634.24,"","","",""
RW2,1141,10/7/2023 15:10,18.66,16.28,"","","",""
RW2,1142,10/7/2023 15:15,18.74,779.2,"","","",""
RW2,1143,10/7/2023 15:20,18.7,689.28,"","","",""
RW2,1144,10/7/2023 15:25,18.79,1646.72,"","","",""
RW2,1145,10/7/2023 15:30,18.83,1388.16,"","","",""
RW2,1146,10/7/2023 15:35,18.92,77.52,"","","",""
RW2,1147,10/7/2023 15:40,18.87,78.86,"","","",""
RW2,1148,10/7/2023 15:45,18.87,188.24,"","","",""
RW2,1149,10/7/2023 15:50,18.92,96.24,"","","",""
RW2,1150,10/7/2023 15:55,18.87,3203.84,"","","",""
RW2,1151,10/7/2023 16:00,18.87,316.96,"","","",""
RW2,1152,10/7/2023 16:05,18.83,227.44,"","","",""
RW2,1153,10/7/2023 16:10,18.79,2636.8,"","","",""
RW2,1154,10/7/2023 16:15,18.79,2744.32,"","","",""
RW2,1155,10/7/2023 16:20,18.83,1158.08,"","","",""
RW2,1156,10/7/2023 16:25,18.83,5273.6,"","","",""
RW2,1157,10/7/2023 16:30,18.83,23.81,"","","",""
RW2,1158,10/7/2023 16:35,18.83,525.44,"","","",""
RW2,1159,10/7/2023 16:40,18.83,77.42,"","","",""
RW2,1160,10/7/2023 16:45,18.74,1446.4,"","","",""
RW2,1161,10/7/2023 16:50,18.74,1582.08,"","","",""
RW2,1162,10/7/2023 16:55,18.79,2.21,"","","",""
RW2,1163,10/7/2023 17:00,18.74,742.4,"","","",""
RW2,1164,10/7/2023 17:05,18.7,3.76,"","","",""
RW2,1165,10/7/2023 17:10,18.7,23.09,"","","",""
RW2,1166,10/7/2023 17:15,18.66,279.76,"","","",""
RW2,1167,10/7/2023 17:20,18.62,270.24,"","","",""
RW2,1168,10/7/2023 17:25,18.66,337.44,"","","",""
RW2,1169,10/7/2023 17:30,18.66,116.72,"","","",""
RW2,1170,10/7/2023 17:35,18.7,58.7,"","","",""
RW2,1171,10/7/2023 17:40,18.7,3.98,"","","",""
RW2,1172,10/7/2023 17:45,18.66,98.76,"","","",""
RW2,1173,10/7/2023 17:50,18.7,56.86,"","","",""
RW2,1174,10/7/2023 17:55,18.66,25.25,"","","",""
RW2,1175,10/7/2023 18:00,18.7,6.2,"","","",""
RW2,1176,10/7/2023 18:05,18.66,2.65,"","","",""
RW2,1177,10/7/2023 18:10,18.7,45.74,"","","",""
RW2,1178,10/7/2023 18:15,18.62,5.09,"","","",""
RW2,1179,10/7/2023 18:20,18.66,0.66,"","","",""
RW2,1180,10/7/2023 18:25,18.66,51.5,"","","",""
RW2,1181,10/7/2023 18:30,18.66,0,"","","",""
RW2,1182,10/7/2023 18:35,18.62,1.55,"","","",""
RW2,1183,10/7/2023 18:40,18.62,0.66,"","","",""
RW2,1184,10/7/2023 18:45,18.62,0,"","","",""
RW2,1185,10/7/2023 18:50,18.57,0,"","","",""
RW2,1186,10/7/2023 18:55,18.57,0,"","","",""
RW2,1187,10/7/2023 19:00,18.53,0,"","","",""
RW2,1188,10/7/2023 19:05,18.53,0,"","","",""
RW2,1189,10/7/2023 19:10,18.53,0,"","","",""
RW2,1190,10/7/2023 19:15,18.49,0,"","","",""
RW2,1191,10/7/2023 19:20,18.49,0,"","","",""
RW2,1192,10/7/2023 19:25,18.49,0,"","","",""
RW2,1193,10/7/2023 19:30,18.49,0,"","","",""
RW2,1194,10/7/2023 19:35,18.49,0,"","","",""
RW2,1195,10/7/2023 19:40,18.4,0,"","","",""
RW2,1196,10/7/2023 19:45,18.4,0,"","","",""
RW2,1197,10/7/2023 19:50,18.44,0,"","","",""
RW2,1198,10/7/2023 19:55,18.44,0,"","","",""
RW2,1199,10/7/2023 20:00,18.44,0,"","","",""
RW2,1200,10/7/2023 20:05,18.4,0,"","","",""
RW2,1201,10/7/2023 20:10,18.36,0,"","","",""
RW2,1202,10/7/2023 20:15,18.4,0,"","","",""
RW2,1203,10/7/2023 20:20,18.32,0,"","","",""
RW2,1204,10/7/2023 20:25,18.32,0,"","","",""
RW2,1205,10/7/2023 20:30,18.23,0,"","","",""
RW2,1206,10/7/2023 20:35,18.23,0,"","","",""
RW2,1207,10/7/2023 20:40,17.93,0,"","","",""
RW2,1208,10/7/2023 20:45,17.8,0,"","","",""
RW2,1209,10/7/2023 20:50,17.24,0,"","","",""
RW2,1301,10/8/2023 4:30,17.46,0,"","","",""
RW2,1302,10/8/2023 4:35,17.41,0,"","","",""
RW2,1303,10/8/2023 4:40,17.5,0,"","","",""
RW2,1304,10/8/2023 4:45,17.46,0,"","","",""
RW2,1305,10/8/2023 4:50,17.41,0,"","","",""
RW2,1306,10/8/2023 4:55,17.41,0,"","","",""
RW2,1307,10/8/2023 5:00,17.46,0,"","","",""
RW2,1308,10/8/2023 5:05,17.37,0,"","","",""
RW2,1309,10/8/2023 5:10,17.41,0,"","","",""
RW2,1310,10/8/2023 5:15,17.33,0,"","","",""
RW2,1311,10/8/2023 5:20,17.37,0,"","","",""
RW2,1312,10/8/2023 5:25,17.33,0,"","","",""
RW2,1313,10/8/2023 5:30,17.33,0,"","","",""
RW2,1314,10/8/2023 5:35,17.33,0,"","","",""
RW2,1315,10/8/2023 5:40,17.29,0,"","","",""
RW2,1316,10/8/2023 5:45,17.29,0,"","","",""
RW2,1317,10/8/2023 5:50,17.29,0,"","","",""
RW2,1318,10/8/2023 5:55,17.24,0,"","","",""
RW2,1319,10/8/2023 6:00,17.2,0,"","","",""
RW2,1320,10/8/2023 6:05,17.24,0,"","","",""
RW2,1321,10/8/2023 6:10,17.24,0,"","","",""
RW2,1322,10/8/2023 6:15,17.2,0,"","","",""
RW2,1323,10/8/2023 6:20,17.16,0,"","","",""
RW2,1324,10/8/2023 6:25,17.16,0,"","","",""
RW2,1325,10/8/2023 6:30,17.11,0.66,"","","",""
RW2,1326,10/8/2023 6:35,17.11,0,"","","",""
RW2,1327,10/8/2023 6:40,17.11,0,"","","",""
RW2,1328,10/8/2023 6:45,17.11,28.79,"","","",""
RW2,1329,10/8/2023 6:50,17.07,0,"","","",""
RW2,1330,10/8/2023 6:55,17.07,8.63,"","","",""
RW2,1331,10/8/2023 7:00,17.03,1.1,"","","",""
RW2,1332,10/8/2023 7:05,17.03,0.22,"","","",""
RW2,1333,10/8/2023 7:10,16.99,7.78,"","","",""
RW2,1334,10/8/2023 7:15,17.03,438.08,"","","",""
RW2,1335,10/8/2023 7:20,16.94,92.56,"","","",""
RW2,1336,10/8/2023 7:25,17.03,40.42,"","","",""
RW2,1337,10/8/2023 7:30,16.94,34.28,"","","",""
RW2,1338,10/8/2023 7:35,16.99,21.26,"","","",""
RW2,1339,10/8/2023 7:40,16.99,42.02,"","","",""
RW2,1340,10/8/2023 7:45,16.99,15.78,"","","",""
RW2,1341,10/8/2023 7:50,16.99,97.32,"","","",""
RW2,1342,10/8/2023 7:55,17.03,1533.44,"","","",""
RW2,1343,10/8/2023 8:00,16.99,990.4,"","","",""
RW2,1344,10/8/2023 8:05,17.03,532.96,"","","",""
RW2,1345,10/8/2023 8:10,17.07,15.17,"","","",""
RW2,1346,10/8/2023 8:15,17.11,61.9,"","","",""
RW2,1347,10/8/2023 8:20,17.11,8,"","","",""
RW2,1348,10/8/2023 8:25,17.11,123.16,"","","",""
RW2,1349,10/8/2023 8:30,17.07,216.8,"","","",""
RW2,1350,10/8/2023 8:35,17.16,62.02,"","","",""
RW2,1351,10/8/2023 8:40,17.2,90.6,"","","",""
RW2,1352,10/8/2023 8:45,17.2,99.88,"","","",""
RW2,1353,10/8/2023 8:50,17.2,246.72,"","","",""
RW2,1354,10/8/2023 8:55,17.29,7633.92,"","","",""
RW2,1355,10/8/2023 9:00,17.24,9510.4,"","","",""
RW2,1356,10/8/2023 9:05,17.24,5555.2,"","","",""
RW2,1357,10/8/2023 9:10,17.29,22.15,"","","",""
RW2,1358,10/8/2023 9:15,17.29,141.52,"","","",""
RW2,1359,10/8/2023 9:20,17.33,1141.12,"","","",""
RW2,1360,10/8/2023 9:25,17.33,746.88,"","","",""
RW2,1361,10/8/2023 9:30,17.33,669.76,"","","",""
RW2,1362,10/8/2023 9:35,17.37,773.44,"","","",""
RW2,1363,10/8/2023 9:40,17.37,11018.24,"","","",""
RW2,1364,10/8/2023 9:45,17.41,26.8,"","","",""
RW2,1365,10/8/2023 9:50,17.41,260.24,"","","",""
RW2,1366,10/8/2023 9:55,17.41,744.64,"","","",""
RW2,1367,10/8/2023 10:00,17.46,1662.08,"","","",""
RW2,1368,10/8/2023 10:05,17.54,33054.72,"","","",""
RW2,1369,10/8/2023 10:10,17.5,3324.16,"","","",""
RW2,1370,10/8/2023 10:15,17.54,44.68,"","","",""
RW2,1371,10/8/2023 10:20,17.63,5736.96,"","","",""
RW2,1372,10/8/2023 10:25,17.72,5095.68,"","","",""
RW2,1373,10/8/2023 10:30,17.76,10833.92,"","","",""
RW2,1374,10/8/2023 10:35,17.89,1650.56,"","","",""
RW2,1375,10/8/2023 10:40,17.93,365.92,"","","",""
RW2,1376,10/8/2023 10:45,18.06,646.72,"","","",""
RW2,1377,10/8/2023 10:50,18.06,101.12,"","","",""
RW2,1378,10/8/2023 10:55,18.32,29542.4,"","","",""
RW2,1379,10/8/2023 11:00,18.44,57651.2,"","","",""
RW2,1380,10/8/2023 11:05,18.4,75.74,"","","",""
RW2,1381,10/8/2023 11:10,18.06,1399.68,"","","",""
RW2,1382,10/8/2023 11:15,18.62,812.8,"","","",""
RW2,1383,10/8/2023 11:20,18.49,27985.92,"","","",""
RW2,1384,10/8/2023 11:25,19.95,65310.72,"","","",""
RW2,1385,10/8/2023 11:30,19.43,47759.36,"","","",""
RW2,1386,10/8/2023 11:35,19.56,1476.48,"","","",""
RW2,1387,10/8/2023 11:40,19.99,6822.4,"","","",""
RW2,1388,10/8/2023 11:45,20.55,53698.56,"","","",""
RW2,1389,10/8/2023 11:50,21.66,24340.48,"","","",""
RW2,1390,10/8/2023 11:55,21.32,62709.76,"","","",""
RW2,1391,10/8/2023 12:00,21.7,11156.48,"","","",""
RW2,1392,10/8/2023 12:05,19.6,407.52,"","","",""
RW2,1393,10/8/2023 12:10,21.62,39280.64,"","","",""
RW2,1394,10/8/2023 12:15,22.56,24893.44,"","","",""
RW2,1395,10/8/2023 12:20,20.85,2363.52,"","","",""
RW2,1396,10/8/2023 12:25,22.78,38584.32,"","","",""
RW2,1397,10/8/2023 12:30,22.18,51671.04,"","","",""
RW2,1398,10/8/2023 12:35,22.61,17300.48,"","","",""
RW2,1399,10/8/2023 12:40,23.89,77742.08,"","","",""
RW2,1400,10/8/2023 12:45,20.98,60252.16,"","","",""
RW2,1401,10/8/2023 12:50,23.68,56012.8,"","","",""
RW2,1402,10/8/2023 12:55,21.75,16860.16,"","","",""
RW2,1403,10/8/2023 13:00,20.98,4550.4,"","","",""
RW2,1404,10/8/2023 13:05,22.13,9292.8,"","","",""
RW2,1405,10/8/2023 13:10,24.75,73420.8,"","","",""
RW2,1406,10/8/2023 13:15,22.91,50974.72,"","","",""
RW2,1407,10/8/2023 13:20,22.01,59412.48,"","","",""
RW2,1408,10/8/2023 13:25,22.01,64471.04,"","","",""
RW2,1409,10/8/2023 13:30,22.05,49643.52,"","","",""
RW2,1410,10/8/2023 13:35,21.1,26388.48,"","","",""
RW2,1411,10/8/2023 13:40,22.91,63651.84,"","","",""
RW2,1412,10/8/2023 13:45,22.43,37355.52,"","","",""
RW2,1413,10/8/2023 13:50,22.73,63672.32,"","","",""
RW2,1414,10/8/2023 13:55,23.68,37222.4,"","","",""
RW2,1415,10/8/2023 14:00,21.23,34600.96,"","","",""
RW2,1416,10/8/2023 14:05,20.85,3834.88,"","","",""
RW2,1417,10/8/2023 14:10,20.16,5506.56,"","","",""
RW2,1418,10/8/2023 14:15,20.59,36218.88,"","","",""
RW2,1419,10/8/2023 14:20,20.93,34867.2,"","","",""
RW2,1420,10/8/2023 14:25,20.25,9958.4,"","","",""
RW2,1421,10/8/2023 14:30,20.16,18990.08,"","","",""
RW2,1422,10/8/2023 14:35,19.3,1523.84,"","","",""
RW2,1423,10/8/2023 14:40,19.86,12400.64,"","","",""
RW2,1424,10/8/2023 14:45,19.26,51.82,"","","",""
RW2,1425,10/8/2023 14:50,19.26,500.48,"","","",""
RW2,1426,10/8/2023 14:55,19.26,1151.36,"","","",""
RW2,1427,10/8/2023 15:00,19.13,39.48,"","","",""
RW2,1428,10/8/2023 15:05,19.13,4540.16,"","","",""
RW2,1429,10/8/2023 15:10,19.17,64.9,"","","",""
RW2,1430,10/8/2023 15:15,19.17,589.6,"","","",""
RW2,1431,10/8/2023 15:20,19.17,314.96,"","","",""
RW2,1432,10/8/2023 15:25,19.13,165.68,"","","",""
RW2,1433,10/8/2023 15:30,19.13,25425.92,"","","",""
RW2,1434,10/8/2023 15:35,19.17,271.12,"","","",""
RW2,1435,10/8/2023 15:40,19.09,5011.2,"","","",""
RW2,1436,10/8/2023 15:45,19.05,188.48,"","","",""
RW2,1437,10/8/2023 15:50,19.05,1779.2,"","","",""
RW2,1438,10/8/2023 15:55,19,106.88,"","","",""
RW2,1439,10/8/2023 16:00,19,141.08,"","","",""
RW2,1440,10/8/2023 16:05,18.92,39.09,"","","",""
RW2,1441,10/8/2023 16:10,19.05,106.88,"","","",""
RW2,1442,10/8/2023 16:15,18.96,902.4,"","","",""
RW2,1443,10/8/2023 16:20,18.92,244.32,"","","",""
RW2,1444,10/8/2023 16:25,18.92,1415.04,"","","",""
RW2,1445,10/8/2023 16:30,18.96,277.12,"","","",""
RW2,1446,10/8/2023 16:35,18.96,55.98,"","","",""
RW2,1447,10/8/2023 16:40,18.87,1194.24,"","","",""
RW2,1448,10/8/2023 16:45,18.87,1241.28,"","","",""
RW2,1449,10/8/2023 16:50,18.83,264.48,"","","",""
RW2,1450,10/8/2023 16:55,18.83,881.6,"","","",""
RW2,1451,10/8/2023 17:00,18.79,56.54,"","","",""
RW2,1452,10/8/2023 17:05,18.79,12.43,"","","",""
RW2,1453,10/8/2023 17:10,18.7,141.52,"","","",""
RW2,1454,10/8/2023 17:15,18.79,84.12,"","","",""
RW2,1455,10/8/2023 17:20,18.7,231.92,"","","",""
RW2,1456,10/8/2023 17:25,18.74,9.08,"","","",""
RW2,1457,10/8/2023 17:30,18.7,277.76,"","","",""
RW2,1458,10/8/2023 17:35,18.66,0.88,"","","",""
RW2,1459,10/8/2023 17:40,18.62,66.16,"","","",""
RW2,1460,10/8/2023 17:45,18.62,33.72,"","","",""
RW2,1461,10/8/2023 17:50,18.62,2.87,"","","",""
RW2,1462,10/8/2023 17:55,18.53,40.42,"","","",""
RW2,1463,10/8/2023 18:00,18.57,288.4,"","","",""
RW2,1464,10/8/2023 18:05,18.57,38.15,"","","",""
RW2,1465,10/8/2023 18:10,18.53,169.84,"","","",""
RW2,1466,10/8/2023 18:15,18.49,0.22,"","","",""
RW2,1467,10/8/2023 18:20,18.49,1.55,"","","",""
RW2,1468,10/8/2023 18:25,18.44,0,"","","",""
RW2,1469,10/8/2023 18:30,18.49,5.31,"","","",""
RW2,1470,10/8/2023 18:35,18.44,4.2,"","","",""
RW2,1471,10/8/2023 18:40,18.36,0,"","","",""
RW2,1472,10/8/2023 18:45,18.4,0,"","","",""
RW2,1473,10/8/2023 18:50,18.36,0,"","","",""
RW2,1474,10/8/2023 18:55,18.4,0,"","","",""
RW2,1475,10/8/2023 19:00,18.36,0,"","","",""
RW2,1476,10/8/2023 19:05,18.36,0,"","","",""
RW2,1477,10/8/2023 19:10,18.32,0,"","","",""
RW2,1478,10/8/2023 19:15,18.32,0,"","","",""
RW2,1479,10/8/2023 19:20,18.27,0,"","","",""
RW2,1480,10/8/2023 19:25,18.27,0,"","","",""
RW2,1481,10/8/2023 19:30,18.23,0,"","","",""
RW2,1482,10/8/2023 19:35,18.23,0,"","","",""
RW2,1483,10/8/2023 19:40,18.27,0,"","","",""
RW2,1484,10/8/2023 19:45,18.19,0,"","","",""
RW2,1485,10/8/2023 19:50,18.23,0,"","","",""
RW2,1486,10/8/2023 19:55,18.14,0,"","","",""
RW2,1487,10/8/2023 20:00,18.14,0,"","","",""
RW2,1488,10/8/2023 20:05,18.14,0,"","","",""
RW2,1489,10/8/2023 20:10,18.1,0,"","","",""
RW2,1490,10/8/2023 20:15,18.1,0,"","","",""
RW2,1491,10/8/2023 20:20,18.1,0,"","","",""
RW2,1492,10/8/2023 20:25,18.1,0,"","","",""
RW2,1493,10/8/2023 20:30,18.06,0,"","","",""
RW2,1494,10/8/2023 20:35,18.06,0,"","","",""
RW2,1495,10/8/2023 20:40,18.06,0,"","","",""
RW2,1496,10/8/2023 20:45,18.02,0,"","","",""
RW2,1497,10/8/2023 20:50,18.02,0,"","","",""
RW2,1498,10/8/2023 20:55,17.97,0,"","","",""
RW2,1499,10/8/2023 21:00,17.97,0,"","","",""
RW2,1500,10/8/2023 21:05,17.97,0,"","","",""
RW2,1501,10/8/2023 21:10,17.97,0,"","","",""
RW2,1502,10/8/2023 21:15,17.93,0,"","","",""
RW2,1503,10/8/2023 21:20,17.93,0,"","","",""
RW2,1504,10/8/2023 21:25,17.89,0,"","","",""
RW2,1505,10/8/2023 21:30,17.76,0,"","","",""
RW2,1506,10/8/2023 21:35,17.37,0,"","","",""
RW2,1507,10/8/2023 21:40,17.33,0,"","","",""
RW2,1508,10/8/2023 21:45,17.46,0,"","","",""
RW2,1509,10/8/2023 21:50,17.24,0,"","","",""
RW2,1594,10/9/2023 4:55,16.3,0,"","","",""
RW2,1595,10/9/2023 5:00,16.26,0,"","","",""
RW2,1596,10/9/2023 5:05,16.26,0,"","","",""
RW2,1597,10/9/2023 5:10,16.21,0,"","","",""
RW2,1598,10/9/2023 5:15,16.21,0,"","","",""
RW2,1599,10/9/2023 5:20,16.21,0,"","","",""
RW2,1600,10/9/2023 5:25,16.17,0,"","","",""
RW2,1601,10/9/2023 5:30,16.17,0,"","","",""
RW2,1602,10/9/2023 5:35,16.13,0,"","","",""
RW2,1603,10/9/2023 5:40,16.17,0,"","","",""
RW2,1604,10/9/2023 5:45,16.13,0,"","","",""
RW2,1605,10/9/2023 5:50,16.13,0,"","","",""
RW2,1606,10/9/2023 5:55,16.08,0,"","","",""
RW2,1607,10/9/2023 6:00,16.04,0,"","","",""
RW2,1608,10/9/2023 6:05,16.04,0,"","","",""
RW2,1609,10/9/2023 6:10,16.04,0,"","","",""
RW2,1610,10/9/2023 6:15,16.04,0,"","","",""
RW2,1611,10/9/2023 6:20,16,0,"","","",""
RW2,1612,10/9/2023 6:25,16,0,"","","",""
RW2,1613,10/9/2023 6:30,16,0,"","","",""
RW2,1614,10/9/2023 6:35,15.96,0.22,"","","",""
RW2,1615,10/9/2023 6:40,15.91,0.22,"","","",""
RW2,1616,10/9/2023 6:45,15.91,0,"","","",""
RW2,1617,10/9/2023 6:50,15.96,0,"","","",""
RW2,1618,10/9/2023 6:55,15.91,0,"","","",""
RW2,1619,10/9/2023 7:00,15.91,31.51,"","","",""
RW2,1620,10/9/2023 7:05,15.91,180.72,"","","",""
RW2,1621,10/9/2023 7:10,15.91,27.91,"","","",""
RW2,1622,10/9/2023 7:15,15.87,1.55,"","","",""
RW2,1623,10/9/2023 7:20,15.87,44.84,"","","",""
RW2,1624,10/9/2023 7:25,15.83,202.88,"","","",""
RW2,1625,10/9/2023 7:30,15.83,217.28,"","","",""
RW2,1626,10/9/2023 7:35,15.78,185.28,"","","",""
RW2,1627,10/9/2023 7:40,15.83,2.21,"","","",""
RW2,1628,10/9/2023 7:45,15.74,3.32,"","","",""
RW2,1629,10/9/2023 7:50,15.78,106.76,"","","",""
RW2,1630,10/9/2023 7:55,15.74,6.89,"","","",""
RW2,1631,10/9/2023 8:00,15.78,63.62,"","","",""
RW2,1632,10/9/2023 8:05,15.78,12.01,"","","",""
RW2,1633,10/9/2023 8:10,15.78,357.92,"","","",""
RW2,1634,10/9/2023 8:15,15.78,9.52,"","","",""
RW2,1635,10/9/2023 8:20,15.83,39.09,"","","",""
RW2,1636,10/9/2023 8:25,15.83,132.56,"","","",""
RW2,1637,10/9/2023 8:30,15.87,7.08,"","","",""
RW2,1638,10/9/2023 8:35,15.96,13.45,"","","",""
RW2,1639,10/9/2023 8:40,15.96,123.92,"","","",""
RW2,1640,10/9/2023 8:45,15.96,3022.08,"","","",""
RW2,1641,10/9/2023 8:50,16,10.32,"","","",""
RW2,1642,10/9/2023 8:55,16.08,71.54,"","","",""
RW2,1643,10/9/2023 9:00,16.08,2951.68,"","","",""
RW2,1644,10/9/2023 9:05,16.13,937.28,"","","",""
RW2,1645,10/9/2023 9:10,16.17,402.72,"","","",""
RW2,1646,10/9/2023 9:15,16.21,4476.16,"","","",""
RW2,1647,10/9/2023 9:20,16.17,13.73,"","","",""
RW2,1648,10/9/2023 9:25,16.26,910.4,"","","",""
RW2,1649,10/9/2023 9:30,16.26,3969.28,"","","",""
RW2,1650,10/9/2023 9:35,16.3,4157.44,"","","",""
RW2,1651,10/9/2023 9:40,16.3,755.2,"","","",""
RW2,1652,10/9/2023 9:45,16.26,12.93,"","","",""
RW2,1653,10/9/2023 9:50,16.26,14.01,"","","",""
RW2,1654,10/9/2023 9:55,16.26,25.3,"","","",""
RW2,1655,10/9/2023 10:00,16.34,225.68,"","","",""
RW2,1656,10/9/2023 10:05,16.3,13.09,"","","",""
RW2,1657,10/9/2023 10:10,16.34,30.79,"","","",""
RW2,1658,10/9/2023 10:15,16.34,12.01,"","","",""
RW2,1659,10/9/2023 10:20,16.43,33.61,"","","",""
RW2,1660,10/9/2023 10:25,16.43,2952.96,"","","",""
RW2,1661,10/9/2023 10:30,16.47,39.09,"","","",""
RW2,1662,10/9/2023 10:35,16.43,41.3,"","","",""
RW2,1663,10/9/2023 10:40,16.47,53.82,"","","",""
RW2,1664,10/9/2023 10:45,16.56,774.72,"","","",""
RW2,1665,10/9/2023 10:50,16.73,459.84,"","","",""
RW2,1666,10/9/2023 10:55,16.56,35.88,"","","",""
RW2,1667,10/9/2023 11:00,16.69,97.68,"","","",""
RW2,1668,10/9/2023 11:05,16.99,12083.2,"","","",""
RW2,1669,10/9/2023 11:10,17.37,30.45,"","","",""
RW2,1670,10/9/2023 11:15,17.63,1580.16,"","","",""
RW2,1671,10/9/2023 11:20,17.67,2597.76,"","","",""
RW2,1672,10/9/2023 11:25,17.8,22067.2,"","","",""
RW2,1673,10/9/2023 11:30,17.97,16317.44,"","","",""
RW2,1674,10/9/2023 11:35,18.53,45772.8,"","","",""
RW2,1675,10/9/2023 11:40,18.06,1171.2,"","","",""
RW2,1676,10/9/2023 11:45,17.93,1005.44,"","","",""
RW2,1677,10/9/2023 11:50,20.37,28712.96,"","","",""
RW2,1678,10/9/2023 11:55,20.8,16798.72,"","","",""
RW2,1679,10/9/2023 12:00,22.31,27217.92,"","","",""
RW2,1680,10/9/2023 12:05,19.95,6581.76,"","","",""
RW2,1681,10/9/2023 12:10,23.85,62709.76,"","","",""
RW2,1682,10/9/2023 12:15,24.11,55275.52,"","","",""
RW2,1683,10/9/2023 12:20,24.92,46612.48,"","","",""
RW2,1708,10/9/2023 14:25,27.5,56094.72,"","","",""
RW2,1709,10/9/2023 14:30,27.88,54599.68,"","","",""
RW2,1710,10/9/2023 14:35,28.18,54231.04,"","","",""
RW2,1711,10/9/2023 14:40,28.4,52613.12,"","","",""
RW2,1712,10/9/2023 14:45,26.21,48701.44,"","","",""
RW2,1713,10/9/2023 14:50,26.51,48414.72,"","","",""
RW2,1714,10/9/2023 14:55,22.86,15278.08,"","","",""
RW2,1715,10/9/2023 15:00,19,163,"","","",""
RW2,1716,10/9/2023 15:05,18.62,408.16,"","","",""
RW2,1717,10/9/2023 15:10,18.36,165.44,"","","",""
RW2,1718,10/9/2023 15:15,18.57,802.24,"","","",""
RW2,1719,10/9/2023 15:20,18.62,4096,"","","",""
RW2,1720,10/9/2023 15:25,19.3,19952.64,"","","",""
RW2,1721,10/9/2023 15:30,18.44,2965.76,"","","",""
RW2,1722,10/9/2023 15:35,18.36,2275.2,"","","",""
RW2,1723,10/9/2023 15:40,18.4,2385.28,"","","",""
RW2,1724,10/9/2023 15:45,18.4,14643.2,"","","",""
RW2,1725,10/9/2023 15:50,18.23,71.44,"","","",""
RW2,1726,10/9/2023 15:55,18.44,5509.12,"","","",""
RW2,1727,10/9/2023 16:00,18.27,58.86,"","","",""
RW2,1728,10/9/2023 16:05,18.14,495.52,"","","",""
RW2,1729,10/9/2023 16:10,18.19,30.9,"","","",""
RW2,1730,10/9/2023 16:15,18.23,1917.44,"","","",""
RW2,1731,10/9/2023 16:20,18.06,4752.64,"","","",""
RW2,1732,10/9/2023 16:25,18.06,1055.04,"","","",""
RW2,1733,10/9/2023 16:30,18.02,131.44,"","","",""
RW2,1734,10/9/2023 16:35,18.06,3421.44,"","","",""
RW2,1735,10/9/2023 16:40,18.1,1014.4,"","","",""
RW2,1736,10/9/2023 16:45,18.1,197.76,"","","",""
RW2,1737,10/9/2023 16:50,18.14,2364.8,"","","",""
RW2,1738,10/9/2023 16:55,18.14,19.27,"","","",""
RW2,1739,10/9/2023 17:00,18.1,33.33,"","","",""
RW2,1740,10/9/2023 17:05,18.06,3192.32,"","","",""
RW2,1741,10/9/2023 17:10,18.1,1432.32,"","","",""
RW2,1742,10/9/2023 17:15,18.06,68.88,"","","",""
RW2,1743,10/9/2023 17:20,18.02,177.2,"","","",""
RW2,1744,10/9/2023 17:25,17.97,0,"","","",""
RW2,1745,10/9/2023 17:30,17.97,345.28,"","","",""
RW2,1746,10/9/2023 17:35,18.02,1.99,"","","",""
RW2,1747,10/9/2023 17:40,17.97,26.58,"","","",""
RW2,1748,10/9/2023 17:45,17.97,4.2,"","","",""
RW2,1749,10/9/2023 17:50,18.02,439.84,"","","",""
RW2,1750,10/9/2023 17:55,17.97,52.88,"","","",""
RW2,1751,10/9/2023 18:00,17.97,111.2,"","","",""
RW2,1752,10/9/2023 18:05,17.97,67.06,"","","",""
RW2,1753,10/9/2023 18:10,17.93,5.09,"","","",""
RW2,1754,10/9/2023 18:15,17.97,0.22,"","","",""
RW2,1755,10/9/2023 18:20,17.93,0.22,"","","",""
RW2,1756,10/9/2023 18:25,17.93,0.66,"","","",""
RW2,1757,10/9/2023 18:30,17.97,43.08,"","","",""
RW2,1758,10/9/2023 18:35,17.93,0.66,"","","",""
RW2,1759,10/9/2023 18:40,18.02,0,"","","",""
RW2,1760,10/9/2023 18:45,17.97,0.66,"","","",""
RW2,1761,10/9/2023 18:50,17.93,0,"","","",""
RW2,1762,10/9/2023 18:55,17.89,0,"","","",""
RW2,1763,10/9/2023 19:00,17.93,0,"","","",""
RW2,1764,10/9/2023 19:05,17.84,0,"","","",""
RW2,1765,10/9/2023 19:10,17.84,0,"","","",""
RW2,1766,10/9/2023 19:15,17.84,0,"","","",""
RW2,1767,10/9/2023 19:20,17.84,0,"","","",""
RW2,1768,10/9/2023 19:25,17.84,0,"","","",""
RW2,1769,10/9/2023 19:30,17.76,0,"","","",""
RW2,1770,10/9/2023 19:35,17.8,0,"","","",""
RW2,1771,10/9/2023 19:40,17.72,0,"","","",""
RW2,1772,10/9/2023 19:45,17.8,0,"","","",""
RW2,1773,10/9/2023 19:50,17.76,0,"","","",""
RW2,1774,10/9/2023 19:55,17.84,0,"","","",""
RW2,1775,10/9/2023 20:00,17.8,0,"","","",""
RW2,1776,10/9/2023 20:05,17.72,0,"","","",""
RW2,1777,10/9/2023 20:10,17.8,0,"","","",""
RW2,1778,10/9/2023 20:15,17.84,0,"","","",""
RW2,1779,10/9/2023 20:20,17.76,0,"","","",""
RW2,1780,10/9/2023 20:25,17.76,0,"","","",""
RW2,1781,10/9/2023 20:30,17.67,0,"","","",""
RW2,1782,10/9/2023 20:35,17.67,0,"","","",""
RW2,1783,10/9/2023 20:40,17.67,0,"","","",""
RW2,1784,10/9/2023 20:45,17.72,0,"","","",""
RW2,1785,10/9/2023 20:50,17.72,0,"","","",""
RW2,1786,10/9/2023 20:55,17.67,0,"","","",""
RW2,1787,10/9/2023 21:00,17.67,0,"","","",""
RW2,1788,10/9/2023 21:05,17.63,0,"","","",""
RW2,1789,10/9/2023 21:10,17.63,0,"","","",""
RW2,1790,10/9/2023 21:15,17.63,0,"","","",""
RW2,1791,10/9/2023 21:20,17.59,0,"","","",""
RW2,1792,10/9/2023 21:25,17.59,0,"","","",""
RW2,1793,10/9/2023 21:30,17.63,0,"","","",""
RW2,1794,10/9/2023 21:35,17.63,0,"","","",""
RW2,1795,10/9/2023 21:40,17.63,0,"","","",""
RW2,1796,10/9/2023 21:45,17.63,0,"","","",""
RW2,1797,10/9/2023 21:50,17.59,0,"","","",""
RW2,1798,10/9/2023 21:55,17.63,0,"","","",""
RW2,1799,10/9/2023 22:00,17.54,0,"","","",""
RW2,1800,10/9/2023 22:05,17.59,0,"","","",""
RW2,1801,10/9/2023 22:10,17.46,0,"","","",""
RW2,1802,10/9/2023 22:15,17.33,0,"","","",""
RW2,1803,10/9/2023 22:20,17.37,0,"","","",""
RW2,1804,10/9/2023 22:25,17.07,0,"","","",""
RW2,1805,10/9/2023 22:30,16.81,0,"","","",""
RW2,1884,10/10/2023 5:05,15.96,0,"","","",""
RW2,1885,10/10/2023 5:10,16.08,0,"","","",""
RW2,1886,10/10/2023 5:15,16.26,0,"","","",""
RW2,1887,10/10/2023 5:20,16.34,0,"","","",""
RW2,1888,10/10/2023 5:25,16.77,0,"","","",""
RW2,1889,10/10/2023 5:30,16.86,0,"","","",""
RW2,1890,10/10/2023 5:35,16.99,0,"","","",""
RW2,1891,10/10/2023 5:40,16.94,0,"","","",""
RW2,1892,10/10/2023 5:45,16.94,0,"","","",""
RW2,1893,10/10/2023 5:50,16.94,0,"","","",""
RW2,1894,10/10/2023 5:55,16.9,0,"","","",""
RW2,1895,10/10/2023 6:00,16.94,0,"","","",""
RW2,1896,10/10/2023 6:05,16.94,0,"","","",""
RW2,1897,10/10/2023 6:10,16.9,0,"","","",""
RW2,1898,10/10/2023 6:15,16.94,0,"","","",""
RW2,1899,10/10/2023 6:20,16.94,0,"","","",""
RW2,1900,10/10/2023 6:25,16.94,0,"","","",""
RW2,1901,10/10/2023 6:30,16.94,0,"","","",""
RW2,1902,10/10/2023 6:35,16.94,0.22,"","","",""
RW2,1903,10/10/2023 6:40,16.9,0,"","","",""
RW2,1904,10/10/2023 6:45,16.94,0.44,"","","",""
RW2,1905,10/10/2023 6:50,16.9,0.44,"","","",""
RW2,1906,10/10/2023 6:55,16.94,1.55,"","","",""
RW2,1907,10/10/2023 7:00,16.9,18.16,"","","",""
RW2,1908,10/10/2023 7:05,16.9,48.44,"","","",""
RW2,1909,10/10/2023 7:10,16.9,3.1,"","","",""
RW2,1910,10/10/2023 7:15,16.9,1.99,"","","",""
RW2,1911,10/10/2023 7:20,16.94,324.72,"","","",""
RW2,1912,10/10/2023 7:25,16.9,15.14,"","","",""
RW2,1913,10/10/2023 7:30,16.9,24.53,"","","",""
RW2,1914,10/10/2023 7:35,16.9,627.68,"","","",""
RW2,1915,10/10/2023 7:40,16.9,31.23,"","","",""
RW2,1916,10/10/2023 7:45,16.9,6,"","","",""
RW2,1917,10/10/2023 7:50,16.86,38.65,"","","",""
RW2,1918,10/10/2023 7:55,16.9,1.32,"","","",""
RW2,1919,10/10/2023 8:00,16.86,319.84,"","","",""
RW2,1920,10/10/2023 8:05,16.9,10.54,"","","",""
RW2,1921,10/10/2023 8:10,16.9,514.72,"","","",""
RW2,1922,10/10/2023 8:15,16.86,23.64,"","","",""
RW2,1923,10/10/2023 8:20,16.9,1550.08,"","","",""
RW2,1924,10/10/2023 8:25,16.94,20.82,"","","",""
RW2,1925,10/10/2023 8:30,16.9,542.24,"","","",""
RW2,1926,10/10/2023 8:35,16.9,34.61,"","","",""
RW2,1927,10/10/2023 8:40,16.94,2540.8,"","","",""
RW2,1928,10/10/2023 8:45,16.99,22.15,"","","",""
RW2,1929,10/10/2023 8:50,16.99,337.92,"","","",""
RW2,1930,10/10/2023 8:55,16.9,51.6,"","","",""
RW2,1931,10/10/2023 9:00,17.03,455.84,"","","",""
RW2,1932,10/10/2023 9:05,16.99,10347.52,"","","",""
RW2,1933,10/10/2023 9:10,16.94,233.12,"","","",""
RW2,1934,10/10/2023 9:15,17.03,2699.52,"","","",""
RW2,1935,10/10/2023 9:20,16.99,426.56,"","","",""
RW2,1936,10/10/2023 9:25,17.03,69.5,"","","",""
RW2,1937,10/10/2023 9:30,17.07,10.18,"","","",""
RW2,1938,10/10/2023 9:35,17.11,26.58,"","","",""
RW2,1939,10/10/2023 9:40,17.16,364.48,"","","",""
RW2,1940,10/10/2023 9:45,17.16,1332.48,"","","",""
RW2,1941,10/10/2023 9:50,17.16,32.56,"","","",""
RW2,1942,10/10/2023 9:55,17.2,43.4,"","","",""
RW2,1943,10/10/2023 10:00,17.2,480.8,"","","",""
RW2,1944,10/10/2023 10:05,17.24,26.8,"","","",""
RW2,1945,10/10/2023 10:10,17.24,3388.16,"","","",""
RW2,1946,10/10/2023 10:15,17.24,764.16,"","","",""
RW2,1947,10/10/2023 10:20,17.33,259.68,"","","",""
RW2,1948,10/10/2023 10:25,17.29,2436.48,"","","",""
RW2,1949,10/10/2023 10:30,17.33,93.8,"","","",""
RW2,1950,10/10/2023 10:35,17.41,3713.28,"","","",""
RW2,1951,10/10/2023 10:40,17.41,1181.12,"","","",""
RW2,1952,10/10/2023 10:45,17.37,73.1,"","","",""
RW2,1953,10/10/2023 10:50,17.37,83.84,"","","",""
RW2,1954,10/10/2023 10:55,17.63,574.56,"","","",""
RW2,1955,10/10/2023 11:00,17.84,24576,"","","",""
RW2,1956,10/10/2023 11:05,17.84,6632.96,"","","",""
RW2,1957,10/10/2023 11:10,17.8,4508.16,"","","",""
RW2,1958,10/10/2023 11:15,18.1,22405.12,"","","",""
RW2,1959,10/10/2023 11:20,18.32,5675.52,"","","",""
RW2,1960,10/10/2023 11:25,18.49,4476.16,"","","",""
RW2,1961,10/10/2023 11:30,19.22,9192.96,"","","",""
RW2,1962,10/10/2023 11:35,20.16,38645.76,"","","",""
RW2,1963,10/10/2023 11:40,21.4,18109.44,"","","",""
RW2,1964,10/10/2023 11:45,22.52,53514.24,"","","",""
RW2,1965,10/10/2023 11:50,21.75,4716.8,"","","",""
RW2,1966,10/10/2023 11:55,20.42,2767.36,"","","",""
RW2,1967,10/10/2023 12:00,19.99,2177.92,"","","",""
RW2,1968,10/10/2023 12:05,21.28,4600.32,"","","",""
RW2,1969,10/10/2023 12:10,24.06,6689.28,"","","",""
RW2,1970,10/10/2023 12:15,25.95,5294.08,"","","",""
RW2,2008,10/10/2023 15:25,21.79,2448.64,"","","",""
RW2,2009,10/10/2023 15:30,21.4,2625.28,"","","",""
RW2,2010,10/10/2023 15:35,21.23,3462.4,"","","",""
RW2,2011,10/10/2023 15:40,20.5,2064,"","","",""
RW2,2012,10/10/2023 15:45,20.12,2113.92,"","","",""
RW2,2013,10/10/2023 15:50,19.95,1973.76,"","","",""
RW2,2014,10/10/2023 15:55,19.69,4224,"","","",""
RW2,2015,10/10/2023 16:00,19.35,2088.96,"","","",""
RW2,2016,10/10/2023 16:05,19.17,258.24,"","","",""
RW2,2017,10/10/2023 16:10,19.3,7237.12,"","","",""
RW2,2018,10/10/2023 16:15,19.13,884.16,"","","",""
RW2,2019,10/10/2023 16:20,18.87,189.12,"","","",""
RW2,2020,10/10/2023 16:25,18.87,4220.16,"","","",""
RW2,2021,10/10/2023 16:30,18.87,1863.68,"","","",""
RW2,2022,10/10/2023 16:35,18.83,168.08,"","","",""
RW2,2023,10/10/2023 16:40,18.83,1527.04,"","","",""
RW2,2024,10/10/2023 16:45,18.79,351.84,"","","",""
RW2,2025,10/10/2023 16:50,18.74,32.39,"","","",""
RW2,2026,10/10/2023 16:55,18.79,8.03,"","","",""
RW2,2027,10/10/2023 17:00,18.79,38.37,"","","",""
RW2,2028,10/10/2023 17:05,18.79,2.21,"","","",""
RW2,2029,10/10/2023 17:10,18.79,4.2,"","","",""
RW2,2030,10/10/2023 17:15,18.79,23.48,"","","",""
RW2,2031,10/10/2023 17:20,18.74,128.24,"","","",""
RW2,2032,10/10/2023 17:25,18.83,1.55,"","","",""
RW2,2033,10/10/2023 17:30,18.74,242.96,"","","",""
RW2,2034,10/10/2023 17:35,18.7,18.38,"","","",""
RW2,2035,10/10/2023 17:40,18.79,0.88,"","","",""
RW2,2036,10/10/2023 17:45,18.79,1096.96,"","","",""
RW2,2037,10/10/2023 17:50,18.87,22.59,"","","",""
RW2,2038,10/10/2023 17:55,18.87,176.08,"","","",""
RW2,2039,10/10/2023 18:00,18.83,12.62,"","","",""
RW2,2040,10/10/2023 18:05,18.83,11.29,"","","",""
RW2,2041,10/10/2023 18:10,18.79,7.53,"","","",""
RW2,2042,10/10/2023 18:15,18.74,0,"","","",""
RW2,2043,10/10/2023 18:20,18.79,0.44,"","","",""
RW2,2044,10/10/2023 18:25,18.87,2.65,"","","",""
RW2,2045,10/10/2023 18:30,18.87,2.43,"","","",""
RW2,2046,10/10/2023 18:35,18.87,10.63,"","","",""
RW2,2047,10/10/2023 18:40,18.92,0,"","","",""
RW2,2048,10/10/2023 18:45,18.92,0,"","","",""
RW2,2049,10/10/2023 18:50,18.83,0,"","","",""
RW2,2050,10/10/2023 18:55,18.79,0,"","","",""
RW2,2051,10/10/2023 19:00,18.87,0,"","","",""
RW2,2052,10/10/2023 19:05,18.74,0,"","","",""
RW2,2053,10/10/2023 19:10,18.7,0,"","","",""
RW2,2054,10/10/2023 19:15,18.66,0,"","","",""
RW2,2055,10/10/2023 19:20,18.74,0,"","","",""
RW2,2056,10/10/2023 19:25,18.79,0,"","","",""
RW2,2057,10/10/2023 19:30,18.79,0,"","","",""
RW2,2058,10/10/2023 19:35,18.83,0,"","","",""
RW2,2059,10/10/2023 19:40,18.79,0,"","","",""
RW2,2060,10/10/2023 19:45,18.74,0,"","","",""
RW2,2061,10/10/2023 19:50,18.83,0,"","","",""
RW2,2062,10/10/2023 19:55,18.79,0,"","","",""
RW2,2063,10/10/2023 20:00,18.83,0,"","","",""
RW2,2064,10/10/2023 20:05,18.79,0,"","","",""
RW2,2065,10/10/2023 20:10,18.7,0,"","","",""
RW2,2066,10/10/2023 20:15,18.74,0,"","","",""
RW2,2067,10/10/2023 20:20,18.74,0,"","","",""
RW2,2068,10/10/2023 20:25,18.74,0,"","","",""
RW2,2069,10/10/2023 20:30,18.7,0,"","","",""
RW2,2070,10/10/2023 20:35,18.74,0,"","","",""
RW2,2071,10/10/2023 20:40,18.83,0,"","","",""
RW2,2072,10/10/2023 20:45,18.83,0,"","","",""
RW2,2073,10/10/2023 20:50,18.87,0,"","","",""
RW2,2074,10/10/2023 20:55,18.87,0,"","","",""
RW2,2075,10/10/2023 21:00,18.92,0,"","","",""
RW2,2076,10/10/2023 21:05,18.87,0,"","","",""
RW2,2077,10/10/2023 21:10,18.87,0,"","","",""
RW2,2078,10/10/2023 21:15,18.79,0,"","","",""
RW2,2079,10/10/2023 21:20,18.79,0,"","","",""
RW2,2080,10/10/2023 21:25,18.87,0,"","","",""
RW2,2081,10/10/2023 21:30,18.79,0,"","","",""
RW2,2082,10/10/2023 21:35,18.79,0,"","","",""
RW2,2083,10/10/2023 21:40,18.7,0,"","","",""
RW2,2084,10/10/2023 21:45,18.79,0,"","","",""
RW2,2085,10/10/2023 21:50,18.79,0,"","","",""
RW2,2086,10/10/2023 21:55,18.74,0,"","","",""
RW2,2087,10/10/2023 22:00,18.74,0,"","","",""
RW2,2088,10/10/2023 22:05,18.7,0,"","","",""
RW2,2089,10/10/2023 22:10,18.74,0,"","","",""
RW2,2090,10/10/2023 22:15,18.83,0,"","","",""
RW2,2091,10/10/2023 22:20,18.79,0,"","","",""
RW2,2092,10/10/2023 22:25,18.79,0,"","","",""
RW2,2093,10/10/2023 22:30,18.83,0,"","","",""
RW2,2094,10/10/2023 22:35,18.74,0,"","","",""
RW2,2095,10/10/2023 22:40,18.79,0,"","","",""
RW2,2096,10/10/2023 22:45,18.74,0,"","","",""
RW2,2097,10/10/2023 22:50,18.7,0,"","","",""
RW2,2098,10/10/2023 22:55,18.66,0,"","","",""
RW2,2099,10/10/2023 23:00,18.4,0,"","","",""
RW2,2100,10/10/2023 23:05,18.36,0,"","","",""
RW2,2101,10/10/2023 23:10,17.72,0,"","","",""
RW2,2102,10/10/2023 23:15,17.63,0,"","","",""
RW2,2173,10/11/2023 5:10,15.66,0,"","","",""
RW2,2174,10/11/2023 5:15,15.74,0,"","","",""
RW2,2175,10/11/2023 5:20,16.34,0,"","","",""
RW2,2176,10/11/2023 5:25,17.16,0,"","","",""
RW2,2177,10/11/2023 5:30,17.63,0,"","","",""
RW2,2178,10/11/2023 5:35,17.72,0,"","","",""
RW2,2179,10/11/2023 5:40,17.8,0,"","","",""
RW2,2180,10/11/2023 5:45,17.89,0,"","","",""
RW2,2181,10/11/2023 5:50,17.84,0,"","","",""
RW2,2182,10/11/2023 5:55,17.8,0,"","","",""
RW2,2183,10/11/2023 6:00,17.84,0,"","","",""
RW2,2184,10/11/2023 6:05,17.8,0,"","","",""
RW2,2185,10/11/2023 6:10,17.76,0,"","","",""
RW2,2186,10/11/2023 6:15,17.76,0,"","","",""
RW2,2187,10/11/2023 6:20,17.8,0,"","","",""
RW2,2188,10/11/2023 6:25,17.76,0,"","","",""
RW2,2189,10/11/2023 6:30,17.72,0,"","","",""
RW2,2190,10/11/2023 6:35,17.72,0,"","","",""
RW2,2191,10/11/2023 6:40,17.72,0,"","","",""
RW2,2192,10/11/2023 6:45,17.72,0,"","","",""
RW2,2193,10/11/2023 6:50,17.67,0,"","","",""
RW2,2194,10/11/2023 6:55,17.63,21.7,"","","",""
RW2,2195,10/11/2023 7:00,17.67,7.08,"","","",""
RW2,2196,10/11/2023 7:05,17.63,0.22,"","","",""
RW2,2197,10/11/2023 7:10,17.67,19.05,"","","",""
RW2,2198,10/11/2023 7:15,17.63,0.44,"","","",""
RW2,2199,10/11/2023 7:20,17.67,2.21,"","","",""
RW2,2200,10/11/2023 7:25,17.67,23.03,"","","",""
RW2,2201,10/11/2023 7:30,17.67,24.86,"","","",""
RW2,2202,10/11/2023 7:35,17.72,66.66,"","","",""
RW2,2203,10/11/2023 7:40,17.76,200.4,"","","",""
RW2,2204,10/11/2023 7:45,17.76,0.44,"","","",""
RW2,2205,10/11/2023 7:50,17.76,143.52,"","","",""
RW2,2206,10/11/2023 7:55,17.72,1.1,"","","",""
RW2,2207,10/11/2023 8:00,17.76,37.35,"","","",""
RW2,2208,10/11/2023 8:05,17.76,23.03,"","","",""
RW2,2209,10/11/2023 8:10,17.76,21.7,"","","",""
RW2,2210,10/11/2023 8:15,17.8,285.04,"","","",""
RW2,2211,10/11/2023 8:20,17.8,6.2,"","","",""
RW2,2212,10/11/2023 8:25,17.84,17.08,"","","",""
RW2,2213,10/11/2023 8:30,17.84,365.44,"","","",""
RW2,2214,10/11/2023 8:35,17.84,236.08,"","","",""
RW2,2215,10/11/2023 8:40,17.89,15.86,"","","",""
RW2,2216,10/11/2023 8:45,17.93,143.4,"","","",""
RW2,2217,10/11/2023 8:50,17.89,688.32,"","","",""
RW2,2218,10/11/2023 8:55,17.93,745.92,"","","",""
RW2,2219,10/11/2023 9:00,17.93,7.61,"","","",""
RW2,2220,10/11/2023 9:05,17.97,343.04,"","","",""
RW2,2221,10/11/2023 9:10,18.02,382.88,"","","",""
RW2,2222,10/11/2023 9:15,18.06,59.58,"","","",""
RW2,2223,10/11/2023 9:20,18.06,0,"","","",""
RW2,2224,10/11/2023 9:25,18.02,26.3,"","","",""
RW2,2225,10/11/2023 9:30,18.06,37.32,"","","",""
RW2,2226,10/11/2023 9:35,18.14,26.19,"","","",""
RW2,2227,10/11/2023 9:40,18.19,36.44,"","","",""
RW2,2228,10/11/2023 9:45,18.19,43.36,"","","",""
RW2,2229,10/11/2023 9:50,18.23,337.12,"","","",""
RW2,2230,10/11/2023 9:55,18.23,428.32,"","","",""
RW2,2231,10/11/2023 10:00,18.23,1291.84,"","","",""
RW2,2232,10/11/2023 10:05,18.27,150.84,"","","",""
RW2,2233,10/11/2023 10:10,18.32,33.83,"","","",""
RW2,2234,10/11/2023 10:15,18.36,43.3,"","","",""
RW2,2235,10/11/2023 10:20,18.4,8.97,"","","",""
RW2,2236,10/11/2023 10:25,18.49,2785.28,"","","",""
RW2,2237,10/11/2023 10:30,18.49,33.72,"","","",""
RW2,2238,10/11/2023 10:35,18.62,44.12,"","","",""
RW2,2239,10/11/2023 10:40,18.53,75.98,"","","",""
RW2,2240,10/11/2023 10:45,18.62,59.14,"","","",""
RW2,2241,10/11/2023 10:50,18.57,4273.92,"","","",""
RW2,2242,10/11/2023 10:55,18.7,1372.16,"","","",""
RW2,2243,10/11/2023 11:00,18.79,1364.48,"","","",""
RW2,2244,10/11/2023 11:05,18.79,7790.08,"","","",""
RW2,2245,10/11/2023 11:10,18.92,26890.24,"","","",""
RW2,2246,10/11/2023 11:15,18.96,860.8,"","","",""
RW2,2247,10/11/2023 11:20,19,2261.76,"","","",""
RW2,2248,10/11/2023 11:25,19.26,8668.16,"","","",""
RW2,2249,10/11/2023 11:30,19.17,244.48,"","","",""
RW2,2250,10/11/2023 11:35,19.3,671.36,"","","",""
RW2,2251,10/11/2023 11:40,19.9,2933.76,"","","",""
RW2,2252,10/11/2023 11:45,19.95,1643.52,"","","",""
RW2,2253,10/11/2023 11:50,20.85,38369.28,"","","",""
RW2,2254,10/11/2023 11:55,21.15,33310.72,"","","",""
RW2,2255,10/11/2023 12:00,21.62,65822.72,"","","",""
RW2,2256,10/11/2023 12:05,23.29,1968.64,"","","",""
RW2,2257,10/11/2023 12:10,21.49,2040.96,"","","",""
RW2,2258,10/11/2023 12:15,22.01,5821.44,"","","",""
RW2,2259,10/11/2023 12:20,23.21,77291.52,"","","",""
RW2,2260,10/11/2023 12:25,25.99,77312,"","","",""
RW2,2307,10/11/2023 16:20,25.01,22517.76,"","","",""
RW2,2308,10/11/2023 16:25,22.56,21063.68,"","","",""
RW2,2309,10/11/2023 16:30,22.09,14940.16,"","","",""
RW2,2310,10/11/2023 16:35,21.36,19.49,"","","",""
RW2,2311,10/11/2023 16:40,21.62,16988.16,"","","",""
RW2,2312,10/11/2023 16:45,21.15,11596.8,"","","",""
RW2,2313,10/11/2023 16:50,20.76,1738.24,"","","",""
RW2,2314,10/11/2023 16:55,20.42,1501.44,"","","",""
RW2,2315,10/11/2023 17:00,20.07,2069.76,"","","",""
RW2,2316,10/11/2023 17:05,20.03,38.26,"","","",""
RW2,2317,10/11/2023 17:10,19.9,2369.28,"","","",""
RW2,2318,10/11/2023 17:15,19.73,12.21,"","","",""
RW2,2319,10/11/2023 17:20,19.69,38.82,"","","",""
RW2,2320,10/11/2023 17:25,19.65,5.12,"","","",""
RW2,2321,10/11/2023 17:30,19.6,77.52,"","","",""
RW2,2322,10/11/2023 17:35,19.56,40.15,"","","",""
RW2,2323,10/11/2023 17:40,19.47,16.83,"","","",""
RW2,2324,10/11/2023 17:45,19.47,7.53,"","","",""
RW2,2325,10/11/2023 17:50,19.43,91.68,"","","",""
RW2,2326,10/11/2023 17:55,19.39,0.22,"","","",""
RW2,2327,10/11/2023 18:00,19.39,0.66,"","","",""
RW2,2328,10/11/2023 18:05,19.3,23.48,"","","",""
RW2,2329,10/11/2023 18:10,19.3,28.35,"","","",""
RW2,2330,10/11/2023 18:15,19.26,15.28,"","","",""
RW2,2331,10/11/2023 18:20,19.22,68.56,"","","",""
RW2,2332,10/11/2023 18:25,19.22,35.49,"","","",""
RW2,2333,10/11/2023 18:30,19.17,10.41,"","","",""
RW2,2334,10/11/2023 18:35,19.17,1.99,"","","",""
RW2,2335,10/11/2023 18:40,19.13,0,"","","",""
RW2,2336,10/11/2023 18:45,19.13,0,"","","",""
RW2,2337,10/11/2023 18:50,19.09,0,"","","",""
RW2,2338,10/11/2023 18:55,19.09,0,"","","",""
RW2,2339,10/11/2023 19:00,19.05,0,"","","",""
RW2,2340,10/11/2023 19:05,19.05,0,"","","",""
RW2,2341,10/11/2023 19:10,18.96,0,"","","",""
RW2,2342,10/11/2023 19:15,18.96,0,"","","",""
RW2,2343,10/11/2023 19:20,18.92,0,"","","",""
RW2,2344,10/11/2023 19:25,18.92,0,"","","",""
RW2,2345,10/11/2023 19:30,18.92,0,"","","",""
RW2,2346,10/11/2023 19:35,18.87,0,"","","",""
RW2,2347,10/11/2023 19:40,18.87,0,"","","",""
RW2,2348,10/11/2023 19:45,18.92,0,"","","",""
RW2,2349,10/11/2023 19:50,18.83,0,"","","",""
RW2,2350,10/11/2023 19:55,18.83,0,"","","",""
RW2,2351,10/11/2023 20:00,18.83,0,"","","",""
RW2,2352,10/11/2023 20:05,18.83,0,"","","",""
RW2,2353,10/11/2023 20:10,18.87,0,"","","",""
RW2,2354,10/11/2023 20:15,18.79,0,"","","",""
RW2,2355,10/11/2023 20:20,18.83,0,"","","",""
RW2,2356,10/11/2023 20:25,18.79,0,"","","",""
RW2,2357,10/11/2023 20:30,18.79,0,"","","",""
RW2,2358,10/11/2023 20:35,18.79,0,"","","",""
RW2,2359,10/11/2023 20:40,18.79,0,"","","",""
RW2,2360,10/11/2023 20:45,18.74,0,"","","",""
RW2,2361,10/11/2023 20:50,18.79,0,"","","",""
RW2,2362,10/11/2023 20:55,18.79,0,"","","",""
RW2,2363,10/11/2023 21:00,18.79,0,"","","",""
RW2,2364,10/11/2023 21:05,18.74,0,"","","",""
RW2,2365,10/11/2023 21:10,18.74,0,"","","",""
RW2,2366,10/11/2023 21:15,18.79,0,"","","",""
RW2,2367,10/11/2023 21:20,18.74,0,"","","",""
RW2,2368,10/11/2023 21:25,18.74,0,"","","",""
RW2,2369,10/11/2023 21:30,18.7,0,"","","",""
RW2,2370,10/11/2023 21:35,18.74,0,"","","",""
RW2,2371,10/11/2023 21:40,18.74,0,"","","",""
RW2,2372,10/11/2023 21:45,18.7,0,"","","",""
RW2,2373,10/11/2023 21:50,18.74,0,"","","",""
RW2,2374,10/11/2023 21:55,18.74,0,"","","",""
RW2,2375,10/11/2023 22:00,18.79,0,"","","",""
RW2,2376,10/11/2023 22:05,18.74,0,"","","",""
RW2,2377,10/11/2023 22:10,18.7,0,"","","",""
RW2,2378,10/11/2023 22:15,18.74,0,"","","",""
RW2,2379,10/11/2023 22:20,18.74,0,"","","",""
RW2,2380,10/11/2023 22:25,18.74,0,"","","",""
RW2,2381,10/11/2023 22:30,18.7,0,"","","",""
RW2,2382,10/11/2023 22:35,18.7,0,"","","",""
RW2,2383,10/11/2023 22:40,18.74,0,"","","",""
RW2,2384,10/11/2023 22:45,18.7,0,"","","",""
RW2,2385,10/11/2023 22:50,18.7,0,"","","",""
RW2,2386,10/11/2023 22:55,18.74,0,"","","",""
RW2,2387,10/11/2023 23:00,18.7,0,"","","",""
RW2,2388,10/11/2023 23:05,18.7,0,"","","",""
RW2,2389,10/11/2023 23:10,18.66,0,"","","",""
RW2,2390,10/11/2023 23:15,18.66,0,"","","",""
RW2,2391,10/11/2023 23:20,18.66,0,"","","",""
RW2,2392,10/11/2023 23:25,18.66,0,"","","",""
RW2,2393,10/11/2023 23:30,18.62,0,"","","",""
RW2,2394,10/11/2023 23:35,18.53,0,"","","",""
RW2,2395,10/11/2023 23:40,18.44,0,"","","",""
RW2,2396,10/11/2023 23:45,18.36,0,"","","",""
RW2,2397,10/11/2023 23:50,18.14,0,"","","",""
RW2,2398,10/11/2023 23:55,17.54,0,"","","",""
RW2,2464,10/12/2023 5:25,17.2,0,"","","",""
RW2,2465,10/12/2023 5:30,17.29,0,"","","",""
RW2,2466,10/12/2023 5:35,17.63,0,"","","",""
RW2,2467,10/12/2023 5:40,17.63,0,"","","",""
RW2,2468,10/12/2023 5:45,17.76,0,"","","",""
RW2,2469,10/12/2023 5:50,17.8,0,"","","",""
RW2,2470,10/12/2023 5:55,17.8,0,"","","",""
RW2,2471,10/12/2023 6:00,17.84,0,"","","",""
RW2,2472,10/12/2023 6:05,17.8,0,"","","",""
RW2,2473,10/12/2023 6:10,17.8,0,"","","",""
RW2,2474,10/12/2023 6:15,17.72,0,"","","",""
RW2,2475,10/12/2023 6:20,17.63,0,"","","",""
RW2,2476,10/12/2023 6:25,17.63,0,"","","",""
RW2,2477,10/12/2023 6:30,17.63,0.44,"","","",""
RW2,2478,10/12/2023 6:35,17.63,0,"","","",""
RW2,2479,10/12/2023 6:40,17.63,0,"","","",""
RW2,2480,10/12/2023 6:45,17.72,7.97,"","","",""
RW2,2481,10/12/2023 6:50,17.63,0.22,"","","",""
RW2,2482,10/12/2023 6:55,17.67,0,"","","",""
RW2,2483,10/12/2023 7:00,17.63,50.6,"","","",""
RW2,2484,10/12/2023 7:05,17.67,20.82,"","","",""
RW2,2485,10/12/2023 7:10,17.63,5.98,"","","",""
RW2,2486,10/12/2023 7:15,17.63,81.96,"","","",""
RW2,2487,10/12/2023 7:20,17.67,235.2,"","","",""
RW2,2488,10/12/2023 7:25,17.63,2.65,"","","",""
RW2,2489,10/12/2023 7:30,17.67,6.86,"","","",""
RW2,2490,10/12/2023 7:35,17.63,17.11,"","","",""
RW2,2491,10/12/2023 7:40,17.59,3.32,"","","",""
RW2,2492,10/12/2023 7:45,17.54,9.99,"","","",""
RW2,2493,10/12/2023 7:50,17.54,2.43,"","","",""
RW2,2494,10/12/2023 7:55,17.54,154.04,"","","",""
RW2,2495,10/12/2023 8:00,17.59,2.65,"","","",""
RW2,2496,10/12/2023 8:05,17.59,46.24,"","","",""
RW2,2497,10/12/2023 8:10,17.59,40.87,"","","",""
RW2,2498,10/12/2023 8:15,17.63,21.26,"","","",""
RW2,2499,10/12/2023 8:20,17.59,27.52,"","","",""
RW2,2500,10/12/2023 8:25,17.63,52.88,"","","",""
RW2,2501,10/12/2023 8:30,17.54,1.99,"","","",""
RW2,2502,10/12/2023 8:35,17.59,7.53,"","","",""
RW2,2503,10/12/2023 8:40,17.59,190.48,"","","",""
RW2,2504,10/12/2023 8:45,17.59,3.98,"","","",""
RW2,2505,10/12/2023 8:50,17.54,86.36,"","","",""
RW2,2506,10/12/2023 8:55,17.59,5.98,"","","",""
RW2,2507,10/12/2023 9:00,17.63,31.06,"","","",""
RW2,2508,10/12/2023 9:05,17.59,11.54,"","","",""
RW2,2509,10/12/2023 9:10,17.67,71.7,"","","",""
RW2,2510,10/12/2023 9:15,17.63,4.87,"","","",""
RW2,2511,10/12/2023 9:20,17.67,5.75,"","","",""
RW2,2512,10/12/2023 9:25,17.67,290.56,"","","",""
RW2,2513,10/12/2023 9:30,17.67,12.43,"","","",""
RW2,2514,10/12/2023 9:35,17.72,155.04,"","","",""
RW2,2515,10/12/2023 9:40,17.67,4.2,"","","",""
RW2,2516,10/12/2023 9:45,17.72,42.8,"","","",""
RW2,2517,10/12/2023 9:50,17.8,8.94,"","","",""
RW2,2518,10/12/2023 9:55,17.76,1297.92,"","","",""
RW2,2519,10/12/2023 10:00,17.8,9.74,"","","",""
RW2,2520,10/12/2023 10:05,17.84,1286.4,"","","",""
RW2,2521,10/12/2023 10:10,17.89,41.08,"","","",""
RW2,2522,10/12/2023 10:15,17.93,5.98,"","","",""
RW2,2523,10/12/2023 10:20,17.97,3146.24,"","","",""
RW2,2524,10/12/2023 10:25,18.02,235.2,"","","",""
RW2,2525,10/12/2023 10:30,18.06,70.76,"","","",""
RW2,2526,10/12/2023 10:35,18.06,92.36,"","","",""
RW2,2527,10/12/2023 10:40,18.02,72.2,"","","",""
RW2,2528,10/12/2023 10:45,17.97,376.32,"","","",""
RW2,2529,10/12/2023 10:50,17.97,835.52,"","","",""
RW2,2530,10/12/2023 10:55,18.1,168.32,"","","",""
RW2,2531,10/12/2023 11:00,18.19,59.02,"","","",""
RW2,2532,10/12/2023 11:05,18.23,382.72,"","","",""
RW2,2533,10/12/2023 11:10,18.14,166.96,"","","",""
RW2,2534,10/12/2023 11:15,18.32,16.22,"","","",""
RW2,2535,10/12/2023 11:20,18.4,166.32,"","","",""
RW2,2536,10/12/2023 11:25,18.44,46.4,"","","",""
RW2,2537,10/12/2023 11:30,18.49,331.36,"","","",""
RW2,2538,10/12/2023 11:35,18.44,4968.96,"","","",""
RW2,2539,10/12/2023 11:40,18.66,9817.6,"","","",""
RW2,2540,10/12/2023 11:45,18.49,82.28,"","","",""
RW2,2541,10/12/2023 11:50,18.83,3203.84,"","","",""
RW2,2542,10/12/2023 11:55,19.05,7357.44,"","","",""
RW2,2543,10/12/2023 12:00,19.17,7636.48,"","","",""
RW2,2544,10/12/2023 12:05,19.3,277.12,"","","",""
RW2,2545,10/12/2023 12:10,19.56,14003.2,"","","",""
RW2,2546,10/12/2023 12:15,22.01,2951.68,"","","",""
RW2,2547,10/12/2023 12:20,22.56,77824,"","","",""
RW2,2548,10/12/2023 12:25,23.03,38543.36,"","","",""
RW2,2549,10/12/2023 12:30,22.18,11673.6,"","","",""
RW2,2607,10/12/2023 17:20,20.59,8058.88,"","","",""
RW2,2608,10/12/2023 17:25,20.07,5011.2,"","","",""
RW2,2609,10/12/2023 17:30,19.22,2826.24,"","","",""
RW2,2610,10/12/2023 17:35,19.05,1161.6,"","","",""
RW2,2611,10/12/2023 17:40,19,2000.64,"","","",""
RW2,2612,10/12/2023 17:45,19.09,246.96,"","","",""
RW2,2613,10/12/2023 17:50,19.13,736.32,"","","",""
RW2,2614,10/12/2023 17:55,19.05,600.64,"","","",""
RW2,2615,10/12/2023 18:00,19.09,377.6,"","","",""
RW2,2616,10/12/2023 18:05,19.05,11.98,"","","",""
RW2,2617,10/12/2023 18:10,18.96,15.94,"","","",""
RW2,2618,10/12/2023 18:15,19,22.15,"","","",""
RW2,2619,10/12/2023 18:20,18.96,186.96,"","","",""
RW2,2620,10/12/2023 18:25,18.92,0.22,"","","",""
RW2,2621,10/12/2023 18:30,19,0,"","","",""
RW2,2622,10/12/2023 18:35,19,0,"","","",""
RW2,2623,10/12/2023 18:40,19,0,"","","",""
RW2,2624,10/12/2023 18:45,18.96,0,"","","",""
RW2,2625,10/12/2023 18:50,18.92,0,"","","",""
RW2,2626,10/12/2023 18:55,18.92,0,"","","",""
RW2,2627,10/12/2023 19:00,18.96,0,"","","",""
RW2,2628,10/12/2023 19:05,18.92,0,"","","",""
RW2,2629,10/12/2023 19:10,18.83,0,"","","",""
RW2,2630,10/12/2023 19:15,18.87,0,"","","",""
RW2,2631,10/12/2023 19:20,18.87,0,"","","",""
RW2,2632,10/12/2023 19:25,18.87,0,"","","",""
RW2,2633,10/12/2023 19:30,18.87,0,"","","",""
RW2,2634,10/12/2023 19:35,18.83,0,"","","",""
RW2,2635,10/12/2023 19:40,18.83,0,"","","",""
RW2,2636,10/12/2023 19:45,18.83,0,"","","",""
RW2,2637,10/12/2023 19:50,18.79,0,"","","",""
RW2,2638,10/12/2023 19:55,18.79,0,"","","",""
RW2,2639,10/12/2023 20:00,18.83,0,"","","",""
RW2,2640,10/12/2023 20:05,18.79,0,"","","",""
RW2,2641,10/12/2023 20:10,18.79,0,"","","",""
RW2,2642,10/12/2023 20:15,18.83,0,"","","",""
RW2,2643,10/12/2023 20:20,18.74,0,"","","",""
RW2,2644,10/12/2023 20:25,18.79,0,"","","",""
RW2,2645,10/12/2023 20:30,18.79,0,"","","",""
RW2,2646,10/12/2023 20:35,18.74,0,"","","",""
RW2,2647,10/12/2023 20:40,18.79,0,"","","",""
RW2,2648,10/12/2023 20:45,18.74,0,"","","",""
RW2,2649,10/12/2023 20:50,18.74,0,"","","",""
RW2,2650,10/12/2023 20:55,18.7,0,"","","",""
RW2,2651,10/12/2023 21:00,18.74,0,"","","",""
RW2,2652,10/12/2023 21:05,18.74,0,"","","",""
RW2,2653,10/12/2023 21:10,18.7,0,"","","",""
RW2,2654,10/12/2023 21:15,18.74,0,"","","",""
RW2,2655,10/12/2023 21:20,18.7,0,"","","",""
RW2,2656,10/12/2023 21:25,18.74,0,"","","",""
RW2,2657,10/12/2023 21:30,18.74,0,"","","",""
RW2,2658,10/12/2023 21:35,18.7,0,"","","",""
RW2,2659,10/12/2023 21:40,18.7,0,"","","",""
RW2,2660,10/12/2023 21:45,18.7,0,"","","",""
RW2,2661,10/12/2023 21:50,18.7,0,"","","",""
RW2,2662,10/12/2023 21:55,18.66,0,"","","",""
RW2,2663,10/12/2023 22:00,18.66,0,"","","",""
RW2,2664,10/12/2023 22:05,18.66,0,"","","",""
RW2,2665,10/12/2023 22:10,18.7,0,"","","",""
RW2,2666,10/12/2023 22:15,18.66,0,"","","",""
RW2,2667,10/12/2023 22:20,18.7,0,"","","",""
RW2,2668,10/12/2023 22:25,18.62,0,"","","",""
RW2,2669,10/12/2023 22:30,18.7,0,"","","",""
RW2,2670,10/12/2023 22:35,18.66,0,"","","",""
RW2,2671,10/12/2023 22:40,18.66,0,"","","",""
RW2,2672,10/12/2023 22:45,18.66,0,"","","",""
RW2,2673,10/12/2023 22:50,18.66,0,"","","",""
RW2,2674,10/12/2023 22:55,18.66,0,"","","",""
RW2,2675,10/12/2023 23:00,18.7,0,"","","",""
RW2,2676,10/12/2023 23:05,18.66,0,"","","",""
RW2,2677,10/12/2023 23:10,18.66,0,"","","",""
RW2,2678,10/12/2023 23:15,18.66,0,"","","",""
RW2,2679,10/12/2023 23:20,18.62,0,"","","",""
RW2,2680,10/12/2023 23:25,18.62,0,"","","",""
RW2,2681,10/12/2023 23:30,18.66,0,"","","",""
RW2,2682,10/12/2023 23:35,18.62,0,"","","",""
RW2,2683,10/12/2023 23:40,18.62,0,"","","",""
RW2,2684,10/12/2023 23:45,18.62,0,"","","",""
RW2,2685,10/12/2023 23:50,18.62,0,"","","",""
RW2,2686,10/12/2023 23:55,18.62,0,"","","",""
RW2,2687,10/13/2023 0:00,18.49,0,"","","",""
RW2,2688,10/13/2023 0:05,18.49,0,"","","",""
RW2,2689,10/13/2023 0:10,18.06,0,"","","",""
RW2,2690,10/13/2023 0:15,17.76,0,"","","",""
RW2,2755,10/13/2023 5:40,17.07,0,"","","",""
RW2,2756,10/13/2023 5:45,17.29,0,"","","",""
RW2,2757,10/13/2023 5:50,17.89,0,"","","",""
RW2,2758,10/13/2023 5:55,18.06,0,"","","",""
RW2,2759,10/13/2023 6:00,18.06,0,"","","",""
RW2,2760,10/13/2023 6:05,18.1,0,"","","",""
RW2,2761,10/13/2023 6:10,18.1,0,"","","",""
RW2,2762,10/13/2023 6:15,18.14,0,"","","",""
RW2,2763,10/13/2023 6:20,18.1,0,"","","",""
RW2,2764,10/13/2023 6:25,18.06,0,"","","",""
RW2,2765,10/13/2023 6:30,18.1,0,"","","",""
RW2,2766,10/13/2023 6:35,18.1,0,"","","",""
RW2,2767,10/13/2023 6:40,18.06,0,"","","",""
RW2,2768,10/13/2023 6:45,18.06,0,"","","",""
RW2,2769,10/13/2023 6:50,18.06,4.65,"","","",""
RW2,2770,10/13/2023 6:55,18.06,2.87,"","","",""
RW2,2771,10/13/2023 7:00,18.1,57.76,"","","",""
RW2,2772,10/13/2023 7:05,18.02,11.51,"","","",""
RW2,2773,10/13/2023 7:10,18.02,36.82,"","","",""
RW2,2774,10/13/2023 7:15,17.93,85.48,"","","",""
RW2,2775,10/13/2023 7:20,18.06,94.36,"","","",""
RW2,2776,10/13/2023 7:25,17.93,19.13,"","","",""
RW2,2777,10/13/2023 7:30,17.84,3.76,"","","",""
RW2,2778,10/13/2023 7:35,17.84,56.04,"","","",""
RW2,2779,10/13/2023 7:40,17.8,1.99,"","","",""
RW2,2780,10/13/2023 7:45,17.89,2.21,"","","",""
RW2,2781,10/13/2023 7:50,17.93,3.32,"","","",""
RW2,2782,10/13/2023 7:55,17.93,31.95,"","","",""
RW2,2783,10/13/2023 8:00,17.89,2.87,"","","",""
RW2,2784,10/13/2023 8:05,17.93,8.41,"","","",""
RW2,2785,10/13/2023 8:10,17.93,573.6,"","","",""
RW2,2786,10/13/2023 8:15,17.89,1.55,"","","",""
RW2,2787,10/13/2023 8:20,17.89,0.88,"","","",""
RW2,2788,10/13/2023 8:25,17.84,4163.84,"","","",""
RW2,2789,10/13/2023 8:30,17.84,130.8,"","","",""
RW2,2790,10/13/2023 8:35,17.89,11.29,"","","",""
RW2,2791,10/13/2023 8:40,17.84,77.8,"","","",""
RW2,2792,10/13/2023 8:45,17.8,32.34,"","","",""
RW2,2793,10/13/2023 8:50,17.84,197.52,"","","",""
RW2,2794,10/13/2023 8:55,17.89,145.84,"","","",""
RW2,2795,10/13/2023 9:00,17.89,1.77,"","","",""
RW2,2796,10/13/2023 9:05,17.93,5.98,"","","",""
RW2,2797,10/13/2023 9:10,17.89,9.74,"","","",""
RW2,2798,10/13/2023 9:15,17.89,1738.24,"","","",""
RW2,2799,10/13/2023 9:20,17.89,12.62,"","","",""
RW2,2800,10/13/2023 9:25,17.97,826.56,"","","",""
RW2,2801,10/13/2023 9:30,17.97,3.1,"","","",""
RW2,2802,10/13/2023 9:35,17.97,0,"","","",""
RW2,2803,10/13/2023 9:40,17.97,753.6,"","","",""
RW2,2804,10/13/2023 9:45,18.02,644.48,"","","",""
RW2,2805,10/13/2023 9:50,18.1,28.46,"","","",""
RW2,2806,10/13/2023 9:55,18.1,300.32,"","","",""
RW2,2807,10/13/2023 10:00,18.06,1975.68,"","","",""
RW2,2808,10/13/2023 10:05,18.19,621.28,"","","",""
RW2,2809,10/13/2023 10:10,18.14,0.88,"","","",""
RW2,2810,10/13/2023 10:15,18.19,25.86,"","","",""
RW2,2811,10/13/2023 10:20,18.19,29.35,"","","",""
RW2,2812,10/13/2023 10:25,18.14,400.8,"","","",""
RW2,2813,10/13/2023 10:30,18.23,12.07,"","","",""
RW2,2814,10/13/2023 10:35,18.23,1771.52,"","","",""
RW2,2815,10/13/2023 10:40,18.32,100.44,"","","",""
RW2,2816,10/13/2023 10:45,18.36,389.76,"","","",""
RW2,2817,10/13/2023 10:50,18.44,12.34,"","","",""
RW2,2818,10/13/2023 10:55,18.4,287.04,"","","",""
RW2,2819,10/13/2023 11:00,18.44,3482.88,"","","",""
RW2,2820,10/13/2023 11:05,18.44,16.83,"","","",""
RW2,2821,10/13/2023 11:10,18.44,29.57,"","","",""
RW2,2822,10/13/2023 11:15,18.57,18688,"","","",""
RW2,2823,10/13/2023 11:20,18.57,828.8,"","","",""
RW2,2824,10/13/2023 11:25,18.62,24.97,"","","",""
RW2,2825,10/13/2023 11:30,18.57,99.88,"","","",""
RW2,2826,10/13/2023 11:35,18.62,116.84,"","","",""
RW2,2827,10/13/2023 11:40,18.74,139,"","","",""
RW2,2828,10/13/2023 11:45,18.83,43.18,"","","",""
RW2,2829,10/13/2023 11:50,18.83,29.9,"","","",""
RW2,2830,10/13/2023 11:55,18.87,359.52,"","","",""
RW2,2831,10/13/2023 12:00,19.09,10900.48,"","","",""
RW2,2832,10/13/2023 12:05,19.22,4302.08,"","","",""
RW2,2833,10/13/2023 12:10,19.05,46.34,"","","",""
RW2,2834,10/13/2023 12:15,19.95,63.24,"","","",""
RW2,2835,10/13/2023 12:20,20.16,2088.96,"","","",""
RW2,2836,10/13/2023 12:25,19.9,13460.48,"","","",""
RW2,2837,10/13/2023 12:30,21.53,1050.88,"","","",""
RW2,2838,10/13/2023 12:35,24.49,65126.4,"","","",""
RW2,2905,10/13/2023 18:10,18.87,1165.12,"","","",""
RW2,2906,10/13/2023 18:15,19.05,857.28,"","","",""
RW2,2907,10/13/2023 18:20,19.17,168.56,"","","",""
RW2,2908,10/13/2023 18:25,19.43,158.6,"","","",""
RW2,2909,10/13/2023 18:30,19.56,28.4,"","","",""
RW2,2910,10/13/2023 18:35,19.6,0,"","","",""
RW2,2911,10/13/2023 18:40,19.65,0,"","","",""
RW2,2912,10/13/2023 18:45,19.65,0,"","","",""
RW2,2913,10/13/2023 18:50,19.6,0,"","","",""
RW2,2914,10/13/2023 18:55,19.65,0,"","","",""
RW2,2915,10/13/2023 19:00,19.65,0,"","","",""
RW2,2916,10/13/2023 19:05,19.65,0,"","","",""
RW2,2917,10/13/2023 19:10,19.6,0,"","","",""
RW2,2918,10/13/2023 19:15,19.56,0,"","","",""
RW2,2919,10/13/2023 19:20,19.6,0,"","","",""
RW2,2920,10/13/2023 19:25,19.6,0,"","","",""
RW2,2921,10/13/2023 19:30,19.6,0,"","","",""
RW2,2922,10/13/2023 19:35,19.6,0,"","","",""
RW2,2923,10/13/2023 19:40,19.6,0,"","","",""
RW2,2924,10/13/2023 19:45,19.6,0,"","","",""
RW2,2925,10/13/2023 19:50,19.56,0,"","","",""
RW2,2926,10/13/2023 19:55,19.56,0,"","","",""
RW2,2927,10/13/2023 20:00,19.56,0,"","","",""
RW2,2928,10/13/2023 20:05,19.6,0,"","","",""
RW2,2929,10/13/2023 20:10,19.56,0,"","","",""
RW2,2930,10/13/2023 20:15,19.52,0,"","","",""
RW2,2931,10/13/2023 20:20,19.56,0,"","","",""
RW2,2932,10/13/2023 20:25,19.56,0,"","","",""
RW2,2933,10/13/2023 20:30,19.47,0,"","","",""
RW2,2934,10/13/2023 20:35,19.47,0,"","","",""
RW2,2935,10/13/2023 20:40,19.47,0,"","","",""
RW2,2936,10/13/2023 20:45,19.47,0,"","","",""
RW2,2937,10/13/2023 20:50,19.47,0,"","","",""
RW2,2938,10/13/2023 20:55,19.47,0,"","","",""
RW2,2939,10/13/2023 21:00,19.47,0,"","","",""
RW2,2940,10/13/2023 21:05,19.47,0,"","","",""
RW2,2941,10/13/2023 21:10,19.43,0,"","","",""
RW2,2942,10/13/2023 21:15,19.39,0,"","","",""
RW2,2943,10/13/2023 21:20,19.35,0,"","","",""
RW2,2944,10/13/2023 21:25,19.39,0,"","","",""
RW2,2945,10/13/2023 21:30,19.35,0,"","","",""
RW2,2946,10/13/2023 21:35,19.35,0,"","","",""
RW2,2947,10/13/2023 21:40,19.3,0,"","","",""
RW2,2948,10/13/2023 21:45,19.26,0,"","","",""
RW2,2949,10/13/2023 21:50,19.3,0,"","","",""
RW2,2950,10/13/2023 21:55,19.26,0,"","","",""
RW2,2951,10/13/2023 22:00,19.13,0,"","","",""
RW2,2952,10/13/2023 22:05,19.13,0,"","","",""
RW2,2953,10/13/2023 22:10,19.17,0,"","","",""
RW2,2954,10/13/2023 22:15,19.17,0,"","","",""
RW2,2955,10/13/2023 22:20,19.13,0,"","","",""
RW2,2956,10/13/2023 22:25,19.09,0,"","","",""
RW2,2957,10/13/2023 22:30,19,0,"","","",""
RW2,2958,10/13/2023 22:35,19,0,"","","",""
RW2,2959,10/13/2023 22:40,19.09,0,"","","",""
RW2,2960,10/13/2023 22:45,19.05,0,"","","",""
RW2,2961,10/13/2023 22:50,19.09,0,"","","",""
RW2,2962,10/13/2023 22:55,18.96,0,"","","",""
RW2,2963,10/13/2023 23:00,18.96,0,"","","",""
RW2,2964,10/13/2023 23:05,18.96,0,"","","",""
RW2,2965,10/13/2023 23:10,18.96,0,"","","",""
RW2,2966,10/13/2023 23:15,18.87,0,"","","",""
RW2,2967,10/13/2023 23:20,18.83,0,"","","",""
RW2,2968,10/13/2023 23:25,18.87,0,"","","",""
RW2,2969,10/13/2023 23:30,18.83,0,"","","",""
RW2,2970,10/13/2023 23:35,18.83,0,"","","",""
RW2,2971,10/13/2023 23:40,18.83,0,"","","",""
RW2,2972,10/13/2023 23:45,18.83,0,"","","",""
RW2,2973,10/13/2023 23:50,18.79,0,"","","",""
RW2,2974,10/13/2023 23:55,18.83,0,"","","",""
RW2,2975,10/14/2023 0:00,18.83,0,"","","",""
RW2,2976,10/14/2023 0:05,18.87,0,"","","",""
RW2,2977,10/14/2023 0:10,18.83,0,"","","",""
RW2,2978,10/14/2023 0:15,18.74,0,"","","",""
RW2,2979,10/14/2023 0:20,18.74,0,"","","",""
RW2,2980,10/14/2023 0:25,18.7,0,"","","",""
RW2,2981,10/14/2023 0:30,18.66,0,"","","",""
RW2,2982,10/14/2023 0:35,18.62,0,"","","",""
RW2,3045,10/14/2023 5:50,17.11,0,"","","",""
RW2,3046,10/14/2023 5:55,17.72,0,"","","",""
RW2,3047,10/14/2023 6:00,17.76,0,"","","",""
RW2,3048,10/14/2023 6:05,18.06,0,"","","",""
RW2,3049,10/14/2023 6:10,18.14,0,"","","",""
RW2,3050,10/14/2023 6:15,18.14,0,"","","",""
RW2,3051,10/14/2023 6:20,18.14,0,"","","",""
RW2,3052,10/14/2023 6:25,18.19,0,"","","",""
RW2,3053,10/14/2023 6:30,18.19,0,"","","",""
RW2,3054,10/14/2023 6:35,18.19,0,"","","",""
RW2,3055,10/14/2023 6:40,18.14,0,"","","",""
RW2,3056,10/14/2023 6:45,18.19,0,"","","",""
RW2,3057,10/14/2023 6:50,18.14,15.94,"","","",""
RW2,3058,10/14/2023 6:55,18.14,0.22,"","","",""
RW2,3059,10/14/2023 7:00,18.14,17.27,"","","",""
RW2,3060,10/14/2023 7:05,18.19,0.88,"","","",""
RW2,3061,10/14/2023 7:10,18.14,0.44,"","","",""
RW2,3062,10/14/2023 7:15,18.19,26.58,"","","",""
RW2,3063,10/14/2023 7:20,18.19,437.6,"","","",""
RW2,3064,10/14/2023 7:25,18.14,17.99,"","","",""
RW2,3065,10/14/2023 7:30,18.14,10.63,"","","",""
RW2,3066,10/14/2023 7:35,18.19,0.22,"","","",""
RW2,3067,10/14/2023 7:40,18.19,44.08,"","","",""
RW2,3068,10/14/2023 7:45,18.19,34.22,"","","",""
RW2,3069,10/14/2023 7:50,18.14,58.74,"","","",""
RW2,3070,10/14/2023 7:55,18.19,7.53,"","","",""
RW2,3071,10/14/2023 8:00,18.19,195.12,"","","",""
RW2,3072,10/14/2023 8:05,18.19,21.26,"","","",""
RW2,3073,10/14/2023 8:10,18.19,671.36,"","","",""
RW2,3074,10/14/2023 8:15,18.14,17.27,"","","",""
RW2,3075,10/14/2023 8:20,18.14,35.05,"","","",""
RW2,3076,10/14/2023 8:25,18.19,6.64,"","","",""
RW2,3077,10/14/2023 8:30,18.14,30.18,"","","",""
RW2,3078,10/14/2023 8:35,18.1,125.8,"","","",""
RW2,3079,10/14/2023 8:40,18.14,121.04,"","","",""
RW2,3080,10/14/2023 8:45,18.14,18.02,"","","",""
RW2,3081,10/14/2023 8:50,18.1,16.39,"","","",""
RW2,3082,10/14/2023 8:55,18.1,0,"","","",""
RW2,3083,10/14/2023 9:00,18.14,57.3,"","","",""
RW2,3084,10/14/2023 9:05,18.1,43.08,"","","",""
RW2,3085,10/14/2023 9:10,18.1,0.22,"","","",""
RW2,3086,10/14/2023 9:15,18.06,0,"","","",""
RW2,3087,10/14/2023 9:20,18.06,162.8,"","","",""
RW2,3088,10/14/2023 9:25,18.02,1.1,"","","",""
RW2,3089,10/14/2023 9:30,18.06,18.6,"","","",""
RW2,3090,10/14/2023 9:35,18.06,175.44,"","","",""
RW2,3091,10/14/2023 9:40,18.06,5.09,"","","",""
RW2,3092,10/14/2023 9:45,18.06,64.9,"","","",""
RW2,3093,10/14/2023 9:50,18.02,677.76,"","","",""
RW2,3094,10/14/2023 9:55,18.06,8.25,"","","",""
RW2,3095,10/14/2023 10:00,18.02,0,"","","",""
RW2,3096,10/14/2023 10:05,18.06,25.41,"","","",""
RW2,3097,10/14/2023 10:10,18.06,167.44,"","","",""
RW2,3098,10/14/2023 10:15,18.06,160.12,"","","",""
RW2,3099,10/14/2023 10:20,18.14,70.44,"","","",""
RW2,3100,10/14/2023 10:25,18.1,204.88,"","","",""
RW2,3101,10/14/2023 10:30,18.14,48.94,"","","",""
RW2,3102,10/14/2023 10:35,18.14,611.68,"","","",""
RW2,3103,10/14/2023 10:40,18.19,5237.76,"","","",""
RW2,3104,10/14/2023 10:45,18.19,4220.16,"","","",""
RW2,3105,10/14/2023 10:50,18.19,70.66,"","","",""
RW2,3106,10/14/2023 10:55,18.23,63.18,"","","",""
RW2,3107,10/14/2023 11:00,18.27,544.8,"","","",""
RW2,3108,10/14/2023 11:05,18.19,1509.76,"","","",""
RW2,3109,10/14/2023 11:10,18.36,1242.24,"","","",""
RW2,3110,10/14/2023 11:15,18.36,66.88,"","","",""
RW2,3111,10/14/2023 11:20,18.36,3.76,"","","",""
RW2,3112,10/14/2023 11:25,18.44,1932.16,"","","",""
RW2,3113,10/14/2023 11:30,18.49,1445.12,"","","",""
RW2,3114,10/14/2023 11:35,18.44,477.44,"","","",""
RW2,3115,10/14/2023 11:40,18.49,3200,"","","",""
RW2,3116,10/14/2023 11:45,18.57,773.44,"","","",""
RW2,3117,10/14/2023 11:50,18.49,91.8,"","","",""
RW2,3118,10/14/2023 11:55,18.57,2914.56,"","","",""
RW2,3119,10/14/2023 12:00,18.62,5975.04,"","","",""
RW2,3120,10/14/2023 12:05,18.7,723.2,"","","",""
RW2,3121,10/14/2023 12:10,18.74,64.68,"","","",""
RW2,3122,10/14/2023 12:15,18.96,5131.52,"","","",""
RW2,3123,10/14/2023 12:20,18.92,307.2,"","","",""
RW2,3124,10/14/2023 12:25,19.13,3605.76,"","","",""
RW2,3125,10/14/2023 12:30,19,23418.88,"","","",""
RW2,3126,10/14/2023 12:35,19.52,244.72,"","","",""
RW2,3127,10/14/2023 12:40,20.93,54681.6,"","","",""
RW2,3128,10/14/2023 12:45,20.33,293.04,"","","",""
RW2,3129,10/14/2023 12:50,20.12,42864.64,"","","",""
RW2,3130,10/14/2023 12:55,22.31,19921.92,"","","",""
RW2,3203,10/14/2023 19:00,17.29,0,"","","",""
RW2,3204,10/14/2023 19:05,17.89,0,"","","",""
RW2,3205,10/14/2023 19:10,18.27,0,"","","",""
RW2,3206,10/14/2023 19:15,18.27,0,"","","",""
RW2,3207,10/14/2023 19:20,18.57,0,"","","",""
RW2,3208,10/14/2023 19:25,18.83,0,"","","",""
RW2,3209,10/14/2023 19:30,18.83,0,"","","",""
RW2,3210,10/14/2023 19:35,18.83,0,"","","",""
RW2,3211,10/14/2023 19:40,18.83,0,"","","",""
RW2,3212,10/14/2023 19:45,18.87,0,"","","",""
RW2,3213,10/14/2023 19:50,18.83,0,"","","",""
RW2,3214,10/14/2023 19:55,18.79,0,"","","",""
RW2,3215,10/14/2023 20:00,18.74,0,"","","",""
RW2,3216,10/14/2023 20:05,18.74,0,"","","",""
RW2,3217,10/14/2023 20:10,18.74,0,"","","",""
RW2,3218,10/14/2023 20:15,18.74,0,"","","",""
RW2,3219,10/14/2023 20:20,18.7,0,"","","",""
RW2,3220,10/14/2023 20:25,18.66,0,"","","",""
RW2,3221,10/14/2023 20:30,18.62,0,"","","",""
RW2,3222,10/14/2023 20:35,18.53,0,"","","",""
RW2,3223,10/14/2023 20:40,18.53,0,"","","",""
RW2,3224,10/14/2023 20:45,18.44,0,"","","",""
RW2,3225,10/14/2023 20:50,18.44,0,"","","",""
RW2,3226,10/14/2023 20:55,18.4,0,"","","",""
RW2,3227,10/14/2023 21:00,18.4,0,"","","",""
RW2,3228,10/14/2023 21:05,18.32,0,"","","",""
RW2,3229,10/14/2023 21:10,18.27,0,"","","",""
RW2,3230,10/14/2023 21:15,18.32,0,"","","",""
RW2,3231,10/14/2023 21:20,18.32,0,"","","",""
RW2,3232,10/14/2023 21:25,18.23,0,"","","",""
RW2,3233,10/14/2023 21:30,18.23,0,"","","",""
RW2,3234,10/14/2023 21:35,18.23,0,"","","",""
RW2,3235,10/14/2023 21:40,18.19,0,"","","",""
RW2,3236,10/14/2023 21:45,18.23,0,"","","",""
RW2,3237,10/14/2023 21:50,18.06,0,"","","",""
RW2,3238,10/14/2023 21:55,18.1,0,"","","",""
RW2,3239,10/14/2023 22:00,18.14,0,"","","",""
RW2,3240,10/14/2023 22:05,18.02,0,"","","",""
RW2,3241,10/14/2023 22:10,18.1,0,"","","",""
RW2,3242,10/14/2023 22:15,18.19,0,"","","",""
RW2,3243,10/14/2023 22:20,18.14,0,"","","",""
RW2,3244,10/14/2023 22:25,18.06,0,"","","",""
RW2,3245,10/14/2023 22:30,18.02,0,"","","",""
RW2,3246,10/14/2023 22:35,18.06,0,"","","",""
RW2,3247,10/14/2023 22:40,18.02,0,"","","",""
RW2,3248,10/14/2023 22:45,18.02,0,"","","",""
RW2,3249,10/14/2023 22:50,17.93,0,"","","",""
RW2,3250,10/14/2023 22:55,17.84,0,"","","",""
RW2,3251,10/14/2023 23:00,17.84,0,"","","",""
RW2,3252,10/14/2023 23:05,17.76,0,"","","",""
RW2,3253,10/14/2023 23:10,17.63,0,"","","",""
RW2,3254,10/14/2023 23:15,17.54,0,"","","",""
RW2,3255,10/14/2023 23:20,17.41,0,"","","",""
RW2,3256,10/14/2023 23:25,17.37,0,"","","",""
RW2,3257,10/14/2023 23:30,17.29,0,"","","",""
RW2,3258,10/14/2023 23:35,17.33,0,"","","",""
RW2,3259,10/14/2023 23:40,17.29,0,"","","",""
RW2,3260,10/14/2023 23:45,17.33,0,"","","",""
RW2,3261,10/14/2023 23:50,17.37,0,"","","",""
RW2,3262,10/14/2023 23:55,17.37,0,"","","",""
RW2,3263,10/15/2023 0:00,17.33,0,"","","",""
RW2,3264,10/15/2023 0:05,17.37,0,"","","",""
RW2,3265,10/15/2023 0:10,17.24,0,"","","",""
RW2,3266,10/15/2023 0:15,17.2,0,"","","",""
RW2,3267,10/15/2023 0:20,17.11,0,"","","",""
RW2,3268,10/15/2023 0:25,17.07,0,"","","",""
RW2,3269,10/15/2023 0:30,17.07,0,"","","",""
RW2,3270,10/15/2023 0:35,17.07,0,"","","",""
RW2,3271,10/15/2023 0:40,17.07,0,"","","",""
RW2,3272,10/15/2023 0:45,17.11,0,"","","",""
RW2,3273,10/15/2023 0:50,17.11,0,"","","",""
RW2,3274,10/15/2023 0:55,17.11,0,"","","",""
RW2,3275,10/15/2023 1:00,17.11,0,"","","",""
RW2,3276,10/15/2023 1:05,17.07,0,"","","",""
RW2,3277,10/15/2023 1:10,16.77,0,"","","",""
RW2,3278,10/15/2023 1:15,16.77,0,"","","",""
RW2,3335,10/15/2023 6:00,16.56,0,"","","",""
RW2,3336,10/15/2023 6:05,16.77,0,"","","",""
RW2,3337,10/15/2023 6:10,17.11,0,"","","",""
RW2,3338,10/15/2023 6:15,17.16,0,"","","",""
RW2,3339,10/15/2023 6:20,17.16,0,"","","",""
RW2,3340,10/15/2023 6:25,17.16,0,"","","",""
RW2,3341,10/15/2023 6:30,17.2,1.1,"","","",""
RW2,3342,10/15/2023 6:35,17.2,0.22,"","","",""
RW2,3343,10/15/2023 6:40,17.2,0,"","","",""
RW2,3344,10/15/2023 6:45,17.16,0,"","","",""
RW2,3345,10/15/2023 6:50,17.2,67.16,"","","",""
RW2,3346,10/15/2023 6:55,17.2,0,"","","",""
RW2,3347,10/15/2023 7:00,17.2,177.04,"","","",""
RW2,3348,10/15/2023 7:05,17.24,22.59,"","","",""
RW2,3349,10/15/2023 7:10,17.2,1.99,"","","",""
RW2,3350,10/15/2023 7:15,17.24,154.04,"","","",""
RW2,3351,10/15/2023 7:20,17.2,9.77,"","","",""
RW2,3352,10/15/2023 7:25,17.24,11.1,"","","",""
RW2,3353,10/15/2023 7:30,17.2,15.11,"","","",""
RW2,3354,10/15/2023 7:35,17.2,280,"","","",""
RW2,3355,10/15/2023 7:40,17.29,141.76,"","","",""
RW2,3356,10/15/2023 7:45,17.29,390.24,"","","",""
RW2,3357,10/15/2023 7:50,17.24,28.35,"","","",""
RW2,3358,10/15/2023 7:55,17.29,2.43,"","","",""
RW2,3359,10/15/2023 8:00,17.33,17.83,"","","",""
RW2,3360,10/15/2023 8:05,17.37,12.65,"","","",""
RW2,3361,10/15/2023 8:10,17.37,7.31,"","","",""
RW2,3362,10/15/2023 8:15,17.29,5.09,"","","",""
RW2,3363,10/15/2023 8:20,17.29,141.52,"","","",""
RW2,3364,10/15/2023 8:25,17.33,133.68,"","","",""
RW2,3365,10/15/2023 8:30,17.41,21.26,"","","",""
RW2,3366,10/15/2023 8:35,17.46,36.44,"","","",""
RW2,3367,10/15/2023 8:40,17.46,5.53,"","","",""
RW2,3368,10/15/2023 8:45,17.54,62.24,"","","",""
RW2,3369,10/15/2023 8:50,17.5,4.2,"","","",""
RW2,3370,10/15/2023 8:55,17.5,213.92,"","","",""
RW2,3371,10/15/2023 9:00,17.41,1082.56,"","","",""
RW2,3372,10/15/2023 9:05,17.46,3685.12,"","","",""
RW2,3373,10/15/2023 9:10,17.46,0.66,"","","",""
RW2,3374,10/15/2023 9:15,17.41,110.4,"","","",""
RW2,3375,10/15/2023 9:20,17.41,1174.72,"","","",""
RW2,3376,10/15/2023 9:25,17.41,0.88,"","","",""
RW2,3377,10/15/2023 9:30,17.41,6.64,"","","",""
RW2,3378,10/15/2023 9:35,17.37,47.22,"","","",""
RW2,3379,10/15/2023 9:40,17.41,7.08,"","","",""
RW2,3380,10/15/2023 9:45,17.46,150.6,"","","",""
RW2,3381,10/15/2023 9:50,17.46,600.16,"","","",""
RW2,3382,10/15/2023 9:55,17.54,29.96,"","","",""
RW2,3383,10/15/2023 10:00,17.54,0,"","","",""
RW2,3384,10/15/2023 10:05,17.54,5.53,"","","",""
RW2,3385,10/15/2023 10:10,17.59,187.84,"","","",""
RW2,3386,10/15/2023 10:15,17.59,274.4,"","","",""
RW2,3387,10/15/2023 10:20,17.63,75.64,"","","",""
RW2,3388,10/15/2023 10:25,17.63,2.21,"","","",""
RW2,3389,10/15/2023 10:30,17.59,0.66,"","","",""
RW2,3390,10/15/2023 10:35,17.63,106.76,"","","",""
RW2,3391,10/15/2023 10:40,17.63,0.88,"","","",""
RW2,3392,10/15/2023 10:45,17.59,20.01,"","","",""
RW2,3393,10/15/2023 10:50,17.59,43.9,"","","",""
RW2,3394,10/15/2023 10:55,17.63,138,"","","",""
RW2,3395,10/15/2023 11:00,17.54,1759.36,"","","",""
RW2,3396,10/15/2023 11:05,17.54,371.2,"","","",""
RW2,3397,10/15/2023 11:10,17.46,55.7,"","","",""
RW2,3398,10/15/2023 11:15,17.59,758.72,"","","",""
RW2,3399,10/15/2023 11:20,17.72,6.64,"","","",""
RW2,3400,10/15/2023 11:25,17.84,19.93,"","","",""
RW2,3401,10/15/2023 11:30,17.8,169.28,"","","",""
RW2,3402,10/15/2023 11:35,17.84,15.5,"","","",""
RW2,3403,10/15/2023 11:40,17.93,9.13,"","","",""
RW2,3404,10/15/2023 11:45,17.97,1765.76,"","","",""
RW2,3405,10/15/2023 11:50,18.02,17.14,"","","",""
RW2,3406,10/15/2023 11:55,18.02,124.04,"","","",""
RW2,3407,10/15/2023 12:00,17.97,267.76,"","","",""
RW2,3408,10/15/2023 12:05,18.06,136.44,"","","",""
RW2,3409,10/15/2023 12:10,18.1,279.84,"","","",""
RW2,3410,10/15/2023 12:15,18.1,660.48,"","","",""
RW2,3411,10/15/2023 12:20,18.23,22548.48,"","","",""
RW2,3412,10/15/2023 12:25,18.27,587.84,"","","",""
RW2,3413,10/15/2023 12:30,18.19,40.92,"","","",""
RW2,3414,10/15/2023 12:35,18.19,397.76,"","","",""
RW2,3415,10/15/2023 12:40,18.36,1752.96,"","","",""
RW2,3416,10/15/2023 12:45,18.79,20587.52,"","","",""
RW2,3417,10/15/2023 12:50,18.53,5404.16,"","","",""
RW2,3418,10/15/2023 12:55,18.62,6241.28,"","","",""
RW2,3419,10/15/2023 13:00,20.07,1263.36,"","","",""
RW2,3420,10/15/2023 13:05,20.25,27965.44,"","","",""
RW2,3421,10/15/2023 13:10,19.77,7424,"","","",""
RW2,3422,10/15/2023 13:15,19.56,2369.28,"","","",""
RW2,3423,10/15/2023 13:20,23.25,20894.72,"","","",""
RW2,3502,10/15/2023 19:55,18.23,0,"","","",""
RW2,3503,10/15/2023 20:00,18.32,0,"","","",""
RW2,3504,10/15/2023 20:05,18.62,0,"","","",""
RW2,3505,10/15/2023 20:10,18.57,0,"","","",""
RW2,3506,10/15/2023 20:15,18.57,0,"","","",""
RW2,3507,10/15/2023 20:20,18.57,0,"","","",""
RW2,3508,10/15/2023 20:25,18.53,0,"","","",""
RW2,3509,10/15/2023 20:30,18.57,0,"","","",""
RW2,3510,10/15/2023 20:35,18.57,0,"","","",""
RW2,3511,10/15/2023 20:40,18.53,0,"","","",""
RW2,3512,10/15/2023 20:45,18.53,0,"","","",""
RW2,3513,10/15/2023 20:50,18.53,0,"","","",""
RW2,3514,10/15/2023 20:55,18.49,0,"","","",""
RW2,3515,10/15/2023 21:00,18.44,0,"","","",""
RW2,3516,10/15/2023 21:05,18.36,0,"","","",""
RW2,3517,10/15/2023 21:10,18.36,0,"","","",""
RW2,3518,10/15/2023 21:15,18.36,0,"","","",""
RW2,3519,10/15/2023 21:20,18.32,0,"","","",""
RW2,3520,10/15/2023 21:25,18.27,0,"","","",""
RW2,3521,10/15/2023 21:30,18.19,0,"","","",""
RW2,3522,10/15/2023 21:35,18.19,0,"","","",""
RW2,3523,10/15/2023 21:40,18.19,0,"","","",""
RW2,3524,10/15/2023 21:45,18.19,0,"","","",""
RW2,3525,10/15/2023 21:50,18.19,0,"","","",""
RW2,3526,10/15/2023 21:55,18.1,0,"","","",""
RW2,3527,10/15/2023 22:00,18.1,0,"","","",""
RW2,3528,10/15/2023 22:05,18.06,0,"","","",""
RW2,3529,10/15/2023 22:10,18.02,0,"","","",""
RW2,3530,10/15/2023 22:15,17.97,0,"","","",""
RW2,3531,10/15/2023 22:20,18.02,0,"","","",""
RW2,3532,10/15/2023 22:25,17.97,0,"","","",""
RW2,3533,10/15/2023 22:30,17.84,0,"","","",""
RW2,3534,10/15/2023 22:35,17.8,0,"","","",""
RW2,3535,10/15/2023 22:40,17.72,0,"","","",""
RW2,3536,10/15/2023 22:45,17.67,0,"","","",""
RW2,3537,10/15/2023 22:50,17.67,0,"","","",""
RW2,3538,10/15/2023 22:55,17.59,0,"","","",""
RW2,3539,10/15/2023 23:00,17.54,0,"","","",""
RW2,3540,10/15/2023 23:05,17.5,0,"","","",""
RW2,3541,10/15/2023 23:10,17.46,0,"","","",""
RW2,3542,10/15/2023 23:15,17.37,0,"","","",""
RW2,3543,10/15/2023 23:20,17.37,0,"","","",""
RW2,3544,10/15/2023 23:25,17.33,0,"","","",""
RW2,3545,10/15/2023 23:30,17.29,0,"","","",""
RW2,3546,10/15/2023 23:35,17.29,0,"","","",""
RW2,3547,10/15/2023 23:40,17.24,0,"","","",""
RW2,3548,10/15/2023 23:45,17.24,0,"","","",""
RW2,3549,10/15/2023 23:50,17.24,0,"","","",""
RW2,3550,10/15/2023 23:55,17.24,0,"","","",""
RW2,3551,10/16/2023 0:00,17.24,0,"","","",""
RW2,3552,10/16/2023 0:05,17.24,0,"","","",""
RW2,3553,10/16/2023 0:10,17.24,0,"","","",""
RW2,3554,10/16/2023 0:15,17.29,0,"","","",""
RW2,3555,10/16/2023 0:20,17.2,0,"","","",""
RW2,3556,10/16/2023 0:25,17.24,0,"","","",""
RW2,3557,10/16/2023 0:30,17.29,0,"","","",""
RW2,3558,10/16/2023 0:35,17.29,0,"","","",""
RW2,3559,10/16/2023 0:40,17.29,0,"","","",""
RW2,3560,10/16/2023 0:45,17.29,0,"","","",""
RW2,3561,10/16/2023 0:50,17.29,0,"","","",""
RW2,3562,10/16/2023 0:55,17.29,0,"","","",""
RW2,3563,10/16/2023 1:00,17.33,0,"","","",""
RW2,3564,10/16/2023 1:05,17.37,0,"","","",""
RW2,3565,10/16/2023 1:10,17.33,0,"","","",""
RW2,3566,10/16/2023 1:15,17.37,0,"","","",""
RW2,3567,10/16/2023 1:20,17.37,0,"","","",""
RW2,3568,10/16/2023 1:25,17.37,0,"","","",""
RW2,3569,10/16/2023 1:30,17.37,0,"","","",""
RW2,3570,10/16/2023 1:35,17.37,0,"","","",""
RW2,3571,10/16/2023 1:40,17.37,0,"","","",""
RW2,3572,10/16/2023 1:45,17.29,0,"","","",""
RW2,3623,10/16/2023 6:00,17.5,0,"","","",""
RW2,3624,10/16/2023 6:05,17.46,0,"","","",""
RW2,3625,10/16/2023 6:10,17.5,0,"","","",""
RW2,3626,10/16/2023 6:15,17.59,0,"","","",""
RW2,3627,10/16/2023 6:20,17.54,0,"","","",""
RW2,3628,10/16/2023 6:25,17.54,0,"","","",""
RW2,3629,10/16/2023 6:30,17.54,0,"","","",""
RW2,3630,10/16/2023 6:35,17.54,0,"","","",""
RW2,3631,10/16/2023 6:40,17.54,0.22,"","","",""
RW2,3632,10/16/2023 6:45,17.59,15.75,"","","",""
RW2,3633,10/16/2023 6:50,17.59,2.87,"","","",""
RW2,3634,10/16/2023 6:55,17.54,0.22,"","","",""
RW2,3635,10/16/2023 7:00,17.63,12.62,"","","",""
RW2,3636,10/16/2023 7:05,17.59,56.04,"","","",""
RW2,3637,10/16/2023 7:10,17.59,84.48,"","","",""
RW2,3638,10/16/2023 7:15,17.63,5.75,"","","",""
RW2,3639,10/16/2023 7:20,17.59,45.78,"","","",""
RW2,3640,10/16/2023 7:25,17.63,4.87,"","","",""
RW2,3641,10/16/2023 7:30,17.59,164.8,"","","",""
RW2,3642,10/16/2023 7:35,17.63,30.62,"","","",""
RW2,3643,10/16/2023 7:40,17.54,5.31,"","","",""
RW2,3644,10/16/2023 7:45,17.59,23.03,"","","",""
RW2,3645,10/16/2023 7:50,17.54,0.22,"","","",""
RW2,3646,10/16/2023 7:55,17.5,548,"","","",""
RW2,3647,10/16/2023 8:00,17.54,8.22,"","","",""
RW2,3648,10/16/2023 8:05,17.5,15.14,"","","",""
RW2,3649,10/16/2023 8:10,17.54,384.64,"","","",""
RW2,3650,10/16/2023 8:15,17.54,3.1,"","","",""
RW2,3651,10/16/2023 8:20,17.5,6.86,"","","",""
RW2,3652,10/16/2023 8:25,17.46,349.92,"","","",""
RW2,3653,10/16/2023 8:30,17.5,13.34,"","","",""
RW2,3654,10/16/2023 8:35,17.5,1728.64,"","","",""
RW2,3655,10/16/2023 8:40,17.46,98.88,"","","",""
RW2,3656,10/16/2023 8:45,17.59,1593.6,"","","",""
RW2,3657,10/16/2023 8:50,17.63,42.18,"","","",""
RW2,3658,10/16/2023 8:55,17.54,106.88,"","","",""
RW2,3659,10/16/2023 9:00,17.54,76.52,"","","",""
RW2,3660,10/16/2023 9:05,17.59,10.41,"","","",""
RW2,3661,10/16/2023 9:10,17.63,826.56,"","","",""
RW2,3662,10/16/2023 9:15,17.54,110.4,"","","",""
RW2,3663,10/16/2023 9:20,17.5,15.09,"","","",""
RW2,3664,10/16/2023 9:25,17.54,83.72,"","","",""
RW2,3665,10/16/2023 9:30,17.63,3.54,"","","",""
RW2,3666,10/16/2023 9:35,17.59,45.3,"","","",""
RW2,3667,10/16/2023 9:40,17.63,0.88,"","","",""
RW2,3668,10/16/2023 9:45,17.59,17.72,"","","",""
RW2,3669,10/16/2023 9:50,17.67,0,"","","",""
RW2,3670,10/16/2023 9:55,17.67,1.32,"","","",""
RW2,3671,10/16/2023 10:00,17.67,2.65,"","","",""
RW2,3672,10/16/2023 10:05,17.67,4.2,"","","",""
RW2,3673,10/16/2023 10:10,17.67,0,"","","",""
RW2,3674,10/16/2023 10:15,17.72,35.49,"","","",""
RW2,3675,10/16/2023 10:20,17.72,41.3,"","","",""
RW2,3676,10/16/2023 10:25,17.76,2.43,"","","",""
RW2,3677,10/16/2023 10:30,17.8,609.12,"","","",""
RW2,3678,10/16/2023 10:35,17.8,8.41,"","","",""
RW2,3679,10/16/2023 10:40,17.84,27.52,"","","",""
RW2,3680,10/16/2023 10:45,17.84,85.72,"","","",""
RW2,3681,10/16/2023 10:50,17.89,1.32,"","","",""
RW2,3682,10/16/2023 10:55,17.84,24.81,"","","",""
RW2,3683,10/16/2023 11:00,17.84,15.94,"","","",""
RW2,3684,10/16/2023 11:05,17.89,58.74,"","","",""
RW2,3685,10/16/2023 11:10,17.93,5.75,"","","",""
RW2,3686,10/16/2023 11:15,17.89,2.43,"","","",""
RW2,3687,10/16/2023 11:20,17.89,4.43,"","","",""
RW2,3688,10/16/2023 11:25,17.93,2.21,"","","",""
RW2,3689,10/16/2023 11:30,18.02,14.39,"","","",""
RW2,3690,10/16/2023 11:35,18.02,1.77,"","","",""
RW2,3691,10/16/2023 11:40,18.02,163,"","","",""
RW2,3692,10/16/2023 11:45,18.02,0,"","","",""
RW2,3693,10/16/2023 11:50,18.06,1.1,"","","",""
RW2,3694,10/16/2023 11:55,18.1,1.32,"","","",""
RW2,3695,10/16/2023 12:00,18.1,36.55,"","","",""
RW2,3696,10/16/2023 12:05,18.1,208.88,"","","",""
RW2,3697,10/16/2023 12:10,18.14,238.72,"","","",""
RW2,3698,10/16/2023 12:15,18.19,25.91,"","","",""
RW2,3699,10/16/2023 12:20,18.23,91.12,"","","",""
RW2,3700,10/16/2023 12:25,18.27,547.52,"","","",""
RW2,3701,10/16/2023 12:30,18.27,101.88,"","","",""
RW2,3702,10/16/2023 12:35,18.27,66.34,"","","",""
RW2,3703,10/16/2023 12:40,18.32,221.68,"","","",""
RW2,3704,10/16/2023 12:45,18.4,118.04,"","","",""
RW2,3705,10/16/2023 12:50,18.49,192.72,"","","",""
RW2,3706,10/16/2023 12:55,18.49,105.08,"","","",""
RW2,3707,10/16/2023 13:00,18.53,123.24,"","","",""
RW2,3708,10/16/2023 13:05,18.53,73.1,"","","",""
RW2,3709,10/16/2023 13:10,18.53,50.88,"","","",""
RW2,3710,10/16/2023 13:15,18.79,1371.52,"","","",""
RW2,3711,10/16/2023 13:20,18.7,1199.04,"","","",""
RW2,3712,10/16/2023 13:25,19.17,32911.36,"","","",""
RW2,3713,10/16/2023 13:30,19.05,36638.72,"","","",""
RW2,3714,10/16/2023 13:35,19.9,35665.92,"","","",""
RW2,3715,10/16/2023 13:40,21.58,65269.76,"","","",""
RW2,3716,10/16/2023 13:45,20.59,53063.68,"","","",""
RW2,3717,10/16/2023 13:50,22.09,57774.08,"","","",""
RW2,3718,10/16/2023 13:55,21.45,1816.32,"","","",""
RW2,3799,10/16/2023 20:40,18.19,0,"","","",""
RW2,3800,10/16/2023 20:45,17.93,0,"","","",""
RW2,3801,10/16/2023 20:50,18.23,0,"","","",""
RW2,3802,10/16/2023 20:55,18.32,0,"","","",""
RW2,3803,10/16/2023 21:00,18.57,0,"","","",""
RW2,3804,10/16/2023 21:05,18.57,0,"","","",""
RW2,3805,10/16/2023 21:10,18.62,0,"","","",""
RW2,3806,10/16/2023 21:15,18.62,0,"","","",""
RW2,3807,10/16/2023 21:20,18.66,0,"","","",""
RW2,3808,10/16/2023 21:25,18.66,0,"","","",""
RW2,3809,10/16/2023 21:30,18.62,0,"","","",""
RW2,3810,10/16/2023 21:35,18.66,0,"","","",""
RW2,3811,10/16/2023 21:40,18.62,0,"","","",""
RW2,3812,10/16/2023 21:45,18.62,0,"","","",""
RW2,3813,10/16/2023 21:50,18.62,0,"","","",""
RW2,3814,10/16/2023 21:55,18.62,0,"","","",""
RW2,3815,10/16/2023 22:00,18.57,0,"","","",""
RW2,3816,10/16/2023 22:05,18.57,0,"","","",""
RW2,3817,10/16/2023 22:10,18.57,0,"","","",""
RW2,3818,10/16/2023 22:15,18.53,0,"","","",""
RW2,3819,10/16/2023 22:20,18.57,0,"","","",""
RW2,3820,10/16/2023 22:25,18.57,0,"","","",""
RW2,3821,10/16/2023 22:30,18.57,0,"","","",""
RW2,3822,10/16/2023 22:35,18.53,0,"","","",""
RW2,3823,10/16/2023 22:40,18.53,0,"","","",""
RW2,3824,10/16/2023 22:45,18.53,0,"","","",""
RW2,3825,10/16/2023 22:50,18.53,0,"","","",""
RW2,3826,10/16/2023 22:55,18.49,0,"","","",""
RW2,3827,10/16/2023 23:00,18.49,0,"","","",""
RW2,3828,10/16/2023 23:05,18.44,0,"","","",""
RW2,3829,10/16/2023 23:10,18.49,0,"","","",""
RW2,3830,10/16/2023 23:15,18.49,0,"","","",""
RW2,3831,10/16/2023 23:20,18.44,0,"","","",""
RW2,3832,10/16/2023 23:25,18.44,0,"","","",""
RW2,3833,10/16/2023 23:30,18.44,0,"","","",""
RW2,3834,10/16/2023 23:35,18.44,0,"","","",""
RW2,3835,10/16/2023 23:40,18.4,0,"","","",""
RW2,3836,10/16/2023 23:45,18.4,0,"","","",""
RW2,3837,10/16/2023 23:50,18.4,0,"","","",""
RW2,3838,10/16/2023 23:55,18.4,0,"","","",""
RW2,3839,10/17/2023 0:00,18.44,0,"","","",""
RW2,3840,10/17/2023 0:05,18.4,0,"","","",""
RW2,3841,10/17/2023 0:10,18.36,0,"","","",""
RW2,3842,10/17/2023 0:15,18.36,0,"","","",""
RW2,3843,10/17/2023 0:20,18.4,0,"","","",""
RW2,3844,10/17/2023 0:25,18.4,0,"","","",""
RW2,3845,10/17/2023 0:30,18.36,0,"","","",""
RW2,3846,10/17/2023 0:35,18.36,0,"","","",""
RW2,3847,10/17/2023 0:40,18.36,0,"","","",""
RW2,3848,10/17/2023 0:45,18.4,0,"","","",""
RW2,3849,10/17/2023 0:50,18.36,0,"","","",""
RW2,3850,10/17/2023 0:55,18.36,0,"","","",""
RW2,3851,10/17/2023 1:00,18.4,0,"","","",""
RW2,3852,10/17/2023 1:05,18.36,0,"","","",""
RW2,3853,10/17/2023 1:10,18.36,0,"","","",""
RW2,3854,10/17/2023 1:15,18.32,0,"","","",""
RW2,3855,10/17/2023 1:20,18.27,0,"","","",""
RW2,3856,10/17/2023 1:25,18.32,0,"","","",""
RW2,3857,10/17/2023 1:30,18.27,0,"","","",""
RW2,3858,10/17/2023 1:35,18.23,0,"","","",""
RW2,3859,10/17/2023 1:40,18.23,0,"","","",""
RW2,3860,10/17/2023 1:45,18.23,0,"","","",""
RW2,3861,10/17/2023 1:50,18.14,0,"","","",""
RW2,3862,10/17/2023 1:55,18.14,0,"","","",""
RW2,3863,10/17/2023 2:00,18.19,0,"","","",""
RW2,3864,10/17/2023 2:05,18.19,0,"","","",""
RW2,3865,10/17/2023 2:10,18.19,0,"","","",""
RW2,3866,10/17/2023 2:15,18.19,0,"","","",""
RW2,3867,10/17/2023 2:20,18.19,0,"","","",""
RW2,3868,10/17/2023 2:25,18.19,0,"","","",""
RW2,3869,10/17/2023 2:30,18.1,0,"","","",""
RW2,3870,10/17/2023 2:35,18.06,0,"","","",""
RW2,3910,10/17/2023 5:55,17.63,0,"","","",""
RW2,3911,10/17/2023 6:00,17.76,0,"","","",""
RW2,3912,10/17/2023 6:05,17.8,0,"","","",""
RW2,3913,10/17/2023 6:10,17.84,0,"","","",""
RW2,3914,10/17/2023 6:15,17.89,0,"","","",""
RW2,3915,10/17/2023 6:20,17.93,0,"","","",""
RW2,3916,10/17/2023 6:25,17.93,0,"","","",""
RW2,3917,10/17/2023 6:30,17.93,0,"","","",""
RW2,3918,10/17/2023 6:35,17.84,0,"","","",""
RW2,3919,10/17/2023 6:40,17.89,0,"","","",""
RW2,3920,10/17/2023 6:45,17.93,0.66,"","","",""
RW2,3921,10/17/2023 6:50,17.89,0,"","","",""
RW2,3922,10/17/2023 6:55,17.89,0,"","","",""
RW2,3923,10/17/2023 7:00,17.89,30.62,"","","",""
RW2,3924,10/17/2023 7:05,17.89,93.48,"","","",""
RW2,3925,10/17/2023 7:10,17.89,0,"","","",""
RW2,3926,10/17/2023 7:15,17.89,4.43,"","","",""
RW2,3927,10/17/2023 7:20,17.89,3.76,"","","",""
RW2,3928,10/17/2023 7:25,17.84,9.74,"","","",""
RW2,3929,10/17/2023 7:30,17.84,1.1,"","","",""
RW2,3930,10/17/2023 7:35,17.84,19.05,"","","",""
RW2,3931,10/17/2023 7:40,17.84,58.7,"","","",""
RW2,3932,10/17/2023 7:45,17.89,4.87,"","","",""
RW2,3933,10/17/2023 7:50,17.89,112.16,"","","",""
RW2,3934,10/17/2023 7:55,17.84,104.2,"","","",""
RW2,3935,10/17/2023 8:00,17.89,73.86,"","","",""
RW2,3936,10/17/2023 8:05,17.89,1.1,"","","",""
RW2,3937,10/17/2023 8:10,17.93,1.99,"","","",""
RW2,3938,10/17/2023 8:15,17.89,91.68,"","","",""
RW2,3939,10/17/2023 8:20,17.93,507.68,"","","",""
RW2,3940,10/17/2023 8:25,17.93,599.84,"","","",""
RW2,3941,10/17/2023 8:30,17.93,13.09,"","","",""
RW2,3942,10/17/2023 8:35,17.89,2.43,"","","",""
RW2,3943,10/17/2023 8:40,17.93,34.22,"","","",""
RW2,3944,10/17/2023 8:45,17.93,147.64,"","","",""
RW2,3945,10/17/2023 8:50,17.97,8.63,"","","",""
RW2,3946,10/17/2023 8:55,17.93,0.44,"","","",""
RW2,3947,10/17/2023 9:00,17.97,341.12,"","","",""
RW2,3948,10/17/2023 9:05,17.97,24.03,"","","",""
RW2,3949,10/17/2023 9:10,17.97,290.56,"","","",""
RW2,3950,10/17/2023 9:15,17.97,617.92,"","","",""
RW2,3951,10/17/2023 9:20,18.02,2.87,"","","",""
RW2,3952,10/17/2023 9:25,18.02,415.04,"","","",""
RW2,3953,10/17/2023 9:30,17.93,1.77,"","","",""
RW2,3954,10/17/2023 9:35,17.97,181.52,"","","",""
RW2,3955,10/17/2023 9:40,18.02,1.32,"","","",""
RW2,3956,10/17/2023 9:45,18.02,3.54,"","","",""
RW2,3957,10/17/2023 9:50,17.97,567.04,"","","",""
RW2,3958,10/17/2023 9:55,18.06,0.66,"","","",""
RW2,3959,10/17/2023 10:00,18.02,677.44,"","","",""
RW2,3960,10/17/2023 10:05,18.06,4.2,"","","",""
RW2,3961,10/17/2023 10:10,18.02,1.32,"","","",""
RW2,3962,10/17/2023 10:15,18.06,52.38,"","","",""
RW2,3963,10/17/2023 10:20,18.02,133.44,"","","",""
RW2,3964,10/17/2023 10:25,18.06,12.4,"","","",""
RW2,3965,10/17/2023 10:30,18.1,111.28,"","","",""
RW2,3966,10/17/2023 10:35,18.06,16.39,"","","",""
RW2,3967,10/17/2023 10:40,18.1,33.78,"","","",""
RW2,3968,10/17/2023 10:45,18.06,0.22,"","","",""
RW2,3969,10/17/2023 10:50,18.14,4.87,"","","",""
RW2,3970,10/17/2023 10:55,18.14,27.08,"","","",""
RW2,3971,10/17/2023 11:00,18.14,564.8,"","","",""
RW2,3972,10/17/2023 11:05,18.1,835.52,"","","",""
RW2,3973,10/17/2023 11:10,18.06,110.28,"","","",""
RW2,3974,10/17/2023 11:15,18.14,1.1,"","","",""
RW2,3975,10/17/2023 11:20,18.1,7.97,"","","",""
RW2,3976,10/17/2023 11:25,18.02,59.8,"","","",""
RW2,3977,10/17/2023 11:30,18.02,76.52,"","","",""
RW2,3978,10/17/2023 11:35,18.06,0.44,"","","",""
RW2,3979,10/17/2023 11:40,18.06,20.87,"","","",""
RW2,3980,10/17/2023 11:45,18.14,1179.2,"","","",""
RW2,3981,10/17/2023 11:50,18.06,27.91,"","","",""
RW2,3982,10/17/2023 11:55,18.36,70.32,"","","",""
RW2,3983,10/17/2023 12:00,18.32,0,"","","",""
RW2,3984,10/17/2023 12:05,18.4,5.53,"","","",""
RW2,3985,10/17/2023 12:10,18.36,24.58,"","","",""
RW2,3986,10/17/2023 12:15,18.36,40.98,"","","",""
RW2,3987,10/17/2023 12:20,18.27,45.02,"","","",""
RW2,3988,10/17/2023 12:25,18.27,1.77,"","","",""
RW2,3989,10/17/2023 12:30,18.49,568.8,"","","",""
RW2,3990,10/17/2023 12:35,18.49,61.84,"","","",""
RW2,3991,10/17/2023 12:40,18.49,273.52,"","","",""
RW2,3992,10/17/2023 12:45,18.49,29.12,"","","",""
RW2,3993,10/17/2023 12:50,18.49,32.34,"","","",""
RW2,3994,10/17/2023 12:55,18.53,182.72,"","","",""
RW2,3995,10/17/2023 13:00,18.49,56.54,"","","",""
RW2,3996,10/17/2023 13:05,18.53,1537.28,"","","",""
RW2,3997,10/17/2023 13:10,18.53,323.12,"","","",""
RW2,3998,10/17/2023 13:15,18.53,4784.64,"","","",""
RW2,3999,10/17/2023 13:20,18.57,37.82,"","","",""
RW2,4000,10/17/2023 13:25,18.57,9185.28,"","","",""
RW2,4001,10/17/2023 13:30,18.57,104,"","","",""
RW2,4002,10/17/2023 13:35,18.66,1548.8,"","","",""
RW2,4003,10/17/2023 13:40,18.7,672,"","","",""
RW2,4004,10/17/2023 13:45,18.7,193.76,"","","",""
RW2,4005,10/17/2023 13:50,18.79,62.56,"","","",""
RW2,4006,10/17/2023 13:55,18.83,60.14,"","","",""
RW2,4007,10/17/2023 14:00,18.87,158.16,"","","",""
RW2,4008,10/17/2023 14:05,18.96,18718.72,"","","",""
RW2,4009,10/17/2023 14:10,19.6,1420.8,"","","",""
RW2,4010,10/17/2023 14:15,19.69,24657.92,"","","",""
RW2,4011,10/17/2023 14:20,20.46,23664.64,"","","",""
RW2,4012,10/17/2023 14:25,21.15,2586.88,"","","",""
RW2,4013,10/17/2023 14:30,22.31,46182.4,"","","",""
RW2,4014,10/17/2023 14:35,24.45,40007.68,"","","",""
RW2,4099,10/17/2023 21:40,17.37,0,"","","",""
RW2,4100,10/17/2023 21:45,17.76,0,"","","",""
RW2,4101,10/17/2023 21:50,17.97,0,"","","",""
RW2,4102,10/17/2023 21:55,18.66,0,"","","",""
RW2,4103,10/17/2023 22:00,19.26,0,"","","",""
RW2,4104,10/17/2023 22:05,19.35,0,"","","",""
RW2,4105,10/17/2023 22:10,19.52,0,"","","",""
RW2,4106,10/17/2023 22:15,19.52,0,"","","",""
RW2,4107,10/17/2023 22:20,19.52,0,"","","",""
RW2,4108,10/17/2023 22:25,19.56,0,"","","",""
RW2,4109,10/17/2023 22:30,19.56,0,"","","",""
RW2,4110,10/17/2023 22:35,19.56,0,"","","",""
RW2,4111,10/17/2023 22:40,19.56,0,"","","",""
RW2,4112,10/17/2023 22:45,19.56,0,"","","",""
RW2,4113,10/17/2023 22:50,19.6,0,"","","",""
RW2,4114,10/17/2023 22:55,19.56,0,"","","",""
RW2,4115,10/17/2023 23:00,19.52,0,"","","",""
RW2,4116,10/17/2023 23:05,19.56,0,"","","",""
RW2,4117,10/17/2023 23:10,19.47,0,"","","",""
RW2,4118,10/17/2023 23:15,19.52,0,"","","",""
RW2,4119,10/17/2023 23:20,19.47,0,"","","",""
RW2,4120,10/17/2023 23:25,19.52,0,"","","",""
RW2,4121,10/17/2023 23:30,19.47,0,"","","",""
RW2,4122,10/17/2023 23:35,19.43,0,"","","",""
RW2,4123,10/17/2023 23:40,19.43,0,"","","",""
RW2,4124,10/17/2023 23:45,19.39,0,"","","",""
RW2,4125,10/17/2023 23:50,19.43,0,"","","",""
RW2,4126,10/17/2023 23:55,19.43,0,"","","",""
RW2,4127,10/18/2023 0:00,19.39,0,"","","",""
RW2,4128,10/18/2023 0:05,19.39,0,"","","",""
RW2,4129,10/18/2023 0:10,19.35,0,"","","",""
RW2,4130,10/18/2023 0:15,19.39,0,"","","",""
RW2,4131,10/18/2023 0:20,19.35,0,"","","",""
RW2,4132,10/18/2023 0:25,19.3,0,"","","",""
RW2,4133,10/18/2023 0:30,19.26,0,"","","",""
RW2,4134,10/18/2023 0:35,19.26,0,"","","",""
RW2,4135,10/18/2023 0:40,19.26,0,"","","",""
RW2,4136,10/18/2023 0:45,19.22,0,"","","",""
RW2,4137,10/18/2023 0:50,19.17,0,"","","",""
RW2,4138,10/18/2023 0:55,19.17,0,"","","",""
RW2,4139,10/18/2023 1:00,19.13,0,"","","",""
RW2,4140,10/18/2023 1:05,19.09,0,"","","",""
RW2,4141,10/18/2023 1:10,19.05,0,"","","",""
RW2,4142,10/18/2023 1:15,19,0,"","","",""
RW2,4143,10/18/2023 1:20,18.92,0,"","","",""
RW2,4144,10/18/2023 1:25,18.83,0,"","","",""
RW2,4145,10/18/2023 1:30,18.79,0,"","","",""
RW2,4146,10/18/2023 1:35,18.74,0,"","","",""
RW2,4147,10/18/2023 1:40,18.66,0,"","","",""
RW2,4148,10/18/2023 1:45,18.62,0,"","","",""
RW2,4149,10/18/2023 1:50,18.53,0,"","","",""
RW2,4150,10/18/2023 1:55,18.57,0,"","","",""
RW2,4151,10/18/2023 2:00,18.49,0,"","","",""
RW2,4152,10/18/2023 2:05,18.4,0,"","","",""
RW2,4153,10/18/2023 2:10,18.4,0,"","","",""
RW2,4154,10/18/2023 2:15,18.32,0,"","","",""
RW2,4155,10/18/2023 2:20,18.27,0,"","","",""
RW2,4156,10/18/2023 2:25,18.27,0,"","","",""
RW2,4157,10/18/2023 2:30,18.19,0,"","","",""
RW2,4158,10/18/2023 2:35,18.14,0,"","","",""
RW2,4159,10/18/2023 2:40,18.1,0,"","","",""
RW2,4160,10/18/2023 2:45,18.1,0,"","","",""
RW2,4161,10/18/2023 2:50,18.02,0,"","","",""
RW2,4162,10/18/2023 2:55,17.97,0,"","","",""
RW2,4163,10/18/2023 3:00,18.02,0,"","","",""
RW2,4164,10/18/2023 3:05,17.97,0,"","","",""
RW2,4165,10/18/2023 3:10,17.97,0,"","","",""
RW2,4166,10/18/2023 3:15,17.93,0,"","","",""
RW2,4167,10/18/2023 3:20,17.93,0,"","","",""
RW2,4168,10/18/2023 3:25,17.89,0,"","","",""
RW2,4169,10/18/2023 3:30,17.89,0,"","","",""
RW2,4170,10/18/2023 3:35,17.89,0,"","","",""
RW2,4171,10/18/2023 3:40,17.89,0,"","","",""
RW2,4172,10/18/2023 3:45,17.84,0,"","","",""
RW2,4173,10/18/2023 3:50,17.8,0,"","","",""
RW2,4174,10/18/2023 3:55,17.8,0,"","","",""
RW2,4175,10/18/2023 4:00,17.76,0,"","","",""
RW2,4176,10/18/2023 4:05,17.72,0,"","","",""
RW2,4177,10/18/2023 4:10,17.72,0,"","","",""
RW2,4178,10/18/2023 4:15,17.72,0,"","","",""
RW2,4179,10/18/2023 4:20,17.76,0,"","","",""
RW2,4180,10/18/2023 4:25,17.76,0,"","","",""
RW2,4181,10/18/2023 4:30,17.72,0,"","","",""
RW2,4182,10/18/2023 4:35,17.8,0,"","","",""
RW2,4186,10/18/2023 4:55,17.76,0,"","","",""
RW2,4189,10/18/2023 5:10,17.67,0,"","","",""
RW2,4190,10/18/2023 5:15,17.67,0,"","","",""
RW2,4193,10/18/2023 5:30,17.76,0,"","","",""
RW2,4194,10/18/2023 5:35,17.76,0,"","","",""
RW2,4195,10/18/2023 5:40,17.72,0,"","","",""
RW2,4196,10/18/2023 5:45,17.67,0,"","","",""
RW2,4197,10/18/2023 5:50,17.76,0,"","","",""
RW2,4198,10/18/2023 5:55,17.76,0,"","","",""
RW2,4199,10/18/2023 6:00,17.76,0,"","","",""
RW2,4200,10/18/2023 6:05,17.84,0,"","","",""
RW2,4201,10/18/2023 6:10,17.84,0,"","","",""
RW2,4202,10/18/2023 6:15,17.93,0,"","","",""
RW2,4203,10/18/2023 6:20,17.89,0,"","","",""
RW2,4204,10/18/2023 6:25,17.89,0,"","","",""
RW2,4205,10/18/2023 6:30,17.93,0,"","","",""
RW2,4206,10/18/2023 6:35,17.97,0.22,"","","",""
RW2,4207,10/18/2023 6:40,17.93,0.66,"","","",""
RW2,4208,10/18/2023 6:45,17.93,7.75,"","","",""
RW2,4209,10/18/2023 6:50,17.93,9.3,"","","",""
RW2,4210,10/18/2023 6:55,17.97,0.44,"","","",""
RW2,4211,10/18/2023 7:00,17.93,0.22,"","","",""
RW2,4212,10/18/2023 7:05,17.97,4.2,"","","",""
RW2,4213,10/18/2023 7:10,17.93,63.18,"","","",""
RW2,4214,10/18/2023 7:15,17.93,8.41,"","","",""
RW2,4215,10/18/2023 7:20,17.93,3.1,"","","",""
RW2,4216,10/18/2023 7:25,17.93,9.52,"","","",""
RW2,4217,10/18/2023 7:30,17.93,136.2,"","","",""
RW2,4218,10/18/2023 7:35,17.93,3.1,"","","",""
RW2,4219,10/18/2023 7:40,17.97,7.53,"","","",""
RW2,4220,10/18/2023 7:45,17.97,3.98,"","","",""
RW2,4221,10/18/2023 7:50,17.97,6.7,"","","",""
RW2,4222,10/18/2023 7:55,17.97,137.32,"","","",""
RW2,4223,10/18/2023 8:00,17.97,36.88,"","","",""
RW2,4224,10/18/2023 8:05,18.02,2.87,"","","",""
RW2,4225,10/18/2023 8:10,17.93,542.72,"","","",""
RW2,4226,10/18/2023 8:15,17.97,13.81,"","","",""
RW2,4227,10/18/2023 8:20,18.02,89.16,"","","",""
RW2,4228,10/18/2023 8:25,18.02,1011.84,"","","",""
RW2,4229,10/18/2023 8:30,18.06,156.6,"","","",""
RW2,4230,10/18/2023 8:35,18.1,6.25,"","","",""
RW2,4231,10/18/2023 8:40,18.06,35.55,"","","",""
RW2,4232,10/18/2023 8:45,18.1,26.13,"","","",""
RW2,4233,10/18/2023 8:50,18.19,23.09,"","","",""
RW2,4234,10/18/2023 8:55,18.1,5.31,"","","",""
RW2,4235,10/18/2023 9:00,18.14,548,"","","",""
RW2,4236,10/18/2023 9:05,18.14,80.06,"","","",""
RW2,4237,10/18/2023 9:10,18.14,109.64,"","","",""
RW2,4238,10/18/2023 9:15,18.23,543.04,"","","",""
RW2,4239,10/18/2023 9:20,18.14,7.53,"","","",""
RW2,4240,10/18/2023 9:25,18.19,122.04,"","","",""
RW2,4241,10/18/2023 9:30,18.23,140.76,"","","",""
RW2,4242,10/18/2023 9:35,18.23,23.97,"","","",""
RW2,4243,10/18/2023 9:40,18.23,34.11,"","","",""
RW2,4244,10/18/2023 9:45,18.23,1348.48,"","","",""
RW2,4245,10/18/2023 9:50,18.27,4.43,"","","",""
RW2,4246,10/18/2023 9:55,18.27,12.65,"","","",""
RW2,4247,10/18/2023 10:00,18.32,15.94,"","","",""
RW2,4248,10/18/2023 10:05,18.4,12.4,"","","",""
RW2,4249,10/18/2023 10:10,18.36,439.04,"","","",""
RW2,4250,10/18/2023 10:15,18.36,186.96,"","","",""
RW2,4251,10/18/2023 10:20,18.4,34.61,"","","",""
RW2,4252,10/18/2023 10:25,18.36,277.12,"","","",""
RW2,4253,10/18/2023 10:30,18.32,307.2,"","","",""
RW2,4254,10/18/2023 10:35,18.36,277.12,"","","",""
RW2,4255,10/18/2023 10:40,18.32,37.27,"","","",""
RW2,4256,10/18/2023 10:45,18.32,738.24,"","","",""
RW2,4257,10/18/2023 10:50,18.4,15.56,"","","",""
RW2,4258,10/18/2023 10:55,18.44,325.12,"","","",""
RW2,4259,10/18/2023 11:00,18.44,51.54,"","","",""
RW2,4260,10/18/2023 11:05,18.49,17.77,"","","",""
RW2,4261,10/18/2023 11:10,18.44,42.18,"","","",""
RW2,4262,10/18/2023 11:15,18.44,335.68,"","","",""
RW2,4263,10/18/2023 11:20,18.53,0.66,"","","",""
RW2,4264,10/18/2023 11:25,18.57,1.1,"","","",""
RW2,4265,10/18/2023 11:30,18.57,497.92,"","","",""
RW2,4266,10/18/2023 11:35,18.62,45.4,"","","",""
RW2,4267,10/18/2023 11:40,18.53,2.43,"","","",""
RW2,4268,10/18/2023 11:45,18.62,1.1,"","","",""
RW2,4269,10/18/2023 11:50,18.66,14.17,"","","",""
RW2,4270,10/18/2023 11:55,18.7,118.48,"","","",""
RW2,4271,10/18/2023 12:00,18.79,0,"","","",""
RW2,4272,10/18/2023 12:05,18.74,27.02,"","","",""
RW2,4273,10/18/2023 12:10,18.74,272,"","","",""
RW2,4274,10/18/2023 12:15,18.74,122.92,"","","",""
RW2,4275,10/18/2023 12:20,18.74,1381.12,"","","",""
RW2,4276,10/18/2023 12:25,18.7,25.8,"","","",""
RW2,4277,10/18/2023 12:30,18.7,6.86,"","","",""
RW2,4278,10/18/2023 12:35,18.66,7.53,"","","",""
RW2,4279,10/18/2023 12:40,18.66,1379.2,"","","",""
RW2,4280,10/18/2023 12:45,18.66,72.2,"","","",""
RW2,4281,10/18/2023 12:50,18.66,39.98,"","","",""
RW2,4282,10/18/2023 12:55,18.66,384,"","","",""
RW2,4283,10/18/2023 13:00,18.62,148.84,"","","",""
RW2,4284,10/18/2023 13:05,18.66,2831.36,"","","",""
RW2,4285,10/18/2023 13:10,18.66,119.28,"","","",""
RW2,4286,10/18/2023 13:15,18.62,639.2,"","","",""
RW2,4287,10/18/2023 13:20,18.7,572.48,"","","",""
RW2,4288,10/18/2023 13:25,18.66,90.04,"","","",""
RW2,4289,10/18/2023 13:30,18.7,1327.36,"","","",""
RW2,4290,10/18/2023 13:35,18.66,3045.12,"","","",""
RW2,4291,10/18/2023 13:40,18.7,557.28,"","","",""
RW2,4292,10/18/2023 13:45,18.74,63.34,"","","",""
RW2,4293,10/18/2023 13:50,18.79,458.4,"","","",""
RW2,4294,10/18/2023 13:55,18.79,30.9,"","","",""
RW2,4295,10/18/2023 14:00,18.92,1.77,"","","",""
RW2,4296,10/18/2023 14:05,19,154.48,"","","",""
RW2,4297,10/18/2023 14:10,19.05,1626.24,"","","",""
RW2,4298,10/18/2023 14:15,19.13,3960.32,"","","",""
RW2,4299,10/18/2023 14:20,19.22,575.84,"","","",""
RW2,4300,10/18/2023 14:25,19.17,689.6,"","","",""
RW2,4301,10/18/2023 14:30,19.26,193.12,"","","",""
RW2,4302,10/18/2023 14:35,19.39,92.24,"","","",""
RW2,4303,10/18/2023 14:40,19.47,2739.2,"","","",""
RW2,4304,10/18/2023 14:45,19.65,107.08,"","","",""
RW2,4305,10/18/2023 14:50,19.86,8832,"","","",""
RW2,4306,10/18/2023 14:55,20.03,13173.76,"","","",""
RW2,4307,10/18/2023 15:00,20.93,3568.64,"","","",""
RW2,4308,10/18/2023 15:05,21.28,27617.28,"","","",""
RW2,4309,10/18/2023 15:10,22.09,32645.12,"","","",""
RW2,4310,10/18/2023 15:15,21.36,6425.6,"","","",""
RW2,4311,10/18/2023 15:20,22.05,6517.76,"","","",""
RW2,4403,10/18/2023 23:00,17.89,0,"","","",""
RW2,4404,10/18/2023 23:05,17.37,0,"","","",""
RW2,4405,10/18/2023 23:10,18.44,0,"","","",""
RW2,4406,10/18/2023 23:15,18.4,0,"","","",""
RW2,4407,10/18/2023 23:20,18.87,0,"","","",""
RW2,4408,10/18/2023 23:25,18.57,0,"","","",""
RW2,4409,10/18/2023 23:30,18.83,0,"","","",""
RW2,4410,10/18/2023 23:35,18.83,0,"","","",""
RW2,4411,10/18/2023 23:40,18.83,0,"","","",""
RW2,4412,10/18/2023 23:45,18.87,0,"","","",""
RW2,4413,10/18/2023 23:50,18.87,0,"","","",""
RW2,4414,10/18/2023 23:55,18.87,0,"","","",""
RW2,4415,10/19/2023 0:00,18.83,0,"","","",""
RW2,4416,10/19/2023 0:05,18.83,0,"","","",""
RW2,4417,10/19/2023 0:10,18.83,0,"","","",""
RW2,4418,10/19/2023 0:15,18.83,0,"","","",""
RW2,4419,10/19/2023 0:20,18.79,0,"","","",""
RW2,4420,10/19/2023 0:25,18.83,0,"","","",""
RW2,4421,10/19/2023 0:30,18.83,0,"","","",""
RW2,4422,10/19/2023 0:35,18.83,0,"","","",""
RW2,4423,10/19/2023 0:40,18.74,0,"","","",""
RW2,4424,10/19/2023 0:45,18.74,0,"","","",""
RW2,4425,10/19/2023 0:50,18.7,0,"","","",""
RW2,4426,10/19/2023 0:55,18.7,0,"","","",""
RW2,4427,10/19/2023 1:00,18.62,0,"","","",""
RW2,4428,10/19/2023 1:05,18.62,0,"","","",""
RW2,4429,10/19/2023 1:10,18.57,0,"","","",""
RW2,4430,10/19/2023 1:15,18.53,0,"","","",""
RW2,4431,10/19/2023 1:20,18.49,0,"","","",""
RW2,4432,10/19/2023 1:25,18.4,0,"","","",""
RW2,4433,10/19/2023 1:30,18.36,0,"","","",""
RW2,4434,10/19/2023 1:35,18.27,0,"","","",""
RW2,4435,10/19/2023 1:40,18.1,0,"","","",""
RW2,4436,10/19/2023 1:45,18.02,0,"","","",""
RW2,4437,10/19/2023 1:50,17.93,0,"","","",""
RW2,4438,10/19/2023 1:55,17.89,0,"","","",""
RW2,4439,10/19/2023 2:00,17.89,0,"","","",""
RW2,4440,10/19/2023 2:05,17.76,0,"","","",""
RW2,4441,10/19/2023 2:10,17.67,0,"","","",""
RW2,4442,10/19/2023 2:15,17.67,0,"","","",""
RW2,4443,10/19/2023 2:20,17.63,0,"","","",""
RW2,4444,10/19/2023 2:25,17.67,0,"","","",""
RW2,4445,10/19/2023 2:30,17.63,0,"","","",""
RW2,4446,10/19/2023 2:35,17.63,0,"","","",""
RW2,4447,10/19/2023 2:40,17.54,0,"","","",""
RW2,4448,10/19/2023 2:45,17.5,0,"","","",""
RW2,4449,10/19/2023 2:50,17.41,0,"","","",""
RW2,4450,10/19/2023 2:55,17.46,0,"","","",""
RW2,4451,10/19/2023 3:00,17.41,0,"","","",""
RW2,4452,10/19/2023 3:05,17.33,0,"","","",""
RW2,4453,10/19/2023 3:10,17.33,0,"","","",""
RW2,4454,10/19/2023 3:15,17.24,0,"","","",""
RW2,4455,10/19/2023 3:20,17.29,0,"","","",""
RW2,4456,10/19/2023 3:25,17.2,0,"","","",""
RW2,4457,10/19/2023 3:30,17.11,0,"","","",""
RW2,4458,10/19/2023 3:35,17.11,0,"","","",""
RW2,4459,10/19/2023 3:40,17.07,0,"","","",""
RW2,4460,10/19/2023 3:45,17.07,0,"","","",""
RW2,4461,10/19/2023 3:50,17.03,0,"","","",""
RW2,4462,10/19/2023 3:55,17.03,0,"","","",""
RW2,4463,10/19/2023 4:00,16.99,0,"","","",""
RW2,4464,10/19/2023 4:05,16.94,0,"","","",""
RW2,4465,10/19/2023 4:10,16.9,0,"","","",""
RW2,4466,10/19/2023 4:15,16.94,0,"","","",""
RW2,4467,10/19/2023 4:20,16.9,0,"","","",""
RW2,4468,10/19/2023 4:25,16.94,0,"","","",""
RW2,4469,10/19/2023 4:30,16.94,0,"","","",""
RW2,4470,10/19/2023 4:35,16.9,0,"","","",""
RW2,4471,10/19/2023 4:40,16.94,0,"","","",""
RW2,4472,10/19/2023 4:45,16.9,0,"","","",""
RW2,4473,10/19/2023 4:50,16.94,0,"","","",""
RW2,4474,10/19/2023 4:55,16.9,0,"","","",""
RW2,4475,10/19/2023 5:00,16.94,0,"","","",""
RW2,4476,10/19/2023 5:05,16.99,0,"","","",""
RW2,4477,10/19/2023 5:10,16.99,0,"","","",""
RW2,4478,10/19/2023 5:15,16.99,0,"","","",""
RW2,4479,10/19/2023 5:20,16.99,0,"","","",""
RW2,4480,10/19/2023 5:25,16.94,0,"","","",""
RW2,4481,10/19/2023 5:30,16.99,0,"","","",""
RW2,4482,10/19/2023 5:35,16.99,0,"","","",""
RW2,4483,10/19/2023 5:40,17.03,0,"","","",""
RW2,4484,10/19/2023 5:45,17.03,0,"","","",""
RW2,4485,10/19/2023 5:50,17.03,0,"","","",""
RW2,4486,10/19/2023 5:55,17.03,0,"","","",""
RW2,4487,10/19/2023 6:00,17.03,0,"","","",""
RW2,4488,10/19/2023 6:05,17.03,0,"","","",""
RW2,4489,10/19/2023 6:10,17.07,0,"","","",""
RW2,4490,10/19/2023 6:15,17.03,0,"","","",""
RW2,4491,10/19/2023 6:20,17.03,0,"","","",""
RW2,4492,10/19/2023 6:25,17.07,0,"","","",""
RW2,4493,10/19/2023 6:30,17.16,0,"","","",""
RW2,4494,10/19/2023 6:35,17.07,0,"","","",""
RW2,4495,10/19/2023 6:40,17.16,0,"","","",""
RW2,4496,10/19/2023 6:45,17.2,3.54,"","","",""
RW2,4497,10/19/2023 6:50,17.2,20.37,"","","",""
RW2,4498,10/19/2023 6:55,17.2,0.22,"","","",""
RW2,4499,10/19/2023 7:00,17.24,0.88,"","","",""
RW2,4500,10/19/2023 7:05,17.24,97.12,"","","",""
RW2,4501,10/19/2023 7:10,17.24,35.99,"","","",""
RW2,4502,10/19/2023 7:15,17.33,279.76,"","","",""
RW2,4503,10/19/2023 7:20,17.33,19.79,"","","",""
RW2,4504,10/19/2023 7:25,17.33,2.65,"","","",""
RW2,4505,10/19/2023 7:30,17.41,87.24,"","","",""
RW2,4506,10/19/2023 7:35,17.41,124.6,"","","",""
RW2,4507,10/19/2023 7:40,17.46,386.72,"","","",""
RW2,4508,10/19/2023 7:45,17.46,16.17,"","","",""
RW2,4509,10/19/2023 7:50,17.46,295.04,"","","",""
RW2,4510,10/19/2023 7:55,17.41,1304,"","","",""
RW2,4511,10/19/2023 8:00,17.46,435.36,"","","",""
RW2,4512,10/19/2023 8:05,17.46,166.56,"","","",""
RW2,4513,10/19/2023 8:10,17.54,204,"","","",""
RW2,4514,10/19/2023 8:15,17.5,27.24,"","","",""
RW2,4515,10/19/2023 8:20,17.59,110.2,"","","",""
RW2,4516,10/19/2023 8:25,17.67,373.44,"","","",""
RW2,4517,10/19/2023 8:30,17.67,26.63,"","","",""
RW2,4518,10/19/2023 8:35,17.63,60.08,"","","",""
RW2,4519,10/19/2023 8:40,17.72,2.21,"","","",""
RW2,4520,10/19/2023 8:45,17.72,31.28,"","","",""
RW2,4521,10/19/2023 8:50,17.8,406.4,"","","",""
RW2,4522,10/19/2023 8:55,17.8,1245.76,"","","",""
RW2,4523,10/19/2023 9:00,17.8,124.16,"","","",""
RW2,4524,10/19/2023 9:05,17.89,11.6,"","","",""
RW2,4525,10/19/2023 9:10,17.89,1.99,"","","",""
RW2,4526,10/19/2023 9:15,17.84,2.87,"","","",""
RW2,4527,10/19/2023 9:20,18.02,14.42,"","","",""
RW2,4528,10/19/2023 9:25,17.93,5.98,"","","",""
RW2,4529,10/19/2023 9:30,17.93,440.8,"","","",""
RW2,4530,10/19/2023 9:35,17.84,3.98,"","","",""
RW2,4531,10/19/2023 9:40,17.93,306.8,"","","",""
RW2,4532,10/19/2023 9:45,17.97,740.16,"","","",""
RW2,4533,10/19/2023 9:50,18.06,168.32,"","","",""
RW2,4534,10/19/2023 9:55,18.02,946.24,"","","",""
RW2,4535,10/19/2023 10:00,17.97,38.65,"","","",""
RW2,4536,10/19/2023 10:05,17.93,1901.44,"","","",""
RW2,4537,10/19/2023 10:10,17.97,617.92,"","","",""
RW2,4538,10/19/2023 10:15,18.02,34.88,"","","",""
RW2,4539,10/19/2023 10:20,18.02,510.72,"","","",""
RW2,4540,10/19/2023 10:25,18.02,45.84,"","","",""
RW2,4541,10/19/2023 10:30,18.1,50.72,"","","",""
RW2,4542,10/19/2023 10:35,18.06,15.72,"","","",""
RW2,4543,10/19/2023 10:40,18.06,2821.12,"","","",""
RW2,4544,10/19/2023 10:45,18.06,114.08,"","","",""
RW2,4545,10/19/2023 10:50,18.19,1.1,"","","",""
RW2,4546,10/19/2023 10:55,18.19,10.85,"","","",""
RW2,4547,10/19/2023 11:00,18.1,68.44,"","","",""
RW2,4548,10/19/2023 11:05,18.14,1562.88,"","","",""
RW2,4549,10/19/2023 11:10,18.14,237.68,"","","",""
RW2,4550,10/19/2023 11:15,18.23,1116.16,"","","",""
RW2,4551,10/19/2023 11:20,18.27,76.52,"","","",""
RW2,4552,10/19/2023 11:25,18.27,67.12,"","","",""
RW2,4553,10/19/2023 11:30,18.32,18.66,"","","",""
RW2,4554,10/19/2023 11:35,18.27,0.88,"","","",""
RW2,4555,10/19/2023 11:40,18.36,7.53,"","","",""
RW2,4556,10/19/2023 11:45,18.44,9.99,"","","",""
RW2,4557,10/19/2023 11:50,18.44,26.58,"","","",""
RW2,4558,10/19/2023 11:55,18.49,35.38,"","","",""
RW2,4559,10/19/2023 12:00,18.53,212.64,"","","",""
RW2,4560,10/19/2023 12:05,18.4,2.65,"","","",""
RW2,4561,10/19/2023 12:10,18.44,1120.64,"","","",""
RW2,4562,10/19/2023 12:15,18.44,188.88,"","","",""
RW2,4563,10/19/2023 12:20,18.44,153.28,"","","",""
RW2,4564,10/19/2023 12:25,18.53,367.2,"","","",""
RW2,4565,10/19/2023 12:30,18.53,3.76,"","","",""
RW2,4566,10/19/2023 12:35,18.53,18.33,"","","",""
RW2,4567,10/19/2023 12:40,18.49,41.74,"","","",""
RW2,4568,10/19/2023 12:45,18.49,105.08,"","","",""
RW2,4569,10/19/2023 12:50,18.53,178.96,"","","",""
RW2,4570,10/19/2023 12:55,18.53,116.04,"","","",""
RW2,4571,10/19/2023 13:00,18.57,68.66,"","","",""
RW2,4572,10/19/2023 13:05,18.57,3.76,"","","",""
RW2,4573,10/19/2023 13:10,18.57,679.04,"","","",""
RW2,4574,10/19/2023 13:15,18.62,800.96,"","","",""
RW2,4575,10/19/2023 13:20,18.62,15.72,"","","",""
RW2,4576,10/19/2023 13:25,18.57,9.02,"","","",""
RW2,4577,10/19/2023 13:30,18.57,91.04,"","","",""
RW2,4578,10/19/2023 13:35,18.57,128.36,"","","",""
RW2,4579,10/19/2023 13:40,18.66,99.68,"","","",""
RW2,4580,10/19/2023 13:45,18.66,43.46,"","","",""
RW2,4581,10/19/2023 13:50,18.57,1571.84,"","","",""
RW2,4582,10/19/2023 13:55,18.62,118.6,"","","",""
RW2,4583,10/19/2023 14:00,18.66,2078.72,"","","",""
RW2,4584,10/19/2023 14:05,18.66,322.24,"","","",""
RW2,4585,10/19/2023 14:10,18.7,5.15,"","","",""
RW2,4586,10/19/2023 14:15,18.79,57.14,"","","",""
RW2,4587,10/19/2023 14:20,18.74,274.24,"","","",""
RW2,4588,10/19/2023 14:25,18.83,0.22,"","","",""
RW2,4589,10/19/2023 14:30,18.83,4947.2,"","","",""
RW2,4590,10/19/2023 14:35,18.96,988.8,"","","",""
RW2,4591,10/19/2023 14:40,18.87,1071.04,"","","",""
RW2,4592,10/19/2023 14:45,19.05,703.36,"","","",""
RW2,4593,10/19/2023 14:50,18.96,1181.76,"","","",""
RW2,4594,10/19/2023 14:55,19.09,31.28,"","","",""
RW2,4595,10/19/2023 15:00,19,124.48,"","","",""
RW2,4596,10/19/2023 15:05,19.05,5637.12,"","","",""
RW2,4597,10/19/2023 15:10,19.17,1397.76,"","","",""
RW2,4598,10/19/2023 15:15,19.17,3342.08,"","","",""
RW2,4599,10/19/2023 15:20,19.09,1133.12,"","","",""
RW2,4600,10/19/2023 15:25,19.26,860.16,"","","",""
RW2,4601,10/19/2023 15:30,19.22,337.92,"","","",""
RW2,4602,10/19/2023 15:35,19.26,1999.36,"","","",""
RW2,4603,10/19/2023 15:40,19.3,2003.84,"","","",""
RW2,4604,10/19/2023 15:45,19.26,67.56,"","","",""
RW2,4605,10/19/2023 15:50,19.47,219.28,"","","",""
RW2,4606,10/19/2023 15:55,19.6,3651.84,"","","",""
RW2,4607,10/19/2023 16:00,19.43,4462.08,"","","",""
RW2,4608,10/19/2023 16:05,21.02,19128.32,"","","",""
RW2,4609,10/19/2023 16:10,20.46,22169.6,"","","",""
RW2,4610,10/19/2023 16:15,20.98,5859.84,"","","",""
RW2,4710,10/20/2023 0:35,17.11,0,"","","",""
RW2,4711,10/20/2023 0:40,17.07,0,"","","",""
RW2,4712,10/20/2023 0:45,17.16,0,"","","",""
RW2,4713,10/20/2023 0:50,17.2,0,"","","",""
RW2,4714,10/20/2023 0:55,17.2,0,"","","",""
RW2,4715,10/20/2023 1:00,17.16,0,"","","",""
RW2,4716,10/20/2023 1:05,17.11,0,"","","",""
RW2,4717,10/20/2023 1:10,17.11,0,"","","",""
RW2,4718,10/20/2023 1:15,17.03,0,"","","",""
RW2,4719,10/20/2023 1:20,17.03,0,"","","",""
RW2,4720,10/20/2023 1:25,17.07,0,"","","",""
RW2,4721,10/20/2023 1:30,17.11,0,"","","",""
RW2,4722,10/20/2023 1:35,17.11,0,"","","",""
RW2,4723,10/20/2023 1:40,17.11,0,"","","",""
RW2,4724,10/20/2023 1:45,17.07,0,"","","",""
RW2,4725,10/20/2023 1:50,17.03,0,"","","",""
RW2,4726,10/20/2023 1:55,16.99,0,"","","",""
RW2,4727,10/20/2023 2:00,16.99,0,"","","",""
RW2,4728,10/20/2023 2:05,17.03,0,"","","",""
RW2,4729,10/20/2023 2:10,16.99,0,"","","",""
RW2,4730,10/20/2023 2:15,16.99,0,"","","",""
RW2,4731,10/20/2023 2:20,16.94,0,"","","",""
RW2,4732,10/20/2023 2:25,16.94,0,"","","",""
RW2,4733,10/20/2023 2:30,16.94,0,"","","",""
RW2,4734,10/20/2023 2:35,16.94,0,"","","",""
RW2,4735,10/20/2023 2:40,16.9,0,"","","",""
RW2,4736,10/20/2023 2:45,16.86,0,"","","",""
RW2,4737,10/20/2023 2:50,16.86,0,"","","",""
RW2,4738,10/20/2023 2:55,16.77,0,"","","",""
RW2,4739,10/20/2023 3:00,16.77,0,"","","",""
RW2,4740,10/20/2023 3:05,16.73,0,"","","",""
RW2,4741,10/20/2023 3:10,16.69,0,"","","",""
RW2,4742,10/20/2023 3:15,16.69,0,"","","",""
RW2,4743,10/20/2023 3:20,16.69,0,"","","",""
RW2,4744,10/20/2023 3:25,16.77,0,"","","",""
RW2,4745,10/20/2023 3:30,16.73,0,"","","",""
RW2,4746,10/20/2023 3:35,16.73,0,"","","",""
RW2,4747,10/20/2023 3:40,16.73,0,"","","",""
RW2,4748,10/20/2023 3:45,16.77,0,"","","",""
RW2,4749,10/20/2023 3:50,16.73,0,"","","",""
RW2,4750,10/20/2023 3:55,16.73,0,"","","",""
RW2,4751,10/20/2023 4:00,16.73,0,"","","",""
RW2,4752,10/20/2023 4:05,16.69,0,"","","",""
RW2,4753,10/20/2023 4:10,16.64,0,"","","",""
RW2,4754,10/20/2023 4:15,16.6,0,"","","",""
RW2,4755,10/20/2023 4:20,16.6,0,"","","",""
RW2,4756,10/20/2023 4:25,16.6,0,"","","",""
RW2,4757,10/20/2023 4:30,16.6,0,"","","",""
RW2,4758,10/20/2023 4:35,16.56,0,"","","",""
RW2,4759,10/20/2023 4:40,16.6,0,"","","",""
RW2,4760,10/20/2023 4:45,16.6,0,"","","",""
RW2,4761,10/20/2023 4:50,16.6,0,"","","",""
RW2,4762,10/20/2023 4:55,16.6,0,"","","",""
RW2,4763,10/20/2023 5:00,16.6,0,"","","",""
RW2,4764,10/20/2023 5:05,16.56,0,"","","",""
RW2,4765,10/20/2023 5:10,16.56,0,"","","",""
RW2,4766,10/20/2023 5:15,16.56,0,"","","",""
RW2,4767,10/20/2023 5:20,16.56,0,"","","",""
RW2,4768,10/20/2023 5:25,16.6,0,"","","",""
RW2,4769,10/20/2023 5:30,16.64,0,"","","",""
RW2,4770,10/20/2023 5:35,16.6,0,"","","",""
RW2,4771,10/20/2023 5:40,16.6,0,"","","",""
RW2,4772,10/20/2023 5:45,16.56,0,"","","",""
RW2,4773,10/20/2023 5:50,16.6,0,"","","",""
RW2,4774,10/20/2023 5:55,16.6,0,"","","",""
RW2,4775,10/20/2023 6:00,16.6,0,"","","",""
RW2,4776,10/20/2023 6:05,16.64,0,"","","",""
RW2,4777,10/20/2023 6:10,16.73,0,"","","",""
RW2,4778,10/20/2023 6:15,16.73,0,"","","",""
RW2,4779,10/20/2023 6:20,16.73,0,"","","",""
RW2,4780,10/20/2023 6:25,16.81,0,"","","",""
RW2,4781,10/20/2023 6:30,16.86,0,"","","",""
RW2,4782,10/20/2023 6:35,16.9,0,"","","",""
RW2,4783,10/20/2023 6:40,16.9,3.1,"","","",""
RW2,4784,10/20/2023 6:45,16.94,0,"","","",""
RW2,4785,10/20/2023 6:50,16.99,3.1,"","","",""
RW2,4786,10/20/2023 6:55,16.99,0.22,"","","",""
RW2,4787,10/20/2023 7:00,17.07,239.84,"","","",""
RW2,4788,10/20/2023 7:05,17.03,0.44,"","","",""
RW2,4789,10/20/2023 7:10,17.07,0.22,"","","",""
RW2,4790,10/20/2023 7:15,17.16,12.87,"","","",""
RW2,4791,10/20/2023 7:20,17.16,4.2,"","","",""
RW2,4792,10/20/2023 7:25,17.16,12.95,"","","",""
RW2,4793,10/20/2023 7:30,17.16,11.07,"","","",""
RW2,4794,10/20/2023 7:35,17.16,51.44,"","","",""
RW2,4795,10/20/2023 7:40,17.16,12.87,"","","",""
RW2,4796,10/20/2023 7:45,17.2,104.32,"","","",""
RW2,4797,10/20/2023 7:50,17.2,2.87,"","","",""
RW2,4798,10/20/2023 7:55,17.2,45.84,"","","",""
RW2,4799,10/20/2023 8:00,17.24,8.94,"","","",""
RW2,4800,10/20/2023 8:05,17.33,347.52,"","","",""
RW2,4801,10/20/2023 8:10,17.33,19.99,"","","",""
RW2,4802,10/20/2023 8:15,17.33,767.04,"","","",""
RW2,4803,10/20/2023 8:20,17.33,30.29,"","","",""
RW2,4804,10/20/2023 8:25,17.33,2.43,"","","",""
RW2,4805,10/20/2023 8:30,17.37,117.92,"","","",""
RW2,4806,10/20/2023 8:35,17.37,64.68,"","","",""
RW2,4807,10/20/2023 8:40,17.33,2.65,"","","",""
RW2,4808,10/20/2023 8:45,17.41,702.4,"","","",""
RW2,4809,10/20/2023 8:50,17.37,134.24,"","","",""
RW2,4810,10/20/2023 8:55,17.5,7.86,"","","",""
RW2,4811,10/20/2023 9:00,17.41,344.64,"","","",""
RW2,4812,10/20/2023 9:05,17.46,129.56,"","","",""
RW2,4813,10/20/2023 9:10,17.54,3047.68,"","","",""
RW2,4814,10/20/2023 9:15,17.5,36.77,"","","",""
RW2,4815,10/20/2023 9:20,17.59,19.77,"","","",""
RW2,4816,10/20/2023 9:25,17.59,5591.04,"","","",""
RW2,4817,10/20/2023 9:30,17.63,37.93,"","","",""
RW2,4818,10/20/2023 9:35,17.54,22.31,"","","",""
RW2,4819,10/20/2023 9:40,17.63,215.04,"","","",""
RW2,4820,10/20/2023 9:45,17.63,13.9,"","","",""
RW2,4821,10/20/2023 9:50,17.67,2.21,"","","",""
RW2,4822,10/20/2023 9:55,17.67,96.68,"","","",""
RW2,4823,10/20/2023 10:00,17.72,136.12,"","","",""
RW2,4824,10/20/2023 10:05,17.72,3549.44,"","","",""
RW2,4825,10/20/2023 10:10,17.76,160.92,"","","",""
RW2,4826,10/20/2023 10:15,17.76,26.19,"","","",""
RW2,4827,10/20/2023 10:20,17.76,251.84,"","","",""
RW2,4828,10/20/2023 10:25,17.76,227.44,"","","",""
RW2,4829,10/20/2023 10:30,17.84,4.2,"","","",""
RW2,4830,10/20/2023 10:35,17.93,33.61,"","","",""
RW2,4831,10/20/2023 10:40,17.89,206,"","","",""
RW2,4832,10/20/2023 10:45,17.89,48.44,"","","",""
RW2,4833,10/20/2023 10:50,17.97,401.28,"","","",""
RW2,4834,10/20/2023 10:55,17.93,0.44,"","","",""
RW2,4835,10/20/2023 11:00,17.97,264.24,"","","",""
RW2,4836,10/20/2023 11:05,17.97,1249.28,"","","",""
RW2,4837,10/20/2023 11:10,18.06,2.65,"","","",""
RW2,4838,10/20/2023 11:15,18.06,906.24,"","","",""
RW2,4839,10/20/2023 11:20,18.1,67.72,"","","",""
RW2,4840,10/20/2023 11:25,18.1,5248,"","","",""
RW2,4841,10/20/2023 11:30,18.1,42.64,"","","",""
RW2,4842,10/20/2023 11:35,18.02,1941.76,"","","",""
RW2,4843,10/20/2023 11:40,18.14,1614.72,"","","",""
RW2,4844,10/20/2023 11:45,18.14,69.32,"","","",""
RW2,4845,10/20/2023 11:50,18.19,206.64,"","","",""
RW2,4846,10/20/2023 11:55,18.14,106.96,"","","",""
RW2,4847,10/20/2023 12:00,18.14,2693.12,"","","",""
RW2,4848,10/20/2023 12:05,18.14,3660.8,"","","",""
RW2,4849,10/20/2023 12:10,18.14,2620.16,"","","",""
RW2,4850,10/20/2023 12:15,18.23,7449.6,"","","",""
RW2,4851,10/20/2023 12:20,18.14,129.12,"","","",""
RW2,4852,10/20/2023 12:25,18.14,89.36,"","","",""
RW2,4853,10/20/2023 12:30,18.06,1054.4,"","","",""
RW2,4854,10/20/2023 12:35,18.1,170.96,"","","",""
RW2,4855,10/20/2023 12:40,18.1,249.2,"","","",""
RW2,4856,10/20/2023 12:45,18.19,98.12,"","","",""
RW2,4857,10/20/2023 12:50,18.1,771.2,"","","",""
RW2,4858,10/20/2023 12:55,18.14,91.8,"","","",""
RW2,4859,10/20/2023 13:00,18.1,4.2,"","","",""
RW2,4860,10/20/2023 13:05,18.1,7.17,"","","",""
RW2,4861,10/20/2023 13:10,18.1,166.8,"","","",""
RW2,4862,10/20/2023 13:15,17.97,160.6,"","","",""
RW2,4863,10/20/2023 13:20,18.1,1312.64,"","","",""
RW2,4864,10/20/2023 13:25,18.1,337.76,"","","",""
RW2,4865,10/20/2023 13:30,18.06,287.36,"","","",""
RW2,4866,10/20/2023 13:35,18.1,1452.16,"","","",""
RW2,4867,10/20/2023 13:40,18.19,54.26,"","","",""
RW2,4868,10/20/2023 13:45,18.14,9.46,"","","",""
RW2,4869,10/20/2023 13:50,18.14,100.2,"","","",""
RW2,4870,10/20/2023 13:55,18.1,2030.72,"","","",""
RW2,4871,10/20/2023 14:00,18.19,729.92,"","","",""
RW2,4872,10/20/2023 14:05,18.27,37.43,"","","",""
RW2,4873,10/20/2023 14:10,18.27,2469.76,"","","",""
RW2,4874,10/20/2023 14:15,18.23,140,"","","",""
RW2,4875,10/20/2023 14:20,18.32,137.88,"","","",""
RW2,4876,10/20/2023 14:25,18.32,703.36,"","","",""
RW2,4877,10/20/2023 14:30,18.32,840,"","","",""
RW2,4878,10/20/2023 14:35,18.23,0.22,"","","",""
RW2,4879,10/20/2023 14:40,18.06,646.24,"","","",""
RW2,4880,10/20/2023 14:45,18.14,281.76,"","","",""
RW2,4881,10/20/2023 14:50,18.4,695.04,"","","",""
RW2,4882,10/20/2023 14:55,18.32,76.74,"","","",""
RW2,4883,10/20/2023 15:00,18.44,834.56,"","","",""
RW2,4884,10/20/2023 15:05,18.49,28.02,"","","",""
RW2,4885,10/20/2023 15:10,18.49,15.67,"","","",""
RW2,4886,10/20/2023 15:15,18.49,7249.92,"","","",""
RW2,4887,10/20/2023 15:20,18.4,4459.52,"","","",""
RW2,4888,10/20/2023 15:25,18.49,22.98,"","","",""
RW2,4889,10/20/2023 15:30,18.44,98,"","","",""
RW2,4890,10/20/2023 15:35,18.49,38.87,"","","",""
RW2,4891,10/20/2023 15:40,18.57,2652.16,"","","",""
RW2,4892,10/20/2023 15:45,18.57,90.6,"","","",""
RW2,4893,10/20/2023 15:50,18.62,75.74,"","","",""
RW2,4894,10/20/2023 15:55,18.57,209.04,"","","",""
RW2,4895,10/20/2023 16:00,18.57,226.32,"","","",""
RW2,4896,10/20/2023 16:05,18.7,12.12,"","","",""
RW2,4897,10/20/2023 16:10,18.7,2929.92,"","","",""
RW2,4898,10/20/2023 16:15,18.66,2544.64,"","","",""
RW2,4899,10/20/2023 16:20,18.7,5121.28,"","","",""
RW2,4900,10/20/2023 16:25,18.74,1704.32,"","","",""
RW2,4901,10/20/2023 16:30,18.83,921.28,"","","",""
RW2,4902,10/20/2023 16:35,18.92,2021.76,"","","",""
RW2,4903,10/20/2023 16:40,18.87,7403.52,"","","",""
RW2,4904,10/20/2023 16:45,18.79,10.41,"","","",""
RW2,4905,10/20/2023 16:50,18.92,5424.64,"","","",""
RW2,4906,10/20/2023 16:55,18.96,3402.24,"","","",""
RW2,4907,10/20/2023 17:00,18.92,12.23,"","","",""
RW2,4908,10/20/2023 17:05,18.92,1030.4,"","","",""
RW2,4909,10/20/2023 17:10,18.83,51.94,"","","",""
RW2,4910,10/20/2023 17:15,18.92,294.8,"","","",""
RW2,4911,10/20/2023 17:20,18.92,2362.24,"","","",""
RW2,4912,10/20/2023 17:25,18.87,2684.16,"","","",""
RW2,4913,10/20/2023 17:30,18.7,524.96,"","","",""
RW2,5014,10/21/2023 1:55,15.83,0,"","","",""
RW2,5015,10/21/2023 2:00,16,0,"","","",""
RW2,5016,10/21/2023 2:05,16.17,0,"","","",""
RW2,5017,10/21/2023 2:10,16.21,0,"","","",""
RW2,5018,10/21/2023 2:15,16.21,0,"","","",""
RW2,5019,10/21/2023 2:20,16.26,0,"","","",""
RW2,5020,10/21/2023 2:25,16.21,0,"","","",""
RW2,5021,10/21/2023 2:30,16.21,0,"","","",""
RW2,5022,10/21/2023 2:35,16.3,0,"","","",""
RW2,5023,10/21/2023 2:40,16.26,0,"","","",""
RW2,5024,10/21/2023 2:45,16.26,0,"","","",""
RW2,5025,10/21/2023 2:50,16.26,0,"","","",""
RW2,5026,10/21/2023 2:55,16.26,0,"","","",""
RW2,5027,10/21/2023 3:00,16.26,0,"","","",""
RW2,5028,10/21/2023 3:05,16.26,0,"","","",""
RW2,5029,10/21/2023 3:10,16.21,0,"","","",""
RW2,5030,10/21/2023 3:15,16.26,0,"","","",""
RW2,5031,10/21/2023 3:20,16.21,0,"","","",""
RW2,5032,10/21/2023 3:25,16.21,0,"","","",""
RW2,5033,10/21/2023 3:30,16.17,0,"","","",""
RW2,5034,10/21/2023 3:35,16.21,0,"","","",""
RW2,5035,10/21/2023 3:40,16.21,0,"","","",""
RW2,5036,10/21/2023 3:45,16.17,0,"","","",""
RW2,5037,10/21/2023 3:50,16.17,0,"","","",""
RW2,5038,10/21/2023 3:55,16.13,0,"","","",""
RW2,5039,10/21/2023 4:00,16.13,0,"","","",""
RW2,5040,10/21/2023 4:05,16.08,0,"","","",""
RW2,5041,10/21/2023 4:10,16.08,0,"","","",""
RW2,5042,10/21/2023 4:15,16.04,0,"","","",""
RW2,5043,10/21/2023 4:20,15.91,0,"","","",""
RW2,5044,10/21/2023 4:25,15.96,0,"","","",""
RW2,5045,10/21/2023 4:30,15.96,0,"","","",""
RW2,5046,10/21/2023 4:35,15.96,0,"","","",""
RW2,5047,10/21/2023 4:40,15.96,0,"","","",""
RW2,5048,10/21/2023 4:45,15.91,0,"","","",""
RW2,5049,10/21/2023 4:50,15.91,0,"","","",""
RW2,5050,10/21/2023 4:55,15.91,0,"","","",""
RW2,5051,10/21/2023 5:00,15.91,0,"","","",""
RW2,5052,10/21/2023 5:05,15.87,0,"","","",""
RW2,5053,10/21/2023 5:10,15.83,0,"","","",""
RW2,5054,10/21/2023 5:15,15.78,0,"","","",""
RW2,5055,10/21/2023 5:20,15.74,0,"","","",""
RW2,5056,10/21/2023 5:25,15.78,0,"","","",""
RW2,5057,10/21/2023 5:30,15.83,0,"","","",""
RW2,5058,10/21/2023 5:35,15.83,0,"","","",""
RW2,5059,10/21/2023 5:40,15.87,0,"","","",""
RW2,5060,10/21/2023 5:45,15.83,0,"","","",""
RW2,5061,10/21/2023 5:50,15.78,0,"","","",""
RW2,5062,10/21/2023 5:55,15.78,0,"","","",""
RW2,5063,10/21/2023 6:00,15.87,0,"","","",""
RW2,5064,10/21/2023 6:05,15.91,0,"","","",""
RW2,5065,10/21/2023 6:10,15.78,0,"","","",""
RW2,5066,10/21/2023 6:15,15.74,0,"","","",""
RW2,5067,10/21/2023 6:20,15.78,0,"","","",""
RW2,5068,10/21/2023 6:25,15.83,0,"","","",""
RW2,5069,10/21/2023 6:30,15.74,0,"","","",""
RW2,5070,10/21/2023 6:35,15.74,0,"","","",""
RW2,5071,10/21/2023 6:40,15.78,0,"","","",""
RW2,5072,10/21/2023 6:45,15.66,0.66,"","","",""
RW2,5073,10/21/2023 6:50,15.7,0.66,"","","",""
RW2,5074,10/21/2023 6:55,15.7,1.99,"","","",""
RW2,5075,10/21/2023 7:00,15.83,200.4,"","","",""
RW2,5076,10/21/2023 7:05,15.83,83.72,"","","",""
RW2,5077,10/21/2023 7:10,15.87,0.88,"","","",""
RW2,5078,10/21/2023 7:15,15.87,2.43,"","","",""
RW2,5079,10/21/2023 7:20,15.78,5.31,"","","",""
RW2,5080,10/21/2023 7:25,15.7,78.08,"","","",""
RW2,5081,10/21/2023 7:30,15.66,15.78,"","","",""
RW2,5082,10/21/2023 7:35,15.66,16.22,"","","",""
RW2,5083,10/21/2023 7:40,15.7,1136.64,"","","",""
RW2,5084,10/21/2023 7:45,15.74,168.08,"","","",""
RW2,5085,10/21/2023 7:50,15.83,67,"","","",""
RW2,5086,10/21/2023 7:55,15.83,938.56,"","","",""
RW2,5087,10/21/2023 8:00,15.96,39.31,"","","",""
RW2,5088,10/21/2023 8:05,15.96,50.82,"","","",""
RW2,5089,10/21/2023 8:10,15.96,904.64,"","","",""
RW2,5090,10/21/2023 8:15,16,1113.6,"","","",""
RW2,5091,10/21/2023 8:20,16,41.2,"","","",""
RW2,5092,10/21/2023 8:25,16.04,1491.2,"","","",""
RW2,5093,10/21/2023 8:30,16,157.48,"","","",""
RW2,5094,10/21/2023 8:35,16.04,2149.12,"","","",""
RW2,5095,10/21/2023 8:40,16.08,1189.76,"","","",""
RW2,5096,10/21/2023 8:45,16.13,2051.84,"","","",""
RW2,5097,10/21/2023 8:50,16.13,191.92,"","","",""
RW2,5098,10/21/2023 8:55,16.17,151.04,"","","",""
RW2,5099,10/21/2023 9:00,16.21,21.7,"","","",""
RW2,5100,10/21/2023 9:05,16.26,274.72,"","","",""
RW2,5101,10/21/2023 9:10,16.34,48.62,"","","",""
RW2,5102,10/21/2023 9:15,16.34,245.2,"","","",""
RW2,5103,10/21/2023 9:20,16.43,3595.52,"","","",""
RW2,5104,10/21/2023 9:25,16.47,1431.68,"","","",""
RW2,5105,10/21/2023 9:30,16.47,3710.72,"","","",""
RW2,5106,10/21/2023 9:35,16.64,6126.08,"","","",""
RW2,5107,10/21/2023 9:40,16.64,9730.56,"","","",""
RW2,5108,10/21/2023 9:45,16.73,2443.52,"","","",""
RW2,5109,10/21/2023 9:50,16.77,111.08,"","","",""
RW2,5110,10/21/2023 9:55,16.73,102.32,"","","",""
RW2,5111,10/21/2023 10:00,16.86,7485.44,"","","",""
RW2,5112,10/21/2023 10:05,16.9,82.92,"","","",""
RW2,5113,10/21/2023 10:10,16.94,21.54,"","","",""
RW2,5114,10/21/2023 10:15,16.99,25.08,"","","",""
RW2,5115,10/21/2023 10:20,17.03,14648.32,"","","",""
RW2,5116,10/21/2023 10:25,17.11,178.08,"","","",""
RW2,5117,10/21/2023 10:30,17.11,10767.36,"","","",""
RW2,5118,10/21/2023 10:35,17.11,3550.72,"","","",""
RW2,5119,10/21/2023 10:40,17.2,4039.68,"","","",""
RW2,5120,10/21/2023 10:45,17.24,579.36,"","","",""
RW2,5121,10/21/2023 10:50,17.24,1278.4,"","","",""
RW2,5122,10/21/2023 10:55,17.29,55.48,"","","",""
RW2,5123,10/21/2023 11:00,17.33,74.54,"","","",""
RW2,5124,10/21/2023 11:05,17.33,28.85,"","","",""
RW2,5125,10/21/2023 11:10,17.41,74.26,"","","",""
RW2,5126,10/21/2023 11:15,17.5,1793.28,"","","",""
RW2,5127,10/21/2023 11:20,17.46,42.02,"","","",""
RW2,5128,10/21/2023 11:25,17.59,46.5,"","","",""
RW2,5129,10/21/2023 11:30,17.5,137.2,"","","",""
RW2,5130,10/21/2023 11:35,17.54,8872.96,"","","",""
RW2,5131,10/21/2023 11:40,17.5,1081.6,"","","",""
RW2,5132,10/21/2023 11:45,17.54,4003.84,"","","",""
RW2,5133,10/21/2023 11:50,17.59,1298.88,"","","",""
RW2,5134,10/21/2023 11:55,17.72,48,"","","",""
RW2,5135,10/21/2023 12:00,17.67,2377.6,"","","",""
RW2,5136,10/21/2023 12:05,17.72,137.2,"","","",""
RW2,5137,10/21/2023 12:10,17.76,78.52,"","","",""
RW2,5138,10/21/2023 12:15,17.8,55.6,"","","",""
RW2,5139,10/21/2023 12:20,17.93,1345.92,"","","",""
RW2,5140,10/21/2023 12:25,17.93,131.8,"","","",""
RW2,5141,10/21/2023 12:30,17.97,7.08,"","","",""
RW2,5142,10/21/2023 12:35,17.8,86.6,"","","",""
RW2,5143,10/21/2023 12:40,17.8,1676.8,"","","",""
RW2,5144,10/21/2023 12:45,17.8,127.12,"","","",""
RW2,5145,10/21/2023 12:50,17.8,5754.88,"","","",""
RW2,5146,10/21/2023 12:55,17.8,563.84,"","","",""
RW2,5147,10/21/2023 13:00,17.89,2565.76,"","","",""
RW2,5148,10/21/2023 13:05,17.97,1411.2,"","","",""
RW2,5149,10/21/2023 13:10,17.93,1791.36,"","","",""
RW2,5150,10/21/2023 13:15,18.02,4103.68,"","","",""
RW2,5151,10/21/2023 13:20,17.93,53.32,"","","",""
RW2,5152,10/21/2023 13:25,17.89,97.12,"","","",""
RW2,5153,10/21/2023 13:30,17.97,1349.12,"","","",""
RW2,5154,10/21/2023 13:35,17.93,40.03,"","","",""
RW2,5155,10/21/2023 13:40,18.02,105.32,"","","",""
RW2,5156,10/21/2023 13:45,18.14,966.4,"","","",""
RW2,5157,10/21/2023 13:50,18.14,362.56,"","","",""
RW2,5158,10/21/2023 13:55,18.1,219.68,"","","",""
RW2,5159,10/21/2023 14:00,18.06,204.4,"","","",""
RW2,5160,10/21/2023 14:05,18.02,67.44,"","","",""
RW2,5161,10/21/2023 14:10,18.02,410.4,"","","",""
RW2,5162,10/21/2023 14:15,18.06,79.4,"","","",""
RW2,5163,10/21/2023 14:20,18.02,7738.88,"","","",""
RW2,5164,10/21/2023 14:25,18.1,31.67,"","","",""
RW2,5165,10/21/2023 14:30,18.19,3066.88,"","","",""
RW2,5166,10/21/2023 14:35,18.23,1782.4,"","","",""
RW2,5167,10/21/2023 14:40,18.19,68,"","","",""
RW2,5168,10/21/2023 14:45,18.19,31.95,"","","",""
RW2,5169,10/21/2023 14:50,18.14,155.8,"","","",""
RW2,5170,10/21/2023 14:55,18.14,6.23,"","","",""
RW2,5171,10/21/2023 15:00,18.19,1.1,"","","",""
RW2,5172,10/21/2023 15:05,18.14,78.4,"","","",""
RW2,5173,10/21/2023 15:10,18.23,1476.48,"","","",""
RW2,5174,10/21/2023 15:15,18.23,4490.24,"","","",""
RW2,5175,10/21/2023 15:20,18.27,1076.8,"","","",""
RW2,5176,10/21/2023 15:25,18.23,6748.16,"","","",""
RW2,5177,10/21/2023 15:30,18.23,2204.16,"","","",""
RW2,5178,10/21/2023 15:35,18.23,69.44,"","","",""
RW2,5179,10/21/2023 15:40,18.27,2240,"","","",""
RW2,5180,10/21/2023 15:45,18.27,795.52,"","","",""
RW2,5181,10/21/2023 15:50,18.23,3130.88,"","","",""
RW2,5182,10/21/2023 15:55,18.23,83.72,"","","",""
RW2,5183,10/21/2023 16:00,18.23,150.84,"","","",""
RW2,5184,10/21/2023 16:05,18.19,361.92,"","","",""
RW2,5185,10/21/2023 16:10,18.23,248.72,"","","",""
RW2,5186,10/21/2023 16:15,18.23,4.2,"","","",""
RW2,5187,10/21/2023 16:20,18.19,1614.08,"","","",""
RW2,5188,10/21/2023 16:25,18.23,4174.08,"","","",""
RW2,5189,10/21/2023 16:30,18.19,85.72,"","","",""
RW2,5190,10/21/2023 16:35,18.23,55.98,"","","",""
RW2,5191,10/21/2023 16:40,18.19,7162.88,"","","",""
RW2,5192,10/21/2023 16:45,18.19,557.76,"","","",""
RW2,5193,10/21/2023 16:50,18.19,488.64,"","","",""
RW2,5194,10/21/2023 16:55,18.14,53.54,"","","",""
RW2,5195,10/21/2023 17:00,18.14,2243.2,"","","",""
RW2,5196,10/21/2023 17:05,18.1,6.28,"","","",""
RW2,5197,10/21/2023 17:10,18.1,53.26,"","","",""
RW2,5198,10/21/2023 17:15,18.06,6.45,"","","",""
RW2,5199,10/21/2023 17:20,18.06,30.95,"","","",""
RW2,5200,10/21/2023 17:25,17.97,398.24,"","","",""
RW2,5201,10/21/2023 17:30,17.93,126.36,"","","",""
RW2,5202,10/21/2023 17:35,17.93,1.32,"","","",""
RW2,5203,10/21/2023 17:40,17.89,48.06,"","","",""
RW2,5204,10/21/2023 17:45,17.89,2.21,"","","",""
RW2,5205,10/21/2023 17:50,17.89,26.13,"","","",""
RW2,5206,10/21/2023 17:55,17.84,382.08,"","","",""
RW2,5207,10/21/2023 18:00,17.84,480.16,"","","",""
RW2,5208,10/21/2023 18:05,17.84,502.56,"","","",""
RW2,5209,10/21/2023 18:10,17.8,395.04,"","","",""
RW2,5210,10/21/2023 18:15,17.84,1.1,"","","",""
RW2,5211,10/21/2023 18:20,17.8,0.44,"","","",""
RW2,5212,10/21/2023 18:25,17.76,30.68,"","","",""
RW2,5213,10/21/2023 18:30,17.72,6.86,"","","",""
RW2,5214,10/21/2023 18:35,17.72,4.87,"","","",""
RW2,5215,10/21/2023 18:40,17.41,0.22,"","","",""
RW2,5216,10/21/2023 18:45,17.46,0.22,"","","",""
RW2,5314,10/22/2023 2:55,15.91,0,"","","",""
RW2,5315,10/22/2023 3:00,16.6,0,"","","",""
RW2,5316,10/22/2023 3:05,16.43,0,"","","",""
RW2,5317,10/22/2023 3:10,16.73,0,"","","",""
RW2,5318,10/22/2023 3:15,16.64,0,"","","",""
RW2,5319,10/22/2023 3:20,16.69,0,"","","",""
RW2,5320,10/22/2023 3:25,16.77,0,"","","",""
RW2,5321,10/22/2023 3:30,16.77,0,"","","",""
RW2,5322,10/22/2023 3:35,16.77,0,"","","",""
RW2,5323,10/22/2023 3:40,16.77,0,"","","",""
RW2,5324,10/22/2023 3:45,16.81,0,"","","",""
RW2,5325,10/22/2023 3:50,16.77,0,"","","",""
RW2,5326,10/22/2023 3:55,16.77,0,"","","",""
RW2,5327,10/22/2023 4:00,16.77,0,"","","",""
RW2,5328,10/22/2023 4:05,16.81,0,"","","",""
RW2,5329,10/22/2023 4:10,16.77,0,"","","",""
RW2,5330,10/22/2023 4:15,16.77,0,"","","",""
RW2,5331,10/22/2023 4:20,16.81,0,"","","",""
RW2,5332,10/22/2023 4:25,16.73,0,"","","",""
RW2,5333,10/22/2023 4:30,16.77,0,"","","",""
RW2,5334,10/22/2023 4:35,16.77,0,"","","",""
RW2,5335,10/22/2023 4:40,16.77,0,"","","",""
RW2,5336,10/22/2023 4:45,16.81,0,"","","",""
RW2,5337,10/22/2023 4:50,16.77,0,"","","",""
RW2,5338,10/22/2023 4:55,16.77,0,"","","",""
RW2,5339,10/22/2023 5:00,16.77,0,"","","",""
RW2,5340,10/22/2023 5:05,16.81,0,"","","",""
RW2,5341,10/22/2023 5:10,16.77,0,"","","",""
RW2,5342,10/22/2023 5:15,16.81,0,"","","",""
RW2,5343,10/22/2023 5:20,16.81,0,"","","",""
RW2,5344,10/22/2023 5:25,16.81,0,"","","",""
RW2,5345,10/22/2023 5:30,16.77,0,"","","",""
RW2,5346,10/22/2023 5:35,16.73,0,"","","",""
RW2,5347,10/22/2023 5:40,16.77,0,"","","",""
RW2,5348,10/22/2023 5:45,16.77,0,"","","",""
RW2,5349,10/22/2023 5:50,16.77,0,"","","",""
RW2,5350,10/22/2023 5:55,16.77,0,"","","",""
RW2,5351,10/22/2023 6:00,16.77,0,"","","",""
RW2,5352,10/22/2023 6:05,16.73,0,"","","",""
RW2,5353,10/22/2023 6:10,16.77,0,"","","",""
RW2,5354,10/22/2023 6:15,16.73,0,"","","",""
RW2,5355,10/22/2023 6:20,16.69,0,"","","",""
RW2,5356,10/22/2023 6:25,16.73,0,"","","",""
RW2,5357,10/22/2023 6:30,16.73,0,"","","",""
RW2,5358,10/22/2023 6:35,16.73,0.22,"","","",""
RW2,5359,10/22/2023 6:40,16.73,0,"","","",""
RW2,5360,10/22/2023 6:45,16.73,0,"","","",""
RW2,5361,10/22/2023 6:50,16.69,0,"","","",""
RW2,5362,10/22/2023 6:55,16.73,1.55,"","","",""
RW2,5363,10/22/2023 7:00,16.73,0.22,"","","",""
RW2,5364,10/22/2023 7:05,16.69,149.52,"","","",""
RW2,5365,10/22/2023 7:10,16.69,0.66,"","","",""
RW2,5366,10/22/2023 7:15,16.6,1.55,"","","",""
RW2,5367,10/22/2023 7:20,16.64,13.78,"","","",""
RW2,5368,10/22/2023 7:25,16.69,98,"","","",""
RW2,5369,10/22/2023 7:30,16.64,61.84,"","","",""
RW2,5370,10/22/2023 7:35,16.69,55.26,"","","",""
RW2,5371,10/22/2023 7:40,16.64,272.4,"","","",""
RW2,5372,10/22/2023 7:45,16.64,65.22,"","","",""
RW2,5373,10/22/2023 7:50,16.64,590.88,"","","",""
RW2,5374,10/22/2023 7:55,16.69,1425.28,"","","",""
RW2,5375,10/22/2023 8:00,16.69,2438.4,"","","",""
RW2,5376,10/22/2023 8:05,16.69,747.84,"","","",""
RW2,5377,10/22/2023 8:10,16.73,1056.96,"","","",""
RW2,5378,10/22/2023 8:15,16.73,20.15,"","","",""
RW2,5379,10/22/2023 8:20,16.73,451.84,"","","",""
RW2,5380,10/22/2023 8:25,16.73,103.44,"","","",""
RW2,5381,10/22/2023 8:30,16.73,243.84,"","","",""
RW2,5382,10/22/2023 8:35,16.77,2268.16,"","","",""
RW2,5383,10/22/2023 8:40,16.86,4052.48,"","","",""
RW2,5384,10/22/2023 8:45,16.9,687.04,"","","",""
RW2,5385,10/22/2023 8:50,16.9,357.6,"","","",""
RW2,5386,10/22/2023 8:55,16.86,29.96,"","","",""
RW2,5387,10/22/2023 9:00,16.9,2650.88,"","","",""
RW2,5388,10/22/2023 9:05,16.94,115.16,"","","",""
RW2,5389,10/22/2023 9:10,16.99,1810.56,"","","",""
RW2,5390,10/22/2023 9:15,17.07,1257.28,"","","",""
RW2,5391,10/22/2023 9:20,17.11,28805.12,"","","",""
RW2,5392,10/22/2023 9:25,17.07,3906.56,"","","",""
RW2,5393,10/22/2023 9:30,17.07,358.4,"","","",""
RW2,5394,10/22/2023 9:35,17.24,23541.76,"","","",""
RW2,5395,10/22/2023 9:40,17.33,2296.32,"","","",""
RW2,5396,10/22/2023 9:45,17.29,10664.96,"","","",""
RW2,5397,10/22/2023 9:50,17.24,5061.12,"","","",""
RW2,5398,10/22/2023 9:55,17.24,341.44,"","","",""
RW2,5399,10/22/2023 10:00,17.24,64.9,"","","",""
RW2,5400,10/22/2023 10:05,17.33,50.6,"","","",""
RW2,5401,10/22/2023 10:10,17.33,46.56,"","","",""
RW2,5402,10/22/2023 10:15,17.37,122.8,"","","",""
RW2,5403,10/22/2023 10:20,17.41,6730.24,"","","",""
RW2,5404,10/22/2023 10:25,17.41,26531.84,"","","",""
RW2,5405,10/22/2023 10:30,17.67,17039.36,"","","",""
RW2,5406,10/22/2023 10:35,17.5,628.96,"","","",""
RW2,5407,10/22/2023 10:40,17.46,11678.72,"","","",""
RW2,5408,10/22/2023 10:45,17.76,690.24,"","","",""
RW2,5409,10/22/2023 10:50,17.63,2593.92,"","","",""
RW2,5410,10/22/2023 10:55,17.63,167.44,"","","",""
RW2,5411,10/22/2023 11:00,17.76,682.88,"","","",""
RW2,5412,10/22/2023 11:05,17.63,19471.36,"","","",""
RW2,5413,10/22/2023 11:10,17.72,3192.32,"","","",""
RW2,5414,10/22/2023 11:15,17.8,20264.96,"","","",""
RW2,5415,10/22/2023 11:20,17.76,187.92,"","","",""
RW2,5416,10/22/2023 11:25,17.76,29757.44,"","","",""
RW2,5417,10/22/2023 11:30,17.72,3449.6,"","","",""
RW2,5418,10/22/2023 11:35,17.8,5629.44,"","","",""
RW2,5419,10/22/2023 11:40,17.84,13701.12,"","","",""
RW2,5420,10/22/2023 11:45,17.89,89.36,"","","",""
RW2,5421,10/22/2023 11:50,17.84,46.06,"","","",""
RW2,5422,10/22/2023 11:55,17.8,2003.84,"","","",""
RW2,5423,10/22/2023 12:00,17.84,930.24,"","","",""
RW2,5424,10/22/2023 12:05,17.84,294.8,"","","",""
RW2,5425,10/22/2023 12:10,17.89,4422.4,"","","",""
RW2,5426,10/22/2023 12:15,17.97,15088.64,"","","",""
RW2,5427,10/22/2023 12:20,18.02,3841.28,"","","",""
RW2,5428,10/22/2023 12:25,17.97,211.04,"","","",""
RW2,5429,10/22/2023 12:30,17.97,3214.08,"","","",""
RW2,5430,10/22/2023 12:35,18.02,2074.88,"","","",""
RW2,5431,10/22/2023 12:40,17.93,5457.92,"","","",""
RW2,5432,10/22/2023 12:45,18.02,42.8,"","","",""
RW2,5433,10/22/2023 12:50,17.89,1024.96,"","","",""
RW2,5434,10/22/2023 12:55,17.93,9725.44,"","","",""
RW2,5435,10/22/2023 13:00,17.89,33740.8,"","","",""
RW2,5436,10/22/2023 13:05,18.02,142.08,"","","",""
RW2,5437,10/22/2023 13:10,17.93,11.04,"","","",""
RW2,5438,10/22/2023 13:15,17.97,10362.88,"","","",""
RW2,5439,10/22/2023 13:20,18.06,175.44,"","","",""
RW2,5440,10/22/2023 13:25,18.02,113.08,"","","",""
RW2,5441,10/22/2023 13:30,18.06,813.76,"","","",""
RW2,5442,10/22/2023 13:35,18.1,1144.64,"","","",""
RW2,5443,10/22/2023 13:40,18.1,12.46,"","","",""
RW2,5444,10/22/2023 13:45,18.14,4238.08,"","","",""
RW2,5445,10/22/2023 13:50,18.14,491.84,"","","",""
RW2,5446,10/22/2023 13:55,18.19,19.54,"","","",""
RW2,5447,10/22/2023 14:00,18.19,2671.36,"","","",""
RW2,5448,10/22/2023 14:05,18.19,51,"","","",""
RW2,5449,10/22/2023 14:10,18.19,32.39,"","","",""
RW2,5450,10/22/2023 14:15,18.23,530.24,"","","",""
RW2,5451,10/22/2023 14:20,18.23,7.36,"","","",""
RW2,5452,10/22/2023 14:25,18.19,717.12,"","","",""
RW2,5453,10/22/2023 14:30,18.19,768.96,"","","",""
RW2,5454,10/22/2023 14:35,18.19,94.68,"","","",""
RW2,5455,10/22/2023 14:40,18.19,4192,"","","",""
RW2,5456,10/22/2023 14:45,18.32,1515.52,"","","",""
RW2,5457,10/22/2023 14:50,18.23,170.4,"","","",""
RW2,5458,10/22/2023 14:55,18.23,28.4,"","","",""
RW2,5459,10/22/2023 15:00,18.32,514.24,"","","",""
RW2,5460,10/22/2023 15:05,18.23,9.44,"","","",""
RW2,5461,10/22/2023 15:10,18.27,33.67,"","","",""
RW2,5462,10/22/2023 15:15,18.36,1856.64,"","","",""
RW2,5463,10/22/2023 15:20,18.36,728.32,"","","",""
RW2,5464,10/22/2023 15:25,18.44,2021.76,"","","",""
RW2,5465,10/22/2023 15:30,18.49,1067.52,"","","",""
RW2,5466,10/22/2023 15:35,18.49,1656.96,"","","",""
RW2,5467,10/22/2023 15:40,18.53,198.64,"","","",""
RW2,5468,10/22/2023 15:45,18.49,70.66,"","","",""
RW2,5469,10/22/2023 15:50,18.62,74.86,"","","",""
RW2,5470,10/22/2023 15:55,18.66,101.64,"","","",""
RW2,5471,10/22/2023 16:00,18.66,83.92,"","","",""
RW2,5472,10/22/2023 16:05,18.7,98.76,"","","",""
RW2,5473,10/22/2023 16:10,18.7,2.87,"","","",""
RW2,5474,10/22/2023 16:15,18.57,12.23,"","","",""
RW2,5475,10/22/2023 16:20,18.57,817.6,"","","",""
RW2,5476,10/22/2023 16:25,18.57,22.7,"","","",""
RW2,5477,10/22/2023 16:30,18.74,13.29,"","","",""
RW2,5478,10/22/2023 16:35,18.83,52.6,"","","",""
RW2,5479,10/22/2023 16:40,18.87,9.58,"","","",""
RW2,5480,10/22/2023 16:45,18.87,192.48,"","","",""
RW2,5481,10/22/2023 16:50,18.79,139.08,"","","",""
RW2,5482,10/22/2023 16:55,18.83,24.86,"","","",""
RW2,5483,10/22/2023 17:00,18.83,1.32,"","","",""
RW2,5484,10/22/2023 17:05,18.92,7.31,"","","",""
RW2,5485,10/22/2023 17:10,18.96,4.2,"","","",""
RW2,5486,10/22/2023 17:15,18.96,7.31,"","","",""
RW2,5487,10/22/2023 17:20,18.96,16.17,"","","",""
RW2,5488,10/22/2023 17:25,19,0,"","","",""
RW2,5489,10/22/2023 17:30,19,4.87,"","","",""
RW2,5490,10/22/2023 17:35,19.05,2.65,"","","",""
RW2,5491,10/22/2023 17:40,19,15.5,"","","",""
RW2,5492,10/22/2023 17:45,19.13,215.76,"","","",""
RW2,5493,10/22/2023 17:50,19.09,22.65,"","","",""
RW2,5494,10/22/2023 17:55,19.13,12.84,"","","",""
RW2,5495,10/22/2023 18:00,19.09,0.66,"","","",""
RW2,5496,10/22/2023 18:05,19.09,0.22,"","","",""
RW2,5497,10/22/2023 18:10,19.09,43.96,"","","",""
RW2,5498,10/22/2023 18:15,19.13,9.3,"","","",""
RW2,5499,10/22/2023 18:20,19.13,0,"","","",""
RW2,5500,10/22/2023 18:25,19.13,0,"","","",""
RW2,5501,10/22/2023 18:30,19.13,0,"","","",""
RW2,5502,10/22/2023 18:35,19.09,0,"","","",""
RW2,5503,10/22/2023 18:40,19.13,0,"","","",""
RW2,5504,10/22/2023 18:45,19.09,0,"","","",""
RW2,5505,10/22/2023 18:50,19.13,0,"","","",""
RW2,5506,10/22/2023 18:55,19.09,0,"","","",""
RW2,5507,10/22/2023 19:00,19.09,0,"","","",""
RW2,5508,10/22/2023 19:05,19.09,0,"","","",""
RW2,5509,10/22/2023 19:10,19.13,0,"","","",""
RW2,5510,10/22/2023 19:15,19.09,0,"","","",""
RW2,5511,10/22/2023 19:20,19.09,0,"","","",""
RW2,5512,10/22/2023 19:25,19.09,0,"","","",""
RW2,5513,10/22/2023 19:30,19.09,0,"","","",""
RW2,5514,10/22/2023 19:35,19.09,0,"","","",""
RW2,5515,10/22/2023 19:40,19.05,0,"","","",""
RW2,5516,10/22/2023 19:45,19.05,0,"","","",""
RW2,5517,10/22/2023 19:50,19,0,"","","",""
RW2,5518,10/22/2023 19:55,18.92,0,"","","",""
RW2,5519,10/22/2023 20:00,18.87,0,"","","",""
RW2,5520,10/22/2023 20:05,18.7,0,"","","",""
RW2,5609,10/23/2023 3:30,17.11,0,"","","",""
RW2,5610,10/23/2023 3:35,16.9,0,"","","",""
RW2,5611,10/23/2023 3:40,17.2,0,"","","",""
RW2,5612,10/23/2023 3:45,17.41,0,"","","",""
RW2,5613,10/23/2023 3:50,17.54,0,"","","",""
RW2,5614,10/23/2023 3:55,17.59,0,"","","",""
RW2,5615,10/23/2023 4:00,17.59,0,"","","",""
RW2,5616,10/23/2023 4:05,17.63,0,"","","",""
RW2,5617,10/23/2023 4:10,17.63,0,"","","",""
RW2,5618,10/23/2023 4:15,17.67,0,"","","",""
RW2,5619,10/23/2023 4:20,17.63,0,"","","",""
RW2,5620,10/23/2023 4:25,17.59,0,"","","",""
RW2,5621,10/23/2023 4:30,17.59,0,"","","",""
RW2,5622,10/23/2023 4:35,17.54,0,"","","",""
RW2,5623,10/23/2023 4:40,17.59,0,"","","",""
RW2,5624,10/23/2023 4:45,17.59,0,"","","",""
RW2,5625,10/23/2023 4:50,17.59,0,"","","",""
RW2,5626,10/23/2023 4:55,17.5,0,"","","",""
RW2,5627,10/23/2023 5:00,17.46,0,"","","",""
RW2,5628,10/23/2023 5:05,17.41,0,"","","",""
RW2,5629,10/23/2023 5:10,17.37,0,"","","",""
RW2,5630,10/23/2023 5:15,17.37,0,"","","",""
RW2,5631,10/23/2023 5:20,17.33,0,"","","",""
RW2,5632,10/23/2023 5:25,17.33,0,"","","",""
RW2,5633,10/23/2023 5:30,17.29,0,"","","",""
RW2,5634,10/23/2023 5:35,17.33,0,"","","",""
RW2,5635,10/23/2023 5:40,17.29,0,"","","",""
RW2,5636,10/23/2023 5:45,17.29,0,"","","",""
RW2,5637,10/23/2023 5:50,17.24,0,"","","",""
RW2,5638,10/23/2023 5:55,17.2,0,"","","",""
RW2,5639,10/23/2023 6:00,17.2,0,"","","",""
RW2,5640,10/23/2023 6:05,17.2,0,"","","",""
RW2,5641,10/23/2023 6:10,17.11,0,"","","",""
RW2,5642,10/23/2023 6:15,17.07,0,"","","",""
RW2,5643,10/23/2023 6:20,17.11,0,"","","",""
RW2,5644,10/23/2023 6:25,17.07,0,"","","",""
RW2,5645,10/23/2023 6:30,17.07,0,"","","",""
RW2,5646,10/23/2023 6:35,17.03,0,"","","",""
RW2,5647,10/23/2023 6:40,17.03,0,"","","",""
RW2,5648,10/23/2023 6:45,16.94,0,"","","",""
RW2,5649,10/23/2023 6:50,16.99,0,"","","",""
RW2,5650,10/23/2023 6:55,16.99,5.09,"","","",""
RW2,5651,10/23/2023 7:00,16.9,0.44,"","","",""
RW2,5652,10/23/2023 7:05,16.94,0.22,"","","",""
RW2,5653,10/23/2023 7:10,16.99,39.48,"","","",""
RW2,5654,10/23/2023 7:15,16.9,0.22,"","","",""
RW2,5655,10/23/2023 7:20,16.9,33.72,"","","",""
RW2,5656,10/23/2023 7:25,16.9,103.32,"","","",""
RW2,5657,10/23/2023 7:30,16.9,183.36,"","","",""
RW2,5658,10/23/2023 7:35,16.9,84.48,"","","",""
RW2,5659,10/23/2023 7:40,16.86,1.77,"","","",""
RW2,5660,10/23/2023 7:45,16.86,79.3,"","","",""
RW2,5661,10/23/2023 7:50,16.81,185.12,"","","",""
RW2,5662,10/23/2023 7:55,16.86,386.72,"","","",""
RW2,5663,10/23/2023 8:00,16.86,40.03,"","","",""
RW2,5664,10/23/2023 8:05,16.86,17.08,"","","",""
RW2,5665,10/23/2023 8:10,16.86,8.05,"","","",""
RW2,5666,10/23/2023 8:15,16.81,130.12,"","","",""
RW2,5667,10/23/2023 8:20,16.81,44.4,"","","",""
RW2,5668,10/23/2023 8:25,16.81,1.55,"","","",""
RW2,5669,10/23/2023 8:30,16.81,3.76,"","","",""
RW2,5670,10/23/2023 8:35,16.81,129.24,"","","",""
RW2,5671,10/23/2023 8:40,16.81,49.34,"","","",""
RW2,5672,10/23/2023 8:45,16.81,269.52,"","","",""
RW2,5673,10/23/2023 8:50,16.86,864.64,"","","",""
RW2,5674,10/23/2023 8:55,16.86,5.75,"","","",""
RW2,5675,10/23/2023 9:00,16.86,450.88,"","","",""
RW2,5676,10/23/2023 9:05,16.9,627.68,"","","",""
RW2,5677,10/23/2023 9:10,16.86,359.04,"","","",""
RW2,5678,10/23/2023 9:15,16.9,12.68,"","","",""
RW2,5679,10/23/2023 9:20,16.94,105.76,"","","",""
RW2,5680,10/23/2023 9:25,17.16,21647.36,"","","",""
RW2,5681,10/23/2023 9:30,17.11,332.48,"","","",""
RW2,5682,10/23/2023 9:35,17.33,14131.2,"","","",""
RW2,5683,10/23/2023 9:40,17.07,763.2,"","","",""
RW2,5684,10/23/2023 9:45,17.2,606.4,"","","",""
RW2,5685,10/23/2023 9:50,17.11,2151.04,"","","",""
RW2,5686,10/23/2023 9:55,17.29,319.52,"","","",""
RW2,5687,10/23/2023 10:00,17.33,1551.36,"","","",""
RW2,5688,10/23/2023 10:05,17.67,21217.28,"","","",""
RW2,5689,10/23/2023 10:10,18.02,3564.8,"","","",""
RW2,5690,10/23/2023 10:15,18.23,46714.88,"","","",""
RW2,5691,10/23/2023 10:20,17.59,3176.96,"","","",""
RW2,5692,10/23/2023 10:25,18.14,21391.36,"","","",""
RW2,5693,10/23/2023 10:30,17.41,59.68,"","","",""
RW2,5694,10/23/2023 10:35,17.76,214.4,"","","",""
RW2,5695,10/23/2023 10:40,18.06,28190.72,"","","",""
RW2,5696,10/23/2023 10:45,18.92,23674.88,"","","",""
RW2,5697,10/23/2023 10:50,18.66,24012.8,"","","",""
RW2,5698,10/23/2023 10:55,18.36,24084.48,"","","",""
RW2,5699,10/23/2023 11:00,18.44,1345.92,"","","",""
RW2,5700,10/23/2023 11:05,20.46,3329.28,"","","",""
RW2,5701,10/23/2023 11:10,19.17,4819.2,"","","",""
RW2,5702,10/23/2023 11:15,22.78,73175.04,"","","",""
RW2,5703,10/23/2023 11:20,22.01,12523.52,"","","",""
RW2,5704,10/23/2023 11:25,19.77,2933.76,"","","",""
RW2,5705,10/23/2023 11:30,21.19,15165.44,"","","",""
RW2,5706,10/23/2023 11:35,19.77,6960.64,"","","",""
RW2,5707,10/23/2023 11:40,19.17,4348.16,"","","",""
RW2,5708,10/23/2023 11:45,21.58,68997.12,"","","",""
RW2,5709,10/23/2023 11:50,20.03,36485.12,"","","",""
RW2,5710,10/23/2023 11:55,21.7,71639.04,"","","",""
RW2,5711,10/23/2023 12:00,19.99,55132.16,"","","",""
RW2,5712,10/23/2023 12:05,21.58,30914.56,"","","",""
RW2,5713,10/23/2023 12:10,20.93,5093.12,"","","",""
RW2,5714,10/23/2023 12:15,22.18,50073.6,"","","",""
RW2,5715,10/23/2023 12:20,24.49,73523.2,"","","",""
RW2,5716,10/23/2023 12:25,21.23,73011.2,"","","",""
RW2,5717,10/23/2023 12:30,20.93,53473.28,"","","",""
RW2,5718,10/23/2023 12:35,20.8,73052.16,"","","",""
RW2,5719,10/23/2023 12:40,21.1,13409.28,"","","",""
RW2,5720,10/23/2023 12:45,20.25,1184.64,"","","",""
RW2,5721,10/23/2023 12:50,20.29,51793.92,"","","",""
RW2,5722,10/23/2023 12:55,19,328.64,"","","",""
RW2,5723,10/23/2023 13:00,19.9,3333.12,"","","",""
RW2,5724,10/23/2023 13:05,20.42,18401.28,"","","",""
RW2,5725,10/23/2023 13:10,19.86,36290.56,"","","",""
RW2,5726,10/23/2023 13:15,19,865.92,"","","",""
RW2,5727,10/23/2023 13:20,19.39,640.48,"","","",""
RW2,5728,10/23/2023 13:25,19.35,8455.68,"","","",""
RW2,5729,10/23/2023 13:30,19.39,26552.32,"","","",""
RW2,5730,10/23/2023 13:35,18.96,7690.24,"","","",""
RW2,5731,10/23/2023 13:40,18.57,3595.52,"","","",""
RW2,5732,10/23/2023 13:45,18.74,8051.2,"","","",""
RW2,5733,10/23/2023 13:50,18.57,16363.52,"","","",""
RW2,5734,10/23/2023 13:55,18.74,2822.4,"","","",""
RW2,5735,10/23/2023 14:00,18.74,685.12,"","","",""
RW2,5736,10/23/2023 14:05,18.7,32.28,"","","",""
RW2,5737,10/23/2023 14:10,18.7,10685.44,"","","",""
RW2,5738,10/23/2023 14:15,18.74,6592,"","","",""
RW2,5739,10/23/2023 14:20,18.62,12451.84,"","","",""
RW2,5740,10/23/2023 14:25,18.7,16.55,"","","",""
RW2,5741,10/23/2023 14:30,18.74,374.08,"","","",""
RW2,5742,10/23/2023 14:35,18.7,10432,"","","",""
RW2,5743,10/23/2023 14:40,18.66,6051.84,"","","",""
RW2,5744,10/23/2023 14:45,18.66,48.72,"","","",""
RW2,5745,10/23/2023 14:50,18.62,648.48,"","","",""
RW2,5746,10/23/2023 14:55,18.62,177.84,"","","",""
RW2,5747,10/23/2023 15:00,18.57,384.96,"","","",""
RW2,5748,10/23/2023 15:05,18.57,302.96,"","","",""
RW2,5749,10/23/2023 15:10,18.53,3610.88,"","","",""
RW2,5750,10/23/2023 15:15,18.53,156.8,"","","",""
RW2,5751,10/23/2023 15:20,18.49,30.29,"","","",""
RW2,5752,10/23/2023 15:25,18.53,149.84,"","","",""
RW2,5753,10/23/2023 15:30,18.49,32.67,"","","",""
RW2,5754,10/23/2023 15:35,18.53,41.58,"","","",""
RW2,5755,10/23/2023 15:40,18.44,7.75,"","","",""
RW2,5756,10/23/2023 15:45,18.49,10.82,"","","",""
RW2,5757,10/23/2023 15:50,18.4,350.4,"","","",""
RW2,5758,10/23/2023 15:55,18.36,15.61,"","","",""
RW2,5759,10/23/2023 16:00,18.4,161.48,"","","",""
RW2,5760,10/23/2023 16:05,18.4,1004.16,"","","",""
RW2,5761,10/23/2023 16:10,18.27,186.24,"","","",""
RW2,5762,10/23/2023 16:15,18.27,8.41,"","","",""
RW2,5763,10/23/2023 16:20,18.27,229.92,"","","",""
RW2,5764,10/23/2023 16:25,18.23,240.56,"","","",""
RW2,5765,10/23/2023 16:30,18.23,9.55,"","","",""
RW2,5766,10/23/2023 16:35,18.23,111.08,"","","",""
RW2,5767,10/23/2023 16:40,18.19,1943.68,"","","",""
RW2,5768,10/23/2023 16:45,18.14,45.84,"","","",""
RW2,5769,10/23/2023 16:50,18.14,39.09,"","","",""
RW2,5770,10/23/2023 16:55,18.02,339.36,"","","",""
RW2,5771,10/23/2023 17:00,18.02,236.08,"","","",""
RW2,5772,10/23/2023 17:05,17.97,351.68,"","","",""
RW2,5773,10/23/2023 17:10,18.02,174.48,"","","",""
RW2,5774,10/23/2023 17:15,17.97,198.56,"","","",""
RW2,5775,10/23/2023 17:20,17.97,399.04,"","","",""
RW2,5776,10/23/2023 17:25,17.84,0.44,"","","",""
RW2,5777,10/23/2023 17:30,17.8,35.49,"","","",""
RW2,5778,10/23/2023 17:35,17.8,75.08,"","","",""
RW2,5779,10/23/2023 17:40,17.8,31.89,"","","",""
RW2,5780,10/23/2023 17:45,17.76,33.22,"","","",""
RW2,5781,10/23/2023 17:50,17.8,12.4,"","","",""
RW2,5782,10/23/2023 17:55,17.76,0.66,"","","",""
RW2,5783,10/23/2023 18:00,17.72,19.93,"","","",""
RW2,5784,10/23/2023 18:05,17.72,0,"","","",""
RW2,5785,10/23/2023 18:10,17.72,34.61,"","","",""
RW2,5786,10/23/2023 18:15,17.72,1.99,"","","",""
RW2,5787,10/23/2023 18:20,17.67,0,"","","",""
RW2,5788,10/23/2023 18:25,17.63,0.44,"","","",""
RW2,5789,10/23/2023 18:30,17.63,0,"","","",""
RW2,5790,10/23/2023 18:35,17.59,0,"","","",""
RW2,5791,10/23/2023 18:40,17.63,0,"","","",""
RW2,5792,10/23/2023 18:45,17.63,0,"","","",""
RW2,5793,10/23/2023 18:50,17.63,0,"","","",""
RW2,5794,10/23/2023 18:55,17.59,0,"","","",""
RW2,5795,10/23/2023 19:00,17.54,0,"","","",""
RW2,5796,10/23/2023 19:05,17.59,0,"","","",""
RW2,5797,10/23/2023 19:10,17.59,0,"","","",""
RW2,5798,10/23/2023 19:15,17.63,0,"","","",""
RW2,5799,10/23/2023 19:20,17.59,0,"","","",""
RW2,5800,10/23/2023 19:25,17.54,0,"","","",""
RW2,5801,10/23/2023 19:30,17.59,0,"","","",""
RW2,5802,10/23/2023 19:35,17.54,0,"","","",""
RW2,5803,10/23/2023 19:40,17.59,0,"","","",""
RW2,5804,10/23/2023 19:45,17.59,0,"","","",""
RW2,5805,10/23/2023 19:50,17.54,0,"","","",""
RW2,5806,10/23/2023 19:55,17.54,0,"","","",""
RW2,5807,10/23/2023 20:00,17.63,0,"","","",""
RW2,5808,10/23/2023 20:05,17.63,0,"","","",""
RW2,5809,10/23/2023 20:10,17.59,0,"","","",""
RW2,5810,10/23/2023 20:15,17.59,0,"","","",""
RW2,5811,10/23/2023 20:20,17.59,0,"","","",""
RW2,5812,10/23/2023 20:25,17.59,0,"","","",""
RW2,5813,10/23/2023 20:30,17.54,0,"","","",""
RW2,5814,10/23/2023 20:35,17.59,0,"","","",""
RW2,5815,10/23/2023 20:40,17.54,0,"","","",""
RW2,5816,10/23/2023 20:45,17.54,0,"","","",""
RW2,5817,10/23/2023 20:50,17.54,0,"","","",""
RW2,5818,10/23/2023 20:55,17.33,0,"","","",""
RW2,5819,10/23/2023 21:00,16.94,0,"","","",""
RW2,5820,10/23/2023 21:05,16.86,0,"","","",""
RW2,5903,10/24/2023 4:00,14.2,0,"","","",""
RW2,5904,10/24/2023 4:05,16.04,0,"","","",""
RW2,5905,10/24/2023 4:10,17.03,0,"","","",""
RW2,5906,10/24/2023 4:15,17.41,0,"","","",""
RW2,5907,10/24/2023 4:20,17.5,0,"","","",""
RW2,5908,10/24/2023 4:25,17.54,0,"","","",""
RW2,5909,10/24/2023 4:30,17.54,0,"","","",""
RW2,5910,10/24/2023 4:35,17.5,0,"","","",""
RW2,5911,10/24/2023 4:40,17.5,0,"","","",""
RW2,5912,10/24/2023 4:45,17.5,0,"","","",""
RW2,5913,10/24/2023 4:50,17.5,0,"","","",""
RW2,5914,10/24/2023 4:55,17.46,0,"","","",""
RW2,5915,10/24/2023 5:00,17.5,0,"","","",""
RW2,5916,10/24/2023 5:05,17.5,0,"","","",""
RW2,5917,10/24/2023 5:10,17.5,0,"","","",""
RW2,5918,10/24/2023 5:15,17.46,0,"","","",""
RW2,5919,10/24/2023 5:20,17.54,0,"","","",""
RW2,5920,10/24/2023 5:25,17.46,0,"","","",""
RW2,5921,10/24/2023 5:30,17.5,0,"","","",""
RW2,5922,10/24/2023 5:35,17.54,0,"","","",""
RW2,5923,10/24/2023 5:40,17.54,0,"","","",""
RW2,5924,10/24/2023 5:45,17.54,0,"","","",""
RW2,5925,10/24/2023 5:50,17.5,0,"","","",""
RW2,5926,10/24/2023 5:55,17.5,0,"","","",""
RW2,5927,10/24/2023 6:00,17.5,0,"","","",""
RW2,5928,10/24/2023 6:05,17.54,0,"","","",""
RW2,5929,10/24/2023 6:10,17.54,0,"","","",""
RW2,5930,10/24/2023 6:15,17.5,0,"","","",""
RW2,5931,10/24/2023 6:20,17.5,0,"","","",""
RW2,5932,10/24/2023 6:25,17.46,0,"","","",""
RW2,5933,10/24/2023 6:30,17.46,0,"","","",""
RW2,5934,10/24/2023 6:35,17.5,0,"","","",""
RW2,5935,10/24/2023 6:40,17.46,0,"","","",""
RW2,5936,10/24/2023 6:45,17.5,0,"","","",""
RW2,5937,10/24/2023 6:50,17.54,0,"","","",""
RW2,5938,10/24/2023 6:55,17.54,0,"","","",""
RW2,5939,10/24/2023 7:00,17.54,1.77,"","","",""
RW2,5940,10/24/2023 7:05,17.54,0.22,"","","",""
RW2,5941,10/24/2023 7:10,17.54,2.87,"","","",""
RW2,5942,10/24/2023 7:15,17.54,46.62,"","","",""
RW2,5943,10/24/2023 7:20,17.5,1.77,"","","",""
RW2,5944,10/24/2023 7:25,17.54,2.21,"","","",""
RW2,5945,10/24/2023 7:30,17.54,0.66,"","","",""
RW2,5946,10/24/2023 7:35,17.59,0.66,"","","",""
RW2,5947,10/24/2023 7:40,17.54,9.96,"","","",""
RW2,5948,10/24/2023 7:45,17.59,161.24,"","","",""
RW2,5949,10/24/2023 7:50,17.59,278,"","","",""
RW2,5950,10/24/2023 7:55,17.59,0.88,"","","",""
RW2,5951,10/24/2023 8:00,17.59,420.32,"","","",""
RW2,5952,10/24/2023 8:05,17.63,3.76,"","","",""
RW2,5953,10/24/2023 8:10,17.59,0.88,"","","",""
RW2,5954,10/24/2023 8:15,17.63,90.04,"","","",""
RW2,5955,10/24/2023 8:20,17.67,358.72,"","","",""
RW2,5956,10/24/2023 8:25,17.59,411.36,"","","",""
RW2,5957,10/24/2023 8:30,17.67,431.52,"","","",""
RW2,5958,10/24/2023 8:35,17.67,1694.08,"","","",""
RW2,5959,10/24/2023 8:40,17.67,74.64,"","","",""
RW2,5960,10/24/2023 8:45,17.72,62.9,"","","",""
RW2,5961,10/24/2023 8:50,17.72,2347.52,"","","",""
RW2,5962,10/24/2023 8:55,17.76,1214.72,"","","",""
RW2,5963,10/24/2023 9:00,17.72,6640.64,"","","",""
RW2,5964,10/24/2023 9:05,17.76,2622.72,"","","",""
RW2,5965,10/24/2023 9:10,17.8,550.56,"","","",""
RW2,5966,10/24/2023 9:15,17.76,137.12,"","","",""
RW2,5967,10/24/2023 9:20,17.84,18.49,"","","",""
RW2,5968,10/24/2023 9:25,17.89,694.4,"","","",""
RW2,5969,10/24/2023 9:30,17.84,5231.36,"","","",""
RW2,5970,10/24/2023 9:35,17.93,773.44,"","","",""
RW2,5971,10/24/2023 9:40,17.93,198.64,"","","",""
RW2,5972,10/24/2023 9:45,17.93,4462.08,"","","",""
RW2,5973,10/24/2023 9:50,18.02,528.64,"","","",""
RW2,5974,10/24/2023 9:55,18.14,2033.92,"","","",""
RW2,5975,10/24/2023 10:00,17.97,473.6,"","","",""
RW2,5976,10/24/2023 10:05,18.02,1311.36,"","","",""
RW2,5977,10/24/2023 10:10,18.06,16911.36,"","","",""
RW2,5978,10/24/2023 10:15,18.06,1656.96,"","","",""
RW2,5979,10/24/2023 10:20,17.97,6.95,"","","",""
RW2,5980,10/24/2023 10:25,18.06,791.04,"","","",""
RW2,5981,10/24/2023 10:30,18.7,27115.52,"","","",""
RW2,5982,10/24/2023 10:35,18.79,6942.72,"","","",""
RW2,5983,10/24/2023 10:40,19.82,39505.92,"","","",""
RW2,5984,10/24/2023 10:45,19.73,16281.6,"","","",""
RW2,5985,10/24/2023 10:50,19.56,11714.56,"","","",""
RW2,5986,10/24/2023 10:55,19.82,1817.6,"","","",""
RW2,5987,10/24/2023 11:00,20.16,1840.64,"","","",""
RW2,5988,10/24/2023 11:05,20.8,8888.32,"","","",""
RW2,6029,10/24/2023 14:30,24.75,1020.48,"","","",""
RW2,6030,10/24/2023 14:35,24.15,49459.2,"","","",""
RW2,6031,10/24/2023 14:40,24.36,48291.84,"","","",""
RW2,6032,10/24/2023 14:45,24.15,43704.32,"","","",""
RW2,6033,10/24/2023 14:50,21.4,1281.92,"","","",""
RW2,6034,10/24/2023 14:55,22.05,29265.92,"","","",""
RW2,6035,10/24/2023 15:00,21.06,31477.76,"","","",""
RW2,6036,10/24/2023 15:05,20.46,13701.12,"","","",""
RW2,6037,10/24/2023 15:10,20.25,1304,"","","",""
RW2,6038,10/24/2023 15:15,20.03,843.52,"","","",""
RW2,6039,10/24/2023 15:20,20.03,9625.6,"","","",""
RW2,6040,10/24/2023 15:25,19.99,275.76,"","","",""
RW2,6041,10/24/2023 15:30,19.9,8744.96,"","","",""
RW2,6042,10/24/2023 15:35,19.73,462.88,"","","",""
RW2,6043,10/24/2023 15:40,19.77,560,"","","",""
RW2,6044,10/24/2023 15:45,19.73,538.24,"","","",""
RW2,6045,10/24/2023 15:50,19.69,134.88,"","","",""
RW2,6046,10/24/2023 15:55,19.73,13.18,"","","",""
RW2,6047,10/24/2023 16:00,19.69,13.84,"","","",""
RW2,6048,10/24/2023 16:05,19.65,40.37,"","","",""
RW2,6049,10/24/2023 16:10,19.69,540.16,"","","",""
RW2,6050,10/24/2023 16:15,19.65,6346.24,"","","",""
RW2,6051,10/24/2023 16:20,19.69,839.04,"","","",""
RW2,6052,10/24/2023 16:25,19.56,16.55,"","","",""
RW2,6053,10/24/2023 16:30,19.56,1162.24,"","","",""
RW2,6054,10/24/2023 16:35,19.47,650.24,"","","",""
RW2,6055,10/24/2023 16:40,19.43,3.1,"","","",""
RW2,6056,10/24/2023 16:45,19.43,1717.12,"","","",""
RW2,6057,10/24/2023 16:50,19.39,129.12,"","","",""
RW2,6058,10/24/2023 16:55,19.43,97.12,"","","",""
RW2,6059,10/24/2023 17:00,19.43,166.4,"","","",""
RW2,6060,10/24/2023 17:05,19.39,0.44,"","","",""
RW2,6061,10/24/2023 17:10,19.43,9.08,"","","",""
RW2,6062,10/24/2023 17:15,19.43,66.78,"","","",""
RW2,6063,10/24/2023 17:20,19.39,252.08,"","","",""
RW2,6064,10/24/2023 17:25,19.35,2.21,"","","",""
RW2,6065,10/24/2023 17:30,19.35,4.43,"","","",""
RW2,6066,10/24/2023 17:35,19.3,82.72,"","","",""
RW2,6067,10/24/2023 17:40,19.35,210,"","","",""
RW2,6068,10/24/2023 17:45,19.35,0.44,"","","",""
RW2,6069,10/24/2023 17:50,19.3,0.66,"","","",""
RW2,6070,10/24/2023 17:55,19.3,0.88,"","","",""
RW2,6071,10/24/2023 18:00,19.22,21.7,"","","",""
RW2,6072,10/24/2023 18:05,19.22,0,"","","",""
RW2,6073,10/24/2023 18:10,19.22,2.43,"","","",""
RW2,6074,10/24/2023 18:15,19.22,0,"","","",""
RW2,6075,10/24/2023 18:20,19.22,0,"","","",""
RW2,6076,10/24/2023 18:25,19.22,0,"","","",""
RW2,6077,10/24/2023 18:30,19.17,0,"","","",""
RW2,6078,10/24/2023 18:35,19.17,0,"","","",""
RW2,6079,10/24/2023 18:40,19.13,0,"","","",""
RW2,6080,10/24/2023 18:45,19.17,0,"","","",""
RW2,6081,10/24/2023 18:50,19.13,0,"","","",""
RW2,6082,10/24/2023 18:55,19.13,0,"","","",""
RW2,6083,10/24/2023 19:00,19.13,0,"","","",""
RW2,6084,10/24/2023 19:05,19.09,0,"","","",""
RW2,6085,10/24/2023 19:10,19.13,0,"","","",""
RW2,6086,10/24/2023 19:15,19.13,0,"","","",""
RW2,6087,10/24/2023 19:20,19.13,0,"","","",""
RW2,6088,10/24/2023 19:25,19.09,0,"","","",""
RW2,6089,10/24/2023 19:30,19.13,0,"","","",""
RW2,6090,10/24/2023 19:35,19.05,0,"","","",""
RW2,6091,10/24/2023 19:40,19.09,0,"","","",""
RW2,6092,10/24/2023 19:45,19.05,0,"","","",""
RW2,6093,10/24/2023 19:50,19.09,0,"","","",""
RW2,6094,10/24/2023 19:55,19.09,0,"","","",""
RW2,6095,10/24/2023 20:00,19.09,0,"","","",""
RW2,6096,10/24/2023 20:05,19.09,0,"","","",""
RW2,6097,10/24/2023 20:10,19.09,0,"","","",""
RW2,6098,10/24/2023 20:15,19.09,0,"","","",""
RW2,6099,10/24/2023 20:20,19.05,0,"","","",""
RW2,6100,10/24/2023 20:25,19.05,0,"","","",""
RW2,6101,10/24/2023 20:30,19.09,0,"","","",""
RW2,6102,10/24/2023 20:35,19.09,0,"","","",""
RW2,6103,10/24/2023 20:40,19,0,"","","",""
RW2,6104,10/24/2023 20:45,19.09,0,"","","",""
RW2,6105,10/24/2023 20:50,19.05,0,"","","",""
RW2,6106,10/24/2023 20:55,19.05,0,"","","",""
RW2,6107,10/24/2023 21:00,19.05,0,"","","",""
RW2,6108,10/24/2023 21:05,19.05,0,"","","",""
RW2,6109,10/24/2023 21:10,19.09,0,"","","",""
RW2,6110,10/24/2023 21:15,19.05,0,"","","",""
RW2,6111,10/24/2023 21:20,19.05,0,"","","",""
RW2,6112,10/24/2023 21:25,19.05,0,"","","",""
RW2,6113,10/24/2023 21:30,19.05,0,"","","",""
RW2,6114,10/24/2023 21:35,18.96,0,"","","",""
RW2,6115,10/24/2023 21:40,18.96,0,"","","",""
RW2,6116,10/24/2023 21:45,18.83,0,"","","",""
RW2,6117,10/24/2023 21:50,18.7,0,"","","",""
RW2,6118,10/24/2023 21:55,18.44,0,"","","",""
RW2,6197,10/25/2023 4:30,17.59,0,"","","",""
RW2,6198,10/25/2023 4:35,17.84,0,"","","",""
RW2,6199,10/25/2023 4:40,18.49,0,"","","",""
RW2,6200,10/25/2023 4:45,18.87,0,"","","",""
RW2,6201,10/25/2023 4:50,19.05,0,"","","",""
RW2,6202,10/25/2023 4:55,19.09,0,"","","",""
RW2,6203,10/25/2023 5:00,19.09,0,"","","",""
RW2,6204,10/25/2023 5:05,19.13,0,"","","",""
RW2,6205,10/25/2023 5:10,19.13,0,"","","",""
RW2,6206,10/25/2023 5:15,19.13,0,"","","",""
RW2,6207,10/25/2023 5:20,19.13,0,"","","",""
RW2,6208,10/25/2023 5:25,19.17,0,"","","",""
RW2,6209,10/25/2023 5:30,19.13,0,"","","",""
RW2,6210,10/25/2023 5:35,19.13,0,"","","",""
RW2,6211,10/25/2023 5:40,19.17,0,"","","",""
RW2,6212,10/25/2023 5:45,19.17,0,"","","",""
RW2,6213,10/25/2023 5:50,19.17,0,"","","",""
RW2,6214,10/25/2023 5:55,19.17,0,"","","",""
RW2,6215,10/25/2023 6:00,19.17,0,"","","",""
RW2,6216,10/25/2023 6:05,19.17,0,"","","",""
RW2,6217,10/25/2023 6:10,19.22,0,"","","",""
RW2,6218,10/25/2023 6:15,19.17,0,"","","",""
RW2,6219,10/25/2023 6:20,19.17,0,"","","",""
RW2,6220,10/25/2023 6:25,19.17,0,"","","",""
RW2,6221,10/25/2023 6:30,19.22,0,"","","",""
RW2,6222,10/25/2023 6:35,19.22,0,"","","",""
RW2,6223,10/25/2023 6:40,19.22,0,"","","",""
RW2,6224,10/25/2023 6:45,19.3,0,"","","",""
RW2,6225,10/25/2023 6:50,19.22,0,"","","",""
RW2,6226,10/25/2023 6:55,19.22,0,"","","",""
RW2,6227,10/25/2023 7:00,19.22,0,"","","",""
RW2,6228,10/25/2023 7:05,19.22,0,"","","",""
RW2,6229,10/25/2023 7:10,19.26,0,"","","",""
RW2,6230,10/25/2023 7:15,19.22,0,"","","",""
RW2,6231,10/25/2023 7:20,19.22,1.1,"","","",""
RW2,6232,10/25/2023 7:25,19.22,0,"","","",""
RW2,6233,10/25/2023 7:30,19.22,20.37,"","","",""
RW2,6234,10/25/2023 7:35,19.22,13.51,"","","",""
RW2,6235,10/25/2023 7:40,19.26,5.98,"","","",""
RW2,6236,10/25/2023 7:45,19.26,50.22,"","","",""
RW2,6237,10/25/2023 7:50,19.26,2.43,"","","",""
RW2,6238,10/25/2023 7:55,19.26,37.27,"","","",""
RW2,6239,10/25/2023 8:00,19.22,98.76,"","","",""
RW2,6240,10/25/2023 8:05,19.26,0.44,"","","",""
RW2,6241,10/25/2023 8:10,19.26,0.66,"","","",""
RW2,6242,10/25/2023 8:15,19.26,5.98,"","","",""
RW2,6243,10/25/2023 8:20,19.26,1.77,"","","",""
RW2,6244,10/25/2023 8:25,19.3,213.52,"","","",""
RW2,6245,10/25/2023 8:30,19.26,1.77,"","","",""
RW2,6246,10/25/2023 8:35,19.3,55.92,"","","",""
RW2,6247,10/25/2023 8:40,19.3,59.96,"","","",""
RW2,6248,10/25/2023 8:45,19.26,65.9,"","","",""
RW2,6249,10/25/2023 8:50,19.3,234.32,"","","",""
RW2,6250,10/25/2023 8:55,19.26,33,"","","",""
RW2,6251,10/25/2023 9:00,19.26,65.56,"","","",""
RW2,6252,10/25/2023 9:05,19.3,1528.32,"","","",""
RW2,6253,10/25/2023 9:10,19.3,28.96,"","","",""
RW2,6254,10/25/2023 9:15,19.3,480.64,"","","",""
RW2,6255,10/25/2023 9:20,19.3,1.55,"","","",""
RW2,6256,10/25/2023 9:25,19.3,31.17,"","","",""
RW2,6257,10/25/2023 9:30,19.35,2.43,"","","",""
RW2,6258,10/25/2023 9:35,19.35,1399.68,"","","",""
RW2,6259,10/25/2023 9:40,19.3,83.92,"","","",""
RW2,6260,10/25/2023 9:45,19.26,90.24,"","","",""
RW2,6261,10/25/2023 9:50,19.35,1876.48,"","","",""
RW2,6262,10/25/2023 9:55,19.3,465.76,"","","",""
RW2,6263,10/25/2023 10:00,19.35,198.48,"","","",""
RW2,6264,10/25/2023 10:05,19.3,7.64,"","","",""
RW2,6265,10/25/2023 10:10,19.35,54.48,"","","",""
RW2,6266,10/25/2023 10:15,19.39,5552.64,"","","",""
RW2,6267,10/25/2023 10:20,19.39,48.94,"","","",""
RW2,6268,10/25/2023 10:25,19.52,8207.36,"","","",""
RW2,6269,10/25/2023 10:30,19.47,306.32,"","","",""
RW2,6270,10/25/2023 10:35,19.52,1080,"","","",""
RW2,6271,10/25/2023 10:40,19.6,4312.32,"","","",""
RW2,6272,10/25/2023 10:45,19.65,2699.52,"","","",""
RW2,6273,10/25/2023 10:50,19.73,8058.88,"","","",""
RW2,6274,10/25/2023 10:55,19.86,8860.16,"","","",""
RW2,6275,10/25/2023 11:00,19.99,9817.6,"","","",""
RW2,6336,10/25/2023 16:05,29.34,14458.88,"","","",""
RW2,6337,10/25/2023 16:10,29.6,13209.6,"","","",""
RW2,6338,10/25/2023 16:15,24.02,22865.92,"","","",""
RW2,6339,10/25/2023 16:20,23.42,21760,"","","",""
RW2,6340,10/25/2023 16:25,22.43,5035.52,"","","",""
RW2,6341,10/25/2023 16:30,21.02,595.84,"","","",""
RW2,6342,10/25/2023 16:35,20.63,1234.88,"","","",""
RW2,6343,10/25/2023 16:40,20.46,1157.12,"","","",""
RW2,6344,10/25/2023 16:45,20.42,426.56,"","","",""
RW2,6345,10/25/2023 16:50,20.37,1579.52,"","","",""
RW2,6346,10/25/2023 16:55,20.29,43.74,"","","",""
RW2,6347,10/25/2023 17:00,20.29,44.08,"","","",""
RW2,6348,10/25/2023 17:05,20.25,33.44,"","","",""
RW2,6349,10/25/2023 17:10,20.25,3.98,"","","",""
RW2,6350,10/25/2023 17:15,20.25,41.36,"","","",""
RW2,6351,10/25/2023 17:20,20.16,16.86,"","","",""
RW2,6352,10/25/2023 17:25,20.2,743.68,"","","",""
RW2,6353,10/25/2023 17:30,20.16,12.23,"","","",""
RW2,6354,10/25/2023 17:35,20.16,68.88,"","","",""
RW2,6355,10/25/2023 17:40,20.2,567.04,"","","",""
RW2,6356,10/25/2023 17:45,20.12,7.31,"","","",""
RW2,6357,10/25/2023 17:50,20.16,314.32,"","","",""
RW2,6358,10/25/2023 17:55,20.12,176.32,"","","",""
RW2,6359,10/25/2023 18:00,20.12,3.54,"","","",""
RW2,6360,10/25/2023 18:05,20.12,1.55,"","","",""
RW2,6361,10/25/2023 18:10,20.12,5.09,"","","",""
RW2,6362,10/25/2023 18:15,20.16,1.77,"","","",""
RW2,6363,10/25/2023 18:20,20.16,4.2,"","","",""
RW2,6364,10/25/2023 18:25,20.12,0,"","","",""
RW2,6365,10/25/2023 18:30,20.07,0,"","","",""
RW2,6366,10/25/2023 18:35,20.07,0,"","","",""
RW2,6367,10/25/2023 18:40,20.07,0,"","","",""
RW2,6368,10/25/2023 18:45,20.07,0,"","","",""
RW2,6369,10/25/2023 18:50,20.07,0,"","","",""
RW2,6370,10/25/2023 18:55,20.07,0,"","","",""
RW2,6371,10/25/2023 19:00,20.03,0,"","","",""
RW2,6372,10/25/2023 19:05,20.03,0,"","","",""
RW2,6373,10/25/2023 19:10,20.07,0,"","","",""
RW2,6374,10/25/2023 19:15,20.07,0,"","","",""
RW2,6375,10/25/2023 19:20,20.03,0,"","","",""
RW2,6376,10/25/2023 19:25,20.03,0,"","","",""
RW2,6377,10/25/2023 19:30,20.03,0,"","","",""
RW2,6378,10/25/2023 19:35,19.99,0,"","","",""
RW2,6379,10/25/2023 19:40,20.03,0,"","","",""
RW2,6380,10/25/2023 19:45,20.03,0,"","","",""
RW2,6381,10/25/2023 19:50,20.03,0,"","","",""
RW2,6382,10/25/2023 19:55,20.03,0,"","","",""
RW2,6383,10/25/2023 20:00,20.03,0,"","","",""
RW2,6384,10/25/2023 20:05,19.95,0,"","","",""
RW2,6385,10/25/2023 20:10,19.95,0,"","","",""
RW2,6386,10/25/2023 20:15,19.99,0,"","","",""
RW2,6387,10/25/2023 20:20,19.95,0,"","","",""
RW2,6388,10/25/2023 20:25,19.99,0,"","","",""
RW2,6389,10/25/2023 20:30,19.99,0,"","","",""
RW2,6390,10/25/2023 20:35,19.95,0,"","","",""
RW2,6391,10/25/2023 20:40,19.95,0,"","","",""
RW2,6392,10/25/2023 20:45,19.95,0,"","","",""
RW2,6393,10/25/2023 20:50,19.95,0,"","","",""
RW2,6394,10/25/2023 20:55,19.95,0,"","","",""
RW2,6395,10/25/2023 21:00,19.95,0,"","","",""
RW2,6396,10/25/2023 21:05,19.99,0,"","","",""
RW2,6397,10/25/2023 21:10,19.95,0,"","","",""
RW2,6398,10/25/2023 21:15,19.95,0,"","","",""
RW2,6399,10/25/2023 21:20,19.9,0,"","","",""
RW2,6400,10/25/2023 21:25,19.95,0,"","","",""
RW2,6401,10/25/2023 21:30,19.95,0,"","","",""
RW2,6402,10/25/2023 21:35,19.95,0,"","","",""
RW2,6403,10/25/2023 21:40,19.9,0,"","","",""
RW2,6404,10/25/2023 21:45,19.9,0,"","","",""
RW2,6405,10/25/2023 21:50,19.86,0,"","","",""
RW2,6406,10/25/2023 21:55,19.86,0,"","","",""
RW2,6407,10/25/2023 22:00,19.86,0,"","","",""
RW2,6408,10/25/2023 22:05,19.82,0,"","","",""
RW2,6409,10/25/2023 22:10,19.77,0,"","","",""
RW2,6410,10/25/2023 22:15,19.77,0,"","","",""
RW2,6411,10/25/2023 22:20,19.69,0,"","","",""
RW2,6412,10/25/2023 22:25,19.43,0,"","","",""
RW2,6413,10/25/2023 22:30,19.43,0,"","","",""
RW2,6414,10/25/2023 22:35,19.17,0,"","","",""
RW2,6490,10/26/2023 4:55,17.5,0,"","","",""
RW2,6491,10/26/2023 5:00,17.63,0,"","","",""
RW2,6492,10/26/2023 5:05,18.66,0,"","","",""
RW2,6493,10/26/2023 5:10,19.13,0,"","","",""
RW2,6494,10/26/2023 5:15,19.26,0,"","","",""
RW2,6495,10/26/2023 5:20,19.3,0,"","","",""
RW2,6496,10/26/2023 5:25,19.35,0,"","","",""
RW2,6497,10/26/2023 5:30,19.35,0,"","","",""
RW2,6498,10/26/2023 5:35,19.39,0,"","","",""
RW2,6499,10/26/2023 5:40,19.43,0,"","","",""
RW2,6500,10/26/2023 5:45,19.43,0,"","","",""
RW2,6501,10/26/2023 5:50,19.43,0,"","","",""
RW2,6502,10/26/2023 5:55,19.47,0,"","","",""
RW2,6503,10/26/2023 6:00,19.47,0,"","","",""
RW2,6504,10/26/2023 6:05,19.47,0,"","","",""
RW2,6505,10/26/2023 6:10,19.43,0,"","","",""
RW2,6506,10/26/2023 6:15,19.47,0,"","","",""
RW2,6507,10/26/2023 6:20,19.43,0,"","","",""
RW2,6508,10/26/2023 6:25,19.47,0,"","","",""
RW2,6509,10/26/2023 6:30,19.52,0,"","","",""
RW2,6510,10/26/2023 6:35,19.56,0,"","","",""
RW2,6511,10/26/2023 6:40,19.47,0,"","","",""
RW2,6512,10/26/2023 6:45,19.43,1.77,"","","",""
RW2,6513,10/26/2023 6:50,19.47,0,"","","",""
RW2,6514,10/26/2023 6:55,19.47,0,"","","",""
RW2,6515,10/26/2023 7:00,19.43,22.15,"","","",""
RW2,6516,10/26/2023 7:05,19.47,9.3,"","","",""
RW2,6517,10/26/2023 7:10,19.47,17.27,"","","",""
RW2,6518,10/26/2023 7:15,19.39,12.18,"","","",""
RW2,6519,10/26/2023 7:20,19.43,2.65,"","","",""
RW2,6520,10/26/2023 7:25,19.39,25.25,"","","",""
RW2,6521,10/26/2023 7:30,19.35,1.99,"","","",""
RW2,6522,10/26/2023 7:35,19.39,93.36,"","","",""
RW2,6523,10/26/2023 7:40,19.35,0.66,"","","",""
RW2,6524,10/26/2023 7:45,19.39,0.66,"","","",""
RW2,6525,10/26/2023 7:50,19.39,4.87,"","","",""
RW2,6526,10/26/2023 7:55,19.39,154.92,"","","",""
RW2,6527,10/26/2023 8:00,19.35,14.64,"","","",""
RW2,6528,10/26/2023 8:05,19.39,2.43,"","","",""
RW2,6529,10/26/2023 8:10,19.35,229.04,"","","",""
RW2,6530,10/26/2023 8:15,19.39,1.55,"","","",""
RW2,6531,10/26/2023 8:20,19.3,234.96,"","","",""
RW2,6532,10/26/2023 8:25,19.35,89.92,"","","",""
RW2,6533,10/26/2023 8:30,19.39,26.13,"","","",""
RW2,6534,10/26/2023 8:35,19.35,18.6,"","","",""
RW2,6535,10/26/2023 8:40,19.3,52.1,"","","",""
RW2,6536,10/26/2023 8:45,19.3,54.32,"","","",""
RW2,6537,10/26/2023 8:50,19.35,4.2,"","","",""
RW2,6538,10/26/2023 8:55,19.26,728.32,"","","",""
RW2,6539,10/26/2023 9:00,19.09,3983.36,"","","",""
RW2,6540,10/26/2023 9:05,19.22,1416.32,"","","",""
RW2,6541,10/26/2023 9:10,19.22,414.56,"","","",""
RW2,6542,10/26/2023 9:15,19.3,1096,"","","",""
RW2,6543,10/26/2023 9:20,19.26,776.64,"","","",""
RW2,6544,10/26/2023 9:25,19.35,47.5,"","","",""
RW2,6545,10/26/2023 9:30,19.3,404.48,"","","",""
RW2,6546,10/26/2023 9:35,19.35,18.66,"","","",""
RW2,6547,10/26/2023 9:40,19.39,17.38,"","","",""
RW2,6548,10/26/2023 9:45,19.39,2454.4,"","","",""
RW2,6549,10/26/2023 9:50,19.39,3325.44,"","","",""
RW2,6550,10/26/2023 9:55,19.39,1489.92,"","","",""
RW2,6551,10/26/2023 10:00,19.35,62.3,"","","",""
RW2,6552,10/26/2023 10:05,19.39,1148.16,"","","",""
RW2,6553,10/26/2023 10:10,19.35,389.12,"","","",""
RW2,6554,10/26/2023 10:15,19.43,18.88,"","","",""
RW2,6555,10/26/2023 10:20,19.52,9100.8,"","","",""
RW2,6556,10/26/2023 10:25,19.47,459.84,"","","",""
RW2,6557,10/26/2023 10:30,19.47,14.06,"","","",""
RW2,6558,10/26/2023 10:35,19.65,1591.04,"","","",""
RW2,6559,10/26/2023 10:40,19.6,537.76,"","","",""
RW2,6560,10/26/2023 10:45,19.69,57.48,"","","",""
RW2,6561,10/26/2023 10:50,20.2,138.2,"","","",""
RW2,6562,10/26/2023 10:55,20.25,40468.48,"","","",""
RW2,6563,10/26/2023 11:00,20.68,30320.64,"","","",""
RW2,6564,10/26/2023 11:05,21.06,2176,"","","",""
RW2,6565,10/26/2023 11:10,22.39,19031.04,"","","",""
RW2,6566,10/26/2023 11:15,21.79,5601.28,"","","",""
RW2,6567,10/26/2023 11:20,21.45,3443.2,"","","",""
RW2,6639,10/26/2023 17:20,19.39,2087.04,"","","",""
RW2,6640,10/26/2023 17:25,19.39,1649.28,"","","",""
RW2,6641,10/26/2023 17:30,18.53,2969.6,"","","",""
RW2,6642,10/26/2023 17:35,18.27,2705.92,"","","",""
RW2,6643,10/26/2023 17:40,19.26,29.12,"","","",""
RW2,6644,10/26/2023 17:45,19.52,705.6,"","","",""
RW2,6645,10/26/2023 17:50,19.56,18.77,"","","",""
RW2,6646,10/26/2023 17:55,19.56,73.98,"","","",""
RW2,6647,10/26/2023 18:00,19.52,1.77,"","","",""
RW2,6648,10/26/2023 18:05,19.52,44.84,"","","",""
RW2,6649,10/26/2023 18:10,19.47,130,"","","",""
RW2,6650,10/26/2023 18:15,19.52,0.22,"","","",""
RW2,6651,10/26/2023 18:20,19.47,11.96,"","","",""
RW2,6652,10/26/2023 18:25,19.47,0.66,"","","",""
RW2,6653,10/26/2023 18:30,19.47,0.22,"","","",""
RW2,6654,10/26/2023 18:35,19.47,0,"","","",""
RW2,6655,10/26/2023 18:40,19.43,0,"","","",""
RW2,6656,10/26/2023 18:45,19.43,0,"","","",""
RW2,6657,10/26/2023 18:50,19.39,0,"","","",""
RW2,6658,10/26/2023 18:55,19.35,0,"","","",""
RW2,6659,10/26/2023 19:00,19.3,0,"","","",""
RW2,6660,10/26/2023 19:05,19.3,0,"","","",""
RW2,6661,10/26/2023 19:10,19.3,0,"","","",""
RW2,6662,10/26/2023 19:15,19.26,0,"","","",""
RW2,6663,10/26/2023 19:20,19.22,0,"","","",""
RW2,6664,10/26/2023 19:25,19.17,0,"","","",""
RW2,6665,10/26/2023 19:30,19.13,0,"","","",""
RW2,6666,10/26/2023 19:35,19.17,0,"","","",""
RW2,6667,10/26/2023 19:40,19.13,0,"","","",""
RW2,6668,10/26/2023 19:45,19.13,0,"","","",""
RW2,6669,10/26/2023 19:50,19.09,0,"","","",""
RW2,6670,10/26/2023 19:55,19.09,0,"","","",""
RW2,6671,10/26/2023 20:00,19,0,"","","",""
RW2,6672,10/26/2023 20:05,18.96,0,"","","",""
RW2,6673,10/26/2023 20:10,19,0,"","","",""
RW2,6674,10/26/2023 20:15,18.96,0,"","","",""
RW2,6675,10/26/2023 20:20,18.92,0,"","","",""
RW2,6676,10/26/2023 20:25,18.92,0,"","","",""
RW2,6677,10/26/2023 20:30,18.87,0,"","","",""
RW2,6678,10/26/2023 20:35,18.79,0,"","","",""
RW2,6679,10/26/2023 20:40,18.79,0,"","","",""
RW2,6680,10/26/2023 20:45,18.74,0,"","","",""
RW2,6681,10/26/2023 20:50,18.79,0,"","","",""
RW2,6682,10/26/2023 20:55,18.7,0,"","","",""
RW2,6683,10/26/2023 21:00,18.7,0,"","","",""
RW2,6684,10/26/2023 21:05,18.7,0,"","","",""
RW2,6685,10/26/2023 21:10,18.66,0,"","","",""
RW2,6686,10/26/2023 21:15,18.66,0,"","","",""
RW2,6687,10/26/2023 21:20,18.62,0,"","","",""
RW2,6688,10/26/2023 21:25,18.62,0,"","","",""
RW2,6689,10/26/2023 21:30,18.57,0,"","","",""
RW2,6690,10/26/2023 21:35,18.57,0,"","","",""
RW2,6691,10/26/2023 21:40,18.62,0,"","","",""
RW2,6692,10/26/2023 21:45,18.57,0,"","","",""
RW2,6693,10/26/2023 21:50,18.53,0,"","","",""
RW2,6694,10/26/2023 21:55,18.57,0,"","","",""
RW2,6695,10/26/2023 22:00,18.57,0,"","","",""
RW2,6696,10/26/2023 22:05,18.53,0,"","","",""
RW2,6697,10/26/2023 22:10,18.49,0,"","","",""
RW2,6698,10/26/2023 22:15,18.44,0,"","","",""
RW2,6699,10/26/2023 22:20,18.49,0,"","","",""
RW2,6700,10/26/2023 22:25,18.44,0,"","","",""
RW2,6701,10/26/2023 22:30,18.44,0,"","","",""
RW2,6702,10/26/2023 22:35,18.4,0,"","","",""
RW2,6703,10/26/2023 22:40,18.4,0,"","","",""
RW2,6704,10/26/2023 22:45,18.36,0,"","","",""
RW2,6705,10/26/2023 22:50,18.36,0,"","","",""
RW2,6706,10/26/2023 22:55,18.32,0,"","","",""
RW2,6707,10/26/2023 23:00,18.32,0,"","","",""
RW2,6708,10/26/2023 23:05,18.23,0,"","","",""
RW2,6709,10/26/2023 23:10,17.63,0,"","","",""
RW2,6710,10/26/2023 23:15,18.02,0,"","","",""
RW2,6711,10/26/2023 23:20,17.93,0,"","","",""
RW2,6781,10/27/2023 5:10,15.4,0,"","","",""
RW2,6782,10/27/2023 5:15,16.04,0,"","","",""
RW2,6783,10/27/2023 5:20,17.11,0,"","","",""
RW2,6784,10/27/2023 5:25,17.54,0,"","","",""
RW2,6785,10/27/2023 5:30,17.72,0,"","","",""
RW2,6786,10/27/2023 5:35,17.8,0,"","","",""
RW2,6787,10/27/2023 5:40,17.76,0,"","","",""
RW2,6788,10/27/2023 5:45,17.8,0,"","","",""
RW2,6789,10/27/2023 5:50,17.8,0,"","","",""
RW2,6790,10/27/2023 5:55,17.8,0,"","","",""
RW2,6791,10/27/2023 6:00,17.76,0,"","","",""
RW2,6792,10/27/2023 6:05,17.72,0,"","","",""
RW2,6793,10/27/2023 6:10,17.76,0,"","","",""
RW2,6794,10/27/2023 6:15,17.76,0,"","","",""
RW2,6795,10/27/2023 6:20,17.72,0,"","","",""
RW2,6796,10/27/2023 6:25,17.72,0,"","","",""
RW2,6797,10/27/2023 6:30,17.67,0,"","","",""
RW2,6798,10/27/2023 6:35,17.63,0,"","","",""
RW2,6799,10/27/2023 6:40,17.59,0,"","","",""
RW2,6800,10/27/2023 6:45,17.54,0,"","","",""
RW2,6801,10/27/2023 6:50,17.63,0,"","","",""
RW2,6802,10/27/2023 6:55,17.59,0,"","","",""
RW2,6803,10/27/2023 7:00,17.63,0,"","","",""
RW2,6804,10/27/2023 7:05,17.63,0,"","","",""
RW2,6805,10/27/2023 7:10,17.72,2.87,"","","",""
RW2,6806,10/27/2023 7:15,17.67,19.93,"","","",""
RW2,6807,10/27/2023 7:20,17.63,0.22,"","","",""
RW2,6808,10/27/2023 7:25,17.67,0.66,"","","",""
RW2,6809,10/27/2023 7:30,17.67,0.66,"","","",""
RW2,6810,10/27/2023 7:35,17.72,7.53,"","","",""
RW2,6811,10/27/2023 7:40,17.59,351.52,"","","",""
RW2,6812,10/27/2023 7:45,17.59,324.08,"","","",""
RW2,6813,10/27/2023 7:50,17.63,22.2,"","","",""
RW2,6814,10/27/2023 7:55,17.67,62.68,"","","",""
RW2,6815,10/27/2023 8:00,17.59,14.62,"","","",""
RW2,6816,10/27/2023 8:05,17.46,11.96,"","","",""
RW2,6817,10/27/2023 8:10,17.54,5.09,"","","",""
RW2,6818,10/27/2023 8:15,17.54,2.87,"","","",""
RW2,6819,10/27/2023 8:20,17.63,910.72,"","","",""
RW2,6820,10/27/2023 8:25,17.67,4.2,"","","",""
RW2,6821,10/27/2023 8:30,17.59,614.88,"","","",""
RW2,6822,10/27/2023 8:35,17.5,12.18,"","","",""
RW2,6823,10/27/2023 8:40,17.5,19.93,"","","",""
RW2,6824,10/27/2023 8:45,17.5,1694.08,"","","",""
RW2,6825,10/27/2023 8:50,17.41,15.31,"","","",""
RW2,6826,10/27/2023 8:55,17.41,387.36,"","","",""
RW2,6827,10/27/2023 9:00,17.37,71.2,"","","",""
RW2,6828,10/27/2023 9:05,17.33,1.1,"","","",""
RW2,6829,10/27/2023 9:10,17.29,42.18,"","","",""
RW2,6830,10/27/2023 9:15,17.33,3.54,"","","",""
RW2,6831,10/27/2023 9:20,17.29,92.56,"","","",""
RW2,6832,10/27/2023 9:25,17.33,135.32,"","","",""
RW2,6833,10/27/2023 9:30,17.46,314.48,"","","",""
RW2,6834,10/27/2023 9:35,17.5,305.44,"","","",""
RW2,6835,10/27/2023 9:40,17.54,86.28,"","","",""
RW2,6836,10/27/2023 9:45,17.63,4.2,"","","",""
RW2,6837,10/27/2023 9:50,17.67,852.16,"","","",""
RW2,6838,10/27/2023 9:55,17.63,130.24,"","","",""
RW2,6839,10/27/2023 10:00,17.67,798.08,"","","",""
RW2,6840,10/27/2023 10:05,17.72,260.88,"","","",""
RW2,6841,10/27/2023 10:10,17.76,60.8,"","","",""
RW2,6842,10/27/2023 10:15,17.76,613.6,"","","",""
RW2,6843,10/27/2023 10:20,17.8,157.24,"","","",""
RW2,6844,10/27/2023 10:25,17.8,50.88,"","","",""
RW2,6845,10/27/2023 10:30,17.97,970.88,"","","",""
RW2,6846,10/27/2023 10:35,17.89,169.68,"","","",""
RW2,6847,10/27/2023 10:40,17.93,157.92,"","","",""
RW2,6848,10/27/2023 10:45,17.97,34.77,"","","",""
RW2,6849,10/27/2023 10:50,17.93,119.84,"","","",""
RW2,6850,10/27/2023 10:55,17.93,81.62,"","","",""
RW2,6851,10/27/2023 11:00,18.02,50.44,"","","",""
RW2,6852,10/27/2023 11:05,18.06,896.64,"","","",""
RW2,6853,10/27/2023 11:10,18.14,277.28,"","","",""
RW2,6854,10/27/2023 11:15,18.1,3578.88,"","","",""
RW2,6855,10/27/2023 11:20,18.23,94.8,"","","",""
RW2,6856,10/27/2023 11:25,18.27,3927.04,"","","",""
RW2,6857,10/27/2023 11:30,18.36,90.6,"","","",""
RW2,6858,10/27/2023 11:35,18.79,1143.04,"","","",""
RW2,6859,10/27/2023 11:40,19.86,6535.68,"","","",""
RW2,6860,10/27/2023 11:45,20.93,31293.44,"","","",""
RW2,6861,10/27/2023 11:50,24.88,65781.76,"","","",""
RW2,6862,10/27/2023 11:55,26.64,65228.8,"","","",""
RW2,6940,10/27/2023 18:25,17.24,10.41,"","","",""
RW2,6941,10/27/2023 18:30,17.54,2.87,"","","",""
RW2,6942,10/27/2023 18:35,18.19,0.66,"","","",""
RW2,6943,10/27/2023 18:40,18.49,0,"","","",""
RW2,6944,10/27/2023 18:45,18.57,0,"","","",""
RW2,6945,10/27/2023 18:50,19,0,"","","",""
RW2,6946,10/27/2023 18:55,19.05,0,"","","",""
RW2,6947,10/27/2023 19:00,19.05,0,"","","",""
RW2,6948,10/27/2023 19:05,19.05,0,"","","",""
RW2,6949,10/27/2023 19:10,19.05,0,"","","",""
RW2,6950,10/27/2023 19:15,19.09,0,"","","",""
RW2,6951,10/27/2023 19:20,19.05,0,"","","",""
RW2,6952,10/27/2023 19:25,19.05,0,"","","",""
RW2,6953,10/27/2023 19:30,19.05,0,"","","",""
RW2,6954,10/27/2023 19:35,19.09,0,"","","",""
RW2,6955,10/27/2023 19:40,19.05,0,"","","",""
RW2,6956,10/27/2023 19:45,19,0,"","","",""
RW2,6957,10/27/2023 19:50,19.05,0,"","","",""
RW2,6958,10/27/2023 19:55,19.05,0,"","","",""
RW2,6959,10/27/2023 20:00,19,0,"","","",""
RW2,6960,10/27/2023 20:05,19,0,"","","",""
RW2,6961,10/27/2023 20:10,19,0,"","","",""
RW2,6962,10/27/2023 20:15,18.96,0,"","","",""
RW2,6963,10/27/2023 20:20,18.96,0,"","","",""
RW2,6964,10/27/2023 20:25,18.96,0,"","","",""
RW2,6965,10/27/2023 20:30,19,0,"","","",""
RW2,6966,10/27/2023 20:35,19,0,"","","",""
RW2,6967,10/27/2023 20:40,19,0,"","","",""
RW2,6968,10/27/2023 20:45,19,0,"","","",""
RW2,6969,10/27/2023 20:50,18.96,0,"","","",""
RW2,6970,10/27/2023 20:55,18.92,0,"","","",""
RW2,6971,10/27/2023 21:00,18.92,0,"","","",""
RW2,6972,10/27/2023 21:05,18.96,0,"","","",""
RW2,6973,10/27/2023 21:10,18.92,0,"","","",""
RW2,6974,10/27/2023 21:15,18.96,0,"","","",""
RW2,6975,10/27/2023 21:20,18.96,0,"","","",""
RW2,6976,10/27/2023 21:25,18.92,0,"","","",""
RW2,6977,10/27/2023 21:30,18.92,0,"","","",""
RW2,6978,10/27/2023 21:35,18.92,0,"","","",""
RW2,6979,10/27/2023 21:40,18.92,0,"","","",""
RW2,6980,10/27/2023 21:45,18.92,0,"","","",""
RW2,6981,10/27/2023 21:50,18.87,0,"","","",""
RW2,6982,10/27/2023 21:55,18.87,0,"","","",""
RW2,6983,10/27/2023 22:00,18.92,0,"","","",""
RW2,6984,10/27/2023 22:05,18.87,0,"","","",""
RW2,6985,10/27/2023 22:10,18.83,0,"","","",""
RW2,6986,10/27/2023 22:15,18.87,0,"","","",""
RW2,6987,10/27/2023 22:20,18.87,0,"","","",""
RW2,6988,10/27/2023 22:25,18.83,0,"","","",""
RW2,6989,10/27/2023 22:30,18.83,0,"","","",""
RW2,6990,10/27/2023 22:35,18.79,0,"","","",""
RW2,6991,10/27/2023 22:40,18.83,0,"","","",""
RW2,6992,10/27/2023 22:45,18.83,0,"","","",""
RW2,6993,10/27/2023 22:50,18.83,0,"","","",""
RW2,6994,10/27/2023 22:55,18.83,0,"","","",""
RW2,6995,10/27/2023 23:00,18.83,0,"","","",""
RW2,6996,10/27/2023 23:05,18.83,0,"","","",""
RW2,6997,10/27/2023 23:10,18.83,0,"","","",""
RW2,6998,10/27/2023 23:15,18.79,0,"","","",""
RW2,6999,10/27/2023 23:20,18.74,0,"","","",""
RW2,7000,10/27/2023 23:25,18.74,0,"","","",""
RW2,7001,10/27/2023 23:30,18.7,0,"","","",""
RW2,7002,10/27/2023 23:35,18.7,0,"","","",""
RW2,7003,10/27/2023 23:40,18.7,0,"","","",""
RW2,7004,10/27/2023 23:45,18.66,0,"","","",""
RW2,7005,10/27/2023 23:50,18.62,0,"","","",""
RW2,7006,10/27/2023 23:55,18.66,0,"","","",""
RW2,7007,10/28/2023 0:00,18.57,0,"","","",""
RW2,7072,10/28/2023 5:25,15.06,0,"","","",""
RW2,7073,10/28/2023 5:30,16.51,0,"","","",""
RW2,7074,10/28/2023 5:35,17.67,0,"","","",""
RW2,7075,10/28/2023 5:40,17.8,0,"","","",""
RW2,7076,10/28/2023 5:45,18.02,0,"","","",""
RW2,7077,10/28/2023 5:50,18.1,0,"","","",""
RW2,7078,10/28/2023 5:55,18.06,0,"","","",""
RW2,7079,10/28/2023 6:00,18.1,0,"","","",""
RW2,7080,10/28/2023 6:05,18.19,0,"","","",""
RW2,7081,10/28/2023 6:10,18.14,0,"","","",""
RW2,7082,10/28/2023 6:15,18.1,0,"","","",""
RW2,7083,10/28/2023 6:20,18.1,0,"","","",""
RW2,7084,10/28/2023 6:25,18.02,0,"","","",""
RW2,7085,10/28/2023 6:30,18.02,0,"","","",""
RW2,7086,10/28/2023 6:35,17.97,0,"","","",""
RW2,7087,10/28/2023 6:40,17.93,0,"","","",""
RW2,7088,10/28/2023 6:45,17.8,0.44,"","","",""
RW2,7089,10/28/2023 6:50,17.76,5.75,"","","",""
RW2,7090,10/28/2023 6:55,17.76,0,"","","",""
RW2,7091,10/28/2023 7:00,17.72,1.99,"","","",""
RW2,7092,10/28/2023 7:05,17.59,0,"","","",""
RW2,7093,10/28/2023 7:10,17.5,1.32,"","","",""
RW2,7094,10/28/2023 7:15,17.46,1.77,"","","",""
RW2,7095,10/28/2023 7:20,17.41,59.96,"","","",""
RW2,7096,10/28/2023 7:25,17.5,3.98,"","","",""
RW2,7097,10/28/2023 7:30,17.5,10.18,"","","",""
RW2,7098,10/28/2023 7:35,17.54,13.51,"","","",""
RW2,7099,10/28/2023 7:40,17.63,67.06,"","","",""
RW2,7100,10/28/2023 7:45,17.5,0.22,"","","",""
RW2,7101,10/28/2023 7:50,17.63,1.1,"","","",""
RW2,7102,10/28/2023 7:55,17.46,5.53,"","","",""
RW2,7103,10/28/2023 8:00,17.37,93.48,"","","",""
RW2,7104,10/28/2023 8:05,17.41,13.73,"","","",""
RW2,7105,10/28/2023 8:10,17.54,1.1,"","","",""
RW2,7106,10/28/2023 8:15,17.8,80.96,"","","",""
RW2,7107,10/28/2023 8:20,17.72,3.76,"","","",""
RW2,7108,10/28/2023 8:25,17.63,31.51,"","","",""
RW2,7109,10/28/2023 8:30,17.54,4.2,"","","",""
RW2,7110,10/28/2023 8:35,17.54,60.52,"","","",""
RW2,7111,10/28/2023 8:40,17.54,0,"","","",""
RW2,7112,10/28/2023 8:45,17.46,24.81,"","","",""
RW2,7113,10/28/2023 8:50,17.41,0.88,"","","",""
RW2,7114,10/28/2023 8:55,17.41,185.04,"","","",""
RW2,7115,10/28/2023 9:00,17.41,250.24,"","","",""
RW2,7116,10/28/2023 9:05,17.29,395.04,"","","",""
RW2,7117,10/28/2023 9:10,17.29,142.4,"","","",""
RW2,7118,10/28/2023 9:15,17.24,50.22,"","","",""
RW2,7119,10/28/2023 9:20,17.2,1617.92,"","","",""
RW2,7120,10/28/2023 9:25,17.11,115.72,"","","",""
RW2,7121,10/28/2023 9:30,17.11,3.32,"","","",""
RW2,7122,10/28/2023 9:35,17.07,16.89,"","","",""
RW2,7123,10/28/2023 9:40,17.07,21.26,"","","",""
RW2,7124,10/28/2023 9:45,17.07,32.39,"","","",""
RW2,7125,10/28/2023 9:50,17.07,18.16,"","","",""
RW2,7126,10/28/2023 9:55,17.07,74.76,"","","",""
RW2,7127,10/28/2023 10:00,17.03,73.86,"","","",""
RW2,7128,10/28/2023 10:05,17.03,2.65,"","","",""
RW2,7129,10/28/2023 10:10,17.07,0.88,"","","",""
RW2,7130,10/28/2023 10:15,17.07,7.31,"","","",""
RW2,7131,10/28/2023 10:20,17.11,97.12,"","","",""
RW2,7132,10/28/2023 10:25,17.11,2.43,"","","",""
RW2,7133,10/28/2023 10:30,17.16,2.87,"","","",""
RW2,7134,10/28/2023 10:35,17.2,5.53,"","","",""
RW2,7135,10/28/2023 10:40,17.2,139.76,"","","",""
RW2,7136,10/28/2023 10:45,17.16,18.33,"","","",""
RW2,7137,10/28/2023 10:50,17.2,1143.04,"","","",""
RW2,7138,10/28/2023 10:55,17.33,14.78,"","","",""
RW2,7139,10/28/2023 11:00,17.24,37.38,"","","",""
RW2,7140,10/28/2023 11:05,17.37,23.14,"","","",""
RW2,7141,10/28/2023 11:10,17.46,3639.04,"","","",""
RW2,7142,10/28/2023 11:15,17.59,71.32,"","","",""
RW2,7143,10/28/2023 11:20,17.59,25.36,"","","",""
RW2,7144,10/28/2023 11:25,17.63,54.04,"","","",""
RW2,7145,10/28/2023 11:30,17.67,103.76,"","","",""
RW2,7146,10/28/2023 11:35,17.67,3077.12,"","","",""
RW2,7147,10/28/2023 11:40,17.72,2261.12,"","","",""
RW2,7148,10/28/2023 11:45,17.76,57.3,"","","",""
RW2,7149,10/28/2023 11:50,17.8,9694.72,"","","",""
RW2,7150,10/28/2023 11:55,17.97,582.08,"","","",""
RW2,7151,10/28/2023 12:00,17.89,2648.32,"","","",""
RW2,7152,10/28/2023 12:05,18.36,37959.68,"","","",""
RW2,7153,10/28/2023 12:10,19,36413.44,"","","",""
RW2,7154,10/28/2023 12:15,19.35,50094.08,"","","",""
RW2,7155,10/28/2023 12:20,21.45,45690.88,"","","",""
RW2,7156,10/28/2023 12:25,20.55,2771.2,"","","",""
RW2,7157,10/28/2023 12:30,23.68,38246.4,"","","",""
RW2,7241,10/28/2023 19:30,16.04,0,"","","",""
RW2,7242,10/28/2023 19:35,17.03,0,"","","",""
RW2,7243,10/28/2023 19:40,17.63,0,"","","",""
RW2,7244,10/28/2023 19:45,17.8,0,"","","",""
RW2,7245,10/28/2023 19:50,18.06,0,"","","",""
RW2,7246,10/28/2023 19:55,18.14,0,"","","",""
RW2,7247,10/28/2023 20:00,18.1,0,"","","",""
RW2,7248,10/28/2023 20:05,18.02,0,"","","",""
RW2,7249,10/28/2023 20:10,17.97,0,"","","",""
RW2,7250,10/28/2023 20:15,17.84,0,"","","",""
RW2,7251,10/28/2023 20:20,17.76,0,"","","",""
RW2,7252,10/28/2023 20:25,17.76,0,"","","",""
RW2,7253,10/28/2023 20:30,17.59,0,"","","",""
RW2,7254,10/28/2023 20:35,17.54,0,"","","",""
RW2,7255,10/28/2023 20:40,17.5,0,"","","",""
RW2,7256,10/28/2023 20:45,17.46,0,"","","",""
RW2,7257,10/28/2023 20:50,17.37,0,"","","",""
RW2,7258,10/28/2023 20:55,17.37,0,"","","",""
RW2,7259,10/28/2023 21:00,17.41,0,"","","",""
RW2,7260,10/28/2023 21:05,17.33,0,"","","",""
RW2,7261,10/28/2023 21:10,17.37,0,"","","",""
RW2,7262,10/28/2023 21:15,17.37,0,"","","",""
RW2,7263,10/28/2023 21:20,17.33,0,"","","",""
RW2,7264,10/28/2023 21:25,17.37,0,"","","",""
RW2,7265,10/28/2023 21:30,17.37,0,"","","",""
RW2,7266,10/28/2023 21:35,17.37,0,"","","",""
RW2,7267,10/28/2023 21:40,17.46,0,"","","",""
RW2,7268,10/28/2023 21:45,17.46,0,"","","",""
RW2,7269,10/28/2023 21:50,17.41,0,"","","",""
RW2,7270,10/28/2023 21:55,17.41,0,"","","",""
RW2,7271,10/28/2023 22:00,17.37,0,"","","",""
RW2,7272,10/28/2023 22:05,17.46,0,"","","",""
RW2,7273,10/28/2023 22:10,17.54,0,"","","",""
RW2,7274,10/28/2023 22:15,17.54,0,"","","",""
RW2,7275,10/28/2023 22:20,17.5,0,"","","",""
RW2,7276,10/28/2023 22:25,17.54,0,"","","",""
RW2,7277,10/28/2023 22:30,17.41,0,"","","",""
RW2,7278,10/28/2023 22:35,17.46,0,"","","",""
RW2,7279,10/28/2023 22:40,17.41,0,"","","",""
RW2,7280,10/28/2023 22:45,17.41,0,"","","",""
RW2,7281,10/28/2023 22:50,17.46,0,"","","",""
RW2,7282,10/28/2023 22:55,17.46,0,"","","",""
RW2,7283,10/28/2023 23:00,17.41,0,"","","",""
RW2,7284,10/28/2023 23:05,17.41,0,"","","",""
RW2,7285,10/28/2023 23:10,17.46,0,"","","",""
RW2,7286,10/28/2023 23:15,17.37,0,"","","",""
RW2,7287,10/28/2023 23:20,17.41,0,"","","",""
RW2,7288,10/28/2023 23:25,17.41,0,"","","",""
RW2,7289,10/28/2023 23:30,17.41,0,"","","",""
RW2,7290,10/28/2023 23:35,17.37,0,"","","",""
RW2,7291,10/28/2023 23:40,17.37,0,"","","",""
RW2,7292,10/28/2023 23:45,17.41,0,"","","",""
RW2,7293,10/28/2023 23:50,17.37,0,"","","",""
RW2,7294,10/28/2023 23:55,17.41,0,"","","",""
RW2,7295,10/29/2023 0:00,17.37,0,"","","",""
RW2,7296,10/29/2023 0:05,17.33,0,"","","",""
RW2,7297,10/29/2023 0:10,17.33,0,"","","",""
RW2,7298,10/29/2023 0:15,17.29,0,"","","",""
RW2,7299,10/29/2023 0:20,17.33,0,"","","",""
RW2,7300,10/29/2023 0:25,17.33,0,"","","",""
RW2,7301,10/29/2023 0:30,17.2,0,"","","",""
RW2,7302,10/29/2023 0:35,17.24,0,"","","",""
RW2,7303,10/29/2023 0:40,17.16,0,"","","",""
RW2,7304,10/29/2023 0:45,16.94,0,"","","",""
RW2,7305,10/29/2023 0:50,16.47,0,"","","",""
RW2,7306,10/29/2023 0:55,15.83,0,"","","",""
RW2,7363,10/29/2023 5:40,11.11,0,"","","",""
RW2,7364,10/29/2023 5:45,14.58,0,"","","",""
RW2,7365,10/29/2023 5:50,15.7,0,"","","",""
RW2,7366,10/29/2023 5:55,16.47,0,"","","",""
RW2,7367,10/29/2023 6:00,16.77,0,"","","",""
RW2,7368,10/29/2023 6:05,16.99,0,"","","",""
RW2,7369,10/29/2023 6:10,17.03,0,"","","",""
RW2,7370,10/29/2023 6:15,17.03,0,"","","",""
RW2,7371,10/29/2023 6:20,17.03,0,"","","",""
RW2,7372,10/29/2023 6:25,17.11,0,"","","",""
RW2,7373,10/29/2023 6:30,17.07,0,"","","",""
RW2,7374,10/29/2023 6:35,17.11,0,"","","",""
RW2,7375,10/29/2023 6:40,17.11,0,"","","",""
RW2,7376,10/29/2023 6:45,17.16,0,"","","",""
RW2,7377,10/29/2023 6:50,17.16,0,"","","",""
RW2,7378,10/29/2023 6:55,17.11,0,"","","",""
RW2,7379,10/29/2023 7:00,17.11,9.74,"","","",""
RW2,7380,10/29/2023 7:05,17.11,8.19,"","","",""
RW2,7381,10/29/2023 7:10,17.11,0,"","","",""
RW2,7382,10/29/2023 7:15,17.11,42.18,"","","",""
RW2,7383,10/29/2023 7:20,17.11,15.09,"","","",""
RW2,7384,10/29/2023 7:25,17.16,0.88,"","","",""
RW2,7385,10/29/2023 7:30,17.2,35.94,"","","",""
RW2,7386,10/29/2023 7:35,17.2,4.65,"","","",""
RW2,7387,10/29/2023 7:40,17.16,37.27,"","","",""
RW2,7388,10/29/2023 7:45,17.2,1.55,"","","",""
RW2,7389,10/29/2023 7:50,17.2,660.8,"","","",""
RW2,7390,10/29/2023 7:55,17.2,14.39,"","","",""
RW2,7391,10/29/2023 8:00,17.2,1.55,"","","",""
RW2,7392,10/29/2023 8:05,17.2,3.98,"","","",""
RW2,7393,10/29/2023 8:10,17.16,97.88,"","","",""
RW2,7394,10/29/2023 8:15,17.2,19.93,"","","",""
RW2,7395,10/29/2023 8:20,17.24,45.3,"","","",""
RW2,7396,10/29/2023 8:25,17.29,0.22,"","","",""
RW2,7397,10/29/2023 8:30,17.33,373.12,"","","",""
RW2,7398,10/29/2023 8:35,17.29,1261.76,"","","",""
RW2,7399,10/29/2023 8:40,17.29,528.96,"","","",""
RW2,7400,10/29/2023 8:45,17.29,3.76,"","","",""
RW2,7401,10/29/2023 8:50,17.37,609.6,"","","",""
RW2,7402,10/29/2023 8:55,17.33,11.51,"","","",""
RW2,7403,10/29/2023 9:00,17.37,2048,"","","",""
RW2,7404,10/29/2023 9:05,17.37,46.62,"","","",""
RW2,7405,10/29/2023 9:10,17.37,337.28,"","","",""
RW2,7406,10/29/2023 9:15,17.33,1.99,"","","",""
RW2,7407,10/29/2023 9:20,17.37,181.6,"","","",""
RW2,7408,10/29/2023 9:25,17.33,412.32,"","","",""
RW2,7409,10/29/2023 9:30,17.33,17.33,"","","",""
RW2,7410,10/29/2023 9:35,17.29,24.42,"","","",""
RW2,7411,10/29/2023 9:40,17.24,12.84,"","","",""
RW2,7412,10/29/2023 9:45,17.29,20.43,"","","",""
RW2,7413,10/29/2023 9:50,17.33,14.64,"","","",""
RW2,7414,10/29/2023 9:55,17.29,0.22,"","","",""
RW2,7415,10/29/2023 10:00,17.2,33.22,"","","",""
RW2,7416,10/29/2023 10:05,17.33,1.55,"","","",""
RW2,7417,10/29/2023 10:10,17.29,1.99,"","","",""
RW2,7418,10/29/2023 10:15,17.29,75.74,"","","",""
RW2,7419,10/29/2023 10:20,17.16,307.84,"","","",""
RW2,7420,10/29/2023 10:25,17.16,4.87,"","","",""
RW2,7421,10/29/2023 10:30,17.11,21.32,"","","",""
RW2,7422,10/29/2023 10:35,17.16,87.36,"","","",""
RW2,7423,10/29/2023 10:40,16.94,13.87,"","","",""
RW2,7424,10/29/2023 10:45,16.99,3330.56,"","","",""
RW2,7425,10/29/2023 10:50,16.94,243.2,"","","",""
RW2,7426,10/29/2023 10:55,16.86,1868.16,"","","",""
RW2,7427,10/29/2023 11:00,16.73,229.92,"","","",""
RW2,7428,10/29/2023 11:05,16.81,183.6,"","","",""
RW2,7429,10/29/2023 11:10,16.9,828.8,"","","",""
RW2,7430,10/29/2023 11:15,16.99,18.41,"","","",""
RW2,7431,10/29/2023 11:20,16.94,1.77,"","","",""
RW2,7432,10/29/2023 11:25,16.94,625.76,"","","",""
RW2,7433,10/29/2023 11:30,16.77,267.12,"","","",""
RW2,7434,10/29/2023 11:35,16.81,40.59,"","","",""
RW2,7435,10/29/2023 11:40,16.9,906.24,"","","",""
RW2,7436,10/29/2023 11:45,16.9,309.68,"","","",""
RW2,7437,10/29/2023 11:50,17.07,13.87,"","","",""
RW2,7438,10/29/2023 11:55,17.07,22.15,"","","",""
RW2,7439,10/29/2023 12:00,17.03,25.25,"","","",""
RW2,7440,10/29/2023 12:05,17.07,6786.56,"","","",""
RW2,7441,10/29/2023 12:10,17.11,170.72,"","","",""
RW2,7442,10/29/2023 12:15,17.11,326.48,"","","",""
RW2,7443,10/29/2023 12:20,17.33,188.48,"","","",""
RW2,7444,10/29/2023 12:25,17.37,6832.64,"","","",""
RW2,7445,10/29/2023 12:30,17.46,4296.96,"","","",""
RW2,7446,10/29/2023 12:35,17.46,229.44,"","","",""
RW2,7447,10/29/2023 12:40,17.67,1355.52,"","","",""
RW2,7448,10/29/2023 12:45,17.89,138.88,"","","",""
RW2,7449,10/29/2023 12:50,18.02,280.4,"","","",""
RW2,7450,10/29/2023 12:55,17.89,137.32,"","","",""
RW2,7451,10/29/2023 13:00,17.76,52.16,"","","",""
RW2,7452,10/29/2023 13:05,17.93,180.8,"","","",""
RW2,7542,10/29/2023 20:35,11.71,0,"","","",""
RW2,7543,10/29/2023 20:40,11.62,0,"","","",""
RW2,7544,10/29/2023 20:45,11.58,0,"","","",""
RW2,7545,10/29/2023 20:50,12.65,0,"","","",""
RW2,7546,10/29/2023 20:55,15.36,0,"","","",""
RW2,7547,10/29/2023 21:00,16.3,0,"","","",""
RW2,7548,10/29/2023 21:05,16.99,0,"","","",""
RW2,7549,10/29/2023 21:10,17.07,0,"","","",""
RW2,7550,10/29/2023 21:15,17.16,0,"","","",""
RW2,7551,10/29/2023 21:20,17.2,0,"","","",""
RW2,7552,10/29/2023 21:25,17.2,0,"","","",""
RW2,7553,10/29/2023 21:30,17.2,0,"","","",""
RW2,7554,10/29/2023 21:35,17.24,0,"","","",""
RW2,7555,10/29/2023 21:40,17.24,0,"","","",""
RW2,7556,10/29/2023 21:45,17.24,0,"","","",""
RW2,7557,10/29/2023 21:50,17.29,0,"","","",""
RW2,7558,10/29/2023 21:55,17.24,0,"","","",""
RW2,7559,10/29/2023 22:00,17.2,0,"","","",""
RW2,7560,10/29/2023 22:05,17.2,0,"","","",""
RW2,7561,10/29/2023 22:10,17.24,0,"","","",""
RW2,7562,10/29/2023 22:15,17.24,0,"","","",""
RW2,7563,10/29/2023 22:20,17.24,0,"","","",""
RW2,7564,10/29/2023 22:25,17.24,0,"","","",""
RW2,7565,10/29/2023 22:30,17.33,0,"","","",""
RW2,7566,10/29/2023 22:35,17.29,0,"","","",""
RW2,7567,10/29/2023 22:40,17.29,0,"","","",""
RW2,7568,10/29/2023 22:45,17.33,0,"","","",""
RW2,7569,10/29/2023 22:50,17.33,0,"","","",""
RW2,7570,10/29/2023 22:55,17.37,0,"","","",""
RW2,7571,10/29/2023 23:00,17.29,0,"","","",""
RW2,7572,10/29/2023 23:05,17.11,0,"","","",""
RW2,7573,10/29/2023 23:10,17.03,0,"","","",""
RW2,7574,10/29/2023 23:15,16.94,0,"","","",""
RW2,7575,10/29/2023 23:20,16.81,0,"","","",""
RW2,7576,10/29/2023 23:25,16.77,0,"","","",""
RW2,7577,10/29/2023 23:30,16.73,0,"","","",""
RW2,7578,10/29/2023 23:35,16.77,0,"","","",""
RW2,7579,10/29/2023 23:40,16.86,0,"","","",""
RW2,7580,10/29/2023 23:45,16.9,0,"","","",""
RW2,7581,10/29/2023 23:50,16.9,0,"","","",""
RW2,7582,10/29/2023 23:55,16.94,0,"","","",""
RW2,7583,10/30/2023 0:00,16.9,0,"","","",""
RW2,7584,10/30/2023 0:05,16.94,0,"","","",""
RW2,7585,10/30/2023 0:10,16.99,0,"","","",""
RW2,7586,10/30/2023 0:15,16.99,0,"","","",""
RW2,7587,10/30/2023 0:20,16.99,0,"","","",""
RW2,7588,10/30/2023 0:25,17.03,0,"","","",""
RW2,7589,10/30/2023 0:30,17.03,0,"","","",""
RW2,7590,10/30/2023 0:35,17.03,0,"","","",""
RW2,7591,10/30/2023 0:40,17.03,0,"","","",""
RW2,7592,10/30/2023 0:45,17.07,0,"","","",""
RW2,7593,10/30/2023 0:50,17.07,0,"","","",""
RW2,7594,10/30/2023 0:55,16.99,0,"","","",""
RW2,7595,10/30/2023 1:00,17.03,0,"","","",""
RW2,7596,10/30/2023 1:05,17.03,0,"","","",""
RW2,7597,10/30/2023 1:10,16.99,0,"","","",""
RW2,7598,10/30/2023 1:15,16.94,0,"","","",""
RW2,7599,10/30/2023 1:20,16.81,0,"","","",""
RW2,7600,10/30/2023 1:25,16.21,0,"","","",""
RW2,7601,10/30/2023 1:30,16.47,0,"","","",""
RW2,7602,10/30/2023 1:35,16,0,"","","",""
RW2,7603,10/30/2023 1:40,15.87,0,"","","",""
RW2,7604,10/30/2023 1:45,15.48,0,"","","",""
RW2,7655,10/30/2023 6:00,11.45,0,"","","",""
RW2,7656,10/30/2023 6:05,13.38,0,"","","",""
RW2,7657,10/30/2023 6:10,14.41,0,"","","",""
RW2,7658,10/30/2023 6:15,15.48,0,"","","",""
RW2,7659,10/30/2023 6:20,15.78,0,"","","",""
RW2,7660,10/30/2023 6:25,15.83,0,"","","",""
RW2,7661,10/30/2023 6:30,16,0,"","","",""
RW2,7662,10/30/2023 6:35,16.08,0,"","","",""
RW2,7663,10/30/2023 6:40,16.21,0,"","","",""
RW2,7664,10/30/2023 6:45,16.26,0,"","","",""
RW2,7665,10/30/2023 6:50,16.3,0,"","","",""
RW2,7666,10/30/2023 6:55,16.34,0,"","","",""
RW2,7667,10/30/2023 7:00,16.39,0,"","","",""
RW2,7668,10/30/2023 7:05,16.39,1.1,"","","",""
RW2,7669,10/30/2023 7:10,16.39,11.74,"","","",""
RW2,7670,10/30/2023 7:15,16.51,15.31,"","","",""
RW2,7671,10/30/2023 7:20,16.51,43.96,"","","",""
RW2,7672,10/30/2023 7:25,16.51,1.99,"","","",""
RW2,7673,10/30/2023 7:30,16.51,473.12,"","","",""
RW2,7674,10/30/2023 7:35,16.6,11.29,"","","",""
RW2,7675,10/30/2023 7:40,16.6,4.65,"","","",""
RW2,7676,10/30/2023 7:45,16.56,6.64,"","","",""
RW2,7677,10/30/2023 7:50,16.51,17.14,"","","",""
RW2,7678,10/30/2023 7:55,16.47,73.98,"","","",""
RW2,7679,10/30/2023 8:00,16.69,14.26,"","","",""
RW2,7680,10/30/2023 8:05,16.69,142.52,"","","",""
RW2,7681,10/30/2023 8:10,16.73,5.09,"","","",""
RW2,7682,10/30/2023 8:15,16.77,748.48,"","","",""
RW2,7683,10/30/2023 8:20,16.81,25.25,"","","",""
RW2,7684,10/30/2023 8:25,16.86,12.87,"","","",""
RW2,7685,10/30/2023 8:30,16.86,428.32,"","","",""
RW2,7686,10/30/2023 8:35,16.81,180.08,"","","",""
RW2,7687,10/30/2023 8:40,16.77,187.12,"","","",""
RW2,7688,10/30/2023 8:45,16.9,10.63,"","","",""
RW2,7689,10/30/2023 8:50,17.07,305.2,"","","",""
RW2,7690,10/30/2023 8:55,17.16,563.52,"","","",""
RW2,7691,10/30/2023 9:00,16.99,710.4,"","","",""
RW2,7692,10/30/2023 9:05,16.94,12.87,"","","",""
RW2,7693,10/30/2023 9:10,17.07,639.68,"","","",""
RW2,7694,10/30/2023 9:15,17.33,119.36,"","","",""
RW2,7695,10/30/2023 9:20,17.16,33.28,"","","",""
RW2,7696,10/30/2023 9:25,17.03,98,"","","",""
RW2,7697,10/30/2023 9:30,17.03,21.76,"","","",""
RW2,7698,10/30/2023 9:35,16.99,1.1,"","","",""
RW2,7699,10/30/2023 9:40,17.16,5.09,"","","",""
RW2,7700,10/30/2023 9:45,17.33,0,"","","",""
RW2,7701,10/30/2023 9:50,17.33,20.82,"","","",""
RW2,7702,10/30/2023 9:55,17.33,676.8,"","","",""
RW2,7703,10/30/2023 10:00,17.29,7029.76,"","","",""
RW2,7704,10/30/2023 10:05,17.33,2.43,"","","",""
RW2,7705,10/30/2023 10:10,17.33,4171.52,"","","",""
RW2,7706,10/30/2023 10:15,17.41,43.58,"","","",""
RW2,7707,10/30/2023 10:20,17.54,715.2,"","","",""
RW2,7708,10/30/2023 10:25,17.54,1.99,"","","",""
RW2,7709,10/30/2023 10:30,17.59,59.14,"","","",""
RW2,7710,10/30/2023 10:35,17.54,95.44,"","","",""
RW2,7711,10/30/2023 10:40,17.54,24.36,"","","",""
RW2,7712,10/30/2023 10:45,17.59,13.12,"","","",""
RW2,7713,10/30/2023 10:50,17.67,34.22,"","","",""
RW2,7714,10/30/2023 10:55,17.72,27.57,"","","",""
RW2,7715,10/30/2023 11:00,17.72,641.92,"","","",""
RW2,7716,10/30/2023 11:05,17.72,11.98,"","","",""
RW2,7717,10/30/2023 11:10,17.67,80.52,"","","",""
RW2,7718,10/30/2023 11:15,17.72,12.68,"","","",""
RW2,7719,10/30/2023 11:20,17.8,965.76,"","","",""
RW2,7720,10/30/2023 11:25,17.8,1617.92,"","","",""
RW2,7721,10/30/2023 11:30,17.8,92.56,"","","",""
RW2,7722,10/30/2023 11:35,17.89,1346.56,"","","",""
RW2,7723,10/30/2023 11:40,17.93,1187.2,"","","",""
RW2,7724,10/30/2023 11:45,17.93,39.65,"","","",""
RW2,7725,10/30/2023 11:50,17.97,196.88,"","","",""
RW2,7726,10/30/2023 11:55,17.97,51.22,"","","",""
RW2,7727,10/30/2023 12:00,18.02,575.84,"","","",""
RW2,7728,10/30/2023 12:05,18.02,29.73,"","","",""
RW2,7729,10/30/2023 12:10,18.06,708.8,"","","",""
RW2,7730,10/30/2023 12:15,18.06,1658.24,"","","",""
RW2,7731,10/30/2023 12:20,18.1,17.08,"","","",""
RW2,7732,10/30/2023 12:25,18.14,186.96,"","","",""
RW2,7733,10/30/2023 12:30,18.19,3123.2,"","","",""
RW2,7734,10/30/2023 12:35,18.19,703.04,"","","",""
RW2,7735,10/30/2023 12:40,18.23,233.92,"","","",""
RW2,7736,10/30/2023 12:45,18.27,332.8,"","","",""
RW2,7737,10/30/2023 12:50,18.36,6103.04,"","","",""
RW2,7738,10/30/2023 12:55,18.4,100.68,"","","",""
RW2,7739,10/30/2023 13:00,18.44,1571.84,"","","",""
RW2,7740,10/30/2023 13:05,18.44,181.2,"","","",""
RW2,7741,10/30/2023 13:10,18.57,302.96,"","","",""
RW2,7742,10/30/2023 13:15,18.57,23726.08,"","","",""
RW2,7743,10/30/2023 13:20,18.83,765.76,"","","",""
RW2,7744,10/30/2023 13:25,19.39,52613.12,"","","",""
RW2,7745,10/30/2023 13:30,20.03,2478.72,"","","",""
RW2,7746,10/30/2023 13:35,20.5,4837.12,"","","",""
RW2,7747,10/30/2023 13:40,21.32,5043.2,"","","",""
RW2,7748,10/30/2023 13:45,22.22,5342.72,"","","",""
RW2,7843,10/30/2023 21:40,13.38,0,"","","",""
RW2,7844,10/30/2023 21:45,13.25,0,"","","",""
RW2,7845,10/30/2023 21:50,12.18,0,"","","",""
RW2,7846,10/30/2023 21:55,13.43,0,"","","",""
RW2,7847,10/30/2023 22:00,15.31,0,"","","",""
RW2,7848,10/30/2023 22:05,15.4,0,"","","",""
RW2,7849,10/30/2023 22:10,16.73,0,"","","",""
RW2,7850,10/30/2023 22:15,16.39,0,"","","",""
RW2,7851,10/30/2023 22:20,17.07,0,"","","",""
RW2,7852,10/30/2023 22:25,17.2,0,"","","",""
RW2,7853,10/30/2023 22:30,17.2,0,"","","",""
RW2,7854,10/30/2023 22:35,17.16,0,"","","",""
RW2,7855,10/30/2023 22:40,17.24,0,"","","",""
RW2,7856,10/30/2023 22:45,17.29,0,"","","",""
RW2,7857,10/30/2023 22:50,17.33,0,"","","",""
RW2,7858,10/30/2023 22:55,17.33,0,"","","",""
RW2,7859,10/30/2023 23:00,17.33,0,"","","",""
RW2,7860,10/30/2023 23:05,17.37,0,"","","",""
RW2,7861,10/30/2023 23:10,17.37,0,"","","",""
RW2,7862,10/30/2023 23:15,17.41,0,"","","",""
RW2,7863,10/30/2023 23:20,17.37,0,"","","",""
RW2,7864,10/30/2023 23:25,17.37,0,"","","",""
RW2,7865,10/30/2023 23:30,17.41,0,"","","",""
RW2,7866,10/30/2023 23:35,17.41,0,"","","",""
RW2,7867,10/30/2023 23:40,17.46,0,"","","",""
RW2,7868,10/30/2023 23:45,17.46,0,"","","",""
RW2,7869,10/30/2023 23:50,17.46,0,"","","",""
RW2,7870,10/30/2023 23:55,17.5,0,"","","",""
RW2,7871,10/31/2023 0:00,17.46,0,"","","",""
RW2,7872,10/31/2023 0:05,17.46,0,"","","",""
RW2,7873,10/31/2023 0:10,17.46,0,"","","",""
RW2,7874,10/31/2023 0:15,17.5,0,"","","",""
RW2,7875,10/31/2023 0:20,17.46,0,"","","",""
RW2,7876,10/31/2023 0:25,17.41,0,"","","",""
RW2,7877,10/31/2023 0:30,17.46,0,"","","",""
RW2,7878,10/31/2023 0:35,17.5,0,"","","",""
RW2,7879,10/31/2023 0:40,17.46,0,"","","",""
RW2,7880,10/31/2023 0:45,17.41,0,"","","",""
RW2,7881,10/31/2023 0:50,17.46,0,"","","",""
RW2,7882,10/31/2023 0:55,17.46,0,"","","",""
RW2,7883,10/31/2023 1:00,17.46,0,"","","",""
RW2,7884,10/31/2023 1:05,17.37,0,"","","",""
RW2,7885,10/31/2023 1:10,17.41,0,"","","",""
RW2,7886,10/31/2023 1:15,17.41,0,"","","",""
RW2,7887,10/31/2023 1:20,17.37,0,"","","",""
RW2,7888,10/31/2023 1:25,17.37,0,"","","",""
RW2,7889,10/31/2023 1:30,17.33,0,"","","",""
RW2,7890,10/31/2023 1:35,17.29,0,"","","",""
RW2,7891,10/31/2023 1:40,17.2,0,"","","",""
RW2,7892,10/31/2023 1:45,17.11,0,"","","",""
RW2,7893,10/31/2023 1:50,17.11,0,"","","",""
RW2,7894,10/31/2023 1:55,16.9,0,"","","",""
RW2,7895,10/31/2023 2:00,16.69,0,"","","",""
RW2,7896,10/31/2023 2:05,16.99,0,"","","",""
RW2,7897,10/31/2023 2:10,16.99,0,"","","",""
RW2,7898,10/31/2023 2:15,16.94,0,"","","",""
RW2,7899,10/31/2023 2:20,16.47,0,"","","",""
RW2,7900,10/31/2023 2:25,15.4,0,"","","",""
RW2,7901,10/31/2023 2:30,15.14,0,"","","",""
RW2,7902,10/31/2023 2:35,14.45,0,"","","",""
RW2,7903,10/31/2023 2:40,14.5,0,"","","",""
RW2,7904,10/31/2023 2:45,14.2,0,"","","",""
RW2,7905,10/31/2023 2:50,13.51,0,"","","",""
RW2,7906,10/31/2023 2:55,11.84,0,"","","",""
RW2,7907,10/31/2023 3:00,11.32,0,"","","",""
RW2,7941,10/31/2023 5:50,9.95,0,"","","",""
RW2,7942,10/31/2023 5:55,10.12,0,"","","",""
RW2,7943,10/31/2023 6:00,10.12,0,"","","",""
RW2,7944,10/31/2023 6:05,10.21,0,"","","",""
RW2,7945,10/31/2023 6:10,11.71,0,"","","",""
RW2,7946,10/31/2023 6:15,14.03,0,"","","",""
RW2,7947,10/31/2023 6:20,15.31,0,"","","",""
RW2,7948,10/31/2023 6:25,15.01,0,"","","",""
RW2,7949,10/31/2023 6:30,15.4,0,"","","",""
RW2,7950,10/31/2023 6:35,16,0,"","","",""
RW2,7951,10/31/2023 6:40,16.3,0,"","","",""
RW2,7952,10/31/2023 6:45,16.34,0,"","","",""
RW2,7953,10/31/2023 6:50,16.43,2.65,"","","",""
RW2,7954,10/31/2023 6:55,16.43,0,"","","",""
RW2,7955,10/31/2023 7:00,16.47,3.76,"","","",""
RW2,7956,10/31/2023 7:05,16.47,1.99,"","","",""
RW2,7957,10/31/2023 7:10,16.43,7.31,"","","",""
RW2,7958,10/31/2023 7:15,16.56,12.9,"","","",""
RW2,7959,10/31/2023 7:20,16.64,0.88,"","","",""
RW2,7960,10/31/2023 7:25,16.6,0.44,"","","",""
RW2,7961,10/31/2023 7:30,16.69,162.8,"","","",""
RW2,7962,10/31/2023 7:35,16.69,1.32,"","","",""
RW2,7963,10/31/2023 7:40,16.81,2.43,"","","",""
RW2,7964,10/31/2023 7:45,16.73,4.87,"","","",""
RW2,7965,10/31/2023 7:50,16.86,615.36,"","","",""
RW2,7966,10/31/2023 7:55,16.9,145.76,"","","",""
RW2,7967,10/31/2023 8:00,16.9,24.97,"","","",""
RW2,7968,10/31/2023 8:05,16.9,2996.48,"","","",""
RW2,7969,10/31/2023 8:10,16.94,0.66,"","","",""
RW2,7970,10/31/2023 8:15,16.99,4.9,"","","",""
RW2,7971,10/31/2023 8:20,16.81,46.78,"","","",""
RW2,7972,10/31/2023 8:25,16.94,26.63,"","","",""
RW2,7973,10/31/2023 8:30,17.03,33.44,"","","",""
RW2,7974,10/31/2023 8:35,17.07,36.1,"","","",""
RW2,7975,10/31/2023 8:40,17.03,790.08,"","","",""
RW2,7976,10/31/2023 8:45,17.03,887.68,"","","",""
RW2,7977,10/31/2023 8:50,16.99,38.76,"","","",""
RW2,7978,10/31/2023 8:55,17.07,81.18,"","","",""
RW2,7979,10/31/2023 9:00,17.16,39.59,"","","",""
RW2,7980,10/31/2023 9:05,17.11,380,"","","",""
RW2,7981,10/31/2023 9:10,17.11,877.12,"","","",""
RW2,7982,10/31/2023 9:15,17.11,16.83,"","","",""
RW2,7983,10/31/2023 9:20,17.11,41.36,"","","",""
RW2,7984,10/31/2023 9:25,17.11,4.2,"","","",""
RW2,7985,10/31/2023 9:30,17.2,60.64,"","","",""
RW2,7986,10/31/2023 9:35,17.2,654.72,"","","",""
RW2,7987,10/31/2023 9:40,17.24,66.34,"","","",""
RW2,7988,10/31/2023 9:45,17.24,81.28,"","","",""
RW2,7989,10/31/2023 9:50,17.29,121.28,"","","",""
RW2,7990,10/31/2023 9:55,17.29,27.8,"","","",""
RW2,7991,10/31/2023 10:00,17.29,1062.4,"","","",""
RW2,7992,10/31/2023 10:05,17.37,188.24,"","","",""
RW2,7993,10/31/2023 10:10,17.37,3.32,"","","",""
RW2,7994,10/31/2023 10:15,17.37,28.4,"","","",""
RW2,7995,10/31/2023 10:20,17.37,480.16,"","","",""
RW2,7996,10/31/2023 10:25,17.37,31.62,"","","",""
RW2,7997,10/31/2023 10:30,17.46,56.54,"","","",""
RW2,7998,10/31/2023 10:35,17.46,131.8,"","","",""
RW2,7999,10/31/2023 10:40,17.46,3.76,"","","",""
RW2,8000,10/31/2023 10:45,17.46,26.74,"","","",""
RW2,8001,10/31/2023 10:50,17.5,62.68,"","","",""
RW2,8002,10/31/2023 10:55,17.46,38.32,"","","",""
RW2,8003,10/31/2023 11:00,17.5,135.44,"","","",""
RW2,8004,10/31/2023 11:05,17.54,56.48,"","","",""
RW2,8005,10/31/2023 11:10,17.54,202.4,"","","",""
RW2,8006,10/31/2023 11:15,17.59,1.32,"","","",""
RW2,8007,10/31/2023 11:20,17.59,47.56,"","","",""
RW2,8008,10/31/2023 11:25,17.59,12.87,"","","",""
RW2,8009,10/31/2023 11:30,17.63,551.52,"","","",""
RW2,8010,10/31/2023 11:35,17.67,1.77,"","","",""
RW2,8011,10/31/2023 11:40,17.67,628.16,"","","",""
RW2,8012,10/31/2023 11:45,17.72,68.78,"","","",""
RW2,8013,10/31/2023 11:50,17.76,15.81,"","","",""
RW2,8014,10/31/2023 11:55,17.76,102.44,"","","",""
RW2,8015,10/31/2023 12:00,17.72,736.32,"","","",""
RW2,8016,10/31/2023 12:05,17.8,37.87,"","","",""
RW2,8017,10/31/2023 12:10,17.8,47.12,"","","",""
RW2,8018,10/31/2023 12:15,17.8,400.8,"","","",""
RW2,8019,10/31/2023 12:20,17.89,10.9,"","","",""
RW2,8020,10/31/2023 12:25,17.89,154.6,"","","",""
RW2,8021,10/31/2023 12:30,17.93,21.87,"","","",""
RW2,8022,10/31/2023 12:35,17.97,13224.96,"","","",""
RW2,8023,10/31/2023 12:40,17.97,63.28,"","","",""
RW2,8024,10/31/2023 12:45,17.97,66.72,"","","",""
RW2,8025,10/31/2023 12:50,17.93,166.56,"","","",""
RW2,8026,10/31/2023 12:55,18.02,9.96,"","","",""
RW2,8027,10/31/2023 13:00,17.97,6758.4,"","","",""
RW2,8028,10/31/2023 13:05,18.02,48.12,"","","",""
RW2,8029,10/31/2023 13:10,18.06,129.12,"","","",""
RW2,8030,10/31/2023 13:15,18.02,462.4,"","","",""
RW2,8031,10/31/2023 13:20,18.06,88.8,"","","",""
RW2,8032,10/31/2023 13:25,18.06,157.92,"","","",""
RW2,8033,10/31/2023 13:30,18.19,13148.16,"","","",""
RW2,8034,10/31/2023 13:35,18.23,15636.48,"","","",""
RW2,8035,10/31/2023 13:40,18.14,106.96,"","","",""
RW2,8036,10/31/2023 13:45,18.19,11545.6,"","","",""
RW2,8037,10/31/2023 13:50,18.19,80.3,"","","",""
RW2,8038,10/31/2023 13:55,18.32,1476.48,"","","",""
RW2,8039,10/31/2023 14:00,18.44,258.88,"","","",""
RW2,8040,10/31/2023 14:05,18.66,260.72,"","","",""
RW2,8041,10/31/2023 14:10,19.47,44093.44,"","","",""
RW2,8042,10/31/2023 14:15,19.6,1388.8,"","","",""
RW2,8043,10/31/2023 14:20,19,1089.6,"","","",""
RW2,8044,10/31/2023 14:25,19.09,1304.96,"","","",""
RW2,8045,10/31/2023 14:30,18.92,1447.68,"","","",""
RW2,8143,10/31/2023 22:40,13.3,0,"","","",""
RW2,8144,10/31/2023 22:45,13.38,0,"","","",""
RW2,8145,10/31/2023 22:50,13.47,0,"","","",""
RW2,8146,10/31/2023 22:55,13.51,0,"","","",""
RW2,8147,10/31/2023 23:00,13.55,0,"","","",""
RW2,8148,10/31/2023 23:05,14.97,0,"","","",""
RW2,8149,10/31/2023 23:10,15.57,0,"","","",""
RW2,8150,10/31/2023 23:15,16.3,0,"","","",""
RW2,8151,10/31/2023 23:20,16.73,0,"","","",""
RW2,8152,10/31/2023 23:25,16.77,0,"","","",""
RW2,8153,10/31/2023 23:30,16.86,0,"","","",""
RW2,8154,10/31/2023 23:35,16.9,0,"","","",""
RW2,8155,10/31/2023 23:40,16.99,0,"","","",""
RW2,8156,10/31/2023 23:45,17.03,0,"","","",""
RW2,8157,10/31/2023 23:50,17.11,0,"","","",""
RW2,8158,10/31/2023 23:55,17.03,0,"","","",""
RW2,8159,11/1/2023 0:00,17.03,0,"","","",""
RW2,8160,11/1/2023 0:05,17.11,0,"","","",""
RW2,8161,11/1/2023 0:10,17.11,0,"","","",""
RW2,8162,11/1/2023 0:15,17.11,0,"","","",""
RW2,8163,11/1/2023 0:20,17.07,0,"","","",""
RW2,8164,11/1/2023 0:25,17.07,0,"","","",""
RW2,8165,11/1/2023 0:30,17.11,0,"","","",""
RW2,8166,11/1/2023 0:35,17.07,0,"","","",""
RW2,8167,11/1/2023 0:40,17.07,0,"","","",""
RW2,8168,11/1/2023 0:45,17.11,0,"","","",""
RW2,8169,11/1/2023 0:50,17.07,0,"","","",""
RW2,8170,11/1/2023 0:55,17.03,0,"","","",""
RW2,8171,11/1/2023 1:00,17.07,0,"","","",""
RW2,8172,11/1/2023 1:05,17.11,0,"","","",""
RW2,8173,11/1/2023 1:10,17.07,0,"","","",""
RW2,8174,11/1/2023 1:15,16.94,0,"","","",""
RW2,8175,11/1/2023 1:20,16.99,0,"","","",""
RW2,8176,11/1/2023 1:25,17.03,0,"","","",""
RW2,8177,11/1/2023 1:30,17.03,0,"","","",""
RW2,8178,11/1/2023 1:35,17.03,0,"","","",""
RW2,8179,11/1/2023 1:40,17.03,0,"","","",""
RW2,8180,11/1/2023 1:45,16.99,0,"","","",""
RW2,8181,11/1/2023 1:50,17.11,0,"","","",""
RW2,8182,11/1/2023 1:55,16.99,0,"","","",""
RW2,8183,11/1/2023 2:00,16.99,0,"","","",""
RW2,8184,11/1/2023 2:05,16.99,0,"","","",""
RW2,8185,11/1/2023 2:10,16.94,0,"","","",""
RW2,8186,11/1/2023 2:15,16.94,0,"","","",""
RW2,8187,11/1/2023 2:20,16.94,0,"","","",""
RW2,8188,11/1/2023 2:25,16.9,0,"","","",""
RW2,8189,11/1/2023 2:30,16.9,0,"","","",""
RW2,8190,11/1/2023 2:35,16.9,0,"","","",""
RW2,8191,11/1/2023 2:40,16.9,0,"","","",""
RW2,8192,11/1/2023 2:45,16.86,0,"","","",""
RW2,8193,11/1/2023 2:50,16.86,0,"","","",""
RW2,8194,11/1/2023 2:55,16.77,0,"","","",""
RW2,8195,11/1/2023 3:00,16.77,0,"","","",""
RW2,8196,11/1/2023 3:05,16.69,0,"","","",""
RW2,8197,11/1/2023 3:10,16.51,0,"","","",""
RW2,8198,11/1/2023 3:15,16.64,0,"","","",""
RW2,8199,11/1/2023 3:20,16.77,0,"","","",""
RW2,8200,11/1/2023 3:25,16.56,0,"","","",""
RW2,8201,11/1/2023 3:30,15.96,0,"","","",""
RW2,8202,11/1/2023 3:35,16.13,0,"","","",""
RW2,8203,11/1/2023 3:40,16.39,0,"","","",""
RW2,8204,11/1/2023 3:45,16.26,0,"","","",""
RW2,8205,11/1/2023 3:50,15.83,0,"","","",""
RW2,8206,11/1/2023 3:55,14.88,0,"","","",""
RW2,8207,11/1/2023 4:00,14.97,0,"","","",""
RW2,8208,11/1/2023 4:05,14.45,0,"","","",""
RW2,8209,11/1/2023 4:10,13.38,0,"","","",""
RW2,8210,11/1/2023 4:15,13.04,0,"","","",""
RW2,8211,11/1/2023 4:20,12.74,0,"","","",""
RW2,8212,11/1/2023 4:25,13.47,0,"","","",""
RW2,8213,11/1/2023 4:30,14.33,0,"","","",""
RW2,8214,11/1/2023 4:35,14.67,0,"","","",""
RW2,8215,11/1/2023 4:40,12.91,0,"","","",""
RW2,8216,11/1/2023 4:45,12.01,0,"","","",""
RW2,8217,11/1/2023 4:50,11.49,0,"","","",""
RW2,8218,11/1/2023 4:55,11.11,0,"","","",""
RW2,8219,11/1/2023 5:00,10.85,0,"","","",""
RW2,8220,11/1/2023 5:05,13.08,0,"","","",""
RW2,8221,11/1/2023 5:10,12.4,0,"","","",""
RW2,8222,11/1/2023 5:15,14.5,0,"","","",""
RW2,8223,11/1/2023 5:20,12.95,0,"","","",""
RW2,8224,11/1/2023 5:25,13,0,"","","",""
RW2,8225,11/1/2023 5:30,13.85,0,"","","",""
RW2,8226,11/1/2023 5:35,13.64,0,"","","",""
RW2,8227,11/1/2023 5:40,12.65,0,"","","",""
RW2,8228,11/1/2023 5:45,13.64,0,"","","",""
RW2,8229,11/1/2023 5:50,13.21,0,"","","",""
RW2,8230,11/1/2023 5:55,13.77,0,"","","",""
RW2,8231,11/1/2023 6:00,14.03,0,"","","",""
RW2,8232,11/1/2023 6:05,15.14,0,"","","",""
RW2,8233,11/1/2023 6:10,14.97,0,"","","",""
RW2,8234,11/1/2023 6:15,16.04,0,"","","",""
RW2,8235,11/1/2023 6:20,16.04,0,"","","",""
RW2,8236,11/1/2023 6:25,16.08,0,"","","",""
RW2,8237,11/1/2023 6:30,16.3,0,"","","",""
RW2,8238,11/1/2023 6:35,16.34,0,"","","",""
RW2,8239,11/1/2023 6:40,16.34,0,"","","",""
RW2,8240,11/1/2023 6:45,16.39,2.87,"","","",""
RW2,8241,11/1/2023 6:50,16.43,5.31,"","","",""
RW2,8242,11/1/2023 6:55,16.47,0.22,"","","",""
RW2,8243,11/1/2023 7:00,16.51,46.4,"","","",""
RW2,8244,11/1/2023 7:05,16.47,1.1,"","","",""
RW2,8245,11/1/2023 7:10,16.51,43.58,"","","",""
RW2,8246,11/1/2023 7:15,16.51,333.28,"","","",""
RW2,8247,11/1/2023 7:20,16.6,2.87,"","","",""
RW2,8248,11/1/2023 7:25,16.56,88.36,"","","",""
RW2,8249,11/1/2023 7:30,16.6,2.21,"","","",""
RW2,8250,11/1/2023 7:35,16.64,11.65,"","","",""
RW2,8251,11/1/2023 7:40,16.6,1052.16,"","","",""
RW2,8252,11/1/2023 7:45,16.69,23.86,"","","",""
RW2,8253,11/1/2023 7:50,16.6,459.36,"","","",""
RW2,8254,11/1/2023 7:55,16.69,59.14,"","","",""
RW2,8255,11/1/2023 8:00,16.73,486.88,"","","",""
RW2,8256,11/1/2023 8:05,16.69,98,"","","",""
RW2,8257,11/1/2023 8:10,16.69,1485.44,"","","",""
RW2,8258,11/1/2023 8:15,16.73,42.86,"","","",""
RW2,8259,11/1/2023 8:20,16.69,102.76,"","","",""
RW2,8260,11/1/2023 8:25,16.73,3759.36,"","","",""
RW2,8261,11/1/2023 8:30,16.73,532,"","","",""
RW2,8262,11/1/2023 8:35,16.77,22.26,"","","",""
RW2,8263,11/1/2023 8:40,16.77,6.28,"","","",""
RW2,8264,11/1/2023 8:45,16.81,45.02,"","","",""
RW2,8265,11/1/2023 8:50,16.86,8.94,"","","",""
RW2,8266,11/1/2023 8:55,16.86,54.04,"","","",""
RW2,8267,11/1/2023 9:00,16.86,640.48,"","","",""
RW2,8268,11/1/2023 9:05,16.9,6.45,"","","",""
RW2,8269,11/1/2023 9:10,16.94,74.08,"","","",""
RW2,8270,11/1/2023 9:15,16.99,5905.92,"","","",""
RW2,8271,11/1/2023 9:20,16.94,1086.08,"","","",""
RW2,8272,11/1/2023 9:25,16.99,258.24,"","","",""
RW2,8273,11/1/2023 9:30,17.03,6.42,"","","",""
RW2,8274,11/1/2023 9:35,17.03,19.05,"","","",""
RW2,8275,11/1/2023 9:40,17.07,727.68,"","","",""
RW2,8276,11/1/2023 9:45,17.07,57.52,"","","",""
RW2,8277,11/1/2023 9:50,17.03,249.36,"","","",""
RW2,8278,11/1/2023 9:55,17.07,128.56,"","","",""
RW2,8279,11/1/2023 10:00,17.03,13.81,"","","",""
RW2,8280,11/1/2023 10:05,17.07,76.64,"","","",""
RW2,8281,11/1/2023 10:10,17.11,284.16,"","","",""
RW2,8282,11/1/2023 10:15,17.11,185.12,"","","",""
RW2,8283,11/1/2023 10:20,17.11,146.28,"","","",""
RW2,8284,11/1/2023 10:25,17.16,3132.16,"","","",""
RW2,8285,11/1/2023 10:30,17.2,985.28,"","","",""
RW2,8286,11/1/2023 10:35,17.2,248.96,"","","",""
RW2,8287,11/1/2023 10:40,17.24,2381.44,"","","",""
RW2,8288,11/1/2023 10:45,17.29,15.06,"","","",""
RW2,8289,11/1/2023 10:50,17.29,211.28,"","","",""
RW2,8290,11/1/2023 10:55,17.33,581.6,"","","",""
RW2,8291,11/1/2023 11:00,17.33,7600.64,"","","",""
RW2,8292,11/1/2023 11:05,17.41,20.43,"","","",""
RW2,8293,11/1/2023 11:10,17.41,202.88,"","","",""
RW2,8294,11/1/2023 11:15,17.46,16.42,"","","",""
RW2,8295,11/1/2023 11:20,17.46,427.04,"","","",""
RW2,8296,11/1/2023 11:25,17.54,143.52,"","","",""
RW2,8297,11/1/2023 11:30,17.59,4.87,"","","",""
RW2,8298,11/1/2023 11:35,17.54,20.04,"","","",""
RW2,8299,11/1/2023 11:40,17.59,33.83,"","","",""
RW2,8300,11/1/2023 11:45,17.63,126.36,"","","",""
RW2,8301,11/1/2023 11:50,17.59,184.48,"","","",""
RW2,8302,11/1/2023 11:55,17.67,11120.64,"","","",""
RW2,8303,11/1/2023 12:00,17.72,364.16,"","","",""
RW2,8304,11/1/2023 12:05,17.72,15948.8,"","","",""
RW2,8305,11/1/2023 12:10,17.67,979.84,"","","",""
RW2,8306,11/1/2023 12:15,17.72,38.65,"","","",""
RW2,8307,11/1/2023 12:20,17.72,1639.04,"","","",""
RW2,8308,11/1/2023 12:25,17.76,198.24,"","","",""
RW2,8309,11/1/2023 12:30,17.72,442.56,"","","",""
RW2,8310,11/1/2023 12:35,17.76,2076.8,"","","",""
RW2,8311,11/1/2023 12:40,17.76,2224,"","","",""
RW2,8312,11/1/2023 12:45,17.8,4352,"","","",""
RW2,8313,11/1/2023 12:50,17.89,2277.12,"","","",""
RW2,8314,11/1/2023 12:55,17.89,1127.68,"","","",""
RW2,8315,11/1/2023 13:00,17.89,7767.04,"","","",""
RW2,8316,11/1/2023 13:05,17.89,25.41,"","","",""
RW2,8317,11/1/2023 13:10,17.93,100.12,"","","",""
RW2,8318,11/1/2023 13:15,17.89,752,"","","",""
RW2,8319,11/1/2023 13:20,17.89,1843.84,"","","",""
RW2,8320,11/1/2023 13:25,17.89,81.28,"","","",""
RW2,8321,11/1/2023 13:30,18.02,1141.12,"","","",""
RW2,8322,11/1/2023 13:35,17.97,3738.88,"","","",""
RW2,8323,11/1/2023 13:40,18.02,3770.88,"","","",""
RW2,8324,11/1/2023 13:45,18.02,297.2,"","","",""
RW2,8325,11/1/2023 13:50,18.02,30.34,"","","",""
RW2,8326,11/1/2023 13:55,18.1,513.12,"","","",""
RW2,8327,11/1/2023 14:00,18.1,128.24,"","","",""
RW2,8328,11/1/2023 14:05,18.14,5245.44,"","","",""
RW2,8329,11/1/2023 14:10,18.1,5721.6,"","","",""
RW2,8330,11/1/2023 14:15,18.14,2546.56,"","","",""
RW2,8331,11/1/2023 14:20,18.1,399.52,"","","",""
RW2,8332,11/1/2023 14:25,18.19,3688.96,"","","",""
RW2,8333,11/1/2023 14:30,18.19,3264,"","","",""
RW2,8334,11/1/2023 14:35,18.27,2873.6,"","","",""
RW2,8335,11/1/2023 14:40,18.36,1076.48,"","","",""
RW2,8336,11/1/2023 14:45,18.49,867.2,"","","",""
RW2,8337,11/1/2023 14:50,18.53,28006.4,"","","",""
RW2,8338,11/1/2023 14:55,18.7,1492.48,"","","",""
RW2,8339,11/1/2023 15:00,19.05,11397.12,"","","",""
RW2,8340,11/1/2023 15:05,19.05,425.76,"","","",""
RW2,8341,11/1/2023 15:10,19,1102.08,"","","",""
RW2,8342,11/1/2023 15:15,19.22,625.92,"","","",""
RW2,8343,11/1/2023 15:20,19.65,622.88,"","","",""
RW2,8344,11/1/2023 15:25,19.86,608.16,"","","",""
RW2,8448,11/2/2023 0:05,14.07,0,"","","",""
RW2,8449,11/2/2023 0:10,14.71,0,"","","",""
RW2,8450,11/2/2023 0:15,14.03,0,"","","",""
RW2,8451,11/2/2023 0:20,13.47,0,"","","",""
RW2,8452,11/2/2023 0:25,13.6,0,"","","",""
RW2,8453,11/2/2023 0:30,16,0,"","","",""
RW2,8454,11/2/2023 0:35,16.26,0,"","","",""
RW2,8455,11/2/2023 0:40,16.17,0,"","","",""
RW2,8456,11/2/2023 0:45,16.21,0,"","","",""
RW2,8457,11/2/2023 0:50,16.69,0,"","","",""
RW2,8458,11/2/2023 0:55,16.6,0,"","","",""
RW2,8459,11/2/2023 1:00,16.51,0,"","","",""
RW2,8460,11/2/2023 1:05,16.43,0,"","","",""
RW2,8461,11/2/2023 1:10,16.73,0,"","","",""
RW2,8462,11/2/2023 1:15,16.77,0,"","","",""
RW2,8463,11/2/2023 1:20,16.86,0,"","","",""
RW2,8464,11/2/2023 1:25,16.77,0,"","","",""
RW2,8465,11/2/2023 1:30,16.81,0,"","","",""
RW2,8466,11/2/2023 1:35,16.81,0,"","","",""
RW2,8467,11/2/2023 1:40,16.86,0,"","","",""
RW2,8468,11/2/2023 1:45,16.81,0,"","","",""
RW2,8469,11/2/2023 1:50,16.94,0,"","","",""
RW2,8470,11/2/2023 1:55,16.9,0,"","","",""
RW2,8471,11/2/2023 2:00,16.9,0,"","","",""
RW2,8472,11/2/2023 2:05,16.86,0,"","","",""
RW2,8473,11/2/2023 2:10,16.86,0,"","","",""
RW2,8474,11/2/2023 2:15,16.9,0,"","","",""
RW2,8475,11/2/2023 2:20,16.81,0,"","","",""
RW2,8476,11/2/2023 2:25,16.86,0,"","","",""
RW2,8477,11/2/2023 2:30,16.81,0,"","","",""
RW2,8478,11/2/2023 2:35,16.77,0,"","","",""
RW2,8479,11/2/2023 2:40,16.73,0,"","","",""
RW2,8480,11/2/2023 2:45,16.73,0,"","","",""
RW2,8481,11/2/2023 2:50,16.77,0,"","","",""
RW2,8482,11/2/2023 2:55,16.77,0,"","","",""
RW2,8483,11/2/2023 3:00,16.73,0,"","","",""
RW2,8484,11/2/2023 3:05,16.73,0,"","","",""
RW2,8485,11/2/2023 3:10,16.69,0,"","","",""
RW2,8486,11/2/2023 3:15,16.73,0,"","","",""
RW2,8487,11/2/2023 3:20,16.77,0,"","","",""
RW2,8488,11/2/2023 3:25,16.77,0,"","","",""
RW2,8489,11/2/2023 3:30,16.73,0,"","","",""
RW2,8490,11/2/2023 3:35,16.73,0,"","","",""
RW2,8491,11/2/2023 3:40,16.73,0,"","","",""
RW2,8492,11/2/2023 3:45,16.77,0,"","","",""
RW2,8493,11/2/2023 3:50,16.77,0,"","","",""
RW2,8494,11/2/2023 3:55,16.77,0,"","","",""
RW2,8495,11/2/2023 4:00,16.73,0,"","","",""
RW2,8496,11/2/2023 4:05,16.73,0,"","","",""
RW2,8497,11/2/2023 4:10,16.69,0,"","","",""
RW2,8498,11/2/2023 4:15,16.69,0,"","","",""
RW2,8499,11/2/2023 4:20,16.73,0,"","","",""
RW2,8500,11/2/2023 4:25,16.64,0,"","","",""
RW2,8501,11/2/2023 4:30,16.64,0,"","","",""
RW2,8502,11/2/2023 4:35,16.64,0,"","","",""
RW2,8503,11/2/2023 4:40,16.51,0,"","","",""
RW2,8504,11/2/2023 4:45,16.64,0,"","","",""
RW2,8505,11/2/2023 4:50,16.6,0,"","","",""
RW2,8506,11/2/2023 4:55,16.51,0,"","","",""
RW2,8507,11/2/2023 5:00,16.47,0,"","","",""
RW2,8508,11/2/2023 5:05,16.43,0,"","","",""
RW2,8509,11/2/2023 5:10,16.43,0,"","","",""
RW2,8510,11/2/2023 5:15,16.3,0,"","","",""
RW2,8511,11/2/2023 5:20,16.43,0,"","","",""
RW2,8512,11/2/2023 5:25,16.51,0,"","","",""
RW2,8513,11/2/2023 5:30,16.51,0,"","","",""
RW2,8514,11/2/2023 5:35,16.47,0,"","","",""
RW2,8515,11/2/2023 5:40,16.39,0,"","","",""
RW2,8516,11/2/2023 5:45,16.3,0,"","","",""
RW2,8517,11/2/2023 5:50,16.17,0,"","","",""
RW2,8518,11/2/2023 5:55,16.43,0,"","","",""
RW2,8519,11/2/2023 6:00,16.21,0,"","","",""
RW2,8520,11/2/2023 6:05,16.51,0,"","","",""
RW2,8521,11/2/2023 6:10,16.47,0,"","","",""
RW2,8522,11/2/2023 6:15,16.51,0,"","","",""
RW2,8523,11/2/2023 6:20,16.39,0,"","","",""
RW2,8524,11/2/2023 6:25,16.56,0,"","","",""
RW2,8525,11/2/2023 6:30,16.43,0,"","","",""
RW2,8526,11/2/2023 6:35,16.51,0,"","","",""
RW2,8527,11/2/2023 6:40,16.51,0,"","","",""
RW2,8528,11/2/2023 6:45,16.56,0.22,"","","",""
RW2,8529,11/2/2023 6:50,16.51,0.88,"","","",""
RW2,8530,11/2/2023 6:55,16.51,2.43,"","","",""
RW2,8531,11/2/2023 7:00,16.56,16.66,"","","",""
RW2,8532,11/2/2023 7:05,16.51,3.54,"","","",""
RW2,8533,11/2/2023 7:10,16.51,12.68,"","","",""
RW2,8534,11/2/2023 7:15,16.6,110.64,"","","",""
RW2,8535,11/2/2023 7:20,16.56,4.45,"","","",""
RW2,8536,11/2/2023 7:25,16.56,40.37,"","","",""
RW2,8537,11/2/2023 7:30,16.6,11.74,"","","",""
RW2,8538,11/2/2023 7:35,16.64,18.88,"","","",""
RW2,8539,11/2/2023 7:40,16.69,378.88,"","","",""
RW2,8540,11/2/2023 7:45,16.69,339.36,"","","",""
RW2,8541,11/2/2023 7:50,16.64,280.64,"","","",""
RW2,8542,11/2/2023 7:55,16.64,2707.2,"","","",""
RW2,8543,11/2/2023 8:00,16.73,37.27,"","","",""
RW2,8544,11/2/2023 8:05,16.64,9.85,"","","",""
RW2,8545,11/2/2023 8:10,16.73,26.41,"","","",""
RW2,8546,11/2/2023 8:15,16.77,227.92,"","","",""
RW2,8547,11/2/2023 8:20,16.73,580.8,"","","",""
RW2,8548,11/2/2023 8:25,16.86,1075.52,"","","",""
RW2,8549,11/2/2023 8:30,16.86,114.84,"","","",""
RW2,8550,11/2/2023 8:35,16.9,168.56,"","","",""
RW2,8551,11/2/2023 8:40,16.9,31.34,"","","",""
RW2,8552,11/2/2023 8:45,16.9,878.08,"","","",""
RW2,8553,11/2/2023 8:50,16.86,33,"","","",""
RW2,8554,11/2/2023 8:55,16.94,108.2,"","","",""
RW2,8555,11/2/2023 9:00,16.94,3130.88,"","","",""
RW2,8556,11/2/2023 9:05,16.99,8007.68,"","","",""
RW2,8557,11/2/2023 9:10,16.94,10283.52,"","","",""
RW2,8558,11/2/2023 9:15,16.9,16.22,"","","",""
RW2,8559,11/2/2023 9:20,16.94,266.48,"","","",""
RW2,8560,11/2/2023 9:25,16.99,4770.56,"","","",""
RW2,8561,11/2/2023 9:30,17.07,261.12,"","","",""
RW2,8562,11/2/2023 9:35,17.07,231.2,"","","",""
RW2,8563,11/2/2023 9:40,17.11,602.4,"","","",""
RW2,8564,11/2/2023 9:45,17.11,4266.24,"","","",""
RW2,8565,11/2/2023 9:50,17.16,12380.16,"","","",""
RW2,8566,11/2/2023 9:55,17.16,1697.28,"","","",""
RW2,8567,11/2/2023 10:00,17.2,7.14,"","","",""
RW2,8568,11/2/2023 10:05,17.24,51.44,"","","",""
RW2,8569,11/2/2023 10:10,17.24,294.8,"","","",""
RW2,8570,11/2/2023 10:15,17.29,7393.28,"","","",""
RW2,8571,11/2/2023 10:20,17.29,12953.6,"","","",""
RW2,8572,11/2/2023 10:25,17.29,77.96,"","","",""
RW2,8573,11/2/2023 10:30,17.33,4734.72,"","","",""
RW2,8574,11/2/2023 10:35,17.33,30.95,"","","",""
RW2,8575,11/2/2023 10:40,17.33,262.88,"","","",""
RW2,8576,11/2/2023 10:45,17.37,110.96,"","","",""
RW2,8577,11/2/2023 10:50,17.37,19205.12,"","","",""
RW2,8578,11/2/2023 10:55,17.37,178.48,"","","",""
RW2,8579,11/2/2023 11:00,17.41,406.56,"","","",""
RW2,8580,11/2/2023 11:05,17.46,904.64,"","","",""
RW2,8581,11/2/2023 11:10,17.5,47.84,"","","",""
RW2,8582,11/2/2023 11:15,17.5,122.36,"","","",""
RW2,8583,11/2/2023 11:20,17.5,12098.56,"","","",""
RW2,8584,11/2/2023 11:25,17.5,168.08,"","","",""
RW2,8585,11/2/2023 11:30,17.54,1150.08,"","","",""
RW2,8586,11/2/2023 11:35,17.54,26.47,"","","",""
RW2,8587,11/2/2023 11:40,17.54,3837.44,"","","",""
RW2,8588,11/2/2023 11:45,17.59,433.28,"","","",""
RW2,8589,11/2/2023 11:50,17.63,238.96,"","","",""
RW2,8590,11/2/2023 11:55,17.63,5283.84,"","","",""
RW2,8591,11/2/2023 12:00,17.72,65.56,"","","",""
RW2,8592,11/2/2023 12:05,17.67,11.98,"","","",""
RW2,8593,11/2/2023 12:10,17.72,5.12,"","","",""
RW2,8594,11/2/2023 12:15,17.76,55.36,"","","",""
RW2,8595,11/2/2023 12:20,17.84,3.1,"","","",""
RW2,8596,11/2/2023 12:25,17.89,26.08,"","","",""
RW2,8597,11/2/2023 12:30,17.8,5.75,"","","",""
RW2,8598,11/2/2023 12:35,17.84,3306.24,"","","",""
RW2,8599,11/2/2023 12:40,17.89,292.88,"","","",""
RW2,8600,11/2/2023 12:45,17.93,51.28,"","","",""
RW2,8601,11/2/2023 12:50,17.89,143.76,"","","",""
RW2,8602,11/2/2023 12:55,17.89,1496.96,"","","",""
RW2,8603,11/2/2023 13:00,17.97,198,"","","",""
RW2,8604,11/2/2023 13:05,18.02,999.36,"","","",""
RW2,8605,11/2/2023 13:10,18.02,515.68,"","","",""
RW2,8606,11/2/2023 13:15,18.06,13.87,"","","",""
RW2,8607,11/2/2023 13:20,18.1,67.88,"","","",""
RW2,8608,11/2/2023 13:25,18.1,544.8,"","","",""
RW2,8609,11/2/2023 13:30,18.1,119.36,"","","",""
RW2,8610,11/2/2023 13:35,18.19,149.96,"","","",""
RW2,8611,11/2/2023 13:40,18.14,8.52,"","","",""
RW2,8612,11/2/2023 13:45,18.19,37.87,"","","",""
RW2,8613,11/2/2023 13:50,18.27,55.26,"","","",""
RW2,8614,11/2/2023 13:55,18.32,5946.88,"","","",""
RW2,8615,11/2/2023 14:00,18.23,77.3,"","","",""
RW2,8616,11/2/2023 14:05,18.27,109.32,"","","",""
RW2,8617,11/2/2023 14:10,18.23,48.72,"","","",""
RW2,8618,11/2/2023 14:15,18.32,863.04,"","","",""
RW2,8619,11/2/2023 14:20,18.32,3887.36,"","","",""
RW2,8620,11/2/2023 14:25,18.36,102.88,"","","",""
RW2,8621,11/2/2023 14:30,18.36,13.78,"","","",""
RW2,8622,11/2/2023 14:35,18.36,92.04,"","","",""
RW2,8623,11/2/2023 14:40,18.32,176.96,"","","",""
RW2,8624,11/2/2023 14:45,18.36,105,"","","",""
RW2,8625,11/2/2023 14:50,18.4,240.32,"","","",""
RW2,8626,11/2/2023 14:55,18.4,8780.8,"","","",""
RW2,8627,11/2/2023 15:00,18.44,275.28,"","","",""
RW2,8628,11/2/2023 15:05,18.49,44.12,"","","",""
RW2,8629,11/2/2023 15:10,18.49,485.44,"","","",""
RW2,8630,11/2/2023 15:15,18.53,32.72,"","","",""
RW2,8631,11/2/2023 15:20,18.57,6679.04,"","","",""
RW2,8632,11/2/2023 15:25,18.7,9866.24,"","","",""
RW2,8633,11/2/2023 15:30,18.74,11709.44,"","","",""
RW2,8634,11/2/2023 15:35,18.74,276.64,"","","",""
RW2,8635,11/2/2023 15:40,18.79,5544.96,"","","",""
RW2,8636,11/2/2023 15:45,19.35,5670.4,"","","",""
RW2,8637,11/2/2023 15:50,18.92,4061.44,"","","",""
RW2,8638,11/2/2023 15:55,18.66,1764.48,"","","",""
RW2,8639,11/2/2023 16:00,18.06,1597.44,"","","",""
RW2,8640,11/2/2023 16:05,17.63,1433.6,"","","",""
RW2,8641,11/2/2023 16:10,16.6,1579.52,"","","",""
RW2,8642,11/2/2023 16:15,16.47,1756.16,"","","",""
RW2,8643,11/2/2023 16:20,15.87,1802.24,"","","",""
