Plot,#,Date-Time (PDT),Ch:1 - Temperature   (°C),Ch:2 - Light   (lux),Button Down,Button Up,Host Connected,End of File
RW3,1,10/3/2023 16:40,23.81,67481.6,"","","",""
RW3,2,10/3/2023 16:45,20.76,214,"","","",""
RW3,3,10/3/2023 16:50,19.69,544.32,"","","",""
RW3,4,10/3/2023 16:55,19.3,571.2,"","","",""
RW3,5,10/3/2023 17:00,19.3,774.72,"","","",""
RW3,6,10/3/2023 17:05,19.13,538.24,"","","",""
RW3,66,10/3/2023 22:05,15.87,0,"","","",""
RW3,67,10/3/2023 22:10,15.96,0,"","","",""
RW3,68,10/3/2023 22:15,16,0,"","","",""
RW3,69,10/3/2023 22:20,16,0,"","","",""
RW3,70,10/3/2023 22:25,16.6,0,"","","",""
RW3,71,10/3/2023 22:30,17.16,0,"","","",""
RW3,72,10/3/2023 22:35,17.5,0,"","","",""
RW3,73,10/3/2023 22:40,17.76,0,"","","",""
RW3,74,10/3/2023 22:45,17.8,0,"","","",""
RW3,75,10/3/2023 22:50,17.97,0,"","","",""
RW3,76,10/3/2023 22:55,18.02,0,"","","",""
RW3,77,10/3/2023 23:00,18.06,0,"","","",""
RW3,78,10/3/2023 23:05,18.1,0,"","","",""
RW3,79,10/3/2023 23:10,18.1,0,"","","",""
RW3,80,10/3/2023 23:15,18.06,0,"","","",""
RW3,81,10/3/2023 23:20,18.06,0,"","","",""
RW3,82,10/3/2023 23:25,18.1,0,"","","",""
RW3,83,10/3/2023 23:30,18.06,0,"","","",""
RW3,84,10/3/2023 23:35,18.06,0,"","","",""
RW3,85,10/3/2023 23:40,18.06,0,"","","",""
RW3,86,10/3/2023 23:45,18.02,0,"","","",""
RW3,87,10/3/2023 23:50,18.02,0,"","","",""
RW3,88,10/3/2023 23:55,18.06,0,"","","",""
RW3,89,10/4/2023 0:00,18.02,0,"","","",""
RW3,90,10/4/2023 0:05,18.02,0,"","","",""
RW3,91,10/4/2023 0:10,18.06,0,"","","",""
RW3,92,10/4/2023 0:15,18.02,0,"","","",""
RW3,93,10/4/2023 0:20,17.97,0,"","","",""
RW3,94,10/4/2023 0:25,17.97,0,"","","",""
RW3,95,10/4/2023 0:30,17.97,0,"","","",""
RW3,96,10/4/2023 0:35,17.93,0,"","","",""
RW3,97,10/4/2023 0:40,17.93,0,"","","",""
RW3,98,10/4/2023 0:45,17.93,0,"","","",""
RW3,99,10/4/2023 0:50,17.84,0,"","","",""
RW3,100,10/4/2023 0:55,17.84,0,"","","",""
RW3,101,10/4/2023 1:00,17.8,0,"","","",""
RW3,102,10/4/2023 1:05,17.8,0,"","","",""
RW3,103,10/4/2023 1:10,17.8,0,"","","",""
RW3,104,10/4/2023 1:15,17.76,0,"","","",""
RW3,105,10/4/2023 1:20,17.76,0,"","","",""
RW3,106,10/4/2023 1:25,17.76,0,"","","",""
RW3,107,10/4/2023 1:30,17.76,0,"","","",""
RW3,108,10/4/2023 1:35,17.67,0,"","","",""
RW3,109,10/4/2023 1:40,17.67,0,"","","",""
RW3,110,10/4/2023 1:45,17.63,0,"","","",""
RW3,111,10/4/2023 1:50,17.59,0,"","","",""
RW3,112,10/4/2023 1:55,17.59,0,"","","",""
RW3,113,10/4/2023 2:00,17.54,0,"","","",""
RW3,114,10/4/2023 2:05,17.54,0,"","","",""
RW3,115,10/4/2023 2:10,17.54,0,"","","",""
RW3,116,10/4/2023 2:15,17.46,0,"","","",""
RW3,117,10/4/2023 2:20,17.5,0,"","","",""
RW3,118,10/4/2023 2:25,17.41,0,"","","",""
RW3,119,10/4/2023 2:30,17.5,0,"","","",""
RW3,120,10/4/2023 2:35,17.46,0,"","","",""
RW3,121,10/4/2023 2:40,17.46,0,"","","",""
RW3,122,10/4/2023 2:45,17.37,0,"","","",""
RW3,123,10/4/2023 2:50,17.37,0,"","","",""
RW3,124,10/4/2023 2:55,17.37,0,"","","",""
RW3,125,10/4/2023 3:00,17.41,0,"","","",""
RW3,126,10/4/2023 3:05,17.41,0,"","","",""
RW3,127,10/4/2023 3:10,17.41,0,"","","",""
RW3,128,10/4/2023 3:15,17.37,0,"","","",""
RW3,129,10/4/2023 3:20,17.37,0,"","","",""
RW3,130,10/4/2023 3:25,17.37,0,"","","",""
RW3,131,10/4/2023 3:30,17.33,0,"","","",""
RW3,132,10/4/2023 3:35,17.33,0,"","","",""
RW3,133,10/4/2023 3:40,17.33,0,"","","",""
RW3,134,10/4/2023 3:45,17.37,0,"","","",""
RW3,135,10/4/2023 3:50,17.37,0,"","","",""
RW3,136,10/4/2023 3:55,17.33,0,"","","",""
RW3,137,10/4/2023 4:00,17.33,0,"","","",""
RW3,138,10/4/2023 4:05,17.33,0,"","","",""
RW3,139,10/4/2023 4:10,17.33,0,"","","",""
RW3,140,10/4/2023 4:15,17.29,0,"","","",""
RW3,141,10/4/2023 4:20,17.29,0,"","","",""
RW3,142,10/4/2023 4:25,17.29,0,"","","",""
RW3,143,10/4/2023 4:30,17.33,0,"","","",""
RW3,144,10/4/2023 4:35,17.29,0,"","","",""
RW3,145,10/4/2023 4:40,17.29,0,"","","",""
RW3,146,10/4/2023 4:45,17.29,0,"","","",""
RW3,147,10/4/2023 4:50,17.24,0,"","","",""
RW3,148,10/4/2023 4:55,17.29,0,"","","",""
RW3,149,10/4/2023 5:00,17.2,0,"","","",""
RW3,150,10/4/2023 5:05,17.24,0,"","","",""
RW3,151,10/4/2023 5:10,17.24,0,"","","",""
RW3,152,10/4/2023 5:15,17.2,0,"","","",""
RW3,153,10/4/2023 5:20,17.16,0,"","","",""
RW3,154,10/4/2023 5:25,17.2,0,"","","",""
RW3,155,10/4/2023 5:30,17.2,0,"","","",""
RW3,156,10/4/2023 5:35,17.16,0,"","","",""
RW3,157,10/4/2023 5:40,17.16,0,"","","",""
RW3,158,10/4/2023 5:45,17.16,0,"","","",""
RW3,159,10/4/2023 5:50,17.2,0,"","","",""
RW3,160,10/4/2023 5:55,17.11,0,"","","",""
RW3,161,10/4/2023 6:00,17.07,0,"","","",""
RW3,162,10/4/2023 6:05,17.07,0,"","","",""
RW3,163,10/4/2023 6:10,17.16,0,"","","",""
RW3,164,10/4/2023 6:15,17.11,0,"","","",""
RW3,165,10/4/2023 6:20,17.11,0,"","","",""
RW3,166,10/4/2023 6:25,17.07,0.21,"","","",""
RW3,167,10/4/2023 6:30,17.11,0,"","","",""
RW3,168,10/4/2023 6:35,17.11,0,"","","",""
RW3,169,10/4/2023 6:40,17.11,1.3,"","","",""
RW3,170,10/4/2023 6:45,17.11,89.84,"","","",""
RW3,171,10/4/2023 6:50,17.11,12.18,"","","",""
RW3,172,10/4/2023 6:55,17.07,217.2,"","","",""
RW3,173,10/4/2023 7:00,17.07,338.56,"","","",""
RW3,174,10/4/2023 7:05,17.07,48.44,"","","",""
RW3,175,10/4/2023 7:10,17.07,19.26,"","","",""
RW3,176,10/4/2023 7:15,17.07,615.04,"","","",""
RW3,177,10/4/2023 7:20,17.11,195.76,"","","",""
RW3,178,10/4/2023 7:25,17.11,31.9,"","","",""
RW3,179,10/4/2023 7:30,17.11,207.28,"","","",""
RW3,180,10/4/2023 7:35,17.11,610.24,"","","",""
RW3,181,10/4/2023 7:40,17.16,222.88,"","","",""
RW3,182,10/4/2023 7:45,17.11,1429.76,"","","",""
RW3,183,10/4/2023 7:50,17.16,64.3,"","","",""
RW3,184,10/4/2023 7:55,17.16,738.24,"","","",""
RW3,185,10/4/2023 8:00,17.16,3526.4,"","","",""
RW3,186,10/4/2023 8:05,17.2,58.32,"","","",""
RW3,187,10/4/2023 8:10,17.2,2088.32,"","","",""
RW3,188,10/4/2023 8:15,17.24,4480,"","","",""
RW3,189,10/4/2023 8:20,17.29,47.96,"","","",""
RW3,190,10/4/2023 8:25,17.24,1617.92,"","","",""
RW3,191,10/4/2023 8:30,17.29,2855.68,"","","",""
RW3,192,10/4/2023 8:35,17.33,3920.64,"","","",""
RW3,193,10/4/2023 8:40,17.37,2133.76,"","","",""
RW3,194,10/4/2023 8:45,17.29,62.32,"","","",""
RW3,195,10/4/2023 8:50,17.33,5952,"","","",""
RW3,196,10/4/2023 8:55,17.37,2289.92,"","","",""
RW3,197,10/4/2023 9:00,17.37,779.52,"","","",""
RW3,198,10/4/2023 9:05,17.46,3596.8,"","","",""
RW3,199,10/4/2023 9:10,17.46,210.08,"","","",""
RW3,200,10/4/2023 9:15,17.5,945.28,"","","",""
RW3,201,10/4/2023 9:20,17.63,3475.2,"","","",""
RW3,202,10/4/2023 9:25,17.54,2748.16,"","","",""
RW3,203,10/4/2023 9:30,17.59,5021.44,"","","",""
RW3,204,10/4/2023 9:35,17.67,4042.24,"","","",""
RW3,205,10/4/2023 9:40,17.67,214.88,"","","",""
RW3,206,10/4/2023 9:45,17.72,3196.16,"","","",""
RW3,207,10/4/2023 9:50,17.76,754.24,"","","",""
RW3,208,10/4/2023 9:55,17.76,13.29,"","","",""
RW3,209,10/4/2023 10:00,17.84,365.28,"","","",""
RW3,210,10/4/2023 10:05,17.8,2912,"","","",""
RW3,211,10/4/2023 10:10,17.8,12866.56,"","","",""
RW3,212,10/4/2023 10:15,17.76,5826.56,"","","",""
RW3,213,10/4/2023 10:20,17.8,14.67,"","","",""
RW3,214,10/4/2023 10:25,17.84,168.4,"","","",""
RW3,215,10/4/2023 10:30,17.89,55.82,"","","",""
RW3,216,10/4/2023 10:35,17.93,574.72,"","","",""
RW3,217,10/4/2023 10:40,17.93,49.86,"","","",""
RW3,218,10/4/2023 10:45,17.97,155.6,"","","",""
RW3,219,10/4/2023 10:50,18.02,8.68,"","","",""
RW3,220,10/4/2023 10:55,17.97,10859.52,"","","",""
RW3,221,10/4/2023 11:00,18.06,215.68,"","","",""
RW3,222,10/4/2023 11:05,18.1,5422.08,"","","",""
RW3,223,10/4/2023 11:10,18.06,111.76,"","","",""
RW3,224,10/4/2023 11:15,18.06,1653.76,"","","",""
RW3,225,10/4/2023 11:20,18.14,1227.52,"","","",""
RW3,226,10/4/2023 11:25,18.19,61.9,"","","",""
RW3,227,10/4/2023 11:30,18.23,1127.68,"","","",""
RW3,228,10/4/2023 11:35,18.19,20.45,"","","",""
RW3,229,10/4/2023 11:40,18.19,2654.72,"","","",""
RW3,230,10/4/2023 11:45,18.27,1315.84,"","","",""
RW3,231,10/4/2023 11:50,18.27,6423.04,"","","",""
RW3,232,10/4/2023 11:55,18.23,64.5,"","","",""
RW3,233,10/4/2023 12:00,18.32,20.45,"","","",""
RW3,234,10/4/2023 12:05,18.32,26.56,"","","",""
RW3,235,10/4/2023 12:10,18.44,4437.76,"","","",""
RW3,236,10/4/2023 12:15,18.4,1232.64,"","","",""
RW3,237,10/4/2023 12:20,18.44,3916.8,"","","",""
RW3,238,10/4/2023 12:25,18.44,17.2,"","","",""
RW3,239,10/4/2023 12:30,18.44,4983.04,"","","",""
RW3,240,10/4/2023 12:35,18.49,15.7,"","","",""
RW3,241,10/4/2023 12:40,18.53,6520.32,"","","",""
RW3,242,10/4/2023 12:45,18.57,4413.44,"","","",""
RW3,243,10/4/2023 12:50,18.57,75.1,"","","",""
RW3,244,10/4/2023 12:55,18.66,8721.92,"","","",""
RW3,245,10/4/2023 13:00,18.66,961.92,"","","",""
RW3,246,10/4/2023 13:05,18.62,2832.64,"","","",""
RW3,247,10/4/2023 13:10,18.74,203.12,"","","",""
RW3,248,10/4/2023 13:15,18.66,7500.8,"","","",""
RW3,249,10/4/2023 13:20,18.74,23.93,"","","",""
RW3,250,10/4/2023 13:25,18.7,189.68,"","","",""
RW3,251,10/4/2023 13:30,18.79,1263.04,"","","",""
RW3,252,10/4/2023 13:35,18.74,8680.96,"","","",""
RW3,253,10/4/2023 13:40,18.74,4576,"","","",""
RW3,254,10/4/2023 13:45,18.79,647.2,"","","",""
RW3,255,10/4/2023 13:50,18.79,4024.32,"","","",""
RW3,256,10/4/2023 13:55,18.79,243.28,"","","",""
RW3,257,10/4/2023 14:00,18.79,33.58,"","","",""
RW3,258,10/4/2023 14:05,18.87,260.88,"","","",""
RW3,259,10/4/2023 14:10,18.96,3614.72,"","","",""
RW3,260,10/4/2023 14:15,18.96,1283.2,"","","",""
RW3,261,10/4/2023 14:20,18.96,515.68,"","","",""
RW3,262,10/4/2023 14:25,19,3109.12,"","","",""
RW3,263,10/4/2023 14:30,19,20.07,"","","",""
RW3,264,10/4/2023 14:35,18.92,364.16,"","","",""
RW3,265,10/4/2023 14:40,19,156.24,"","","",""
RW3,266,10/4/2023 14:45,18.96,810.88,"","","",""
RW3,267,10/4/2023 14:50,19.09,2376.96,"","","",""
RW3,268,10/4/2023 14:55,19.05,10.66,"","","",""
RW3,269,10/4/2023 15:00,19.09,257.2,"","","",""
RW3,270,10/4/2023 15:05,19.17,42.26,"","","",""
RW3,271,10/4/2023 15:10,19.13,984.32,"","","",""
RW3,272,10/4/2023 15:15,19.13,1488,"","","",""
RW3,273,10/4/2023 15:20,19.09,467.84,"","","",""
RW3,274,10/4/2023 15:25,19.13,2234.24,"","","",""
RW3,275,10/4/2023 15:30,19.09,2990.08,"","","",""
RW3,276,10/4/2023 15:35,19.13,1296,"","","",""
RW3,277,10/4/2023 15:40,19.17,600.32,"","","",""
RW3,278,10/4/2023 15:45,19.13,2856.96,"","","",""
RW3,279,10/4/2023 15:50,19.09,1283.84,"","","",""
RW3,280,10/4/2023 15:55,19.13,2167.04,"","","",""
RW3,281,10/4/2023 16:00,19.05,1703.04,"","","",""
RW3,282,10/4/2023 16:05,19.13,7457.28,"","","",""
RW3,283,10/4/2023 16:10,19.13,2102.4,"","","",""
RW3,284,10/4/2023 16:15,19.09,1664.64,"","","",""
RW3,285,10/4/2023 16:20,19.09,731.2,"","","",""
RW3,286,10/4/2023 16:25,19.09,372,"","","",""
RW3,287,10/4/2023 16:30,19.17,203.52,"","","",""
RW3,288,10/4/2023 16:35,19.17,1086.08,"","","",""
RW3,289,10/4/2023 16:40,19.13,460,"","","",""
RW3,290,10/4/2023 16:45,19.26,386.56,"","","",""
RW3,291,10/4/2023 16:50,19.22,49.1,"","","",""
RW3,292,10/4/2023 16:55,19.26,3496.96,"","","",""
RW3,293,10/4/2023 17:00,19.22,6382.08,"","","",""
RW3,294,10/4/2023 17:05,19.22,160.8,"","","",""
RW3,295,10/4/2023 17:10,19.22,241.12,"","","",""
RW3,296,10/4/2023 17:15,19.17,110.48,"","","",""
RW3,297,10/4/2023 17:20,19.17,186.16,"","","",""
RW3,298,10/4/2023 17:25,19.13,72.06,"","","",""
RW3,299,10/4/2023 17:30,19.13,1628.8,"","","",""
RW3,300,10/4/2023 17:35,19.05,87.84,"","","",""
RW3,301,10/4/2023 17:40,18.96,1581.44,"","","",""
RW3,302,10/4/2023 17:45,18.92,120.76,"","","",""
RW3,303,10/4/2023 17:50,18.87,75.1,"","","",""
RW3,304,10/4/2023 17:55,18.83,130.2,"","","",""
RW3,305,10/4/2023 18:00,18.74,28.1,"","","",""
RW3,306,10/4/2023 18:05,18.7,39.82,"","","",""
RW3,307,10/4/2023 18:10,18.44,91.04,"","","",""
RW3,308,10/4/2023 18:15,18.44,65.26,"","","",""
RW3,309,10/4/2023 18:20,18.1,52.96,"","","",""
RW3,310,10/4/2023 18:25,18.06,30.22,"","","",""
RW3,311,10/4/2023 18:30,17.8,19.26,"","","",""
RW3,312,10/4/2023 18:35,17.63,11.61,"","","",""
RW3,376,10/4/2023 23:55,15.61,0,"","","",""
RW3,377,10/5/2023 0:00,15.66,0,"","","",""
RW3,378,10/5/2023 0:05,16.04,0,"","","",""
RW3,379,10/5/2023 0:10,16.17,0,"","","",""
RW3,380,10/5/2023 0:15,16.86,0,"","","",""
RW3,381,10/5/2023 0:20,17.37,0,"","","",""
RW3,382,10/5/2023 0:25,17.41,0,"","","",""
RW3,383,10/5/2023 0:30,17.46,0,"","","",""
RW3,384,10/5/2023 0:35,17.5,0,"","","",""
RW3,385,10/5/2023 0:40,17.5,0,"","","",""
RW3,386,10/5/2023 0:45,17.5,0,"","","",""
RW3,387,10/5/2023 0:50,17.54,0,"","","",""
RW3,388,10/5/2023 0:55,17.46,0,"","","",""
RW3,389,10/5/2023 1:00,17.54,0,"","","",""
RW3,390,10/5/2023 1:05,17.54,0,"","","",""
RW3,391,10/5/2023 1:10,17.54,0,"","","",""
RW3,392,10/5/2023 1:15,17.59,0,"","","",""
RW3,393,10/5/2023 1:20,17.63,0,"","","",""
RW3,394,10/5/2023 1:25,17.59,0,"","","",""
RW3,395,10/5/2023 1:30,17.59,0,"","","",""
RW3,396,10/5/2023 1:35,17.59,0,"","","",""
RW3,397,10/5/2023 1:40,17.59,0,"","","",""
RW3,398,10/5/2023 1:45,17.59,0,"","","",""
RW3,399,10/5/2023 1:50,17.54,0,"","","",""
RW3,400,10/5/2023 1:55,17.59,0,"","","",""
RW3,401,10/5/2023 2:00,17.54,0,"","","",""
RW3,402,10/5/2023 2:05,17.54,0,"","","",""
RW3,403,10/5/2023 2:10,17.59,0,"","","",""
RW3,404,10/5/2023 2:15,17.54,0,"","","",""
RW3,405,10/5/2023 2:20,17.54,0,"","","",""
RW3,406,10/5/2023 2:25,17.5,0,"","","",""
RW3,407,10/5/2023 2:30,17.5,0,"","","",""
RW3,408,10/5/2023 2:35,17.54,0,"","","",""
RW3,409,10/5/2023 2:40,17.5,0,"","","",""
RW3,410,10/5/2023 2:45,17.5,0,"","","",""
RW3,411,10/5/2023 2:50,17.5,0,"","","",""
RW3,412,10/5/2023 2:55,17.41,0,"","","",""
RW3,413,10/5/2023 3:00,17.46,0,"","","",""
RW3,414,10/5/2023 3:05,17.46,0,"","","",""
RW3,415,10/5/2023 3:10,17.41,0,"","","",""
RW3,416,10/5/2023 3:15,17.41,0,"","","",""
RW3,417,10/5/2023 3:20,17.41,0,"","","",""
RW3,418,10/5/2023 3:25,17.37,0,"","","",""
RW3,419,10/5/2023 3:30,17.37,0,"","","",""
RW3,420,10/5/2023 3:35,17.33,0,"","","",""
RW3,421,10/5/2023 3:40,17.33,0,"","","",""
RW3,422,10/5/2023 3:45,17.33,0,"","","",""
RW3,423,10/5/2023 3:50,17.24,0,"","","",""
RW3,424,10/5/2023 3:55,17.24,0,"","","",""
RW3,425,10/5/2023 4:00,17.2,0,"","","",""
RW3,426,10/5/2023 4:05,17.24,0,"","","",""
RW3,427,10/5/2023 4:10,17.16,0,"","","",""
RW3,428,10/5/2023 4:15,17.2,0,"","","",""
RW3,429,10/5/2023 4:20,17.2,0,"","","",""
RW3,430,10/5/2023 4:25,17.16,0,"","","",""
RW3,431,10/5/2023 4:30,17.2,0,"","","",""
RW3,432,10/5/2023 4:35,17.16,0,"","","",""
RW3,433,10/5/2023 4:40,17.16,0,"","","",""
RW3,434,10/5/2023 4:45,17.16,0,"","","",""
RW3,435,10/5/2023 4:50,17.11,0,"","","",""
RW3,436,10/5/2023 4:55,17.11,0,"","","",""
RW3,437,10/5/2023 5:00,17.11,0,"","","",""
RW3,438,10/5/2023 5:05,17.11,0,"","","",""
RW3,439,10/5/2023 5:10,17.11,0,"","","",""
RW3,440,10/5/2023 5:15,17.11,0,"","","",""
RW3,441,10/5/2023 5:20,17.07,0,"","","",""
RW3,442,10/5/2023 5:25,17.07,0,"","","",""
RW3,443,10/5/2023 5:30,17.11,0,"","","",""
RW3,444,10/5/2023 5:35,17.07,0,"","","",""
RW3,445,10/5/2023 5:40,17.07,0,"","","",""
RW3,446,10/5/2023 5:45,17.07,0,"","","",""
RW3,447,10/5/2023 5:50,17.11,0,"","","",""
RW3,448,10/5/2023 5:55,17.07,0,"","","",""
RW3,449,10/5/2023 6:00,17.07,0,"","","",""
RW3,450,10/5/2023 6:05,17.07,0,"","","",""
RW3,451,10/5/2023 6:10,17.11,0,"","","",""
RW3,452,10/5/2023 6:15,17.11,0,"","","",""
RW3,453,10/5/2023 6:20,17.07,0,"","","",""
RW3,454,10/5/2023 6:25,17.11,0,"","","",""
RW3,455,10/5/2023 6:30,17.11,0,"","","",""
RW3,456,10/5/2023 6:35,17.07,0.65,"","","",""
RW3,457,10/5/2023 6:40,17.07,0.65,"","","",""
RW3,458,10/5/2023 6:45,17.03,28.7,"","","",""
RW3,459,10/5/2023 6:50,17.07,4.34,"","","",""
RW3,460,10/5/2023 6:55,17.07,31.79,"","","",""
RW3,461,10/5/2023 7:00,17.07,5.2,"","","",""
RW3,462,10/5/2023 7:05,17.07,506.88,"","","",""
RW3,463,10/5/2023 7:10,17.11,29.89,"","","",""
RW3,464,10/5/2023 7:15,17.11,24.09,"","","",""
RW3,465,10/5/2023 7:20,17.16,1333.12,"","","",""
RW3,466,10/5/2023 7:25,17.16,74.34,"","","",""
RW3,467,10/5/2023 7:30,17.16,341.12,"","","",""
RW3,468,10/5/2023 7:35,17.16,453.12,"","","",""
RW3,469,10/5/2023 7:40,17.11,1704.96,"","","",""
RW3,470,10/5/2023 7:45,17.11,731.84,"","","",""
RW3,471,10/5/2023 7:50,17.2,94.52,"","","",""
RW3,472,10/5/2023 7:55,17.2,1818.88,"","","",""
RW3,473,10/5/2023 8:00,17.24,1936,"","","",""
RW3,474,10/5/2023 8:05,17.24,295.6,"","","",""
RW3,475,10/5/2023 8:10,17.29,2554.24,"","","",""
RW3,476,10/5/2023 8:15,17.33,1304.64,"","","",""
RW3,477,10/5/2023 8:20,17.29,4180.48,"","","",""
RW3,478,10/5/2023 8:25,17.33,3168,"","","",""
RW3,479,10/5/2023 8:30,17.33,470.88,"","","",""
RW3,480,10/5/2023 8:35,17.37,187.84,"","","",""
RW3,481,10/5/2023 8:40,17.37,2947.84,"","","",""
RW3,482,10/5/2023 8:45,17.41,238.32,"","","",""
RW3,483,10/5/2023 8:50,17.46,2832.64,"","","",""
RW3,484,10/5/2023 8:55,17.5,3969.28,"","","",""
RW3,485,10/5/2023 9:00,17.54,1338.24,"","","",""
RW3,486,10/5/2023 9:05,17.54,8806.4,"","","",""
RW3,487,10/5/2023 9:10,17.63,3932.16,"","","",""
RW3,488,10/5/2023 9:15,17.59,6318.08,"","","",""
RW3,489,10/5/2023 9:20,17.63,7252.48,"","","",""
RW3,490,10/5/2023 9:25,17.8,13091.84,"","","",""
RW3,491,10/5/2023 9:30,17.72,6325.76,"","","",""
RW3,492,10/5/2023 9:35,17.8,2830.08,"","","",""
RW3,493,10/5/2023 9:40,17.84,5149.44,"","","",""
RW3,494,10/5/2023 9:45,17.84,1081.6,"","","",""
RW3,495,10/5/2023 9:50,17.84,800,"","","",""
RW3,496,10/5/2023 9:55,17.84,15109.12,"","","",""
RW3,497,10/5/2023 10:00,17.93,5411.84,"","","",""
RW3,498,10/5/2023 10:05,17.93,5496.32,"","","",""
RW3,499,10/5/2023 10:10,17.97,15037.44,"","","",""
RW3,500,10/5/2023 10:15,18.06,2935.04,"","","",""
RW3,501,10/5/2023 10:20,17.97,1239.68,"","","",""
RW3,502,10/5/2023 10:25,18.02,1250.88,"","","",""
RW3,503,10/5/2023 10:30,18.14,21841.92,"","","",""
RW3,504,10/5/2023 10:35,18.14,24975.36,"","","",""
RW3,505,10/5/2023 10:40,18.06,2291.84,"","","",""
RW3,506,10/5/2023 10:45,18.06,1284.8,"","","",""
RW3,507,10/5/2023 10:50,18.1,1797.12,"","","",""
RW3,508,10/5/2023 10:55,18.19,1970.56,"","","",""
RW3,509,10/5/2023 11:00,18.23,226.56,"","","",""
RW3,510,10/5/2023 11:05,18.1,455.68,"","","",""
RW3,511,10/5/2023 11:10,18.19,488.32,"","","",""
RW3,512,10/5/2023 11:15,18.19,471.36,"","","",""
RW3,513,10/5/2023 11:20,18.19,5834.24,"","","",""
RW3,514,10/5/2023 11:25,18.27,55.28,"","","",""
RW3,515,10/5/2023 11:30,18.27,6415.36,"","","",""
RW3,516,10/5/2023 11:35,18.23,176.88,"","","",""
RW3,517,10/5/2023 11:40,18.32,14776.32,"","","",""
RW3,518,10/5/2023 11:45,18.4,24043.52,"","","",""
RW3,519,10/5/2023 11:50,18.4,3947.52,"","","",""
RW3,520,10/5/2023 11:55,18.53,400.96,"","","",""
RW3,521,10/5/2023 12:00,18.53,9292.8,"","","",""
RW3,522,10/5/2023 12:05,18.49,22138.88,"","","",""
RW3,523,10/5/2023 12:10,18.53,388.48,"","","",""
RW3,524,10/5/2023 12:15,18.49,2967.04,"","","",""
RW3,525,10/5/2023 12:20,18.57,2592,"","","",""
RW3,526,10/5/2023 12:25,18.62,14960.64,"","","",""
RW3,527,10/5/2023 12:30,18.57,5194.24,"","","",""
RW3,528,10/5/2023 12:35,18.62,278.24,"","","",""
RW3,529,10/5/2023 12:40,18.57,1227.52,"","","",""
RW3,530,10/5/2023 12:45,18.66,666.56,"","","",""
RW3,531,10/5/2023 12:50,18.62,756.48,"","","",""
RW3,532,10/5/2023 12:55,18.74,991.36,"","","",""
RW3,533,10/5/2023 13:00,18.79,92.12,"","","",""
RW3,534,10/5/2023 13:05,18.74,4236.8,"","","",""
RW3,535,10/5/2023 13:10,18.83,657.92,"","","",""
RW3,536,10/5/2023 13:15,18.83,188.16,"","","",""
RW3,537,10/5/2023 13:20,18.87,7375.36,"","","",""
RW3,538,10/5/2023 13:25,18.87,405.76,"","","",""
RW3,539,10/5/2023 13:30,18.87,2335.36,"","","",""
RW3,540,10/5/2023 13:35,18.87,385.92,"","","",""
RW3,541,10/5/2023 13:40,18.96,10644.48,"","","",""
RW3,542,10/5/2023 13:45,19,3613.44,"","","",""
RW3,543,10/5/2023 13:50,19.05,296,"","","",""
RW3,544,10/5/2023 13:55,19.05,1036.48,"","","",""
RW3,545,10/5/2023 14:00,19.17,2913.28,"","","",""
RW3,546,10/5/2023 14:05,19.13,4072.96,"","","",""
RW3,547,10/5/2023 14:10,19.13,20.86,"","","",""
RW3,548,10/5/2023 14:15,19.17,962.56,"","","",""
RW3,549,10/5/2023 14:20,19.17,86.92,"","","",""
RW3,550,10/5/2023 14:25,19.22,10624,"","","",""
RW3,551,10/5/2023 14:30,19.22,339.36,"","","",""
RW3,552,10/5/2023 14:35,19.22,981.76,"","","",""
RW3,553,10/5/2023 14:40,19.3,1564.8,"","","",""
RW3,554,10/5/2023 14:45,19.26,2285.44,"","","",""
RW3,555,10/5/2023 14:50,19.26,52.7,"","","",""
RW3,556,10/5/2023 14:55,19.22,13936.64,"","","",""
RW3,557,10/5/2023 15:00,19.22,821.12,"","","",""
RW3,558,10/5/2023 15:05,19.35,494.88,"","","",""
RW3,559,10/5/2023 15:10,19.43,928,"","","",""
RW3,560,10/5/2023 15:15,19.39,5624.32,"","","",""
RW3,561,10/5/2023 15:20,19.39,497.44,"","","",""
RW3,562,10/5/2023 15:25,19.39,27.83,"","","",""
RW3,563,10/5/2023 15:30,19.43,1262.08,"","","",""
RW3,564,10/5/2023 15:35,19.35,210.96,"","","",""
RW3,565,10/5/2023 15:40,19.39,1009.6,"","","",""
RW3,566,10/5/2023 15:45,19.35,213.12,"","","",""
RW3,567,10/5/2023 15:50,19.39,139.44,"","","",""
RW3,568,10/5/2023 15:55,19.39,530.4,"","","",""
RW3,569,10/5/2023 16:00,19.43,11064.32,"","","",""
RW3,570,10/5/2023 16:05,19.39,171.76,"","","",""
RW3,571,10/5/2023 16:10,19.43,203.12,"","","",""
RW3,572,10/5/2023 16:15,19.43,29.87,"","","",""
RW3,573,10/5/2023 16:20,19.47,205.92,"","","",""
RW3,574,10/5/2023 16:25,19.47,21.51,"","","",""
RW3,575,10/5/2023 16:30,19.56,7.81,"","","",""
RW3,576,10/5/2023 16:35,19.43,808,"","","",""
RW3,577,10/5/2023 16:40,19.47,523.04,"","","",""
RW3,578,10/5/2023 16:45,19.39,2675.2,"","","",""
RW3,579,10/5/2023 16:50,19.47,123.36,"","","",""
RW3,580,10/5/2023 16:55,19.52,853.44,"","","",""
RW3,581,10/5/2023 17:00,19.47,1349.12,"","","",""
RW3,582,10/5/2023 17:05,19.39,196.64,"","","",""
RW3,583,10/5/2023 17:10,19.43,124.24,"","","",""
RW3,584,10/5/2023 17:15,19.43,592,"","","",""
RW3,585,10/5/2023 17:20,19.47,2286.72,"","","",""
RW3,586,10/5/2023 17:25,19.43,85.6,"","","",""
RW3,587,10/5/2023 17:30,19.39,314.72,"","","",""
RW3,588,10/5/2023 17:35,19.43,198.8,"","","",""
RW3,589,10/5/2023 17:40,19.39,735.36,"","","",""
RW3,590,10/5/2023 17:45,19.35,192.08,"","","",""
RW3,591,10/5/2023 17:50,19.3,793.92,"","","",""
RW3,592,10/5/2023 17:55,19.3,112.52,"","","",""
RW3,593,10/5/2023 18:00,19.26,52.78,"","","",""
RW3,594,10/5/2023 18:05,19.17,171.84,"","","",""
RW3,595,10/5/2023 18:10,19.17,8.92,"","","",""
RW3,596,10/5/2023 18:15,19.13,12.86,"","","",""
RW3,597,10/5/2023 18:20,19.09,42.32,"","","",""
RW3,598,10/5/2023 18:25,19.09,3.25,"","","",""
RW3,599,10/5/2023 18:30,19.05,250.48,"","","",""
RW3,600,10/5/2023 18:35,18.92,4.12,"","","",""
RW3,601,10/5/2023 18:40,18.96,13.05,"","","",""
RW3,602,10/5/2023 18:45,18.96,8.24,"","","",""
RW3,603,10/5/2023 18:50,18.83,1.51,"","","",""
RW3,604,10/5/2023 18:55,18.83,0.21,"","","",""
RW3,605,10/5/2023 19:00,18.74,0,"","","",""
RW3,606,10/5/2023 19:05,18.74,0,"","","",""
RW3,607,10/5/2023 19:10,18.7,0,"","","",""
RW3,608,10/5/2023 19:15,18.66,0,"","","",""
RW3,609,10/5/2023 19:20,18.62,0,"","","",""
RW3,610,10/5/2023 19:25,18.4,0,"","","",""
RW3,611,10/5/2023 19:30,18.32,0,"","","",""
RW3,612,10/5/2023 19:35,18.06,0,"","","",""
RW3,613,10/5/2023 19:40,17.93,0,"","","",""
RW3,614,10/5/2023 19:45,17.84,0,"","","",""
RW3,615,10/5/2023 19:50,17.8,0,"","","",""
RW3,682,10/6/2023 1:25,15.7,0,"","","",""
RW3,683,10/6/2023 1:30,15.7,0,"","","",""
RW3,684,10/6/2023 1:35,15.61,0,"","","",""
RW3,685,10/6/2023 1:40,15.57,0,"","","",""
RW3,686,10/6/2023 1:45,15.53,0,"","","",""
RW3,687,10/6/2023 1:50,16.21,0,"","","",""
RW3,688,10/6/2023 1:55,16.51,0,"","","",""
RW3,689,10/6/2023 2:00,16.6,0,"","","",""
RW3,690,10/6/2023 2:05,16.81,0,"","","",""
RW3,691,10/6/2023 2:10,16.86,0,"","","",""
RW3,692,10/6/2023 2:15,16.77,0,"","","",""
RW3,693,10/6/2023 2:20,16.81,0,"","","",""
RW3,694,10/6/2023 2:25,16.9,0,"","","",""
RW3,695,10/6/2023 2:30,16.77,0,"","","",""
RW3,696,10/6/2023 2:35,16.77,0,"","","",""
RW3,697,10/6/2023 2:40,16.77,0,"","","",""
RW3,698,10/6/2023 2:45,16.77,0,"","","",""
RW3,699,10/6/2023 2:50,16.73,0,"","","",""
RW3,700,10/6/2023 2:55,16.64,0,"","","",""
RW3,701,10/6/2023 3:00,16.6,0,"","","",""
RW3,702,10/6/2023 3:05,16.6,0,"","","",""
RW3,703,10/6/2023 3:10,16.6,0,"","","",""
RW3,704,10/6/2023 3:15,16.56,0,"","","",""
RW3,705,10/6/2023 3:20,16.51,0,"","","",""
RW3,706,10/6/2023 3:25,16.51,0,"","","",""
RW3,707,10/6/2023 3:30,16.43,0,"","","",""
RW3,708,10/6/2023 3:35,16.43,0,"","","",""
RW3,709,10/6/2023 3:40,16.43,0,"","","",""
RW3,710,10/6/2023 3:45,16.39,0,"","","",""
RW3,711,10/6/2023 3:50,16.34,0,"","","",""
RW3,712,10/6/2023 3:55,16.34,0,"","","",""
RW3,713,10/6/2023 4:00,16.3,0,"","","",""
RW3,714,10/6/2023 4:05,16.3,0,"","","",""
RW3,715,10/6/2023 4:10,16.26,0,"","","",""
RW3,716,10/6/2023 4:15,16.26,0,"","","",""
RW3,717,10/6/2023 4:20,16.21,0,"","","",""
RW3,718,10/6/2023 4:25,16.21,0,"","","",""
RW3,719,10/6/2023 4:30,16.21,0,"","","",""
RW3,720,10/6/2023 4:35,16.17,0,"","","",""
RW3,721,10/6/2023 4:40,16.13,0,"","","",""
RW3,722,10/6/2023 4:45,16.08,0,"","","",""
RW3,723,10/6/2023 4:50,16.08,0,"","","",""
RW3,724,10/6/2023 4:55,16.08,0,"","","",""
RW3,725,10/6/2023 5:00,16.04,0,"","","",""
RW3,726,10/6/2023 5:05,16.08,0,"","","",""
RW3,727,10/6/2023 5:10,16.04,0,"","","",""
RW3,728,10/6/2023 5:15,16.04,0,"","","",""
RW3,729,10/6/2023 5:20,16,0,"","","",""
RW3,730,10/6/2023 5:25,16,0,"","","",""
RW3,731,10/6/2023 5:30,16.04,0,"","","",""
RW3,732,10/6/2023 5:35,16,0,"","","",""
RW3,733,10/6/2023 5:40,15.96,0,"","","",""
RW3,734,10/6/2023 5:45,15.96,0,"","","",""
RW3,735,10/6/2023 5:50,15.91,0,"","","",""
RW3,736,10/6/2023 5:55,15.91,0,"","","",""
RW3,737,10/6/2023 6:00,15.96,0,"","","",""
RW3,738,10/6/2023 6:05,15.91,0,"","","",""
RW3,739,10/6/2023 6:10,15.91,0,"","","",""
RW3,740,10/6/2023 6:15,15.91,0,"","","",""
RW3,741,10/6/2023 6:20,15.91,0,"","","",""
RW3,742,10/6/2023 6:25,15.91,0,"","","",""
RW3,743,10/6/2023 6:30,15.87,2.17,"","","",""
RW3,744,10/6/2023 6:35,15.96,1.08,"","","",""
RW3,745,10/6/2023 6:40,15.91,0.65,"","","",""
RW3,746,10/6/2023 6:45,15.91,1.51,"","","",""
RW3,747,10/6/2023 6:50,15.91,116.88,"","","",""
RW3,748,10/6/2023 6:55,15.91,103.84,"","","",""
RW3,749,10/6/2023 7:00,15.91,13.94,"","","",""
RW3,750,10/6/2023 7:05,15.96,6.51,"","","",""
RW3,751,10/6/2023 7:10,15.91,19.64,"","","",""
RW3,752,10/6/2023 7:15,15.91,6.78,"","","",""
RW3,753,10/6/2023 7:20,15.91,71.62,"","","",""
RW3,754,10/6/2023 7:25,16,103.96,"","","",""
RW3,755,10/6/2023 7:30,16,1059.84,"","","",""
RW3,756,10/6/2023 7:35,16.04,231.36,"","","",""
RW3,757,10/6/2023 7:40,16.04,301.44,"","","",""
RW3,758,10/6/2023 7:45,16.08,627.2,"","","",""
RW3,759,10/6/2023 7:50,16.08,171.2,"","","",""
RW3,760,10/6/2023 7:55,16.13,13.43,"","","",""
RW3,761,10/6/2023 8:00,16.13,2267.52,"","","",""
RW3,762,10/6/2023 8:05,16.17,699.2,"","","",""
RW3,763,10/6/2023 8:10,16.17,5201.92,"","","",""
RW3,764,10/6/2023 8:15,16.26,3829.76,"","","",""
RW3,765,10/6/2023 8:20,16.26,3795.2,"","","",""
RW3,766,10/6/2023 8:25,16.34,58.44,"","","",""
RW3,767,10/6/2023 8:30,16.26,642.88,"","","",""
RW3,768,10/6/2023 8:35,16.34,2533.12,"","","",""
RW3,769,10/6/2023 8:40,16.34,2510.72,"","","",""
RW3,770,10/6/2023 8:45,16.47,5693.44,"","","",""
RW3,771,10/6/2023 8:50,16.56,4788.48,"","","",""
RW3,772,10/6/2023 8:55,16.51,128.04,"","","",""
RW3,773,10/6/2023 9:00,16.56,7091.2,"","","",""
RW3,774,10/6/2023 9:05,16.56,10936.32,"","","",""
RW3,775,10/6/2023 9:10,16.6,5465.6,"","","",""
RW3,776,10/6/2023 9:15,16.69,7160.32,"","","",""
RW3,777,10/6/2023 9:20,16.73,9111.04,"","","",""
RW3,778,10/6/2023 9:25,16.77,14745.6,"","","",""
RW3,779,10/6/2023 9:30,16.81,11791.36,"","","",""
RW3,780,10/6/2023 9:35,16.9,455.68,"","","",""
RW3,781,10/6/2023 9:40,16.94,5980.16,"","","",""
RW3,782,10/6/2023 9:45,16.94,487.84,"","","",""
RW3,783,10/6/2023 9:50,16.94,408.64,"","","",""
RW3,784,10/6/2023 9:55,16.94,4642.56,"","","",""
RW3,785,10/6/2023 10:00,17.11,24381.44,"","","",""
RW3,786,10/6/2023 10:05,17.03,183.12,"","","",""
RW3,787,10/6/2023 10:10,17.07,1422.08,"","","",""
RW3,788,10/6/2023 10:15,17.16,17095.68,"","","",""
RW3,789,10/6/2023 10:20,17.2,710.4,"","","",""
RW3,790,10/6/2023 10:25,17.16,1304.64,"","","",""
RW3,791,10/6/2023 10:30,17.29,17771.52,"","","",""
RW3,792,10/6/2023 10:35,17.33,97,"","","",""
RW3,793,10/6/2023 10:40,17.41,5388.8,"","","",""
RW3,794,10/6/2023 10:45,17.46,6412.8,"","","",""
RW3,795,10/6/2023 10:50,17.46,13050.88,"","","",""
RW3,796,10/6/2023 10:55,17.54,4778.24,"","","",""
RW3,797,10/6/2023 11:00,17.63,4583.68,"","","",""
RW3,798,10/6/2023 11:05,17.63,14986.24,"","","",""
RW3,799,10/6/2023 11:10,17.63,7275.52,"","","",""
RW3,800,10/6/2023 11:15,17.72,25948.16,"","","",""
RW3,801,10/6/2023 11:20,17.67,1556.48,"","","",""
RW3,802,10/6/2023 11:25,17.72,16742.4,"","","",""
RW3,803,10/6/2023 11:30,17.63,13818.88,"","","",""
RW3,804,10/6/2023 11:35,17.89,972.16,"","","",""
RW3,805,10/6/2023 11:40,17.8,8936.96,"","","",""
RW3,806,10/6/2023 11:45,17.93,23818.24,"","","",""
RW3,807,10/6/2023 11:50,17.97,5726.72,"","","",""
RW3,808,10/6/2023 11:55,17.93,465.76,"","","",""
RW3,809,10/6/2023 12:00,18.06,18498.56,"","","",""
RW3,810,10/6/2023 12:05,18.02,2328.32,"","","",""
RW3,811,10/6/2023 12:10,18.02,35614.72,"","","",""
RW3,812,10/6/2023 12:15,18.06,11397.12,"","","",""
RW3,813,10/6/2023 12:20,18.02,12866.56,"","","",""
RW3,814,10/6/2023 12:25,18.19,57425.92,"","","",""
RW3,815,10/6/2023 12:30,18.19,6016,"","","",""
RW3,816,10/6/2023 12:35,18.19,17203.2,"","","",""
RW3,817,10/6/2023 12:40,18.19,11699.2,"","","",""
RW3,818,10/6/2023 12:45,18.23,1633.92,"","","",""
RW3,819,10/6/2023 12:50,18.19,5194.24,"","","",""
RW3,820,10/6/2023 12:55,18.32,8611.84,"","","",""
RW3,821,10/6/2023 13:00,18.32,767.36,"","","",""
RW3,822,10/6/2023 13:05,18.27,3046.4,"","","",""
RW3,823,10/6/2023 13:10,18.36,2000.64,"","","",""
RW3,824,10/6/2023 13:15,18.32,139.4,"","","",""
RW3,825,10/6/2023 13:20,18.32,3916.8,"","","",""
RW3,826,10/6/2023 13:25,18.36,2284.8,"","","",""
RW3,827,10/6/2023 13:30,18.27,576.16,"","","",""
RW3,828,10/6/2023 13:35,18.36,504.32,"","","",""
RW3,829,10/6/2023 13:40,18.32,2216.96,"","","",""
RW3,830,10/6/2023 13:45,18.62,26726.4,"","","",""
RW3,831,10/6/2023 13:50,18.57,492.16,"","","",""
RW3,832,10/6/2023 13:55,18.57,6464,"","","",""
RW3,833,10/6/2023 14:00,18.57,141.28,"","","",""
RW3,834,10/6/2023 14:05,18.57,3777.28,"","","",""
RW3,835,10/6/2023 14:10,18.57,465.28,"","","",""
RW3,836,10/6/2023 14:15,18.57,1991.68,"","","",""
RW3,837,10/6/2023 14:20,18.66,11110.4,"","","",""
RW3,838,10/6/2023 14:25,18.7,356.8,"","","",""
RW3,839,10/6/2023 14:30,18.7,4938.24,"","","",""
RW3,840,10/6/2023 14:35,18.74,4273.92,"","","",""
RW3,841,10/6/2023 14:40,18.79,393.28,"","","",""
RW3,842,10/6/2023 14:45,18.83,1446.4,"","","",""
RW3,843,10/6/2023 14:50,18.79,739.2,"","","",""
RW3,844,10/6/2023 14:55,18.74,2404.48,"","","",""
RW3,845,10/6/2023 15:00,18.79,436.64,"","","",""
RW3,846,10/6/2023 15:05,18.87,1991.68,"","","",""
RW3,847,10/6/2023 15:10,18.87,20106.24,"","","",""
RW3,848,10/6/2023 15:15,18.83,694.4,"","","",""
RW3,849,10/6/2023 15:20,18.87,149.52,"","","",""
RW3,850,10/6/2023 15:25,18.92,368.48,"","","",""
RW3,851,10/6/2023 15:30,18.96,1559.68,"","","",""
RW3,852,10/6/2023 15:35,18.87,9236.48,"","","",""
RW3,853,10/6/2023 15:40,18.87,2801.92,"","","",""
RW3,854,10/6/2023 15:45,18.96,1608.32,"","","",""
RW3,855,10/6/2023 15:50,18.92,1784.96,"","","",""
RW3,856,10/6/2023 15:55,18.92,52.68,"","","",""
RW3,857,10/6/2023 16:00,18.96,419.2,"","","",""
RW3,858,10/6/2023 16:05,18.96,731.2,"","","",""
RW3,859,10/6/2023 16:10,18.92,64.54,"","","",""
RW3,860,10/6/2023 16:15,18.92,573.6,"","","",""
RW3,861,10/6/2023 16:20,18.96,614.24,"","","",""
RW3,862,10/6/2023 16:25,18.96,872.32,"","","",""
RW3,863,10/6/2023 16:30,18.96,354.56,"","","",""
RW3,864,10/6/2023 16:35,18.92,1315.84,"","","",""
RW3,865,10/6/2023 16:40,18.79,4583.68,"","","",""
RW3,866,10/6/2023 16:45,18.83,3595.52,"","","",""
RW3,867,10/6/2023 16:50,18.87,111.76,"","","",""
RW3,868,10/6/2023 16:55,18.87,62.82,"","","",""
RW3,869,10/6/2023 17:00,18.92,3874.56,"","","",""
RW3,870,10/6/2023 17:05,18.92,441.92,"","","",""
RW3,871,10/6/2023 17:10,18.87,135.44,"","","",""
RW3,872,10/6/2023 17:15,18.83,435.36,"","","",""
RW3,873,10/6/2023 17:20,18.87,12.86,"","","",""
RW3,874,10/6/2023 17:25,18.79,136.08,"","","",""
RW3,875,10/6/2023 17:30,18.79,135.2,"","","",""
RW3,876,10/6/2023 17:35,18.74,777.92,"","","",""
RW3,877,10/6/2023 17:40,18.7,450.88,"","","",""
RW3,878,10/6/2023 17:45,18.62,673.92,"","","",""
RW3,879,10/6/2023 17:50,18.62,428.32,"","","",""
RW3,880,10/6/2023 17:55,18.57,16.52,"","","",""
RW3,881,10/6/2023 18:00,18.57,296.48,"","","",""
RW3,882,10/6/2023 18:05,18.57,313.2,"","","",""
RW3,883,10/6/2023 18:10,18.57,63.58,"","","",""
RW3,884,10/6/2023 18:15,18.57,21.75,"","","",""
RW3,885,10/6/2023 18:20,18.53,24.36,"","","",""
RW3,886,10/6/2023 18:25,18.49,15.89,"","","",""
RW3,887,10/6/2023 18:30,18.53,6.94,"","","",""
RW3,888,10/6/2023 18:35,18.44,44,"","","",""
RW3,889,10/6/2023 18:40,18.44,30.93,"","","",""
RW3,890,10/6/2023 18:45,18.44,14.78,"","","",""
RW3,891,10/6/2023 18:50,18.4,1.95,"","","",""
RW3,892,10/6/2023 18:55,18.4,0,"","","",""
RW3,893,10/6/2023 19:00,18.44,0,"","","",""
RW3,894,10/6/2023 19:05,18.4,0,"","","",""
RW3,895,10/6/2023 19:10,18.4,0,"","","",""
RW3,896,10/6/2023 19:15,18.4,0,"","","",""
RW3,897,10/6/2023 19:20,18.36,0,"","","",""
RW3,898,10/6/2023 19:25,18.36,0,"","","",""
RW3,899,10/6/2023 19:30,18.36,0,"","","",""
RW3,900,10/6/2023 19:35,18.4,0,"","","",""
RW3,901,10/6/2023 19:40,18.32,0,"","","",""
RW3,902,10/6/2023 19:45,18.32,0,"","","",""
RW3,903,10/6/2023 19:50,18.27,0,"","","",""
RW3,904,10/6/2023 19:55,18.32,0,"","","",""
RW3,905,10/6/2023 20:00,18.32,0,"","","",""
RW3,906,10/6/2023 20:05,18.23,0,"","","",""
RW3,907,10/6/2023 20:10,18.23,0,"","","",""
RW3,908,10/6/2023 20:15,18.19,0,"","","",""
RW3,909,10/6/2023 20:20,18.19,0,"","","",""
RW3,910,10/6/2023 20:25,18.19,0,"","","",""
RW3,911,10/6/2023 20:30,18.14,0,"","","",""
RW3,912,10/6/2023 20:35,18.1,0,"","","",""
RW3,913,10/6/2023 20:40,18.1,0,"","","",""
RW3,914,10/6/2023 20:45,18.1,0,"","","",""
RW3,915,10/6/2023 20:50,18.02,0,"","","",""
RW3,916,10/6/2023 20:55,18.02,0,"","","",""
RW3,917,10/6/2023 21:00,17.97,0,"","","",""
RW3,918,10/6/2023 21:05,17.93,0,"","","",""
RW3,983,10/7/2023 2:30,17.41,0,"","","",""
RW3,984,10/7/2023 2:35,17.41,0,"","","",""
RW3,985,10/7/2023 2:40,17.46,0,"","","",""
RW3,986,10/7/2023 2:45,17.46,0,"","","",""
RW3,987,10/7/2023 2:50,17.5,0,"","","",""
RW3,988,10/7/2023 2:55,17.54,0,"","","",""
RW3,989,10/7/2023 3:00,17.63,0,"","","",""
RW3,990,10/7/2023 3:05,17.54,0,"","","",""
RW3,991,10/7/2023 3:10,17.59,0,"","","",""
RW3,992,10/7/2023 3:15,17.54,0,"","","",""
RW3,993,10/7/2023 3:20,17.54,0,"","","",""
RW3,994,10/7/2023 3:25,17.54,0,"","","",""
RW3,995,10/7/2023 3:30,17.5,0,"","","",""
RW3,996,10/7/2023 3:35,17.54,0,"","","",""
RW3,997,10/7/2023 3:40,17.54,0,"","","",""
RW3,998,10/7/2023 3:45,17.54,0,"","","",""
RW3,999,10/7/2023 3:50,17.54,0,"","","",""
RW3,1000,10/7/2023 3:55,17.5,0,"","","",""
RW3,1001,10/7/2023 4:00,17.54,0,"","","",""
RW3,1002,10/7/2023 4:05,17.46,0,"","","",""
RW3,1003,10/7/2023 4:10,17.46,0,"","","",""
RW3,1004,10/7/2023 4:15,17.46,0,"","","",""
RW3,1005,10/7/2023 4:20,17.5,0,"","","",""
RW3,1006,10/7/2023 4:25,17.46,0,"","","",""
RW3,1007,10/7/2023 4:30,17.46,0,"","","",""
RW3,1008,10/7/2023 4:35,17.41,0,"","","",""
RW3,1009,10/7/2023 4:40,17.41,0,"","","",""
RW3,1010,10/7/2023 4:45,17.5,0,"","","",""
RW3,1011,10/7/2023 4:50,17.41,0,"","","",""
RW3,1012,10/7/2023 4:55,17.46,0,"","","",""
RW3,1013,10/7/2023 5:00,17.46,0,"","","",""
RW3,1014,10/7/2023 5:05,17.41,0,"","","",""
RW3,1015,10/7/2023 5:10,17.41,0,"","","",""
RW3,1016,10/7/2023 5:15,17.41,0,"","","",""
RW3,1017,10/7/2023 5:20,17.37,0,"","","",""
RW3,1018,10/7/2023 5:25,17.37,0,"","","",""
RW3,1019,10/7/2023 5:30,17.33,0,"","","",""
RW3,1020,10/7/2023 5:35,17.29,0,"","","",""
RW3,1021,10/7/2023 5:40,17.29,0,"","","",""
RW3,1022,10/7/2023 5:45,17.24,0,"","","",""
RW3,1023,10/7/2023 5:50,17.24,0,"","","",""
RW3,1024,10/7/2023 5:55,17.24,0,"","","",""
RW3,1025,10/7/2023 6:00,17.24,0,"","","",""
RW3,1026,10/7/2023 6:05,17.2,0,"","","",""
RW3,1027,10/7/2023 6:10,17.2,0,"","","",""
RW3,1028,10/7/2023 6:15,17.2,0,"","","",""
RW3,1029,10/7/2023 6:20,17.16,0,"","","",""
RW3,1030,10/7/2023 6:25,17.24,0,"","","",""
RW3,1031,10/7/2023 6:30,17.24,0.21,"","","",""
RW3,1032,10/7/2023 6:35,17.2,0,"","","",""
RW3,1033,10/7/2023 6:40,17.2,0.21,"","","",""
RW3,1034,10/7/2023 6:45,17.24,24.36,"","","",""
RW3,1035,10/7/2023 6:50,17.2,6.72,"","","",""
RW3,1036,10/7/2023 6:55,17.2,18.5,"","","",""
RW3,1037,10/7/2023 7:00,17.2,6.07,"","","",""
RW3,1038,10/7/2023 7:05,17.2,313.2,"","","",""
RW3,1039,10/7/2023 7:10,17.2,506.08,"","","",""
RW3,1040,10/7/2023 7:15,17.2,232,"","","",""
RW3,1041,10/7/2023 7:20,17.2,1.3,"","","",""
RW3,1042,10/7/2023 7:25,17.16,577.76,"","","",""
RW3,1043,10/7/2023 7:30,17.2,288,"","","",""
RW3,1044,10/7/2023 7:35,17.2,254.8,"","","",""
RW3,1045,10/7/2023 7:40,17.2,38.74,"","","",""
RW3,1046,10/7/2023 7:45,17.2,638.88,"","","",""
RW3,1047,10/7/2023 7:50,17.2,146.72,"","","",""
RW3,1048,10/7/2023 7:55,17.2,750.4,"","","",""
RW3,1049,10/7/2023 8:00,17.2,1070.4,"","","",""
RW3,1050,10/7/2023 8:05,17.2,37,"","","",""
RW3,1051,10/7/2023 8:10,17.2,93.2,"","","",""
RW3,1052,10/7/2023 8:15,17.24,1498.88,"","","",""
RW3,1053,10/7/2023 8:20,17.2,115.96,"","","",""
RW3,1054,10/7/2023 8:25,17.24,935.68,"","","",""
RW3,1055,10/7/2023 8:30,17.29,5596.16,"","","",""
RW3,1056,10/7/2023 8:35,17.33,3240.96,"","","",""
RW3,1057,10/7/2023 8:40,17.29,2116.48,"","","",""
RW3,1058,10/7/2023 8:45,17.33,210.16,"","","",""
RW3,1059,10/7/2023 8:50,17.29,257.2,"","","",""
RW3,1060,10/7/2023 8:55,17.37,3809.28,"","","",""
RW3,1061,10/7/2023 9:00,17.33,762.24,"","","",""
RW3,1062,10/7/2023 9:05,17.33,25.39,"","","",""
RW3,1063,10/7/2023 9:10,17.33,45.58,"","","",""
RW3,1064,10/7/2023 9:15,17.37,2444.8,"","","",""
RW3,1065,10/7/2023 9:20,17.37,1254.4,"","","",""
RW3,1066,10/7/2023 9:25,17.37,1409.92,"","","",""
RW3,1067,10/7/2023 9:30,17.37,57.24,"","","",""
RW3,1068,10/7/2023 9:35,17.41,2168.32,"","","",""
RW3,1069,10/7/2023 9:40,17.46,194.48,"","","",""
RW3,1070,10/7/2023 9:45,17.46,7311.36,"","","",""
RW3,1071,10/7/2023 9:50,17.41,1751.04,"","","",""
RW3,1072,10/7/2023 9:55,17.41,2717.44,"","","",""
RW3,1073,10/7/2023 10:00,17.46,2531.2,"","","",""
RW3,1074,10/7/2023 10:05,17.5,4903.68,"","","",""
RW3,1075,10/7/2023 10:10,17.54,9625.6,"","","",""
RW3,1076,10/7/2023 10:15,17.59,410.88,"","","",""
RW3,1077,10/7/2023 10:20,17.54,96.8,"","","",""
RW3,1078,10/7/2023 10:25,17.63,9536,"","","",""
RW3,1079,10/7/2023 10:30,17.72,9541.12,"","","",""
RW3,1080,10/7/2023 10:35,17.63,1880.32,"","","",""
RW3,1081,10/7/2023 10:40,17.67,10339.84,"","","",""
RW3,1082,10/7/2023 10:45,17.67,4768,"","","",""
RW3,1083,10/7/2023 10:50,17.76,617.28,"","","",""
RW3,1084,10/7/2023 10:55,17.72,768.64,"","","",""
RW3,1085,10/7/2023 11:00,17.76,5568,"","","",""
RW3,1086,10/7/2023 11:05,17.84,2131.84,"","","",""
RW3,1087,10/7/2023 11:10,17.84,4389.12,"","","",""
RW3,1088,10/7/2023 11:15,17.89,1112.96,"","","",""
RW3,1089,10/7/2023 11:20,17.89,4090.88,"","","",""
RW3,1090,10/7/2023 11:25,17.89,7257.6,"","","",""
RW3,1091,10/7/2023 11:30,17.97,762.88,"","","",""
RW3,1092,10/7/2023 11:35,18.14,3815.68,"","","",""
RW3,1093,10/7/2023 11:40,17.93,4587.52,"","","",""
RW3,1094,10/7/2023 11:45,17.97,7188.48,"","","",""
RW3,1095,10/7/2023 11:50,18.02,4439.04,"","","",""
RW3,1096,10/7/2023 11:55,18.06,2951.68,"","","",""
RW3,1097,10/7/2023 12:00,18.23,6151.68,"","","",""
RW3,1098,10/7/2023 12:05,18.23,801.6,"","","",""
RW3,1099,10/7/2023 12:10,18.14,1115.52,"","","",""
RW3,1100,10/7/2023 12:15,18.23,6735.36,"","","",""
RW3,1101,10/7/2023 12:20,18.19,11084.8,"","","",""
RW3,1102,10/7/2023 12:25,18.19,116,"","","",""
RW3,1103,10/7/2023 12:30,18.19,943.68,"","","",""
RW3,1104,10/7/2023 12:35,18.27,100.04,"","","",""
RW3,1105,10/7/2023 12:40,18.32,4482.56,"","","",""
RW3,1106,10/7/2023 12:45,18.36,25272.32,"","","",""
RW3,1107,10/7/2023 12:50,18.32,11699.2,"","","",""
RW3,1108,10/7/2023 12:55,18.32,3165.44,"","","",""
RW3,1109,10/7/2023 13:00,18.32,3560.96,"","","",""
RW3,1110,10/7/2023 13:05,18.36,3345.92,"","","",""
RW3,1111,10/7/2023 13:10,18.36,5406.72,"","","",""
RW3,1112,10/7/2023 13:15,18.4,716.16,"","","",""
RW3,1113,10/7/2023 13:20,18.44,317.52,"","","",""
RW3,1114,10/7/2023 13:25,18.53,2173.44,"","","",""
RW3,1115,10/7/2023 13:30,18.53,3152.64,"","","",""
RW3,1116,10/7/2023 13:35,18.57,1176.32,"","","",""
RW3,1117,10/7/2023 13:40,18.53,3045.12,"","","",""
RW3,1118,10/7/2023 13:45,18.62,510.4,"","","",""
RW3,1119,10/7/2023 13:50,18.74,2958.08,"","","",""
RW3,1120,10/7/2023 13:55,18.66,2074.88,"","","",""
RW3,1121,10/7/2023 14:00,18.62,111.56,"","","",""
RW3,1122,10/7/2023 14:05,18.62,326.4,"","","",""
RW3,1123,10/7/2023 14:10,18.74,411.04,"","","",""
RW3,1124,10/7/2023 14:15,18.74,27.78,"","","",""
RW3,1125,10/7/2023 14:20,18.74,66.2,"","","",""
RW3,1126,10/7/2023 14:25,18.74,2085.12,"","","",""
RW3,1127,10/7/2023 14:30,18.74,402.72,"","","",""
RW3,1128,10/7/2023 14:35,18.74,36.46,"","","",""
RW3,1129,10/7/2023 14:40,18.79,1186.56,"","","",""
RW3,1130,10/7/2023 14:45,18.83,5532.16,"","","",""
RW3,1131,10/7/2023 14:50,18.87,2531.2,"","","",""
RW3,1132,10/7/2023 14:55,18.74,431.84,"","","",""
RW3,1133,10/7/2023 15:00,18.7,614.24,"","","",""
RW3,1134,10/7/2023 15:05,18.66,1087.68,"","","",""
RW3,1135,10/7/2023 15:10,18.62,12.15,"","","",""
RW3,1136,10/7/2023 15:15,18.7,1558.4,"","","",""
RW3,1137,10/7/2023 15:20,18.66,1083.52,"","","",""
RW3,1138,10/7/2023 15:25,18.7,2717.44,"","","",""
RW3,1139,10/7/2023 15:30,18.74,7639.04,"","","",""
RW3,1140,10/7/2023 15:35,18.87,1081.6,"","","",""
RW3,1141,10/7/2023 15:40,19,885.76,"","","",""
RW3,1142,10/7/2023 15:45,18.83,1083.52,"","","",""
RW3,1143,10/7/2023 15:50,18.92,3920.64,"","","",""
RW3,1144,10/7/2023 15:55,18.87,1998.08,"","","",""
RW3,1145,10/7/2023 16:00,18.87,17.66,"","","",""
RW3,1146,10/7/2023 16:05,18.87,4354.56,"","","",""
RW3,1147,10/7/2023 16:10,18.83,900.16,"","","",""
RW3,1148,10/7/2023 16:15,18.79,12.58,"","","",""
RW3,1149,10/7/2023 16:20,18.79,53.76,"","","",""
RW3,1150,10/7/2023 16:25,18.74,1191.04,"","","",""
RW3,1151,10/7/2023 16:30,18.79,673.6,"","","",""
RW3,1152,10/7/2023 16:35,18.83,140.64,"","","",""
RW3,1153,10/7/2023 16:40,18.83,64.88,"","","",""
RW3,1154,10/7/2023 16:45,18.83,135.44,"","","",""
RW3,1155,10/7/2023 16:50,18.74,207.68,"","","",""
RW3,1156,10/7/2023 16:55,18.74,115.12,"","","",""
RW3,1157,10/7/2023 17:00,18.74,435.36,"","","",""
RW3,1158,10/7/2023 17:05,18.74,21.29,"","","",""
RW3,1159,10/7/2023 17:10,18.66,41.82,"","","",""
RW3,1160,10/7/2023 17:15,18.62,276.48,"","","",""
RW3,1161,10/7/2023 17:20,18.62,36.24,"","","",""
RW3,1162,10/7/2023 17:25,18.62,1334.4,"","","",""
RW3,1163,10/7/2023 17:30,18.66,6.51,"","","",""
RW3,1164,10/7/2023 17:35,18.7,207.44,"","","",""
RW3,1165,10/7/2023 17:40,18.7,36.51,"","","",""
RW3,1166,10/7/2023 17:45,18.66,74.5,"","","",""
RW3,1167,10/7/2023 17:50,18.66,172.72,"","","",""
RW3,1168,10/7/2023 17:55,18.7,6.07,"","","",""
RW3,1169,10/7/2023 18:00,18.7,124.68,"","","",""
RW3,1170,10/7/2023 18:05,18.66,20.4,"","","",""
RW3,1171,10/7/2023 18:10,18.66,4.55,"","","",""
RW3,1172,10/7/2023 18:15,18.66,0,"","","",""
RW3,1173,10/7/2023 18:20,18.62,40.04,"","","",""
RW3,1174,10/7/2023 18:25,18.62,11.93,"","","",""
RW3,1175,10/7/2023 18:30,18.7,0.86,"","","",""
RW3,1176,10/7/2023 18:35,18.62,20.89,"","","",""
RW3,1177,10/7/2023 18:40,18.66,0.21,"","","",""
RW3,1178,10/7/2023 18:45,18.62,0.65,"","","",""
RW3,1179,10/7/2023 18:50,18.57,0,"","","",""
RW3,1180,10/7/2023 18:55,18.57,0,"","","",""
RW3,1181,10/7/2023 19:00,18.57,0,"","","",""
RW3,1182,10/7/2023 19:05,18.53,0,"","","",""
RW3,1183,10/7/2023 19:10,18.53,0,"","","",""
RW3,1184,10/7/2023 19:15,18.53,0,"","","",""
RW3,1185,10/7/2023 19:20,18.53,0,"","","",""
RW3,1186,10/7/2023 19:25,18.53,0,"","","",""
RW3,1187,10/7/2023 19:30,18.49,0,"","","",""
RW3,1188,10/7/2023 19:35,18.49,0,"","","",""
RW3,1189,10/7/2023 19:40,18.44,0,"","","",""
RW3,1190,10/7/2023 19:45,18.44,0,"","","",""
RW3,1191,10/7/2023 19:50,18.44,0,"","","",""
RW3,1192,10/7/2023 19:55,18.44,0,"","","",""
RW3,1193,10/7/2023 20:00,18.44,0,"","","",""
RW3,1194,10/7/2023 20:05,18.44,0,"","","",""
RW3,1195,10/7/2023 20:10,18.4,0,"","","",""
RW3,1196,10/7/2023 20:15,18.4,0,"","","",""
RW3,1197,10/7/2023 20:20,18.4,0,"","","",""
RW3,1198,10/7/2023 20:25,18.4,0,"","","",""
RW3,1199,10/7/2023 20:30,18.4,0,"","","",""
RW3,1200,10/7/2023 20:35,18.4,0,"","","",""
RW3,1201,10/7/2023 20:40,18.36,0,"","","",""
RW3,1202,10/7/2023 20:45,18.36,0,"","","",""
RW3,1203,10/7/2023 20:50,18.32,0,"","","",""
RW3,1204,10/7/2023 20:55,18.32,0,"","","",""
RW3,1205,10/7/2023 21:00,18.32,0,"","","",""
RW3,1206,10/7/2023 21:05,18.27,0,"","","",""
RW3,1207,10/7/2023 21:10,18.32,0,"","","",""
RW3,1208,10/7/2023 21:15,18.27,0,"","","",""
RW3,1209,10/7/2023 21:20,18.27,0,"","","",""
RW3,1210,10/7/2023 21:25,18.27,0,"","","",""
RW3,1211,10/7/2023 21:30,18.23,0,"","","",""
RW3,1212,10/7/2023 21:35,18.23,0,"","","",""
RW3,1213,10/7/2023 21:40,18.19,0,"","","",""
RW3,1214,10/7/2023 21:45,18.14,0,"","","",""
RW3,1215,10/7/2023 21:50,18.1,0,"","","",""
RW3,1216,10/7/2023 21:55,18.1,0,"","","",""
RW3,1217,10/7/2023 22:00,18.02,0,"","","",""
RW3,1218,10/7/2023 22:05,17.72,0,"","","",""
RW3,1281,10/8/2023 3:20,17.33,0,"","","",""
RW3,1282,10/8/2023 3:25,17.33,0,"","","",""
RW3,1283,10/8/2023 3:30,17.37,0,"","","",""
RW3,1284,10/8/2023 3:35,17.5,0,"","","",""
RW3,1285,10/8/2023 3:40,17.54,0,"","","",""
RW3,1286,10/8/2023 3:45,17.5,0,"","","",""
RW3,1287,10/8/2023 3:50,17.5,0,"","","",""
RW3,1288,10/8/2023 3:55,17.5,0,"","","",""
RW3,1289,10/8/2023 4:00,17.54,0,"","","",""
RW3,1290,10/8/2023 4:05,17.46,0,"","","",""
RW3,1291,10/8/2023 4:10,17.5,0,"","","",""
RW3,1292,10/8/2023 4:15,17.5,0,"","","",""
RW3,1293,10/8/2023 4:20,17.46,0,"","","",""
RW3,1294,10/8/2023 4:25,17.46,0,"","","",""
RW3,1295,10/8/2023 4:30,17.46,0,"","","",""
RW3,1296,10/8/2023 4:35,17.46,0,"","","",""
RW3,1297,10/8/2023 4:40,17.46,0,"","","",""
RW3,1298,10/8/2023 4:45,17.41,0,"","","",""
RW3,1299,10/8/2023 4:50,17.41,0,"","","",""
RW3,1300,10/8/2023 4:55,17.41,0,"","","",""
RW3,1301,10/8/2023 5:00,17.41,0,"","","",""
RW3,1302,10/8/2023 5:05,17.37,0,"","","",""
RW3,1303,10/8/2023 5:10,17.41,0,"","","",""
RW3,1304,10/8/2023 5:15,17.37,0,"","","",""
RW3,1305,10/8/2023 5:20,17.37,0,"","","",""
RW3,1306,10/8/2023 5:25,17.37,0,"","","",""
RW3,1307,10/8/2023 5:30,17.37,0,"","","",""
RW3,1308,10/8/2023 5:35,17.37,0,"","","",""
RW3,1309,10/8/2023 5:40,17.33,0,"","","",""
RW3,1310,10/8/2023 5:45,17.33,0,"","","",""
RW3,1311,10/8/2023 5:50,17.33,0,"","","",""
RW3,1312,10/8/2023 5:55,17.24,0,"","","",""
RW3,1313,10/8/2023 6:00,17.29,0,"","","",""
RW3,1314,10/8/2023 6:05,17.29,0,"","","",""
RW3,1315,10/8/2023 6:10,17.24,0,"","","",""
RW3,1316,10/8/2023 6:15,17.24,0,"","","",""
RW3,1317,10/8/2023 6:20,17.2,0,"","","",""
RW3,1318,10/8/2023 6:25,17.24,0,"","","",""
RW3,1319,10/8/2023 6:30,17.2,0,"","","",""
RW3,1320,10/8/2023 6:35,17.16,0,"","","",""
RW3,1321,10/8/2023 6:40,17.16,3.68,"","","",""
RW3,1322,10/8/2023 6:45,17.16,0.65,"","","",""
RW3,1323,10/8/2023 6:50,17.11,25.61,"","","",""
RW3,1324,10/8/2023 6:55,17.16,3.9,"","","",""
RW3,1325,10/8/2023 7:00,17.11,21.7,"","","",""
RW3,1326,10/8/2023 7:05,17.07,4.77,"","","",""
RW3,1327,10/8/2023 7:10,17.07,314.24,"","","",""
RW3,1328,10/8/2023 7:15,17.07,7.59,"","","",""
RW3,1329,10/8/2023 7:20,16.99,36.13,"","","",""
RW3,1330,10/8/2023 7:25,17.03,390.56,"","","",""
RW3,1331,10/8/2023 7:30,16.99,233.04,"","","",""
RW3,1332,10/8/2023 7:35,17.03,174.48,"","","",""
RW3,1333,10/8/2023 7:40,17.03,146.48,"","","",""
RW3,1334,10/8/2023 7:45,17.03,635.84,"","","",""
RW3,1335,10/8/2023 7:50,17.07,13.05,"","","",""
RW3,1336,10/8/2023 7:55,17.07,520.8,"","","",""
RW3,1337,10/8/2023 8:00,17.07,6.07,"","","",""
RW3,1338,10/8/2023 8:05,17.03,54.58,"","","",""
RW3,1339,10/8/2023 8:10,17.07,34.51,"","","",""
RW3,1340,10/8/2023 8:15,17.11,378.88,"","","",""
RW3,1341,10/8/2023 8:20,17.11,1967.36,"","","",""
RW3,1342,10/8/2023 8:25,17.16,1174.4,"","","",""
RW3,1343,10/8/2023 8:30,17.11,871.68,"","","",""
RW3,1344,10/8/2023 8:35,17.2,67.5,"","","",""
RW3,1345,10/8/2023 8:40,17.24,2058.88,"","","",""
RW3,1346,10/8/2023 8:45,17.2,172.48,"","","",""
RW3,1347,10/8/2023 8:50,17.24,1409.92,"","","",""
RW3,1348,10/8/2023 8:55,17.24,664.32,"","","",""
RW3,1349,10/8/2023 9:00,17.24,366.08,"","","",""
RW3,1350,10/8/2023 9:05,17.33,439.2,"","","",""
RW3,1351,10/8/2023 9:10,17.24,590.72,"","","",""
RW3,1352,10/8/2023 9:15,17.33,2196.48,"","","",""
RW3,1353,10/8/2023 9:20,17.33,10752,"","","",""
RW3,1354,10/8/2023 9:25,17.37,6584.32,"","","",""
RW3,1355,10/8/2023 9:30,17.33,152.48,"","","",""
RW3,1356,10/8/2023 9:35,17.37,65.06,"","","",""
RW3,1357,10/8/2023 9:40,17.37,282.32,"","","",""
RW3,1358,10/8/2023 9:45,17.37,450.56,"","","",""
RW3,1359,10/8/2023 9:50,17.41,4295.68,"","","",""
RW3,1360,10/8/2023 9:55,17.41,4378.88,"","","",""
RW3,1361,10/8/2023 10:00,17.41,125.64,"","","",""
RW3,1362,10/8/2023 10:05,17.5,18257.92,"","","",""
RW3,1363,10/8/2023 10:10,17.59,9277.44,"","","",""
RW3,1364,10/8/2023 10:15,17.59,6781.44,"","","",""
RW3,1365,10/8/2023 10:20,17.54,697.92,"","","",""
RW3,1366,10/8/2023 10:25,17.59,158.96,"","","",""
RW3,1367,10/8/2023 10:30,17.67,1861.12,"","","",""
RW3,1368,10/8/2023 10:35,17.67,574.24,"","","",""
RW3,1369,10/8/2023 10:40,17.67,11166.72,"","","",""
RW3,1370,10/8/2023 10:45,17.76,2160,"","","",""
RW3,1371,10/8/2023 10:50,17.84,18022.4,"","","",""
RW3,1372,10/8/2023 10:55,17.89,5816.32,"","","",""
RW3,1373,10/8/2023 11:00,17.89,14474.24,"","","",""
RW3,1374,10/8/2023 11:05,17.89,1961.6,"","","",""
RW3,1375,10/8/2023 11:10,17.89,813.44,"","","",""
RW3,1376,10/8/2023 11:15,17.89,5483.52,"","","",""
RW3,1377,10/8/2023 11:20,17.93,5726.72,"","","",""
RW3,1378,10/8/2023 11:25,18.06,30156.8,"","","",""
RW3,1379,10/8/2023 11:30,18.06,7764.48,"","","",""
RW3,1380,10/8/2023 11:35,18.23,2576.64,"","","",""
RW3,1381,10/8/2023 11:40,18.06,355.04,"","","",""
RW3,1382,10/8/2023 11:45,18.23,7482.88,"","","",""
RW3,1383,10/8/2023 11:50,18.23,373.28,"","","",""
RW3,1384,10/8/2023 11:55,18.23,15185.92,"","","",""
RW3,1385,10/8/2023 12:00,18.36,146.28,"","","",""
RW3,1386,10/8/2023 12:05,18.4,2609.28,"","","",""
RW3,1387,10/8/2023 12:10,18.44,10562.56,"","","",""
RW3,1388,10/8/2023 12:15,18.49,738.56,"","","",""
RW3,1389,10/8/2023 12:20,18.49,1318.4,"","","",""
RW3,1390,10/8/2023 12:25,18.62,9295.36,"","","",""
RW3,1391,10/8/2023 12:30,18.62,2087.04,"","","",""
RW3,1392,10/8/2023 12:35,18.7,535.2,"","","",""
RW3,1393,10/8/2023 12:40,18.7,20674.56,"","","",""
RW3,1394,10/8/2023 12:45,18.66,3581.44,"","","",""
RW3,1395,10/8/2023 12:50,18.79,15866.88,"","","",""
RW3,1396,10/8/2023 12:55,18.74,1378.56,"","","",""
RW3,1397,10/8/2023 13:00,18.83,865.6,"","","",""
RW3,1398,10/8/2023 13:05,18.79,2519.04,"","","",""
RW3,1399,10/8/2023 13:10,18.79,1149.44,"","","",""
RW3,1400,10/8/2023 13:15,18.79,1379.2,"","","",""
RW3,1401,10/8/2023 13:20,18.74,470.56,"","","",""
RW3,1402,10/8/2023 13:25,18.83,912.64,"","","",""
RW3,1403,10/8/2023 13:30,18.83,3016.96,"","","",""
RW3,1404,10/8/2023 13:35,18.83,407.04,"","","",""
RW3,1405,10/8/2023 13:40,18.87,490.08,"","","",""
RW3,1406,10/8/2023 13:45,18.92,2540.16,"","","",""
RW3,1407,10/8/2023 13:50,18.87,721.92,"","","",""
RW3,1408,10/8/2023 13:55,19,174.88,"","","",""
RW3,1409,10/8/2023 14:00,18.92,2525.44,"","","",""
RW3,1410,10/8/2023 14:05,19,926.08,"","","",""
RW3,1411,10/8/2023 14:10,19,780.48,"","","",""
RW3,1412,10/8/2023 14:15,19.05,850.56,"","","",""
RW3,1413,10/8/2023 14:20,19.13,22466.56,"","","",""
RW3,1414,10/8/2023 14:25,19.09,656.64,"","","",""
RW3,1415,10/8/2023 14:30,19.05,2689.28,"","","",""
RW3,1416,10/8/2023 14:35,19.09,1685.12,"","","",""
RW3,1417,10/8/2023 14:40,19.05,27760.64,"","","",""
RW3,1418,10/8/2023 14:45,19.05,1085.12,"","","",""
RW3,1419,10/8/2023 14:50,19,929.6,"","","",""
RW3,1420,10/8/2023 14:55,18.96,1398.4,"","","",""
RW3,1421,10/8/2023 15:00,18.92,3166.72,"","","",""
RW3,1422,10/8/2023 15:05,18.92,3312.64,"","","",""
RW3,1423,10/8/2023 15:10,19,1196.16,"","","",""
RW3,1424,10/8/2023 15:15,19.05,1822.72,"","","",""
RW3,1425,10/8/2023 15:20,19,93.24,"","","",""
RW3,1426,10/8/2023 15:25,19,7278.08,"","","",""
RW3,1427,10/8/2023 15:30,19,5542.4,"","","",""
RW3,1428,10/8/2023 15:35,19.09,1505.92,"","","",""
RW3,1429,10/8/2023 15:40,19.05,4486.4,"","","",""
RW3,1430,10/8/2023 15:45,19,274.56,"","","",""
RW3,1431,10/8/2023 15:50,19,9200.64,"","","",""
RW3,1432,10/8/2023 15:55,18.96,492.64,"","","",""
RW3,1433,10/8/2023 16:00,18.96,63.58,"","","",""
RW3,1434,10/8/2023 16:05,18.87,303.44,"","","",""
RW3,1435,10/8/2023 16:10,18.92,275.6,"","","",""
RW3,1436,10/8/2023 16:15,18.87,1671.04,"","","",""
RW3,1437,10/8/2023 16:20,18.79,902.4,"","","",""
RW3,1438,10/8/2023 16:25,18.92,379.36,"","","",""
RW3,1439,10/8/2023 16:30,18.83,1139.84,"","","",""
RW3,1440,10/8/2023 16:35,18.83,177.04,"","","",""
RW3,1441,10/8/2023 16:40,18.83,672.32,"","","",""
RW3,1442,10/8/2023 16:45,18.87,3084.8,"","","",""
RW3,1443,10/8/2023 16:50,18.79,1100.8,"","","",""
RW3,1444,10/8/2023 16:55,18.79,201.36,"","","",""
RW3,1445,10/8/2023 17:00,18.79,27.45,"","","",""
RW3,1446,10/8/2023 17:05,18.74,218.08,"","","",""
RW3,1447,10/8/2023 17:10,18.7,166.64,"","","",""
RW3,1448,10/8/2023 17:15,18.74,16.14,"","","",""
RW3,1449,10/8/2023 17:20,18.62,41.02,"","","",""
RW3,1450,10/8/2023 17:25,18.7,169.04,"","","",""
RW3,1451,10/8/2023 17:30,18.7,23.98,"","","",""
RW3,1452,10/8/2023 17:35,18.66,14.97,"","","",""
RW3,1453,10/8/2023 17:40,18.57,80.2,"","","",""
RW3,1454,10/8/2023 17:45,18.62,37,"","","",""
RW3,1455,10/8/2023 17:50,18.62,78.34,"","","",""
RW3,1456,10/8/2023 17:55,18.57,795.84,"","","",""
RW3,1457,10/8/2023 18:00,18.57,213.52,"","","",""
RW3,1458,10/8/2023 18:05,18.53,1.51,"","","",""
RW3,1459,10/8/2023 18:10,18.53,6.94,"","","",""
RW3,1460,10/8/2023 18:15,18.57,2.6,"","","",""
RW3,1461,10/8/2023 18:20,18.49,65.32,"","","",""
RW3,1462,10/8/2023 18:25,18.49,1.73,"","","",""
RW3,1463,10/8/2023 18:30,18.49,9.98,"","","",""
RW3,1464,10/8/2023 18:35,18.4,0.43,"","","",""
RW3,1465,10/8/2023 18:40,18.44,8.03,"","","",""
RW3,1466,10/8/2023 18:45,18.4,0.21,"","","",""
RW3,1467,10/8/2023 18:50,18.36,0,"","","",""
RW3,1468,10/8/2023 18:55,18.36,0,"","","",""
RW3,1469,10/8/2023 19:00,18.36,0,"","","",""
RW3,1470,10/8/2023 19:05,18.36,0,"","","",""
RW3,1471,10/8/2023 19:10,18.32,0,"","","",""
RW3,1472,10/8/2023 19:15,18.32,0,"","","",""
RW3,1473,10/8/2023 19:20,18.32,0,"","","",""
RW3,1474,10/8/2023 19:25,18.27,0,"","","",""
RW3,1475,10/8/2023 19:30,18.23,0,"","","",""
RW3,1476,10/8/2023 19:35,18.27,0,"","","",""
RW3,1477,10/8/2023 19:40,18.27,0,"","","",""
RW3,1478,10/8/2023 19:45,18.23,0,"","","",""
RW3,1479,10/8/2023 19:50,18.23,0,"","","",""
RW3,1480,10/8/2023 19:55,18.19,0,"","","",""
RW3,1481,10/8/2023 20:00,18.19,0,"","","",""
RW3,1482,10/8/2023 20:05,18.19,0,"","","",""
RW3,1483,10/8/2023 20:10,18.14,0,"","","",""
RW3,1484,10/8/2023 20:15,18.14,0,"","","",""
RW3,1485,10/8/2023 20:20,18.14,0,"","","",""
RW3,1486,10/8/2023 20:25,18.14,0,"","","",""
RW3,1487,10/8/2023 20:30,18.14,0,"","","",""
RW3,1488,10/8/2023 20:35,18.06,0,"","","",""
RW3,1489,10/8/2023 20:40,18.06,0,"","","",""
RW3,1490,10/8/2023 20:45,18.06,0,"","","",""
RW3,1491,10/8/2023 20:50,18.06,0,"","","",""
RW3,1492,10/8/2023 20:55,18.1,0,"","","",""
RW3,1493,10/8/2023 21:00,18.06,0,"","","",""
RW3,1494,10/8/2023 21:05,18.02,0,"","","",""
RW3,1495,10/8/2023 21:10,18.02,0,"","","",""
RW3,1496,10/8/2023 21:15,18.02,0,"","","",""
RW3,1497,10/8/2023 21:20,17.97,0,"","","",""
RW3,1498,10/8/2023 21:25,17.97,0,"","","",""
RW3,1499,10/8/2023 21:30,17.93,0,"","","",""
RW3,1500,10/8/2023 21:35,17.89,0,"","","",""
RW3,1501,10/8/2023 21:40,17.89,0,"","","",""
RW3,1502,10/8/2023 21:45,17.93,0,"","","",""
RW3,1503,10/8/2023 21:50,17.84,0,"","","",""
RW3,1504,10/8/2023 21:55,17.84,0,"","","",""
RW3,1505,10/8/2023 22:00,17.84,0,"","","",""
RW3,1506,10/8/2023 22:05,17.76,0,"","","",""
RW3,1507,10/8/2023 22:10,17.8,0,"","","",""
RW3,1508,10/8/2023 22:15,17.76,0,"","","",""
RW3,1509,10/8/2023 22:20,17.72,0,"","","",""
RW3,1510,10/8/2023 22:25,17.72,0,"","","",""
RW3,1511,10/8/2023 22:30,17.63,0,"","","",""
RW3,1512,10/8/2023 22:35,17.63,0,"","","",""
RW3,1513,10/8/2023 22:40,17.46,0,"","","",""
RW3,1514,10/8/2023 22:45,17.5,0,"","","",""
RW3,1515,10/8/2023 22:50,17.5,0,"","","",""
RW3,1516,10/8/2023 22:55,17.24,0,"","","",""
RW3,1575,10/9/2023 3:50,17.07,0,"","","",""
RW3,1576,10/9/2023 3:55,17.03,0,"","","",""
RW3,1577,10/9/2023 4:00,16.81,0,"","","",""
RW3,1578,10/9/2023 4:05,16.73,0,"","","",""
RW3,1579,10/9/2023 4:10,16.64,0,"","","",""
RW3,1580,10/9/2023 4:15,16.56,0,"","","",""
RW3,1581,10/9/2023 4:20,16.56,0,"","","",""
RW3,1582,10/9/2023 4:25,16.47,0,"","","",""
RW3,1583,10/9/2023 4:30,16.47,0,"","","",""
RW3,1584,10/9/2023 4:35,16.39,0,"","","",""
RW3,1585,10/9/2023 4:40,16.39,0,"","","",""
RW3,1586,10/9/2023 4:45,16.34,0,"","","",""
RW3,1587,10/9/2023 4:50,16.34,0,"","","",""
RW3,1588,10/9/2023 4:55,16.39,0,"","","",""
RW3,1589,10/9/2023 5:00,16.34,0,"","","",""
RW3,1590,10/9/2023 5:05,16.3,0,"","","",""
RW3,1591,10/9/2023 5:10,16.21,0,"","","",""
RW3,1592,10/9/2023 5:15,16.26,0,"","","",""
RW3,1593,10/9/2023 5:20,16.21,0,"","","",""
RW3,1594,10/9/2023 5:25,16.26,0,"","","",""
RW3,1595,10/9/2023 5:30,16.17,0,"","","",""
RW3,1596,10/9/2023 5:35,16.17,0,"","","",""
RW3,1597,10/9/2023 5:40,16.17,0,"","","",""
RW3,1598,10/9/2023 5:45,16.13,0,"","","",""
RW3,1599,10/9/2023 5:50,16.17,0,"","","",""
RW3,1600,10/9/2023 5:55,16.17,0,"","","",""
RW3,1601,10/9/2023 6:00,16.13,0,"","","",""
RW3,1602,10/9/2023 6:05,16.13,0,"","","",""
RW3,1603,10/9/2023 6:10,16.08,0,"","","",""
RW3,1604,10/9/2023 6:15,16.04,0,"","","",""
RW3,1605,10/9/2023 6:20,16.04,0,"","","",""
RW3,1606,10/9/2023 6:25,16,0,"","","",""
RW3,1607,10/9/2023 6:30,16.04,0,"","","",""
RW3,1608,10/9/2023 6:35,16,0,"","","",""
RW3,1609,10/9/2023 6:40,16.04,0,"","","",""
RW3,1610,10/9/2023 6:45,16,7.37,"","","",""
RW3,1611,10/9/2023 6:50,15.96,6.07,"","","",""
RW3,1612,10/9/2023 6:55,15.87,51.38,"","","",""
RW3,1613,10/9/2023 7:00,15.87,59.24,"","","",""
RW3,1614,10/9/2023 7:05,15.91,0.21,"","","",""
RW3,1615,10/9/2023 7:10,15.87,15,"","","",""
RW3,1616,10/9/2023 7:15,15.83,1.08,"","","",""
RW3,1617,10/9/2023 7:20,15.78,11.06,"","","",""
RW3,1618,10/9/2023 7:25,15.87,26.53,"","","",""
RW3,1619,10/9/2023 7:30,15.83,61.86,"","","",""
RW3,1620,10/9/2023 7:35,15.83,26.96,"","","",""
RW3,1621,10/9/2023 7:40,15.83,2.17,"","","",""
RW3,1622,10/9/2023 7:45,15.83,4.34,"","","",""
RW3,1623,10/9/2023 7:50,15.83,82.8,"","","",""
RW3,1624,10/9/2023 7:55,15.78,4.99,"","","",""
RW3,1625,10/9/2023 8:00,15.7,16.52,"","","",""
RW3,1626,10/9/2023 8:05,15.83,316.64,"","","",""
RW3,1627,10/9/2023 8:10,15.87,44.82,"","","",""
RW3,1628,10/9/2023 8:15,15.91,1594.88,"","","",""
RW3,1629,10/9/2023 8:20,15.91,31.36,"","","",""
RW3,1630,10/9/2023 8:25,15.87,101.12,"","","",""
RW3,1631,10/9/2023 8:30,15.91,342.72,"","","",""
RW3,1632,10/9/2023 8:35,16,83.6,"","","",""
RW3,1633,10/9/2023 8:40,16,137.92,"","","",""
RW3,1634,10/9/2023 8:45,16,151.04,"","","",""
RW3,1635,10/9/2023 8:50,16,61.96,"","","",""
RW3,1636,10/9/2023 8:55,16.13,21.7,"","","",""
RW3,1637,10/9/2023 9:00,16.13,532.16,"","","",""
RW3,1638,10/9/2023 9:05,16.21,2197.76,"","","",""
RW3,1639,10/9/2023 9:10,16.21,4444.16,"","","",""
RW3,1640,10/9/2023 9:15,16.21,487.36,"","","",""
RW3,1641,10/9/2023 9:20,16.26,60,"","","",""
RW3,1642,10/9/2023 9:25,16.3,1224.96,"","","",""
RW3,1643,10/9/2023 9:30,16.26,573.44,"","","",""
RW3,1644,10/9/2023 9:35,16.3,512.16,"","","",""
RW3,1645,10/9/2023 9:40,16.34,460,"","","",""
RW3,1646,10/9/2023 9:45,16.3,1009.28,"","","",""
RW3,1647,10/9/2023 9:50,16.3,1992.96,"","","",""
RW3,1648,10/9/2023 9:55,16.34,2846.72,"","","",""
RW3,1649,10/9/2023 10:00,16.34,362.24,"","","",""
RW3,1650,10/9/2023 10:05,16.39,96.24,"","","",""
RW3,1651,10/9/2023 10:10,16.39,3663.36,"","","",""
RW3,1652,10/9/2023 10:15,16.43,4691.2,"","","",""
RW3,1653,10/9/2023 10:20,16.47,84.96,"","","",""
RW3,1654,10/9/2023 10:25,16.47,915.84,"","","",""
RW3,1655,10/9/2023 10:30,16.43,31.79,"","","",""
RW3,1656,10/9/2023 10:35,16.51,139.48,"","","",""
RW3,1657,10/9/2023 10:40,16.47,1021.76,"","","",""
RW3,1658,10/9/2023 10:45,16.56,1517.44,"","","",""
RW3,1659,10/9/2023 10:50,16.56,968,"","","",""
RW3,1660,10/9/2023 10:55,16.6,216.8,"","","",""
RW3,1661,10/9/2023 11:00,16.64,5775.36,"","","",""
RW3,1662,10/9/2023 11:05,16.73,1039.04,"","","",""
RW3,1663,10/9/2023 11:10,16.77,13368.32,"","","",""
RW3,1664,10/9/2023 11:15,16.73,14310.4,"","","",""
RW3,1665,10/9/2023 11:20,16.99,18437.12,"","","",""
RW3,1666,10/9/2023 11:25,16.9,2097.92,"","","",""
RW3,1667,10/9/2023 11:30,16.94,1776,"","","",""
RW3,1668,10/9/2023 11:35,16.99,6850.56,"","","",""
RW3,1669,10/9/2023 11:40,17.07,281.92,"","","",""
RW3,1670,10/9/2023 11:45,17.16,445.76,"","","",""
RW3,1671,10/9/2023 11:50,17.16,14632.96,"","","",""
RW3,1672,10/9/2023 11:55,17.24,1918.72,"","","",""
RW3,1673,10/9/2023 12:00,17.24,564.64,"","","",""
RW3,1674,10/9/2023 12:05,17.37,15646.72,"","","",""
RW3,1675,10/9/2023 12:10,17.41,23070.72,"","","",""
RW3,1676,10/9/2023 12:15,17.37,4044.8,"","","",""
RW3,1677,10/9/2023 12:20,17.41,24002.56,"","","",""
RW3,1678,10/9/2023 12:25,17.41,283.44,"","","",""
RW3,1679,10/9/2023 12:30,17.5,1725.44,"","","",""
RW3,1680,10/9/2023 12:35,17.5,548.16,"","","",""
RW3,1681,10/9/2023 12:40,17.76,2600.96,"","","",""
RW3,1682,10/9/2023 12:45,17.67,2748.16,"","","",""
RW3,1683,10/9/2023 12:50,17.37,344.16,"","","",""
RW3,1684,10/9/2023 12:55,17.63,388.96,"","","",""
RW3,1685,10/9/2023 13:00,18.14,48005.12,"","","",""
RW3,1686,10/9/2023 13:05,18.23,24883.2,"","","",""
RW3,1687,10/9/2023 13:10,17.93,376.32,"","","",""
RW3,1688,10/9/2023 13:15,17.8,513.92,"","","",""
RW3,1689,10/9/2023 13:20,17.89,816,"","","",""
RW3,1690,10/9/2023 13:25,17.72,31651.84,"","","",""
RW3,1691,10/9/2023 13:30,17.93,12144.64,"","","",""
RW3,1692,10/9/2023 13:35,18.02,2618.24,"","","",""
RW3,1693,10/9/2023 13:40,18.02,1793.28,"","","",""
RW3,1694,10/9/2023 13:45,18.23,608.96,"","","",""
RW3,1695,10/9/2023 13:50,18.44,9674.24,"","","",""
RW3,1696,10/9/2023 13:55,18.1,706.88,"","","",""
RW3,1697,10/9/2023 14:00,18.27,13849.6,"","","",""
RW3,1698,10/9/2023 14:05,18.36,697.6,"","","",""
RW3,1699,10/9/2023 14:10,18.23,1145.92,"","","",""
RW3,1700,10/9/2023 14:15,18.06,324.48,"","","",""
RW3,1701,10/9/2023 14:20,18.14,282.56,"","","",""
RW3,1702,10/9/2023 14:25,18.14,1227.52,"","","",""
RW3,1703,10/9/2023 14:30,18.32,752.96,"","","",""
RW3,1704,10/9/2023 14:35,18.23,423.68,"","","",""
RW3,1705,10/9/2023 14:40,18.27,35543.04,"","","",""
RW3,1706,10/9/2023 14:45,18.1,1139.84,"","","",""
RW3,1707,10/9/2023 14:50,18.32,20807.68,"","","",""
RW3,1708,10/9/2023 14:55,18.14,1633.92,"","","",""
RW3,1709,10/9/2023 15:00,18.1,7797.76,"","","",""
RW3,1710,10/9/2023 15:05,18.06,4014.08,"","","",""
RW3,1711,10/9/2023 15:10,18.02,153.88,"","","",""
RW3,1712,10/9/2023 15:15,18.19,4052.48,"","","",""
RW3,1713,10/9/2023 15:20,18.06,321.6,"","","",""
RW3,1714,10/9/2023 15:25,18.06,991.36,"","","",""
RW3,1715,10/9/2023 15:30,18.02,443.2,"","","",""
RW3,1716,10/9/2023 15:35,17.97,511.68,"","","",""
RW3,1717,10/9/2023 15:40,18.06,1128.64,"","","",""
RW3,1718,10/9/2023 15:45,18.06,756.48,"","","",""
RW3,1719,10/9/2023 15:50,18.06,805.44,"","","",""
RW3,1720,10/9/2023 15:55,18.1,4042.24,"","","",""
RW3,1721,10/9/2023 16:00,18.14,2324.48,"","","",""
RW3,1722,10/9/2023 16:05,18.1,920.96,"","","",""
RW3,1723,10/9/2023 16:10,18.1,1227.52,"","","",""
RW3,1724,10/9/2023 16:15,18.1,382.4,"","","",""
RW3,1725,10/9/2023 16:20,18.06,39.82,"","","",""
RW3,1726,10/9/2023 16:25,18.02,2744.32,"","","",""
RW3,1727,10/9/2023 16:30,18.06,75.52,"","","",""
RW3,1728,10/9/2023 16:35,17.97,128.36,"","","",""
RW3,1729,10/9/2023 16:40,18.06,5519.36,"","","",""
RW3,1730,10/9/2023 16:45,18.06,3892.48,"","","",""
RW3,1731,10/9/2023 16:50,18.06,1416.32,"","","",""
RW3,1732,10/9/2023 16:55,18.1,1371.52,"","","",""
RW3,1733,10/9/2023 17:00,18.1,291.44,"","","",""
RW3,1734,10/9/2023 17:05,18.02,100.36,"","","",""
RW3,1735,10/9/2023 17:10,18.06,85.48,"","","",""
RW3,1736,10/9/2023 17:15,18.02,586.88,"","","",""
RW3,1737,10/9/2023 17:20,18.02,26.15,"","","",""
RW3,1738,10/9/2023 17:25,17.97,1237.12,"","","",""
RW3,1739,10/9/2023 17:30,17.93,165.04,"","","",""
RW3,1740,10/9/2023 17:35,17.93,0.65,"","","",""
RW3,1741,10/9/2023 17:40,17.93,91.48,"","","",""
RW3,1742,10/9/2023 17:45,17.97,39.99,"","","",""
RW3,1743,10/9/2023 17:50,18.02,204,"","","",""
RW3,1744,10/9/2023 17:55,17.93,247.6,"","","",""
RW3,1745,10/9/2023 18:00,17.89,13.89,"","","",""
RW3,1746,10/9/2023 18:05,17.93,29.13,"","","",""
RW3,1747,10/9/2023 18:10,17.89,102.76,"","","",""
RW3,1748,10/9/2023 18:15,17.93,3.03,"","","",""
RW3,1749,10/9/2023 18:20,17.89,69.66,"","","",""
RW3,1750,10/9/2023 18:25,17.93,82.8,"","","",""
RW3,1751,10/9/2023 18:30,17.89,14.56,"","","",""
RW3,1752,10/9/2023 18:35,17.93,3.25,"","","",""
RW3,1753,10/9/2023 18:40,17.89,0,"","","",""
RW3,1754,10/9/2023 18:45,17.93,0,"","","",""
RW3,1755,10/9/2023 18:50,17.93,0.21,"","","",""
RW3,1756,10/9/2023 18:55,17.89,0,"","","",""
RW3,1757,10/9/2023 19:00,17.93,0,"","","",""
RW3,1758,10/9/2023 19:05,17.89,0,"","","",""
RW3,1759,10/9/2023 19:10,17.8,0,"","","",""
RW3,1760,10/9/2023 19:15,17.8,0,"","","",""
RW3,1761,10/9/2023 19:20,17.8,0,"","","",""
RW3,1762,10/9/2023 19:25,17.8,0,"","","",""
RW3,1763,10/9/2023 19:30,17.72,0,"","","",""
RW3,1764,10/9/2023 19:35,17.76,0,"","","",""
RW3,1765,10/9/2023 19:40,17.76,0,"","","",""
RW3,1766,10/9/2023 19:45,17.76,0,"","","",""
RW3,1767,10/9/2023 19:50,17.72,0,"","","",""
RW3,1768,10/9/2023 19:55,17.72,0,"","","",""
RW3,1769,10/9/2023 20:00,17.76,0,"","","",""
RW3,1770,10/9/2023 20:05,17.76,0,"","","",""
RW3,1771,10/9/2023 20:10,17.76,0,"","","",""
RW3,1772,10/9/2023 20:15,17.76,0,"","","",""
RW3,1773,10/9/2023 20:20,17.72,0,"","","",""
RW3,1774,10/9/2023 20:25,17.76,0,"","","",""
RW3,1775,10/9/2023 20:30,17.67,0,"","","",""
RW3,1776,10/9/2023 20:35,17.72,0,"","","",""
RW3,1777,10/9/2023 20:40,17.63,0,"","","",""
RW3,1778,10/9/2023 20:45,17.63,0,"","","",""
RW3,1779,10/9/2023 20:50,17.67,0,"","","",""
RW3,1780,10/9/2023 20:55,17.72,0,"","","",""
RW3,1781,10/9/2023 21:00,17.59,0,"","","",""
RW3,1782,10/9/2023 21:05,17.63,0,"","","",""
RW3,1783,10/9/2023 21:10,17.67,0,"","","",""
RW3,1784,10/9/2023 21:15,17.63,0,"","","",""
RW3,1785,10/9/2023 21:20,17.59,0,"","","",""
RW3,1786,10/9/2023 21:25,17.63,0,"","","",""
RW3,1787,10/9/2023 21:30,17.63,0,"","","",""
RW3,1788,10/9/2023 21:35,17.63,0,"","","",""
RW3,1789,10/9/2023 21:40,17.67,0,"","","",""
RW3,1790,10/9/2023 21:45,17.63,0,"","","",""
RW3,1791,10/9/2023 21:50,17.63,0,"","","",""
RW3,1792,10/9/2023 21:55,17.63,0,"","","",""
RW3,1793,10/9/2023 22:00,17.63,0,"","","",""
RW3,1794,10/9/2023 22:05,17.63,0,"","","",""
RW3,1795,10/9/2023 22:10,17.59,0,"","","",""
RW3,1796,10/9/2023 22:15,17.63,0,"","","",""
RW3,1797,10/9/2023 22:20,17.59,0,"","","",""
RW3,1798,10/9/2023 22:25,17.63,0,"","","",""
RW3,1799,10/9/2023 22:30,17.63,0,"","","",""
RW3,1800,10/9/2023 22:35,17.59,0,"","","",""
RW3,1801,10/9/2023 22:40,17.59,0,"","","",""
RW3,1802,10/9/2023 22:45,17.5,0,"","","",""
RW3,1803,10/9/2023 22:50,17.5,0,"","","",""
RW3,1804,10/9/2023 22:55,17.5,0,"","","",""
RW3,1805,10/9/2023 23:00,17.46,0,"","","",""
RW3,1806,10/9/2023 23:05,17.46,0,"","","",""
RW3,1807,10/9/2023 23:10,17.41,0,"","","",""
RW3,1808,10/9/2023 23:15,17.41,0,"","","",""
RW3,1809,10/9/2023 23:20,17.37,0,"","","",""
RW3,1810,10/9/2023 23:25,17.24,0,"","","",""
RW3,1811,10/9/2023 23:30,17.16,0,"","","",""
RW3,1866,10/10/2023 4:05,16.17,0,"","","",""
RW3,1867,10/10/2023 4:10,16.04,0,"","","",""
RW3,1868,10/10/2023 4:15,16.13,0,"","","",""
RW3,1869,10/10/2023 4:20,16.04,0,"","","",""
RW3,1870,10/10/2023 4:25,16.73,0,"","","",""
RW3,1871,10/10/2023 4:30,16.94,0,"","","",""
RW3,1872,10/10/2023 4:35,16.99,0,"","","",""
RW3,1873,10/10/2023 4:40,16.94,0,"","","",""
RW3,1874,10/10/2023 4:45,17.03,0,"","","",""
RW3,1875,10/10/2023 4:50,17.03,0,"","","",""
RW3,1876,10/10/2023 4:55,17.07,0,"","","",""
RW3,1877,10/10/2023 5:00,17.03,0,"","","",""
RW3,1878,10/10/2023 5:05,17.07,0,"","","",""
RW3,1879,10/10/2023 5:10,17.07,0,"","","",""
RW3,1880,10/10/2023 5:15,17.07,0,"","","",""
RW3,1881,10/10/2023 5:20,17.03,0,"","","",""
RW3,1882,10/10/2023 5:25,17.03,0,"","","",""
RW3,1883,10/10/2023 5:30,17.07,0,"","","",""
RW3,1884,10/10/2023 5:35,16.99,0,"","","",""
RW3,1885,10/10/2023 5:40,17.03,0,"","","",""
RW3,1886,10/10/2023 5:45,16.99,0,"","","",""
RW3,1887,10/10/2023 5:50,16.99,0,"","","",""
RW3,1888,10/10/2023 5:55,16.99,0,"","","",""
RW3,1889,10/10/2023 6:00,16.99,0,"","","",""
RW3,1890,10/10/2023 6:05,16.94,0,"","","",""
RW3,1891,10/10/2023 6:10,16.94,0,"","","",""
RW3,1892,10/10/2023 6:15,16.94,0,"","","",""
RW3,1893,10/10/2023 6:20,16.94,0,"","","",""
RW3,1894,10/10/2023 6:25,16.99,0,"","","",""
RW3,1895,10/10/2023 6:30,16.94,0,"","","",""
RW3,1896,10/10/2023 6:35,16.94,0,"","","",""
RW3,1897,10/10/2023 6:40,16.9,0,"","","",""
RW3,1898,10/10/2023 6:45,16.99,2.82,"","","",""
RW3,1899,10/10/2023 6:50,16.94,1.95,"","","",""
RW3,1900,10/10/2023 6:55,16.94,2.38,"","","",""
RW3,1901,10/10/2023 7:00,16.94,55.72,"","","",""
RW3,1902,10/10/2023 7:05,16.9,77.58,"","","",""
RW3,1903,10/10/2023 7:10,16.94,50.5,"","","",""
RW3,1904,10/10/2023 7:15,16.94,334.24,"","","",""
RW3,1905,10/10/2023 7:20,16.94,81.96,"","","",""
RW3,1906,10/10/2023 7:25,16.94,4.55,"","","",""
RW3,1907,10/10/2023 7:30,16.94,190.08,"","","",""
RW3,1908,10/10/2023 7:35,16.9,550.4,"","","",""
RW3,1909,10/10/2023 7:40,16.9,799.04,"","","",""
RW3,1910,10/10/2023 7:45,16.94,404.96,"","","",""
RW3,1911,10/10/2023 7:50,16.9,21.75,"","","",""
RW3,1912,10/10/2023 7:55,16.9,31.79,"","","",""
RW3,1913,10/10/2023 8:00,16.99,2340.48,"","","",""
RW3,1914,10/10/2023 8:05,16.94,393.6,"","","",""
RW3,1915,10/10/2023 8:10,16.94,21.27,"","","",""
RW3,1916,10/10/2023 8:15,16.99,484.32,"","","",""
RW3,1917,10/10/2023 8:20,16.99,232.24,"","","",""
RW3,1918,10/10/2023 8:25,16.94,849.92,"","","",""
RW3,1919,10/10/2023 8:30,16.99,1091.2,"","","",""
RW3,1920,10/10/2023 8:35,16.94,974.08,"","","",""
RW3,1921,10/10/2023 8:40,16.94,790.4,"","","",""
RW3,1922,10/10/2023 8:45,16.94,672.64,"","","",""
RW3,1923,10/10/2023 8:50,17.03,82.12,"","","",""
RW3,1924,10/10/2023 8:55,17.07,406.72,"","","",""
RW3,1925,10/10/2023 9:00,17.03,374.72,"","","",""
RW3,1926,10/10/2023 9:05,17.03,3056.64,"","","",""
RW3,1927,10/10/2023 9:10,17.03,576.48,"","","",""
RW3,1928,10/10/2023 9:15,17.07,1772.8,"","","",""
RW3,1929,10/10/2023 9:20,17.07,1107.84,"","","",""
RW3,1930,10/10/2023 9:25,17.07,604.16,"","","",""
RW3,1931,10/10/2023 9:30,17.11,6458.88,"","","",""
RW3,1932,10/10/2023 9:35,17.11,2229.12,"","","",""
RW3,1933,10/10/2023 9:40,17.2,1307.52,"","","",""
RW3,1934,10/10/2023 9:45,17.2,58.76,"","","",""
RW3,1935,10/10/2023 9:50,17.16,176.4,"","","",""
RW3,1936,10/10/2023 9:55,17.2,496.16,"","","",""
RW3,1937,10/10/2023 10:00,17.2,729.92,"","","",""
RW3,1938,10/10/2023 10:05,17.29,1432.96,"","","",""
RW3,1939,10/10/2023 10:10,17.29,825.6,"","","",""
RW3,1940,10/10/2023 10:15,17.29,10624,"","","",""
RW3,1941,10/10/2023 10:20,17.29,133.92,"","","",""
RW3,1942,10/10/2023 10:25,17.29,16235.52,"","","",""
RW3,1943,10/10/2023 10:30,17.37,5242.88,"","","",""
RW3,1944,10/10/2023 10:35,17.41,397.6,"","","",""
RW3,1945,10/10/2023 10:40,17.41,2676.48,"","","",""
RW3,1946,10/10/2023 10:45,17.33,10485.76,"","","",""
RW3,1947,10/10/2023 10:50,17.41,121.08,"","","",""
RW3,1948,10/10/2023 10:55,17.59,3116.8,"","","",""
RW3,1949,10/10/2023 11:00,17.59,10977.28,"","","",""
RW3,1950,10/10/2023 11:05,17.72,12303.36,"","","",""
RW3,1951,10/10/2023 11:10,17.63,16675.84,"","","",""
RW3,1952,10/10/2023 11:15,17.59,2362.88,"","","",""
RW3,1953,10/10/2023 11:20,17.67,2293.76,"","","",""
RW3,1954,10/10/2023 11:25,17.84,8847.36,"","","",""
RW3,1955,10/10/2023 11:30,17.8,18908.16,"","","",""
RW3,1956,10/10/2023 11:35,17.8,16235.52,"","","",""
RW3,1957,10/10/2023 11:40,17.84,2435.84,"","","",""
RW3,1958,10/10/2023 11:45,18.06,42905.6,"","","",""
RW3,1959,10/10/2023 11:50,18.06,660.16,"","","",""
RW3,1960,10/10/2023 11:55,18.06,641.92,"","","",""
RW3,1961,10/10/2023 12:00,18.02,110.12,"","","",""
RW3,1962,10/10/2023 12:05,18.32,3659.52,"","","",""
RW3,1963,10/10/2023 12:10,18.4,816,"","","",""
RW3,1964,10/10/2023 12:15,18.32,295.12,"","","",""
RW3,1965,10/10/2023 12:20,18.27,268.24,"","","",""
RW3,1966,10/10/2023 12:25,18.83,20592.64,"","","",""
RW3,1967,10/10/2023 12:30,18.74,234.16,"","","",""
RW3,1968,10/10/2023 12:35,18.83,52060.16,"","","",""
RW3,1969,10/10/2023 12:40,19,2213.76,"","","",""
RW3,1970,10/10/2023 12:45,18.92,1131.2,"","","",""
RW3,1971,10/10/2023 12:50,19.13,3055.36,"","","",""
RW3,1972,10/10/2023 12:55,18.83,278.24,"","","",""
RW3,1973,10/10/2023 13:00,19.17,970.56,"","","",""
RW3,1974,10/10/2023 13:05,19.39,411.84,"","","",""
RW3,1975,10/10/2023 13:10,19.17,380.16,"","","",""
RW3,1976,10/10/2023 13:15,19.39,926.72,"","","",""
RW3,1977,10/10/2023 13:20,19.43,829.12,"","","",""
RW3,1978,10/10/2023 13:25,19.43,394.24,"","","",""
RW3,1979,10/10/2023 13:30,19.56,1980.8,"","","",""
RW3,1980,10/10/2023 13:35,19.39,422.24,"","","",""
RW3,1981,10/10/2023 13:40,20.29,3840,"","","",""
RW3,1982,10/10/2023 13:45,20.16,501.28,"","","",""
RW3,1983,10/10/2023 13:50,20.12,1376.64,"","","",""
RW3,1984,10/10/2023 13:55,20.07,616.32,"","","",""
RW3,1985,10/10/2023 14:00,20.16,1520.64,"","","",""
RW3,1986,10/10/2023 14:05,20.46,1715.2,"","","",""
RW3,1987,10/10/2023 14:10,20.42,2430.72,"","","",""
RW3,1988,10/10/2023 14:15,19.82,633.76,"","","",""
RW3,1989,10/10/2023 14:20,20.16,782.08,"","","",""
RW3,1990,10/10/2023 14:25,19.9,738.24,"","","",""
RW3,1991,10/10/2023 14:30,19.9,811.2,"","","",""
RW3,1992,10/10/2023 14:35,20.07,961.92,"","","",""
RW3,1993,10/10/2023 14:40,19.95,1468.8,"","","",""
RW3,1994,10/10/2023 14:45,19.77,140,"","","",""
RW3,1995,10/10/2023 14:50,19.52,504.32,"","","",""
RW3,1996,10/10/2023 14:55,19.35,419.68,"","","",""
RW3,1997,10/10/2023 15:00,19.43,4691.2,"","","",""
RW3,1998,10/10/2023 15:05,19.35,1106.88,"","","",""
RW3,1999,10/10/2023 15:10,19.39,22743.04,"","","",""
RW3,2000,10/10/2023 15:15,19.47,530.4,"","","",""
RW3,2001,10/10/2023 15:20,19.26,251.12,"","","",""
RW3,2002,10/10/2023 15:25,19.13,11284.48,"","","",""
RW3,2003,10/10/2023 15:30,19.05,2375.04,"","","",""
RW3,2004,10/10/2023 15:35,18.96,236.96,"","","",""
RW3,2005,10/10/2023 15:40,18.92,7375.36,"","","",""
RW3,2006,10/10/2023 15:45,18.87,68.9,"","","",""
RW3,2007,10/10/2023 15:50,18.83,207.44,"","","",""
RW3,2008,10/10/2023 15:55,18.79,2543.36,"","","",""
RW3,2009,10/10/2023 16:00,18.79,93.84,"","","",""
RW3,2010,10/10/2023 16:05,18.79,424,"","","",""
RW3,2011,10/10/2023 16:10,18.83,1488.64,"","","",""
RW3,2012,10/10/2023 16:15,18.79,23.76,"","","",""
RW3,2013,10/10/2023 16:20,18.79,287.52,"","","",""
RW3,2014,10/10/2023 16:25,18.79,751.68,"","","",""
RW3,2015,10/10/2023 16:30,18.79,4736,"","","",""
RW3,2016,10/10/2023 16:35,18.79,2680.32,"","","",""
RW3,2017,10/10/2023 16:40,18.74,2149.12,"","","",""
RW3,2018,10/10/2023 16:45,18.74,350.72,"","","",""
RW3,2019,10/10/2023 16:50,18.74,1466.24,"","","",""
RW3,2020,10/10/2023 16:55,18.74,1797.12,"","","",""
RW3,2021,10/10/2023 17:00,18.74,448.32,"","","",""
RW3,2022,10/10/2023 17:05,18.7,89.72,"","","",""
RW3,2023,10/10/2023 17:10,18.7,79.76,"","","",""
RW3,2024,10/10/2023 17:15,18.62,83.64,"","","",""
RW3,2025,10/10/2023 17:20,18.66,1106.88,"","","",""
RW3,2026,10/10/2023 17:25,18.7,4.12,"","","",""
RW3,2027,10/10/2023 17:30,18.7,149.84,"","","",""
RW3,2028,10/10/2023 17:35,18.62,163.84,"","","",""
RW3,2029,10/10/2023 17:40,18.7,21.94,"","","",""
RW3,2030,10/10/2023 17:45,18.66,597.28,"","","",""
RW3,2031,10/10/2023 17:50,18.74,118.48,"","","",""
RW3,2032,10/10/2023 17:55,18.7,1.3,"","","",""
RW3,2033,10/10/2023 18:00,18.74,300.8,"","","",""
RW3,2034,10/10/2023 18:05,18.66,15.87,"","","",""
RW3,2035,10/10/2023 18:10,18.74,32.61,"","","",""
RW3,2036,10/10/2023 18:15,18.7,162.12,"","","",""
RW3,2037,10/10/2023 18:20,18.79,107.2,"","","",""
RW3,2038,10/10/2023 18:25,18.79,0.65,"","","",""
RW3,2039,10/10/2023 18:30,18.83,3.03,"","","",""
RW3,2040,10/10/2023 18:35,18.79,8.24,"","","",""
RW3,2041,10/10/2023 18:40,18.87,0.43,"","","",""
RW3,2042,10/10/2023 18:45,18.83,0,"","","",""
RW3,2043,10/10/2023 18:50,18.79,0,"","","",""
RW3,2044,10/10/2023 18:55,18.74,0,"","","",""
RW3,2045,10/10/2023 19:00,18.74,0,"","","",""
RW3,2046,10/10/2023 19:05,18.66,0,"","","",""
RW3,2047,10/10/2023 19:10,18.7,0,"","","",""
RW3,2048,10/10/2023 19:15,18.66,0,"","","",""
RW3,2049,10/10/2023 19:20,18.74,0,"","","",""
RW3,2050,10/10/2023 19:25,18.7,0,"","","",""
RW3,2051,10/10/2023 19:30,18.74,0,"","","",""
RW3,2052,10/10/2023 19:35,18.79,0,"","","",""
RW3,2053,10/10/2023 19:40,18.83,0,"","","",""
RW3,2054,10/10/2023 19:45,18.79,0,"","","",""
RW3,2055,10/10/2023 19:50,18.74,0,"","","",""
RW3,2056,10/10/2023 19:55,18.79,0,"","","",""
RW3,2057,10/10/2023 20:00,18.74,0,"","","",""
RW3,2058,10/10/2023 20:05,18.74,0,"","","",""
RW3,2059,10/10/2023 20:10,18.66,0,"","","",""
RW3,2060,10/10/2023 20:15,18.66,0,"","","",""
RW3,2061,10/10/2023 20:20,18.66,0,"","","",""
RW3,2062,10/10/2023 20:25,18.7,0,"","","",""
RW3,2063,10/10/2023 20:30,18.7,0,"","","",""
RW3,2064,10/10/2023 20:35,18.74,0,"","","",""
RW3,2065,10/10/2023 20:40,18.7,0,"","","",""
RW3,2066,10/10/2023 20:45,18.74,0,"","","",""
RW3,2067,10/10/2023 20:50,18.7,0,"","","",""
RW3,2068,10/10/2023 20:55,18.79,0,"","","",""
RW3,2069,10/10/2023 21:00,18.79,0,"","","",""
RW3,2070,10/10/2023 21:05,18.83,0,"","","",""
RW3,2071,10/10/2023 21:10,18.83,0,"","","",""
RW3,2072,10/10/2023 21:15,18.79,0,"","","",""
RW3,2073,10/10/2023 21:20,18.79,0,"","","",""
RW3,2074,10/10/2023 21:25,18.83,0,"","","",""
RW3,2075,10/10/2023 21:30,18.74,0,"","","",""
RW3,2076,10/10/2023 21:35,18.7,0,"","","",""
RW3,2077,10/10/2023 21:40,18.7,0,"","","",""
RW3,2078,10/10/2023 21:45,18.7,0,"","","",""
RW3,2079,10/10/2023 21:50,18.74,0,"","","",""
RW3,2080,10/10/2023 21:55,18.7,0,"","","",""
RW3,2081,10/10/2023 22:00,18.7,0,"","","",""
RW3,2082,10/10/2023 22:05,18.66,0,"","","",""
RW3,2083,10/10/2023 22:10,18.7,0,"","","",""
RW3,2084,10/10/2023 22:15,18.74,0,"","","",""
RW3,2085,10/10/2023 22:20,18.79,0,"","","",""
RW3,2086,10/10/2023 22:25,18.79,0,"","","",""
RW3,2087,10/10/2023 22:30,18.79,0,"","","",""
RW3,2088,10/10/2023 22:35,18.79,0,"","","",""
RW3,2089,10/10/2023 22:40,18.74,0,"","","",""
RW3,2090,10/10/2023 22:45,18.79,0,"","","",""
RW3,2091,10/10/2023 22:50,18.74,0,"","","",""
RW3,2092,10/10/2023 22:55,18.74,0,"","","",""
RW3,2093,10/10/2023 23:00,18.74,0,"","","",""
RW3,2094,10/10/2023 23:05,18.79,0,"","","",""
RW3,2095,10/10/2023 23:10,18.79,0,"","","",""
RW3,2096,10/10/2023 23:15,18.83,0,"","","",""
RW3,2097,10/10/2023 23:20,18.79,0,"","","",""
RW3,2098,10/10/2023 23:25,18.83,0,"","","",""
RW3,2099,10/10/2023 23:30,18.79,0,"","","",""
RW3,2100,10/10/2023 23:35,18.74,0,"","","",""
RW3,2101,10/10/2023 23:40,18.74,0,"","","",""
RW3,2102,10/10/2023 23:45,18.7,0,"","","",""
RW3,2103,10/10/2023 23:50,18.66,0,"","","",""
RW3,2104,10/10/2023 23:55,18.66,0,"","","",""
RW3,2105,10/11/2023 0:00,18.53,0,"","","",""
RW3,2106,10/11/2023 0:05,18.44,0,"","","",""
RW3,2107,10/11/2023 0:10,18.32,0,"","","",""
RW3,2108,10/11/2023 0:15,18.19,0,"","","",""
RW3,2157,10/11/2023 4:20,16.77,0,"","","",""
RW3,2158,10/11/2023 4:25,17.24,0,"","","",""
RW3,2159,10/11/2023 4:30,17.76,0,"","","",""
RW3,2160,10/11/2023 4:35,17.8,0,"","","",""
RW3,2161,10/11/2023 4:40,17.89,0,"","","",""
RW3,2162,10/11/2023 4:45,17.8,0,"","","",""
RW3,2163,10/11/2023 4:50,17.89,0,"","","",""
RW3,2164,10/11/2023 4:55,17.97,0,"","","",""
RW3,2165,10/11/2023 5:00,17.97,0,"","","",""
RW3,2166,10/11/2023 5:05,18.02,0,"","","",""
RW3,2167,10/11/2023 5:10,17.97,0,"","","",""
RW3,2168,10/11/2023 5:15,17.97,0,"","","",""
RW3,2169,10/11/2023 5:20,18.02,0,"","","",""
RW3,2170,10/11/2023 5:25,17.97,0,"","","",""
RW3,2171,10/11/2023 5:30,17.97,0,"","","",""
RW3,2172,10/11/2023 5:35,18.02,0,"","","",""
RW3,2173,10/11/2023 5:40,17.97,0,"","","",""
RW3,2174,10/11/2023 5:45,17.97,0,"","","",""
RW3,2175,10/11/2023 5:50,17.97,0,"","","",""
RW3,2176,10/11/2023 5:55,17.84,0,"","","",""
RW3,2177,10/11/2023 6:00,17.89,0,"","","",""
RW3,2178,10/11/2023 6:05,17.89,0,"","","",""
RW3,2179,10/11/2023 6:10,17.89,0,"","","",""
RW3,2180,10/11/2023 6:15,17.84,0,"","","",""
RW3,2181,10/11/2023 6:20,17.8,0,"","","",""
RW3,2182,10/11/2023 6:25,17.8,0,"","","",""
RW3,2183,10/11/2023 6:30,17.8,0,"","","",""
RW3,2184,10/11/2023 6:35,17.8,0,"","","",""
RW3,2185,10/11/2023 6:40,17.72,0,"","","",""
RW3,2186,10/11/2023 6:45,17.76,0,"","","",""
RW3,2187,10/11/2023 6:50,17.72,21.54,"","","",""
RW3,2188,10/11/2023 6:55,17.67,1.73,"","","",""
RW3,2189,10/11/2023 7:00,17.72,59.24,"","","",""
RW3,2190,10/11/2023 7:05,17.76,2.82,"","","",""
RW3,2191,10/11/2023 7:10,17.72,1.3,"","","",""
RW3,2192,10/11/2023 7:15,17.72,71.46,"","","",""
RW3,2193,10/11/2023 7:20,17.72,37.44,"","","",""
RW3,2194,10/11/2023 7:25,17.76,29.13,"","","",""
RW3,2195,10/11/2023 7:30,17.72,133.48,"","","",""
RW3,2196,10/11/2023 7:35,17.72,0.86,"","","",""
RW3,2197,10/11/2023 7:40,17.72,229.36,"","","",""
RW3,2198,10/11/2023 7:45,17.72,55.78,"","","",""
RW3,2199,10/11/2023 7:50,17.76,252.16,"","","",""
RW3,2200,10/11/2023 7:55,17.76,15,"","","",""
RW3,2201,10/11/2023 8:00,17.84,69.28,"","","",""
RW3,2202,10/11/2023 8:05,17.76,96.8,"","","",""
RW3,2203,10/11/2023 8:10,17.84,346.56,"","","",""
RW3,2204,10/11/2023 8:15,17.76,438.88,"","","",""
RW3,2205,10/11/2023 8:20,17.84,35.32,"","","",""
RW3,2206,10/11/2023 8:25,17.84,12.61,"","","",""
RW3,2207,10/11/2023 8:30,17.89,612.48,"","","",""
RW3,2208,10/11/2023 8:35,17.93,500.96,"","","",""
RW3,2209,10/11/2023 8:40,17.84,65.86,"","","",""
RW3,2210,10/11/2023 8:45,17.89,540.8,"","","",""
RW3,2211,10/11/2023 8:50,17.93,326.64,"","","",""
RW3,2212,10/11/2023 8:55,17.89,308.16,"","","",""
RW3,2213,10/11/2023 9:00,17.93,9.17,"","","",""
RW3,2214,10/11/2023 9:05,18.02,11.28,"","","",""
RW3,2215,10/11/2023 9:10,18.02,61.86,"","","",""
RW3,2216,10/11/2023 9:15,18.02,59.74,"","","",""
RW3,2217,10/11/2023 9:20,18.06,133.56,"","","",""
RW3,2218,10/11/2023 9:25,18.06,34.89,"","","",""
RW3,2219,10/11/2023 9:30,18.06,466.08,"","","",""
RW3,2220,10/11/2023 9:35,18.1,20.51,"","","",""
RW3,2221,10/11/2023 9:40,18.1,106.56,"","","",""
RW3,2222,10/11/2023 9:45,18.19,3.25,"","","",""
RW3,2223,10/11/2023 9:50,18.14,880.64,"","","",""
RW3,2224,10/11/2023 9:55,18.19,11.93,"","","",""
RW3,2225,10/11/2023 10:00,18.19,21.62,"","","",""
RW3,2226,10/11/2023 10:05,18.23,90.8,"","","",""
RW3,2227,10/11/2023 10:10,18.27,76.72,"","","",""
RW3,2228,10/11/2023 10:15,18.32,7.37,"","","",""
RW3,2229,10/11/2023 10:20,18.36,876.16,"","","",""
RW3,2230,10/11/2023 10:25,18.4,289.92,"","","",""
RW3,2231,10/11/2023 10:30,18.4,151.8,"","","",""
RW3,2232,10/11/2023 10:35,18.49,1486.08,"","","",""
RW3,2233,10/11/2023 10:40,18.44,235.44,"","","",""
RW3,2234,10/11/2023 10:45,18.49,199.84,"","","",""
RW3,2235,10/11/2023 10:50,18.57,195.52,"","","",""
RW3,2236,10/11/2023 10:55,18.62,125.88,"","","",""
RW3,2237,10/11/2023 11:00,18.66,93.2,"","","",""
RW3,2238,10/11/2023 11:05,18.66,4399.36,"","","",""
RW3,2239,10/11/2023 11:10,18.66,201.6,"","","",""
RW3,2240,10/11/2023 11:15,18.7,1698.56,"","","",""
RW3,2241,10/11/2023 11:20,18.74,1045.12,"","","",""
RW3,2242,10/11/2023 11:25,18.83,4042.24,"","","",""
RW3,2243,10/11/2023 11:30,18.92,493.44,"","","",""
RW3,2244,10/11/2023 11:35,18.96,2864.64,"","","",""
RW3,2245,10/11/2023 11:40,18.96,1121.6,"","","",""
RW3,2246,10/11/2023 11:45,18.96,683.2,"","","",""
RW3,2247,10/11/2023 11:50,19.09,7951.36,"","","",""
RW3,2248,10/11/2023 11:55,19.17,784.64,"","","",""
RW3,2249,10/11/2023 12:00,19.17,369.28,"","","",""
RW3,2250,10/11/2023 12:05,19.3,326.88,"","","",""
RW3,2251,10/11/2023 12:10,19.35,16179.2,"","","",""
RW3,2252,10/11/2023 12:15,19.47,360.48,"","","",""
RW3,2253,10/11/2023 12:20,19.52,1074.56,"","","",""
RW3,2254,10/11/2023 12:25,19.6,1363.84,"","","",""
RW3,2255,10/11/2023 12:30,19.65,14115.84,"","","",""
RW3,2256,10/11/2023 12:35,19.69,291.92,"","","",""
RW3,2257,10/11/2023 12:40,19.82,1079.36,"","","",""
RW3,2258,10/11/2023 12:45,19.9,226.56,"","","",""
RW3,2259,10/11/2023 12:50,19.95,257.36,"","","",""
RW3,2260,10/11/2023 12:55,20.37,7485.44,"","","",""
RW3,2261,10/11/2023 13:00,20.29,5205.76,"","","",""
RW3,2262,10/11/2023 13:05,20.55,677.12,"","","",""
RW3,2263,10/11/2023 13:10,20.25,537.76,"","","",""
RW3,2264,10/11/2023 13:15,20.07,95.28,"","","",""
RW3,2265,10/11/2023 13:20,20.37,9633.28,"","","",""
RW3,2266,10/11/2023 13:25,20.55,732.48,"","","",""
RW3,2267,10/11/2023 13:30,20.93,2743.04,"","","",""
RW3,2268,10/11/2023 13:35,20.8,1043.52,"","","",""
RW3,2269,10/11/2023 13:40,21.1,2375.04,"","","",""
RW3,2270,10/11/2023 13:45,21.45,1984.64,"","","",""
RW3,2271,10/11/2023 13:50,21.32,1734.4,"","","",""
RW3,2272,10/11/2023 13:55,21.58,1441.92,"","","",""
RW3,2273,10/11/2023 14:00,21.36,1256.96,"","","",""
RW3,2274,10/11/2023 14:05,21.45,1637.76,"","","",""
RW3,2275,10/11/2023 14:10,21.66,1216.96,"","","",""
RW3,2276,10/11/2023 14:15,22.22,1547.52,"","","",""
RW3,2277,10/11/2023 14:20,22.01,1965.44,"","","",""
RW3,2278,10/11/2023 14:25,22.05,2158.08,"","","",""
RW3,2279,10/11/2023 14:30,21.96,1948.16,"","","",""
RW3,2280,10/11/2023 14:35,22.13,2175.36,"","","",""
RW3,2281,10/11/2023 14:40,21.62,2135.68,"","","",""
RW3,2282,10/11/2023 14:45,21.7,3380.48,"","","",""
RW3,2283,10/11/2023 14:50,21.49,3439.36,"","","",""
RW3,2284,10/11/2023 14:55,21.7,2618.24,"","","",""
RW3,2285,10/11/2023 15:00,21.75,3642.88,"","","",""
RW3,2286,10/11/2023 15:05,21.1,2182.4,"","","",""
RW3,2287,10/11/2023 15:10,21.1,1848.96,"","","",""
RW3,2288,10/11/2023 15:15,21.49,1802.88,"","","",""
RW3,2289,10/11/2023 15:20,21.1,113.28,"","","",""
RW3,2290,10/11/2023 15:25,20.76,87.24,"","","",""
RW3,2291,10/11/2023 15:30,20.55,767.04,"","","",""
RW3,2292,10/11/2023 15:35,20.42,550.4,"","","",""
RW3,2293,10/11/2023 15:40,20.33,113.92,"","","",""
RW3,2294,10/11/2023 15:45,20.33,348.48,"","","",""
RW3,2295,10/11/2023 15:50,20.29,2057.6,"","","",""
RW3,2296,10/11/2023 15:55,20.16,177.92,"","","",""
RW3,2297,10/11/2023 16:00,20.16,15252.48,"","","",""
RW3,2298,10/11/2023 16:05,20.12,15513.6,"","","",""
RW3,2299,10/11/2023 16:10,20.12,771.84,"","","",""
RW3,2300,10/11/2023 16:15,20.12,110.36,"","","",""
RW3,2301,10/11/2023 16:20,20.07,377.6,"","","",""
RW3,2302,10/11/2023 16:25,20.03,98.2,"","","",""
RW3,2303,10/11/2023 16:30,19.99,255.84,"","","",""
RW3,2304,10/11/2023 16:35,20.03,28.81,"","","",""
RW3,2305,10/11/2023 16:40,20.03,1040.96,"","","",""
RW3,2306,10/11/2023 16:45,19.99,45.58,"","","",""
RW3,2307,10/11/2023 16:50,19.95,644.96,"","","",""
RW3,2308,10/11/2023 16:55,19.9,364.8,"","","",""
RW3,2309,10/11/2023 17:00,19.82,38.2,"","","",""
RW3,2310,10/11/2023 17:05,19.82,353.28,"","","",""
RW3,2311,10/11/2023 17:10,19.77,377.44,"","","",""
RW3,2312,10/11/2023 17:15,19.77,102.96,"","","",""
RW3,2313,10/11/2023 17:20,19.65,13.91,"","","",""
RW3,2314,10/11/2023 17:25,19.65,848.96,"","","",""
RW3,2315,10/11/2023 17:30,19.6,53.72,"","","",""
RW3,2316,10/11/2023 17:35,19.6,415.36,"","","",""
RW3,2317,10/11/2023 17:40,19.52,34.34,"","","",""
RW3,2318,10/11/2023 17:45,19.47,338.24,"","","",""
RW3,2319,10/11/2023 17:50,19.52,41.34,"","","",""
RW3,2320,10/11/2023 17:55,19.43,13.45,"","","",""
RW3,2321,10/11/2023 18:00,19.35,0.43,"","","",""
RW3,2322,10/11/2023 18:05,19.35,61.86,"","","",""
RW3,2323,10/11/2023 18:10,19.35,0.21,"","","",""
RW3,2324,10/11/2023 18:15,19.3,53.54,"","","",""
RW3,2325,10/11/2023 18:20,19.26,1.95,"","","",""
RW3,2326,10/11/2023 18:25,19.26,6.72,"","","",""
RW3,2327,10/11/2023 18:30,19.22,0,"","","",""
RW3,2328,10/11/2023 18:35,19.22,1.95,"","","",""
RW3,2329,10/11/2023 18:40,19.17,0,"","","",""
RW3,2330,10/11/2023 18:45,19.17,0,"","","",""
RW3,2331,10/11/2023 18:50,19.17,0,"","","",""
RW3,2332,10/11/2023 18:55,19.13,0,"","","",""
RW3,2333,10/11/2023 19:00,19.13,0,"","","",""
RW3,2334,10/11/2023 19:05,19.05,0,"","","",""
RW3,2335,10/11/2023 19:10,19.09,0,"","","",""
RW3,2336,10/11/2023 19:15,19,0,"","","",""
RW3,2337,10/11/2023 19:20,19,0,"","","",""
RW3,2338,10/11/2023 19:25,19,0,"","","",""
RW3,2339,10/11/2023 19:30,18.92,0,"","","",""
RW3,2340,10/11/2023 19:35,18.92,0,"","","",""
RW3,2341,10/11/2023 19:40,18.92,0,"","","",""
RW3,2342,10/11/2023 19:45,18.92,0,"","","",""
RW3,2343,10/11/2023 19:50,18.87,0,"","","",""
RW3,2344,10/11/2023 19:55,18.83,0,"","","",""
RW3,2345,10/11/2023 20:00,18.87,0,"","","",""
RW3,2346,10/11/2023 20:05,18.87,0,"","","",""
RW3,2347,10/11/2023 20:10,18.87,0,"","","",""
RW3,2348,10/11/2023 20:15,18.83,0,"","","",""
RW3,2349,10/11/2023 20:20,18.87,0,"","","",""
RW3,2350,10/11/2023 20:25,18.79,0,"","","",""
RW3,2351,10/11/2023 20:30,18.83,0,"","","",""
RW3,2352,10/11/2023 20:35,18.79,0,"","","",""
RW3,2353,10/11/2023 20:40,18.83,0,"","","",""
RW3,2354,10/11/2023 20:45,18.83,0,"","","",""
RW3,2355,10/11/2023 20:50,18.79,0,"","","",""
RW3,2356,10/11/2023 20:55,18.74,0,"","","",""
RW3,2357,10/11/2023 21:00,18.74,0,"","","",""
RW3,2358,10/11/2023 21:05,18.79,0,"","","",""
RW3,2359,10/11/2023 21:10,18.74,0,"","","",""
RW3,2360,10/11/2023 21:15,18.74,0,"","","",""
RW3,2361,10/11/2023 21:20,18.74,0,"","","",""
RW3,2362,10/11/2023 21:25,18.7,0,"","","",""
RW3,2363,10/11/2023 21:30,18.74,0,"","","",""
RW3,2364,10/11/2023 21:35,18.79,0,"","","",""
RW3,2365,10/11/2023 21:40,18.74,0,"","","",""
RW3,2366,10/11/2023 21:45,18.74,0,"","","",""
RW3,2367,10/11/2023 21:50,18.79,0,"","","",""
RW3,2368,10/11/2023 21:55,18.74,0,"","","",""
RW3,2369,10/11/2023 22:00,18.79,0,"","","",""
RW3,2370,10/11/2023 22:05,18.74,0,"","","",""
RW3,2371,10/11/2023 22:10,18.79,0,"","","",""
RW3,2372,10/11/2023 22:15,18.79,0,"","","",""
RW3,2373,10/11/2023 22:20,18.7,0,"","","",""
RW3,2374,10/11/2023 22:25,18.7,0,"","","",""
RW3,2375,10/11/2023 22:30,18.74,0,"","","",""
RW3,2376,10/11/2023 22:35,18.74,0,"","","",""
RW3,2377,10/11/2023 22:40,18.74,0,"","","",""
RW3,2378,10/11/2023 22:45,18.74,0,"","","",""
RW3,2379,10/11/2023 22:50,18.74,0,"","","",""
RW3,2380,10/11/2023 22:55,18.74,0,"","","",""
RW3,2381,10/11/2023 23:00,18.74,0,"","","",""
RW3,2382,10/11/2023 23:05,18.7,0,"","","",""
RW3,2383,10/11/2023 23:10,18.7,0,"","","",""
RW3,2384,10/11/2023 23:15,18.7,0,"","","",""
RW3,2385,10/11/2023 23:20,18.7,0,"","","",""
RW3,2386,10/11/2023 23:25,18.66,0,"","","",""
RW3,2387,10/11/2023 23:30,18.66,0,"","","",""
RW3,2388,10/11/2023 23:35,18.66,0,"","","",""
RW3,2389,10/11/2023 23:40,18.66,0,"","","",""
RW3,2390,10/11/2023 23:45,18.66,0,"","","",""
RW3,2391,10/11/2023 23:50,18.62,0,"","","",""
RW3,2392,10/11/2023 23:55,18.66,0,"","","",""
RW3,2393,10/12/2023 0:00,18.62,0,"","","",""
RW3,2394,10/12/2023 0:05,18.62,0,"","","",""
RW3,2395,10/12/2023 0:10,18.62,0,"","","",""
RW3,2396,10/12/2023 0:15,18.57,0,"","","",""
RW3,2397,10/12/2023 0:20,18.62,0,"","","",""
RW3,2398,10/12/2023 0:25,18.53,0,"","","",""
RW3,2399,10/12/2023 0:30,18.53,0,"","","",""
RW3,2400,10/12/2023 0:35,18.49,0,"","","",""
RW3,2401,10/12/2023 0:40,18.49,0,"","","",""
RW3,2402,10/12/2023 0:45,18.53,0,"","","",""
RW3,2403,10/12/2023 0:50,18.44,0,"","","",""
RW3,2404,10/12/2023 0:55,18.4,0,"","","",""
RW3,2445,10/12/2023 4:20,17.03,0,"","","",""
RW3,2446,10/12/2023 4:25,17.46,0,"","","",""
RW3,2447,10/12/2023 4:30,17.67,0,"","","",""
RW3,2448,10/12/2023 4:35,17.72,0,"","","",""
RW3,2449,10/12/2023 4:40,17.76,0,"","","",""
RW3,2450,10/12/2023 4:45,17.72,0,"","","",""
RW3,2451,10/12/2023 4:50,17.72,0,"","","",""
RW3,2452,10/12/2023 4:55,17.8,0,"","","",""
RW3,2453,10/12/2023 5:00,17.84,0,"","","",""
RW3,2454,10/12/2023 5:05,17.84,0,"","","",""
RW3,2455,10/12/2023 5:10,17.8,0,"","","",""
RW3,2456,10/12/2023 5:15,17.89,0,"","","",""
RW3,2457,10/12/2023 5:20,17.84,0,"","","",""
RW3,2458,10/12/2023 5:25,17.89,0,"","","",""
RW3,2459,10/12/2023 5:30,17.89,0,"","","",""
RW3,2460,10/12/2023 5:35,17.89,0,"","","",""
RW3,2461,10/12/2023 5:40,17.84,0,"","","",""
RW3,2462,10/12/2023 5:45,17.89,0,"","","",""
RW3,2463,10/12/2023 5:50,17.93,0,"","","",""
RW3,2464,10/12/2023 5:55,17.89,0,"","","",""
RW3,2465,10/12/2023 6:00,17.89,0,"","","",""
RW3,2466,10/12/2023 6:05,17.84,0,"","","",""
RW3,2467,10/12/2023 6:10,17.84,0,"","","",""
RW3,2468,10/12/2023 6:15,17.76,0,"","","",""
RW3,2469,10/12/2023 6:20,17.72,0,"","","",""
RW3,2470,10/12/2023 6:25,17.67,0,"","","",""
RW3,2471,10/12/2023 6:30,17.72,0,"","","",""
RW3,2472,10/12/2023 6:35,17.76,0,"","","",""
RW3,2473,10/12/2023 6:40,17.72,0,"","","",""
RW3,2474,10/12/2023 6:45,17.72,0,"","","",""
RW3,2475,10/12/2023 6:50,17.72,2.82,"","","",""
RW3,2476,10/12/2023 6:55,17.72,3.47,"","","",""
RW3,2477,10/12/2023 7:00,17.67,6.29,"","","",""
RW3,2478,10/12/2023 7:05,17.72,22.57,"","","",""
RW3,2479,10/12/2023 7:10,17.76,50.08,"","","",""
RW3,2480,10/12/2023 7:15,17.72,3.25,"","","",""
RW3,2481,10/12/2023 7:20,17.67,6.29,"","","",""
RW3,2482,10/12/2023 7:25,17.67,1.51,"","","",""
RW3,2483,10/12/2023 7:30,17.72,3.25,"","","",""
RW3,2484,10/12/2023 7:35,17.72,0,"","","",""
RW3,2485,10/12/2023 7:40,17.72,0.86,"","","",""
RW3,2486,10/12/2023 7:45,17.67,77.58,"","","",""
RW3,2487,10/12/2023 7:50,17.63,11.28,"","","",""
RW3,2488,10/12/2023 7:55,17.59,4.34,"","","",""
RW3,2489,10/12/2023 8:00,17.63,15,"","","",""
RW3,2490,10/12/2023 8:05,17.63,12.83,"","","",""
RW3,2491,10/12/2023 8:10,17.67,106.32,"","","",""
RW3,2492,10/12/2023 8:15,17.63,301.04,"","","",""
RW3,2493,10/12/2023 8:20,17.63,49.2,"","","",""
RW3,2494,10/12/2023 8:25,17.63,255.68,"","","",""
RW3,2495,10/12/2023 8:30,17.63,9.33,"","","",""
RW3,2496,10/12/2023 8:35,17.59,9.11,"","","",""
RW3,2497,10/12/2023 8:40,17.59,1.51,"","","",""
RW3,2498,10/12/2023 8:45,17.59,536.48,"","","",""
RW3,2499,10/12/2023 8:50,17.59,54.9,"","","",""
RW3,2500,10/12/2023 8:55,17.59,455.36,"","","",""
RW3,2501,10/12/2023 9:00,17.59,2307.2,"","","",""
RW3,2502,10/12/2023 9:05,17.63,1413.12,"","","",""
RW3,2503,10/12/2023 9:10,17.63,20.43,"","","",""
RW3,2504,10/12/2023 9:15,17.63,2.17,"","","",""
RW3,2505,10/12/2023 9:20,17.67,8.89,"","","",""
RW3,2506,10/12/2023 9:25,17.59,1756.16,"","","",""
RW3,2507,10/12/2023 9:30,17.67,153.64,"","","",""
RW3,2508,10/12/2023 9:35,17.67,116,"","","",""
RW3,2509,10/12/2023 9:40,17.72,22.68,"","","",""
RW3,2510,10/12/2023 9:45,17.76,1025.28,"","","",""
RW3,2511,10/12/2023 9:50,17.76,37.49,"","","",""
RW3,2512,10/12/2023 9:55,17.72,2.6,"","","",""
RW3,2513,10/12/2023 10:00,17.76,23.98,"","","",""
RW3,2514,10/12/2023 10:05,17.8,92.68,"","","",""
RW3,2515,10/12/2023 10:10,17.89,1.51,"","","",""
RW3,2516,10/12/2023 10:15,17.89,95.04,"","","",""
RW3,2517,10/12/2023 10:20,17.93,29.19,"","","",""
RW3,2518,10/12/2023 10:25,17.93,62.34,"","","",""
RW3,2519,10/12/2023 10:30,17.97,10.41,"","","",""
RW3,2520,10/12/2023 10:35,18.02,20.89,"","","",""
RW3,2521,10/12/2023 10:40,17.97,44.44,"","","",""
RW3,2522,10/12/2023 10:45,17.89,549.92,"","","",""
RW3,2523,10/12/2023 10:50,17.89,10.85,"","","",""
RW3,2524,10/12/2023 10:55,18.02,3507.2,"","","",""
RW3,2525,10/12/2023 11:00,18.1,0.43,"","","",""
RW3,2526,10/12/2023 11:05,18.1,1065.92,"","","",""
RW3,2527,10/12/2023 11:10,18.06,18.28,"","","",""
RW3,2528,10/12/2023 11:15,18.23,4760.32,"","","",""
RW3,2529,10/12/2023 11:20,18.27,47.3,"","","",""
RW3,2530,10/12/2023 11:25,18.32,13.7,"","","",""
RW3,2531,10/12/2023 11:30,18.32,262.8,"","","",""
RW3,2532,10/12/2023 11:35,18.23,460,"","","",""
RW3,2533,10/12/2023 11:40,18.36,1751.68,"","","",""
RW3,2534,10/12/2023 11:45,18.4,1374.72,"","","",""
RW3,2535,10/12/2023 11:50,18.49,386.24,"","","",""
RW3,2536,10/12/2023 11:55,18.62,9861.12,"","","",""
RW3,2537,10/12/2023 12:00,18.62,404.32,"","","",""
RW3,2538,10/12/2023 12:05,18.74,3239.68,"","","",""
RW3,2539,10/12/2023 12:10,18.83,3353.6,"","","",""
RW3,2540,10/12/2023 12:15,18.83,1810.56,"","","",""
RW3,2541,10/12/2023 12:20,18.87,2839.04,"","","",""
RW3,2542,10/12/2023 12:25,18.96,6504.96,"","","",""
RW3,2543,10/12/2023 12:30,19.13,983.68,"","","",""
RW3,2544,10/12/2023 12:35,19.09,1651.2,"","","",""
RW3,2545,10/12/2023 12:40,19.13,18467.84,"","","",""
RW3,2546,10/12/2023 12:45,19.22,277.76,"","","",""
RW3,2547,10/12/2023 12:50,19.43,28989.44,"","","",""
RW3,2548,10/12/2023 12:55,19.35,483.52,"","","",""
RW3,2549,10/12/2023 13:00,19.39,1132.8,"","","",""
RW3,2550,10/12/2023 13:05,19.65,5337.6,"","","",""
RW3,2551,10/12/2023 13:10,19.47,438.88,"","","",""
RW3,2552,10/12/2023 13:15,19.77,1568,"","","",""
RW3,2553,10/12/2023 13:20,19.86,1318.4,"","","",""
RW3,2554,10/12/2023 13:25,20.12,1166.72,"","","",""
RW3,2555,10/12/2023 13:30,20.33,3624.96,"","","",""
RW3,2556,10/12/2023 13:35,20.25,1059.2,"","","",""
RW3,2557,10/12/2023 13:40,20.33,1305.6,"","","",""
RW3,2558,10/12/2023 13:45,20.29,1402.88,"","","",""
RW3,2585,10/12/2023 16:00,20.29,488.8,"","","",""
RW3,2586,10/12/2023 16:05,20.16,406.24,"","","",""
RW3,2587,10/12/2023 16:10,20.03,690.88,"","","",""
RW3,2588,10/12/2023 16:15,19.86,352.16,"","","",""
RW3,2589,10/12/2023 16:20,19.86,335.52,"","","",""
RW3,2590,10/12/2023 16:25,19.77,353.12,"","","",""
RW3,2591,10/12/2023 16:30,19.6,288.64,"","","",""
RW3,2592,10/12/2023 16:35,19.52,307.76,"","","",""
RW3,2593,10/12/2023 16:40,19.47,430.08,"","","",""
RW3,2594,10/12/2023 16:45,19.47,54.68,"","","",""
RW3,2595,10/12/2023 16:50,19.47,58.86,"","","",""
RW3,2596,10/12/2023 16:55,19.43,91.68,"","","",""
RW3,2597,10/12/2023 17:00,19.43,838.4,"","","",""
RW3,2598,10/12/2023 17:05,19.43,48.82,"","","",""
RW3,2599,10/12/2023 17:10,19.35,112.64,"","","",""
RW3,2600,10/12/2023 17:15,19.26,1136.32,"","","",""
RW3,2601,10/12/2023 17:20,19.26,1871.36,"","","",""
RW3,2602,10/12/2023 17:25,19.22,1277.76,"","","",""
RW3,2603,10/12/2023 17:30,19.22,61.3,"","","",""
RW3,2604,10/12/2023 17:35,19.17,225.28,"","","",""
RW3,2605,10/12/2023 17:40,19.13,10.85,"","","",""
RW3,2606,10/12/2023 17:45,19.09,316.88,"","","",""
RW3,2607,10/12/2023 17:50,19.13,1.95,"","","",""
RW3,2608,10/12/2023 17:55,19.09,12.86,"","","",""
RW3,2609,10/12/2023 18:00,19.05,35.27,"","","",""
RW3,2610,10/12/2023 18:05,19,9.98,"","","",""
RW3,2611,10/12/2023 18:10,19.09,44.82,"","","",""
RW3,2612,10/12/2023 18:15,19,90.6,"","","",""
RW3,2613,10/12/2023 18:20,19,82.8,"","","",""
RW3,2614,10/12/2023 18:25,18.96,0.86,"","","",""
RW3,2615,10/12/2023 18:30,18.92,0,"","","",""
RW3,2616,10/12/2023 18:35,19,0,"","","",""
RW3,2617,10/12/2023 18:40,19,0,"","","",""
RW3,2618,10/12/2023 18:45,18.96,0,"","","",""
RW3,2619,10/12/2023 18:50,18.96,0,"","","",""
RW3,2620,10/12/2023 18:55,18.96,0,"","","",""
RW3,2621,10/12/2023 19:00,19,0,"","","",""
RW3,2622,10/12/2023 19:05,18.92,0,"","","",""
RW3,2623,10/12/2023 19:10,18.92,0,"","","",""
RW3,2624,10/12/2023 19:15,18.87,0,"","","",""
RW3,2625,10/12/2023 19:20,18.92,0,"","","",""
RW3,2626,10/12/2023 19:25,18.92,0,"","","",""
RW3,2627,10/12/2023 19:30,18.87,0,"","","",""
RW3,2628,10/12/2023 19:35,18.83,0,"","","",""
RW3,2629,10/12/2023 19:40,18.83,0,"","","",""
RW3,2630,10/12/2023 19:45,18.83,0,"","","",""
RW3,2631,10/12/2023 19:50,18.79,0,"","","",""
RW3,2632,10/12/2023 19:55,18.83,0,"","","",""
RW3,2633,10/12/2023 20:00,18.83,0,"","","",""
RW3,2634,10/12/2023 20:05,18.79,0,"","","",""
RW3,2635,10/12/2023 20:10,18.79,0,"","","",""
RW3,2636,10/12/2023 20:15,18.79,0,"","","",""
RW3,2637,10/12/2023 20:20,18.83,0,"","","",""
RW3,2638,10/12/2023 20:25,18.79,0,"","","",""
RW3,2639,10/12/2023 20:30,18.79,0,"","","",""
RW3,2640,10/12/2023 20:35,18.74,0,"","","",""
RW3,2641,10/12/2023 20:40,18.79,0,"","","",""
RW3,2642,10/12/2023 20:45,18.74,0,"","","",""
RW3,2643,10/12/2023 20:50,18.74,0,"","","",""
RW3,2644,10/12/2023 20:55,18.74,0,"","","",""
RW3,2645,10/12/2023 21:00,18.74,0,"","","",""
RW3,2646,10/12/2023 21:05,18.74,0,"","","",""
RW3,2647,10/12/2023 21:10,18.74,0,"","","",""
RW3,2648,10/12/2023 21:15,18.7,0,"","","",""
RW3,2649,10/12/2023 21:20,18.74,0,"","","",""
RW3,2650,10/12/2023 21:25,18.7,0,"","","",""
RW3,2651,10/12/2023 21:30,18.7,0,"","","",""
RW3,2652,10/12/2023 21:35,18.74,0,"","","",""
RW3,2653,10/12/2023 21:40,18.7,0,"","","",""
RW3,2654,10/12/2023 21:45,18.7,0,"","","",""
RW3,2655,10/12/2023 21:50,18.7,0,"","","",""
RW3,2656,10/12/2023 21:55,18.7,0,"","","",""
RW3,2657,10/12/2023 22:00,18.74,0,"","","",""
RW3,2658,10/12/2023 22:05,18.7,0,"","","",""
RW3,2659,10/12/2023 22:10,18.7,0,"","","",""
RW3,2660,10/12/2023 22:15,18.66,0,"","","",""
RW3,2661,10/12/2023 22:20,18.7,0,"","","",""
RW3,2662,10/12/2023 22:25,18.7,0,"","","",""
RW3,2663,10/12/2023 22:30,18.7,0,"","","",""
RW3,2664,10/12/2023 22:35,18.66,0,"","","",""
RW3,2665,10/12/2023 22:40,18.7,0,"","","",""
RW3,2666,10/12/2023 22:45,18.7,0,"","","",""
RW3,2667,10/12/2023 22:50,18.66,0,"","","",""
RW3,2668,10/12/2023 22:55,18.7,0,"","","",""
RW3,2669,10/12/2023 23:00,18.7,0,"","","",""
RW3,2670,10/12/2023 23:05,18.66,0,"","","",""
RW3,2671,10/12/2023 23:10,18.66,0,"","","",""
RW3,2672,10/12/2023 23:15,18.66,0,"","","",""
RW3,2673,10/12/2023 23:20,18.66,0,"","","",""
RW3,2674,10/12/2023 23:25,18.66,0,"","","",""
RW3,2675,10/12/2023 23:30,18.66,0,"","","",""
RW3,2676,10/12/2023 23:35,18.7,0,"","","",""
RW3,2677,10/12/2023 23:40,18.66,0,"","","",""
RW3,2678,10/12/2023 23:45,18.66,0,"","","",""
RW3,2679,10/12/2023 23:50,18.66,0,"","","",""
RW3,2680,10/12/2023 23:55,18.66,0,"","","",""
RW3,2681,10/13/2023 0:00,18.62,0,"","","",""
RW3,2682,10/13/2023 0:05,18.66,0,"","","",""
RW3,2683,10/13/2023 0:10,18.66,0,"","","",""
RW3,2684,10/13/2023 0:15,18.62,0,"","","",""
RW3,2685,10/13/2023 0:20,18.62,0,"","","",""
RW3,2686,10/13/2023 0:25,18.57,0,"","","",""
RW3,2687,10/13/2023 0:30,18.57,0,"","","",""
RW3,2688,10/13/2023 0:35,18.57,0,"","","",""
RW3,2689,10/13/2023 0:40,18.57,0,"","","",""
RW3,2690,10/13/2023 0:45,18.49,0,"","","",""
RW3,2691,10/13/2023 0:50,18.49,0,"","","",""
RW3,2692,10/13/2023 0:55,18.53,0,"","","",""
RW3,2693,10/13/2023 1:00,18.49,0,"","","",""
RW3,2694,10/13/2023 1:05,18.44,0,"","","",""
RW3,2695,10/13/2023 1:10,18.49,0,"","","",""
RW3,2696,10/13/2023 1:15,18.4,0,"","","",""
RW3,2736,10/13/2023 4:35,17.29,0,"","","",""
RW3,2737,10/13/2023 4:40,17.54,0,"","","",""
RW3,2738,10/13/2023 4:45,17.89,0,"","","",""
RW3,2739,10/13/2023 4:50,18.06,0,"","","",""
RW3,2740,10/13/2023 4:55,18.02,0,"","","",""
RW3,2741,10/13/2023 5:00,18.06,0,"","","",""
RW3,2742,10/13/2023 5:05,18.1,0,"","","",""
RW3,2743,10/13/2023 5:10,18.14,0,"","","",""
RW3,2744,10/13/2023 5:15,18.14,0,"","","",""
RW3,2745,10/13/2023 5:20,18.14,0,"","","",""
RW3,2746,10/13/2023 5:25,18.19,0,"","","",""
RW3,2747,10/13/2023 5:30,18.14,0,"","","",""
RW3,2748,10/13/2023 5:35,18.19,0,"","","",""
RW3,2749,10/13/2023 5:40,18.19,0,"","","",""
RW3,2750,10/13/2023 5:45,18.14,0,"","","",""
RW3,2751,10/13/2023 5:50,18.1,0,"","","",""
RW3,2752,10/13/2023 5:55,18.14,0,"","","",""
RW3,2753,10/13/2023 6:00,18.19,0,"","","",""
RW3,2754,10/13/2023 6:05,18.19,0,"","","",""
RW3,2755,10/13/2023 6:10,18.19,0,"","","",""
RW3,2756,10/13/2023 6:15,18.19,0,"","","",""
RW3,2757,10/13/2023 6:20,18.19,0,"","","",""
RW3,2758,10/13/2023 6:25,18.19,0,"","","",""
RW3,2759,10/13/2023 6:30,18.14,0,"","","",""
RW3,2760,10/13/2023 6:35,18.14,0,"","","",""
RW3,2761,10/13/2023 6:40,18.1,4.77,"","","",""
RW3,2762,10/13/2023 6:45,18.1,2.6,"","","",""
RW3,2763,10/13/2023 6:50,18.1,1.3,"","","",""
RW3,2764,10/13/2023 6:55,18.19,0,"","","",""
RW3,2765,10/13/2023 7:00,18.14,5.42,"","","",""
RW3,2766,10/13/2023 7:05,18.1,40.04,"","","",""
RW3,2767,10/13/2023 7:10,18.06,0.86,"","","",""
RW3,2768,10/13/2023 7:15,18.02,21.97,"","","",""
RW3,2769,10/13/2023 7:20,18.06,208.56,"","","",""
RW3,2770,10/13/2023 7:25,18.06,0,"","","",""
RW3,2771,10/13/2023 7:30,17.97,73.2,"","","",""
RW3,2772,10/13/2023 7:35,17.93,13.24,"","","",""
RW3,2773,10/13/2023 7:40,17.89,21.73,"","","",""
RW3,2774,10/13/2023 7:45,17.97,48.34,"","","",""
RW3,2775,10/13/2023 7:50,18.02,59.74,"","","",""
RW3,2776,10/13/2023 7:55,18.02,311.44,"","","",""
RW3,2777,10/13/2023 8:00,17.89,10.41,"","","",""
RW3,2778,10/13/2023 8:05,17.97,22.13,"","","",""
RW3,2779,10/13/2023 8:10,17.97,205.92,"","","",""
RW3,2780,10/13/2023 8:15,17.97,11.31,"","","",""
RW3,2781,10/13/2023 8:20,17.97,926.08,"","","",""
RW3,2782,10/13/2023 8:25,17.93,236.56,"","","",""
RW3,2783,10/13/2023 8:30,17.93,32.23,"","","",""
RW3,2784,10/13/2023 8:35,17.97,321.84,"","","",""
RW3,2785,10/13/2023 8:40,17.93,64.56,"","","",""
RW3,2786,10/13/2023 8:45,17.89,143.12,"","","",""
RW3,2787,10/13/2023 8:50,17.89,91.48,"","","",""
RW3,2788,10/13/2023 8:55,17.93,516,"","","",""
RW3,2789,10/13/2023 9:00,17.97,1.08,"","","",""
RW3,2790,10/13/2023 9:05,17.97,0.86,"","","",""
RW3,2791,10/13/2023 9:10,17.89,92.44,"","","",""
RW3,2792,10/13/2023 9:15,17.93,204.24,"","","",""
RW3,2793,10/13/2023 9:20,17.97,47.9,"","","",""
RW3,2794,10/13/2023 9:25,18.02,79.44,"","","",""
RW3,2795,10/13/2023 9:30,18.06,4.99,"","","",""
RW3,2796,10/13/2023 9:35,18.02,24.79,"","","",""
RW3,2797,10/13/2023 9:40,18.06,361.12,"","","",""
RW3,2798,10/13/2023 9:45,18.14,1870.08,"","","",""
RW3,2799,10/13/2023 9:50,18.14,3.25,"","","",""
RW3,2800,10/13/2023 9:55,18.14,54.2,"","","",""
RW3,2801,10/13/2023 10:00,18.19,266.08,"","","",""
RW3,2802,10/13/2023 10:05,18.23,32.85,"","","",""
RW3,2803,10/13/2023 10:10,18.19,344.64,"","","",""
RW3,2804,10/13/2023 10:15,18.23,20.13,"","","",""
RW3,2805,10/13/2023 10:20,18.19,539.52,"","","",""
RW3,2806,10/13/2023 10:25,18.19,2520.96,"","","",""
RW3,2807,10/13/2023 10:30,18.23,135.08,"","","",""
RW3,2808,10/13/2023 10:35,18.27,18.12,"","","",""
RW3,2809,10/13/2023 10:40,18.32,15.05,"","","",""
RW3,2810,10/13/2023 10:45,18.44,139.64,"","","",""
RW3,2811,10/13/2023 10:50,18.44,137.48,"","","",""
RW3,2812,10/13/2023 10:55,18.4,39.17,"","","",""
RW3,2813,10/13/2023 11:00,18.49,17.2,"","","",""
RW3,2814,10/13/2023 11:05,18.49,2467.2,"","","",""
RW3,2815,10/13/2023 11:10,18.49,52.08,"","","",""
RW3,2816,10/13/2023 11:15,18.53,346.72,"","","",""
RW3,2817,10/13/2023 11:20,18.53,132.04,"","","",""
RW3,2818,10/13/2023 11:25,18.62,1597.44,"","","",""
RW3,2819,10/13/2023 11:30,18.62,450.56,"","","",""
RW3,2820,10/13/2023 11:35,18.57,1432.96,"","","",""
RW3,2821,10/13/2023 11:40,18.62,4389.12,"","","",""
RW3,2822,10/13/2023 11:45,18.74,263.68,"","","",""
RW3,2823,10/13/2023 11:50,18.74,89.84,"","","",""
RW3,2824,10/13/2023 11:55,18.83,1322.24,"","","",""
RW3,2825,10/13/2023 12:00,18.92,18022.4,"","","",""
RW3,2826,10/13/2023 12:05,18.92,821.12,"","","",""
RW3,2827,10/13/2023 12:10,18.96,9661.44,"","","",""
RW3,2828,10/13/2023 12:15,19,2498.56,"","","",""
RW3,2829,10/13/2023 12:20,19.09,1848.96,"","","",""
RW3,2830,10/13/2023 12:25,19.13,53.28,"","","",""
RW3,2831,10/13/2023 12:30,19.13,313.36,"","","",""
RW3,2832,10/13/2023 12:35,19.22,14243.84,"","","",""
RW3,2833,10/13/2023 12:40,19.22,14909.44,"","","",""
RW3,2834,10/13/2023 12:45,19.3,324.24,"","","",""
RW3,2835,10/13/2023 12:50,19.47,778.56,"","","",""
RW3,2836,10/13/2023 12:55,19.43,2959.36,"","","",""
RW3,2837,10/13/2023 13:00,19.52,6433.28,"","","",""
RW3,2838,10/13/2023 13:05,19.56,789.12,"","","",""
RW3,2839,10/13/2023 13:10,19.99,15918.08,"","","",""
RW3,2840,10/13/2023 13:15,19.9,81.6,"","","",""
RW3,2841,10/13/2023 13:20,20.37,7485.44,"","","",""
RW3,2842,10/13/2023 13:25,20.29,835.2,"","","",""
RW3,2843,10/13/2023 13:30,20.93,1806.72,"","","",""
RW3,2886,10/13/2023 17:05,20.33,354.56,"","","",""
RW3,2887,10/13/2023 17:10,20.2,335.68,"","","",""
RW3,2888,10/13/2023 17:15,20.07,256.32,"","","",""
RW3,2889,10/13/2023 17:20,19.95,132.4,"","","",""
RW3,2890,10/13/2023 17:25,19.86,118.92,"","","",""
RW3,2891,10/13/2023 17:30,19.82,111.32,"","","",""
RW3,2892,10/13/2023 17:35,19.77,86.8,"","","",""
RW3,2893,10/13/2023 17:40,19.77,10.17,"","","",""
RW3,2894,10/13/2023 17:45,19.69,32.39,"","","",""
RW3,2895,10/13/2023 17:50,19.73,20.94,"","","",""
RW3,2896,10/13/2023 17:55,19.73,36.79,"","","",""
RW3,2897,10/13/2023 18:00,19.69,9,"","","",""
RW3,2898,10/13/2023 18:05,19.73,75.86,"","","",""
RW3,2899,10/13/2023 18:10,19.73,41.82,"","","",""
RW3,2900,10/13/2023 18:15,19.73,281.92,"","","",""
RW3,2901,10/13/2023 18:20,19.73,46.22,"","","",""
RW3,2902,10/13/2023 18:25,19.73,5.2,"","","",""
RW3,2903,10/13/2023 18:30,19.69,0.65,"","","",""
RW3,2904,10/13/2023 18:35,19.69,0,"","","",""
RW3,2905,10/13/2023 18:40,19.65,2.38,"","","",""
RW3,2906,10/13/2023 18:45,19.65,0,"","","",""
RW3,2907,10/13/2023 18:50,19.69,0,"","","",""
RW3,2908,10/13/2023 18:55,19.65,0,"","","",""
RW3,2909,10/13/2023 19:00,19.69,0,"","","",""
RW3,2910,10/13/2023 19:05,19.65,0,"","","",""
RW3,2911,10/13/2023 19:10,19.65,0,"","","",""
RW3,2912,10/13/2023 19:15,19.69,0,"","","",""
RW3,2913,10/13/2023 19:20,19.65,0,"","","",""
RW3,2914,10/13/2023 19:25,19.65,0,"","","",""
RW3,2915,10/13/2023 19:30,19.6,0,"","","",""
RW3,2916,10/13/2023 19:35,19.6,0,"","","",""
RW3,2917,10/13/2023 19:40,19.6,0,"","","",""
RW3,2918,10/13/2023 19:45,19.6,0,"","","",""
RW3,2919,10/13/2023 19:50,19.6,0,"","","",""
RW3,2920,10/13/2023 19:55,19.56,0,"","","",""
RW3,2921,10/13/2023 20:00,19.65,0,"","","",""
RW3,2922,10/13/2023 20:05,19.6,0,"","","",""
RW3,2923,10/13/2023 20:10,19.6,0,"","","",""
RW3,2924,10/13/2023 20:15,19.6,0,"","","",""
RW3,2925,10/13/2023 20:20,19.56,0,"","","",""
RW3,2926,10/13/2023 20:25,19.56,0,"","","",""
RW3,2927,10/13/2023 20:30,19.56,0,"","","",""
RW3,2928,10/13/2023 20:35,19.52,0,"","","",""
RW3,2929,10/13/2023 20:40,19.52,0,"","","",""
RW3,2930,10/13/2023 20:45,19.52,0,"","","",""
RW3,2931,10/13/2023 20:50,19.52,0,"","","",""
RW3,2932,10/13/2023 20:55,19.47,0,"","","",""
RW3,2933,10/13/2023 21:00,19.52,0,"","","",""
RW3,2934,10/13/2023 21:05,19.47,0,"","","",""
RW3,2935,10/13/2023 21:10,19.47,0,"","","",""
RW3,2936,10/13/2023 21:15,19.39,0,"","","",""
RW3,2937,10/13/2023 21:20,19.43,0,"","","",""
RW3,2938,10/13/2023 21:25,19.39,0,"","","",""
RW3,2939,10/13/2023 21:30,19.35,0,"","","",""
RW3,2940,10/13/2023 21:35,19.35,0,"","","",""
RW3,2941,10/13/2023 21:40,19.35,0,"","","",""
RW3,2942,10/13/2023 21:45,19.26,0,"","","",""
RW3,2943,10/13/2023 21:50,19.26,0,"","","",""
RW3,2944,10/13/2023 21:55,19.3,0,"","","",""
RW3,2945,10/13/2023 22:00,19.17,0,"","","",""
RW3,2946,10/13/2023 22:05,19.17,0,"","","",""
RW3,2947,10/13/2023 22:10,19.22,0,"","","",""
RW3,2948,10/13/2023 22:15,19.13,0,"","","",""
RW3,2949,10/13/2023 22:20,19.09,0,"","","",""
RW3,2950,10/13/2023 22:25,19,0,"","","",""
RW3,2951,10/13/2023 22:30,18.96,0,"","","",""
RW3,2952,10/13/2023 22:35,18.96,0,"","","",""
RW3,2953,10/13/2023 22:40,19,0,"","","",""
RW3,2954,10/13/2023 22:45,19.09,0,"","","",""
RW3,2955,10/13/2023 22:50,19.05,0,"","","",""
RW3,2956,10/13/2023 22:55,19,0,"","","",""
RW3,2957,10/13/2023 23:00,18.96,0,"","","",""
RW3,2958,10/13/2023 23:05,18.96,0,"","","",""
RW3,2959,10/13/2023 23:10,18.92,0,"","","",""
RW3,2960,10/13/2023 23:15,18.92,0,"","","",""
RW3,2961,10/13/2023 23:20,18.87,0,"","","",""
RW3,2962,10/13/2023 23:25,18.83,0,"","","",""
RW3,2963,10/13/2023 23:30,18.83,0,"","","",""
RW3,2964,10/13/2023 23:35,18.87,0,"","","",""
RW3,2965,10/13/2023 23:40,18.83,0,"","","",""
RW3,2966,10/13/2023 23:45,18.83,0,"","","",""
RW3,2967,10/13/2023 23:50,18.83,0,"","","",""
RW3,2968,10/13/2023 23:55,18.87,0,"","","",""
RW3,2969,10/14/2023 0:00,18.83,0,"","","",""
RW3,2970,10/14/2023 0:05,18.87,0,"","","",""
RW3,2971,10/14/2023 0:10,18.87,0,"","","",""
RW3,2972,10/14/2023 0:15,18.83,0,"","","",""
RW3,2973,10/14/2023 0:20,18.83,0,"","","",""
RW3,2974,10/14/2023 0:25,18.79,0,"","","",""
RW3,2975,10/14/2023 0:30,18.79,0,"","","",""
RW3,2976,10/14/2023 0:35,18.83,0,"","","",""
RW3,2977,10/14/2023 0:40,18.79,0,"","","",""
RW3,2978,10/14/2023 0:45,18.79,0,"","","",""
RW3,2979,10/14/2023 0:50,18.79,0,"","","",""
RW3,2980,10/14/2023 0:55,18.74,0,"","","",""
RW3,2981,10/14/2023 1:00,18.7,0,"","","",""
RW3,2982,10/14/2023 1:05,18.66,0,"","","",""
RW3,2983,10/14/2023 1:10,18.66,0,"","","",""
RW3,2984,10/14/2023 1:15,18.62,0,"","","",""
RW3,2985,10/14/2023 1:20,18.62,0,"","","",""
RW3,2986,10/14/2023 1:25,18.62,0,"","","",""
RW3,2987,10/14/2023 1:30,18.53,0,"","","",""
RW3,2988,10/14/2023 1:35,18.53,0,"","","",""
RW3,2989,10/14/2023 1:40,18.49,0,"","","",""
RW3,2990,10/14/2023 1:45,18.4,0,"","","",""
RW3,3025,10/14/2023 4:40,16.94,0,"","","",""
RW3,3026,10/14/2023 4:45,17.8,0,"","","",""
RW3,3027,10/14/2023 4:50,17.97,0,"","","",""
RW3,3028,10/14/2023 4:55,18.06,0,"","","",""
RW3,3029,10/14/2023 5:00,18.02,0,"","","",""
RW3,3030,10/14/2023 5:05,18.06,0,"","","",""
RW3,3031,10/14/2023 5:10,18.19,0,"","","",""
RW3,3032,10/14/2023 5:15,18.1,0,"","","",""
RW3,3033,10/14/2023 5:20,18.19,0,"","","",""
RW3,3034,10/14/2023 5:25,18.19,0,"","","",""
RW3,3035,10/14/2023 5:30,18.23,0,"","","",""
RW3,3036,10/14/2023 5:35,18.23,0,"","","",""
RW3,3037,10/14/2023 5:40,18.23,0,"","","",""
RW3,3038,10/14/2023 5:45,18.23,0,"","","",""
RW3,3039,10/14/2023 5:50,18.23,0,"","","",""
RW3,3040,10/14/2023 5:55,18.23,0,"","","",""
RW3,3041,10/14/2023 6:00,18.27,0,"","","",""
RW3,3042,10/14/2023 6:05,18.27,0,"","","",""
RW3,3043,10/14/2023 6:10,18.19,0,"","","",""
RW3,3044,10/14/2023 6:15,18.27,0,"","","",""
RW3,3045,10/14/2023 6:20,18.27,0,"","","",""
RW3,3046,10/14/2023 6:25,18.23,0,"","","",""
RW3,3047,10/14/2023 6:30,18.19,0,"","","",""
RW3,3048,10/14/2023 6:35,18.23,0,"","","",""
RW3,3049,10/14/2023 6:40,18.19,0,"","","",""
RW3,3050,10/14/2023 6:45,18.19,2.17,"","","",""
RW3,3051,10/14/2023 6:50,18.27,3.47,"","","",""
RW3,3052,10/14/2023 6:55,18.19,10.85,"","","",""
RW3,3053,10/14/2023 7:00,18.23,0.21,"","","",""
RW3,3054,10/14/2023 7:05,18.23,0,"","","",""
RW3,3055,10/14/2023 7:10,18.27,245.92,"","","",""
RW3,3056,10/14/2023 7:15,18.23,88.88,"","","",""
RW3,3057,10/14/2023 7:20,18.23,6.51,"","","",""
RW3,3058,10/14/2023 7:25,18.23,180.64,"","","",""
RW3,3059,10/14/2023 7:30,18.19,536.48,"","","",""
RW3,3060,10/14/2023 7:35,18.23,183.12,"","","",""
RW3,3061,10/14/2023 7:40,18.14,6.29,"","","",""
RW3,3062,10/14/2023 7:45,18.19,5.86,"","","",""
RW3,3063,10/14/2023 7:50,18.14,5.42,"","","",""
RW3,3064,10/14/2023 7:55,18.14,30,"","","",""
RW3,3065,10/14/2023 8:00,18.19,277.6,"","","",""
RW3,3066,10/14/2023 8:05,18.23,319.28,"","","",""
RW3,3067,10/14/2023 8:10,18.23,15.43,"","","",""
RW3,3068,10/14/2023 8:15,18.23,47.9,"","","",""
RW3,3069,10/14/2023 8:20,18.19,15.87,"","","",""
RW3,3070,10/14/2023 8:25,18.19,2.82,"","","",""
RW3,3071,10/14/2023 8:30,18.19,128.24,"","","",""
RW3,3072,10/14/2023 8:35,18.19,13.24,"","","",""
RW3,3073,10/14/2023 8:40,18.19,943.68,"","","",""
RW3,3074,10/14/2023 8:45,18.14,348,"","","",""
RW3,3075,10/14/2023 8:50,18.19,3.03,"","","",""
RW3,3076,10/14/2023 8:55,18.19,123.8,"","","",""
RW3,3077,10/14/2023 9:00,18.1,22.19,"","","",""
RW3,3078,10/14/2023 9:05,18.14,76.72,"","","",""
RW3,3079,10/14/2023 9:10,18.1,610.72,"","","",""
RW3,3080,10/14/2023 9:15,18.1,104.6,"","","",""
RW3,3081,10/14/2023 9:20,18.1,582.88,"","","",""
RW3,3082,10/14/2023 9:25,18.1,69.28,"","","",""
RW3,3083,10/14/2023 9:30,18.02,2234.24,"","","",""
RW3,3084,10/14/2023 9:35,18.06,113.28,"","","",""
RW3,3085,10/14/2023 9:40,18.06,20.45,"","","",""
RW3,3086,10/14/2023 9:45,18.14,63.16,"","","",""
RW3,3087,10/14/2023 9:50,18.1,226.8,"","","",""
RW3,3088,10/14/2023 9:55,18.1,55.02,"","","",""
RW3,3089,10/14/2023 10:00,18.1,1144,"","","",""
RW3,3090,10/14/2023 10:05,18.1,462.24,"","","",""
RW3,3091,10/14/2023 10:10,18.1,271.28,"","","",""
RW3,3092,10/14/2023 10:15,18.19,3.9,"","","",""
RW3,3093,10/14/2023 10:20,18.19,1431.68,"","","",""
RW3,3094,10/14/2023 10:25,18.19,8785.92,"","","",""
RW3,3095,10/14/2023 10:30,18.19,2250.24,"","","",""
RW3,3096,10/14/2023 10:35,18.23,706.24,"","","",""
RW3,3097,10/14/2023 10:40,18.19,2510.72,"","","",""
RW3,3098,10/14/2023 10:45,18.19,342.24,"","","",""
RW3,3099,10/14/2023 10:50,18.23,294.72,"","","",""
RW3,3100,10/14/2023 10:55,18.27,60.12,"","","",""
RW3,3101,10/14/2023 11:00,18.27,12.37,"","","",""
RW3,3102,10/14/2023 11:05,18.27,1147.52,"","","",""
RW3,3103,10/14/2023 11:10,18.32,1807.36,"","","",""
RW3,3104,10/14/2023 11:15,18.32,97,"","","",""
RW3,3105,10/14/2023 11:20,18.36,3050.24,"","","",""
RW3,3106,10/14/2023 11:25,18.4,4997.12,"","","",""
RW3,3107,10/14/2023 11:30,18.44,341.76,"","","",""
RW3,3108,10/14/2023 11:35,18.49,5.64,"","","",""
RW3,3109,10/14/2023 11:40,18.49,9.55,"","","",""
RW3,3110,10/14/2023 11:45,18.53,6420.48,"","","",""
RW3,3111,10/14/2023 11:50,18.49,703.68,"","","",""
RW3,3112,10/14/2023 11:55,18.53,2312.32,"","","",""
RW3,3113,10/14/2023 12:00,18.57,2.6,"","","",""
RW3,3114,10/14/2023 12:05,18.62,3456,"","","",""
RW3,3115,10/14/2023 12:10,18.62,911.36,"","","",""
RW3,3116,10/14/2023 12:15,18.79,138.36,"","","",""
RW3,3117,10/14/2023 12:20,18.83,1192.64,"","","",""
RW3,3118,10/14/2023 12:25,19,2340.48,"","","",""
RW3,3119,10/14/2023 12:30,19,8202.24,"","","",""
RW3,3120,10/14/2023 12:35,19.09,14863.36,"","","",""
RW3,3121,10/14/2023 12:40,19.05,1154.56,"","","",""
RW3,3122,10/14/2023 12:45,19.13,5534.72,"","","",""
RW3,3123,10/14/2023 12:50,19.09,480.96,"","","",""
RW3,3124,10/14/2023 12:55,19.3,2718.72,"","","",""
RW3,3125,10/14/2023 13:00,19.3,2675.2,"","","",""
RW3,3126,10/14/2023 13:05,19.39,3404.8,"","","",""
RW3,3127,10/14/2023 13:10,19.3,516.48,"","","",""
RW3,3128,10/14/2023 13:15,19.47,577.76,"","","",""
RW3,3129,10/14/2023 13:20,19.52,228.08,"","","",""
RW3,3130,10/14/2023 13:25,19.65,1029.44,"","","",""
RW3,3131,10/14/2023 13:30,19.73,450.08,"","","",""
RW3,3132,10/14/2023 13:35,20.03,1519.36,"","","",""
RW3,3133,10/14/2023 13:40,19.69,246.72,"","","",""
RW3,3134,10/14/2023 13:45,19.95,329.44,"","","",""
RW3,3186,10/14/2023 18:05,17.84,1339.52,"","","",""
RW3,3187,10/14/2023 18:10,18.53,6.34,"","","",""
RW3,3188,10/14/2023 18:15,18.87,7,"","","",""
RW3,3189,10/14/2023 18:20,18.66,338.08,"","","",""
RW3,3190,10/14/2023 18:25,18.96,5.64,"","","",""
RW3,3191,10/14/2023 18:30,18.92,0.86,"","","",""
RW3,3192,10/14/2023 18:35,19,10.41,"","","",""
RW3,3193,10/14/2023 18:40,18.92,0,"","","",""
RW3,3194,10/14/2023 18:45,18.92,0,"","","",""
RW3,3195,10/14/2023 18:50,18.92,0,"","","",""
RW3,3196,10/14/2023 18:55,18.92,0,"","","",""
RW3,3197,10/14/2023 19:00,18.96,0,"","","",""
RW3,3198,10/14/2023 19:05,18.96,0,"","","",""
RW3,3199,10/14/2023 19:10,18.96,0,"","","",""
RW3,3200,10/14/2023 19:15,18.96,0,"","","",""
RW3,3201,10/14/2023 19:20,18.96,0,"","","",""
RW3,3202,10/14/2023 19:25,18.92,0,"","","",""
RW3,3203,10/14/2023 19:30,18.92,0,"","","",""
RW3,3204,10/14/2023 19:35,18.87,0,"","","",""
RW3,3205,10/14/2023 19:40,18.92,0,"","","",""
RW3,3206,10/14/2023 19:45,18.92,0,"","","",""
RW3,3207,10/14/2023 19:50,18.87,0,"","","",""
RW3,3208,10/14/2023 19:55,18.83,0,"","","",""
RW3,3209,10/14/2023 20:00,18.83,0,"","","",""
RW3,3210,10/14/2023 20:05,18.83,0,"","","",""
RW3,3211,10/14/2023 20:10,18.79,0,"","","",""
RW3,3212,10/14/2023 20:15,18.74,0,"","","",""
RW3,3213,10/14/2023 20:20,18.74,0,"","","",""
RW3,3214,10/14/2023 20:25,18.66,0,"","","",""
RW3,3215,10/14/2023 20:30,18.62,0,"","","",""
RW3,3216,10/14/2023 20:35,18.62,0,"","","",""
RW3,3217,10/14/2023 20:40,18.53,0,"","","",""
RW3,3218,10/14/2023 20:45,18.44,0,"","","",""
RW3,3219,10/14/2023 20:50,18.49,0,"","","",""
RW3,3220,10/14/2023 20:55,18.4,0,"","","",""
RW3,3221,10/14/2023 21:00,18.4,0,"","","",""
RW3,3222,10/14/2023 21:05,18.32,0,"","","",""
RW3,3223,10/14/2023 21:10,18.27,0,"","","",""
RW3,3224,10/14/2023 21:15,18.27,0,"","","",""
RW3,3225,10/14/2023 21:20,18.27,0,"","","",""
RW3,3226,10/14/2023 21:25,18.27,0,"","","",""
RW3,3227,10/14/2023 21:30,18.19,0,"","","",""
RW3,3228,10/14/2023 21:35,18.23,0,"","","",""
RW3,3229,10/14/2023 21:40,18.19,0,"","","",""
RW3,3230,10/14/2023 21:45,18.19,0,"","","",""
RW3,3231,10/14/2023 21:50,18.02,0,"","","",""
RW3,3232,10/14/2023 21:55,18.1,0,"","","",""
RW3,3233,10/14/2023 22:00,18.1,0,"","","",""
RW3,3234,10/14/2023 22:05,17.97,0,"","","",""
RW3,3235,10/14/2023 22:10,18.1,0,"","","",""
RW3,3236,10/14/2023 22:15,18.1,0,"","","",""
RW3,3237,10/14/2023 22:20,18.14,0,"","","",""
RW3,3238,10/14/2023 22:25,18.06,0,"","","",""
RW3,3239,10/14/2023 22:30,17.84,0,"","","",""
RW3,3240,10/14/2023 22:35,18.02,0,"","","",""
RW3,3241,10/14/2023 22:40,18.02,0,"","","",""
RW3,3242,10/14/2023 22:45,17.93,0,"","","",""
RW3,3243,10/14/2023 22:50,17.89,0,"","","",""
RW3,3244,10/14/2023 22:55,17.8,0,"","","",""
RW3,3245,10/14/2023 23:00,17.89,0,"","","",""
RW3,3246,10/14/2023 23:05,17.76,0,"","","",""
RW3,3247,10/14/2023 23:10,17.63,0,"","","",""
RW3,3248,10/14/2023 23:15,17.54,0,"","","",""
RW3,3249,10/14/2023 23:20,17.46,0,"","","",""
RW3,3250,10/14/2023 23:25,17.33,0,"","","",""
RW3,3251,10/14/2023 23:30,17.29,0,"","","",""
RW3,3252,10/14/2023 23:35,17.29,0,"","","",""
RW3,3253,10/14/2023 23:40,17.29,0,"","","",""
RW3,3254,10/14/2023 23:45,17.37,0,"","","",""
RW3,3255,10/14/2023 23:50,17.37,0,"","","",""
RW3,3256,10/14/2023 23:55,17.37,0,"","","",""
RW3,3257,10/15/2023 0:00,17.37,0,"","","",""
RW3,3258,10/15/2023 0:05,17.37,0,"","","",""
RW3,3259,10/15/2023 0:10,17.29,0,"","","",""
RW3,3260,10/15/2023 0:15,17.24,0,"","","",""
RW3,3261,10/15/2023 0:20,17.16,0,"","","",""
RW3,3262,10/15/2023 0:25,17.11,0,"","","",""
RW3,3263,10/15/2023 0:30,17.11,0,"","","",""
RW3,3264,10/15/2023 0:35,17.16,0,"","","",""
RW3,3265,10/15/2023 0:40,17.11,0,"","","",""
RW3,3266,10/15/2023 0:45,17.11,0,"","","",""
RW3,3267,10/15/2023 0:50,17.16,0,"","","",""
RW3,3268,10/15/2023 0:55,17.2,0,"","","",""
RW3,3269,10/15/2023 1:00,17.2,0,"","","",""
RW3,3270,10/15/2023 1:05,17.2,0,"","","",""
RW3,3271,10/15/2023 1:10,17.24,0,"","","",""
RW3,3272,10/15/2023 1:15,17.2,0,"","","",""
RW3,3273,10/15/2023 1:20,17.24,0,"","","",""
RW3,3274,10/15/2023 1:25,17.24,0,"","","",""
RW3,3275,10/15/2023 1:30,17.24,0,"","","",""
RW3,3276,10/15/2023 1:35,17.2,0,"","","",""
RW3,3277,10/15/2023 1:40,17.16,0,"","","",""
RW3,3278,10/15/2023 1:45,17.16,0,"","","",""
RW3,3279,10/15/2023 1:50,17.11,0,"","","",""
RW3,3280,10/15/2023 1:55,17.16,0,"","","",""
RW3,3281,10/15/2023 2:00,17.11,0,"","","",""
RW3,3282,10/15/2023 2:05,17.11,0,"","","",""
RW3,3283,10/15/2023 2:10,17.07,0,"","","",""
RW3,3284,10/15/2023 2:15,17.03,0,"","","",""
RW3,3285,10/15/2023 2:20,17.03,0,"","","",""
RW3,3315,10/15/2023 4:50,16.9,0,"","","",""
RW3,3316,10/15/2023 4:55,16.9,0,"","","",""
RW3,3317,10/15/2023 5:00,16.99,0,"","","",""
RW3,3318,10/15/2023 5:05,17.03,0,"","","",""
RW3,3319,10/15/2023 5:10,17.03,0,"","","",""
RW3,3320,10/15/2023 5:15,17.07,0,"","","",""
RW3,3321,10/15/2023 5:20,17.07,0,"","","",""
RW3,3322,10/15/2023 5:25,17.07,0,"","","",""
RW3,3323,10/15/2023 5:30,17.07,0,"","","",""
RW3,3324,10/15/2023 5:35,17.11,0,"","","",""
RW3,3325,10/15/2023 5:40,17.11,0,"","","",""
RW3,3326,10/15/2023 5:45,17.16,0,"","","",""
RW3,3327,10/15/2023 5:50,17.2,0,"","","",""
RW3,3328,10/15/2023 5:55,17.16,0,"","","",""
RW3,3329,10/15/2023 6:00,17.16,0,"","","",""
RW3,3330,10/15/2023 6:05,17.2,0,"","","",""
RW3,3331,10/15/2023 6:10,17.29,0,"","","",""
RW3,3332,10/15/2023 6:15,17.29,0,"","","",""
RW3,3333,10/15/2023 6:20,17.24,0,"","","",""
RW3,3334,10/15/2023 6:25,17.24,0,"","","",""
RW3,3335,10/15/2023 6:30,17.29,0,"","","",""
RW3,3336,10/15/2023 6:35,17.29,0.21,"","","",""
RW3,3337,10/15/2023 6:40,17.29,3.68,"","","",""
RW3,3338,10/15/2023 6:45,17.24,0,"","","",""
RW3,3339,10/15/2023 6:50,17.2,0.65,"","","",""
RW3,3340,10/15/2023 6:55,17.29,18.06,"","","",""
RW3,3341,10/15/2023 7:00,17.24,2.38,"","","",""
RW3,3342,10/15/2023 7:05,17.29,14.37,"","","",""
RW3,3343,10/15/2023 7:10,17.29,9.33,"","","",""
RW3,3344,10/15/2023 7:15,17.29,1.73,"","","",""
RW3,3345,10/15/2023 7:20,17.29,4.55,"","","",""
RW3,3346,10/15/2023 7:25,17.29,80.2,"","","",""
RW3,3347,10/15/2023 7:30,17.29,119.48,"","","",""
RW3,3348,10/15/2023 7:35,17.24,103.84,"","","",""
RW3,3349,10/15/2023 7:40,17.37,64.5,"","","",""
RW3,3350,10/15/2023 7:45,17.29,25.66,"","","",""
RW3,3351,10/15/2023 7:50,17.29,92.32,"","","",""
RW3,3352,10/15/2023 7:55,17.33,12.42,"","","",""
RW3,3353,10/15/2023 8:00,17.33,260.88,"","","",""
RW3,3354,10/15/2023 8:05,17.41,34.34,"","","",""
RW3,3355,10/15/2023 8:10,17.33,26.1,"","","",""
RW3,3356,10/15/2023 8:15,17.33,19.58,"","","",""
RW3,3357,10/15/2023 8:20,17.37,417.12,"","","",""
RW3,3358,10/15/2023 8:25,17.33,832.96,"","","",""
RW3,3359,10/15/2023 8:30,17.46,13.02,"","","",""
RW3,3360,10/15/2023 8:35,17.5,35.7,"","","",""
RW3,3361,10/15/2023 8:40,17.54,1035.2,"","","",""
RW3,3362,10/15/2023 8:45,17.59,220.08,"","","",""
RW3,3363,10/15/2023 8:50,17.54,139.64,"","","",""
RW3,3364,10/15/2023 8:55,17.54,3.68,"","","",""
RW3,3365,10/15/2023 9:00,17.46,348.96,"","","",""
RW3,3366,10/15/2023 9:05,17.54,47.48,"","","",""
RW3,3367,10/15/2023 9:10,17.5,54.9,"","","",""
RW3,3368,10/15/2023 9:15,17.41,15.22,"","","",""
RW3,3369,10/15/2023 9:20,17.46,3.68,"","","",""
RW3,3370,10/15/2023 9:25,17.5,450.08,"","","",""
RW3,3371,10/15/2023 9:30,17.46,67.98,"","","",""
RW3,3372,10/15/2023 9:35,17.5,0.43,"","","",""
RW3,3373,10/15/2023 9:40,17.5,44.48,"","","",""
RW3,3374,10/15/2023 9:45,17.54,133.48,"","","",""
RW3,3375,10/15/2023 9:50,17.59,10.66,"","","",""
RW3,3376,10/15/2023 9:55,17.59,164.08,"","","",""
RW3,3377,10/15/2023 10:00,17.63,0,"","","",""
RW3,3378,10/15/2023 10:05,17.63,3.9,"","","",""
RW3,3379,10/15/2023 10:10,17.63,157,"","","",""
RW3,3380,10/15/2023 10:15,17.63,98.72,"","","",""
RW3,3381,10/15/2023 10:20,17.72,0,"","","",""
RW3,3382,10/15/2023 10:25,17.67,30.06,"","","",""
RW3,3383,10/15/2023 10:30,17.63,0.86,"","","",""
RW3,3384,10/15/2023 10:35,17.63,72.38,"","","",""
RW3,3385,10/15/2023 10:40,17.59,20.05,"","","",""
RW3,3386,10/15/2023 10:45,17.59,437.12,"","","",""
RW3,3387,10/15/2023 10:50,17.54,67.54,"","","",""
RW3,3388,10/15/2023 10:55,17.59,1232.64,"","","",""
RW3,3389,10/15/2023 11:00,17.5,411.04,"","","",""
RW3,3390,10/15/2023 11:05,17.46,658.24,"","","",""
RW3,3391,10/15/2023 11:10,17.37,172.08,"","","",""
RW3,3392,10/15/2023 11:15,17.5,99.4,"","","",""
RW3,3393,10/15/2023 11:20,17.63,114.36,"","","",""
RW3,3394,10/15/2023 11:25,17.8,526.08,"","","",""
RW3,3395,10/15/2023 11:30,17.8,157.12,"","","",""
RW3,3396,10/15/2023 11:35,17.84,117.08,"","","",""
RW3,3397,10/15/2023 11:40,17.93,0.86,"","","",""
RW3,3398,10/15/2023 11:45,17.97,489.12,"","","",""
RW3,3399,10/15/2023 11:50,17.97,16.08,"","","",""
RW3,3400,10/15/2023 11:55,17.97,2046.72,"","","",""
RW3,3401,10/15/2023 12:00,18.02,1873.28,"","","",""
RW3,3402,10/15/2023 12:05,17.93,317.76,"","","",""
RW3,3403,10/15/2023 12:10,18.06,15.22,"","","",""
RW3,3404,10/15/2023 12:15,18.02,44.48,"","","",""
RW3,3405,10/15/2023 12:20,18.1,141.08,"","","",""
RW3,3406,10/15/2023 12:25,18.1,250.24,"","","",""
RW3,3407,10/15/2023 12:30,18.1,108.96,"","","",""
RW3,3408,10/15/2023 12:35,18.19,491.36,"","","",""
RW3,3409,10/15/2023 12:40,18.23,3825.92,"","","",""
RW3,3410,10/15/2023 12:45,18.32,6476.8,"","","",""
RW3,3411,10/15/2023 12:50,18.32,293.84,"","","",""
RW3,3412,10/15/2023 12:55,18.36,4194.56,"","","",""
RW3,3413,10/15/2023 13:00,18.44,1857.92,"","","",""
RW3,3414,10/15/2023 13:05,18.44,1347.84,"","","",""
RW3,3415,10/15/2023 13:10,18.44,545.12,"","","",""
RW3,3416,10/15/2023 13:15,18.57,25221.12,"","","",""
RW3,3417,10/15/2023 13:20,18.62,1216.32,"","","",""
RW3,3418,10/15/2023 13:25,18.74,452.32,"","","",""
RW3,3419,10/15/2023 13:30,18.79,15528.96,"","","",""
RW3,3420,10/15/2023 13:35,18.79,7178.24,"","","",""
RW3,3421,10/15/2023 13:40,18.87,13977.6,"","","",""
RW3,3422,10/15/2023 13:45,19,1793.28,"","","",""
RW3,3423,10/15/2023 13:50,19.22,695.36,"","","",""
RW3,3424,10/15/2023 13:55,19.22,761.28,"","","",""
RW3,3425,10/15/2023 14:00,19.52,1287.36,"","","",""
RW3,3426,10/15/2023 14:05,20.16,1923.84,"","","",""
RW3,3484,10/15/2023 18:55,18.74,0,"","","",""
RW3,3485,10/15/2023 19:00,18.83,0,"","","",""
RW3,3486,10/15/2023 19:05,18.83,0,"","","",""
RW3,3487,10/15/2023 19:10,18.92,0,"","","",""
RW3,3488,10/15/2023 19:15,18.92,0,"","","",""
RW3,3489,10/15/2023 19:20,18.87,0,"","","",""
RW3,3490,10/15/2023 19:25,18.83,0,"","","",""
RW3,3491,10/15/2023 19:30,18.87,0,"","","",""
RW3,3492,10/15/2023 19:35,18.87,0,"","","",""
RW3,3493,10/15/2023 19:40,18.83,0,"","","",""
RW3,3494,10/15/2023 19:45,18.83,0,"","","",""
RW3,3495,10/15/2023 19:50,18.83,0,"","","",""
RW3,3496,10/15/2023 19:55,18.79,0,"","","",""
RW3,3497,10/15/2023 20:00,18.83,0,"","","",""
RW3,3498,10/15/2023 20:05,18.74,0,"","","",""
RW3,3499,10/15/2023 20:10,18.7,0,"","","",""
RW3,3500,10/15/2023 20:15,18.7,0,"","","",""
RW3,3501,10/15/2023 20:20,18.62,0,"","","",""
RW3,3502,10/15/2023 20:25,18.62,0,"","","",""
RW3,3503,10/15/2023 20:30,18.62,0,"","","",""
RW3,3504,10/15/2023 20:35,18.62,0,"","","",""
RW3,3505,10/15/2023 20:40,18.62,0,"","","",""
RW3,3506,10/15/2023 20:45,18.57,0,"","","",""
RW3,3507,10/15/2023 20:50,18.53,0,"","","",""
RW3,3508,10/15/2023 20:55,18.49,0,"","","",""
RW3,3509,10/15/2023 21:00,18.53,0,"","","",""
RW3,3510,10/15/2023 21:05,18.44,0,"","","",""
RW3,3511,10/15/2023 21:10,18.4,0,"","","",""
RW3,3512,10/15/2023 21:15,18.32,0,"","","",""
RW3,3513,10/15/2023 21:20,18.32,0,"","","",""
RW3,3514,10/15/2023 21:25,18.36,0,"","","",""
RW3,3515,10/15/2023 21:30,18.27,0,"","","",""
RW3,3516,10/15/2023 21:35,18.23,0,"","","",""
RW3,3517,10/15/2023 21:40,18.23,0,"","","",""
RW3,3518,10/15/2023 21:45,18.19,0,"","","",""
RW3,3519,10/15/2023 21:50,18.19,0,"","","",""
RW3,3520,10/15/2023 21:55,18.14,0,"","","",""
RW3,3521,10/15/2023 22:00,18.1,0,"","","",""
RW3,3522,10/15/2023 22:05,18.06,0,"","","",""
RW3,3523,10/15/2023 22:10,18.02,0,"","","",""
RW3,3524,10/15/2023 22:15,17.97,0,"","","",""
RW3,3525,10/15/2023 22:20,17.97,0,"","","",""
RW3,3526,10/15/2023 22:25,17.97,0,"","","",""
RW3,3527,10/15/2023 22:30,17.89,0,"","","",""
RW3,3528,10/15/2023 22:35,17.8,0,"","","",""
RW3,3529,10/15/2023 22:40,17.76,0,"","","",""
RW3,3530,10/15/2023 22:45,17.72,0,"","","",""
RW3,3531,10/15/2023 22:50,17.63,0,"","","",""
RW3,3532,10/15/2023 22:55,17.59,0,"","","",""
RW3,3533,10/15/2023 23:00,17.59,0,"","","",""
RW3,3534,10/15/2023 23:05,17.54,0,"","","",""
RW3,3535,10/15/2023 23:10,17.5,0,"","","",""
RW3,3536,10/15/2023 23:15,17.41,0,"","","",""
RW3,3537,10/15/2023 23:20,17.41,0,"","","",""
RW3,3538,10/15/2023 23:25,17.37,0,"","","",""
RW3,3539,10/15/2023 23:30,17.33,0,"","","",""
RW3,3540,10/15/2023 23:35,17.33,0,"","","",""
RW3,3541,10/15/2023 23:40,17.29,0,"","","",""
RW3,3542,10/15/2023 23:45,17.29,0,"","","",""
RW3,3543,10/15/2023 23:50,17.29,0,"","","",""
RW3,3544,10/15/2023 23:55,17.24,0,"","","",""
RW3,3545,10/16/2023 0:00,17.29,0,"","","",""
RW3,3546,10/16/2023 0:05,17.29,0,"","","",""
RW3,3547,10/16/2023 0:10,17.24,0,"","","",""
RW3,3548,10/16/2023 0:15,17.29,0,"","","",""
RW3,3549,10/16/2023 0:20,17.29,0,"","","",""
RW3,3550,10/16/2023 0:25,17.29,0,"","","",""
RW3,3551,10/16/2023 0:30,17.33,0,"","","",""
RW3,3552,10/16/2023 0:35,17.33,0,"","","",""
RW3,3553,10/16/2023 0:40,17.33,0,"","","",""
RW3,3554,10/16/2023 0:45,17.37,0,"","","",""
RW3,3555,10/16/2023 0:50,17.33,0,"","","",""
RW3,3556,10/16/2023 0:55,17.37,0,"","","",""
RW3,3557,10/16/2023 1:00,17.37,0,"","","",""
RW3,3558,10/16/2023 1:05,17.37,0,"","","",""
RW3,3559,10/16/2023 1:10,17.37,0,"","","",""
RW3,3560,10/16/2023 1:15,17.41,0,"","","",""
RW3,3561,10/16/2023 1:20,17.33,0,"","","",""
RW3,3562,10/16/2023 1:25,17.41,0,"","","",""
RW3,3563,10/16/2023 1:30,17.37,0,"","","",""
RW3,3564,10/16/2023 1:35,17.41,0,"","","",""
RW3,3565,10/16/2023 1:40,17.41,0,"","","",""
RW3,3566,10/16/2023 1:45,17.37,0,"","","",""
RW3,3567,10/16/2023 1:50,17.41,0,"","","",""
RW3,3568,10/16/2023 1:55,17.41,0,"","","",""
RW3,3569,10/16/2023 2:00,17.41,0,"","","",""
RW3,3570,10/16/2023 2:05,17.41,0,"","","",""
RW3,3571,10/16/2023 2:10,17.41,0,"","","",""
RW3,3572,10/16/2023 2:15,17.41,0,"","","",""
RW3,3573,10/16/2023 2:20,17.46,0,"","","",""
RW3,3574,10/16/2023 2:25,17.46,0,"","","",""
RW3,3575,10/16/2023 2:30,17.41,0,"","","",""
RW3,3576,10/16/2023 2:35,17.41,0,"","","",""
RW3,3577,10/16/2023 2:40,17.46,0,"","","",""
RW3,3578,10/16/2023 2:45,17.41,0,"","","",""
RW3,3579,10/16/2023 2:50,17.46,0,"","","",""
RW3,3580,10/16/2023 2:55,17.46,0,"","","",""
RW3,3581,10/16/2023 3:00,17.46,0,"","","",""
RW3,3582,10/16/2023 3:05,17.5,0,"","","",""
RW3,3583,10/16/2023 3:10,17.46,0,"","","",""
RW3,3584,10/16/2023 3:15,17.41,0,"","","",""
RW3,3585,10/16/2023 3:20,17.46,0,"","","",""
RW3,3586,10/16/2023 3:25,17.46,0,"","","",""
RW3,3587,10/16/2023 3:30,17.41,0,"","","",""
RW3,3588,10/16/2023 3:35,17.41,0,"","","",""
RW3,3589,10/16/2023 3:40,17.37,0,"","","",""
RW3,3590,10/16/2023 3:45,17.37,0,"","","",""
RW3,3591,10/16/2023 3:50,17.33,0,"","","",""
RW3,3592,10/16/2023 3:55,17.37,0,"","","",""
RW3,3593,10/16/2023 4:00,17.33,0,"","","",""
RW3,3594,10/16/2023 4:05,17.33,0,"","","",""
RW3,3595,10/16/2023 4:10,17.37,0,"","","",""
RW3,3596,10/16/2023 4:15,17.37,0,"","","",""
RW3,3597,10/16/2023 4:20,17.29,0,"","","",""
RW3,3598,10/16/2023 4:25,17.33,0,"","","",""
RW3,3599,10/16/2023 4:30,17.37,0,"","","",""
RW3,3600,10/16/2023 4:35,17.33,0,"","","",""
RW3,3601,10/16/2023 4:40,17.33,0,"","","",""
RW3,3602,10/16/2023 4:45,17.37,0,"","","",""
RW3,3603,10/16/2023 4:50,17.37,0,"","","",""
RW3,3604,10/16/2023 4:55,17.37,0,"","","",""
RW3,3605,10/16/2023 5:00,17.33,0,"","","",""
RW3,3606,10/16/2023 5:05,17.41,0,"","","",""
RW3,3607,10/16/2023 5:10,17.41,0,"","","",""
RW3,3608,10/16/2023 5:15,17.46,0,"","","",""
RW3,3609,10/16/2023 5:20,17.41,0,"","","",""
RW3,3610,10/16/2023 5:25,17.46,0,"","","",""
RW3,3611,10/16/2023 5:30,17.46,0,"","","",""
RW3,3612,10/16/2023 5:35,17.5,0,"","","",""
RW3,3613,10/16/2023 5:40,17.5,0,"","","",""
RW3,3614,10/16/2023 5:45,17.54,0,"","","",""
RW3,3615,10/16/2023 5:50,17.54,0,"","","",""
RW3,3616,10/16/2023 5:55,17.54,0,"","","",""
RW3,3617,10/16/2023 6:00,17.59,0,"","","",""
RW3,3618,10/16/2023 6:05,17.54,0,"","","",""
RW3,3619,10/16/2023 6:10,17.59,0,"","","",""
RW3,3620,10/16/2023 6:15,17.59,0,"","","",""
RW3,3621,10/16/2023 6:20,17.59,0,"","","",""
RW3,3622,10/16/2023 6:25,17.59,0,"","","",""
RW3,3623,10/16/2023 6:30,17.59,0,"","","",""
RW3,3624,10/16/2023 6:35,17.54,0,"","","",""
RW3,3625,10/16/2023 6:40,17.59,0.21,"","","",""
RW3,3626,10/16/2023 6:45,17.59,0,"","","",""
RW3,3627,10/16/2023 6:50,17.63,2.38,"","","",""
RW3,3628,10/16/2023 6:55,17.63,9.11,"","","",""
RW3,3629,10/16/2023 7:00,17.63,16.52,"","","",""
RW3,3630,10/16/2023 7:05,17.63,59.24,"","","",""
RW3,3631,10/16/2023 7:10,17.63,3.9,"","","",""
RW3,3632,10/16/2023 7:15,17.63,46.16,"","","",""
RW3,3633,10/16/2023 7:20,17.63,6.07,"","","",""
RW3,3634,10/16/2023 7:25,17.63,72.76,"","","",""
RW3,3635,10/16/2023 7:30,17.67,8.89,"","","",""
RW3,3636,10/16/2023 7:35,17.63,4.55,"","","",""
RW3,3637,10/16/2023 7:40,17.59,47.86,"","","",""
RW3,3638,10/16/2023 7:45,17.59,29.13,"","","",""
RW3,3639,10/16/2023 7:50,17.63,54.86,"","","",""
RW3,3640,10/16/2023 7:55,17.54,76.72,"","","",""
RW3,3641,10/16/2023 8:00,17.5,56.16,"","","",""
RW3,3642,10/16/2023 8:05,17.59,9.14,"","","",""
RW3,3643,10/16/2023 8:10,17.54,184.88,"","","",""
RW3,3644,10/16/2023 8:15,17.59,93.44,"","","",""
RW3,3645,10/16/2023 8:20,17.59,31.74,"","","",""
RW3,3646,10/16/2023 8:25,17.59,751.68,"","","",""
RW3,3647,10/16/2023 8:30,17.54,9.11,"","","",""
RW3,3648,10/16/2023 8:35,17.54,47.04,"","","",""
RW3,3649,10/16/2023 8:40,17.59,74.44,"","","",""
RW3,3650,10/16/2023 8:45,17.63,355.04,"","","",""
RW3,3651,10/16/2023 8:50,17.63,201.36,"","","",""
RW3,3652,10/16/2023 8:55,17.63,40.04,"","","",""
RW3,3653,10/16/2023 9:00,17.59,115.12,"","","",""
RW3,3654,10/16/2023 9:05,17.67,67.98,"","","",""
RW3,3655,10/16/2023 9:10,17.63,29.19,"","","",""
RW3,3656,10/16/2023 9:15,17.63,7.62,"","","",""
RW3,3657,10/16/2023 9:20,17.67,6.07,"","","",""
RW3,3658,10/16/2023 9:25,17.59,4.55,"","","",""
RW3,3659,10/16/2023 9:30,17.63,0,"","","",""
RW3,3660,10/16/2023 9:35,17.63,14.32,"","","",""
RW3,3661,10/16/2023 9:40,17.72,12.37,"","","",""
RW3,3662,10/16/2023 9:45,17.72,36.57,"","","",""
RW3,3663,10/16/2023 9:50,17.67,17.39,"","","",""
RW3,3664,10/16/2023 9:55,17.72,0.43,"","","",""
RW3,3665,10/16/2023 10:00,17.67,146.72,"","","",""
RW3,3666,10/16/2023 10:05,17.72,3.25,"","","",""
RW3,3667,10/16/2023 10:10,17.76,10.41,"","","",""
RW3,3668,10/16/2023 10:15,17.8,2.17,"","","",""
RW3,3669,10/16/2023 10:20,17.76,302.08,"","","",""
RW3,3670,10/16/2023 10:25,17.76,156.24,"","","",""
RW3,3671,10/16/2023 10:30,17.84,0.65,"","","",""
RW3,3672,10/16/2023 10:35,17.89,28.27,"","","",""
RW3,3673,10/16/2023 10:40,17.89,221.6,"","","",""
RW3,3674,10/16/2023 10:45,17.89,38.31,"","","",""
RW3,3675,10/16/2023 10:50,17.89,0,"","","",""
RW3,3676,10/16/2023 10:55,17.89,53.6,"","","",""
RW3,3677,10/16/2023 11:00,17.93,81.06,"","","",""
RW3,3678,10/16/2023 11:05,17.97,17.36,"","","",""
RW3,3679,10/16/2023 11:10,17.93,16.98,"","","",""
RW3,3680,10/16/2023 11:15,17.89,0.65,"","","",""
RW3,3681,10/16/2023 11:20,17.93,92.84,"","","",""
RW3,3682,10/16/2023 11:25,17.97,85,"","","",""
RW3,3683,10/16/2023 11:30,18.06,32.23,"","","",""
RW3,3684,10/16/2023 11:35,18.02,41.2,"","","",""
RW3,3685,10/16/2023 11:40,18.06,25.66,"","","",""
RW3,3686,10/16/2023 11:45,18.06,195.52,"","","",""
RW3,3687,10/16/2023 11:50,18.1,68.42,"","","",""
RW3,3688,10/16/2023 11:55,18.14,27.83,"","","",""
RW3,3689,10/16/2023 12:00,18.1,2.6,"","","",""
RW3,3690,10/16/2023 12:05,18.14,5.86,"","","",""
RW3,3691,10/16/2023 12:10,18.19,53.16,"","","",""
RW3,3692,10/16/2023 12:15,18.19,62.34,"","","",""
RW3,3693,10/16/2023 12:20,18.23,225.04,"","","",""
RW3,3694,10/16/2023 12:25,18.23,371.68,"","","",""
RW3,3695,10/16/2023 12:30,18.23,5.42,"","","",""
RW3,3696,10/16/2023 12:35,18.27,0,"","","",""
RW3,3697,10/16/2023 12:40,18.27,182.72,"","","",""
RW3,3698,10/16/2023 12:45,18.36,44.86,"","","",""
RW3,3699,10/16/2023 12:50,18.36,46.22,"","","",""
RW3,3700,10/16/2023 12:55,18.44,12.37,"","","",""
RW3,3701,10/16/2023 13:00,18.44,318.4,"","","",""
RW3,3702,10/16/2023 13:05,18.53,137.8,"","","",""
RW3,3703,10/16/2023 13:10,18.49,943.04,"","","",""
RW3,3704,10/16/2023 13:15,18.57,2510.72,"","","",""
RW3,3705,10/16/2023 13:20,18.53,883.84,"","","",""
RW3,3706,10/16/2023 13:25,18.62,9167.36,"","","",""
RW3,3707,10/16/2023 13:30,18.66,1873.28,"","","",""
RW3,3708,10/16/2023 13:35,18.74,999.04,"","","",""
RW3,3709,10/16/2023 13:40,18.79,982.72,"","","",""
RW3,3710,10/16/2023 13:45,18.83,639.36,"","","",""
RW3,3711,10/16/2023 13:50,18.79,258.48,"","","",""
RW3,3712,10/16/2023 13:55,18.83,581.6,"","","",""
RW3,3713,10/16/2023 14:00,18.87,1083.52,"","","",""
RW3,3714,10/16/2023 14:05,19,543.84,"","","",""
RW3,3715,10/16/2023 14:10,19.17,227.84,"","","",""
RW3,3716,10/16/2023 14:15,19.13,383.68,"","","",""
RW3,3717,10/16/2023 14:20,19.3,285.2,"","","",""
RW3,3718,10/16/2023 14:25,19.43,646.24,"","","",""
RW3,3719,10/16/2023 14:30,19.6,723.84,"","","",""
RW3,3720,10/16/2023 14:35,20.16,2274.56,"","","",""
RW3,3781,10/16/2023 19:40,17.76,0,"","","",""
RW3,3782,10/16/2023 19:45,18.19,0,"","","",""
RW3,3783,10/16/2023 19:50,18.53,0,"","","",""
RW3,3784,10/16/2023 19:55,18.66,0,"","","",""
RW3,3785,10/16/2023 20:00,18.66,0,"","","",""
RW3,3786,10/16/2023 20:05,18.66,0,"","","",""
RW3,3787,10/16/2023 20:10,18.7,0,"","","",""
RW3,3788,10/16/2023 20:15,18.57,0,"","","",""
RW3,3789,10/16/2023 20:20,18.74,0,"","","",""
RW3,3790,10/16/2023 20:25,18.74,0,"","","",""
RW3,3791,10/16/2023 20:30,18.7,0,"","","",""
RW3,3792,10/16/2023 20:35,18.7,0,"","","",""
RW3,3793,10/16/2023 20:40,18.79,0,"","","",""
RW3,3794,10/16/2023 20:45,18.66,0,"","","",""
RW3,3795,10/16/2023 20:50,18.7,0,"","","",""
RW3,3796,10/16/2023 20:55,18.74,0,"","","",""
RW3,3797,10/16/2023 21:00,18.74,0,"","","",""
RW3,3798,10/16/2023 21:05,18.7,0,"","","",""
RW3,3799,10/16/2023 21:10,18.74,0,"","","",""
RW3,3800,10/16/2023 21:15,18.7,0,"","","",""
RW3,3801,10/16/2023 21:20,18.7,0,"","","",""
RW3,3802,10/16/2023 21:25,18.66,0,"","","",""
RW3,3803,10/16/2023 21:30,18.7,0,"","","",""
RW3,3804,10/16/2023 21:35,18.66,0,"","","",""
RW3,3805,10/16/2023 21:40,18.62,0,"","","",""
RW3,3806,10/16/2023 21:45,18.66,0,"","","",""
RW3,3807,10/16/2023 21:50,18.66,0,"","","",""
RW3,3808,10/16/2023 21:55,18.62,0,"","","",""
RW3,3809,10/16/2023 22:00,18.66,0,"","","",""
RW3,3810,10/16/2023 22:05,18.62,0,"","","",""
RW3,3811,10/16/2023 22:10,18.66,0,"","","",""
RW3,3812,10/16/2023 22:15,18.62,0,"","","",""
RW3,3813,10/16/2023 22:20,18.57,0,"","","",""
RW3,3814,10/16/2023 22:25,18.62,0,"","","",""
RW3,3815,10/16/2023 22:30,18.57,0,"","","",""
RW3,3816,10/16/2023 22:35,18.53,0,"","","",""
RW3,3817,10/16/2023 22:40,18.62,0,"","","",""
RW3,3818,10/16/2023 22:45,18.57,0,"","","",""
RW3,3819,10/16/2023 22:50,18.53,0,"","","",""
RW3,3820,10/16/2023 22:55,18.53,0,"","","",""
RW3,3821,10/16/2023 23:00,18.53,0,"","","",""
RW3,3822,10/16/2023 23:05,18.53,0,"","","",""
RW3,3823,10/16/2023 23:10,18.57,0,"","","",""
RW3,3824,10/16/2023 23:15,18.53,0,"","","",""
RW3,3825,10/16/2023 23:20,18.53,0,"","","",""
RW3,3826,10/16/2023 23:25,18.49,0,"","","",""
RW3,3827,10/16/2023 23:30,18.44,0,"","","",""
RW3,3828,10/16/2023 23:35,18.4,0,"","","",""
RW3,3829,10/16/2023 23:40,18.44,0,"","","",""
RW3,3830,10/16/2023 23:45,18.4,0,"","","",""
RW3,3831,10/16/2023 23:50,18.36,0,"","","",""
RW3,3832,10/16/2023 23:55,18.36,0,"","","",""
RW3,3833,10/17/2023 0:00,18.36,0,"","","",""
RW3,3834,10/17/2023 0:05,18.4,0,"","","",""
RW3,3835,10/17/2023 0:10,18.36,0,"","","",""
RW3,3836,10/17/2023 0:15,18.4,0,"","","",""
RW3,3837,10/17/2023 0:20,18.36,0,"","","",""
RW3,3838,10/17/2023 0:25,18.44,0,"","","",""
RW3,3839,10/17/2023 0:30,18.4,0,"","","",""
RW3,3840,10/17/2023 0:35,18.32,0,"","","",""
RW3,3841,10/17/2023 0:40,18.36,0,"","","",""
RW3,3842,10/17/2023 0:45,18.4,0,"","","",""
RW3,3843,10/17/2023 0:50,18.44,0,"","","",""
RW3,3844,10/17/2023 0:55,18.4,0,"","","",""
RW3,3845,10/17/2023 1:00,18.4,0,"","","",""
RW3,3846,10/17/2023 1:05,18.36,0,"","","",""
RW3,3847,10/17/2023 1:10,18.32,0,"","","",""
RW3,3848,10/17/2023 1:15,18.32,0,"","","",""
RW3,3849,10/17/2023 1:20,18.32,0,"","","",""
RW3,3850,10/17/2023 1:25,18.27,0,"","","",""
RW3,3851,10/17/2023 1:30,18.32,0,"","","",""
RW3,3852,10/17/2023 1:35,18.27,0,"","","",""
RW3,3853,10/17/2023 1:40,18.27,0,"","","",""
RW3,3854,10/17/2023 1:45,18.23,0,"","","",""
RW3,3855,10/17/2023 1:50,18.19,0,"","","",""
RW3,3856,10/17/2023 1:55,18.19,0,"","","",""
RW3,3857,10/17/2023 2:00,18.23,0,"","","",""
RW3,3858,10/17/2023 2:05,18.23,0,"","","",""
RW3,3859,10/17/2023 2:10,18.27,0,"","","",""
RW3,3860,10/17/2023 2:15,18.27,0,"","","",""
RW3,3861,10/17/2023 2:20,18.23,0,"","","",""
RW3,3862,10/17/2023 2:25,18.23,0,"","","",""
RW3,3863,10/17/2023 2:30,18.23,0,"","","",""
RW3,3864,10/17/2023 2:35,18.27,0,"","","",""
RW3,3865,10/17/2023 2:40,18.23,0,"","","",""
RW3,3866,10/17/2023 2:45,18.23,0,"","","",""
RW3,3867,10/17/2023 2:50,18.19,0,"","","",""
RW3,3868,10/17/2023 2:55,18.19,0,"","","",""
RW3,3869,10/17/2023 3:00,18.14,0,"","","",""
RW3,3870,10/17/2023 3:05,18.19,0,"","","",""
RW3,3871,10/17/2023 3:10,18.19,0,"","","",""
RW3,3872,10/17/2023 3:15,18.14,0,"","","",""
RW3,3873,10/17/2023 3:20,18.14,0,"","","",""
RW3,3874,10/17/2023 3:25,18.14,0,"","","",""
RW3,3875,10/17/2023 3:30,18.14,0,"","","",""
RW3,3876,10/17/2023 3:35,18.1,0,"","","",""
RW3,3877,10/17/2023 3:40,18.1,0,"","","",""
RW3,3878,10/17/2023 3:45,18.14,0,"","","",""
RW3,3879,10/17/2023 3:50,18.1,0,"","","",""
RW3,3880,10/17/2023 3:55,18.1,0,"","","",""
RW3,3881,10/17/2023 4:00,18.1,0,"","","",""
RW3,3882,10/17/2023 4:05,18.06,0,"","","",""
RW3,3883,10/17/2023 4:10,18.06,0,"","","",""
RW3,3884,10/17/2023 4:15,18.1,0,"","","",""
RW3,3885,10/17/2023 4:20,18.1,0,"","","",""
RW3,3886,10/17/2023 4:25,18.06,0,"","","",""
RW3,3887,10/17/2023 4:30,18.06,0,"","","",""
RW3,3888,10/17/2023 4:35,18.06,0,"","","",""
RW3,3889,10/17/2023 4:40,18.02,0,"","","",""
RW3,3890,10/17/2023 4:45,18.02,0,"","","",""
RW3,3891,10/17/2023 4:50,18.02,0,"","","",""
RW3,3892,10/17/2023 4:55,18.02,0,"","","",""
RW3,3893,10/17/2023 5:00,18.02,0,"","","",""
RW3,3894,10/17/2023 5:05,18.02,0,"","","",""
RW3,3895,10/17/2023 5:10,17.97,0,"","","",""
RW3,3896,10/17/2023 5:15,18.02,0,"","","",""
RW3,3897,10/17/2023 5:20,18.02,0,"","","",""
RW3,3898,10/17/2023 5:25,17.97,0,"","","",""
RW3,3899,10/17/2023 5:30,18.02,0,"","","",""
RW3,3900,10/17/2023 5:35,18.02,0,"","","",""
RW3,3901,10/17/2023 5:40,18.02,0,"","","",""
RW3,3902,10/17/2023 5:45,17.97,0,"","","",""
RW3,3903,10/17/2023 5:50,17.97,0,"","","",""
RW3,3904,10/17/2023 5:55,17.97,0,"","","",""
RW3,3905,10/17/2023 6:00,17.97,0,"","","",""
RW3,3906,10/17/2023 6:05,18.02,0,"","","",""
RW3,3907,10/17/2023 6:10,17.97,0,"","","",""
RW3,3908,10/17/2023 6:15,17.93,0,"","","",""
RW3,3909,10/17/2023 6:20,17.97,0,"","","",""
RW3,3910,10/17/2023 6:25,17.97,0,"","","",""
RW3,3911,10/17/2023 6:30,17.93,0,"","","",""
RW3,3912,10/17/2023 6:35,17.93,0,"","","",""
RW3,3913,10/17/2023 6:40,17.93,0,"","","",""
RW3,3914,10/17/2023 6:45,17.97,0,"","","",""
RW3,3915,10/17/2023 6:50,17.93,1.51,"","","",""
RW3,3916,10/17/2023 6:55,17.93,0.65,"","","",""
RW3,3917,10/17/2023 7:00,17.93,11.06,"","","",""
RW3,3918,10/17/2023 7:05,17.89,12.37,"","","",""
RW3,3919,10/17/2023 7:10,17.93,16.74,"","","",""
RW3,3920,10/17/2023 7:15,17.93,27.4,"","","",""
RW3,3921,10/17/2023 7:20,17.93,131.64,"","","",""
RW3,3922,10/17/2023 7:25,17.93,67.06,"","","",""
RW3,3923,10/17/2023 7:30,17.89,5.86,"","","",""
RW3,3924,10/17/2023 7:35,17.93,8.89,"","","",""
RW3,3925,10/17/2023 7:40,17.93,11.96,"","","",""
RW3,3926,10/17/2023 7:45,17.93,36.08,"","","",""
RW3,3927,10/17/2023 7:50,17.89,56.16,"","","",""
RW3,3928,10/17/2023 7:55,17.93,52.74,"","","",""
RW3,3929,10/17/2023 8:00,17.89,58.38,"","","",""
RW3,3930,10/17/2023 8:05,17.93,4.12,"","","",""
RW3,3931,10/17/2023 8:10,17.93,64.88,"","","",""
RW3,3932,10/17/2023 8:15,17.89,25.66,"","","",""
RW3,3933,10/17/2023 8:20,17.93,14.75,"","","",""
RW3,3934,10/17/2023 8:25,17.93,389.76,"","","",""
RW3,3935,10/17/2023 8:30,17.97,0.43,"","","",""
RW3,3936,10/17/2023 8:35,18.02,53.6,"","","",""
RW3,3937,10/17/2023 8:40,17.97,124.8,"","","",""
RW3,3938,10/17/2023 8:45,17.97,6.72,"","","",""
RW3,3939,10/17/2023 8:50,18.02,161.24,"","","",""
RW3,3940,10/17/2023 8:55,17.97,392.32,"","","",""
RW3,3941,10/17/2023 9:00,17.97,506.88,"","","",""
RW3,3942,10/17/2023 9:05,18.02,19.1,"","","",""
RW3,3943,10/17/2023 9:10,18.06,1505.28,"","","",""
RW3,3944,10/17/2023 9:15,17.97,240,"","","",""
RW3,3945,10/17/2023 9:20,18.02,16.98,"","","",""
RW3,3946,10/17/2023 9:25,18.06,651.52,"","","",""
RW3,3947,10/17/2023 9:30,18.02,776.96,"","","",""
RW3,3948,10/17/2023 9:35,18.06,18.25,"","","",""
RW3,3949,10/17/2023 9:40,18.02,411.68,"","","",""
RW3,3950,10/17/2023 9:45,18.06,15.65,"","","",""
RW3,3951,10/17/2023 9:50,18.06,519.52,"","","",""
RW3,3952,10/17/2023 9:55,18.02,190.96,"","","",""
RW3,3953,10/17/2023 10:00,18.06,411.52,"","","",""
RW3,3954,10/17/2023 10:05,18.06,871.68,"","","",""
RW3,3955,10/17/2023 10:10,18.02,509.12,"","","",""
RW3,3956,10/17/2023 10:15,18.1,1068.48,"","","",""
RW3,3957,10/17/2023 10:20,18.1,198.96,"","","",""
RW3,3958,10/17/2023 10:25,18.1,79.32,"","","",""
RW3,3959,10/17/2023 10:30,18.06,1554.56,"","","",""
RW3,3960,10/17/2023 10:35,18.02,722.24,"","","",""
RW3,3961,10/17/2023 10:40,18.02,672,"","","",""
RW3,3962,10/17/2023 10:45,18.1,12.15,"","","",""
RW3,3963,10/17/2023 10:50,18.1,220.72,"","","",""
RW3,3964,10/17/2023 10:55,18.1,22.84,"","","",""
RW3,3965,10/17/2023 11:00,18.1,261.92,"","","",""
RW3,3966,10/17/2023 11:05,18.06,310.56,"","","",""
RW3,3967,10/17/2023 11:10,17.93,417.92,"","","",""
RW3,3968,10/17/2023 11:15,18.02,102,"","","",""
RW3,3969,10/17/2023 11:20,18.02,174.72,"","","",""
RW3,3970,10/17/2023 11:25,17.93,327.04,"","","",""
RW3,3971,10/17/2023 11:30,17.8,1968.64,"","","",""
RW3,3972,10/17/2023 11:35,17.93,41.34,"","","",""
RW3,3973,10/17/2023 11:40,17.93,179.92,"","","",""
RW3,3974,10/17/2023 11:45,17.97,20.07,"","","",""
RW3,3975,10/17/2023 11:50,18.02,29.13,"","","",""
RW3,3976,10/17/2023 11:55,18.14,867.52,"","","",""
RW3,3977,10/17/2023 12:00,18.27,98.52,"","","",""
RW3,3978,10/17/2023 12:05,18.27,0,"","","",""
RW3,3979,10/17/2023 12:10,18.32,143.12,"","","",""
RW3,3980,10/17/2023 12:15,18.27,91.56,"","","",""
RW3,3981,10/17/2023 12:20,18.23,8.73,"","","",""
RW3,3982,10/17/2023 12:25,18.19,310.56,"","","",""
RW3,3983,10/17/2023 12:30,18.4,20.51,"","","",""
RW3,3984,10/17/2023 12:35,18.49,18.28,"","","",""
RW3,3985,10/17/2023 12:40,18.49,9.14,"","","",""
RW3,3986,10/17/2023 12:45,18.44,27.83,"","","",""
RW3,3987,10/17/2023 12:50,18.53,26.1,"","","",""
RW3,3988,10/17/2023 12:55,18.49,14.16,"","","",""
RW3,3989,10/17/2023 13:00,18.53,151.8,"","","",""
RW3,3990,10/17/2023 13:05,18.44,1266.56,"","","",""
RW3,3991,10/17/2023 13:10,18.49,93.32,"","","",""
RW3,3992,10/17/2023 13:15,18.49,56.64,"","","",""
RW3,3993,10/17/2023 13:20,18.57,48.4,"","","",""
RW3,3994,10/17/2023 13:25,18.57,3443.2,"","","",""
RW3,3995,10/17/2023 13:30,18.57,506.88,"","","",""
RW3,3996,10/17/2023 13:35,18.62,4111.36,"","","",""
RW3,3997,10/17/2023 13:40,18.62,420.16,"","","",""
RW3,3998,10/17/2023 13:45,18.62,302.08,"","","",""
RW3,3999,10/17/2023 13:50,18.66,58.22,"","","",""
RW3,4000,10/17/2023 13:55,18.74,295.12,"","","",""
RW3,4001,10/17/2023 14:00,18.74,150.2,"","","",""
RW3,4002,10/17/2023 14:05,18.74,2618.24,"","","",""
RW3,4003,10/17/2023 14:10,18.87,4826.88,"","","",""
RW3,4004,10/17/2023 14:15,18.92,2194.56,"","","",""
RW3,4005,10/17/2023 14:20,18.96,1448.96,"","","",""
RW3,4006,10/17/2023 14:25,19.05,6901.76,"","","",""
RW3,4007,10/17/2023 14:30,19.09,223.12,"","","",""
RW3,4008,10/17/2023 14:35,19.22,10222.08,"","","",""
RW3,4009,10/17/2023 14:40,19.3,283.44,"","","",""
RW3,4010,10/17/2023 14:45,19.35,6947.84,"","","",""
RW3,4011,10/17/2023 14:50,19.47,11151.36,"","","",""
RW3,4012,10/17/2023 14:55,19.73,3353.6,"","","",""
RW3,4013,10/17/2023 15:00,19.9,1049.6,"","","",""
RW3,4014,10/17/2023 15:05,19.9,602.88,"","","",""
RW3,4015,10/17/2023 15:10,19.86,404.96,"","","",""
RW3,4016,10/17/2023 15:15,19.9,355.04,"","","",""
RW3,4017,10/17/2023 15:20,19.9,1741.44,"","","",""
RW3,4018,10/17/2023 15:25,20.29,1001.92,"","","",""
RW3,4079,10/17/2023 20:30,18.49,0,"","","",""
RW3,4080,10/17/2023 20:35,18.87,0,"","","",""
RW3,4081,10/17/2023 20:40,19.13,0,"","","",""
RW3,4082,10/17/2023 20:45,19.3,0,"","","",""
RW3,4083,10/17/2023 20:50,19.35,0,"","","",""
RW3,4084,10/17/2023 20:55,19.39,0,"","","",""
RW3,4085,10/17/2023 21:00,19.47,0,"","","",""
RW3,4086,10/17/2023 21:05,19.43,0,"","","",""
RW3,4087,10/17/2023 21:10,19.47,0,"","","",""
RW3,4088,10/17/2023 21:15,19.47,0,"","","",""
RW3,4089,10/17/2023 21:20,19.43,0,"","","",""
RW3,4090,10/17/2023 21:25,19.52,0,"","","",""
RW3,4091,10/17/2023 21:30,19.6,0,"","","",""
RW3,4092,10/17/2023 21:35,19.6,0,"","","",""
RW3,4093,10/17/2023 21:40,19.65,0,"","","",""
RW3,4094,10/17/2023 21:45,19.65,0,"","","",""
RW3,4095,10/17/2023 21:50,19.65,0,"","","",""
RW3,4096,10/17/2023 21:55,19.65,0,"","","",""
RW3,4097,10/17/2023 22:00,19.65,0,"","","",""
RW3,4098,10/17/2023 22:05,19.69,0,"","","",""
RW3,4099,10/17/2023 22:10,19.69,0,"","","",""
RW3,4100,10/17/2023 22:15,19.69,0,"","","",""
RW3,4101,10/17/2023 22:20,19.69,0,"","","",""
RW3,4102,10/17/2023 22:25,19.69,0,"","","",""
RW3,4103,10/17/2023 22:30,19.65,0,"","","",""
RW3,4104,10/17/2023 22:35,19.69,0,"","","",""
RW3,4105,10/17/2023 22:40,19.65,0,"","","",""
RW3,4106,10/17/2023 22:45,19.65,0,"","","",""
RW3,4107,10/17/2023 22:50,19.65,0,"","","",""
RW3,4108,10/17/2023 22:55,19.6,0,"","","",""
RW3,4109,10/17/2023 23:00,19.56,0,"","","",""
RW3,4110,10/17/2023 23:05,19.6,0,"","","",""
RW3,4111,10/17/2023 23:10,19.6,0,"","","",""
RW3,4112,10/17/2023 23:15,19.56,0,"","","",""
RW3,4113,10/17/2023 23:20,19.56,0,"","","",""
RW3,4114,10/17/2023 23:25,19.6,0,"","","",""
RW3,4115,10/17/2023 23:30,19.52,0,"","","",""
RW3,4116,10/17/2023 23:35,19.52,0,"","","",""
RW3,4117,10/17/2023 23:40,19.52,0,"","","",""
RW3,4118,10/17/2023 23:45,19.47,0,"","","",""
RW3,4119,10/17/2023 23:50,19.47,0,"","","",""
RW3,4120,10/17/2023 23:55,19.47,0,"","","",""
RW3,4121,10/18/2023 0:00,19.47,0,"","","",""
RW3,4122,10/18/2023 0:05,19.43,0,"","","",""
RW3,4123,10/18/2023 0:10,19.43,0,"","","",""
RW3,4124,10/18/2023 0:15,19.39,0,"","","",""
RW3,4125,10/18/2023 0:20,19.39,0,"","","",""
RW3,4126,10/18/2023 0:25,19.35,0,"","","",""
RW3,4127,10/18/2023 0:30,19.35,0,"","","",""
RW3,4128,10/18/2023 0:35,19.26,0,"","","",""
RW3,4129,10/18/2023 0:40,19.3,0,"","","",""
RW3,4130,10/18/2023 0:45,19.26,0,"","","",""
RW3,4131,10/18/2023 0:50,19.17,0,"","","",""
RW3,4132,10/18/2023 0:55,19.17,0,"","","",""
RW3,4133,10/18/2023 1:00,19.13,0,"","","",""
RW3,4134,10/18/2023 1:05,19.13,0,"","","",""
RW3,4135,10/18/2023 1:10,19.05,0,"","","",""
RW3,4136,10/18/2023 1:15,19,0,"","","",""
RW3,4137,10/18/2023 1:20,18.92,0,"","","",""
RW3,4138,10/18/2023 1:25,18.87,0,"","","",""
RW3,4139,10/18/2023 1:30,18.79,0,"","","",""
RW3,4140,10/18/2023 1:35,18.74,0,"","","",""
RW3,4141,10/18/2023 1:40,18.74,0,"","","",""
RW3,4142,10/18/2023 1:45,18.66,0,"","","",""
RW3,4143,10/18/2023 1:50,18.66,0,"","","",""
RW3,4144,10/18/2023 1:55,18.57,0,"","","",""
RW3,4145,10/18/2023 2:00,18.53,0,"","","",""
RW3,4146,10/18/2023 2:05,18.49,0,"","","",""
RW3,4147,10/18/2023 2:10,18.4,0,"","","",""
RW3,4148,10/18/2023 2:15,18.36,0,"","","",""
RW3,4149,10/18/2023 2:20,18.36,0,"","","",""
RW3,4150,10/18/2023 2:25,18.32,0,"","","",""
RW3,4151,10/18/2023 2:30,18.27,0,"","","",""
RW3,4152,10/18/2023 2:35,18.23,0,"","","",""
RW3,4153,10/18/2023 2:40,18.14,0,"","","",""
RW3,4154,10/18/2023 2:45,18.1,0,"","","",""
RW3,4155,10/18/2023 2:50,18.02,0,"","","",""
RW3,4156,10/18/2023 2:55,18.02,0,"","","",""
RW3,4157,10/18/2023 3:00,18.02,0,"","","",""
RW3,4158,10/18/2023 3:05,18.02,0,"","","",""
RW3,4159,10/18/2023 3:10,18.06,0,"","","",""
RW3,4160,10/18/2023 3:15,18.02,0,"","","",""
RW3,4161,10/18/2023 3:20,17.97,0,"","","",""
RW3,4162,10/18/2023 3:25,17.97,0,"","","",""
RW3,4163,10/18/2023 3:30,17.97,0,"","","",""
RW3,4164,10/18/2023 3:35,17.93,0,"","","",""
RW3,4165,10/18/2023 3:40,17.97,0,"","","",""
RW3,4166,10/18/2023 3:45,17.97,0,"","","",""
RW3,4167,10/18/2023 3:50,17.97,0,"","","",""
RW3,4168,10/18/2023 3:55,17.93,0,"","","",""
RW3,4169,10/18/2023 4:00,17.93,0,"","","",""
RW3,4170,10/18/2023 4:05,17.93,0,"","","",""
RW3,4171,10/18/2023 4:10,17.93,0,"","","",""
RW3,4172,10/18/2023 4:15,17.93,0,"","","",""
RW3,4173,10/18/2023 4:20,17.93,0,"","","",""
RW3,4174,10/18/2023 4:25,17.89,0,"","","",""
RW3,4175,10/18/2023 4:30,17.89,0,"","","",""
RW3,4176,10/18/2023 4:35,17.89,0,"","","",""
RW3,4177,10/18/2023 4:40,17.89,0,"","","",""
RW3,4178,10/18/2023 4:45,17.89,0,"","","",""
RW3,4179,10/18/2023 4:50,17.89,0,"","","",""
RW3,4180,10/18/2023 4:55,17.89,0,"","","",""
RW3,4181,10/18/2023 5:00,17.89,0,"","","",""
RW3,4182,10/18/2023 5:05,17.84,0,"","","",""
RW3,4183,10/18/2023 5:10,17.84,0,"","","",""
RW3,4184,10/18/2023 5:15,17.93,0,"","","",""
RW3,4185,10/18/2023 5:20,17.84,0,"","","",""
RW3,4186,10/18/2023 5:25,17.89,0,"","","",""
RW3,4187,10/18/2023 5:30,17.89,0,"","","",""
RW3,4188,10/18/2023 5:35,17.93,0,"","","",""
RW3,4189,10/18/2023 5:40,17.93,0,"","","",""
RW3,4190,10/18/2023 5:45,17.93,0,"","","",""
RW3,4191,10/18/2023 5:50,17.93,0,"","","",""
RW3,4192,10/18/2023 5:55,17.89,0,"","","",""
RW3,4193,10/18/2023 6:00,17.89,0,"","","",""
RW3,4194,10/18/2023 6:05,17.93,0,"","","",""
RW3,4195,10/18/2023 6:10,17.93,0,"","","",""
RW3,4196,10/18/2023 6:15,17.93,0,"","","",""
RW3,4197,10/18/2023 6:20,17.93,0,"","","",""
RW3,4198,10/18/2023 6:25,17.97,0,"","","",""
RW3,4199,10/18/2023 6:30,17.97,0,"","","",""
RW3,4200,10/18/2023 6:35,17.97,0,"","","",""
RW3,4201,10/18/2023 6:40,17.97,0.65,"","","",""
RW3,4202,10/18/2023 6:45,17.97,0.21,"","","",""
RW3,4203,10/18/2023 6:50,18.02,0.43,"","","",""
RW3,4204,10/18/2023 6:55,17.97,9.11,"","","",""
RW3,4205,10/18/2023 7:00,18.02,0.43,"","","",""
RW3,4206,10/18/2023 7:05,18.02,1.73,"","","",""
RW3,4207,10/18/2023 7:10,18.02,1.51,"","","",""
RW3,4208,10/18/2023 7:15,18.02,2.38,"","","",""
RW3,4209,10/18/2023 7:20,17.97,4.99,"","","",""
RW3,4210,10/18/2023 7:25,18.02,0.43,"","","",""
RW3,4211,10/18/2023 7:30,17.97,21.08,"","","",""
RW3,4212,10/18/2023 7:35,17.97,0,"","","",""
RW3,4213,10/18/2023 7:40,18.06,63.58,"","","",""
RW3,4214,10/18/2023 7:45,18.02,10.2,"","","",""
RW3,4215,10/18/2023 7:50,18.02,422.24,"","","",""
RW3,4216,10/18/2023 7:55,17.97,44.92,"","","",""
RW3,4217,10/18/2023 8:00,18.06,122.2,"","","",""
RW3,4218,10/18/2023 8:05,18.06,0.65,"","","",""
RW3,4219,10/18/2023 8:10,18.02,30.06,"","","",""
RW3,4220,10/18/2023 8:15,18.06,3.47,"","","",""
RW3,4221,10/18/2023 8:20,18.06,30.49,"","","",""
RW3,4222,10/18/2023 8:25,18.06,24.79,"","","",""
RW3,4223,10/18/2023 8:30,18.1,96.8,"","","",""
RW3,4224,10/18/2023 8:35,18.14,47.9,"","","",""
RW3,4225,10/18/2023 8:40,18.14,24.36,"","","",""
RW3,4226,10/18/2023 8:45,18.19,178.96,"","","",""
RW3,4227,10/18/2023 8:50,18.27,31.36,"","","",""
RW3,4228,10/18/2023 8:55,18.23,112.4,"","","",""
RW3,4229,10/18/2023 9:00,18.23,327.28,"","","",""
RW3,4230,10/18/2023 9:05,18.27,756.8,"","","",""
RW3,4231,10/18/2023 9:10,18.19,43.62,"","","",""
RW3,4232,10/18/2023 9:15,18.23,438.4,"","","",""
RW3,4233,10/18/2023 9:20,18.23,670.08,"","","",""
RW3,4234,10/18/2023 9:25,18.27,880.96,"","","",""
RW3,4235,10/18/2023 9:30,18.27,183.28,"","","",""
RW3,4236,10/18/2023 9:35,18.23,59.68,"","","",""
RW3,4237,10/18/2023 9:40,18.27,932.16,"","","",""
RW3,4238,10/18/2023 9:45,18.32,2289.92,"","","",""
RW3,4239,10/18/2023 9:50,18.36,6.07,"","","",""
RW3,4240,10/18/2023 9:55,18.44,992.32,"","","",""
RW3,4241,10/18/2023 10:00,18.4,1610.88,"","","",""
RW3,4242,10/18/2023 10:05,18.53,251.28,"","","",""
RW3,4243,10/18/2023 10:10,18.44,47.04,"","","",""
RW3,4244,10/18/2023 10:15,18.44,740.48,"","","",""
RW3,4245,10/18/2023 10:20,18.4,5.2,"","","",""
RW3,4246,10/18/2023 10:25,18.4,57.5,"","","",""
RW3,4247,10/18/2023 10:30,18.4,42.7,"","","",""
RW3,4248,10/18/2023 10:35,18.4,150.2,"","","",""
RW3,4249,10/18/2023 10:40,18.4,294.72,"","","",""
RW3,4250,10/18/2023 10:45,18.4,1070.4,"","","",""
RW3,4251,10/18/2023 10:50,18.44,314.88,"","","",""
RW3,4252,10/18/2023 10:55,18.44,866.24,"","","",""
RW3,4253,10/18/2023 11:00,18.49,1.3,"","","",""
RW3,4254,10/18/2023 11:05,18.49,1273.6,"","","",""
RW3,4255,10/18/2023 11:10,18.49,27.83,"","","",""
RW3,4256,10/18/2023 11:15,18.44,159.64,"","","",""
RW3,4257,10/18/2023 11:20,18.53,260,"","","",""
RW3,4258,10/18/2023 11:25,18.57,1840,"","","",""
RW3,4259,10/18/2023 11:30,18.53,209.44,"","","",""
RW3,4260,10/18/2023 11:35,18.62,1.73,"","","",""
RW3,4261,10/18/2023 11:40,18.62,733.76,"","","",""
RW3,4262,10/18/2023 11:45,18.62,8.68,"","","",""
RW3,4263,10/18/2023 11:50,18.62,1.08,"","","",""
RW3,4264,10/18/2023 11:55,18.7,881.6,"","","",""
RW3,4265,10/18/2023 12:00,18.7,70.64,"","","",""
RW3,4266,10/18/2023 12:05,18.74,9.11,"","","",""
RW3,4267,10/18/2023 12:10,18.74,1601.28,"","","",""
RW3,4268,10/18/2023 12:15,18.7,837.76,"","","",""
RW3,4269,10/18/2023 12:20,18.74,177.28,"","","",""
RW3,4270,10/18/2023 12:25,18.74,1.95,"","","",""
RW3,4271,10/18/2023 12:30,18.7,49.64,"","","",""
RW3,4272,10/18/2023 12:35,18.74,1366.4,"","","",""
RW3,4273,10/18/2023 12:40,18.66,910.72,"","","",""
RW3,4274,10/18/2023 12:45,18.66,0.21,"","","",""
RW3,4275,10/18/2023 12:50,18.66,328.32,"","","",""
RW3,4276,10/18/2023 12:55,18.66,20.02,"","","",""
RW3,4277,10/18/2023 13:00,18.66,342.24,"","","",""
RW3,4278,10/18/2023 13:05,18.7,368.48,"","","",""
RW3,4279,10/18/2023 13:10,18.66,251.28,"","","",""
RW3,4280,10/18/2023 13:15,18.66,23,"","","",""
RW3,4281,10/18/2023 13:20,18.66,86.36,"","","",""
RW3,4282,10/18/2023 13:25,18.7,904.96,"","","",""
RW3,4283,10/18/2023 13:30,18.7,787.2,"","","",""
RW3,4284,10/18/2023 13:35,18.66,944.96,"","","",""
RW3,4285,10/18/2023 13:40,18.7,115.88,"","","",""
RW3,4286,10/18/2023 13:45,18.7,506.08,"","","",""
RW3,4287,10/18/2023 13:50,18.74,49.2,"","","",""
RW3,4288,10/18/2023 13:55,18.79,2579.84,"","","",""
RW3,4289,10/18/2023 14:00,18.87,90.72,"","","",""
RW3,4290,10/18/2023 14:05,18.96,58.44,"","","",""
RW3,4291,10/18/2023 14:10,19,979.2,"","","",""
RW3,4292,10/18/2023 14:15,19.09,3799.04,"","","",""
RW3,4293,10/18/2023 14:20,19.13,869.44,"","","",""
RW3,4294,10/18/2023 14:25,19.13,1639.68,"","","",""
RW3,4295,10/18/2023 14:30,19.22,107.32,"","","",""
RW3,4296,10/18/2023 14:35,19.22,11.5,"","","",""
RW3,4297,10/18/2023 14:40,19.26,260.88,"","","",""
RW3,4298,10/18/2023 14:45,19.3,80.62,"","","",""
RW3,4299,10/18/2023 14:50,19.43,624.96,"","","",""
RW3,4300,10/18/2023 14:55,19.47,3055.36,"","","",""
RW3,4301,10/18/2023 15:00,19.56,339.2,"","","",""
RW3,4302,10/18/2023 15:05,19.56,3420.16,"","","",""
RW3,4303,10/18/2023 15:10,19.6,146.48,"","","",""
RW3,4304,10/18/2023 15:15,19.65,664.32,"","","",""
RW3,4305,10/18/2023 15:20,19.69,374.56,"","","",""
RW3,4306,10/18/2023 15:25,19.73,7052.8,"","","",""
RW3,4307,10/18/2023 15:30,19.73,151.48,"","","",""
RW3,4308,10/18/2023 15:35,19.69,673.6,"","","",""
RW3,4309,10/18/2023 15:40,19.73,6512.64,"","","",""
RW3,4310,10/18/2023 15:45,19.73,130.2,"","","",""
RW3,4311,10/18/2023 15:50,19.77,302.08,"","","",""
RW3,4312,10/18/2023 15:55,19.9,424.96,"","","",""
RW3,4313,10/18/2023 16:00,19.82,172.72,"","","",""
RW3,4314,10/18/2023 16:05,19.77,312.96,"","","",""
RW3,4315,10/18/2023 16:10,19.86,252.16,"","","",""
RW3,4316,10/18/2023 16:15,19.9,283.44,"","","",""
RW3,4317,10/18/2023 16:20,19.9,379.04,"","","",""
RW3,4380,10/18/2023 21:35,18.27,0,"","","",""
RW3,4381,10/18/2023 21:40,18.4,0,"","","",""
RW3,4382,10/18/2023 21:45,18.74,0,"","","",""
RW3,4383,10/18/2023 21:50,18.87,0,"","","",""
RW3,4384,10/18/2023 21:55,18.96,0,"","","",""
RW3,4385,10/18/2023 22:00,18.96,0,"","","",""
RW3,4386,10/18/2023 22:05,19,0,"","","",""
RW3,4387,10/18/2023 22:10,19,0,"","","",""
RW3,4388,10/18/2023 22:15,19.05,0,"","","",""
RW3,4389,10/18/2023 22:20,19.09,0,"","","",""
RW3,4390,10/18/2023 22:25,19.09,0,"","","",""
RW3,4391,10/18/2023 22:30,19.05,0,"","","",""
RW3,4392,10/18/2023 22:35,19.13,0,"","","",""
RW3,4393,10/18/2023 22:40,19.09,0,"","","",""
RW3,4394,10/18/2023 22:45,19.17,0,"","","",""
RW3,4395,10/18/2023 22:50,19.13,0,"","","",""
RW3,4396,10/18/2023 22:55,19.13,0,"","","",""
RW3,4397,10/18/2023 23:00,19.13,0,"","","",""
RW3,4398,10/18/2023 23:05,19.13,0,"","","",""
RW3,4399,10/18/2023 23:10,19.09,0,"","","",""
RW3,4400,10/18/2023 23:15,19.09,0,"","","",""
RW3,4401,10/18/2023 23:20,19.13,0,"","","",""
RW3,4402,10/18/2023 23:25,19.09,0,"","","",""
RW3,4403,10/18/2023 23:30,19.09,0,"","","",""
RW3,4404,10/18/2023 23:35,19.05,0,"","","",""
RW3,4405,10/18/2023 23:40,19,0,"","","",""
RW3,4406,10/18/2023 23:45,18.96,0,"","","",""
RW3,4407,10/18/2023 23:50,18.96,0,"","","",""
RW3,4408,10/18/2023 23:55,18.96,0,"","","",""
RW3,4409,10/19/2023 0:00,18.87,0,"","","",""
RW3,4410,10/19/2023 0:05,18.92,0,"","","",""
RW3,4411,10/19/2023 0:10,18.87,0,"","","",""
RW3,4412,10/19/2023 0:15,18.87,0,"","","",""
RW3,4413,10/19/2023 0:20,18.92,0,"","","",""
RW3,4414,10/19/2023 0:25,18.87,0,"","","",""
RW3,4415,10/19/2023 0:30,18.92,0,"","","",""
RW3,4416,10/19/2023 0:35,18.83,0,"","","",""
RW3,4417,10/19/2023 0:40,18.79,0,"","","",""
RW3,4418,10/19/2023 0:45,18.79,0,"","","",""
RW3,4419,10/19/2023 0:50,18.79,0,"","","",""
RW3,4420,10/19/2023 0:55,18.74,0,"","","",""
RW3,4421,10/19/2023 1:00,18.7,0,"","","",""
RW3,4422,10/19/2023 1:05,18.62,0,"","","",""
RW3,4423,10/19/2023 1:10,18.57,0,"","","",""
RW3,4424,10/19/2023 1:15,18.57,0,"","","",""
RW3,4425,10/19/2023 1:20,18.53,0,"","","",""
RW3,4426,10/19/2023 1:25,18.49,0,"","","",""
RW3,4427,10/19/2023 1:30,18.36,0,"","","",""
RW3,4428,10/19/2023 1:35,18.27,0,"","","",""
RW3,4429,10/19/2023 1:40,18.14,0,"","","",""
RW3,4430,10/19/2023 1:45,18.1,0,"","","",""
RW3,4431,10/19/2023 1:50,18.02,0,"","","",""
RW3,4432,10/19/2023 1:55,17.97,0,"","","",""
RW3,4433,10/19/2023 2:00,17.93,0,"","","",""
RW3,4434,10/19/2023 2:05,17.8,0,"","","",""
RW3,4435,10/19/2023 2:10,17.76,0,"","","",""
RW3,4436,10/19/2023 2:15,17.72,0,"","","",""
RW3,4437,10/19/2023 2:20,17.67,0,"","","",""
RW3,4438,10/19/2023 2:25,17.72,0,"","","",""
RW3,4439,10/19/2023 2:30,17.72,0,"","","",""
RW3,4440,10/19/2023 2:35,17.67,0,"","","",""
RW3,4441,10/19/2023 2:40,17.63,0,"","","",""
RW3,4442,10/19/2023 2:45,17.54,0,"","","",""
RW3,4443,10/19/2023 2:50,17.5,0,"","","",""
RW3,4444,10/19/2023 2:55,17.5,0,"","","",""
RW3,4445,10/19/2023 3:00,17.5,0,"","","",""
RW3,4446,10/19/2023 3:05,17.41,0,"","","",""
RW3,4447,10/19/2023 3:10,17.33,0,"","","",""
RW3,4448,10/19/2023 3:15,17.29,0,"","","",""
RW3,4449,10/19/2023 3:20,17.29,0,"","","",""
RW3,4450,10/19/2023 3:25,17.2,0,"","","",""
RW3,4451,10/19/2023 3:30,17.16,0,"","","",""
RW3,4452,10/19/2023 3:35,17.11,0,"","","",""
RW3,4453,10/19/2023 3:40,17.11,0,"","","",""
RW3,4454,10/19/2023 3:45,17.11,0,"","","",""
RW3,4455,10/19/2023 3:50,17.07,0,"","","",""
RW3,4456,10/19/2023 3:55,17.03,0,"","","",""
RW3,4457,10/19/2023 4:00,16.99,0,"","","",""
RW3,4458,10/19/2023 4:05,16.99,0,"","","",""
RW3,4459,10/19/2023 4:10,17.03,0,"","","",""
RW3,4460,10/19/2023 4:15,17.03,0,"","","",""
RW3,4461,10/19/2023 4:20,17.03,0,"","","",""
RW3,4462,10/19/2023 4:25,16.99,0,"","","",""
RW3,4463,10/19/2023 4:30,16.99,0,"","","",""
RW3,4464,10/19/2023 4:35,16.99,0,"","","",""
RW3,4465,10/19/2023 4:40,16.94,0,"","","",""
RW3,4466,10/19/2023 4:45,16.9,0,"","","",""
RW3,4467,10/19/2023 4:50,16.94,0,"","","",""
RW3,4468,10/19/2023 4:55,16.99,0,"","","",""
RW3,4469,10/19/2023 5:00,16.94,0,"","","",""
RW3,4470,10/19/2023 5:05,16.99,0,"","","",""
RW3,4471,10/19/2023 5:10,17.07,0,"","","",""
RW3,4472,10/19/2023 5:15,17.03,0,"","","",""
RW3,4473,10/19/2023 5:20,16.94,0,"","","",""
RW3,4474,10/19/2023 5:25,16.99,0,"","","",""
RW3,4475,10/19/2023 5:30,17.03,0,"","","",""
RW3,4476,10/19/2023 5:35,17.03,0,"","","",""
RW3,4477,10/19/2023 5:40,17.07,0,"","","",""
RW3,4478,10/19/2023 5:45,17.07,0,"","","",""
RW3,4479,10/19/2023 5:50,17.03,0,"","","",""
RW3,4480,10/19/2023 5:55,17.03,0,"","","",""
RW3,4481,10/19/2023 6:00,17.03,0,"","","",""
RW3,4482,10/19/2023 6:05,17.07,0,"","","",""
RW3,4483,10/19/2023 6:10,17.03,0,"","","",""
RW3,4484,10/19/2023 6:15,17.07,0,"","","",""
RW3,4485,10/19/2023 6:20,17.07,0,"","","",""
RW3,4486,10/19/2023 6:25,17.11,0,"","","",""
RW3,4487,10/19/2023 6:30,17.11,0,"","","",""
RW3,4488,10/19/2023 6:35,17.16,0,"","","",""
RW3,4489,10/19/2023 6:40,17.2,0,"","","",""
RW3,4490,10/19/2023 6:45,17.24,1.08,"","","",""
RW3,4491,10/19/2023 6:50,17.2,3.9,"","","",""
RW3,4492,10/19/2023 6:55,17.24,9.76,"","","",""
RW3,4493,10/19/2023 7:00,17.29,1.51,"","","",""
RW3,4494,10/19/2023 7:05,17.33,10.41,"","","",""
RW3,4495,10/19/2023 7:10,17.24,9.98,"","","",""
RW3,4496,10/19/2023 7:15,17.33,3.47,"","","",""
RW3,4497,10/19/2023 7:20,17.33,3.9,"","","",""
RW3,4498,10/19/2023 7:25,17.41,91.56,"","","",""
RW3,4499,10/19/2023 7:30,17.41,116.88,"","","",""
RW3,4500,10/19/2023 7:35,17.41,74.12,"","","",""
RW3,4501,10/19/2023 7:40,17.41,12.64,"","","",""
RW3,4502,10/19/2023 7:45,17.46,25.66,"","","",""
RW3,4503,10/19/2023 7:50,17.46,12.8,"","","",""
RW3,4504,10/19/2023 7:55,17.46,112.52,"","","",""
RW3,4505,10/19/2023 8:00,17.41,36.57,"","","",""
RW3,4506,10/19/2023 8:05,17.5,210.32,"","","",""
RW3,4507,10/19/2023 8:10,17.54,28.75,"","","",""
RW3,4508,10/19/2023 8:15,17.59,143.76,"","","",""
RW3,4509,10/19/2023 8:20,17.59,526.08,"","","",""
RW3,4510,10/19/2023 8:25,17.67,198.16,"","","",""
RW3,4511,10/19/2023 8:30,17.63,174.56,"","","",""
RW3,4512,10/19/2023 8:35,17.72,199.68,"","","",""
RW3,4513,10/19/2023 8:40,17.72,470.88,"","","",""
RW3,4514,10/19/2023 8:45,17.76,88.88,"","","",""
RW3,4515,10/19/2023 8:50,17.8,33.96,"","","",""
RW3,4516,10/19/2023 8:55,17.8,26.15,"","","",""
RW3,4517,10/19/2023 9:00,17.84,50.5,"","","",""
RW3,4518,10/19/2023 9:05,17.89,1065.28,"","","",""
RW3,4519,10/19/2023 9:10,17.89,43.08,"","","",""
RW3,4520,10/19/2023 9:15,17.84,177.04,"","","",""
RW3,4521,10/19/2023 9:20,17.97,443.52,"","","",""
RW3,4522,10/19/2023 9:25,17.93,10.9,"","","",""
RW3,4523,10/19/2023 9:30,17.93,40.96,"","","",""
RW3,4524,10/19/2023 9:35,17.89,20.56,"","","",""
RW3,4525,10/19/2023 9:40,17.93,65,"","","",""
RW3,4526,10/19/2023 9:45,18.06,178.8,"","","",""
RW3,4527,10/19/2023 9:50,18.06,289.52,"","","",""
RW3,4528,10/19/2023 9:55,18.06,149.32,"","","",""
RW3,4529,10/19/2023 10:00,17.97,879.36,"","","",""
RW3,4530,10/19/2023 10:05,17.97,470.88,"","","",""
RW3,4531,10/19/2023 10:10,17.97,19.34,"","","",""
RW3,4532,10/19/2023 10:15,18.06,56.2,"","","",""
RW3,4533,10/19/2023 10:20,18.06,879.36,"","","",""
RW3,4534,10/19/2023 10:25,18.02,1031.36,"","","",""
RW3,4535,10/19/2023 10:30,18.06,47.52,"","","",""
RW3,4536,10/19/2023 10:35,18.02,812.8,"","","",""
RW3,4537,10/19/2023 10:40,18.06,21.75,"","","",""
RW3,4538,10/19/2023 10:45,18.06,31.31,"","","",""
RW3,4539,10/19/2023 10:50,18.23,96.8,"","","",""
RW3,4540,10/19/2023 10:55,18.19,20.89,"","","",""
RW3,4541,10/19/2023 11:00,18.19,4618.24,"","","",""
RW3,4542,10/19/2023 11:05,18.1,1114.56,"","","",""
RW3,4543,10/19/2023 11:10,18.14,36.13,"","","",""
RW3,4544,10/19/2023 11:15,18.27,378.72,"","","",""
RW3,4545,10/19/2023 11:20,18.27,3886.08,"","","",""
RW3,4546,10/19/2023 11:25,18.32,251.28,"","","",""
RW3,4547,10/19/2023 11:30,18.27,526.08,"","","",""
RW3,4548,10/19/2023 11:35,18.27,476.16,"","","",""
RW3,4549,10/19/2023 11:40,18.36,43.08,"","","",""
RW3,4550,10/19/2023 11:45,18.49,23.44,"","","",""
RW3,4551,10/19/2023 11:50,18.44,1963.52,"","","",""
RW3,4552,10/19/2023 11:55,18.44,12.58,"","","",""
RW3,4553,10/19/2023 12:00,18.49,84.52,"","","",""
RW3,4554,10/19/2023 12:05,18.49,743.04,"","","",""
RW3,4555,10/19/2023 12:10,18.44,116.12,"","","",""
RW3,4556,10/19/2023 12:15,18.44,231.36,"","","",""
RW3,4557,10/19/2023 12:20,18.53,1061.76,"","","",""
RW3,4558,10/19/2023 12:25,18.49,148.44,"","","",""
RW3,4559,10/19/2023 12:30,18.53,490.4,"","","",""
RW3,4560,10/19/2023 12:35,18.53,11.36,"","","",""
RW3,4561,10/19/2023 12:40,18.53,21.35,"","","",""
RW3,4562,10/19/2023 12:45,18.53,103.72,"","","",""
RW3,4563,10/19/2023 12:50,18.57,1475.84,"","","",""
RW3,4564,10/19/2023 12:55,18.53,2224,"","","",""
RW3,4565,10/19/2023 13:00,18.57,4.77,"","","",""
RW3,4566,10/19/2023 13:05,18.57,2737.92,"","","",""
RW3,4567,10/19/2023 13:10,18.57,257.36,"","","",""
RW3,4568,10/19/2023 13:15,18.66,297.76,"","","",""
RW3,4569,10/19/2023 13:20,18.66,53.12,"","","",""
RW3,4570,10/19/2023 13:25,18.62,20.21,"","","",""
RW3,4571,10/19/2023 13:30,18.62,410.08,"","","",""
RW3,4572,10/19/2023 13:35,18.66,879.36,"","","",""
RW3,4573,10/19/2023 13:40,18.66,2923.52,"","","",""
RW3,4574,10/19/2023 13:45,18.66,438.88,"","","",""
RW3,4575,10/19/2023 13:50,18.62,169.68,"","","",""
RW3,4576,10/19/2023 13:55,18.7,208.32,"","","",""
RW3,4577,10/19/2023 14:00,18.66,475.68,"","","",""
RW3,4578,10/19/2023 14:05,18.66,4103.68,"","","",""
RW3,4579,10/19/2023 14:10,18.74,725.76,"","","",""
RW3,4580,10/19/2023 14:15,18.74,2535.04,"","","",""
RW3,4581,10/19/2023 14:20,18.74,216.4,"","","",""
RW3,4582,10/19/2023 14:25,18.83,1061.76,"","","",""
RW3,4583,10/19/2023 14:30,18.83,1301.44,"","","",""
RW3,4584,10/19/2023 14:35,18.87,995.84,"","","",""
RW3,4585,10/19/2023 14:40,18.92,344.96,"","","",""
RW3,4586,10/19/2023 14:45,18.96,2583.68,"","","",""
RW3,4587,10/19/2023 14:50,18.92,88.88,"","","",""
RW3,4588,10/19/2023 14:55,18.96,574.24,"","","",""
RW3,4589,10/19/2023 15:00,19,334.56,"","","",""
RW3,4590,10/19/2023 15:05,19.05,2869.76,"","","",""
RW3,4591,10/19/2023 15:10,19.05,272.4,"","","",""
RW3,4592,10/19/2023 15:15,19.09,2535.04,"","","",""
RW3,4593,10/19/2023 15:20,19.09,729.6,"","","",""
RW3,4594,10/19/2023 15:25,19.09,91.68,"","","",""
RW3,4595,10/19/2023 15:30,19.17,4358.4,"","","",""
RW3,4596,10/19/2023 15:35,19.17,770.24,"","","",""
RW3,4597,10/19/2023 15:40,19.13,310.32,"","","",""
RW3,4598,10/19/2023 15:45,19.22,512.64,"","","",""
RW3,4599,10/19/2023 15:50,19.13,785.28,"","","",""
RW3,4600,10/19/2023 15:55,19.17,62.82,"","","",""
RW3,4601,10/19/2023 16:00,19.22,883.84,"","","",""
RW3,4602,10/19/2023 16:05,19.26,158.2,"","","",""
RW3,4603,10/19/2023 16:10,19.22,5593.6,"","","",""
RW3,4604,10/19/2023 16:15,19.26,115.88,"","","",""
RW3,4605,10/19/2023 16:20,19.26,129,"","","",""
RW3,4606,10/19/2023 16:25,19.22,378.08,"","","",""
RW3,4607,10/19/2023 16:30,19.22,136.84,"","","",""
RW3,4608,10/19/2023 16:35,19.26,337.92,"","","",""
RW3,4609,10/19/2023 16:40,19.3,5629.44,"","","",""
RW3,4610,10/19/2023 16:45,19.22,2296.96,"","","",""
RW3,4611,10/19/2023 16:50,19.26,89.72,"","","",""
RW3,4612,10/19/2023 16:55,19.26,341.92,"","","",""
RW3,4613,10/19/2023 17:00,19.35,415.84,"","","",""
RW3,4614,10/19/2023 17:05,19.26,97,"","","",""
RW3,4615,10/19/2023 17:10,19.22,90.8,"","","",""
RW3,4616,10/19/2023 17:15,19.13,71.18,"","","",""
RW3,4684,10/19/2023 22:55,18.06,0,"","","",""
RW3,4685,10/19/2023 23:00,18.02,0,"","","",""
RW3,4686,10/19/2023 23:05,17.97,0,"","","",""
RW3,4687,10/19/2023 23:10,17.89,0,"","","",""
RW3,4688,10/19/2023 23:15,17.84,0,"","","",""
RW3,4689,10/19/2023 23:20,17.8,0,"","","",""
RW3,4690,10/19/2023 23:25,17.76,0,"","","",""
RW3,4691,10/19/2023 23:30,17.63,0,"","","",""
RW3,4692,10/19/2023 23:35,17.63,0,"","","",""
RW3,4693,10/19/2023 23:40,17.59,0,"","","",""
RW3,4694,10/19/2023 23:45,17.5,0,"","","",""
RW3,4695,10/19/2023 23:50,17.5,0,"","","",""
RW3,4696,10/19/2023 23:55,17.41,0,"","","",""
RW3,4697,10/20/2023 0:00,17.41,0,"","","",""
RW3,4698,10/20/2023 0:05,17.41,0,"","","",""
RW3,4699,10/20/2023 0:10,17.37,0,"","","",""
RW3,4700,10/20/2023 0:15,17.37,0,"","","",""
RW3,4701,10/20/2023 0:20,17.29,0,"","","",""
RW3,4702,10/20/2023 0:25,17.2,0,"","","",""
RW3,4703,10/20/2023 0:30,17.16,0,"","","",""
RW3,4704,10/20/2023 0:35,17.11,0,"","","",""
RW3,4705,10/20/2023 0:40,17.11,0,"","","",""
RW3,4706,10/20/2023 0:45,17.16,0,"","","",""
RW3,4707,10/20/2023 0:50,17.2,0,"","","",""
RW3,4708,10/20/2023 0:55,17.24,0,"","","",""
RW3,4709,10/20/2023 1:00,17.2,0,"","","",""
RW3,4710,10/20/2023 1:05,17.11,0,"","","",""
RW3,4711,10/20/2023 1:10,17.07,0,"","","",""
RW3,4712,10/20/2023 1:15,17.03,0,"","","",""
RW3,4713,10/20/2023 1:20,17.03,0,"","","",""
RW3,4714,10/20/2023 1:25,17.07,0,"","","",""
RW3,4715,10/20/2023 1:30,17.07,0,"","","",""
RW3,4716,10/20/2023 1:35,17.16,0,"","","",""
RW3,4717,10/20/2023 1:40,17.11,0,"","","",""
RW3,4718,10/20/2023 1:45,17.03,0,"","","",""
RW3,4719,10/20/2023 1:50,17.07,0,"","","",""
RW3,4720,10/20/2023 1:55,17.07,0,"","","",""
RW3,4721,10/20/2023 2:00,17.03,0,"","","",""
RW3,4722,10/20/2023 2:05,17.03,0,"","","",""
RW3,4723,10/20/2023 2:10,17.07,0,"","","",""
RW3,4724,10/20/2023 2:15,17.07,0,"","","",""
RW3,4725,10/20/2023 2:20,16.99,0,"","","",""
RW3,4726,10/20/2023 2:25,16.99,0,"","","",""
RW3,4727,10/20/2023 2:30,16.99,0,"","","",""
RW3,4728,10/20/2023 2:35,16.99,0,"","","",""
RW3,4729,10/20/2023 2:40,16.94,0,"","","",""
RW3,4730,10/20/2023 2:45,16.9,0,"","","",""
RW3,4731,10/20/2023 2:50,16.86,0,"","","",""
RW3,4732,10/20/2023 2:55,16.81,0,"","","",""
RW3,4733,10/20/2023 3:00,16.73,0,"","","",""
RW3,4734,10/20/2023 3:05,16.77,0,"","","",""
RW3,4735,10/20/2023 3:10,16.73,0,"","","",""
RW3,4736,10/20/2023 3:15,16.69,0,"","","",""
RW3,4737,10/20/2023 3:20,16.77,0,"","","",""
RW3,4738,10/20/2023 3:25,16.77,0,"","","",""
RW3,4739,10/20/2023 3:30,16.73,0,"","","",""
RW3,4740,10/20/2023 3:35,16.73,0,"","","",""
RW3,4741,10/20/2023 3:40,16.81,0,"","","",""
RW3,4742,10/20/2023 3:45,16.77,0,"","","",""
RW3,4743,10/20/2023 3:50,16.77,0,"","","",""
RW3,4744,10/20/2023 3:55,16.73,0,"","","",""
RW3,4745,10/20/2023 4:00,16.73,0,"","","",""
RW3,4746,10/20/2023 4:05,16.69,0,"","","",""
RW3,4747,10/20/2023 4:10,16.69,0,"","","",""
RW3,4748,10/20/2023 4:15,16.64,0,"","","",""
RW3,4749,10/20/2023 4:20,16.64,0,"","","",""
RW3,4750,10/20/2023 4:25,16.69,0,"","","",""
RW3,4751,10/20/2023 4:30,16.64,0,"","","",""
RW3,4752,10/20/2023 4:35,16.64,0,"","","",""
RW3,4753,10/20/2023 4:40,16.64,0,"","","",""
RW3,4754,10/20/2023 4:45,16.6,0,"","","",""
RW3,4755,10/20/2023 4:50,16.64,0,"","","",""
RW3,4756,10/20/2023 4:55,16.64,0,"","","",""
RW3,4757,10/20/2023 5:00,16.6,0,"","","",""
RW3,4758,10/20/2023 5:05,16.6,0,"","","",""
RW3,4759,10/20/2023 5:10,16.6,0,"","","",""
RW3,4760,10/20/2023 5:15,16.6,0,"","","",""
RW3,4761,10/20/2023 5:20,16.64,0,"","","",""
RW3,4762,10/20/2023 5:25,16.64,0,"","","",""
RW3,4763,10/20/2023 5:30,16.69,0,"","","",""
RW3,4764,10/20/2023 5:35,16.64,0,"","","",""
RW3,4765,10/20/2023 5:40,16.64,0,"","","",""
RW3,4766,10/20/2023 5:45,16.6,0,"","","",""
RW3,4767,10/20/2023 5:50,16.6,0,"","","",""
RW3,4768,10/20/2023 5:55,16.69,0,"","","",""
RW3,4769,10/20/2023 6:00,16.64,0,"","","",""
RW3,4770,10/20/2023 6:05,16.73,0,"","","",""
RW3,4771,10/20/2023 6:10,16.77,0,"","","",""
RW3,4772,10/20/2023 6:15,16.77,0,"","","",""
RW3,4773,10/20/2023 6:20,16.81,0,"","","",""
RW3,4774,10/20/2023 6:25,16.81,0,"","","",""
RW3,4775,10/20/2023 6:30,16.86,0,"","","",""
RW3,4776,10/20/2023 6:35,16.9,0,"","","",""
RW3,4777,10/20/2023 6:40,16.99,0,"","","",""
RW3,4778,10/20/2023 6:45,16.94,2.6,"","","",""
RW3,4779,10/20/2023 6:50,16.99,0.43,"","","",""
RW3,4780,10/20/2023 6:55,17.07,0.86,"","","",""
RW3,4781,10/20/2023 7:00,17.07,36.13,"","","",""
RW3,4782,10/20/2023 7:05,17.11,0,"","","",""
RW3,4783,10/20/2023 7:10,17.11,113.28,"","","",""
RW3,4784,10/20/2023 7:15,17.11,360.16,"","","",""
RW3,4785,10/20/2023 7:20,17.16,229.36,"","","",""
RW3,4786,10/20/2023 7:25,17.16,144,"","","",""
RW3,4787,10/20/2023 7:30,17.16,5.86,"","","",""
RW3,4788,10/20/2023 7:35,17.2,18.85,"","","",""
RW3,4789,10/20/2023 7:40,17.16,14.78,"","","",""
RW3,4790,10/20/2023 7:45,17.2,1663.36,"","","",""
RW3,4791,10/20/2023 7:50,17.24,6.29,"","","",""
RW3,4792,10/20/2023 7:55,17.24,926.08,"","","",""
RW3,4793,10/20/2023 8:00,17.24,411.52,"","","",""
RW3,4794,10/20/2023 8:05,17.29,415.36,"","","",""
RW3,4795,10/20/2023 8:10,17.33,60.22,"","","",""
RW3,4796,10/20/2023 8:15,17.37,114.16,"","","",""
RW3,4797,10/20/2023 8:20,17.33,694.4,"","","",""
RW3,4798,10/20/2023 8:25,17.37,177.28,"","","",""
RW3,4799,10/20/2023 8:30,17.37,124.56,"","","",""
RW3,4800,10/20/2023 8:35,17.29,280.64,"","","",""
RW3,4801,10/20/2023 8:40,17.33,107.32,"","","",""
RW3,4802,10/20/2023 8:45,17.41,49.42,"","","",""
RW3,4803,10/20/2023 8:50,17.41,401.92,"","","",""
RW3,4804,10/20/2023 8:55,17.37,615.52,"","","",""
RW3,4805,10/20/2023 9:00,17.41,138.56,"","","",""
RW3,4806,10/20/2023 9:05,17.46,446.24,"","","",""
RW3,4807,10/20/2023 9:10,17.5,225.28,"","","",""
RW3,4808,10/20/2023 9:15,17.5,222.48,"","","",""
RW3,4809,10/20/2023 9:20,17.54,1833.6,"","","",""
RW3,4810,10/20/2023 9:25,17.59,419.52,"","","",""
RW3,4811,10/20/2023 9:30,17.59,170.96,"","","",""
RW3,4812,10/20/2023 9:35,17.59,179.68,"","","",""
RW3,4813,10/20/2023 9:40,17.63,1866.24,"","","",""
RW3,4814,10/20/2023 9:45,17.63,78.46,"","","",""
RW3,4815,10/20/2023 9:50,17.72,1574.4,"","","",""
RW3,4816,10/20/2023 9:55,17.63,82.72,"","","",""
RW3,4817,10/20/2023 10:00,17.67,706.56,"","","",""
RW3,4818,10/20/2023 10:05,17.67,164.08,"","","",""
RW3,4819,10/20/2023 10:10,17.76,2626.56,"","","",""
RW3,4820,10/20/2023 10:15,17.76,37.06,"","","",""
RW3,4821,10/20/2023 10:20,17.72,58.1,"","","",""
RW3,4822,10/20/2023 10:25,17.76,204.4,"","","",""
RW3,4823,10/20/2023 10:30,17.8,655.04,"","","",""
RW3,4824,10/20/2023 10:35,17.89,57.24,"","","",""
RW3,4825,10/20/2023 10:40,17.89,86.64,"","","",""
RW3,4826,10/20/2023 10:45,17.8,856.32,"","","",""
RW3,4827,10/20/2023 10:50,17.97,26.37,"","","",""
RW3,4828,10/20/2023 10:55,17.93,1571.84,"","","",""
RW3,4829,10/20/2023 11:00,17.97,25.66,"","","",""
RW3,4830,10/20/2023 11:05,17.97,62.78,"","","",""
RW3,4831,10/20/2023 11:10,18.06,43.94,"","","",""
RW3,4832,10/20/2023 11:15,18.06,53.92,"","","",""
RW3,4833,10/20/2023 11:20,18.1,6540.8,"","","",""
RW3,4834,10/20/2023 11:25,18.1,2338.56,"","","",""
RW3,4835,10/20/2023 11:30,18.1,517.44,"","","",""
RW3,4836,10/20/2023 11:35,18.06,388.96,"","","",""
RW3,4837,10/20/2023 11:40,18.1,16.52,"","","",""
RW3,4838,10/20/2023 11:45,18.1,9.33,"","","",""
RW3,4839,10/20/2023 11:50,18.14,79.44,"","","",""
RW3,4840,10/20/2023 11:55,18.14,356.8,"","","",""
RW3,4841,10/20/2023 12:00,18.19,3815.68,"","","",""
RW3,4842,10/20/2023 12:05,18.14,442.24,"","","",""
RW3,4843,10/20/2023 12:10,18.1,552.16,"","","",""
RW3,4844,10/20/2023 12:15,18.19,318.56,"","","",""
RW3,4845,10/20/2023 12:20,18.19,1270.08,"","","",""
RW3,4846,10/20/2023 12:25,18.14,22.57,"","","",""
RW3,4847,10/20/2023 12:30,18.06,473.6,"","","",""
RW3,4848,10/20/2023 12:35,18.1,1156.16,"","","",""
RW3,4849,10/20/2023 12:40,18.1,380.16,"","","",""
RW3,4850,10/20/2023 12:45,18.19,191.84,"","","",""
RW3,4851,10/20/2023 12:50,18.1,4989.44,"","","",""
RW3,4852,10/20/2023 12:55,18.14,32.61,"","","",""
RW3,4853,10/20/2023 13:00,18.14,229.36,"","","",""
RW3,4854,10/20/2023 13:05,18.1,404.48,"","","",""
RW3,4855,10/20/2023 13:10,18.06,287.36,"","","",""
RW3,4856,10/20/2023 13:15,17.97,64.56,"","","",""
RW3,4857,10/20/2023 13:20,18.06,136.08,"","","",""
RW3,4858,10/20/2023 13:25,18.1,1415.04,"","","",""
RW3,4859,10/20/2023 13:30,18.06,500.48,"","","",""
RW3,4860,10/20/2023 13:35,18.06,5493.76,"","","",""
RW3,4861,10/20/2023 13:40,18.14,8.49,"","","",""
RW3,4862,10/20/2023 13:45,18.14,227.84,"","","",""
RW3,4863,10/20/2023 13:50,18.14,2014.72,"","","",""
RW3,4864,10/20/2023 13:55,18.1,103.72,"","","",""
RW3,4865,10/20/2023 14:00,18.19,2641.92,"","","",""
RW3,4866,10/20/2023 14:05,18.27,978.24,"","","",""
RW3,4867,10/20/2023 14:10,18.32,446.56,"","","",""
RW3,4868,10/20/2023 14:15,18.23,814.72,"","","",""
RW3,4869,10/20/2023 14:20,18.27,270.4,"","","",""
RW3,4870,10/20/2023 14:25,18.23,1949.44,"","","",""
RW3,4871,10/20/2023 14:30,18.32,235.68,"","","",""
RW3,4872,10/20/2023 14:35,18.19,149.96,"","","",""
RW3,4873,10/20/2023 14:40,18.06,56.42,"","","",""
RW3,4874,10/20/2023 14:45,18.14,280.64,"","","",""
RW3,4875,10/20/2023 14:50,18.36,1389.44,"","","",""
RW3,4876,10/20/2023 14:55,18.4,741.76,"","","",""
RW3,4877,10/20/2023 15:00,18.4,789.12,"","","",""
RW3,4878,10/20/2023 15:05,18.44,0.65,"","","",""
RW3,4879,10/20/2023 15:10,18.49,202.48,"","","",""
RW3,4880,10/20/2023 15:15,18.4,856.64,"","","",""
RW3,4881,10/20/2023 15:20,18.4,25.82,"","","",""
RW3,4882,10/20/2023 15:25,18.44,1996.8,"","","",""
RW3,4883,10/20/2023 15:30,18.44,118.48,"","","",""
RW3,4884,10/20/2023 15:35,18.44,84.52,"","","",""
RW3,4885,10/20/2023 15:40,18.53,1400.96,"","","",""
RW3,4886,10/20/2023 15:45,18.57,4302.08,"","","",""
RW3,4887,10/20/2023 15:50,18.53,34.18,"","","",""
RW3,4888,10/20/2023 15:55,18.53,147.24,"","","",""
RW3,4889,10/20/2023 16:00,18.62,149.2,"","","",""
RW3,4890,10/20/2023 16:05,18.7,3024.64,"","","",""
RW3,4891,10/20/2023 16:10,18.66,3896.32,"","","",""
RW3,4892,10/20/2023 16:15,18.66,589.92,"","","",""
RW3,4893,10/20/2023 16:20,18.66,1061.76,"","","",""
RW3,4894,10/20/2023 16:25,18.7,260.64,"","","",""
RW3,4895,10/20/2023 16:30,18.79,185.76,"","","",""
RW3,4896,10/20/2023 16:35,18.87,332.48,"","","",""
RW3,4897,10/20/2023 16:40,18.79,3019.52,"","","",""
RW3,4898,10/20/2023 16:45,18.79,570.72,"","","",""
RW3,4899,10/20/2023 16:50,18.83,760.96,"","","",""
RW3,4900,10/20/2023 16:55,18.83,606.88,"","","",""
RW3,4901,10/20/2023 17:00,18.87,13.34,"","","",""
RW3,4902,10/20/2023 17:05,18.87,140.2,"","","",""
RW3,4903,10/20/2023 17:10,18.87,884.48,"","","",""
RW3,4904,10/20/2023 17:15,18.83,56.48,"","","",""
RW3,4905,10/20/2023 17:20,18.83,139.88,"","","",""
RW3,4906,10/20/2023 17:25,18.79,181.6,"","","",""
RW3,4907,10/20/2023 17:30,18.83,709.76,"","","",""
RW3,4908,10/20/2023 17:35,18.83,65.32,"","","",""
RW3,4909,10/20/2023 17:40,18.79,28.43,"","","",""
RW3,4910,10/20/2023 17:45,18.79,523.52,"","","",""
RW3,4911,10/20/2023 17:50,18.79,82.88,"","","",""
RW3,4912,10/20/2023 17:55,18.79,89.08,"","","",""
RW3,4913,10/20/2023 18:00,18.74,5.64,"","","",""
RW3,4914,10/20/2023 18:05,18.7,5.23,"","","",""
RW3,4915,10/20/2023 18:10,18.62,15.51,"","","",""
RW3,4916,10/20/2023 18:15,18.57,15.11,"","","",""
RW3,4917,10/20/2023 18:20,18.49,2.17,"","","",""
RW3,4918,10/20/2023 18:25,18.36,3.68,"","","",""
RW3,4919,10/20/2023 18:30,18.32,1.3,"","","",""
RW3,4987,10/21/2023 0:10,16.6,0,"","","",""
RW3,4988,10/21/2023 0:15,16.6,0,"","","",""
RW3,4989,10/21/2023 0:20,16.56,0,"","","",""
RW3,4990,10/21/2023 0:25,16.64,0,"","","",""
RW3,4991,10/21/2023 0:30,16.6,0,"","","",""
RW3,4992,10/21/2023 0:35,16.56,0,"","","",""
RW3,4993,10/21/2023 0:40,16.6,0,"","","",""
RW3,4994,10/21/2023 0:45,16.6,0,"","","",""
RW3,4995,10/21/2023 0:50,16.56,0,"","","",""
RW3,4996,10/21/2023 0:55,16.51,0,"","","",""
RW3,4997,10/21/2023 1:00,16.47,0,"","","",""
RW3,4998,10/21/2023 1:05,16.47,0,"","","",""
RW3,4999,10/21/2023 1:10,16.43,0,"","","",""
RW3,5000,10/21/2023 1:15,16.39,0,"","","",""
RW3,5001,10/21/2023 1:20,16.34,0,"","","",""
RW3,5002,10/21/2023 1:25,16.3,0,"","","",""
RW3,5003,10/21/2023 1:30,16.3,0,"","","",""
RW3,5004,10/21/2023 1:35,16.3,0,"","","",""
RW3,5005,10/21/2023 1:40,16.34,0,"","","",""
RW3,5006,10/21/2023 1:45,16.3,0,"","","",""
RW3,5007,10/21/2023 1:50,16.26,0,"","","",""
RW3,5008,10/21/2023 1:55,16.26,0,"","","",""
RW3,5009,10/21/2023 2:00,16.34,0,"","","",""
RW3,5010,10/21/2023 2:05,16.3,0,"","","",""
RW3,5011,10/21/2023 2:10,16.26,0,"","","",""
RW3,5012,10/21/2023 2:15,16.3,0,"","","",""
RW3,5013,10/21/2023 2:20,16.26,0,"","","",""
RW3,5014,10/21/2023 2:25,16.26,0,"","","",""
RW3,5015,10/21/2023 2:30,16.3,0,"","","",""
RW3,5016,10/21/2023 2:35,16.26,0,"","","",""
RW3,5017,10/21/2023 2:40,16.26,0,"","","",""
RW3,5018,10/21/2023 2:45,16.3,0,"","","",""
RW3,5019,10/21/2023 2:50,16.3,0,"","","",""
RW3,5020,10/21/2023 2:55,16.26,0,"","","",""
RW3,5021,10/21/2023 3:00,16.26,0,"","","",""
RW3,5022,10/21/2023 3:05,16.26,0,"","","",""
RW3,5023,10/21/2023 3:10,16.3,0,"","","",""
RW3,5024,10/21/2023 3:15,16.26,0,"","","",""
RW3,5025,10/21/2023 3:20,16.21,0,"","","",""
RW3,5026,10/21/2023 3:25,16.21,0,"","","",""
RW3,5027,10/21/2023 3:30,16.26,0,"","","",""
RW3,5028,10/21/2023 3:35,16.26,0,"","","",""
RW3,5029,10/21/2023 3:40,16.21,0,"","","",""
RW3,5030,10/21/2023 3:45,16.17,0,"","","",""
RW3,5031,10/21/2023 3:50,16.21,0,"","","",""
RW3,5032,10/21/2023 3:55,16.21,0,"","","",""
RW3,5033,10/21/2023 4:00,16.17,0,"","","",""
RW3,5034,10/21/2023 4:05,16.08,0,"","","",""
RW3,5035,10/21/2023 4:10,16.04,0,"","","",""
RW3,5036,10/21/2023 4:15,16.08,0,"","","",""
RW3,5037,10/21/2023 4:20,15.96,0,"","","",""
RW3,5038,10/21/2023 4:25,15.96,0,"","","",""
RW3,5039,10/21/2023 4:30,15.96,0,"","","",""
RW3,5040,10/21/2023 4:35,16.04,0,"","","",""
RW3,5041,10/21/2023 4:40,16,0,"","","",""
RW3,5042,10/21/2023 4:45,15.96,0,"","","",""
RW3,5043,10/21/2023 4:50,15.91,0,"","","",""
RW3,5044,10/21/2023 4:55,15.91,0,"","","",""
RW3,5045,10/21/2023 5:00,15.91,0,"","","",""
RW3,5046,10/21/2023 5:05,15.91,0,"","","",""
RW3,5047,10/21/2023 5:10,15.87,0,"","","",""
RW3,5048,10/21/2023 5:15,15.87,0,"","","",""
RW3,5049,10/21/2023 5:20,15.74,0,"","","",""
RW3,5050,10/21/2023 5:25,15.83,0,"","","",""
RW3,5051,10/21/2023 5:30,15.83,0,"","","",""
RW3,5052,10/21/2023 5:35,15.87,0,"","","",""
RW3,5053,10/21/2023 5:40,15.91,0,"","","",""
RW3,5054,10/21/2023 5:45,15.87,0,"","","",""
RW3,5055,10/21/2023 5:50,15.83,0,"","","",""
RW3,5056,10/21/2023 5:55,15.87,0,"","","",""
RW3,5057,10/21/2023 6:00,15.91,0,"","","",""
RW3,5058,10/21/2023 6:05,15.96,0,"","","",""
RW3,5059,10/21/2023 6:10,15.83,0,"","","",""
RW3,5060,10/21/2023 6:15,15.78,0,"","","",""
RW3,5061,10/21/2023 6:20,15.83,0,"","","",""
RW3,5062,10/21/2023 6:25,15.87,0,"","","",""
RW3,5063,10/21/2023 6:30,15.78,0,"","","",""
RW3,5064,10/21/2023 6:35,15.74,0,"","","",""
RW3,5065,10/21/2023 6:40,15.83,0.21,"","","",""
RW3,5066,10/21/2023 6:45,15.74,0,"","","",""
RW3,5067,10/21/2023 6:50,15.74,5.64,"","","",""
RW3,5068,10/21/2023 6:55,15.7,7.37,"","","",""
RW3,5069,10/21/2023 7:00,15.87,7.59,"","","",""
RW3,5070,10/21/2023 7:05,15.91,89.72,"","","",""
RW3,5071,10/21/2023 7:10,15.91,2.82,"","","",""
RW3,5072,10/21/2023 7:15,15.91,11.72,"","","",""
RW3,5073,10/21/2023 7:20,15.78,73.24,"","","",""
RW3,5074,10/21/2023 7:25,15.66,14.16,"","","",""
RW3,5075,10/21/2023 7:30,15.7,34.13,"","","",""
RW3,5076,10/21/2023 7:35,15.66,64.5,"","","",""
RW3,5077,10/21/2023 7:40,15.78,17.68,"","","",""
RW3,5078,10/21/2023 7:45,15.7,479.2,"","","",""
RW3,5079,10/21/2023 7:50,15.83,173.6,"","","",""
RW3,5080,10/21/2023 7:55,15.83,13.45,"","","",""
RW3,5081,10/21/2023 8:00,16,920,"","","",""
RW3,5082,10/21/2023 8:05,16,207.28,"","","",""
RW3,5083,10/21/2023 8:10,16,438.88,"","","",""
RW3,5084,10/21/2023 8:15,16.04,2376.96,"","","",""
RW3,5085,10/21/2023 8:20,16,643.68,"","","",""
RW3,5086,10/21/2023 8:25,16.04,75.9,"","","",""
RW3,5087,10/21/2023 8:30,16,1098.88,"","","",""
RW3,5088,10/21/2023 8:35,16.08,2284.8,"","","",""
RW3,5089,10/21/2023 8:40,16.08,10.2,"","","",""
RW3,5090,10/21/2023 8:45,16.08,1475.84,"","","",""
RW3,5091,10/21/2023 8:50,16.08,121.32,"","","",""
RW3,5092,10/21/2023 8:55,16.17,20.13,"","","",""
RW3,5093,10/21/2023 9:00,16.21,117.64,"","","",""
RW3,5094,10/21/2023 9:05,16.21,677.12,"","","",""
RW3,5095,10/21/2023 9:10,16.3,877.76,"","","",""
RW3,5096,10/21/2023 9:15,16.3,397.76,"","","",""
RW3,5097,10/21/2023 9:20,16.39,1145.92,"","","",""
RW3,5098,10/21/2023 9:25,16.47,7168,"","","",""
RW3,5099,10/21/2023 9:30,16.51,170.96,"","","",""
RW3,5100,10/21/2023 9:35,16.56,194.64,"","","",""
RW3,5101,10/21/2023 9:40,16.6,591.2,"","","",""
RW3,5102,10/21/2023 9:45,16.64,271.92,"","","",""
RW3,5103,10/21/2023 9:50,16.69,1017.92,"","","",""
RW3,5104,10/21/2023 9:55,16.69,862.72,"","","",""
RW3,5105,10/21/2023 10:00,16.73,812.16,"","","",""
RW3,5106,10/21/2023 10:05,16.86,710.08,"","","",""
RW3,5107,10/21/2023 10:10,16.86,197.68,"","","",""
RW3,5108,10/21/2023 10:15,16.94,352.16,"","","",""
RW3,5109,10/21/2023 10:20,16.99,1313.28,"","","",""
RW3,5110,10/21/2023 10:25,16.99,74.54,"","","",""
RW3,5111,10/21/2023 10:30,17.03,822.08,"","","",""
RW3,5112,10/21/2023 10:35,17.07,53.22,"","","",""
RW3,5113,10/21/2023 10:40,17.16,112.4,"","","",""
RW3,5114,10/21/2023 10:45,17.2,5524.48,"","","",""
RW3,5115,10/21/2023 10:50,17.2,18.72,"","","",""
RW3,5116,10/21/2023 10:55,17.24,32.17,"","","",""
RW3,5117,10/21/2023 11:00,17.29,15.19,"","","",""
RW3,5118,10/21/2023 11:05,17.24,581.6,"","","",""
RW3,5119,10/21/2023 11:10,17.33,3294.72,"","","",""
RW3,5120,10/21/2023 11:15,17.37,700.8,"","","",""
RW3,5121,10/21/2023 11:20,17.41,936.32,"","","",""
RW3,5122,10/21/2023 11:25,17.41,2404.48,"","","",""
RW3,5123,10/21/2023 11:30,17.5,1209.28,"","","",""
RW3,5124,10/21/2023 11:35,17.46,713.6,"","","",""
RW3,5125,10/21/2023 11:40,17.37,2048.64,"","","",""
RW3,5126,10/21/2023 11:45,17.5,323.36,"","","",""
RW3,5127,10/21/2023 11:50,17.5,2904.32,"","","",""
RW3,5128,10/21/2023 11:55,17.67,580.32,"","","",""
RW3,5129,10/21/2023 12:00,17.72,1703.68,"","","",""
RW3,5130,10/21/2023 12:05,17.72,3100.16,"","","",""
RW3,5131,10/21/2023 12:10,17.76,812.48,"","","",""
RW3,5132,10/21/2023 12:15,17.8,304.24,"","","",""
RW3,5133,10/21/2023 12:20,17.89,19.56,"","","",""
RW3,5134,10/21/2023 12:25,17.84,4044.8,"","","",""
RW3,5135,10/21/2023 12:30,17.93,450.08,"","","",""
RW3,5136,10/21/2023 12:35,17.8,34.15,"","","",""
RW3,5137,10/21/2023 12:40,17.8,9410.56,"","","",""
RW3,5138,10/21/2023 12:45,17.76,4999.68,"","","",""
RW3,5139,10/21/2023 12:50,17.76,222,"","","",""
RW3,5140,10/21/2023 12:55,17.8,2220.8,"","","",""
RW3,5141,10/21/2023 13:00,17.8,1581.44,"","","",""
RW3,5142,10/21/2023 13:05,17.93,3229.44,"","","",""
RW3,5143,10/21/2023 13:10,17.93,2019.2,"","","",""
RW3,5144,10/21/2023 13:15,17.97,1050.24,"","","",""
RW3,5145,10/21/2023 13:20,17.93,3628.8,"","","",""
RW3,5146,10/21/2023 13:25,17.84,266.48,"","","",""
RW3,5147,10/21/2023 13:30,17.93,58.44,"","","",""
RW3,5148,10/21/2023 13:35,17.93,11.12,"","","",""
RW3,5149,10/21/2023 13:40,18.06,8640,"","","",""
RW3,5150,10/21/2023 13:45,18.06,592.48,"","","",""
RW3,5151,10/21/2023 13:50,18.1,4928,"","","",""
RW3,5152,10/21/2023 13:55,18.1,242.64,"","","",""
RW3,5153,10/21/2023 14:00,18.06,707.84,"","","",""
RW3,5154,10/21/2023 14:05,18.02,9.76,"","","",""
RW3,5155,10/21/2023 14:10,18.02,278,"","","",""
RW3,5156,10/21/2023 14:15,18.06,252,"","","",""
RW3,5157,10/21/2023 14:20,18.02,280.16,"","","",""
RW3,5158,10/21/2023 14:25,18.14,229.36,"","","",""
RW3,5159,10/21/2023 14:30,18.19,50.24,"","","",""
RW3,5160,10/21/2023 14:35,18.19,1000.32,"","","",""
RW3,5161,10/21/2023 14:40,18.19,19.37,"","","",""
RW3,5162,10/21/2023 14:45,18.14,350.72,"","","",""
RW3,5163,10/21/2023 14:50,18.14,486.56,"","","",""
RW3,5164,10/21/2023 14:55,18.19,39.61,"","","",""
RW3,5165,10/21/2023 15:00,18.1,4375.04,"","","",""
RW3,5166,10/21/2023 15:05,18.14,1586.56,"","","",""
RW3,5167,10/21/2023 15:10,18.27,883.84,"","","",""
RW3,5168,10/21/2023 15:15,18.32,294.72,"","","",""
RW3,5169,10/21/2023 15:20,18.23,86.24,"","","",""
RW3,5170,10/21/2023 15:25,18.23,546.88,"","","",""
RW3,5171,10/21/2023 15:30,18.19,473.6,"","","",""
RW3,5172,10/21/2023 15:35,18.27,116,"","","",""
RW3,5173,10/21/2023 15:40,18.27,4590.08,"","","",""
RW3,5174,10/21/2023 15:45,18.23,616.32,"","","",""
RW3,5175,10/21/2023 15:50,18.27,217.68,"","","",""
RW3,5176,10/21/2023 15:55,18.23,801.6,"","","",""
RW3,5177,10/21/2023 16:00,18.19,397.6,"","","",""
RW3,5178,10/21/2023 16:05,18.19,3147.52,"","","",""
RW3,5179,10/21/2023 16:10,18.23,110.68,"","","",""
RW3,5180,10/21/2023 16:15,18.23,7.37,"","","",""
RW3,5181,10/21/2023 16:20,18.23,746.56,"","","",""
RW3,5182,10/21/2023 16:25,18.23,494.56,"","","",""
RW3,5183,10/21/2023 16:30,18.19,23.98,"","","",""
RW3,5184,10/21/2023 16:35,18.19,463.04,"","","",""
RW3,5185,10/21/2023 16:40,18.19,191.2,"","","",""
RW3,5186,10/21/2023 16:45,18.23,55.78,"","","",""
RW3,5187,10/21/2023 16:50,18.14,66.3,"","","",""
RW3,5188,10/21/2023 16:55,18.14,333.28,"","","",""
RW3,5189,10/21/2023 17:00,18.14,13.32,"","","",""
RW3,5190,10/21/2023 17:05,18.14,316.64,"","","",""
RW3,5191,10/21/2023 17:10,18.1,249.36,"","","",""
RW3,5192,10/21/2023 17:15,18.1,5.2,"","","",""
RW3,5193,10/21/2023 17:20,18.02,365.44,"","","",""
RW3,5194,10/21/2023 17:25,18.06,11.74,"","","",""
RW3,5195,10/21/2023 17:30,17.97,7.16,"","","",""
RW3,5196,10/21/2023 17:35,17.97,3.68,"","","",""
RW3,5197,10/21/2023 17:40,17.97,240.64,"","","",""
RW3,5198,10/21/2023 17:45,17.93,80.2,"","","",""
RW3,5199,10/21/2023 17:50,17.93,117.72,"","","",""
RW3,5200,10/21/2023 17:55,17.93,4.34,"","","",""
RW3,5201,10/21/2023 18:00,17.89,5.42,"","","",""
RW3,5202,10/21/2023 18:05,17.89,19.18,"","","",""
RW3,5203,10/21/2023 18:10,17.89,90.72,"","","",""
RW3,5204,10/21/2023 18:15,17.89,0.43,"","","",""
RW3,5205,10/21/2023 18:20,17.84,9.33,"","","",""
RW3,5206,10/21/2023 18:25,17.93,5.64,"","","",""
RW3,5207,10/21/2023 18:30,17.89,2.6,"","","",""
RW3,5208,10/21/2023 18:35,17.89,0,"","","",""
RW3,5209,10/21/2023 18:40,17.84,0,"","","",""
RW3,5210,10/21/2023 18:45,17.84,0,"","","",""
RW3,5211,10/21/2023 18:50,17.84,0,"","","",""
RW3,5212,10/21/2023 18:55,17.84,0,"","","",""
RW3,5213,10/21/2023 19:00,17.8,0,"","","",""
RW3,5214,10/21/2023 19:05,17.8,0,"","","",""
RW3,5215,10/21/2023 19:10,17.76,0,"","","",""
RW3,5216,10/21/2023 19:15,17.8,0,"","","",""
RW3,5217,10/21/2023 19:20,17.76,0,"","","",""
RW3,5218,10/21/2023 19:25,17.76,0,"","","",""
RW3,5219,10/21/2023 19:30,17.76,0,"","","",""
RW3,5220,10/21/2023 19:35,17.72,0,"","","",""
RW3,5221,10/21/2023 19:40,17.72,0,"","","",""
RW3,5222,10/21/2023 19:45,17.67,0,"","","",""
RW3,5223,10/21/2023 19:50,17.63,0,"","","",""
RW3,5292,10/22/2023 1:35,15.1,0,"","","",""
RW3,5293,10/22/2023 1:40,15.91,0,"","","",""
RW3,5294,10/22/2023 1:45,16.17,0,"","","",""
RW3,5295,10/22/2023 1:50,16.51,0,"","","",""
RW3,5296,10/22/2023 1:55,16.6,0,"","","",""
RW3,5297,10/22/2023 2:00,16.77,0,"","","",""
RW3,5298,10/22/2023 2:05,16.81,0,"","","",""
RW3,5299,10/22/2023 2:10,16.86,0,"","","",""
RW3,5300,10/22/2023 2:15,16.86,0,"","","",""
RW3,5301,10/22/2023 2:20,16.81,0,"","","",""
RW3,5302,10/22/2023 2:25,16.81,0,"","","",""
RW3,5303,10/22/2023 2:30,16.9,0,"","","",""
RW3,5304,10/22/2023 2:35,16.9,0,"","","",""
RW3,5305,10/22/2023 2:40,16.9,0,"","","",""
RW3,5306,10/22/2023 2:45,16.9,0,"","","",""
RW3,5307,10/22/2023 2:50,16.94,0,"","","",""
RW3,5308,10/22/2023 2:55,16.9,0,"","","",""
RW3,5309,10/22/2023 3:00,16.94,0,"","","",""
RW3,5310,10/22/2023 3:05,16.94,0,"","","",""
RW3,5311,10/22/2023 3:10,16.9,0,"","","",""
RW3,5312,10/22/2023 3:15,16.9,0,"","","",""
RW3,5313,10/22/2023 3:20,16.9,0,"","","",""
RW3,5314,10/22/2023 3:25,16.9,0,"","","",""
RW3,5315,10/22/2023 3:30,16.9,0,"","","",""
RW3,5316,10/22/2023 3:35,16.9,0,"","","",""
RW3,5317,10/22/2023 3:40,16.86,0,"","","",""
RW3,5318,10/22/2023 3:45,16.86,0,"","","",""
RW3,5319,10/22/2023 3:50,16.81,0,"","","",""
RW3,5320,10/22/2023 3:55,16.86,0,"","","",""
RW3,5321,10/22/2023 4:00,16.86,0,"","","",""
RW3,5322,10/22/2023 4:05,16.86,0,"","","",""
RW3,5323,10/22/2023 4:10,16.86,0,"","","",""
RW3,5324,10/22/2023 4:15,16.86,0,"","","",""
RW3,5325,10/22/2023 4:20,16.86,0,"","","",""
RW3,5326,10/22/2023 4:25,16.86,0,"","","",""
RW3,5327,10/22/2023 4:30,16.81,0,"","","",""
RW3,5328,10/22/2023 4:35,16.86,0,"","","",""
RW3,5329,10/22/2023 4:40,16.81,0,"","","",""
RW3,5330,10/22/2023 4:45,16.86,0,"","","",""
RW3,5331,10/22/2023 4:50,16.81,0,"","","",""
RW3,5332,10/22/2023 4:55,16.86,0,"","","",""
RW3,5333,10/22/2023 5:00,16.86,0,"","","",""
RW3,5334,10/22/2023 5:05,16.86,0,"","","",""
RW3,5335,10/22/2023 5:10,16.86,0,"","","",""
RW3,5336,10/22/2023 5:15,16.77,0,"","","",""
RW3,5337,10/22/2023 5:20,16.86,0,"","","",""
RW3,5338,10/22/2023 5:25,16.81,0,"","","",""
RW3,5339,10/22/2023 5:30,16.81,0,"","","",""
RW3,5340,10/22/2023 5:35,16.81,0,"","","",""
RW3,5341,10/22/2023 5:40,16.81,0,"","","",""
RW3,5342,10/22/2023 5:45,16.81,0,"","","",""
RW3,5343,10/22/2023 5:50,16.81,0,"","","",""
RW3,5344,10/22/2023 5:55,16.81,0,"","","",""
RW3,5345,10/22/2023 6:00,16.77,0,"","","",""
RW3,5346,10/22/2023 6:05,16.77,0,"","","",""
RW3,5347,10/22/2023 6:10,16.77,0,"","","",""
RW3,5348,10/22/2023 6:15,16.77,0,"","","",""
RW3,5349,10/22/2023 6:20,16.77,0,"","","",""
RW3,5350,10/22/2023 6:25,16.73,0,"","","",""
RW3,5351,10/22/2023 6:30,16.77,0,"","","",""
RW3,5352,10/22/2023 6:35,16.73,0,"","","",""
RW3,5353,10/22/2023 6:40,16.77,0,"","","",""
RW3,5354,10/22/2023 6:45,16.73,0.43,"","","",""
RW3,5355,10/22/2023 6:50,16.73,0,"","","",""
RW3,5356,10/22/2023 6:55,16.77,18.47,"","","",""
RW3,5357,10/22/2023 7:00,16.69,11.93,"","","",""
RW3,5358,10/22/2023 7:05,16.69,11.5,"","","",""
RW3,5359,10/22/2023 7:10,16.73,22.19,"","","",""
RW3,5360,10/22/2023 7:15,16.73,75.86,"","","",""
RW3,5361,10/22/2023 7:20,16.73,3.68,"","","",""
RW3,5362,10/22/2023 7:25,16.73,30,"","","",""
RW3,5363,10/22/2023 7:30,16.69,340.32,"","","",""
RW3,5364,10/22/2023 7:35,16.73,15.65,"","","",""
RW3,5365,10/22/2023 7:40,16.69,100.48,"","","",""
RW3,5366,10/22/2023 7:45,16.69,8.08,"","","",""
RW3,5367,10/22/2023 7:50,16.69,35.75,"","","",""
RW3,5368,10/22/2023 7:55,16.69,24.03,"","","",""
RW3,5369,10/22/2023 8:00,16.73,516.48,"","","",""
RW3,5370,10/22/2023 8:05,16.69,2236.16,"","","",""
RW3,5371,10/22/2023 8:10,16.73,34.4,"","","",""
RW3,5372,10/22/2023 8:15,16.73,1.3,"","","",""
RW3,5373,10/22/2023 8:20,16.73,1639.68,"","","",""
RW3,5374,10/22/2023 8:25,16.81,2333.44,"","","",""
RW3,5375,10/22/2023 8:30,16.77,3983.36,"","","",""
RW3,5376,10/22/2023 8:35,16.81,328.48,"","","",""
RW3,5377,10/22/2023 8:40,16.81,885.44,"","","",""
RW3,5378,10/22/2023 8:45,16.81,3326.72,"","","",""
RW3,5379,10/22/2023 8:50,16.86,23.11,"","","",""
RW3,5380,10/22/2023 8:55,16.86,519.04,"","","",""
RW3,5381,10/22/2023 9:00,16.81,48.66,"","","",""
RW3,5382,10/22/2023 9:05,16.9,592.96,"","","",""
RW3,5383,10/22/2023 9:10,16.86,965.44,"","","",""
RW3,5384,10/22/2023 9:15,16.94,1.08,"","","",""
RW3,5385,10/22/2023 9:20,16.99,3270.4,"","","",""
RW3,5386,10/22/2023 9:25,17.03,48.12,"","","",""
RW3,5387,10/22/2023 9:30,17.07,155.16,"","","",""
RW3,5388,10/22/2023 9:35,17.03,1070.4,"","","",""
RW3,5389,10/22/2023 9:40,17.07,583.84,"","","",""
RW3,5390,10/22/2023 9:45,17.11,58.6,"","","",""
RW3,5391,10/22/2023 9:50,17.16,802.88,"","","",""
RW3,5392,10/22/2023 9:55,17.2,4725.76,"","","",""
RW3,5393,10/22/2023 10:00,17.16,135.2,"","","",""
RW3,5394,10/22/2023 10:05,17.2,6028.8,"","","",""
RW3,5395,10/22/2023 10:10,17.2,479.2,"","","",""
RW3,5396,10/22/2023 10:15,17.29,313.6,"","","",""
RW3,5397,10/22/2023 10:20,17.24,112.84,"","","",""
RW3,5398,10/22/2023 10:25,17.33,14673.92,"","","",""
RW3,5399,10/22/2023 10:30,17.33,3610.88,"","","",""
RW3,5400,10/22/2023 10:35,17.33,2713.6,"","","",""
RW3,5401,10/22/2023 10:40,17.33,115.12,"","","",""
RW3,5402,10/22/2023 10:45,17.46,8924.16,"","","",""
RW3,5403,10/22/2023 10:50,17.41,1458.56,"","","",""
RW3,5404,10/22/2023 10:55,17.54,2121.6,"","","",""
RW3,5405,10/22/2023 11:00,17.54,729.92,"","","",""
RW3,5406,10/22/2023 11:05,17.59,1510.4,"","","",""
RW3,5407,10/22/2023 11:10,17.59,269.76,"","","",""
RW3,5408,10/22/2023 11:15,17.59,1165.76,"","","",""
RW3,5409,10/22/2023 11:20,17.54,2019.2,"","","",""
RW3,5410,10/22/2023 11:25,17.59,70.86,"","","",""
RW3,5411,10/22/2023 11:30,17.59,263.04,"","","",""
RW3,5412,10/22/2023 11:35,17.63,47.26,"","","",""
RW3,5413,10/22/2023 11:40,17.8,6423.04,"","","",""
RW3,5414,10/22/2023 11:45,17.72,158.12,"","","",""
RW3,5415,10/22/2023 11:50,17.76,175.36,"","","",""
RW3,5416,10/22/2023 11:55,17.72,6535.68,"","","",""
RW3,5417,10/22/2023 12:00,17.72,88.52,"","","",""
RW3,5418,10/22/2023 12:05,17.72,1178.88,"","","",""
RW3,5419,10/22/2023 12:10,17.8,111.76,"","","",""
RW3,5420,10/22/2023 12:15,17.8,15841.28,"","","",""
RW3,5421,10/22/2023 12:20,17.89,5429.76,"","","",""
RW3,5422,10/22/2023 12:25,17.89,924.48,"","","",""
RW3,5423,10/22/2023 12:30,17.84,4239.36,"","","",""
RW3,5424,10/22/2023 12:35,17.84,302.72,"","","",""
RW3,5425,10/22/2023 12:40,17.89,8174.08,"","","",""
RW3,5426,10/22/2023 12:45,17.89,2620.16,"","","",""
RW3,5427,10/22/2023 12:50,17.8,1678.08,"","","",""
RW3,5428,10/22/2023 12:55,17.84,110.8,"","","",""
RW3,5429,10/22/2023 13:00,17.84,12083.2,"","","",""
RW3,5430,10/22/2023 13:05,17.84,3114.24,"","","",""
RW3,5431,10/22/2023 13:10,17.84,3535.36,"","","",""
RW3,5432,10/22/2023 13:15,17.93,40.1,"","","",""
RW3,5433,10/22/2023 13:20,17.93,328.96,"","","",""
RW3,5434,10/22/2023 13:25,18.02,703.04,"","","",""
RW3,5435,10/22/2023 13:30,17.97,1695.36,"","","",""
RW3,5436,10/22/2023 13:35,18.02,106.32,"","","",""
RW3,5437,10/22/2023 13:40,18.1,4861.44,"","","",""
RW3,5438,10/22/2023 13:45,18.1,57.56,"","","",""
RW3,5439,10/22/2023 13:50,18.1,2768.64,"","","",""
RW3,5440,10/22/2023 13:55,18.1,776.32,"","","",""
RW3,5441,10/22/2023 14:00,18.14,2440.96,"","","",""
RW3,5442,10/22/2023 14:05,18.14,99.72,"","","",""
RW3,5443,10/22/2023 14:10,18.19,53.22,"","","",""
RW3,5444,10/22/2023 14:15,18.14,160.4,"","","",""
RW3,5445,10/22/2023 14:20,18.23,1328,"","","",""
RW3,5446,10/22/2023 14:25,18.14,580.8,"","","",""
RW3,5447,10/22/2023 14:30,18.14,674.88,"","","",""
RW3,5448,10/22/2023 14:35,18.23,340,"","","",""
RW3,5449,10/22/2023 14:40,18.19,471.36,"","","",""
RW3,5450,10/22/2023 14:45,18.19,2087.04,"","","",""
RW3,5451,10/22/2023 14:50,18.27,1013.12,"","","",""
RW3,5452,10/22/2023 14:55,18.23,158.12,"","","",""
RW3,5453,10/22/2023 15:00,18.27,4.77,"","","",""
RW3,5454,10/22/2023 15:05,18.23,2160,"","","",""
RW3,5455,10/22/2023 15:10,18.23,3874.56,"","","",""
RW3,5456,10/22/2023 15:15,18.27,36.51,"","","",""
RW3,5457,10/22/2023 15:20,18.32,1046.4,"","","",""
RW3,5458,10/22/2023 15:25,18.36,706.24,"","","",""
RW3,5459,10/22/2023 15:30,18.44,301.92,"","","",""
RW3,5460,10/22/2023 15:35,18.49,50.12,"","","",""
RW3,5461,10/22/2023 15:40,18.4,1286.4,"","","",""
RW3,5462,10/22/2023 15:45,18.44,33.48,"","","",""
RW3,5463,10/22/2023 15:50,18.49,209.2,"","","",""
RW3,5464,10/22/2023 15:55,18.62,19.99,"","","",""
RW3,5465,10/22/2023 16:00,18.57,1200.64,"","","",""
RW3,5466,10/22/2023 16:05,18.62,3.03,"","","",""
RW3,5467,10/22/2023 16:10,18.62,737.28,"","","",""
RW3,5468,10/22/2023 16:15,18.53,303.6,"","","",""
RW3,5469,10/22/2023 16:20,18.44,135.32,"","","",""
RW3,5470,10/22/2023 16:25,18.4,786.88,"","","",""
RW3,5471,10/22/2023 16:30,18.62,64.08,"","","",""
RW3,5472,10/22/2023 16:35,18.79,0.21,"","","",""
RW3,5473,10/22/2023 16:40,18.83,613.28,"","","",""
RW3,5474,10/22/2023 16:45,18.83,280,"","","",""
RW3,5475,10/22/2023 16:50,18.74,1276.16,"","","",""
RW3,5476,10/22/2023 16:55,18.79,6.51,"","","",""
RW3,5477,10/22/2023 17:00,18.79,61.9,"","","",""
RW3,5478,10/22/2023 17:05,18.87,23.49,"","","",""
RW3,5479,10/22/2023 17:10,18.96,0,"","","",""
RW3,5480,10/22/2023 17:15,18.96,8.24,"","","",""
RW3,5481,10/22/2023 17:20,19,69.72,"","","",""
RW3,5482,10/22/2023 17:25,18.92,121.96,"","","",""
RW3,5483,10/22/2023 17:30,18.92,7.16,"","","",""
RW3,5484,10/22/2023 17:35,19.05,95.04,"","","",""
RW3,5485,10/22/2023 17:40,19.05,17.79,"","","",""
RW3,5486,10/22/2023 17:45,19.09,198.96,"","","",""
RW3,5487,10/22/2023 17:50,19.09,0,"","","",""
RW3,5488,10/22/2023 17:55,19.13,2.6,"","","",""
RW3,5489,10/22/2023 18:00,19.05,49.64,"","","",""
RW3,5490,10/22/2023 18:05,19.09,6.94,"","","",""
RW3,5491,10/22/2023 18:10,19.13,3.47,"","","",""
RW3,5492,10/22/2023 18:15,19.09,3.25,"","","",""
RW3,5493,10/22/2023 18:20,19.13,0,"","","",""
RW3,5494,10/22/2023 18:25,19.13,1.73,"","","",""
RW3,5495,10/22/2023 18:30,19.13,1.3,"","","",""
RW3,5496,10/22/2023 18:35,19.13,0,"","","",""
RW3,5497,10/22/2023 18:40,19.13,0,"","","",""
RW3,5498,10/22/2023 18:45,19.13,0,"","","",""
RW3,5499,10/22/2023 18:50,19.17,0,"","","",""
RW3,5500,10/22/2023 18:55,19.13,0,"","","",""
RW3,5501,10/22/2023 19:00,19.13,0,"","","",""
RW3,5502,10/22/2023 19:05,19.13,0,"","","",""
RW3,5503,10/22/2023 19:10,19.13,0,"","","",""
RW3,5504,10/22/2023 19:15,19.17,0,"","","",""
RW3,5505,10/22/2023 19:20,19.13,0,"","","",""
RW3,5506,10/22/2023 19:25,19.13,0,"","","",""
RW3,5507,10/22/2023 19:30,19.13,0,"","","",""
RW3,5508,10/22/2023 19:35,19.09,0,"","","",""
RW3,5509,10/22/2023 19:40,19.13,0,"","","",""
RW3,5510,10/22/2023 19:45,19.13,0,"","","",""
RW3,5511,10/22/2023 19:50,19.13,0,"","","",""
RW3,5512,10/22/2023 19:55,19.13,0,"","","",""
RW3,5513,10/22/2023 20:00,19.13,0,"","","",""
RW3,5514,10/22/2023 20:05,19.13,0,"","","",""
RW3,5515,10/22/2023 20:10,19.09,0,"","","",""
RW3,5516,10/22/2023 20:15,19.13,0,"","","",""
RW3,5517,10/22/2023 20:20,19.09,0,"","","",""
RW3,5518,10/22/2023 20:25,19.09,0,"","","",""
RW3,5519,10/22/2023 20:30,19.09,0,"","","",""
RW3,5520,10/22/2023 20:35,19.09,0,"","","",""
RW3,5521,10/22/2023 20:40,19.05,0,"","","",""
RW3,5522,10/22/2023 20:45,19.09,0,"","","",""
RW3,5523,10/22/2023 20:50,19,0,"","","",""
RW3,5524,10/22/2023 20:55,18.92,0,"","","",""
RW3,5525,10/22/2023 21:00,18.83,0,"","","",""
RW3,5590,10/23/2023 2:25,17.29,0,"","","",""
RW3,5591,10/23/2023 2:30,17.24,0,"","","",""
RW3,5592,10/23/2023 2:35,17.46,0,"","","",""
RW3,5593,10/23/2023 2:40,17.54,0,"","","",""
RW3,5594,10/23/2023 2:45,17.63,0,"","","",""
RW3,5595,10/23/2023 2:50,17.54,0,"","","",""
RW3,5596,10/23/2023 2:55,17.63,0,"","","",""
RW3,5597,10/23/2023 3:00,17.67,0,"","","",""
RW3,5598,10/23/2023 3:05,17.67,0,"","","",""
RW3,5599,10/23/2023 3:10,17.76,0,"","","",""
RW3,5600,10/23/2023 3:15,17.67,0,"","","",""
RW3,5601,10/23/2023 3:20,17.67,0,"","","",""
RW3,5602,10/23/2023 3:25,17.72,0,"","","",""
RW3,5603,10/23/2023 3:30,17.67,0,"","","",""
RW3,5604,10/23/2023 3:35,17.72,0,"","","",""
RW3,5605,10/23/2023 3:40,17.67,0,"","","",""
RW3,5606,10/23/2023 3:45,17.72,0,"","","",""
RW3,5607,10/23/2023 3:50,17.67,0,"","","",""
RW3,5608,10/23/2023 3:55,17.67,0,"","","",""
RW3,5609,10/23/2023 4:00,17.67,0,"","","",""
RW3,5610,10/23/2023 4:05,17.67,0,"","","",""
RW3,5611,10/23/2023 4:10,17.63,0,"","","",""
RW3,5612,10/23/2023 4:15,17.63,0,"","","",""
RW3,5613,10/23/2023 4:20,17.63,0,"","","",""
RW3,5614,10/23/2023 4:25,17.67,0,"","","",""
RW3,5615,10/23/2023 4:30,17.63,0,"","","",""
RW3,5616,10/23/2023 4:35,17.63,0,"","","",""
RW3,5617,10/23/2023 4:40,17.59,0,"","","",""
RW3,5618,10/23/2023 4:45,17.63,0,"","","",""
RW3,5619,10/23/2023 4:50,17.63,0,"","","",""
RW3,5620,10/23/2023 4:55,17.59,0,"","","",""
RW3,5621,10/23/2023 5:00,17.5,0,"","","",""
RW3,5622,10/23/2023 5:05,17.46,0,"","","",""
RW3,5623,10/23/2023 5:10,17.46,0,"","","",""
RW3,5624,10/23/2023 5:15,17.41,0,"","","",""
RW3,5625,10/23/2023 5:20,17.33,0,"","","",""
RW3,5626,10/23/2023 5:25,17.33,0,"","","",""
RW3,5627,10/23/2023 5:30,17.33,0,"","","",""
RW3,5628,10/23/2023 5:35,17.33,0,"","","",""
RW3,5629,10/23/2023 5:40,17.37,0,"","","",""
RW3,5630,10/23/2023 5:45,17.29,0,"","","",""
RW3,5631,10/23/2023 5:50,17.33,0,"","","",""
RW3,5632,10/23/2023 5:55,17.29,0,"","","",""
RW3,5633,10/23/2023 6:00,17.2,0,"","","",""
RW3,5634,10/23/2023 6:05,17.2,0,"","","",""
RW3,5635,10/23/2023 6:10,17.2,0,"","","",""
RW3,5636,10/23/2023 6:15,17.2,0,"","","",""
RW3,5637,10/23/2023 6:20,17.11,0,"","","",""
RW3,5638,10/23/2023 6:25,17.2,0,"","","",""
RW3,5639,10/23/2023 6:30,17.11,0,"","","",""
RW3,5640,10/23/2023 6:35,17.07,0,"","","",""
RW3,5641,10/23/2023 6:40,17.03,0,"","","",""
RW3,5642,10/23/2023 6:45,17.07,0,"","","",""
RW3,5643,10/23/2023 6:50,17.03,0,"","","",""
RW3,5644,10/23/2023 6:55,17.03,0,"","","",""
RW3,5645,10/23/2023 7:00,16.99,0.43,"","","",""
RW3,5646,10/23/2023 7:05,17.03,9.11,"","","",""
RW3,5647,10/23/2023 7:10,16.99,4.55,"","","",""
RW3,5648,10/23/2023 7:15,17.03,5.2,"","","",""
RW3,5649,10/23/2023 7:20,16.94,0,"","","",""
RW3,5650,10/23/2023 7:25,16.99,15.87,"","","",""
RW3,5651,10/23/2023 7:30,16.94,4.12,"","","",""
RW3,5652,10/23/2023 7:35,16.94,122.96,"","","",""
RW3,5653,10/23/2023 7:40,16.94,27.83,"","","",""
RW3,5654,10/23/2023 7:45,16.9,65.32,"","","",""
RW3,5655,10/23/2023 7:50,16.9,0.43,"","","",""
RW3,5656,10/23/2023 7:55,16.9,26.1,"","","",""
RW3,5657,10/23/2023 8:00,16.94,129.12,"","","",""
RW3,5658,10/23/2023 8:05,16.86,0.65,"","","",""
RW3,5659,10/23/2023 8:10,16.9,133.36,"","","",""
RW3,5660,10/23/2023 8:15,16.9,8.03,"","","",""
RW3,5661,10/23/2023 8:20,16.81,10.01,"","","",""
RW3,5662,10/23/2023 8:25,16.86,41.4,"","","",""
RW3,5663,10/23/2023 8:30,16.86,33.53,"","","",""
RW3,5664,10/23/2023 8:35,16.86,3.68,"","","",""
RW3,5665,10/23/2023 8:40,16.81,336.8,"","","",""
RW3,5666,10/23/2023 8:45,16.81,444.96,"","","",""
RW3,5667,10/23/2023 8:50,16.86,165.12,"","","",""
RW3,5668,10/23/2023 8:55,16.86,167.52,"","","",""
RW3,5669,10/23/2023 9:00,16.86,737.28,"","","",""
RW3,5670,10/23/2023 9:05,16.9,30.17,"","","",""
RW3,5671,10/23/2023 9:10,16.9,22.41,"","","",""
RW3,5672,10/23/2023 9:15,16.86,3.03,"","","",""
RW3,5673,10/23/2023 9:20,16.94,615.52,"","","",""
RW3,5674,10/23/2023 9:25,16.99,1174.4,"","","",""
RW3,5675,10/23/2023 9:30,17.03,736,"","","",""
RW3,5676,10/23/2023 9:35,17.07,1850.88,"","","",""
RW3,5677,10/23/2023 9:40,17.07,1949.44,"","","",""
RW3,5678,10/23/2023 9:45,17.07,3596.8,"","","",""
RW3,5679,10/23/2023 9:50,17.07,90.16,"","","",""
RW3,5680,10/23/2023 9:55,17.07,500,"","","",""
RW3,5681,10/23/2023 10:00,17.16,526.08,"","","",""
RW3,5682,10/23/2023 10:05,17.11,1778.56,"","","",""
RW3,5683,10/23/2023 10:10,17.29,1555.84,"","","",""
RW3,5684,10/23/2023 10:15,17.29,34.83,"","","",""
RW3,5685,10/23/2023 10:20,17.24,408,"","","",""
RW3,5686,10/23/2023 10:25,17.29,5250.56,"","","",""
RW3,5687,10/23/2023 10:30,17.29,523.52,"","","",""
RW3,5688,10/23/2023 10:35,17.33,139.32,"","","",""
RW3,5689,10/23/2023 10:40,17.24,1719.04,"","","",""
RW3,5690,10/23/2023 10:45,17.37,10839.04,"","","",""
RW3,5691,10/23/2023 10:50,17.41,2566.4,"","","",""
RW3,5692,10/23/2023 10:55,17.37,2620.16,"","","",""
RW3,5693,10/23/2023 11:00,17.41,7367.68,"","","",""
RW3,5694,10/23/2023 11:05,17.63,249.12,"","","",""
RW3,5695,10/23/2023 11:10,17.59,111.24,"","","",""
RW3,5696,10/23/2023 11:15,17.76,8399.36,"","","",""
RW3,5697,10/23/2023 11:20,17.72,689.6,"","","",""
RW3,5698,10/23/2023 11:25,17.72,367.68,"","","",""
RW3,5699,10/23/2023 11:30,17.76,6128.64,"","","",""
RW3,5700,10/23/2023 11:35,17.8,2818.56,"","","",""
RW3,5701,10/23/2023 11:40,17.8,5923.84,"","","",""
RW3,5702,10/23/2023 11:45,17.84,4298.24,"","","",""
RW3,5703,10/23/2023 11:50,17.8,2213.76,"","","",""
RW3,5704,10/23/2023 11:55,17.89,315.52,"","","",""
RW3,5705,10/23/2023 12:00,17.93,159.28,"","","",""
RW3,5706,10/23/2023 12:05,18.02,38492.16,"","","",""
RW3,5707,10/23/2023 12:10,18.1,243.52,"","","",""
RW3,5708,10/23/2023 12:15,18.1,224.64,"","","",""
RW3,5709,10/23/2023 12:20,18.19,3653.12,"","","",""
RW3,5710,10/23/2023 12:25,18.19,10562.56,"","","",""
RW3,5711,10/23/2023 12:30,18.19,26378.24,"","","",""
RW3,5712,10/23/2023 12:35,18.23,3211.52,"","","",""
RW3,5713,10/23/2023 12:40,18.19,675.2,"","","",""
RW3,5714,10/23/2023 12:45,18.23,448,"","","",""
RW3,5715,10/23/2023 12:50,18.32,7659.52,"","","",""
RW3,5716,10/23/2023 12:55,18.4,1658.24,"","","",""
RW3,5717,10/23/2023 13:00,18.32,618.08,"","","",""
RW3,5718,10/23/2023 13:05,18.49,875.52,"","","",""
RW3,5719,10/23/2023 13:10,18.4,523.52,"","","",""
RW3,5720,10/23/2023 13:15,18.44,556,"","","",""
RW3,5721,10/23/2023 13:20,18.4,8624.64,"","","",""
RW3,5722,10/23/2023 13:25,18.49,3288.32,"","","",""
RW3,5723,10/23/2023 13:30,18.4,200.08,"","","",""
RW3,5724,10/23/2023 13:35,18.4,3496.96,"","","",""
RW3,5725,10/23/2023 13:40,18.32,26603.52,"","","",""
RW3,5726,10/23/2023 13:45,18.27,1574.4,"","","",""
RW3,5727,10/23/2023 13:50,18.27,1633.92,"","","",""
RW3,5728,10/23/2023 13:55,18.36,702.72,"","","",""
RW3,5729,10/23/2023 14:00,18.4,340,"","","",""
RW3,5730,10/23/2023 14:05,18.44,12994.56,"","","",""
RW3,5731,10/23/2023 14:10,18.44,1720.32,"","","",""
RW3,5732,10/23/2023 14:15,18.44,216.4,"","","",""
RW3,5733,10/23/2023 14:20,18.44,1239.68,"","","",""
RW3,5734,10/23/2023 14:25,18.49,139.76,"","","",""
RW3,5735,10/23/2023 14:30,18.53,911.04,"","","",""
RW3,5736,10/23/2023 14:35,18.44,4.34,"","","",""
RW3,5737,10/23/2023 14:40,18.53,15513.6,"","","",""
RW3,5738,10/23/2023 14:45,18.49,721.28,"","","",""
RW3,5739,10/23/2023 14:50,18.49,1305.6,"","","",""
RW3,5740,10/23/2023 14:55,18.49,5350.4,"","","",""
RW3,5741,10/23/2023 15:00,18.49,73.78,"","","",""
RW3,5742,10/23/2023 15:05,18.44,622.88,"","","",""
RW3,5743,10/23/2023 15:10,18.49,67.22,"","","",""
RW3,5744,10/23/2023 15:15,18.4,179.6,"","","",""
RW3,5745,10/23/2023 15:20,18.36,21.27,"","","",""
RW3,5746,10/23/2023 15:25,18.4,1536.64,"","","",""
RW3,5747,10/23/2023 15:30,18.44,57.5,"","","",""
RW3,5748,10/23/2023 15:35,18.49,252.16,"","","",""
RW3,5749,10/23/2023 15:40,18.4,920.96,"","","",""
RW3,5750,10/23/2023 15:45,18.32,1714.56,"","","",""
RW3,5751,10/23/2023 15:50,18.32,1875.2,"","","",""
RW3,5752,10/23/2023 15:55,18.23,110.68,"","","",""
RW3,5753,10/23/2023 16:00,18.27,591.68,"","","",""
RW3,5754,10/23/2023 16:05,18.32,1928.96,"","","",""
RW3,5755,10/23/2023 16:10,18.27,3847.68,"","","",""
RW3,5756,10/23/2023 16:15,18.27,15.19,"","","",""
RW3,5757,10/23/2023 16:20,18.19,44.48,"","","",""
RW3,5758,10/23/2023 16:25,18.23,285.6,"","","",""
RW3,5759,10/23/2023 16:30,18.19,406.4,"","","",""
RW3,5760,10/23/2023 16:35,18.19,1541.76,"","","",""
RW3,5761,10/23/2023 16:40,18.23,389.12,"","","",""
RW3,5762,10/23/2023 16:45,18.14,121.2,"","","",""
RW3,5763,10/23/2023 16:50,18.1,1408,"","","",""
RW3,5764,10/23/2023 16:55,18.06,95.04,"","","",""
RW3,5765,10/23/2023 17:00,18.06,452.64,"","","",""
RW3,5766,10/23/2023 17:05,17.97,301.04,"","","",""
RW3,5767,10/23/2023 17:10,18.02,1123.2,"","","",""
RW3,5768,10/23/2023 17:15,17.97,2.82,"","","",""
RW3,5769,10/23/2023 17:20,17.97,326.4,"","","",""
RW3,5770,10/23/2023 17:25,17.93,10.85,"","","",""
RW3,5771,10/23/2023 17:30,17.84,379.36,"","","",""
RW3,5772,10/23/2023 17:35,17.84,6.51,"","","",""
RW3,5773,10/23/2023 17:40,17.8,6.29,"","","",""
RW3,5774,10/23/2023 17:45,17.76,102.88,"","","",""
RW3,5775,10/23/2023 17:50,17.76,46.98,"","","",""
RW3,5776,10/23/2023 17:55,17.76,50.5,"","","",""
RW3,5777,10/23/2023 18:00,17.76,0.65,"","","",""
RW3,5778,10/23/2023 18:05,17.72,1.73,"","","",""
RW3,5779,10/23/2023 18:10,17.72,3.47,"","","",""
RW3,5780,10/23/2023 18:15,17.67,0.86,"","","",""
RW3,5781,10/23/2023 18:20,17.72,4.12,"","","",""
RW3,5782,10/23/2023 18:25,17.67,0,"","","",""
RW3,5783,10/23/2023 18:30,17.67,0.43,"","","",""
RW3,5784,10/23/2023 18:35,17.63,0,"","","",""
RW3,5785,10/23/2023 18:40,17.63,0,"","","",""
RW3,5786,10/23/2023 18:45,17.63,0,"","","",""
RW3,5787,10/23/2023 18:50,17.63,0,"","","",""
RW3,5788,10/23/2023 18:55,17.63,0,"","","",""
RW3,5789,10/23/2023 19:00,17.63,0,"","","",""
RW3,5790,10/23/2023 19:05,17.67,0,"","","",""
RW3,5791,10/23/2023 19:10,17.63,0,"","","",""
RW3,5792,10/23/2023 19:15,17.63,0,"","","",""
RW3,5793,10/23/2023 19:20,17.63,0,"","","",""
RW3,5794,10/23/2023 19:25,17.63,0,"","","",""
RW3,5795,10/23/2023 19:30,17.59,0,"","","",""
RW3,5796,10/23/2023 19:35,17.59,0,"","","",""
RW3,5797,10/23/2023 19:40,17.59,0,"","","",""
RW3,5798,10/23/2023 19:45,17.63,0,"","","",""
RW3,5799,10/23/2023 19:50,17.63,0,"","","",""
RW3,5800,10/23/2023 19:55,17.59,0,"","","",""
RW3,5801,10/23/2023 20:00,17.63,0,"","","",""
RW3,5802,10/23/2023 20:05,17.59,0,"","","",""
RW3,5803,10/23/2023 20:10,17.63,0,"","","",""
RW3,5804,10/23/2023 20:15,17.63,0,"","","",""
RW3,5805,10/23/2023 20:20,17.63,0,"","","",""
RW3,5806,10/23/2023 20:25,17.59,0,"","","",""
RW3,5807,10/23/2023 20:30,17.59,0,"","","",""
RW3,5808,10/23/2023 20:35,17.63,0,"","","",""
RW3,5809,10/23/2023 20:40,17.63,0,"","","",""
RW3,5810,10/23/2023 20:45,17.59,0,"","","",""
RW3,5811,10/23/2023 20:50,17.63,0,"","","",""
RW3,5812,10/23/2023 20:55,17.59,0,"","","",""
RW3,5813,10/23/2023 21:00,17.59,0,"","","",""
RW3,5814,10/23/2023 21:05,17.59,0,"","","",""
RW3,5815,10/23/2023 21:10,17.59,0,"","","",""
RW3,5816,10/23/2023 21:15,17.54,0,"","","",""
RW3,5817,10/23/2023 21:20,17.54,0,"","","",""
RW3,5818,10/23/2023 21:25,17.54,0,"","","",""
RW3,5819,10/23/2023 21:30,17.46,0,"","","",""
RW3,5820,10/23/2023 21:35,17.41,0,"","","",""
RW3,5821,10/23/2023 21:40,17.46,0,"","","",""
RW3,5822,10/23/2023 21:45,17.41,0,"","","",""
RW3,5823,10/23/2023 21:50,17.33,0,"","","",""
RW3,5824,10/23/2023 21:55,17.29,0,"","","",""
RW3,5887,10/24/2023 3:10,16.04,0,"","","",""
RW3,5888,10/24/2023 3:15,16.86,0,"","","",""
RW3,5889,10/24/2023 3:20,17.24,0,"","","",""
RW3,5890,10/24/2023 3:25,17.29,0,"","","",""
RW3,5891,10/24/2023 3:30,17.37,0,"","","",""
RW3,5892,10/24/2023 3:35,17.46,0,"","","",""
RW3,5893,10/24/2023 3:40,17.5,0,"","","",""
RW3,5894,10/24/2023 3:45,17.54,0,"","","",""
RW3,5895,10/24/2023 3:50,17.59,0,"","","",""
RW3,5896,10/24/2023 3:55,17.63,0,"","","",""
RW3,5897,10/24/2023 4:00,17.63,0,"","","",""
RW3,5898,10/24/2023 4:05,17.63,0,"","","",""
RW3,5899,10/24/2023 4:10,17.63,0,"","","",""
RW3,5900,10/24/2023 4:15,17.59,0,"","","",""
RW3,5901,10/24/2023 4:20,17.63,0,"","","",""
RW3,5902,10/24/2023 4:25,17.63,0,"","","",""
RW3,5903,10/24/2023 4:30,17.59,0,"","","",""
RW3,5904,10/24/2023 4:35,17.54,0,"","","",""
RW3,5905,10/24/2023 4:40,17.54,0,"","","",""
RW3,5906,10/24/2023 4:45,17.54,0,"","","",""
RW3,5907,10/24/2023 4:50,17.59,0,"","","",""
RW3,5908,10/24/2023 4:55,17.54,0,"","","",""
RW3,5909,10/24/2023 5:00,17.59,0,"","","",""
RW3,5910,10/24/2023 5:05,17.59,0,"","","",""
RW3,5911,10/24/2023 5:10,17.59,0,"","","",""
RW3,5912,10/24/2023 5:15,17.54,0,"","","",""
RW3,5913,10/24/2023 5:20,17.5,0,"","","",""
RW3,5914,10/24/2023 5:25,17.54,0,"","","",""
RW3,5915,10/24/2023 5:30,17.59,0,"","","",""
RW3,5916,10/24/2023 5:35,17.54,0,"","","",""
RW3,5917,10/24/2023 5:40,17.59,0,"","","",""
RW3,5918,10/24/2023 5:45,17.54,0,"","","",""
RW3,5919,10/24/2023 5:50,17.59,0,"","","",""
RW3,5920,10/24/2023 5:55,17.54,0,"","","",""
RW3,5921,10/24/2023 6:00,17.59,0,"","","",""
RW3,5922,10/24/2023 6:05,17.59,0,"","","",""
RW3,5923,10/24/2023 6:10,17.63,0,"","","",""
RW3,5924,10/24/2023 6:15,17.54,0,"","","",""
RW3,5925,10/24/2023 6:20,17.59,0,"","","",""
RW3,5926,10/24/2023 6:25,17.54,0,"","","",""
RW3,5927,10/24/2023 6:30,17.54,0,"","","",""
RW3,5928,10/24/2023 6:35,17.63,0,"","","",""
RW3,5929,10/24/2023 6:40,17.54,0,"","","",""
RW3,5930,10/24/2023 6:45,17.5,0,"","","",""
RW3,5931,10/24/2023 6:50,17.54,0,"","","",""
RW3,5932,10/24/2023 6:55,17.59,0,"","","",""
RW3,5933,10/24/2023 7:00,17.59,0.43,"","","",""
RW3,5934,10/24/2023 7:05,17.54,0.43,"","","",""
RW3,5935,10/24/2023 7:10,17.59,26.96,"","","",""
RW3,5936,10/24/2023 7:15,17.54,17.17,"","","",""
RW3,5937,10/24/2023 7:20,17.59,5.86,"","","",""
RW3,5938,10/24/2023 7:25,17.59,34.78,"","","",""
RW3,5939,10/24/2023 7:30,17.63,100.64,"","","",""
RW3,5940,10/24/2023 7:35,17.63,41.78,"","","",""
RW3,5941,10/24/2023 7:40,17.59,1.51,"","","",""
RW3,5942,10/24/2023 7:45,17.63,31.36,"","","",""
RW3,5943,10/24/2023 7:50,17.59,327.28,"","","",""
RW3,5944,10/24/2023 7:55,17.63,21.54,"","","",""
RW3,5945,10/24/2023 8:00,17.67,160.4,"","","",""
RW3,5946,10/24/2023 8:05,17.63,8.46,"","","",""
RW3,5947,10/24/2023 8:10,17.63,64.88,"","","",""
RW3,5948,10/24/2023 8:15,17.72,159.72,"","","",""
RW3,5949,10/24/2023 8:20,17.72,425.76,"","","",""
RW3,5950,10/24/2023 8:25,17.67,17.39,"","","",""
RW3,5951,10/24/2023 8:30,17.67,165.76,"","","",""
RW3,5952,10/24/2023 8:35,17.72,22.68,"","","",""
RW3,5953,10/24/2023 8:40,17.72,377.6,"","","",""
RW3,5954,10/24/2023 8:45,17.72,1409.92,"","","",""
RW3,5955,10/24/2023 8:50,17.76,32.61,"","","",""
RW3,5956,10/24/2023 8:55,17.8,220.96,"","","",""
RW3,5957,10/24/2023 9:00,17.76,551.68,"","","",""
RW3,5958,10/24/2023 9:05,17.8,611.52,"","","",""
RW3,5959,10/24/2023 9:10,17.76,727.04,"","","",""
RW3,5960,10/24/2023 9:15,17.8,2039.68,"","","",""
RW3,5961,10/24/2023 9:20,17.8,400.64,"","","",""
RW3,5962,10/24/2023 9:25,17.84,143.44,"","","",""
RW3,5963,10/24/2023 9:30,17.84,8.03,"","","",""
RW3,5964,10/24/2023 9:35,17.84,3402.24,"","","",""
RW3,5965,10/24/2023 9:40,17.89,858.88,"","","",""
RW3,5966,10/24/2023 9:45,17.89,42.96,"","","",""
RW3,5967,10/24/2023 9:50,17.93,136.08,"","","",""
RW3,5968,10/24/2023 9:55,18.02,1289.28,"","","",""
RW3,5969,10/24/2023 10:00,17.93,393.44,"","","",""
RW3,5970,10/24/2023 10:05,17.93,15.27,"","","",""
RW3,5971,10/24/2023 10:10,17.97,375.04,"","","",""
RW3,5972,10/24/2023 10:15,17.97,974.4,"","","",""
RW3,5973,10/24/2023 10:20,17.93,28.1,"","","",""
RW3,5974,10/24/2023 10:25,17.93,1758.72,"","","",""
RW3,5975,10/24/2023 10:30,18.06,65.44,"","","",""
RW3,5976,10/24/2023 10:35,18.1,176.24,"","","",""
RW3,5977,10/24/2023 10:40,18.19,4549.12,"","","",""
RW3,5978,10/24/2023 10:45,18.23,116.64,"","","",""
RW3,5979,10/24/2023 10:50,18.27,3196.16,"","","",""
RW3,5980,10/24/2023 10:55,18.27,57.34,"","","",""
RW3,5981,10/24/2023 11:00,18.36,112.2,"","","",""
RW3,5982,10/24/2023 11:05,18.4,172.96,"","","",""
RW3,5983,10/24/2023 11:10,18.44,32819.2,"","","",""
RW3,5984,10/24/2023 11:15,18.44,675.84,"","","",""
RW3,5985,10/24/2023 11:20,18.66,1304.64,"","","",""
RW3,5986,10/24/2023 11:25,18.57,8652.8,"","","",""
RW3,5987,10/24/2023 11:30,18.53,159.96,"","","",""
RW3,5988,10/24/2023 11:35,18.79,3362.56,"","","",""
RW3,5989,10/24/2023 11:40,19.3,48168.96,"","","",""
RW3,5990,10/24/2023 11:45,19.22,55951.36,"","","",""
RW3,5991,10/24/2023 11:50,19.95,21319.68,"","","",""
RW3,5992,10/24/2023 11:55,19.52,5488.64,"","","",""
RW3,5993,10/24/2023 12:00,19.65,1218.88,"","","",""
RW3,5994,10/24/2023 12:05,19.43,500.96,"","","",""
RW3,5995,10/24/2023 12:10,20.25,73134.08,"","","",""
RW3,5996,10/24/2023 12:15,20.55,48660.48,"","","",""
RW3,5997,10/24/2023 12:20,19.86,500.96,"","","",""
RW3,5998,10/24/2023 12:25,19.95,821.12,"","","",""
RW3,5999,10/24/2023 12:30,19.77,713.6,"","","",""
RW3,6000,10/24/2023 12:35,20.59,5198.08,"","","",""
RW3,6001,10/24/2023 12:40,20.03,2234.24,"","","",""
RW3,6002,10/24/2023 12:45,20.72,7270.4,"","","",""
RW3,6003,10/24/2023 12:50,20.55,2714.88,"","","",""
RW3,6004,10/24/2023 12:55,20.12,586.4,"","","",""
RW3,6005,10/24/2023 13:00,21.02,919.68,"","","",""
RW3,6006,10/24/2023 13:05,22.05,13557.76,"","","",""
RW3,6007,10/24/2023 13:10,21.92,11320.32,"","","",""
RW3,6008,10/24/2023 13:15,20.37,338.24,"","","",""
RW3,6009,10/24/2023 13:20,20.85,27473.92,"","","",""
RW3,6010,10/24/2023 13:25,20.63,1301.44,"","","",""
RW3,6011,10/24/2023 13:30,20.55,3380.48,"","","",""
RW3,6012,10/24/2023 13:35,20.25,583.84,"","","",""
RW3,6013,10/24/2023 13:40,19.95,235.04,"","","",""
RW3,6014,10/24/2023 13:45,20.12,852.48,"","","",""
RW3,6015,10/24/2023 13:50,20.12,1049.6,"","","",""
RW3,6016,10/24/2023 13:55,20.2,6033.92,"","","",""
RW3,6017,10/24/2023 14:00,20.25,47001.6,"","","",""
RW3,6018,10/24/2023 14:05,19.82,240.24,"","","",""
RW3,6019,10/24/2023 14:10,19.9,224,"","","",""
RW3,6020,10/24/2023 14:15,19.86,262.4,"","","",""
RW3,6021,10/24/2023 14:20,19.73,706.56,"","","",""
RW3,6022,10/24/2023 14:25,19.95,8972.8,"","","",""
RW3,6023,10/24/2023 14:30,19.65,337.6,"","","",""
RW3,6024,10/24/2023 14:35,19.65,191.84,"","","",""
RW3,6025,10/24/2023 14:40,19.56,22620.16,"","","",""
RW3,6026,10/24/2023 14:45,19.65,24698.88,"","","",""
RW3,6027,10/24/2023 14:50,19.65,2807.04,"","","",""
RW3,6028,10/24/2023 14:55,19.65,2618.24,"","","",""
RW3,6029,10/24/2023 15:00,19.6,12139.52,"","","",""
RW3,6030,10/24/2023 15:05,19.6,80.52,"","","",""
RW3,6031,10/24/2023 15:10,19.6,4055.04,"","","",""
RW3,6032,10/24/2023 15:15,19.6,3878.4,"","","",""
RW3,6033,10/24/2023 15:20,19.65,686.72,"","","",""
RW3,6034,10/24/2023 15:25,19.6,343.68,"","","",""
RW3,6035,10/24/2023 15:30,19.65,77.92,"","","",""
RW3,6036,10/24/2023 15:35,19.6,98.52,"","","",""
RW3,6037,10/24/2023 15:40,19.65,4709.12,"","","",""
RW3,6038,10/24/2023 15:45,19.65,418.4,"","","",""
RW3,6039,10/24/2023 15:50,19.56,659.84,"","","",""
RW3,6040,10/24/2023 15:55,19.6,166.88,"","","",""
RW3,6041,10/24/2023 16:00,19.6,102.2,"","","",""
RW3,6042,10/24/2023 16:05,19.6,199.84,"","","",""
RW3,6043,10/24/2023 16:10,19.69,804.8,"","","",""
RW3,6044,10/24/2023 16:15,19.56,54.2,"","","",""
RW3,6045,10/24/2023 16:20,19.56,43.34,"","","",""
RW3,6046,10/24/2023 16:25,19.56,10.31,"","","",""
RW3,6047,10/24/2023 16:30,19.52,773.12,"","","",""
RW3,6048,10/24/2023 16:35,19.52,2917.12,"","","",""
RW3,6049,10/24/2023 16:40,19.47,35.65,"","","",""
RW3,6050,10/24/2023 16:45,19.39,54.42,"","","",""
RW3,6051,10/24/2023 16:50,19.39,486.08,"","","",""
RW3,6052,10/24/2023 16:55,19.39,715.2,"","","",""
RW3,6053,10/24/2023 17:00,19.39,158,"","","",""
RW3,6054,10/24/2023 17:05,19.39,37.44,"","","",""
RW3,6055,10/24/2023 17:10,19.35,30.49,"","","",""
RW3,6056,10/24/2023 17:15,19.39,46.6,"","","",""
RW3,6057,10/24/2023 17:20,19.43,546.08,"","","",""
RW3,6058,10/24/2023 17:25,19.39,927.04,"","","",""
RW3,6059,10/24/2023 17:30,19.39,560,"","","",""
RW3,6060,10/24/2023 17:35,19.35,202.24,"","","",""
RW3,6061,10/24/2023 17:40,19.35,5.86,"","","",""
RW3,6062,10/24/2023 17:45,19.35,3.03,"","","",""
RW3,6063,10/24/2023 17:50,19.35,297.36,"","","",""
RW3,6064,10/24/2023 17:55,19.35,49.64,"","","",""
RW3,6065,10/24/2023 18:00,19.3,76.62,"","","",""
RW3,6066,10/24/2023 18:05,19.26,19.12,"","","",""
RW3,6067,10/24/2023 18:10,19.3,7.59,"","","",""
RW3,6068,10/24/2023 18:15,19.26,3.47,"","","",""
RW3,6069,10/24/2023 18:20,19.26,3.47,"","","",""
RW3,6070,10/24/2023 18:25,19.26,1.3,"","","",""
RW3,6071,10/24/2023 18:30,19.26,0,"","","",""
RW3,6072,10/24/2023 18:35,19.22,0,"","","",""
RW3,6073,10/24/2023 18:40,19.22,0,"","","",""
RW3,6074,10/24/2023 18:45,19.22,0,"","","",""
RW3,6075,10/24/2023 18:50,19.22,0,"","","",""
RW3,6076,10/24/2023 18:55,19.22,0,"","","",""
RW3,6077,10/24/2023 19:00,19.17,0,"","","",""
RW3,6078,10/24/2023 19:05,19.17,0,"","","",""
RW3,6079,10/24/2023 19:10,19.17,0,"","","",""
RW3,6080,10/24/2023 19:15,19.13,0,"","","",""
RW3,6081,10/24/2023 19:20,19.22,0,"","","",""
RW3,6082,10/24/2023 19:25,19.13,0,"","","",""
RW3,6083,10/24/2023 19:30,19.17,0,"","","",""
RW3,6084,10/24/2023 19:35,19.13,0,"","","",""
RW3,6085,10/24/2023 19:40,19.17,0,"","","",""
RW3,6086,10/24/2023 19:45,19.13,0,"","","",""
RW3,6087,10/24/2023 19:50,19.13,0,"","","",""
RW3,6088,10/24/2023 19:55,19.13,0,"","","",""
RW3,6089,10/24/2023 20:00,19.09,0,"","","",""
RW3,6090,10/24/2023 20:05,19.13,0,"","","",""
RW3,6091,10/24/2023 20:10,19.09,0,"","","",""
RW3,6092,10/24/2023 20:15,19.13,0,"","","",""
RW3,6093,10/24/2023 20:20,19.17,0,"","","",""
RW3,6094,10/24/2023 20:25,19.09,0,"","","",""
RW3,6095,10/24/2023 20:30,19.13,0,"","","",""
RW3,6096,10/24/2023 20:35,19.09,0,"","","",""
RW3,6097,10/24/2023 20:40,19.13,0,"","","",""
RW3,6098,10/24/2023 20:45,19.09,0,"","","",""
RW3,6099,10/24/2023 20:50,19.09,0,"","","",""
RW3,6100,10/24/2023 20:55,19.09,0,"","","",""
RW3,6101,10/24/2023 21:00,19.09,0,"","","",""
RW3,6102,10/24/2023 21:05,19.09,0,"","","",""
RW3,6103,10/24/2023 21:10,19.09,0,"","","",""
RW3,6104,10/24/2023 21:15,19.09,0,"","","",""
RW3,6105,10/24/2023 21:20,19.09,0,"","","",""
RW3,6106,10/24/2023 21:25,19.09,0,"","","",""
RW3,6107,10/24/2023 21:30,19.05,0,"","","",""
RW3,6108,10/24/2023 21:35,19.05,0,"","","",""
RW3,6109,10/24/2023 21:40,19.09,0,"","","",""
RW3,6110,10/24/2023 21:45,19.05,0,"","","",""
RW3,6111,10/24/2023 21:50,19.09,0,"","","",""
RW3,6112,10/24/2023 21:55,19.09,0,"","","",""
RW3,6113,10/24/2023 22:00,19,0,"","","",""
RW3,6114,10/24/2023 22:05,19,0,"","","",""
RW3,6115,10/24/2023 22:10,19.05,0,"","","",""
RW3,6116,10/24/2023 22:15,19.05,0,"","","",""
RW3,6117,10/24/2023 22:20,19,0,"","","",""
RW3,6118,10/24/2023 22:25,19,0,"","","",""
RW3,6119,10/24/2023 22:30,19,0,"","","",""
RW3,6120,10/24/2023 22:35,18.96,0,"","","",""
RW3,6121,10/24/2023 22:40,18.92,0,"","","",""
RW3,6122,10/24/2023 22:45,18.83,0,"","","",""
RW3,6183,10/25/2023 3:50,17.97,0,"","","",""
RW3,6184,10/25/2023 3:55,18.53,0,"","","",""
RW3,6185,10/25/2023 4:00,18.74,0,"","","",""
RW3,6186,10/25/2023 4:05,18.92,0,"","","",""
RW3,6187,10/25/2023 4:10,18.87,0,"","","",""
RW3,6188,10/25/2023 4:15,18.96,0,"","","",""
RW3,6189,10/25/2023 4:20,19,0,"","","",""
RW3,6190,10/25/2023 4:25,19,0,"","","",""
RW3,6191,10/25/2023 4:30,19.09,0,"","","",""
RW3,6192,10/25/2023 4:35,19.13,0,"","","",""
RW3,6193,10/25/2023 4:40,19.17,0,"","","",""
RW3,6194,10/25/2023 4:45,19.13,0,"","","",""
RW3,6195,10/25/2023 4:50,19.17,0,"","","",""
RW3,6196,10/25/2023 4:55,19.13,0,"","","",""
RW3,6197,10/25/2023 5:00,19.17,0,"","","",""
RW3,6198,10/25/2023 5:05,19.17,0,"","","",""
RW3,6199,10/25/2023 5:10,19.22,0,"","","",""
RW3,6200,10/25/2023 5:15,19.17,0,"","","",""
RW3,6201,10/25/2023 5:20,19.17,0,"","","",""
RW3,6202,10/25/2023 5:25,19.22,0,"","","",""
RW3,6203,10/25/2023 5:30,19.17,0,"","","",""
RW3,6204,10/25/2023 5:35,19.22,0,"","","",""
RW3,6205,10/25/2023 5:40,19.17,0,"","","",""
RW3,6206,10/25/2023 5:45,19.17,0,"","","",""
RW3,6207,10/25/2023 5:50,19.22,0,"","","",""
RW3,6208,10/25/2023 5:55,19.22,0,"","","",""
RW3,6209,10/25/2023 6:00,19.13,0,"","","",""
RW3,6210,10/25/2023 6:05,19.22,0,"","","",""
RW3,6211,10/25/2023 6:10,19.22,0,"","","",""
RW3,6212,10/25/2023 6:15,19.26,0,"","","",""
RW3,6213,10/25/2023 6:20,19.22,0,"","","",""
RW3,6214,10/25/2023 6:25,19.22,0,"","","",""
RW3,6215,10/25/2023 6:30,19.26,0,"","","",""
RW3,6216,10/25/2023 6:35,19.26,0,"","","",""
RW3,6217,10/25/2023 6:40,19.26,0,"","","",""
RW3,6218,10/25/2023 6:45,19.3,0.43,"","","",""
RW3,6219,10/25/2023 6:50,19.26,0,"","","",""
RW3,6220,10/25/2023 6:55,19.3,1.95,"","","",""
RW3,6221,10/25/2023 7:00,19.22,6.94,"","","",""
RW3,6222,10/25/2023 7:05,19.26,2.38,"","","",""
RW3,6223,10/25/2023 7:10,19.3,23.87,"","","",""
RW3,6224,10/25/2023 7:15,19.3,0,"","","",""
RW3,6225,10/25/2023 7:20,19.26,3.03,"","","",""
RW3,6226,10/25/2023 7:25,19.26,67.06,"","","",""
RW3,6227,10/25/2023 7:30,19.3,11.93,"","","",""
RW3,6228,10/25/2023 7:35,19.3,187.52,"","","",""
RW3,6229,10/25/2023 7:40,19.26,158.64,"","","",""
RW3,6230,10/25/2023 7:45,19.26,86.24,"","","",""
RW3,6231,10/25/2023 7:50,19.26,22.38,"","","",""
RW3,6232,10/25/2023 7:55,19.35,451.84,"","","",""
RW3,6233,10/25/2023 8:00,19.35,32.23,"","","",""
RW3,6234,10/25/2023 8:05,19.3,4.12,"","","",""
RW3,6235,10/25/2023 8:10,19.3,220.72,"","","",""
RW3,6236,10/25/2023 8:15,19.3,13.26,"","","",""
RW3,6237,10/25/2023 8:20,19.3,45.68,"","","",""
RW3,6238,10/25/2023 8:25,19.3,711.36,"","","",""
RW3,6239,10/25/2023 8:30,19.3,469.12,"","","",""
RW3,6240,10/25/2023 8:35,19.3,13.24,"","","",""
RW3,6241,10/25/2023 8:40,19.3,460.48,"","","",""
RW3,6242,10/25/2023 8:45,19.3,1286.4,"","","",""
RW3,6243,10/25/2023 8:50,19.3,117.84,"","","",""
RW3,6244,10/25/2023 8:55,19.3,1212.8,"","","",""
RW3,6245,10/25/2023 9:00,19.3,437.12,"","","",""
RW3,6246,10/25/2023 9:05,19.35,102.96,"","","",""
RW3,6247,10/25/2023 9:10,19.3,2387.2,"","","",""
RW3,6248,10/25/2023 9:15,19.3,3.68,"","","",""
RW3,6249,10/25/2023 9:20,19.35,568.96,"","","",""
RW3,6250,10/25/2023 9:25,19.35,2362.88,"","","",""
RW3,6251,10/25/2023 9:30,19.35,24.36,"","","",""
RW3,6252,10/25/2023 9:35,19.35,307.28,"","","",""
RW3,6253,10/25/2023 9:40,19.35,33.31,"","","",""
RW3,6254,10/25/2023 9:45,19.39,831.68,"","","",""
RW3,6255,10/25/2023 9:50,19.35,216.4,"","","",""
RW3,6256,10/25/2023 9:55,19.39,26.75,"","","",""
RW3,6257,10/25/2023 10:00,19.35,1097.28,"","","",""
RW3,6258,10/25/2023 10:05,19.35,2194.56,"","","",""
RW3,6259,10/25/2023 10:10,19.35,1500.8,"","","",""
RW3,6260,10/25/2023 10:15,19.39,6548.48,"","","",""
RW3,6261,10/25/2023 10:20,19.43,856.64,"","","",""
RW3,6262,10/25/2023 10:25,19.43,2352.64,"","","",""
RW3,6263,10/25/2023 10:30,19.43,829.12,"","","",""
RW3,6264,10/25/2023 10:35,19.43,60.54,"","","",""
RW3,6265,10/25/2023 10:40,19.39,83.32,"","","",""
RW3,6266,10/25/2023 10:45,19.47,4892.16,"","","",""
RW3,6267,10/25/2023 10:50,19.43,7383.04,"","","",""
RW3,6268,10/25/2023 10:55,19.43,79.44,"","","",""
RW3,6269,10/25/2023 11:00,19.43,3448.32,"","","",""
RW3,6270,10/25/2023 11:05,19.47,2353.28,"","","",""
RW3,6271,10/25/2023 11:10,19.52,167.76,"","","",""
RW3,6272,10/25/2023 11:15,19.52,266.32,"","","",""
RW3,6273,10/25/2023 11:20,19.73,3100.16,"","","",""
RW3,6274,10/25/2023 11:25,19.77,567.36,"","","",""
RW3,6275,10/25/2023 11:30,19.6,270.4,"","","",""
RW3,6276,10/25/2023 11:35,19.69,882.88,"","","",""
RW3,6277,10/25/2023 11:40,19.73,265.6,"","","",""
RW3,6278,10/25/2023 11:45,19.86,302.72,"","","",""
RW3,6279,10/25/2023 11:50,19.95,188.8,"","","",""
RW3,6280,10/25/2023 11:55,20.12,1573.12,"","","",""
RW3,6281,10/25/2023 12:00,20.55,1581.44,"","","",""
RW3,6318,10/25/2023 15:05,24.32,1090.24,"","","",""
RW3,6319,10/25/2023 15:10,23.76,820.8,"","","",""
RW3,6320,10/25/2023 15:15,23.29,853.76,"","","",""
RW3,6321,10/25/2023 15:20,21.28,173.6,"","","",""
RW3,6322,10/25/2023 15:25,21.19,426.72,"","","",""
RW3,6323,10/25/2023 15:30,21.28,773.44,"","","",""
RW3,6324,10/25/2023 15:35,21.1,442.24,"","","",""
RW3,6325,10/25/2023 15:40,21.1,218.96,"","","",""
RW3,6326,10/25/2023 15:45,20.93,1992.96,"","","",""
RW3,6327,10/25/2023 15:50,20.85,393.28,"","","",""
RW3,6328,10/25/2023 15:55,20.85,509.92,"","","",""
RW3,6329,10/25/2023 16:00,20.68,1165.76,"","","",""
RW3,6330,10/25/2023 16:05,20.55,108.72,"","","",""
RW3,6331,10/25/2023 16:10,20.5,215.04,"","","",""
RW3,6332,10/25/2023 16:15,20.46,239.36,"","","",""
RW3,6333,10/25/2023 16:20,20.42,1381.76,"","","",""
RW3,6334,10/25/2023 16:25,20.42,48.44,"","","",""
RW3,6335,10/25/2023 16:30,20.33,115,"","","",""
RW3,6336,10/25/2023 16:35,20.33,1530.24,"","","",""
RW3,6337,10/25/2023 16:40,20.33,439.68,"","","",""
RW3,6338,10/25/2023 16:45,20.33,829.76,"","","",""
RW3,6339,10/25/2023 16:50,20.33,1115.52,"","","",""
RW3,6340,10/25/2023 16:55,20.25,2124.8,"","","",""
RW3,6341,10/25/2023 17:00,20.29,1301.44,"","","",""
RW3,6342,10/25/2023 17:05,20.29,1447.68,"","","",""
RW3,6343,10/25/2023 17:10,20.25,481.28,"","","",""
RW3,6344,10/25/2023 17:15,20.2,28.86,"","","",""
RW3,6345,10/25/2023 17:20,20.2,105.56,"","","",""
RW3,6346,10/25/2023 17:25,20.16,25.72,"","","",""
RW3,6347,10/25/2023 17:30,20.16,121.2,"","","",""
RW3,6348,10/25/2023 17:35,20.16,77.58,"","","",""
RW3,6349,10/25/2023 17:40,20.2,14.32,"","","",""
RW3,6350,10/25/2023 17:45,20.2,2.17,"","","",""
RW3,6351,10/25/2023 17:50,20.12,67.06,"","","",""
RW3,6352,10/25/2023 17:55,20.16,129.88,"","","",""
RW3,6353,10/25/2023 18:00,20.12,7.16,"","","",""
RW3,6354,10/25/2023 18:05,20.12,0.86,"","","",""
RW3,6355,10/25/2023 18:10,20.12,14.75,"","","",""
RW3,6356,10/25/2023 18:15,20.12,3.25,"","","",""
RW3,6357,10/25/2023 18:20,20.16,0,"","","",""
RW3,6358,10/25/2023 18:25,20.12,0,"","","",""
RW3,6359,10/25/2023 18:30,20.12,0,"","","",""
RW3,6360,10/25/2023 18:35,20.12,0,"","","",""
RW3,6361,10/25/2023 18:40,20.12,0,"","","",""
RW3,6362,10/25/2023 18:45,20.12,0,"","","",""
RW3,6363,10/25/2023 18:50,20.07,0,"","","",""
RW3,6364,10/25/2023 18:55,20.07,0,"","","",""
RW3,6365,10/25/2023 19:00,20.07,0,"","","",""
RW3,6366,10/25/2023 19:05,20.03,0,"","","",""
RW3,6367,10/25/2023 19:10,20.07,0,"","","",""
RW3,6368,10/25/2023 19:15,20.03,0,"","","",""
RW3,6369,10/25/2023 19:20,20.07,0,"","","",""
RW3,6370,10/25/2023 19:25,20.07,0,"","","",""
RW3,6371,10/25/2023 19:30,20.07,0,"","","",""
RW3,6372,10/25/2023 19:35,20.03,0,"","","",""
RW3,6373,10/25/2023 19:40,20.03,0,"","","",""
RW3,6374,10/25/2023 19:45,20.07,0,"","","",""
RW3,6375,10/25/2023 19:50,20.03,0,"","","",""
RW3,6376,10/25/2023 19:55,20.03,0,"","","",""
RW3,6377,10/25/2023 20:00,20.03,0,"","","",""
RW3,6378,10/25/2023 20:05,19.99,0,"","","",""
RW3,6379,10/25/2023 20:10,20.03,0,"","","",""
RW3,6380,10/25/2023 20:15,20.03,0,"","","",""
RW3,6381,10/25/2023 20:20,20.03,0,"","","",""
RW3,6382,10/25/2023 20:25,20.03,0,"","","",""
RW3,6383,10/25/2023 20:30,20.03,0,"","","",""
RW3,6384,10/25/2023 20:35,19.99,0,"","","",""
RW3,6385,10/25/2023 20:40,20.03,0,"","","",""
RW3,6386,10/25/2023 20:45,19.99,0,"","","",""
RW3,6387,10/25/2023 20:50,20.03,0,"","","",""
RW3,6388,10/25/2023 20:55,19.95,0,"","","",""
RW3,6389,10/25/2023 21:00,20.03,0,"","","",""
RW3,6390,10/25/2023 21:05,19.99,0,"","","",""
RW3,6391,10/25/2023 21:10,19.99,0,"","","",""
RW3,6392,10/25/2023 21:15,19.95,0,"","","",""
RW3,6393,10/25/2023 21:20,19.95,0,"","","",""
RW3,6394,10/25/2023 21:25,20.03,0,"","","",""
RW3,6395,10/25/2023 21:30,20.03,0,"","","",""
RW3,6396,10/25/2023 21:35,19.95,0,"","","",""
RW3,6397,10/25/2023 21:40,19.95,0,"","","",""
RW3,6398,10/25/2023 21:45,19.95,0,"","","",""
RW3,6399,10/25/2023 21:50,19.9,0,"","","",""
RW3,6400,10/25/2023 21:55,19.9,0,"","","",""
RW3,6401,10/25/2023 22:00,19.9,0,"","","",""
RW3,6402,10/25/2023 22:05,19.9,0,"","","",""
RW3,6403,10/25/2023 22:10,19.9,0,"","","",""
RW3,6404,10/25/2023 22:15,19.9,0,"","","",""
RW3,6405,10/25/2023 22:20,19.86,0,"","","",""
RW3,6406,10/25/2023 22:25,19.9,0,"","","",""
RW3,6407,10/25/2023 22:30,19.86,0,"","","",""
RW3,6408,10/25/2023 22:35,19.82,0,"","","",""
RW3,6409,10/25/2023 22:40,19.86,0,"","","",""
RW3,6410,10/25/2023 22:45,19.77,0,"","","",""
RW3,6411,10/25/2023 22:50,19.73,0,"","","",""
RW3,6412,10/25/2023 22:55,19.69,0,"","","",""
RW3,6413,10/25/2023 23:00,19.69,0,"","","",""
RW3,6414,10/25/2023 23:05,19.43,0,"","","",""
RW3,6415,10/25/2023 23:10,18.4,0,"","","",""
RW3,6416,10/25/2023 23:15,17.84,0,"","","",""
RW3,6417,10/25/2023 23:20,16.94,0,"","","",""
RW3,6475,10/26/2023 4:10,16.39,0,"","","",""
RW3,6476,10/26/2023 4:15,16.56,0,"","","",""
RW3,6477,10/26/2023 4:20,16.81,0,"","","",""
RW3,6478,10/26/2023 4:25,18.4,0,"","","",""
RW3,6479,10/26/2023 4:30,18.92,0,"","","",""
RW3,6480,10/26/2023 4:35,19.05,0,"","","",""
RW3,6481,10/26/2023 4:40,19.09,0,"","","",""
RW3,6482,10/26/2023 4:45,19.22,0,"","","",""
RW3,6483,10/26/2023 4:50,19.22,0,"","","",""
RW3,6484,10/26/2023 4:55,19.3,0,"","","",""
RW3,6485,10/26/2023 5:00,19.39,0,"","","",""
RW3,6486,10/26/2023 5:05,19.35,0,"","","",""
RW3,6487,10/26/2023 5:10,19.39,0,"","","",""
RW3,6488,10/26/2023 5:15,19.39,0,"","","",""
RW3,6489,10/26/2023 5:20,19.43,0,"","","",""
RW3,6490,10/26/2023 5:25,19.43,0,"","","",""
RW3,6491,10/26/2023 5:30,19.47,0,"","","",""
RW3,6492,10/26/2023 5:35,19.43,0,"","","",""
RW3,6493,10/26/2023 5:40,19.47,0,"","","",""
RW3,6494,10/26/2023 5:45,19.43,0,"","","",""
RW3,6495,10/26/2023 5:50,19.43,0,"","","",""
RW3,6496,10/26/2023 5:55,19.47,0,"","","",""
RW3,6497,10/26/2023 6:00,19.52,0,"","","",""
RW3,6498,10/26/2023 6:05,19.52,0,"","","",""
RW3,6499,10/26/2023 6:10,19.52,0,"","","",""
RW3,6500,10/26/2023 6:15,19.52,0,"","","",""
RW3,6501,10/26/2023 6:20,19.52,0,"","","",""
RW3,6502,10/26/2023 6:25,19.52,0,"","","",""
RW3,6503,10/26/2023 6:30,19.52,0,"","","",""
RW3,6504,10/26/2023 6:35,19.52,0,"","","",""
RW3,6505,10/26/2023 6:40,19.52,0,"","","",""
RW3,6506,10/26/2023 6:45,19.52,0,"","","",""
RW3,6507,10/26/2023 6:50,19.52,0.65,"","","",""
RW3,6508,10/26/2023 6:55,19.47,1.51,"","","",""
RW3,6509,10/26/2023 7:00,19.47,48.78,"","","",""
RW3,6510,10/26/2023 7:05,19.43,9.76,"","","",""
RW3,6511,10/26/2023 7:10,19.43,4.99,"","","",""
RW3,6512,10/26/2023 7:15,19.43,4.55,"","","",""
RW3,6513,10/26/2023 7:20,19.43,67.06,"","","",""
RW3,6514,10/26/2023 7:25,19.43,245.92,"","","",""
RW3,6515,10/26/2023 7:30,19.47,120.24,"","","",""
RW3,6516,10/26/2023 7:35,19.43,65.76,"","","",""
RW3,6517,10/26/2023 7:40,19.43,109.04,"","","",""
RW3,6518,10/26/2023 7:45,19.39,765.76,"","","",""
RW3,6519,10/26/2023 7:50,19.39,0.86,"","","",""
RW3,6520,10/26/2023 7:55,19.43,1337.6,"","","",""
RW3,6521,10/26/2023 8:00,19.39,264.32,"","","",""
RW3,6522,10/26/2023 8:05,19.35,6.51,"","","",""
RW3,6523,10/26/2023 8:10,19.39,1199.68,"","","",""
RW3,6524,10/26/2023 8:15,19.39,588.64,"","","",""
RW3,6525,10/26/2023 8:20,19.39,398.4,"","","",""
RW3,6526,10/26/2023 8:25,19.43,131.72,"","","",""
RW3,6527,10/26/2023 8:30,19.43,126.4,"","","",""
RW3,6528,10/26/2023 8:35,19.39,2600.96,"","","",""
RW3,6529,10/26/2023 8:40,19.39,1856,"","","",""
RW3,6530,10/26/2023 8:45,19.43,1114.56,"","","",""
RW3,6531,10/26/2023 8:50,19.39,1017.92,"","","",""
RW3,6532,10/26/2023 8:55,19.3,2743.04,"","","",""
RW3,6533,10/26/2023 9:00,19.22,736,"","","",""
RW3,6534,10/26/2023 9:05,19.3,1841.92,"","","",""
RW3,6535,10/26/2023 9:10,19.3,2269.44,"","","",""
RW3,6536,10/26/2023 9:15,19.3,109.28,"","","",""
RW3,6537,10/26/2023 9:20,19.35,537.28,"","","",""
RW3,6538,10/26/2023 9:25,19.3,952.64,"","","",""
RW3,6539,10/26/2023 9:30,19.39,3136,"","","",""
RW3,6540,10/26/2023 9:35,19.35,1084.16,"","","",""
RW3,6541,10/26/2023 9:40,19.35,712.96,"","","",""
RW3,6542,10/26/2023 9:45,19.35,1882.88,"","","",""
RW3,6543,10/26/2023 9:50,19.43,1280.32,"","","",""
RW3,6544,10/26/2023 9:55,19.35,2408.32,"","","",""
RW3,6545,10/26/2023 10:00,19.35,496.16,"","","",""
RW3,6546,10/26/2023 10:05,19.43,1156.16,"","","",""
RW3,6547,10/26/2023 10:10,19.35,26275.84,"","","",""
RW3,6548,10/26/2023 10:15,19.39,987.84,"","","",""
RW3,6549,10/26/2023 10:20,19.43,649.28,"","","",""
RW3,6550,10/26/2023 10:25,19.43,10680.32,"","","",""
RW3,6551,10/26/2023 10:30,19.52,19128.32,"","","",""
RW3,6552,10/26/2023 10:35,19.47,2050.56,"","","",""
RW3,6553,10/26/2023 10:40,19.52,6440.96,"","","",""
RW3,6554,10/26/2023 10:45,19.56,1682.56,"","","",""
RW3,6555,10/26/2023 10:50,19.73,6156.8,"","","",""
RW3,6556,10/26/2023 10:55,19.73,2326.4,"","","",""
RW3,6557,10/26/2023 11:00,19.86,3246.08,"","","",""
RW3,6558,10/26/2023 11:05,19.86,844.48,"","","",""
RW3,6559,10/26/2023 11:10,19.86,373.28,"","","",""
RW3,6560,10/26/2023 11:15,19.86,850.24,"","","",""
RW3,6561,10/26/2023 11:20,19.99,12067.84,"","","",""
RW3,6562,10/26/2023 11:25,20.2,1042.56,"","","",""
RW3,6563,10/26/2023 11:30,20.29,3249.92,"","","",""
RW3,6564,10/26/2023 11:35,20.29,4746.24,"","","",""
RW3,6565,10/26/2023 11:40,20.63,1655.68,"","","",""
RW3,6566,10/26/2023 11:45,21.32,14167.04,"","","",""
RW3,6567,10/26/2023 11:50,20.63,920.96,"","","",""
RW3,6568,10/26/2023 11:55,20.46,353.76,"","","",""
RW3,6569,10/26/2023 12:00,20.76,808,"","","",""
RW3,6570,10/26/2023 12:05,21.1,1058.24,"","","",""
RW3,6571,10/26/2023 12:10,21.28,1334.4,"","","",""
RW3,6572,10/26/2023 12:15,21.49,1687.68,"","","",""
RW3,6623,10/26/2023 16:30,19.17,99.4,"","","",""
RW3,6624,10/26/2023 16:35,19.13,92.24,"","","",""
RW3,6625,10/26/2023 16:40,19.3,86.92,"","","",""
RW3,6626,10/26/2023 16:45,19.65,95.92,"","","",""
RW3,6627,10/26/2023 16:50,20.16,5788.16,"","","",""
RW3,6628,10/26/2023 16:55,19.95,39.06,"","","",""
RW3,6629,10/26/2023 17:00,19.95,1110.4,"","","",""
RW3,6630,10/26/2023 17:05,19.86,23.27,"","","",""
RW3,6631,10/26/2023 17:10,19.82,22.79,"","","",""
RW3,6632,10/26/2023 17:15,19.73,262.8,"","","",""
RW3,6633,10/26/2023 17:20,19.77,52.9,"","","",""
RW3,6634,10/26/2023 17:25,19.73,860.8,"","","",""
RW3,6635,10/26/2023 17:30,19.73,414.56,"","","",""
RW3,6636,10/26/2023 17:35,19.69,1163.2,"","","",""
RW3,6637,10/26/2023 17:40,19.65,155.4,"","","",""
RW3,6638,10/26/2023 17:45,19.65,8.68,"","","",""
RW3,6639,10/26/2023 17:50,19.65,6.29,"","","",""
RW3,6640,10/26/2023 17:55,19.6,131.64,"","","",""
RW3,6641,10/26/2023 18:00,19.6,50.08,"","","",""
RW3,6642,10/26/2023 18:05,19.56,3.25,"","","",""
RW3,6643,10/26/2023 18:10,19.52,5.2,"","","",""
RW3,6644,10/26/2023 18:15,19.52,1.08,"","","",""
RW3,6645,10/26/2023 18:20,19.56,0,"","","",""
RW3,6646,10/26/2023 18:25,19.56,2.17,"","","",""
RW3,6647,10/26/2023 18:30,19.47,0,"","","",""
RW3,6648,10/26/2023 18:35,19.52,0,"","","",""
RW3,6649,10/26/2023 18:40,19.47,0,"","","",""
RW3,6650,10/26/2023 18:45,19.43,0,"","","",""
RW3,6651,10/26/2023 18:50,19.39,0,"","","",""
RW3,6652,10/26/2023 18:55,19.39,0,"","","",""
RW3,6653,10/26/2023 19:00,19.35,0,"","","",""
RW3,6654,10/26/2023 19:05,19.3,0,"","","",""
RW3,6655,10/26/2023 19:10,19.22,0,"","","",""
RW3,6656,10/26/2023 19:15,19.3,0,"","","",""
RW3,6657,10/26/2023 19:20,19.22,0,"","","",""
RW3,6658,10/26/2023 19:25,19.13,0,"","","",""
RW3,6659,10/26/2023 19:30,19.17,0,"","","",""
RW3,6660,10/26/2023 19:35,19.17,0,"","","",""
RW3,6661,10/26/2023 19:40,19.13,0,"","","",""
RW3,6662,10/26/2023 19:45,19.17,0,"","","",""
RW3,6663,10/26/2023 19:50,19.09,0,"","","",""
RW3,6664,10/26/2023 19:55,19.09,0,"","","",""
RW3,6665,10/26/2023 20:00,19.09,0,"","","",""
RW3,6666,10/26/2023 20:05,19.05,0,"","","",""
RW3,6667,10/26/2023 20:10,19,0,"","","",""
RW3,6668,10/26/2023 20:15,18.92,0,"","","",""
RW3,6669,10/26/2023 20:20,18.92,0,"","","",""
RW3,6670,10/26/2023 20:25,18.92,0,"","","",""
RW3,6671,10/26/2023 20:30,18.79,0,"","","",""
RW3,6672,10/26/2023 20:35,18.83,0,"","","",""
RW3,6673,10/26/2023 20:40,18.79,0,"","","",""
RW3,6674,10/26/2023 20:45,18.79,0,"","","",""
RW3,6675,10/26/2023 20:50,18.7,0,"","","",""
RW3,6676,10/26/2023 20:55,18.74,0,"","","",""
RW3,6677,10/26/2023 21:00,18.74,0,"","","",""
RW3,6678,10/26/2023 21:05,18.7,0,"","","",""
RW3,6679,10/26/2023 21:10,18.7,0,"","","",""
RW3,6680,10/26/2023 21:15,18.66,0,"","","",""
RW3,6681,10/26/2023 21:20,18.66,0,"","","",""
RW3,6682,10/26/2023 21:25,18.57,0,"","","",""
RW3,6683,10/26/2023 21:30,18.57,0,"","","",""
RW3,6684,10/26/2023 21:35,18.57,0,"","","",""
RW3,6685,10/26/2023 21:40,18.57,0,"","","",""
RW3,6686,10/26/2023 21:45,18.57,0,"","","",""
RW3,6687,10/26/2023 21:50,18.57,0,"","","",""
RW3,6688,10/26/2023 21:55,18.53,0,"","","",""
RW3,6689,10/26/2023 22:00,18.57,0,"","","",""
RW3,6690,10/26/2023 22:05,18.49,0,"","","",""
RW3,6691,10/26/2023 22:10,18.49,0,"","","",""
RW3,6692,10/26/2023 22:15,18.44,0,"","","",""
RW3,6693,10/26/2023 22:20,18.49,0,"","","",""
RW3,6694,10/26/2023 22:25,18.44,0,"","","",""
RW3,6695,10/26/2023 22:30,18.44,0,"","","",""
RW3,6696,10/26/2023 22:35,18.44,0,"","","",""
RW3,6697,10/26/2023 22:40,18.44,0,"","","",""
RW3,6698,10/26/2023 22:45,18.4,0,"","","",""
RW3,6699,10/26/2023 22:50,18.44,0,"","","",""
RW3,6700,10/26/2023 22:55,18.44,0,"","","",""
RW3,6701,10/26/2023 23:00,18.4,0,"","","",""
RW3,6702,10/26/2023 23:05,18.36,0,"","","",""
RW3,6703,10/26/2023 23:10,18.36,0,"","","",""
RW3,6704,10/26/2023 23:15,18.36,0,"","","",""
RW3,6705,10/26/2023 23:20,18.36,0,"","","",""
RW3,6706,10/26/2023 23:25,18.32,0,"","","",""
RW3,6707,10/26/2023 23:30,18.27,0,"","","",""
RW3,6708,10/26/2023 23:35,18.32,0,"","","",""
RW3,6709,10/26/2023 23:40,18.27,0,"","","",""
RW3,6710,10/26/2023 23:45,18.23,0,"","","",""
RW3,6711,10/26/2023 23:50,18.14,0,"","","",""
RW3,6712,10/26/2023 23:55,18.1,0,"","","",""
RW3,6713,10/27/2023 0:00,18.02,0,"","","",""
RW3,6714,10/27/2023 0:05,17.8,0,"","","",""
RW3,6767,10/27/2023 4:30,16,0,"","","",""
RW3,6768,10/27/2023 4:35,16.51,0,"","","",""
RW3,6769,10/27/2023 4:40,17.37,0,"","","",""
RW3,6770,10/27/2023 4:45,17.5,0,"","","",""
RW3,6771,10/27/2023 4:50,17.59,0,"","","",""
RW3,6772,10/27/2023 4:55,17.67,0,"","","",""
RW3,6773,10/27/2023 5:00,17.72,0,"","","",""
RW3,6774,10/27/2023 5:05,17.72,0,"","","",""
RW3,6775,10/27/2023 5:10,17.72,0,"","","",""
RW3,6776,10/27/2023 5:15,17.8,0,"","","",""
RW3,6777,10/27/2023 5:20,17.8,0,"","","",""
RW3,6778,10/27/2023 5:25,17.84,0,"","","",""
RW3,6779,10/27/2023 5:30,17.89,0,"","","",""
RW3,6780,10/27/2023 5:35,17.89,0,"","","",""
RW3,6781,10/27/2023 5:40,17.89,0,"","","",""
RW3,6782,10/27/2023 5:45,17.84,0,"","","",""
RW3,6783,10/27/2023 5:50,17.89,0,"","","",""
RW3,6784,10/27/2023 5:55,17.89,0,"","","",""
RW3,6785,10/27/2023 6:00,17.84,0,"","","",""
RW3,6786,10/27/2023 6:05,17.8,0,"","","",""
RW3,6787,10/27/2023 6:10,17.84,0,"","","",""
RW3,6788,10/27/2023 6:15,17.8,0,"","","",""
RW3,6789,10/27/2023 6:20,17.76,0,"","","",""
RW3,6790,10/27/2023 6:25,17.8,0,"","","",""
RW3,6791,10/27/2023 6:30,17.76,0,"","","",""
RW3,6792,10/27/2023 6:35,17.8,0,"","","",""
RW3,6793,10/27/2023 6:40,17.72,0,"","","",""
RW3,6794,10/27/2023 6:45,17.76,0,"","","",""
RW3,6795,10/27/2023 6:50,17.67,1.3,"","","",""
RW3,6796,10/27/2023 6:55,17.76,0.21,"","","",""
RW3,6797,10/27/2023 7:00,17.72,11.06,"","","",""
RW3,6798,10/27/2023 7:05,17.76,13.45,"","","",""
RW3,6799,10/27/2023 7:10,17.72,0.86,"","","",""
RW3,6800,10/27/2023 7:15,17.72,53.98,"","","",""
RW3,6801,10/27/2023 7:20,17.72,74,"","","",""
RW3,6802,10/27/2023 7:25,17.76,155.16,"","","",""
RW3,6803,10/27/2023 7:30,17.8,33.07,"","","",""
RW3,6804,10/27/2023 7:35,17.84,177.92,"","","",""
RW3,6805,10/27/2023 7:40,17.76,9.11,"","","",""
RW3,6806,10/27/2023 7:45,17.76,258,"","","",""
RW3,6807,10/27/2023 7:50,17.8,248.48,"","","",""
RW3,6808,10/27/2023 7:55,17.76,30,"","","",""
RW3,6809,10/27/2023 8:00,17.76,94.2,"","","",""
RW3,6810,10/27/2023 8:05,17.63,104.6,"","","",""
RW3,6811,10/27/2023 8:10,17.67,43.12,"","","",""
RW3,6812,10/27/2023 8:15,17.8,108.2,"","","",""
RW3,6813,10/27/2023 8:20,17.8,694.4,"","","",""
RW3,6814,10/27/2023 8:25,17.8,1322.88,"","","",""
RW3,6815,10/27/2023 8:30,17.84,887.68,"","","",""
RW3,6816,10/27/2023 8:35,17.8,556.48,"","","",""
RW3,6817,10/27/2023 8:40,17.76,3329.28,"","","",""
RW3,6818,10/27/2023 8:45,17.8,2281.6,"","","",""
RW3,6819,10/27/2023 8:50,17.67,903.68,"","","",""
RW3,6820,10/27/2023 8:55,17.67,953.28,"","","",""
RW3,6821,10/27/2023 9:00,17.63,592.96,"","","",""
RW3,6822,10/27/2023 9:05,17.63,1123.2,"","","",""
RW3,6823,10/27/2023 9:10,17.5,669.12,"","","",""
RW3,6824,10/27/2023 9:15,17.46,5.2,"","","",""
RW3,6825,10/27/2023 9:20,17.46,1301.44,"","","",""
RW3,6826,10/27/2023 9:25,17.5,2491.52,"","","",""
RW3,6827,10/27/2023 9:30,17.67,1859.2,"","","",""
RW3,6828,10/27/2023 9:35,17.72,449.28,"","","",""
RW3,6829,10/27/2023 9:40,17.67,57.12,"","","",""
RW3,6830,10/27/2023 9:45,17.8,284.32,"","","",""
RW3,6831,10/27/2023 9:50,17.76,215.92,"","","",""
RW3,6832,10/27/2023 9:55,17.76,1342.08,"","","",""
RW3,6833,10/27/2023 10:00,17.8,2803.2,"","","",""
RW3,6834,10/27/2023 10:05,17.84,66.4,"","","",""
RW3,6835,10/27/2023 10:10,17.84,5143.04,"","","",""
RW3,6836,10/27/2023 10:15,17.89,2012.16,"","","",""
RW3,6837,10/27/2023 10:20,17.93,768.96,"","","",""
RW3,6838,10/27/2023 10:25,17.93,540,"","","",""
RW3,6839,10/27/2023 10:30,17.97,1056.32,"","","",""
RW3,6840,10/27/2023 10:35,18.02,1551.36,"","","",""
RW3,6841,10/27/2023 10:40,17.97,519.04,"","","",""
RW3,6842,10/27/2023 10:45,18.02,160.6,"","","",""
RW3,6843,10/27/2023 10:50,18.02,1480.96,"","","",""
RW3,6844,10/27/2023 10:55,18.02,505.6,"","","",""
RW3,6845,10/27/2023 11:00,18.02,405.76,"","","",""
RW3,6846,10/27/2023 11:05,18.1,321.44,"","","",""
RW3,6847,10/27/2023 11:10,18.1,290.4,"","","",""
RW3,6848,10/27/2023 11:15,18.23,684.48,"","","",""
RW3,6849,10/27/2023 11:20,18.23,22620.16,"","","",""
RW3,6850,10/27/2023 11:25,18.32,186.16,"","","",""
RW3,6851,10/27/2023 11:30,18.36,2560.64,"","","",""
RW3,6852,10/27/2023 11:35,18.36,2175.36,"","","",""
RW3,6853,10/27/2023 11:40,18.53,10298.88,"","","",""
RW3,6854,10/27/2023 11:45,18.53,786.88,"","","",""
RW3,6855,10/27/2023 11:50,18.62,905.92,"","","",""
RW3,6856,10/27/2023 11:55,18.62,287.12,"","","",""
RW3,6857,10/27/2023 12:00,18.74,25272.32,"","","",""
RW3,6858,10/27/2023 12:05,18.87,648.48,"","","",""
RW3,6859,10/27/2023 12:10,19.39,2552.32,"","","",""
RW3,6860,10/27/2023 12:15,19.95,2133.76,"","","",""
RW3,6861,10/27/2023 12:20,20.68,2399.36,"","","",""
RW3,6862,10/27/2023 12:25,20.8,2649.6,"","","",""
RW3,6863,10/27/2023 12:30,20.46,1596.16,"","","",""
RW3,6864,10/27/2023 12:35,21.45,1601.28,"","","",""
RW3,6925,10/27/2023 17:40,17.84,70.32,"","","",""
RW3,6926,10/27/2023 17:45,17.72,58.44,"","","",""
RW3,6927,10/27/2023 17:50,18.06,42.58,"","","",""
RW3,6928,10/27/2023 17:55,18.66,21.05,"","","",""
RW3,6929,10/27/2023 18:00,18.92,59.46,"","","",""
RW3,6930,10/27/2023 18:05,19.05,1.3,"","","",""
RW3,6931,10/27/2023 18:10,19.09,36.62,"","","",""
RW3,6932,10/27/2023 18:15,19.13,1.51,"","","",""
RW3,6933,10/27/2023 18:20,19.13,0,"","","",""
RW3,6934,10/27/2023 18:25,19.17,3.47,"","","",""
RW3,6935,10/27/2023 18:30,19.17,0,"","","",""
RW3,6936,10/27/2023 18:35,19.22,0,"","","",""
RW3,6937,10/27/2023 18:40,19.17,0,"","","",""
RW3,6938,10/27/2023 18:45,19.17,0,"","","",""
RW3,6939,10/27/2023 18:50,19.17,0,"","","",""
RW3,6940,10/27/2023 18:55,19.17,0,"","","",""
RW3,6941,10/27/2023 19:00,19.13,0,"","","",""
RW3,6942,10/27/2023 19:05,19.13,0,"","","",""
RW3,6943,10/27/2023 19:10,19.13,0,"","","",""
RW3,6944,10/27/2023 19:15,19.09,0,"","","",""
RW3,6945,10/27/2023 19:20,19.09,0,"","","",""
RW3,6946,10/27/2023 19:25,19.09,0,"","","",""
RW3,6947,10/27/2023 19:30,19.09,0,"","","",""
RW3,6948,10/27/2023 19:35,19.13,0,"","","",""
RW3,6949,10/27/2023 19:40,19.05,0,"","","",""
RW3,6950,10/27/2023 19:45,19.09,0,"","","",""
RW3,6951,10/27/2023 19:50,19.09,0,"","","",""
RW3,6952,10/27/2023 19:55,19.05,0,"","","",""
RW3,6953,10/27/2023 20:00,19.05,0,"","","",""
RW3,6954,10/27/2023 20:05,19.05,0,"","","",""
RW3,6955,10/27/2023 20:10,19.05,0,"","","",""
RW3,6956,10/27/2023 20:15,19.09,0,"","","",""
RW3,6957,10/27/2023 20:20,19.05,0,"","","",""
RW3,6958,10/27/2023 20:25,19,0,"","","",""
RW3,6959,10/27/2023 20:30,19.05,0,"","","",""
RW3,6960,10/27/2023 20:35,18.96,0,"","","",""
RW3,6961,10/27/2023 20:40,19,0,"","","",""
RW3,6962,10/27/2023 20:45,18.96,0,"","","",""
RW3,6963,10/27/2023 20:50,18.96,0,"","","",""
RW3,6964,10/27/2023 20:55,19,0,"","","",""
RW3,6965,10/27/2023 21:00,18.96,0,"","","",""
RW3,6966,10/27/2023 21:05,18.96,0,"","","",""
RW3,6967,10/27/2023 21:10,18.96,0,"","","",""
RW3,6968,10/27/2023 21:15,18.92,0,"","","",""
RW3,6969,10/27/2023 21:20,18.92,0,"","","",""
RW3,6970,10/27/2023 21:25,18.96,0,"","","",""
RW3,6971,10/27/2023 21:30,18.96,0,"","","",""
RW3,6972,10/27/2023 21:35,18.92,0,"","","",""
RW3,6973,10/27/2023 21:40,18.87,0,"","","",""
RW3,6974,10/27/2023 21:45,18.83,0,"","","",""
RW3,6975,10/27/2023 21:50,18.87,0,"","","",""
RW3,6976,10/27/2023 21:55,18.83,0,"","","",""
RW3,6977,10/27/2023 22:00,18.87,0,"","","",""
RW3,6978,10/27/2023 22:05,18.87,0,"","","",""
RW3,6979,10/27/2023 22:10,18.87,0,"","","",""
RW3,6980,10/27/2023 22:15,18.87,0,"","","",""
RW3,6981,10/27/2023 22:20,18.83,0,"","","",""
RW3,6982,10/27/2023 22:25,18.87,0,"","","",""
RW3,6983,10/27/2023 22:30,18.83,0,"","","",""
RW3,6984,10/27/2023 22:35,18.83,0,"","","",""
RW3,6985,10/27/2023 22:40,18.83,0,"","","",""
RW3,6986,10/27/2023 22:45,18.83,0,"","","",""
RW3,6987,10/27/2023 22:50,18.83,0,"","","",""
RW3,6988,10/27/2023 22:55,18.83,0,"","","",""
RW3,6989,10/27/2023 23:00,18.83,0,"","","",""
RW3,6990,10/27/2023 23:05,18.83,0,"","","",""
RW3,6991,10/27/2023 23:10,18.87,0,"","","",""
RW3,6992,10/27/2023 23:15,18.79,0,"","","",""
RW3,6993,10/27/2023 23:20,18.79,0,"","","",""
RW3,6994,10/27/2023 23:25,18.79,0,"","","",""
RW3,6995,10/27/2023 23:30,18.79,0,"","","",""
RW3,6996,10/27/2023 23:35,18.74,0,"","","",""
RW3,6997,10/27/2023 23:40,18.7,0,"","","",""
RW3,6998,10/27/2023 23:45,18.74,0,"","","",""
RW3,6999,10/27/2023 23:50,18.74,0,"","","",""
RW3,7000,10/27/2023 23:55,18.74,0,"","","",""
RW3,7001,10/28/2023 0:00,18.7,0,"","","",""
RW3,7002,10/28/2023 0:05,18.7,0,"","","",""
RW3,7003,10/28/2023 0:10,18.7,0,"","","",""
RW3,7004,10/28/2023 0:15,18.62,0,"","","",""
RW3,7005,10/28/2023 0:20,18.62,0,"","","",""
RW3,7006,10/28/2023 0:25,18.57,0,"","","",""
RW3,7007,10/28/2023 0:30,18.49,0,"","","",""
RW3,7008,10/28/2023 0:35,18.4,0,"","","",""
RW3,7009,10/28/2023 0:40,18.27,0,"","","",""
RW3,7010,10/28/2023 0:45,18.02,0,"","","",""
RW3,7011,10/28/2023 0:50,17.89,0,"","","",""
RW3,7012,10/28/2023 0:55,16.94,0,"","","",""
RW3,7057,10/28/2023 4:40,13.77,0,"","","",""
RW3,7058,10/28/2023 4:45,13.73,0,"","","",""
RW3,7059,10/28/2023 4:50,14.88,0,"","","",""
RW3,7060,10/28/2023 4:55,16.69,0,"","","",""
RW3,7061,10/28/2023 5:00,17.63,0,"","","",""
RW3,7062,10/28/2023 5:05,17.84,0,"","","",""
RW3,7063,10/28/2023 5:10,18.06,0,"","","",""
RW3,7064,10/28/2023 5:15,18.1,0,"","","",""
RW3,7065,10/28/2023 5:20,18.23,0,"","","",""
RW3,7066,10/28/2023 5:25,18.19,0,"","","",""
RW3,7067,10/28/2023 5:30,18.23,0,"","","",""
RW3,7068,10/28/2023 5:35,18.27,0,"","","",""
RW3,7069,10/28/2023 5:40,18.23,0,"","","",""
RW3,7070,10/28/2023 5:45,18.23,0,"","","",""
RW3,7071,10/28/2023 5:50,18.23,0,"","","",""
RW3,7072,10/28/2023 5:55,18.23,0,"","","",""
RW3,7073,10/28/2023 6:00,18.23,0,"","","",""
RW3,7074,10/28/2023 6:05,18.23,0,"","","",""
RW3,7075,10/28/2023 6:10,18.19,0,"","","",""
RW3,7076,10/28/2023 6:15,18.14,0,"","","",""
RW3,7077,10/28/2023 6:20,18.14,0,"","","",""
RW3,7078,10/28/2023 6:25,18.1,0,"","","",""
RW3,7079,10/28/2023 6:30,18.06,0,"","","",""
RW3,7080,10/28/2023 6:35,18.14,0,"","","",""
RW3,7081,10/28/2023 6:40,18.06,0,"","","",""
RW3,7082,10/28/2023 6:45,17.97,0,"","","",""
RW3,7083,10/28/2023 6:50,17.97,0,"","","",""
RW3,7084,10/28/2023 6:55,17.97,0,"","","",""
RW3,7085,10/28/2023 7:00,17.93,0,"","","",""
RW3,7086,10/28/2023 7:05,17.8,0.86,"","","",""
RW3,7087,10/28/2023 7:10,17.8,40.48,"","","",""
RW3,7088,10/28/2023 7:15,17.72,71.46,"","","",""
RW3,7089,10/28/2023 7:20,17.8,51.38,"","","",""
RW3,7090,10/28/2023 7:25,17.89,6.72,"","","",""
RW3,7091,10/28/2023 7:30,17.76,103.72,"","","",""
RW3,7092,10/28/2023 7:35,17.72,42.64,"","","",""
RW3,7093,10/28/2023 7:40,17.8,81.92,"","","",""
RW3,7094,10/28/2023 7:45,17.89,31.74,"","","",""
RW3,7095,10/28/2023 7:50,17.93,109.8,"","","",""
RW3,7096,10/28/2023 7:55,17.97,29.57,"","","",""
RW3,7097,10/28/2023 8:00,17.84,927.04,"","","",""
RW3,7098,10/28/2023 8:05,17.97,6.72,"","","",""
RW3,7099,10/28/2023 8:10,17.97,9.14,"","","",""
RW3,7100,10/28/2023 8:15,18.06,2204.8,"","","",""
RW3,7101,10/28/2023 8:20,18.02,33.04,"","","",""
RW3,7102,10/28/2023 8:25,17.97,2554.24,"","","",""
RW3,7103,10/28/2023 8:30,17.97,2574.72,"","","",""
RW3,7104,10/28/2023 8:35,17.93,4249.6,"","","",""
RW3,7105,10/28/2023 8:40,17.93,172.72,"","","",""
RW3,7106,10/28/2023 8:45,17.84,1454.08,"","","",""
RW3,7107,10/28/2023 8:50,17.76,552.96,"","","",""
RW3,7108,10/28/2023 8:55,17.67,997.44,"","","",""
RW3,7109,10/28/2023 9:00,17.72,145.52,"","","",""
RW3,7110,10/28/2023 9:05,17.59,10.63,"","","",""
RW3,7111,10/28/2023 9:10,17.59,149.08,"","","",""
RW3,7112,10/28/2023 9:15,17.54,10.2,"","","",""
RW3,7113,10/28/2023 9:20,17.5,3100.16,"","","",""
RW3,7114,10/28/2023 9:25,17.41,2243.2,"","","",""
RW3,7115,10/28/2023 9:30,17.29,184.16,"","","",""
RW3,7116,10/28/2023 9:35,17.29,1527.04,"","","",""
RW3,7117,10/28/2023 9:40,17.24,1351.68,"","","",""
RW3,7118,10/28/2023 9:45,17.16,581.6,"","","",""
RW3,7119,10/28/2023 9:50,17.16,3235.84,"","","",""
RW3,7120,10/28/2023 9:55,17.16,2533.12,"","","",""
RW3,7121,10/28/2023 10:00,17.11,301.04,"","","",""
RW3,7122,10/28/2023 10:05,17.03,3312.64,"","","",""
RW3,7123,10/28/2023 10:10,17.07,17.36,"","","",""
RW3,7124,10/28/2023 10:15,17.11,2599.04,"","","",""
RW3,7125,10/28/2023 10:20,17.11,45.68,"","","",""
RW3,7126,10/28/2023 10:25,17.11,696,"","","",""
RW3,7127,10/28/2023 10:30,17.03,652,"","","",""
RW3,7128,10/28/2023 10:35,17.11,40.64,"","","",""
RW3,7129,10/28/2023 10:40,17.16,2128.64,"","","",""
RW3,7130,10/28/2023 10:45,17.11,2892.8,"","","",""
RW3,7131,10/28/2023 10:50,17.11,1148.48,"","","",""
RW3,7132,10/28/2023 10:55,17.2,666.56,"","","",""
RW3,7133,10/28/2023 11:00,17.2,6420.48,"","","",""
RW3,7134,10/28/2023 11:05,17.29,128.6,"","","",""
RW3,7135,10/28/2023 11:10,17.33,285.36,"","","",""
RW3,7136,10/28/2023 11:15,17.37,13.51,"","","",""
RW3,7137,10/28/2023 11:20,17.5,53.76,"","","",""
RW3,7138,10/28/2023 11:25,17.54,9.98,"","","",""
RW3,7139,10/28/2023 11:30,17.59,51.44,"","","",""
RW3,7140,10/28/2023 11:35,17.54,996.48,"","","",""
RW3,7141,10/28/2023 11:40,17.59,57.56,"","","",""
RW3,7142,10/28/2023 11:45,17.67,1108.48,"","","",""
RW3,7143,10/28/2023 11:50,17.67,1641.6,"","","",""
RW3,7144,10/28/2023 11:55,17.72,8.89,"","","",""
RW3,7145,10/28/2023 12:00,17.76,688.64,"","","",""
RW3,7146,10/28/2023 12:05,17.84,578.08,"","","",""
RW3,7147,10/28/2023 12:10,17.89,50.94,"","","",""
RW3,7148,10/28/2023 12:15,17.97,525.6,"","","",""
RW3,7149,10/28/2023 12:20,18.1,1296,"","","",""
RW3,7150,10/28/2023 12:25,18.1,13777.92,"","","",""
RW3,7151,10/28/2023 12:30,18.14,495.84,"","","",""
RW3,7152,10/28/2023 12:35,18.4,510.4,"","","",""
RW3,7153,10/28/2023 12:40,18.57,22251.52,"","","",""
RW3,7154,10/28/2023 12:45,19.13,13342.72,"","","",""
RW3,7155,10/28/2023 12:50,19.35,1676.8,"","","",""
RW3,7156,10/28/2023 12:55,20.25,5327.36,"","","",""
RW3,7157,10/28/2023 13:00,21.45,4510.72,"","","",""
RW3,7225,10/28/2023 18:40,14.63,0,"","","",""
RW3,7226,10/28/2023 18:45,16.08,0,"","","",""
RW3,7227,10/28/2023 18:50,17.33,0,"","","",""
RW3,7228,10/28/2023 18:55,17.84,0,"","","",""
RW3,7229,10/28/2023 19:00,18.19,0,"","","",""
RW3,7230,10/28/2023 19:05,18.27,0,"","","",""
RW3,7231,10/28/2023 19:10,18.32,0,"","","",""
RW3,7232,10/28/2023 19:15,18.36,0,"","","",""
RW3,7233,10/28/2023 19:20,18.4,0,"","","",""
RW3,7234,10/28/2023 19:25,18.4,0,"","","",""
RW3,7235,10/28/2023 19:30,18.44,0,"","","",""
RW3,7236,10/28/2023 19:35,18.36,0,"","","",""
RW3,7237,10/28/2023 19:40,18.36,0,"","","",""
RW3,7238,10/28/2023 19:45,18.32,0,"","","",""
RW3,7239,10/28/2023 19:50,18.27,0,"","","",""
RW3,7240,10/28/2023 19:55,18.23,0,"","","",""
RW3,7241,10/28/2023 20:00,18.14,0,"","","",""
RW3,7242,10/28/2023 20:05,18.06,0,"","","",""
RW3,7243,10/28/2023 20:10,18.02,0,"","","",""
RW3,7244,10/28/2023 20:15,17.89,0,"","","",""
RW3,7245,10/28/2023 20:20,17.8,0,"","","",""
RW3,7246,10/28/2023 20:25,17.76,0,"","","",""
RW3,7247,10/28/2023 20:30,17.63,0,"","","",""
RW3,7248,10/28/2023 20:35,17.59,0,"","","",""
RW3,7249,10/28/2023 20:40,17.54,0,"","","",""
RW3,7250,10/28/2023 20:45,17.5,0,"","","",""
RW3,7251,10/28/2023 20:50,17.46,0,"","","",""
RW3,7252,10/28/2023 20:55,17.46,0,"","","",""
RW3,7253,10/28/2023 21:00,17.46,0,"","","",""
RW3,7254,10/28/2023 21:05,17.41,0,"","","",""
RW3,7255,10/28/2023 21:10,17.37,0,"","","",""
RW3,7256,10/28/2023 21:15,17.41,0,"","","",""
RW3,7257,10/28/2023 21:20,17.41,0,"","","",""
RW3,7258,10/28/2023 21:25,17.46,0,"","","",""
RW3,7259,10/28/2023 21:30,17.41,0,"","","",""
RW3,7260,10/28/2023 21:35,17.46,0,"","","",""
RW3,7261,10/28/2023 21:40,17.54,0,"","","",""
RW3,7262,10/28/2023 21:45,17.54,0,"","","",""
RW3,7263,10/28/2023 21:50,17.5,0,"","","",""
RW3,7264,10/28/2023 21:55,17.5,0,"","","",""
RW3,7265,10/28/2023 22:00,17.46,0,"","","",""
RW3,7266,10/28/2023 22:05,17.5,0,"","","",""
RW3,7267,10/28/2023 22:10,17.54,0,"","","",""
RW3,7268,10/28/2023 22:15,17.59,0,"","","",""
RW3,7269,10/28/2023 22:20,17.59,0,"","","",""
RW3,7270,10/28/2023 22:25,17.59,0,"","","",""
RW3,7271,10/28/2023 22:30,17.54,0,"","","",""
RW3,7272,10/28/2023 22:35,17.5,0,"","","",""
RW3,7273,10/28/2023 22:40,17.5,0,"","","",""
RW3,7274,10/28/2023 22:45,17.46,0,"","","",""
RW3,7275,10/28/2023 22:50,17.5,0,"","","",""
RW3,7276,10/28/2023 22:55,17.5,0,"","","",""
RW3,7277,10/28/2023 23:00,17.5,0,"","","",""
RW3,7278,10/28/2023 23:05,17.5,0,"","","",""
RW3,7279,10/28/2023 23:10,17.5,0,"","","",""
RW3,7280,10/28/2023 23:15,17.46,0,"","","",""
RW3,7281,10/28/2023 23:20,17.5,0,"","","",""
RW3,7282,10/28/2023 23:25,17.46,0,"","","",""
RW3,7283,10/28/2023 23:30,17.5,0,"","","",""
RW3,7284,10/28/2023 23:35,17.46,0,"","","",""
RW3,7285,10/28/2023 23:40,17.5,0,"","","",""
RW3,7286,10/28/2023 23:45,17.46,0,"","","",""
RW3,7287,10/28/2023 23:50,17.41,0,"","","",""
RW3,7288,10/28/2023 23:55,17.41,0,"","","",""
RW3,7289,10/29/2023 0:00,17.46,0,"","","",""
RW3,7290,10/29/2023 0:05,17.37,0,"","","",""
RW3,7291,10/29/2023 0:10,17.41,0,"","","",""
RW3,7292,10/29/2023 0:15,17.37,0,"","","",""
RW3,7293,10/29/2023 0:20,17.37,0,"","","",""
RW3,7294,10/29/2023 0:25,17.33,0,"","","",""
RW3,7295,10/29/2023 0:30,17.37,0,"","","",""
RW3,7296,10/29/2023 0:35,17.33,0,"","","",""
RW3,7297,10/29/2023 0:40,17.33,0,"","","",""
RW3,7298,10/29/2023 0:45,17.33,0,"","","",""
RW3,7299,10/29/2023 0:50,17.33,0,"","","",""
RW3,7300,10/29/2023 0:55,17.37,0,"","","",""
RW3,7301,10/29/2023 1:00,17.29,0,"","","",""
RW3,7302,10/29/2023 1:05,17.29,0,"","","",""
RW3,7303,10/29/2023 1:10,17.29,0,"","","",""
RW3,7304,10/29/2023 1:15,17.29,0,"","","",""
RW3,7305,10/29/2023 1:20,17.24,0,"","","",""
RW3,7306,10/29/2023 1:25,17.16,0,"","","",""
RW3,7307,10/29/2023 1:30,17.07,0,"","","",""
RW3,7308,10/29/2023 1:35,17.07,0,"","","",""
RW3,7309,10/29/2023 1:40,17.07,0,"","","",""
RW3,7310,10/29/2023 1:45,16.99,0,"","","",""
RW3,7311,10/29/2023 1:50,16.99,0,"","","",""
RW3,7312,10/29/2023 1:55,16.9,0,"","","",""
RW3,7313,10/29/2023 2:00,16.9,0,"","","",""
RW3,7314,10/29/2023 2:05,16.81,0,"","","",""
RW3,7344,10/29/2023 4:35,15.23,0,"","","",""
RW3,7345,10/29/2023 4:40,16.04,0,"","","",""
RW3,7346,10/29/2023 4:45,16.13,0,"","","",""
RW3,7347,10/29/2023 4:50,16.3,0,"","","",""
RW3,7348,10/29/2023 4:55,16.51,0,"","","",""
RW3,7349,10/29/2023 5:00,16.6,0,"","","",""
RW3,7350,10/29/2023 5:05,16.77,0,"","","",""
RW3,7351,10/29/2023 5:10,16.73,0,"","","",""
RW3,7352,10/29/2023 5:15,16.81,0,"","","",""
RW3,7353,10/29/2023 5:20,16.9,0,"","","",""
RW3,7354,10/29/2023 5:25,16.99,0,"","","",""
RW3,7355,10/29/2023 5:30,16.94,0,"","","",""
RW3,7356,10/29/2023 5:35,17.03,0,"","","",""
RW3,7357,10/29/2023 5:40,17.07,0,"","","",""
RW3,7358,10/29/2023 5:45,17.11,0,"","","",""
RW3,7359,10/29/2023 5:50,17.16,0,"","","",""
RW3,7360,10/29/2023 5:55,17.16,0,"","","",""
RW3,7361,10/29/2023 6:00,17.16,0,"","","",""
RW3,7362,10/29/2023 6:05,17.2,0,"","","",""
RW3,7363,10/29/2023 6:10,17.11,0,"","","",""
RW3,7364,10/29/2023 6:15,17.11,0,"","","",""
RW3,7365,10/29/2023 6:20,17.16,0,"","","",""
RW3,7366,10/29/2023 6:25,17.16,0,"","","",""
RW3,7367,10/29/2023 6:30,17.2,0,"","","",""
RW3,7368,10/29/2023 6:35,17.16,0,"","","",""
RW3,7369,10/29/2023 6:40,17.16,0,"","","",""
RW3,7370,10/29/2023 6:45,17.11,0,"","","",""
RW3,7371,10/29/2023 6:50,17.16,1.95,"","","",""
RW3,7372,10/29/2023 6:55,17.16,3.68,"","","",""
RW3,7373,10/29/2023 7:00,17.16,1.08,"","","",""
RW3,7374,10/29/2023 7:05,17.16,0,"","","",""
RW3,7375,10/29/2023 7:10,17.16,13.24,"","","",""
RW3,7376,10/29/2023 7:15,17.16,7.16,"","","",""
RW3,7377,10/29/2023 7:20,17.16,0.43,"","","",""
RW3,7378,10/29/2023 7:25,17.2,66.2,"","","",""
RW3,7379,10/29/2023 7:30,17.24,76.72,"","","",""
RW3,7380,10/29/2023 7:35,17.2,384.48,"","","",""
RW3,7381,10/29/2023 7:40,17.24,172.72,"","","",""
RW3,7382,10/29/2023 7:45,17.24,232.96,"","","",""
RW3,7383,10/29/2023 7:50,17.24,430.08,"","","",""
RW3,7384,10/29/2023 7:55,17.29,192.72,"","","",""
RW3,7385,10/29/2023 8:00,17.29,120.32,"","","",""
RW3,7386,10/29/2023 8:05,17.33,1256.96,"","","",""
RW3,7387,10/29/2023 8:10,17.29,46.16,"","","",""
RW3,7388,10/29/2023 8:15,17.33,184,"","","",""
RW3,7389,10/29/2023 8:20,17.37,2513.92,"","","",""
RW3,7390,10/29/2023 8:25,17.37,2983.68,"","","",""
RW3,7391,10/29/2023 8:30,17.41,509.12,"","","",""
RW3,7392,10/29/2023 8:35,17.37,212.88,"","","",""
RW3,7393,10/29/2023 8:40,17.41,1267.52,"","","",""
RW3,7394,10/29/2023 8:45,17.41,1713.28,"","","",""
RW3,7395,10/29/2023 8:50,17.41,5240.32,"","","",""
RW3,7396,10/29/2023 8:55,17.5,112.4,"","","",""
RW3,7397,10/29/2023 9:00,17.5,1289.28,"","","",""
RW3,7398,10/29/2023 9:05,17.46,23.68,"","","",""
RW3,7399,10/29/2023 9:10,17.41,3182.08,"","","",""
RW3,7400,10/29/2023 9:15,17.5,156.44,"","","",""
RW3,7401,10/29/2023 9:20,17.5,2675.2,"","","",""
RW3,7402,10/29/2023 9:25,17.41,5908.48,"","","",""
RW3,7403,10/29/2023 9:30,17.33,1488,"","","",""
RW3,7404,10/29/2023 9:35,17.37,968.64,"","","",""
RW3,7405,10/29/2023 9:40,17.37,5271.04,"","","",""
RW3,7406,10/29/2023 9:45,17.33,492.64,"","","",""
RW3,7407,10/29/2023 9:50,17.33,210.08,"","","",""
RW3,7408,10/29/2023 9:55,17.29,5111.04,"","","",""
RW3,7409,10/29/2023 10:00,17.29,33.96,"","","",""
RW3,7410,10/29/2023 10:05,17.33,88,"","","",""
RW3,7411,10/29/2023 10:10,17.29,235.68,"","","",""
RW3,7412,10/29/2023 10:15,17.24,640.16,"","","",""
RW3,7413,10/29/2023 10:20,17.07,26.58,"","","",""
RW3,7414,10/29/2023 10:25,17.03,1509.76,"","","",""
RW3,7415,10/29/2023 10:30,17.07,6510.08,"","","",""
RW3,7416,10/29/2023 10:35,17.03,5542.4,"","","",""
RW3,7417,10/29/2023 10:40,16.86,5108.48,"","","",""
RW3,7418,10/29/2023 10:45,16.81,119.48,"","","",""
RW3,7419,10/29/2023 10:50,16.86,254.8,"","","",""
RW3,7420,10/29/2023 10:55,16.81,1019.84,"","","",""
RW3,7421,10/29/2023 11:00,16.69,288.24,"","","",""
RW3,7422,10/29/2023 11:05,16.64,4691.2,"","","",""
RW3,7423,10/29/2023 11:10,16.86,9661.44,"","","",""
RW3,7424,10/29/2023 11:15,16.94,366.56,"","","",""
RW3,7425,10/29/2023 11:20,16.94,4174.08,"","","",""
RW3,7426,10/29/2023 11:25,16.9,5757.44,"","","",""
RW3,7427,10/29/2023 11:30,16.77,1376,"","","",""
RW3,7428,10/29/2023 11:35,16.81,2947.84,"","","",""
RW3,7429,10/29/2023 11:40,16.86,5834.24,"","","",""
RW3,7430,10/29/2023 11:45,16.86,3888.64,"","","",""
RW3,7431,10/29/2023 11:50,16.94,3.25,"","","",""
RW3,7432,10/29/2023 11:55,17.03,214,"","","",""
RW3,7433,10/29/2023 12:00,17.07,247.84,"","","",""
RW3,7434,10/29/2023 12:05,17.03,697.6,"","","",""
RW3,7435,10/29/2023 12:10,17.11,381.92,"","","",""
RW3,7436,10/29/2023 12:15,17.16,14044.16,"","","",""
RW3,7437,10/29/2023 12:20,17.29,3589.12,"","","",""
RW3,7438,10/29/2023 12:25,17.33,1035.52,"","","",""
RW3,7439,10/29/2023 12:30,17.37,5514.24,"","","",""
RW3,7440,10/29/2023 12:35,17.41,4660.48,"","","",""
RW3,7441,10/29/2023 12:40,17.5,273.2,"","","",""
RW3,7442,10/29/2023 12:45,17.59,807.36,"","","",""
RW3,7443,10/29/2023 12:50,17.63,8570.88,"","","",""
RW3,7444,10/29/2023 12:55,17.72,2026.88,"","","",""
RW3,7445,10/29/2023 13:00,17.84,20357.12,"","","",""
RW3,7446,10/29/2023 13:05,18.02,617.28,"","","",""
RW3,7447,10/29/2023 13:10,18.02,26439.68,"","","",""
RW3,7448,10/29/2023 13:15,18.19,2404.48,"","","",""
RW3,7449,10/29/2023 13:20,18.06,300.8,"","","",""
RW3,7450,10/29/2023 13:25,19.82,4312.32,"","","",""
RW3,7451,10/29/2023 13:30,19.09,1987.84,"","","",""
RW3,7452,10/29/2023 13:35,19.47,2340.48,"","","",""
RW3,7453,10/29/2023 13:40,20.5,2584.96,"","","",""
RW3,7454,10/29/2023 13:45,21.06,2336.64,"","","",""
RW3,7527,10/29/2023 19:50,13.64,0,"","","",""
RW3,7528,10/29/2023 19:55,14.11,0,"","","",""
RW3,7529,10/29/2023 20:00,15.31,0,"","","",""
RW3,7530,10/29/2023 20:05,16.47,0,"","","",""
RW3,7531,10/29/2023 20:10,16.86,0,"","","",""
RW3,7532,10/29/2023 20:15,17.11,0,"","","",""
RW3,7533,10/29/2023 20:20,17.2,0,"","","",""
RW3,7534,10/29/2023 20:25,17.16,0,"","","",""
RW3,7535,10/29/2023 20:30,17.24,0,"","","",""
RW3,7536,10/29/2023 20:35,17.29,0,"","","",""
RW3,7537,10/29/2023 20:40,17.33,0,"","","",""
RW3,7538,10/29/2023 20:45,17.37,0,"","","",""
RW3,7539,10/29/2023 20:50,17.37,0,"","","",""
RW3,7540,10/29/2023 20:55,17.37,0,"","","",""
RW3,7541,10/29/2023 21:00,17.37,0,"","","",""
RW3,7542,10/29/2023 21:05,17.37,0,"","","",""
RW3,7543,10/29/2023 21:10,17.37,0,"","","",""
RW3,7544,10/29/2023 21:15,17.41,0,"","","",""
RW3,7545,10/29/2023 21:20,17.29,0,"","","",""
RW3,7546,10/29/2023 21:25,17.33,0,"","","",""
RW3,7547,10/29/2023 21:30,17.33,0,"","","",""
RW3,7548,10/29/2023 21:35,17.33,0,"","","",""
RW3,7549,10/29/2023 21:40,17.33,0,"","","",""
RW3,7550,10/29/2023 21:45,17.33,0,"","","",""
RW3,7551,10/29/2023 21:50,17.33,0,"","","",""
RW3,7552,10/29/2023 21:55,17.33,0,"","","",""
RW3,7553,10/29/2023 22:00,17.29,0,"","","",""
RW3,7554,10/29/2023 22:05,17.29,0,"","","",""
RW3,7555,10/29/2023 22:10,17.29,0,"","","",""
RW3,7556,10/29/2023 22:15,17.33,0,"","","",""
RW3,7557,10/29/2023 22:20,17.41,0,"","","",""
RW3,7558,10/29/2023 22:25,17.37,0,"","","",""
RW3,7559,10/29/2023 22:30,17.46,0,"","","",""
RW3,7560,10/29/2023 22:35,17.37,0,"","","",""
RW3,7561,10/29/2023 22:40,17.41,0,"","","",""
RW3,7562,10/29/2023 22:45,17.46,0,"","","",""
RW3,7563,10/29/2023 22:50,17.46,0,"","","",""
RW3,7564,10/29/2023 22:55,17.37,0,"","","",""
RW3,7565,10/29/2023 23:00,17.29,0,"","","",""
RW3,7566,10/29/2023 23:05,17.16,0,"","","",""
RW3,7567,10/29/2023 23:10,17.07,0,"","","",""
RW3,7568,10/29/2023 23:15,16.94,0,"","","",""
RW3,7569,10/29/2023 23:20,16.81,0,"","","",""
RW3,7570,10/29/2023 23:25,16.86,0,"","","",""
RW3,7571,10/29/2023 23:30,16.81,0,"","","",""
RW3,7572,10/29/2023 23:35,16.81,0,"","","",""
RW3,7573,10/29/2023 23:40,16.94,0,"","","",""
RW3,7574,10/29/2023 23:45,16.99,0,"","","",""
RW3,7575,10/29/2023 23:50,17.03,0,"","","",""
RW3,7576,10/29/2023 23:55,16.99,0,"","","",""
RW3,7577,10/30/2023 0:00,16.99,0,"","","",""
RW3,7578,10/30/2023 0:05,16.99,0,"","","",""
RW3,7579,10/30/2023 0:10,17.07,0,"","","",""
RW3,7580,10/30/2023 0:15,17.07,0,"","","",""
RW3,7581,10/30/2023 0:20,17.03,0,"","","",""
RW3,7582,10/30/2023 0:25,17.11,0,"","","",""
RW3,7583,10/30/2023 0:30,17.16,0,"","","",""
RW3,7584,10/30/2023 0:35,17.11,0,"","","",""
RW3,7585,10/30/2023 0:40,17.2,0,"","","",""
RW3,7586,10/30/2023 0:45,17.2,0,"","","",""
RW3,7587,10/30/2023 0:50,17.24,0,"","","",""
RW3,7588,10/30/2023 0:55,17.16,0,"","","",""
RW3,7589,10/30/2023 1:00,17.2,0,"","","",""
RW3,7590,10/30/2023 1:05,17.16,0,"","","",""
RW3,7591,10/30/2023 1:10,17.16,0,"","","",""
RW3,7592,10/30/2023 1:15,17.16,0,"","","",""
RW3,7593,10/30/2023 1:20,17.11,0,"","","",""
RW3,7594,10/30/2023 1:25,17.03,0,"","","",""
RW3,7595,10/30/2023 1:30,17.07,0,"","","",""
RW3,7596,10/30/2023 1:35,17.03,0,"","","",""
RW3,7597,10/30/2023 1:40,17.03,0,"","","",""
RW3,7598,10/30/2023 1:45,16.99,0,"","","",""
RW3,7599,10/30/2023 1:50,16.94,0,"","","",""
RW3,7600,10/30/2023 1:55,16.86,0,"","","",""
RW3,7601,10/30/2023 2:00,16.77,0,"","","",""
RW3,7602,10/30/2023 2:05,16.81,0,"","","",""
RW3,7603,10/30/2023 2:10,16.69,0,"","","",""
RW3,7604,10/30/2023 2:15,16.64,0,"","","",""
RW3,7605,10/30/2023 2:20,16.64,0,"","","",""
RW3,7606,10/30/2023 2:25,16.64,0,"","","",""
RW3,7607,10/30/2023 2:30,16.51,0,"","","",""
RW3,7608,10/30/2023 2:35,16.47,0,"","","",""
RW3,7609,10/30/2023 2:40,16.47,0,"","","",""
RW3,7610,10/30/2023 2:45,16.21,0,"","","",""
RW3,7611,10/30/2023 2:50,16.34,0,"","","",""
RW3,7612,10/30/2023 2:55,16.21,0,"","","",""
RW3,7613,10/30/2023 3:00,16.17,0,"","","",""
RW3,7614,10/30/2023 3:05,16,0,"","","",""
RW3,7615,10/30/2023 3:10,15.87,0,"","","",""
RW3,7616,10/30/2023 3:15,15.78,0,"","","",""
RW3,7617,10/30/2023 3:20,15.53,0,"","","",""
RW3,7618,10/30/2023 3:25,15.27,0,"","","",""
RW3,7619,10/30/2023 3:30,14.8,0,"","","",""
RW3,7620,10/30/2023 3:35,15.27,0,"","","",""
RW3,7621,10/30/2023 3:40,15.23,0,"","","",""
RW3,7622,10/30/2023 3:45,14.97,0,"","","",""
RW3,7623,10/30/2023 3:50,14.58,0,"","","",""
RW3,7624,10/30/2023 3:55,14.24,0,"","","",""
RW3,7625,10/30/2023 4:00,13.98,0,"","","",""
RW3,7626,10/30/2023 4:05,14.37,0,"","","",""
RW3,7627,10/30/2023 4:10,14.37,0,"","","",""
RW3,7628,10/30/2023 4:15,14.2,0,"","","",""
RW3,7629,10/30/2023 4:20,13.9,0,"","","",""
RW3,7630,10/30/2023 4:25,14.63,0,"","","",""
RW3,7631,10/30/2023 4:30,15.01,0,"","","",""
RW3,7632,10/30/2023 4:35,15.36,0,"","","",""
RW3,7633,10/30/2023 4:40,15.74,0,"","","",""
RW3,7634,10/30/2023 4:45,15.57,0,"","","",""
RW3,7635,10/30/2023 4:50,15.61,0,"","","",""
RW3,7636,10/30/2023 4:55,15.83,0,"","","",""
RW3,7637,10/30/2023 5:00,15.91,0,"","","",""
RW3,7638,10/30/2023 5:05,15.83,0,"","","",""
RW3,7639,10/30/2023 5:10,15.78,0,"","","",""
RW3,7640,10/30/2023 5:15,15.61,0,"","","",""
RW3,7641,10/30/2023 5:20,15.78,0,"","","",""
RW3,7642,10/30/2023 5:25,15.87,0,"","","",""
RW3,7643,10/30/2023 5:30,15.91,0,"","","",""
RW3,7644,10/30/2023 5:35,15.91,0,"","","",""
RW3,7645,10/30/2023 5:40,16,0,"","","",""
RW3,7646,10/30/2023 5:45,16.08,0,"","","",""
RW3,7647,10/30/2023 5:50,16.08,0,"","","",""
RW3,7648,10/30/2023 5:55,16.26,0,"","","",""
RW3,7649,10/30/2023 6:00,16.21,0,"","","",""
RW3,7650,10/30/2023 6:05,16.3,0,"","","",""
RW3,7651,10/30/2023 6:10,16.3,0,"","","",""
RW3,7652,10/30/2023 6:15,16.3,0,"","","",""
RW3,7653,10/30/2023 6:20,16.26,0,"","","",""
RW3,7654,10/30/2023 6:25,16.3,0,"","","",""
RW3,7655,10/30/2023 6:30,16.3,0,"","","",""
RW3,7656,10/30/2023 6:35,16.3,0,"","","",""
RW3,7657,10/30/2023 6:40,16.39,0,"","","",""
RW3,7658,10/30/2023 6:45,16.43,0.21,"","","",""
RW3,7659,10/30/2023 6:50,16.39,4.99,"","","",""
RW3,7660,10/30/2023 6:55,16.39,0.86,"","","",""
RW3,7661,10/30/2023 7:00,16.43,14.35,"","","",""
RW3,7662,10/30/2023 7:05,16.51,2.38,"","","",""
RW3,7663,10/30/2023 7:10,16.51,83.64,"","","",""
RW3,7664,10/30/2023 7:15,16.51,0.65,"","","",""
RW3,7665,10/30/2023 7:20,16.64,344.64,"","","",""
RW3,7666,10/30/2023 7:25,16.69,269.52,"","","",""
RW3,7667,10/30/2023 7:30,16.6,30.93,"","","",""
RW3,7668,10/30/2023 7:35,16.69,125.56,"","","",""
RW3,7669,10/30/2023 7:40,16.73,332.48,"","","",""
RW3,7670,10/30/2023 7:45,16.77,613.28,"","","",""
RW3,7671,10/30/2023 7:50,16.69,70.64,"","","",""
RW3,7672,10/30/2023 7:55,16.77,1259.52,"","","",""
RW3,7673,10/30/2023 8:00,17.11,57.88,"","","",""
RW3,7674,10/30/2023 8:05,17.11,501.76,"","","",""
RW3,7675,10/30/2023 8:10,16.99,43.62,"","","",""
RW3,7676,10/30/2023 8:15,16.99,218.08,"","","",""
RW3,7677,10/30/2023 8:20,17.03,1519.36,"","","",""
RW3,7678,10/30/2023 8:25,16.99,1697.92,"","","",""
RW3,7679,10/30/2023 8:30,16.94,23.93,"","","",""
RW3,7680,10/30/2023 8:35,17.03,1427.84,"","","",""
RW3,7681,10/30/2023 8:40,16.94,220.96,"","","",""
RW3,7682,10/30/2023 8:45,17.07,1033.6,"","","",""
RW3,7683,10/30/2023 8:50,17.24,2533.12,"","","",""
RW3,7684,10/30/2023 8:55,17.37,4597.76,"","","",""
RW3,7685,10/30/2023 9:00,17.41,3016.96,"","","",""
RW3,7686,10/30/2023 9:05,17.33,6.94,"","","",""
RW3,7687,10/30/2023 9:10,17.37,655.68,"","","",""
RW3,7688,10/30/2023 9:15,17.41,557.76,"","","",""
RW3,7689,10/30/2023 9:20,17.33,2160,"","","",""
RW3,7690,10/30/2023 9:25,17.33,542.56,"","","",""
RW3,7691,10/30/2023 9:30,17.29,2798.08,"","","",""
RW3,7692,10/30/2023 9:35,17.29,12354.56,"","","",""
RW3,7693,10/30/2023 9:40,17.5,5478.4,"","","",""
RW3,7694,10/30/2023 9:45,17.5,602.88,"","","",""
RW3,7695,10/30/2023 9:50,17.5,536.48,"","","",""
RW3,7696,10/30/2023 9:55,17.54,1256,"","","",""
RW3,7697,10/30/2023 10:00,17.59,685.76,"","","",""
RW3,7698,10/30/2023 10:05,17.59,356.48,"","","",""
RW3,7699,10/30/2023 10:10,17.63,7854.08,"","","",""
RW3,7700,10/30/2023 10:15,17.76,2065.92,"","","",""
RW3,7701,10/30/2023 10:20,17.72,9297.92,"","","",""
RW3,7702,10/30/2023 10:25,17.76,315.76,"","","",""
RW3,7703,10/30/2023 10:30,17.8,808,"","","",""
RW3,7704,10/30/2023 10:35,17.8,19834.88,"","","",""
RW3,7705,10/30/2023 10:40,17.76,11125.76,"","","",""
RW3,7706,10/30/2023 10:45,17.76,3055.36,"","","",""
RW3,7707,10/30/2023 10:50,17.84,1149.44,"","","",""
RW3,7708,10/30/2023 10:55,17.84,11822.08,"","","",""
RW3,7709,10/30/2023 11:00,17.8,99.4,"","","",""
RW3,7710,10/30/2023 11:05,17.89,1731.2,"","","",""
RW3,7711,10/30/2023 11:10,17.8,8486.4,"","","",""
RW3,7712,10/30/2023 11:15,17.89,5780.48,"","","",""
RW3,7713,10/30/2023 11:20,18.02,22394.88,"","","",""
RW3,7714,10/30/2023 11:25,18.02,8604.16,"","","",""
RW3,7715,10/30/2023 11:30,18.02,17095.68,"","","",""
RW3,7716,10/30/2023 11:35,17.97,2732.8,"","","",""
RW3,7717,10/30/2023 11:40,18.06,49.42,"","","",""
RW3,7718,10/30/2023 11:45,18.1,972.16,"","","",""
RW3,7719,10/30/2023 11:50,18.06,259.76,"","","",""
RW3,7720,10/30/2023 11:55,18.1,15713.28,"","","",""
RW3,7721,10/30/2023 12:00,18.23,14755.84,"","","",""
RW3,7722,10/30/2023 12:05,18.14,1304,"","","",""
RW3,7723,10/30/2023 12:10,18.1,982.72,"","","",""
RW3,7724,10/30/2023 12:15,18.23,13818.88,"","","",""
RW3,7725,10/30/2023 12:20,18.19,458.72,"","","",""
RW3,7726,10/30/2023 12:25,18.23,212.24,"","","",""
RW3,7727,10/30/2023 12:30,18.23,1626.88,"","","",""
RW3,7728,10/30/2023 12:35,18.27,22333.44,"","","",""
RW3,7729,10/30/2023 12:40,18.36,7528.96,"","","",""
RW3,7730,10/30/2023 12:45,18.27,12175.36,"","","",""
RW3,7731,10/30/2023 12:50,18.4,1690.88,"","","",""
RW3,7732,10/30/2023 12:55,18.4,18764.8,"","","",""
RW3,7733,10/30/2023 13:00,18.44,2460.16,"","","",""
RW3,7734,10/30/2023 13:05,18.49,221.6,"","","",""
RW3,7735,10/30/2023 13:10,18.62,2058.88,"","","",""
RW3,7736,10/30/2023 13:15,18.66,5304.32,"","","",""
RW3,7737,10/30/2023 13:20,18.62,289.52,"","","",""
RW3,7738,10/30/2023 13:25,18.66,1609.6,"","","",""
RW3,7739,10/30/2023 13:30,18.7,340.96,"","","",""
RW3,7740,10/30/2023 13:35,18.79,1671.04,"","","",""
RW3,7741,10/30/2023 13:40,18.83,27740.16,"","","",""
RW3,7742,10/30/2023 13:45,19.05,569.92,"","","",""
RW3,7743,10/30/2023 13:50,19.09,32112.64,"","","",""
RW3,7744,10/30/2023 13:55,19,613.76,"","","",""
RW3,7745,10/30/2023 14:00,19.43,4165.12,"","","",""
RW3,7746,10/30/2023 14:05,20.07,2053.76,"","","",""
RW3,7747,10/30/2023 14:10,20.63,3116.8,"","","",""
RW3,7748,10/30/2023 14:15,22.22,67604.48,"","","",""
RW3,7749,10/30/2023 14:20,23.46,48906.24,"","","",""
RW3,7750,10/30/2023 14:25,25.44,36956.16,"","","",""
RW3,7825,10/30/2023 20:40,11.97,0,"","","",""
RW3,7826,10/30/2023 20:45,11.97,0,"","","",""
RW3,7827,10/30/2023 20:50,12.18,0,"","","",""
RW3,7828,10/30/2023 20:55,13.08,0,"","","",""
RW3,7829,10/30/2023 21:00,14.58,0,"","","",""
RW3,7830,10/30/2023 21:05,14.71,0,"","","",""
RW3,7831,10/30/2023 21:10,16,0,"","","",""
RW3,7832,10/30/2023 21:15,16.64,0,"","","",""
RW3,7833,10/30/2023 21:20,16.9,0,"","","",""
RW3,7834,10/30/2023 21:25,16.86,0,"","","",""
RW3,7835,10/30/2023 21:30,16.99,0,"","","",""
RW3,7836,10/30/2023 21:35,17.03,0,"","","",""
RW3,7837,10/30/2023 21:40,17.11,0,"","","",""
RW3,7838,10/30/2023 21:45,17.2,0,"","","",""
RW3,7839,10/30/2023 21:50,17.24,0,"","","",""
RW3,7840,10/30/2023 21:55,17.33,0,"","","",""
RW3,7841,10/30/2023 22:00,17.37,0,"","","",""
RW3,7842,10/30/2023 22:05,17.41,0,"","","",""
RW3,7843,10/30/2023 22:10,17.41,0,"","","",""
RW3,7844,10/30/2023 22:15,17.41,0,"","","",""
RW3,7845,10/30/2023 22:20,17.37,0,"","","",""
RW3,7846,10/30/2023 22:25,17.37,0,"","","",""
RW3,7847,10/30/2023 22:30,17.37,0,"","","",""
RW3,7848,10/30/2023 22:35,17.33,0,"","","",""
RW3,7849,10/30/2023 22:40,17.41,0,"","","",""
RW3,7850,10/30/2023 22:45,17.41,0,"","","",""
RW3,7851,10/30/2023 22:50,17.41,0,"","","",""
RW3,7852,10/30/2023 22:55,17.37,0,"","","",""
RW3,7853,10/30/2023 23:00,17.46,0,"","","",""
RW3,7854,10/30/2023 23:05,17.41,0,"","","",""
RW3,7855,10/30/2023 23:10,17.46,0,"","","",""
RW3,7856,10/30/2023 23:15,17.46,0,"","","",""
RW3,7857,10/30/2023 23:20,17.46,0,"","","",""
RW3,7858,10/30/2023 23:25,17.5,0,"","","",""
RW3,7859,10/30/2023 23:30,17.46,0,"","","",""
RW3,7860,10/30/2023 23:35,17.46,0,"","","",""
RW3,7861,10/30/2023 23:40,17.54,0,"","","",""
RW3,7862,10/30/2023 23:45,17.59,0,"","","",""
RW3,7863,10/30/2023 23:50,17.59,0,"","","",""
RW3,7864,10/30/2023 23:55,17.54,0,"","","",""
RW3,7865,10/31/2023 0:00,17.54,0,"","","",""
RW3,7866,10/31/2023 0:05,17.59,0,"","","",""
RW3,7867,10/31/2023 0:10,17.54,0,"","","",""
RW3,7868,10/31/2023 0:15,17.5,0,"","","",""
RW3,7869,10/31/2023 0:20,17.5,0,"","","",""
RW3,7870,10/31/2023 0:25,17.54,0,"","","",""
RW3,7871,10/31/2023 0:30,17.54,0,"","","",""
RW3,7872,10/31/2023 0:35,17.5,0,"","","",""
RW3,7873,10/31/2023 0:40,17.5,0,"","","",""
RW3,7874,10/31/2023 0:45,17.5,0,"","","",""
RW3,7875,10/31/2023 0:50,17.54,0,"","","",""
RW3,7876,10/31/2023 0:55,17.5,0,"","","",""
RW3,7877,10/31/2023 1:00,17.46,0,"","","",""
RW3,7878,10/31/2023 1:05,17.46,0,"","","",""
RW3,7879,10/31/2023 1:10,17.46,0,"","","",""
RW3,7880,10/31/2023 1:15,17.5,0,"","","",""
RW3,7881,10/31/2023 1:20,17.5,0,"","","",""
RW3,7882,10/31/2023 1:25,17.46,0,"","","",""
RW3,7883,10/31/2023 1:30,17.46,0,"","","",""
RW3,7884,10/31/2023 1:35,17.46,0,"","","",""
RW3,7885,10/31/2023 1:40,17.41,0,"","","",""
RW3,7886,10/31/2023 1:45,17.37,0,"","","",""
RW3,7887,10/31/2023 1:50,17.37,0,"","","",""
RW3,7888,10/31/2023 1:55,17.29,0,"","","",""
RW3,7889,10/31/2023 2:00,17.24,0,"","","",""
RW3,7890,10/31/2023 2:05,17.24,0,"","","",""
RW3,7891,10/31/2023 2:10,17.2,0,"","","",""
RW3,7892,10/31/2023 2:15,17.2,0,"","","",""
RW3,7893,10/31/2023 2:20,17.24,0,"","","",""
RW3,7894,10/31/2023 2:25,17.2,0,"","","",""
RW3,7895,10/31/2023 2:30,17.16,0,"","","",""
RW3,7896,10/31/2023 2:35,17.11,0,"","","",""
RW3,7897,10/31/2023 2:40,17.07,0,"","","",""
RW3,7898,10/31/2023 2:45,17.07,0,"","","",""
RW3,7899,10/31/2023 2:50,16.99,0,"","","",""
RW3,7900,10/31/2023 2:55,16.99,0,"","","",""
RW3,7901,10/31/2023 3:00,16.94,0,"","","",""
RW3,7902,10/31/2023 3:05,16.9,0,"","","",""
RW3,7903,10/31/2023 3:10,16.9,0,"","","",""
RW3,7904,10/31/2023 3:15,16.9,0,"","","",""
RW3,7905,10/31/2023 3:20,16.94,0,"","","",""
RW3,7906,10/31/2023 3:25,16.86,0,"","","",""
RW3,7907,10/31/2023 3:30,16.81,0,"","","",""
RW3,7908,10/31/2023 3:35,16.81,0,"","","",""
RW3,7909,10/31/2023 3:40,16.69,0,"","","",""
RW3,7910,10/31/2023 3:45,16.69,0,"","","",""
RW3,7911,10/31/2023 3:50,16.6,0,"","","",""
RW3,7912,10/31/2023 3:55,16.6,0,"","","",""
RW3,7913,10/31/2023 4:00,16.51,0,"","","",""
RW3,7914,10/31/2023 4:05,16.51,0,"","","",""
RW3,7915,10/31/2023 4:10,16.47,0,"","","",""
RW3,7916,10/31/2023 4:15,16.39,0,"","","",""
RW3,7917,10/31/2023 4:20,16.3,0,"","","",""
RW3,7918,10/31/2023 4:25,16.17,0,"","","",""
RW3,7919,10/31/2023 4:30,16.3,0,"","","",""
RW3,7920,10/31/2023 4:35,16.17,0,"","","",""
RW3,7921,10/31/2023 4:40,16.34,0,"","","",""
RW3,7922,10/31/2023 4:45,16.26,0,"","","",""
RW3,7923,10/31/2023 4:50,16.13,0,"","","",""
RW3,7924,10/31/2023 4:55,16.13,0,"","","",""
RW3,7925,10/31/2023 5:00,16.26,0,"","","",""
RW3,7926,10/31/2023 5:05,16.17,0,"","","",""
RW3,7927,10/31/2023 5:10,16.26,0,"","","",""
RW3,7928,10/31/2023 5:15,16.21,0,"","","",""
RW3,7929,10/31/2023 5:20,16.26,0,"","","",""
RW3,7930,10/31/2023 5:25,16.34,0,"","","",""
RW3,7931,10/31/2023 5:30,16.3,0,"","","",""
RW3,7932,10/31/2023 5:35,16.34,0,"","","",""
RW3,7933,10/31/2023 5:40,16.34,0,"","","",""
RW3,7934,10/31/2023 5:45,16.43,0,"","","",""
RW3,7935,10/31/2023 5:50,16.47,0,"","","",""
RW3,7936,10/31/2023 5:55,16.43,0,"","","",""
RW3,7937,10/31/2023 6:00,16.34,0,"","","",""
RW3,7938,10/31/2023 6:05,16.39,0,"","","",""
RW3,7939,10/31/2023 6:10,16.47,0,"","","",""
RW3,7940,10/31/2023 6:15,16.47,0,"","","",""
RW3,7941,10/31/2023 6:20,16.6,0,"","","",""
RW3,7942,10/31/2023 6:25,16.56,0,"","","",""
RW3,7943,10/31/2023 6:30,16.56,0,"","","",""
RW3,7944,10/31/2023 6:35,16.56,0,"","","",""
RW3,7945,10/31/2023 6:40,16.56,0,"","","",""
RW3,7946,10/31/2023 6:45,16.64,0,"","","",""
RW3,7947,10/31/2023 6:50,16.6,0.65,"","","",""
RW3,7948,10/31/2023 6:55,16.6,1.95,"","","",""
RW3,7949,10/31/2023 7:00,16.64,1.73,"","","",""
RW3,7950,10/31/2023 7:05,16.6,58,"","","",""
RW3,7951,10/31/2023 7:10,16.69,68.86,"","","",""
RW3,7952,10/31/2023 7:15,16.64,191.84,"","","",""
RW3,7953,10/31/2023 7:20,16.69,10.22,"","","",""
RW3,7954,10/31/2023 7:25,16.73,711.68,"","","",""
RW3,7955,10/31/2023 7:30,16.81,42.26,"","","",""
RW3,7956,10/31/2023 7:35,16.86,64.18,"","","",""
RW3,7957,10/31/2023 7:40,16.86,2094.08,"","","",""
RW3,7958,10/31/2023 7:45,16.94,1376.64,"","","",""
RW3,7959,10/31/2023 7:50,17.03,191.84,"","","",""
RW3,7960,10/31/2023 7:55,16.99,1512.32,"","","",""
RW3,7961,10/31/2023 8:00,17.03,240.88,"","","",""
RW3,7962,10/31/2023 8:05,17.07,58.44,"","","",""
RW3,7963,10/31/2023 8:10,17.11,6195.2,"","","",""
RW3,7964,10/31/2023 8:15,17.11,518.24,"","","",""
RW3,7965,10/31/2023 8:20,17.11,571.2,"","","",""
RW3,7966,10/31/2023 8:25,17.07,49.32,"","","",""
RW3,7967,10/31/2023 8:30,17.2,4666.88,"","","",""
RW3,7968,10/31/2023 8:35,17.29,1637.12,"","","",""
RW3,7969,10/31/2023 8:40,17.24,1528.32,"","","",""
RW3,7970,10/31/2023 8:45,17.2,164.72,"","","",""
RW3,7971,10/31/2023 8:50,17.16,526.88,"","","",""
RW3,7972,10/31/2023 8:55,17.24,3165.44,"","","",""
RW3,7973,10/31/2023 9:00,17.2,80.2,"","","",""
RW3,7974,10/31/2023 9:05,17.24,1116.48,"","","",""
RW3,7975,10/31/2023 9:10,17.29,901.76,"","","",""
RW3,7976,10/31/2023 9:15,17.29,1075.52,"","","",""
RW3,7977,10/31/2023 9:20,17.29,56,"","","",""
RW3,7978,10/31/2023 9:25,17.24,187.68,"","","",""
RW3,7979,10/31/2023 9:30,17.29,624.64,"","","",""
RW3,7980,10/31/2023 9:35,17.37,367.2,"","","",""
RW3,7981,10/31/2023 9:40,17.41,767.68,"","","",""
RW3,7982,10/31/2023 9:45,17.41,8624.64,"","","",""
RW3,7983,10/31/2023 9:50,17.46,469.12,"","","",""
RW3,7984,10/31/2023 9:55,17.41,190.24,"","","",""
RW3,7985,10/31/2023 10:00,17.41,372.8,"","","",""
RW3,7986,10/31/2023 10:05,17.46,15098.88,"","","",""
RW3,7987,10/31/2023 10:10,17.5,82.04,"","","",""
RW3,7988,10/31/2023 10:15,17.46,656.96,"","","",""
RW3,7989,10/31/2023 10:20,17.5,337.92,"","","",""
RW3,7990,10/31/2023 10:25,17.5,6617.6,"","","",""
RW3,7991,10/31/2023 10:30,17.63,5181.44,"","","",""
RW3,7992,10/31/2023 10:35,17.54,10152.96,"","","",""
RW3,7993,10/31/2023 10:40,17.54,7651.84,"","","",""
RW3,7994,10/31/2023 10:45,17.63,1732.48,"","","",""
RW3,7995,10/31/2023 10:50,17.59,2246.4,"","","",""
RW3,7996,10/31/2023 10:55,17.67,5806.08,"","","",""
RW3,7997,10/31/2023 11:00,17.67,4755.2,"","","",""
RW3,7998,10/31/2023 11:05,17.72,20336.64,"","","",""
RW3,7999,10/31/2023 11:10,17.72,298.64,"","","",""
RW3,8000,10/31/2023 11:15,17.67,784.32,"","","",""
RW3,8001,10/31/2023 11:20,17.72,645.92,"","","",""
RW3,8002,10/31/2023 11:25,17.72,9223.68,"","","",""
RW3,8003,10/31/2023 11:30,17.8,736.96,"","","",""
RW3,8004,10/31/2023 11:35,17.8,1205.76,"","","",""
RW3,8005,10/31/2023 11:40,17.84,25907.2,"","","",""
RW3,8006,10/31/2023 11:45,17.89,818.24,"","","",""
RW3,8007,10/31/2023 11:50,17.89,5352.96,"","","",""
RW3,8008,10/31/2023 11:55,17.89,1880.32,"","","",""
RW3,8009,10/31/2023 12:00,17.89,223.76,"","","",""
RW3,8010,10/31/2023 12:05,17.93,13271.04,"","","",""
RW3,8011,10/31/2023 12:10,17.97,2956.8,"","","",""
RW3,8012,10/31/2023 12:15,18.06,4624.64,"","","",""
RW3,8013,10/31/2023 12:20,17.97,1086.72,"","","",""
RW3,8014,10/31/2023 12:25,18.02,36823.04,"","","",""
RW3,8015,10/31/2023 12:30,18.1,23306.24,"","","",""
RW3,8016,10/31/2023 12:35,18.14,23777.28,"","","",""
RW3,8017,10/31/2023 12:40,18.02,1016,"","","",""
RW3,8018,10/31/2023 12:45,18.06,7797.76,"","","",""
RW3,8019,10/31/2023 12:50,18.02,1482.88,"","","",""
RW3,8020,10/31/2023 12:55,18.02,3386.88,"","","",""
RW3,8021,10/31/2023 13:00,18.1,17776.64,"","","",""
RW3,8022,10/31/2023 13:05,18.02,5762.56,"","","",""
RW3,8023,10/31/2023 13:10,18.1,6126.08,"","","",""
RW3,8024,10/31/2023 13:15,18.1,1507.84,"","","",""
RW3,8025,10/31/2023 13:20,18.1,3837.44,"","","",""
RW3,8026,10/31/2023 13:25,18.14,83.64,"","","",""
RW3,8027,10/31/2023 13:30,18.23,37672.96,"","","",""
RW3,8028,10/31/2023 13:35,18.23,355.84,"","","",""
RW3,8029,10/31/2023 13:40,18.27,35891.2,"","","",""
RW3,8030,10/31/2023 13:45,18.36,15134.72,"","","",""
RW3,8031,10/31/2023 13:50,18.32,4142.08,"","","",""
RW3,8032,10/31/2023 13:55,18.36,6525.44,"","","",""
RW3,8033,10/31/2023 14:00,18.36,3201.28,"","","",""
RW3,8034,10/31/2023 14:05,18.36,252.64,"","","",""
RW3,8035,10/31/2023 14:10,18.44,13245.44,"","","",""
RW3,8036,10/31/2023 14:15,18.49,20459.52,"","","",""
RW3,8037,10/31/2023 14:20,18.53,409.28,"","","",""
RW3,8038,10/31/2023 14:25,18.66,29265.92,"","","",""
RW3,8039,10/31/2023 14:30,18.66,35819.52,"","","",""
RW3,8040,10/31/2023 14:35,18.7,365.28,"","","",""
RW3,8041,10/31/2023 14:40,18.66,969.6,"","","",""
RW3,8042,10/31/2023 14:45,18.83,1706.88,"","","",""
RW3,8043,10/31/2023 14:50,18.92,431.36,"","","",""
RW3,8044,10/31/2023 14:55,19,1361.28,"","","",""
RW3,8045,10/31/2023 15:00,22.65,70676.48,"","","",""
RW3,8046,10/31/2023 15:05,25.82,70451.2,"","","",""
RW3,8047,10/31/2023 15:10,27.07,72335.36,"","","",""
RW3,8048,10/31/2023 15:15,27.84,73564.16,"","","",""
RW3,8125,10/31/2023 21:40,12.74,0,"","","",""
RW3,8126,10/31/2023 21:45,12.78,0,"","","",""
RW3,8127,10/31/2023 21:50,12.61,0,"","","",""
RW3,8128,10/31/2023 21:55,12.78,0,"","","",""
RW3,8129,10/31/2023 22:00,14.03,0,"","","",""
RW3,8130,10/31/2023 22:05,15.66,0,"","","",""
RW3,8131,10/31/2023 22:10,16.3,0,"","","",""
RW3,8132,10/31/2023 22:15,16.6,0,"","","",""
RW3,8133,10/31/2023 22:20,16.73,0,"","","",""
RW3,8134,10/31/2023 22:25,16.81,0,"","","",""
RW3,8135,10/31/2023 22:30,16.99,0,"","","",""
RW3,8136,10/31/2023 22:35,17.03,0,"","","",""
RW3,8137,10/31/2023 22:40,17.07,0,"","","",""
RW3,8138,10/31/2023 22:45,17.16,0,"","","",""
RW3,8139,10/31/2023 22:50,17.16,0,"","","",""
RW3,8140,10/31/2023 22:55,17.11,0,"","","",""
RW3,8141,10/31/2023 23:00,17.11,0,"","","",""
RW3,8142,10/31/2023 23:05,17.16,0,"","","",""
RW3,8143,10/31/2023 23:10,17.16,0,"","","",""
RW3,8144,10/31/2023 23:15,17.2,0,"","","",""
RW3,8145,10/31/2023 23:20,17.2,0,"","","",""
RW3,8146,10/31/2023 23:25,17.29,0,"","","",""
RW3,8147,10/31/2023 23:30,17.2,0,"","","",""
RW3,8148,10/31/2023 23:35,17.24,0,"","","",""
RW3,8149,10/31/2023 23:40,17.2,0,"","","",""
RW3,8150,10/31/2023 23:45,17.2,0,"","","",""
RW3,8151,10/31/2023 23:50,17.24,0,"","","",""
RW3,8152,10/31/2023 23:55,17.2,0,"","","",""
RW3,8153,11/1/2023 0:00,17.2,0,"","","",""
RW3,8154,11/1/2023 0:05,17.16,0,"","","",""
RW3,8155,11/1/2023 0:10,17.2,0,"","","",""
RW3,8156,11/1/2023 0:15,17.24,0,"","","",""
RW3,8157,11/1/2023 0:20,17.2,0,"","","",""
RW3,8158,11/1/2023 0:25,17.2,0,"","","",""
RW3,8159,11/1/2023 0:30,17.2,0,"","","",""
RW3,8160,11/1/2023 0:35,17.16,0,"","","",""
RW3,8161,11/1/2023 0:40,17.2,0,"","","",""
RW3,8162,11/1/2023 0:45,17.2,0,"","","",""
RW3,8163,11/1/2023 0:50,17.16,0,"","","",""
RW3,8164,11/1/2023 0:55,17.16,0,"","","",""
RW3,8165,11/1/2023 1:00,17.24,0,"","","",""
RW3,8166,11/1/2023 1:05,17.2,0,"","","",""
RW3,8167,11/1/2023 1:10,17.16,0,"","","",""
RW3,8168,11/1/2023 1:15,17.2,0,"","","",""
RW3,8169,11/1/2023 1:20,17.11,0,"","","",""
RW3,8170,11/1/2023 1:25,17.11,0,"","","",""
RW3,8171,11/1/2023 1:30,17.11,0,"","","",""
RW3,8172,11/1/2023 1:35,17.07,0,"","","",""
RW3,8173,11/1/2023 1:40,17.07,0,"","","",""
RW3,8174,11/1/2023 1:45,17.11,0,"","","",""
RW3,8175,11/1/2023 1:50,17.11,0,"","","",""
RW3,8176,11/1/2023 1:55,17.11,0,"","","",""
RW3,8177,11/1/2023 2:00,17.11,0,"","","",""
RW3,8178,11/1/2023 2:05,17.07,0,"","","",""
RW3,8179,11/1/2023 2:10,17.03,0,"","","",""
RW3,8180,11/1/2023 2:15,17.11,0,"","","",""
RW3,8181,11/1/2023 2:20,17.11,0,"","","",""
RW3,8182,11/1/2023 2:25,17.07,0,"","","",""
RW3,8183,11/1/2023 2:30,17.03,0,"","","",""
RW3,8184,11/1/2023 2:35,17.03,0,"","","",""
RW3,8185,11/1/2023 2:40,17.03,0,"","","",""
RW3,8186,11/1/2023 2:45,17.03,0,"","","",""
RW3,8187,11/1/2023 2:50,17.03,0,"","","",""
RW3,8188,11/1/2023 2:55,17.03,0,"","","",""
RW3,8189,11/1/2023 3:00,17.03,0,"","","",""
RW3,8190,11/1/2023 3:05,16.99,0,"","","",""
RW3,8191,11/1/2023 3:10,17.03,0,"","","",""
RW3,8192,11/1/2023 3:15,16.99,0,"","","",""
RW3,8193,11/1/2023 3:20,16.94,0,"","","",""
RW3,8194,11/1/2023 3:25,16.99,0,"","","",""
RW3,8195,11/1/2023 3:30,16.99,0,"","","",""
RW3,8196,11/1/2023 3:35,16.94,0,"","","",""
RW3,8197,11/1/2023 3:40,16.99,0,"","","",""
RW3,8198,11/1/2023 3:45,16.94,0,"","","",""
RW3,8199,11/1/2023 3:50,16.94,0,"","","",""
RW3,8200,11/1/2023 3:55,16.9,0,"","","",""
RW3,8201,11/1/2023 4:00,16.9,0,"","","",""
RW3,8202,11/1/2023 4:05,16.9,0,"","","",""
RW3,8203,11/1/2023 4:10,16.86,0,"","","",""
RW3,8204,11/1/2023 4:15,16.77,0,"","","",""
RW3,8205,11/1/2023 4:20,16.81,0,"","","",""
RW3,8206,11/1/2023 4:25,16.77,0,"","","",""
RW3,8207,11/1/2023 4:30,16.77,0,"","","",""
RW3,8208,11/1/2023 4:35,16.77,0,"","","",""
RW3,8209,11/1/2023 4:40,16.77,0,"","","",""
RW3,8210,11/1/2023 4:45,16.73,0,"","","",""
RW3,8211,11/1/2023 4:50,16.69,0,"","","",""
RW3,8212,11/1/2023 4:55,16.64,0,"","","",""
RW3,8213,11/1/2023 5:00,16.64,0,"","","",""
RW3,8214,11/1/2023 5:05,16.73,0,"","","",""
RW3,8215,11/1/2023 5:10,16.69,0,"","","",""
RW3,8216,11/1/2023 5:15,16.73,0,"","","",""
RW3,8217,11/1/2023 5:20,16.69,0,"","","",""
RW3,8218,11/1/2023 5:25,16.69,0,"","","",""
RW3,8219,11/1/2023 5:30,16.69,0,"","","",""
RW3,8220,11/1/2023 5:35,16.69,0,"","","",""
RW3,8221,11/1/2023 5:40,16.69,0,"","","",""
RW3,8222,11/1/2023 5:45,16.64,0,"","","",""
RW3,8223,11/1/2023 5:50,16.69,0,"","","",""
RW3,8224,11/1/2023 5:55,16.64,0,"","","",""
RW3,8225,11/1/2023 6:00,16.64,0,"","","",""
RW3,8226,11/1/2023 6:05,16.69,0,"","","",""
RW3,8227,11/1/2023 6:10,16.73,0,"","","",""
RW3,8228,11/1/2023 6:15,16.73,0,"","","",""
RW3,8229,11/1/2023 6:20,16.73,0,"","","",""
RW3,8230,11/1/2023 6:25,16.69,0,"","","",""
RW3,8231,11/1/2023 6:30,16.73,0,"","","",""
RW3,8232,11/1/2023 6:35,16.73,0,"","","",""
RW3,8233,11/1/2023 6:40,16.69,0,"","","",""
RW3,8234,11/1/2023 6:45,16.64,0.21,"","","",""
RW3,8235,11/1/2023 6:50,16.69,0,"","","",""
RW3,8236,11/1/2023 6:55,16.69,0.43,"","","",""
RW3,8237,11/1/2023 7:00,16.73,1.3,"","","",""
RW3,8238,11/1/2023 7:05,16.69,40.53,"","","",""
RW3,8239,11/1/2023 7:10,16.64,35.7,"","","",""
RW3,8240,11/1/2023 7:15,16.64,6.07,"","","",""
RW3,8241,11/1/2023 7:20,16.6,260,"","","",""
RW3,8242,11/1/2023 7:25,16.64,14.37,"","","",""
RW3,8243,11/1/2023 7:30,16.69,178.16,"","","",""
RW3,8244,11/1/2023 7:35,16.69,14.62,"","","",""
RW3,8245,11/1/2023 7:40,16.73,576.8,"","","",""
RW3,8246,11/1/2023 7:45,16.69,698.88,"","","",""
RW3,8247,11/1/2023 7:50,16.69,858.56,"","","",""
RW3,8248,11/1/2023 7:55,16.73,2520.96,"","","",""
RW3,8249,11/1/2023 8:00,16.77,625.92,"","","",""
RW3,8250,11/1/2023 8:05,16.77,2958.08,"","","",""
RW3,8251,11/1/2023 8:10,16.81,40.58,"","","",""
RW3,8252,11/1/2023 8:15,16.81,2.17,"","","",""
RW3,8253,11/1/2023 8:20,16.77,277.12,"","","",""
RW3,8254,11/1/2023 8:25,16.81,546.88,"","","",""
RW3,8255,11/1/2023 8:30,16.81,2240,"","","",""
RW3,8256,11/1/2023 8:35,16.86,2851.84,"","","",""
RW3,8257,11/1/2023 8:40,16.9,750.08,"","","",""
RW3,8258,11/1/2023 8:45,16.9,257.84,"","","",""
RW3,8259,11/1/2023 8:50,17.03,7285.76,"","","",""
RW3,8260,11/1/2023 8:55,16.94,1678.72,"","","",""
RW3,8261,11/1/2023 9:00,16.99,1760.64,"","","",""
RW3,8262,11/1/2023 9:05,16.99,514.4,"","","",""
RW3,8263,11/1/2023 9:10,17.07,72.48,"","","",""
RW3,8264,11/1/2023 9:15,17.07,142.36,"","","",""
RW3,8265,11/1/2023 9:20,17.03,6899.2,"","","",""
RW3,8266,11/1/2023 9:25,17.16,548.64,"","","",""
RW3,8267,11/1/2023 9:30,17.11,1177.92,"","","",""
RW3,8268,11/1/2023 9:35,17.16,561.28,"","","",""
RW3,8269,11/1/2023 9:40,17.2,417.92,"","","",""
RW3,8270,11/1/2023 9:45,17.16,9320.96,"","","",""
RW3,8271,11/1/2023 9:50,17.16,4427.52,"","","",""
RW3,8272,11/1/2023 9:55,17.2,92.44,"","","",""
RW3,8273,11/1/2023 10:00,17.16,1943.04,"","","",""
RW3,8274,11/1/2023 10:05,17.29,378.08,"","","",""
RW3,8275,11/1/2023 10:10,17.29,4753.92,"","","",""
RW3,8276,11/1/2023 10:15,17.29,571.68,"","","",""
RW3,8277,11/1/2023 10:20,17.29,1504,"","","",""
RW3,8278,11/1/2023 10:25,17.33,7534.08,"","","",""
RW3,8279,11/1/2023 10:30,17.29,1215.36,"","","",""
RW3,8280,11/1/2023 10:35,17.37,4768,"","","",""
RW3,8281,11/1/2023 10:40,17.41,315.12,"","","",""
RW3,8282,11/1/2023 10:45,17.46,1239.68,"","","",""
RW3,8283,11/1/2023 10:50,17.5,2246.4,"","","",""
RW3,8284,11/1/2023 10:55,17.46,570.4,"","","",""
RW3,8285,11/1/2023 11:00,17.54,17146.88,"","","",""
RW3,8286,11/1/2023 11:05,17.46,2347.52,"","","",""
RW3,8287,11/1/2023 11:10,17.54,6287.36,"","","",""
RW3,8288,11/1/2023 11:15,17.59,616.32,"","","",""
RW3,8289,11/1/2023 11:20,17.63,19343.36,"","","",""
RW3,8290,11/1/2023 11:25,17.67,17807.36,"","","",""
RW3,8291,11/1/2023 11:30,17.67,2519.04,"","","",""
RW3,8292,11/1/2023 11:35,17.67,22.62,"","","",""
RW3,8293,11/1/2023 11:40,17.72,1920,"","","",""
RW3,8294,11/1/2023 11:45,17.76,1446.4,"","","",""
RW3,8295,11/1/2023 11:50,17.8,5885.44,"","","",""
RW3,8296,11/1/2023 11:55,17.8,17832.96,"","","",""
RW3,8297,11/1/2023 12:00,17.8,788.16,"","","",""
RW3,8298,11/1/2023 12:05,17.84,328.32,"","","",""
RW3,8299,11/1/2023 12:10,17.84,3078.4,"","","",""
RW3,8300,11/1/2023 12:15,17.84,20387.84,"","","",""
RW3,8301,11/1/2023 12:20,17.89,180.08,"","","",""
RW3,8302,11/1/2023 12:25,17.93,13972.48,"","","",""
RW3,8303,11/1/2023 12:30,17.84,2704.64,"","","",""
RW3,8304,11/1/2023 12:35,17.89,637.6,"","","",""
RW3,8305,11/1/2023 12:40,17.93,1010.56,"","","",""
RW3,8306,11/1/2023 12:45,17.93,688,"","","",""
RW3,8307,11/1/2023 12:50,17.97,253.04,"","","",""
RW3,8308,11/1/2023 12:55,17.93,262.8,"","","",""
RW3,8309,11/1/2023 13:00,17.97,3304.96,"","","",""
RW3,8310,11/1/2023 13:05,18.02,1927.04,"","","",""
RW3,8311,11/1/2023 13:10,18.02,209.2,"","","",""
RW3,8312,11/1/2023 13:15,18.02,2778.88,"","","",""
RW3,8313,11/1/2023 13:20,18.02,1067.84,"","","",""
RW3,8314,11/1/2023 13:25,17.97,4879.36,"","","",""
RW3,8315,11/1/2023 13:30,18.06,4273.92,"","","",""
RW3,8316,11/1/2023 13:35,18.1,5283.84,"","","",""
RW3,8317,11/1/2023 13:40,18.06,3353.6,"","","",""
RW3,8318,11/1/2023 13:45,18.1,818.56,"","","",""
RW3,8319,11/1/2023 13:50,18.06,2062.72,"","","",""
RW3,8320,11/1/2023 13:55,18.1,2684.16,"","","",""
RW3,8321,11/1/2023 14:00,18.1,267.12,"","","",""
RW3,8322,11/1/2023 14:05,18.14,8980.48,"","","",""
RW3,8323,11/1/2023 14:10,18.14,219.44,"","","",""
RW3,8324,11/1/2023 14:15,18.19,1014.72,"","","",""
RW3,8325,11/1/2023 14:20,18.14,2752,"","","",""
RW3,8326,11/1/2023 14:25,18.23,2538.24,"","","",""
RW3,8327,11/1/2023 14:30,18.23,3550.72,"","","",""
RW3,8328,11/1/2023 14:35,18.23,1591.04,"","","",""
RW3,8329,11/1/2023 14:40,18.32,4277.76,"","","",""
RW3,8330,11/1/2023 14:45,18.27,1897.6,"","","",""
RW3,8331,11/1/2023 14:50,18.32,564.64,"","","",""
RW3,8332,11/1/2023 14:55,18.36,12139.52,"","","",""
RW3,8333,11/1/2023 15:00,18.36,508.64,"","","",""
RW3,8334,11/1/2023 15:05,18.36,610.24,"","","",""
RW3,8335,11/1/2023 15:10,18.4,142.8,"","","",""
RW3,8336,11/1/2023 15:15,18.57,2654.72,"","","",""
RW3,8337,11/1/2023 15:20,18.44,677.76,"","","",""
RW3,8338,11/1/2023 15:25,18.62,299.68,"","","",""
RW3,8339,11/1/2023 15:30,18.62,17064.96,"","","",""
RW3,8340,11/1/2023 15:35,18.66,343.68,"","","",""
RW3,8341,11/1/2023 15:40,18.7,2649.6,"","","",""
RW3,8342,11/1/2023 15:45,18.83,3404.8,"","","",""
RW3,8343,11/1/2023 15:50,18.79,664,"","","",""
RW3,8344,11/1/2023 15:55,18.87,1032,"","","",""
RW3,8345,11/1/2023 16:00,18.44,1395.2,"","","",""
RW3,8346,11/1/2023 16:05,17.97,291.44,"","","",""
RW3,8347,11/1/2023 16:10,17.5,713.92,"","","",""
RW3,8348,11/1/2023 16:15,17.24,817.28,"","","",""
RW3,8424,11/1/2023 22:35,10.51,0,"","","",""
RW3,8425,11/1/2023 22:40,10.51,0,"","","",""
RW3,8426,11/1/2023 22:45,10.64,0,"","","",""
RW3,8427,11/1/2023 22:50,11.67,0,"","","",""
RW3,8428,11/1/2023 22:55,13.6,0,"","","",""
RW3,8429,11/1/2023 23:00,15.4,0,"","","",""
RW3,8430,11/1/2023 23:05,15.61,0,"","","",""
RW3,8431,11/1/2023 23:10,16.08,0,"","","",""
RW3,8432,11/1/2023 23:15,16.17,0,"","","",""
RW3,8433,11/1/2023 23:20,16.3,0,"","","",""
RW3,8434,11/1/2023 23:25,16.34,0,"","","",""
RW3,8435,11/1/2023 23:30,16.34,0,"","","",""
RW3,8436,11/1/2023 23:35,16.43,0,"","","",""
RW3,8437,11/1/2023 23:40,16.6,0,"","","",""
RW3,8438,11/1/2023 23:45,16.73,0,"","","",""
RW3,8439,11/1/2023 23:50,16.73,0,"","","",""
RW3,8440,11/1/2023 23:55,16.69,0,"","","",""
RW3,8441,11/2/2023 0:00,16.73,0,"","","",""
RW3,8442,11/2/2023 0:05,16.86,0,"","","",""
RW3,8443,11/2/2023 0:10,16.86,0,"","","",""
RW3,8444,11/2/2023 0:15,16.77,0,"","","",""
RW3,8445,11/2/2023 0:20,16.86,0,"","","",""
RW3,8446,11/2/2023 0:25,16.81,0,"","","",""
RW3,8447,11/2/2023 0:30,16.99,0,"","","",""
RW3,8448,11/2/2023 0:35,17.03,0,"","","",""
RW3,8449,11/2/2023 0:40,17.03,0,"","","",""
RW3,8450,11/2/2023 0:45,17.07,0,"","","",""
RW3,8451,11/2/2023 0:50,17.07,0,"","","",""
RW3,8452,11/2/2023 0:55,17.07,0,"","","",""
RW3,8453,11/2/2023 1:00,17.07,0,"","","",""
RW3,8454,11/2/2023 1:05,17.07,0,"","","",""
RW3,8455,11/2/2023 1:10,17.03,0,"","","",""
RW3,8456,11/2/2023 1:15,17.07,0,"","","",""
RW3,8457,11/2/2023 1:20,17.07,0,"","","",""
RW3,8458,11/2/2023 1:25,17.03,0,"","","",""
RW3,8459,11/2/2023 1:30,17.03,0,"","","",""
RW3,8460,11/2/2023 1:35,17.03,0,"","","",""
RW3,8461,11/2/2023 1:40,17.03,0,"","","",""
RW3,8462,11/2/2023 1:45,16.99,0,"","","",""
RW3,8463,11/2/2023 1:50,17.03,0,"","","",""
RW3,8464,11/2/2023 1:55,16.99,0,"","","",""
RW3,8465,11/2/2023 2:00,17.03,0,"","","",""
RW3,8466,11/2/2023 2:05,17.03,0,"","","",""
RW3,8467,11/2/2023 2:10,16.99,0,"","","",""
RW3,8468,11/2/2023 2:15,16.94,0,"","","",""
RW3,8469,11/2/2023 2:20,16.99,0,"","","",""
RW3,8470,11/2/2023 2:25,16.94,0,"","","",""
RW3,8471,11/2/2023 2:30,16.94,0,"","","",""
RW3,8472,11/2/2023 2:35,16.94,0,"","","",""
RW3,8473,11/2/2023 2:40,16.9,0,"","","",""
RW3,8474,11/2/2023 2:45,16.9,0,"","","",""
RW3,8475,11/2/2023 2:50,16.9,0,"","","",""
RW3,8476,11/2/2023 2:55,16.86,0,"","","",""
RW3,8477,11/2/2023 3:00,16.86,0,"","","",""
RW3,8478,11/2/2023 3:05,16.86,0,"","","",""
RW3,8479,11/2/2023 3:10,16.9,0,"","","",""
RW3,8480,11/2/2023 3:15,16.86,0,"","","",""
RW3,8481,11/2/2023 3:20,16.86,0,"","","",""
RW3,8482,11/2/2023 3:25,16.81,0,"","","",""
RW3,8483,11/2/2023 3:30,16.86,0,"","","",""
RW3,8484,11/2/2023 3:35,16.86,0,"","","",""
RW3,8485,11/2/2023 3:40,16.86,0,"","","",""
RW3,8486,11/2/2023 3:45,16.94,0,"","","",""
RW3,8487,11/2/2023 3:50,16.9,0,"","","",""
RW3,8488,11/2/2023 3:55,16.9,0,"","","",""
RW3,8489,11/2/2023 4:00,16.86,0,"","","",""
RW3,8490,11/2/2023 4:05,16.9,0,"","","",""
RW3,8491,11/2/2023 4:10,16.9,0,"","","",""
RW3,8492,11/2/2023 4:15,16.9,0,"","","",""
RW3,8493,11/2/2023 4:20,16.86,0,"","","",""
RW3,8494,11/2/2023 4:25,16.86,0,"","","",""
RW3,8495,11/2/2023 4:30,16.81,0,"","","",""
RW3,8496,11/2/2023 4:35,16.81,0,"","","",""
RW3,8497,11/2/2023 4:40,16.81,0,"","","",""
RW3,8498,11/2/2023 4:45,16.81,0,"","","",""
RW3,8499,11/2/2023 4:50,16.81,0,"","","",""
RW3,8500,11/2/2023 4:55,16.77,0,"","","",""
RW3,8501,11/2/2023 5:00,16.77,0,"","","",""
RW3,8502,11/2/2023 5:05,16.73,0,"","","",""
RW3,8503,11/2/2023 5:10,16.77,0,"","","",""
RW3,8504,11/2/2023 5:15,16.77,0,"","","",""
RW3,8505,11/2/2023 5:20,16.73,0,"","","",""
RW3,8506,11/2/2023 5:25,16.73,0,"","","",""
RW3,8507,11/2/2023 5:30,16.73,0,"","","",""
RW3,8508,11/2/2023 5:35,16.77,0,"","","",""
RW3,8509,11/2/2023 5:40,16.69,0,"","","",""
RW3,8510,11/2/2023 5:45,16.73,0,"","","",""
RW3,8511,11/2/2023 5:50,16.69,0,"","","",""
RW3,8512,11/2/2023 5:55,16.73,0,"","","",""
RW3,8513,11/2/2023 6:00,16.64,0,"","","",""
RW3,8514,11/2/2023 6:05,16.69,0,"","","",""
RW3,8515,11/2/2023 6:10,16.73,0,"","","",""
RW3,8516,11/2/2023 6:15,16.73,0,"","","",""
RW3,8517,11/2/2023 6:20,16.69,0,"","","",""
RW3,8518,11/2/2023 6:25,16.69,0,"","","",""
RW3,8519,11/2/2023 6:30,16.69,0,"","","",""
RW3,8520,11/2/2023 6:35,16.69,0,"","","",""
RW3,8521,11/2/2023 6:40,16.69,0,"","","",""
RW3,8522,11/2/2023 6:45,16.73,0,"","","",""
RW3,8523,11/2/2023 6:50,16.69,0,"","","",""
RW3,8524,11/2/2023 6:55,16.64,4.55,"","","",""
RW3,8525,11/2/2023 7:00,16.73,1.3,"","","",""
RW3,8526,11/2/2023 7:05,16.69,32.23,"","","",""
RW3,8527,11/2/2023 7:10,16.73,62.72,"","","",""
RW3,8528,11/2/2023 7:15,16.73,91.56,"","","",""
RW3,8529,11/2/2023 7:20,16.73,13.29,"","","",""
RW3,8530,11/2/2023 7:25,16.73,122.2,"","","",""
RW3,8531,11/2/2023 7:30,16.73,491.36,"","","",""
RW3,8532,11/2/2023 7:35,16.73,400.64,"","","",""
RW3,8533,11/2/2023 7:40,16.73,51.6,"","","",""
RW3,8534,11/2/2023 7:45,16.73,222.64,"","","",""
RW3,8535,11/2/2023 7:50,16.73,379.04,"","","",""
RW3,8536,11/2/2023 7:55,16.73,67.28,"","","",""
RW3,8537,11/2/2023 8:00,16.73,485.28,"","","",""
RW3,8538,11/2/2023 8:05,16.77,893.76,"","","",""
RW3,8539,11/2/2023 8:10,16.86,699.52,"","","",""
RW3,8540,11/2/2023 8:15,16.86,460,"","","",""
RW3,8541,11/2/2023 8:20,16.86,1985.92,"","","",""
RW3,8542,11/2/2023 8:25,16.9,496.48,"","","",""
RW3,8543,11/2/2023 8:30,16.9,2771.2,"","","",""
RW3,8544,11/2/2023 8:35,16.94,4851.2,"","","",""
RW3,8545,11/2/2023 8:40,17.03,283.44,"","","",""
RW3,8546,11/2/2023 8:45,17.03,1263.04,"","","",""
RW3,8547,11/2/2023 8:50,17.03,1154.56,"","","",""
RW3,8548,11/2/2023 8:55,17.03,6993.92,"","","",""
RW3,8549,11/2/2023 9:00,17.07,281.28,"","","",""
RW3,8550,11/2/2023 9:05,17.07,1817.6,"","","",""
RW3,8551,11/2/2023 9:10,17.07,4486.4,"","","",""
RW3,8552,11/2/2023 9:15,17.03,4236.8,"","","",""
RW3,8553,11/2/2023 9:20,17.07,464.8,"","","",""
RW3,8554,11/2/2023 9:25,17.07,348.32,"","","",""
RW3,8555,11/2/2023 9:30,17.11,120.24,"","","",""
RW3,8556,11/2/2023 9:35,17.24,7764.48,"","","",""
RW3,8557,11/2/2023 9:40,17.2,2272.64,"","","",""
RW3,8558,11/2/2023 9:45,17.2,529.12,"","","",""
RW3,8559,11/2/2023 9:50,17.2,244.16,"","","",""
RW3,8560,11/2/2023 9:55,17.2,5690.88,"","","",""
RW3,8561,11/2/2023 10:00,17.24,1840,"","","",""
RW3,8562,11/2/2023 10:05,17.33,146.04,"","","",""
RW3,8563,11/2/2023 10:10,17.29,124.8,"","","",""
RW3,8564,11/2/2023 10:15,17.46,7659.52,"","","",""
RW3,8565,11/2/2023 10:20,17.41,7723.52,"","","",""
RW3,8566,11/2/2023 10:25,17.37,10895.36,"","","",""
RW3,8567,11/2/2023 10:30,17.37,72.82,"","","",""
RW3,8568,11/2/2023 10:35,17.46,9208.32,"","","",""
RW3,8569,11/2/2023 10:40,17.37,1531.52,"","","",""
RW3,8570,11/2/2023 10:45,17.41,138.8,"","","",""
RW3,8571,11/2/2023 10:50,17.46,5125.12,"","","",""
RW3,8572,11/2/2023 10:55,17.5,8076.8,"","","",""
RW3,8573,11/2/2023 11:00,17.54,2376.96,"","","",""
RW3,8574,11/2/2023 11:05,17.5,2405.76,"","","",""
RW3,8575,11/2/2023 11:10,17.59,443.52,"","","",""
RW3,8576,11/2/2023 11:15,17.54,5926.4,"","","",""
RW3,8577,11/2/2023 11:20,17.63,2029.44,"","","",""
RW3,8578,11/2/2023 11:25,17.63,1878.4,"","","",""
RW3,8579,11/2/2023 11:30,17.59,327.52,"","","",""
RW3,8580,11/2/2023 11:35,17.67,141.16,"","","",""
RW3,8581,11/2/2023 11:40,17.72,9216,"","","",""
RW3,8582,11/2/2023 11:45,17.67,9856,"","","",""
RW3,8583,11/2/2023 11:50,17.72,605.44,"","","",""
RW3,8584,11/2/2023 11:55,17.76,6497.28,"","","",""
RW3,8585,11/2/2023 12:00,17.89,10705.92,"","","",""
RW3,8586,11/2/2023 12:05,17.89,2099.2,"","","",""
RW3,8587,11/2/2023 12:10,17.89,8581.12,"","","",""
RW3,8588,11/2/2023 12:15,17.93,21012.48,"","","",""
RW3,8589,11/2/2023 12:20,17.93,3322.88,"","","",""
RW3,8590,11/2/2023 12:25,17.93,3207.68,"","","",""
RW3,8591,11/2/2023 12:30,17.93,1164.16,"","","",""
RW3,8592,11/2/2023 12:35,17.93,8903.68,"","","",""
RW3,8593,11/2/2023 12:40,18.02,16404.48,"","","",""
RW3,8594,11/2/2023 12:45,18.06,437.44,"","","",""
RW3,8595,11/2/2023 12:50,18.02,150.28,"","","",""
RW3,8596,11/2/2023 12:55,18.02,7918.08,"","","",""
RW3,8597,11/2/2023 13:00,18.06,4176.64,"","","",""
RW3,8598,11/2/2023 13:05,18.1,92.32,"","","",""
RW3,8599,11/2/2023 13:10,18.02,347.68,"","","",""
RW3,8600,11/2/2023 13:15,18.1,4587.52,"","","",""
RW3,8601,11/2/2023 13:20,18.06,1127.68,"","","",""
RW3,8602,11/2/2023 13:25,18.14,2952.96,"","","",""
RW3,8603,11/2/2023 13:30,18.23,8181.76,"","","",""
RW3,8604,11/2/2023 13:35,18.19,1027.84,"","","",""
RW3,8605,11/2/2023 13:40,18.19,1701.12,"","","",""
RW3,8606,11/2/2023 13:45,18.23,10803.2,"","","",""
RW3,8607,11/2/2023 13:50,18.23,56.04,"","","",""
RW3,8608,11/2/2023 13:55,18.32,3107.84,"","","",""
RW3,8609,11/2/2023 14:00,18.32,8007.68,"","","",""
RW3,8610,11/2/2023 14:05,18.32,198.32,"","","",""
RW3,8611,11/2/2023 14:10,18.27,676.48,"","","",""
RW3,8612,11/2/2023 14:15,18.32,3128.32,"","","",""
RW3,8613,11/2/2023 14:20,18.32,7544.32,"","","",""
RW3,8614,11/2/2023 14:25,18.32,6489.6,"","","",""
RW3,8615,11/2/2023 14:30,18.32,507.36,"","","",""
RW3,8616,11/2/2023 14:35,18.36,11136,"","","",""
RW3,8617,11/2/2023 14:40,18.36,1241.28,"","","",""
RW3,8618,11/2/2023 14:45,18.32,6016,"","","",""
RW3,8619,11/2/2023 14:50,18.4,19348.48,"","","",""
RW3,8620,11/2/2023 14:55,18.4,289.04,"","","",""
RW3,8621,11/2/2023 15:00,18.44,1654.4,"","","",""
RW3,8622,11/2/2023 15:05,18.49,6999.04,"","","",""
RW3,8623,11/2/2023 15:10,18.49,380.16,"","","",""
RW3,8624,11/2/2023 15:15,18.44,5056,"","","",""
RW3,8625,11/2/2023 15:20,18.57,369.76,"","","",""
RW3,8626,11/2/2023 15:25,18.53,509.6,"","","",""
RW3,8627,11/2/2023 15:30,18.53,195.28,"","","",""
RW3,8628,11/2/2023 15:35,18.53,394.08,"","","",""
RW3,8629,11/2/2023 15:40,18.53,4281.6,"","","",""
RW3,8630,11/2/2023 15:45,18.49,553.92,"","","",""
RW3,8631,11/2/2023 15:50,18.49,79.76,"","","",""
RW3,8632,11/2/2023 15:55,18.44,78.68,"","","",""
RW3,8633,11/2/2023 16:00,18.44,120.68,"","","",""
RW3,8634,11/2/2023 16:05,18.53,11883.52,"","","",""
RW3,8635,11/2/2023 16:10,18.44,543.04,"","","",""
RW3,8636,11/2/2023 16:15,18.36,60.44,"","","",""
RW3,8637,11/2/2023 16:20,18.32,136.28,"","","",""
RW3,8638,11/2/2023 16:25,18.32,327.68,"","","",""
RW3,8639,11/2/2023 16:30,18.27,4920.32,"","","",""
RW3,8640,11/2/2023 16:35,18.19,170.56,"","","",""
RW3,8641,11/2/2023 16:40,18.1,206.4,"","","",""
RW3,8642,11/2/2023 16:45,18.02,782.08,"","","",""
RW3,8643,11/2/2023 16:50,17.93,209.6,"","","",""
RW3,8644,11/2/2023 16:55,17.93,489.12,"","","",""
RW3,8645,11/2/2023 17:00,17.63,294.72,"","","",""
RW3,8646,11/2/2023 17:05,17.16,253.92,"","","",""
RW3,8647,11/2/2023 17:10,16.43,208.32,"","","",""
RW3,8648,11/2/2023 17:11,,,Logged,Logged,"",""
RW3,8649,11/2/2023 17:11,,,"","",Logged,""
RW3,8650,11/2/2023 17:15,15.44,819.52,"","","",""
RW3,8651,11/2/2023 17:20,15.23,845.76,"","","",""
RW3,8729,11/2/2023 23:50,10.68,0,"","","",""
RW3,8730,11/2/2023 23:55,10.42,0,"","","",""
RW3,8731,11/3/2023 0:00,10.34,0,"","","",""
RW3,8732,11/3/2023 0:05,10.38,0,"","","",""
RW3,8733,11/3/2023 0:10,12.48,0,"","","",""
RW3,8734,11/3/2023 0:15,12.65,0,"","","",""
RW3,8735,11/3/2023 0:20,14.58,0,"","","",""
RW3,8736,11/3/2023 0:25,15.91,0,"","","",""
RW3,8737,11/3/2023 0:30,16.21,0,"","","",""
RW3,8738,11/3/2023 0:35,16.39,0,"","","",""
RW3,8739,11/3/2023 0:40,16.34,0,"","","",""
RW3,8740,11/3/2023 0:45,16.47,0,"","","",""
RW3,8741,11/3/2023 0:50,16.64,0,"","","",""
RW3,8742,11/3/2023 0:55,16.73,0,"","","",""
RW3,8743,11/3/2023 1:00,16.73,0,"","","",""
RW3,8744,11/3/2023 1:05,16.86,0,"","","",""
RW3,8745,11/3/2023 1:10,16.9,0,"","","",""
RW3,8746,11/3/2023 1:15,16.9,0,"","","",""
RW3,8747,11/3/2023 1:20,16.94,0,"","","",""
RW3,8748,11/3/2023 1:25,16.94,0,"","","",""
RW3,8749,11/3/2023 1:30,16.94,0,"","","",""
RW3,8750,11/3/2023 1:35,16.94,0,"","","",""
RW3,8751,11/3/2023 1:40,16.99,0,"","","",""
RW3,8752,11/3/2023 1:45,17.03,0,"","","",""
RW3,8753,11/3/2023 1:50,17.07,0,"","","",""
RW3,8754,11/3/2023 1:55,17.03,0,"","","",""
RW3,8755,11/3/2023 2:00,17.07,0,"","","",""
RW3,8756,11/3/2023 2:05,17.11,0,"","","",""
RW3,8757,11/3/2023 2:10,17.16,0,"","","",""
RW3,8758,11/3/2023 2:15,17.16,0,"","","",""
RW3,8759,11/3/2023 2:20,17.16,0,"","","",""
RW3,8760,11/3/2023 2:25,17.2,0,"","","",""
RW3,8761,11/3/2023 2:30,17.16,0,"","","",""
RW3,8762,11/3/2023 2:35,17.2,0,"","","",""
RW3,8763,11/3/2023 2:40,17.2,0,"","","",""
RW3,8764,11/3/2023 2:45,17.2,0,"","","",""
RW3,8765,11/3/2023 2:50,17.2,0,"","","",""
RW3,8766,11/3/2023 2:55,17.24,0,"","","",""
RW3,8767,11/3/2023 3:00,17.29,0,"","","",""
RW3,8768,11/3/2023 3:05,17.24,0,"","","",""
RW3,8769,11/3/2023 3:10,17.33,0,"","","",""
RW3,8770,11/3/2023 3:15,17.29,0,"","","",""
RW3,8771,11/3/2023 3:20,17.33,0,"","","",""
RW3,8772,11/3/2023 3:25,17.33,0,"","","",""
RW3,8773,11/3/2023 3:30,17.29,0,"","","",""
RW3,8774,11/3/2023 3:35,17.29,0,"","","",""
RW3,8775,11/3/2023 3:40,17.29,0,"","","",""
RW3,8776,11/3/2023 3:45,17.33,0,"","","",""
RW3,8777,11/3/2023 3:50,17.29,0,"","","",""
RW3,8778,11/3/2023 3:55,17.33,0,"","","",""
RW3,8779,11/3/2023 4:00,17.33,0,"","","",""
RW3,8780,11/3/2023 4:05,17.33,0,"","","",""
RW3,8781,11/3/2023 4:10,17.33,0,"","","",""
RW3,8782,11/3/2023 4:15,17.37,0,"","","",""
RW3,8783,11/3/2023 4:20,17.37,0,"","","",""
RW3,8784,11/3/2023 4:25,17.33,0,"","","",""
RW3,8785,11/3/2023 4:30,17.37,0,"","","",""
RW3,8786,11/3/2023 4:35,17.33,0,"","","",""
RW3,8787,11/3/2023 4:40,17.33,0,"","","",""
RW3,8788,11/3/2023 4:45,17.37,0,"","","",""
RW3,8789,11/3/2023 4:50,17.33,0,"","","",""
RW3,8790,11/3/2023 4:55,17.37,0,"","","",""
RW3,8791,11/3/2023 5:00,17.29,0,"","","",""
RW3,8792,11/3/2023 5:05,17.33,0,"","","",""
RW3,8793,11/3/2023 5:10,17.37,0,"","","",""
RW3,8794,11/3/2023 5:15,17.33,0,"","","",""
RW3,8795,11/3/2023 5:20,17.37,0,"","","",""
RW3,8796,11/3/2023 5:25,17.37,0,"","","",""
RW3,8797,11/3/2023 5:30,17.33,0,"","","",""
RW3,8798,11/3/2023 5:35,17.33,0,"","","",""
RW3,8799,11/3/2023 5:40,17.33,0,"","","",""
RW3,8800,11/3/2023 5:45,17.33,0,"","","",""
RW3,8801,11/3/2023 5:50,17.37,0,"","","",""
RW3,8802,11/3/2023 5:55,17.33,0,"","","",""
RW3,8803,11/3/2023 6:00,17.29,0,"","","",""
RW3,8804,11/3/2023 6:05,17.29,0,"","","",""
RW3,8805,11/3/2023 6:10,17.29,0,"","","",""
RW3,8806,11/3/2023 6:15,17.29,0,"","","",""
RW3,8807,11/3/2023 6:20,17.24,0,"","","",""
RW3,8808,11/3/2023 6:25,17.24,0,"","","",""
RW3,8809,11/3/2023 6:30,17.24,0,"","","",""
RW3,8810,11/3/2023 6:35,17.29,0,"","","",""
RW3,8811,11/3/2023 6:40,17.2,0,"","","",""
RW3,8812,11/3/2023 6:45,17.24,0,"","","",""
RW3,8813,11/3/2023 6:50,17.2,0.21,"","","",""
RW3,8814,11/3/2023 6:55,17.2,0.43,"","","",""
RW3,8815,11/3/2023 7:00,17.2,13.05,"","","",""
RW3,8816,11/3/2023 7:05,17.16,26.96,"","","",""
RW3,8817,11/3/2023 7:10,17.11,48.78,"","","",""
RW3,8818,11/3/2023 7:15,17.16,105.48,"","","",""
RW3,8819,11/3/2023 7:20,17.2,154.52,"","","",""
RW3,8820,11/3/2023 7:25,17.16,137.04,"","","",""
RW3,8821,11/3/2023 7:30,17.16,45.78,"","","",""
RW3,8822,11/3/2023 7:35,17.2,84.64,"","","",""
RW3,8823,11/3/2023 7:40,17.16,605.92,"","","",""
RW3,8824,11/3/2023 7:45,17.16,340.64,"","","",""
RW3,8825,11/3/2023 7:50,17.16,872.96,"","","",""
RW3,8826,11/3/2023 7:55,17.16,928.32,"","","",""
RW3,8827,11/3/2023 8:00,17.2,72.6,"","","",""
RW3,8828,11/3/2023 8:05,17.2,1816.96,"","","",""
RW3,8829,11/3/2023 8:10,17.24,712.96,"","","",""
RW3,8830,11/3/2023 8:15,17.24,1703.68,"","","",""
RW3,8831,11/3/2023 8:20,17.24,142.6,"","","",""
RW3,8832,11/3/2023 8:25,17.24,704.32,"","","",""
RW3,8833,11/3/2023 8:30,17.29,341.6,"","","",""
RW3,8834,11/3/2023 8:35,17.29,1318.4,"","","",""
RW3,8835,11/3/2023 8:40,17.33,4520.96,"","","",""
RW3,8836,11/3/2023 8:45,17.33,196.64,"","","",""
RW3,8837,11/3/2023 8:50,17.29,3799.04,"","","",""
RW3,8838,11/3/2023 8:55,17.37,1505.28,"","","",""
RW3,8839,11/3/2023 9:00,17.37,7621.12,"","","",""
RW3,8840,11/3/2023 9:05,17.41,1847.04,"","","",""
RW3,8841,11/3/2023 9:10,17.46,3303.68,"","","",""
RW3,8842,11/3/2023 9:15,17.46,943.68,"","","",""
RW3,8843,11/3/2023 9:20,17.46,4540.16,"","","",""
RW3,8844,11/3/2023 9:25,17.5,4062.72,"","","",""
RW3,8845,11/3/2023 9:30,17.54,1812.48,"","","",""
RW3,8846,11/3/2023 9:35,17.63,10119.68,"","","",""
RW3,8847,11/3/2023 9:40,17.63,1841.92,"","","",""
RW3,8848,11/3/2023 9:45,17.63,1555.84,"","","",""
RW3,8849,11/3/2023 9:50,17.59,96.36,"","","",""
RW3,8850,11/3/2023 9:55,17.59,5816.32,"","","",""
RW3,8851,11/3/2023 10:00,17.67,585.92,"","","",""
RW3,8852,11/3/2023 10:05,17.63,4638.72,"","","",""
RW3,8853,11/3/2023 10:10,17.63,1258.88,"","","",""
RW3,8854,11/3/2023 10:15,17.72,10201.6,"","","",""
RW3,8855,11/3/2023 10:20,17.72,6848,"","","",""
RW3,8856,11/3/2023 10:25,17.72,6686.72,"","","",""
RW3,8857,11/3/2023 10:30,17.76,20510.72,"","","",""
RW3,8858,11/3/2023 10:35,17.84,945.28,"","","",""
RW3,8859,11/3/2023 10:40,17.8,144.32,"","","",""
RW3,8860,11/3/2023 10:45,17.84,12026.88,"","","",""
RW3,8861,11/3/2023 10:50,17.84,3944.96,"","","",""
RW3,8862,11/3/2023 10:55,17.93,134.88,"","","",""
RW3,8863,11/3/2023 11:00,17.93,4281.6,"","","",""
RW3,8864,11/3/2023 11:05,17.89,1210.88,"","","",""
RW3,8865,11/3/2023 11:10,17.89,992.32,"","","",""
RW3,8866,11/3/2023 11:15,17.93,16783.36,"","","",""
RW3,8867,11/3/2023 11:20,17.93,15569.92,"","","",""
RW3,8868,11/3/2023 11:25,18.02,2298.88,"","","",""
RW3,8869,11/3/2023 11:30,18.06,1517.44,"","","",""
RW3,8870,11/3/2023 11:35,18.1,23674.88,"","","",""
RW3,8871,11/3/2023 11:40,18.06,158.96,"","","",""
RW3,8872,11/3/2023 11:45,18.06,3159.04,"","","",""
RW3,8873,11/3/2023 11:50,18.06,931.52,"","","",""
RW3,8874,11/3/2023 11:55,18.1,878.4,"","","",""
RW3,8875,11/3/2023 12:00,18.14,3316.48,"","","",""
RW3,8876,11/3/2023 12:05,18.14,2567.68,"","","",""
RW3,8877,11/3/2023 12:10,18.06,255.44,"","","",""
RW3,8878,11/3/2023 12:15,18.1,2510.72,"","","",""
RW3,8879,11/3/2023 12:20,18.14,1554.56,"","","",""
RW3,8880,11/3/2023 12:25,18.19,1626.88,"","","",""
RW3,8881,11/3/2023 12:30,18.32,3801.6,"","","",""
RW3,8882,11/3/2023 12:35,18.23,436.16,"","","",""
RW3,8883,11/3/2023 12:40,18.27,10639.36,"","","",""
RW3,8884,11/3/2023 12:45,18.32,6627.84,"","","",""
RW3,8885,11/3/2023 12:50,18.32,7854.08,"","","",""
RW3,8886,11/3/2023 12:55,18.32,21432.32,"","","",""
RW3,8887,11/3/2023 13:00,18.32,4910.08,"","","",""
RW3,8888,11/3/2023 13:05,18.36,10839.04,"","","",""
RW3,8889,11/3/2023 13:10,18.36,91.16,"","","",""
RW3,8890,11/3/2023 13:15,18.27,5245.44,"","","",""
RW3,8891,11/3/2023 13:20,18.36,6159.36,"","","",""
RW3,8892,11/3/2023 13:25,18.36,2045.44,"","","",""
RW3,8893,11/3/2023 13:30,18.32,1549.44,"","","",""
RW3,8894,11/3/2023 13:35,18.32,5401.6,"","","",""
RW3,8895,11/3/2023 13:40,18.36,17356.8,"","","",""
RW3,8896,11/3/2023 13:45,18.4,2074.88,"","","",""
RW3,8897,11/3/2023 13:50,18.44,3002.88,"","","",""
RW3,8898,11/3/2023 13:55,18.44,10956.8,"","","",""
RW3,8899,11/3/2023 14:00,18.44,214,"","","",""
RW3,8900,11/3/2023 14:05,18.44,3541.76,"","","",""
RW3,8901,11/3/2023 14:10,18.44,5445.12,"","","",""
RW3,8902,11/3/2023 14:15,18.32,494.4,"","","",""
RW3,8903,11/3/2023 14:20,18.44,7124.48,"","","",""
RW3,8904,11/3/2023 14:25,18.4,134.56,"","","",""
RW3,8905,11/3/2023 14:30,18.44,322.32,"","","",""
RW3,8906,11/3/2023 14:35,18.49,3823.36,"","","",""
RW3,8907,11/3/2023 14:40,18.57,1266.56,"","","",""
RW3,8908,11/3/2023 14:45,18.57,2588.8,"","","",""
RW3,8909,11/3/2023 14:50,18.53,1735.04,"","","",""
RW3,8910,11/3/2023 14:55,18.53,1229.12,"","","",""
RW3,8911,11/3/2023 15:00,18.62,618.88,"","","",""
RW3,8912,11/3/2023 15:05,18.57,1751.68,"","","",""
RW3,8913,11/3/2023 15:10,18.49,987.84,"","","",""
RW3,8914,11/3/2023 15:15,18.57,401.92,"","","",""
RW3,8915,11/3/2023 15:20,18.57,3008,"","","",""
RW3,8916,11/3/2023 15:25,18.57,1092.16,"","","",""
RW3,8917,11/3/2023 15:30,18.57,2083.2,"","","",""
RW3,8918,11/3/2023 15:35,18.57,2218.88,"","","",""
RW3,8919,11/3/2023 15:40,18.49,2380.16,"","","",""
RW3,8920,11/3/2023 15:45,18.44,467.04,"","","",""
RW3,8921,11/3/2023 15:50,18.53,4555.52,"","","",""
RW3,8922,11/3/2023 15:55,18.53,173.2,"","","",""
RW3,8923,11/3/2023 16:00,18.57,6589.44,"","","",""
RW3,8924,11/3/2023 16:05,18.62,1075.52,"","","",""
RW3,8925,11/3/2023 16:10,18.7,7308.8,"","","",""
RW3,8926,11/3/2023 16:15,18.57,157.88,"","","",""
RW3,8927,11/3/2023 16:20,18.57,727.36,"","","",""
RW3,8928,11/3/2023 16:25,18.53,298.64,"","","",""
RW3,8929,11/3/2023 16:30,18.57,483.04,"","","",""
RW3,8930,11/3/2023 16:35,18.57,2763.52,"","","",""
RW3,8931,11/3/2023 16:40,18.57,586.4,"","","",""
RW3,8932,11/3/2023 16:45,18.57,333.28,"","","",""
RW3,8933,11/3/2023 16:50,18.62,2963.2,"","","",""
RW3,8934,11/3/2023 16:55,18.57,659.2,"","","",""
RW3,8935,11/3/2023 17:00,18.53,487.04,"","","",""
RW3,8936,11/3/2023 17:05,18.53,16.63,"","","",""
RW3,8937,11/3/2023 17:10,18.49,4334.08,"","","",""
RW3,8938,11/3/2023 17:15,18.49,183.12,"","","",""
RW3,8939,11/3/2023 17:20,18.4,1216.96,"","","",""
RW3,8940,11/3/2023 17:25,18.32,50.02,"","","",""
RW3,8941,11/3/2023 17:30,18.19,18.8,"","","",""
RW3,8942,11/3/2023 17:35,18.14,6.53,"","","",""
RW3,8943,11/3/2023 17:40,18.1,5.45,"","","",""
RW3,8944,11/3/2023 17:45,18.06,1.73,"","","",""
RW3,8945,11/3/2023 17:50,17.97,21.92,"","","",""
RW3,8946,11/3/2023 17:55,17.93,7.43,"","","",""
RW3,8947,11/3/2023 18:00,17.89,40.69,"","","",""
RW3,8948,11/3/2023 18:05,17.93,9.84,"","","",""
RW3,8949,11/3/2023 18:10,17.89,3.9,"","","",""
RW3,8950,11/3/2023 18:15,17.8,1.95,"","","",""
RW3,8951,11/3/2023 18:20,16.81,4.34,"","","",""
RW3,8952,11/3/2023 18:25,16.04,1.08,"","","",""
RW3,8953,11/3/2023 18:30,15.66,0.21,"","","",""
RW3,8954,11/3/2023 18:35,15.53,0,"","","",""
RW3,8955,11/3/2023 18:40,15.57,0,"","","",""
RW3,8956,11/3/2023 18:45,15.61,0,"","","",""
RW3,8957,11/3/2023 18:50,16.17,0,"","","",""
RW3,8958,11/3/2023 18:55,16.04,0,"","","",""
RW3,8959,11/3/2023 19:00,16.08,0,"","","",""
RW3,8960,11/3/2023 19:05,16.21,1.3,"","","",""
RW3,8961,11/3/2023 19:10,16.26,0,"","","",""
RW3,8962,11/3/2023 19:15,16.3,0,"","","",""
RW3,8963,11/3/2023 19:20,16.21,0,"","","",""
RW3,8964,11/3/2023 19:25,16.17,0,"","","",""
RW3,8965,11/3/2023 19:30,16.04,0,"","","",""
RW3,8966,11/3/2023 19:35,15.91,0,"","","",""
RW3,8967,11/3/2023 19:40,15.78,0,"","","",""
RW3,8968,11/3/2023 19:45,15.66,0,"","","",""
RW3,8969,11/3/2023 19:49,,,Logged,Logged,"",""
RW3,8970,11/3/2023 19:49,,,"","",Logged,Logged
