Plot,#,Date-Time (PDT),Ch:1 - Temperature   (°C),Ch:2 - Light   (lux),Button Down,Button Up,Host Connected,End of File
RW5,1,10/3/2023 16:35,22.56,4222.72,"","","",""
RW5,2,10/3/2023 16:40,19.86,2326.4,"","","",""
RW5,3,10/3/2023 16:45,19.47,1392,"","","",""
RW5,4,10/3/2023 16:50,19.43,980.8,"","","",""
RW5,5,10/3/2023 16:55,19.22,1184.32,"","","",""
RW5,74,10/3/2023 22:40,16.69,0,"","","",""
RW5,75,10/3/2023 22:45,16.69,0,"","","",""
RW5,76,10/3/2023 22:50,17.16,0,"","","",""
RW5,77,10/3/2023 22:55,17.33,0,"","","",""
RW5,78,10/3/2023 23:00,17.54,0,"","","",""
RW5,79,10/3/2023 23:05,17.24,0,"","","",""
RW5,80,10/3/2023 23:10,17.54,0,"","","",""
RW5,81,10/3/2023 23:15,17.63,0,"","","",""
RW5,82,10/3/2023 23:20,17.67,0,"","","",""
RW5,83,10/3/2023 23:25,17.72,0,"","","",""
RW5,84,10/3/2023 23:30,17.72,0,"","","",""
RW5,85,10/3/2023 23:35,17.76,0,"","","",""
RW5,86,10/3/2023 23:40,17.8,0,"","","",""
RW5,87,10/3/2023 23:45,17.8,0,"","","",""
RW5,88,10/3/2023 23:50,17.76,0,"","","",""
RW5,89,10/3/2023 23:55,17.8,0,"","","",""
RW5,90,10/4/2023 0:00,17.8,0,"","","",""
RW5,91,10/4/2023 0:05,17.76,0,"","","",""
RW5,92,10/4/2023 0:10,17.76,0,"","","",""
RW5,93,10/4/2023 0:15,17.8,0,"","","",""
RW5,94,10/4/2023 0:20,17.8,0,"","","",""
RW5,95,10/4/2023 0:25,17.76,0,"","","",""
RW5,96,10/4/2023 0:30,17.76,0,"","","",""
RW5,97,10/4/2023 0:35,17.72,0,"","","",""
RW5,98,10/4/2023 0:40,17.76,0,"","","",""
RW5,99,10/4/2023 0:45,17.72,0,"","","",""
RW5,100,10/4/2023 0:50,17.67,0,"","","",""
RW5,101,10/4/2023 0:55,17.67,0,"","","",""
RW5,102,10/4/2023 1:00,17.63,0,"","","",""
RW5,103,10/4/2023 1:05,17.63,0,"","","",""
RW5,104,10/4/2023 1:10,17.63,0,"","","",""
RW5,105,10/4/2023 1:15,17.59,0,"","","",""
RW5,106,10/4/2023 1:20,17.54,0,"","","",""
RW5,107,10/4/2023 1:25,17.59,0,"","","",""
RW5,108,10/4/2023 1:30,17.54,0,"","","",""
RW5,109,10/4/2023 1:35,17.54,0,"","","",""
RW5,110,10/4/2023 1:40,17.5,0,"","","",""
RW5,111,10/4/2023 1:45,17.46,0,"","","",""
RW5,112,10/4/2023 1:50,17.46,0,"","","",""
RW5,113,10/4/2023 1:55,17.46,0,"","","",""
RW5,114,10/4/2023 2:00,17.41,0,"","","",""
RW5,115,10/4/2023 2:05,17.37,0,"","","",""
RW5,116,10/4/2023 2:10,17.37,0,"","","",""
RW5,117,10/4/2023 2:15,17.33,0,"","","",""
RW5,118,10/4/2023 2:20,17.33,0,"","","",""
RW5,119,10/4/2023 2:25,17.33,0,"","","",""
RW5,120,10/4/2023 2:30,17.37,0,"","","",""
RW5,121,10/4/2023 2:35,17.29,0,"","","",""
RW5,122,10/4/2023 2:40,17.29,0,"","","",""
RW5,123,10/4/2023 2:45,17.33,0,"","","",""
RW5,124,10/4/2023 2:50,17.29,0,"","","",""
RW5,125,10/4/2023 2:55,17.24,0,"","","",""
RW5,126,10/4/2023 3:00,17.24,0,"","","",""
RW5,127,10/4/2023 3:05,17.24,0,"","","",""
RW5,128,10/4/2023 3:10,17.24,0,"","","",""
RW5,129,10/4/2023 3:15,17.24,0,"","","",""
RW5,130,10/4/2023 3:20,17.24,0,"","","",""
RW5,131,10/4/2023 3:25,17.24,0,"","","",""
RW5,132,10/4/2023 3:30,17.24,0,"","","",""
RW5,133,10/4/2023 3:35,17.24,0,"","","",""
RW5,134,10/4/2023 3:40,17.2,0,"","","",""
RW5,135,10/4/2023 3:45,17.2,0,"","","",""
RW5,136,10/4/2023 3:50,17.2,0,"","","",""
RW5,137,10/4/2023 3:55,17.16,0,"","","",""
RW5,138,10/4/2023 4:00,17.16,0,"","","",""
RW5,139,10/4/2023 4:05,17.11,0,"","","",""
RW5,140,10/4/2023 4:10,17.16,0,"","","",""
RW5,141,10/4/2023 4:15,17.11,0,"","","",""
RW5,142,10/4/2023 4:20,17.11,0,"","","",""
RW5,143,10/4/2023 4:25,17.11,0,"","","",""
RW5,144,10/4/2023 4:30,17.2,0,"","","",""
RW5,145,10/4/2023 4:35,17.07,0,"","","",""
RW5,146,10/4/2023 4:40,17.11,0,"","","",""
RW5,147,10/4/2023 4:45,17.11,0,"","","",""
RW5,148,10/4/2023 4:50,17.07,0,"","","",""
RW5,149,10/4/2023 4:55,17.11,0,"","","",""
RW5,150,10/4/2023 5:00,17.11,0,"","","",""
RW5,151,10/4/2023 5:05,17.07,0,"","","",""
RW5,152,10/4/2023 5:10,17.07,0,"","","",""
RW5,153,10/4/2023 5:15,17.03,0,"","","",""
RW5,154,10/4/2023 5:20,17.03,0,"","","",""
RW5,155,10/4/2023 5:25,17.03,0,"","","",""
RW5,156,10/4/2023 5:30,17.03,0,"","","",""
RW5,157,10/4/2023 5:35,16.99,0,"","","",""
RW5,158,10/4/2023 5:40,16.99,0,"","","",""
RW5,159,10/4/2023 5:45,17.03,0,"","","",""
RW5,160,10/4/2023 5:50,16.94,0,"","","",""
RW5,161,10/4/2023 5:55,16.94,0,"","","",""
RW5,162,10/4/2023 6:00,16.99,0,"","","",""
RW5,163,10/4/2023 6:05,16.94,0,"","","",""
RW5,164,10/4/2023 6:10,16.99,0,"","","",""
RW5,165,10/4/2023 6:15,16.99,0,"","","",""
RW5,166,10/4/2023 6:20,16.94,0,"","","",""
RW5,167,10/4/2023 6:25,16.94,0,"","","",""
RW5,168,10/4/2023 6:30,16.9,0,"","","",""
RW5,169,10/4/2023 6:35,16.9,0,"","","",""
RW5,170,10/4/2023 6:40,16.94,0.22,"","","",""
RW5,171,10/4/2023 6:45,16.94,7.1,"","","",""
RW5,172,10/4/2023 6:50,16.94,18.74,"","","",""
RW5,173,10/4/2023 6:55,16.9,68.3,"","","",""
RW5,174,10/4/2023 7:00,16.9,174.16,"","","",""
RW5,175,10/4/2023 7:05,16.9,6.69,"","","",""
RW5,176,10/4/2023 7:10,16.94,106.84,"","","",""
RW5,177,10/4/2023 7:15,16.94,3.99,"","","",""
RW5,178,10/4/2023 7:20,16.94,519.84,"","","",""
RW5,179,10/4/2023 7:25,16.9,40.45,"","","",""
RW5,180,10/4/2023 7:30,16.94,52.52,"","","",""
RW5,181,10/4/2023 7:35,16.94,145.6,"","","",""
RW5,182,10/4/2023 7:40,16.94,81.74,"","","",""
RW5,183,10/4/2023 7:45,16.94,16.07,"","","",""
RW5,184,10/4/2023 7:50,16.94,7.35,"","","",""
RW5,185,10/4/2023 7:55,16.99,364.64,"","","",""
RW5,186,10/4/2023 8:00,16.99,128.72,"","","",""
RW5,187,10/4/2023 8:05,17.03,39.01,"","","",""
RW5,188,10/4/2023 8:10,16.99,31.82,"","","",""
RW5,189,10/4/2023 8:15,17.07,169.92,"","","",""
RW5,190,10/4/2023 8:20,17.03,324.08,"","","",""
RW5,191,10/4/2023 8:25,17.11,137.6,"","","",""
RW5,192,10/4/2023 8:30,17.11,247.92,"","","",""
RW5,193,10/4/2023 8:35,17.16,289.2,"","","",""
RW5,194,10/4/2023 8:40,17.2,295.84,"","","",""
RW5,195,10/4/2023 8:45,17.16,834.24,"","","",""
RW5,196,10/4/2023 8:50,17.2,1344,"","","",""
RW5,197,10/4/2023 8:55,17.24,590.4,"","","",""
RW5,198,10/4/2023 9:00,17.24,75.86,"","","",""
RW5,199,10/4/2023 9:05,17.24,1330.56,"","","",""
RW5,200,10/4/2023 9:10,17.29,395.52,"","","",""
RW5,201,10/4/2023 9:15,17.29,1817.6,"","","",""
RW5,202,10/4/2023 9:20,17.41,49.3,"","","",""
RW5,203,10/4/2023 9:25,17.33,3532.8,"","","",""
RW5,204,10/4/2023 9:30,17.33,656.96,"","","",""
RW5,205,10/4/2023 9:35,17.41,776,"","","",""
RW5,206,10/4/2023 9:40,17.46,1920.64,"","","",""
RW5,207,10/4/2023 9:45,17.46,7838.72,"","","",""
RW5,208,10/4/2023 9:50,17.5,272.32,"","","",""
RW5,209,10/4/2023 9:55,17.5,434.4,"","","",""
RW5,210,10/4/2023 10:00,17.54,27.29,"","","",""
RW5,211,10/4/2023 10:05,17.54,127.6,"","","",""
RW5,212,10/4/2023 10:10,17.54,1400.96,"","","",""
RW5,213,10/4/2023 10:15,17.54,2478.72,"","","",""
RW5,214,10/4/2023 10:20,17.63,1184.32,"","","",""
RW5,215,10/4/2023 10:25,17.63,1093.44,"","","",""
RW5,216,10/4/2023 10:30,17.67,30.07,"","","",""
RW5,217,10/4/2023 10:35,17.67,521.92,"","","",""
RW5,218,10/4/2023 10:40,17.72,241.44,"","","",""
RW5,219,10/4/2023 10:45,17.76,1392,"","","",""
RW5,220,10/4/2023 10:50,17.76,77.74,"","","",""
RW5,221,10/4/2023 10:55,17.8,993.28,"","","",""
RW5,222,10/4/2023 11:00,17.8,246.64,"","","",""
RW5,223,10/4/2023 11:05,17.89,555.68,"","","",""
RW5,224,10/4/2023 11:10,17.89,23.18,"","","",""
RW5,225,10/4/2023 11:15,17.8,161.8,"","","",""
RW5,226,10/4/2023 11:20,17.93,20.27,"","","",""
RW5,227,10/4/2023 11:25,17.97,206.32,"","","",""
RW5,228,10/4/2023 11:30,17.97,888.96,"","","",""
RW5,229,10/4/2023 11:35,17.97,5.55,"","","",""
RW5,230,10/4/2023 11:40,18.02,1185.28,"","","",""
RW5,231,10/4/2023 11:45,18.02,38.01,"","","",""
RW5,232,10/4/2023 11:50,18.06,2677.76,"","","",""
RW5,233,10/4/2023 11:55,18.06,15.77,"","","",""
RW5,234,10/4/2023 12:00,18.14,44.18,"","","",""
RW5,235,10/4/2023 12:05,18.23,63.74,"","","",""
RW5,236,10/4/2023 12:10,18.23,405.28,"","","",""
RW5,237,10/4/2023 12:15,18.23,21.93,"","","",""
RW5,238,10/4/2023 12:20,18.32,22.49,"","","",""
RW5,239,10/4/2023 12:25,18.27,37.9,"","","",""
RW5,240,10/4/2023 12:30,18.32,253.68,"","","",""
RW5,241,10/4/2023 12:35,18.32,113.4,"","","",""
RW5,242,10/4/2023 12:40,18.4,326.08,"","","",""
RW5,243,10/4/2023 12:45,18.36,58.76,"","","",""
RW5,244,10/4/2023 12:50,18.49,54.94,"","","",""
RW5,245,10/4/2023 12:55,18.49,1991.68,"","","",""
RW5,246,10/4/2023 13:00,18.53,0,"","","",""
RW5,247,10/4/2023 13:05,18.57,441.12,"","","",""
RW5,248,10/4/2023 13:10,18.57,2.66,"","","",""
RW5,249,10/4/2023 13:15,18.57,1370.88,"","","",""
RW5,250,10/4/2023 13:20,18.57,359.84,"","","",""
RW5,251,10/4/2023 13:25,18.57,227.76,"","","",""
RW5,252,10/4/2023 13:30,18.62,1927.68,"","","",""
RW5,253,10/4/2023 13:35,18.66,387.52,"","","",""
RW5,254,10/4/2023 13:40,18.66,262.56,"","","",""
RW5,255,10/4/2023 13:45,18.74,75.58,"","","",""
RW5,256,10/4/2023 13:50,18.74,455.84,"","","",""
RW5,257,10/4/2023 13:55,18.74,74.52,"","","",""
RW5,258,10/4/2023 14:00,18.74,133.84,"","","",""
RW5,259,10/4/2023 14:05,18.83,24.77,"","","",""
RW5,260,10/4/2023 14:10,18.79,16.32,"","","",""
RW5,261,10/4/2023 14:15,18.83,58.88,"","","",""
RW5,262,10/4/2023 14:20,18.83,119.16,"","","",""
RW5,263,10/4/2023 14:25,18.83,9.99,"","","",""
RW5,264,10/4/2023 14:30,18.87,98.68,"","","",""
RW5,265,10/4/2023 14:35,18.92,231.04,"","","",""
RW5,266,10/4/2023 14:40,18.96,117.96,"","","",""
RW5,267,10/4/2023 14:45,18.92,171.44,"","","",""
RW5,268,10/4/2023 14:50,19,333.12,"","","",""
RW5,269,10/4/2023 14:55,19,119.6,"","","",""
RW5,270,10/4/2023 15:00,19.05,157.28,"","","",""
RW5,271,10/4/2023 15:05,19,77.92,"","","",""
RW5,272,10/4/2023 15:10,19,1775.36,"","","",""
RW5,273,10/4/2023 15:15,19.05,494.88,"","","",""
RW5,274,10/4/2023 15:20,19,95.28,"","","",""
RW5,275,10/4/2023 15:25,19,181.36,"","","",""
RW5,276,10/4/2023 15:30,19.05,12.02,"","","",""
RW5,277,10/4/2023 15:35,19,923.2,"","","",""
RW5,278,10/4/2023 15:40,19.09,590.4,"","","",""
RW5,279,10/4/2023 15:45,19.05,1174.72,"","","",""
RW5,280,10/4/2023 15:50,19.05,1592.32,"","","",""
RW5,281,10/4/2023 15:55,19,1155.84,"","","",""
RW5,282,10/4/2023 16:00,19,1753.6,"","","",""
RW5,283,10/4/2023 16:05,19.05,163.64,"","","",""
RW5,284,10/4/2023 16:10,19,239.44,"","","",""
RW5,285,10/4/2023 16:15,19.09,261.36,"","","",""
RW5,286,10/4/2023 16:20,19.05,189.04,"","","",""
RW5,287,10/4/2023 16:25,19,1895.68,"","","",""
RW5,288,10/4/2023 16:30,19.05,31.32,"","","",""
RW5,289,10/4/2023 16:35,19.05,1084.8,"","","",""
RW5,290,10/4/2023 16:40,19,1464.96,"","","",""
RW5,291,10/4/2023 16:45,19,286,"","","",""
RW5,292,10/4/2023 16:50,19.05,101,"","","",""
RW5,293,10/4/2023 16:55,19.05,280.24,"","","",""
RW5,294,10/4/2023 17:00,19,230.32,"","","",""
RW5,295,10/4/2023 17:05,19.05,109.28,"","","",""
RW5,296,10/4/2023 17:10,19.05,80.3,"","","",""
RW5,297,10/4/2023 17:15,19,121.68,"","","",""
RW5,298,10/4/2023 17:20,19.05,776.64,"","","",""
RW5,299,10/4/2023 17:25,18.96,1133.76,"","","",""
RW5,300,10/4/2023 17:30,18.92,208.24,"","","",""
RW5,301,10/4/2023 17:35,18.83,939.2,"","","",""
RW5,302,10/4/2023 17:40,18.79,302.88,"","","",""
RW5,303,10/4/2023 17:45,18.74,1147.84,"","","",""
RW5,304,10/4/2023 17:50,18.62,732.48,"","","",""
RW5,305,10/4/2023 17:55,18.53,979.2,"","","",""
RW5,306,10/4/2023 18:00,18.49,910.08,"","","",""
RW5,307,10/4/2023 18:05,18.19,661.44,"","","",""
RW5,308,10/4/2023 18:10,17.93,578.88,"","","",""
RW5,309,10/4/2023 18:15,17.72,477.92,"","","",""
RW5,310,10/4/2023 18:20,17.5,373.6,"","","",""
RW5,379,10/5/2023 0:05,14.67,0,"","","",""
RW5,380,10/5/2023 0:10,15.01,0,"","","",""
RW5,381,10/5/2023 0:15,15.7,0,"","","",""
RW5,382,10/5/2023 0:20,16.08,0,"","","",""
RW5,383,10/5/2023 0:25,16.47,0,"","","",""
RW5,384,10/5/2023 0:30,16.94,0,"","","",""
RW5,385,10/5/2023 0:35,16.77,0,"","","",""
RW5,386,10/5/2023 0:40,16.94,0,"","","",""
RW5,387,10/5/2023 0:45,17.07,0,"","","",""
RW5,388,10/5/2023 0:50,17.16,0,"","","",""
RW5,389,10/5/2023 0:55,17.2,0,"","","",""
RW5,390,10/5/2023 1:00,17.2,0,"","","",""
RW5,391,10/5/2023 1:05,17.29,0,"","","",""
RW5,392,10/5/2023 1:10,17.29,0,"","","",""
RW5,393,10/5/2023 1:15,17.29,0,"","","",""
RW5,394,10/5/2023 1:20,17.33,0,"","","",""
RW5,395,10/5/2023 1:25,17.33,0,"","","",""
RW5,396,10/5/2023 1:30,17.37,0,"","","",""
RW5,397,10/5/2023 1:35,17.33,0,"","","",""
RW5,398,10/5/2023 1:40,17.37,0,"","","",""
RW5,399,10/5/2023 1:45,17.33,0,"","","",""
RW5,400,10/5/2023 1:50,17.37,0,"","","",""
RW5,401,10/5/2023 1:55,17.37,0,"","","",""
RW5,402,10/5/2023 2:00,17.37,0,"","","",""
RW5,403,10/5/2023 2:05,17.37,0,"","","",""
RW5,404,10/5/2023 2:10,17.37,0,"","","",""
RW5,405,10/5/2023 2:15,17.33,0,"","","",""
RW5,406,10/5/2023 2:20,17.33,0,"","","",""
RW5,407,10/5/2023 2:25,17.33,0,"","","",""
RW5,408,10/5/2023 2:30,17.29,0,"","","",""
RW5,409,10/5/2023 2:35,17.33,0,"","","",""
RW5,410,10/5/2023 2:40,17.29,0,"","","",""
RW5,411,10/5/2023 2:45,17.33,0,"","","",""
RW5,412,10/5/2023 2:50,17.33,0,"","","",""
RW5,413,10/5/2023 2:55,17.29,0,"","","",""
RW5,414,10/5/2023 3:00,17.29,0,"","","",""
RW5,415,10/5/2023 3:05,17.29,0,"","","",""
RW5,416,10/5/2023 3:10,17.24,0,"","","",""
RW5,417,10/5/2023 3:15,17.24,0,"","","",""
RW5,418,10/5/2023 3:20,17.24,0,"","","",""
RW5,419,10/5/2023 3:25,17.16,0,"","","",""
RW5,420,10/5/2023 3:30,17.16,0,"","","",""
RW5,421,10/5/2023 3:35,17.16,0,"","","",""
RW5,422,10/5/2023 3:40,17.11,0,"","","",""
RW5,423,10/5/2023 3:45,17.07,0,"","","",""
RW5,424,10/5/2023 3:50,17.07,0,"","","",""
RW5,425,10/5/2023 3:55,17.07,0,"","","",""
RW5,426,10/5/2023 4:00,17.07,0,"","","",""
RW5,427,10/5/2023 4:05,17.07,0,"","","",""
RW5,428,10/5/2023 4:10,17.03,0,"","","",""
RW5,429,10/5/2023 4:15,16.99,0,"","","",""
RW5,430,10/5/2023 4:20,17.03,0,"","","",""
RW5,431,10/5/2023 4:25,17.03,0,"","","",""
RW5,432,10/5/2023 4:30,16.99,0,"","","",""
RW5,433,10/5/2023 4:35,16.99,0,"","","",""
RW5,434,10/5/2023 4:40,16.99,0,"","","",""
RW5,435,10/5/2023 4:45,16.94,0,"","","",""
RW5,436,10/5/2023 4:50,16.99,0,"","","",""
RW5,437,10/5/2023 4:55,16.94,0,"","","",""
RW5,438,10/5/2023 5:00,16.99,0,"","","",""
RW5,439,10/5/2023 5:05,16.99,0,"","","",""
RW5,440,10/5/2023 5:10,16.94,0,"","","",""
RW5,441,10/5/2023 5:15,16.94,0,"","","",""
RW5,442,10/5/2023 5:20,16.94,0,"","","",""
RW5,443,10/5/2023 5:25,16.94,0,"","","",""
RW5,444,10/5/2023 5:30,16.94,0,"","","",""
RW5,445,10/5/2023 5:35,16.9,0,"","","",""
RW5,446,10/5/2023 5:40,16.9,0,"","","",""
RW5,447,10/5/2023 5:45,16.94,0,"","","",""
RW5,448,10/5/2023 5:50,16.94,0,"","","",""
RW5,449,10/5/2023 5:55,16.86,0,"","","",""
RW5,450,10/5/2023 6:00,16.9,0,"","","",""
RW5,451,10/5/2023 6:05,16.9,0,"","","",""
RW5,452,10/5/2023 6:10,16.9,0,"","","",""
RW5,453,10/5/2023 6:15,16.94,0,"","","",""
RW5,454,10/5/2023 6:20,16.94,0,"","","",""
RW5,455,10/5/2023 6:25,16.94,0,"","","",""
RW5,456,10/5/2023 6:30,16.9,0.22,"","","",""
RW5,457,10/5/2023 6:35,16.9,1.11,"","","",""
RW5,458,10/5/2023 6:40,16.9,5.99,"","","",""
RW5,459,10/5/2023 6:45,16.9,3.11,"","","",""
RW5,460,10/5/2023 6:50,16.9,3.99,"","","",""
RW5,461,10/5/2023 6:55,16.94,0.88,"","","",""
RW5,462,10/5/2023 7:00,16.94,1.77,"","","",""
RW5,463,10/5/2023 7:05,16.9,10.71,"","","",""
RW5,464,10/5/2023 7:10,16.9,9.13,"","","",""
RW5,465,10/5/2023 7:15,16.94,12.71,"","","",""
RW5,466,10/5/2023 7:20,16.94,57.26,"","","",""
RW5,467,10/5/2023 7:25,16.99,317.84,"","","",""
RW5,468,10/5/2023 7:30,16.94,15.18,"","","",""
RW5,469,10/5/2023 7:35,16.94,9.8,"","","",""
RW5,470,10/5/2023 7:40,17.03,134.04,"","","",""
RW5,471,10/5/2023 7:45,16.99,89.28,"","","",""
RW5,472,10/5/2023 7:50,16.99,27.93,"","","",""
RW5,473,10/5/2023 7:55,17.07,1051.2,"","","",""
RW5,474,10/5/2023 8:00,17.03,33.79,"","","",""
RW5,475,10/5/2023 8:05,17.03,103.72,"","","",""
RW5,476,10/5/2023 8:10,17.11,72.02,"","","",""
RW5,477,10/5/2023 8:15,17.11,4968.96,"","","",""
RW5,478,10/5/2023 8:20,17.11,30.35,"","","",""
RW5,479,10/5/2023 8:25,17.11,1005.76,"","","",""
RW5,480,10/5/2023 8:30,17.11,244.8,"","","",""
RW5,481,10/5/2023 8:35,17.16,84.8,"","","",""
RW5,482,10/5/2023 8:40,17.24,1183.36,"","","",""
RW5,483,10/5/2023 8:45,17.2,1661.44,"","","",""
RW5,484,10/5/2023 8:50,17.24,1263.36,"","","",""
RW5,485,10/5/2023 8:55,17.29,3095.04,"","","",""
RW5,486,10/5/2023 9:00,17.33,1512.32,"","","",""
RW5,487,10/5/2023 9:05,17.37,162.8,"","","",""
RW5,488,10/5/2023 9:10,17.37,3688.96,"","","",""
RW5,489,10/5/2023 9:15,17.41,1446.4,"","","",""
RW5,490,10/5/2023 9:20,17.41,11996.16,"","","",""
RW5,491,10/5/2023 9:25,17.5,1882.88,"","","",""
RW5,492,10/5/2023 9:30,17.54,696,"","","",""
RW5,493,10/5/2023 9:35,17.54,10639.36,"","","",""
RW5,494,10/5/2023 9:40,17.59,2693.12,"","","",""
RW5,495,10/5/2023 9:45,17.63,409.6,"","","",""
RW5,496,10/5/2023 9:50,17.59,562.88,"","","",""
RW5,497,10/5/2023 9:55,17.63,170.32,"","","",""
RW5,498,10/5/2023 10:00,17.67,501.6,"","","",""
RW5,499,10/5/2023 10:05,17.67,642.88,"","","",""
RW5,500,10/5/2023 10:10,17.72,26931.2,"","","",""
RW5,501,10/5/2023 10:15,17.76,2736.64,"","","",""
RW5,502,10/5/2023 10:20,17.72,366.72,"","","",""
RW5,503,10/5/2023 10:25,17.72,669.12,"","","",""
RW5,504,10/5/2023 10:30,17.84,2510.72,"","","",""
RW5,505,10/5/2023 10:35,17.89,1248.32,"","","",""
RW5,506,10/5/2023 10:40,17.89,131.4,"","","",""
RW5,507,10/5/2023 10:45,17.89,83.84,"","","",""
RW5,508,10/5/2023 10:50,17.93,5483.52,"","","",""
RW5,509,10/5/2023 10:55,17.97,2684.16,"","","",""
RW5,510,10/5/2023 11:00,17.97,5793.28,"","","",""
RW5,511,10/5/2023 11:05,18.02,2288.64,"","","",""
RW5,512,10/5/2023 11:10,17.97,2867.2,"","","",""
RW5,513,10/5/2023 11:15,17.93,1259.84,"","","",""
RW5,514,10/5/2023 11:20,17.97,603.68,"","","",""
RW5,515,10/5/2023 11:25,17.97,366.24,"","","",""
RW5,516,10/5/2023 11:30,18.02,1566.08,"","","",""
RW5,517,10/5/2023 11:35,18.1,592.64,"","","",""
RW5,518,10/5/2023 11:40,18.1,2441.6,"","","",""
RW5,519,10/5/2023 11:45,18.1,91.6,"","","",""
RW5,520,10/5/2023 11:50,18.14,1844.48,"","","",""
RW5,521,10/5/2023 11:55,18.23,1279.36,"","","",""
RW5,522,10/5/2023 12:00,18.23,2984.96,"","","",""
RW5,523,10/5/2023 12:05,18.27,1627.52,"","","",""
RW5,524,10/5/2023 12:10,18.32,9077.76,"","","",""
RW5,525,10/5/2023 12:15,18.36,1623.04,"","","",""
RW5,526,10/5/2023 12:20,18.36,669.12,"","","",""
RW5,527,10/5/2023 12:25,18.4,5304.32,"","","",""
RW5,528,10/5/2023 12:30,18.44,603.68,"","","",""
RW5,529,10/5/2023 12:35,18.44,302.64,"","","",""
RW5,530,10/5/2023 12:40,18.44,785.92,"","","",""
RW5,531,10/5/2023 12:45,18.44,2079.36,"","","",""
RW5,532,10/5/2023 12:50,18.53,35.85,"","","",""
RW5,533,10/5/2023 12:55,18.57,39.73,"","","",""
RW5,534,10/5/2023 13:00,18.57,1744.64,"","","",""
RW5,535,10/5/2023 13:05,18.66,420.16,"","","",""
RW5,536,10/5/2023 13:10,18.62,79.14,"","","",""
RW5,537,10/5/2023 13:15,18.62,874.56,"","","",""
RW5,538,10/5/2023 13:20,18.7,2865.92,"","","",""
RW5,539,10/5/2023 13:25,18.74,1091.84,"","","",""
RW5,540,10/5/2023 13:30,18.74,71.24,"","","",""
RW5,541,10/5/2023 13:35,18.83,1835.52,"","","",""
RW5,542,10/5/2023 13:40,18.83,379.84,"","","",""
RW5,543,10/5/2023 13:45,18.96,130.28,"","","",""
RW5,544,10/5/2023 13:50,19,61.38,"","","",""
RW5,545,10/5/2023 13:55,19.05,22.49,"","","",""
RW5,546,10/5/2023 14:00,19.13,313.2,"","","",""
RW5,547,10/5/2023 14:05,19.05,2638.08,"","","",""
RW5,548,10/5/2023 14:10,19.09,281.76,"","","",""
RW5,549,10/5/2023 14:15,19.09,737.28,"","","",""
RW5,550,10/5/2023 14:20,19.09,138.72,"","","",""
RW5,551,10/5/2023 14:25,19.09,121.56,"","","",""
RW5,552,10/5/2023 14:30,19.17,2009.6,"","","",""
RW5,553,10/5/2023 14:35,19.17,113.52,"","","",""
RW5,554,10/5/2023 14:40,19.26,658.88,"","","",""
RW5,555,10/5/2023 14:45,19.22,228.8,"","","",""
RW5,556,10/5/2023 14:50,19.26,656.96,"","","",""
RW5,557,10/5/2023 14:55,19.22,336.96,"","","",""
RW5,558,10/5/2023 15:00,19.3,528.16,"","","",""
RW5,559,10/5/2023 15:05,19.3,150.04,"","","",""
RW5,560,10/5/2023 15:10,19.35,104.84,"","","",""
RW5,561,10/5/2023 15:15,19.35,171.44,"","","",""
RW5,562,10/5/2023 15:20,19.35,133.88,"","","",""
RW5,563,10/5/2023 15:25,19.3,201.04,"","","",""
RW5,564,10/5/2023 15:30,19.3,574.4,"","","",""
RW5,565,10/5/2023 15:35,19.3,20.57,"","","",""
RW5,566,10/5/2023 15:40,19.3,213.68,"","","",""
RW5,567,10/5/2023 15:45,19.3,639.68,"","","",""
RW5,568,10/5/2023 15:50,19.39,305.68,"","","",""
RW5,569,10/5/2023 15:55,19.3,1059.2,"","","",""
RW5,570,10/5/2023 16:00,19.35,120.96,"","","",""
RW5,571,10/5/2023 16:05,19.35,112.52,"","","",""
RW5,572,10/5/2023 16:10,19.35,2034.56,"","","",""
RW5,573,10/5/2023 16:15,19.35,182.48,"","","",""
RW5,574,10/5/2023 16:20,19.35,584.64,"","","",""
RW5,575,10/5/2023 16:25,19.39,287.68,"","","",""
RW5,576,10/5/2023 16:30,19.43,236.48,"","","",""
RW5,577,10/5/2023 16:35,19.35,103.6,"","","",""
RW5,578,10/5/2023 16:40,19.35,234.24,"","","",""
RW5,579,10/5/2023 16:45,19.3,454.08,"","","",""
RW5,580,10/5/2023 16:50,19.39,276.32,"","","",""
RW5,581,10/5/2023 16:55,19.39,616.64,"","","",""
RW5,582,10/5/2023 17:00,19.39,68.6,"","","",""
RW5,583,10/5/2023 17:05,19.35,610.4,"","","",""
RW5,584,10/5/2023 17:10,19.35,288.24,"","","",""
RW5,585,10/5/2023 17:15,19.39,144.04,"","","",""
RW5,586,10/5/2023 17:20,19.35,64.88,"","","",""
RW5,587,10/5/2023 17:25,19.35,22.71,"","","",""
RW5,588,10/5/2023 17:30,19.22,211.76,"","","",""
RW5,589,10/5/2023 17:35,19.22,349.12,"","","",""
RW5,590,10/5/2023 17:40,19.17,114.28,"","","",""
RW5,591,10/5/2023 17:45,19.22,79.46,"","","",""
RW5,592,10/5/2023 17:50,19.13,39.54,"","","",""
RW5,593,10/5/2023 17:55,19.09,44,"","","",""
RW5,594,10/5/2023 18:00,19.09,143.72,"","","",""
RW5,595,10/5/2023 18:05,19.09,19.88,"","","",""
RW5,596,10/5/2023 18:10,19,78.14,"","","",""
RW5,597,10/5/2023 18:15,18.96,19.93,"","","",""
RW5,598,10/5/2023 18:20,18.92,101.4,"","","",""
RW5,599,10/5/2023 18:25,18.92,39.09,"","","",""
RW5,600,10/5/2023 18:30,18.87,20.29,"","","",""
RW5,601,10/5/2023 18:35,18.79,17.63,"","","",""
RW5,602,10/5/2023 18:40,18.74,6.88,"","","",""
RW5,603,10/5/2023 18:45,18.7,7.1,"","","",""
RW5,604,10/5/2023 18:50,18.62,0.88,"","","",""
RW5,605,10/5/2023 18:55,18.62,0,"","","",""
RW5,606,10/5/2023 19:00,18.4,0,"","","",""
RW5,607,10/5/2023 19:05,18.27,0,"","","",""
RW5,608,10/5/2023 19:10,18.27,0,"","","",""
RW5,609,10/5/2023 19:15,17.89,0,"","","",""
RW5,610,10/5/2023 19:20,17.93,0,"","","",""
RW5,611,10/5/2023 19:25,17.84,0,"","","",""
RW5,612,10/5/2023 19:30,17.8,0,"","","",""
RW5,688,10/6/2023 1:50,15.06,0,"","","",""
RW5,689,10/6/2023 1:55,15.31,0,"","","",""
RW5,690,10/6/2023 2:00,15.48,0,"","","",""
RW5,691,10/6/2023 2:05,15.87,0,"","","",""
RW5,692,10/6/2023 2:10,16.21,0,"","","",""
RW5,693,10/6/2023 2:15,16.56,0,"","","",""
RW5,694,10/6/2023 2:20,16.6,0,"","","",""
RW5,695,10/6/2023 2:25,16.6,0,"","","",""
RW5,696,10/6/2023 2:30,16.6,0,"","","",""
RW5,697,10/6/2023 2:35,16.56,0,"","","",""
RW5,698,10/6/2023 2:40,16.56,0,"","","",""
RW5,699,10/6/2023 2:45,16.51,0,"","","",""
RW5,700,10/6/2023 2:50,16.51,0,"","","",""
RW5,701,10/6/2023 2:55,16.47,0,"","","",""
RW5,702,10/6/2023 3:00,16.43,0,"","","",""
RW5,703,10/6/2023 3:05,16.43,0,"","","",""
RW5,704,10/6/2023 3:10,16.43,0,"","","",""
RW5,705,10/6/2023 3:15,16.39,0,"","","",""
RW5,706,10/6/2023 3:20,16.39,0,"","","",""
RW5,707,10/6/2023 3:25,16.3,0,"","","",""
RW5,708,10/6/2023 3:30,16.3,0,"","","",""
RW5,709,10/6/2023 3:35,16.3,0,"","","",""
RW5,710,10/6/2023 3:40,16.26,0,"","","",""
RW5,711,10/6/2023 3:45,16.21,0,"","","",""
RW5,712,10/6/2023 3:50,16.21,0,"","","",""
RW5,713,10/6/2023 3:55,16.17,0,"","","",""
RW5,714,10/6/2023 4:00,16.17,0,"","","",""
RW5,715,10/6/2023 4:05,16.13,0,"","","",""
RW5,716,10/6/2023 4:10,16.13,0,"","","",""
RW5,717,10/6/2023 4:15,16.08,0,"","","",""
RW5,718,10/6/2023 4:20,16.04,0,"","","",""
RW5,719,10/6/2023 4:25,16.04,0,"","","",""
RW5,720,10/6/2023 4:30,16.04,0,"","","",""
RW5,721,10/6/2023 4:35,16,0,"","","",""
RW5,722,10/6/2023 4:40,16,0,"","","",""
RW5,723,10/6/2023 4:45,15.96,0,"","","",""
RW5,724,10/6/2023 4:50,15.96,0,"","","",""
RW5,725,10/6/2023 4:55,15.96,0,"","","",""
RW5,726,10/6/2023 5:00,15.91,0,"","","",""
RW5,727,10/6/2023 5:05,15.96,0,"","","",""
RW5,728,10/6/2023 5:10,15.87,0,"","","",""
RW5,729,10/6/2023 5:15,15.91,0,"","","",""
RW5,730,10/6/2023 5:20,15.91,0,"","","",""
RW5,731,10/6/2023 5:25,15.83,0,"","","",""
RW5,732,10/6/2023 5:30,15.87,0,"","","",""
RW5,733,10/6/2023 5:35,15.83,0,"","","",""
RW5,734,10/6/2023 5:40,15.83,0,"","","",""
RW5,735,10/6/2023 5:45,15.78,0,"","","",""
RW5,736,10/6/2023 5:50,15.78,0,"","","",""
RW5,737,10/6/2023 5:55,15.74,0,"","","",""
RW5,738,10/6/2023 6:00,15.83,0,"","","",""
RW5,739,10/6/2023 6:05,15.83,0,"","","",""
RW5,740,10/6/2023 6:10,15.74,0,"","","",""
RW5,741,10/6/2023 6:15,15.78,0,"","","",""
RW5,742,10/6/2023 6:20,15.78,0,"","","",""
RW5,743,10/6/2023 6:25,15.74,0,"","","",""
RW5,744,10/6/2023 6:30,15.74,0,"","","",""
RW5,745,10/6/2023 6:35,15.78,3.99,"","","",""
RW5,746,10/6/2023 6:40,15.74,3.77,"","","",""
RW5,747,10/6/2023 6:45,15.78,0.22,"","","",""
RW5,748,10/6/2023 6:50,15.74,3.77,"","","",""
RW5,749,10/6/2023 6:55,15.78,3.33,"","","",""
RW5,750,10/6/2023 7:00,15.78,43.5,"","","",""
RW5,751,10/6/2023 7:05,15.74,10.44,"","","",""
RW5,752,10/6/2023 7:10,15.78,207.12,"","","",""
RW5,753,10/6/2023 7:15,15.74,26.1,"","","",""
RW5,754,10/6/2023 7:20,15.78,4.88,"","","",""
RW5,755,10/6/2023 7:25,15.78,158.04,"","","",""
RW5,756,10/6/2023 7:30,15.83,83.88,"","","",""
RW5,757,10/6/2023 7:35,15.83,157.16,"","","",""
RW5,758,10/6/2023 7:40,15.78,10.27,"","","",""
RW5,759,10/6/2023 7:45,15.83,14.49,"","","",""
RW5,760,10/6/2023 7:50,15.87,1425.28,"","","",""
RW5,761,10/6/2023 7:55,15.91,95.6,"","","",""
RW5,762,10/6/2023 8:00,15.91,615.68,"","","",""
RW5,763,10/6/2023 8:05,15.91,413.76,"","","",""
RW5,764,10/6/2023 8:10,16,138.72,"","","",""
RW5,765,10/6/2023 8:15,16,53.52,"","","",""
RW5,766,10/6/2023 8:20,16.04,475.36,"","","",""
RW5,767,10/6/2023 8:25,16.08,120.04,"","","",""
RW5,768,10/6/2023 8:30,16.04,441.12,"","","",""
RW5,769,10/6/2023 8:35,16.13,801.92,"","","",""
RW5,770,10/6/2023 8:40,16.08,1324.8,"","","",""
RW5,771,10/6/2023 8:45,16.17,162.92,"","","",""
RW5,772,10/6/2023 8:50,16.21,67.86,"","","",""
RW5,773,10/6/2023 8:55,16.21,1389.44,"","","",""
RW5,774,10/6/2023 9:00,16.26,273.68,"","","",""
RW5,775,10/6/2023 9:05,16.34,565.92,"","","",""
RW5,776,10/6/2023 9:10,16.34,2370.56,"","","",""
RW5,777,10/6/2023 9:15,16.39,444.16,"","","",""
RW5,778,10/6/2023 9:20,16.43,1820.16,"","","",""
RW5,779,10/6/2023 9:25,16.51,16307.2,"","","",""
RW5,780,10/6/2023 9:30,16.56,92.36,"","","",""
RW5,781,10/6/2023 9:35,16.6,321.44,"","","",""
RW5,782,10/6/2023 9:40,16.6,4261.12,"","","",""
RW5,783,10/6/2023 9:45,16.64,354.4,"","","",""
RW5,784,10/6/2023 9:50,16.69,10767.36,"","","",""
RW5,785,10/6/2023 9:55,16.69,2286.72,"","","",""
RW5,786,10/6/2023 10:00,16.73,180.56,"","","",""
RW5,787,10/6/2023 10:05,16.77,5496.32,"","","",""
RW5,788,10/6/2023 10:10,16.73,2574.72,"","","",""
RW5,789,10/6/2023 10:15,16.77,10695.68,"","","",""
RW5,790,10/6/2023 10:20,16.86,319.2,"","","",""
RW5,791,10/6/2023 10:25,16.81,3553.28,"","","",""
RW5,792,10/6/2023 10:30,16.9,71.88,"","","",""
RW5,793,10/6/2023 10:35,16.94,632.64,"","","",""
RW5,794,10/6/2023 10:40,16.94,68.36,"","","",""
RW5,795,10/6/2023 10:45,16.94,342.08,"","","",""
RW5,796,10/6/2023 10:50,17.11,3621.12,"","","",""
RW5,797,10/6/2023 10:55,17.11,300.72,"","","",""
RW5,798,10/6/2023 11:00,17.2,2222.72,"","","",""
RW5,799,10/6/2023 11:05,17.2,207.04,"","","",""
RW5,800,10/6/2023 11:10,17.24,2935.04,"","","",""
RW5,801,10/6/2023 11:15,17.33,40591.36,"","","",""
RW5,802,10/6/2023 11:20,17.41,2100.48,"","","",""
RW5,803,10/6/2023 11:25,17.41,487.84,"","","",""
RW5,804,10/6/2023 11:30,17.41,10478.08,"","","",""
RW5,805,10/6/2023 11:35,17.5,158.36,"","","",""
RW5,806,10/6/2023 11:40,17.46,2366.72,"","","",""
RW5,807,10/6/2023 11:45,17.59,115.52,"","","",""
RW5,808,10/6/2023 11:50,17.63,1425.92,"","","",""
RW5,809,10/6/2023 11:55,17.63,9582.08,"","","",""
RW5,810,10/6/2023 12:00,17.67,1405.44,"","","",""
RW5,811,10/6/2023 12:05,17.63,8970.24,"","","",""
RW5,812,10/6/2023 12:10,17.63,114.28,"","","",""
RW5,813,10/6/2023 12:15,17.67,747.2,"","","",""
RW5,814,10/6/2023 12:20,17.72,11586.56,"","","",""
RW5,815,10/6/2023 12:25,17.8,1352.32,"","","",""
RW5,816,10/6/2023 12:30,17.8,144.48,"","","",""
RW5,817,10/6/2023 12:35,17.8,4897.28,"","","",""
RW5,818,10/6/2023 12:40,17.84,1564.8,"","","",""
RW5,819,10/6/2023 12:45,17.93,6894.08,"","","",""
RW5,820,10/6/2023 12:50,17.97,6566.4,"","","",""
RW5,821,10/6/2023 12:55,18.06,136.72,"","","",""
RW5,822,10/6/2023 13:00,18.06,192.56,"","","",""
RW5,823,10/6/2023 13:05,18.02,121.12,"","","",""
RW5,824,10/6/2023 13:10,18.1,4296.96,"","","",""
RW5,825,10/6/2023 13:15,18.1,10398.72,"","","",""
RW5,826,10/6/2023 13:20,18.14,141.44,"","","",""
RW5,827,10/6/2023 13:25,18.14,1639.04,"","","",""
RW5,828,10/6/2023 13:30,18.1,260.8,"","","",""
RW5,829,10/6/2023 13:35,18.1,524.64,"","","",""
RW5,830,10/6/2023 13:40,18.23,2920.96,"","","",""
RW5,831,10/6/2023 13:45,18.32,135.4,"","","",""
RW5,832,10/6/2023 13:50,18.32,109.4,"","","",""
RW5,833,10/6/2023 13:55,18.32,889.92,"","","",""
RW5,834,10/6/2023 14:00,18.36,225.52,"","","",""
RW5,835,10/6/2023 14:05,18.4,6144,"","","",""
RW5,836,10/6/2023 14:10,18.4,1864.32,"","","",""
RW5,837,10/6/2023 14:15,18.44,48.76,"","","",""
RW5,838,10/6/2023 14:20,18.57,36.87,"","","",""
RW5,839,10/6/2023 14:25,18.49,154.72,"","","",""
RW5,840,10/6/2023 14:30,18.53,7449.6,"","","",""
RW5,841,10/6/2023 14:35,18.53,391.36,"","","",""
RW5,842,10/6/2023 14:40,18.57,197.6,"","","",""
RW5,843,10/6/2023 14:45,18.62,4371.2,"","","",""
RW5,844,10/6/2023 14:50,18.62,115.52,"","","",""
RW5,845,10/6/2023 14:55,18.66,96.12,"","","",""
RW5,846,10/6/2023 15:00,18.66,88.12,"","","",""
RW5,847,10/6/2023 15:05,18.7,205.6,"","","",""
RW5,848,10/6/2023 15:10,18.74,681.28,"","","",""
RW5,849,10/6/2023 15:15,18.83,407.52,"","","",""
RW5,850,10/6/2023 15:20,18.83,101.24,"","","",""
RW5,851,10/6/2023 15:25,18.92,270.96,"","","",""
RW5,852,10/6/2023 15:30,18.83,390.4,"","","",""
RW5,853,10/6/2023 15:35,18.74,526.4,"","","",""
RW5,854,10/6/2023 15:40,18.74,1700.48,"","","",""
RW5,855,10/6/2023 15:45,18.92,1555.84,"","","",""
RW5,856,10/6/2023 15:50,18.87,151.84,"","","",""
RW5,857,10/6/2023 15:55,18.92,204.8,"","","",""
RW5,858,10/6/2023 16:00,18.92,54.56,"","","",""
RW5,859,10/6/2023 16:05,18.83,887.04,"","","",""
RW5,860,10/6/2023 16:10,18.83,717.76,"","","",""
RW5,861,10/6/2023 16:15,18.83,49.2,"","","",""
RW5,862,10/6/2023 16:20,18.83,20.1,"","","",""
RW5,863,10/6/2023 16:25,18.96,8.05,"","","",""
RW5,864,10/6/2023 16:30,18.96,1533.44,"","","",""
RW5,865,10/6/2023 16:35,18.96,58.98,"","","",""
RW5,866,10/6/2023 16:40,18.87,1225.28,"","","",""
RW5,867,10/6/2023 16:45,18.92,78.46,"","","",""
RW5,868,10/6/2023 16:50,18.92,127.72,"","","",""
RW5,869,10/6/2023 16:55,18.87,172.32,"","","",""
RW5,870,10/6/2023 17:00,18.83,206.32,"","","",""
RW5,871,10/6/2023 17:05,18.83,265.2,"","","",""
RW5,872,10/6/2023 17:10,18.83,59.5,"","","",""
RW5,873,10/6/2023 17:15,18.79,79.58,"","","",""
RW5,874,10/6/2023 17:20,18.74,51.78,"","","",""
RW5,875,10/6/2023 17:25,18.7,318.96,"","","",""
RW5,876,10/6/2023 17:30,18.66,61.2,"","","",""
RW5,877,10/6/2023 17:35,18.7,13.55,"","","",""
RW5,878,10/6/2023 17:40,18.66,4.44,"","","",""
RW5,879,10/6/2023 17:45,18.62,9.99,"","","",""
RW5,880,10/6/2023 17:50,18.57,41.7,"","","",""
RW5,881,10/6/2023 17:55,18.53,106.68,"","","",""
RW5,882,10/6/2023 18:00,18.57,73.14,"","","",""
RW5,883,10/6/2023 18:05,18.57,9.55,"","","",""
RW5,884,10/6/2023 18:10,18.53,174.16,"","","",""
RW5,885,10/6/2023 18:15,18.49,20.71,"","","",""
RW5,886,10/6/2023 18:20,18.44,145.48,"","","",""
RW5,887,10/6/2023 18:25,18.44,39.26,"","","",""
RW5,888,10/6/2023 18:30,18.4,0.88,"","","",""
RW5,889,10/6/2023 18:35,18.44,1.99,"","","",""
RW5,890,10/6/2023 18:40,18.4,16.91,"","","",""
RW5,891,10/6/2023 18:45,18.36,0.88,"","","",""
RW5,892,10/6/2023 18:50,18.36,0.66,"","","",""
RW5,893,10/6/2023 18:55,18.27,0,"","","",""
RW5,894,10/6/2023 19:00,18.27,0,"","","",""
RW5,895,10/6/2023 19:05,18.27,0,"","","",""
RW5,896,10/6/2023 19:10,18.27,0,"","","",""
RW5,897,10/6/2023 19:15,18.23,0,"","","",""
RW5,898,10/6/2023 19:20,18.23,0,"","","",""
RW5,899,10/6/2023 19:25,18.23,0,"","","",""
RW5,900,10/6/2023 19:30,18.27,0,"","","",""
RW5,901,10/6/2023 19:35,18.23,0,"","","",""
RW5,902,10/6/2023 19:40,18.23,0,"","","",""
RW5,903,10/6/2023 19:45,18.19,0,"","","",""
RW5,904,10/6/2023 19:50,18.14,0,"","","",""
RW5,905,10/6/2023 19:55,18.1,0,"","","",""
RW5,906,10/6/2023 20:00,18.1,0,"","","",""
RW5,907,10/6/2023 20:05,18.14,0,"","","",""
RW5,908,10/6/2023 20:10,18.19,0,"","","",""
RW5,909,10/6/2023 20:15,18.1,0,"","","",""
RW5,910,10/6/2023 20:20,18.1,0,"","","",""
RW5,911,10/6/2023 20:25,18.1,0,"","","",""
RW5,912,10/6/2023 20:30,18.02,0,"","","",""
RW5,913,10/6/2023 20:35,18.02,0,"","","",""
RW5,914,10/6/2023 20:40,18.02,0,"","","",""
RW5,915,10/6/2023 20:45,17.89,0,"","","",""
RW5,916,10/6/2023 20:50,17.72,0,"","","",""
RW5,917,10/6/2023 20:55,17.67,0,"","","",""
RW5,988,10/7/2023 2:50,17.24,0,"","","",""
RW5,989,10/7/2023 2:55,17.24,0,"","","",""
RW5,990,10/7/2023 3:00,17.29,0,"","","",""
RW5,991,10/7/2023 3:05,17.29,0,"","","",""
RW5,992,10/7/2023 3:10,17.33,0,"","","",""
RW5,993,10/7/2023 3:15,17.37,0,"","","",""
RW5,994,10/7/2023 3:20,17.37,0,"","","",""
RW5,995,10/7/2023 3:25,17.37,0,"","","",""
RW5,996,10/7/2023 3:30,17.37,0,"","","",""
RW5,997,10/7/2023 3:35,17.29,0,"","","",""
RW5,998,10/7/2023 3:40,17.33,0,"","","",""
RW5,999,10/7/2023 3:45,17.37,0,"","","",""
RW5,1000,10/7/2023 3:50,17.33,0,"","","",""
RW5,1001,10/7/2023 3:55,17.33,0,"","","",""
RW5,1002,10/7/2023 4:00,17.37,0,"","","",""
RW5,1003,10/7/2023 4:05,17.33,0,"","","",""
RW5,1004,10/7/2023 4:10,17.33,0,"","","",""
RW5,1005,10/7/2023 4:15,17.33,0,"","","",""
RW5,1006,10/7/2023 4:20,17.33,0,"","","",""
RW5,1007,10/7/2023 4:25,17.29,0,"","","",""
RW5,1008,10/7/2023 4:30,17.33,0,"","","",""
RW5,1009,10/7/2023 4:35,17.29,0,"","","",""
RW5,1010,10/7/2023 4:40,17.29,0,"","","",""
RW5,1011,10/7/2023 4:45,17.29,0,"","","",""
RW5,1012,10/7/2023 4:50,17.24,0,"","","",""
RW5,1013,10/7/2023 4:55,17.29,0,"","","",""
RW5,1014,10/7/2023 5:00,17.24,0,"","","",""
RW5,1015,10/7/2023 5:05,17.24,0,"","","",""
RW5,1016,10/7/2023 5:10,17.24,0,"","","",""
RW5,1017,10/7/2023 5:15,17.24,0,"","","",""
RW5,1018,10/7/2023 5:20,17.24,0,"","","",""
RW5,1019,10/7/2023 5:25,17.29,0,"","","",""
RW5,1020,10/7/2023 5:30,17.2,0,"","","",""
RW5,1021,10/7/2023 5:35,17.24,0,"","","",""
RW5,1022,10/7/2023 5:40,17.16,0,"","","",""
RW5,1023,10/7/2023 5:45,17.16,0,"","","",""
RW5,1024,10/7/2023 5:50,17.16,0,"","","",""
RW5,1025,10/7/2023 5:55,17.16,0,"","","",""
RW5,1026,10/7/2023 6:00,17.16,0,"","","",""
RW5,1027,10/7/2023 6:05,17.11,0,"","","",""
RW5,1028,10/7/2023 6:10,17.07,0,"","","",""
RW5,1029,10/7/2023 6:15,17.07,0,"","","",""
RW5,1030,10/7/2023 6:20,17.16,0,"","","",""
RW5,1031,10/7/2023 6:25,17.11,0,"","","",""
RW5,1032,10/7/2023 6:30,17.07,0,"","","",""
RW5,1033,10/7/2023 6:35,17.07,0,"","","",""
RW5,1034,10/7/2023 6:40,17.11,3.11,"","","",""
RW5,1035,10/7/2023 6:45,17.11,0,"","","",""
RW5,1036,10/7/2023 6:50,17.07,1.11,"","","",""
RW5,1037,10/7/2023 6:55,17.11,11.77,"","","",""
RW5,1038,10/7/2023 7:00,17.07,4.88,"","","",""
RW5,1039,10/7/2023 7:05,17.07,14.24,"","","",""
RW5,1040,10/7/2023 7:10,17.11,490.4,"","","",""
RW5,1041,10/7/2023 7:15,17.07,4.22,"","","",""
RW5,1042,10/7/2023 7:20,17.03,149.04,"","","",""
RW5,1043,10/7/2023 7:25,17.07,3.55,"","","",""
RW5,1044,10/7/2023 7:30,17.07,2.22,"","","",""
RW5,1045,10/7/2023 7:35,17.03,91.88,"","","",""
RW5,1046,10/7/2023 7:40,17.07,76.74,"","","",""
RW5,1047,10/7/2023 7:45,17.11,73.74,"","","",""
RW5,1048,10/7/2023 7:50,17.11,186.56,"","","",""
RW5,1049,10/7/2023 7:55,17.07,650.88,"","","",""
RW5,1050,10/7/2023 8:00,17.07,161.6,"","","",""
RW5,1051,10/7/2023 8:05,17.07,295.68,"","","",""
RW5,1052,10/7/2023 8:10,17.11,72.02,"","","",""
RW5,1053,10/7/2023 8:15,17.11,127.6,"","","",""
RW5,1054,10/7/2023 8:20,17.11,33.4,"","","",""
RW5,1055,10/7/2023 8:25,17.11,1054.72,"","","",""
RW5,1056,10/7/2023 8:30,17.11,34.12,"","","",""
RW5,1057,10/7/2023 8:35,17.11,171.36,"","","",""
RW5,1058,10/7/2023 8:40,17.11,38.34,"","","",""
RW5,1059,10/7/2023 8:45,17.11,252.8,"","","",""
RW5,1060,10/7/2023 8:50,17.11,42.9,"","","",""
RW5,1061,10/7/2023 8:55,17.16,10.74,"","","",""
RW5,1062,10/7/2023 9:00,17.11,10.99,"","","",""
RW5,1063,10/7/2023 9:05,17.16,2894.08,"","","",""
RW5,1064,10/7/2023 9:10,17.2,144.04,"","","",""
RW5,1065,10/7/2023 9:15,17.16,1824,"","","",""
RW5,1066,10/7/2023 9:20,17.2,55.76,"","","",""
RW5,1067,10/7/2023 9:25,17.16,110.16,"","","",""
RW5,1068,10/7/2023 9:30,17.16,502.88,"","","",""
RW5,1069,10/7/2023 9:35,17.24,25.71,"","","",""
RW5,1070,10/7/2023 9:40,17.24,181.36,"","","",""
RW5,1071,10/7/2023 9:45,17.29,826.56,"","","",""
RW5,1072,10/7/2023 9:50,17.24,94.84,"","","",""
RW5,1073,10/7/2023 9:55,17.29,1174.72,"","","",""
RW5,1074,10/7/2023 10:00,17.29,5975.04,"","","",""
RW5,1075,10/7/2023 10:05,17.33,4680.96,"","","",""
RW5,1076,10/7/2023 10:10,17.33,240.32,"","","",""
RW5,1077,10/7/2023 10:15,17.37,391.84,"","","",""
RW5,1078,10/7/2023 10:20,17.37,181.68,"","","",""
RW5,1079,10/7/2023 10:25,17.41,2006.4,"","","",""
RW5,1080,10/7/2023 10:30,17.46,332.48,"","","",""
RW5,1081,10/7/2023 10:35,17.46,106.12,"","","",""
RW5,1082,10/7/2023 10:40,17.41,691.52,"","","",""
RW5,1083,10/7/2023 10:45,17.5,265.68,"","","",""
RW5,1084,10/7/2023 10:50,17.5,3651.84,"","","",""
RW5,1085,10/7/2023 10:55,17.54,444,"","","",""
RW5,1086,10/7/2023 11:00,17.59,81.32,"","","",""
RW5,1087,10/7/2023 11:05,17.54,212.48,"","","",""
RW5,1088,10/7/2023 11:10,17.63,705.92,"","","",""
RW5,1089,10/7/2023 11:15,17.63,1570.56,"","","",""
RW5,1090,10/7/2023 11:20,17.67,276.56,"","","",""
RW5,1091,10/7/2023 11:25,17.72,8258.56,"","","",""
RW5,1092,10/7/2023 11:30,17.8,1499.52,"","","",""
RW5,1093,10/7/2023 11:35,17.76,1570.56,"","","",""
RW5,1094,10/7/2023 11:40,17.8,5096.96,"","","",""
RW5,1095,10/7/2023 11:45,17.72,983.68,"","","",""
RW5,1096,10/7/2023 11:50,17.84,8245.76,"","","",""
RW5,1097,10/7/2023 11:55,17.84,1756.8,"","","",""
RW5,1098,10/7/2023 12:00,17.89,6013.44,"","","",""
RW5,1099,10/7/2023 12:05,18.02,304.08,"","","",""
RW5,1100,10/7/2023 12:10,17.97,4069.12,"","","",""
RW5,1101,10/7/2023 12:15,18.02,1610.88,"","","",""
RW5,1102,10/7/2023 12:20,18.02,1119.36,"","","",""
RW5,1103,10/7/2023 12:25,18.06,1983.36,"","","",""
RW5,1104,10/7/2023 12:30,18.06,17244.16,"","","",""
RW5,1105,10/7/2023 12:35,18.06,669.12,"","","",""
RW5,1106,10/7/2023 12:40,18.06,824,"","","",""
RW5,1107,10/7/2023 12:45,18.1,6845.44,"","","",""
RW5,1108,10/7/2023 12:50,18.14,1272.32,"","","",""
RW5,1109,10/7/2023 12:55,18.14,3344.64,"","","",""
RW5,1110,10/7/2023 13:00,18.06,5465.6,"","","",""
RW5,1111,10/7/2023 13:05,18.06,1080.32,"","","",""
RW5,1112,10/7/2023 13:10,18.1,90.4,"","","",""
RW5,1113,10/7/2023 13:15,18.19,4659.2,"","","",""
RW5,1114,10/7/2023 13:20,18.23,2265.6,"","","",""
RW5,1115,10/7/2023 13:25,18.27,6830.08,"","","",""
RW5,1116,10/7/2023 13:30,18.27,17336.32,"","","",""
RW5,1117,10/7/2023 13:35,18.4,3025.92,"","","",""
RW5,1118,10/7/2023 13:40,18.36,3852.8,"","","",""
RW5,1119,10/7/2023 13:45,18.36,2597.76,"","","",""
RW5,1120,10/7/2023 13:50,18.36,316,"","","",""
RW5,1121,10/7/2023 13:55,18.4,11335.68,"","","",""
RW5,1122,10/7/2023 14:00,18.44,574.4,"","","",""
RW5,1123,10/7/2023 14:05,18.49,339.36,"","","",""
RW5,1124,10/7/2023 14:10,18.53,458.24,"","","",""
RW5,1125,10/7/2023 14:15,18.49,2512.64,"","","",""
RW5,1126,10/7/2023 14:20,18.57,19.18,"","","",""
RW5,1127,10/7/2023 14:25,18.57,37.12,"","","",""
RW5,1128,10/7/2023 14:30,18.57,2965.76,"","","",""
RW5,1129,10/7/2023 14:35,18.57,65.38,"","","",""
RW5,1130,10/7/2023 14:40,18.57,190.32,"","","",""
RW5,1131,10/7/2023 14:45,18.62,1101.76,"","","",""
RW5,1132,10/7/2023 14:50,18.57,1793.92,"","","",""
RW5,1133,10/7/2023 14:55,18.57,102.68,"","","",""
RW5,1134,10/7/2023 15:00,18.57,120.48,"","","",""
RW5,1135,10/7/2023 15:05,18.53,87.96,"","","",""
RW5,1136,10/7/2023 15:10,18.57,1844.48,"","","",""
RW5,1137,10/7/2023 15:15,18.53,150.36,"","","",""
RW5,1138,10/7/2023 15:20,18.57,1247.36,"","","",""
RW5,1139,10/7/2023 15:25,18.66,1175.04,"","","",""
RW5,1140,10/7/2023 15:30,18.7,335.84,"","","",""
RW5,1141,10/7/2023 15:35,18.74,1094.72,"","","",""
RW5,1142,10/7/2023 15:40,18.66,402.24,"","","",""
RW5,1143,10/7/2023 15:45,18.66,401.92,"","","",""
RW5,1144,10/7/2023 15:50,18.79,670.72,"","","",""
RW5,1145,10/7/2023 15:55,18.74,549.92,"","","",""
RW5,1146,10/7/2023 16:00,18.74,63.48,"","","",""
RW5,1147,10/7/2023 16:05,18.7,686.72,"","","",""
RW5,1148,10/7/2023 16:10,18.62,42.64,"","","",""
RW5,1149,10/7/2023 16:15,18.7,156.36,"","","",""
RW5,1150,10/7/2023 16:20,18.66,122.28,"","","",""
RW5,1151,10/7/2023 16:25,18.62,155.48,"","","",""
RW5,1152,10/7/2023 16:30,18.74,202.8,"","","",""
RW5,1153,10/7/2023 16:35,18.7,277.84,"","","",""
RW5,1154,10/7/2023 16:40,18.7,111.96,"","","",""
RW5,1155,10/7/2023 16:45,18.62,111.28,"","","",""
RW5,1156,10/7/2023 16:50,18.62,43.94,"","","",""
RW5,1157,10/7/2023 16:55,18.62,3.99,"","","",""
RW5,1158,10/7/2023 17:00,18.62,135.6,"","","",""
RW5,1159,10/7/2023 17:05,18.57,95.84,"","","",""
RW5,1160,10/7/2023 17:10,18.53,13.1,"","","",""
RW5,1161,10/7/2023 17:15,18.53,14.44,"","","",""
RW5,1162,10/7/2023 17:20,18.53,318.08,"","","",""
RW5,1163,10/7/2023 17:25,18.53,30.07,"","","",""
RW5,1164,10/7/2023 17:30,18.57,11.8,"","","",""
RW5,1165,10/7/2023 17:35,18.62,58.44,"","","",""
RW5,1166,10/7/2023 17:40,18.62,20.04,"","","",""
RW5,1167,10/7/2023 17:45,18.62,12.88,"","","",""
RW5,1168,10/7/2023 17:50,18.57,39.01,"","","",""
RW5,1169,10/7/2023 17:55,18.57,30.07,"","","",""
RW5,1170,10/7/2023 18:00,18.62,12.21,"","","",""
RW5,1171,10/7/2023 18:05,18.57,5.77,"","","",""
RW5,1172,10/7/2023 18:10,18.57,0.44,"","","",""
RW5,1173,10/7/2023 18:15,18.53,3.99,"","","",""
RW5,1174,10/7/2023 18:20,18.53,3.99,"","","",""
RW5,1175,10/7/2023 18:25,18.53,8.21,"","","",""
RW5,1176,10/7/2023 18:30,18.53,0,"","","",""
RW5,1177,10/7/2023 18:35,18.49,8.88,"","","",""
RW5,1178,10/7/2023 18:40,18.49,0.66,"","","",""
RW5,1179,10/7/2023 18:45,18.44,0,"","","",""
RW5,1180,10/7/2023 18:50,18.49,0,"","","",""
RW5,1181,10/7/2023 18:55,18.44,0,"","","",""
RW5,1182,10/7/2023 19:00,18.44,0,"","","",""
RW5,1183,10/7/2023 19:05,18.36,0,"","","",""
RW5,1184,10/7/2023 19:10,18.44,0,"","","",""
RW5,1185,10/7/2023 19:15,18.4,0,"","","",""
RW5,1186,10/7/2023 19:20,18.4,0,"","","",""
RW5,1187,10/7/2023 19:25,18.4,0,"","","",""
RW5,1188,10/7/2023 19:30,18.4,0,"","","",""
RW5,1189,10/7/2023 19:35,18.36,0,"","","",""
RW5,1190,10/7/2023 19:40,18.32,0,"","","",""
RW5,1191,10/7/2023 19:45,18.36,0,"","","",""
RW5,1192,10/7/2023 19:50,18.32,0,"","","",""
RW5,1193,10/7/2023 19:55,18.32,0,"","","",""
RW5,1194,10/7/2023 20:00,18.32,0,"","","",""
RW5,1195,10/7/2023 20:05,18.36,0,"","","",""
RW5,1196,10/7/2023 20:10,18.27,0,"","","",""
RW5,1197,10/7/2023 20:15,18.27,0,"","","",""
RW5,1198,10/7/2023 20:20,18.23,0,"","","",""
RW5,1199,10/7/2023 20:25,18.23,0,"","","",""
RW5,1200,10/7/2023 20:30,18.23,0,"","","",""
RW5,1201,10/7/2023 20:35,18.19,0,"","","",""
RW5,1202,10/7/2023 20:40,18.23,0,"","","",""
RW5,1203,10/7/2023 20:45,18.19,0,"","","",""
RW5,1204,10/7/2023 20:50,18.19,0,"","","",""
RW5,1205,10/7/2023 20:55,18.14,0,"","","",""
RW5,1206,10/7/2023 21:00,18.14,0,"","","",""
RW5,1207,10/7/2023 21:05,18.14,0,"","","",""
RW5,1208,10/7/2023 21:10,18.1,0,"","","",""
RW5,1209,10/7/2023 21:15,18.1,0,"","","",""
RW5,1210,10/7/2023 21:20,18.06,0,"","","",""
RW5,1211,10/7/2023 21:25,18.02,0,"","","",""
RW5,1212,10/7/2023 21:30,17.93,0,"","","",""
RW5,1213,10/7/2023 21:35,17.89,0,"","","",""
RW5,1214,10/7/2023 21:40,17.84,0,"","","",""
RW5,1215,10/7/2023 21:45,17.37,0,"","","",""
RW5,1216,10/7/2023 21:50,17.54,0,"","","",""
RW5,1285,10/8/2023 3:35,17.24,0,"","","",""
RW5,1286,10/8/2023 3:40,17.37,0,"","","",""
RW5,1287,10/8/2023 3:45,17.37,0,"","","",""
RW5,1288,10/8/2023 3:50,17.41,0,"","","",""
RW5,1289,10/8/2023 3:55,17.37,0,"","","",""
RW5,1290,10/8/2023 4:00,17.37,0,"","","",""
RW5,1291,10/8/2023 4:05,17.37,0,"","","",""
RW5,1292,10/8/2023 4:10,17.33,0,"","","",""
RW5,1293,10/8/2023 4:15,17.33,0,"","","",""
RW5,1294,10/8/2023 4:20,17.33,0,"","","",""
RW5,1295,10/8/2023 4:25,17.29,0,"","","",""
RW5,1296,10/8/2023 4:30,17.33,0,"","","",""
RW5,1297,10/8/2023 4:35,17.29,0,"","","",""
RW5,1298,10/8/2023 4:40,17.29,0,"","","",""
RW5,1299,10/8/2023 4:45,17.29,0,"","","",""
RW5,1300,10/8/2023 4:50,17.29,0,"","","",""
RW5,1301,10/8/2023 4:55,17.29,0,"","","",""
RW5,1302,10/8/2023 5:00,17.29,0,"","","",""
RW5,1303,10/8/2023 5:05,17.24,0,"","","",""
RW5,1304,10/8/2023 5:10,17.2,0,"","","",""
RW5,1305,10/8/2023 5:15,17.2,0,"","","",""
RW5,1306,10/8/2023 5:20,17.2,0,"","","",""
RW5,1307,10/8/2023 5:25,17.2,0,"","","",""
RW5,1308,10/8/2023 5:30,17.16,0,"","","",""
RW5,1309,10/8/2023 5:35,17.2,0,"","","",""
RW5,1310,10/8/2023 5:40,17.11,0,"","","",""
RW5,1311,10/8/2023 5:45,17.16,0,"","","",""
RW5,1312,10/8/2023 5:50,17.11,0,"","","",""
RW5,1313,10/8/2023 5:55,17.11,0,"","","",""
RW5,1314,10/8/2023 6:00,17.11,0,"","","",""
RW5,1315,10/8/2023 6:05,17.07,0,"","","",""
RW5,1316,10/8/2023 6:10,17.07,0,"","","",""
RW5,1317,10/8/2023 6:15,17.07,0,"","","",""
RW5,1318,10/8/2023 6:20,17.03,0,"","","",""
RW5,1319,10/8/2023 6:25,17.03,0,"","","",""
RW5,1320,10/8/2023 6:30,17.03,0,"","","",""
RW5,1321,10/8/2023 6:35,16.99,0,"","","",""
RW5,1322,10/8/2023 6:40,17.03,0,"","","",""
RW5,1323,10/8/2023 6:45,16.99,0,"","","",""
RW5,1324,10/8/2023 6:50,16.99,0,"","","",""
RW5,1325,10/8/2023 6:55,16.99,0,"","","",""
RW5,1326,10/8/2023 7:00,16.94,2.22,"","","",""
RW5,1327,10/8/2023 7:05,16.9,78.46,"","","",""
RW5,1328,10/8/2023 7:10,16.94,2.22,"","","",""
RW5,1329,10/8/2023 7:15,16.86,2.22,"","","",""
RW5,1330,10/8/2023 7:20,16.86,78.08,"","","",""
RW5,1331,10/8/2023 7:25,16.86,6.22,"","","",""
RW5,1332,10/8/2023 7:30,16.9,17.18,"","","",""
RW5,1333,10/8/2023 7:35,16.86,12.46,"","","",""
RW5,1334,10/8/2023 7:40,16.86,13.66,"","","",""
RW5,1335,10/8/2023 7:45,16.86,328.32,"","","",""
RW5,1336,10/8/2023 7:50,16.86,7.99,"","","",""
RW5,1337,10/8/2023 7:55,16.9,66.08,"","","",""
RW5,1338,10/8/2023 8:00,16.9,13.77,"","","",""
RW5,1339,10/8/2023 8:05,16.94,218.8,"","","",""
RW5,1340,10/8/2023 8:10,16.99,631.36,"","","",""
RW5,1341,10/8/2023 8:15,16.94,37.34,"","","",""
RW5,1342,10/8/2023 8:20,16.94,8.24,"","","",""
RW5,1343,10/8/2023 8:25,16.94,978.24,"","","",""
RW5,1344,10/8/2023 8:30,16.99,207.2,"","","",""
RW5,1345,10/8/2023 8:35,16.99,102.88,"","","",""
RW5,1346,10/8/2023 8:40,16.99,27.32,"","","",""
RW5,1347,10/8/2023 8:45,17.07,120.84,"","","",""
RW5,1348,10/8/2023 8:50,17.03,181.2,"","","",""
RW5,1349,10/8/2023 8:55,17.03,583.36,"","","",""
RW5,1350,10/8/2023 9:00,17.07,115.4,"","","",""
RW5,1351,10/8/2023 9:05,17.11,215.12,"","","",""
RW5,1352,10/8/2023 9:10,17.11,322.56,"","","",""
RW5,1353,10/8/2023 9:15,17.16,179.92,"","","",""
RW5,1354,10/8/2023 9:20,17.11,1490.56,"","","",""
RW5,1355,10/8/2023 9:25,17.11,2256.64,"","","",""
RW5,1356,10/8/2023 9:30,17.16,88.72,"","","",""
RW5,1357,10/8/2023 9:35,17.16,62.88,"","","",""
RW5,1358,10/8/2023 9:40,17.2,35.93,"","","",""
RW5,1359,10/8/2023 9:45,17.16,312.4,"","","",""
RW5,1360,10/8/2023 9:50,17.2,283.84,"","","",""
RW5,1361,10/8/2023 9:55,17.2,8092.16,"","","",""
RW5,1362,10/8/2023 10:00,17.29,3242.24,"","","",""
RW5,1363,10/8/2023 10:05,17.24,414.88,"","","",""
RW5,1364,10/8/2023 10:10,17.37,10890.24,"","","",""
RW5,1365,10/8/2023 10:15,17.33,2157.44,"","","",""
RW5,1366,10/8/2023 10:20,17.37,156.28,"","","",""
RW5,1367,10/8/2023 10:25,17.46,1145.28,"","","",""
RW5,1368,10/8/2023 10:30,17.41,1244.8,"","","",""
RW5,1369,10/8/2023 10:35,17.46,5160.96,"","","",""
RW5,1370,10/8/2023 10:40,17.37,2389.76,"","","",""
RW5,1371,10/8/2023 10:45,17.46,2448.64,"","","",""
RW5,1372,10/8/2023 10:50,17.63,856.32,"","","",""
RW5,1373,10/8/2023 10:55,17.67,10199.04,"","","",""
RW5,1374,10/8/2023 11:00,17.67,117.52,"","","",""
RW5,1375,10/8/2023 11:05,17.76,478.88,"","","",""
RW5,1376,10/8/2023 11:10,17.72,3315.2,"","","",""
RW5,1377,10/8/2023 11:15,17.8,413.6,"","","",""
RW5,1378,10/8/2023 11:20,17.8,680.96,"","","",""
RW5,1379,10/8/2023 11:25,17.84,1197.76,"","","",""
RW5,1380,10/8/2023 11:30,17.84,3543.04,"","","",""
RW5,1381,10/8/2023 11:35,17.97,1197.76,"","","",""
RW5,1382,10/8/2023 11:40,18.02,680.64,"","","",""
RW5,1383,10/8/2023 11:45,18.06,2047.36,"","","",""
RW5,1384,10/8/2023 11:50,18.02,1922.56,"","","",""
RW5,1385,10/8/2023 11:55,18.19,1338.24,"","","",""
RW5,1386,10/8/2023 12:00,18.14,254.8,"","","",""
RW5,1387,10/8/2023 12:05,18.14,62.08,"","","",""
RW5,1388,10/8/2023 12:10,18.23,4605.44,"","","",""
RW5,1389,10/8/2023 12:15,18.32,16829.44,"","","",""
RW5,1390,10/8/2023 12:20,18.4,5337.6,"","","",""
RW5,1391,10/8/2023 12:25,18.4,3075.84,"","","",""
RW5,1392,10/8/2023 12:30,18.4,96.12,"","","",""
RW5,1393,10/8/2023 12:35,18.49,366.08,"","","",""
RW5,1394,10/8/2023 12:40,18.49,1865.6,"","","",""
RW5,1395,10/8/2023 12:45,18.49,268.08,"","","",""
RW5,1396,10/8/2023 12:50,18.57,430.88,"","","",""
RW5,1397,10/8/2023 12:55,18.53,1098.24,"","","",""
RW5,1398,10/8/2023 13:00,18.62,1496.32,"","","",""
RW5,1399,10/8/2023 13:05,18.57,1022.72,"","","",""
RW5,1400,10/8/2023 13:10,18.66,299.84,"","","",""
RW5,1401,10/8/2023 13:15,18.62,241.68,"","","",""
RW5,1402,10/8/2023 13:20,18.57,474.24,"","","",""
RW5,1403,10/8/2023 13:25,18.66,534.88,"","","",""
RW5,1404,10/8/2023 13:30,18.62,22.4,"","","",""
RW5,1405,10/8/2023 13:35,18.74,1136.32,"","","",""
RW5,1406,10/8/2023 13:40,18.74,166.72,"","","",""
RW5,1407,10/8/2023 13:45,18.74,68.14,"","","",""
RW5,1408,10/8/2023 13:50,18.83,307.68,"","","",""
RW5,1409,10/8/2023 13:55,18.96,2928.64,"","","",""
RW5,1410,10/8/2023 14:00,18.87,320.08,"","","",""
RW5,1411,10/8/2023 14:05,18.87,300.08,"","","",""
RW5,1412,10/8/2023 14:10,18.87,807.68,"","","",""
RW5,1413,10/8/2023 14:15,18.92,3033.6,"","","",""
RW5,1414,10/8/2023 14:20,18.87,1062.72,"","","",""
RW5,1415,10/8/2023 14:25,18.83,1858.56,"","","",""
RW5,1416,10/8/2023 14:30,18.87,197.2,"","","",""
RW5,1417,10/8/2023 14:35,18.87,4773.12,"","","",""
RW5,1418,10/8/2023 14:40,18.87,1377.28,"","","",""
RW5,1419,10/8/2023 14:45,18.87,458.24,"","","",""
RW5,1420,10/8/2023 14:50,18.87,983.68,"","","",""
RW5,1421,10/8/2023 14:55,18.87,4211.2,"","","",""
RW5,1422,10/8/2023 15:00,18.83,2708.48,"","","",""
RW5,1423,10/8/2023 15:05,18.79,1485.44,"","","",""
RW5,1424,10/8/2023 15:10,18.92,2535.68,"","","",""
RW5,1425,10/8/2023 15:15,18.87,1786.88,"","","",""
RW5,1426,10/8/2023 15:20,18.96,346.72,"","","",""
RW5,1427,10/8/2023 15:25,18.83,876.16,"","","",""
RW5,1428,10/8/2023 15:30,18.87,691.52,"","","",""
RW5,1429,10/8/2023 15:35,18.92,1035.2,"","","",""
RW5,1430,10/8/2023 15:40,18.83,1947.52,"","","",""
RW5,1431,10/8/2023 15:45,18.87,1550.08,"","","",""
RW5,1432,10/8/2023 15:50,18.87,622.4,"","","",""
RW5,1433,10/8/2023 15:55,18.87,246.8,"","","",""
RW5,1434,10/8/2023 16:00,18.79,350.72,"","","",""
RW5,1435,10/8/2023 16:05,18.83,700.48,"","","",""
RW5,1436,10/8/2023 16:10,18.87,55.28,"","","",""
RW5,1437,10/8/2023 16:15,18.79,4.88,"","","",""
RW5,1438,10/8/2023 16:20,18.74,410.88,"","","",""
RW5,1439,10/8/2023 16:25,18.79,20.82,"","","",""
RW5,1440,10/8/2023 16:30,18.79,241.2,"","","",""
RW5,1441,10/8/2023 16:35,18.79,22.79,"","","",""
RW5,1442,10/8/2023 16:40,18.79,20.04,"","","",""
RW5,1443,10/8/2023 16:45,18.74,18.77,"","","",""
RW5,1444,10/8/2023 16:50,18.74,57.72,"","","",""
RW5,1445,10/8/2023 16:55,18.74,438.4,"","","",""
RW5,1446,10/8/2023 17:00,18.74,31.9,"","","",""
RW5,1447,10/8/2023 17:05,18.66,624.16,"","","",""
RW5,1448,10/8/2023 17:10,18.66,4.66,"","","",""
RW5,1449,10/8/2023 17:15,18.66,796.8,"","","",""
RW5,1450,10/8/2023 17:20,18.62,672.96,"","","",""
RW5,1451,10/8/2023 17:25,18.66,17.57,"","","",""
RW5,1452,10/8/2023 17:30,18.62,483.84,"","","",""
RW5,1453,10/8/2023 17:35,18.57,180.16,"","","",""
RW5,1454,10/8/2023 17:40,18.53,31.18,"","","",""
RW5,1455,10/8/2023 17:45,18.53,125.84,"","","",""
RW5,1456,10/8/2023 17:50,18.44,11.32,"","","",""
RW5,1457,10/8/2023 17:55,18.49,18.46,"","","",""
RW5,1458,10/8/2023 18:00,18.44,54.62,"","","",""
RW5,1459,10/8/2023 18:05,18.44,13.77,"","","",""
RW5,1460,10/8/2023 18:10,18.44,123.04,"","","",""
RW5,1461,10/8/2023 18:15,18.4,2.66,"","","",""
RW5,1462,10/8/2023 18:20,18.36,33.43,"","","",""
RW5,1463,10/8/2023 18:25,18.4,0,"","","",""
RW5,1464,10/8/2023 18:30,18.36,6.88,"","","",""
RW5,1465,10/8/2023 18:35,18.32,15.13,"","","",""
RW5,1466,10/8/2023 18:40,18.32,0,"","","",""
RW5,1467,10/8/2023 18:45,18.32,0.66,"","","",""
RW5,1468,10/8/2023 18:50,18.32,0,"","","",""
RW5,1469,10/8/2023 18:55,18.27,0,"","","",""
RW5,1470,10/8/2023 19:00,18.23,0,"","","",""
RW5,1471,10/8/2023 19:05,18.23,0,"","","",""
RW5,1472,10/8/2023 19:10,18.23,0,"","","",""
RW5,1473,10/8/2023 19:15,18.14,0,"","","",""
RW5,1474,10/8/2023 19:20,18.19,0,"","","",""
RW5,1475,10/8/2023 19:25,18.19,0,"","","",""
RW5,1476,10/8/2023 19:30,18.14,0,"","","",""
RW5,1477,10/8/2023 19:35,18.14,0,"","","",""
RW5,1478,10/8/2023 19:40,18.1,0,"","","",""
RW5,1479,10/8/2023 19:45,18.1,0,"","","",""
RW5,1480,10/8/2023 19:50,18.06,0,"","","",""
RW5,1481,10/8/2023 19:55,18.1,0,"","","",""
RW5,1482,10/8/2023 20:00,18.02,0,"","","",""
RW5,1483,10/8/2023 20:05,18.06,0,"","","",""
RW5,1484,10/8/2023 20:10,18.06,0,"","","",""
RW5,1485,10/8/2023 20:15,18.02,0,"","","",""
RW5,1486,10/8/2023 20:20,18.02,0,"","","",""
RW5,1487,10/8/2023 20:25,17.97,0,"","","",""
RW5,1488,10/8/2023 20:30,18.02,0,"","","",""
RW5,1489,10/8/2023 20:35,17.97,0,"","","",""
RW5,1490,10/8/2023 20:40,17.93,0,"","","",""
RW5,1491,10/8/2023 20:45,17.89,0,"","","",""
RW5,1492,10/8/2023 20:50,17.89,0,"","","",""
RW5,1493,10/8/2023 20:55,17.89,0,"","","",""
RW5,1494,10/8/2023 21:00,17.93,0,"","","",""
RW5,1495,10/8/2023 21:05,17.89,0,"","","",""
RW5,1496,10/8/2023 21:10,17.93,0,"","","",""
RW5,1497,10/8/2023 21:15,17.84,0,"","","",""
RW5,1498,10/8/2023 21:20,17.84,0,"","","",""
RW5,1499,10/8/2023 21:25,17.8,0,"","","",""
RW5,1500,10/8/2023 21:30,17.84,0,"","","",""
RW5,1501,10/8/2023 21:35,17.76,0,"","","",""
RW5,1502,10/8/2023 21:40,17.72,0,"","","",""
RW5,1503,10/8/2023 21:45,17.72,0,"","","",""
RW5,1504,10/8/2023 21:50,17.72,0,"","","",""
RW5,1505,10/8/2023 21:55,17.67,0,"","","",""
RW5,1506,10/8/2023 22:00,17.67,0,"","","",""
RW5,1507,10/8/2023 22:05,17.63,0,"","","",""
RW5,1508,10/8/2023 22:10,17.63,0,"","","",""
RW5,1509,10/8/2023 22:15,17.5,0,"","","",""
RW5,1510,10/8/2023 22:20,17.5,0,"","","",""
RW5,1511,10/8/2023 22:25,17.33,0,"","","",""
RW5,1512,10/8/2023 22:30,17.29,0,"","","",""
RW5,1513,10/8/2023 22:35,17.07,0,"","","",""
RW5,1579,10/9/2023 4:05,16.6,0,"","","",""
RW5,1580,10/9/2023 4:10,16.56,0,"","","",""
RW5,1581,10/9/2023 4:15,16.56,0,"","","",""
RW5,1582,10/9/2023 4:20,16.56,0,"","","",""
RW5,1583,10/9/2023 4:25,16.47,0,"","","",""
RW5,1584,10/9/2023 4:30,16.43,0,"","","",""
RW5,1585,10/9/2023 4:35,16.39,0,"","","",""
RW5,1586,10/9/2023 4:40,16.34,0,"","","",""
RW5,1587,10/9/2023 4:45,16.26,0,"","","",""
RW5,1588,10/9/2023 4:50,16.21,0,"","","",""
RW5,1589,10/9/2023 4:55,16.17,0,"","","",""
RW5,1590,10/9/2023 5:00,16.17,0,"","","",""
RW5,1591,10/9/2023 5:05,16.17,0,"","","",""
RW5,1592,10/9/2023 5:10,16.13,0,"","","",""
RW5,1593,10/9/2023 5:15,16.08,0,"","","",""
RW5,1594,10/9/2023 5:20,16.08,0,"","","",""
RW5,1595,10/9/2023 5:25,16.08,0,"","","",""
RW5,1596,10/9/2023 5:30,16.08,0,"","","",""
RW5,1597,10/9/2023 5:35,16.04,0,"","","",""
RW5,1598,10/9/2023 5:40,16,0,"","","",""
RW5,1599,10/9/2023 5:45,16,0,"","","",""
RW5,1600,10/9/2023 5:50,16,0,"","","",""
RW5,1601,10/9/2023 5:55,16,0,"","","",""
RW5,1602,10/9/2023 6:00,15.96,0,"","","",""
RW5,1603,10/9/2023 6:05,15.96,0,"","","",""
RW5,1604,10/9/2023 6:10,15.91,0,"","","",""
RW5,1605,10/9/2023 6:15,15.96,0,"","","",""
RW5,1606,10/9/2023 6:20,15.91,0,"","","",""
RW5,1607,10/9/2023 6:25,15.87,0,"","","",""
RW5,1608,10/9/2023 6:30,15.87,0,"","","",""
RW5,1609,10/9/2023 6:35,15.91,0,"","","",""
RW5,1610,10/9/2023 6:40,15.83,0,"","","",""
RW5,1611,10/9/2023 6:45,15.83,0,"","","",""
RW5,1612,10/9/2023 6:50,15.74,0.88,"","","",""
RW5,1613,10/9/2023 6:55,15.78,1.11,"","","",""
RW5,1614,10/9/2023 7:00,15.74,20.93,"","","",""
RW5,1615,10/9/2023 7:05,15.74,19.16,"","","",""
RW5,1616,10/9/2023 7:10,15.78,5.1,"","","",""
RW5,1617,10/9/2023 7:15,15.74,1.77,"","","",""
RW5,1618,10/9/2023 7:20,15.7,0.22,"","","",""
RW5,1619,10/9/2023 7:25,15.7,7.55,"","","",""
RW5,1620,10/9/2023 7:30,15.7,31.65,"","","",""
RW5,1621,10/9/2023 7:35,15.7,26.99,"","","",""
RW5,1622,10/9/2023 7:40,15.74,21.41,"","","",""
RW5,1623,10/9/2023 7:45,15.7,42.12,"","","",""
RW5,1624,10/9/2023 7:50,15.61,17.8,"","","",""
RW5,1625,10/9/2023 7:55,15.66,23.88,"","","",""
RW5,1626,10/9/2023 8:00,15.66,41.44,"","","",""
RW5,1627,10/9/2023 8:05,15.66,5.33,"","","",""
RW5,1628,10/9/2023 8:10,15.66,8.88,"","","",""
RW5,1629,10/9/2023 8:15,15.7,904.32,"","","",""
RW5,1630,10/9/2023 8:20,15.7,269.68,"","","",""
RW5,1631,10/9/2023 8:25,15.7,190.88,"","","",""
RW5,1632,10/9/2023 8:30,15.74,20.74,"","","",""
RW5,1633,10/9/2023 8:35,15.78,30.12,"","","",""
RW5,1634,10/9/2023 8:40,15.78,22.54,"","","",""
RW5,1635,10/9/2023 8:45,15.83,276.88,"","","",""
RW5,1636,10/9/2023 8:50,15.91,252.8,"","","",""
RW5,1637,10/9/2023 8:55,15.96,95.12,"","","",""
RW5,1638,10/9/2023 9:00,15.96,145.48,"","","",""
RW5,1639,10/9/2023 9:05,16,305.2,"","","",""
RW5,1640,10/9/2023 9:10,16,645.12,"","","",""
RW5,1641,10/9/2023 9:15,16,30.18,"","","",""
RW5,1642,10/9/2023 9:20,16,374.08,"","","",""
RW5,1643,10/9/2023 9:25,16.08,1293.76,"","","",""
RW5,1644,10/9/2023 9:30,16.13,1410.56,"","","",""
RW5,1645,10/9/2023 9:35,16.13,325.84,"","","",""
RW5,1646,10/9/2023 9:40,16.13,97.84,"","","",""
RW5,1647,10/9/2023 9:45,16.13,20.21,"","","",""
RW5,1648,10/9/2023 9:50,16.08,103.56,"","","",""
RW5,1649,10/9/2023 9:55,16.08,480.64,"","","",""
RW5,1650,10/9/2023 10:00,16.13,201.76,"","","",""
RW5,1651,10/9/2023 10:05,16.17,193.2,"","","",""
RW5,1652,10/9/2023 10:10,16.17,31.68,"","","",""
RW5,1653,10/9/2023 10:15,16.21,280.56,"","","",""
RW5,1654,10/9/2023 10:20,16.26,3816.96,"","","",""
RW5,1655,10/9/2023 10:25,16.21,968.32,"","","",""
RW5,1656,10/9/2023 10:30,16.26,186.24,"","","",""
RW5,1657,10/9/2023 10:35,16.26,50.86,"","","",""
RW5,1658,10/9/2023 10:40,16.3,69.64,"","","",""
RW5,1659,10/9/2023 10:45,16.34,223.2,"","","",""
RW5,1660,10/9/2023 10:50,16.34,116.28,"","","",""
RW5,1661,10/9/2023 10:55,16.34,509.92,"","","",""
RW5,1662,10/9/2023 11:00,16.39,492,"","","",""
RW5,1663,10/9/2023 11:05,16.47,424.16,"","","",""
RW5,1664,10/9/2023 11:10,16.56,273.84,"","","",""
RW5,1665,10/9/2023 11:15,16.51,2629.12,"","","",""
RW5,1666,10/9/2023 11:20,16.64,5544.96,"","","",""
RW5,1667,10/9/2023 11:25,16.69,117.52,"","","",""
RW5,1668,10/9/2023 11:30,16.73,6059.52,"","","",""
RW5,1669,10/9/2023 11:35,16.77,7746.56,"","","",""
RW5,1670,10/9/2023 11:40,16.86,8622.08,"","","",""
RW5,1671,10/9/2023 11:45,16.86,4701.44,"","","",""
RW5,1672,10/9/2023 11:50,16.94,1008.32,"","","",""
RW5,1673,10/9/2023 11:55,16.99,3701.76,"","","",""
RW5,1674,10/9/2023 12:00,17.03,270.88,"","","",""
RW5,1675,10/9/2023 12:05,17.07,1611.52,"","","",""
RW5,1676,10/9/2023 12:10,17.16,1906.56,"","","",""
RW5,1677,10/9/2023 12:15,17.2,1097.28,"","","",""
RW5,1678,10/9/2023 12:20,17.29,5880.32,"","","",""
RW5,1679,10/9/2023 12:25,17.29,2656,"","","",""
RW5,1680,10/9/2023 12:30,17.41,258.32,"","","",""
RW5,1681,10/9/2023 12:35,17.63,3998.72,"","","",""
RW5,1682,10/9/2023 12:40,17.72,166,"","","",""
RW5,1683,10/9/2023 12:45,17.76,501.12,"","","",""
RW5,1684,10/9/2023 12:50,17.37,537.6,"","","",""
RW5,1685,10/9/2023 12:55,17.67,1310.08,"","","",""
RW5,1686,10/9/2023 13:00,18.32,7009.28,"","","",""
RW5,1687,10/9/2023 13:05,18.1,38522.88,"","","",""
RW5,1688,10/9/2023 13:10,18.1,10434.56,"","","",""
RW5,1689,10/9/2023 13:15,17.93,6817.28,"","","",""
RW5,1690,10/9/2023 13:20,17.8,846.72,"","","",""
RW5,1691,10/9/2023 13:25,17.8,9666.56,"","","",""
RW5,1692,10/9/2023 13:30,18.1,5578.24,"","","",""
RW5,1693,10/9/2023 13:35,18.32,14039.04,"","","",""
RW5,1694,10/9/2023 13:40,18.57,23377.92,"","","",""
RW5,1695,10/9/2023 13:45,18.53,4204.8,"","","",""
RW5,1696,10/9/2023 13:50,18.49,15744,"","","",""
RW5,1697,10/9/2023 13:55,18.23,4008.96,"","","",""
RW5,1698,10/9/2023 14:00,18.53,10716.16,"","","",""
RW5,1699,10/9/2023 14:05,18.4,20188.16,"","","",""
RW5,1700,10/9/2023 14:10,18.36,711.68,"","","",""
RW5,1701,10/9/2023 14:15,18.06,86.8,"","","",""
RW5,1702,10/9/2023 14:20,18.02,660.16,"","","",""
RW5,1703,10/9/2023 14:25,18.14,6369.28,"","","",""
RW5,1704,10/9/2023 14:30,18.14,4076.8,"","","",""
RW5,1705,10/9/2023 14:35,18.1,1629.44,"","","",""
RW5,1706,10/9/2023 14:40,18.1,92.36,"","","",""
RW5,1707,10/9/2023 14:45,18.02,1822.08,"","","",""
RW5,1708,10/9/2023 14:50,18.06,2676.48,"","","",""
RW5,1709,10/9/2023 14:55,17.93,264.32,"","","",""
RW5,1710,10/9/2023 15:00,17.97,555.36,"","","",""
RW5,1711,10/9/2023 15:05,17.97,365.76,"","","",""
RW5,1712,10/9/2023 15:10,17.97,192.16,"","","",""
RW5,1713,10/9/2023 15:15,17.97,1526.4,"","","",""
RW5,1714,10/9/2023 15:20,17.97,1083.84,"","","",""
RW5,1715,10/9/2023 15:25,17.93,2252.16,"","","",""
RW5,1716,10/9/2023 15:30,17.84,182.08,"","","",""
RW5,1717,10/9/2023 15:35,17.89,133.6,"","","",""
RW5,1718,10/9/2023 15:40,17.89,1179.84,"","","",""
RW5,1719,10/9/2023 15:45,17.89,1519.36,"","","",""
RW5,1720,10/9/2023 15:50,17.89,1513.6,"","","",""
RW5,1721,10/9/2023 15:55,17.93,416.16,"","","",""
RW5,1722,10/9/2023 16:00,17.93,956.8,"","","",""
RW5,1723,10/9/2023 16:05,17.97,780.16,"","","",""
RW5,1724,10/9/2023 16:10,17.97,880.96,"","","",""
RW5,1725,10/9/2023 16:15,17.93,1446.4,"","","",""
RW5,1726,10/9/2023 16:20,17.93,2107.52,"","","",""
RW5,1727,10/9/2023 16:25,17.97,1196.8,"","","",""
RW5,1728,10/9/2023 16:30,17.93,1402.88,"","","",""
RW5,1729,10/9/2023 16:35,17.93,888.32,"","","",""
RW5,1730,10/9/2023 16:40,17.97,1156.8,"","","",""
RW5,1731,10/9/2023 16:45,18.06,82.36,"","","",""
RW5,1732,10/9/2023 16:50,17.97,90.12,"","","",""
RW5,1733,10/9/2023 16:55,18.06,308.96,"","","",""
RW5,1734,10/9/2023 17:00,17.97,481.6,"","","",""
RW5,1735,10/9/2023 17:05,17.97,393.76,"","","",""
RW5,1736,10/9/2023 17:10,17.93,184.88,"","","",""
RW5,1737,10/9/2023 17:15,17.93,41.78,"","","",""
RW5,1738,10/9/2023 17:20,17.93,35.79,"","","",""
RW5,1739,10/9/2023 17:25,17.93,20.71,"","","",""
RW5,1740,10/9/2023 17:30,17.93,168.72,"","","",""
RW5,1741,10/9/2023 17:35,17.97,8.88,"","","",""
RW5,1742,10/9/2023 17:40,17.93,38.34,"","","",""
RW5,1743,10/9/2023 17:45,17.93,3.33,"","","",""
RW5,1744,10/9/2023 17:50,17.93,96.8,"","","",""
RW5,1745,10/9/2023 17:55,17.93,69.52,"","","",""
RW5,1746,10/9/2023 18:00,17.89,1.99,"","","",""
RW5,1747,10/9/2023 18:05,17.89,32.29,"","","",""
RW5,1748,10/9/2023 18:10,17.93,1.77,"","","",""
RW5,1749,10/9/2023 18:15,17.84,1.55,"","","",""
RW5,1750,10/9/2023 18:20,17.84,47.7,"","","",""
RW5,1751,10/9/2023 18:25,17.89,1.11,"","","",""
RW5,1752,10/9/2023 18:30,17.89,0.44,"","","",""
RW5,1753,10/9/2023 18:35,17.84,0.44,"","","",""
RW5,1754,10/9/2023 18:40,17.89,0.22,"","","",""
RW5,1755,10/9/2023 18:45,17.84,0,"","","",""
RW5,1756,10/9/2023 18:50,17.84,0,"","","",""
RW5,1757,10/9/2023 18:55,17.8,0,"","","",""
RW5,1758,10/9/2023 19:00,17.76,0,"","","",""
RW5,1759,10/9/2023 19:05,17.76,0,"","","",""
RW5,1760,10/9/2023 19:10,17.76,0,"","","",""
RW5,1761,10/9/2023 19:15,17.8,0,"","","",""
RW5,1762,10/9/2023 19:20,17.76,0,"","","",""
RW5,1763,10/9/2023 19:25,17.76,0,"","","",""
RW5,1764,10/9/2023 19:30,17.72,0,"","","",""
RW5,1765,10/9/2023 19:35,17.72,0,"","","",""
RW5,1766,10/9/2023 19:40,17.72,0,"","","",""
RW5,1767,10/9/2023 19:45,17.72,0,"","","",""
RW5,1768,10/9/2023 19:50,17.72,0,"","","",""
RW5,1769,10/9/2023 19:55,17.72,0,"","","",""
RW5,1770,10/9/2023 20:00,17.72,0,"","","",""
RW5,1771,10/9/2023 20:05,17.67,0,"","","",""
RW5,1772,10/9/2023 20:10,17.72,0,"","","",""
RW5,1773,10/9/2023 20:15,17.72,0,"","","",""
RW5,1774,10/9/2023 20:20,17.67,0,"","","",""
RW5,1775,10/9/2023 20:25,17.67,0,"","","",""
RW5,1776,10/9/2023 20:30,17.67,0,"","","",""
RW5,1777,10/9/2023 20:35,17.59,0,"","","",""
RW5,1778,10/9/2023 20:40,17.59,0,"","","",""
RW5,1779,10/9/2023 20:45,17.63,0,"","","",""
RW5,1780,10/9/2023 20:50,17.63,0,"","","",""
RW5,1781,10/9/2023 20:55,17.54,0,"","","",""
RW5,1782,10/9/2023 21:00,17.59,0,"","","",""
RW5,1783,10/9/2023 21:05,17.54,0,"","","",""
RW5,1784,10/9/2023 21:10,17.59,0,"","","",""
RW5,1785,10/9/2023 21:15,17.54,0,"","","",""
RW5,1786,10/9/2023 21:20,17.54,0,"","","",""
RW5,1787,10/9/2023 21:25,17.54,0,"","","",""
RW5,1788,10/9/2023 21:30,17.5,0,"","","",""
RW5,1789,10/9/2023 21:35,17.5,0,"","","",""
RW5,1790,10/9/2023 21:40,17.5,0,"","","",""
RW5,1791,10/9/2023 21:45,17.5,0,"","","",""
RW5,1792,10/9/2023 21:50,17.5,0,"","","",""
RW5,1793,10/9/2023 21:55,17.5,0,"","","",""
RW5,1794,10/9/2023 22:00,17.5,0,"","","",""
RW5,1795,10/9/2023 22:05,17.5,0,"","","",""
RW5,1796,10/9/2023 22:10,17.5,0,"","","",""
RW5,1797,10/9/2023 22:15,17.5,0,"","","",""
RW5,1798,10/9/2023 22:20,17.41,0,"","","",""
RW5,1799,10/9/2023 22:25,17.41,0,"","","",""
RW5,1800,10/9/2023 22:30,17.46,0,"","","",""
RW5,1801,10/9/2023 22:35,17.41,0,"","","",""
RW5,1802,10/9/2023 22:40,17.41,0,"","","",""
RW5,1803,10/9/2023 22:45,17.37,0,"","","",""
RW5,1804,10/9/2023 22:50,17.37,0,"","","",""
RW5,1805,10/9/2023 22:55,17.33,0,"","","",""
RW5,1806,10/9/2023 23:00,17.29,0,"","","",""
RW5,1807,10/9/2023 23:05,17.16,0,"","","",""
RW5,1808,10/9/2023 23:10,16.99,0,"","","",""
RW5,1809,10/9/2023 23:15,16.77,0,"","","",""
RW5,1810,10/9/2023 23:20,16.86,0,"","","",""
RW5,1811,10/9/2023 23:25,16.6,0,"","","",""
RW5,1870,10/10/2023 4:20,15.23,0,"","","",""
RW5,1871,10/10/2023 4:25,16.17,0,"","","",""
RW5,1872,10/10/2023 4:30,16.39,0,"","","",""
RW5,1873,10/10/2023 4:35,16.6,0,"","","",""
RW5,1874,10/10/2023 4:40,16.73,0,"","","",""
RW5,1875,10/10/2023 4:45,16.77,0,"","","",""
RW5,1876,10/10/2023 4:50,16.77,0,"","","",""
RW5,1877,10/10/2023 4:55,16.86,0,"","","",""
RW5,1878,10/10/2023 5:00,16.86,0,"","","",""
RW5,1879,10/10/2023 5:05,16.86,0,"","","",""
RW5,1880,10/10/2023 5:10,16.9,0,"","","",""
RW5,1881,10/10/2023 5:15,16.9,0,"","","",""
RW5,1882,10/10/2023 5:20,16.94,0,"","","",""
RW5,1883,10/10/2023 5:25,16.86,0,"","","",""
RW5,1884,10/10/2023 5:30,16.86,0,"","","",""
RW5,1885,10/10/2023 5:35,16.9,0,"","","",""
RW5,1886,10/10/2023 5:40,16.86,0,"","","",""
RW5,1887,10/10/2023 5:45,16.86,0,"","","",""
RW5,1888,10/10/2023 5:50,16.81,0,"","","",""
RW5,1889,10/10/2023 5:55,16.81,0,"","","",""
RW5,1890,10/10/2023 6:00,16.81,0,"","","",""
RW5,1891,10/10/2023 6:05,16.77,0,"","","",""
RW5,1892,10/10/2023 6:10,16.81,0,"","","",""
RW5,1893,10/10/2023 6:15,16.81,0,"","","",""
RW5,1894,10/10/2023 6:20,16.81,0,"","","",""
RW5,1895,10/10/2023 6:25,16.77,0,"","","",""
RW5,1896,10/10/2023 6:30,16.81,0,"","","",""
RW5,1897,10/10/2023 6:35,16.77,0,"","","",""
RW5,1898,10/10/2023 6:40,16.77,0,"","","",""
RW5,1899,10/10/2023 6:45,16.77,4.88,"","","",""
RW5,1900,10/10/2023 6:50,16.81,4.66,"","","",""
RW5,1901,10/10/2023 6:55,16.77,0,"","","",""
RW5,1902,10/10/2023 7:00,16.81,0.44,"","","",""
RW5,1903,10/10/2023 7:05,16.73,6.88,"","","",""
RW5,1904,10/10/2023 7:10,16.81,66.86,"","","",""
RW5,1905,10/10/2023 7:15,16.81,15.82,"","","",""
RW5,1906,10/10/2023 7:20,16.77,147.36,"","","",""
RW5,1907,10/10/2023 7:25,16.77,49.98,"","","",""
RW5,1908,10/10/2023 7:30,16.77,171.44,"","","",""
RW5,1909,10/10/2023 7:35,16.77,84.36,"","","",""
RW5,1910,10/10/2023 7:40,16.77,101.8,"","","",""
RW5,1911,10/10/2023 7:45,16.77,12.24,"","","",""
RW5,1912,10/10/2023 7:50,16.77,186.56,"","","",""
RW5,1913,10/10/2023 7:55,16.73,205.44,"","","",""
RW5,1914,10/10/2023 8:00,16.73,29.46,"","","",""
RW5,1915,10/10/2023 8:05,16.73,36.62,"","","",""
RW5,1916,10/10/2023 8:10,16.73,0.44,"","","",""
RW5,1917,10/10/2023 8:15,16.77,154.48,"","","",""
RW5,1918,10/10/2023 8:20,16.73,34.98,"","","",""
RW5,1919,10/10/2023 8:25,16.73,93.68,"","","",""
RW5,1920,10/10/2023 8:30,16.77,9.99,"","","",""
RW5,1921,10/10/2023 8:35,16.81,53.3,"","","",""
RW5,1922,10/10/2023 8:40,16.81,11.99,"","","",""
RW5,1923,10/10/2023 8:45,16.77,40.79,"","","",""
RW5,1924,10/10/2023 8:50,16.81,249.2,"","","",""
RW5,1925,10/10/2023 8:55,16.81,56.2,"","","",""
RW5,1926,10/10/2023 9:00,16.86,175.12,"","","",""
RW5,1927,10/10/2023 9:05,16.81,79.52,"","","",""
RW5,1928,10/10/2023 9:10,16.81,950.08,"","","",""
RW5,1929,10/10/2023 9:15,16.86,1218.88,"","","",""
RW5,1930,10/10/2023 9:20,16.86,457.12,"","","",""
RW5,1931,10/10/2023 9:25,16.9,151.72,"","","",""
RW5,1932,10/10/2023 9:30,16.9,250.32,"","","",""
RW5,1933,10/10/2023 9:35,16.99,340.32,"","","",""
RW5,1934,10/10/2023 9:40,16.94,1903.36,"","","",""
RW5,1935,10/10/2023 9:45,16.94,342.24,"","","",""
RW5,1936,10/10/2023 9:50,16.99,286.96,"","","",""
RW5,1937,10/10/2023 9:55,16.99,691.2,"","","",""
RW5,1938,10/10/2023 10:00,16.99,409.6,"","","",""
RW5,1939,10/10/2023 10:05,17.03,3635.2,"","","",""
RW5,1940,10/10/2023 10:10,17.03,1492.48,"","","",""
RW5,1941,10/10/2023 10:15,17.07,208.56,"","","",""
RW5,1942,10/10/2023 10:20,17.16,879.68,"","","",""
RW5,1943,10/10/2023 10:25,17.16,969.28,"","","",""
RW5,1944,10/10/2023 10:30,17.2,342.72,"","","",""
RW5,1945,10/10/2023 10:35,17.2,1908.48,"","","",""
RW5,1946,10/10/2023 10:40,17.16,110.56,"","","",""
RW5,1947,10/10/2023 10:45,17.24,8985.6,"","","",""
RW5,1948,10/10/2023 10:50,17.2,147,"","","",""
RW5,1949,10/10/2023 10:55,17.29,5294.08,"","","",""
RW5,1950,10/10/2023 11:00,17.41,466.72,"","","",""
RW5,1951,10/10/2023 11:05,17.41,100.4,"","","",""
RW5,1952,10/10/2023 11:10,17.41,185.76,"","","",""
RW5,1953,10/10/2023 11:15,17.46,1975.04,"","","",""
RW5,1954,10/10/2023 11:20,17.46,2377.6,"","","",""
RW5,1955,10/10/2023 11:25,17.59,2169.6,"","","",""
RW5,1956,10/10/2023 11:30,17.63,3361.28,"","","",""
RW5,1957,10/10/2023 11:35,17.67,512.16,"","","",""
RW5,1958,10/10/2023 11:40,17.72,892.8,"","","",""
RW5,1959,10/10/2023 11:45,17.84,958.08,"","","",""
RW5,1960,10/10/2023 11:50,17.89,192.24,"","","",""
RW5,1961,10/10/2023 11:55,17.93,1443.84,"","","",""
RW5,1962,10/10/2023 12:00,17.93,3438.08,"","","",""
RW5,1963,10/10/2023 12:05,18.02,9108.48,"","","",""
RW5,1964,10/10/2023 12:10,18.19,3770.88,"","","",""
RW5,1965,10/10/2023 12:15,18.36,1967.36,"","","",""
RW5,1966,10/10/2023 12:20,18.32,9653.76,"","","",""
RW5,1967,10/10/2023 12:25,18.7,1161.28,"","","",""
RW5,1968,10/10/2023 12:30,18.83,999.68,"","","",""
RW5,1969,10/10/2023 12:35,19.3,19783.68,"","","",""
RW5,1970,10/10/2023 12:40,19.47,6973.44,"","","",""
RW5,1971,10/10/2023 12:45,19.22,2372.48,"","","",""
RW5,1972,10/10/2023 12:50,19.43,15923.2,"","","",""
RW5,1973,10/10/2023 12:55,19.65,38594.56,"","","",""
RW5,1974,10/10/2023 13:00,19.77,11038.72,"","","",""
RW5,1975,10/10/2023 13:05,19.69,26480.64,"","","",""
RW5,1976,10/10/2023 13:10,20.12,27709.44,"","","",""
RW5,1977,10/10/2023 13:15,20.03,11740.16,"","","",""
RW5,1978,10/10/2023 13:20,20.03,6446.08,"","","",""
RW5,1979,10/10/2023 13:25,20.07,5921.28,"","","",""
RW5,1980,10/10/2023 13:30,20.2,7838.72,"","","",""
RW5,1981,10/10/2023 13:35,20.8,6213.12,"","","",""
RW5,1982,10/10/2023 13:40,20.98,9873.92,"","","",""
RW5,1983,10/10/2023 13:45,20.55,14970.88,"","","",""
RW5,1984,10/10/2023 13:50,21.02,11755.52,"","","",""
RW5,1985,10/10/2023 13:55,21.45,21985.28,"","","",""
RW5,1986,10/10/2023 14:00,20.63,9553.92,"","","",""
RW5,1987,10/10/2023 14:05,21.06,7249.92,"","","",""
RW5,1988,10/10/2023 14:10,20.8,11407.36,"","","",""
RW5,1989,10/10/2023 14:15,20.59,21381.12,"","","",""
RW5,1990,10/10/2023 14:20,21.32,23889.92,"","","",""
RW5,1991,10/10/2023 14:25,20.8,15324.16,"","","",""
RW5,1992,10/10/2023 14:30,20.46,5340.16,"","","",""
RW5,1993,10/10/2023 14:35,20.2,4101.12,"","","",""
RW5,1994,10/10/2023 14:40,20.16,10818.56,"","","",""
RW5,1995,10/10/2023 14:45,20.16,5568,"","","",""
RW5,1996,10/10/2023 14:50,20.03,2731.52,"","","",""
RW5,1997,10/10/2023 14:55,19.9,3106.56,"","","",""
RW5,1998,10/10/2023 15:00,19.73,5957.12,"","","",""
RW5,1999,10/10/2023 15:05,19.6,6026.24,"","","",""
RW5,2000,10/10/2023 15:10,19.39,2022.4,"","","",""
RW5,2001,10/10/2023 15:15,19.35,2874.88,"","","",""
RW5,2002,10/10/2023 15:20,19.22,2501.76,"","","",""
RW5,2003,10/10/2023 15:25,19.09,3484.16,"","","",""
RW5,2004,10/10/2023 15:30,19.05,975.68,"","","",""
RW5,2005,10/10/2023 15:35,18.92,51.08,"","","",""
RW5,2006,10/10/2023 15:40,18.83,34.04,"","","",""
RW5,2007,10/10/2023 15:45,18.83,398.72,"","","",""
RW5,2008,10/10/2023 15:50,18.79,33.68,"","","",""
RW5,2009,10/10/2023 15:55,18.79,753.92,"","","",""
RW5,2010,10/10/2023 16:00,18.79,402.88,"","","",""
RW5,2011,10/10/2023 16:05,18.74,253.2,"","","",""
RW5,2012,10/10/2023 16:10,18.7,792.96,"","","",""
RW5,2013,10/10/2023 16:15,18.7,199.28,"","","",""
RW5,2014,10/10/2023 16:20,18.66,263.52,"","","",""
RW5,2015,10/10/2023 16:25,18.66,1821.44,"","","",""
RW5,2016,10/10/2023 16:30,18.62,432.64,"","","",""
RW5,2017,10/10/2023 16:35,18.66,148.28,"","","",""
RW5,2018,10/10/2023 16:40,18.7,112.56,"","","",""
RW5,2019,10/10/2023 16:45,18.66,27.4,"","","",""
RW5,2020,10/10/2023 16:50,18.66,31.79,"","","",""
RW5,2021,10/10/2023 16:55,18.66,167.92,"","","",""
RW5,2022,10/10/2023 17:00,18.62,65.08,"","","",""
RW5,2023,10/10/2023 17:05,18.7,84.8,"","","",""
RW5,2024,10/10/2023 17:10,18.74,4.88,"","","",""
RW5,2025,10/10/2023 17:15,18.7,194.56,"","","",""
RW5,2026,10/10/2023 17:20,18.66,30.32,"","","",""
RW5,2027,10/10/2023 17:25,18.74,15.8,"","","",""
RW5,2028,10/10/2023 17:30,18.74,20.93,"","","",""
RW5,2029,10/10/2023 17:35,18.7,24.27,"","","",""
RW5,2030,10/10/2023 17:40,18.74,35.43,"","","",""
RW5,2031,10/10/2023 17:45,18.74,5.1,"","","",""
RW5,2032,10/10/2023 17:50,18.74,13.99,"","","",""
RW5,2033,10/10/2023 17:55,18.74,24.93,"","","",""
RW5,2034,10/10/2023 18:00,18.74,2.66,"","","",""
RW5,2035,10/10/2023 18:05,18.79,7.33,"","","",""
RW5,2036,10/10/2023 18:10,18.74,9.55,"","","",""
RW5,2037,10/10/2023 18:15,18.79,7.33,"","","",""
RW5,2038,10/10/2023 18:20,18.83,5.33,"","","",""
RW5,2039,10/10/2023 18:25,18.83,5.55,"","","",""
RW5,2040,10/10/2023 18:30,18.83,0,"","","",""
RW5,2041,10/10/2023 18:35,18.79,0,"","","",""
RW5,2042,10/10/2023 18:40,18.92,0,"","","",""
RW5,2043,10/10/2023 18:45,18.87,0,"","","",""
RW5,2044,10/10/2023 18:50,18.83,0,"","","",""
RW5,2045,10/10/2023 18:55,18.79,0,"","","",""
RW5,2046,10/10/2023 19:00,18.79,0,"","","",""
RW5,2047,10/10/2023 19:05,18.7,0,"","","",""
RW5,2048,10/10/2023 19:10,18.7,0,"","","",""
RW5,2049,10/10/2023 19:15,18.7,0,"","","",""
RW5,2050,10/10/2023 19:20,18.7,0,"","","",""
RW5,2051,10/10/2023 19:25,18.7,0,"","","",""
RW5,2052,10/10/2023 19:30,18.79,0,"","","",""
RW5,2053,10/10/2023 19:35,18.79,0,"","","",""
RW5,2054,10/10/2023 19:40,18.79,0,"","","",""
RW5,2055,10/10/2023 19:45,18.74,0,"","","",""
RW5,2056,10/10/2023 19:50,18.79,0,"","","",""
RW5,2057,10/10/2023 19:55,18.74,0,"","","",""
RW5,2058,10/10/2023 20:00,18.79,0,"","","",""
RW5,2059,10/10/2023 20:05,18.79,0,"","","",""
RW5,2060,10/10/2023 20:10,18.7,0,"","","",""
RW5,2061,10/10/2023 20:15,18.66,0,"","","",""
RW5,2062,10/10/2023 20:20,18.7,0,"","","",""
RW5,2063,10/10/2023 20:25,18.7,0,"","","",""
RW5,2064,10/10/2023 20:30,18.7,0,"","","",""
RW5,2065,10/10/2023 20:35,18.7,0,"","","",""
RW5,2066,10/10/2023 20:40,18.79,0,"","","",""
RW5,2067,10/10/2023 20:45,18.83,0,"","","",""
RW5,2068,10/10/2023 20:50,18.83,0,"","","",""
RW5,2069,10/10/2023 20:55,18.79,0,"","","",""
RW5,2070,10/10/2023 21:00,18.83,0,"","","",""
RW5,2071,10/10/2023 21:05,18.83,0,"","","",""
RW5,2072,10/10/2023 21:10,18.87,0,"","","",""
RW5,2073,10/10/2023 21:15,18.7,0,"","","",""
RW5,2074,10/10/2023 21:20,18.74,0,"","","",""
RW5,2075,10/10/2023 21:25,18.79,0,"","","",""
RW5,2076,10/10/2023 21:30,18.79,0,"","","",""
RW5,2077,10/10/2023 21:35,18.74,0,"","","",""
RW5,2078,10/10/2023 21:40,18.66,0,"","","",""
RW5,2079,10/10/2023 21:45,18.7,0,"","","",""
RW5,2080,10/10/2023 21:50,18.79,0,"","","",""
RW5,2081,10/10/2023 21:55,18.7,0,"","","",""
RW5,2082,10/10/2023 22:00,18.7,0,"","","",""
RW5,2083,10/10/2023 22:05,18.66,0,"","","",""
RW5,2084,10/10/2023 22:10,18.7,0,"","","",""
RW5,2085,10/10/2023 22:15,18.79,0,"","","",""
RW5,2086,10/10/2023 22:20,18.74,0,"","","",""
RW5,2087,10/10/2023 22:25,18.74,0,"","","",""
RW5,2088,10/10/2023 22:30,18.7,0,"","","",""
RW5,2089,10/10/2023 22:35,18.66,0,"","","",""
RW5,2090,10/10/2023 22:40,18.7,0,"","","",""
RW5,2091,10/10/2023 22:45,18.7,0,"","","",""
RW5,2092,10/10/2023 22:50,18.66,0,"","","",""
RW5,2093,10/10/2023 22:55,18.62,0,"","","",""
RW5,2094,10/10/2023 23:00,18.66,0,"","","",""
RW5,2095,10/10/2023 23:05,18.7,0,"","","",""
RW5,2096,10/10/2023 23:10,18.62,0,"","","",""
RW5,2097,10/10/2023 23:15,18.66,0,"","","",""
RW5,2098,10/10/2023 23:20,18.62,0,"","","",""
RW5,2099,10/10/2023 23:25,18.62,0,"","","",""
RW5,2100,10/10/2023 23:30,18.66,0,"","","",""
RW5,2101,10/10/2023 23:35,18.62,0,"","","",""
RW5,2102,10/10/2023 23:40,18.57,0,"","","",""
RW5,2103,10/10/2023 23:45,18.53,0,"","","",""
RW5,2104,10/10/2023 23:50,18.32,0,"","","",""
RW5,2105,10/10/2023 23:55,18.32,0,"","","",""
RW5,2106,10/11/2023 0:00,18.02,0,"","","",""
RW5,2159,10/11/2023 4:25,16.21,0,"","","",""
RW5,2160,10/11/2023 4:30,16.39,0,"","","",""
RW5,2161,10/11/2023 4:35,17.07,0,"","","",""
RW5,2162,10/11/2023 4:40,17.29,0,"","","",""
RW5,2163,10/11/2023 4:45,17.33,0,"","","",""
RW5,2164,10/11/2023 4:50,17.46,0,"","","",""
RW5,2165,10/11/2023 4:55,17.59,0,"","","",""
RW5,2166,10/11/2023 5:00,17.67,0,"","","",""
RW5,2167,10/11/2023 5:05,17.72,0,"","","",""
RW5,2168,10/11/2023 5:10,17.72,0,"","","",""
RW5,2169,10/11/2023 5:15,17.72,0,"","","",""
RW5,2170,10/11/2023 5:20,17.76,0,"","","",""
RW5,2171,10/11/2023 5:25,17.8,0,"","","",""
RW5,2172,10/11/2023 5:30,17.8,0,"","","",""
RW5,2173,10/11/2023 5:35,17.8,0,"","","",""
RW5,2174,10/11/2023 5:40,17.8,0,"","","",""
RW5,2175,10/11/2023 5:45,17.76,0,"","","",""
RW5,2176,10/11/2023 5:50,17.72,0,"","","",""
RW5,2177,10/11/2023 5:55,17.72,0,"","","",""
RW5,2178,10/11/2023 6:00,17.72,0,"","","",""
RW5,2179,10/11/2023 6:05,17.67,0,"","","",""
RW5,2180,10/11/2023 6:10,17.63,0,"","","",""
RW5,2181,10/11/2023 6:15,17.67,0,"","","",""
RW5,2182,10/11/2023 6:20,17.67,0,"","","",""
RW5,2183,10/11/2023 6:25,17.63,0,"","","",""
RW5,2184,10/11/2023 6:30,17.63,0,"","","",""
RW5,2185,10/11/2023 6:35,17.59,0,"","","",""
RW5,2186,10/11/2023 6:40,17.54,1.77,"","","",""
RW5,2187,10/11/2023 6:45,17.59,0,"","","",""
RW5,2188,10/11/2023 6:50,17.54,1.11,"","","",""
RW5,2189,10/11/2023 6:55,17.54,0,"","","",""
RW5,2190,10/11/2023 7:00,17.54,13.32,"","","",""
RW5,2191,10/11/2023 7:05,17.54,0.66,"","","",""
RW5,2192,10/11/2023 7:10,17.5,28.96,"","","",""
RW5,2193,10/11/2023 7:15,17.54,4.22,"","","",""
RW5,2194,10/11/2023 7:20,17.54,33.23,"","","",""
RW5,2195,10/11/2023 7:25,17.54,12.88,"","","",""
RW5,2196,10/11/2023 7:30,17.59,17.6,"","","",""
RW5,2197,10/11/2023 7:35,17.63,2.88,"","","",""
RW5,2198,10/11/2023 7:40,17.59,12.44,"","","",""
RW5,2199,10/11/2023 7:45,17.63,0.66,"","","",""
RW5,2200,10/11/2023 7:50,17.63,37.26,"","","",""
RW5,2201,10/11/2023 7:55,17.63,38.12,"","","",""
RW5,2202,10/11/2023 8:00,17.63,7.33,"","","",""
RW5,2203,10/11/2023 8:05,17.63,6.22,"","","",""
RW5,2204,10/11/2023 8:10,17.67,62.24,"","","",""
RW5,2205,10/11/2023 8:15,17.67,32.57,"","","",""
RW5,2206,10/11/2023 8:20,17.72,6.66,"","","",""
RW5,2207,10/11/2023 8:25,17.76,11.1,"","","",""
RW5,2208,10/11/2023 8:30,17.76,47.34,"","","",""
RW5,2209,10/11/2023 8:35,17.72,323.44,"","","",""
RW5,2210,10/11/2023 8:40,17.76,86.16,"","","",""
RW5,2211,10/11/2023 8:45,17.76,48.16,"","","",""
RW5,2212,10/11/2023 8:50,17.8,22.52,"","","",""
RW5,2213,10/11/2023 8:55,17.8,17.6,"","","",""
RW5,2214,10/11/2023 9:00,17.84,30.18,"","","",""
RW5,2215,10/11/2023 9:05,17.89,3.77,"","","",""
RW5,2216,10/11/2023 9:10,17.93,23.46,"","","",""
RW5,2217,10/11/2023 9:15,17.93,37.34,"","","",""
RW5,2218,10/11/2023 9:20,17.93,74.08,"","","",""
RW5,2219,10/11/2023 9:25,17.93,9.33,"","","",""
RW5,2220,10/11/2023 9:30,17.93,1.99,"","","",""
RW5,2221,10/11/2023 9:35,17.97,188.48,"","","",""
RW5,2222,10/11/2023 9:40,18.06,24.77,"","","",""
RW5,2223,10/11/2023 9:45,18.06,25.49,"","","",""
RW5,2224,10/11/2023 9:50,18.06,293.2,"","","",""
RW5,2225,10/11/2023 9:55,18.02,24.4,"","","",""
RW5,2226,10/11/2023 10:00,18.1,77.3,"","","",""
RW5,2227,10/11/2023 10:05,18.14,48.44,"","","",""
RW5,2228,10/11/2023 10:10,18.19,257.36,"","","",""
RW5,2229,10/11/2023 10:15,18.19,68.92,"","","",""
RW5,2230,10/11/2023 10:20,18.27,137.72,"","","",""
RW5,2231,10/11/2023 10:25,18.32,25.68,"","","",""
RW5,2232,10/11/2023 10:30,18.32,48.72,"","","",""
RW5,2233,10/11/2023 10:35,18.36,29.43,"","","",""
RW5,2234,10/11/2023 10:40,18.36,348,"","","",""
RW5,2235,10/11/2023 10:45,18.4,225.68,"","","",""
RW5,2236,10/11/2023 10:50,18.44,294.72,"","","",""
RW5,2237,10/11/2023 10:55,18.49,1975.68,"","","",""
RW5,2238,10/11/2023 11:00,18.53,25.82,"","","",""
RW5,2239,10/11/2023 11:05,18.53,1178.24,"","","",""
RW5,2240,10/11/2023 11:10,18.57,1209.28,"","","",""
RW5,2241,10/11/2023 11:15,18.57,197.6,"","","",""
RW5,2242,10/11/2023 11:20,18.66,151.2,"","","",""
RW5,2243,10/11/2023 11:25,18.7,47.44,"","","",""
RW5,2244,10/11/2023 11:30,18.79,446.08,"","","",""
RW5,2245,10/11/2023 11:35,18.83,266.56,"","","",""
RW5,2246,10/11/2023 11:40,18.83,271.44,"","","",""
RW5,2247,10/11/2023 11:45,18.92,1906.56,"","","",""
RW5,2248,10/11/2023 11:50,19.05,547.36,"","","",""
RW5,2249,10/11/2023 11:55,19.09,7185.92,"","","",""
RW5,2250,10/11/2023 12:00,19.13,1221.76,"","","",""
RW5,2251,10/11/2023 12:05,19.13,258.88,"","","",""
RW5,2252,10/11/2023 12:10,19.22,1546.88,"","","",""
RW5,2253,10/11/2023 12:15,19.3,630.4,"","","",""
RW5,2254,10/11/2023 12:20,19.35,517.12,"","","",""
RW5,2255,10/11/2023 12:25,19.47,2411.52,"","","",""
RW5,2256,10/11/2023 12:30,19.47,923.2,"","","",""
RW5,2257,10/11/2023 12:35,19.65,633.44,"","","",""
RW5,2258,10/11/2023 12:40,19.82,592.64,"","","",""
RW5,2259,10/11/2023 12:45,19.86,1095.36,"","","",""
RW5,2260,10/11/2023 12:50,19.86,388.96,"","","",""
RW5,2261,10/11/2023 12:55,19.99,582.4,"","","",""
RW5,2262,10/11/2023 13:00,20.12,11566.08,"","","",""
RW5,2263,10/11/2023 13:05,20.25,1617.28,"","","",""
RW5,2264,10/11/2023 13:10,21.79,42209.28,"","","",""
RW5,2265,10/11/2023 13:15,20.85,2699.52,"","","",""
RW5,2266,10/11/2023 13:20,21.02,20177.92,"","","",""
RW5,2267,10/11/2023 13:25,21.45,16727.04,"","","",""
RW5,2268,10/11/2023 13:30,21.88,19133.44,"","","",""
RW5,2269,10/11/2023 13:35,21.96,12067.84,"","","",""
RW5,2270,10/11/2023 13:40,21.62,8834.56,"","","",""
RW5,2271,10/11/2023 13:45,21.79,8934.4,"","","",""
RW5,2272,10/11/2023 13:50,21.75,11975.68,"","","",""
RW5,2273,10/11/2023 13:55,21.88,9169.92,"","","",""
RW5,2274,10/11/2023 14:00,21.66,8002.56,"","","",""
RW5,2285,10/11/2023 14:55,21.1,4407.04,"","","",""
RW5,2286,10/11/2023 15:00,20.98,4460.8,"","","",""
RW5,2287,10/11/2023 15:05,20.93,4645.12,"","","",""
RW5,2288,10/11/2023 15:10,20.89,4314.88,"","","",""
RW5,2289,10/11/2023 15:15,20.76,4371.2,"","","",""
RW5,2290,10/11/2023 15:20,20.76,3806.72,"","","",""
RW5,2291,10/11/2023 15:25,20.72,3692.8,"","","",""
RW5,2292,10/11/2023 15:30,20.55,1862.4,"","","",""
RW5,2293,10/11/2023 15:35,20.68,2342.4,"","","",""
RW5,2294,10/11/2023 15:40,20.55,17080.32,"","","",""
RW5,2295,10/11/2023 15:45,20.59,3836.16,"","","",""
RW5,2296,10/11/2023 15:50,20.25,533.92,"","","",""
RW5,2297,10/11/2023 15:55,20.25,2114.56,"","","",""
RW5,2298,10/11/2023 16:00,20.07,3692.8,"","","",""
RW5,2299,10/11/2023 16:05,20.07,3385.6,"","","",""
RW5,2300,10/11/2023 16:10,20.03,821.76,"","","",""
RW5,2301,10/11/2023 16:15,19.95,993.28,"","","",""
RW5,2302,10/11/2023 16:20,19.9,74.08,"","","",""
RW5,2303,10/11/2023 16:25,19.95,100.52,"","","",""
RW5,2304,10/11/2023 16:30,19.9,376,"","","",""
RW5,2305,10/11/2023 16:35,19.86,625.44,"","","",""
RW5,2306,10/11/2023 16:40,19.86,420,"","","",""
RW5,2307,10/11/2023 16:45,19.82,603.68,"","","",""
RW5,2308,10/11/2023 16:50,19.77,66.08,"","","",""
RW5,2309,10/11/2023 16:55,19.77,143.16,"","","",""
RW5,2310,10/11/2023 17:00,19.73,482.88,"","","",""
RW5,2311,10/11/2023 17:05,19.65,84.52,"","","",""
RW5,2312,10/11/2023 17:10,19.6,1010.24,"","","",""
RW5,2313,10/11/2023 17:15,19.6,97.56,"","","",""
RW5,2314,10/11/2023 17:20,19.47,84.96,"","","",""
RW5,2315,10/11/2023 17:25,19.47,97.56,"","","",""
RW5,2316,10/11/2023 17:30,19.43,6.69,"","","",""
RW5,2317,10/11/2023 17:35,19.47,353.6,"","","",""
RW5,2318,10/11/2023 17:40,19.35,1.99,"","","",""
RW5,2319,10/11/2023 17:45,19.35,415.2,"","","",""
RW5,2320,10/11/2023 17:50,19.26,16.68,"","","",""
RW5,2321,10/11/2023 17:55,19.26,53.5,"","","",""
RW5,2322,10/11/2023 18:00,19.26,30.76,"","","",""
RW5,2323,10/11/2023 18:05,19.22,9.99,"","","",""
RW5,2324,10/11/2023 18:10,19.17,0.66,"","","",""
RW5,2325,10/11/2023 18:15,19.17,8.44,"","","",""
RW5,2326,10/11/2023 18:20,19.09,3.11,"","","",""
RW5,2327,10/11/2023 18:25,19.13,0,"","","",""
RW5,2328,10/11/2023 18:30,19.05,0,"","","",""
RW5,2329,10/11/2023 18:35,19.05,0,"","","",""
RW5,2330,10/11/2023 18:40,18.96,0,"","","",""
RW5,2331,10/11/2023 18:45,19,0,"","","",""
RW5,2332,10/11/2023 18:50,19.05,0,"","","",""
RW5,2333,10/11/2023 18:55,18.92,0,"","","",""
RW5,2334,10/11/2023 19:00,18.92,0,"","","",""
RW5,2335,10/11/2023 19:05,18.92,0,"","","",""
RW5,2336,10/11/2023 19:10,18.87,0,"","","",""
RW5,2337,10/11/2023 19:15,18.87,0,"","","",""
RW5,2338,10/11/2023 19:20,18.79,0,"","","",""
RW5,2339,10/11/2023 19:25,18.83,0,"","","",""
RW5,2340,10/11/2023 19:30,18.74,0,"","","",""
RW5,2341,10/11/2023 19:35,18.79,0,"","","",""
RW5,2342,10/11/2023 19:40,18.79,0,"","","",""
RW5,2343,10/11/2023 19:45,18.74,0,"","","",""
RW5,2344,10/11/2023 19:50,18.74,0,"","","",""
RW5,2345,10/11/2023 19:55,18.74,0,"","","",""
RW5,2346,10/11/2023 20:00,18.74,0,"","","",""
RW5,2347,10/11/2023 20:05,18.74,0,"","","",""
RW5,2348,10/11/2023 20:10,18.74,0,"","","",""
RW5,2349,10/11/2023 20:15,18.7,0,"","","",""
RW5,2350,10/11/2023 20:20,18.7,0,"","","",""
RW5,2351,10/11/2023 20:25,18.66,0,"","","",""
RW5,2352,10/11/2023 20:30,18.66,0,"","","",""
RW5,2353,10/11/2023 20:35,18.66,0,"","","",""
RW5,2354,10/11/2023 20:40,18.66,0,"","","",""
RW5,2355,10/11/2023 20:45,18.62,0,"","","",""
RW5,2356,10/11/2023 20:50,18.66,0,"","","",""
RW5,2357,10/11/2023 20:55,18.66,0,"","","",""
RW5,2358,10/11/2023 21:00,18.62,0,"","","",""
RW5,2359,10/11/2023 21:05,18.62,0,"","","",""
RW5,2360,10/11/2023 21:10,18.62,0,"","","",""
RW5,2361,10/11/2023 21:15,18.66,0,"","","",""
RW5,2362,10/11/2023 21:20,18.57,0,"","","",""
RW5,2363,10/11/2023 21:25,18.62,0,"","","",""
RW5,2364,10/11/2023 21:30,18.66,0,"","","",""
RW5,2365,10/11/2023 21:35,18.62,0,"","","",""
RW5,2366,10/11/2023 21:40,18.66,0,"","","",""
RW5,2367,10/11/2023 21:45,18.7,0,"","","",""
RW5,2368,10/11/2023 21:50,18.62,0,"","","",""
RW5,2369,10/11/2023 21:55,18.66,0,"","","",""
RW5,2370,10/11/2023 22:00,18.62,0,"","","",""
RW5,2371,10/11/2023 22:05,18.62,0,"","","",""
RW5,2372,10/11/2023 22:10,18.66,0,"","","",""
RW5,2373,10/11/2023 22:15,18.62,0,"","","",""
RW5,2374,10/11/2023 22:20,18.57,0,"","","",""
RW5,2375,10/11/2023 22:25,18.57,0,"","","",""
RW5,2376,10/11/2023 22:30,18.62,0,"","","",""
RW5,2377,10/11/2023 22:35,18.62,0,"","","",""
RW5,2378,10/11/2023 22:40,18.57,0,"","","",""
RW5,2379,10/11/2023 22:45,18.57,0,"","","",""
RW5,2380,10/11/2023 22:50,18.62,0,"","","",""
RW5,2381,10/11/2023 22:55,18.62,0,"","","",""
RW5,2382,10/11/2023 23:00,18.53,0,"","","",""
RW5,2383,10/11/2023 23:05,18.57,0,"","","",""
RW5,2384,10/11/2023 23:10,18.57,0,"","","",""
RW5,2385,10/11/2023 23:15,18.53,0,"","","",""
RW5,2386,10/11/2023 23:20,18.53,0,"","","",""
RW5,2387,10/11/2023 23:25,18.57,0,"","","",""
RW5,2388,10/11/2023 23:30,18.53,0,"","","",""
RW5,2389,10/11/2023 23:35,18.57,0,"","","",""
RW5,2390,10/11/2023 23:40,18.44,0,"","","",""
RW5,2391,10/11/2023 23:45,18.49,0,"","","",""
RW5,2392,10/11/2023 23:50,18.49,0,"","","",""
RW5,2393,10/11/2023 23:55,18.49,0,"","","",""
RW5,2394,10/12/2023 0:00,18.44,0,"","","",""
RW5,2395,10/12/2023 0:05,18.44,0,"","","",""
RW5,2396,10/12/2023 0:10,18.44,0,"","","",""
RW5,2397,10/12/2023 0:15,18.4,0,"","","",""
RW5,2398,10/12/2023 0:20,18.36,0,"","","",""
RW5,2399,10/12/2023 0:25,18.36,0,"","","",""
RW5,2400,10/12/2023 0:30,18.27,0,"","","",""
RW5,2401,10/12/2023 0:35,18.14,0,"","","",""
RW5,2448,10/12/2023 4:30,16.26,0,"","","",""
RW5,2449,10/12/2023 4:35,16.69,0,"","","",""
RW5,2450,10/12/2023 4:40,16.81,0,"","","",""
RW5,2451,10/12/2023 4:45,17.11,0,"","","",""
RW5,2452,10/12/2023 4:50,17.33,0,"","","",""
RW5,2453,10/12/2023 4:55,17.33,0,"","","",""
RW5,2454,10/12/2023 5:00,17.41,0,"","","",""
RW5,2455,10/12/2023 5:05,17.54,0,"","","",""
RW5,2456,10/12/2023 5:10,17.54,0,"","","",""
RW5,2457,10/12/2023 5:15,17.59,0,"","","",""
RW5,2458,10/12/2023 5:20,17.63,0,"","","",""
RW5,2459,10/12/2023 5:25,17.67,0,"","","",""
RW5,2460,10/12/2023 5:30,17.72,0,"","","",""
RW5,2461,10/12/2023 5:35,17.67,0,"","","",""
RW5,2462,10/12/2023 5:40,17.67,0,"","","",""
RW5,2463,10/12/2023 5:45,17.72,0,"","","",""
RW5,2464,10/12/2023 5:50,17.72,0,"","","",""
RW5,2465,10/12/2023 5:55,17.67,0,"","","",""
RW5,2466,10/12/2023 6:00,17.67,0,"","","",""
RW5,2467,10/12/2023 6:05,17.67,0,"","","",""
RW5,2468,10/12/2023 6:10,17.63,0,"","","",""
RW5,2469,10/12/2023 6:15,17.54,0,"","","",""
RW5,2470,10/12/2023 6:20,17.5,0,"","","",""
RW5,2471,10/12/2023 6:25,17.5,0,"","","",""
RW5,2472,10/12/2023 6:30,17.54,0,"","","",""
RW5,2473,10/12/2023 6:35,17.5,0,"","","",""
RW5,2474,10/12/2023 6:40,17.54,0,"","","",""
RW5,2475,10/12/2023 6:45,17.54,0,"","","",""
RW5,2476,10/12/2023 6:50,17.5,0.22,"","","",""
RW5,2477,10/12/2023 6:55,17.5,1.33,"","","",""
RW5,2478,10/12/2023 7:00,17.5,7.77,"","","",""
RW5,2479,10/12/2023 7:05,17.5,1.77,"","","",""
RW5,2480,10/12/2023 7:10,17.54,1.33,"","","",""
RW5,2481,10/12/2023 7:15,17.5,0.88,"","","",""
RW5,2482,10/12/2023 7:20,17.5,6.22,"","","",""
RW5,2483,10/12/2023 7:25,17.5,0,"","","",""
RW5,2484,10/12/2023 7:30,17.5,0.44,"","","",""
RW5,2485,10/12/2023 7:35,17.5,2.22,"","","",""
RW5,2486,10/12/2023 7:40,17.46,2.88,"","","",""
RW5,2487,10/12/2023 7:45,17.46,71.36,"","","",""
RW5,2488,10/12/2023 7:50,17.41,45.28,"","","",""
RW5,2489,10/12/2023 7:55,17.41,1.33,"","","",""
RW5,2490,10/12/2023 8:00,17.41,298.32,"","","",""
RW5,2491,10/12/2023 8:05,17.46,3.11,"","","",""
RW5,2492,10/12/2023 8:10,17.5,10.24,"","","",""
RW5,2493,10/12/2023 8:15,17.46,2.44,"","","",""
RW5,2494,10/12/2023 8:20,17.46,4.88,"","","",""
RW5,2495,10/12/2023 8:25,17.46,3.11,"","","",""
RW5,2496,10/12/2023 8:30,17.46,27.65,"","","",""
RW5,2497,10/12/2023 8:35,17.46,4.66,"","","",""
RW5,2498,10/12/2023 8:40,17.46,36.12,"","","",""
RW5,2499,10/12/2023 8:45,17.46,131.16,"","","",""
RW5,2500,10/12/2023 8:50,17.46,88.8,"","","",""
RW5,2501,10/12/2023 8:55,17.46,0,"","","",""
RW5,2502,10/12/2023 9:00,17.5,0,"","","",""
RW5,2503,10/12/2023 9:05,17.46,2.22,"","","",""
RW5,2504,10/12/2023 9:10,17.59,4.44,"","","",""
RW5,2505,10/12/2023 9:15,17.5,279.44,"","","",""
RW5,2506,10/12/2023 9:20,17.5,8.44,"","","",""
RW5,2507,10/12/2023 9:25,17.5,31.9,"","","",""
RW5,2508,10/12/2023 9:30,17.5,283.84,"","","",""
RW5,2509,10/12/2023 9:35,17.59,16.46,"","","",""
RW5,2510,10/12/2023 9:40,17.63,10.46,"","","",""
RW5,2511,10/12/2023 9:45,17.63,191.2,"","","",""
RW5,2512,10/12/2023 9:50,17.63,5.55,"","","",""
RW5,2513,10/12/2023 9:55,17.59,23.85,"","","",""
RW5,2514,10/12/2023 10:00,17.67,80.8,"","","",""
RW5,2515,10/12/2023 10:05,17.72,9.55,"","","",""
RW5,2516,10/12/2023 10:10,17.76,164.48,"","","",""
RW5,2517,10/12/2023 10:15,17.84,9.99,"","","",""
RW5,2518,10/12/2023 10:20,17.76,0,"","","",""
RW5,2519,10/12/2023 10:25,17.84,6.44,"","","",""
RW5,2520,10/12/2023 10:30,17.93,7.1,"","","",""
RW5,2521,10/12/2023 10:35,17.97,21.49,"","","",""
RW5,2522,10/12/2023 10:40,17.84,406.24,"","","",""
RW5,2523,10/12/2023 10:45,17.8,21.63,"","","",""
RW5,2524,10/12/2023 10:50,17.89,227.44,"","","",""
RW5,2525,10/12/2023 10:55,17.97,460.96,"","","",""
RW5,2526,10/12/2023 11:00,18.06,17.07,"","","",""
RW5,2527,10/12/2023 11:05,18.06,109.04,"","","",""
RW5,2528,10/12/2023 11:10,18.06,27.68,"","","",""
RW5,2529,10/12/2023 11:15,18.14,1512.32,"","","",""
RW5,2530,10/12/2023 11:20,18.19,43.86,"","","",""
RW5,2531,10/12/2023 11:25,18.27,1705.6,"","","",""
RW5,2532,10/12/2023 11:30,18.19,6730.24,"","","",""
RW5,2533,10/12/2023 11:35,18.14,711.04,"","","",""
RW5,2534,10/12/2023 11:40,18.27,272,"","","",""
RW5,2535,10/12/2023 11:45,18.27,406.4,"","","",""
RW5,2536,10/12/2023 11:50,18.4,1098.24,"","","",""
RW5,2537,10/12/2023 11:55,18.53,354.88,"","","",""
RW5,2538,10/12/2023 12:00,18.53,302.56,"","","",""
RW5,2539,10/12/2023 12:05,18.62,132.32,"","","",""
RW5,2540,10/12/2023 12:10,18.66,687.04,"","","",""
RW5,2541,10/12/2023 12:15,18.7,147.84,"","","",""
RW5,2542,10/12/2023 12:20,18.83,987.84,"","","",""
RW5,2543,10/12/2023 12:25,18.83,879.68,"","","",""
RW5,2544,10/12/2023 12:30,18.96,1477.76,"","","",""
RW5,2545,10/12/2023 12:35,19,420.64,"","","",""
RW5,2546,10/12/2023 12:40,19.05,183.92,"","","",""
RW5,2547,10/12/2023 12:45,19.13,556.16,"","","",""
RW5,2548,10/12/2023 12:50,19.35,8906.24,"","","",""
RW5,2549,10/12/2023 12:55,19.26,330.88,"","","",""
RW5,2550,10/12/2023 13:00,19.43,32952.32,"","","",""
RW5,2551,10/12/2023 13:05,20.03,24371.2,"","","",""
RW5,2552,10/12/2023 13:10,20.25,3847.68,"","","",""
RW5,2553,10/12/2023 13:15,20.42,10910.72,"","","",""
RW5,2554,10/12/2023 13:20,21.1,19281.92,"","","",""
RW5,2555,10/12/2023 13:25,21.45,16476.16,"","","",""
RW5,2590,10/12/2023 16:20,19.95,2914.56,"","","",""
RW5,2591,10/12/2023 16:25,19.86,2638.08,"","","",""
RW5,2592,10/12/2023 16:30,19.82,2821.12,"","","",""
RW5,2593,10/12/2023 16:35,19.77,2031.36,"","","",""
RW5,2594,10/12/2023 16:40,19.69,2370.56,"","","",""
RW5,2595,10/12/2023 16:45,19.56,5767.68,"","","",""
RW5,2596,10/12/2023 16:50,19.47,444.16,"","","",""
RW5,2597,10/12/2023 16:55,19.43,2759.68,"","","",""
RW5,2598,10/12/2023 17:00,19.3,94.8,"","","",""
RW5,2599,10/12/2023 17:05,19.3,137.6,"","","",""
RW5,2600,10/12/2023 17:10,19.22,345.6,"","","",""
RW5,2601,10/12/2023 17:15,19.22,148.28,"","","",""
RW5,2602,10/12/2023 17:20,19.09,106.04,"","","",""
RW5,2603,10/12/2023 17:25,19.09,28.74,"","","",""
RW5,2604,10/12/2023 17:30,19.05,27.99,"","","",""
RW5,2605,10/12/2023 17:35,19.05,24.27,"","","",""
RW5,2606,10/12/2023 17:40,19,11.13,"","","",""
RW5,2607,10/12/2023 17:45,19,280.32,"","","",""
RW5,2608,10/12/2023 17:50,18.96,26.57,"","","",""
RW5,2609,10/12/2023 17:55,18.92,6.02,"","","",""
RW5,2610,10/12/2023 18:00,18.96,40.59,"","","",""
RW5,2611,10/12/2023 18:05,18.92,26.49,"","","",""
RW5,2612,10/12/2023 18:10,18.87,1.11,"","","",""
RW5,2613,10/12/2023 18:15,18.92,41.04,"","","",""
RW5,2614,10/12/2023 18:20,18.87,3.99,"","","",""
RW5,2615,10/12/2023 18:25,18.87,2.66,"","","",""
RW5,2616,10/12/2023 18:30,18.87,0,"","","",""
RW5,2617,10/12/2023 18:35,18.83,0.44,"","","",""
RW5,2618,10/12/2023 18:40,18.83,0,"","","",""
RW5,2619,10/12/2023 18:45,18.87,0,"","","",""
RW5,2620,10/12/2023 18:50,18.83,0,"","","",""
RW5,2621,10/12/2023 18:55,18.83,0,"","","",""
RW5,2622,10/12/2023 19:00,18.83,0,"","","",""
RW5,2623,10/12/2023 19:05,18.79,0,"","","",""
RW5,2624,10/12/2023 19:10,18.74,0,"","","",""
RW5,2625,10/12/2023 19:15,18.79,0,"","","",""
RW5,2626,10/12/2023 19:20,18.74,0,"","","",""
RW5,2627,10/12/2023 19:25,18.79,0,"","","",""
RW5,2628,10/12/2023 19:30,18.79,0,"","","",""
RW5,2629,10/12/2023 19:35,18.74,0,"","","",""
RW5,2630,10/12/2023 19:40,18.74,0,"","","",""
RW5,2631,10/12/2023 19:45,18.66,0,"","","",""
RW5,2632,10/12/2023 19:50,18.7,0,"","","",""
RW5,2633,10/12/2023 19:55,18.74,0,"","","",""
RW5,2634,10/12/2023 20:00,18.7,0,"","","",""
RW5,2635,10/12/2023 20:05,18.66,0,"","","",""
RW5,2636,10/12/2023 20:10,18.66,0,"","","",""
RW5,2637,10/12/2023 20:15,18.66,0,"","","",""
RW5,2638,10/12/2023 20:20,18.66,0,"","","",""
RW5,2639,10/12/2023 20:25,18.62,0,"","","",""
RW5,2640,10/12/2023 20:30,18.66,0,"","","",""
RW5,2641,10/12/2023 20:35,18.62,0,"","","",""
RW5,2642,10/12/2023 20:40,18.66,0,"","","",""
RW5,2643,10/12/2023 20:45,18.62,0,"","","",""
RW5,2644,10/12/2023 20:50,18.57,0,"","","",""
RW5,2645,10/12/2023 20:55,18.62,0,"","","",""
RW5,2646,10/12/2023 21:00,18.62,0,"","","",""
RW5,2647,10/12/2023 21:05,18.66,0,"","","",""
RW5,2648,10/12/2023 21:10,18.66,0,"","","",""
RW5,2649,10/12/2023 21:15,18.62,0,"","","",""
RW5,2650,10/12/2023 21:20,18.57,0,"","","",""
RW5,2651,10/12/2023 21:25,18.62,0,"","","",""
RW5,2652,10/12/2023 21:30,18.62,0,"","","",""
RW5,2653,10/12/2023 21:35,18.57,0,"","","",""
RW5,2654,10/12/2023 21:40,18.57,0,"","","",""
RW5,2655,10/12/2023 21:45,18.62,0,"","","",""
RW5,2656,10/12/2023 21:50,18.57,0,"","","",""
RW5,2657,10/12/2023 21:55,18.62,0,"","","",""
RW5,2658,10/12/2023 22:00,18.57,0,"","","",""
RW5,2659,10/12/2023 22:05,18.57,0,"","","",""
RW5,2660,10/12/2023 22:10,18.53,0,"","","",""
RW5,2661,10/12/2023 22:15,18.57,0,"","","",""
RW5,2662,10/12/2023 22:20,18.57,0,"","","",""
RW5,2663,10/12/2023 22:25,18.57,0,"","","",""
RW5,2664,10/12/2023 22:30,18.53,0,"","","",""
RW5,2665,10/12/2023 22:35,18.53,0,"","","",""
RW5,2666,10/12/2023 22:40,18.57,0,"","","",""
RW5,2667,10/12/2023 22:45,18.53,0,"","","",""
RW5,2668,10/12/2023 22:50,18.57,0,"","","",""
RW5,2669,10/12/2023 22:55,18.53,0,"","","",""
RW5,2670,10/12/2023 23:00,18.49,0,"","","",""
RW5,2671,10/12/2023 23:05,18.49,0,"","","",""
RW5,2672,10/12/2023 23:10,18.53,0,"","","",""
RW5,2673,10/12/2023 23:15,18.53,0,"","","",""
RW5,2674,10/12/2023 23:20,18.53,0,"","","",""
RW5,2675,10/12/2023 23:25,18.53,0,"","","",""
RW5,2676,10/12/2023 23:30,18.49,0,"","","",""
RW5,2677,10/12/2023 23:35,18.49,0,"","","",""
RW5,2678,10/12/2023 23:40,18.57,0,"","","",""
RW5,2679,10/12/2023 23:45,18.53,0,"","","",""
RW5,2680,10/12/2023 23:50,18.49,0,"","","",""
RW5,2681,10/12/2023 23:55,18.53,0,"","","",""
RW5,2682,10/13/2023 0:00,18.49,0,"","","",""
RW5,2683,10/13/2023 0:05,18.49,0,"","","",""
RW5,2684,10/13/2023 0:10,18.49,0,"","","",""
RW5,2685,10/13/2023 0:15,18.44,0,"","","",""
RW5,2686,10/13/2023 0:20,18.44,0,"","","",""
RW5,2687,10/13/2023 0:25,18.44,0,"","","",""
RW5,2688,10/13/2023 0:30,18.44,0,"","","",""
RW5,2689,10/13/2023 0:35,18.4,0,"","","",""
RW5,2690,10/13/2023 0:40,18.36,0,"","","",""
RW5,2691,10/13/2023 0:45,18.36,0,"","","",""
RW5,2692,10/13/2023 0:50,18.36,0,"","","",""
RW5,2693,10/13/2023 0:55,18.36,0,"","","",""
RW5,2694,10/13/2023 1:00,18.32,0,"","","",""
RW5,2740,10/13/2023 4:50,17.63,0,"","","",""
RW5,2741,10/13/2023 4:55,17.63,0,"","","",""
RW5,2742,10/13/2023 5:00,17.72,0,"","","",""
RW5,2743,10/13/2023 5:05,17.84,0,"","","",""
RW5,2744,10/13/2023 5:10,17.8,0,"","","",""
RW5,2745,10/13/2023 5:15,17.89,0,"","","",""
RW5,2746,10/13/2023 5:20,17.89,0,"","","",""
RW5,2747,10/13/2023 5:25,17.93,0,"","","",""
RW5,2748,10/13/2023 5:30,17.93,0,"","","",""
RW5,2749,10/13/2023 5:35,18.02,0,"","","",""
RW5,2750,10/13/2023 5:40,17.97,0,"","","",""
RW5,2751,10/13/2023 5:45,17.97,0,"","","",""
RW5,2752,10/13/2023 5:50,17.97,0,"","","",""
RW5,2753,10/13/2023 5:55,17.97,0,"","","",""
RW5,2754,10/13/2023 6:00,17.97,0,"","","",""
RW5,2755,10/13/2023 6:05,18.06,0,"","","",""
RW5,2756,10/13/2023 6:10,17.97,0,"","","",""
RW5,2757,10/13/2023 6:15,18.02,0,"","","",""
RW5,2758,10/13/2023 6:20,18.02,0,"","","",""
RW5,2759,10/13/2023 6:25,18.02,0,"","","",""
RW5,2760,10/13/2023 6:30,17.97,0,"","","",""
RW5,2761,10/13/2023 6:35,18.02,0,"","","",""
RW5,2762,10/13/2023 6:40,17.97,0,"","","",""
RW5,2763,10/13/2023 6:45,17.93,0.22,"","","",""
RW5,2764,10/13/2023 6:50,17.93,0,"","","",""
RW5,2765,10/13/2023 6:55,17.97,5.77,"","","",""
RW5,2766,10/13/2023 7:00,17.97,9.77,"","","",""
RW5,2767,10/13/2023 7:05,17.93,0.88,"","","",""
RW5,2768,10/13/2023 7:10,17.89,1.33,"","","",""
RW5,2769,10/13/2023 7:15,17.84,55.08,"","","",""
RW5,2770,10/13/2023 7:20,17.89,1.33,"","","",""
RW5,2771,10/13/2023 7:25,17.8,114.28,"","","",""
RW5,2772,10/13/2023 7:30,17.72,2.88,"","","",""
RW5,2773,10/13/2023 7:35,17.76,89.24,"","","",""
RW5,2774,10/13/2023 7:40,17.76,77.18,"","","",""
RW5,2775,10/13/2023 7:45,17.8,2.66,"","","",""
RW5,2776,10/13/2023 7:50,17.8,18.68,"","","",""
RW5,2777,10/13/2023 7:55,17.76,32.1,"","","",""
RW5,2778,10/13/2023 8:00,17.8,127.6,"","","",""
RW5,2779,10/13/2023 8:05,17.8,33.68,"","","",""
RW5,2780,10/13/2023 8:10,17.76,138.28,"","","",""
RW5,2781,10/13/2023 8:15,17.76,5.99,"","","",""
RW5,2782,10/13/2023 8:20,17.76,202.56,"","","",""
RW5,2783,10/13/2023 8:25,17.72,444.64,"","","",""
RW5,2784,10/13/2023 8:30,17.76,2.88,"","","",""
RW5,2785,10/13/2023 8:35,17.76,14.49,"","","",""
RW5,2786,10/13/2023 8:40,17.72,5.55,"","","",""
RW5,2787,10/13/2023 8:45,17.67,32.1,"","","",""
RW5,2788,10/13/2023 8:50,17.72,3.11,"","","",""
RW5,2789,10/13/2023 8:55,17.76,0.44,"","","",""
RW5,2790,10/13/2023 9:00,17.76,31.24,"","","",""
RW5,2791,10/13/2023 9:05,17.8,0,"","","",""
RW5,2792,10/13/2023 9:10,17.76,66.02,"","","",""
RW5,2793,10/13/2023 9:15,17.76,35.01,"","","",""
RW5,2794,10/13/2023 9:20,17.8,8.21,"","","",""
RW5,2795,10/13/2023 9:25,17.89,183.04,"","","",""
RW5,2796,10/13/2023 9:30,17.89,4.66,"","","",""
RW5,2797,10/13/2023 9:35,17.84,3.55,"","","",""
RW5,2798,10/13/2023 9:40,17.84,35.68,"","","",""
RW5,2799,10/13/2023 9:45,17.93,792,"","","",""
RW5,2800,10/13/2023 9:50,17.97,28.57,"","","",""
RW5,2801,10/13/2023 9:55,17.97,338.24,"","","",""
RW5,2802,10/13/2023 10:00,18.02,161.6,"","","",""
RW5,2803,10/13/2023 10:05,18.02,8.02,"","","",""
RW5,2804,10/13/2023 10:10,18.02,636.16,"","","",""
RW5,2805,10/13/2023 10:15,18.02,35.04,"","","",""
RW5,2806,10/13/2023 10:20,18.02,64.28,"","","",""
RW5,2807,10/13/2023 10:25,18.06,119.84,"","","",""
RW5,2808,10/13/2023 10:30,18.1,1064.32,"","","",""
RW5,2809,10/13/2023 10:35,18.1,50.86,"","","",""
RW5,2810,10/13/2023 10:40,18.19,3262.72,"","","",""
RW5,2811,10/13/2023 10:45,18.23,1684.48,"","","",""
RW5,2812,10/13/2023 10:50,18.32,611.68,"","","",""
RW5,2813,10/13/2023 10:55,18.23,364.48,"","","",""
RW5,2814,10/13/2023 11:00,18.27,104.04,"","","",""
RW5,2815,10/13/2023 11:05,18.27,221.52,"","","",""
RW5,2816,10/13/2023 11:10,18.36,347.84,"","","",""
RW5,2817,10/13/2023 11:15,18.36,198.56,"","","",""
RW5,2818,10/13/2023 11:20,18.4,336.64,"","","",""
RW5,2819,10/13/2023 11:25,18.44,2423.68,"","","",""
RW5,2820,10/13/2023 11:30,18.44,216.24,"","","",""
RW5,2821,10/13/2023 11:35,18.49,123.12,"","","",""
RW5,2822,10/13/2023 11:40,18.49,1490.56,"","","",""
RW5,2823,10/13/2023 11:45,18.57,475.84,"","","",""
RW5,2824,10/13/2023 11:50,18.57,6067.2,"","","",""
RW5,2825,10/13/2023 11:55,18.66,1205.76,"","","",""
RW5,2826,10/13/2023 12:00,18.74,1446.4,"","","",""
RW5,2827,10/13/2023 12:05,18.79,24.35,"","","",""
RW5,2828,10/13/2023 12:10,18.83,850.24,"","","",""
RW5,2829,10/13/2023 12:15,18.87,772.48,"","","",""
RW5,2830,10/13/2023 12:20,18.96,4869.12,"","","",""
RW5,2831,10/13/2023 12:25,18.96,207.6,"","","",""
RW5,2832,10/13/2023 12:30,18.96,3760.64,"","","",""
RW5,2833,10/13/2023 12:35,19.05,11351.04,"","","",""
RW5,2834,10/13/2023 12:40,19.09,530.72,"","","",""
RW5,2835,10/13/2023 12:45,19.13,331.2,"","","",""
RW5,2836,10/13/2023 12:50,19.3,537.92,"","","",""
RW5,2837,10/13/2023 12:55,19.65,9702.4,"","","",""
RW5,2838,10/13/2023 13:00,19.47,320.56,"","","",""
RW5,2839,10/13/2023 13:05,19.6,378.24,"","","",""
RW5,2840,10/13/2023 13:10,20.03,7902.72,"","","",""
RW5,2841,10/13/2023 13:15,20.68,8458.24,"","","",""
RW5,2842,10/13/2023 13:20,19.99,410.08,"","","",""
RW5,2843,10/13/2023 13:25,20.2,636.16,"","","",""
RW5,2891,10/13/2023 17:25,19.56,645.44,"","","",""
RW5,2892,10/13/2023 17:30,19.65,136.28,"","","",""
RW5,2893,10/13/2023 17:35,19.69,838.72,"","","",""
RW5,2894,10/13/2023 17:40,19.65,95.4,"","","",""
RW5,2895,10/13/2023 17:45,19.6,303.84,"","","",""
RW5,2896,10/13/2023 17:50,19.56,412.16,"","","",""
RW5,2897,10/13/2023 17:55,19.56,16.88,"","","",""
RW5,2898,10/13/2023 18:00,19.56,13.46,"","","",""
RW5,2899,10/13/2023 18:05,19.56,6.22,"","","",""
RW5,2900,10/13/2023 18:10,19.56,6.47,"","","",""
RW5,2901,10/13/2023 18:15,19.52,2.91,"","","",""
RW5,2902,10/13/2023 18:20,19.52,6.24,"","","",""
RW5,2903,10/13/2023 18:25,19.52,0.22,"","","",""
RW5,2904,10/13/2023 18:30,19.56,1.33,"","","",""
RW5,2905,10/13/2023 18:35,19.56,1.33,"","","",""
RW5,2906,10/13/2023 18:40,19.56,0,"","","",""
RW5,2907,10/13/2023 18:45,19.56,0,"","","",""
RW5,2908,10/13/2023 18:50,19.52,0,"","","",""
RW5,2909,10/13/2023 18:55,19.52,0,"","","",""
RW5,2910,10/13/2023 19:00,19.56,0,"","","",""
RW5,2911,10/13/2023 19:05,19.47,0,"","","",""
RW5,2912,10/13/2023 19:10,19.56,0,"","","",""
RW5,2913,10/13/2023 19:15,19.52,0,"","","",""
RW5,2914,10/13/2023 19:20,19.47,0,"","","",""
RW5,2915,10/13/2023 19:25,19.47,0,"","","",""
RW5,2916,10/13/2023 19:30,19.52,0,"","","",""
RW5,2917,10/13/2023 19:35,19.47,0,"","","",""
RW5,2918,10/13/2023 19:40,19.47,0,"","","",""
RW5,2919,10/13/2023 19:45,19.47,0,"","","",""
RW5,2920,10/13/2023 19:50,19.47,0,"","","",""
RW5,2921,10/13/2023 19:55,19.43,0,"","","",""
RW5,2922,10/13/2023 20:00,19.47,0,"","","",""
RW5,2923,10/13/2023 20:05,19.47,0,"","","",""
RW5,2924,10/13/2023 20:10,19.39,0,"","","",""
RW5,2925,10/13/2023 20:15,19.43,0,"","","",""
RW5,2926,10/13/2023 20:20,19.43,0,"","","",""
RW5,2927,10/13/2023 20:25,19.43,0,"","","",""
RW5,2928,10/13/2023 20:30,19.39,0,"","","",""
RW5,2929,10/13/2023 20:35,19.43,0,"","","",""
RW5,2930,10/13/2023 20:40,19.39,0,"","","",""
RW5,2931,10/13/2023 20:45,19.35,0,"","","",""
RW5,2932,10/13/2023 20:50,19.35,0,"","","",""
RW5,2933,10/13/2023 20:55,19.35,0,"","","",""
RW5,2934,10/13/2023 21:00,19.39,0,"","","",""
RW5,2935,10/13/2023 21:05,19.35,0,"","","",""
RW5,2936,10/13/2023 21:10,19.35,0,"","","",""
RW5,2937,10/13/2023 21:15,19.35,0,"","","",""
RW5,2938,10/13/2023 21:20,19.3,0,"","","",""
RW5,2939,10/13/2023 21:25,19.26,0,"","","",""
RW5,2940,10/13/2023 21:30,19.26,0,"","","",""
RW5,2941,10/13/2023 21:35,19.22,0,"","","",""
RW5,2942,10/13/2023 21:40,19.17,0,"","","",""
RW5,2943,10/13/2023 21:45,19.17,0,"","","",""
RW5,2944,10/13/2023 21:50,19.17,0,"","","",""
RW5,2945,10/13/2023 21:55,19.17,0,"","","",""
RW5,2946,10/13/2023 22:00,19.09,0,"","","",""
RW5,2947,10/13/2023 22:05,19.09,0,"","","",""
RW5,2948,10/13/2023 22:10,19.05,0,"","","",""
RW5,2949,10/13/2023 22:15,19.05,0,"","","",""
RW5,2950,10/13/2023 22:20,19.05,0,"","","",""
RW5,2951,10/13/2023 22:25,18.96,0,"","","",""
RW5,2952,10/13/2023 22:30,18.92,0,"","","",""
RW5,2953,10/13/2023 22:35,18.92,0,"","","",""
RW5,2954,10/13/2023 22:40,18.96,0,"","","",""
RW5,2955,10/13/2023 22:45,19,0,"","","",""
RW5,2956,10/13/2023 22:50,18.96,0,"","","",""
RW5,2957,10/13/2023 22:55,18.92,0,"","","",""
RW5,2958,10/13/2023 23:00,18.83,0,"","","",""
RW5,2959,10/13/2023 23:05,18.87,0,"","","",""
RW5,2960,10/13/2023 23:10,18.83,0,"","","",""
RW5,2961,10/13/2023 23:15,18.79,0,"","","",""
RW5,2962,10/13/2023 23:20,18.79,0,"","","",""
RW5,2963,10/13/2023 23:25,18.79,0,"","","",""
RW5,2964,10/13/2023 23:30,18.74,0,"","","",""
RW5,2965,10/13/2023 23:35,18.83,0,"","","",""
RW5,2966,10/13/2023 23:40,18.7,0,"","","",""
RW5,2967,10/13/2023 23:45,18.74,0,"","","",""
RW5,2968,10/13/2023 23:50,18.7,0,"","","",""
RW5,2969,10/13/2023 23:55,18.74,0,"","","",""
RW5,2970,10/14/2023 0:00,18.74,0,"","","",""
RW5,2971,10/14/2023 0:05,18.74,0,"","","",""
RW5,2972,10/14/2023 0:10,18.7,0,"","","",""
RW5,2973,10/14/2023 0:15,18.7,0,"","","",""
RW5,2974,10/14/2023 0:20,18.7,0,"","","",""
RW5,2975,10/14/2023 0:25,18.7,0,"","","",""
RW5,2976,10/14/2023 0:30,18.66,0,"","","",""
RW5,2977,10/14/2023 0:35,18.66,0,"","","",""
RW5,2978,10/14/2023 0:40,18.62,0,"","","",""
RW5,2979,10/14/2023 0:45,18.66,0,"","","",""
RW5,2980,10/14/2023 0:50,18.57,0,"","","",""
RW5,2981,10/14/2023 0:55,18.57,0,"","","",""
RW5,2982,10/14/2023 1:00,18.53,0,"","","",""
RW5,2983,10/14/2023 1:05,18.53,0,"","","",""
RW5,2984,10/14/2023 1:10,18.57,0,"","","",""
RW5,2985,10/14/2023 1:15,18.53,0,"","","",""
RW5,2986,10/14/2023 1:20,18.4,0,"","","",""
RW5,2987,10/14/2023 1:25,18.44,0,"","","",""
RW5,2988,10/14/2023 1:30,18.32,0,"","","",""
RW5,3031,10/14/2023 5:05,17.5,0,"","","",""
RW5,3032,10/14/2023 5:10,17.67,0,"","","",""
RW5,3033,10/14/2023 5:15,17.84,0,"","","",""
RW5,3034,10/14/2023 5:20,17.97,0,"","","",""
RW5,3035,10/14/2023 5:25,17.93,0,"","","",""
RW5,3036,10/14/2023 5:30,17.97,0,"","","",""
RW5,3037,10/14/2023 5:35,18.02,0,"","","",""
RW5,3038,10/14/2023 5:40,18.06,0,"","","",""
RW5,3039,10/14/2023 5:45,18.06,0,"","","",""
RW5,3040,10/14/2023 5:50,18.06,0,"","","",""
RW5,3041,10/14/2023 5:55,18.02,0,"","","",""
RW5,3042,10/14/2023 6:00,18.06,0,"","","",""
RW5,3043,10/14/2023 6:05,18.06,0,"","","",""
RW5,3044,10/14/2023 6:10,18.06,0,"","","",""
RW5,3045,10/14/2023 6:15,18.06,0,"","","",""
RW5,3046,10/14/2023 6:20,18.1,0,"","","",""
RW5,3047,10/14/2023 6:25,18.06,0,"","","",""
RW5,3048,10/14/2023 6:30,18.06,0,"","","",""
RW5,3049,10/14/2023 6:35,18.06,0,"","","",""
RW5,3050,10/14/2023 6:40,18.02,1.11,"","","",""
RW5,3051,10/14/2023 6:45,18.02,0.88,"","","",""
RW5,3052,10/14/2023 6:50,18.02,0,"","","",""
RW5,3053,10/14/2023 6:55,18.02,0,"","","",""
RW5,3054,10/14/2023 7:00,18.06,11.55,"","","",""
RW5,3055,10/14/2023 7:05,18.06,3.77,"","","",""
RW5,3056,10/14/2023 7:10,18.06,1.99,"","","",""
RW5,3057,10/14/2023 7:15,18.06,20.46,"","","",""
RW5,3058,10/14/2023 7:20,18.02,17.16,"","","",""
RW5,3059,10/14/2023 7:25,18.06,2.44,"","","",""
RW5,3060,10/14/2023 7:30,18.06,29.18,"","","",""
RW5,3061,10/14/2023 7:35,18.06,141.04,"","","",""
RW5,3062,10/14/2023 7:40,18.06,11.35,"","","",""
RW5,3063,10/14/2023 7:45,17.97,95.88,"","","",""
RW5,3064,10/14/2023 7:50,18.06,136.48,"","","",""
RW5,3065,10/14/2023 7:55,18.02,3.77,"","","",""
RW5,3066,10/14/2023 8:00,18.02,5.33,"","","",""
RW5,3067,10/14/2023 8:05,18.1,0.22,"","","",""
RW5,3068,10/14/2023 8:10,18.06,66.66,"","","",""
RW5,3069,10/14/2023 8:15,18.06,5.33,"","","",""
RW5,3070,10/14/2023 8:20,18.06,1.33,"","","",""
RW5,3071,10/14/2023 8:25,18.06,8.21,"","","",""
RW5,3072,10/14/2023 8:30,18.02,664.96,"","","",""
RW5,3073,10/14/2023 8:35,18.06,11.99,"","","",""
RW5,3074,10/14/2023 8:40,18.06,4.22,"","","",""
RW5,3075,10/14/2023 8:45,18.02,279.44,"","","",""
RW5,3076,10/14/2023 8:50,18.02,1.33,"","","",""
RW5,3077,10/14/2023 8:55,18.02,17.6,"","","",""
RW5,3078,10/14/2023 9:00,18.02,236.56,"","","",""
RW5,3079,10/14/2023 9:05,17.97,56.38,"","","",""
RW5,3080,10/14/2023 9:10,18.02,40.4,"","","",""
RW5,3081,10/14/2023 9:15,17.97,8.88,"","","",""
RW5,3082,10/14/2023 9:20,17.93,66,"","","",""
RW5,3083,10/14/2023 9:25,17.93,0,"","","",""
RW5,3084,10/14/2023 9:30,17.97,66.02,"","","",""
RW5,3085,10/14/2023 9:35,17.93,302.56,"","","",""
RW5,3086,10/14/2023 9:40,17.93,649.92,"","","",""
RW5,3087,10/14/2023 9:45,17.93,212.48,"","","",""
RW5,3088,10/14/2023 9:50,17.93,7.55,"","","",""
RW5,3089,10/14/2023 9:55,17.97,137.4,"","","",""
RW5,3090,10/14/2023 10:00,17.97,10.46,"","","",""
RW5,3091,10/14/2023 10:05,17.97,243.52,"","","",""
RW5,3092,10/14/2023 10:10,17.97,1254.72,"","","",""
RW5,3093,10/14/2023 10:15,18.02,4232.96,"","","",""
RW5,3094,10/14/2023 10:20,17.97,1005.76,"","","",""
RW5,3095,10/14/2023 10:25,18.02,87.44,"","","",""
RW5,3096,10/14/2023 10:30,18.06,271.36,"","","",""
RW5,3097,10/14/2023 10:35,18.02,904,"","","",""
RW5,3098,10/14/2023 10:40,18.02,1045.76,"","","",""
RW5,3099,10/14/2023 10:45,18.02,32.12,"","","",""
RW5,3100,10/14/2023 10:50,18.06,946.24,"","","",""
RW5,3101,10/14/2023 10:55,18.1,8.46,"","","",""
RW5,3102,10/14/2023 11:00,18.1,1454.08,"","","",""
RW5,3103,10/14/2023 11:05,18.14,962.24,"","","",""
RW5,3104,10/14/2023 11:10,18.14,184,"","","",""
RW5,3105,10/14/2023 11:15,18.19,4.88,"","","",""
RW5,3106,10/14/2023 11:20,18.14,42.54,"","","",""
RW5,3107,10/14/2023 11:25,18.23,455.84,"","","",""
RW5,3108,10/14/2023 11:30,18.27,184.88,"","","",""
RW5,3109,10/14/2023 11:35,18.27,73.92,"","","",""
RW5,3110,10/14/2023 11:40,18.32,15.46,"","","",""
RW5,3111,10/14/2023 11:45,18.4,23.57,"","","",""
RW5,3112,10/14/2023 11:50,18.36,12.91,"","","",""
RW5,3113,10/14/2023 11:55,18.4,417.76,"","","",""
RW5,3114,10/14/2023 12:00,18.4,731.52,"","","",""
RW5,3115,10/14/2023 12:05,18.49,198,"","","",""
RW5,3116,10/14/2023 12:10,18.53,949.76,"","","",""
RW5,3117,10/14/2023 12:15,18.62,392.64,"","","",""
RW5,3118,10/14/2023 12:20,18.66,172.24,"","","",""
RW5,3119,10/14/2023 12:25,18.74,190.72,"","","",""
RW5,3120,10/14/2023 12:30,18.74,2636.8,"","","",""
RW5,3121,10/14/2023 12:35,18.92,2258.56,"","","",""
RW5,3122,10/14/2023 12:40,18.92,1621.12,"","","",""
RW5,3123,10/14/2023 12:45,18.92,394.72,"","","",""
RW5,3124,10/14/2023 12:50,18.96,543.68,"","","",""
RW5,3125,10/14/2023 12:55,19.05,824.32,"","","",""
RW5,3126,10/14/2023 13:00,19.17,986.24,"","","",""
RW5,3127,10/14/2023 13:05,19.3,68.92,"","","",""
RW5,3128,10/14/2023 13:10,19.35,640.64,"","","",""
RW5,3129,10/14/2023 13:15,19.52,11955.2,"","","",""
RW5,3130,10/14/2023 13:20,21.1,15764.48,"","","",""
RW5,3131,10/14/2023 13:25,19.95,2860.8,"","","",""
RW5,3132,10/14/2023 13:30,20.25,2732.8,"","","",""
RW5,3191,10/14/2023 18:25,18.74,6.91,"","","",""
RW5,3192,10/14/2023 18:30,18.7,7.35,"","","",""
RW5,3193,10/14/2023 18:35,18.74,3.33,"","","",""
RW5,3194,10/14/2023 18:40,18.74,0,"","","",""
RW5,3195,10/14/2023 18:45,18.7,0.22,"","","",""
RW5,3196,10/14/2023 18:50,18.74,0,"","","",""
RW5,3197,10/14/2023 18:55,18.74,0,"","","",""
RW5,3198,10/14/2023 19:00,18.74,0,"","","",""
RW5,3199,10/14/2023 19:05,18.74,0,"","","",""
RW5,3200,10/14/2023 19:10,18.79,0,"","","",""
RW5,3201,10/14/2023 19:15,18.74,0,"","","",""
RW5,3202,10/14/2023 19:20,18.7,0,"","","",""
RW5,3203,10/14/2023 19:25,18.74,0,"","","",""
RW5,3204,10/14/2023 19:30,18.79,0,"","","",""
RW5,3205,10/14/2023 19:35,18.74,0,"","","",""
RW5,3206,10/14/2023 19:40,18.79,0,"","","",""
RW5,3207,10/14/2023 19:45,18.74,0,"","","",""
RW5,3208,10/14/2023 19:50,18.74,0,"","","",""
RW5,3209,10/14/2023 19:55,18.66,0,"","","",""
RW5,3210,10/14/2023 20:00,18.7,0,"","","",""
RW5,3211,10/14/2023 20:05,18.66,0,"","","",""
RW5,3212,10/14/2023 20:10,18.62,0,"","","",""
RW5,3213,10/14/2023 20:15,18.57,0,"","","",""
RW5,3214,10/14/2023 20:20,18.53,0,"","","",""
RW5,3215,10/14/2023 20:25,18.49,0,"","","",""
RW5,3216,10/14/2023 20:30,18.44,0,"","","",""
RW5,3217,10/14/2023 20:35,18.49,0,"","","",""
RW5,3218,10/14/2023 20:40,18.4,0,"","","",""
RW5,3219,10/14/2023 20:45,18.36,0,"","","",""
RW5,3220,10/14/2023 20:50,18.32,0,"","","",""
RW5,3221,10/14/2023 20:55,18.27,0,"","","",""
RW5,3222,10/14/2023 21:00,18.27,0,"","","",""
RW5,3223,10/14/2023 21:05,18.19,0,"","","",""
RW5,3224,10/14/2023 21:10,18.19,0,"","","",""
RW5,3225,10/14/2023 21:15,18.23,0,"","","",""
RW5,3226,10/14/2023 21:20,18.19,0,"","","",""
RW5,3227,10/14/2023 21:25,18.19,0,"","","",""
RW5,3228,10/14/2023 21:30,18.14,0,"","","",""
RW5,3229,10/14/2023 21:35,18.14,0,"","","",""
RW5,3230,10/14/2023 21:40,18.14,0,"","","",""
RW5,3231,10/14/2023 21:45,18.19,0,"","","",""
RW5,3232,10/14/2023 21:50,17.97,0,"","","",""
RW5,3233,10/14/2023 21:55,18.06,0,"","","",""
RW5,3234,10/14/2023 22:00,18.06,0,"","","",""
RW5,3235,10/14/2023 22:05,17.93,0,"","","",""
RW5,3236,10/14/2023 22:10,18.06,0,"","","",""
RW5,3237,10/14/2023 22:15,18.1,0,"","","",""
RW5,3238,10/14/2023 22:20,18.06,0,"","","",""
RW5,3239,10/14/2023 22:25,17.93,0,"","","",""
RW5,3240,10/14/2023 22:30,17.93,0,"","","",""
RW5,3241,10/14/2023 22:35,17.97,0,"","","",""
RW5,3242,10/14/2023 22:40,17.89,0,"","","",""
RW5,3243,10/14/2023 22:45,17.89,0,"","","",""
RW5,3244,10/14/2023 22:50,17.84,0,"","","",""
RW5,3245,10/14/2023 22:55,17.76,0,"","","",""
RW5,3246,10/14/2023 23:00,17.72,0,"","","",""
RW5,3247,10/14/2023 23:05,17.63,0,"","","",""
RW5,3248,10/14/2023 23:10,17.46,0,"","","",""
RW5,3249,10/14/2023 23:15,17.41,0,"","","",""
RW5,3250,10/14/2023 23:20,17.33,0,"","","",""
RW5,3251,10/14/2023 23:25,17.2,0,"","","",""
RW5,3252,10/14/2023 23:30,17.16,0,"","","",""
RW5,3253,10/14/2023 23:35,17.24,0,"","","",""
RW5,3254,10/14/2023 23:40,17.24,0,"","","",""
RW5,3255,10/14/2023 23:45,17.29,0,"","","",""
RW5,3256,10/14/2023 23:50,17.29,0,"","","",""
RW5,3257,10/14/2023 23:55,17.29,0,"","","",""
RW5,3258,10/15/2023 0:00,17.24,0,"","","",""
RW5,3259,10/15/2023 0:05,17.24,0,"","","",""
RW5,3260,10/15/2023 0:10,17.16,0,"","","",""
RW5,3261,10/15/2023 0:15,17.07,0,"","","",""
RW5,3262,10/15/2023 0:20,16.99,0,"","","",""
RW5,3263,10/15/2023 0:25,16.99,0,"","","",""
RW5,3264,10/15/2023 0:30,16.99,0,"","","",""
RW5,3265,10/15/2023 0:35,16.99,0,"","","",""
RW5,3266,10/15/2023 0:40,16.99,0,"","","",""
RW5,3267,10/15/2023 0:45,17.03,0,"","","",""
RW5,3268,10/15/2023 0:50,17.03,0,"","","",""
RW5,3269,10/15/2023 0:55,17.07,0,"","","",""
RW5,3270,10/15/2023 1:00,17.07,0,"","","",""
RW5,3271,10/15/2023 1:05,17.07,0,"","","",""
RW5,3272,10/15/2023 1:10,17.07,0,"","","",""
RW5,3273,10/15/2023 1:15,17.07,0,"","","",""
RW5,3274,10/15/2023 1:20,17.07,0,"","","",""
RW5,3275,10/15/2023 1:25,17.03,0,"","","",""
RW5,3276,10/15/2023 1:30,17.03,0,"","","",""
RW5,3277,10/15/2023 1:35,16.99,0,"","","",""
RW5,3278,10/15/2023 1:40,16.99,0,"","","",""
RW5,3279,10/15/2023 1:45,16.99,0,"","","",""
RW5,3280,10/15/2023 1:50,16.99,0,"","","",""
RW5,3281,10/15/2023 1:55,16.94,0,"","","",""
RW5,3282,10/15/2023 2:00,16.94,0,"","","",""
RW5,3283,10/15/2023 2:05,16.86,0,"","","",""
RW5,3318,10/15/2023 5:00,16.51,0,"","","",""
RW5,3319,10/15/2023 5:05,16.64,0,"","","",""
RW5,3320,10/15/2023 5:10,16.77,0,"","","",""
RW5,3321,10/15/2023 5:15,16.77,0,"","","",""
RW5,3322,10/15/2023 5:20,16.81,0,"","","",""
RW5,3323,10/15/2023 5:25,16.81,0,"","","",""
RW5,3324,10/15/2023 5:30,16.81,0,"","","",""
RW5,3325,10/15/2023 5:35,16.81,0,"","","",""
RW5,3326,10/15/2023 5:40,16.9,0,"","","",""
RW5,3327,10/15/2023 5:45,16.94,0,"","","",""
RW5,3328,10/15/2023 5:50,16.94,0,"","","",""
RW5,3329,10/15/2023 5:55,16.94,0,"","","",""
RW5,3330,10/15/2023 6:00,16.94,0,"","","",""
RW5,3331,10/15/2023 6:05,17.03,0,"","","",""
RW5,3332,10/15/2023 6:10,17.03,0,"","","",""
RW5,3333,10/15/2023 6:15,17.07,0,"","","",""
RW5,3334,10/15/2023 6:20,17.07,0,"","","",""
RW5,3335,10/15/2023 6:25,17.07,0,"","","",""
RW5,3336,10/15/2023 6:30,17.07,0,"","","",""
RW5,3337,10/15/2023 6:35,17.11,0,"","","",""
RW5,3338,10/15/2023 6:40,17.11,0,"","","",""
RW5,3339,10/15/2023 6:45,17.07,0,"","","",""
RW5,3340,10/15/2023 6:50,17.03,2.44,"","","",""
RW5,3341,10/15/2023 6:55,17.03,9.99,"","","",""
RW5,3342,10/15/2023 7:00,17.03,0,"","","",""
RW5,3343,10/15/2023 7:05,17.11,3.55,"","","",""
RW5,3344,10/15/2023 7:10,17.11,14.02,"","","",""
RW5,3345,10/15/2023 7:15,17.07,12.21,"","","",""
RW5,3346,10/15/2023 7:20,17.07,36.98,"","","",""
RW5,3347,10/15/2023 7:25,17.11,18.24,"","","",""
RW5,3348,10/15/2023 7:30,17.11,3.33,"","","",""
RW5,3349,10/15/2023 7:35,17.11,47.48,"","","",""
RW5,3350,10/15/2023 7:40,17.11,12.46,"","","",""
RW5,3351,10/15/2023 7:45,17.11,222.24,"","","",""
RW5,3352,10/15/2023 7:50,17.11,17.41,"","","",""
RW5,3353,10/15/2023 7:55,17.2,22.29,"","","",""
RW5,3354,10/15/2023 8:00,17.2,22.29,"","","",""
RW5,3355,10/15/2023 8:05,17.2,38.32,"","","",""
RW5,3356,10/15/2023 8:10,17.16,13.35,"","","",""
RW5,3357,10/15/2023 8:15,17.16,228.56,"","","",""
RW5,3358,10/15/2023 8:20,17.16,25.18,"","","",""
RW5,3359,10/15/2023 8:25,17.2,114.68,"","","",""
RW5,3360,10/15/2023 8:30,17.24,161.6,"","","",""
RW5,3361,10/15/2023 8:35,17.37,421.12,"","","",""
RW5,3362,10/15/2023 8:40,17.37,72.7,"","","",""
RW5,3363,10/15/2023 8:45,17.41,2.88,"","","",""
RW5,3364,10/15/2023 8:50,17.41,105.28,"","","",""
RW5,3365,10/15/2023 8:55,17.37,5.1,"","","",""
RW5,3366,10/15/2023 9:00,17.29,117.76,"","","",""
RW5,3367,10/15/2023 9:05,17.29,44.8,"","","",""
RW5,3368,10/15/2023 9:10,17.29,75.8,"","","",""
RW5,3369,10/15/2023 9:15,17.29,94.6,"","","",""
RW5,3370,10/15/2023 9:20,17.29,5.1,"","","",""
RW5,3371,10/15/2023 9:25,17.24,2.88,"","","",""
RW5,3372,10/15/2023 9:30,17.29,0,"","","",""
RW5,3373,10/15/2023 9:35,17.29,1.11,"","","",""
RW5,3374,10/15/2023 9:40,17.29,829.76,"","","",""
RW5,3375,10/15/2023 9:45,17.37,6.22,"","","",""
RW5,3376,10/15/2023 9:50,17.37,1.77,"","","",""
RW5,3377,10/15/2023 9:55,17.37,23.21,"","","",""
RW5,3378,10/15/2023 10:00,17.41,1.55,"","","",""
RW5,3379,10/15/2023 10:05,17.46,5.99,"","","",""
RW5,3380,10/15/2023 10:10,17.46,41.94,"","","",""
RW5,3381,10/15/2023 10:15,17.5,91,"","","",""
RW5,3382,10/15/2023 10:20,17.46,7.99,"","","",""
RW5,3383,10/15/2023 10:25,17.54,89.24,"","","",""
RW5,3384,10/15/2023 10:30,17.54,0,"","","",""
RW5,3385,10/15/2023 10:35,17.5,11.57,"","","",""
RW5,3386,10/15/2023 10:40,17.5,13.32,"","","",""
RW5,3387,10/15/2023 10:45,17.46,7.55,"","","",""
RW5,3388,10/15/2023 10:50,17.46,189.2,"","","",""
RW5,3389,10/15/2023 10:55,17.5,76.8,"","","",""
RW5,3390,10/15/2023 11:00,17.46,53.14,"","","",""
RW5,3391,10/15/2023 11:05,17.41,420.64,"","","",""
RW5,3392,10/15/2023 11:10,17.33,46.64,"","","",""
RW5,3393,10/15/2023 11:15,17.5,80.58,"","","",""
RW5,3394,10/15/2023 11:20,17.63,9.55,"","","",""
RW5,3395,10/15/2023 11:25,17.76,78.14,"","","",""
RW5,3396,10/15/2023 11:30,17.72,217.92,"","","",""
RW5,3397,10/15/2023 11:35,17.76,21.88,"","","",""
RW5,3398,10/15/2023 11:40,17.84,211.68,"","","",""
RW5,3399,10/15/2023 11:45,17.84,7.99,"","","",""
RW5,3400,10/15/2023 11:50,17.89,40.07,"","","",""
RW5,3401,10/15/2023 11:55,17.84,30.1,"","","",""
RW5,3402,10/15/2023 12:00,17.89,339.36,"","","",""
RW5,3403,10/15/2023 12:05,17.93,107.12,"","","",""
RW5,3404,10/15/2023 12:10,17.93,2025.6,"","","",""
RW5,3405,10/15/2023 12:15,17.89,283.44,"","","",""
RW5,3406,10/15/2023 12:20,18.02,188.56,"","","",""
RW5,3407,10/15/2023 12:25,18.02,1218.88,"","","",""
RW5,3408,10/15/2023 12:30,18.06,422.88,"","","",""
RW5,3409,10/15/2023 12:35,18.06,1290.88,"","","",""
RW5,3410,10/15/2023 12:40,18.06,666.88,"","","",""
RW5,3411,10/15/2023 12:45,18.14,938.24,"","","",""
RW5,3412,10/15/2023 12:50,18.14,5.77,"","","",""
RW5,3413,10/15/2023 12:55,18.19,2158.72,"","","",""
RW5,3414,10/15/2023 13:00,18.27,1613.44,"","","",""
RW5,3415,10/15/2023 13:05,18.32,549.12,"","","",""
RW5,3416,10/15/2023 13:10,18.4,2237.44,"","","",""
RW5,3417,10/15/2023 13:15,18.4,676.48,"","","",""
RW5,3418,10/15/2023 13:20,18.49,1784.96,"","","",""
RW5,3419,10/15/2023 13:25,18.57,1036.8,"","","",""
RW5,3420,10/15/2023 13:30,18.62,2763.52,"","","",""
RW5,3421,10/15/2023 13:35,18.87,3176.96,"","","",""
RW5,3422,10/15/2023 13:40,18.92,8473.6,"","","",""
RW5,3423,10/15/2023 13:45,19,2029.44,"","","",""
RW5,3424,10/15/2023 13:50,19.82,7060.48,"","","",""
RW5,3425,10/15/2023 13:55,20.12,10327.04,"","","",""
RW5,3487,10/15/2023 19:05,18.57,0,"","","",""
RW5,3488,10/15/2023 19:10,18.53,0,"","","",""
RW5,3489,10/15/2023 19:15,18.66,0,"","","",""
RW5,3490,10/15/2023 19:20,18.62,0,"","","",""
RW5,3491,10/15/2023 19:25,18.66,0,"","","",""
RW5,3492,10/15/2023 19:30,18.7,0,"","","",""
RW5,3493,10/15/2023 19:35,18.7,0,"","","",""
RW5,3494,10/15/2023 19:40,18.62,0,"","","",""
RW5,3495,10/15/2023 19:45,18.66,0,"","","",""
RW5,3496,10/15/2023 19:50,18.62,0,"","","",""
RW5,3497,10/15/2023 19:55,18.62,0,"","","",""
RW5,3498,10/15/2023 20:00,18.57,0,"","","",""
RW5,3499,10/15/2023 20:05,18.57,0,"","","",""
RW5,3500,10/15/2023 20:10,18.57,0,"","","",""
RW5,3501,10/15/2023 20:15,18.53,0,"","","",""
RW5,3502,10/15/2023 20:20,18.49,0,"","","",""
RW5,3503,10/15/2023 20:25,18.49,0,"","","",""
RW5,3504,10/15/2023 20:30,18.44,0,"","","",""
RW5,3505,10/15/2023 20:35,18.44,0,"","","",""
RW5,3506,10/15/2023 20:40,18.4,0,"","","",""
RW5,3507,10/15/2023 20:45,18.36,0,"","","",""
RW5,3508,10/15/2023 20:50,18.36,0,"","","",""
RW5,3509,10/15/2023 20:55,18.36,0,"","","",""
RW5,3510,10/15/2023 21:00,18.27,0,"","","",""
RW5,3511,10/15/2023 21:05,18.27,0,"","","",""
RW5,3512,10/15/2023 21:10,18.23,0,"","","",""
RW5,3513,10/15/2023 21:15,18.23,0,"","","",""
RW5,3514,10/15/2023 21:20,18.23,0,"","","",""
RW5,3515,10/15/2023 21:25,18.14,0,"","","",""
RW5,3516,10/15/2023 21:30,18.14,0,"","","",""
RW5,3517,10/15/2023 21:35,18.06,0,"","","",""
RW5,3518,10/15/2023 21:40,18.1,0,"","","",""
RW5,3519,10/15/2023 21:45,18.1,0,"","","",""
RW5,3520,10/15/2023 21:50,18.06,0,"","","",""
RW5,3521,10/15/2023 21:55,18.02,0,"","","",""
RW5,3522,10/15/2023 22:00,18.02,0,"","","",""
RW5,3523,10/15/2023 22:05,17.97,0,"","","",""
RW5,3524,10/15/2023 22:10,17.93,0,"","","",""
RW5,3525,10/15/2023 22:15,17.84,0,"","","",""
RW5,3526,10/15/2023 22:20,17.89,0,"","","",""
RW5,3527,10/15/2023 22:25,17.84,0,"","","",""
RW5,3528,10/15/2023 22:30,17.67,0,"","","",""
RW5,3529,10/15/2023 22:35,17.67,0,"","","",""
RW5,3530,10/15/2023 22:40,17.63,0,"","","",""
RW5,3531,10/15/2023 22:45,17.59,0,"","","",""
RW5,3532,10/15/2023 22:50,17.54,0,"","","",""
RW5,3533,10/15/2023 22:55,17.5,0,"","","",""
RW5,3534,10/15/2023 23:00,17.41,0,"","","",""
RW5,3535,10/15/2023 23:05,17.41,0,"","","",""
RW5,3536,10/15/2023 23:10,17.29,0,"","","",""
RW5,3537,10/15/2023 23:15,17.24,0,"","","",""
RW5,3538,10/15/2023 23:20,17.24,0,"","","",""
RW5,3539,10/15/2023 23:25,17.24,0,"","","",""
RW5,3540,10/15/2023 23:30,17.16,0,"","","",""
RW5,3541,10/15/2023 23:35,17.11,0,"","","",""
RW5,3542,10/15/2023 23:40,17.16,0,"","","",""
RW5,3543,10/15/2023 23:45,17.11,0,"","","",""
RW5,3544,10/15/2023 23:50,17.11,0,"","","",""
RW5,3545,10/15/2023 23:55,17.11,0,"","","",""
RW5,3546,10/16/2023 0:00,17.16,0,"","","",""
RW5,3547,10/16/2023 0:05,17.11,0,"","","",""
RW5,3548,10/16/2023 0:10,17.16,0,"","","",""
RW5,3549,10/16/2023 0:15,17.11,0,"","","",""
RW5,3550,10/16/2023 0:20,17.16,0,"","","",""
RW5,3551,10/16/2023 0:25,17.11,0,"","","",""
RW5,3552,10/16/2023 0:30,17.16,0,"","","",""
RW5,3553,10/16/2023 0:35,17.16,0,"","","",""
RW5,3554,10/16/2023 0:40,17.2,0,"","","",""
RW5,3555,10/16/2023 0:45,17.2,0,"","","",""
RW5,3556,10/16/2023 0:50,17.2,0,"","","",""
RW5,3557,10/16/2023 0:55,17.2,0,"","","",""
RW5,3558,10/16/2023 1:00,17.16,0,"","","",""
RW5,3559,10/16/2023 1:05,17.24,0,"","","",""
RW5,3560,10/16/2023 1:10,17.2,0,"","","",""
RW5,3561,10/16/2023 1:15,17.24,0,"","","",""
RW5,3562,10/16/2023 1:20,17.24,0,"","","",""
RW5,3563,10/16/2023 1:25,17.24,0,"","","",""
RW5,3564,10/16/2023 1:30,17.29,0,"","","",""
RW5,3565,10/16/2023 1:35,17.24,0,"","","",""
RW5,3566,10/16/2023 1:40,17.24,0,"","","",""
RW5,3567,10/16/2023 1:45,17.24,0,"","","",""
RW5,3568,10/16/2023 1:50,17.29,0,"","","",""
RW5,3569,10/16/2023 1:55,17.24,0,"","","",""
RW5,3570,10/16/2023 2:00,17.24,0,"","","",""
RW5,3571,10/16/2023 2:05,17.24,0,"","","",""
RW5,3572,10/16/2023 2:10,17.24,0,"","","",""
RW5,3573,10/16/2023 2:15,17.29,0,"","","",""
RW5,3574,10/16/2023 2:20,17.29,0,"","","",""
RW5,3575,10/16/2023 2:25,17.29,0,"","","",""
RW5,3576,10/16/2023 2:30,17.24,0,"","","",""
RW5,3577,10/16/2023 2:35,17.29,0,"","","",""
RW5,3578,10/16/2023 2:40,17.29,0,"","","",""
RW5,3579,10/16/2023 2:45,17.33,0,"","","",""
RW5,3580,10/16/2023 2:50,17.33,0,"","","",""
RW5,3581,10/16/2023 2:55,17.29,0,"","","",""
RW5,3582,10/16/2023 3:00,17.33,0,"","","",""
RW5,3583,10/16/2023 3:05,17.29,0,"","","",""
RW5,3601,10/16/2023 4:35,17.16,0,"","","",""
RW5,3602,10/16/2023 4:40,17.16,0,"","","",""
RW5,3603,10/16/2023 4:45,17.2,0,"","","",""
RW5,3604,10/16/2023 4:50,17.2,0,"","","",""
RW5,3605,10/16/2023 4:55,17.2,0,"","","",""
RW5,3606,10/16/2023 5:00,17.16,0,"","","",""
RW5,3607,10/16/2023 5:05,17.2,0,"","","",""
RW5,3608,10/16/2023 5:10,17.24,0,"","","",""
RW5,3609,10/16/2023 5:15,17.2,0,"","","",""
RW5,3610,10/16/2023 5:20,17.24,0,"","","",""
RW5,3611,10/16/2023 5:25,17.33,0,"","","",""
RW5,3612,10/16/2023 5:30,17.29,0,"","","",""
RW5,3613,10/16/2023 5:35,17.33,0,"","","",""
RW5,3614,10/16/2023 5:40,17.37,0,"","","",""
RW5,3615,10/16/2023 5:45,17.37,0,"","","",""
RW5,3616,10/16/2023 5:50,17.37,0,"","","",""
RW5,3617,10/16/2023 5:55,17.37,0,"","","",""
RW5,3618,10/16/2023 6:00,17.37,0,"","","",""
RW5,3619,10/16/2023 6:05,17.37,0,"","","",""
RW5,3620,10/16/2023 6:10,17.41,0,"","","",""
RW5,3621,10/16/2023 6:15,17.41,0,"","","",""
RW5,3622,10/16/2023 6:20,17.41,0,"","","",""
RW5,3623,10/16/2023 6:25,17.41,0,"","","",""
RW5,3624,10/16/2023 6:30,17.41,0,"","","",""
RW5,3625,10/16/2023 6:35,17.46,0,"","","",""
RW5,3626,10/16/2023 6:40,17.5,0,"","","",""
RW5,3627,10/16/2023 6:45,17.41,0.66,"","","",""
RW5,3628,10/16/2023 6:50,17.46,0.22,"","","",""
RW5,3629,10/16/2023 6:55,17.46,20.27,"","","",""
RW5,3630,10/16/2023 7:00,17.46,15.57,"","","",""
RW5,3631,10/16/2023 7:05,17.46,1.77,"","","",""
RW5,3632,10/16/2023 7:10,17.5,0,"","","",""
RW5,3633,10/16/2023 7:15,17.5,11.99,"","","",""
RW5,3634,10/16/2023 7:20,17.5,40.59,"","","",""
RW5,3635,10/16/2023 7:25,17.5,31.68,"","","",""
RW5,3636,10/16/2023 7:30,17.5,5.1,"","","",""
RW5,3637,10/16/2023 7:35,17.46,5.77,"","","",""
RW5,3638,10/16/2023 7:40,17.46,8.21,"","","",""
RW5,3639,10/16/2023 7:45,17.46,39.46,"","","",""
RW5,3640,10/16/2023 7:50,17.46,136.6,"","","",""
RW5,3641,10/16/2023 7:55,17.37,106.6,"","","",""
RW5,3642,10/16/2023 8:00,17.37,67.2,"","","",""
RW5,3643,10/16/2023 8:05,17.33,75.36,"","","",""
RW5,3644,10/16/2023 8:10,17.41,283.84,"","","",""
RW5,3645,10/16/2023 8:15,17.37,149.92,"","","",""
RW5,3646,10/16/2023 8:20,17.37,46.2,"","","",""
RW5,3647,10/16/2023 8:25,17.37,71.74,"","","",""
RW5,3648,10/16/2023 8:30,17.37,69.8,"","","",""
RW5,3649,10/16/2023 8:35,17.37,18.93,"","","",""
RW5,3650,10/16/2023 8:40,17.41,317.68,"","","",""
RW5,3651,10/16/2023 8:45,17.46,142.72,"","","",""
RW5,3652,10/16/2023 8:50,17.5,250.8,"","","",""
RW5,3653,10/16/2023 8:55,17.41,117.32,"","","",""
RW5,3654,10/16/2023 9:00,17.46,122.68,"","","",""
RW5,3655,10/16/2023 9:05,17.41,9.33,"","","",""
RW5,3656,10/16/2023 9:10,17.41,169.68,"","","",""
RW5,3657,10/16/2023 9:15,17.46,20.24,"","","",""
RW5,3658,10/16/2023 9:20,17.41,89.24,"","","",""
RW5,3659,10/16/2023 9:25,17.46,1.55,"","","",""
RW5,3660,10/16/2023 9:30,17.46,13.35,"","","",""
RW5,3661,10/16/2023 9:35,17.41,1.11,"","","",""
RW5,3662,10/16/2023 9:40,17.5,1.55,"","","",""
RW5,3663,10/16/2023 9:45,17.5,44.62,"","","",""
RW5,3664,10/16/2023 9:50,17.5,70.46,"","","",""
RW5,3665,10/16/2023 9:55,17.54,11.77,"","","",""
RW5,3666,10/16/2023 10:00,17.5,11.1,"","","",""
RW5,3667,10/16/2023 10:05,17.54,2.22,"","","",""
RW5,3668,10/16/2023 10:10,17.54,0.88,"","","",""
RW5,3669,10/16/2023 10:15,17.59,3.11,"","","",""
RW5,3670,10/16/2023 10:20,17.54,125.96,"","","",""
RW5,3671,10/16/2023 10:25,17.63,11.99,"","","",""
RW5,3672,10/16/2023 10:30,17.72,0,"","","",""
RW5,3673,10/16/2023 10:35,17.67,9.33,"","","",""
RW5,3674,10/16/2023 10:40,17.72,4.44,"","","",""
RW5,3675,10/16/2023 10:45,17.67,5.33,"","","",""
RW5,3676,10/16/2023 10:50,17.72,8.21,"","","",""
RW5,3677,10/16/2023 10:55,17.76,29.87,"","","",""
RW5,3678,10/16/2023 11:00,17.8,213.44,"","","",""
RW5,3679,10/16/2023 11:05,17.8,49.08,"","","",""
RW5,3680,10/16/2023 11:10,17.8,13.1,"","","",""
RW5,3681,10/16/2023 11:15,17.76,14.93,"","","",""
RW5,3682,10/16/2023 11:20,17.8,10.27,"","","",""
RW5,3683,10/16/2023 11:25,17.84,1.33,"","","",""
RW5,3684,10/16/2023 11:30,17.89,0,"","","",""
RW5,3685,10/16/2023 11:35,17.89,17.85,"","","",""
RW5,3686,10/16/2023 11:40,17.93,9.55,"","","",""
RW5,3687,10/16/2023 11:45,17.93,3.55,"","","",""
RW5,3688,10/16/2023 11:50,17.93,60.94,"","","",""
RW5,3689,10/16/2023 11:55,17.97,13.85,"","","",""
RW5,3690,10/16/2023 12:00,18.02,216.32,"","","",""
RW5,3691,10/16/2023 12:05,18.02,15.82,"","","",""
RW5,3692,10/16/2023 12:10,18.02,3.11,"","","",""
RW5,3693,10/16/2023 12:15,18.06,31.71,"","","",""
RW5,3694,10/16/2023 12:20,18.1,3240.96,"","","",""
RW5,3695,10/16/2023 12:25,18.1,155.6,"","","",""
RW5,3696,10/16/2023 12:30,18.06,11.21,"","","",""
RW5,3697,10/16/2023 12:35,18.14,430.4,"","","",""
RW5,3698,10/16/2023 12:40,18.14,460.16,"","","",""
RW5,3699,10/16/2023 12:45,18.23,281.44,"","","",""
RW5,3700,10/16/2023 12:50,18.23,46.64,"","","",""
RW5,3701,10/16/2023 12:55,18.32,533.6,"","","",""
RW5,3702,10/16/2023 13:00,18.32,254.4,"","","",""
RW5,3703,10/16/2023 13:05,18.4,54.16,"","","",""
RW5,3704,10/16/2023 13:10,18.36,264.8,"","","",""
RW5,3705,10/16/2023 13:15,18.44,789.76,"","","",""
RW5,3706,10/16/2023 13:20,18.4,206.24,"","","",""
RW5,3707,10/16/2023 13:25,18.49,107.16,"","","",""
RW5,3708,10/16/2023 13:30,18.49,84.36,"","","",""
RW5,3709,10/16/2023 13:35,18.53,397.76,"","","",""
RW5,3710,10/16/2023 13:40,18.66,10362.88,"","","",""
RW5,3711,10/16/2023 13:45,18.66,456.64,"","","",""
RW5,3712,10/16/2023 13:50,18.7,2786.56,"","","",""
RW5,3713,10/16/2023 13:55,18.79,1892.48,"","","",""
RW5,3714,10/16/2023 14:00,18.83,3658.24,"","","",""
RW5,3715,10/16/2023 14:05,19.09,1013.76,"","","",""
RW5,3716,10/16/2023 14:10,18.92,73.22,"","","",""
RW5,3717,10/16/2023 14:15,19.17,8066.56,"","","",""
RW5,3718,10/16/2023 14:20,19.73,7677.44,"","","",""
RW5,3719,10/16/2023 14:25,21.28,23132.16,"","","",""
RW5,3784,10/16/2023 19:50,17.67,0,"","","",""
RW5,3785,10/16/2023 19:55,18.1,0,"","","",""
RW5,3786,10/16/2023 20:00,18.32,0,"","","",""
RW5,3787,10/16/2023 20:05,18.4,0,"","","",""
RW5,3788,10/16/2023 20:10,18.49,0,"","","",""
RW5,3789,10/16/2023 20:15,18.44,0,"","","",""
RW5,3790,10/16/2023 20:20,18.53,0,"","","",""
RW5,3791,10/16/2023 20:25,18.53,0,"","","",""
RW5,3792,10/16/2023 20:30,18.53,0,"","","",""
RW5,3793,10/16/2023 20:35,18.57,0,"","","",""
RW5,3794,10/16/2023 20:40,18.53,0,"","","",""
RW5,3795,10/16/2023 20:45,18.53,0,"","","",""
RW5,3796,10/16/2023 20:50,18.53,0,"","","",""
RW5,3797,10/16/2023 20:55,18.53,0,"","","",""
RW5,3798,10/16/2023 21:00,18.57,0,"","","",""
RW5,3799,10/16/2023 21:05,18.57,0,"","","",""
RW5,3800,10/16/2023 21:10,18.53,0,"","","",""
RW5,3801,10/16/2023 21:15,18.53,0,"","","",""
RW5,3802,10/16/2023 21:20,18.53,0,"","","",""
RW5,3803,10/16/2023 21:25,18.53,0,"","","",""
RW5,3804,10/16/2023 21:30,18.49,0,"","","",""
RW5,3805,10/16/2023 21:35,18.53,0,"","","",""
RW5,3806,10/16/2023 21:40,18.53,0,"","","",""
RW5,3807,10/16/2023 21:45,18.49,0,"","","",""
RW5,3808,10/16/2023 21:50,18.44,0,"","","",""
RW5,3809,10/16/2023 21:55,18.49,0,"","","",""
RW5,3810,10/16/2023 22:00,18.49,0,"","","",""
RW5,3811,10/16/2023 22:05,18.49,0,"","","",""
RW5,3812,10/16/2023 22:10,18.49,0,"","","",""
RW5,3813,10/16/2023 22:15,18.44,0,"","","",""
RW5,3814,10/16/2023 22:20,18.44,0,"","","",""
RW5,3815,10/16/2023 22:25,18.44,0,"","","",""
RW5,3816,10/16/2023 22:30,18.49,0,"","","",""
RW5,3817,10/16/2023 22:35,18.44,0,"","","",""
RW5,3818,10/16/2023 22:40,18.4,0,"","","",""
RW5,3819,10/16/2023 22:45,18.4,0,"","","",""
RW5,3820,10/16/2023 22:50,18.4,0,"","","",""
RW5,3821,10/16/2023 22:55,18.4,0,"","","",""
RW5,3822,10/16/2023 23:00,18.36,0,"","","",""
RW5,3823,10/16/2023 23:05,18.36,0,"","","",""
RW5,3824,10/16/2023 23:10,18.36,0,"","","",""
RW5,3825,10/16/2023 23:15,18.36,0,"","","",""
RW5,3826,10/16/2023 23:20,18.36,0,"","","",""
RW5,3827,10/16/2023 23:25,18.36,0,"","","",""
RW5,3828,10/16/2023 23:30,18.32,0,"","","",""
RW5,3829,10/16/2023 23:35,18.32,0,"","","",""
RW5,3830,10/16/2023 23:40,18.32,0,"","","",""
RW5,3831,10/16/2023 23:45,18.32,0,"","","",""
RW5,3832,10/16/2023 23:50,18.27,0,"","","",""
RW5,3833,10/16/2023 23:55,18.23,0,"","","",""
RW5,3834,10/17/2023 0:00,18.27,0,"","","",""
RW5,3835,10/17/2023 0:05,18.32,0,"","","",""
RW5,3836,10/17/2023 0:10,18.27,0,"","","",""
RW5,3837,10/17/2023 0:15,18.27,0,"","","",""
RW5,3838,10/17/2023 0:20,18.27,0,"","","",""
RW5,3839,10/17/2023 0:25,18.32,0,"","","",""
RW5,3840,10/17/2023 0:30,18.23,0,"","","",""
RW5,3841,10/17/2023 0:35,18.23,0,"","","",""
RW5,3842,10/17/2023 0:40,18.23,0,"","","",""
RW5,3843,10/17/2023 0:45,18.32,0,"","","",""
RW5,3844,10/17/2023 0:50,18.32,0,"","","",""
RW5,3845,10/17/2023 0:55,18.27,0,"","","",""
RW5,3846,10/17/2023 1:00,18.27,0,"","","",""
RW5,3847,10/17/2023 1:05,18.23,0,"","","",""
RW5,3848,10/17/2023 1:10,18.23,0,"","","",""
RW5,3849,10/17/2023 1:15,18.19,0,"","","",""
RW5,3850,10/17/2023 1:20,18.19,0,"","","",""
RW5,3851,10/17/2023 1:25,18.14,0,"","","",""
RW5,3852,10/17/2023 1:30,18.19,0,"","","",""
RW5,3853,10/17/2023 1:35,18.19,0,"","","",""
RW5,3854,10/17/2023 1:40,18.14,0,"","","",""
RW5,3855,10/17/2023 1:45,18.14,0,"","","",""
RW5,3856,10/17/2023 1:50,18.1,0,"","","",""
RW5,3857,10/17/2023 1:55,18.02,0,"","","",""
RW5,3858,10/17/2023 2:00,18.06,0,"","","",""
RW5,3859,10/17/2023 2:05,18.1,0,"","","",""
RW5,3860,10/17/2023 2:10,18.19,0,"","","",""
RW5,3861,10/17/2023 2:15,18.14,0,"","","",""
RW5,3862,10/17/2023 2:20,18.14,0,"","","",""
RW5,3863,10/17/2023 2:25,18.14,0,"","","",""
RW5,3864,10/17/2023 2:30,18.14,0,"","","",""
RW5,3865,10/17/2023 2:35,18.1,0,"","","",""
RW5,3866,10/17/2023 2:40,18.1,0,"","","",""
RW5,3867,10/17/2023 2:45,18.1,0,"","","",""
RW5,3868,10/17/2023 2:50,18.06,0,"","","",""
RW5,3869,10/17/2023 2:55,18.06,0,"","","",""
RW5,3870,10/17/2023 3:00,18.02,0,"","","",""
RW5,3871,10/17/2023 3:05,18.02,0,"","","",""
RW5,3872,10/17/2023 3:10,18.06,0,"","","",""
RW5,3873,10/17/2023 3:15,18.02,0,"","","",""
RW5,3874,10/17/2023 3:20,18.02,0,"","","",""
RW5,3875,10/17/2023 3:25,18.02,0,"","","",""
RW5,3876,10/17/2023 3:30,18.02,0,"","","",""
RW5,3877,10/17/2023 3:35,18.02,0,"","","",""
RW5,3878,10/17/2023 3:40,17.97,0,"","","",""
RW5,3879,10/17/2023 3:45,18.02,0,"","","",""
RW5,3880,10/17/2023 3:50,18.02,0,"","","",""
RW5,3881,10/17/2023 3:55,17.97,0,"","","",""
RW5,3882,10/17/2023 4:00,17.93,0,"","","",""
RW5,3883,10/17/2023 4:05,17.93,0,"","","",""
RW5,3884,10/17/2023 4:10,17.89,0,"","","",""
RW5,3885,10/17/2023 4:15,17.93,0,"","","",""
RW5,3886,10/17/2023 4:20,17.89,0,"","","",""
RW5,3887,10/17/2023 4:25,17.84,0,"","","",""
RW5,3888,10/17/2023 4:30,17.89,0,"","","",""
RW5,3889,10/17/2023 4:35,17.89,0,"","","",""
RW5,3890,10/17/2023 4:40,17.89,0,"","","",""
RW5,3891,10/17/2023 4:45,17.89,0,"","","",""
RW5,3892,10/17/2023 4:50,17.84,0,"","","",""
RW5,3893,10/17/2023 4:55,17.8,0,"","","",""
RW5,3894,10/17/2023 5:00,17.84,0,"","","",""
RW5,3895,10/17/2023 5:05,17.84,0,"","","",""
RW5,3896,10/17/2023 5:10,17.84,0,"","","",""
RW5,3897,10/17/2023 5:15,17.84,0,"","","",""
RW5,3898,10/17/2023 5:20,17.84,0,"","","",""
RW5,3899,10/17/2023 5:25,17.84,0,"","","",""
RW5,3900,10/17/2023 5:30,17.84,0,"","","",""
RW5,3901,10/17/2023 5:35,17.84,0,"","","",""
RW5,3902,10/17/2023 5:40,17.89,0,"","","",""
RW5,3903,10/17/2023 5:45,17.8,0,"","","",""
RW5,3904,10/17/2023 5:50,17.76,0,"","","",""
RW5,3905,10/17/2023 5:55,17.84,0,"","","",""
RW5,3906,10/17/2023 6:00,17.84,0,"","","",""
RW5,3907,10/17/2023 6:05,17.8,0,"","","",""
RW5,3908,10/17/2023 6:10,17.8,0,"","","",""
RW5,3909,10/17/2023 6:15,17.84,0,"","","",""
RW5,3910,10/17/2023 6:20,17.76,0,"","","",""
RW5,3911,10/17/2023 6:25,17.8,0,"","","",""
RW5,3912,10/17/2023 6:30,17.76,0,"","","",""
RW5,3913,10/17/2023 6:35,17.76,0,"","","",""
RW5,3914,10/17/2023 6:40,17.76,0,"","","",""
RW5,3915,10/17/2023 6:45,17.76,0,"","","",""
RW5,3916,10/17/2023 6:50,17.8,0,"","","",""
RW5,3917,10/17/2023 6:55,17.76,9.99,"","","",""
RW5,3918,10/17/2023 7:00,17.76,0,"","","",""
RW5,3919,10/17/2023 7:05,17.76,1.55,"","","",""
RW5,3920,10/17/2023 7:10,17.76,11.99,"","","",""
RW5,3921,10/17/2023 7:15,17.8,0,"","","",""
RW5,3922,10/17/2023 7:20,17.76,3.33,"","","",""
RW5,3923,10/17/2023 7:25,17.76,7.55,"","","",""
RW5,3924,10/17/2023 7:30,17.76,49.94,"","","",""
RW5,3925,10/17/2023 7:35,17.72,3.33,"","","",""
RW5,3926,10/17/2023 7:40,17.76,1.11,"","","",""
RW5,3927,10/17/2023 7:45,17.72,18.46,"","","",""
RW5,3928,10/17/2023 7:50,17.8,3.77,"","","",""
RW5,3929,10/17/2023 7:55,17.76,4.66,"","","",""
RW5,3930,10/17/2023 8:00,17.76,4.66,"","","",""
RW5,3931,10/17/2023 8:05,17.76,3.99,"","","",""
RW5,3932,10/17/2023 8:10,17.8,5.1,"","","",""
RW5,3933,10/17/2023 8:15,17.76,98.12,"","","",""
RW5,3934,10/17/2023 8:20,17.76,4.88,"","","",""
RW5,3935,10/17/2023 8:25,17.76,438.4,"","","",""
RW5,3936,10/17/2023 8:30,17.8,96.32,"","","",""
RW5,3937,10/17/2023 8:35,17.84,9.55,"","","",""
RW5,3938,10/17/2023 8:40,17.84,114.16,"","","",""
RW5,3939,10/17/2023 8:45,17.84,125.72,"","","",""
RW5,3940,10/17/2023 8:50,17.84,4.88,"","","",""
RW5,3941,10/17/2023 8:55,17.84,18.91,"","","",""
RW5,3942,10/17/2023 9:00,17.84,89.68,"","","",""
RW5,3943,10/17/2023 9:05,17.84,5.77,"","","",""
RW5,3944,10/17/2023 9:10,17.84,28.96,"","","",""
RW5,3945,10/17/2023 9:15,17.89,290.96,"","","",""
RW5,3946,10/17/2023 9:20,17.89,17.77,"","","",""
RW5,3947,10/17/2023 9:25,17.89,59.3,"","","",""
RW5,3948,10/17/2023 9:30,17.84,1.99,"","","",""
RW5,3949,10/17/2023 9:35,17.89,0,"","","",""
RW5,3950,10/17/2023 9:40,17.89,0.22,"","","",""
RW5,3951,10/17/2023 9:45,17.89,16.68,"","","",""
RW5,3952,10/17/2023 9:50,17.93,2.66,"","","",""
RW5,3953,10/17/2023 9:55,17.89,92.36,"","","",""
RW5,3954,10/17/2023 10:00,17.93,3.99,"","","",""
RW5,3955,10/17/2023 10:05,17.93,30.29,"","","",""
RW5,3956,10/17/2023 10:10,17.89,25.38,"","","",""
RW5,3957,10/17/2023 10:15,17.93,14.44,"","","",""
RW5,3958,10/17/2023 10:20,17.93,350.88,"","","",""
RW5,3959,10/17/2023 10:25,17.93,6.22,"","","",""
RW5,3960,10/17/2023 10:30,17.97,11.99,"","","",""
RW5,3961,10/17/2023 10:35,17.93,4.22,"","","",""
RW5,3962,10/17/2023 10:40,17.97,43.7,"","","",""
RW5,3963,10/17/2023 10:45,18.06,22.27,"","","",""
RW5,3964,10/17/2023 10:50,18.02,18.93,"","","",""
RW5,3965,10/17/2023 10:55,18.02,23.6,"","","",""
RW5,3966,10/17/2023 11:00,18.06,19.6,"","","",""
RW5,3967,10/17/2023 11:05,17.97,22.71,"","","",""
RW5,3968,10/17/2023 11:10,17.93,7.55,"","","",""
RW5,3969,10/17/2023 11:15,18.02,22.96,"","","",""
RW5,3970,10/17/2023 11:20,18.02,15.77,"","","",""
RW5,3971,10/17/2023 11:25,17.89,33.68,"","","",""
RW5,3972,10/17/2023 11:30,17.93,9.55,"","","",""
RW5,3973,10/17/2023 11:35,17.93,60.08,"","","",""
RW5,3974,10/17/2023 11:40,17.97,5.1,"","","",""
RW5,3975,10/17/2023 11:45,18.02,10.02,"","","",""
RW5,3976,10/17/2023 11:50,18.02,0,"","","",""
RW5,3977,10/17/2023 11:55,18.23,0.22,"","","",""
RW5,3978,10/17/2023 12:00,18.19,6.44,"","","",""
RW5,3979,10/17/2023 12:05,18.23,1.77,"","","",""
RW5,3980,10/17/2023 12:10,18.23,26.13,"","","",""
RW5,3981,10/17/2023 12:15,18.23,168.8,"","","",""
RW5,3982,10/17/2023 12:20,18.19,107.56,"","","",""
RW5,3983,10/17/2023 12:25,18.23,1.55,"","","",""
RW5,3984,10/17/2023 12:30,18.36,0,"","","",""
RW5,3985,10/17/2023 12:35,18.36,11.32,"","","",""
RW5,3986,10/17/2023 12:40,18.4,13.38,"","","",""
RW5,3987,10/17/2023 12:45,18.36,11.13,"","","",""
RW5,3988,10/17/2023 12:50,18.36,4.66,"","","",""
RW5,3989,10/17/2023 12:55,18.36,0.44,"","","",""
RW5,3990,10/17/2023 13:00,18.36,2.44,"","","",""
RW5,3991,10/17/2023 13:05,18.32,607.68,"","","",""
RW5,3992,10/17/2023 13:10,18.36,131.4,"","","",""
RW5,3993,10/17/2023 13:15,18.4,64.34,"","","",""
RW5,3994,10/17/2023 13:20,18.36,495.36,"","","",""
RW5,3995,10/17/2023 13:25,18.4,54.26,"","","",""
RW5,3996,10/17/2023 13:30,18.4,3176.96,"","","",""
RW5,3997,10/17/2023 13:35,18.44,123.96,"","","",""
RW5,3998,10/17/2023 13:40,18.53,51.06,"","","",""
RW5,3999,10/17/2023 13:45,18.49,50.42,"","","",""
RW5,4000,10/17/2023 13:50,18.57,553.6,"","","",""
RW5,4001,10/17/2023 13:55,18.57,2388.48,"","","",""
RW5,4002,10/17/2023 14:00,18.66,346.88,"","","",""
RW5,4003,10/17/2023 14:05,18.62,76.68,"","","",""
RW5,4004,10/17/2023 14:10,18.74,274.8,"","","",""
RW5,4005,10/17/2023 14:15,18.79,78.52,"","","",""
RW5,4006,10/17/2023 14:20,18.87,4399.36,"","","",""
RW5,4007,10/17/2023 14:25,18.92,373.6,"","","",""
RW5,4008,10/17/2023 14:30,18.96,176,"","","",""
RW5,4009,10/17/2023 14:35,19.09,236.24,"","","",""
RW5,4010,10/17/2023 14:40,19.17,4328.96,"","","",""
RW5,4011,10/17/2023 14:45,19.26,1455.36,"","","",""
RW5,4012,10/17/2023 14:50,19.47,294.08,"","","",""
RW5,4013,10/17/2023 14:55,19.73,15805.44,"","","",""
RW5,4014,10/17/2023 15:00,19.73,3468.8,"","","",""
RW5,4015,10/17/2023 15:05,19.73,621.12,"","","",""
RW5,4016,10/17/2023 15:10,19.86,525.6,"","","",""
RW5,4017,10/17/2023 15:15,19.95,631.36,"","","",""
RW5,4082,10/17/2023 20:40,18.62,0,"","","",""
RW5,4083,10/17/2023 20:45,18.92,0,"","","",""
RW5,4084,10/17/2023 20:50,18.87,0,"","","",""
RW5,4085,10/17/2023 20:55,19,0,"","","",""
RW5,4086,10/17/2023 21:00,19.09,0,"","","",""
RW5,4087,10/17/2023 21:05,19.17,0,"","","",""
RW5,4088,10/17/2023 21:10,19.26,0,"","","",""
RW5,4089,10/17/2023 21:15,19.3,0,"","","",""
RW5,4090,10/17/2023 21:20,19.3,0,"","","",""
RW5,4091,10/17/2023 21:25,19.35,0,"","","",""
RW5,4092,10/17/2023 21:30,19.39,0,"","","",""
RW5,4093,10/17/2023 21:35,19.47,0,"","","",""
RW5,4094,10/17/2023 21:40,19.47,0,"","","",""
RW5,4095,10/17/2023 21:45,19.43,0,"","","",""
RW5,4096,10/17/2023 21:50,19.43,0,"","","",""
RW5,4097,10/17/2023 21:55,19.47,0,"","","",""
RW5,4098,10/17/2023 22:00,19.43,0,"","","",""
RW5,4099,10/17/2023 22:05,19.47,0,"","","",""
RW5,4100,10/17/2023 22:10,19.47,0,"","","",""
RW5,4101,10/17/2023 22:15,19.47,0,"","","",""
RW5,4102,10/17/2023 22:20,19.43,0,"","","",""
RW5,4103,10/17/2023 22:25,19.47,0,"","","",""
RW5,4104,10/17/2023 22:30,19.52,0,"","","",""
RW5,4105,10/17/2023 22:35,19.47,0,"","","",""
RW5,4106,10/17/2023 22:40,19.47,0,"","","",""
RW5,4107,10/17/2023 22:45,19.47,0,"","","",""
RW5,4108,10/17/2023 22:50,19.43,0,"","","",""
RW5,4109,10/17/2023 22:55,19.43,0,"","","",""
RW5,4110,10/17/2023 23:00,19.43,0,"","","",""
RW5,4111,10/17/2023 23:05,19.43,0,"","","",""
RW5,4112,10/17/2023 23:10,19.43,0,"","","",""
RW5,4113,10/17/2023 23:15,19.39,0,"","","",""
RW5,4114,10/17/2023 23:20,19.39,0,"","","",""
RW5,4115,10/17/2023 23:25,19.43,0,"","","",""
RW5,4116,10/17/2023 23:30,19.39,0,"","","",""
RW5,4117,10/17/2023 23:35,19.35,0,"","","",""
RW5,4118,10/17/2023 23:40,19.3,0,"","","",""
RW5,4119,10/17/2023 23:45,19.26,0,"","","",""
RW5,4120,10/17/2023 23:50,19.3,0,"","","",""
RW5,4121,10/17/2023 23:55,19.3,0,"","","",""
RW5,4122,10/18/2023 0:00,19.3,0,"","","",""
RW5,4123,10/18/2023 0:05,19.26,0,"","","",""
RW5,4124,10/18/2023 0:10,19.22,0,"","","",""
RW5,4125,10/18/2023 0:15,19.22,0,"","","",""
RW5,4126,10/18/2023 0:20,19.22,0,"","","",""
RW5,4127,10/18/2023 0:25,19.17,0,"","","",""
RW5,4128,10/18/2023 0:30,19.17,0,"","","",""
RW5,4129,10/18/2023 0:35,19.13,0,"","","",""
RW5,4130,10/18/2023 0:40,19.13,0,"","","",""
RW5,4131,10/18/2023 0:45,19.09,0,"","","",""
RW5,4132,10/18/2023 0:50,19.05,0,"","","",""
RW5,4133,10/18/2023 0:55,19,0,"","","",""
RW5,4134,10/18/2023 1:00,19,0,"","","",""
RW5,4135,10/18/2023 1:05,18.96,0,"","","",""
RW5,4136,10/18/2023 1:10,18.92,0,"","","",""
RW5,4137,10/18/2023 1:15,18.87,0,"","","",""
RW5,4138,10/18/2023 1:20,18.79,0,"","","",""
RW5,4139,10/18/2023 1:25,18.66,0,"","","",""
RW5,4140,10/18/2023 1:30,18.62,0,"","","",""
RW5,4141,10/18/2023 1:35,18.57,0,"","","",""
RW5,4142,10/18/2023 1:40,18.53,0,"","","",""
RW5,4143,10/18/2023 1:45,18.49,0,"","","",""
RW5,4144,10/18/2023 1:50,18.44,0,"","","",""
RW5,4145,10/18/2023 1:55,18.44,0,"","","",""
RW5,4146,10/18/2023 2:00,18.36,0,"","","",""
RW5,4147,10/18/2023 2:05,18.27,0,"","","",""
RW5,4148,10/18/2023 2:10,18.23,0,"","","",""
RW5,4149,10/18/2023 2:15,18.23,0,"","","",""
RW5,4150,10/18/2023 2:20,18.19,0,"","","",""
RW5,4151,10/18/2023 2:25,18.14,0,"","","",""
RW5,4152,10/18/2023 2:30,18.06,0,"","","",""
RW5,4153,10/18/2023 2:35,18.02,0,"","","",""
RW5,4154,10/18/2023 2:40,18.02,0,"","","",""
RW5,4155,10/18/2023 2:45,17.93,0,"","","",""
RW5,4156,10/18/2023 2:50,17.93,0,"","","",""
RW5,4157,10/18/2023 2:55,17.89,0,"","","",""
RW5,4158,10/18/2023 3:00,17.84,0,"","","",""
RW5,4159,10/18/2023 3:05,17.84,0,"","","",""
RW5,4160,10/18/2023 3:10,17.84,0,"","","",""
RW5,4161,10/18/2023 3:15,17.89,0,"","","",""
RW5,4162,10/18/2023 3:20,17.8,0,"","","",""
RW5,4163,10/18/2023 3:25,17.8,0,"","","",""
RW5,4164,10/18/2023 3:30,17.84,0,"","","",""
RW5,4165,10/18/2023 3:35,17.8,0,"","","",""
RW5,4166,10/18/2023 3:40,17.8,0,"","","",""
RW5,4167,10/18/2023 3:45,17.8,0,"","","",""
RW5,4168,10/18/2023 3:50,17.8,0,"","","",""
RW5,4169,10/18/2023 3:55,17.76,0,"","","",""
RW5,4170,10/18/2023 4:00,17.76,0,"","","",""
RW5,4171,10/18/2023 4:05,17.76,0,"","","",""
RW5,4172,10/18/2023 4:10,17.72,0,"","","",""
RW5,4173,10/18/2023 4:15,17.76,0,"","","",""
RW5,4174,10/18/2023 4:20,17.76,0,"","","",""
RW5,4175,10/18/2023 4:25,17.76,0,"","","",""
RW5,4176,10/18/2023 4:30,17.72,0,"","","",""
RW5,4177,10/18/2023 4:35,17.72,0,"","","",""
RW5,4178,10/18/2023 4:40,17.76,0,"","","",""
RW5,4179,10/18/2023 4:45,17.72,0,"","","",""
RW5,4180,10/18/2023 4:50,17.76,0,"","","",""
RW5,4181,10/18/2023 4:55,17.72,0,"","","",""
RW5,4182,10/18/2023 5:00,17.76,0,"","","",""
RW5,4183,10/18/2023 5:05,17.72,0,"","","",""
RW5,4184,10/18/2023 5:10,17.76,0,"","","",""
RW5,4185,10/18/2023 5:15,17.72,0,"","","",""
RW5,4186,10/18/2023 5:20,17.76,0,"","","",""
RW5,4187,10/18/2023 5:25,17.76,0,"","","",""
RW5,4188,10/18/2023 5:30,17.8,0,"","","",""
RW5,4189,10/18/2023 5:35,17.76,0,"","","",""
RW5,4190,10/18/2023 5:40,17.76,0,"","","",""
RW5,4191,10/18/2023 5:45,17.76,0,"","","",""
RW5,4192,10/18/2023 5:50,17.76,0,"","","",""
RW5,4193,10/18/2023 5:55,17.76,0,"","","",""
RW5,4194,10/18/2023 6:00,17.72,0,"","","",""
RW5,4195,10/18/2023 6:05,17.8,0,"","","",""
RW5,4196,10/18/2023 6:10,17.76,0,"","","",""
RW5,4197,10/18/2023 6:15,17.8,0,"","","",""
RW5,4198,10/18/2023 6:20,17.76,0,"","","",""
RW5,4199,10/18/2023 6:25,17.8,0,"","","",""
RW5,4200,10/18/2023 6:30,17.8,0,"","","",""
RW5,4201,10/18/2023 6:35,17.84,0,"","","",""
RW5,4202,10/18/2023 6:40,17.84,0,"","","",""
RW5,4203,10/18/2023 6:45,17.8,0.22,"","","",""
RW5,4204,10/18/2023 6:50,17.84,0.44,"","","",""
RW5,4205,10/18/2023 6:55,17.8,0,"","","",""
RW5,4206,10/18/2023 7:00,17.8,5.77,"","","",""
RW5,4207,10/18/2023 7:05,17.8,3.33,"","","",""
RW5,4208,10/18/2023 7:10,17.8,3.77,"","","",""
RW5,4209,10/18/2023 7:15,17.8,16.71,"","","",""
RW5,4210,10/18/2023 7:20,17.76,79.8,"","","",""
RW5,4211,10/18/2023 7:25,17.8,13.55,"","","",""
RW5,4212,10/18/2023 7:30,17.76,27.4,"","","",""
RW5,4213,10/18/2023 7:35,17.8,0.88,"","","",""
RW5,4214,10/18/2023 7:40,17.89,47.72,"","","",""
RW5,4215,10/18/2023 7:45,17.89,5.1,"","","",""
RW5,4216,10/18/2023 7:50,17.8,4.44,"","","",""
RW5,4217,10/18/2023 7:55,17.89,83.4,"","","",""
RW5,4218,10/18/2023 8:00,17.8,9.58,"","","",""
RW5,4219,10/18/2023 8:05,17.89,13.32,"","","",""
RW5,4220,10/18/2023 8:10,17.84,256.24,"","","",""
RW5,4221,10/18/2023 8:15,17.89,402.72,"","","",""
RW5,4222,10/18/2023 8:20,17.89,6.66,"","","",""
RW5,4223,10/18/2023 8:25,17.93,83.84,"","","",""
RW5,4224,10/18/2023 8:30,17.93,395.52,"","","",""
RW5,4225,10/18/2023 8:35,17.93,6.66,"","","",""
RW5,4226,10/18/2023 8:40,17.97,4.66,"","","",""
RW5,4227,10/18/2023 8:45,18.02,144.48,"","","",""
RW5,4228,10/18/2023 8:50,18.06,17.82,"","","",""
RW5,4229,10/18/2023 8:55,18.02,126.72,"","","",""
RW5,4230,10/18/2023 9:00,18.02,108,"","","",""
RW5,4231,10/18/2023 9:05,18.06,2.88,"","","",""
RW5,4232,10/18/2023 9:10,18.02,113.28,"","","",""
RW5,4233,10/18/2023 9:15,18.02,6.66,"","","",""
RW5,4234,10/18/2023 9:20,18.06,15.57,"","","",""
RW5,4235,10/18/2023 9:25,18.06,207.12,"","","",""
RW5,4236,10/18/2023 9:30,18.06,21.41,"","","",""
RW5,4237,10/18/2023 9:35,18.06,1151.36,"","","",""
RW5,4238,10/18/2023 9:40,18.06,14.44,"","","",""
RW5,4239,10/18/2023 9:45,18.1,75.42,"","","",""
RW5,4240,10/18/2023 9:50,18.14,42.14,"","","",""
RW5,4241,10/18/2023 9:55,18.14,18.71,"","","",""
RW5,4242,10/18/2023 10:00,18.19,155.28,"","","",""
RW5,4243,10/18/2023 10:05,18.23,9.33,"","","",""
RW5,4244,10/18/2023 10:10,18.23,681.92,"","","",""
RW5,4245,10/18/2023 10:15,18.19,33.65,"","","",""
RW5,4246,10/18/2023 10:20,18.19,28.71,"","","",""
RW5,4247,10/18/2023 10:25,18.27,53.76,"","","",""
RW5,4248,10/18/2023 10:30,18.23,0.22,"","","",""
RW5,4249,10/18/2023 10:35,18.23,92.36,"","","",""
RW5,4250,10/18/2023 10:40,18.19,8.66,"","","",""
RW5,4251,10/18/2023 10:45,18.19,0.66,"","","",""
RW5,4252,10/18/2023 10:50,18.23,53.56,"","","",""
RW5,4253,10/18/2023 10:55,18.27,42.62,"","","",""
RW5,4254,10/18/2023 11:00,18.32,0,"","","",""
RW5,4255,10/18/2023 11:05,18.32,57.78,"","","",""
RW5,4256,10/18/2023 11:10,18.32,2.22,"","","",""
RW5,4257,10/18/2023 11:15,18.36,16.27,"","","",""
RW5,4258,10/18/2023 11:20,18.36,12.94,"","","",""
RW5,4259,10/18/2023 11:25,18.4,711.68,"","","",""
RW5,4260,10/18/2023 11:30,18.44,37.71,"","","",""
RW5,4261,10/18/2023 11:35,18.49,35.68,"","","",""
RW5,4262,10/18/2023 11:40,18.4,155.48,"","","",""
RW5,4263,10/18/2023 11:45,18.49,60.92,"","","",""
RW5,4264,10/18/2023 11:50,18.53,74.52,"","","",""
RW5,4265,10/18/2023 11:55,18.57,30.79,"","","",""
RW5,4266,10/18/2023 12:00,18.62,318.08,"","","",""
RW5,4267,10/18/2023 12:05,18.62,1.33,"","","",""
RW5,4268,10/18/2023 12:10,18.62,7.33,"","","",""
RW5,4269,10/18/2023 12:15,18.57,27.65,"","","",""
RW5,4270,10/18/2023 12:20,18.57,14.91,"","","",""
RW5,4271,10/18/2023 12:25,18.62,48.22,"","","",""
RW5,4272,10/18/2023 12:30,18.53,1.33,"","","",""
RW5,4273,10/18/2023 12:35,18.53,20.93,"","","",""
RW5,4274,10/18/2023 12:40,18.53,167.92,"","","",""
RW5,4275,10/18/2023 12:45,18.53,21.85,"","","",""
RW5,4276,10/18/2023 12:50,18.53,31.24,"","","",""
RW5,4277,10/18/2023 12:55,18.49,83.4,"","","",""
RW5,4278,10/18/2023 13:00,18.49,20.82,"","","",""
RW5,4279,10/18/2023 13:05,18.49,51.76,"","","",""
RW5,4280,10/18/2023 13:10,18.53,35.73,"","","",""
RW5,4281,10/18/2023 13:15,18.53,28.15,"","","",""
RW5,4282,10/18/2023 13:20,18.49,4.22,"","","",""
RW5,4283,10/18/2023 13:25,18.53,949.76,"","","",""
RW5,4284,10/18/2023 13:30,18.49,301.84,"","","",""
RW5,4285,10/18/2023 13:35,18.49,5.1,"","","",""
RW5,4286,10/18/2023 13:40,18.53,124.4,"","","",""
RW5,4287,10/18/2023 13:45,18.53,125.28,"","","",""
RW5,4288,10/18/2023 13:50,18.62,1186.88,"","","",""
RW5,4289,10/18/2023 13:55,18.66,1287.36,"","","",""
RW5,4290,10/18/2023 14:00,18.83,38.07,"","","",""
RW5,4291,10/18/2023 14:05,18.83,275.68,"","","",""
RW5,4292,10/18/2023 14:10,18.92,45.28,"","","",""
RW5,4293,10/18/2023 14:15,19,182.24,"","","",""
RW5,4294,10/18/2023 14:20,18.96,852.8,"","","",""
RW5,4295,10/18/2023 14:25,18.96,125.2,"","","",""
RW5,4296,10/18/2023 14:30,19.09,144.88,"","","",""
RW5,4297,10/18/2023 14:35,19.13,852.48,"","","",""
RW5,4298,10/18/2023 14:40,19.22,1795.84,"","","",""
RW5,4299,10/18/2023 14:45,19.22,666.88,"","","",""
RW5,4300,10/18/2023 14:50,19.3,78.16,"","","",""
RW5,4301,10/18/2023 14:55,19.3,84.56,"","","",""
RW5,4302,10/18/2023 15:00,19.39,128,"","","",""
RW5,4303,10/18/2023 15:05,19.43,3912.96,"","","",""
RW5,4304,10/18/2023 15:10,19.52,109.8,"","","",""
RW5,4305,10/18/2023 15:15,19.52,1569.28,"","","",""
RW5,4306,10/18/2023 15:20,19.52,115.16,"","","",""
RW5,4307,10/18/2023 15:25,19.56,2235.52,"","","",""
RW5,4308,10/18/2023 15:30,19.52,580.64,"","","",""
RW5,4309,10/18/2023 15:35,19.65,3777.28,"","","",""
RW5,4310,10/18/2023 15:40,19.6,326.72,"","","",""
RW5,4311,10/18/2023 15:45,19.73,712.96,"","","",""
RW5,4312,10/18/2023 15:50,19.73,826.24,"","","",""
RW5,4313,10/18/2023 15:55,19.73,594.4,"","","",""
RW5,4314,10/18/2023 16:00,19.65,104.44,"","","",""
RW5,4385,10/18/2023 21:55,18.74,0,"","","",""
RW5,4386,10/18/2023 22:00,18.7,0,"","","",""
RW5,4387,10/18/2023 22:05,18.74,0,"","","",""
RW5,4388,10/18/2023 22:10,18.74,0,"","","",""
RW5,4389,10/18/2023 22:15,18.74,0,"","","",""
RW5,4390,10/18/2023 22:20,18.83,0,"","","",""
RW5,4391,10/18/2023 22:25,18.79,0,"","","",""
RW5,4392,10/18/2023 22:30,18.83,0,"","","",""
RW5,4393,10/18/2023 22:35,18.87,0,"","","",""
RW5,4394,10/18/2023 22:40,18.83,0,"","","",""
RW5,4395,10/18/2023 22:45,18.92,0,"","","",""
RW5,4396,10/18/2023 22:50,18.92,0,"","","",""
RW5,4397,10/18/2023 22:55,18.92,0,"","","",""
RW5,4398,10/18/2023 23:00,18.92,0,"","","",""
RW5,4399,10/18/2023 23:05,18.83,0,"","","",""
RW5,4400,10/18/2023 23:10,18.92,0,"","","",""
RW5,4401,10/18/2023 23:15,18.92,0,"","","",""
RW5,4402,10/18/2023 23:20,18.92,0,"","","",""
RW5,4403,10/18/2023 23:25,18.92,0,"","","",""
RW5,4404,10/18/2023 23:30,18.87,0,"","","",""
RW5,4405,10/18/2023 23:35,18.79,0,"","","",""
RW5,4406,10/18/2023 23:40,18.79,0,"","","",""
RW5,4407,10/18/2023 23:45,18.83,0,"","","",""
RW5,4408,10/18/2023 23:50,18.79,0,"","","",""
RW5,4409,10/18/2023 23:55,18.79,0,"","","",""
RW5,4410,10/19/2023 0:00,18.79,0,"","","",""
RW5,4411,10/19/2023 0:05,18.74,0,"","","",""
RW5,4412,10/19/2023 0:10,18.7,0,"","","",""
RW5,4413,10/19/2023 0:15,18.7,0,"","","",""
RW5,4414,10/19/2023 0:20,18.7,0,"","","",""
RW5,4415,10/19/2023 0:25,18.66,0,"","","",""
RW5,4416,10/19/2023 0:30,18.7,0,"","","",""
RW5,4417,10/19/2023 0:35,18.66,0,"","","",""
RW5,4418,10/19/2023 0:40,18.66,0,"","","",""
RW5,4419,10/19/2023 0:45,18.62,0,"","","",""
RW5,4420,10/19/2023 0:50,18.53,0,"","","",""
RW5,4421,10/19/2023 0:55,18.57,0,"","","",""
RW5,4422,10/19/2023 1:00,18.49,0,"","","",""
RW5,4423,10/19/2023 1:05,18.49,0,"","","",""
RW5,4424,10/19/2023 1:10,18.4,0,"","","",""
RW5,4425,10/19/2023 1:15,18.36,0,"","","",""
RW5,4426,10/19/2023 1:20,18.36,0,"","","",""
RW5,4427,10/19/2023 1:25,18.32,0,"","","",""
RW5,4428,10/19/2023 1:30,18.27,0,"","","",""
RW5,4429,10/19/2023 1:35,18.19,0,"","","",""
RW5,4430,10/19/2023 1:40,17.97,0,"","","",""
RW5,4431,10/19/2023 1:45,17.89,0,"","","",""
RW5,4432,10/19/2023 1:50,17.8,0,"","","",""
RW5,4433,10/19/2023 1:55,17.76,0,"","","",""
RW5,4434,10/19/2023 2:00,17.72,0,"","","",""
RW5,4435,10/19/2023 2:05,17.63,0,"","","",""
RW5,4436,10/19/2023 2:10,17.54,0,"","","",""
RW5,4437,10/19/2023 2:15,17.54,0,"","","",""
RW5,4438,10/19/2023 2:20,17.54,0,"","","",""
RW5,4439,10/19/2023 2:25,17.54,0,"","","",""
RW5,4440,10/19/2023 2:30,17.54,0,"","","",""
RW5,4441,10/19/2023 2:35,17.5,0,"","","",""
RW5,4442,10/19/2023 2:40,17.41,0,"","","",""
RW5,4443,10/19/2023 2:45,17.37,0,"","","",""
RW5,4444,10/19/2023 2:50,17.33,0,"","","",""
RW5,4445,10/19/2023 2:55,17.33,0,"","","",""
RW5,4446,10/19/2023 3:00,17.33,0,"","","",""
RW5,4447,10/19/2023 3:05,17.2,0,"","","",""
RW5,4448,10/19/2023 3:10,17.2,0,"","","",""
RW5,4449,10/19/2023 3:15,17.16,0,"","","",""
RW5,4450,10/19/2023 3:20,17.16,0,"","","",""
RW5,4451,10/19/2023 3:25,17.03,0,"","","",""
RW5,4452,10/19/2023 3:30,16.99,0,"","","",""
RW5,4453,10/19/2023 3:35,16.99,0,"","","",""
RW5,4454,10/19/2023 3:40,16.94,0,"","","",""
RW5,4455,10/19/2023 3:45,16.94,0,"","","",""
RW5,4456,10/19/2023 3:50,16.94,0,"","","",""
RW5,4457,10/19/2023 3:55,16.86,0,"","","",""
RW5,4458,10/19/2023 4:00,16.81,0,"","","",""
RW5,4459,10/19/2023 4:05,16.86,0,"","","",""
RW5,4460,10/19/2023 4:10,16.86,0,"","","",""
RW5,4461,10/19/2023 4:15,16.81,0,"","","",""
RW5,4462,10/19/2023 4:20,16.86,0,"","","",""
RW5,4463,10/19/2023 4:25,16.86,0,"","","",""
RW5,4464,10/19/2023 4:30,16.81,0,"","","",""
RW5,4465,10/19/2023 4:35,16.81,0,"","","",""
RW5,4466,10/19/2023 4:40,16.86,0,"","","",""
RW5,4467,10/19/2023 4:45,16.77,0,"","","",""
RW5,4468,10/19/2023 4:50,16.81,0,"","","",""
RW5,4469,10/19/2023 4:55,16.81,0,"","","",""
RW5,4470,10/19/2023 5:00,16.86,0,"","","",""
RW5,4471,10/19/2023 5:05,16.86,0,"","","",""
RW5,4472,10/19/2023 5:10,16.9,0,"","","",""
RW5,4473,10/19/2023 5:15,16.9,0,"","","",""
RW5,4474,10/19/2023 5:20,16.86,0,"","","",""
RW5,4475,10/19/2023 5:25,16.81,0,"","","",""
RW5,4476,10/19/2023 5:30,16.9,0,"","","",""
RW5,4477,10/19/2023 5:35,16.9,0,"","","",""
RW5,4478,10/19/2023 5:40,16.9,0,"","","",""
RW5,4479,10/19/2023 5:45,16.9,0,"","","",""
RW5,4480,10/19/2023 5:50,16.9,0,"","","",""
RW5,4481,10/19/2023 5:55,16.86,0,"","","",""
RW5,4482,10/19/2023 6:00,16.9,0,"","","",""
RW5,4483,10/19/2023 6:05,16.9,0,"","","",""
RW5,4484,10/19/2023 6:10,16.9,0,"","","",""
RW5,4485,10/19/2023 6:15,16.94,0,"","","",""
RW5,4486,10/19/2023 6:20,16.99,0,"","","",""
RW5,4487,10/19/2023 6:25,16.94,0,"","","",""
RW5,4488,10/19/2023 6:30,16.99,0,"","","",""
RW5,4489,10/19/2023 6:35,17.07,0,"","","",""
RW5,4490,10/19/2023 6:40,17.07,0,"","","",""
RW5,4491,10/19/2023 6:45,17.07,0,"","","",""
RW5,4492,10/19/2023 6:50,17.11,0,"","","",""
RW5,4493,10/19/2023 6:55,17.11,0,"","","",""
RW5,4494,10/19/2023 7:00,17.11,1.77,"","","",""
RW5,4495,10/19/2023 7:05,17.16,0.44,"","","",""
RW5,4496,10/19/2023 7:10,17.16,39.93,"","","",""
RW5,4497,10/19/2023 7:15,17.16,13.35,"","","",""
RW5,4498,10/19/2023 7:20,17.2,19.16,"","","",""
RW5,4499,10/19/2023 7:25,17.29,381.44,"","","",""
RW5,4500,10/19/2023 7:30,17.29,23.18,"","","",""
RW5,4501,10/19/2023 7:35,17.29,0,"","","",""
RW5,4502,10/19/2023 7:40,17.29,25.85,"","","",""
RW5,4503,10/19/2023 7:45,17.33,157.16,"","","",""
RW5,4504,10/19/2023 7:50,17.33,15.57,"","","",""
RW5,4505,10/19/2023 7:55,17.29,23.4,"","","",""
RW5,4506,10/19/2023 8:00,17.29,10.88,"","","",""
RW5,4507,10/19/2023 8:05,17.37,44.22,"","","",""
RW5,4508,10/19/2023 8:10,17.41,36.18,"","","",""
RW5,4509,10/19/2023 8:15,17.41,14.27,"","","",""
RW5,4510,10/19/2023 8:20,17.46,26.04,"","","",""
RW5,4511,10/19/2023 8:25,17.54,1296.32,"","","",""
RW5,4512,10/19/2023 8:30,17.54,169.44,"","","",""
RW5,4513,10/19/2023 8:35,17.54,14.27,"","","",""
RW5,4514,10/19/2023 8:40,17.54,140.28,"","","",""
RW5,4515,10/19/2023 8:45,17.63,329.44,"","","",""
RW5,4516,10/19/2023 8:50,17.67,22.27,"","","",""
RW5,4517,10/19/2023 8:55,17.67,84.72,"","","",""
RW5,4518,10/19/2023 9:00,17.72,26.85,"","","",""
RW5,4519,10/19/2023 9:05,17.76,1284.8,"","","",""
RW5,4520,10/19/2023 9:10,17.76,166.16,"","","",""
RW5,4521,10/19/2023 9:15,17.76,33.4,"","","",""
RW5,4522,10/19/2023 9:20,17.8,91.6,"","","",""
RW5,4523,10/19/2023 9:25,17.8,9.99,"","","",""
RW5,4524,10/19/2023 9:30,17.8,0,"","","",""
RW5,4525,10/19/2023 9:35,17.72,30.57,"","","",""
RW5,4526,10/19/2023 9:40,17.8,11.32,"","","",""
RW5,4527,10/19/2023 9:45,17.93,64.94,"","","",""
RW5,4528,10/19/2023 9:50,17.93,814.4,"","","",""
RW5,4529,10/19/2023 9:55,17.89,187.44,"","","",""
RW5,4530,10/19/2023 10:00,17.84,203.6,"","","",""
RW5,4531,10/19/2023 10:05,17.8,60.98,"","","",""
RW5,4532,10/19/2023 10:10,17.8,78.58,"","","",""
RW5,4533,10/19/2023 10:15,17.89,136.48,"","","",""
RW5,4534,10/19/2023 10:20,17.89,9.8,"","","",""
RW5,4535,10/19/2023 10:25,17.84,300.72,"","","",""
RW5,4536,10/19/2023 10:30,17.93,36.57,"","","",""
RW5,4537,10/19/2023 10:35,17.84,365.28,"","","",""
RW5,4538,10/19/2023 10:40,17.93,236.56,"","","",""
RW5,4539,10/19/2023 10:45,17.97,16.43,"","","",""
RW5,4540,10/19/2023 10:50,18.06,0.88,"","","",""
RW5,4541,10/19/2023 10:55,18.06,1.99,"","","",""
RW5,4542,10/19/2023 11:00,18.06,226,"","","",""
RW5,4543,10/19/2023 11:05,18.02,43.44,"","","",""
RW5,4544,10/19/2023 11:10,18.06,1.33,"","","",""
RW5,4545,10/19/2023 11:15,18.1,95,"","","",""
RW5,4546,10/19/2023 11:20,18.1,27.07,"","","",""
RW5,4547,10/19/2023 11:25,18.14,400.32,"","","",""
RW5,4548,10/19/2023 11:30,18.19,60.88,"","","",""
RW5,4549,10/19/2023 11:35,18.19,118.72,"","","",""
RW5,4550,10/19/2023 11:40,18.27,188.32,"","","",""
RW5,4551,10/19/2023 11:45,18.32,251.76,"","","",""
RW5,4552,10/19/2023 11:50,18.32,70.52,"","","",""
RW5,4553,10/19/2023 11:55,18.36,27.04,"","","",""
RW5,4554,10/19/2023 12:00,18.36,188.48,"","","",""
RW5,4555,10/19/2023 12:05,18.27,121.12,"","","",""
RW5,4556,10/19/2023 12:10,18.32,276.8,"","","",""
RW5,4557,10/19/2023 12:15,18.36,10.66,"","","",""
RW5,4558,10/19/2023 12:20,18.36,6.88,"","","",""
RW5,4559,10/19/2023 12:25,18.4,1172.8,"","","",""
RW5,4560,10/19/2023 12:30,18.4,3.55,"","","",""
RW5,4561,10/19/2023 12:35,18.4,500.16,"","","",""
RW5,4562,10/19/2023 12:40,18.36,180.24,"","","",""
RW5,4563,10/19/2023 12:45,18.4,246.48,"","","",""
RW5,4564,10/19/2023 12:50,18.36,108.04,"","","",""
RW5,4565,10/19/2023 12:55,18.44,301.84,"","","",""
RW5,4566,10/19/2023 13:00,18.44,111.56,"","","",""
RW5,4567,10/19/2023 13:05,18.44,134.72,"","","",""
RW5,4568,10/19/2023 13:10,18.49,27.93,"","","",""
RW5,4569,10/19/2023 13:15,18.49,23.38,"","","",""
RW5,4570,10/19/2023 13:20,18.49,45.78,"","","",""
RW5,4571,10/19/2023 13:25,18.49,296.56,"","","",""
RW5,4572,10/19/2023 13:30,18.44,13.6,"","","",""
RW5,4573,10/19/2023 13:35,18.49,34.76,"","","",""
RW5,4574,10/19/2023 13:40,18.53,135.6,"","","",""
RW5,4575,10/19/2023 13:45,18.53,28.07,"","","",""
RW5,4576,10/19/2023 13:50,18.49,143.6,"","","",""
RW5,4577,10/19/2023 13:55,18.49,145.72,"","","",""
RW5,4578,10/19/2023 14:00,18.53,1.11,"","","",""
RW5,4579,10/19/2023 14:05,18.53,937.28,"","","",""
RW5,4580,10/19/2023 14:10,18.57,140.72,"","","",""
RW5,4581,10/19/2023 14:15,18.57,19.6,"","","",""
RW5,4582,10/19/2023 14:20,18.62,136.6,"","","",""
RW5,4583,10/19/2023 14:25,18.74,403.84,"","","",""
RW5,4584,10/19/2023 14:30,18.74,511.84,"","","",""
RW5,4585,10/19/2023 14:35,18.79,351.2,"","","",""
RW5,4586,10/19/2023 14:40,18.83,1924.48,"","","",""
RW5,4587,10/19/2023 14:45,18.79,4669.44,"","","",""
RW5,4588,10/19/2023 14:50,18.79,73.3,"","","",""
RW5,4589,10/19/2023 14:55,18.79,1243.84,"","","",""
RW5,4590,10/19/2023 15:00,18.87,1903.36,"","","",""
RW5,4591,10/19/2023 15:05,18.92,387.84,"","","",""
RW5,4592,10/19/2023 15:10,18.92,1287.36,"","","",""
RW5,4593,10/19/2023 15:15,18.92,944.32,"","","",""
RW5,4594,10/19/2023 15:20,18.92,3358.72,"","","",""
RW5,4595,10/19/2023 15:25,19,20.52,"","","",""
RW5,4596,10/19/2023 15:30,18.96,1728,"","","",""
RW5,4597,10/19/2023 15:35,19,1281.28,"","","",""
RW5,4598,10/19/2023 15:40,19.05,1872.64,"","","",""
RW5,4599,10/19/2023 15:45,19.05,1233.28,"","","",""
RW5,4600,10/19/2023 15:50,18.96,174.88,"","","",""
RW5,4601,10/19/2023 15:55,19.05,92.68,"","","",""
RW5,4602,10/19/2023 16:00,19.09,635.68,"","","",""
RW5,4603,10/19/2023 16:05,19.09,129,"","","",""
RW5,4604,10/19/2023 16:10,19.09,423.2,"","","",""
RW5,4605,10/19/2023 16:15,19.13,1649.92,"","","",""
RW5,4606,10/19/2023 16:20,19.17,292.88,"","","",""
RW5,4607,10/19/2023 16:25,19.13,126.48,"","","",""
RW5,4608,10/19/2023 16:30,19.13,136.76,"","","",""
RW5,4609,10/19/2023 16:35,19.13,6.3,"","","",""
RW5,4610,10/19/2023 16:40,19.22,548.16,"","","",""
RW5,4611,10/19/2023 16:45,19.22,553.12,"","","",""
RW5,4612,10/19/2023 16:50,19.09,226.48,"","","",""
RW5,4613,10/19/2023 16:55,19.13,560.16,"","","",""
RW5,4614,10/19/2023 17:00,19.13,822.4,"","","",""
RW5,4688,10/19/2023 23:10,17.8,0,"","","",""
RW5,4689,10/19/2023 23:15,17.76,0,"","","",""
RW5,4690,10/19/2023 23:20,17.67,0,"","","",""
RW5,4691,10/19/2023 23:25,17.63,0,"","","",""
RW5,4692,10/19/2023 23:30,17.54,0,"","","",""
RW5,4693,10/19/2023 23:35,17.5,0,"","","",""
RW5,4694,10/19/2023 23:40,17.46,0,"","","",""
RW5,4695,10/19/2023 23:45,17.41,0,"","","",""
RW5,4696,10/19/2023 23:50,17.37,0,"","","",""
RW5,4697,10/19/2023 23:55,17.33,0,"","","",""
RW5,4698,10/20/2023 0:00,17.33,0,"","","",""
RW5,4699,10/20/2023 0:05,17.24,0,"","","",""
RW5,4700,10/20/2023 0:10,17.24,0,"","","",""
RW5,4701,10/20/2023 0:15,17.2,0,"","","",""
RW5,4702,10/20/2023 0:20,17.2,0,"","","",""
RW5,4703,10/20/2023 0:25,17.11,0,"","","",""
RW5,4704,10/20/2023 0:30,17.03,0,"","","",""
RW5,4705,10/20/2023 0:35,16.99,0,"","","",""
RW5,4706,10/20/2023 0:40,16.99,0,"","","",""
RW5,4707,10/20/2023 0:45,17.03,0,"","","",""
RW5,4708,10/20/2023 0:50,17.03,0,"","","",""
RW5,4709,10/20/2023 0:55,17.07,0,"","","",""
RW5,4710,10/20/2023 1:00,17.03,0,"","","",""
RW5,4711,10/20/2023 1:05,16.99,0,"","","",""
RW5,4712,10/20/2023 1:10,16.94,0,"","","",""
RW5,4713,10/20/2023 1:15,16.94,0,"","","",""
RW5,4714,10/20/2023 1:20,16.94,0,"","","",""
RW5,4715,10/20/2023 1:25,16.9,0,"","","",""
RW5,4716,10/20/2023 1:30,16.99,0,"","","",""
RW5,4717,10/20/2023 1:35,16.99,0,"","","",""
RW5,4718,10/20/2023 1:40,16.99,0,"","","",""
RW5,4719,10/20/2023 1:45,16.94,0,"","","",""
RW5,4720,10/20/2023 1:50,16.9,0,"","","",""
RW5,4721,10/20/2023 1:55,16.94,0,"","","",""
RW5,4722,10/20/2023 2:00,16.9,0,"","","",""
RW5,4723,10/20/2023 2:05,16.81,0,"","","",""
RW5,4724,10/20/2023 2:10,16.86,0,"","","",""
RW5,4725,10/20/2023 2:15,16.81,0,"","","",""
RW5,4726,10/20/2023 2:20,16.81,0,"","","",""
RW5,4727,10/20/2023 2:25,16.81,0,"","","",""
RW5,4728,10/20/2023 2:30,16.86,0,"","","",""
RW5,4729,10/20/2023 2:35,16.81,0,"","","",""
RW5,4730,10/20/2023 2:40,16.86,0,"","","",""
RW5,4731,10/20/2023 2:45,16.77,0,"","","",""
RW5,4732,10/20/2023 2:50,16.77,0,"","","",""
RW5,4733,10/20/2023 2:55,16.69,0,"","","",""
RW5,4734,10/20/2023 3:00,16.69,0,"","","",""
RW5,4735,10/20/2023 3:05,16.6,0,"","","",""
RW5,4736,10/20/2023 3:10,16.56,0,"","","",""
RW5,4737,10/20/2023 3:15,16.6,0,"","","",""
RW5,4738,10/20/2023 3:20,16.6,0,"","","",""
RW5,4739,10/20/2023 3:25,16.6,0,"","","",""
RW5,4740,10/20/2023 3:30,16.6,0,"","","",""
RW5,4741,10/20/2023 3:35,16.64,0,"","","",""
RW5,4742,10/20/2023 3:40,16.64,0,"","","",""
RW5,4743,10/20/2023 3:45,16.64,0,"","","",""
RW5,4744,10/20/2023 3:50,16.6,0,"","","",""
RW5,4745,10/20/2023 3:55,16.6,0,"","","",""
RW5,4746,10/20/2023 4:00,16.56,0,"","","",""
RW5,4747,10/20/2023 4:05,16.6,0,"","","",""
RW5,4748,10/20/2023 4:10,16.6,0,"","","",""
RW5,4749,10/20/2023 4:15,16.51,0,"","","",""
RW5,4750,10/20/2023 4:20,16.47,0,"","","",""
RW5,4751,10/20/2023 4:25,16.47,0,"","","",""
RW5,4752,10/20/2023 4:30,16.47,0,"","","",""
RW5,4753,10/20/2023 4:35,16.51,0,"","","",""
RW5,4754,10/20/2023 4:40,16.51,0,"","","",""
RW5,4755,10/20/2023 4:45,16.51,0,"","","",""
RW5,4756,10/20/2023 4:50,16.51,0,"","","",""
RW5,4757,10/20/2023 4:55,16.43,0,"","","",""
RW5,4758,10/20/2023 5:00,16.47,0,"","","",""
RW5,4759,10/20/2023 5:05,16.47,0,"","","",""
RW5,4760,10/20/2023 5:10,16.43,0,"","","",""
RW5,4761,10/20/2023 5:15,16.47,0,"","","",""
RW5,4762,10/20/2023 5:20,16.47,0,"","","",""
RW5,4763,10/20/2023 5:25,16.51,0,"","","",""
RW5,4764,10/20/2023 5:30,16.51,0,"","","",""
RW5,4765,10/20/2023 5:35,16.47,0,"","","",""
RW5,4766,10/20/2023 5:40,16.47,0,"","","",""
RW5,4767,10/20/2023 5:45,16.47,0,"","","",""
RW5,4768,10/20/2023 5:50,16.51,0,"","","",""
RW5,4769,10/20/2023 5:55,16.47,0,"","","",""
RW5,4770,10/20/2023 6:00,16.47,0,"","","",""
RW5,4771,10/20/2023 6:05,16.51,0,"","","",""
RW5,4772,10/20/2023 6:10,16.56,0,"","","",""
RW5,4773,10/20/2023 6:15,16.56,0,"","","",""
RW5,4774,10/20/2023 6:20,16.6,0,"","","",""
RW5,4775,10/20/2023 6:25,16.69,0,"","","",""
RW5,4776,10/20/2023 6:30,16.73,0,"","","",""
RW5,4777,10/20/2023 6:35,16.73,0,"","","",""
RW5,4778,10/20/2023 6:40,16.77,0.22,"","","",""
RW5,4779,10/20/2023 6:45,16.77,0.22,"","","",""
RW5,4780,10/20/2023 6:50,16.81,1.99,"","","",""
RW5,4781,10/20/2023 6:55,16.9,4.66,"","","",""
RW5,4782,10/20/2023 7:00,16.9,18.93,"","","",""
RW5,4783,10/20/2023 7:05,16.9,0.88,"","","",""
RW5,4784,10/20/2023 7:10,16.94,28.07,"","","",""
RW5,4785,10/20/2023 7:15,17.03,31.65,"","","",""
RW5,4786,10/20/2023 7:20,17.03,6.66,"","","",""
RW5,4787,10/20/2023 7:25,16.99,33.04,"","","",""
RW5,4788,10/20/2023 7:30,17.03,12.66,"","","",""
RW5,4789,10/20/2023 7:35,17.07,25.24,"","","",""
RW5,4790,10/20/2023 7:40,17.11,24.1,"","","",""
RW5,4791,10/20/2023 7:45,17.07,492.16,"","","",""
RW5,4792,10/20/2023 7:50,17.11,66.08,"","","",""
RW5,4793,10/20/2023 7:55,17.07,59.66,"","","",""
RW5,4794,10/20/2023 8:00,17.11,924.8,"","","",""
RW5,4795,10/20/2023 8:05,17.16,79.42,"","","",""
RW5,4796,10/20/2023 8:10,17.16,28.13,"","","",""
RW5,4797,10/20/2023 8:15,17.2,760,"","","",""
RW5,4798,10/20/2023 8:20,17.2,327.68,"","","",""
RW5,4799,10/20/2023 8:25,17.2,79.58,"","","",""
RW5,4800,10/20/2023 8:30,17.24,1942.4,"","","",""
RW5,4801,10/20/2023 8:35,17.16,238.32,"","","",""
RW5,4802,10/20/2023 8:40,17.24,34.9,"","","",""
RW5,4803,10/20/2023 8:45,17.24,82.12,"","","",""
RW5,4804,10/20/2023 8:50,17.24,941.76,"","","",""
RW5,4805,10/20/2023 8:55,17.29,3905.28,"","","",""
RW5,4806,10/20/2023 9:00,17.29,168,"","","",""
RW5,4807,10/20/2023 9:05,17.33,254.4,"","","",""
RW5,4808,10/20/2023 9:10,17.37,751.68,"","","",""
RW5,4809,10/20/2023 9:15,17.33,1281.28,"","","",""
RW5,4810,10/20/2023 9:20,17.46,1027.84,"","","",""
RW5,4811,10/20/2023 9:25,17.46,114.76,"","","",""
RW5,4812,10/20/2023 9:30,17.41,66.52,"","","",""
RW5,4813,10/20/2023 9:35,17.46,59.12,"","","",""
RW5,4814,10/20/2023 9:40,17.5,3704.32,"","","",""
RW5,4815,10/20/2023 9:45,17.46,254,"","","",""
RW5,4816,10/20/2023 9:50,17.54,161.8,"","","",""
RW5,4817,10/20/2023 9:55,17.54,57.48,"","","",""
RW5,4818,10/20/2023 10:00,17.59,293.2,"","","",""
RW5,4819,10/20/2023 10:05,17.59,0.44,"","","",""
RW5,4820,10/20/2023 10:10,17.63,24.74,"","","",""
RW5,4821,10/20/2023 10:15,17.59,295.52,"","","",""
RW5,4822,10/20/2023 10:20,17.63,505.12,"","","",""
RW5,4823,10/20/2023 10:25,17.59,90.08,"","","",""
RW5,4824,10/20/2023 10:30,17.72,271.52,"","","",""
RW5,4825,10/20/2023 10:35,17.8,104.52,"","","",""
RW5,4826,10/20/2023 10:40,17.72,318.72,"","","",""
RW5,4827,10/20/2023 10:45,17.76,1410.56,"","","",""
RW5,4828,10/20/2023 10:50,17.89,449.12,"","","",""
RW5,4829,10/20/2023 10:55,17.89,666.24,"","","",""
RW5,4830,10/20/2023 11:00,17.8,21.63,"","","",""
RW5,4831,10/20/2023 11:05,17.8,119.6,"","","",""
RW5,4832,10/20/2023 11:10,17.93,291.76,"","","",""
RW5,4833,10/20/2023 11:15,17.93,1021.76,"","","",""
RW5,4834,10/20/2023 11:20,17.97,196.24,"","","",""
RW5,4835,10/20/2023 11:25,17.97,538.4,"","","",""
RW5,4836,10/20/2023 11:30,17.97,766.4,"","","",""
RW5,4837,10/20/2023 11:35,17.93,74.46,"","","",""
RW5,4838,10/20/2023 11:40,17.97,234.8,"","","",""
RW5,4839,10/20/2023 11:45,18.02,304.4,"","","",""
RW5,4840,10/20/2023 11:50,18.02,0.22,"","","",""
RW5,4841,10/20/2023 11:55,17.97,85.44,"","","",""
RW5,4842,10/20/2023 12:00,18.02,641.92,"","","",""
RW5,4843,10/20/2023 12:05,17.97,222.24,"","","",""
RW5,4844,10/20/2023 12:10,17.97,13.1,"","","",""
RW5,4845,10/20/2023 12:15,18.02,692.16,"","","",""
RW5,4846,10/20/2023 12:20,18.02,290.96,"","","",""
RW5,4847,10/20/2023 12:25,18.02,152.72,"","","",""
RW5,4848,10/20/2023 12:30,17.93,50.22,"","","",""
RW5,4849,10/20/2023 12:35,17.97,190.48,"","","",""
RW5,4850,10/20/2023 12:40,17.97,37.12,"","","",""
RW5,4851,10/20/2023 12:45,18.06,78.14,"","","",""
RW5,4852,10/20/2023 12:50,17.97,2134.4,"","","",""
RW5,4853,10/20/2023 12:55,18.02,2821.12,"","","",""
RW5,4854,10/20/2023 13:00,18.02,76.36,"","","",""
RW5,4855,10/20/2023 13:05,18.02,656,"","","",""
RW5,4856,10/20/2023 13:10,18.02,11.1,"","","",""
RW5,4857,10/20/2023 13:15,17.84,46.78,"","","",""
RW5,4858,10/20/2023 13:20,17.93,0,"","","",""
RW5,4859,10/20/2023 13:25,17.97,6.22,"","","",""
RW5,4860,10/20/2023 13:30,17.89,1383.04,"","","",""
RW5,4861,10/20/2023 13:35,17.97,103.16,"","","",""
RW5,4862,10/20/2023 13:40,18.02,146.32,"","","",""
RW5,4863,10/20/2023 13:45,17.97,38.62,"","","",""
RW5,4864,10/20/2023 13:50,17.97,347.36,"","","",""
RW5,4865,10/20/2023 13:55,17.97,65.66,"","","",""
RW5,4866,10/20/2023 14:00,18.1,704.64,"","","",""
RW5,4867,10/20/2023 14:05,18.19,49.14,"","","",""
RW5,4868,10/20/2023 14:10,18.14,38.57,"","","",""
RW5,4869,10/20/2023 14:15,18.19,70.92,"","","",""
RW5,4870,10/20/2023 14:20,18.1,2546.56,"","","",""
RW5,4871,10/20/2023 14:25,18.14,48.56,"","","",""
RW5,4872,10/20/2023 14:30,18.23,291.84,"","","",""
RW5,4873,10/20/2023 14:35,18.06,214.48,"","","",""
RW5,4874,10/20/2023 14:40,17.93,1701.12,"","","",""
RW5,4875,10/20/2023 14:45,18.06,348.32,"","","",""
RW5,4876,10/20/2023 14:50,18.23,73.3,"","","",""
RW5,4877,10/20/2023 14:55,18.14,237.44,"","","",""
RW5,4878,10/20/2023 15:00,18.27,617.92,"","","",""
RW5,4879,10/20/2023 15:05,18.36,1242.88,"","","",""
RW5,4880,10/20/2023 15:10,18.32,69.58,"","","",""
RW5,4881,10/20/2023 15:15,18.32,26.07,"","","",""
RW5,4882,10/20/2023 15:20,18.27,677.76,"","","",""
RW5,4883,10/20/2023 15:25,18.44,1352.96,"","","",""
RW5,4884,10/20/2023 15:30,18.32,2924.8,"","","",""
RW5,4885,10/20/2023 15:35,18.36,42.86,"","","",""
RW5,4886,10/20/2023 15:40,18.44,73.2,"","","",""
RW5,4887,10/20/2023 15:45,18.44,2402.56,"","","",""
RW5,4888,10/20/2023 15:50,18.44,123.72,"","","",""
RW5,4889,10/20/2023 15:55,18.4,119.32,"","","",""
RW5,4890,10/20/2023 16:00,18.4,90.72,"","","",""
RW5,4891,10/20/2023 16:05,18.57,50.86,"","","",""
RW5,4892,10/20/2023 16:10,18.62,680,"","","",""
RW5,4893,10/20/2023 16:15,18.49,146.92,"","","",""
RW5,4894,10/20/2023 16:20,18.49,2.88,"","","",""
RW5,4895,10/20/2023 16:25,18.57,746.24,"","","",""
RW5,4896,10/20/2023 16:30,18.62,169.6,"","","",""
RW5,4897,10/20/2023 16:35,18.62,246.96,"","","",""
RW5,4898,10/20/2023 16:40,18.62,1155.84,"","","",""
RW5,4899,10/20/2023 16:45,18.62,1115.2,"","","",""
RW5,4900,10/20/2023 16:50,18.66,571.68,"","","",""
RW5,4901,10/20/2023 16:55,18.7,19.66,"","","",""
RW5,4902,10/20/2023 17:00,18.7,101.4,"","","",""
RW5,4903,10/20/2023 17:05,18.7,8.24,"","","",""
RW5,4904,10/20/2023 17:10,18.74,129.48,"","","",""
RW5,4905,10/20/2023 17:15,18.66,125.88,"","","",""
RW5,4906,10/20/2023 17:20,18.7,184.24,"","","",""
RW5,4907,10/20/2023 17:25,18.66,83.24,"","","",""
RW5,4908,10/20/2023 17:30,18.66,65.74,"","","",""
RW5,4909,10/20/2023 17:35,18.62,22.15,"","","",""
RW5,4910,10/20/2023 17:40,18.57,14.1,"","","",""
RW5,4911,10/20/2023 17:45,18.62,46.92,"","","",""
RW5,4912,10/20/2023 17:50,18.57,114.84,"","","",""
RW5,4913,10/20/2023 17:55,18.53,50.3,"","","",""
RW5,4914,10/20/2023 18:00,18.53,24.57,"","","",""
RW5,4915,10/20/2023 18:05,18.44,38.46,"","","",""
RW5,4916,10/20/2023 18:10,18.49,3.58,"","","",""
RW5,4917,10/20/2023 18:15,18.32,105.44,"","","",""
RW5,4918,10/20/2023 18:20,18.14,27.49,"","","",""
RW5,4994,10/21/2023 0:40,16.43,0,"","","",""
RW5,4995,10/21/2023 0:45,16.34,0,"","","",""
RW5,4996,10/21/2023 0:50,16.43,0,"","","",""
RW5,4997,10/21/2023 0:55,16.34,0,"","","",""
RW5,4998,10/21/2023 1:00,16.39,0,"","","",""
RW5,4999,10/21/2023 1:05,16.34,0,"","","",""
RW5,5000,10/21/2023 1:10,16.3,0,"","","",""
RW5,5001,10/21/2023 1:15,16.3,0,"","","",""
RW5,5002,10/21/2023 1:20,16.26,0,"","","",""
RW5,5003,10/21/2023 1:25,16.17,0,"","","",""
RW5,5004,10/21/2023 1:30,16.17,0,"","","",""
RW5,5005,10/21/2023 1:35,16.21,0,"","","",""
RW5,5006,10/21/2023 1:40,16.21,0,"","","",""
RW5,5007,10/21/2023 1:45,16.17,0,"","","",""
RW5,5008,10/21/2023 1:50,16.13,0,"","","",""
RW5,5009,10/21/2023 1:55,16.13,0,"","","",""
RW5,5010,10/21/2023 2:00,16.17,0,"","","",""
RW5,5011,10/21/2023 2:05,16.17,0,"","","",""
RW5,5012,10/21/2023 2:10,16.17,0,"","","",""
RW5,5013,10/21/2023 2:15,16.13,0,"","","",""
RW5,5014,10/21/2023 2:20,16.17,0,"","","",""
RW5,5015,10/21/2023 2:25,16.17,0,"","","",""
RW5,5016,10/21/2023 2:30,16.08,0,"","","",""
RW5,5017,10/21/2023 2:35,16.13,0,"","","",""
RW5,5018,10/21/2023 2:40,16.17,0,"","","",""
RW5,5019,10/21/2023 2:45,16.13,0,"","","",""
RW5,5020,10/21/2023 2:50,16.13,0,"","","",""
RW5,5021,10/21/2023 2:55,16.17,0,"","","",""
RW5,5022,10/21/2023 3:00,16.13,0,"","","",""
RW5,5023,10/21/2023 3:05,16.13,0,"","","",""
RW5,5024,10/21/2023 3:10,16.13,0,"","","",""
RW5,5025,10/21/2023 3:15,16.08,0,"","","",""
RW5,5026,10/21/2023 3:20,16.08,0,"","","",""
RW5,5027,10/21/2023 3:25,16.08,0,"","","",""
RW5,5028,10/21/2023 3:30,16.08,0,"","","",""
RW5,5029,10/21/2023 3:35,16.08,0,"","","",""
RW5,5030,10/21/2023 3:40,16.08,0,"","","",""
RW5,5031,10/21/2023 3:45,16,0,"","","",""
RW5,5032,10/21/2023 3:50,16.08,0,"","","",""
RW5,5033,10/21/2023 3:55,16,0,"","","",""
RW5,5034,10/21/2023 4:00,16,0,"","","",""
RW5,5035,10/21/2023 4:05,15.96,0,"","","",""
RW5,5036,10/21/2023 4:10,15.96,0,"","","",""
RW5,5037,10/21/2023 4:15,15.91,0,"","","",""
RW5,5038,10/21/2023 4:20,15.87,0,"","","",""
RW5,5039,10/21/2023 4:25,15.83,0,"","","",""
RW5,5040,10/21/2023 4:30,15.87,0,"","","",""
RW5,5041,10/21/2023 4:35,15.83,0,"","","",""
RW5,5042,10/21/2023 4:40,15.83,0,"","","",""
RW5,5043,10/21/2023 4:45,15.83,0,"","","",""
RW5,5044,10/21/2023 4:50,15.74,0,"","","",""
RW5,5045,10/21/2023 4:55,15.78,0,"","","",""
RW5,5046,10/21/2023 5:00,15.74,0,"","","",""
RW5,5047,10/21/2023 5:05,15.74,0,"","","",""
RW5,5048,10/21/2023 5:10,15.74,0,"","","",""
RW5,5049,10/21/2023 5:15,15.7,0,"","","",""
RW5,5050,10/21/2023 5:20,15.66,0,"","","",""
RW5,5051,10/21/2023 5:25,15.66,0,"","","",""
RW5,5052,10/21/2023 5:30,15.66,0,"","","",""
RW5,5053,10/21/2023 5:35,15.78,0,"","","",""
RW5,5054,10/21/2023 5:40,15.7,0,"","","",""
RW5,5055,10/21/2023 5:45,15.7,0,"","","",""
RW5,5056,10/21/2023 5:50,15.66,0,"","","",""
RW5,5057,10/21/2023 5:55,15.7,0,"","","",""
RW5,5058,10/21/2023 6:00,15.78,0,"","","",""
RW5,5059,10/21/2023 6:05,15.83,0,"","","",""
RW5,5060,10/21/2023 6:10,15.7,0,"","","",""
RW5,5061,10/21/2023 6:15,15.61,0,"","","",""
RW5,5062,10/21/2023 6:20,15.7,0,"","","",""
RW5,5063,10/21/2023 6:25,15.66,0,"","","",""
RW5,5064,10/21/2023 6:30,15.66,0,"","","",""
RW5,5065,10/21/2023 6:35,15.61,0,"","","",""
RW5,5066,10/21/2023 6:40,15.61,0,"","","",""
RW5,5067,10/21/2023 6:45,15.57,0,"","","",""
RW5,5068,10/21/2023 6:50,15.48,0,"","","",""
RW5,5069,10/21/2023 6:55,15.57,4.22,"","","",""
RW5,5070,10/21/2023 7:00,15.66,9.99,"","","",""
RW5,5071,10/21/2023 7:05,15.74,5.77,"","","",""
RW5,5072,10/21/2023 7:10,15.74,4.22,"","","",""
RW5,5073,10/21/2023 7:15,15.74,0,"","","",""
RW5,5074,10/21/2023 7:20,15.61,20.74,"","","",""
RW5,5075,10/21/2023 7:25,15.57,4.22,"","","",""
RW5,5076,10/21/2023 7:30,15.53,160.72,"","","",""
RW5,5077,10/21/2023 7:35,15.53,10.44,"","","",""
RW5,5078,10/21/2023 7:40,15.57,99.96,"","","",""
RW5,5079,10/21/2023 7:45,15.66,107.6,"","","",""
RW5,5080,10/21/2023 7:50,15.66,42.2,"","","",""
RW5,5081,10/21/2023 7:55,15.7,174.16,"","","",""
RW5,5082,10/21/2023 8:00,15.78,44.92,"","","",""
RW5,5083,10/21/2023 8:05,15.87,48.64,"","","",""
RW5,5084,10/21/2023 8:10,15.83,24.99,"","","",""
RW5,5085,10/21/2023 8:15,15.87,112.04,"","","",""
RW5,5086,10/21/2023 8:20,15.87,194.64,"","","",""
RW5,5087,10/21/2023 8:25,15.83,415.36,"","","",""
RW5,5088,10/21/2023 8:30,15.83,87.68,"","","",""
RW5,5089,10/21/2023 8:35,15.91,865.28,"","","",""
RW5,5090,10/21/2023 8:40,15.96,917.44,"","","",""
RW5,5091,10/21/2023 8:45,15.91,35.01,"","","",""
RW5,5092,10/21/2023 8:50,15.96,35.21,"","","",""
RW5,5093,10/21/2023 8:55,16.04,20.04,"","","",""
RW5,5094,10/21/2023 9:00,16.04,187.6,"","","",""
RW5,5095,10/21/2023 9:05,16.08,260.08,"","","",""
RW5,5096,10/21/2023 9:10,16.13,1480.32,"","","",""
RW5,5097,10/21/2023 9:15,16.13,1356.8,"","","",""
RW5,5098,10/21/2023 9:20,16.21,1010.24,"","","",""
RW5,5099,10/21/2023 9:25,16.3,351.2,"","","",""
RW5,5100,10/21/2023 9:30,16.34,98.52,"","","",""
RW5,5101,10/21/2023 9:35,16.34,262.56,"","","",""
RW5,5102,10/21/2023 9:40,16.43,90.6,"","","",""
RW5,5103,10/21/2023 9:45,16.47,75.36,"","","",""
RW5,5104,10/21/2023 9:50,16.56,1752.32,"","","",""
RW5,5105,10/21/2023 9:55,16.6,101.16,"","","",""
RW5,5106,10/21/2023 10:00,16.69,2453.76,"","","",""
RW5,5107,10/21/2023 10:05,16.69,1272.32,"","","",""
RW5,5108,10/21/2023 10:10,16.77,281.44,"","","",""
RW5,5109,10/21/2023 10:15,16.81,692.16,"","","",""
RW5,5110,10/21/2023 10:20,16.86,148.72,"","","",""
RW5,5111,10/21/2023 10:25,16.94,273.2,"","","",""
RW5,5112,10/21/2023 10:30,16.9,100.32,"","","",""
RW5,5113,10/21/2023 10:35,16.99,117.32,"","","",""
RW5,5114,10/21/2023 10:40,17.07,166.32,"","","",""
RW5,5115,10/21/2023 10:45,17.07,550.88,"","","",""
RW5,5116,10/21/2023 10:50,17.11,385.6,"","","",""
RW5,5117,10/21/2023 10:55,17.11,161.72,"","","",""
RW5,5118,10/21/2023 11:00,17.11,835.2,"","","",""
RW5,5119,10/21/2023 11:05,17.16,202.4,"","","",""
RW5,5120,10/21/2023 11:10,17.2,868.16,"","","",""
RW5,5121,10/21/2023 11:15,17.24,431.36,"","","",""
RW5,5122,10/21/2023 11:20,17.29,458.08,"","","",""
RW5,5123,10/21/2023 11:25,17.33,510.4,"","","",""
RW5,5124,10/21/2023 11:30,17.37,164.56,"","","",""
RW5,5125,10/21/2023 11:35,17.33,1761.92,"","","",""
RW5,5126,10/21/2023 11:40,17.33,5.99,"","","",""
RW5,5127,10/21/2023 11:45,17.33,407.84,"","","",""
RW5,5128,10/21/2023 11:50,17.46,81.6,"","","",""
RW5,5129,10/21/2023 11:55,17.5,3939.84,"","","",""
RW5,5130,10/21/2023 12:00,17.54,38.96,"","","",""
RW5,5131,10/21/2023 12:05,17.63,228.32,"","","",""
RW5,5132,10/21/2023 12:10,17.63,1874.56,"","","",""
RW5,5133,10/21/2023 12:15,17.67,545.92,"","","",""
RW5,5134,10/21/2023 12:20,17.72,21.21,"","","",""
RW5,5135,10/21/2023 12:25,17.76,230.32,"","","",""
RW5,5136,10/21/2023 12:30,17.72,2459.52,"","","",""
RW5,5137,10/21/2023 12:35,17.67,41.78,"","","",""
RW5,5138,10/21/2023 12:40,17.67,2947.84,"","","",""
RW5,5139,10/21/2023 12:45,17.67,319.84,"","","",""
RW5,5140,10/21/2023 12:50,17.63,38.18,"","","",""
RW5,5141,10/21/2023 12:55,17.67,820.48,"","","",""
RW5,5142,10/21/2023 13:00,17.72,238.48,"","","",""
RW5,5143,10/21/2023 13:05,17.8,1668.48,"","","",""
RW5,5144,10/21/2023 13:10,17.76,2346.24,"","","",""
RW5,5145,10/21/2023 13:15,17.84,7.1,"","","",""
RW5,5146,10/21/2023 13:20,17.76,123.16,"","","",""
RW5,5147,10/21/2023 13:25,17.8,176.72,"","","",""
RW5,5148,10/21/2023 13:30,17.8,456.16,"","","",""
RW5,5149,10/21/2023 13:35,17.84,929.28,"","","",""
RW5,5150,10/21/2023 13:40,17.97,240.08,"","","",""
RW5,5151,10/21/2023 13:45,18.02,2.66,"","","",""
RW5,5152,10/21/2023 13:50,18.02,624.16,"","","",""
RW5,5153,10/21/2023 13:55,17.93,203.44,"","","",""
RW5,5154,10/21/2023 14:00,17.93,925.76,"","","",""
RW5,5155,10/21/2023 14:05,17.89,225.04,"","","",""
RW5,5156,10/21/2023 14:10,17.93,83.4,"","","",""
RW5,5157,10/21/2023 14:15,17.89,1414.4,"","","",""
RW5,5158,10/21/2023 14:20,17.89,157.04,"","","",""
RW5,5159,10/21/2023 14:25,18.02,42.82,"","","",""
RW5,5160,10/21/2023 14:30,18.02,309.84,"","","",""
RW5,5161,10/21/2023 14:35,18.06,9.55,"","","",""
RW5,5162,10/21/2023 14:40,18.02,308.08,"","","",""
RW5,5163,10/21/2023 14:45,18.02,832.32,"","","",""
RW5,5164,10/21/2023 14:50,18.02,782.72,"","","",""
RW5,5165,10/21/2023 14:55,18.02,2517.76,"","","",""
RW5,5166,10/21/2023 15:00,18.02,24.77,"","","",""
RW5,5167,10/21/2023 15:05,18.06,55.66,"","","",""
RW5,5168,10/21/2023 15:10,18.14,10.02,"","","",""
RW5,5169,10/21/2023 15:15,18.14,13.6,"","","",""
RW5,5170,10/21/2023 15:20,18.1,104.04,"","","",""
RW5,5171,10/21/2023 15:25,18.1,495.84,"","","",""
RW5,5172,10/21/2023 15:30,18.1,28.04,"","","",""
RW5,5173,10/21/2023 15:35,18.14,1730.56,"","","",""
RW5,5174,10/21/2023 15:40,18.1,467.84,"","","",""
RW5,5175,10/21/2023 15:45,18.14,26.54,"","","",""
RW5,5176,10/21/2023 15:50,18.1,853.44,"","","",""
RW5,5177,10/21/2023 15:55,18.1,112.16,"","","",""
RW5,5178,10/21/2023 16:00,18.1,35.46,"","","",""
RW5,5179,10/21/2023 16:05,18.06,406.88,"","","",""
RW5,5180,10/21/2023 16:10,18.1,20.74,"","","",""
RW5,5181,10/21/2023 16:15,18.1,100.52,"","","",""
RW5,5182,10/21/2023 16:20,18.06,720.64,"","","",""
RW5,5183,10/21/2023 16:25,18.06,96.4,"","","",""
RW5,5184,10/21/2023 16:30,18.06,640.16,"","","",""
RW5,5185,10/21/2023 16:35,18.06,81.74,"","","",""
RW5,5186,10/21/2023 16:40,18.06,105.96,"","","",""
RW5,5187,10/21/2023 16:45,18.06,364.32,"","","",""
RW5,5188,10/21/2023 16:50,18.02,32.79,"","","",""
RW5,5189,10/21/2023 16:55,18.02,76.8,"","","",""
RW5,5190,10/21/2023 17:00,18.02,693.12,"","","",""
RW5,5191,10/21/2023 17:05,17.97,333.92,"","","",""
RW5,5192,10/21/2023 17:10,17.97,352.64,"","","",""
RW5,5193,10/21/2023 17:15,17.93,34.4,"","","",""
RW5,5194,10/21/2023 17:20,17.89,20.29,"","","",""
RW5,5195,10/21/2023 17:25,17.84,16.91,"","","",""
RW5,5196,10/21/2023 17:30,17.8,17.57,"","","",""
RW5,5197,10/21/2023 17:35,17.8,194.56,"","","",""
RW5,5198,10/21/2023 17:40,17.8,65.14,"","","",""
RW5,5199,10/21/2023 17:45,17.76,76.74,"","","",""
RW5,5200,10/21/2023 17:50,17.8,22.27,"","","",""
RW5,5201,10/21/2023 17:55,17.72,51.78,"","","",""
RW5,5202,10/21/2023 18:00,17.76,0.66,"","","",""
RW5,5203,10/21/2023 18:05,17.72,19.6,"","","",""
RW5,5204,10/21/2023 18:10,17.72,66.02,"","","",""
RW5,5205,10/21/2023 18:15,17.72,50.42,"","","",""
RW5,5206,10/21/2023 18:20,17.72,0.22,"","","",""
RW5,5207,10/21/2023 18:25,17.72,0.22,"","","",""
RW5,5208,10/21/2023 18:30,17.72,0,"","","",""
RW5,5209,10/21/2023 18:35,17.72,0,"","","",""
RW5,5210,10/21/2023 18:40,17.67,0,"","","",""
RW5,5211,10/21/2023 18:45,17.63,0,"","","",""
RW5,5212,10/21/2023 18:50,17.67,0,"","","",""
RW5,5213,10/21/2023 18:55,17.63,0,"","","",""
RW5,5214,10/21/2023 19:00,17.67,0,"","","",""
RW5,5215,10/21/2023 19:05,17.63,0,"","","",""
RW5,5216,10/21/2023 19:10,17.63,0,"","","",""
RW5,5217,10/21/2023 19:15,17.59,0,"","","",""
RW5,5218,10/21/2023 19:20,17.63,0,"","","",""
RW5,5219,10/21/2023 19:25,17.5,0,"","","",""
RW5,5220,10/21/2023 19:30,17.5,0,"","","",""
RW5,5221,10/21/2023 19:35,17.41,0,"","","",""
RW5,5296,10/22/2023 1:50,16.04,0,"","","",""
RW5,5297,10/22/2023 1:55,16.34,0,"","","",""
RW5,5298,10/22/2023 2:00,16.43,0,"","","",""
RW5,5299,10/22/2023 2:05,16.43,0,"","","",""
RW5,5300,10/22/2023 2:10,16.51,0,"","","",""
RW5,5301,10/22/2023 2:15,16.6,0,"","","",""
RW5,5302,10/22/2023 2:20,16.6,0,"","","",""
RW5,5303,10/22/2023 2:25,16.69,0,"","","",""
RW5,5304,10/22/2023 2:30,16.64,0,"","","",""
RW5,5305,10/22/2023 2:35,16.69,0,"","","",""
RW5,5306,10/22/2023 2:40,16.73,0,"","","",""
RW5,5307,10/22/2023 2:45,16.77,0,"","","",""
RW5,5308,10/22/2023 2:50,16.73,0,"","","",""
RW5,5309,10/22/2023 2:55,16.73,0,"","","",""
RW5,5310,10/22/2023 3:00,16.69,0,"","","",""
RW5,5311,10/22/2023 3:05,16.77,0,"","","",""
RW5,5312,10/22/2023 3:10,16.73,0,"","","",""
RW5,5313,10/22/2023 3:15,16.73,0,"","","",""
RW5,5314,10/22/2023 3:20,16.73,0,"","","",""
RW5,5315,10/22/2023 3:25,16.73,0,"","","",""
RW5,5316,10/22/2023 3:30,16.73,0,"","","",""
RW5,5317,10/22/2023 3:35,16.73,0,"","","",""
RW5,5318,10/22/2023 3:40,16.73,0,"","","",""
RW5,5319,10/22/2023 3:45,16.69,0,"","","",""
RW5,5320,10/22/2023 3:50,16.64,0,"","","",""
RW5,5321,10/22/2023 3:55,16.64,0,"","","",""
RW5,5322,10/22/2023 4:00,16.73,0,"","","",""
RW5,5323,10/22/2023 4:05,16.69,0,"","","",""
RW5,5324,10/22/2023 4:10,16.69,0,"","","",""
RW5,5325,10/22/2023 4:15,16.69,0,"","","",""
RW5,5326,10/22/2023 4:20,16.73,0,"","","",""
RW5,5327,10/22/2023 4:25,16.69,0,"","","",""
RW5,5328,10/22/2023 4:30,16.73,0,"","","",""
RW5,5329,10/22/2023 4:35,16.73,0,"","","",""
RW5,5330,10/22/2023 4:40,16.69,0,"","","",""
RW5,5331,10/22/2023 4:45,16.69,0,"","","",""
RW5,5332,10/22/2023 4:50,16.69,0,"","","",""
RW5,5333,10/22/2023 4:55,16.69,0,"","","",""
RW5,5334,10/22/2023 5:00,16.69,0,"","","",""
RW5,5335,10/22/2023 5:05,16.69,0,"","","",""
RW5,5336,10/22/2023 5:10,16.69,0,"","","",""
RW5,5337,10/22/2023 5:15,16.64,0,"","","",""
RW5,5338,10/22/2023 5:20,16.69,0,"","","",""
RW5,5339,10/22/2023 5:25,16.64,0,"","","",""
RW5,5340,10/22/2023 5:30,16.64,0,"","","",""
RW5,5341,10/22/2023 5:35,16.64,0,"","","",""
RW5,5342,10/22/2023 5:40,16.69,0,"","","",""
RW5,5343,10/22/2023 5:45,16.64,0,"","","",""
RW5,5344,10/22/2023 5:50,16.64,0,"","","",""
RW5,5345,10/22/2023 5:55,16.64,0,"","","",""
RW5,5346,10/22/2023 6:00,16.6,0,"","","",""
RW5,5347,10/22/2023 6:05,16.69,0,"","","",""
RW5,5348,10/22/2023 6:10,16.6,0,"","","",""
RW5,5349,10/22/2023 6:15,16.6,0,"","","",""
RW5,5350,10/22/2023 6:20,16.64,0,"","","",""
RW5,5351,10/22/2023 6:25,16.6,0,"","","",""
RW5,5352,10/22/2023 6:30,16.64,0,"","","",""
RW5,5353,10/22/2023 6:35,16.6,0,"","","",""
RW5,5354,10/22/2023 6:40,16.56,0,"","","",""
RW5,5355,10/22/2023 6:45,16.56,0,"","","",""
RW5,5356,10/22/2023 6:50,16.6,3.99,"","","",""
RW5,5357,10/22/2023 6:55,16.6,0.66,"","","",""
RW5,5358,10/22/2023 7:00,16.56,5.55,"","","",""
RW5,5359,10/22/2023 7:05,16.56,0.22,"","","",""
RW5,5360,10/22/2023 7:10,16.56,4.66,"","","",""
RW5,5361,10/22/2023 7:15,16.51,115.56,"","","",""
RW5,5362,10/22/2023 7:20,16.56,1.99,"","","",""
RW5,5363,10/22/2023 7:25,16.56,1.99,"","","",""
RW5,5364,10/22/2023 7:30,16.51,139.28,"","","",""
RW5,5365,10/22/2023 7:35,16.47,245.68,"","","",""
RW5,5366,10/22/2023 7:40,16.56,77.18,"","","",""
RW5,5367,10/22/2023 7:45,16.51,169.6,"","","",""
RW5,5368,10/22/2023 7:50,16.6,10.02,"","","",""
RW5,5369,10/22/2023 7:55,16.56,4.22,"","","",""
RW5,5370,10/22/2023 8:00,16.51,20.77,"","","",""
RW5,5371,10/22/2023 8:05,16.51,129.6,"","","",""
RW5,5372,10/22/2023 8:10,16.56,67.14,"","","",""
RW5,5373,10/22/2023 8:15,16.56,309.84,"","","",""
RW5,5374,10/22/2023 8:20,16.6,40.29,"","","",""
RW5,5375,10/22/2023 8:25,16.6,249.2,"","","",""
RW5,5376,10/22/2023 8:30,16.6,144.72,"","","",""
RW5,5377,10/22/2023 8:35,16.6,1208.32,"","","",""
RW5,5378,10/22/2023 8:40,16.64,9.63,"","","",""
RW5,5379,10/22/2023 8:45,16.69,147,"","","",""
RW5,5380,10/22/2023 8:50,16.73,318.08,"","","",""
RW5,5381,10/22/2023 8:55,16.64,333.6,"","","",""
RW5,5382,10/22/2023 9:00,16.73,376.96,"","","",""
RW5,5383,10/22/2023 9:05,16.73,4759.04,"","","",""
RW5,5384,10/22/2023 9:10,16.73,51.94,"","","",""
RW5,5385,10/22/2023 9:15,16.77,615.36,"","","",""
RW5,5386,10/22/2023 9:20,16.81,2398.72,"","","",""
RW5,5387,10/22/2023 9:25,16.81,3153.92,"","","",""
RW5,5388,10/22/2023 9:30,16.86,635.36,"","","",""
RW5,5389,10/22/2023 9:35,16.94,2453.76,"","","",""
RW5,5390,10/22/2023 9:40,16.94,439.52,"","","",""
RW5,5391,10/22/2023 9:45,16.99,72.02,"","","",""
RW5,5392,10/22/2023 9:50,17.03,180.88,"","","",""
RW5,5393,10/22/2023 9:55,17.03,361.6,"","","",""
RW5,5394,10/22/2023 10:00,17.07,271.68,"","","",""
RW5,5395,10/22/2023 10:05,17.03,1154.24,"","","",""
RW5,5396,10/22/2023 10:10,17.07,1772.16,"","","",""
RW5,5397,10/22/2023 10:15,17.07,1775.36,"","","",""
RW5,5398,10/22/2023 10:20,17.11,253.52,"","","",""
RW5,5399,10/22/2023 10:25,17.16,1734.4,"","","",""
RW5,5400,10/22/2023 10:30,17.11,448.48,"","","",""
RW5,5401,10/22/2023 10:35,17.16,104.6,"","","",""
RW5,5402,10/22/2023 10:40,17.29,1253.76,"","","",""
RW5,5403,10/22/2023 10:45,17.29,169.12,"","","",""
RW5,5404,10/22/2023 10:50,17.37,589.44,"","","",""
RW5,5405,10/22/2023 10:55,17.37,635.68,"","","",""
RW5,5406,10/22/2023 11:00,17.46,1528.96,"","","",""
RW5,5407,10/22/2023 11:05,17.41,4076.8,"","","",""
RW5,5408,10/22/2023 11:10,17.37,1199.36,"","","",""
RW5,5409,10/22/2023 11:15,17.46,1308.8,"","","",""
RW5,5410,10/22/2023 11:20,17.46,784,"","","",""
RW5,5411,10/22/2023 11:25,17.46,72.86,"","","",""
RW5,5412,10/22/2023 11:30,17.41,1501.44,"","","",""
RW5,5413,10/22/2023 11:35,17.46,18.35,"","","",""
RW5,5414,10/22/2023 11:40,17.54,2281.6,"","","",""
RW5,5415,10/22/2023 11:45,17.54,611.68,"","","",""
RW5,5416,10/22/2023 11:50,17.63,4028.16,"","","",""
RW5,5417,10/22/2023 11:55,17.59,2509.44,"","","",""
RW5,5418,10/22/2023 12:00,17.59,2251.52,"","","",""
RW5,5419,10/22/2023 12:05,17.59,603.68,"","","",""
RW5,5420,10/22/2023 12:10,17.63,1120.32,"","","",""
RW5,5421,10/22/2023 12:15,17.72,210.88,"","","",""
RW5,5422,10/22/2023 12:20,17.72,471.84,"","","",""
RW5,5423,10/22/2023 12:25,17.72,514.4,"","","",""
RW5,5424,10/22/2023 12:30,17.67,3454.72,"","","",""
RW5,5425,10/22/2023 12:35,17.72,1009.28,"","","",""
RW5,5426,10/22/2023 12:40,17.72,193.28,"","","",""
RW5,5427,10/22/2023 12:45,17.72,512,"","","",""
RW5,5428,10/22/2023 12:50,17.63,124.68,"","","",""
RW5,5429,10/22/2023 12:55,17.72,116.16,"","","",""
RW5,5430,10/22/2023 13:00,17.72,7211.52,"","","",""
RW5,5431,10/22/2023 13:05,17.72,2123.52,"","","",""
RW5,5432,10/22/2023 13:10,17.76,1281.28,"","","",""
RW5,5433,10/22/2023 13:15,17.84,182.24,"","","",""
RW5,5434,10/22/2023 13:20,17.89,1122.24,"","","",""
RW5,5435,10/22/2023 13:25,17.8,16.52,"","","",""
RW5,5436,10/22/2023 13:30,17.89,500,"","","",""
RW5,5437,10/22/2023 13:35,17.93,884.48,"","","",""
RW5,5438,10/22/2023 13:40,17.89,4421.12,"","","",""
RW5,5439,10/22/2023 13:45,17.97,81.3,"","","",""
RW5,5440,10/22/2023 13:50,18.02,1634.56,"","","",""
RW5,5441,10/22/2023 13:55,18.06,225.92,"","","",""
RW5,5442,10/22/2023 14:00,18.02,20.68,"","","",""
RW5,5443,10/22/2023 14:05,18.02,340.96,"","","",""
RW5,5444,10/22/2023 14:10,18.06,196.56,"","","",""
RW5,5445,10/22/2023 14:15,18.1,2405.76,"","","",""
RW5,5446,10/22/2023 14:20,18.14,6776.32,"","","",""
RW5,5447,10/22/2023 14:25,18.02,96.56,"","","",""
RW5,5448,10/22/2023 14:30,18.06,183.12,"","","",""
RW5,5449,10/22/2023 14:35,18.06,24.96,"","","",""
RW5,5450,10/22/2023 14:40,18.02,1222.72,"","","",""
RW5,5451,10/22/2023 14:45,18.1,108.56,"","","",""
RW5,5452,10/22/2023 14:50,18.1,3408.64,"","","",""
RW5,5453,10/22/2023 14:55,18.1,45.44,"","","",""
RW5,5454,10/22/2023 15:00,18.19,103.96,"","","",""
RW5,5455,10/22/2023 15:05,18.1,91.28,"","","",""
RW5,5456,10/22/2023 15:10,18.14,31.51,"","","",""
RW5,5457,10/22/2023 15:15,18.19,466.08,"","","",""
RW5,5458,10/22/2023 15:20,18.23,752.64,"","","",""
RW5,5459,10/22/2023 15:25,18.27,199.92,"","","",""
RW5,5460,10/22/2023 15:30,18.36,44.44,"","","",""
RW5,5461,10/22/2023 15:35,18.32,722.88,"","","",""
RW5,5462,10/22/2023 15:40,18.4,280.8,"","","",""
RW5,5463,10/22/2023 15:45,18.44,134.4,"","","",""
RW5,5464,10/22/2023 15:50,18.49,61.58,"","","",""
RW5,5465,10/22/2023 15:55,18.57,97.28,"","","",""
RW5,5466,10/22/2023 16:00,18.53,246.48,"","","",""
RW5,5467,10/22/2023 16:05,18.57,51.52,"","","",""
RW5,5468,10/22/2023 16:10,18.57,45.12,"","","",""
RW5,5469,10/22/2023 16:15,18.49,298.96,"","","",""
RW5,5470,10/22/2023 16:20,18.57,545.92,"","","",""
RW5,5471,10/22/2023 16:25,18.57,691.52,"","","",""
RW5,5472,10/22/2023 16:30,18.7,82.64,"","","",""
RW5,5473,10/22/2023 16:35,18.7,125.96,"","","",""
RW5,5474,10/22/2023 16:40,18.79,14.69,"","","",""
RW5,5475,10/22/2023 16:45,18.79,12.94,"","","",""
RW5,5476,10/22/2023 16:50,18.7,41.04,"","","",""
RW5,5477,10/22/2023 16:55,18.74,535.68,"","","",""
RW5,5478,10/22/2023 17:00,18.74,4.22,"","","",""
RW5,5479,10/22/2023 17:05,18.79,21.6,"","","",""
RW5,5480,10/22/2023 17:10,18.87,39.23,"","","",""
RW5,5481,10/22/2023 17:15,18.92,6.66,"","","",""
RW5,5482,10/22/2023 17:20,18.83,83.84,"","","",""
RW5,5483,10/22/2023 17:25,18.92,163.36,"","","",""
RW5,5484,10/22/2023 17:30,18.92,29.4,"","","",""
RW5,5485,10/22/2023 17:35,18.92,1.33,"","","",""
RW5,5486,10/22/2023 17:40,18.96,51.5,"","","",""
RW5,5487,10/22/2023 17:45,18.96,66.92,"","","",""
RW5,5488,10/22/2023 17:50,19,1.11,"","","",""
RW5,5489,10/22/2023 17:55,19,3.11,"","","",""
RW5,5490,10/22/2023 18:00,18.96,0.88,"","","",""
RW5,5491,10/22/2023 18:05,19,4.44,"","","",""
RW5,5492,10/22/2023 18:10,19,1.11,"","","",""
RW5,5493,10/22/2023 18:15,19,0,"","","",""
RW5,5494,10/22/2023 18:20,19,0.66,"","","",""
RW5,5495,10/22/2023 18:25,19,0,"","","",""
RW5,5496,10/22/2023 18:30,18.96,0,"","","",""
RW5,5497,10/22/2023 18:35,19,0,"","","",""
RW5,5498,10/22/2023 18:40,19.05,0,"","","",""
RW5,5499,10/22/2023 18:45,19,0,"","","",""
RW5,5500,10/22/2023 18:50,19.05,0,"","","",""
RW5,5501,10/22/2023 18:55,19,0,"","","",""
RW5,5502,10/22/2023 19:00,19,0,"","","",""
RW5,5503,10/22/2023 19:05,18.96,0,"","","",""
RW5,5504,10/22/2023 19:10,19,0,"","","",""
RW5,5505,10/22/2023 19:15,19,0,"","","",""
RW5,5506,10/22/2023 19:20,18.96,0,"","","",""
RW5,5507,10/22/2023 19:25,19,0,"","","",""
RW5,5508,10/22/2023 19:30,18.96,0,"","","",""
RW5,5509,10/22/2023 19:35,18.96,0,"","","",""
RW5,5510,10/22/2023 19:40,19,0,"","","",""
RW5,5511,10/22/2023 19:45,18.96,0,"","","",""
RW5,5512,10/22/2023 19:50,18.96,0,"","","",""
RW5,5513,10/22/2023 19:55,18.96,0,"","","",""
RW5,5514,10/22/2023 20:00,18.96,0,"","","",""
RW5,5515,10/22/2023 20:05,18.96,0,"","","",""
RW5,5516,10/22/2023 20:10,18.96,0,"","","",""
RW5,5517,10/22/2023 20:15,18.92,0,"","","",""
RW5,5518,10/22/2023 20:20,18.92,0,"","","",""
RW5,5519,10/22/2023 20:25,18.87,0,"","","",""
RW5,5520,10/22/2023 20:30,18.87,0,"","","",""
RW5,5521,10/22/2023 20:35,18.92,0,"","","",""
RW5,5522,10/22/2023 20:40,18.83,0,"","","",""
RW5,5523,10/22/2023 20:45,18.7,0,"","","",""
RW5,5524,10/22/2023 20:50,18.79,0,"","","",""
RW5,5593,10/23/2023 2:35,16.99,0,"","","",""
RW5,5594,10/23/2023 2:40,17.2,0,"","","",""
RW5,5595,10/23/2023 2:45,17.33,0,"","","",""
RW5,5596,10/23/2023 2:50,17.41,0,"","","",""
RW5,5597,10/23/2023 2:55,17.46,0,"","","",""
RW5,5598,10/23/2023 3:00,17.46,0,"","","",""
RW5,5599,10/23/2023 3:05,17.54,0,"","","",""
RW5,5600,10/23/2023 3:10,17.46,0,"","","",""
RW5,5601,10/23/2023 3:15,17.5,0,"","","",""
RW5,5602,10/23/2023 3:20,17.5,0,"","","",""
RW5,5603,10/23/2023 3:25,17.54,0,"","","",""
RW5,5604,10/23/2023 3:30,17.5,0,"","","",""
RW5,5605,10/23/2023 3:35,17.54,0,"","","",""
RW5,5606,10/23/2023 3:40,17.5,0,"","","",""
RW5,5607,10/23/2023 3:45,17.54,0,"","","",""
RW5,5608,10/23/2023 3:50,17.54,0,"","","",""
RW5,5609,10/23/2023 3:55,17.54,0,"","","",""
RW5,5610,10/23/2023 4:00,17.5,0,"","","",""
RW5,5611,10/23/2023 4:05,17.54,0,"","","",""
RW5,5612,10/23/2023 4:10,17.46,0,"","","",""
RW5,5613,10/23/2023 4:15,17.5,0,"","","",""
RW5,5614,10/23/2023 4:20,17.46,0,"","","",""
RW5,5615,10/23/2023 4:25,17.54,0,"","","",""
RW5,5616,10/23/2023 4:30,17.46,0,"","","",""
RW5,5617,10/23/2023 4:35,17.5,0,"","","",""
RW5,5618,10/23/2023 4:40,17.46,0,"","","",""
RW5,5619,10/23/2023 4:45,17.46,0,"","","",""
RW5,5620,10/23/2023 4:50,17.46,0,"","","",""
RW5,5621,10/23/2023 4:55,17.37,0,"","","",""
RW5,5622,10/23/2023 5:00,17.33,0,"","","",""
RW5,5623,10/23/2023 5:05,17.29,0,"","","",""
RW5,5624,10/23/2023 5:10,17.29,0,"","","",""
RW5,5625,10/23/2023 5:15,17.24,0,"","","",""
RW5,5626,10/23/2023 5:20,17.24,0,"","","",""
RW5,5627,10/23/2023 5:25,17.24,0,"","","",""
RW5,5628,10/23/2023 5:30,17.24,0,"","","",""
RW5,5629,10/23/2023 5:35,17.2,0,"","","",""
RW5,5630,10/23/2023 5:40,17.16,0,"","","",""
RW5,5631,10/23/2023 5:45,17.11,0,"","","",""
RW5,5632,10/23/2023 5:50,17.11,0,"","","",""
RW5,5633,10/23/2023 5:55,17.07,0,"","","",""
RW5,5634,10/23/2023 6:00,17.03,0,"","","",""
RW5,5635,10/23/2023 6:05,17.03,0,"","","",""
RW5,5636,10/23/2023 6:10,16.99,0,"","","",""
RW5,5637,10/23/2023 6:15,16.99,0,"","","",""
RW5,5638,10/23/2023 6:20,16.94,0,"","","",""
RW5,5639,10/23/2023 6:25,16.94,0,"","","",""
RW5,5640,10/23/2023 6:30,16.94,0,"","","",""
RW5,5641,10/23/2023 6:35,16.94,0,"","","",""
RW5,5642,10/23/2023 6:40,16.9,0,"","","",""
RW5,5643,10/23/2023 6:45,16.86,0,"","","",""
RW5,5644,10/23/2023 6:50,16.86,0,"","","",""
RW5,5645,10/23/2023 6:55,16.86,0,"","","",""
RW5,5646,10/23/2023 7:00,16.81,0.22,"","","",""
RW5,5647,10/23/2023 7:05,16.86,0.44,"","","",""
RW5,5648,10/23/2023 7:10,16.81,0.44,"","","",""
RW5,5649,10/23/2023 7:15,16.81,6.88,"","","",""
RW5,5650,10/23/2023 7:20,16.77,0.88,"","","",""
RW5,5651,10/23/2023 7:25,16.77,3.99,"","","",""
RW5,5652,10/23/2023 7:30,16.73,3.33,"","","",""
RW5,5653,10/23/2023 7:35,16.77,40.15,"","","",""
RW5,5654,10/23/2023 7:40,16.73,12.88,"","","",""
RW5,5655,10/23/2023 7:45,16.73,6.22,"","","",""
RW5,5656,10/23/2023 7:50,16.77,0.88,"","","",""
RW5,5657,10/23/2023 7:55,16.73,22.93,"","","",""
RW5,5658,10/23/2023 8:00,16.69,50.84,"","","",""
RW5,5659,10/23/2023 8:05,16.73,10.46,"","","",""
RW5,5660,10/23/2023 8:10,16.69,48.36,"","","",""
RW5,5661,10/23/2023 8:15,16.73,11.99,"","","",""
RW5,5662,10/23/2023 8:20,16.64,97.28,"","","",""
RW5,5663,10/23/2023 8:25,16.69,6.88,"","","",""
RW5,5664,10/23/2023 8:30,16.69,506.4,"","","",""
RW5,5665,10/23/2023 8:35,16.73,86.16,"","","",""
RW5,5666,10/23/2023 8:40,16.69,39.12,"","","",""
RW5,5667,10/23/2023 8:45,16.69,45.78,"","","",""
RW5,5668,10/23/2023 8:50,16.69,96,"","","",""
RW5,5669,10/23/2023 8:55,16.69,14.93,"","","",""
RW5,5670,10/23/2023 9:00,16.69,27.76,"","","",""
RW5,5671,10/23/2023 9:05,16.73,10.69,"","","",""
RW5,5672,10/23/2023 9:10,16.73,58,"","","",""
RW5,5673,10/23/2023 9:15,16.77,161.8,"","","",""
RW5,5674,10/23/2023 9:20,16.77,2513.28,"","","",""
RW5,5675,10/23/2023 9:25,16.81,9.19,"","","",""
RW5,5676,10/23/2023 9:30,16.81,228.48,"","","",""
RW5,5677,10/23/2023 9:35,16.86,232.48,"","","",""
RW5,5678,10/23/2023 9:40,16.86,2723.84,"","","",""
RW5,5679,10/23/2023 9:45,16.94,708.16,"","","",""
RW5,5680,10/23/2023 9:50,16.9,123.72,"","","",""
RW5,5681,10/23/2023 9:55,16.99,1853.44,"","","",""
RW5,5682,10/23/2023 10:00,16.99,49.72,"","","",""
RW5,5683,10/23/2023 10:05,16.99,398.88,"","","",""
RW5,5684,10/23/2023 10:10,17.07,1017.28,"","","",""
RW5,5685,10/23/2023 10:15,17.11,9617.92,"","","",""
RW5,5686,10/23/2023 10:20,17.11,108.84,"","","",""
RW5,5687,10/23/2023 10:25,17.11,238.08,"","","",""
RW5,5688,10/23/2023 10:30,17.07,203.12,"","","",""
RW5,5689,10/23/2023 10:35,17.11,1476.48,"","","",""
RW5,5690,10/23/2023 10:40,17.2,457.12,"","","",""
RW5,5691,10/23/2023 10:45,17.24,7856.64,"","","",""
RW5,5692,10/23/2023 10:50,17.24,561.12,"","","",""
RW5,5693,10/23/2023 10:55,17.29,547.04,"","","",""
RW5,5694,10/23/2023 11:00,17.33,3383.04,"","","",""
RW5,5695,10/23/2023 11:05,17.46,3146.24,"","","",""
RW5,5696,10/23/2023 11:10,17.46,719.04,"","","",""
RW5,5697,10/23/2023 11:15,17.59,8757.76,"","","",""
RW5,5698,10/23/2023 11:20,17.59,3011.84,"","","",""
RW5,5699,10/23/2023 11:25,17.63,1538.56,"","","",""
RW5,5700,10/23/2023 11:30,17.67,297.84,"","","",""
RW5,5701,10/23/2023 11:35,17.67,1489.92,"","","",""
RW5,5702,10/23/2023 11:40,17.63,6850.56,"","","",""
RW5,5703,10/23/2023 11:45,17.72,457.12,"","","",""
RW5,5704,10/23/2023 11:50,17.72,316.32,"","","",""
RW5,5705,10/23/2023 11:55,17.76,350.08,"","","",""
RW5,5706,10/23/2023 12:00,17.8,7933.44,"","","",""
RW5,5707,10/23/2023 12:05,17.84,840,"","","",""
RW5,5708,10/23/2023 12:10,17.89,5749.76,"","","",""
RW5,5709,10/23/2023 12:15,18.02,543.36,"","","",""
RW5,5710,10/23/2023 12:20,18.06,1168.32,"","","",""
RW5,5711,10/23/2023 12:25,18.06,2855.68,"","","",""
RW5,5712,10/23/2023 12:30,18.02,5217.28,"","","",""
RW5,5713,10/23/2023 12:35,18.06,1752.96,"","","",""
RW5,5714,10/23/2023 12:40,18.06,1791.36,"","","",""
RW5,5715,10/23/2023 12:45,18.1,588.16,"","","",""
RW5,5716,10/23/2023 12:50,18.14,69.5,"","","",""
RW5,5717,10/23/2023 12:55,18.19,4579.84,"","","",""
RW5,5718,10/23/2023 13:00,18.19,655.68,"","","",""
RW5,5719,10/23/2023 13:05,18.27,1021.76,"","","",""
RW5,5720,10/23/2023 13:10,18.23,4279.04,"","","",""
RW5,5721,10/23/2023 13:15,18.23,427.36,"","","",""
RW5,5722,10/23/2023 13:20,18.23,2038.4,"","","",""
RW5,5723,10/23/2023 13:25,18.32,579.68,"","","",""
RW5,5724,10/23/2023 13:30,18.32,1263.36,"","","",""
RW5,5725,10/23/2023 13:35,18.14,1989.12,"","","",""
RW5,5726,10/23/2023 13:40,18.14,1162.24,"","","",""
RW5,5727,10/23/2023 13:45,18.14,2032.64,"","","",""
RW5,5728,10/23/2023 13:50,18.19,8102.4,"","","",""
RW5,5729,10/23/2023 13:55,18.23,185.2,"","","",""
RW5,5730,10/23/2023 14:00,18.27,2107.52,"","","",""
RW5,5731,10/23/2023 14:05,18.32,3237.12,"","","",""
RW5,5732,10/23/2023 14:10,18.32,17443.84,"","","",""
RW5,5733,10/23/2023 14:15,18.4,689.92,"","","",""
RW5,5734,10/23/2023 14:20,18.4,175.68,"","","",""
RW5,5735,10/23/2023 14:25,18.49,1983.36,"","","",""
RW5,5736,10/23/2023 14:30,18.49,398.08,"","","",""
RW5,5737,10/23/2023 14:35,18.49,693.76,"","","",""
RW5,5738,10/23/2023 14:40,18.44,1571.84,"","","",""
RW5,5739,10/23/2023 14:45,18.49,6996.48,"","","",""
RW5,5740,10/23/2023 14:50,18.44,284.96,"","","",""
RW5,5741,10/23/2023 14:55,18.36,620.64,"","","",""
RW5,5742,10/23/2023 15:00,18.4,773.76,"","","",""
RW5,5743,10/23/2023 15:05,18.4,208.32,"","","",""
RW5,5744,10/23/2023 15:10,18.4,66.14,"","","",""
RW5,5745,10/23/2023 15:15,18.4,624.64,"","","",""
RW5,5746,10/23/2023 15:20,18.36,747.2,"","","",""
RW5,5747,10/23/2023 15:25,18.44,541.92,"","","",""
RW5,5748,10/23/2023 15:30,18.4,364.32,"","","",""
RW5,5749,10/23/2023 15:35,18.32,554.88,"","","",""
RW5,5750,10/23/2023 15:40,18.32,146.4,"","","",""
RW5,5751,10/23/2023 15:45,18.32,638.4,"","","",""
RW5,5752,10/23/2023 15:50,18.32,44.48,"","","",""
RW5,5753,10/23/2023 15:55,18.32,124.96,"","","",""
RW5,5754,10/23/2023 16:00,18.27,68.74,"","","",""
RW5,5755,10/23/2023 16:05,18.23,50.92,"","","",""
RW5,5756,10/23/2023 16:10,18.1,44.8,"","","",""
RW5,5757,10/23/2023 16:15,18.19,8.02,"","","",""
RW5,5758,10/23/2023 16:20,18.14,437.6,"","","",""
RW5,5759,10/23/2023 16:25,18.1,12.44,"","","",""
RW5,5760,10/23/2023 16:30,18.14,15.57,"","","",""
RW5,5761,10/23/2023 16:35,18.1,44.44,"","","",""
RW5,5762,10/23/2023 16:40,18.06,93.72,"","","",""
RW5,5763,10/23/2023 16:45,17.97,69.58,"","","",""
RW5,5764,10/23/2023 16:50,17.97,76.74,"","","",""
RW5,5765,10/23/2023 16:55,17.97,325.84,"","","",""
RW5,5766,10/23/2023 17:00,17.89,408.96,"","","",""
RW5,5767,10/23/2023 17:05,17.89,736.64,"","","",""
RW5,5768,10/23/2023 17:10,17.84,0.22,"","","",""
RW5,5769,10/23/2023 17:15,17.84,14.91,"","","",""
RW5,5770,10/23/2023 17:20,17.8,0.88,"","","",""
RW5,5771,10/23/2023 17:25,17.76,4.66,"","","",""
RW5,5772,10/23/2023 17:30,17.72,49.7,"","","",""
RW5,5773,10/23/2023 17:35,17.67,87.84,"","","",""
RW5,5774,10/23/2023 17:40,17.67,63.56,"","","",""
RW5,5775,10/23/2023 17:45,17.63,100.32,"","","",""
RW5,5776,10/23/2023 17:50,17.63,36.54,"","","",""
RW5,5777,10/23/2023 17:55,17.63,2.44,"","","",""
RW5,5778,10/23/2023 18:00,17.59,0.22,"","","",""
RW5,5779,10/23/2023 18:05,17.59,32.1,"","","",""
RW5,5780,10/23/2023 18:10,17.59,1.33,"","","",""
RW5,5781,10/23/2023 18:15,17.59,0,"","","",""
RW5,5782,10/23/2023 18:20,17.5,0,"","","",""
RW5,5783,10/23/2023 18:25,17.5,0.22,"","","",""
RW5,5784,10/23/2023 18:30,17.54,0,"","","",""
RW5,5785,10/23/2023 18:35,17.46,0,"","","",""
RW5,5786,10/23/2023 18:40,17.46,0,"","","",""
RW5,5787,10/23/2023 18:45,17.46,0,"","","",""
RW5,5788,10/23/2023 18:50,17.5,0,"","","",""
RW5,5789,10/23/2023 18:55,17.41,0,"","","",""
RW5,5790,10/23/2023 19:00,17.46,0,"","","",""
RW5,5791,10/23/2023 19:05,17.46,0,"","","",""
RW5,5792,10/23/2023 19:10,17.46,0,"","","",""
RW5,5793,10/23/2023 19:15,17.46,0,"","","",""
RW5,5794,10/23/2023 19:20,17.46,0,"","","",""
RW5,5795,10/23/2023 19:25,17.41,0,"","","",""
RW5,5796,10/23/2023 19:30,17.46,0,"","","",""
RW5,5797,10/23/2023 19:35,17.46,0,"","","",""
RW5,5798,10/23/2023 19:40,17.46,0,"","","",""
RW5,5799,10/23/2023 19:45,17.5,0,"","","",""
RW5,5800,10/23/2023 19:50,17.5,0,"","","",""
RW5,5801,10/23/2023 19:55,17.46,0,"","","",""
RW5,5802,10/23/2023 20:00,17.46,0,"","","",""
RW5,5803,10/23/2023 20:05,17.46,0,"","","",""
RW5,5804,10/23/2023 20:10,17.5,0,"","","",""
RW5,5805,10/23/2023 20:15,17.46,0,"","","",""
RW5,5806,10/23/2023 20:20,17.41,0,"","","",""
RW5,5807,10/23/2023 20:25,17.46,0,"","","",""
RW5,5808,10/23/2023 20:30,17.46,0,"","","",""
RW5,5809,10/23/2023 20:35,17.46,0,"","","",""
RW5,5810,10/23/2023 20:40,17.41,0,"","","",""
RW5,5811,10/23/2023 20:45,17.41,0,"","","",""
RW5,5812,10/23/2023 20:50,17.46,0,"","","",""
RW5,5813,10/23/2023 20:55,17.41,0,"","","",""
RW5,5814,10/23/2023 21:00,17.46,0,"","","",""
RW5,5815,10/23/2023 21:05,17.5,0,"","","",""
RW5,5816,10/23/2023 21:10,17.41,0,"","","",""
RW5,5817,10/23/2023 21:15,17.41,0,"","","",""
RW5,5818,10/23/2023 21:20,17.33,0,"","","",""
RW5,5819,10/23/2023 21:25,17.37,0,"","","",""
RW5,5820,10/23/2023 21:30,17.33,0,"","","",""
RW5,5821,10/23/2023 21:35,17.29,0,"","","",""
RW5,5822,10/23/2023 21:40,17.29,0,"","","",""
RW5,5823,10/23/2023 21:45,17.29,0,"","","",""
RW5,5891,10/24/2023 3:25,16.9,0,"","","",""
RW5,5892,10/24/2023 3:30,16.99,0,"","","",""
RW5,5893,10/24/2023 3:35,16.99,0,"","","",""
RW5,5894,10/24/2023 3:40,17.16,0,"","","",""
RW5,5895,10/24/2023 3:45,17.2,0,"","","",""
RW5,5896,10/24/2023 3:50,17.33,0,"","","",""
RW5,5897,10/24/2023 3:55,17.41,0,"","","",""
RW5,5898,10/24/2023 4:00,17.37,0,"","","",""
RW5,5899,10/24/2023 4:05,17.41,0,"","","",""
RW5,5900,10/24/2023 4:10,17.41,0,"","","",""
RW5,5901,10/24/2023 4:15,17.46,0,"","","",""
RW5,5902,10/24/2023 4:20,17.41,0,"","","",""
RW5,5903,10/24/2023 4:25,17.46,0,"","","",""
RW5,5904,10/24/2023 4:30,17.41,0,"","","",""
RW5,5905,10/24/2023 4:35,17.46,0,"","","",""
RW5,5906,10/24/2023 4:40,17.37,0,"","","",""
RW5,5907,10/24/2023 4:45,17.33,0,"","","",""
RW5,5908,10/24/2023 4:50,17.41,0,"","","",""
RW5,5909,10/24/2023 4:55,17.37,0,"","","",""
RW5,5910,10/24/2023 5:00,17.37,0,"","","",""
RW5,5911,10/24/2023 5:05,17.37,0,"","","",""
RW5,5912,10/24/2023 5:10,17.41,0,"","","",""
RW5,5913,10/24/2023 5:15,17.37,0,"","","",""
RW5,5914,10/24/2023 5:20,17.37,0,"","","",""
RW5,5915,10/24/2023 5:25,17.41,0,"","","",""
RW5,5916,10/24/2023 5:30,17.41,0,"","","",""
RW5,5917,10/24/2023 5:35,17.41,0,"","","",""
RW5,5918,10/24/2023 5:40,17.46,0,"","","",""
RW5,5919,10/24/2023 5:45,17.41,0,"","","",""
RW5,5920,10/24/2023 5:50,17.37,0,"","","",""
RW5,5921,10/24/2023 5:55,17.33,0,"","","",""
RW5,5922,10/24/2023 6:00,17.37,0,"","","",""
RW5,5923,10/24/2023 6:05,17.41,0,"","","",""
RW5,5924,10/24/2023 6:10,17.41,0,"","","",""
RW5,5925,10/24/2023 6:15,17.37,0,"","","",""
RW5,5926,10/24/2023 6:20,17.41,0,"","","",""
RW5,5927,10/24/2023 6:25,17.37,0,"","","",""
RW5,5928,10/24/2023 6:30,17.37,0,"","","",""
RW5,5929,10/24/2023 6:35,17.41,0,"","","",""
RW5,5930,10/24/2023 6:40,17.37,0,"","","",""
RW5,5931,10/24/2023 6:45,17.37,0,"","","",""
RW5,5932,10/24/2023 6:50,17.37,0,"","","",""
RW5,5933,10/24/2023 6:55,17.37,0,"","","",""
RW5,5934,10/24/2023 7:00,17.41,0,"","","",""
RW5,5935,10/24/2023 7:05,17.41,0.44,"","","",""
RW5,5936,10/24/2023 7:10,17.46,0.66,"","","",""
RW5,5937,10/24/2023 7:15,17.37,2.88,"","","",""
RW5,5938,10/24/2023 7:20,17.37,0.44,"","","",""
RW5,5939,10/24/2023 7:25,17.37,0.22,"","","",""
RW5,5940,10/24/2023 7:30,17.41,15.32,"","","",""
RW5,5941,10/24/2023 7:35,17.41,24.71,"","","",""
RW5,5942,10/24/2023 7:40,17.41,25.38,"","","",""
RW5,5943,10/24/2023 7:45,17.46,4.66,"","","",""
RW5,5944,10/24/2023 7:50,17.41,2.88,"","","",""
RW5,5945,10/24/2023 7:55,17.5,16.91,"","","",""
RW5,5946,10/24/2023 8:00,17.5,3.33,"","","",""
RW5,5947,10/24/2023 8:05,17.41,5.77,"","","",""
RW5,5948,10/24/2023 8:10,17.46,19.79,"","","",""
RW5,5949,10/24/2023 8:15,17.5,29.4,"","","",""
RW5,5950,10/24/2023 8:20,17.5,10.66,"","","",""
RW5,5951,10/24/2023 8:25,17.54,66,"","","",""
RW5,5952,10/24/2023 8:30,17.5,42.12,"","","",""
RW5,5953,10/24/2023 8:35,17.54,79.86,"","","",""
RW5,5954,10/24/2023 8:40,17.5,16.46,"","","",""
RW5,5955,10/24/2023 8:45,17.54,147.28,"","","",""
RW5,5956,10/24/2023 8:50,17.59,95.16,"","","",""
RW5,5957,10/24/2023 8:55,17.59,65.14,"","","",""
RW5,5958,10/24/2023 9:00,17.59,44.9,"","","",""
RW5,5959,10/24/2023 9:05,17.59,112.4,"","","",""
RW5,5960,10/24/2023 9:10,17.63,13.6,"","","",""
RW5,5961,10/24/2023 9:15,17.63,342.08,"","","",""
RW5,5962,10/24/2023 9:20,17.63,110.32,"","","",""
RW5,5963,10/24/2023 9:25,17.63,891.52,"","","",""
RW5,5964,10/24/2023 9:30,17.67,16.96,"","","",""
RW5,5965,10/24/2023 9:35,17.76,214.48,"","","",""
RW5,5966,10/24/2023 9:40,17.72,1441.28,"","","",""
RW5,5967,10/24/2023 9:45,17.72,947.2,"","","",""
RW5,5968,10/24/2023 9:50,17.76,239.68,"","","",""
RW5,5969,10/24/2023 9:55,17.8,44.12,"","","",""
RW5,5970,10/24/2023 10:00,17.8,201.12,"","","",""
RW5,5971,10/24/2023 10:05,17.84,394.88,"","","",""
RW5,5972,10/24/2023 10:10,17.84,1308.8,"","","",""
RW5,5973,10/24/2023 10:15,17.8,424.48,"","","",""
RW5,5974,10/24/2023 10:20,17.8,147.72,"","","",""
RW5,5975,10/24/2023 10:25,17.84,336.32,"","","",""
RW5,5976,10/24/2023 10:30,17.93,245.2,"","","",""
RW5,5977,10/24/2023 10:35,17.97,2356.48,"","","",""
RW5,5978,10/24/2023 10:40,17.97,368.64,"","","",""
RW5,5979,10/24/2023 10:45,18.14,3162.88,"","","",""
RW5,5980,10/24/2023 10:50,18.1,1173.76,"","","",""
RW5,5981,10/24/2023 10:55,18.19,1899.52,"","","",""
RW5,5982,10/24/2023 11:00,18.14,1016.32,"","","",""
RW5,5983,10/24/2023 11:05,18.27,964.8,"","","",""
RW5,5984,10/24/2023 11:10,18.32,2357.12,"","","",""
RW5,5985,10/24/2023 11:15,18.36,562.4,"","","",""
RW5,5986,10/24/2023 11:20,18.49,9297.92,"","","",""
RW5,5987,10/24/2023 11:25,18.49,178.88,"","","",""
RW5,5988,10/24/2023 11:30,18.36,352.48,"","","",""
RW5,5989,10/24/2023 11:35,18.53,435.2,"","","",""
RW5,5990,10/24/2023 11:40,19,3434.24,"","","",""
RW5,5991,10/24/2023 11:45,19.6,8317.44,"","","",""
RW5,5992,10/24/2023 11:50,19.26,4193.28,"","","",""
RW5,5993,10/24/2023 11:55,19.39,2478.72,"","","",""
RW5,5994,10/24/2023 12:00,19.56,2464.64,"","","",""
RW5,5995,10/24/2023 12:05,19.65,2720,"","","",""
RW5,5996,10/24/2023 12:10,19.77,3132.16,"","","",""
RW5,5997,10/24/2023 12:15,19.82,13818.88,"","","",""
RW5,5998,10/24/2023 12:20,20.16,4979.2,"","","",""
RW5,5999,10/24/2023 12:25,19.86,1545.6,"","","",""
RW5,6000,10/24/2023 12:30,20.07,2807.04,"","","",""
RW5,6001,10/24/2023 12:35,19.95,1234.24,"","","",""
RW5,6002,10/24/2023 12:40,19.99,2862.08,"","","",""
RW5,6003,10/24/2023 12:45,20.12,7032.32,"","","",""
RW5,6004,10/24/2023 12:50,20.07,2668.8,"","","",""
RW5,6005,10/24/2023 12:55,19.99,4399.36,"","","",""
RW5,6006,10/24/2023 13:00,20.25,4300.8,"","","",""
RW5,6007,10/24/2023 13:05,20.25,4595.2,"","","",""
RW5,6008,10/24/2023 13:10,20.29,2752,"","","",""
RW5,6009,10/24/2023 13:15,20.16,856.32,"","","",""
RW5,6010,10/24/2023 13:20,20.12,960,"","","",""
RW5,6011,10/24/2023 13:25,20.2,1242.88,"","","",""
RW5,6012,10/24/2023 13:30,20.37,1862.4,"","","",""
RW5,6013,10/24/2023 13:35,20.33,7342.08,"","","",""
RW5,6014,10/24/2023 13:40,20.2,3688.96,"","","",""
RW5,6015,10/24/2023 13:45,19.95,648.64,"","","",""
RW5,6016,10/24/2023 13:50,20.5,1416.96,"","","",""
RW5,6017,10/24/2023 13:55,20.03,581.92,"","","",""
RW5,6018,10/24/2023 14:00,20.03,3294.72,"","","",""
RW5,6019,10/24/2023 14:05,19.82,599.36,"","","",""
RW5,6020,10/24/2023 14:10,19.82,2423.68,"","","",""
RW5,6021,10/24/2023 14:15,19.82,674.88,"","","",""
RW5,6022,10/24/2023 14:20,19.65,293.84,"","","",""
RW5,6023,10/24/2023 14:25,19.65,2615.68,"","","",""
RW5,6024,10/24/2023 14:30,19.56,2855.68,"","","",""
RW5,6025,10/24/2023 14:35,19.52,112.56,"","","",""
RW5,6026,10/24/2023 14:40,19.52,1657.6,"","","",""
RW5,6027,10/24/2023 14:45,19.47,2425.6,"","","",""
RW5,6028,10/24/2023 14:50,19.47,685.12,"","","",""
RW5,6029,10/24/2023 14:55,19.47,1328,"","","",""
RW5,6030,10/24/2023 15:00,19.47,4669.44,"","","",""
RW5,6031,10/24/2023 15:05,19.52,302.64,"","","",""
RW5,6032,10/24/2023 15:10,19.52,438.4,"","","",""
RW5,6033,10/24/2023 15:15,19.52,67.36,"","","",""
RW5,6034,10/24/2023 15:20,19.52,344.64,"","","",""
RW5,6035,10/24/2023 15:25,19.56,637.92,"","","",""
RW5,6036,10/24/2023 15:30,19.56,1649.92,"","","",""
RW5,6037,10/24/2023 15:35,19.47,118.16,"","","",""
RW5,6038,10/24/2023 15:40,19.56,1825.92,"","","",""
RW5,6039,10/24/2023 15:45,19.47,892.16,"","","",""
RW5,6040,10/24/2023 15:50,19.52,525.12,"","","",""
RW5,6041,10/24/2023 15:55,19.56,530.88,"","","",""
RW5,6042,10/24/2023 16:00,19.47,2746.88,"","","",""
RW5,6043,10/24/2023 16:05,19.56,42.28,"","","",""
RW5,6044,10/24/2023 16:10,19.52,808.64,"","","",""
RW5,6045,10/24/2023 16:15,19.47,80.86,"","","",""
RW5,6046,10/24/2023 16:20,19.47,20.29,"","","",""
RW5,6047,10/24/2023 16:25,19.39,1340.8,"","","",""
RW5,6048,10/24/2023 16:30,19.35,1370.24,"","","",""
RW5,6049,10/24/2023 16:35,19.3,38.9,"","","",""
RW5,6050,10/24/2023 16:40,19.26,7.35,"","","",""
RW5,6051,10/24/2023 16:45,19.3,188.32,"","","",""
RW5,6052,10/24/2023 16:50,19.3,32.29,"","","",""
RW5,6053,10/24/2023 16:55,19.3,685.12,"","","",""
RW5,6054,10/24/2023 17:00,19.3,462.4,"","","",""
RW5,6055,10/24/2023 17:05,19.35,161.48,"","","",""
RW5,6056,10/24/2023 17:10,19.3,297.28,"","","",""
RW5,6057,10/24/2023 17:15,19.26,25.15,"","","",""
RW5,6058,10/24/2023 17:20,19.26,73.58,"","","",""
RW5,6059,10/24/2023 17:25,19.3,7.77,"","","",""
RW5,6060,10/24/2023 17:30,19.22,18.02,"","","",""
RW5,6061,10/24/2023 17:35,19.22,526.4,"","","",""
RW5,6062,10/24/2023 17:40,19.26,2.22,"","","",""
RW5,6063,10/24/2023 17:45,19.22,33.62,"","","",""
RW5,6064,10/24/2023 17:50,19.17,20.24,"","","",""
RW5,6065,10/24/2023 17:55,19.17,8.88,"","","",""
RW5,6066,10/24/2023 18:00,19.17,0,"","","",""
RW5,6067,10/24/2023 18:05,19.13,11.77,"","","",""
RW5,6068,10/24/2023 18:10,19.13,3.55,"","","",""
RW5,6069,10/24/2023 18:15,19.13,0,"","","",""
RW5,6070,10/24/2023 18:20,19.13,0,"","","",""
RW5,6071,10/24/2023 18:25,19.09,0,"","","",""
RW5,6072,10/24/2023 18:30,19.13,0,"","","",""
RW5,6073,10/24/2023 18:35,19.05,0,"","","",""
RW5,6074,10/24/2023 18:40,19.05,0,"","","",""
RW5,6075,10/24/2023 18:45,19.05,0,"","","",""
RW5,6076,10/24/2023 18:50,19.05,0,"","","",""
RW5,6077,10/24/2023 18:55,19,0,"","","",""
RW5,6078,10/24/2023 19:00,19,0,"","","",""
RW5,6079,10/24/2023 19:05,19.05,0,"","","",""
RW5,6080,10/24/2023 19:10,19.05,0,"","","",""
RW5,6081,10/24/2023 19:15,19.05,0,"","","",""
RW5,6082,10/24/2023 19:20,19.05,0,"","","",""
RW5,6083,10/24/2023 19:25,19,0,"","","",""
RW5,6084,10/24/2023 19:30,18.92,0,"","","",""
RW5,6085,10/24/2023 19:35,18.96,0,"","","",""
RW5,6086,10/24/2023 19:40,18.96,0,"","","",""
RW5,6087,10/24/2023 19:45,18.96,0,"","","",""
RW5,6088,10/24/2023 19:50,18.96,0,"","","",""
RW5,6089,10/24/2023 19:55,18.96,0,"","","",""
RW5,6090,10/24/2023 20:00,18.96,0,"","","",""
RW5,6091,10/24/2023 20:05,18.96,0,"","","",""
RW5,6092,10/24/2023 20:10,18.96,0,"","","",""
RW5,6093,10/24/2023 20:15,18.96,0,"","","",""
RW5,6094,10/24/2023 20:20,19,0,"","","",""
RW5,6095,10/24/2023 20:25,18.96,0,"","","",""
RW5,6096,10/24/2023 20:30,18.92,0,"","","",""
RW5,6097,10/24/2023 20:35,18.96,0,"","","",""
RW5,6098,10/24/2023 20:40,18.92,0,"","","",""
RW5,6099,10/24/2023 20:45,18.96,0,"","","",""
RW5,6100,10/24/2023 20:50,18.96,0,"","","",""
RW5,6101,10/24/2023 20:55,18.96,0,"","","",""
RW5,6102,10/24/2023 21:00,18.92,0,"","","",""
RW5,6103,10/24/2023 21:05,18.92,0,"","","",""
RW5,6104,10/24/2023 21:10,18.92,0,"","","",""
RW5,6105,10/24/2023 21:15,18.92,0,"","","",""
RW5,6106,10/24/2023 21:20,18.92,0,"","","",""
RW5,6107,10/24/2023 21:25,18.92,0,"","","",""
RW5,6108,10/24/2023 21:30,18.96,0,"","","",""
RW5,6109,10/24/2023 21:35,18.92,0,"","","",""
RW5,6110,10/24/2023 21:40,18.92,0,"","","",""
RW5,6111,10/24/2023 21:45,18.96,0,"","","",""
RW5,6112,10/24/2023 21:50,18.92,0,"","","",""
RW5,6113,10/24/2023 21:55,18.92,0,"","","",""
RW5,6114,10/24/2023 22:00,18.87,0,"","","",""
RW5,6115,10/24/2023 22:05,18.87,0,"","","",""
RW5,6116,10/24/2023 22:10,18.83,0,"","","",""
RW5,6117,10/24/2023 22:15,18.87,0,"","","",""
RW5,6118,10/24/2023 22:20,18.87,0,"","","",""
RW5,6119,10/24/2023 22:25,18.79,0,"","","",""
RW5,6120,10/24/2023 22:30,18.83,0,"","","",""
RW5,6185,10/25/2023 3:55,17.63,0,"","","",""
RW5,6186,10/25/2023 4:00,17.97,0,"","","",""
RW5,6187,10/25/2023 4:05,18.36,0,"","","",""
RW5,6188,10/25/2023 4:10,18.62,0,"","","",""
RW5,6189,10/25/2023 4:15,18.74,0,"","","",""
RW5,6190,10/25/2023 4:20,18.79,0,"","","",""
RW5,6191,10/25/2023 4:25,18.83,0,"","","",""
RW5,6192,10/25/2023 4:30,18.92,0,"","","",""
RW5,6193,10/25/2023 4:35,18.96,0,"","","",""
RW5,6194,10/25/2023 4:40,19,0,"","","",""
RW5,6195,10/25/2023 4:45,18.96,0,"","","",""
RW5,6196,10/25/2023 4:50,19,0,"","","",""
RW5,6197,10/25/2023 4:55,19,0,"","","",""
RW5,6198,10/25/2023 5:00,19.05,0,"","","",""
RW5,6199,10/25/2023 5:05,19,0,"","","",""
RW5,6200,10/25/2023 5:10,19.05,0,"","","",""
RW5,6201,10/25/2023 5:15,19.05,0,"","","",""
RW5,6202,10/25/2023 5:20,19.05,0,"","","",""
RW5,6203,10/25/2023 5:25,19.05,0,"","","",""
RW5,6204,10/25/2023 5:30,19.05,0,"","","",""
RW5,6205,10/25/2023 5:35,19.05,0,"","","",""
RW5,6206,10/25/2023 5:40,19.09,0,"","","",""
RW5,6207,10/25/2023 5:45,19.05,0,"","","",""
RW5,6208,10/25/2023 5:50,19.09,0,"","","",""
RW5,6209,10/25/2023 5:55,19.05,0,"","","",""
RW5,6210,10/25/2023 6:00,19.09,0,"","","",""
RW5,6211,10/25/2023 6:05,19.13,0,"","","",""
RW5,6212,10/25/2023 6:10,19.09,0,"","","",""
RW5,6213,10/25/2023 6:15,19.09,0,"","","",""
RW5,6214,10/25/2023 6:20,19.09,0,"","","",""
RW5,6215,10/25/2023 6:25,19.09,0,"","","",""
RW5,6216,10/25/2023 6:30,19.13,0,"","","",""
RW5,6217,10/25/2023 6:35,19.13,0,"","","",""
RW5,6218,10/25/2023 6:40,19.13,0,"","","",""
RW5,6219,10/25/2023 6:45,19.13,0,"","","",""
RW5,6220,10/25/2023 6:50,19.13,0,"","","",""
RW5,6221,10/25/2023 6:55,19.13,0,"","","",""
RW5,6222,10/25/2023 7:00,19.09,0,"","","",""
RW5,6223,10/25/2023 7:05,19.09,0,"","","",""
RW5,6224,10/25/2023 7:10,19.13,0,"","","",""
RW5,6225,10/25/2023 7:15,19.13,0,"","","",""
RW5,6226,10/25/2023 7:20,19.13,24.71,"","","",""
RW5,6227,10/25/2023 7:25,19.13,0,"","","",""
RW5,6228,10/25/2023 7:30,19.13,18.46,"","","",""
RW5,6229,10/25/2023 7:35,19.13,44.78,"","","",""
RW5,6230,10/25/2023 7:40,19.13,24.04,"","","",""
RW5,6231,10/25/2023 7:45,19.17,27.63,"","","",""
RW5,6232,10/25/2023 7:50,19.13,16.88,"","","",""
RW5,6233,10/25/2023 7:55,19.17,5.77,"","","",""
RW5,6234,10/25/2023 8:00,19.17,5.77,"","","",""
RW5,6235,10/25/2023 8:05,19.13,1.99,"","","",""
RW5,6236,10/25/2023 8:10,19.13,11.1,"","","",""
RW5,6237,10/25/2023 8:15,19.13,91,"","","",""
RW5,6238,10/25/2023 8:20,19.13,13.55,"","","",""
RW5,6239,10/25/2023 8:25,19.13,34.79,"","","",""
RW5,6240,10/25/2023 8:30,19.17,207.04,"","","",""
RW5,6241,10/25/2023 8:35,19.22,32.29,"","","",""
RW5,6242,10/25/2023 8:40,19.13,28.51,"","","",""
RW5,6243,10/25/2023 8:45,19.17,75.86,"","","",""
RW5,6244,10/25/2023 8:50,19.22,201.76,"","","",""
RW5,6245,10/25/2023 8:55,19.17,7.33,"","","",""
RW5,6246,10/25/2023 9:00,19.17,444.64,"","","",""
RW5,6247,10/25/2023 9:05,19.17,12.05,"","","",""
RW5,6248,10/25/2023 9:10,19.17,211.44,"","","",""
RW5,6249,10/25/2023 9:15,19.17,0.44,"","","",""
RW5,6250,10/25/2023 9:20,19.17,528.64,"","","",""
RW5,6251,10/25/2023 9:25,19.17,551.68,"","","",""
RW5,6252,10/25/2023 9:30,19.17,142.84,"","","",""
RW5,6253,10/25/2023 9:35,19.22,202.64,"","","",""
RW5,6254,10/25/2023 9:40,19.17,88.08,"","","",""
RW5,6255,10/25/2023 9:45,19.17,338.24,"","","",""
RW5,6256,10/25/2023 9:50,19.22,84.88,"","","",""
RW5,6257,10/25/2023 9:55,19.22,135.92,"","","",""
RW5,6258,10/25/2023 10:00,19.22,146.4,"","","",""
RW5,6259,10/25/2023 10:05,19.22,209.12,"","","",""
RW5,6260,10/25/2023 10:10,19.17,1436.8,"","","",""
RW5,6261,10/25/2023 10:15,19.22,1034.24,"","","",""
RW5,6262,10/25/2023 10:20,19.22,34.07,"","","",""
RW5,6263,10/25/2023 10:25,19.26,194.16,"","","",""
RW5,6264,10/25/2023 10:30,19.22,1569.92,"","","",""
RW5,6265,10/25/2023 10:35,19.26,168.88,"","","",""
RW5,6266,10/25/2023 10:40,19.22,1572.48,"","","",""
RW5,6267,10/25/2023 10:45,19.26,22.79,"","","",""
RW5,6268,10/25/2023 10:50,19.3,728.96,"","","",""
RW5,6269,10/25/2023 10:55,19.3,609.92,"","","",""
RW5,6270,10/25/2023 11:00,19.3,614.4,"","","",""
RW5,6271,10/25/2023 11:05,19.35,300.96,"","","",""
RW5,6272,10/25/2023 11:10,19.47,5898.24,"","","",""
RW5,6273,10/25/2023 11:15,19.56,6755.84,"","","",""
RW5,6274,10/25/2023 11:20,19.52,3091.2,"","","",""
RW5,6275,10/25/2023 11:25,19.77,4151.04,"","","",""
RW5,6276,10/25/2023 11:30,19.82,5893.12,"","","",""
RW5,6277,10/25/2023 11:35,19.82,3287.04,"","","",""
RW5,6278,10/25/2023 11:40,19.95,4389.12,"","","",""
RW5,6279,10/25/2023 11:45,20.29,5061.12,"","","",""
RW5,6280,10/25/2023 11:50,20.46,5143.04,"","","",""
RW5,6281,10/25/2023 11:55,20.5,5245.44,"","","",""
RW5,6322,10/25/2023 15:20,21.49,1970.56,"","","",""
RW5,6323,10/25/2023 15:25,21.4,2871.04,"","","",""
RW5,6324,10/25/2023 15:30,21.62,2769.92,"","","",""
RW5,6325,10/25/2023 15:35,21.49,2882.56,"","","",""
RW5,6326,10/25/2023 15:40,21.45,4503.04,"","","",""
RW5,6327,10/25/2023 15:45,21.19,5675.52,"","","",""
RW5,6328,10/25/2023 15:50,20.93,4367.36,"","","",""
RW5,6329,10/25/2023 15:55,20.85,4705.28,"","","",""
RW5,6330,10/25/2023 16:00,20.68,497.92,"","","",""
RW5,6331,10/25/2023 16:05,20.46,1018.24,"","","",""
RW5,6332,10/25/2023 16:10,20.46,2711.04,"","","",""
RW5,6333,10/25/2023 16:15,20.33,539.36,"","","",""
RW5,6334,10/25/2023 16:20,20.33,1776,"","","",""
RW5,6335,10/25/2023 16:25,20.33,1441.28,"","","",""
RW5,6336,10/25/2023 16:30,20.25,520.64,"","","",""
RW5,6337,10/25/2023 16:35,20.2,583.68,"","","",""
RW5,6338,10/25/2023 16:40,20.16,2208.64,"","","",""
RW5,6339,10/25/2023 16:45,20.12,311.52,"","","",""
RW5,6340,10/25/2023 16:50,20.12,796.8,"","","",""
RW5,6341,10/25/2023 16:55,20.12,314.64,"","","",""
RW5,6342,10/25/2023 17:00,20.12,212.88,"","","",""
RW5,6343,10/25/2023 17:05,20.07,342.08,"","","",""
RW5,6344,10/25/2023 17:10,20.12,358.88,"","","",""
RW5,6345,10/25/2023 17:15,20.07,181.2,"","","",""
RW5,6346,10/25/2023 17:20,20.03,139.4,"","","",""
RW5,6347,10/25/2023 17:25,20.03,7.16,"","","",""
RW5,6348,10/25/2023 17:30,20.07,381.12,"","","",""
RW5,6349,10/25/2023 17:35,20.07,92.4,"","","",""
RW5,6350,10/25/2023 17:40,20.12,8.21,"","","",""
RW5,6351,10/25/2023 17:45,20.07,69.58,"","","",""
RW5,6352,10/25/2023 17:50,20.03,8.88,"","","",""
RW5,6353,10/25/2023 17:55,20.03,2.22,"","","",""
RW5,6354,10/25/2023 18:00,20.03,126.6,"","","",""
RW5,6355,10/25/2023 18:05,20.07,1.55,"","","",""
RW5,6356,10/25/2023 18:10,20.07,3.33,"","","",""
RW5,6357,10/25/2023 18:15,20.03,0,"","","",""
RW5,6358,10/25/2023 18:20,19.99,1.33,"","","",""
RW5,6359,10/25/2023 18:25,19.99,0,"","","",""
RW5,6360,10/25/2023 18:30,19.99,0,"","","",""
RW5,6361,10/25/2023 18:35,19.99,0,"","","",""
RW5,6362,10/25/2023 18:40,19.99,0,"","","",""
RW5,6363,10/25/2023 18:45,19.95,0,"","","",""
RW5,6364,10/25/2023 18:50,19.95,0,"","","",""
RW5,6365,10/25/2023 18:55,19.95,0,"","","",""
RW5,6366,10/25/2023 19:00,19.95,0,"","","",""
RW5,6367,10/25/2023 19:05,19.95,0,"","","",""
RW5,6368,10/25/2023 19:10,19.95,0,"","","",""
RW5,6369,10/25/2023 19:15,19.95,0,"","","",""
RW5,6370,10/25/2023 19:20,19.9,0,"","","",""
RW5,6371,10/25/2023 19:25,19.95,0,"","","",""
RW5,6372,10/25/2023 19:30,19.9,0,"","","",""
RW5,6373,10/25/2023 19:35,19.9,0,"","","",""
RW5,6374,10/25/2023 19:40,19.95,0,"","","",""
RW5,6375,10/25/2023 19:45,19.95,0,"","","",""
RW5,6376,10/25/2023 19:50,19.95,0,"","","",""
RW5,6377,10/25/2023 19:55,19.95,0,"","","",""
RW5,6378,10/25/2023 20:00,19.9,0,"","","",""
RW5,6379,10/25/2023 20:05,19.9,0,"","","",""
RW5,6380,10/25/2023 20:10,19.9,0,"","","",""
RW5,6381,10/25/2023 20:15,19.86,0,"","","",""
RW5,6382,10/25/2023 20:20,19.86,0,"","","",""
RW5,6383,10/25/2023 20:25,19.82,0,"","","",""
RW5,6384,10/25/2023 20:30,19.86,0,"","","",""
RW5,6385,10/25/2023 20:35,19.9,0,"","","",""
RW5,6386,10/25/2023 20:40,19.86,0,"","","",""
RW5,6387,10/25/2023 20:45,19.9,0,"","","",""
RW5,6388,10/25/2023 20:50,19.86,0,"","","",""
RW5,6389,10/25/2023 20:55,19.86,0,"","","",""
RW5,6390,10/25/2023 21:00,19.86,0,"","","",""
RW5,6391,10/25/2023 21:05,19.86,0,"","","",""
RW5,6392,10/25/2023 21:10,19.82,0,"","","",""
RW5,6393,10/25/2023 21:15,19.82,0,"","","",""
RW5,6394,10/25/2023 21:20,19.82,0,"","","",""
RW5,6395,10/25/2023 21:25,19.82,0,"","","",""
RW5,6396,10/25/2023 21:30,19.82,0,"","","",""
RW5,6397,10/25/2023 21:35,19.77,0,"","","",""
RW5,6398,10/25/2023 21:40,19.82,0,"","","",""
RW5,6399,10/25/2023 21:45,19.77,0,"","","",""
RW5,6400,10/25/2023 21:50,19.73,0,"","","",""
RW5,6401,10/25/2023 21:55,19.77,0,"","","",""
RW5,6402,10/25/2023 22:00,19.77,0,"","","",""
RW5,6403,10/25/2023 22:05,19.73,0,"","","",""
RW5,6404,10/25/2023 22:10,19.69,0,"","","",""
RW5,6405,10/25/2023 22:15,19.69,0,"","","",""
RW5,6406,10/25/2023 22:20,19.69,0,"","","",""
RW5,6407,10/25/2023 22:25,19.73,0,"","","",""
RW5,6408,10/25/2023 22:30,19.69,0,"","","",""
RW5,6409,10/25/2023 22:35,19.69,0,"","","",""
RW5,6410,10/25/2023 22:40,19.65,0,"","","",""
RW5,6411,10/25/2023 22:45,19.6,0,"","","",""
RW5,6412,10/25/2023 22:50,19.56,0,"","","",""
RW5,6413,10/25/2023 22:55,19.52,0,"","","",""
RW5,6414,10/25/2023 23:00,19.47,0,"","","",""
RW5,6415,10/25/2023 23:05,19.39,0,"","","",""
RW5,6416,10/25/2023 23:10,19.26,0,"","","",""
RW5,6417,10/25/2023 23:15,19.09,0,"","","",""
RW5,6478,10/26/2023 4:20,17.24,0,"","","",""
RW5,6479,10/26/2023 4:25,18.06,0,"","","",""
RW5,6480,10/26/2023 4:30,18.32,0,"","","",""
RW5,6481,10/26/2023 4:35,18.53,0,"","","",""
RW5,6482,10/26/2023 4:40,18.79,0,"","","",""
RW5,6483,10/26/2023 4:45,18.79,0,"","","",""
RW5,6484,10/26/2023 4:50,18.92,0,"","","",""
RW5,6485,10/26/2023 4:55,19.05,0,"","","",""
RW5,6486,10/26/2023 5:00,19.17,0,"","","",""
RW5,6487,10/26/2023 5:05,19.26,0,"","","",""
RW5,6488,10/26/2023 5:10,19.22,0,"","","",""
RW5,6489,10/26/2023 5:15,19.26,0,"","","",""
RW5,6490,10/26/2023 5:20,19.26,0,"","","",""
RW5,6491,10/26/2023 5:25,19.3,0,"","","",""
RW5,6492,10/26/2023 5:30,19.35,0,"","","",""
RW5,6493,10/26/2023 5:35,19.39,0,"","","",""
RW5,6494,10/26/2023 5:40,19.35,0,"","","",""
RW5,6495,10/26/2023 5:45,19.35,0,"","","",""
RW5,6496,10/26/2023 5:50,19.35,0,"","","",""
RW5,6497,10/26/2023 5:55,19.35,0,"","","",""
RW5,6498,10/26/2023 6:00,19.35,0,"","","",""
RW5,6499,10/26/2023 6:05,19.39,0,"","","",""
RW5,6500,10/26/2023 6:10,19.39,0,"","","",""
RW5,6501,10/26/2023 6:15,19.35,0,"","","",""
RW5,6502,10/26/2023 6:20,19.39,0,"","","",""
RW5,6503,10/26/2023 6:25,19.39,0,"","","",""
RW5,6504,10/26/2023 6:30,19.39,0,"","","",""
RW5,6505,10/26/2023 6:35,19.3,0,"","","",""
RW5,6506,10/26/2023 6:40,19.35,0,"","","",""
RW5,6507,10/26/2023 6:45,19.35,0,"","","",""
RW5,6508,10/26/2023 6:50,19.35,0.44,"","","",""
RW5,6509,10/26/2023 6:55,19.35,15.55,"","","",""
RW5,6510,10/26/2023 7:00,19.35,29.4,"","","",""
RW5,6511,10/26/2023 7:05,19.3,4.88,"","","",""
RW5,6512,10/26/2023 7:10,19.3,8.21,"","","",""
RW5,6513,10/26/2023 7:15,19.3,0,"","","",""
RW5,6514,10/26/2023 7:20,19.35,15.55,"","","",""
RW5,6515,10/26/2023 7:25,19.35,128.4,"","","",""
RW5,6516,10/26/2023 7:30,19.3,21.79,"","","",""
RW5,6517,10/26/2023 7:35,19.3,1.33,"","","",""
RW5,6518,10/26/2023 7:40,19.3,16.68,"","","",""
RW5,6519,10/26/2023 7:45,19.3,643.68,"","","",""
RW5,6520,10/26/2023 7:50,19.3,18.66,"","","",""
RW5,6521,10/26/2023 7:55,19.26,89.6,"","","",""
RW5,6522,10/26/2023 8:00,19.26,83.4,"","","",""
RW5,6523,10/26/2023 8:05,19.26,393.6,"","","",""
RW5,6524,10/26/2023 8:10,19.26,613.92,"","","",""
RW5,6525,10/26/2023 8:15,19.26,156.16,"","","",""
RW5,6526,10/26/2023 8:20,19.22,9.55,"","","",""
RW5,6527,10/26/2023 8:25,19.26,823.04,"","","",""
RW5,6528,10/26/2023 8:30,19.26,25.82,"","","",""
RW5,6529,10/26/2023 8:35,19.22,408.32,"","","",""
RW5,6530,10/26/2023 8:40,19.17,3116.8,"","","",""
RW5,6531,10/26/2023 8:45,19.26,2539.52,"","","",""
RW5,6532,10/26/2023 8:50,19.26,47.56,"","","",""
RW5,6533,10/26/2023 8:55,19.22,129.44,"","","",""
RW5,6534,10/26/2023 9:00,19.13,1254.72,"","","",""
RW5,6535,10/26/2023 9:05,19.09,165.12,"","","",""
RW5,6536,10/26/2023 9:10,19.17,891.52,"","","",""
RW5,6537,10/26/2023 9:15,19.26,38.51,"","","",""
RW5,6538,10/26/2023 9:20,19.22,623.36,"","","",""
RW5,6539,10/26/2023 9:25,19.22,1456,"","","",""
RW5,6540,10/26/2023 9:30,19.22,1202.88,"","","",""
RW5,6541,10/26/2023 9:35,19.26,473.92,"","","",""
RW5,6542,10/26/2023 9:40,19.22,49.98,"","","",""
RW5,6543,10/26/2023 9:45,19.22,504.16,"","","",""
RW5,6544,10/26/2023 9:50,19.22,136.92,"","","",""
RW5,6545,10/26/2023 9:55,19.26,151.92,"","","",""
RW5,6546,10/26/2023 10:00,19.26,98.24,"","","",""
RW5,6547,10/26/2023 10:05,19.26,478.88,"","","",""
RW5,6548,10/26/2023 10:10,19.22,406.88,"","","",""
RW5,6549,10/26/2023 10:15,19.26,73.02,"","","",""
RW5,6550,10/26/2023 10:20,19.26,908.16,"","","",""
RW5,6551,10/26/2023 10:25,19.35,632.16,"","","",""
RW5,6552,10/26/2023 10:30,19.39,8450.56,"","","",""
RW5,6553,10/26/2023 10:35,19.35,234,"","","",""
RW5,6554,10/26/2023 10:40,19.39,407.36,"","","",""
RW5,6555,10/26/2023 10:45,19.47,2461.44,"","","",""
RW5,6556,10/26/2023 10:50,19.56,5437.44,"","","",""
RW5,6557,10/26/2023 10:55,19.6,6410.24,"","","",""
RW5,6558,10/26/2023 11:00,19.6,3111.68,"","","",""
RW5,6559,10/26/2023 11:05,19.65,280.4,"","","",""
RW5,6560,10/26/2023 11:10,19.69,448,"","","",""
RW5,6561,10/26/2023 11:15,19.77,6965.76,"","","",""
RW5,6562,10/26/2023 11:20,19.77,1705.6,"","","",""
RW5,6563,10/26/2023 11:25,19.99,525.6,"","","",""
RW5,6564,10/26/2023 11:30,20.03,178.48,"","","",""
RW5,6565,10/26/2023 11:35,20.29,14264.32,"","","",""
RW5,6566,10/26/2023 11:40,20.93,12282.88,"","","",""
RW5,6567,10/26/2023 11:45,20.98,7457.28,"","","",""
RW5,6568,10/26/2023 11:50,20.85,1539.84,"","","",""
RW5,6569,10/26/2023 11:55,21.75,14679.04,"","","",""
RW5,6570,10/26/2023 12:00,22.18,12231.68,"","","",""
RW5,6626,10/26/2023 16:40,19.69,3692.8,"","","",""
RW5,6627,10/26/2023 16:45,19.43,2389.76,"","","",""
RW5,6628,10/26/2023 16:50,19.56,1101.76,"","","",""
RW5,6629,10/26/2023 16:55,19.69,1260.8,"","","",""
RW5,6630,10/26/2023 17:00,19.73,1245.76,"","","",""
RW5,6631,10/26/2023 17:05,19.69,1055.68,"","","",""
RW5,6632,10/26/2023 17:10,19.65,244.96,"","","",""
RW5,6633,10/26/2023 17:15,19.56,72.96,"","","",""
RW5,6634,10/26/2023 17:20,19.56,6.52,"","","",""
RW5,6635,10/26/2023 17:25,19.52,1123.2,"","","",""
RW5,6636,10/26/2023 17:30,19.56,117.84,"","","",""
RW5,6637,10/26/2023 17:35,19.56,28.85,"","","",""
RW5,6638,10/26/2023 17:40,19.47,121.88,"","","",""
RW5,6639,10/26/2023 17:45,19.52,33.04,"","","",""
RW5,6640,10/26/2023 17:50,19.47,23.63,"","","",""
RW5,6641,10/26/2023 17:55,19.47,45.28,"","","",""
RW5,6642,10/26/2023 18:00,19.39,12.02,"","","",""
RW5,6643,10/26/2023 18:05,19.39,5.33,"","","",""
RW5,6644,10/26/2023 18:10,19.39,0.44,"","","",""
RW5,6645,10/26/2023 18:15,19.43,0,"","","",""
RW5,6646,10/26/2023 18:20,19.43,0,"","","",""
RW5,6647,10/26/2023 18:25,19.35,0,"","","",""
RW5,6648,10/26/2023 18:30,19.39,0,"","","",""
RW5,6649,10/26/2023 18:35,19.35,0,"","","",""
RW5,6650,10/26/2023 18:40,19.39,0,"","","",""
RW5,6651,10/26/2023 18:45,19.3,0,"","","",""
RW5,6652,10/26/2023 18:50,19.26,0,"","","",""
RW5,6653,10/26/2023 18:55,19.22,0,"","","",""
RW5,6654,10/26/2023 19:00,19.22,0,"","","",""
RW5,6655,10/26/2023 19:05,19.17,0,"","","",""
RW5,6656,10/26/2023 19:10,19.17,0,"","","",""
RW5,6657,10/26/2023 19:15,19.17,0,"","","",""
RW5,6658,10/26/2023 19:20,19.09,0,"","","",""
RW5,6659,10/26/2023 19:25,19.09,0,"","","",""
RW5,6660,10/26/2023 19:30,19.05,0,"","","",""
RW5,6661,10/26/2023 19:35,19.05,0,"","","",""
RW5,6662,10/26/2023 19:40,19.05,0,"","","",""
RW5,6663,10/26/2023 19:45,19.05,0,"","","",""
RW5,6664,10/26/2023 19:50,19,0,"","","",""
RW5,6665,10/26/2023 19:55,18.96,0,"","","",""
RW5,6666,10/26/2023 20:00,18.92,0,"","","",""
RW5,6667,10/26/2023 20:05,18.92,0,"","","",""
RW5,6668,10/26/2023 20:10,18.87,0,"","","",""
RW5,6669,10/26/2023 20:15,18.87,0,"","","",""
RW5,6670,10/26/2023 20:20,18.79,0,"","","",""
RW5,6671,10/26/2023 20:25,18.79,0,"","","",""
RW5,6672,10/26/2023 20:30,18.79,0,"","","",""
RW5,6673,10/26/2023 20:35,18.66,0,"","","",""
RW5,6674,10/26/2023 20:40,18.7,0,"","","",""
RW5,6675,10/26/2023 20:45,18.66,0,"","","",""
RW5,6676,10/26/2023 20:50,18.62,0,"","","",""
RW5,6677,10/26/2023 20:55,18.66,0,"","","",""
RW5,6678,10/26/2023 21:00,18.62,0,"","","",""
RW5,6679,10/26/2023 21:05,18.57,0,"","","",""
RW5,6680,10/26/2023 21:10,18.53,0,"","","",""
RW5,6681,10/26/2023 21:15,18.53,0,"","","",""
RW5,6682,10/26/2023 21:20,18.53,0,"","","",""
RW5,6683,10/26/2023 21:25,18.44,0,"","","",""
RW5,6684,10/26/2023 21:30,18.49,0,"","","",""
RW5,6685,10/26/2023 21:35,18.44,0,"","","",""
RW5,6686,10/26/2023 21:40,18.44,0,"","","",""
RW5,6687,10/26/2023 21:45,18.44,0,"","","",""
RW5,6688,10/26/2023 21:50,18.44,0,"","","",""
RW5,6689,10/26/2023 21:55,18.4,0,"","","",""
RW5,6690,10/26/2023 22:00,18.4,0,"","","",""
RW5,6691,10/26/2023 22:05,18.4,0,"","","",""
RW5,6692,10/26/2023 22:10,18.4,0,"","","",""
RW5,6693,10/26/2023 22:15,18.32,0,"","","",""
RW5,6694,10/26/2023 22:20,18.36,0,"","","",""
RW5,6695,10/26/2023 22:25,18.36,0,"","","",""
RW5,6696,10/26/2023 22:30,18.32,0,"","","",""
RW5,6697,10/26/2023 22:35,18.27,0,"","","",""
RW5,6698,10/26/2023 22:40,18.32,0,"","","",""
RW5,6699,10/26/2023 22:45,18.27,0,"","","",""
RW5,6700,10/26/2023 22:50,18.27,0,"","","",""
RW5,6701,10/26/2023 22:55,18.23,0,"","","",""
RW5,6702,10/26/2023 23:00,18.23,0,"","","",""
RW5,6703,10/26/2023 23:05,18.23,0,"","","",""
RW5,6704,10/26/2023 23:10,18.19,0,"","","",""
RW5,6705,10/26/2023 23:15,18.14,0,"","","",""
RW5,6706,10/26/2023 23:20,18.19,0,"","","",""
RW5,6707,10/26/2023 23:25,18.14,0,"","","",""
RW5,6708,10/26/2023 23:30,18.14,0,"","","",""
RW5,6709,10/26/2023 23:35,18.1,0,"","","",""
RW5,6710,10/26/2023 23:40,18.06,0,"","","",""
RW5,6711,10/26/2023 23:45,17.63,0,"","","",""
RW5,6712,10/26/2023 23:50,17.11,0,"","","",""
RW5,6713,10/26/2023 23:55,17.29,0,"","","",""
RW5,6770,10/27/2023 4:40,16.08,0,"","","",""
RW5,6771,10/27/2023 4:45,15.91,0,"","","",""
RW5,6772,10/27/2023 4:50,16.77,0,"","","",""
RW5,6773,10/27/2023 4:55,17.2,0,"","","",""
RW5,6774,10/27/2023 5:00,17.37,0,"","","",""
RW5,6775,10/27/2023 5:05,17.41,0,"","","",""
RW5,6776,10/27/2023 5:10,17.59,0,"","","",""
RW5,6777,10/27/2023 5:15,17.63,0,"","","",""
RW5,6778,10/27/2023 5:20,17.63,0,"","","",""
RW5,6779,10/27/2023 5:25,17.67,0,"","","",""
RW5,6780,10/27/2023 5:30,17.67,0,"","","",""
RW5,6781,10/27/2023 5:35,17.72,0,"","","",""
RW5,6782,10/27/2023 5:40,17.72,0,"","","",""
RW5,6783,10/27/2023 5:45,17.72,0,"","","",""
RW5,6784,10/27/2023 5:50,17.72,0,"","","",""
RW5,6785,10/27/2023 5:55,17.67,0,"","","",""
RW5,6786,10/27/2023 6:00,17.63,0,"","","",""
RW5,6787,10/27/2023 6:05,17.59,0,"","","",""
RW5,6788,10/27/2023 6:10,17.63,0,"","","",""
RW5,6789,10/27/2023 6:15,17.63,0,"","","",""
RW5,6790,10/27/2023 6:20,17.54,0,"","","",""
RW5,6791,10/27/2023 6:25,17.63,0,"","","",""
RW5,6792,10/27/2023 6:30,17.59,0,"","","",""
RW5,6793,10/27/2023 6:35,17.5,0,"","","",""
RW5,6794,10/27/2023 6:40,17.41,0,"","","",""
RW5,6795,10/27/2023 6:45,17.37,0,"","","",""
RW5,6796,10/27/2023 6:50,17.46,0.66,"","","",""
RW5,6797,10/27/2023 6:55,17.37,0,"","","",""
RW5,6798,10/27/2023 7:00,17.41,3.33,"","","",""
RW5,6799,10/27/2023 7:05,17.46,0,"","","",""
RW5,6800,10/27/2023 7:10,17.54,22.93,"","","",""
RW5,6801,10/27/2023 7:15,17.54,17.8,"","","",""
RW5,6802,10/27/2023 7:20,17.5,23.15,"","","",""
RW5,6803,10/27/2023 7:25,17.46,4.22,"","","",""
RW5,6804,10/27/2023 7:30,17.46,62.22,"","","",""
RW5,6805,10/27/2023 7:35,17.5,0,"","","",""
RW5,6806,10/27/2023 7:40,17.5,85.16,"","","",""
RW5,6807,10/27/2023 7:45,17.5,174.8,"","","",""
RW5,6808,10/27/2023 7:50,17.46,11.1,"","","",""
RW5,6809,10/27/2023 7:55,17.41,3.55,"","","",""
RW5,6810,10/27/2023 8:00,17.37,7.33,"","","",""
RW5,6811,10/27/2023 8:05,17.41,4.66,"","","",""
RW5,6812,10/27/2023 8:10,17.37,31.65,"","","",""
RW5,6813,10/27/2023 8:15,17.37,340.96,"","","",""
RW5,6814,10/27/2023 8:20,17.37,210.64,"","","",""
RW5,6815,10/27/2023 8:25,17.41,44.14,"","","",""
RW5,6816,10/27/2023 8:30,17.33,9.1,"","","",""
RW5,6817,10/27/2023 8:35,17.29,6.88,"","","",""
RW5,6818,10/27/2023 8:40,17.24,7.55,"","","",""
RW5,6819,10/27/2023 8:45,17.24,1523.84,"","","",""
RW5,6820,10/27/2023 8:50,17.24,49.06,"","","",""
RW5,6821,10/27/2023 8:55,17.16,107.52,"","","",""
RW5,6822,10/27/2023 9:00,17.11,11.99,"","","",""
RW5,6823,10/27/2023 9:05,17.07,3.99,"","","",""
RW5,6824,10/27/2023 9:10,17.07,11.8,"","","",""
RW5,6825,10/27/2023 9:15,17.16,4.66,"","","",""
RW5,6826,10/27/2023 9:20,17.16,131.16,"","","",""
RW5,6827,10/27/2023 9:25,17.2,195.44,"","","",""
RW5,6828,10/27/2023 9:30,17.29,105.72,"","","",""
RW5,6829,10/27/2023 9:35,17.33,453.6,"","","",""
RW5,6830,10/27/2023 9:40,17.37,193.92,"","","",""
RW5,6831,10/27/2023 9:45,17.46,2080.64,"","","",""
RW5,6832,10/27/2023 9:50,17.5,5309.44,"","","",""
RW5,6833,10/27/2023 9:55,17.54,116.04,"","","",""
RW5,6834,10/27/2023 10:00,17.54,46.54,"","","",""
RW5,6835,10/27/2023 10:05,17.54,64.8,"","","",""
RW5,6836,10/27/2023 10:10,17.63,352.64,"","","",""
RW5,6837,10/27/2023 10:15,17.67,635.36,"","","",""
RW5,6838,10/27/2023 10:20,17.63,5683.2,"","","",""
RW5,6839,10/27/2023 10:25,17.67,784.96,"","","",""
RW5,6840,10/27/2023 10:30,17.76,10967.04,"","","",""
RW5,6841,10/27/2023 10:35,17.72,106.32,"","","",""
RW5,6842,10/27/2023 10:40,17.67,404,"","","",""
RW5,6843,10/27/2023 10:45,17.72,813.44,"","","",""
RW5,6844,10/27/2023 10:50,17.72,354.72,"","","",""
RW5,6845,10/27/2023 10:55,17.76,1490.56,"","","",""
RW5,6846,10/27/2023 11:00,17.8,2596.48,"","","",""
RW5,6847,10/27/2023 11:05,17.89,452.64,"","","",""
RW5,6848,10/27/2023 11:10,17.89,133.84,"","","",""
RW5,6849,10/27/2023 11:15,17.93,2988.8,"","","",""
RW5,6850,10/27/2023 11:20,17.97,12170.24,"","","",""
RW5,6851,10/27/2023 11:25,18.02,1311.36,"","","",""
RW5,6852,10/27/2023 11:30,18.06,1892.48,"","","",""
RW5,6853,10/27/2023 11:35,18.14,2343.68,"","","",""
RW5,6854,10/27/2023 11:40,18.23,1010.56,"","","",""
RW5,6855,10/27/2023 11:45,18.27,3434.24,"","","",""
RW5,6856,10/27/2023 11:50,18.36,304.56,"","","",""
RW5,6857,10/27/2023 11:55,18.44,169.92,"","","",""
RW5,6858,10/27/2023 12:00,18.62,2801.92,"","","",""
RW5,6859,10/27/2023 12:05,18.66,355.52,"","","",""
RW5,6860,10/27/2023 12:10,19.13,2342.4,"","","",""
RW5,6861,10/27/2023 12:15,19.35,3445.76,"","","",""
RW5,6862,10/27/2023 12:20,20.03,3048.96,"","","",""
RW5,6863,10/27/2023 12:25,20.16,3463.68,"","","",""
RW5,6929,10/27/2023 17:55,17.84,64.8,"","","",""
RW5,6930,10/27/2023 18:00,18.44,35.15,"","","",""
RW5,6931,10/27/2023 18:05,18.74,17.02,"","","",""
RW5,6932,10/27/2023 18:10,18.87,16.71,"","","",""
RW5,6933,10/27/2023 18:15,18.83,0,"","","",""
RW5,6934,10/27/2023 18:20,18.92,0.66,"","","",""
RW5,6935,10/27/2023 18:25,18.96,0,"","","",""
RW5,6936,10/27/2023 18:30,19,0,"","","",""
RW5,6937,10/27/2023 18:35,19,0,"","","",""
RW5,6938,10/27/2023 18:40,19.05,0,"","","",""
RW5,6939,10/27/2023 18:45,19,0,"","","",""
RW5,6940,10/27/2023 18:50,19,0,"","","",""
RW5,6941,10/27/2023 18:55,18.96,0,"","","",""
RW5,6942,10/27/2023 19:00,18.96,0,"","","",""
RW5,6943,10/27/2023 19:05,19,0,"","","",""
RW5,6944,10/27/2023 19:10,19,0,"","","",""
RW5,6945,10/27/2023 19:15,18.96,0,"","","",""
RW5,6946,10/27/2023 19:20,19,0,"","","",""
RW5,6947,10/27/2023 19:25,18.96,0,"","","",""
RW5,6948,10/27/2023 19:30,18.96,0,"","","",""
RW5,6949,10/27/2023 19:35,18.92,0,"","","",""
RW5,6950,10/27/2023 19:40,18.96,0,"","","",""
RW5,6951,10/27/2023 19:45,18.96,0,"","","",""
RW5,6952,10/27/2023 19:50,18.96,0,"","","",""
RW5,6953,10/27/2023 19:55,18.87,0,"","","",""
RW5,6954,10/27/2023 20:00,18.92,0,"","","",""
RW5,6955,10/27/2023 20:05,18.92,0,"","","",""
RW5,6956,10/27/2023 20:10,18.92,0,"","","",""
RW5,6957,10/27/2023 20:15,18.92,0,"","","",""
RW5,6958,10/27/2023 20:20,18.87,0,"","","",""
RW5,6959,10/27/2023 20:25,18.87,0,"","","",""
RW5,6960,10/27/2023 20:30,18.87,0,"","","",""
RW5,6961,10/27/2023 20:35,18.83,0,"","","",""
RW5,6962,10/27/2023 20:40,18.83,0,"","","",""
RW5,6963,10/27/2023 20:45,18.87,0,"","","",""
RW5,6964,10/27/2023 20:50,18.87,0,"","","",""
RW5,6965,10/27/2023 20:55,18.87,0,"","","",""
RW5,6966,10/27/2023 21:00,18.87,0,"","","",""
RW5,6967,10/27/2023 21:05,18.83,0,"","","",""
RW5,6968,10/27/2023 21:10,18.83,0,"","","",""
RW5,6969,10/27/2023 21:15,18.87,0,"","","",""
RW5,6970,10/27/2023 21:20,18.83,0,"","","",""
RW5,6971,10/27/2023 21:25,18.83,0,"","","",""
RW5,6972,10/27/2023 21:30,18.83,0,"","","",""
RW5,6973,10/27/2023 21:35,18.79,0,"","","",""
RW5,6974,10/27/2023 21:40,18.79,0,"","","",""
RW5,6975,10/27/2023 21:45,18.79,0,"","","",""
RW5,6976,10/27/2023 21:50,18.79,0,"","","",""
RW5,6977,10/27/2023 21:55,18.74,0,"","","",""
RW5,6978,10/27/2023 22:00,18.79,0,"","","",""
RW5,6979,10/27/2023 22:05,18.74,0,"","","",""
RW5,6980,10/27/2023 22:10,18.79,0,"","","",""
RW5,6981,10/27/2023 22:15,18.74,0,"","","",""
RW5,6982,10/27/2023 22:20,18.79,0,"","","",""
RW5,6983,10/27/2023 22:25,18.74,0,"","","",""
RW5,6984,10/27/2023 22:30,18.74,0,"","","",""
RW5,6985,10/27/2023 22:35,18.74,0,"","","",""
RW5,6986,10/27/2023 22:40,18.74,0,"","","",""
RW5,6987,10/27/2023 22:45,18.66,0,"","","",""
RW5,6988,10/27/2023 22:50,18.74,0,"","","",""
RW5,6989,10/27/2023 22:55,18.74,0,"","","",""
RW5,6990,10/27/2023 23:00,18.7,0,"","","",""
RW5,6991,10/27/2023 23:05,18.7,0,"","","",""
RW5,6992,10/27/2023 23:10,18.7,0,"","","",""
RW5,6993,10/27/2023 23:15,18.66,0,"","","",""
RW5,6994,10/27/2023 23:20,18.66,0,"","","",""
RW5,6995,10/27/2023 23:25,18.66,0,"","","",""
RW5,6996,10/27/2023 23:30,18.62,0,"","","",""
RW5,6997,10/27/2023 23:35,18.57,0,"","","",""
RW5,6998,10/27/2023 23:40,18.62,0,"","","",""
RW5,6999,10/27/2023 23:45,18.62,0,"","","",""
RW5,7000,10/27/2023 23:50,18.57,0,"","","",""
RW5,7001,10/27/2023 23:55,18.57,0,"","","",""
RW5,7002,10/28/2023 0:00,18.57,0,"","","",""
RW5,7003,10/28/2023 0:05,18.53,0,"","","",""
RW5,7004,10/28/2023 0:10,18.57,0,"","","",""
RW5,7005,10/28/2023 0:15,18.44,0,"","","",""
RW5,7006,10/28/2023 0:20,18.44,0,"","","",""
RW5,7007,10/28/2023 0:25,18.4,0,"","","",""
RW5,7008,10/28/2023 0:30,18.23,0,"","","",""
RW5,7009,10/28/2023 0:35,17.97,0,"","","",""
RW5,7010,10/28/2023 0:40,17.72,0,"","","",""
RW5,7011,10/28/2023 0:45,17.11,0,"","","",""
RW5,7012,10/28/2023 0:50,16.51,0,"","","",""
RW5,7061,10/28/2023 4:55,14.88,0,"","","",""
RW5,7062,10/28/2023 5:00,16.56,0,"","","",""
RW5,7063,10/28/2023 5:05,17.24,0,"","","",""
RW5,7064,10/28/2023 5:10,17.59,0,"","","",""
RW5,7065,10/28/2023 5:15,17.76,0,"","","",""
RW5,7066,10/28/2023 5:20,17.8,0,"","","",""
RW5,7067,10/28/2023 5:25,17.84,0,"","","",""
RW5,7068,10/28/2023 5:30,18.02,0,"","","",""
RW5,7069,10/28/2023 5:35,18.02,0,"","","",""
RW5,7070,10/28/2023 5:40,18.06,0,"","","",""
RW5,7071,10/28/2023 5:45,18.02,0,"","","",""
RW5,7072,10/28/2023 5:50,18.02,0,"","","",""
RW5,7073,10/28/2023 5:55,17.97,0,"","","",""
RW5,7074,10/28/2023 6:00,18.02,0,"","","",""
RW5,7075,10/28/2023 6:05,18.02,0,"","","",""
RW5,7076,10/28/2023 6:10,17.97,0,"","","",""
RW5,7077,10/28/2023 6:15,17.93,0,"","","",""
RW5,7078,10/28/2023 6:20,17.93,0,"","","",""
RW5,7079,10/28/2023 6:25,17.93,0,"","","",""
RW5,7080,10/28/2023 6:30,17.89,0,"","","",""
RW5,7081,10/28/2023 6:35,17.84,0,"","","",""
RW5,7082,10/28/2023 6:40,17.8,0,"","","",""
RW5,7083,10/28/2023 6:45,17.67,0,"","","",""
RW5,7084,10/28/2023 6:50,17.54,0,"","","",""
RW5,7085,10/28/2023 6:55,17.63,0,"","","",""
RW5,7086,10/28/2023 7:00,17.46,0,"","","",""
RW5,7087,10/28/2023 7:05,17.41,0,"","","",""
RW5,7088,10/28/2023 7:10,17.29,0.88,"","","",""
RW5,7089,10/28/2023 7:15,17.29,0.44,"","","",""
RW5,7090,10/28/2023 7:20,17.29,1.55,"","","",""
RW5,7091,10/28/2023 7:25,17.29,19.57,"","","",""
RW5,7092,10/28/2023 7:30,17.41,11.77,"","","",""
RW5,7093,10/28/2023 7:35,17.46,43.92,"","","",""
RW5,7094,10/28/2023 7:40,17.63,1.33,"","","",""
RW5,7095,10/28/2023 7:45,17.37,18.24,"","","",""
RW5,7096,10/28/2023 7:50,17.41,79.36,"","","",""
RW5,7097,10/28/2023 7:55,17.29,28.29,"","","",""
RW5,7098,10/28/2023 8:00,17.2,10.66,"","","",""
RW5,7099,10/28/2023 8:05,17.24,18.24,"","","",""
RW5,7100,10/28/2023 8:10,17.37,22.27,"","","",""
RW5,7101,10/28/2023 8:15,17.54,76.94,"","","",""
RW5,7102,10/28/2023 8:20,17.54,25.63,"","","",""
RW5,7103,10/28/2023 8:25,17.54,765.76,"","","",""
RW5,7104,10/28/2023 8:30,17.54,7.77,"","","",""
RW5,7105,10/28/2023 8:35,17.29,49.28,"","","",""
RW5,7106,10/28/2023 8:40,17.37,16.91,"","","",""
RW5,7107,10/28/2023 8:45,17.41,15.57,"","","",""
RW5,7108,10/28/2023 8:50,17.33,580.16,"","","",""
RW5,7109,10/28/2023 8:55,17.37,48.98,"","","",""
RW5,7110,10/28/2023 9:00,17.29,1.11,"","","",""
RW5,7111,10/28/2023 9:05,17.24,19.82,"","","",""
RW5,7112,10/28/2023 9:10,17.24,745.28,"","","",""
RW5,7113,10/28/2023 9:15,17.29,1474.56,"","","",""
RW5,7114,10/28/2023 9:20,17.16,416.16,"","","",""
RW5,7115,10/28/2023 9:25,17.11,4.22,"","","",""
RW5,7116,10/28/2023 9:30,17.03,21.82,"","","",""
RW5,7117,10/28/2023 9:35,16.9,7.1,"","","",""
RW5,7118,10/28/2023 9:40,16.99,62.94,"","","",""
RW5,7119,10/28/2023 9:45,16.94,352.64,"","","",""
RW5,7120,10/28/2023 9:50,16.99,37.46,"","","",""
RW5,7121,10/28/2023 9:55,16.94,24.96,"","","",""
RW5,7122,10/28/2023 10:00,16.94,61.58,"","","",""
RW5,7123,10/28/2023 10:05,16.94,147.28,"","","",""
RW5,7124,10/28/2023 10:10,16.94,32.54,"","","",""
RW5,7125,10/28/2023 10:15,16.99,10.88,"","","",""
RW5,7126,10/28/2023 10:20,16.99,1.99,"","","",""
RW5,7127,10/28/2023 10:25,17.03,5.58,"","","",""
RW5,7128,10/28/2023 10:30,17.07,7.55,"","","",""
RW5,7129,10/28/2023 10:35,16.99,40.65,"","","",""
RW5,7130,10/28/2023 10:40,17.03,19.16,"","","",""
RW5,7131,10/28/2023 10:45,16.99,46.58,"","","",""
RW5,7132,10/28/2023 10:50,17.07,130.4,"","","",""
RW5,7133,10/28/2023 10:55,17.16,436.64,"","","",""
RW5,7134,10/28/2023 11:00,17.29,383.36,"","","",""
RW5,7135,10/28/2023 11:05,17.29,79.08,"","","",""
RW5,7136,10/28/2023 11:10,17.33,448.64,"","","",""
RW5,7137,10/28/2023 11:15,17.46,10.71,"","","",""
RW5,7138,10/28/2023 11:20,17.46,28.71,"","","",""
RW5,7139,10/28/2023 11:25,17.5,42.04,"","","",""
RW5,7140,10/28/2023 11:30,17.46,63.48,"","","",""
RW5,7141,10/28/2023 11:35,17.54,288.88,"","","",""
RW5,7142,10/28/2023 11:40,17.59,121.84,"","","",""
RW5,7143,10/28/2023 11:45,17.59,318.32,"","","",""
RW5,7144,10/28/2023 11:50,17.59,74.24,"","","",""
RW5,7145,10/28/2023 11:55,17.63,98.16,"","","",""
RW5,7146,10/28/2023 12:00,17.72,125.4,"","","",""
RW5,7147,10/28/2023 12:05,17.76,2752,"","","",""
RW5,7148,10/28/2023 12:10,17.84,244.08,"","","",""
RW5,7149,10/28/2023 12:15,17.93,699.2,"","","",""
RW5,7150,10/28/2023 12:20,17.93,166.56,"","","",""
RW5,7151,10/28/2023 12:25,17.97,7001.6,"","","",""
RW5,7152,10/28/2023 12:30,18.06,118.76,"","","",""
RW5,7153,10/28/2023 12:35,18.14,611.68,"","","",""
RW5,7154,10/28/2023 12:40,18.74,7567.36,"","","",""
RW5,7155,10/28/2023 12:45,18.96,7774.72,"","","",""
RW5,7156,10/28/2023 12:50,19.22,4271.36,"","","",""
RW5,7157,10/28/2023 12:55,19.47,2906.88,"","","",""
RW5,7228,10/28/2023 18:50,16.47,0,"","","",""
RW5,7229,10/28/2023 18:55,16.9,0,"","","",""
RW5,7230,10/28/2023 19:00,17.72,0,"","","",""
RW5,7231,10/28/2023 19:05,17.97,0,"","","",""
RW5,7232,10/28/2023 19:10,17.97,0,"","","",""
RW5,7233,10/28/2023 19:15,18.06,0,"","","",""
RW5,7234,10/28/2023 19:20,18.14,0,"","","",""
RW5,7235,10/28/2023 19:25,18.23,0,"","","",""
RW5,7236,10/28/2023 19:30,18.19,0,"","","",""
RW5,7237,10/28/2023 19:35,18.19,0,"","","",""
RW5,7238,10/28/2023 19:40,18.19,0,"","","",""
RW5,7239,10/28/2023 19:45,18.14,0,"","","",""
RW5,7240,10/28/2023 19:50,18.1,0,"","","",""
RW5,7241,10/28/2023 19:55,18.1,0,"","","",""
RW5,7242,10/28/2023 20:00,17.97,0,"","","",""
RW5,7243,10/28/2023 20:05,17.89,0,"","","",""
RW5,7244,10/28/2023 20:10,17.84,0,"","","",""
RW5,7245,10/28/2023 20:15,17.76,0,"","","",""
RW5,7246,10/28/2023 20:20,17.59,0,"","","",""
RW5,7247,10/28/2023 20:25,17.54,0,"","","",""
RW5,7248,10/28/2023 20:30,17.46,0,"","","",""
RW5,7249,10/28/2023 20:35,17.46,0,"","","",""
RW5,7250,10/28/2023 20:40,17.33,0,"","","",""
RW5,7251,10/28/2023 20:45,17.33,0,"","","",""
RW5,7252,10/28/2023 20:50,17.24,0,"","","",""
RW5,7253,10/28/2023 20:55,17.24,0,"","","",""
RW5,7254,10/28/2023 21:00,17.29,0,"","","",""
RW5,7255,10/28/2023 21:05,17.2,0,"","","",""
RW5,7256,10/28/2023 21:10,17.16,0,"","","",""
RW5,7257,10/28/2023 21:15,17.24,0,"","","",""
RW5,7258,10/28/2023 21:20,17.24,0,"","","",""
RW5,7259,10/28/2023 21:25,17.24,0,"","","",""
RW5,7260,10/28/2023 21:30,17.24,0,"","","",""
RW5,7261,10/28/2023 21:35,17.24,0,"","","",""
RW5,7262,10/28/2023 21:40,17.29,0,"","","",""
RW5,7263,10/28/2023 21:45,17.33,0,"","","",""
RW5,7264,10/28/2023 21:50,17.29,0,"","","",""
RW5,7265,10/28/2023 21:55,17.24,0,"","","",""
RW5,7266,10/28/2023 22:00,17.29,0,"","","",""
RW5,7267,10/28/2023 22:05,17.33,0,"","","",""
RW5,7268,10/28/2023 22:10,17.41,0,"","","",""
RW5,7269,10/28/2023 22:15,17.37,0,"","","",""
RW5,7270,10/28/2023 22:20,17.37,0,"","","",""
RW5,7271,10/28/2023 22:25,17.37,0,"","","",""
RW5,7272,10/28/2023 22:30,17.33,0,"","","",""
RW5,7273,10/28/2023 22:35,17.29,0,"","","",""
RW5,7274,10/28/2023 22:40,17.29,0,"","","",""
RW5,7275,10/28/2023 22:45,17.29,0,"","","",""
RW5,7276,10/28/2023 22:50,17.29,0,"","","",""
RW5,7277,10/28/2023 22:55,17.29,0,"","","",""
RW5,7278,10/28/2023 23:00,17.29,0,"","","",""
RW5,7279,10/28/2023 23:05,17.29,0,"","","",""
RW5,7280,10/28/2023 23:10,17.33,0,"","","",""
RW5,7281,10/28/2023 23:15,17.24,0,"","","",""
RW5,7282,10/28/2023 23:20,17.29,0,"","","",""
RW5,7283,10/28/2023 23:25,17.33,0,"","","",""
RW5,7284,10/28/2023 23:30,17.29,0,"","","",""
RW5,7285,10/28/2023 23:35,17.24,0,"","","",""
RW5,7286,10/28/2023 23:40,17.24,0,"","","",""
RW5,7287,10/28/2023 23:45,17.2,0,"","","",""
RW5,7288,10/28/2023 23:50,17.24,0,"","","",""
RW5,7289,10/28/2023 23:55,17.29,0,"","","",""
RW5,7290,10/29/2023 0:00,17.24,0,"","","",""
RW5,7291,10/29/2023 0:05,17.2,0,"","","",""
RW5,7292,10/29/2023 0:10,17.2,0,"","","",""
RW5,7293,10/29/2023 0:15,17.24,0,"","","",""
RW5,7294,10/29/2023 0:20,17.24,0,"","","",""
RW5,7295,10/29/2023 0:25,17.2,0,"","","",""
RW5,7296,10/29/2023 0:30,17.2,0,"","","",""
RW5,7297,10/29/2023 0:35,17.2,0,"","","",""
RW5,7298,10/29/2023 0:40,17.16,0,"","","",""
RW5,7299,10/29/2023 0:45,17.16,0,"","","",""
RW5,7300,10/29/2023 0:50,17.16,0,"","","",""
RW5,7301,10/29/2023 0:55,17.11,0,"","","",""
RW5,7302,10/29/2023 1:00,17.11,0,"","","",""
RW5,7303,10/29/2023 1:05,17.11,0,"","","",""
RW5,7304,10/29/2023 1:10,17.03,0,"","","",""
RW5,7305,10/29/2023 1:15,17.03,0,"","","",""
RW5,7306,10/29/2023 1:20,16.94,0,"","","",""
RW5,7307,10/29/2023 1:25,16.94,0,"","","",""
RW5,7308,10/29/2023 1:30,16.77,0,"","","",""
RW5,7309,10/29/2023 1:35,16.56,0,"","","",""
RW5,7310,10/29/2023 1:40,16.6,0,"","","",""
RW5,7311,10/29/2023 1:45,16.3,0,"","","",""
RW5,7349,10/29/2023 4:55,15.61,0,"","","",""
RW5,7350,10/29/2023 5:00,15.91,0,"","","",""
RW5,7351,10/29/2023 5:05,16.34,0,"","","",""
RW5,7352,10/29/2023 5:10,16.3,0,"","","",""
RW5,7353,10/29/2023 5:15,16.26,0,"","","",""
RW5,7354,10/29/2023 5:20,16.51,0,"","","",""
RW5,7355,10/29/2023 5:25,16.64,0,"","","",""
RW5,7356,10/29/2023 5:30,16.64,0,"","","",""
RW5,7357,10/29/2023 5:35,16.73,0,"","","",""
RW5,7358,10/29/2023 5:40,16.77,0,"","","",""
RW5,7359,10/29/2023 5:45,16.86,0,"","","",""
RW5,7360,10/29/2023 5:50,16.9,0,"","","",""
RW5,7361,10/29/2023 5:55,16.99,0,"","","",""
RW5,7362,10/29/2023 6:00,16.99,0,"","","",""
RW5,7363,10/29/2023 6:05,16.99,0,"","","",""
RW5,7364,10/29/2023 6:10,16.99,0,"","","",""
RW5,7365,10/29/2023 6:15,16.94,0,"","","",""
RW5,7366,10/29/2023 6:20,16.99,0,"","","",""
RW5,7367,10/29/2023 6:25,17.07,0,"","","",""
RW5,7368,10/29/2023 6:30,17.03,0,"","","",""
RW5,7369,10/29/2023 6:35,17.03,0,"","","",""
RW5,7370,10/29/2023 6:40,16.99,0,"","","",""
RW5,7371,10/29/2023 6:45,17.03,0,"","","",""
RW5,7372,10/29/2023 6:50,16.99,0,"","","",""
RW5,7373,10/29/2023 6:55,16.99,0,"","","",""
RW5,7374,10/29/2023 7:00,16.99,0.44,"","","",""
RW5,7375,10/29/2023 7:05,16.99,0,"","","",""
RW5,7376,10/29/2023 7:10,16.99,16.46,"","","",""
RW5,7377,10/29/2023 7:15,16.99,103.04,"","","",""
RW5,7378,10/29/2023 7:20,16.99,3.33,"","","",""
RW5,7379,10/29/2023 7:25,17.03,0.44,"","","",""
RW5,7380,10/29/2023 7:30,17.03,34.54,"","","",""
RW5,7381,10/29/2023 7:35,17.07,5.99,"","","",""
RW5,7382,10/29/2023 7:40,17.07,2.88,"","","",""
RW5,7383,10/29/2023 7:45,17.07,108.88,"","","",""
RW5,7384,10/29/2023 7:50,17.11,228.56,"","","",""
RW5,7385,10/29/2023 7:55,17.11,237.44,"","","",""
RW5,7386,10/29/2023 8:00,17.11,123.96,"","","",""
RW5,7387,10/29/2023 8:05,17.11,28.32,"","","",""
RW5,7388,10/29/2023 8:10,17.07,2.66,"","","",""
RW5,7389,10/29/2023 8:15,17.11,37.9,"","","",""
RW5,7390,10/29/2023 8:20,17.2,25.18,"","","",""
RW5,7391,10/29/2023 8:25,17.16,91.88,"","","",""
RW5,7392,10/29/2023 8:30,17.2,221.36,"","","",""
RW5,7393,10/29/2023 8:35,17.2,99.08,"","","",""
RW5,7394,10/29/2023 8:40,17.16,467.84,"","","",""
RW5,7395,10/29/2023 8:45,17.2,70.46,"","","",""
RW5,7396,10/29/2023 8:50,17.2,63.8,"","","",""
RW5,7397,10/29/2023 8:55,17.24,239.2,"","","",""
RW5,7398,10/29/2023 9:00,17.2,111.56,"","","",""
RW5,7399,10/29/2023 9:05,17.29,959.68,"","","",""
RW5,7400,10/29/2023 9:10,17.29,18.71,"","","",""
RW5,7401,10/29/2023 9:15,17.29,7.55,"","","",""
RW5,7402,10/29/2023 9:20,17.29,298.96,"","","",""
RW5,7403,10/29/2023 9:25,17.29,8.21,"","","",""
RW5,7404,10/29/2023 9:30,17.29,3.33,"","","",""
RW5,7405,10/29/2023 9:35,17.24,151.72,"","","",""
RW5,7406,10/29/2023 9:40,17.16,65.36,"","","",""
RW5,7407,10/29/2023 9:45,17.24,866.24,"","","",""
RW5,7408,10/29/2023 9:50,17.24,1.33,"","","",""
RW5,7409,10/29/2023 9:55,17.24,318.96,"","","",""
RW5,7410,10/29/2023 10:00,17.2,13.32,"","","",""
RW5,7411,10/29/2023 10:05,17.24,118.72,"","","",""
RW5,7412,10/29/2023 10:10,17.2,286.56,"","","",""
RW5,7413,10/29/2023 10:15,17.16,45.92,"","","",""
RW5,7414,10/29/2023 10:20,17.11,248.08,"","","",""
RW5,7415,10/29/2023 10:25,17.07,194.56,"","","",""
RW5,7416,10/29/2023 10:30,17.11,3454.72,"","","",""
RW5,7417,10/29/2023 10:35,17.03,7.99,"","","",""
RW5,7418,10/29/2023 10:40,16.99,929.28,"","","",""
RW5,7419,10/29/2023 10:45,16.9,360.64,"","","",""
RW5,7420,10/29/2023 10:50,16.94,543.68,"","","",""
RW5,7421,10/29/2023 10:55,16.86,83.56,"","","",""
RW5,7422,10/29/2023 11:00,16.73,390.24,"","","",""
RW5,7423,10/29/2023 11:05,16.81,86.16,"","","",""
RW5,7424,10/29/2023 11:10,16.94,70.5,"","","",""
RW5,7425,10/29/2023 11:15,16.9,214.24,"","","",""
RW5,7426,10/29/2023 11:20,16.9,366.88,"","","",""
RW5,7427,10/29/2023 11:25,16.81,3.77,"","","",""
RW5,7428,10/29/2023 11:30,16.64,301.2,"","","",""
RW5,7429,10/29/2023 11:35,16.73,2841.6,"","","",""
RW5,7430,10/29/2023 11:40,16.9,500.16,"","","",""
RW5,7431,10/29/2023 11:45,16.9,212.32,"","","",""
RW5,7432,10/29/2023 11:50,16.94,3.55,"","","",""
RW5,7433,10/29/2023 11:55,16.94,357.12,"","","",""
RW5,7434,10/29/2023 12:00,16.9,373.12,"","","",""
RW5,7435,10/29/2023 12:05,16.94,2315.52,"","","",""
RW5,7436,10/29/2023 12:10,16.94,232.32,"","","",""
RW5,7437,10/29/2023 12:15,16.99,6978.56,"","","",""
RW5,7438,10/29/2023 12:20,17.2,527.36,"","","",""
RW5,7439,10/29/2023 12:25,17.2,1723.52,"","","",""
RW5,7440,10/29/2023 12:30,17.29,4204.8,"","","",""
RW5,7441,10/29/2023 12:35,17.37,939.52,"","","",""
RW5,7442,10/29/2023 12:40,17.46,3466.24,"","","",""
RW5,7443,10/29/2023 12:45,17.46,633.92,"","","",""
RW5,7444,10/29/2023 12:50,17.5,1511.04,"","","",""
RW5,7445,10/29/2023 12:55,17.5,10639.36,"","","",""
RW5,7446,10/29/2023 13:00,17.59,1152.32,"","","",""
RW5,7447,10/29/2023 13:05,17.67,2537.6,"","","",""
RW5,7448,10/29/2023 13:10,17.84,1608.96,"","","",""
RW5,7449,10/29/2023 13:15,18.23,3724.8,"","","",""
RW5,7450,10/29/2023 13:20,18.19,10946.56,"","","",""
RW5,7451,10/29/2023 13:25,18.32,1013.76,"","","",""
RW5,7452,10/29/2023 13:30,19.17,2876.16,"","","",""
RW5,7530,10/29/2023 20:00,15.23,0,"","","",""
RW5,7531,10/29/2023 20:05,16.21,0,"","","",""
RW5,7532,10/29/2023 20:10,16.51,0,"","","",""
RW5,7533,10/29/2023 20:15,16.64,0,"","","",""
RW5,7534,10/29/2023 20:20,16.73,0,"","","",""
RW5,7535,10/29/2023 20:25,16.73,0,"","","",""
RW5,7536,10/29/2023 20:30,16.86,0,"","","",""
RW5,7537,10/29/2023 20:35,16.94,0,"","","",""
RW5,7538,10/29/2023 20:40,16.99,0,"","","",""
RW5,7539,10/29/2023 20:45,17.07,0,"","","",""
RW5,7540,10/29/2023 20:50,17.07,0,"","","",""
RW5,7541,10/29/2023 20:55,17.16,0,"","","",""
RW5,7542,10/29/2023 21:00,17.2,0,"","","",""
RW5,7543,10/29/2023 21:05,17.16,0,"","","",""
RW5,7544,10/29/2023 21:10,17.16,0,"","","",""
RW5,7545,10/29/2023 21:15,17.16,0,"","","",""
RW5,7546,10/29/2023 21:20,17.16,0,"","","",""
RW5,7547,10/29/2023 21:25,17.2,0,"","","",""
RW5,7548,10/29/2023 21:30,17.2,0,"","","",""
RW5,7549,10/29/2023 21:35,17.2,0,"","","",""
RW5,7550,10/29/2023 21:40,17.2,0,"","","",""
RW5,7551,10/29/2023 21:45,17.16,0,"","","",""
RW5,7552,10/29/2023 21:50,17.16,0,"","","",""
RW5,7553,10/29/2023 21:55,17.2,0,"","","",""
RW5,7554,10/29/2023 22:00,17.16,0,"","","",""
RW5,7555,10/29/2023 22:05,17.16,0,"","","",""
RW5,7556,10/29/2023 22:10,17.16,0,"","","",""
RW5,7557,10/29/2023 22:15,17.16,0,"","","",""
RW5,7558,10/29/2023 22:20,17.2,0,"","","",""
RW5,7559,10/29/2023 22:25,17.2,0,"","","",""
RW5,7560,10/29/2023 22:30,17.11,0,"","","",""
RW5,7561,10/29/2023 22:35,17.2,0,"","","",""
RW5,7562,10/29/2023 22:40,17.2,0,"","","",""
RW5,7563,10/29/2023 22:45,17.2,0,"","","",""
RW5,7564,10/29/2023 22:50,17.2,0,"","","",""
RW5,7565,10/29/2023 22:55,17.24,0,"","","",""
RW5,7566,10/29/2023 23:00,17.16,0,"","","",""
RW5,7567,10/29/2023 23:05,17.07,0,"","","",""
RW5,7568,10/29/2023 23:10,16.94,0,"","","",""
RW5,7569,10/29/2023 23:15,16.81,0,"","","",""
RW5,7570,10/29/2023 23:20,16.73,0,"","","",""
RW5,7571,10/29/2023 23:25,16.69,0,"","","",""
RW5,7572,10/29/2023 23:30,16.64,0,"","","",""
RW5,7573,10/29/2023 23:35,16.69,0,"","","",""
RW5,7574,10/29/2023 23:40,16.73,0,"","","",""
RW5,7575,10/29/2023 23:45,16.69,0,"","","",""
RW5,7576,10/29/2023 23:50,16.77,0,"","","",""
RW5,7577,10/29/2023 23:55,16.86,0,"","","",""
RW5,7578,10/30/2023 0:00,16.81,0,"","","",""
RW5,7579,10/30/2023 0:05,16.86,0,"","","",""
RW5,7580,10/30/2023 0:10,16.86,0,"","","",""
RW5,7581,10/30/2023 0:15,16.86,0,"","","",""
RW5,7582,10/30/2023 0:20,16.9,0,"","","",""
RW5,7583,10/30/2023 0:25,16.9,0,"","","",""
RW5,7584,10/30/2023 0:30,16.9,0,"","","",""
RW5,7585,10/30/2023 0:35,16.9,0,"","","",""
RW5,7586,10/30/2023 0:40,16.94,0,"","","",""
RW5,7587,10/30/2023 0:45,16.99,0,"","","",""
RW5,7588,10/30/2023 0:50,16.94,0,"","","",""
RW5,7589,10/30/2023 0:55,16.94,0,"","","",""
RW5,7590,10/30/2023 1:00,16.9,0,"","","",""
RW5,7591,10/30/2023 1:05,16.94,0,"","","",""
RW5,7592,10/30/2023 1:10,16.94,0,"","","",""
RW5,7593,10/30/2023 1:15,16.9,0,"","","",""
RW5,7594,10/30/2023 1:20,16.86,0,"","","",""
RW5,7595,10/30/2023 1:25,16.86,0,"","","",""
RW5,7596,10/30/2023 1:30,16.77,0,"","","",""
RW5,7597,10/30/2023 1:35,16.73,0,"","","",""
RW5,7598,10/30/2023 1:40,16.77,0,"","","",""
RW5,7599,10/30/2023 1:45,16.64,0,"","","",""
RW5,7600,10/30/2023 1:50,16.6,0,"","","",""
RW5,7601,10/30/2023 1:55,16.56,0,"","","",""
RW5,7602,10/30/2023 2:00,16.51,0,"","","",""
RW5,7603,10/30/2023 2:05,16.47,0,"","","",""
RW5,7604,10/30/2023 2:10,16.43,0,"","","",""
RW5,7605,10/30/2023 2:15,16.3,0,"","","",""
RW5,7606,10/30/2023 2:20,16.34,0,"","","",""
RW5,7607,10/30/2023 2:25,16.13,0,"","","",""
RW5,7608,10/30/2023 2:30,16.17,0,"","","",""
RW5,7609,10/30/2023 2:35,15.96,0,"","","",""
RW5,7610,10/30/2023 2:40,15.23,0,"","","",""
RW5,7611,10/30/2023 2:45,14.75,0,"","","",""
RW5,7612,10/30/2023 2:50,15.14,0,"","","",""
RW5,7613,10/30/2023 2:55,13.9,0,"","","",""
RW5,7614,10/30/2023 3:00,12.44,0,"","","",""
RW5,7634,10/30/2023 4:40,11.79,0,"","","",""
RW5,7635,10/30/2023 4:45,11.71,0,"","","",""
RW5,7636,10/30/2023 4:50,12.14,0,"","","",""
RW5,7637,10/30/2023 4:55,12.48,0,"","","",""
RW5,7638,10/30/2023 5:00,13.55,0,"","","",""
RW5,7639,10/30/2023 5:05,14.24,0,"","","",""
RW5,7640,10/30/2023 5:10,13.81,0,"","","",""
RW5,7641,10/30/2023 5:15,14.58,0,"","","",""
RW5,7642,10/30/2023 5:20,14.97,0,"","","",""
RW5,7643,10/30/2023 5:25,15.1,0,"","","",""
RW5,7644,10/30/2023 5:30,15.27,0,"","","",""
RW5,7645,10/30/2023 5:35,15.31,0,"","","",""
RW5,7646,10/30/2023 5:40,15.53,0,"","","",""
RW5,7647,10/30/2023 5:45,15.57,0,"","","",""
RW5,7648,10/30/2023 5:50,15.66,0,"","","",""
RW5,7649,10/30/2023 5:55,15.87,0,"","","",""
RW5,7650,10/30/2023 6:00,15.78,0,"","","",""
RW5,7651,10/30/2023 6:05,15.87,0,"","","",""
RW5,7652,10/30/2023 6:10,16,0,"","","",""
RW5,7653,10/30/2023 6:15,16.04,0,"","","",""
RW5,7654,10/30/2023 6:20,16.04,0,"","","",""
RW5,7655,10/30/2023 6:25,16.08,0,"","","",""
RW5,7656,10/30/2023 6:30,16.08,0,"","","",""
RW5,7657,10/30/2023 6:35,16.04,0,"","","",""
RW5,7658,10/30/2023 6:40,16.13,0,"","","",""
RW5,7659,10/30/2023 6:45,16.26,0,"","","",""
RW5,7660,10/30/2023 6:50,16.26,0.22,"","","",""
RW5,7661,10/30/2023 6:55,16.3,1.55,"","","",""
RW5,7662,10/30/2023 7:00,16.3,12.21,"","","",""
RW5,7663,10/30/2023 7:05,16.3,10.44,"","","",""
RW5,7664,10/30/2023 7:10,16.3,1.99,"","","",""
RW5,7665,10/30/2023 7:15,16.43,14.91,"","","",""
RW5,7666,10/30/2023 7:20,16.39,63.74,"","","",""
RW5,7667,10/30/2023 7:25,16.39,308.96,"","","",""
RW5,7668,10/30/2023 7:30,16.39,4.88,"","","",""
RW5,7669,10/30/2023 7:35,16.43,22.74,"","","",""
RW5,7670,10/30/2023 7:40,16.43,186.56,"","","",""
RW5,7671,10/30/2023 7:45,16.39,104.84,"","","",""
RW5,7672,10/30/2023 7:50,16.34,214.32,"","","",""
RW5,7673,10/30/2023 7:55,16.34,12.24,"","","",""
RW5,7674,10/30/2023 8:00,16.34,420.64,"","","",""
RW5,7675,10/30/2023 8:05,16.39,635.68,"","","",""
RW5,7676,10/30/2023 8:10,16.43,71,"","","",""
RW5,7677,10/30/2023 8:15,16.47,501.6,"","","",""
RW5,7678,10/30/2023 8:20,16.51,233.92,"","","",""
RW5,7679,10/30/2023 8:25,16.56,558.88,"","","",""
RW5,7680,10/30/2023 8:30,16.6,1823.36,"","","",""
RW5,7681,10/30/2023 8:35,16.64,168.72,"","","",""
RW5,7682,10/30/2023 8:40,16.64,174.88,"","","",""
RW5,7683,10/30/2023 8:45,16.64,3.77,"","","",""
RW5,7684,10/30/2023 8:50,16.77,1908.48,"","","",""
RW5,7685,10/30/2023 8:55,16.99,1716.48,"","","",""
RW5,7686,10/30/2023 9:00,16.81,2322.56,"","","",""
RW5,7687,10/30/2023 9:05,16.69,366.08,"","","",""
RW5,7688,10/30/2023 9:10,16.69,1800.32,"","","",""
RW5,7689,10/30/2023 9:15,17.03,390.08,"","","",""
RW5,7690,10/30/2023 9:20,17.03,953.28,"","","",""
RW5,7691,10/30/2023 9:25,16.9,1406.08,"","","",""
RW5,7692,10/30/2023 9:30,16.86,33.9,"","","",""
RW5,7693,10/30/2023 9:35,16.81,164.16,"","","",""
RW5,7694,10/30/2023 9:40,16.86,121.84,"","","",""
RW5,7695,10/30/2023 9:45,17.07,5770.24,"","","",""
RW5,7696,10/30/2023 9:50,17.11,95.52,"","","",""
RW5,7697,10/30/2023 9:55,17.11,1615.36,"","","",""
RW5,7698,10/30/2023 10:00,17.11,1305.28,"","","",""
RW5,7699,10/30/2023 10:05,17.2,1.77,"","","",""
RW5,7700,10/30/2023 10:10,17.16,1070.72,"","","",""
RW5,7701,10/30/2023 10:15,17.24,219.68,"","","",""
RW5,7702,10/30/2023 10:20,17.29,121.32,"","","",""
RW5,7703,10/30/2023 10:25,17.37,864.96,"","","",""
RW5,7704,10/30/2023 10:30,17.41,315.2,"","","",""
RW5,7705,10/30/2023 10:35,17.41,160.6,"","","",""
RW5,7706,10/30/2023 10:40,17.41,2944,"","","",""
RW5,7707,10/30/2023 10:45,17.46,59.52,"","","",""
RW5,7708,10/30/2023 10:50,17.5,5578.24,"","","",""
RW5,7709,10/30/2023 10:55,17.54,1619.84,"","","",""
RW5,7710,10/30/2023 11:00,17.59,1943.68,"","","",""
RW5,7711,10/30/2023 11:05,17.54,5783.04,"","","",""
RW5,7712,10/30/2023 11:10,17.59,327.52,"","","",""
RW5,7713,10/30/2023 11:15,17.59,58.86,"","","",""
RW5,7714,10/30/2023 11:20,17.63,10037.76,"","","",""
RW5,7715,10/30/2023 11:25,17.67,2993.92,"","","",""
RW5,7716,10/30/2023 11:30,17.76,3710.72,"","","",""
RW5,7717,10/30/2023 11:35,17.76,1783.04,"","","",""
RW5,7718,10/30/2023 11:40,17.8,373.12,"","","",""
RW5,7719,10/30/2023 11:45,17.8,146.6,"","","",""
RW5,7720,10/30/2023 11:50,17.89,555.68,"","","",""
RW5,7721,10/30/2023 11:55,17.93,5831.68,"","","",""
RW5,7722,10/30/2023 12:00,17.93,7193.6,"","","",""
RW5,7723,10/30/2023 12:05,17.93,11939.84,"","","",""
RW5,7724,10/30/2023 12:10,17.93,1837.44,"","","",""
RW5,7725,10/30/2023 12:15,17.97,5093.12,"","","",""
RW5,7726,10/30/2023 12:20,18.02,246.48,"","","",""
RW5,7727,10/30/2023 12:25,18.06,1967.36,"","","",""
RW5,7728,10/30/2023 12:30,18.06,941.76,"","","",""
RW5,7729,10/30/2023 12:35,18.1,2301.44,"","","",""
RW5,7730,10/30/2023 12:40,18.14,688.64,"","","",""
RW5,7731,10/30/2023 12:45,18.19,582.88,"","","",""
RW5,7732,10/30/2023 12:50,18.19,258.08,"","","",""
RW5,7733,10/30/2023 12:55,18.19,1823.36,"","","",""
RW5,7734,10/30/2023 13:00,18.23,227.68,"","","",""
RW5,7735,10/30/2023 13:05,18.32,8120.32,"","","",""
RW5,7736,10/30/2023 13:10,18.32,7247.36,"","","",""
RW5,7737,10/30/2023 13:15,18.36,1036.8,"","","",""
RW5,7738,10/30/2023 13:20,18.44,12026.88,"","","",""
RW5,7739,10/30/2023 13:25,18.49,2114.56,"","","",""
RW5,7740,10/30/2023 13:30,18.49,1779.84,"","","",""
RW5,7741,10/30/2023 13:35,18.53,1606.4,"","","",""
RW5,7742,10/30/2023 13:40,18.57,75.74,"","","",""
RW5,7743,10/30/2023 13:45,18.62,136.92,"","","",""
RW5,7744,10/30/2023 13:50,19,1749.12,"","","",""
RW5,7745,10/30/2023 13:55,18.74,1234.88,"","","",""
RW5,7746,10/30/2023 14:00,18.92,827.2,"","","",""
RW5,7747,10/30/2023 14:05,19.05,626.4,"","","",""
RW5,7748,10/30/2023 14:10,19.3,1373.44,"","","",""
RW5,7749,10/30/2023 14:15,19.17,1307.84,"","","",""
RW5,7750,10/30/2023 14:20,19.09,1308.8,"","","",""
RW5,7828,10/30/2023 20:50,10.81,0,"","","",""
RW5,7829,10/30/2023 20:55,10.68,0,"","","",""
RW5,7830,10/30/2023 21:00,11.07,0,"","","",""
RW5,7831,10/30/2023 21:05,11.92,0,"","","",""
RW5,7832,10/30/2023 21:10,14.03,0,"","","",""
RW5,7833,10/30/2023 21:15,15.87,0,"","","",""
RW5,7834,10/30/2023 21:20,16.17,0,"","","",""
RW5,7835,10/30/2023 21:25,16.34,0,"","","",""
RW5,7836,10/30/2023 21:30,16.43,0,"","","",""
RW5,7837,10/30/2023 21:35,16.56,0,"","","",""
RW5,7838,10/30/2023 21:40,16.69,0,"","","",""
RW5,7839,10/30/2023 21:45,16.81,0,"","","",""
RW5,7840,10/30/2023 21:50,16.9,0,"","","",""
RW5,7841,10/30/2023 21:55,17.07,0,"","","",""
RW5,7842,10/30/2023 22:00,17.11,0,"","","",""
RW5,7843,10/30/2023 22:05,17.16,0,"","","",""
RW5,7844,10/30/2023 22:10,17.2,0,"","","",""
RW5,7845,10/30/2023 22:15,17.2,0,"","","",""
RW5,7846,10/30/2023 22:20,17.24,0,"","","",""
RW5,7847,10/30/2023 22:25,17.24,0,"","","",""
RW5,7848,10/30/2023 22:30,17.33,0,"","","",""
RW5,7849,10/30/2023 22:35,17.29,0,"","","",""
RW5,7850,10/30/2023 22:40,17.24,0,"","","",""
RW5,7851,10/30/2023 22:45,17.29,0,"","","",""
RW5,7852,10/30/2023 22:50,17.29,0,"","","",""
RW5,7853,10/30/2023 22:55,17.24,0,"","","",""
RW5,7854,10/30/2023 23:00,17.29,0,"","","",""
RW5,7855,10/30/2023 23:05,17.33,0,"","","",""
RW5,7856,10/30/2023 23:10,17.29,0,"","","",""
RW5,7857,10/30/2023 23:15,17.29,0,"","","",""
RW5,7858,10/30/2023 23:20,17.29,0,"","","",""
RW5,7859,10/30/2023 23:25,17.33,0,"","","",""
RW5,7860,10/30/2023 23:30,17.33,0,"","","",""
RW5,7861,10/30/2023 23:35,17.37,0,"","","",""
RW5,7862,10/30/2023 23:40,17.37,0,"","","",""
RW5,7863,10/30/2023 23:45,17.33,0,"","","",""
RW5,7864,10/30/2023 23:50,17.33,0,"","","",""
RW5,7865,10/30/2023 23:55,17.37,0,"","","",""
RW5,7866,10/31/2023 0:00,17.37,0,"","","",""
RW5,7867,10/31/2023 0:05,17.37,0,"","","",""
RW5,7868,10/31/2023 0:10,17.33,0,"","","",""
RW5,7869,10/31/2023 0:15,17.41,0,"","","",""
RW5,7870,10/31/2023 0:20,17.33,0,"","","",""
RW5,7871,10/31/2023 0:25,17.37,0,"","","",""
RW5,7872,10/31/2023 0:30,17.37,0,"","","",""
RW5,7873,10/31/2023 0:35,17.37,0,"","","",""
RW5,7874,10/31/2023 0:40,17.33,0,"","","",""
RW5,7875,10/31/2023 0:45,17.33,0,"","","",""
RW5,7876,10/31/2023 0:50,17.33,0,"","","",""
RW5,7877,10/31/2023 0:55,17.33,0,"","","",""
RW5,7878,10/31/2023 1:00,17.33,0,"","","",""
RW5,7879,10/31/2023 1:05,17.33,0,"","","",""
RW5,7880,10/31/2023 1:10,17.33,0,"","","",""
RW5,7881,10/31/2023 1:15,17.29,0,"","","",""
RW5,7882,10/31/2023 1:20,17.24,0,"","","",""
RW5,7883,10/31/2023 1:25,17.29,0,"","","",""
RW5,7884,10/31/2023 1:30,17.24,0,"","","",""
RW5,7885,10/31/2023 1:35,17.24,0,"","","",""
RW5,7886,10/31/2023 1:40,17.29,0,"","","",""
RW5,7887,10/31/2023 1:45,17.2,0,"","","",""
RW5,7888,10/31/2023 1:50,17.16,0,"","","",""
RW5,7889,10/31/2023 1:55,17.11,0,"","","",""
RW5,7890,10/31/2023 2:00,17.03,0,"","","",""
RW5,7891,10/31/2023 2:05,17.07,0,"","","",""
RW5,7892,10/31/2023 2:10,17.11,0,"","","",""
RW5,7893,10/31/2023 2:15,16.99,0,"","","",""
RW5,7894,10/31/2023 2:20,17.03,0,"","","",""
RW5,7895,10/31/2023 2:25,16.94,0,"","","",""
RW5,7896,10/31/2023 2:30,16.9,0,"","","",""
RW5,7897,10/31/2023 2:35,16.9,0,"","","",""
RW5,7898,10/31/2023 2:40,16.86,0,"","","",""
RW5,7899,10/31/2023 2:45,16.81,0,"","","",""
RW5,7900,10/31/2023 2:50,16.77,0,"","","",""
RW5,7901,10/31/2023 2:55,16.81,0,"","","",""
RW5,7902,10/31/2023 3:00,16.86,0,"","","",""
RW5,7903,10/31/2023 3:05,16.77,0,"","","",""
RW5,7904,10/31/2023 3:10,16.69,0,"","","",""
RW5,7905,10/31/2023 3:15,16.64,0,"","","",""
RW5,7906,10/31/2023 3:20,16.64,0,"","","",""
RW5,7907,10/31/2023 3:25,16.56,0,"","","",""
RW5,7908,10/31/2023 3:30,16.56,0,"","","",""
RW5,7909,10/31/2023 3:35,16.51,0,"","","",""
RW5,7910,10/31/2023 3:40,16.43,0,"","","",""
RW5,7911,10/31/2023 3:45,16.43,0,"","","",""
RW5,7912,10/31/2023 3:50,16.34,0,"","","",""
RW5,7913,10/31/2023 3:55,16.26,0,"","","",""
RW5,7914,10/31/2023 4:00,16.08,0,"","","",""
RW5,7915,10/31/2023 4:05,16.17,0,"","","",""
RW5,7916,10/31/2023 4:10,15.44,0,"","","",""
RW5,7917,10/31/2023 4:15,15.7,0,"","","",""
RW5,7918,10/31/2023 4:20,15.18,0,"","","",""
RW5,7919,10/31/2023 4:25,15.36,0,"","","",""
RW5,7920,10/31/2023 4:30,15.4,0,"","","",""
RW5,7921,10/31/2023 4:35,15.53,0,"","","",""
RW5,7922,10/31/2023 4:40,15.7,0,"","","",""
RW5,7923,10/31/2023 4:45,15.4,0,"","","",""
RW5,7924,10/31/2023 4:50,14.45,0,"","","",""
RW5,7925,10/31/2023 4:55,15.27,0,"","","",""
RW5,7926,10/31/2023 5:00,15.4,0,"","","",""
RW5,7927,10/31/2023 5:05,15.57,0,"","","",""
RW5,7928,10/31/2023 5:10,15.66,0,"","","",""
RW5,7929,10/31/2023 5:15,15.53,0,"","","",""
RW5,7930,10/31/2023 5:20,15.83,0,"","","",""
RW5,7931,10/31/2023 5:25,15.91,0,"","","",""
RW5,7932,10/31/2023 5:30,15.91,0,"","","",""
RW5,7933,10/31/2023 5:35,15.96,0,"","","",""
RW5,7934,10/31/2023 5:40,16,0,"","","",""
RW5,7935,10/31/2023 5:45,16.08,0,"","","",""
RW5,7936,10/31/2023 5:50,16.08,0,"","","",""
RW5,7937,10/31/2023 5:55,16.08,0,"","","",""
RW5,7938,10/31/2023 6:00,16.13,0,"","","",""
RW5,7939,10/31/2023 6:05,16.13,0,"","","",""
RW5,7940,10/31/2023 6:10,16.17,0,"","","",""
RW5,7941,10/31/2023 6:15,16.21,0,"","","",""
RW5,7942,10/31/2023 6:20,16.34,0,"","","",""
RW5,7943,10/31/2023 6:25,16.3,0,"","","",""
RW5,7944,10/31/2023 6:30,16.3,0,"","","",""
RW5,7945,10/31/2023 6:35,16.39,0,"","","",""
RW5,7946,10/31/2023 6:40,16.39,0,"","","",""
RW5,7947,10/31/2023 6:45,16.43,0,"","","",""
RW5,7948,10/31/2023 6:50,16.43,0,"","","",""
RW5,7949,10/31/2023 6:55,16.43,0.22,"","","",""
RW5,7950,10/31/2023 7:00,16.43,10.44,"","","",""
RW5,7951,10/31/2023 7:05,16.43,2.88,"","","",""
RW5,7952,10/31/2023 7:10,16.47,4.22,"","","",""
RW5,7953,10/31/2023 7:15,16.51,6.88,"","","",""
RW5,7954,10/31/2023 7:20,16.51,3.55,"","","",""
RW5,7955,10/31/2023 7:25,16.56,19.38,"","","",""
RW5,7956,10/31/2023 7:30,16.56,174.88,"","","",""
RW5,7957,10/31/2023 7:35,16.56,275.84,"","","",""
RW5,7958,10/31/2023 7:40,16.56,41.06,"","","",""
RW5,7959,10/31/2023 7:45,16.56,89.24,"","","",""
RW5,7960,10/31/2023 7:50,16.6,318,"","","",""
RW5,7961,10/31/2023 7:55,16.69,196.48,"","","",""
RW5,7962,10/31/2023 8:00,16.69,688,"","","",""
RW5,7963,10/31/2023 8:05,16.64,2604.8,"","","",""
RW5,7964,10/31/2023 8:10,16.73,1123.84,"","","",""
RW5,7965,10/31/2023 8:15,16.81,372.32,"","","",""
RW5,7966,10/31/2023 8:20,16.69,97.32,"","","",""
RW5,7967,10/31/2023 8:25,16.77,3214.08,"","","",""
RW5,7968,10/31/2023 8:30,16.9,44.9,"","","",""
RW5,7969,10/31/2023 8:35,16.86,862.4,"","","",""
RW5,7970,10/31/2023 8:40,16.86,343.84,"","","",""
RW5,7971,10/31/2023 8:45,16.94,5834.24,"","","",""
RW5,7972,10/31/2023 8:50,16.86,4143.36,"","","",""
RW5,7973,10/31/2023 8:55,16.9,493.92,"","","",""
RW5,7974,10/31/2023 9:00,16.94,9774.08,"","","",""
RW5,7975,10/31/2023 9:05,17.03,3088.64,"","","",""
RW5,7976,10/31/2023 9:10,16.99,62.36,"","","",""
RW5,7977,10/31/2023 9:15,16.94,437.6,"","","",""
RW5,7978,10/31/2023 9:20,16.99,636.64,"","","",""
RW5,7979,10/31/2023 9:25,16.99,12267.52,"","","",""
RW5,7980,10/31/2023 9:30,17.03,1104.32,"","","",""
RW5,7981,10/31/2023 9:35,17.07,14853.12,"","","",""
RW5,7982,10/31/2023 9:40,17.16,126.2,"","","",""
RW5,7983,10/31/2023 9:45,17.2,12830.72,"","","",""
RW5,7984,10/31/2023 9:50,17.2,80.9,"","","",""
RW5,7985,10/31/2023 9:55,17.24,793.28,"","","",""
RW5,7986,10/31/2023 10:00,17.16,394.56,"","","",""
RW5,7987,10/31/2023 10:05,17.29,358.08,"","","",""
RW5,7988,10/31/2023 10:10,17.24,982.72,"","","",""
RW5,7989,10/31/2023 10:15,17.29,3042.56,"","","",""
RW5,7990,10/31/2023 10:20,17.29,1536,"","","",""
RW5,7991,10/31/2023 10:25,17.29,321.52,"","","",""
RW5,7992,10/31/2023 10:30,17.33,2526.72,"","","",""
RW5,7993,10/31/2023 10:35,17.37,911.04,"","","",""
RW5,7994,10/31/2023 10:40,17.37,454.4,"","","",""
RW5,7995,10/31/2023 10:45,17.37,3274.24,"","","",""
RW5,7996,10/31/2023 10:50,17.37,1650.56,"","","",""
RW5,7997,10/31/2023 10:55,17.37,3386.88,"","","",""
RW5,7998,10/31/2023 11:00,17.37,1194.24,"","","",""
RW5,7999,10/31/2023 11:05,17.41,3877.12,"","","",""
RW5,8000,10/31/2023 11:10,17.5,3925.76,"","","",""
RW5,8001,10/31/2023 11:15,17.5,7142.4,"","","",""
RW5,8002,10/31/2023 11:20,17.5,3827.2,"","","",""
RW5,8003,10/31/2023 11:25,17.5,174.24,"","","",""
RW5,8004,10/31/2023 11:30,17.54,541.92,"","","",""
RW5,8005,10/31/2023 11:35,17.59,7462.4,"","","",""
RW5,8006,10/31/2023 11:40,17.63,792.96,"","","",""
RW5,8007,10/31/2023 11:45,17.59,1225.28,"","","",""
RW5,8008,10/31/2023 11:50,17.67,457.6,"","","",""
RW5,8009,10/31/2023 11:55,17.67,115.28,"","","",""
RW5,8010,10/31/2023 12:00,17.72,369.6,"","","",""
RW5,8011,10/31/2023 12:05,17.72,6799.36,"","","",""
RW5,8012,10/31/2023 12:10,17.76,10071.04,"","","",""
RW5,8013,10/31/2023 12:15,17.8,318.08,"","","",""
RW5,8014,10/31/2023 12:20,17.8,4495.36,"","","",""
RW5,8015,10/31/2023 12:25,17.89,191.36,"","","",""
RW5,8016,10/31/2023 12:30,17.84,11740.16,"","","",""
RW5,8017,10/31/2023 12:35,17.84,7367.68,"","","",""
RW5,8018,10/31/2023 12:40,17.84,729.28,"","","",""
RW5,8019,10/31/2023 12:45,17.89,1460.48,"","","",""
RW5,8020,10/31/2023 12:50,17.89,601.12,"","","",""
RW5,8021,10/31/2023 12:55,17.89,1191.36,"","","",""
RW5,8022,10/31/2023 13:00,17.89,4704,"","","",""
RW5,8023,10/31/2023 13:05,17.84,227.52,"","","",""
RW5,8024,10/31/2023 13:10,17.93,10547.2,"","","",""
RW5,8025,10/31/2023 13:15,17.97,2608.64,"","","",""
RW5,8026,10/31/2023 13:20,17.93,5029.12,"","","",""
RW5,8027,10/31/2023 13:25,17.97,9118.72,"","","",""
RW5,8028,10/31/2023 13:30,18.02,2059.52,"","","",""
RW5,8029,10/31/2023 13:35,18.02,343.84,"","","",""
RW5,8030,10/31/2023 13:40,18.06,1077.76,"","","",""
RW5,8031,10/31/2023 13:45,18.06,301.52,"","","",""
RW5,8032,10/31/2023 13:50,18.19,10787.84,"","","",""
RW5,8033,10/31/2023 13:55,18.1,275.68,"","","",""
RW5,8034,10/31/2023 14:00,18.1,425.6,"","","",""
RW5,8035,10/31/2023 14:05,18.19,1056.32,"","","",""
RW5,8036,10/31/2023 14:10,18.23,4911.36,"","","",""
RW5,8037,10/31/2023 14:15,18.23,580.16,"","","",""
RW5,8038,10/31/2023 14:20,18.23,5509.12,"","","",""
RW5,8039,10/31/2023 14:25,18.27,82.36,"","","",""
RW5,8040,10/31/2023 14:30,18.36,227.76,"","","",""
RW5,8041,10/31/2023 14:35,18.36,571.36,"","","",""
RW5,8042,10/31/2023 14:40,18.4,262.08,"","","",""
RW5,8043,10/31/2023 14:45,18.66,3141.12,"","","",""
RW5,8044,10/31/2023 14:50,18.62,892.16,"","","",""
RW5,8045,10/31/2023 14:55,18.83,7818.24,"","","",""
RW5,8046,10/31/2023 15:00,19.05,3479.04,"","","",""
RW5,8047,10/31/2023 15:05,18.87,2224.64,"","","",""
RW5,8128,10/31/2023 21:50,12.31,0,"","","",""
RW5,8129,10/31/2023 21:55,12.44,0,"","","",""
RW5,8130,10/31/2023 22:00,12.57,0,"","","",""
RW5,8131,10/31/2023 22:05,12.82,0,"","","",""
RW5,8132,10/31/2023 22:10,14.75,0,"","","",""
RW5,8133,10/31/2023 22:15,15.7,0,"","","",""
RW5,8134,10/31/2023 22:20,16.13,0,"","","",""
RW5,8135,10/31/2023 22:25,16.43,0,"","","",""
RW5,8136,10/31/2023 22:30,16.47,0,"","","",""
RW5,8137,10/31/2023 22:35,16.6,0,"","","",""
RW5,8138,10/31/2023 22:40,16.73,0,"","","",""
RW5,8139,10/31/2023 22:45,16.77,0,"","","",""
RW5,8140,10/31/2023 22:50,16.86,0,"","","",""
RW5,8141,10/31/2023 22:55,16.9,0,"","","",""
RW5,8142,10/31/2023 23:00,16.86,0,"","","",""
RW5,8143,10/31/2023 23:05,16.94,0,"","","",""
RW5,8144,10/31/2023 23:10,16.9,0,"","","",""
RW5,8145,10/31/2023 23:15,17.03,0,"","","",""
RW5,8146,10/31/2023 23:20,17.03,0,"","","",""
RW5,8147,10/31/2023 23:25,17.03,0,"","","",""
RW5,8148,10/31/2023 23:30,17.07,0,"","","",""
RW5,8149,10/31/2023 23:35,17.03,0,"","","",""
RW5,8150,10/31/2023 23:40,17.03,0,"","","",""
RW5,8151,10/31/2023 23:45,17.03,0,"","","",""
RW5,8152,10/31/2023 23:50,17.03,0,"","","",""
RW5,8153,10/31/2023 23:55,17.07,0,"","","",""
RW5,8154,11/1/2023 0:00,17.07,0,"","","",""
RW5,8155,11/1/2023 0:05,17.03,0,"","","",""
RW5,8156,11/1/2023 0:10,17.07,0,"","","",""
RW5,8157,11/1/2023 0:15,17.07,0,"","","",""
RW5,8158,11/1/2023 0:20,17.03,0,"","","",""
RW5,8159,11/1/2023 0:25,17.03,0,"","","",""
RW5,8160,11/1/2023 0:30,17.03,0,"","","",""
RW5,8161,11/1/2023 0:35,17.03,0,"","","",""
RW5,8162,11/1/2023 0:40,17.03,0,"","","",""
RW5,8163,11/1/2023 0:45,17.03,0,"","","",""
RW5,8164,11/1/2023 0:50,17.03,0,"","","",""
RW5,8165,11/1/2023 0:55,16.99,0,"","","",""
RW5,8166,11/1/2023 1:00,16.99,0,"","","",""
RW5,8167,11/1/2023 1:05,17.03,0,"","","",""
RW5,8168,11/1/2023 1:10,16.99,0,"","","",""
RW5,8169,11/1/2023 1:15,16.94,0,"","","",""
RW5,8170,11/1/2023 1:20,16.99,0,"","","",""
RW5,8171,11/1/2023 1:25,16.99,0,"","","",""
RW5,8172,11/1/2023 1:30,17.03,0,"","","",""
RW5,8173,11/1/2023 1:35,16.99,0,"","","",""
RW5,8174,11/1/2023 1:40,16.99,0,"","","",""
RW5,8175,11/1/2023 1:45,16.94,0,"","","",""
RW5,8176,11/1/2023 1:50,16.99,0,"","","",""
RW5,8177,11/1/2023 1:55,16.99,0,"","","",""
RW5,8178,11/1/2023 2:00,16.99,0,"","","",""
RW5,8179,11/1/2023 2:05,16.99,0,"","","",""
RW5,8180,11/1/2023 2:10,16.94,0,"","","",""
RW5,8181,11/1/2023 2:15,16.9,0,"","","",""
RW5,8182,11/1/2023 2:20,16.94,0,"","","",""
RW5,8183,11/1/2023 2:25,16.86,0,"","","",""
RW5,8184,11/1/2023 2:30,16.86,0,"","","",""
RW5,8185,11/1/2023 2:35,16.81,0,"","","",""
RW5,8186,11/1/2023 2:40,16.9,0,"","","",""
RW5,8187,11/1/2023 2:45,16.9,0,"","","",""
RW5,8188,11/1/2023 2:50,16.86,0,"","","",""
RW5,8189,11/1/2023 2:55,16.81,0,"","","",""
RW5,8190,11/1/2023 3:00,16.86,0,"","","",""
RW5,8191,11/1/2023 3:05,16.86,0,"","","",""
RW5,8192,11/1/2023 3:10,16.86,0,"","","",""
RW5,8193,11/1/2023 3:15,16.81,0,"","","",""
RW5,8194,11/1/2023 3:20,16.81,0,"","","",""
RW5,8195,11/1/2023 3:25,16.81,0,"","","",""
RW5,8196,11/1/2023 3:30,16.81,0,"","","",""
RW5,8197,11/1/2023 3:35,16.81,0,"","","",""
RW5,8198,11/1/2023 3:40,16.81,0,"","","",""
RW5,8199,11/1/2023 3:45,16.77,0,"","","",""
RW5,8200,11/1/2023 3:50,16.73,0,"","","",""
RW5,8201,11/1/2023 3:55,16.73,0,"","","",""
RW5,8202,11/1/2023 4:00,16.69,0,"","","",""
RW5,8203,11/1/2023 4:05,16.69,0,"","","",""
RW5,8204,11/1/2023 4:10,16.6,0,"","","",""
RW5,8205,11/1/2023 4:15,16.64,0,"","","",""
RW5,8206,11/1/2023 4:20,16.6,0,"","","",""
RW5,8207,11/1/2023 4:25,16.56,0,"","","",""
RW5,8208,11/1/2023 4:30,16.6,0,"","","",""
RW5,8209,11/1/2023 4:35,16.6,0,"","","",""
RW5,8210,11/1/2023 4:40,16.56,0,"","","",""
RW5,8211,11/1/2023 4:45,16.56,0,"","","",""
RW5,8212,11/1/2023 4:50,16.47,0,"","","",""
RW5,8213,11/1/2023 4:55,16.47,0,"","","",""
RW5,8214,11/1/2023 5:00,16.47,0,"","","",""
RW5,8215,11/1/2023 5:05,16.43,0,"","","",""
RW5,8216,11/1/2023 5:10,16.39,0,"","","",""
RW5,8217,11/1/2023 5:15,16.51,0,"","","",""
RW5,8218,11/1/2023 5:20,16.43,0,"","","",""
RW5,8219,11/1/2023 5:25,16.47,0,"","","",""
RW5,8220,11/1/2023 5:30,16.47,0,"","","",""
RW5,8221,11/1/2023 5:35,16.47,0,"","","",""
RW5,8222,11/1/2023 5:40,16.51,0,"","","",""
RW5,8223,11/1/2023 5:45,16.51,0,"","","",""
RW5,8224,11/1/2023 5:50,16.47,0,"","","",""
RW5,8225,11/1/2023 5:55,16.43,0,"","","",""
RW5,8226,11/1/2023 6:00,16.47,0,"","","",""
RW5,8227,11/1/2023 6:05,16.47,0,"","","",""
RW5,8228,11/1/2023 6:10,16.47,0,"","","",""
RW5,8229,11/1/2023 6:15,16.56,0,"","","",""
RW5,8230,11/1/2023 6:20,16.51,0,"","","",""
RW5,8231,11/1/2023 6:25,16.6,0,"","","",""
RW5,8232,11/1/2023 6:30,16.47,0,"","","",""
RW5,8233,11/1/2023 6:35,16.51,0,"","","",""
RW5,8234,11/1/2023 6:40,16.51,0,"","","",""
RW5,8235,11/1/2023 6:45,16.47,0,"","","",""
RW5,8236,11/1/2023 6:50,16.51,0.44,"","","",""
RW5,8237,11/1/2023 6:55,16.43,0,"","","",""
RW5,8238,11/1/2023 7:00,16.51,2.88,"","","",""
RW5,8239,11/1/2023 7:05,16.47,9.1,"","","",""
RW5,8240,11/1/2023 7:10,16.47,4.88,"","","",""
RW5,8241,11/1/2023 7:15,16.47,31.87,"","","",""
RW5,8242,11/1/2023 7:20,16.47,74.14,"","","",""
RW5,8243,11/1/2023 7:25,16.47,77.24,"","","",""
RW5,8244,11/1/2023 7:30,16.47,26.76,"","","",""
RW5,8245,11/1/2023 7:35,16.56,25.68,"","","",""
RW5,8246,11/1/2023 7:40,16.51,77.68,"","","",""
RW5,8247,11/1/2023 7:45,16.56,72.36,"","","",""
RW5,8248,11/1/2023 7:50,16.51,234,"","","",""
RW5,8249,11/1/2023 7:55,16.56,1139.84,"","","",""
RW5,8250,11/1/2023 8:00,16.56,160.6,"","","",""
RW5,8251,11/1/2023 8:05,16.51,420.48,"","","",""
RW5,8252,11/1/2023 8:10,16.51,637.92,"","","",""
RW5,8253,11/1/2023 8:15,16.51,190.88,"","","",""
RW5,8254,11/1/2023 8:20,16.51,2347.52,"","","",""
RW5,8255,11/1/2023 8:25,16.56,342.88,"","","",""
RW5,8256,11/1/2023 8:30,16.69,2073.6,"","","",""
RW5,8257,11/1/2023 8:35,16.6,101.4,"","","",""
RW5,8258,11/1/2023 8:40,16.6,3.33,"","","",""
RW5,8259,11/1/2023 8:45,16.69,1418.88,"","","",""
RW5,8260,11/1/2023 8:50,16.69,6973.44,"","","",""
RW5,8261,11/1/2023 8:55,16.73,62.92,"","","",""
RW5,8262,11/1/2023 9:00,16.69,37.68,"","","",""
RW5,8263,11/1/2023 9:05,16.73,482.4,"","","",""
RW5,8264,11/1/2023 9:10,16.77,327.2,"","","",""
RW5,8265,11/1/2023 9:15,16.77,207.92,"","","",""
RW5,8266,11/1/2023 9:20,16.77,1316.48,"","","",""
RW5,8267,11/1/2023 9:25,16.81,1249.28,"","","",""
RW5,8268,11/1/2023 9:30,16.86,525.12,"","","",""
RW5,8269,11/1/2023 9:35,16.9,169.6,"","","",""
RW5,8270,11/1/2023 9:40,16.86,2521.6,"","","",""
RW5,8271,11/1/2023 9:45,16.94,235.92,"","","",""
RW5,8272,11/1/2023 9:50,16.94,123.28,"","","",""
RW5,8273,11/1/2023 9:55,16.94,194.56,"","","",""
RW5,8274,11/1/2023 10:00,16.94,8273.92,"","","",""
RW5,8275,11/1/2023 10:05,16.94,212.56,"","","",""
RW5,8276,11/1/2023 10:10,17.03,1154.24,"","","",""
RW5,8277,11/1/2023 10:15,17.03,282.8,"","","",""
RW5,8278,11/1/2023 10:20,17.03,153.16,"","","",""
RW5,8279,11/1/2023 10:25,17.03,276,"","","",""
RW5,8280,11/1/2023 10:30,16.99,382.24,"","","",""
RW5,8281,11/1/2023 10:35,17.07,26.1,"","","",""
RW5,8282,11/1/2023 10:40,17.11,6497.28,"","","",""
RW5,8283,11/1/2023 10:45,17.16,1308.8,"","","",""
RW5,8284,11/1/2023 10:50,17.16,1480.96,"","","",""
RW5,8285,11/1/2023 10:55,17.2,1846.4,"","","",""
RW5,8286,11/1/2023 11:00,17.24,667.2,"","","",""
RW5,8287,11/1/2023 11:05,17.29,117.72,"","","",""
RW5,8288,11/1/2023 11:10,17.29,128.6,"","","",""
RW5,8289,11/1/2023 11:15,17.33,2865.92,"","","",""
RW5,8290,11/1/2023 11:20,17.41,3116.8,"","","",""
RW5,8291,11/1/2023 11:25,17.41,3404.8,"","","",""
RW5,8292,11/1/2023 11:30,17.41,1339.52,"","","",""
RW5,8293,11/1/2023 11:35,17.46,688,"","","",""
RW5,8294,11/1/2023 11:40,17.5,11770.88,"","","",""
RW5,8295,11/1/2023 11:45,17.5,13818.88,"","","",""
RW5,8296,11/1/2023 11:50,17.5,1670.4,"","","",""
RW5,8297,11/1/2023 11:55,17.59,1174.72,"","","",""
RW5,8298,11/1/2023 12:00,17.54,414.72,"","","",""
RW5,8299,11/1/2023 12:05,17.59,958.72,"","","",""
RW5,8300,11/1/2023 12:10,17.59,4385.28,"","","",""
RW5,8301,11/1/2023 12:15,17.59,830.4,"","","",""
RW5,8302,11/1/2023 12:20,17.63,107.96,"","","",""
RW5,8303,11/1/2023 12:25,17.59,763.52,"","","",""
RW5,8304,11/1/2023 12:30,17.67,501.92,"","","",""
RW5,8305,11/1/2023 12:35,17.63,925.76,"","","",""
RW5,8306,11/1/2023 12:40,17.63,53.08,"","","",""
RW5,8307,11/1/2023 12:45,17.72,1983.36,"","","",""
RW5,8308,11/1/2023 12:50,17.72,2112.64,"","","",""
RW5,8309,11/1/2023 12:55,17.72,3027.2,"","","",""
RW5,8310,11/1/2023 13:00,17.76,3123.2,"","","",""
RW5,8311,11/1/2023 13:05,17.76,2910.72,"","","",""
RW5,8312,11/1/2023 13:10,17.76,789.76,"","","",""
RW5,8313,11/1/2023 13:15,17.76,610.4,"","","",""
RW5,8314,11/1/2023 13:20,17.8,1226.24,"","","",""
RW5,8315,11/1/2023 13:25,17.8,2228.48,"","","",""
RW5,8316,11/1/2023 13:30,17.84,583.68,"","","",""
RW5,8317,11/1/2023 13:35,17.84,508.16,"","","",""
RW5,8318,11/1/2023 13:40,17.84,1607.04,"","","",""
RW5,8319,11/1/2023 13:45,17.89,399.52,"","","",""
RW5,8320,11/1/2023 13:50,17.89,257.12,"","","",""
RW5,8321,11/1/2023 13:55,17.93,6648.32,"","","",""
RW5,8322,11/1/2023 14:00,17.97,462.88,"","","",""
RW5,8323,11/1/2023 14:05,17.93,1677.44,"","","",""
RW5,8324,11/1/2023 14:10,17.93,2212.48,"","","",""
RW5,8325,11/1/2023 14:15,17.97,4104.96,"","","",""
RW5,8326,11/1/2023 14:20,17.97,619.68,"","","",""
RW5,8327,11/1/2023 14:25,18.06,15744,"","","",""
RW5,8328,11/1/2023 14:30,18.02,2116.48,"","","",""
RW5,8329,11/1/2023 14:35,18.06,76.18,"","","",""
RW5,8330,11/1/2023 14:40,18.1,978.24,"","","",""
RW5,8331,11/1/2023 14:45,18.14,2682.88,"","","",""
RW5,8332,11/1/2023 14:50,18.19,330.88,"","","",""
RW5,8333,11/1/2023 14:55,18.19,2688,"","","",""
RW5,8334,11/1/2023 15:00,18.23,1705.6,"","","",""
RW5,8335,11/1/2023 15:05,18.23,795.52,"","","",""
RW5,8336,11/1/2023 15:10,18.23,258.56,"","","",""
RW5,8337,11/1/2023 15:15,18.23,87.32,"","","",""
RW5,8338,11/1/2023 15:20,18.32,26.26,"","","",""
RW5,8339,11/1/2023 15:25,18.4,2281.6,"","","",""
RW5,8340,11/1/2023 15:30,18.49,1863.04,"","","",""
RW5,8341,11/1/2023 15:35,18.57,2100.48,"","","",""
RW5,8342,11/1/2023 15:40,18.53,4590.08,"","","",""
RW5,8343,11/1/2023 15:45,18.44,1106.24,"","","",""
RW5,8344,11/1/2023 15:50,18.4,1466.88,"","","",""
RW5,8345,11/1/2023 15:55,18.1,966.72,"","","",""
RW5,8346,11/1/2023 16:00,17.67,860.8,"","","",""
RW5,8428,11/1/2023 22:50,11.11,0,"","","",""
RW5,8429,11/1/2023 22:55,11.62,0,"","","",""
RW5,8430,11/1/2023 23:00,13.21,0,"","","",""
RW5,8431,11/1/2023 23:05,14.07,0,"","","",""
RW5,8432,11/1/2023 23:10,14.28,0,"","","",""
RW5,8433,11/1/2023 23:15,15.06,0,"","","",""
RW5,8434,11/1/2023 23:20,15.66,0,"","","",""
RW5,8435,11/1/2023 23:25,15.91,0,"","","",""
RW5,8436,11/1/2023 23:30,15.96,0,"","","",""
RW5,8437,11/1/2023 23:35,16.04,0,"","","",""
RW5,8438,11/1/2023 23:40,16.26,0,"","","",""
RW5,8439,11/1/2023 23:45,16.34,0,"","","",""
RW5,8440,11/1/2023 23:50,16.43,0,"","","",""
RW5,8441,11/1/2023 23:55,16.43,0,"","","",""
RW5,8442,11/2/2023 0:00,16.47,0,"","","",""
RW5,8443,11/2/2023 0:05,16.56,0,"","","",""
RW5,8444,11/2/2023 0:10,16.6,0,"","","",""
RW5,8445,11/2/2023 0:15,16.6,0,"","","",""
RW5,8446,11/2/2023 0:20,16.64,0,"","","",""
RW5,8447,11/2/2023 0:25,16.73,0,"","","",""
RW5,8448,11/2/2023 0:30,16.73,0,"","","",""
RW5,8449,11/2/2023 0:35,16.77,0,"","","",""
RW5,8450,11/2/2023 0:40,16.81,0,"","","",""
RW5,8451,11/2/2023 0:45,16.81,0,"","","",""
RW5,8452,11/2/2023 0:50,16.9,0,"","","",""
RW5,8453,11/2/2023 0:55,16.86,0,"","","",""
RW5,8454,11/2/2023 1:00,16.81,0,"","","",""
RW5,8455,11/2/2023 1:05,16.86,0,"","","",""
RW5,8456,11/2/2023 1:10,16.86,0,"","","",""
RW5,8457,11/2/2023 1:15,16.86,0,"","","",""
RW5,8458,11/2/2023 1:20,16.9,0,"","","",""
RW5,8459,11/2/2023 1:25,16.86,0,"","","",""
RW5,8460,11/2/2023 1:30,16.81,0,"","","",""
RW5,8461,11/2/2023 1:35,16.81,0,"","","",""
RW5,8462,11/2/2023 1:40,16.81,0,"","","",""
RW5,8463,11/2/2023 1:45,16.81,0,"","","",""
RW5,8464,11/2/2023 1:50,16.86,0,"","","",""
RW5,8465,11/2/2023 1:55,16.86,0,"","","",""
RW5,8466,11/2/2023 2:00,16.81,0,"","","",""
RW5,8467,11/2/2023 2:05,16.81,0,"","","",""
RW5,8468,11/2/2023 2:10,16.77,0,"","","",""
RW5,8469,11/2/2023 2:15,16.73,0,"","","",""
RW5,8470,11/2/2023 2:20,16.77,0,"","","",""
RW5,8471,11/2/2023 2:25,16.77,0,"","","",""
RW5,8472,11/2/2023 2:30,16.73,0,"","","",""
RW5,8473,11/2/2023 2:35,16.73,0,"","","",""
RW5,8474,11/2/2023 2:40,16.69,0,"","","",""
RW5,8475,11/2/2023 2:45,16.64,0,"","","",""
RW5,8476,11/2/2023 2:50,16.69,0,"","","",""
RW5,8477,11/2/2023 2:55,16.69,0,"","","",""
RW5,8478,11/2/2023 3:00,16.73,0,"","","",""
RW5,8479,11/2/2023 3:05,16.73,0,"","","",""
RW5,8480,11/2/2023 3:10,16.69,0,"","","",""
RW5,8481,11/2/2023 3:15,16.73,0,"","","",""
RW5,8482,11/2/2023 3:20,16.69,0,"","","",""
RW5,8483,11/2/2023 3:25,16.69,0,"","","",""
RW5,8484,11/2/2023 3:30,16.64,0,"","","",""
RW5,8485,11/2/2023 3:35,16.69,0,"","","",""
RW5,8486,11/2/2023 3:40,16.69,0,"","","",""
RW5,8487,11/2/2023 3:45,16.64,0,"","","",""
RW5,8488,11/2/2023 3:50,16.73,0,"","","",""
RW5,8489,11/2/2023 3:55,16.77,0,"","","",""
RW5,8490,11/2/2023 4:00,16.73,0,"","","",""
RW5,8491,11/2/2023 4:05,16.73,0,"","","",""
RW5,8492,11/2/2023 4:10,16.73,0,"","","",""
RW5,8493,11/2/2023 4:15,16.73,0,"","","",""
RW5,8494,11/2/2023 4:20,16.64,0,"","","",""
RW5,8495,11/2/2023 4:25,16.69,0,"","","",""
RW5,8496,11/2/2023 4:30,16.64,0,"","","",""
RW5,8497,11/2/2023 4:35,16.6,0,"","","",""
RW5,8498,11/2/2023 4:40,16.64,0,"","","",""
RW5,8499,11/2/2023 4:45,16.64,0,"","","",""
RW5,8500,11/2/2023 4:50,16.6,0,"","","",""
RW5,8501,11/2/2023 4:55,16.6,0,"","","",""
RW5,8502,11/2/2023 5:00,16.6,0,"","","",""
RW5,8503,11/2/2023 5:05,16.64,0,"","","",""
RW5,8504,11/2/2023 5:10,16.6,0,"","","",""
RW5,8505,11/2/2023 5:15,16.6,0,"","","",""
RW5,8506,11/2/2023 5:20,16.56,0,"","","",""
RW5,8507,11/2/2023 5:25,16.56,0,"","","",""
RW5,8508,11/2/2023 5:30,16.56,0,"","","",""
RW5,8509,11/2/2023 5:35,16.56,0,"","","",""
RW5,8510,11/2/2023 5:40,16.56,0,"","","",""
RW5,8511,11/2/2023 5:45,16.51,0,"","","",""
RW5,8512,11/2/2023 5:50,16.51,0,"","","",""
RW5,8513,11/2/2023 5:55,16.47,0,"","","",""
RW5,8514,11/2/2023 6:00,16.47,0,"","","",""
RW5,8515,11/2/2023 6:05,16.56,0,"","","",""
RW5,8516,11/2/2023 6:10,16.51,0,"","","",""
RW5,8517,11/2/2023 6:15,16.56,0,"","","",""
RW5,8518,11/2/2023 6:20,16.51,0,"","","",""
RW5,8519,11/2/2023 6:25,16.51,0,"","","",""
RW5,8520,11/2/2023 6:30,16.51,0,"","","",""
RW5,8521,11/2/2023 6:35,16.51,0,"","","",""
RW5,8522,11/2/2023 6:40,16.51,0,"","","",""
RW5,8523,11/2/2023 6:45,16.51,0,"","","",""
RW5,8524,11/2/2023 6:50,16.51,0,"","","",""
RW5,8525,11/2/2023 6:55,16.51,0.44,"","","",""
RW5,8526,11/2/2023 7:00,16.51,0,"","","",""
RW5,8527,11/2/2023 7:05,16.51,15.57,"","","",""
RW5,8528,11/2/2023 7:10,16.51,33.46,"","","",""
RW5,8529,11/2/2023 7:15,16.56,71.42,"","","",""
RW5,8530,11/2/2023 7:20,16.56,137.48,"","","",""
RW5,8531,11/2/2023 7:25,16.51,120.48,"","","",""
RW5,8532,11/2/2023 7:30,16.47,113.32,"","","",""
RW5,8533,11/2/2023 7:35,16.51,43.72,"","","",""
RW5,8534,11/2/2023 7:40,16.56,21.27,"","","",""
RW5,8535,11/2/2023 7:45,16.56,565.12,"","","",""
RW5,8536,11/2/2023 7:50,16.51,141.04,"","","",""
RW5,8537,11/2/2023 7:55,16.56,493.12,"","","",""
RW5,8538,11/2/2023 8:00,16.6,228.56,"","","",""
RW5,8539,11/2/2023 8:05,16.6,96.08,"","","",""
RW5,8540,11/2/2023 8:10,16.6,1192.32,"","","",""
RW5,8541,11/2/2023 8:15,16.6,117.16,"","","",""
RW5,8542,11/2/2023 8:20,16.64,213.44,"","","",""
RW5,8543,11/2/2023 8:25,16.69,438.4,"","","",""
RW5,8544,11/2/2023 8:30,16.73,269.76,"","","",""
RW5,8545,11/2/2023 8:35,16.73,563.68,"","","",""
RW5,8546,11/2/2023 8:40,16.73,72.92,"","","",""
RW5,8547,11/2/2023 8:45,16.73,2754.56,"","","",""
RW5,8548,11/2/2023 8:50,16.77,258.32,"","","",""
RW5,8549,11/2/2023 8:55,16.77,916.16,"","","",""
RW5,8550,11/2/2023 9:00,16.77,78.36,"","","",""
RW5,8551,11/2/2023 9:05,16.77,475.36,"","","",""
RW5,8552,11/2/2023 9:10,16.81,1489.92,"","","",""
RW5,8553,11/2/2023 9:15,16.69,276.96,"","","",""
RW5,8554,11/2/2023 9:20,16.77,195.2,"","","",""
RW5,8555,11/2/2023 9:25,16.81,890.56,"","","",""
RW5,8556,11/2/2023 9:30,16.81,107.24,"","","",""
RW5,8557,11/2/2023 9:35,16.9,6346.24,"","","",""
RW5,8558,11/2/2023 9:40,16.9,137.32,"","","",""
RW5,8559,11/2/2023 9:45,16.94,4791.04,"","","",""
RW5,8560,11/2/2023 9:50,16.99,446.88,"","","",""
RW5,8561,11/2/2023 9:55,16.9,61.72,"","","",""
RW5,8562,11/2/2023 10:00,17.03,162.6,"","","",""
RW5,8563,11/2/2023 10:05,17.07,9930.24,"","","",""
RW5,8564,11/2/2023 10:10,17.11,167.92,"","","",""
RW5,8565,11/2/2023 10:15,17.16,3820.8,"","","",""
RW5,8566,11/2/2023 10:20,17.11,583.36,"","","",""
RW5,8567,11/2/2023 10:25,17.16,2388.48,"","","",""
RW5,8568,11/2/2023 10:30,17.2,2494.72,"","","",""
RW5,8569,11/2/2023 10:35,17.16,3034.88,"","","",""
RW5,8570,11/2/2023 10:40,17.2,153.6,"","","",""
RW5,8571,11/2/2023 10:45,17.24,4193.28,"","","",""
RW5,8572,11/2/2023 10:50,17.24,1400.96,"","","",""
RW5,8573,11/2/2023 10:55,17.29,124.16,"","","",""
RW5,8574,11/2/2023 11:00,17.33,1689.6,"","","",""
RW5,8575,11/2/2023 11:05,17.33,418.08,"","","",""
RW5,8576,11/2/2023 11:10,17.41,10314.24,"","","",""
RW5,8577,11/2/2023 11:15,17.37,507.84,"","","",""
RW5,8578,11/2/2023 11:20,17.37,662.72,"","","",""
RW5,8579,11/2/2023 11:25,17.46,471.52,"","","",""
RW5,8580,11/2/2023 11:30,17.46,3226.88,"","","",""
RW5,8581,11/2/2023 11:35,17.5,403.84,"","","",""
RW5,8582,11/2/2023 11:40,17.46,3553.28,"","","",""
RW5,8583,11/2/2023 11:45,17.5,2413.44,"","","",""
RW5,8584,11/2/2023 11:50,17.5,486.88,"","","",""
RW5,8585,11/2/2023 11:55,17.5,2894.08,"","","",""
RW5,8586,11/2/2023 12:00,17.54,7093.76,"","","",""
RW5,8587,11/2/2023 12:05,17.59,9182.72,"","","",""
RW5,8588,11/2/2023 12:10,17.63,1313.92,"","","",""
RW5,8589,11/2/2023 12:15,17.67,506.4,"","","",""
RW5,8590,11/2/2023 12:20,17.67,15.8,"","","",""
RW5,8591,11/2/2023 12:25,17.67,126.72,"","","",""
RW5,8592,11/2/2023 12:30,17.72,460.64,"","","",""
RW5,8593,11/2/2023 12:35,17.76,289.44,"","","",""
RW5,8594,11/2/2023 12:40,17.8,584.16,"","","",""
RW5,8595,11/2/2023 12:45,17.76,210.8,"","","",""
RW5,8596,11/2/2023 12:50,17.8,94.68,"","","",""
RW5,8597,11/2/2023 12:55,17.84,7385.6,"","","",""
RW5,8598,11/2/2023 13:00,17.89,20.29,"","","",""
RW5,8599,11/2/2023 13:05,17.89,6417.92,"","","",""
RW5,8600,11/2/2023 13:10,17.89,2091.52,"","","",""
RW5,8601,11/2/2023 13:15,18.02,903.68,"","","",""
RW5,8602,11/2/2023 13:20,17.97,3978.24,"","","",""
RW5,8603,11/2/2023 13:25,17.97,1952.64,"","","",""
RW5,8604,11/2/2023 13:30,18.06,2546.56,"","","",""
RW5,8605,11/2/2023 13:35,18.06,5696,"","","",""
RW5,8606,11/2/2023 13:40,18.02,3539.2,"","","",""
RW5,8607,11/2/2023 13:45,18.1,3383.04,"","","",""
RW5,8608,11/2/2023 13:50,18.06,3006.72,"","","",""
RW5,8609,11/2/2023 13:55,18.06,460.64,"","","",""
RW5,8610,11/2/2023 14:00,18.06,365.44,"","","",""
RW5,8611,11/2/2023 14:05,18.1,3242.24,"","","",""
RW5,8612,11/2/2023 14:10,18.06,26.35,"","","",""
RW5,8613,11/2/2023 14:15,18.1,1222.72,"","","",""
RW5,8614,11/2/2023 14:20,18.14,7741.44,"","","",""
RW5,8615,11/2/2023 14:25,18.1,625.44,"","","",""
RW5,8616,11/2/2023 14:30,18.14,548.16,"","","",""
RW5,8617,11/2/2023 14:35,18.19,2436.48,"","","",""
RW5,8618,11/2/2023 14:40,18.23,1714.56,"","","",""
RW5,8619,11/2/2023 14:45,18.23,1354.88,"","","",""
RW5,8620,11/2/2023 14:50,18.27,430.08,"","","",""
RW5,8621,11/2/2023 14:55,18.32,1216.32,"","","",""
RW5,8622,11/2/2023 15:00,18.32,9822.72,"","","",""
RW5,8623,11/2/2023 15:05,18.32,3322.88,"","","",""
RW5,8624,11/2/2023 15:10,18.36,1324.8,"","","",""
RW5,8625,11/2/2023 15:15,18.32,260.56,"","","",""
RW5,8626,11/2/2023 15:20,18.4,2436.48,"","","",""
RW5,8627,11/2/2023 15:25,18.36,122.4,"","","",""
RW5,8628,11/2/2023 15:30,18.4,613.92,"","","",""
RW5,8629,11/2/2023 15:35,18.4,492.64,"","","",""
RW5,8630,11/2/2023 15:40,18.36,413.12,"","","",""
RW5,8631,11/2/2023 15:45,18.32,707.52,"","","",""
RW5,8632,11/2/2023 15:50,18.32,158.32,"","","",""
RW5,8633,11/2/2023 15:55,18.32,695.04,"","","",""
RW5,8634,11/2/2023 16:00,18.27,718.4,"","","",""
RW5,8635,11/2/2023 16:05,18.23,179.6,"","","",""
RW5,8636,11/2/2023 16:10,18.14,431.68,"","","",""
RW5,8637,11/2/2023 16:15,18.19,847.68,"","","",""
RW5,8638,11/2/2023 16:20,18.1,39.26,"","","",""
RW5,8639,11/2/2023 16:25,18.06,263.2,"","","",""
RW5,8640,11/2/2023 16:30,17.97,680,"","","",""
RW5,8641,11/2/2023 16:35,17.8,140.64,"","","",""
RW5,8642,11/2/2023 16:40,17.84,124,"","","",""
RW5,8643,11/2/2023 16:45,17.67,151.64,"","","",""
RW5,8644,11/2/2023 16:50,16.9,173.6,"","","",""
RW5,8645,11/2/2023 16:55,16.73,162.16,"","","",""
RW5,8646,11/2/2023 17:00,16.21,149.64,"","","",""
