Plot,#,Date-Time (PDT),Ch:1 - Temperature   (°C),Ch:2 - Light   (lux),Button Down,Button Up,Host Connected,End of File
RW6,27,10/14/2023 18:40,18.02,6.06,"","","",""
RW6,28,10/14/2023 18:45,17.59,1.56,"","","",""
RW6,29,10/14/2023 18:50,18.4,0,"","","",""
RW6,30,10/14/2023 18:55,18.74,0,"","","",""
RW6,31,10/14/2023 19:00,18.7,0,"","","",""
RW6,32,10/14/2023 19:05,18.79,0,"","","",""
RW6,33,10/14/2023 19:10,18.83,0,"","","",""
RW6,34,10/14/2023 19:15,18.79,0,"","","",""
RW6,35,10/14/2023 19:20,18.79,0,"","","",""
RW6,36,10/14/2023 19:25,18.87,0,"","","",""
RW6,37,10/14/2023 19:30,18.87,0,"","","",""
RW6,38,10/14/2023 19:35,18.87,0,"","","",""
RW6,39,10/14/2023 19:40,18.87,0,"","","",""
RW6,40,10/14/2023 19:45,18.83,0,"","","",""
RW6,41,10/14/2023 19:50,18.79,0,"","","",""
RW6,42,10/14/2023 19:55,18.83,0,"","","",""
RW6,43,10/14/2023 20:00,18.79,0,"","","",""
RW6,44,10/14/2023 20:05,18.74,0,"","","",""
RW6,45,10/14/2023 20:10,18.79,0,"","","",""
RW6,46,10/14/2023 20:15,18.74,0,"","","",""
RW6,47,10/14/2023 20:20,18.66,0,"","","",""
RW6,48,10/14/2023 20:25,18.62,0,"","","",""
RW6,49,10/14/2023 20:30,18.57,0,"","","",""
RW6,50,10/14/2023 20:35,18.53,0,"","","",""
RW6,51,10/14/2023 20:40,18.53,0,"","","",""
RW6,52,10/14/2023 20:45,18.49,0,"","","",""
RW6,53,10/14/2023 20:50,18.53,0,"","","",""
RW6,54,10/14/2023 20:55,18.44,0,"","","",""
RW6,55,10/14/2023 21:00,18.44,0,"","","",""
RW6,56,10/14/2023 21:05,18.4,0,"","","",""
RW6,57,10/14/2023 21:10,18.36,0,"","","",""
RW6,58,10/14/2023 21:15,18.32,0,"","","",""
RW6,59,10/14/2023 21:20,18.36,0,"","","",""
RW6,60,10/14/2023 21:25,18.32,0,"","","",""
RW6,61,10/14/2023 21:30,18.27,0,"","","",""
RW6,62,10/14/2023 21:35,18.23,0,"","","",""
RW6,63,10/14/2023 21:40,18.23,0,"","","",""
RW6,64,10/14/2023 21:45,18.32,0,"","","",""
RW6,65,10/14/2023 21:50,18.19,0,"","","",""
RW6,66,10/14/2023 21:55,18.19,0,"","","",""
RW6,67,10/14/2023 22:00,18.19,0,"","","",""
RW6,68,10/14/2023 22:05,18.14,0,"","","",""
RW6,69,10/14/2023 22:10,18.19,0,"","","",""
RW6,70,10/14/2023 22:15,18.23,0,"","","",""
RW6,71,10/14/2023 22:20,18.14,0,"","","",""
RW6,72,10/14/2023 22:25,18.14,0,"","","",""
RW6,73,10/14/2023 22:30,18.1,0,"","","",""
RW6,74,10/14/2023 22:35,18.1,0,"","","",""
RW6,75,10/14/2023 22:40,18.02,0,"","","",""
RW6,76,10/14/2023 22:45,18.02,0,"","","",""
RW6,77,10/14/2023 22:50,17.93,0,"","","",""
RW6,78,10/14/2023 22:55,17.89,0,"","","",""
RW6,79,10/14/2023 23:00,17.89,0,"","","",""
RW6,80,10/14/2023 23:05,17.76,0,"","","",""
RW6,81,10/14/2023 23:10,17.67,0,"","","",""
RW6,82,10/14/2023 23:15,17.54,0,"","","",""
RW6,83,10/14/2023 23:20,17.46,0,"","","",""
RW6,84,10/14/2023 23:25,17.29,0,"","","",""
RW6,85,10/14/2023 23:30,17.33,0,"","","",""
RW6,86,10/14/2023 23:35,17.37,0,"","","",""
RW6,87,10/14/2023 23:40,17.37,0,"","","",""
RW6,88,10/14/2023 23:45,17.46,0,"","","",""
RW6,89,10/14/2023 23:50,17.46,0,"","","",""
RW6,90,10/14/2023 23:55,17.41,0,"","","",""
RW6,91,10/15/2023 0:00,17.41,0,"","","",""
RW6,92,10/15/2023 0:05,17.37,0,"","","",""
RW6,93,10/15/2023 0:10,17.29,0,"","","",""
RW6,94,10/15/2023 0:15,17.2,0,"","","",""
RW6,95,10/15/2023 0:20,17.16,0,"","","",""
RW6,96,10/15/2023 0:25,17.07,0,"","","",""
RW6,97,10/15/2023 0:30,17.11,0,"","","",""
RW6,98,10/15/2023 0:35,17.11,0,"","","",""
RW6,99,10/15/2023 0:40,17.11,0,"","","",""
RW6,100,10/15/2023 0:45,17.2,0,"","","",""
RW6,101,10/15/2023 0:50,17.16,0,"","","",""
RW6,102,10/15/2023 0:55,17.16,0,"","","",""
RW6,103,10/15/2023 1:00,17.2,0,"","","",""
RW6,104,10/15/2023 1:05,17.16,0,"","","",""
RW6,105,10/15/2023 1:10,17.16,0,"","","",""
RW6,106,10/15/2023 1:15,17.16,0,"","","",""
RW6,107,10/15/2023 1:20,17.11,0,"","","",""
RW6,108,10/15/2023 1:25,17.16,0,"","","",""
RW6,159,10/15/2023 5:40,16.77,0,"","","",""
RW6,160,10/15/2023 5:45,16.86,0,"","","",""
RW6,161,10/15/2023 5:50,16.99,0,"","","",""
RW6,162,10/15/2023 5:55,16.99,0,"","","",""
RW6,163,10/15/2023 6:00,16.99,0,"","","",""
RW6,164,10/15/2023 6:05,17.07,0,"","","",""
RW6,165,10/15/2023 6:10,17.11,0,"","","",""
RW6,166,10/15/2023 6:15,17.2,0,"","","",""
RW6,167,10/15/2023 6:20,17.16,0,"","","",""
RW6,168,10/15/2023 6:25,17.2,0,"","","",""
RW6,169,10/15/2023 6:30,17.16,0,"","","",""
RW6,170,10/15/2023 6:35,17.24,2.23,"","","",""
RW6,171,10/15/2023 6:40,17.16,0,"","","",""
RW6,172,10/15/2023 6:45,17.16,4.46,"","","",""
RW6,173,10/15/2023 6:50,17.2,1.11,"","","",""
RW6,174,10/15/2023 6:55,17.2,16.84,"","","",""
RW6,175,10/15/2023 7:00,17.2,0,"","","",""
RW6,176,10/15/2023 7:05,17.2,0.67,"","","",""
RW6,177,10/15/2023 7:10,17.24,196.8,"","","",""
RW6,178,10/15/2023 7:15,17.2,1.56,"","","",""
RW6,179,10/15/2023 7:20,17.24,0.22,"","","",""
RW6,180,10/15/2023 7:25,17.29,6.73,"","","",""
RW6,181,10/15/2023 7:30,17.2,2.7,"","","",""
RW6,182,10/15/2023 7:35,17.29,133.16,"","","",""
RW6,183,10/15/2023 7:40,17.2,3.4,"","","",""
RW6,184,10/15/2023 7:45,17.24,68.8,"","","",""
RW6,185,10/15/2023 7:50,17.33,0.22,"","","",""
RW6,186,10/15/2023 7:55,17.29,161.64,"","","",""
RW6,187,10/15/2023 8:00,17.33,71.6,"","","",""
RW6,188,10/15/2023 8:05,17.29,1.34,"","","",""
RW6,189,10/15/2023 8:10,17.29,64.28,"","","",""
RW6,190,10/15/2023 8:15,17.24,0,"","","",""
RW6,191,10/15/2023 8:20,17.33,3.37,"","","",""
RW6,192,10/15/2023 8:25,17.33,4.27,"","","",""
RW6,193,10/15/2023 8:30,17.46,22.45,"","","",""
RW6,194,10/15/2023 8:35,17.46,14.41,"","","",""
RW6,195,10/15/2023 8:40,17.46,38.37,"","","",""
RW6,196,10/15/2023 8:45,17.59,15.58,"","","",""
RW6,197,10/15/2023 8:50,17.54,15.97,"","","",""
RW6,198,10/15/2023 8:55,17.5,90.68,"","","",""
RW6,199,10/15/2023 9:00,17.41,215.6,"","","",""
RW6,200,10/15/2023 9:05,17.37,0.44,"","","",""
RW6,201,10/15/2023 9:10,17.41,69.6,"","","",""
RW6,202,10/15/2023 9:15,17.41,3.35,"","","",""
RW6,203,10/15/2023 9:20,17.41,9.63,"","","",""
RW6,204,10/15/2023 9:25,17.41,8.96,"","","",""
RW6,205,10/15/2023 9:30,17.41,54.78,"","","",""
RW6,206,10/15/2023 9:35,17.41,2.01,"","","",""
RW6,207,10/15/2023 9:40,17.41,320.8,"","","",""
RW6,208,10/15/2023 9:45,17.5,4.27,"","","",""
RW6,209,10/15/2023 9:50,17.46,220.24,"","","",""
RW6,210,10/15/2023 9:55,17.54,879.68,"","","",""
RW6,211,10/15/2023 10:00,17.5,1.11,"","","",""
RW6,212,10/15/2023 10:05,17.59,0.44,"","","",""
RW6,213,10/15/2023 10:10,17.59,190.56,"","","",""
RW6,214,10/15/2023 10:15,17.63,71.94,"","","",""
RW6,215,10/15/2023 10:20,17.63,34.57,"","","",""
RW6,216,10/15/2023 10:25,17.67,54.4,"","","",""
RW6,217,10/15/2023 10:30,17.67,2.9,"","","",""
RW6,218,10/15/2023 10:35,17.67,3.12,"","","",""
RW6,219,10/15/2023 10:40,17.67,0,"","","",""
RW6,220,10/15/2023 10:45,17.63,1202.88,"","","",""
RW6,221,10/15/2023 10:50,17.63,86.24,"","","",""
RW6,222,10/15/2023 10:55,17.67,1.11,"","","",""
RW6,223,10/15/2023 11:00,17.63,748.8,"","","",""
RW6,224,10/15/2023 11:05,17.59,11.89,"","","",""
RW6,225,10/15/2023 11:10,17.5,107.36,"","","",""
RW6,226,10/15/2023 11:15,17.67,3.35,"","","",""
RW6,227,10/15/2023 11:20,17.76,12.17,"","","",""
RW6,228,10/15/2023 11:25,17.89,3.57,"","","",""
RW6,229,10/15/2023 11:30,17.89,128.68,"","","",""
RW6,230,10/15/2023 11:35,17.89,112.72,"","","",""
RW6,231,10/15/2023 11:40,18.02,3.35,"","","",""
RW6,232,10/15/2023 11:45,17.97,8.99,"","","",""
RW6,233,10/15/2023 11:50,18.1,4897.28,"","","",""
RW6,234,10/15/2023 11:55,18.06,220.72,"","","",""
RW6,235,10/15/2023 12:00,18.1,8599.04,"","","",""
RW6,236,10/15/2023 12:05,18.14,18.43,"","","",""
RW6,237,10/15/2023 12:10,18.1,458.4,"","","",""
RW6,238,10/15/2023 12:15,18.14,93.6,"","","",""
RW6,239,10/15/2023 12:20,18.23,297.84,"","","",""
RW6,240,10/15/2023 12:25,18.23,29.32,"","","",""
RW6,241,10/15/2023 12:30,18.27,4.52,"","","",""
RW6,242,10/15/2023 12:35,18.32,95.16,"","","",""
RW6,243,10/15/2023 12:40,18.4,398.24,"","","",""
RW6,244,10/15/2023 12:45,18.49,155.48,"","","",""
RW6,245,10/15/2023 12:50,18.49,524.48,"","","",""
RW6,246,10/15/2023 12:55,18.66,7733.76,"","","",""
RW6,247,10/15/2023 13:00,18.62,901.76,"","","",""
RW6,248,10/15/2023 13:05,18.66,793.6,"","","",""
RW6,249,10/15/2023 13:10,18.74,18467.84,"","","",""
RW6,250,10/15/2023 13:15,18.79,866.24,"","","",""
RW6,251,10/15/2023 13:20,18.87,61.32,"","","",""
RW6,252,10/15/2023 13:25,19.35,1406.72,"","","",""
RW6,253,10/15/2023 13:30,19.43,45056,"","","",""
RW6,254,10/15/2023 13:35,19.99,3776,"","","",""
RW6,325,10/15/2023 19:30,18.74,0,"","","",""
RW6,326,10/15/2023 19:35,18.74,0,"","","",""
RW6,327,10/15/2023 19:40,18.66,0,"","","",""
RW6,328,10/15/2023 19:45,18.7,0,"","","",""
RW6,329,10/15/2023 19:50,18.7,0,"","","",""
RW6,330,10/15/2023 19:55,18.7,0,"","","",""
RW6,331,10/15/2023 20:00,18.7,0,"","","",""
RW6,332,10/15/2023 20:05,18.66,0,"","","",""
RW6,333,10/15/2023 20:10,18.66,0,"","","",""
RW6,334,10/15/2023 20:15,18.66,0,"","","",""
RW6,335,10/15/2023 20:20,18.57,0,"","","",""
RW6,336,10/15/2023 20:25,18.57,0,"","","",""
RW6,337,10/15/2023 20:30,18.57,0,"","","",""
RW6,338,10/15/2023 20:35,18.57,0,"","","",""
RW6,339,10/15/2023 20:40,18.53,0,"","","",""
RW6,340,10/15/2023 20:45,18.49,0,"","","",""
RW6,341,10/15/2023 20:50,18.49,0,"","","",""
RW6,342,10/15/2023 20:55,18.44,0,"","","",""
RW6,343,10/15/2023 21:00,18.44,0,"","","",""
RW6,344,10/15/2023 21:05,18.4,0,"","","",""
RW6,345,10/15/2023 21:10,18.36,0,"","","",""
RW6,346,10/15/2023 21:15,18.36,0,"","","",""
RW6,347,10/15/2023 21:20,18.32,0,"","","",""
RW6,348,10/15/2023 21:25,18.27,0,"","","",""
RW6,349,10/15/2023 21:30,18.27,0,"","","",""
RW6,350,10/15/2023 21:35,18.23,0,"","","",""
RW6,351,10/15/2023 21:40,18.19,0,"","","",""
RW6,352,10/15/2023 21:45,18.19,0,"","","",""
RW6,353,10/15/2023 21:50,18.19,0,"","","",""
RW6,354,10/15/2023 21:55,18.14,0,"","","",""
RW6,355,10/15/2023 22:00,18.1,0,"","","",""
RW6,356,10/15/2023 22:05,18.1,0,"","","",""
RW6,357,10/15/2023 22:10,18.06,0,"","","",""
RW6,358,10/15/2023 22:15,18.02,0,"","","",""
RW6,359,10/15/2023 22:20,18.02,0,"","","",""
RW6,360,10/15/2023 22:25,17.97,0,"","","",""
RW6,361,10/15/2023 22:30,17.84,0,"","","",""
RW6,362,10/15/2023 22:35,17.8,0,"","","",""
RW6,363,10/15/2023 22:40,17.76,0,"","","",""
RW6,364,10/15/2023 22:45,17.72,0,"","","",""
RW6,365,10/15/2023 22:50,17.63,0,"","","",""
RW6,366,10/15/2023 22:55,17.59,0,"","","",""
RW6,367,10/15/2023 23:00,17.54,0,"","","",""
RW6,368,10/15/2023 23:05,17.5,0,"","","",""
RW6,369,10/15/2023 23:10,17.46,0,"","","",""
RW6,370,10/15/2023 23:15,17.41,0,"","","",""
RW6,371,10/15/2023 23:20,17.41,0,"","","",""
RW6,372,10/15/2023 23:25,17.33,0,"","","",""
RW6,373,10/15/2023 23:30,17.33,0,"","","",""
RW6,374,10/15/2023 23:35,17.29,0,"","","",""
RW6,375,10/15/2023 23:40,17.29,0,"","","",""
RW6,376,10/15/2023 23:45,17.33,0,"","","",""
RW6,377,10/15/2023 23:50,17.24,0,"","","",""
RW6,378,10/15/2023 23:55,17.24,0,"","","",""
RW6,379,10/16/2023 0:00,17.24,0,"","","",""
RW6,380,10/16/2023 0:05,17.24,0,"","","",""
RW6,381,10/16/2023 0:10,17.24,0,"","","",""
RW6,382,10/16/2023 0:15,17.24,0,"","","",""
RW6,383,10/16/2023 0:20,17.24,0,"","","",""
RW6,384,10/16/2023 0:25,17.2,0,"","","",""
RW6,385,10/16/2023 0:30,17.33,0,"","","",""
RW6,386,10/16/2023 0:35,17.29,0,"","","",""
RW6,387,10/16/2023 0:40,17.33,0,"","","",""
RW6,388,10/16/2023 0:45,17.33,0,"","","",""
RW6,389,10/16/2023 0:50,17.37,0,"","","",""
RW6,390,10/16/2023 0:55,17.33,0,"","","",""
RW6,391,10/16/2023 1:00,17.37,0,"","","",""
RW6,392,10/16/2023 1:05,17.33,0,"","","",""
RW6,393,10/16/2023 1:10,17.37,0,"","","",""
RW6,394,10/16/2023 1:15,17.37,0,"","","",""
RW6,395,10/16/2023 1:20,17.41,0,"","","",""
RW6,396,10/16/2023 1:25,17.41,0,"","","",""
RW6,397,10/16/2023 1:30,17.37,0,"","","",""
RW6,398,10/16/2023 1:35,17.37,0,"","","",""
RW6,399,10/16/2023 1:40,17.37,0,"","","",""
RW6,400,10/16/2023 1:45,17.37,0,"","","",""
RW6,401,10/16/2023 1:50,17.37,0,"","","",""
RW6,402,10/16/2023 1:55,17.37,0,"","","",""
RW6,403,10/16/2023 2:00,17.37,0,"","","",""
RW6,404,10/16/2023 2:05,17.37,0,"","","",""
RW6,405,10/16/2023 2:10,17.37,0,"","","",""
RW6,406,10/16/2023 2:15,17.37,0,"","","",""
RW6,445,10/16/2023 5:30,16.64,0,"","","",""
RW6,446,10/16/2023 5:35,17.07,0,"","","",""
RW6,447,10/16/2023 5:40,17.41,0,"","","",""
RW6,448,10/16/2023 5:45,17.46,0,"","","",""
RW6,449,10/16/2023 5:50,17.5,0,"","","",""
RW6,450,10/16/2023 5:55,17.54,0,"","","",""
RW6,451,10/16/2023 6:00,17.5,0,"","","",""
RW6,452,10/16/2023 6:05,17.54,0,"","","",""
RW6,453,10/16/2023 6:10,17.54,0,"","","",""
RW6,454,10/16/2023 6:15,17.54,0,"","","",""
RW6,455,10/16/2023 6:20,17.54,0,"","","",""
RW6,456,10/16/2023 6:25,17.54,0,"","","",""
RW6,457,10/16/2023 6:30,17.54,0,"","","",""
RW6,458,10/16/2023 6:35,17.54,0,"","","",""
RW6,459,10/16/2023 6:40,17.63,0,"","","",""
RW6,460,10/16/2023 6:45,17.59,0,"","","",""
RW6,461,10/16/2023 6:50,17.59,17.28,"","","",""
RW6,462,10/16/2023 6:55,17.54,8.29,"","","",""
RW6,463,10/16/2023 7:00,17.59,34.12,"","","",""
RW6,464,10/16/2023 7:05,17.59,3.12,"","","",""
RW6,465,10/16/2023 7:10,17.63,0.44,"","","",""
RW6,466,10/16/2023 7:15,17.63,47.14,"","","",""
RW6,467,10/16/2023 7:20,17.63,23.6,"","","",""
RW6,468,10/16/2023 7:25,17.59,1.11,"","","",""
RW6,469,10/16/2023 7:30,17.63,16.39,"","","",""
RW6,470,10/16/2023 7:35,17.59,6.98,"","","",""
RW6,471,10/16/2023 7:40,17.59,139.28,"","","",""
RW6,472,10/16/2023 7:45,17.59,213.76,"","","",""
RW6,473,10/16/2023 7:50,17.54,140.28,"","","",""
RW6,474,10/16/2023 7:55,17.5,161.76,"","","",""
RW6,475,10/16/2023 8:00,17.5,11,"","","",""
RW6,476,10/16/2023 8:05,17.5,18.93,"","","",""
RW6,477,10/16/2023 8:10,17.5,7.4,"","","",""
RW6,478,10/16/2023 8:15,17.5,3.82,"","","",""
RW6,479,10/16/2023 8:20,17.5,5.13,"","","",""
RW6,480,10/16/2023 8:25,17.5,23.82,"","","",""
RW6,481,10/16/2023 8:30,17.5,7.4,"","","",""
RW6,482,10/16/2023 8:35,17.5,1057.92,"","","",""
RW6,483,10/16/2023 8:40,17.5,59.7,"","","",""
RW6,484,10/16/2023 8:45,17.59,48.54,"","","",""
RW6,485,10/16/2023 8:50,17.59,3.35,"","","",""
RW6,486,10/16/2023 8:55,17.54,0.22,"","","",""
RW6,487,10/16/2023 9:00,17.59,1.56,"","","",""
RW6,488,10/16/2023 9:05,17.59,0.67,"","","",""
RW6,489,10/16/2023 9:10,17.54,10.78,"","","",""
RW6,490,10/16/2023 9:15,17.59,1.11,"","","",""
RW6,491,10/16/2023 9:20,17.59,0.67,"","","",""
RW6,492,10/16/2023 9:25,17.54,3.79,"","","",""
RW6,493,10/16/2023 9:30,17.59,0.22,"","","",""
RW6,494,10/16/2023 9:35,17.63,10.75,"","","",""
RW6,495,10/16/2023 9:40,17.59,0.44,"","","",""
RW6,496,10/16/2023 9:45,17.59,55.24,"","","",""
RW6,497,10/16/2023 9:50,17.59,0,"","","",""
RW6,498,10/16/2023 9:55,17.63,231.92,"","","",""
RW6,499,10/16/2023 10:00,17.67,3.12,"","","",""
RW6,500,10/16/2023 10:05,17.72,0.44,"","","",""
RW6,501,10/16/2023 10:10,17.72,26.72,"","","",""
RW6,502,10/16/2023 10:15,17.72,2.45,"","","",""
RW6,503,10/16/2023 10:20,17.76,3.35,"","","",""
RW6,504,10/16/2023 10:25,17.8,1.78,"","","",""
RW6,505,10/16/2023 10:30,17.8,33.73,"","","",""
RW6,506,10/16/2023 10:35,17.8,4.02,"","","",""
RW6,507,10/16/2023 10:40,17.89,12.81,"","","",""
RW6,508,10/16/2023 10:45,17.8,2.23,"","","",""
RW6,509,10/16/2023 10:50,17.84,8.74,"","","",""
RW6,510,10/16/2023 10:55,17.93,62,"","","",""
RW6,511,10/16/2023 11:00,17.89,4.91,"","","",""
RW6,512,10/16/2023 11:05,17.93,45.4,"","","",""
RW6,513,10/16/2023 11:10,17.93,118.72,"","","",""
RW6,514,10/16/2023 11:15,17.89,0.67,"","","",""
RW6,515,10/16/2023 11:20,17.93,148.24,"","","",""
RW6,516,10/16/2023 11:25,18.02,0,"","","",""
RW6,517,10/16/2023 11:30,18.06,7.17,"","","",""
RW6,518,10/16/2023 11:35,18.06,91.72,"","","",""
RW6,519,10/16/2023 11:40,18.02,17.95,"","","",""
RW6,520,10/16/2023 11:45,18.06,1.78,"","","",""
RW6,521,10/16/2023 11:50,18.1,4.27,"","","",""
RW6,522,10/16/2023 11:55,18.19,2.68,"","","",""
RW6,523,10/16/2023 12:00,18.1,265.84,"","","",""
RW6,524,10/16/2023 12:05,18.14,487.04,"","","",""
RW6,525,10/16/2023 12:10,18.19,30.58,"","","",""
RW6,526,10/16/2023 12:15,18.23,53.84,"","","",""
RW6,527,10/16/2023 12:20,18.27,2.45,"","","",""
RW6,528,10/16/2023 12:25,18.23,643.04,"","","",""
RW6,529,10/16/2023 12:30,18.32,54.18,"","","",""
RW6,530,10/16/2023 12:35,18.32,16,"","","",""
RW6,531,10/16/2023 12:40,18.4,131.04,"","","",""
RW6,532,10/16/2023 12:45,18.4,61.94,"","","",""
RW6,533,10/16/2023 12:50,18.44,8407.04,"","","",""
RW6,534,10/16/2023 12:55,18.49,8.9,"","","",""
RW6,535,10/16/2023 13:00,18.57,86.24,"","","",""
RW6,536,10/16/2023 13:05,18.57,2493.44,"","","",""
RW6,537,10/16/2023 13:10,18.66,18560,"","","",""
RW6,538,10/16/2023 13:15,18.7,503.04,"","","",""
RW6,539,10/16/2023 13:20,18.7,5486.08,"","","",""
RW6,540,10/16/2023 13:25,18.83,19225.6,"","","",""
RW6,541,10/16/2023 13:30,18.92,12615.68,"","","",""
RW6,542,10/16/2023 13:35,18.92,294.88,"","","",""
RW6,543,10/16/2023 13:40,18.96,285.52,"","","",""
RW6,544,10/16/2023 13:45,19.09,1130.56,"","","",""
RW6,545,10/16/2023 13:50,19.09,3106.56,"","","",""
RW6,546,10/16/2023 13:55,19.35,1263.68,"","","",""
RW6,547,10/16/2023 14:00,19.26,508.96,"","","",""
RW6,548,10/16/2023 14:05,21.79,52162.56,"","","",""
RW6,624,10/16/2023 20:25,18.19,0,"","","",""
RW6,625,10/16/2023 20:30,18.32,0,"","","",""
RW6,626,10/16/2023 20:35,18.53,0,"","","",""
RW6,627,10/16/2023 20:40,18.62,0,"","","",""
RW6,628,10/16/2023 20:45,18.62,0,"","","",""
RW6,629,10/16/2023 20:50,18.62,0,"","","",""
RW6,630,10/16/2023 20:55,18.62,0,"","","",""
RW6,631,10/16/2023 21:00,18.62,0,"","","",""
RW6,632,10/16/2023 21:05,18.66,0,"","","",""
RW6,633,10/16/2023 21:10,18.62,0,"","","",""
RW6,634,10/16/2023 21:15,18.66,0,"","","",""
RW6,635,10/16/2023 21:20,18.62,0,"","","",""
RW6,636,10/16/2023 21:25,18.66,0,"","","",""
RW6,637,10/16/2023 21:30,18.66,0,"","","",""
RW6,638,10/16/2023 21:35,18.62,0,"","","",""
RW6,639,10/16/2023 21:40,18.62,0,"","","",""
RW6,640,10/16/2023 21:45,18.62,0,"","","",""
RW6,641,10/16/2023 21:50,18.62,0,"","","",""
RW6,642,10/16/2023 21:55,18.57,0,"","","",""
RW6,643,10/16/2023 22:00,18.62,0,"","","",""
RW6,644,10/16/2023 22:05,18.62,0,"","","",""
RW6,645,10/16/2023 22:10,18.62,0,"","","",""
RW6,646,10/16/2023 22:15,18.57,0,"","","",""
RW6,647,10/16/2023 22:20,18.62,0,"","","",""
RW6,648,10/16/2023 22:25,18.53,0,"","","",""
RW6,649,10/16/2023 22:30,18.57,0,"","","",""
RW6,650,10/16/2023 22:35,18.57,0,"","","",""
RW6,651,10/16/2023 22:40,18.57,0,"","","",""
RW6,652,10/16/2023 22:45,18.57,0,"","","",""
RW6,653,10/16/2023 22:50,18.49,0,"","","",""
RW6,654,10/16/2023 22:55,18.53,0,"","","",""
RW6,655,10/16/2023 23:00,18.53,0,"","","",""
RW6,656,10/16/2023 23:05,18.49,0,"","","",""
RW6,657,10/16/2023 23:10,18.49,0,"","","",""
RW6,658,10/16/2023 23:15,18.49,0,"","","",""
RW6,659,10/16/2023 23:20,18.49,0,"","","",""
RW6,660,10/16/2023 23:25,18.49,0,"","","",""
RW6,661,10/16/2023 23:30,18.49,0,"","","",""
RW6,662,10/16/2023 23:35,18.44,0,"","","",""
RW6,663,10/16/2023 23:40,18.44,0,"","","",""
RW6,664,10/16/2023 23:45,18.44,0,"","","",""
RW6,665,10/16/2023 23:50,18.44,0,"","","",""
RW6,666,10/16/2023 23:55,18.4,0,"","","",""
RW6,667,10/17/2023 0:00,18.44,0,"","","",""
RW6,668,10/17/2023 0:05,18.44,0,"","","",""
RW6,669,10/17/2023 0:10,18.4,0,"","","",""
RW6,670,10/17/2023 0:15,18.49,0,"","","",""
RW6,671,10/17/2023 0:20,18.4,0,"","","",""
RW6,672,10/17/2023 0:25,18.44,0,"","","",""
RW6,673,10/17/2023 0:30,18.4,0,"","","",""
RW6,674,10/17/2023 0:35,18.44,0,"","","",""
RW6,675,10/17/2023 0:40,18.4,0,"","","",""
RW6,676,10/17/2023 0:45,18.4,0,"","","",""
RW6,677,10/17/2023 0:50,18.4,0,"","","",""
RW6,678,10/17/2023 0:55,18.44,0,"","","",""
RW6,679,10/17/2023 1:00,18.4,0,"","","",""
RW6,680,10/17/2023 1:05,18.4,0,"","","",""
RW6,681,10/17/2023 1:10,18.4,0,"","","",""
RW6,682,10/17/2023 1:15,18.32,0,"","","",""
RW6,683,10/17/2023 1:20,18.32,0,"","","",""
RW6,684,10/17/2023 1:25,18.27,0,"","","",""
RW6,685,10/17/2023 1:30,18.32,0,"","","",""
RW6,686,10/17/2023 1:35,18.32,0,"","","",""
RW6,687,10/17/2023 1:40,18.32,0,"","","",""
RW6,688,10/17/2023 1:45,18.27,0,"","","",""
RW6,689,10/17/2023 1:50,18.27,0,"","","",""
RW6,690,10/17/2023 1:55,18.23,0,"","","",""
RW6,691,10/17/2023 2:00,18.23,0,"","","",""
RW6,692,10/17/2023 2:05,18.27,0,"","","",""
RW6,693,10/17/2023 2:10,18.27,0,"","","",""
RW6,694,10/17/2023 2:15,18.32,0,"","","",""
RW6,695,10/17/2023 2:20,18.23,0,"","","",""
RW6,696,10/17/2023 2:25,18.23,0,"","","",""
RW6,697,10/17/2023 2:30,18.27,0,"","","",""
RW6,698,10/17/2023 2:35,18.23,0,"","","",""
RW6,699,10/17/2023 2:40,18.27,0,"","","",""
RW6,700,10/17/2023 2:45,18.23,0,"","","",""
RW6,701,10/17/2023 2:50,18.23,0,"","","",""
RW6,702,10/17/2023 2:55,18.19,0,"","","",""
RW6,703,10/17/2023 3:00,18.23,0,"","","",""
RW6,704,10/17/2023 3:05,18.14,0,"","","",""
RW6,705,10/17/2023 3:10,18.19,0,"","","",""
RW6,706,10/17/2023 3:15,18.19,0,"","","",""
RW6,707,10/17/2023 3:20,18.14,0,"","","",""
RW6,727,10/17/2023 5:00,17.8,0,"","","",""
RW6,728,10/17/2023 5:05,17.89,0,"","","",""
RW6,729,10/17/2023 5:10,17.93,0,"","","",""
RW6,730,10/17/2023 5:15,17.97,0,"","","",""
RW6,731,10/17/2023 5:20,17.93,0,"","","",""
RW6,732,10/17/2023 5:25,17.89,0,"","","",""
RW6,733,10/17/2023 5:30,17.93,0,"","","",""
RW6,734,10/17/2023 5:35,17.93,0,"","","",""
RW6,735,10/17/2023 5:40,17.84,0,"","","",""
RW6,736,10/17/2023 5:45,17.93,0,"","","",""
RW6,737,10/17/2023 5:50,17.93,0,"","","",""
RW6,738,10/17/2023 5:55,17.93,0,"","","",""
RW6,739,10/17/2023 6:00,17.93,0,"","","",""
RW6,740,10/17/2023 6:05,17.93,0,"","","",""
RW6,741,10/17/2023 6:10,17.93,0,"","","",""
RW6,742,10/17/2023 6:15,17.93,0,"","","",""
RW6,743,10/17/2023 6:20,17.97,0,"","","",""
RW6,744,10/17/2023 6:25,17.93,0,"","","",""
RW6,745,10/17/2023 6:30,17.93,0,"","","",""
RW6,746,10/17/2023 6:35,17.97,0,"","","",""
RW6,747,10/17/2023 6:40,17.89,0,"","","",""
RW6,748,10/17/2023 6:45,17.89,0,"","","",""
RW6,749,10/17/2023 6:50,17.89,2.45,"","","",""
RW6,750,10/17/2023 6:55,17.89,0,"","","",""
RW6,751,10/17/2023 7:00,17.93,50.32,"","","",""
RW6,752,10/17/2023 7:05,17.93,0,"","","",""
RW6,753,10/17/2023 7:10,17.89,51.6,"","","",""
RW6,754,10/17/2023 7:15,17.89,7.17,"","","",""
RW6,755,10/17/2023 7:20,17.89,1.11,"","","",""
RW6,756,10/17/2023 7:25,17.89,7.84,"","","",""
RW6,757,10/17/2023 7:30,17.84,3.12,"","","",""
RW6,758,10/17/2023 7:35,17.84,4.02,"","","",""
RW6,759,10/17/2023 7:40,17.89,233.68,"","","",""
RW6,760,10/17/2023 7:45,17.84,0,"","","",""
RW6,761,10/17/2023 7:50,17.93,283.04,"","","",""
RW6,762,10/17/2023 7:55,17.89,227.2,"","","",""
RW6,763,10/17/2023 8:00,17.89,3.6,"","","",""
RW6,764,10/17/2023 8:05,17.89,6.47,"","","",""
RW6,765,10/17/2023 8:10,17.89,5.13,"","","",""
RW6,766,10/17/2023 8:15,17.93,1.56,"","","",""
RW6,767,10/17/2023 8:20,17.89,0.22,"","","",""
RW6,768,10/17/2023 8:25,17.93,2.45,"","","",""
RW6,769,10/17/2023 8:30,17.93,123,"","","",""
RW6,770,10/17/2023 8:35,17.93,2.45,"","","",""
RW6,771,10/17/2023 8:40,18.02,27.34,"","","",""
RW6,772,10/17/2023 8:45,18.02,0.22,"","","",""
RW6,773,10/17/2023 8:50,18.02,59.26,"","","",""
RW6,774,10/17/2023 8:55,17.97,8.07,"","","",""
RW6,775,10/17/2023 9:00,18.02,0,"","","",""
RW6,776,10/17/2023 9:05,18.02,0.44,"","","",""
RW6,777,10/17/2023 9:10,17.97,23.23,"","","",""
RW6,778,10/17/2023 9:15,18.02,311.68,"","","",""
RW6,779,10/17/2023 9:20,17.97,7.4,"","","",""
RW6,780,10/17/2023 9:25,18.02,0,"","","",""
RW6,781,10/17/2023 9:30,18.02,183.2,"","","",""
RW6,782,10/17/2023 9:35,18.02,0.67,"","","",""
RW6,783,10/17/2023 9:40,18.06,0,"","","",""
RW6,784,10/17/2023 9:45,18.06,62.44,"","","",""
RW6,785,10/17/2023 9:50,18.02,1.11,"","","",""
RW6,786,10/17/2023 9:55,18.06,7.14,"","","",""
RW6,787,10/17/2023 10:00,18.06,3.35,"","","",""
RW6,788,10/17/2023 10:05,18.06,4.69,"","","",""
RW6,789,10/17/2023 10:10,18.1,6.03,"","","",""
RW6,790,10/17/2023 10:15,18.1,24.27,"","","",""
RW6,791,10/17/2023 10:20,18.06,394.24,"","","",""
RW6,792,10/17/2023 10:25,18.06,0.44,"","","",""
RW6,793,10/17/2023 10:30,18.1,216.48,"","","",""
RW6,794,10/17/2023 10:35,18.14,5.16,"","","",""
RW6,795,10/17/2023 10:40,18.1,0,"","","",""
RW6,796,10/17/2023 10:45,18.14,0,"","","",""
RW6,797,10/17/2023 10:50,18.1,2.23,"","","",""
RW6,798,10/17/2023 10:55,18.14,10.11,"","","",""
RW6,799,10/17/2023 11:00,18.14,0,"","","",""
RW6,800,10/17/2023 11:05,18.14,19.32,"","","",""
RW6,801,10/17/2023 11:10,18.1,359.2,"","","",""
RW6,802,10/17/2023 11:15,18.23,0.89,"","","",""
RW6,803,10/17/2023 11:20,18.19,1.56,"","","",""
RW6,804,10/17/2023 11:25,18.06,45.8,"","","",""
RW6,805,10/17/2023 11:30,18.14,15.97,"","","",""
RW6,806,10/17/2023 11:35,18.1,6.47,"","","",""
RW6,807,10/17/2023 11:40,18.19,7.42,"","","",""
RW6,808,10/17/2023 11:45,18.19,33.01,"","","",""
RW6,809,10/17/2023 11:50,18.32,0,"","","",""
RW6,810,10/17/2023 11:55,18.4,34.68,"","","",""
RW6,811,10/17/2023 12:00,18.36,12.56,"","","",""
RW6,812,10/17/2023 12:05,18.4,152.04,"","","",""
RW6,813,10/17/2023 12:10,18.36,4.49,"","","",""
RW6,814,10/17/2023 12:15,18.4,302.08,"","","",""
RW6,815,10/17/2023 12:20,18.32,364.8,"","","",""
RW6,816,10/17/2023 12:25,18.4,13.23,"","","",""
RW6,817,10/17/2023 12:30,18.49,1.11,"","","",""
RW6,818,10/17/2023 12:35,18.53,18.65,"","","",""
RW6,819,10/17/2023 12:40,18.49,14.32,"","","",""
RW6,820,10/17/2023 12:45,18.57,0,"","","",""
RW6,821,10/17/2023 12:50,18.57,64.84,"","","",""
RW6,822,10/17/2023 12:55,18.57,2.29,"","","",""
RW6,823,10/17/2023 13:00,18.53,50.82,"","","",""
RW6,824,10/17/2023 13:05,18.53,8363.52,"","","",""
RW6,825,10/17/2023 13:10,18.53,37.48,"","","",""
RW6,826,10/17/2023 13:15,18.57,466.08,"","","",""
RW6,827,10/17/2023 13:20,18.57,686.08,"","","",""
RW6,828,10/17/2023 13:25,18.62,8.43,"","","",""
RW6,829,10/17/2023 13:30,18.62,6197.76,"","","",""
RW6,830,10/17/2023 13:35,18.7,66.18,"","","",""
RW6,831,10/17/2023 13:40,18.7,189.68,"","","",""
RW6,832,10/17/2023 13:45,18.74,5980.16,"","","",""
RW6,833,10/17/2023 13:50,18.79,2353.92,"","","",""
RW6,834,10/17/2023 13:55,18.87,11816.96,"","","",""
RW6,835,10/17/2023 14:00,18.87,147.68,"","","",""
RW6,836,10/17/2023 14:05,18.87,1456.64,"","","",""
RW6,837,10/17/2023 14:10,19.05,19235.84,"","","",""
RW6,838,10/17/2023 14:15,19.17,1680,"","","",""
RW6,839,10/17/2023 14:20,19.39,19389.44,"","","",""
RW6,840,10/17/2023 14:25,19.52,1416.96,"","","",""
RW6,841,10/17/2023 14:30,19.6,463.84,"","","",""
RW6,842,10/17/2023 14:35,19.6,328.32,"","","",""
RW6,843,10/17/2023 14:40,19.95,1092.8,"","","",""
RW6,844,10/17/2023 14:45,20.85,3036.16,"","","",""
RW6,845,10/17/2023 14:50,21.83,2908.16,"","","",""
RW6,921,10/17/2023 21:10,16.6,0,"","","",""
RW6,922,10/17/2023 21:15,16.56,0,"","","",""
RW6,923,10/17/2023 21:20,18.1,0,"","","",""
RW6,924,10/17/2023 21:25,18.44,0,"","","",""
RW6,925,10/17/2023 21:30,19.26,0,"","","",""
RW6,926,10/17/2023 21:35,19.3,0,"","","",""
RW6,927,10/17/2023 21:40,19.39,0,"","","",""
RW6,928,10/17/2023 21:45,19.43,0,"","","",""
RW6,929,10/17/2023 21:50,19.47,0,"","","",""
RW6,930,10/17/2023 21:55,19.47,0,"","","",""
RW6,931,10/17/2023 22:00,19.52,0,"","","",""
RW6,932,10/17/2023 22:05,19.52,0,"","","",""
RW6,933,10/17/2023 22:10,19.52,0,"","","",""
RW6,934,10/17/2023 22:15,19.56,0,"","","",""
RW6,935,10/17/2023 22:20,19.56,0,"","","",""
RW6,936,10/17/2023 22:25,19.56,0,"","","",""
RW6,937,10/17/2023 22:30,19.6,0,"","","",""
RW6,938,10/17/2023 22:35,19.56,0,"","","",""
RW6,939,10/17/2023 22:40,19.56,0,"","","",""
RW6,940,10/17/2023 22:45,19.6,0,"","","",""
RW6,941,10/17/2023 22:50,19.6,0,"","","",""
RW6,942,10/17/2023 22:55,19.56,0,"","","",""
RW6,943,10/17/2023 23:00,19.56,0,"","","",""
RW6,944,10/17/2023 23:05,19.6,0,"","","",""
RW6,945,10/17/2023 23:10,19.52,0,"","","",""
RW6,946,10/17/2023 23:15,19.52,0,"","","",""
RW6,947,10/17/2023 23:20,19.52,0,"","","",""
RW6,948,10/17/2023 23:25,19.52,0,"","","",""
RW6,949,10/17/2023 23:30,19.52,0,"","","",""
RW6,950,10/17/2023 23:35,19.43,0,"","","",""
RW6,951,10/17/2023 23:40,19.43,0,"","","",""
RW6,952,10/17/2023 23:45,19.39,0,"","","",""
RW6,953,10/17/2023 23:50,19.43,0,"","","",""
RW6,954,10/17/2023 23:55,19.43,0,"","","",""
RW6,955,10/18/2023 0:00,19.39,0,"","","",""
RW6,956,10/18/2023 0:05,19.35,0,"","","",""
RW6,957,10/18/2023 0:10,19.35,0,"","","",""
RW6,958,10/18/2023 0:15,19.35,0,"","","",""
RW6,959,10/18/2023 0:20,19.3,0,"","","",""
RW6,960,10/18/2023 0:25,19.35,0,"","","",""
RW6,961,10/18/2023 0:30,19.3,0,"","","",""
RW6,962,10/18/2023 0:35,19.3,0,"","","",""
RW6,963,10/18/2023 0:40,19.22,0,"","","",""
RW6,964,10/18/2023 0:45,19.22,0,"","","",""
RW6,965,10/18/2023 0:50,19.22,0,"","","",""
RW6,966,10/18/2023 0:55,19.17,0,"","","",""
RW6,967,10/18/2023 1:00,19.13,0,"","","",""
RW6,968,10/18/2023 1:05,19.13,0,"","","",""
RW6,969,10/18/2023 1:10,19.09,0,"","","",""
RW6,970,10/18/2023 1:15,18.96,0,"","","",""
RW6,971,10/18/2023 1:20,18.87,0,"","","",""
RW6,972,10/18/2023 1:25,18.74,0,"","","",""
RW6,973,10/18/2023 1:30,18.74,0,"","","",""
RW6,974,10/18/2023 1:35,18.66,0,"","","",""
RW6,975,10/18/2023 1:40,18.7,0,"","","",""
RW6,976,10/18/2023 1:45,18.66,0,"","","",""
RW6,977,10/18/2023 1:50,18.57,0,"","","",""
RW6,978,10/18/2023 1:55,18.53,0,"","","",""
RW6,979,10/18/2023 2:00,18.49,0,"","","",""
RW6,980,10/18/2023 2:05,18.36,0,"","","",""
RW6,981,10/18/2023 2:10,18.36,0,"","","",""
RW6,982,10/18/2023 2:15,18.32,0,"","","",""
RW6,983,10/18/2023 2:20,18.32,0,"","","",""
RW6,984,10/18/2023 2:25,18.19,0,"","","",""
RW6,985,10/18/2023 2:30,18.19,0,"","","",""
RW6,986,10/18/2023 2:35,18.19,0,"","","",""
RW6,987,10/18/2023 2:40,18.1,0,"","","",""
RW6,988,10/18/2023 2:45,18.1,0,"","","",""
RW6,989,10/18/2023 2:50,18.02,0,"","","",""
RW6,990,10/18/2023 2:55,17.97,0,"","","",""
RW6,991,10/18/2023 3:00,17.97,0,"","","",""
RW6,992,10/18/2023 3:05,17.97,0,"","","",""
RW6,993,10/18/2023 3:10,18.02,0,"","","",""
RW6,994,10/18/2023 3:15,17.97,0,"","","",""
RW6,995,10/18/2023 3:20,17.97,0,"","","",""
RW6,996,10/18/2023 3:25,17.97,0,"","","",""
RW6,997,10/18/2023 3:30,17.97,0,"","","",""
RW6,998,10/18/2023 3:35,17.93,0,"","","",""
RW6,999,10/18/2023 3:40,17.93,0,"","","",""
RW6,1000,10/18/2023 3:45,17.93,0,"","","",""
RW6,1001,10/18/2023 3:50,17.93,0,"","","",""
RW6,1002,10/18/2023 3:55,17.89,0,"","","",""
RW6,1003,10/18/2023 4:00,17.89,0,"","","",""
RW6,1004,10/18/2023 4:05,17.89,0,"","","",""
RW6,1005,10/18/2023 4:10,17.93,0,"","","",""
RW6,1006,10/18/2023 4:15,17.89,0,"","","",""
RW6,1007,10/18/2023 4:20,17.89,0,"","","",""
RW6,1008,10/18/2023 4:25,17.89,0,"","","",""
RW6,1009,10/18/2023 4:30,17.93,0,"","","",""
RW6,1010,10/18/2023 4:35,17.89,0,"","","",""
RW6,1011,10/18/2023 4:40,17.89,0,"","","",""
RW6,1012,10/18/2023 4:45,17.89,0,"","","",""
RW6,1013,10/18/2023 4:50,17.89,0,"","","",""
RW6,1014,10/18/2023 4:55,17.84,0,"","","",""
RW6,1015,10/18/2023 5:00,17.93,0,"","","",""
RW6,1016,10/18/2023 5:05,17.89,0,"","","",""
RW6,1017,10/18/2023 5:10,17.89,0,"","","",""
RW6,1018,10/18/2023 5:15,17.89,0,"","","",""
RW6,1019,10/18/2023 5:20,17.89,0,"","","",""
RW6,1020,10/18/2023 5:25,17.93,0,"","","",""
RW6,1021,10/18/2023 5:30,17.89,0,"","","",""
RW6,1022,10/18/2023 5:35,17.89,0,"","","",""
RW6,1023,10/18/2023 5:40,17.93,0,"","","",""
RW6,1024,10/18/2023 5:45,17.89,0,"","","",""
RW6,1025,10/18/2023 5:50,17.89,0,"","","",""
RW6,1026,10/18/2023 5:55,17.89,0,"","","",""
RW6,1027,10/18/2023 6:00,17.93,0,"","","",""
RW6,1028,10/18/2023 6:05,17.89,0,"","","",""
RW6,1029,10/18/2023 6:10,17.84,0,"","","",""
RW6,1030,10/18/2023 6:15,17.97,0,"","","",""
RW6,1031,10/18/2023 6:20,17.89,0,"","","",""
RW6,1032,10/18/2023 6:25,17.93,0,"","","",""
RW6,1033,10/18/2023 6:30,17.93,0,"","","",""
RW6,1034,10/18/2023 6:35,17.97,0,"","","",""
RW6,1035,10/18/2023 6:40,18.02,0,"","","",""
RW6,1036,10/18/2023 6:45,17.97,0,"","","",""
RW6,1037,10/18/2023 6:50,17.97,4.91,"","","",""
RW6,1038,10/18/2023 6:55,17.97,0,"","","",""
RW6,1039,10/18/2023 7:00,17.97,20.63,"","","",""
RW6,1040,10/18/2023 7:05,17.93,115.04,"","","",""
RW6,1041,10/18/2023 7:10,17.93,41.78,"","","",""
RW6,1042,10/18/2023 7:15,17.93,1.78,"","","",""
RW6,1043,10/18/2023 7:20,17.93,315.44,"","","",""
RW6,1044,10/18/2023 7:25,17.97,26.28,"","","",""
RW6,1045,10/18/2023 7:30,17.97,130.24,"","","",""
RW6,1046,10/18/2023 7:35,18.02,45.34,"","","",""
RW6,1047,10/18/2023 7:40,17.97,0,"","","",""
RW6,1048,10/18/2023 7:45,17.93,10.11,"","","",""
RW6,1049,10/18/2023 7:50,17.97,6.95,"","","",""
RW6,1050,10/18/2023 7:55,17.93,1.56,"","","",""
RW6,1051,10/18/2023 8:00,17.97,11.7,"","","",""
RW6,1052,10/18/2023 8:05,17.93,0.44,"","","",""
RW6,1053,10/18/2023 8:10,17.97,77.8,"","","",""
RW6,1054,10/18/2023 8:15,18.02,154.44,"","","",""
RW6,1055,10/18/2023 8:20,18.06,4.46,"","","",""
RW6,1056,10/18/2023 8:25,18.06,12.59,"","","",""
RW6,1057,10/18/2023 8:30,18.06,14.83,"","","",""
RW6,1058,10/18/2023 8:35,18.1,10.83,"","","",""
RW6,1059,10/18/2023 8:40,18.1,9.44,"","","",""
RW6,1060,10/18/2023 8:45,18.14,1472.64,"","","",""
RW6,1061,10/18/2023 8:50,18.14,16.22,"","","",""
RW6,1062,10/18/2023 8:55,18.14,1.34,"","","",""
RW6,1063,10/18/2023 9:00,18.19,452,"","","",""
RW6,1064,10/18/2023 9:05,18.19,3.6,"","","",""
RW6,1065,10/18/2023 9:10,18.14,24.74,"","","",""
RW6,1066,10/18/2023 9:15,18.19,56.12,"","","",""
RW6,1067,10/18/2023 9:20,18.19,5.16,"","","",""
RW6,1068,10/18/2023 9:25,18.19,1051.84,"","","",""
RW6,1069,10/18/2023 9:30,18.23,26.53,"","","",""
RW6,1070,10/18/2023 9:35,18.23,2.01,"","","",""
RW6,1071,10/18/2023 9:40,18.23,37.76,"","","",""
RW6,1072,10/18/2023 9:45,18.27,175.36,"","","",""
RW6,1073,10/18/2023 9:50,18.27,22,"","","",""
RW6,1074,10/18/2023 9:55,18.27,0.89,"","","",""
RW6,1075,10/18/2023 10:00,18.32,2.23,"","","",""
RW6,1076,10/18/2023 10:05,18.32,4.46,"","","",""
RW6,1077,10/18/2023 10:10,18.32,2.01,"","","",""
RW6,1078,10/18/2023 10:15,18.32,24.27,"","","",""
RW6,1079,10/18/2023 10:20,18.36,391.84,"","","",""
RW6,1080,10/18/2023 10:25,18.36,48.54,"","","",""
RW6,1081,10/18/2023 10:30,18.36,5.13,"","","",""
RW6,1082,10/18/2023 10:35,18.36,33.73,"","","",""
RW6,1083,10/18/2023 10:40,18.4,21.31,"","","",""
RW6,1084,10/18/2023 10:45,18.4,6.06,"","","",""
RW6,1085,10/18/2023 10:50,18.4,23.65,"","","",""
RW6,1086,10/18/2023 10:55,18.4,0.67,"","","",""
RW6,1087,10/18/2023 11:00,18.49,560.8,"","","",""
RW6,1088,10/18/2023 11:05,18.49,0.89,"","","",""
RW6,1089,10/18/2023 11:10,18.44,51.26,"","","",""
RW6,1090,10/18/2023 11:15,18.49,3.6,"","","",""
RW6,1091,10/18/2023 11:20,18.53,158.16,"","","",""
RW6,1092,10/18/2023 11:25,18.57,9.44,"","","",""
RW6,1093,10/18/2023 11:30,18.62,42.72,"","","",""
RW6,1094,10/18/2023 11:35,18.66,297.6,"","","",""
RW6,1095,10/18/2023 11:40,18.66,199.52,"","","",""
RW6,1096,10/18/2023 11:45,18.66,4.02,"","","",""
RW6,1097,10/18/2023 11:50,18.66,11.42,"","","",""
RW6,1098,10/18/2023 11:55,18.7,0.67,"","","",""
RW6,1099,10/18/2023 12:00,18.74,10.33,"","","",""
RW6,1100,10/18/2023 12:05,18.7,6.31,"","","",""
RW6,1101,10/18/2023 12:10,18.74,3.15,"","","",""
RW6,1102,10/18/2023 12:15,18.74,131.24,"","","",""
RW6,1103,10/18/2023 12:20,18.74,27.03,"","","",""
RW6,1104,10/18/2023 12:25,18.7,0,"","","",""
RW6,1105,10/18/2023 12:30,18.7,6.28,"","","",""
RW6,1106,10/18/2023 12:35,18.66,3.37,"","","",""
RW6,1107,10/18/2023 12:40,18.66,33.29,"","","",""
RW6,1108,10/18/2023 12:45,18.66,0,"","","",""
RW6,1109,10/18/2023 12:50,18.7,17.31,"","","",""
RW6,1110,10/18/2023 12:55,18.7,46.74,"","","",""
RW6,1111,10/18/2023 13:00,18.62,6.98,"","","",""
RW6,1112,10/18/2023 13:05,18.66,113.28,"","","",""
RW6,1113,10/18/2023 13:10,18.62,495.04,"","","",""
RW6,1114,10/18/2023 13:15,18.62,5.58,"","","",""
RW6,1115,10/18/2023 13:20,18.7,2784,"","","",""
RW6,1116,10/18/2023 13:25,18.7,2033.92,"","","",""
RW6,1117,10/18/2023 13:30,18.66,6.78,"","","",""
RW6,1118,10/18/2023 13:35,18.7,26.58,"","","",""
RW6,1119,10/18/2023 13:40,18.7,514.72,"","","",""
RW6,1120,10/18/2023 13:45,18.74,1524.48,"","","",""
RW6,1121,10/18/2023 13:50,18.79,11.56,"","","",""
RW6,1122,10/18/2023 13:55,18.83,74.12,"","","",""
RW6,1123,10/18/2023 14:00,18.92,305.84,"","","",""
RW6,1124,10/18/2023 14:05,19.05,1048.96,"","","",""
RW6,1125,10/18/2023 14:10,19.13,15134.72,"","","",""
RW6,1126,10/18/2023 14:15,19.13,104.56,"","","",""
RW6,1127,10/18/2023 14:20,19.22,288.4,"","","",""
RW6,1128,10/18/2023 14:25,19.17,1039.36,"","","",""
RW6,1129,10/18/2023 14:30,19.26,3834.88,"","","",""
RW6,1130,10/18/2023 14:35,19.39,21.5,"","","",""
RW6,1131,10/18/2023 14:40,19.39,77.86,"","","",""
RW6,1132,10/18/2023 14:45,19.52,111.36,"","","",""
RW6,1133,10/18/2023 14:50,19.52,84.68,"","","",""
RW6,1134,10/18/2023 14:55,19.69,1467.52,"","","",""
RW6,1135,10/18/2023 15:00,19.65,17.84,"","","",""
RW6,1136,10/18/2023 15:05,19.73,136.6,"","","",""
RW6,1137,10/18/2023 15:10,19.73,436,"","","",""
RW6,1138,10/18/2023 15:15,19.77,50.54,"","","",""
RW6,1139,10/18/2023 15:20,19.82,249.28,"","","",""
RW6,1140,10/18/2023 15:25,19.9,1134.08,"","","",""
RW6,1141,10/18/2023 15:30,19.86,359.2,"","","",""
RW6,1225,10/18/2023 22:30,18.14,0,"","","",""
RW6,1226,10/18/2023 22:35,18.57,0,"","","",""
RW6,1227,10/18/2023 22:40,18.83,0,"","","",""
RW6,1228,10/18/2023 22:45,18.87,0,"","","",""
RW6,1229,10/18/2023 22:50,18.87,0,"","","",""
RW6,1230,10/18/2023 22:55,18.92,0,"","","",""
RW6,1231,10/18/2023 23:00,19,0,"","","",""
RW6,1232,10/18/2023 23:05,19,0,"","","",""
RW6,1233,10/18/2023 23:10,19,0,"","","",""
RW6,1234,10/18/2023 23:15,18.96,0,"","","",""
RW6,1235,10/18/2023 23:20,18.96,0,"","","",""
RW6,1236,10/18/2023 23:25,18.96,0,"","","",""
RW6,1237,10/18/2023 23:30,18.96,0,"","","",""
RW6,1238,10/18/2023 23:35,18.96,0,"","","",""
RW6,1239,10/18/2023 23:40,18.92,0,"","","",""
RW6,1240,10/18/2023 23:45,18.92,0,"","","",""
RW6,1241,10/18/2023 23:50,18.87,0,"","","",""
RW6,1242,10/18/2023 23:55,18.87,0,"","","",""
RW6,1243,10/19/2023 0:00,18.87,0,"","","",""
RW6,1244,10/19/2023 0:05,18.87,0,"","","",""
RW6,1245,10/19/2023 0:10,18.83,0,"","","",""
RW6,1246,10/19/2023 0:15,18.83,0,"","","",""
RW6,1247,10/19/2023 0:20,18.83,0,"","","",""
RW6,1248,10/19/2023 0:25,18.83,0,"","","",""
RW6,1249,10/19/2023 0:30,18.83,0,"","","",""
RW6,1250,10/19/2023 0:35,18.79,0,"","","",""
RW6,1251,10/19/2023 0:40,18.74,0,"","","",""
RW6,1252,10/19/2023 0:45,18.7,0,"","","",""
RW6,1253,10/19/2023 0:50,18.7,0,"","","",""
RW6,1254,10/19/2023 0:55,18.7,0,"","","",""
RW6,1255,10/19/2023 1:00,18.66,0,"","","",""
RW6,1256,10/19/2023 1:05,18.57,0,"","","",""
RW6,1257,10/19/2023 1:10,18.49,0,"","","",""
RW6,1258,10/19/2023 1:15,18.49,0,"","","",""
RW6,1259,10/19/2023 1:20,18.49,0,"","","",""
RW6,1260,10/19/2023 1:25,18.4,0,"","","",""
RW6,1261,10/19/2023 1:30,18.36,0,"","","",""
RW6,1262,10/19/2023 1:35,18.27,0,"","","",""
RW6,1263,10/19/2023 1:40,18.1,0,"","","",""
RW6,1264,10/19/2023 1:45,18.06,0,"","","",""
RW6,1265,10/19/2023 1:50,17.97,0,"","","",""
RW6,1266,10/19/2023 1:55,17.93,0,"","","",""
RW6,1267,10/19/2023 2:00,17.8,0,"","","",""
RW6,1268,10/19/2023 2:05,17.76,0,"","","",""
RW6,1269,10/19/2023 2:10,17.67,0,"","","",""
RW6,1270,10/19/2023 2:15,17.67,0,"","","",""
RW6,1271,10/19/2023 2:20,17.67,0,"","","",""
RW6,1272,10/19/2023 2:25,17.72,0,"","","",""
RW6,1273,10/19/2023 2:30,17.63,0,"","","",""
RW6,1274,10/19/2023 2:35,17.63,0,"","","",""
RW6,1275,10/19/2023 2:40,17.54,0,"","","",""
RW6,1276,10/19/2023 2:45,17.5,0,"","","",""
RW6,1277,10/19/2023 2:50,17.5,0,"","","",""
RW6,1278,10/19/2023 2:55,17.41,0,"","","",""
RW6,1279,10/19/2023 3:00,17.37,0,"","","",""
RW6,1280,10/19/2023 3:05,17.33,0,"","","",""
RW6,1281,10/19/2023 3:10,17.29,0,"","","",""
RW6,1282,10/19/2023 3:15,17.29,0,"","","",""
RW6,1283,10/19/2023 3:20,17.29,0,"","","",""
RW6,1284,10/19/2023 3:25,17.16,0,"","","",""
RW6,1285,10/19/2023 3:30,17.16,0,"","","",""
RW6,1286,10/19/2023 3:35,17.11,0,"","","",""
RW6,1287,10/19/2023 3:40,17.11,0,"","","",""
RW6,1288,10/19/2023 3:45,17.07,0,"","","",""
RW6,1289,10/19/2023 3:50,17.07,0,"","","",""
RW6,1290,10/19/2023 3:55,16.99,0,"","","",""
RW6,1291,10/19/2023 4:00,16.99,0,"","","",""
RW6,1292,10/19/2023 4:05,16.94,0,"","","",""
RW6,1293,10/19/2023 4:10,16.99,0,"","","",""
RW6,1294,10/19/2023 4:15,16.99,0,"","","",""
RW6,1295,10/19/2023 4:20,16.99,0,"","","",""
RW6,1296,10/19/2023 4:25,16.99,0,"","","",""
RW6,1297,10/19/2023 4:30,16.94,0,"","","",""
RW6,1298,10/19/2023 4:35,16.94,0,"","","",""
RW6,1299,10/19/2023 4:40,16.9,0,"","","",""
RW6,1300,10/19/2023 4:45,16.94,0,"","","",""
RW6,1301,10/19/2023 4:50,16.94,0,"","","",""
RW6,1302,10/19/2023 4:55,16.94,0,"","","",""
RW6,1303,10/19/2023 5:00,16.94,0,"","","",""
RW6,1304,10/19/2023 5:05,17.03,0,"","","",""
RW6,1305,10/19/2023 5:10,17.03,0,"","","",""
RW6,1306,10/19/2023 5:15,17.03,0,"","","",""
RW6,1307,10/19/2023 5:20,16.99,0,"","","",""
RW6,1308,10/19/2023 5:25,17.03,0,"","","",""
RW6,1309,10/19/2023 5:30,16.99,0,"","","",""
RW6,1310,10/19/2023 5:35,17.03,0,"","","",""
RW6,1311,10/19/2023 5:40,17.03,0,"","","",""
RW6,1312,10/19/2023 5:45,17.03,0,"","","",""
RW6,1313,10/19/2023 5:50,17.07,0,"","","",""
RW6,1314,10/19/2023 5:55,17.03,0,"","","",""
RW6,1315,10/19/2023 6:00,16.99,0,"","","",""
RW6,1316,10/19/2023 6:05,17.03,0,"","","",""
RW6,1317,10/19/2023 6:10,17.03,0,"","","",""
RW6,1318,10/19/2023 6:15,17.07,0,"","","",""
RW6,1319,10/19/2023 6:20,17.07,0,"","","",""
RW6,1320,10/19/2023 6:25,17.07,0,"","","",""
RW6,1321,10/19/2023 6:30,17.11,0,"","","",""
RW6,1322,10/19/2023 6:35,17.11,0,"","","",""
RW6,1323,10/19/2023 6:40,17.2,0,"","","",""
RW6,1324,10/19/2023 6:45,17.24,3.57,"","","",""
RW6,1325,10/19/2023 6:50,17.24,18.62,"","","",""
RW6,1326,10/19/2023 6:55,17.24,1.34,"","","",""
RW6,1327,10/19/2023 7:00,17.24,0,"","","",""
RW6,1328,10/19/2023 7:05,17.29,0,"","","",""
RW6,1329,10/19/2023 7:10,17.33,2.01,"","","",""
RW6,1330,10/19/2023 7:15,17.33,29.68,"","","",""
RW6,1331,10/19/2023 7:20,17.37,156.4,"","","",""
RW6,1332,10/19/2023 7:25,17.41,385.6,"","","",""
RW6,1333,10/19/2023 7:30,17.46,58.48,"","","",""
RW6,1334,10/19/2023 7:35,17.46,4.46,"","","",""
RW6,1335,10/19/2023 7:40,17.46,1.11,"","","",""
RW6,1336,10/19/2023 7:45,17.46,764.48,"","","",""
RW6,1337,10/19/2023 7:50,17.46,1.11,"","","",""
RW6,1338,10/19/2023 7:55,17.41,6.5,"","","",""
RW6,1339,10/19/2023 8:00,17.5,0.44,"","","",""
RW6,1340,10/19/2023 8:05,17.54,22.48,"","","",""
RW6,1341,10/19/2023 8:10,17.54,0.89,"","","",""
RW6,1342,10/19/2023 8:15,17.59,402.56,"","","",""
RW6,1343,10/19/2023 8:20,17.63,1891.84,"","","",""
RW6,1344,10/19/2023 8:25,17.67,1959.04,"","","",""
RW6,1345,10/19/2023 8:30,17.72,59.54,"","","",""
RW6,1346,10/19/2023 8:35,17.67,47.2,"","","",""
RW6,1347,10/19/2023 8:40,17.72,6.53,"","","",""
RW6,1348,10/19/2023 8:45,17.8,851.2,"","","",""
RW6,1349,10/19/2023 8:50,17.84,24.29,"","","",""
RW6,1350,10/19/2023 8:55,17.84,7.62,"","","",""
RW6,1351,10/19/2023 9:00,17.89,6.08,"","","",""
RW6,1352,10/19/2023 9:05,17.89,457.92,"","","",""
RW6,1353,10/19/2023 9:10,17.93,0.67,"","","",""
RW6,1354,10/19/2023 9:15,17.93,41.32,"","","",""
RW6,1355,10/19/2023 9:20,17.97,21.14,"","","",""
RW6,1356,10/19/2023 9:25,17.93,3.79,"","","",""
RW6,1357,10/19/2023 9:30,17.93,15.24,"","","",""
RW6,1358,10/19/2023 9:35,17.84,1.59,"","","",""
RW6,1359,10/19/2023 9:40,17.93,0,"","","",""
RW6,1360,10/19/2023 9:45,18.06,9.66,"","","",""
RW6,1361,10/19/2023 9:50,18.06,20.19,"","","",""
RW6,1362,10/19/2023 9:55,18.06,155.28,"","","",""
RW6,1363,10/19/2023 10:00,17.97,27.9,"","","",""
RW6,1364,10/19/2023 10:05,17.97,0,"","","",""
RW6,1365,10/19/2023 10:10,17.97,0,"","","",""
RW6,1366,10/19/2023 10:15,18.06,99.76,"","","",""
RW6,1367,10/19/2023 10:20,17.97,51.22,"","","",""
RW6,1368,10/19/2023 10:25,18.02,1.34,"","","",""
RW6,1369,10/19/2023 10:30,18.02,0,"","","",""
RW6,1370,10/19/2023 10:35,18.02,0.22,"","","",""
RW6,1371,10/19/2023 10:40,18.02,0,"","","",""
RW6,1372,10/19/2023 10:45,18.1,0,"","","",""
RW6,1373,10/19/2023 10:50,18.14,0,"","","",""
RW6,1374,10/19/2023 10:55,18.19,9.88,"","","",""
RW6,1375,10/19/2023 11:00,18.14,1106.24,"","","",""
RW6,1376,10/19/2023 11:05,18.1,40.83,"","","",""
RW6,1377,10/19/2023 11:10,18.1,0.22,"","","",""
RW6,1378,10/19/2023 11:15,18.23,0.67,"","","",""
RW6,1379,10/19/2023 11:20,18.27,112.72,"","","",""
RW6,1380,10/19/2023 11:25,18.27,0,"","","",""
RW6,1381,10/19/2023 11:30,18.32,0,"","","",""
RW6,1382,10/19/2023 11:35,18.32,105.12,"","","",""
RW6,1383,10/19/2023 11:40,18.4,0,"","","",""
RW6,1384,10/19/2023 11:45,18.4,0,"","","",""
RW6,1385,10/19/2023 11:50,18.44,0,"","","",""
RW6,1386,10/19/2023 11:55,18.49,40.46,"","","",""
RW6,1387,10/19/2023 12:00,18.49,8.96,"","","",""
RW6,1388,10/19/2023 12:05,18.4,0,"","","",""
RW6,1389,10/19/2023 12:10,18.44,0,"","","",""
RW6,1390,10/19/2023 12:15,18.44,0,"","","",""
RW6,1391,10/19/2023 12:20,18.44,0,"","","",""
RW6,1392,10/19/2023 12:25,18.44,0,"","","",""
RW6,1393,10/19/2023 12:30,18.44,0,"","","",""
RW6,1394,10/19/2023 12:35,18.49,0,"","","",""
RW6,1395,10/19/2023 12:40,18.49,0,"","","",""
RW6,1396,10/19/2023 12:45,18.49,0,"","","",""
RW6,1397,10/19/2023 12:50,18.49,0,"","","",""
RW6,1398,10/19/2023 12:55,18.49,0,"","","",""
RW6,1399,10/19/2023 13:00,18.49,0,"","","",""
RW6,1400,10/19/2023 13:05,18.49,0,"","","",""
RW6,1401,10/19/2023 13:10,18.49,0,"","","",""
RW6,1402,10/19/2023 13:15,18.53,0,"","","",""
RW6,1403,10/19/2023 13:20,18.57,0,"","","",""
RW6,1404,10/19/2023 13:25,18.53,0,"","","",""
RW6,1405,10/19/2023 13:30,18.53,0,"","","",""
RW6,1406,10/19/2023 13:35,18.53,0,"","","",""
RW6,1407,10/19/2023 13:40,18.57,0,"","","",""
RW6,1408,10/19/2023 13:45,18.62,0,"","","",""
RW6,1409,10/19/2023 13:50,18.53,0,"","","",""
RW6,1410,10/19/2023 13:55,18.57,0,"","","",""
RW6,1411,10/19/2023 14:00,18.57,0,"","","",""
RW6,1412,10/19/2023 14:05,18.62,0.44,"","","",""
RW6,1413,10/19/2023 14:10,18.66,111.6,"","","",""
RW6,1414,10/19/2023 14:15,18.7,0.22,"","","",""
RW6,1415,10/19/2023 14:20,18.7,22.2,"","","",""
RW6,1416,10/19/2023 14:25,18.74,0,"","","",""
RW6,1417,10/19/2023 14:30,18.83,209.76,"","","",""
RW6,1418,10/19/2023 14:35,18.83,8.68,"","","",""
RW6,1419,10/19/2023 14:40,18.87,4.46,"","","",""
RW6,1420,10/19/2023 14:45,18.87,10165.76,"","","",""
RW6,1421,10/19/2023 14:50,18.96,0,"","","",""
RW6,1422,10/19/2023 14:55,19.05,92.72,"","","",""
RW6,1423,10/19/2023 15:00,18.92,224.96,"","","",""
RW6,1424,10/19/2023 15:05,19.05,9236.48,"","","",""
RW6,1425,10/19/2023 15:10,19.13,54.06,"","","",""
RW6,1426,10/19/2023 15:15,19.17,437.6,"","","",""
RW6,1427,10/19/2023 15:20,19.17,3767.04,"","","",""
RW6,1428,10/19/2023 15:25,19.17,26.7,"","","",""
RW6,1429,10/19/2023 15:30,19.26,2438.4,"","","",""
RW6,1430,10/19/2023 15:35,19.26,33.96,"","","",""
RW6,1431,10/19/2023 15:40,19.22,86.32,"","","",""
RW6,1432,10/19/2023 15:45,19.17,55.06,"","","",""
RW6,1433,10/19/2023 15:50,19.17,240.64,"","","",""
RW6,1434,10/19/2023 15:55,19.26,49.32,"","","",""
RW6,1435,10/19/2023 16:00,19.26,357.12,"","","",""
RW6,1436,10/19/2023 16:05,19.35,529.92,"","","",""
RW6,1437,10/19/2023 16:10,19.35,8634.88,"","","",""
RW6,1438,10/19/2023 16:15,19.47,453.12,"","","",""
RW6,1439,10/19/2023 16:20,19.35,43.34,"","","",""
RW6,1440,10/19/2023 16:25,19.43,1025.92,"","","",""
RW6,1441,10/19/2023 16:30,19.35,104.76,"","","",""
RW6,1531,10/20/2023 0:00,17.5,0,"","","",""
RW6,1532,10/20/2023 0:05,17.41,0,"","","",""
RW6,1533,10/20/2023 0:10,17.41,0,"","","",""
RW6,1534,10/20/2023 0:15,17.37,0,"","","",""
RW6,1535,10/20/2023 0:20,17.33,0,"","","",""
RW6,1536,10/20/2023 0:25,17.24,0,"","","",""
RW6,1537,10/20/2023 0:30,17.16,0,"","","",""
RW6,1538,10/20/2023 0:35,17.16,0,"","","",""
RW6,1539,10/20/2023 0:40,17.2,0,"","","",""
RW6,1540,10/20/2023 0:45,17.16,0,"","","",""
RW6,1541,10/20/2023 0:50,17.24,0,"","","",""
RW6,1542,10/20/2023 0:55,17.2,0,"","","",""
RW6,1543,10/20/2023 1:00,17.16,0,"","","",""
RW6,1544,10/20/2023 1:05,17.16,0,"","","",""
RW6,1545,10/20/2023 1:10,17.03,0,"","","",""
RW6,1546,10/20/2023 1:15,17.03,0,"","","",""
RW6,1547,10/20/2023 1:20,17.03,0,"","","",""
RW6,1548,10/20/2023 1:25,17.07,0,"","","",""
RW6,1549,10/20/2023 1:30,17.11,0,"","","",""
RW6,1550,10/20/2023 1:35,17.16,0,"","","",""
RW6,1551,10/20/2023 1:40,17.16,0,"","","",""
RW6,1552,10/20/2023 1:45,17.11,0,"","","",""
RW6,1553,10/20/2023 1:50,17.07,0,"","","",""
RW6,1554,10/20/2023 1:55,17.03,0,"","","",""
RW6,1555,10/20/2023 2:00,17.03,0,"","","",""
RW6,1556,10/20/2023 2:05,16.99,0,"","","",""
RW6,1557,10/20/2023 2:10,16.99,0,"","","",""
RW6,1558,10/20/2023 2:15,17.03,0,"","","",""
RW6,1559,10/20/2023 2:20,16.99,0,"","","",""
RW6,1560,10/20/2023 2:25,16.99,0,"","","",""
RW6,1561,10/20/2023 2:30,17.03,0,"","","",""
RW6,1562,10/20/2023 2:35,16.94,0,"","","",""
RW6,1563,10/20/2023 2:40,16.99,0,"","","",""
RW6,1564,10/20/2023 2:45,16.9,0,"","","",""
RW6,1565,10/20/2023 2:50,16.9,0,"","","",""
RW6,1566,10/20/2023 2:55,16.81,0,"","","",""
RW6,1567,10/20/2023 3:00,16.81,0,"","","",""
RW6,1568,10/20/2023 3:05,16.77,0,"","","",""
RW6,1569,10/20/2023 3:10,16.69,0,"","","",""
RW6,1570,10/20/2023 3:15,16.73,0,"","","",""
RW6,1571,10/20/2023 3:20,16.77,0,"","","",""
RW6,1572,10/20/2023 3:25,16.77,0,"","","",""
RW6,1573,10/20/2023 3:30,16.77,0,"","","",""
RW6,1574,10/20/2023 3:35,16.77,0,"","","",""
RW6,1575,10/20/2023 3:40,16.73,0,"","","",""
RW6,1576,10/20/2023 3:45,16.77,0,"","","",""
RW6,1577,10/20/2023 3:50,16.77,0,"","","",""
RW6,1578,10/20/2023 3:55,16.73,0,"","","",""
RW6,1579,10/20/2023 4:00,16.73,0,"","","",""
RW6,1580,10/20/2023 4:05,16.69,0,"","","",""
RW6,1581,10/20/2023 4:10,16.69,0,"","","",""
RW6,1582,10/20/2023 4:15,16.64,0,"","","",""
RW6,1583,10/20/2023 4:20,16.64,0,"","","",""
RW6,1584,10/20/2023 4:25,16.64,0,"","","",""
RW6,1585,10/20/2023 4:30,16.6,0,"","","",""
RW6,1586,10/20/2023 4:35,16.6,0,"","","",""
RW6,1587,10/20/2023 4:40,16.64,0,"","","",""
RW6,1588,10/20/2023 4:45,16.6,0,"","","",""
RW6,1589,10/20/2023 4:50,16.64,0,"","","",""
RW6,1590,10/20/2023 4:55,16.64,0,"","","",""
RW6,1591,10/20/2023 5:00,16.6,0,"","","",""
RW6,1592,10/20/2023 5:05,16.6,0,"","","",""
RW6,1593,10/20/2023 5:10,16.6,0,"","","",""
RW6,1594,10/20/2023 5:15,16.51,0,"","","",""
RW6,1595,10/20/2023 5:20,16.6,0,"","","",""
RW6,1596,10/20/2023 5:25,16.64,0,"","","",""
RW6,1597,10/20/2023 5:30,16.6,0,"","","",""
RW6,1598,10/20/2023 5:35,16.69,0,"","","",""
RW6,1599,10/20/2023 5:40,16.64,0,"","","",""
RW6,1600,10/20/2023 5:45,16.6,0,"","","",""
RW6,1601,10/20/2023 5:50,16.56,0,"","","",""
RW6,1602,10/20/2023 5:55,16.64,0,"","","",""
RW6,1603,10/20/2023 6:00,16.64,0,"","","",""
RW6,1604,10/20/2023 6:05,16.73,0,"","","",""
RW6,1605,10/20/2023 6:10,16.73,0,"","","",""
RW6,1606,10/20/2023 6:15,16.73,0,"","","",""
RW6,1607,10/20/2023 6:20,16.77,0,"","","",""
RW6,1608,10/20/2023 6:25,16.81,0,"","","",""
RW6,1609,10/20/2023 6:30,16.86,0,"","","",""
RW6,1610,10/20/2023 6:35,16.9,0,"","","",""
RW6,1611,10/20/2023 6:40,16.9,1.56,"","","",""
RW6,1612,10/20/2023 6:45,16.94,2.9,"","","",""
RW6,1613,10/20/2023 6:50,16.99,0.22,"","","",""
RW6,1614,10/20/2023 6:55,17.03,0,"","","",""
RW6,1615,10/20/2023 7:00,17.07,94.4,"","","",""
RW6,1616,10/20/2023 7:05,17.07,3.12,"","","",""
RW6,1617,10/20/2023 7:10,17.11,15.5,"","","",""
RW6,1618,10/20/2023 7:15,17.2,65.56,"","","",""
RW6,1619,10/20/2023 7:20,17.16,322.64,"","","",""
RW6,1620,10/20/2023 7:25,17.11,3.4,"","","",""
RW6,1621,10/20/2023 7:30,17.2,132.16,"","","",""
RW6,1622,10/20/2023 7:35,17.2,7.73,"","","",""
RW6,1623,10/20/2023 7:40,17.2,1.78,"","","",""
RW6,1624,10/20/2023 7:45,17.24,100.04,"","","",""
RW6,1625,10/20/2023 7:50,17.2,71.16,"","","",""
RW6,1626,10/20/2023 7:55,17.29,8.68,"","","",""
RW6,1627,10/20/2023 8:00,17.29,14.46,"","","",""
RW6,1628,10/20/2023 8:05,17.33,316.56,"","","",""
RW6,1629,10/20/2023 8:10,17.33,657.6,"","","",""
RW6,1630,10/20/2023 8:15,17.33,116.96,"","","",""
RW6,1631,10/20/2023 8:20,17.33,3910.4,"","","",""
RW6,1632,10/20/2023 8:25,17.37,21.5,"","","",""
RW6,1633,10/20/2023 8:30,17.33,6.73,"","","",""
RW6,1634,10/20/2023 8:35,17.37,22.93,"","","",""
RW6,1635,10/20/2023 8:40,17.37,22.79,"","","",""
RW6,1636,10/20/2023 8:45,17.41,13.51,"","","",""
RW6,1637,10/20/2023 8:50,17.46,780.48,"","","",""
RW6,1638,10/20/2023 8:55,17.41,1908.48,"","","",""
RW6,1639,10/20/2023 9:00,17.41,469.6,"","","",""
RW6,1640,10/20/2023 9:05,17.5,72.16,"","","",""
RW6,1641,10/20/2023 9:10,17.54,1066.88,"","","",""
RW6,1642,10/20/2023 9:15,17.54,21.28,"","","",""
RW6,1643,10/20/2023 9:20,17.59,228.56,"","","",""
RW6,1644,10/20/2023 9:25,17.63,274.8,"","","",""
RW6,1645,10/20/2023 9:30,17.67,10.64,"","","",""
RW6,1646,10/20/2023 9:35,17.59,387.84,"","","",""
RW6,1647,10/20/2023 9:40,17.63,182.08,"","","",""
RW6,1648,10/20/2023 9:45,17.72,239.52,"","","",""
RW6,1649,10/20/2023 9:50,17.76,3612.16,"","","",""
RW6,1650,10/20/2023 9:55,17.72,26.92,"","","",""
RW6,1651,10/20/2023 10:00,17.72,15.78,"","","",""
RW6,1652,10/20/2023 10:05,17.72,31,"","","",""
RW6,1653,10/20/2023 10:10,17.8,33.48,"","","",""
RW6,1654,10/20/2023 10:15,17.8,1094.72,"","","",""
RW6,1655,10/20/2023 10:20,17.76,17.67,"","","",""
RW6,1656,10/20/2023 10:25,17.8,6.95,"","","",""
RW6,1657,10/20/2023 10:30,17.89,18.46,"","","",""
RW6,1658,10/20/2023 10:35,17.97,447.2,"","","",""
RW6,1659,10/20/2023 10:40,17.93,17.09,"","","",""
RW6,1660,10/20/2023 10:45,17.97,156.72,"","","",""
RW6,1661,10/20/2023 10:50,18.02,1852.16,"","","",""
RW6,1662,10/20/2023 10:55,18.02,8.99,"","","",""
RW6,1663,10/20/2023 11:00,17.93,110.48,"","","",""
RW6,1664,10/20/2023 11:05,18.02,18.09,"","","",""
RW6,1665,10/20/2023 11:10,18.06,253.36,"","","",""
RW6,1666,10/20/2023 11:15,18.06,33.73,"","","",""
RW6,1667,10/20/2023 11:20,18.1,3.37,"","","",""
RW6,1668,10/20/2023 11:25,18.14,13.48,"","","",""
RW6,1669,10/20/2023 11:30,18.14,1481.6,"","","",""
RW6,1670,10/20/2023 11:35,18.02,31,"","","",""
RW6,1671,10/20/2023 11:40,18.14,128.44,"","","",""
RW6,1672,10/20/2023 11:45,18.14,2295.04,"","","",""
RW6,1673,10/20/2023 11:50,18.19,27.23,"","","",""
RW6,1674,10/20/2023 11:55,18.14,1260.8,"","","",""
RW6,1675,10/20/2023 12:00,18.1,98.96,"","","",""
RW6,1676,10/20/2023 12:05,18.1,57.52,"","","",""
RW6,1677,10/20/2023 12:10,18.14,3134.72,"","","",""
RW6,1678,10/20/2023 12:15,18.14,106.8,"","","",""
RW6,1679,10/20/2023 12:20,18.1,0,"","","",""
RW6,1680,10/20/2023 12:25,18.14,0,"","","",""
RW6,1681,10/20/2023 12:30,18.1,24.43,"","","",""
RW6,1682,10/20/2023 12:35,18.14,0,"","","",""
RW6,1683,10/20/2023 12:40,18.14,40.38,"","","",""
RW6,1684,10/20/2023 12:45,18.14,17.06,"","","",""
RW6,1685,10/20/2023 12:50,18.1,0,"","","",""
RW6,1686,10/20/2023 12:55,18.14,0,"","","",""
RW6,1687,10/20/2023 13:00,18.14,0,"","","",""
RW6,1688,10/20/2023 13:05,18.1,0,"","","",""
RW6,1689,10/20/2023 13:10,18.1,0,"","","",""
RW6,1690,10/20/2023 13:15,18.14,0,"","","",""
RW6,1691,10/20/2023 13:20,18.1,0,"","","",""
RW6,1692,10/20/2023 13:25,18.1,0,"","","",""
RW6,1693,10/20/2023 13:30,18.06,0,"","","",""
RW6,1694,10/20/2023 13:35,18.06,0,"","","",""
RW6,1695,10/20/2023 13:40,18.1,0,"","","",""
RW6,1696,10/20/2023 13:45,18.1,0,"","","",""
RW6,1697,10/20/2023 13:50,18.1,0,"","","",""
RW6,1698,10/20/2023 13:55,18.06,0,"","","",""
RW6,1699,10/20/2023 14:00,18.1,0,"","","",""
RW6,1700,10/20/2023 14:05,18.14,0,"","","",""
RW6,1701,10/20/2023 14:10,18.14,0,"","","",""
RW6,1702,10/20/2023 14:15,18.19,0,"","","",""
RW6,1703,10/20/2023 14:20,18.14,0,"","","",""
RW6,1704,10/20/2023 14:25,18.19,0,"","","",""
RW6,1705,10/20/2023 14:30,18.23,0,"","","",""
RW6,1706,10/20/2023 14:35,18.23,0,"","","",""
RW6,1707,10/20/2023 14:40,18.1,0,"","","",""
RW6,1708,10/20/2023 14:45,18.19,0,"","","",""
RW6,1709,10/20/2023 14:50,18.23,0,"","","",""
RW6,1710,10/20/2023 14:55,18.27,0,"","","",""
RW6,1711,10/20/2023 15:00,18.32,0.67,"","","",""
RW6,1712,10/20/2023 15:05,18.36,0,"","","",""
RW6,1713,10/20/2023 15:10,18.36,0,"","","",""
RW6,1714,10/20/2023 15:15,18.36,0,"","","",""
RW6,1715,10/20/2023 15:20,18.36,1.78,"","","",""
RW6,1716,10/20/2023 15:25,18.49,2126.72,"","","",""
RW6,1717,10/20/2023 15:30,18.44,0.22,"","","",""
RW6,1718,10/20/2023 15:35,18.53,9.99,"","","",""
RW6,1719,10/20/2023 15:40,18.57,532.96,"","","",""
RW6,1720,10/20/2023 15:45,18.57,4.91,"","","",""
RW6,1721,10/20/2023 15:50,18.57,190.8,"","","",""
RW6,1722,10/20/2023 15:55,18.57,39.6,"","","",""
RW6,1723,10/20/2023 16:00,18.62,435.84,"","","",""
RW6,1724,10/20/2023 16:05,18.74,10.92,"","","",""
RW6,1725,10/20/2023 16:10,18.66,938.24,"","","",""
RW6,1726,10/20/2023 16:15,18.66,4199.68,"","","",""
RW6,1727,10/20/2023 16:20,18.74,244.16,"","","",""
RW6,1728,10/20/2023 16:25,18.79,300.72,"","","",""
RW6,1729,10/20/2023 16:30,18.83,13.4,"","","",""
RW6,1730,10/20/2023 16:35,18.79,1550.08,"","","",""
RW6,1731,10/20/2023 16:40,18.83,6691.84,"","","",""
RW6,1732,10/20/2023 16:45,18.83,1176,"","","",""
RW6,1733,10/20/2023 16:50,18.79,11.81,"","","",""
RW6,1734,10/20/2023 16:55,18.79,20.33,"","","",""
RW6,1735,10/20/2023 17:00,18.83,38.15,"","","",""
RW6,1736,10/20/2023 17:05,18.83,132.92,"","","",""
RW6,1737,10/20/2023 17:10,18.79,28.32,"","","",""
RW6,1738,10/20/2023 17:15,18.79,336,"","","",""
RW6,1739,10/20/2023 17:20,18.79,8.85,"","","",""
RW6,1740,10/20/2023 17:25,18.74,7.2,"","","",""
RW6,1741,10/20/2023 17:30,18.74,37.36,"","","",""
RW6,1742,10/20/2023 17:35,18.7,7.68,"","","",""
RW6,1743,10/20/2023 17:40,18.66,7.98,"","","",""
RW6,1744,10/20/2023 17:45,18.66,348,"","","",""
RW6,1834,10/21/2023 1:10,16.43,0,"","","",""
RW6,1835,10/21/2023 1:15,16.47,0,"","","",""
RW6,1836,10/21/2023 1:20,16.43,0,"","","",""
RW6,1837,10/21/2023 1:25,16.39,0,"","","",""
RW6,1838,10/21/2023 1:30,16.39,0,"","","",""
RW6,1839,10/21/2023 1:35,16.34,0,"","","",""
RW6,1840,10/21/2023 1:40,16.3,0,"","","",""
RW6,1841,10/21/2023 1:45,16.26,0,"","","",""
RW6,1842,10/21/2023 1:50,16.26,0,"","","",""
RW6,1843,10/21/2023 1:55,16.26,0,"","","",""
RW6,1844,10/21/2023 2:00,16.3,0,"","","",""
RW6,1845,10/21/2023 2:05,16.3,0,"","","",""
RW6,1846,10/21/2023 2:10,16.26,0,"","","",""
RW6,1847,10/21/2023 2:15,16.3,0,"","","",""
RW6,1848,10/21/2023 2:20,16.3,0,"","","",""
RW6,1849,10/21/2023 2:25,16.26,0,"","","",""
RW6,1850,10/21/2023 2:30,16.3,0,"","","",""
RW6,1851,10/21/2023 2:35,16.3,0,"","","",""
RW6,1852,10/21/2023 2:40,16.26,0,"","","",""
RW6,1853,10/21/2023 2:45,16.26,0,"","","",""
RW6,1854,10/21/2023 2:50,16.34,0,"","","",""
RW6,1855,10/21/2023 2:55,16.26,0,"","","",""
RW6,1856,10/21/2023 3:00,16.26,0,"","","",""
RW6,1857,10/21/2023 3:05,16.3,0,"","","",""
RW6,1858,10/21/2023 3:10,16.26,0,"","","",""
RW6,1859,10/21/2023 3:15,16.3,0,"","","",""
RW6,1860,10/21/2023 3:20,16.26,0,"","","",""
RW6,1861,10/21/2023 3:25,16.21,0,"","","",""
RW6,1862,10/21/2023 3:30,16.21,0,"","","",""
RW6,1863,10/21/2023 3:35,16.21,0,"","","",""
RW6,1864,10/21/2023 3:40,16.21,0,"","","",""
RW6,1865,10/21/2023 3:45,16.17,0,"","","",""
RW6,1866,10/21/2023 3:50,16.17,0,"","","",""
RW6,1867,10/21/2023 3:55,16.17,0,"","","",""
RW6,1868,10/21/2023 4:00,16.17,0,"","","",""
RW6,1869,10/21/2023 4:05,16.08,0,"","","",""
RW6,1870,10/21/2023 4:10,16.04,0,"","","",""
RW6,1871,10/21/2023 4:15,16.08,0,"","","",""
RW6,1872,10/21/2023 4:20,15.96,0,"","","",""
RW6,1873,10/21/2023 4:25,16,0,"","","",""
RW6,1874,10/21/2023 4:30,15.96,0,"","","",""
RW6,1875,10/21/2023 4:35,16.04,0,"","","",""
RW6,1876,10/21/2023 4:40,16,0,"","","",""
RW6,1877,10/21/2023 4:45,16,0,"","","",""
RW6,1878,10/21/2023 4:50,15.96,0,"","","",""
RW6,1879,10/21/2023 4:55,15.87,0,"","","",""
RW6,1880,10/21/2023 5:00,15.91,0,"","","",""
RW6,1881,10/21/2023 5:05,15.87,0,"","","",""
RW6,1882,10/21/2023 5:10,15.83,0,"","","",""
RW6,1883,10/21/2023 5:15,15.78,0,"","","",""
RW6,1884,10/21/2023 5:20,15.78,0,"","","",""
RW6,1885,10/21/2023 5:25,15.78,0,"","","",""
RW6,1886,10/21/2023 5:30,15.83,0,"","","",""
RW6,1887,10/21/2023 5:35,15.83,0,"","","",""
RW6,1888,10/21/2023 5:40,15.87,0,"","","",""
RW6,1889,10/21/2023 5:45,15.83,0,"","","",""
RW6,1890,10/21/2023 5:50,15.83,0,"","","",""
RW6,1891,10/21/2023 5:55,15.83,0,"","","",""
RW6,1892,10/21/2023 6:00,15.91,0,"","","",""
RW6,1893,10/21/2023 6:05,15.91,0,"","","",""
RW6,1894,10/21/2023 6:10,15.78,0,"","","",""
RW6,1895,10/21/2023 6:15,15.78,0,"","","",""
RW6,1896,10/21/2023 6:20,15.83,0,"","","",""
RW6,1897,10/21/2023 6:25,15.83,0,"","","",""
RW6,1898,10/21/2023 6:30,15.78,0,"","","",""
RW6,1899,10/21/2023 6:35,15.78,0,"","","",""
RW6,1900,10/21/2023 6:40,15.74,0,"","","",""
RW6,1901,10/21/2023 6:45,15.74,0,"","","",""
RW6,1902,10/21/2023 6:50,15.66,0,"","","",""
RW6,1903,10/21/2023 6:55,15.74,0,"","","",""
RW6,1904,10/21/2023 7:00,15.83,1.11,"","","",""
RW6,1905,10/21/2023 7:05,15.83,8.96,"","","",""
RW6,1906,10/21/2023 7:10,15.83,0,"","","",""
RW6,1907,10/21/2023 7:15,15.83,6.95,"","","",""
RW6,1908,10/21/2023 7:20,15.74,23.57,"","","",""
RW6,1909,10/21/2023 7:25,15.7,137.6,"","","",""
RW6,1910,10/21/2023 7:30,15.66,3.88,"","","",""
RW6,1911,10/21/2023 7:35,15.66,1.36,"","","",""
RW6,1912,10/21/2023 7:40,15.74,4.77,"","","",""
RW6,1913,10/21/2023 7:45,15.74,77.42,"","","",""
RW6,1914,10/21/2023 7:50,15.74,111.6,"","","",""
RW6,1915,10/21/2023 7:55,15.87,7.9,"","","",""
RW6,1916,10/21/2023 8:00,15.96,206.16,"","","",""
RW6,1917,10/21/2023 8:05,15.96,34.96,"","","",""
RW6,1918,10/21/2023 8:10,16.04,33.79,"","","",""
RW6,1919,10/21/2023 8:15,16,106.56,"","","",""
RW6,1920,10/21/2023 8:20,16.04,7.09,"","","",""
RW6,1921,10/21/2023 8:25,16.04,24.57,"","","",""
RW6,1922,10/21/2023 8:30,16,3495.68,"","","",""
RW6,1923,10/21/2023 8:35,16.04,5.47,"","","",""
RW6,1924,10/21/2023 8:40,16.08,2.93,"","","",""
RW6,1925,10/21/2023 8:45,16.08,11.19,"","","",""
RW6,1926,10/21/2023 8:50,16.17,48.48,"","","",""
RW6,1927,10/21/2023 8:55,16.17,7.73,"","","",""
RW6,1928,10/21/2023 9:00,16.26,81.38,"","","",""
RW6,1929,10/21/2023 9:05,16.26,285.28,"","","",""
RW6,1930,10/21/2023 9:10,16.3,788.16,"","","",""
RW6,1931,10/21/2023 9:15,16.34,2056.96,"","","",""
RW6,1932,10/21/2023 9:20,16.39,8307.2,"","","",""
RW6,1933,10/21/2023 9:25,16.47,352.96,"","","",""
RW6,1934,10/21/2023 9:30,16.47,3002.88,"","","",""
RW6,1935,10/21/2023 9:35,16.6,48.02,"","","",""
RW6,1936,10/21/2023 9:40,16.73,18.51,"","","",""
RW6,1937,10/21/2023 9:45,16.73,42.72,"","","",""
RW6,1938,10/21/2023 9:50,16.73,4843.52,"","","",""
RW6,1939,10/21/2023 9:55,16.81,2575.36,"","","",""
RW6,1940,10/21/2023 10:00,16.86,9351.68,"","","",""
RW6,1941,10/21/2023 10:05,16.86,101.96,"","","",""
RW6,1942,10/21/2023 10:10,16.9,241.52,"","","",""
RW6,1943,10/21/2023 10:15,16.99,2673.92,"","","",""
RW6,1944,10/21/2023 10:20,17.07,26.3,"","","",""
RW6,1945,10/21/2023 10:25,17.11,19.1,"","","",""
RW6,1946,10/21/2023 10:30,17.07,9.57,"","","",""
RW6,1947,10/21/2023 10:35,17.2,10.66,"","","",""
RW6,1948,10/21/2023 10:40,17.33,14.74,"","","",""
RW6,1949,10/21/2023 10:45,17.29,164.72,"","","",""
RW6,1950,10/21/2023 10:50,17.24,2325.12,"","","",""
RW6,1951,10/21/2023 10:55,17.29,6.53,"","","",""
RW6,1952,10/21/2023 11:00,17.37,79.42,"","","",""
RW6,1953,10/21/2023 11:05,17.37,486.08,"","","",""
RW6,1954,10/21/2023 11:10,17.37,874.88,"","","",""
RW6,1955,10/21/2023 11:15,17.46,5.19,"","","",""
RW6,1956,10/21/2023 11:20,17.54,4.3,"","","",""
RW6,1957,10/21/2023 11:25,17.63,30.89,"","","",""
RW6,1958,10/21/2023 11:30,17.54,2949.12,"","","",""
RW6,1959,10/21/2023 11:35,17.5,76.52,"","","",""
RW6,1960,10/21/2023 11:40,17.54,30.61,"","","",""
RW6,1961,10/21/2023 11:45,17.54,6.31,"","","",""
RW6,1962,10/21/2023 11:50,17.59,7918.08,"","","",""
RW6,1963,10/21/2023 11:55,17.76,104.44,"","","",""
RW6,1964,10/21/2023 12:00,17.76,8043.52,"","","",""
RW6,1965,10/21/2023 12:05,17.67,1879.04,"","","",""
RW6,1966,10/21/2023 12:10,17.84,1758.72,"","","",""
RW6,1967,10/21/2023 12:15,17.84,168,"","","",""
RW6,1968,10/21/2023 12:20,17.89,4971.52,"","","",""
RW6,1969,10/21/2023 12:25,17.93,284.88,"","","",""
RW6,1970,10/21/2023 12:30,17.89,3545.6,"","","",""
RW6,1971,10/21/2023 12:35,17.8,436,"","","",""
RW6,1972,10/21/2023 12:40,17.84,32.11,"","","",""
RW6,1973,10/21/2023 12:45,17.84,300.72,"","","",""
RW6,1974,10/21/2023 12:50,17.84,115.48,"","","",""
RW6,1975,10/21/2023 12:55,17.84,2350.08,"","","",""
RW6,1976,10/21/2023 13:00,17.93,64.78,"","","",""
RW6,1977,10/21/2023 13:05,17.93,3499.52,"","","",""
RW6,1978,10/21/2023 13:10,17.93,1309.12,"","","",""
RW6,1979,10/21/2023 13:15,17.97,6.25,"","","",""
RW6,1980,10/21/2023 13:20,17.97,385.6,"","","",""
RW6,1981,10/21/2023 13:25,17.93,6.73,"","","",""
RW6,1982,10/21/2023 13:30,18.02,29.29,"","","",""
RW6,1983,10/21/2023 13:35,18.02,3.57,"","","",""
RW6,1984,10/21/2023 13:40,18.1,24.46,"","","",""
RW6,1985,10/21/2023 13:45,18.14,5.61,"","","",""
RW6,1986,10/21/2023 13:50,18.14,103.44,"","","",""
RW6,1987,10/21/2023 13:55,18.1,33.73,"","","",""
RW6,1988,10/21/2023 14:00,18.1,24.01,"","","",""
RW6,1989,10/21/2023 14:05,18.02,77.24,"","","",""
RW6,1990,10/21/2023 14:10,18.06,9.3,"","","",""
RW6,1991,10/21/2023 14:15,18.1,173.6,"","","",""
RW6,1992,10/21/2023 14:20,18.1,6.56,"","","",""
RW6,1993,10/21/2023 14:25,18.19,2307.2,"","","",""
RW6,1994,10/21/2023 14:30,18.19,2787.84,"","","",""
RW6,1995,10/21/2023 14:35,18.14,130.24,"","","",""
RW6,1996,10/21/2023 14:40,18.19,630.4,"","","",""
RW6,1997,10/21/2023 14:45,18.19,459.36,"","","",""
RW6,1998,10/21/2023 14:50,18.14,40.83,"","","",""
RW6,1999,10/21/2023 14:55,18.19,933.76,"","","",""
RW6,2000,10/21/2023 15:00,18.19,1637.12,"","","",""
RW6,2001,10/21/2023 15:05,18.23,3.57,"","","",""
RW6,2002,10/21/2023 15:10,18.32,116.96,"","","",""
RW6,2003,10/21/2023 15:15,18.27,86.32,"","","",""
RW6,2004,10/21/2023 15:20,18.23,2.23,"","","",""
RW6,2005,10/21/2023 15:25,18.27,132.04,"","","",""
RW6,2006,10/21/2023 15:30,18.27,40.05,"","","",""
RW6,2007,10/21/2023 15:35,18.27,15.16,"","","",""
RW6,2008,10/21/2023 15:40,18.27,66.08,"","","",""
RW6,2009,10/21/2023 15:45,18.27,3.57,"","","",""
RW6,2010,10/21/2023 15:50,18.27,3.15,"","","",""
RW6,2011,10/21/2023 15:55,18.27,96.16,"","","",""
RW6,2012,10/21/2023 16:00,18.19,10.61,"","","",""
RW6,2013,10/21/2023 16:05,18.23,673.28,"","","",""
RW6,2014,10/21/2023 16:10,18.23,1390.08,"","","",""
RW6,2015,10/21/2023 16:15,18.23,123.08,"","","",""
RW6,2016,10/21/2023 16:20,18.19,1287.68,"","","",""
RW6,2017,10/21/2023 16:25,18.19,246.64,"","","",""
RW6,2018,10/21/2023 16:30,18.23,2.03,"","","",""
RW6,2019,10/21/2023 16:35,18.23,3.37,"","","",""
RW6,2020,10/21/2023 16:40,18.23,42.5,"","","",""
RW6,2021,10/21/2023 16:45,18.19,9.63,"","","",""
RW6,2022,10/21/2023 16:50,18.19,13.79,"","","",""
RW6,2023,10/21/2023 16:55,18.14,1803.52,"","","",""
RW6,2024,10/21/2023 17:00,18.14,6.08,"","","",""
RW6,2025,10/21/2023 17:05,18.14,1950.08,"","","",""
RW6,2026,10/21/2023 17:10,18.1,889.6,"","","",""
RW6,2027,10/21/2023 17:15,18.1,965.12,"","","",""
RW6,2028,10/21/2023 17:20,18.02,1843.2,"","","",""
RW6,2029,10/21/2023 17:25,18.02,31.44,"","","",""
RW6,2030,10/21/2023 17:30,17.97,0,"","","",""
RW6,2031,10/21/2023 17:35,17.93,0.67,"","","",""
RW6,2032,10/21/2023 17:40,17.97,735.04,"","","",""
RW6,2033,10/21/2023 17:45,17.89,44,"","","",""
RW6,2034,10/21/2023 17:50,17.89,20.41,"","","",""
RW6,2035,10/21/2023 17:55,17.89,2.68,"","","",""
RW6,2036,10/21/2023 18:00,17.93,105.12,"","","",""
RW6,2037,10/21/2023 18:05,17.84,3.37,"","","",""
RW6,2038,10/21/2023 18:10,17.84,78.7,"","","",""
RW6,2039,10/21/2023 18:15,17.84,2.01,"","","",""
RW6,2040,10/21/2023 18:20,17.84,6.5,"","","",""
RW6,2041,10/21/2023 18:25,17.89,0,"","","",""
RW6,2042,10/21/2023 18:30,17.84,0,"","","",""
RW6,2043,10/21/2023 18:35,17.8,0,"","","",""
RW6,2044,10/21/2023 18:40,17.72,0,"","","",""
RW6,2045,10/21/2023 18:45,17.72,0,"","","",""
RW6,2046,10/21/2023 18:50,17.72,0,"","","",""
RW6,2047,10/21/2023 18:55,17.72,0,"","","",""
RW6,2048,10/21/2023 19:00,17.63,0,"","","",""
RW6,2049,10/21/2023 19:05,17.67,0,"","","",""
RW6,2137,10/22/2023 2:25,15.91,0,"","","",""
RW6,2138,10/22/2023 2:30,16.43,0,"","","",""
RW6,2139,10/22/2023 2:35,16.6,0,"","","",""
RW6,2140,10/22/2023 2:40,16.64,0,"","","",""
RW6,2141,10/22/2023 2:45,16.69,0,"","","",""
RW6,2142,10/22/2023 2:50,16.77,0,"","","",""
RW6,2143,10/22/2023 2:55,16.73,0,"","","",""
RW6,2144,10/22/2023 3:00,16.77,0,"","","",""
RW6,2145,10/22/2023 3:05,16.81,0,"","","",""
RW6,2146,10/22/2023 3:10,16.81,0,"","","",""
RW6,2147,10/22/2023 3:15,16.81,0,"","","",""
RW6,2148,10/22/2023 3:20,16.81,0,"","","",""
RW6,2149,10/22/2023 3:25,16.81,0,"","","",""
RW6,2150,10/22/2023 3:30,16.81,0,"","","",""
RW6,2151,10/22/2023 3:35,16.81,0,"","","",""
RW6,2152,10/22/2023 3:40,16.77,0,"","","",""
RW6,2153,10/22/2023 3:45,16.77,0,"","","",""
RW6,2154,10/22/2023 3:50,16.81,0,"","","",""
RW6,2155,10/22/2023 3:55,16.81,0,"","","",""
RW6,2156,10/22/2023 4:00,16.81,0,"","","",""
RW6,2157,10/22/2023 4:05,16.81,0,"","","",""
RW6,2158,10/22/2023 4:10,16.81,0,"","","",""
RW6,2159,10/22/2023 4:15,16.86,0,"","","",""
RW6,2160,10/22/2023 4:20,16.81,0,"","","",""
RW6,2161,10/22/2023 4:25,16.77,0,"","","",""
RW6,2162,10/22/2023 4:30,16.81,0,"","","",""
RW6,2163,10/22/2023 4:35,16.81,0,"","","",""
RW6,2164,10/22/2023 4:40,16.77,0,"","","",""
RW6,2165,10/22/2023 4:45,16.81,0,"","","",""
RW6,2166,10/22/2023 4:50,16.77,0,"","","",""
RW6,2167,10/22/2023 4:55,16.81,0,"","","",""
RW6,2168,10/22/2023 5:00,16.77,0,"","","",""
RW6,2169,10/22/2023 5:05,16.81,0,"","","",""
RW6,2170,10/22/2023 5:10,16.77,0,"","","",""
RW6,2171,10/22/2023 5:15,16.77,0,"","","",""
RW6,2172,10/22/2023 5:20,16.77,0,"","","",""
RW6,2173,10/22/2023 5:25,16.77,0,"","","",""
RW6,2174,10/22/2023 5:30,16.77,0,"","","",""
RW6,2175,10/22/2023 5:35,16.81,0,"","","",""
RW6,2176,10/22/2023 5:40,16.77,0,"","","",""
RW6,2177,10/22/2023 5:45,16.77,0,"","","",""
RW6,2178,10/22/2023 5:50,16.77,0,"","","",""
RW6,2179,10/22/2023 5:55,16.81,0,"","","",""
RW6,2180,10/22/2023 6:00,16.73,0,"","","",""
RW6,2181,10/22/2023 6:05,16.77,0,"","","",""
RW6,2182,10/22/2023 6:10,16.77,0,"","","",""
RW6,2183,10/22/2023 6:15,16.73,0,"","","",""
RW6,2184,10/22/2023 6:20,16.73,0,"","","",""
RW6,2185,10/22/2023 6:25,16.73,0,"","","",""
RW6,2186,10/22/2023 6:30,16.73,0,"","","",""
RW6,2187,10/22/2023 6:35,16.69,0,"","","",""
RW6,2188,10/22/2023 6:40,16.73,0,"","","",""
RW6,2189,10/22/2023 6:45,16.69,0.22,"","","",""
RW6,2190,10/22/2023 6:50,16.69,2.45,"","","",""
RW6,2191,10/22/2023 6:55,16.73,2.68,"","","",""
RW6,2192,10/22/2023 7:00,16.69,4.91,"","","",""
RW6,2193,10/22/2023 7:05,16.69,0.44,"","","",""
RW6,2194,10/22/2023 7:10,16.73,8.29,"","","",""
RW6,2195,10/22/2023 7:15,16.69,14.38,"","","",""
RW6,2196,10/22/2023 7:20,16.64,112.36,"","","",""
RW6,2197,10/22/2023 7:25,16.64,24.49,"","","",""
RW6,2198,10/22/2023 7:30,16.64,902.08,"","","",""
RW6,2199,10/22/2023 7:35,16.69,517.44,"","","",""
RW6,2200,10/22/2023 7:40,16.69,1908.48,"","","",""
RW6,2201,10/22/2023 7:45,16.64,18.9,"","","",""
RW6,2202,10/22/2023 7:50,16.69,412.8,"","","",""
RW6,2203,10/22/2023 7:55,16.69,9.02,"","","",""
RW6,2204,10/22/2023 8:00,16.64,541.92,"","","",""
RW6,2205,10/22/2023 8:05,16.73,494.24,"","","",""
RW6,2206,10/22/2023 8:10,16.73,148.56,"","","",""
RW6,2207,10/22/2023 8:15,16.73,5.69,"","","",""
RW6,2208,10/22/2023 8:20,16.73,2616.32,"","","",""
RW6,2209,10/22/2023 8:25,16.77,1020.48,"","","",""
RW6,2210,10/22/2023 8:30,16.77,460.16,"","","",""
RW6,2211,10/22/2023 8:35,16.81,187.52,"","","",""
RW6,2212,10/22/2023 8:40,16.81,74.06,"","","",""
RW6,2213,10/22/2023 8:45,16.86,5555.2,"","","",""
RW6,2214,10/22/2023 8:50,16.9,472.32,"","","",""
RW6,2215,10/22/2023 8:55,16.81,393.12,"","","",""
RW6,2216,10/22/2023 9:00,16.9,287.76,"","","",""
RW6,2217,10/22/2023 9:05,16.94,1527.04,"","","",""
RW6,2218,10/22/2023 9:10,16.99,1609.6,"","","",""
RW6,2219,10/22/2023 9:15,16.94,17.12,"","","",""
RW6,2220,10/22/2023 9:20,16.99,7720.96,"","","",""
RW6,2221,10/22/2023 9:25,17.07,87.12,"","","",""
RW6,2222,10/22/2023 9:30,17.11,5703.68,"","","",""
RW6,2223,10/22/2023 9:35,17.16,175.12,"","","",""
RW6,2224,10/22/2023 9:40,17.2,3639.04,"","","",""
RW6,2225,10/22/2023 9:45,17.29,4478.72,"","","",""
RW6,2226,10/22/2023 9:50,17.24,8542.72,"","","",""
RW6,2227,10/22/2023 9:55,17.2,1150.08,"","","",""
RW6,2228,10/22/2023 10:00,17.24,41.82,"","","",""
RW6,2229,10/22/2023 10:05,17.24,117.6,"","","",""
RW6,2230,10/22/2023 10:10,17.24,2762.24,"","","",""
RW6,2231,10/22/2023 10:15,17.37,276.56,"","","",""
RW6,2232,10/22/2023 10:20,17.37,258.96,"","","",""
RW6,2233,10/22/2023 10:25,17.37,10329.6,"","","",""
RW6,2234,10/22/2023 10:30,17.41,1434.88,"","","",""
RW6,2235,10/22/2023 10:35,17.41,715.84,"","","",""
RW6,2236,10/22/2023 10:40,17.46,132.92,"","","",""
RW6,2237,10/22/2023 10:45,17.63,3220.48,"","","",""
RW6,2238,10/22/2023 10:50,17.54,2237.44,"","","",""
RW6,2239,10/22/2023 10:55,17.63,17341.44,"","","",""
RW6,2240,10/22/2023 11:00,17.63,425.28,"","","",""
RW6,2241,10/22/2023 11:05,17.67,288.88,"","","",""
RW6,2242,10/22/2023 11:10,17.63,864,"","","",""
RW6,2243,10/22/2023 11:15,17.67,72.78,"","","",""
RW6,2244,10/22/2023 11:20,17.67,10521.6,"","","",""
RW6,2245,10/22/2023 11:25,17.67,679.04,"","","",""
RW6,2246,10/22/2023 11:30,17.63,400.96,"","","",""
RW6,2247,10/22/2023 11:35,17.67,11.42,"","","",""
RW6,2248,10/22/2023 11:40,17.84,608.96,"","","",""
RW6,2249,10/22/2023 11:45,17.89,4640,"","","",""
RW6,2250,10/22/2023 11:50,17.8,154.88,"","","",""
RW6,2251,10/22/2023 11:55,17.8,1520,"","","",""
RW6,2252,10/22/2023 12:00,17.89,19353.6,"","","",""
RW6,2253,10/22/2023 12:05,17.84,1917.44,"","","",""
RW6,2254,10/22/2023 12:10,17.89,18.93,"","","",""
RW6,2255,10/22/2023 12:15,17.97,11745.28,"","","",""
RW6,2256,10/22/2023 12:20,18.02,10485.76,"","","",""
RW6,2257,10/22/2023 12:25,17.89,62.78,"","","",""
RW6,2258,10/22/2023 12:30,17.97,1677.44,"","","",""
RW6,2259,10/22/2023 12:35,17.93,74.28,"","","",""
RW6,2260,10/22/2023 12:40,17.97,1501.44,"","","",""
RW6,2261,10/22/2023 12:45,17.93,2.03,"","","",""
RW6,2262,10/22/2023 12:50,17.93,1368.96,"","","",""
RW6,2263,10/22/2023 12:55,17.93,4450.56,"","","",""
RW6,2264,10/22/2023 13:00,17.93,10910.72,"","","",""
RW6,2265,10/22/2023 13:05,17.93,75.96,"","","",""
RW6,2266,10/22/2023 13:10,18.02,1833.6,"","","",""
RW6,2267,10/22/2023 13:15,18.02,920,"","","",""
RW6,2268,10/22/2023 13:20,18.06,2.68,"","","",""
RW6,2269,10/22/2023 13:25,18.02,44.84,"","","",""
RW6,2270,10/22/2023 13:30,18.1,6830.08,"","","",""
RW6,2271,10/22/2023 13:35,18.1,2369.92,"","","",""
RW6,2272,10/22/2023 13:40,18.1,325.52,"","","",""
RW6,2273,10/22/2023 13:45,18.14,8721.92,"","","",""
RW6,2274,10/22/2023 13:50,18.23,1258.24,"","","",""
RW6,2275,10/22/2023 13:55,18.27,567.84,"","","",""
RW6,2276,10/22/2023 14:00,18.19,14.32,"","","",""
RW6,2277,10/22/2023 14:05,18.19,27.76,"","","",""
RW6,2278,10/22/2023 14:10,18.23,762.24,"","","",""
RW6,2279,10/22/2023 14:15,18.32,2982.4,"","","",""
RW6,2280,10/22/2023 14:20,18.23,6574.08,"","","",""
RW6,2281,10/22/2023 14:25,18.23,480.8,"","","",""
RW6,2282,10/22/2023 14:30,18.27,8.74,"","","",""
RW6,2283,10/22/2023 14:35,18.23,372.16,"","","",""
RW6,2284,10/22/2023 14:40,18.19,36.3,"","","",""
RW6,2285,10/22/2023 14:45,18.27,152.36,"","","",""
RW6,2286,10/22/2023 14:50,18.27,17.09,"","","",""
RW6,2287,10/22/2023 14:55,18.32,665.6,"","","",""
RW6,2288,10/22/2023 15:00,18.32,41.94,"","","",""
RW6,2289,10/22/2023 15:05,18.36,1837.44,"","","",""
RW6,2290,10/22/2023 15:10,18.27,168.96,"","","",""
RW6,2291,10/22/2023 15:15,18.4,149.24,"","","",""
RW6,2292,10/22/2023 15:20,18.36,49.88,"","","",""
RW6,2293,10/22/2023 15:25,18.44,66.58,"","","",""
RW6,2294,10/22/2023 15:30,18.53,847.04,"","","",""
RW6,2295,10/22/2023 15:35,18.49,285.76,"","","",""
RW6,2296,10/22/2023 15:40,18.57,90.36,"","","",""
RW6,2297,10/22/2023 15:45,18.62,369.92,"","","",""
RW6,2298,10/22/2023 15:50,18.7,5.39,"","","",""
RW6,2299,10/22/2023 15:55,18.74,771.52,"","","",""
RW6,2300,10/22/2023 16:00,18.74,46.74,"","","",""
RW6,2301,10/22/2023 16:05,18.74,1482.24,"","","",""
RW6,2302,10/22/2023 16:10,18.7,40.88,"","","",""
RW6,2303,10/22/2023 16:15,18.7,98.96,"","","",""
RW6,2304,10/22/2023 16:20,18.7,34.63,"","","",""
RW6,2305,10/22/2023 16:25,18.74,34.57,"","","",""
RW6,2306,10/22/2023 16:30,18.87,420.48,"","","",""
RW6,2307,10/22/2023 16:35,18.92,485.6,"","","",""
RW6,2308,10/22/2023 16:40,18.92,106.12,"","","",""
RW6,2309,10/22/2023 16:45,18.96,3.12,"","","",""
RW6,2310,10/22/2023 16:50,18.92,16.39,"","","",""
RW6,2311,10/22/2023 16:55,18.87,102.36,"","","",""
RW6,2312,10/22/2023 17:00,18.92,182.4,"","","",""
RW6,2313,10/22/2023 17:05,19,3.15,"","","",""
RW6,2314,10/22/2023 17:10,19,2.23,"","","",""
RW6,2315,10/22/2023 17:15,19,411.52,"","","",""
RW6,2316,10/22/2023 17:20,19.05,6.73,"","","",""
RW6,2317,10/22/2023 17:25,19,2.01,"","","",""
RW6,2318,10/22/2023 17:30,19.09,11.89,"","","",""
RW6,2319,10/22/2023 17:35,19.09,16.42,"","","",""
RW6,2320,10/22/2023 17:40,19.09,0.89,"","","",""
RW6,2321,10/22/2023 17:45,19.09,0.22,"","","",""
RW6,2322,10/22/2023 17:50,19.13,2.01,"","","",""
RW6,2323,10/22/2023 17:55,19.13,10.08,"","","",""
RW6,2324,10/22/2023 18:00,19.13,4.04,"","","",""
RW6,2325,10/22/2023 18:05,19.13,0.89,"","","",""
RW6,2326,10/22/2023 18:10,19.13,0.44,"","","",""
RW6,2327,10/22/2023 18:15,19.13,4.91,"","","",""
RW6,2328,10/22/2023 18:20,19.17,0.44,"","","",""
RW6,2329,10/22/2023 18:25,19.17,0.67,"","","",""
RW6,2330,10/22/2023 18:30,19.17,0,"","","",""
RW6,2331,10/22/2023 18:35,19.17,0,"","","",""
RW6,2332,10/22/2023 18:40,19.13,0,"","","",""
RW6,2333,10/22/2023 18:45,19.13,0,"","","",""
RW6,2334,10/22/2023 18:50,19.13,0,"","","",""
RW6,2335,10/22/2023 18:55,19.13,0,"","","",""
RW6,2336,10/22/2023 19:00,19.13,0,"","","",""
RW6,2337,10/22/2023 19:05,19.13,0,"","","",""
RW6,2338,10/22/2023 19:10,19.13,0,"","","",""
RW6,2339,10/22/2023 19:15,19.13,0,"","","",""
RW6,2340,10/22/2023 19:20,19.13,0,"","","",""
RW6,2341,10/22/2023 19:25,19.13,0,"","","",""
RW6,2342,10/22/2023 19:30,19.09,0,"","","",""
RW6,2343,10/22/2023 19:35,19.09,0,"","","",""
RW6,2344,10/22/2023 19:40,19.09,0,"","","",""
RW6,2345,10/22/2023 19:45,19.09,0,"","","",""
RW6,2346,10/22/2023 19:50,19.05,0,"","","",""
RW6,2347,10/22/2023 19:55,19.05,0,"","","",""
RW6,2348,10/22/2023 20:00,19.09,0,"","","",""
RW6,2349,10/22/2023 20:05,19,0,"","","",""
RW6,2350,10/22/2023 20:10,19,0,"","","",""
RW6,2351,10/22/2023 20:15,19,0,"","","",""
RW6,2352,10/22/2023 20:20,18.83,0,"","","",""
RW6,2353,10/22/2023 20:25,18.57,0,"","","",""
RW6,2433,10/23/2023 3:05,16.56,0,"","","",""
RW6,2434,10/23/2023 3:10,17.07,0,"","","",""
RW6,2435,10/23/2023 3:15,16.9,0,"","","",""
RW6,2436,10/23/2023 3:20,17.2,0,"","","",""
RW6,2437,10/23/2023 3:25,17.41,0,"","","",""
RW6,2438,10/23/2023 3:30,17.54,0,"","","",""
RW6,2439,10/23/2023 3:35,17.54,0,"","","",""
RW6,2440,10/23/2023 3:40,17.54,0,"","","",""
RW6,2441,10/23/2023 3:45,17.59,0,"","","",""
RW6,2442,10/23/2023 3:50,17.54,0,"","","",""
RW6,2443,10/23/2023 3:55,17.59,0,"","","",""
RW6,2444,10/23/2023 4:00,17.59,0,"","","",""
RW6,2445,10/23/2023 4:05,17.63,0,"","","",""
RW6,2446,10/23/2023 4:10,17.63,0,"","","",""
RW6,2447,10/23/2023 4:15,17.63,0,"","","",""
RW6,2448,10/23/2023 4:20,17.59,0,"","","",""
RW6,2449,10/23/2023 4:25,17.59,0,"","","",""
RW6,2450,10/23/2023 4:30,17.59,0,"","","",""
RW6,2451,10/23/2023 4:35,17.63,0,"","","",""
RW6,2452,10/23/2023 4:40,17.59,0,"","","",""
RW6,2453,10/23/2023 4:45,17.54,0,"","","",""
RW6,2454,10/23/2023 4:50,17.54,0,"","","",""
RW6,2455,10/23/2023 4:55,17.5,0,"","","",""
RW6,2456,10/23/2023 5:00,17.5,0,"","","",""
RW6,2457,10/23/2023 5:05,17.41,0,"","","",""
RW6,2458,10/23/2023 5:10,17.37,0,"","","",""
RW6,2459,10/23/2023 5:15,17.41,0,"","","",""
RW6,2460,10/23/2023 5:20,17.37,0,"","","",""
RW6,2461,10/23/2023 5:25,17.33,0,"","","",""
RW6,2462,10/23/2023 5:30,17.33,0,"","","",""
RW6,2463,10/23/2023 5:35,17.33,0,"","","",""
RW6,2464,10/23/2023 5:40,17.29,0,"","","",""
RW6,2465,10/23/2023 5:45,17.24,0,"","","",""
RW6,2466,10/23/2023 5:50,17.24,0,"","","",""
RW6,2467,10/23/2023 5:55,17.24,0,"","","",""
RW6,2468,10/23/2023 6:00,17.16,0,"","","",""
RW6,2469,10/23/2023 6:05,17.2,0,"","","",""
RW6,2470,10/23/2023 6:10,17.16,0,"","","",""
RW6,2471,10/23/2023 6:15,17.16,0,"","","",""
RW6,2472,10/23/2023 6:20,17.11,0,"","","",""
RW6,2473,10/23/2023 6:25,17.11,0,"","","",""
RW6,2474,10/23/2023 6:30,17.07,0,"","","",""
RW6,2475,10/23/2023 6:35,17.07,0,"","","",""
RW6,2476,10/23/2023 6:40,16.99,0,"","","",""
RW6,2477,10/23/2023 6:45,16.94,0,"","","",""
RW6,2478,10/23/2023 6:50,16.99,0.22,"","","",""
RW6,2479,10/23/2023 6:55,16.99,0,"","","",""
RW6,2480,10/23/2023 7:00,16.94,0,"","","",""
RW6,2481,10/23/2023 7:05,16.94,0.89,"","","",""
RW6,2482,10/23/2023 7:10,16.99,0,"","","",""
RW6,2483,10/23/2023 7:15,16.94,2.68,"","","",""
RW6,2484,10/23/2023 7:20,16.9,2.01,"","","",""
RW6,2485,10/23/2023 7:25,16.9,2.01,"","","",""
RW6,2486,10/23/2023 7:30,16.9,17.51,"","","",""
RW6,2487,10/23/2023 7:35,16.9,46.74,"","","",""
RW6,2488,10/23/2023 7:40,16.86,0.89,"","","",""
RW6,2489,10/23/2023 7:45,16.81,0.89,"","","",""
RW6,2490,10/23/2023 7:50,16.81,42.66,"","","",""
RW6,2491,10/23/2023 7:55,16.86,0.44,"","","",""
RW6,2492,10/23/2023 8:00,16.81,0.89,"","","",""
RW6,2493,10/23/2023 8:05,16.86,1.34,"","","",""
RW6,2494,10/23/2023 8:10,16.86,5.83,"","","",""
RW6,2495,10/23/2023 8:15,16.86,1.34,"","","",""
RW6,2496,10/23/2023 8:20,16.86,10.36,"","","",""
RW6,2497,10/23/2023 8:25,16.81,5.16,"","","",""
RW6,2498,10/23/2023 8:30,16.81,34.63,"","","",""
RW6,2499,10/23/2023 8:35,16.81,13.93,"","","",""
RW6,2500,10/23/2023 8:40,16.86,30.21,"","","",""
RW6,2501,10/23/2023 8:45,16.81,1290.56,"","","",""
RW6,2502,10/23/2023 8:50,16.86,105.32,"","","",""
RW6,2503,10/23/2023 8:55,16.86,157.52,"","","",""
RW6,2504,10/23/2023 9:00,16.86,82.76,"","","",""
RW6,2505,10/23/2023 9:05,16.9,565.6,"","","",""
RW6,2506,10/23/2023 9:10,16.86,17.2,"","","",""
RW6,2507,10/23/2023 9:15,16.94,3.4,"","","",""
RW6,2508,10/23/2023 9:20,16.9,112.92,"","","",""
RW6,2509,10/23/2023 9:25,17.03,2833.92,"","","",""
RW6,2510,10/23/2023 9:30,17.03,231.36,"","","",""
RW6,2511,10/23/2023 9:35,17.03,1052.16,"","","",""
RW6,2512,10/23/2023 9:40,17.03,241.52,"","","",""
RW6,2513,10/23/2023 9:45,17.11,727.04,"","","",""
RW6,2514,10/23/2023 9:50,17.16,649.6,"","","",""
RW6,2515,10/23/2023 9:55,17.16,5834.24,"","","",""
RW6,2516,10/23/2023 10:00,17.2,106,"","","",""
RW6,2517,10/23/2023 10:05,17.29,6835.2,"","","",""
RW6,2518,10/23/2023 10:10,17.33,75.62,"","","",""
RW6,2519,10/23/2023 10:15,17.46,240.96,"","","",""
RW6,2520,10/23/2023 10:20,17.41,1720.96,"","","",""
RW6,2521,10/23/2023 10:25,17.41,87.8,"","","",""
RW6,2522,10/23/2023 10:30,17.37,145.12,"","","",""
RW6,2523,10/23/2023 10:35,17.37,475.36,"","","",""
RW6,2524,10/23/2023 10:40,17.37,1950.08,"","","",""
RW6,2525,10/23/2023 10:45,17.54,701.44,"","","",""
RW6,2526,10/23/2023 10:50,17.67,4604.16,"","","",""
RW6,2527,10/23/2023 10:55,17.54,123.08,"","","",""
RW6,2528,10/23/2023 11:00,17.54,567.52,"","","",""
RW6,2529,10/23/2023 11:05,17.8,2482.56,"","","",""
RW6,2530,10/23/2023 11:10,17.97,531.2,"","","",""
RW6,2531,10/23/2023 11:15,18.1,4143.36,"","","",""
RW6,2532,10/23/2023 11:20,18.1,414.56,"","","",""
RW6,2533,10/23/2023 11:25,18.06,4779.52,"","","",""
RW6,2534,10/23/2023 11:30,18.06,4010.24,"","","",""
RW6,2535,10/23/2023 11:35,18.06,742.08,"","","",""
RW6,2536,10/23/2023 11:40,18.1,2987.52,"","","",""
RW6,2537,10/23/2023 11:45,18.06,125,"","","",""
RW6,2538,10/23/2023 11:50,18.1,4608,"","","",""
RW6,2539,10/23/2023 11:55,18.4,6033.92,"","","",""
RW6,2540,10/23/2023 12:00,18.4,6666.24,"","","",""
RW6,2541,10/23/2023 12:05,18.36,212.64,"","","",""
RW6,2542,10/23/2023 12:10,18.53,3054.08,"","","",""
RW6,2543,10/23/2023 12:15,18.66,169.12,"","","",""
RW6,2544,10/23/2023 12:20,18.57,727.68,"","","",""
RW6,2545,10/23/2023 12:25,18.49,1102.72,"","","",""
RW6,2546,10/23/2023 12:30,18.57,2175.36,"","","",""
RW6,2547,10/23/2023 12:35,18.66,10659.84,"","","",""
RW6,2548,10/23/2023 12:40,18.57,17884.16,"","","",""
RW6,2549,10/23/2023 12:45,18.49,1971.2,"","","",""
RW6,2550,10/23/2023 12:50,18.62,592,"","","",""
RW6,2551,10/23/2023 12:55,18.66,220.8,"","","",""
RW6,2552,10/23/2023 13:00,18.74,287.28,"","","",""
RW6,2553,10/23/2023 13:05,18.87,12544,"","","",""
RW6,2554,10/23/2023 13:10,18.66,3207.68,"","","",""
RW6,2555,10/23/2023 13:15,18.57,12088.32,"","","",""
RW6,2556,10/23/2023 13:20,18.66,1886.08,"","","",""
RW6,2557,10/23/2023 13:25,18.74,1208.32,"","","",""
RW6,2558,10/23/2023 13:30,18.62,1258.24,"","","",""
RW6,2559,10/23/2023 13:35,18.49,16727.04,"","","",""
RW6,2560,10/23/2023 13:40,18.53,15790.08,"","","",""
RW6,2561,10/23/2023 13:45,18.49,19118.08,"","","",""
RW6,2562,10/23/2023 13:50,18.49,108.68,"","","",""
RW6,2563,10/23/2023 13:55,18.57,1820.16,"","","",""
RW6,2564,10/23/2023 14:00,18.62,11171.84,"","","",""
RW6,2565,10/23/2023 14:05,18.66,18232.32,"","","",""
RW6,2566,10/23/2023 14:10,18.66,9730.56,"","","",""
RW6,2567,10/23/2023 14:15,18.57,18.99,"","","",""
RW6,2568,10/23/2023 14:20,18.66,16634.88,"","","",""
RW6,2569,10/23/2023 14:25,18.74,46.08,"","","",""
RW6,2570,10/23/2023 14:30,18.79,4614.4,"","","",""
RW6,2571,10/23/2023 14:35,18.74,35.41,"","","",""
RW6,2572,10/23/2023 14:40,18.74,459.68,"","","",""
RW6,2573,10/23/2023 14:45,18.7,157.28,"","","",""
RW6,2574,10/23/2023 14:50,18.66,4889.6,"","","",""
RW6,2575,10/23/2023 14:55,18.7,9551.36,"","","",""
RW6,2576,10/23/2023 15:00,18.66,8.63,"","","",""
RW6,2577,10/23/2023 15:05,18.62,727.68,"","","",""
RW6,2578,10/23/2023 15:10,18.66,188.8,"","","",""
RW6,2579,10/23/2023 15:15,18.66,0.22,"","","",""
RW6,2580,10/23/2023 15:20,18.57,15.05,"","","",""
RW6,2581,10/23/2023 15:25,18.62,1120.64,"","","",""
RW6,2582,10/23/2023 15:30,18.62,773.44,"","","",""
RW6,2583,10/23/2023 15:35,18.53,64.9,"","","",""
RW6,2584,10/23/2023 15:40,18.49,2664.96,"","","",""
RW6,2585,10/23/2023 15:45,18.53,18.21,"","","",""
RW6,2586,10/23/2023 15:50,18.49,29.96,"","","",""
RW6,2587,10/23/2023 15:55,18.49,29.66,"","","",""
RW6,2588,10/23/2023 16:00,18.49,942.72,"","","",""
RW6,2589,10/23/2023 16:05,18.36,61.22,"","","",""
RW6,2590,10/23/2023 16:10,18.32,28.32,"","","",""
RW6,2591,10/23/2023 16:15,18.32,37.5,"","","",""
RW6,2592,10/23/2023 16:20,18.32,329.12,"","","",""
RW6,2593,10/23/2023 16:25,18.32,2.26,"","","",""
RW6,2594,10/23/2023 16:30,18.27,16.25,"","","",""
RW6,2595,10/23/2023 16:35,18.27,2.45,"","","",""
RW6,2596,10/23/2023 16:40,18.19,1.11,"","","",""
RW6,2597,10/23/2023 16:45,18.14,1.11,"","","",""
RW6,2598,10/23/2023 16:50,18.1,0.89,"","","",""
RW6,2599,10/23/2023 16:55,18.06,2.01,"","","",""
RW6,2600,10/23/2023 17:00,18.02,445.44,"","","",""
RW6,2601,10/23/2023 17:05,18.06,8.76,"","","",""
RW6,2602,10/23/2023 17:10,18.02,0,"","","",""
RW6,2603,10/23/2023 17:15,17.97,0,"","","",""
RW6,2604,10/23/2023 17:20,17.97,102.36,"","","",""
RW6,2605,10/23/2023 17:25,17.89,3.35,"","","",""
RW6,2606,10/23/2023 17:30,17.89,0,"","","",""
RW6,2607,10/23/2023 17:35,17.84,2.01,"","","",""
RW6,2608,10/23/2023 17:40,17.8,155.36,"","","",""
RW6,2609,10/23/2023 17:45,17.8,42.22,"","","",""
RW6,2610,10/23/2023 17:50,17.76,0,"","","",""
RW6,2611,10/23/2023 17:55,17.76,0,"","","",""
RW6,2612,10/23/2023 18:00,17.76,0.44,"","","",""
RW6,2613,10/23/2023 18:05,17.72,0,"","","",""
RW6,2614,10/23/2023 18:10,17.76,43.56,"","","",""
RW6,2615,10/23/2023 18:15,17.67,0,"","","",""
RW6,2616,10/23/2023 18:20,17.72,0,"","","",""
RW6,2617,10/23/2023 18:25,17.63,0,"","","",""
RW6,2618,10/23/2023 18:30,17.63,0,"","","",""
RW6,2619,10/23/2023 18:35,17.59,0,"","","",""
RW6,2620,10/23/2023 18:40,17.63,0,"","","",""
RW6,2621,10/23/2023 18:45,17.63,0,"","","",""
RW6,2622,10/23/2023 18:50,17.59,0,"","","",""
RW6,2623,10/23/2023 18:55,17.59,0,"","","",""
RW6,2624,10/23/2023 19:00,17.59,0,"","","",""
RW6,2625,10/23/2023 19:05,17.59,0,"","","",""
RW6,2626,10/23/2023 19:10,17.59,0,"","","",""
RW6,2627,10/23/2023 19:15,17.63,0,"","","",""
RW6,2628,10/23/2023 19:20,17.59,0,"","","",""
RW6,2629,10/23/2023 19:25,17.59,0,"","","",""
RW6,2630,10/23/2023 19:30,17.54,0,"","","",""
RW6,2631,10/23/2023 19:35,17.59,0,"","","",""
RW6,2632,10/23/2023 19:40,17.59,0,"","","",""
RW6,2633,10/23/2023 19:45,17.54,0,"","","",""
RW6,2634,10/23/2023 19:50,17.63,0,"","","",""
RW6,2635,10/23/2023 19:55,17.54,0,"","","",""
RW6,2636,10/23/2023 20:00,17.63,0,"","","",""
RW6,2637,10/23/2023 20:05,17.63,0,"","","",""
RW6,2638,10/23/2023 20:10,17.59,0,"","","",""
RW6,2639,10/23/2023 20:15,17.59,0,"","","",""
RW6,2640,10/23/2023 20:20,17.59,0,"","","",""
RW6,2641,10/23/2023 20:25,17.59,0,"","","",""
RW6,2642,10/23/2023 20:30,17.59,0,"","","",""
RW6,2643,10/23/2023 20:35,17.63,0,"","","",""
RW6,2644,10/23/2023 20:40,17.59,0,"","","",""
RW6,2645,10/23/2023 20:45,17.59,0,"","","",""
RW6,2646,10/23/2023 20:50,17.54,0,"","","",""
RW6,2647,10/23/2023 20:55,17.54,0,"","","",""
RW6,2648,10/23/2023 21:00,17.54,0,"","","",""
RW6,2649,10/23/2023 21:05,17.54,0,"","","",""
RW6,2650,10/23/2023 21:10,17.5,0,"","","",""
RW6,2651,10/23/2023 21:15,17.37,0,"","","",""
RW6,2652,10/23/2023 21:20,17.16,0,"","","",""
RW6,2728,10/24/2023 3:40,14.07,0,"","","",""
RW6,2729,10/24/2023 3:45,14.58,0,"","","",""
RW6,2730,10/24/2023 3:50,16.39,0,"","","",""
RW6,2731,10/24/2023 3:55,16.9,0,"","","",""
RW6,2732,10/24/2023 4:00,17.2,0,"","","",""
RW6,2733,10/24/2023 4:05,17.37,0,"","","",""
RW6,2734,10/24/2023 4:10,17.37,0,"","","",""
RW6,2735,10/24/2023 4:15,17.41,0,"","","",""
RW6,2736,10/24/2023 4:20,17.46,0,"","","",""
RW6,2737,10/24/2023 4:25,17.5,0,"","","",""
RW6,2738,10/24/2023 4:30,17.5,0,"","","",""
RW6,2739,10/24/2023 4:35,17.46,0,"","","",""
RW6,2740,10/24/2023 4:40,17.46,0,"","","",""
RW6,2741,10/24/2023 4:45,17.46,0,"","","",""
RW6,2742,10/24/2023 4:50,17.46,0,"","","",""
RW6,2743,10/24/2023 4:55,17.5,0,"","","",""
RW6,2744,10/24/2023 5:00,17.46,0,"","","",""
RW6,2745,10/24/2023 5:05,17.54,0,"","","",""
RW6,2746,10/24/2023 5:10,17.5,0,"","","",""
RW6,2747,10/24/2023 5:15,17.46,0,"","","",""
RW6,2748,10/24/2023 5:20,17.5,0,"","","",""
RW6,2749,10/24/2023 5:25,17.5,0,"","","",""
RW6,2750,10/24/2023 5:30,17.54,0,"","","",""
RW6,2751,10/24/2023 5:35,17.5,0,"","","",""
RW6,2752,10/24/2023 5:40,17.54,0,"","","",""
RW6,2753,10/24/2023 5:45,17.5,0,"","","",""
RW6,2754,10/24/2023 5:50,17.5,0,"","","",""
RW6,2755,10/24/2023 5:55,17.5,0,"","","",""
RW6,2756,10/24/2023 6:00,17.54,0,"","","",""
RW6,2757,10/24/2023 6:05,17.54,0,"","","",""
RW6,2758,10/24/2023 6:10,17.5,0,"","","",""
RW6,2759,10/24/2023 6:15,17.5,0,"","","",""
RW6,2760,10/24/2023 6:20,17.5,0,"","","",""
RW6,2761,10/24/2023 6:25,17.5,0,"","","",""
RW6,2762,10/24/2023 6:30,17.5,0,"","","",""
RW6,2763,10/24/2023 6:35,17.5,0,"","","",""
RW6,2764,10/24/2023 6:40,17.54,0,"","","",""
RW6,2765,10/24/2023 6:45,17.54,0,"","","",""
RW6,2766,10/24/2023 6:50,17.54,0,"","","",""
RW6,2767,10/24/2023 6:55,17.5,0,"","","",""
RW6,2768,10/24/2023 7:00,17.5,0,"","","",""
RW6,2769,10/24/2023 7:05,17.54,6.03,"","","",""
RW6,2770,10/24/2023 7:10,17.54,11.64,"","","",""
RW6,2771,10/24/2023 7:15,17.54,0.22,"","","",""
RW6,2772,10/24/2023 7:20,17.5,26.47,"","","",""
RW6,2773,10/24/2023 7:25,17.54,1.56,"","","",""
RW6,2774,10/24/2023 7:30,17.59,2.68,"","","",""
RW6,2775,10/24/2023 7:35,17.54,0,"","","",""
RW6,2776,10/24/2023 7:40,17.54,38.2,"","","",""
RW6,2777,10/24/2023 7:45,17.59,414.24,"","","",""
RW6,2778,10/24/2023 7:50,17.63,2.45,"","","",""
RW6,2779,10/24/2023 7:55,17.59,4.69,"","","",""
RW6,2780,10/24/2023 8:00,17.59,441.92,"","","",""
RW6,2781,10/24/2023 8:05,17.63,0,"","","",""
RW6,2782,10/24/2023 8:10,17.59,15.72,"","","",""
RW6,2783,10/24/2023 8:15,17.63,48.14,"","","",""
RW6,2784,10/24/2023 8:20,17.63,18.74,"","","",""
RW6,2785,10/24/2023 8:25,17.63,37.76,"","","",""
RW6,2786,10/24/2023 8:30,17.63,3.57,"","","",""
RW6,2787,10/24/2023 8:35,17.67,7.48,"","","",""
RW6,2788,10/24/2023 8:40,17.67,79.98,"","","",""
RW6,2789,10/24/2023 8:45,17.67,454.88,"","","",""
RW6,2790,10/24/2023 8:50,17.67,46.8,"","","",""
RW6,2791,10/24/2023 8:55,17.76,3311.36,"","","",""
RW6,2792,10/24/2023 9:00,17.76,6.08,"","","",""
RW6,2793,10/24/2023 9:05,17.76,16.08,"","","",""
RW6,2794,10/24/2023 9:10,17.8,56.24,"","","",""
RW6,2795,10/24/2023 9:15,17.8,458.4,"","","",""
RW6,2796,10/24/2023 9:20,17.8,2157.44,"","","",""
RW6,2797,10/24/2023 9:25,17.84,22.31,"","","",""
RW6,2798,10/24/2023 9:30,17.8,15.5,"","","",""
RW6,2799,10/24/2023 9:35,17.93,1532.16,"","","",""
RW6,2800,10/24/2023 9:40,17.97,3165.44,"","","",""
RW6,2801,10/24/2023 9:45,17.89,11.06,"","","",""
RW6,2802,10/24/2023 9:50,18.02,145.2,"","","",""
RW6,2803,10/24/2023 9:55,18.02,190.56,"","","",""
RW6,2804,10/24/2023 10:00,17.97,9794.56,"","","",""
RW6,2805,10/24/2023 10:05,17.97,21.81,"","","",""
RW6,2806,10/24/2023 10:10,17.97,2076.8,"","","",""
RW6,2807,10/24/2023 10:15,17.97,20.8,"","","",""
RW6,2808,10/24/2023 10:20,18.02,2318.08,"","","",""
RW6,2809,10/24/2023 10:25,18.02,17.14,"","","",""
RW6,2810,10/24/2023 10:30,18.23,3737.6,"","","",""
RW6,2811,10/24/2023 10:35,18.23,423.84,"","","",""
RW6,2812,10/24/2023 10:40,18.27,384.64,"","","",""
RW6,2813,10/24/2023 10:45,18.49,832.96,"","","",""
RW6,2814,10/24/2023 10:50,18.49,152.6,"","","",""
RW6,2815,10/24/2023 10:55,18.53,6036.48,"","","",""
RW6,2816,10/24/2023 11:00,18.62,321.52,"","","",""
RW6,2817,10/24/2023 11:05,18.87,5086.72,"","","",""
RW6,2818,10/24/2023 11:10,19.3,872.64,"","","",""
RW6,2819,10/24/2023 11:15,19.39,5086.72,"","","",""
RW6,2820,10/24/2023 11:20,19.6,45342.72,"","","",""
RW6,2821,10/24/2023 11:25,19.9,22671.36,"","","",""
RW6,2822,10/24/2023 11:30,19.77,6161.92,"","","",""
RW6,2823,10/24/2023 11:35,21.32,6937.6,"","","",""
RW6,2850,10/24/2023 13:50,27.84,5317.12,"","","",""
RW6,2851,10/24/2023 13:55,28.78,5150.72,"","","",""
RW6,2852,10/24/2023 14:00,27.58,4911.36,"","","",""
RW6,2853,10/24/2023 14:05,24.32,1537.92,"","","",""
RW6,2854,10/24/2023 14:10,23.42,6223.36,"","","",""
RW6,2855,10/24/2023 14:15,23.46,6248.96,"","","",""
RW6,2856,10/24/2023 14:20,21.45,2053.76,"","","",""
RW6,2857,10/24/2023 14:25,21.28,4646.4,"","","",""
RW6,2858,10/24/2023 14:30,20.72,546.88,"","","",""
RW6,2859,10/24/2023 14:35,20.55,12994.56,"","","",""
RW6,2860,10/24/2023 14:40,20.76,37918.72,"","","",""
RW6,2861,10/24/2023 14:45,20.29,2541.44,"","","",""
RW6,2862,10/24/2023 14:50,20.29,211.76,"","","",""
RW6,2863,10/24/2023 14:55,19.99,3706.88,"","","",""
RW6,2864,10/24/2023 15:00,20.03,3284.48,"","","",""
RW6,2865,10/24/2023 15:05,19.95,3417.6,"","","",""
RW6,2866,10/24/2023 15:10,19.95,1907.2,"","","",""
RW6,2867,10/24/2023 15:15,19.95,453.44,"","","",""
RW6,2868,10/24/2023 15:20,19.95,82.08,"","","",""
RW6,2869,10/24/2023 15:25,19.86,84.76,"","","",""
RW6,2870,10/24/2023 15:30,19.82,100.76,"","","",""
RW6,2871,10/24/2023 15:35,19.77,533.92,"","","",""
RW6,2872,10/24/2023 15:40,19.69,876.48,"","","",""
RW6,2873,10/24/2023 15:45,19.73,309.68,"","","",""
RW6,2874,10/24/2023 15:50,19.73,9057.28,"","","",""
RW6,2875,10/24/2023 15:55,19.73,60.48,"","","",""
RW6,2876,10/24/2023 16:00,19.73,1644.16,"","","",""
RW6,2877,10/24/2023 16:05,19.73,2164.48,"","","",""
RW6,2878,10/24/2023 16:10,19.73,1089.92,"","","",""
RW6,2879,10/24/2023 16:15,19.69,116.16,"","","",""
RW6,2880,10/24/2023 16:20,19.65,7.26,"","","",""
RW6,2881,10/24/2023 16:25,19.6,2.7,"","","",""
RW6,2882,10/24/2023 16:30,19.52,246.4,"","","",""
RW6,2883,10/24/2023 16:35,19.47,33.29,"","","",""
RW6,2884,10/24/2023 16:40,19.43,1.11,"","","",""
RW6,2885,10/24/2023 16:45,19.43,46.64,"","","",""
RW6,2886,10/24/2023 16:50,19.47,126.68,"","","",""
RW6,2887,10/24/2023 16:55,19.47,26.95,"","","",""
RW6,2888,10/24/2023 17:00,19.47,4.74,"","","",""
RW6,2889,10/24/2023 17:05,19.47,498.56,"","","",""
RW6,2890,10/24/2023 17:10,19.47,169.76,"","","",""
RW6,2891,10/24/2023 17:15,19.47,6.5,"","","",""
RW6,2892,10/24/2023 17:20,19.43,17.31,"","","",""
RW6,2893,10/24/2023 17:25,19.39,537.12,"","","",""
RW6,2894,10/24/2023 17:30,19.43,369.92,"","","",""
RW6,2895,10/24/2023 17:35,19.3,0,"","","",""
RW6,2896,10/24/2023 17:40,19.35,6.06,"","","",""
RW6,2897,10/24/2023 17:45,19.35,15.47,"","","",""
RW6,2898,10/24/2023 17:50,19.39,156.28,"","","",""
RW6,2899,10/24/2023 17:55,19.3,6.7,"","","",""
RW6,2900,10/24/2023 18:00,19.26,0,"","","",""
RW6,2901,10/24/2023 18:05,19.3,0,"","","",""
RW6,2902,10/24/2023 18:10,19.26,6.7,"","","",""
RW6,2903,10/24/2023 18:15,19.26,9.18,"","","",""
RW6,2904,10/24/2023 18:20,19.26,4.91,"","","",""
RW6,2905,10/24/2023 18:25,19.26,0,"","","",""
RW6,2906,10/24/2023 18:30,19.17,0,"","","",""
RW6,2907,10/24/2023 18:35,19.22,0,"","","",""
RW6,2908,10/24/2023 18:40,19.17,0,"","","",""
RW6,2909,10/24/2023 18:45,19.22,0,"","","",""
RW6,2910,10/24/2023 18:50,19.17,0,"","","",""
RW6,2911,10/24/2023 18:55,19.17,0,"","","",""
RW6,2912,10/24/2023 19:00,19.17,0,"","","",""
RW6,2913,10/24/2023 19:05,19.17,0,"","","",""
RW6,2914,10/24/2023 19:10,19.17,0,"","","",""
RW6,2915,10/24/2023 19:15,19.17,0,"","","",""
RW6,2916,10/24/2023 19:20,19.09,0,"","","",""
RW6,2917,10/24/2023 19:25,19.13,0,"","","",""
RW6,2918,10/24/2023 19:30,19.09,0,"","","",""
RW6,2919,10/24/2023 19:35,19.09,0,"","","",""
RW6,2920,10/24/2023 19:40,19.09,0,"","","",""
RW6,2921,10/24/2023 19:45,19.09,0,"","","",""
RW6,2922,10/24/2023 19:50,19.09,0,"","","",""
RW6,2923,10/24/2023 19:55,19.09,0,"","","",""
RW6,2924,10/24/2023 20:00,19.05,0,"","","",""
RW6,2925,10/24/2023 20:05,19.09,0,"","","",""
RW6,2926,10/24/2023 20:10,19.09,0,"","","",""
RW6,2927,10/24/2023 20:15,19.13,0,"","","",""
RW6,2928,10/24/2023 20:20,19.09,0,"","","",""
RW6,2929,10/24/2023 20:25,19.09,0,"","","",""
RW6,2930,10/24/2023 20:30,19.09,0,"","","",""
RW6,2931,10/24/2023 20:35,19.09,0,"","","",""
RW6,2932,10/24/2023 20:40,19.09,0,"","","",""
RW6,2933,10/24/2023 20:45,19.09,0,"","","",""
RW6,2934,10/24/2023 20:50,19.05,0,"","","",""
RW6,2935,10/24/2023 20:55,19.09,0,"","","",""
RW6,2936,10/24/2023 21:00,19.05,0,"","","",""
RW6,2937,10/24/2023 21:05,19.09,0,"","","",""
RW6,2938,10/24/2023 21:10,19.05,0,"","","",""
RW6,2939,10/24/2023 21:15,19.05,0,"","","",""
RW6,2940,10/24/2023 21:20,19.05,0,"","","",""
RW6,2941,10/24/2023 21:25,19,0,"","","",""
RW6,2942,10/24/2023 21:30,19,0,"","","",""
RW6,2943,10/24/2023 21:35,19.09,0,"","","",""
RW6,2944,10/24/2023 21:40,19.05,0,"","","",""
RW6,2945,10/24/2023 21:45,19.05,0,"","","",""
RW6,2946,10/24/2023 21:50,19,0,"","","",""
RW6,2947,10/24/2023 21:55,19,0,"","","",""
RW6,2948,10/24/2023 22:00,18.87,0,"","","",""
RW6,2949,10/24/2023 22:05,18.87,0,"","","",""
RW6,2950,10/24/2023 22:10,18.79,0,"","","",""
RW6,2951,10/24/2023 22:15,18.83,0,"","","",""
RW6,3022,10/25/2023 4:10,17.59,0,"","","",""
RW6,3023,10/25/2023 4:15,17.59,0,"","","",""
RW6,3024,10/25/2023 4:20,17.63,0,"","","",""
RW6,3025,10/25/2023 4:25,18.27,0,"","","",""
RW6,3026,10/25/2023 4:30,18.7,0,"","","",""
RW6,3027,10/25/2023 4:35,18.92,0,"","","",""
RW6,3028,10/25/2023 4:40,19,0,"","","",""
RW6,3029,10/25/2023 4:45,19.05,0,"","","",""
RW6,3030,10/25/2023 4:50,19.09,0,"","","",""
RW6,3031,10/25/2023 4:55,19.13,0,"","","",""
RW6,3032,10/25/2023 5:00,19.17,0,"","","",""
RW6,3033,10/25/2023 5:05,19.22,0,"","","",""
RW6,3034,10/25/2023 5:10,19.17,0,"","","",""
RW6,3035,10/25/2023 5:15,19.17,0,"","","",""
RW6,3036,10/25/2023 5:20,19.13,0,"","","",""
RW6,3037,10/25/2023 5:25,19.17,0,"","","",""
RW6,3038,10/25/2023 5:30,19.17,0,"","","",""
RW6,3039,10/25/2023 5:35,19.17,0,"","","",""
RW6,3040,10/25/2023 5:40,19.17,0,"","","",""
RW6,3041,10/25/2023 5:45,19.17,0,"","","",""
RW6,3042,10/25/2023 5:50,19.17,0,"","","",""
RW6,3043,10/25/2023 5:55,19.22,0,"","","",""
RW6,3044,10/25/2023 6:00,19.13,0,"","","",""
RW6,3045,10/25/2023 6:05,19.17,0,"","","",""
RW6,3046,10/25/2023 6:10,19.22,0,"","","",""
RW6,3047,10/25/2023 6:15,19.22,0,"","","",""
RW6,3048,10/25/2023 6:20,19.22,0,"","","",""
RW6,3049,10/25/2023 6:25,19.3,0,"","","",""
RW6,3050,10/25/2023 6:30,19.22,0,"","","",""
RW6,3051,10/25/2023 6:35,19.26,0,"","","",""
RW6,3052,10/25/2023 6:40,19.22,0,"","","",""
RW6,3053,10/25/2023 6:45,19.26,0,"","","",""
RW6,3054,10/25/2023 6:50,19.26,0,"","","",""
RW6,3055,10/25/2023 6:55,19.17,0,"","","",""
RW6,3056,10/25/2023 7:00,19.22,0,"","","",""
RW6,3057,10/25/2023 7:05,19.22,0,"","","",""
RW6,3058,10/25/2023 7:10,19.26,0.22,"","","",""
RW6,3059,10/25/2023 7:15,19.26,0,"","","",""
RW6,3060,10/25/2023 7:20,19.26,0,"","","",""
RW6,3061,10/25/2023 7:25,19.26,0.22,"","","",""
RW6,3062,10/25/2023 7:30,19.22,47.58,"","","",""
RW6,3063,10/25/2023 7:35,19.22,91.6,"","","",""
RW6,3064,10/25/2023 7:40,19.26,3.35,"","","",""
RW6,3065,10/25/2023 7:45,19.22,2.9,"","","",""
RW6,3066,10/25/2023 7:50,19.22,10.97,"","","",""
RW6,3067,10/25/2023 7:55,19.26,14.57,"","","",""
RW6,3068,10/25/2023 8:00,19.26,10.78,"","","",""
RW6,3069,10/25/2023 8:05,19.26,8.29,"","","",""
RW6,3070,10/25/2023 8:10,19.26,0,"","","",""
RW6,3071,10/25/2023 8:15,19.26,3.37,"","","",""
RW6,3072,10/25/2023 8:20,19.3,82.16,"","","",""
RW6,3073,10/25/2023 8:25,19.26,52.06,"","","",""
RW6,3074,10/25/2023 8:30,19.35,131.12,"","","",""
RW6,3075,10/25/2023 8:35,19.3,26.92,"","","",""
RW6,3076,10/25/2023 8:40,19.3,2.23,"","","",""
RW6,3077,10/25/2023 8:45,19.3,41.78,"","","",""
RW6,3078,10/25/2023 8:50,19.3,727.36,"","","",""
RW6,3079,10/25/2023 8:55,19.26,0.22,"","","",""
RW6,3080,10/25/2023 9:00,19.26,473.6,"","","",""
RW6,3081,10/25/2023 9:05,19.3,726.08,"","","",""
RW6,3082,10/25/2023 9:10,19.3,31,"","","",""
RW6,3083,10/25/2023 9:15,19.3,8.12,"","","",""
RW6,3084,10/25/2023 9:20,19.3,157.4,"","","",""
RW6,3085,10/25/2023 9:25,19.3,388.32,"","","",""
RW6,3086,10/25/2023 9:30,19.3,425.76,"","","",""
RW6,3087,10/25/2023 9:35,19.35,19.38,"","","",""
RW6,3088,10/25/2023 9:40,19.35,467.36,"","","",""
RW6,3089,10/25/2023 9:45,19.35,260.96,"","","",""
RW6,3090,10/25/2023 9:50,19.35,1390.08,"","","",""
RW6,3091,10/25/2023 9:55,19.3,106.32,"","","",""
RW6,3092,10/25/2023 10:00,19.35,27.59,"","","",""
RW6,3093,10/25/2023 10:05,19.35,15.72,"","","",""
RW6,3094,10/25/2023 10:10,19.39,183.6,"","","",""
RW6,3095,10/25/2023 10:15,19.35,1331.2,"","","",""
RW6,3096,10/25/2023 10:20,19.43,1123.2,"","","",""
RW6,3097,10/25/2023 10:25,19.39,601.92,"","","",""
RW6,3098,10/25/2023 10:30,19.39,1066.88,"","","",""
RW6,3099,10/25/2023 10:35,19.39,147.68,"","","",""
RW6,3100,10/25/2023 10:40,19.43,3668.48,"","","",""
RW6,3101,10/25/2023 10:45,19.43,66.18,"","","",""
RW6,3102,10/25/2023 10:50,19.43,989.12,"","","",""
RW6,3103,10/25/2023 10:55,19.47,255.04,"","","",""
RW6,3104,10/25/2023 11:00,19.56,596,"","","",""
RW6,3105,10/25/2023 11:05,19.65,474.56,"","","",""
RW6,3106,10/25/2023 11:10,19.69,312.8,"","","",""
RW6,3107,10/25/2023 11:15,19.9,353.92,"","","",""
RW6,3108,10/25/2023 11:20,20.03,363.84,"","","",""
RW6,3163,10/25/2023 15:55,22.95,930.24,"","","",""
RW6,3164,10/25/2023 16:00,22.13,379.52,"","","",""
RW6,3165,10/25/2023 16:05,21.23,448.96,"","","",""
RW6,3166,10/25/2023 16:10,21.06,2200.32,"","","",""
RW6,3167,10/25/2023 16:15,20.85,3059.2,"","","",""
RW6,3168,10/25/2023 16:20,20.8,2679.04,"","","",""
RW6,3169,10/25/2023 16:25,20.68,1351.68,"","","",""
RW6,3170,10/25/2023 16:30,20.55,1132.16,"","","",""
RW6,3171,10/25/2023 16:35,20.46,1876.48,"","","",""
RW6,3172,10/25/2023 16:40,20.37,453.44,"","","",""
RW6,3173,10/25/2023 16:45,20.33,9180.16,"","","",""
RW6,3174,10/25/2023 16:50,20.33,94.96,"","","",""
RW6,3175,10/25/2023 16:55,20.25,3156.48,"","","",""
RW6,3176,10/25/2023 17:00,20.33,5713.92,"","","",""
RW6,3177,10/25/2023 17:05,20.29,7.31,"","","",""
RW6,3178,10/25/2023 17:10,20.29,6.75,"","","",""
RW6,3179,10/25/2023 17:15,20.29,104.44,"","","",""
RW6,3180,10/25/2023 17:20,20.2,124.08,"","","",""
RW6,3181,10/25/2023 17:25,20.2,248.88,"","","",""
RW6,3182,10/25/2023 17:30,20.2,5.61,"","","",""
RW6,3183,10/25/2023 17:35,20.25,80.88,"","","",""
RW6,3184,10/25/2023 17:40,20.25,2.68,"","","",""
RW6,3185,10/25/2023 17:45,20.25,66.9,"","","",""
RW6,3186,10/25/2023 17:50,20.16,0.22,"","","",""
RW6,3187,10/25/2023 17:55,20.2,2.45,"","","",""
RW6,3188,10/25/2023 18:00,20.2,1.11,"","","",""
RW6,3189,10/25/2023 18:05,20.16,0,"","","",""
RW6,3190,10/25/2023 18:10,20.16,0,"","","",""
RW6,3191,10/25/2023 18:15,20.16,0,"","","",""
RW6,3192,10/25/2023 18:20,20.16,0,"","","",""
RW6,3193,10/25/2023 18:25,20.12,0,"","","",""
RW6,3194,10/25/2023 18:30,20.16,0,"","","",""
RW6,3195,10/25/2023 18:35,20.16,0,"","","",""
RW6,3196,10/25/2023 18:40,20.12,0,"","","",""
RW6,3197,10/25/2023 18:45,20.07,0,"","","",""
RW6,3198,10/25/2023 18:50,20.12,0,"","","",""
RW6,3199,10/25/2023 18:55,20.07,0,"","","",""
RW6,3200,10/25/2023 19:00,20.07,0,"","","",""
RW6,3201,10/25/2023 19:05,20.03,0,"","","",""
RW6,3202,10/25/2023 19:10,20.07,0,"","","",""
RW6,3203,10/25/2023 19:15,20.07,0,"","","",""
RW6,3204,10/25/2023 19:20,20.07,0,"","","",""
RW6,3205,10/25/2023 19:25,20.12,0,"","","",""
RW6,3206,10/25/2023 19:30,20.12,0,"","","",""
RW6,3207,10/25/2023 19:35,20.03,0,"","","",""
RW6,3208,10/25/2023 19:40,20.07,0,"","","",""
RW6,3209,10/25/2023 19:45,20.07,0,"","","",""
RW6,3210,10/25/2023 19:50,20.07,0,"","","",""
RW6,3211,10/25/2023 19:55,20.03,0,"","","",""
RW6,3212,10/25/2023 20:00,20.03,0,"","","",""
RW6,3213,10/25/2023 20:05,19.99,0,"","","",""
RW6,3214,10/25/2023 20:10,19.99,0,"","","",""
RW6,3215,10/25/2023 20:15,19.99,0,"","","",""
RW6,3216,10/25/2023 20:20,19.99,0,"","","",""
RW6,3217,10/25/2023 20:25,19.99,0,"","","",""
RW6,3218,10/25/2023 20:30,20.03,0,"","","",""
RW6,3219,10/25/2023 20:35,19.99,0,"","","",""
RW6,3220,10/25/2023 20:40,19.99,0,"","","",""
RW6,3221,10/25/2023 20:45,19.99,0,"","","",""
RW6,3222,10/25/2023 20:50,19.99,0,"","","",""
RW6,3223,10/25/2023 20:55,19.95,0,"","","",""
RW6,3224,10/25/2023 21:00,19.99,0,"","","",""
RW6,3225,10/25/2023 21:05,19.99,0,"","","",""
RW6,3226,10/25/2023 21:10,19.95,0,"","","",""
RW6,3227,10/25/2023 21:15,19.9,0,"","","",""
RW6,3228,10/25/2023 21:20,19.95,0,"","","",""
RW6,3229,10/25/2023 21:25,19.9,0,"","","",""
RW6,3230,10/25/2023 21:30,19.9,0,"","","",""
RW6,3231,10/25/2023 21:35,19.95,0,"","","",""
RW6,3232,10/25/2023 21:40,19.95,0,"","","",""
RW6,3233,10/25/2023 21:45,19.9,0,"","","",""
RW6,3234,10/25/2023 21:50,19.9,0,"","","",""
RW6,3235,10/25/2023 21:55,19.9,0,"","","",""
RW6,3236,10/25/2023 22:00,19.9,0,"","","",""
RW6,3237,10/25/2023 22:05,19.82,0,"","","",""
RW6,3238,10/25/2023 22:10,19.86,0,"","","",""
RW6,3239,10/25/2023 22:15,19.86,0,"","","",""
RW6,3240,10/25/2023 22:20,19.77,0,"","","",""
RW6,3241,10/25/2023 22:25,19.82,0,"","","",""
RW6,3242,10/25/2023 22:30,19.69,0,"","","",""
RW6,3243,10/25/2023 22:35,19.69,0,"","","",""
RW6,3244,10/25/2023 22:40,19.35,0,"","","",""
RW6,3245,10/25/2023 22:45,18.32,0,"","","",""
RW6,3246,10/25/2023 22:50,17.5,0,"","","",""
RW6,3316,10/26/2023 4:40,16.47,0,"","","",""
RW6,3317,10/26/2023 4:45,16.56,0,"","","",""
RW6,3318,10/26/2023 4:50,17.07,0,"","","",""
RW6,3319,10/26/2023 4:55,18.57,0,"","","",""
RW6,3320,10/26/2023 5:00,18.92,0,"","","",""
RW6,3321,10/26/2023 5:05,19.17,0,"","","",""
RW6,3322,10/26/2023 5:10,19.22,0,"","","",""
RW6,3323,10/26/2023 5:15,19.26,0,"","","",""
RW6,3324,10/26/2023 5:20,19.35,0,"","","",""
RW6,3325,10/26/2023 5:25,19.47,0,"","","",""
RW6,3326,10/26/2023 5:30,19.47,0,"","","",""
RW6,3327,10/26/2023 5:35,19.47,0,"","","",""
RW6,3328,10/26/2023 5:40,19.43,0,"","","",""
RW6,3329,10/26/2023 5:45,19.52,0,"","","",""
RW6,3330,10/26/2023 5:50,19.52,0,"","","",""
RW6,3331,10/26/2023 5:55,19.47,0,"","","",""
RW6,3332,10/26/2023 6:00,19.52,0,"","","",""
RW6,3333,10/26/2023 6:05,19.47,0,"","","",""
RW6,3334,10/26/2023 6:10,19.47,0,"","","",""
RW6,3335,10/26/2023 6:15,19.47,0,"","","",""
RW6,3336,10/26/2023 6:20,19.47,0,"","","",""
RW6,3337,10/26/2023 6:25,19.52,0,"","","",""
RW6,3338,10/26/2023 6:30,19.52,0,"","","",""
RW6,3339,10/26/2023 6:35,19.52,0,"","","",""
RW6,3340,10/26/2023 6:40,19.47,0,"","","",""
RW6,3341,10/26/2023 6:45,19.52,0,"","","",""
RW6,3342,10/26/2023 6:50,19.47,0,"","","",""
RW6,3343,10/26/2023 6:55,19.47,0,"","","",""
RW6,3344,10/26/2023 7:00,19.43,0.44,"","","",""
RW6,3345,10/26/2023 7:05,19.47,4.69,"","","",""
RW6,3346,10/26/2023 7:10,19.43,0.67,"","","",""
RW6,3347,10/26/2023 7:15,19.43,0,"","","",""
RW6,3348,10/26/2023 7:20,19.43,45.8,"","","",""
RW6,3349,10/26/2023 7:25,19.47,1.56,"","","",""
RW6,3350,10/26/2023 7:30,19.43,103.2,"","","",""
RW6,3351,10/26/2023 7:35,19.43,28.04,"","","",""
RW6,3352,10/26/2023 7:40,19.43,31.39,"","","",""
RW6,3353,10/26/2023 7:45,19.43,15.72,"","","",""
RW6,3354,10/26/2023 7:50,19.47,2.23,"","","",""
RW6,3355,10/26/2023 7:55,19.43,452.64,"","","",""
RW6,3356,10/26/2023 8:00,19.43,59.32,"","","",""
RW6,3357,10/26/2023 8:05,19.43,35.52,"","","",""
RW6,3358,10/26/2023 8:10,19.35,135.6,"","","",""
RW6,3359,10/26/2023 8:15,19.35,11,"","","",""
RW6,3360,10/26/2023 8:20,19.35,112.24,"","","",""
RW6,3361,10/26/2023 8:25,19.35,14.16,"","","",""
RW6,3362,10/26/2023 8:30,19.39,2.01,"","","",""
RW6,3363,10/26/2023 8:35,19.26,180.64,"","","",""
RW6,3364,10/26/2023 8:40,19.39,755.52,"","","",""
RW6,3365,10/26/2023 8:45,19.35,12.76,"","","",""
RW6,3366,10/26/2023 8:50,19.39,337.12,"","","",""
RW6,3367,10/26/2023 8:55,19.35,43.56,"","","",""
RW6,3368,10/26/2023 9:00,19.22,109.52,"","","",""
RW6,3369,10/26/2023 9:05,19.17,294.64,"","","",""
RW6,3370,10/26/2023 9:10,19.3,67.42,"","","",""
RW6,3371,10/26/2023 9:15,19.35,744,"","","",""
RW6,3372,10/26/2023 9:20,19.35,168,"","","",""
RW6,3373,10/26/2023 9:25,19.35,44.5,"","","",""
RW6,3374,10/26/2023 9:30,19.35,272.56,"","","",""
RW6,3375,10/26/2023 9:35,19.39,48.54,"","","",""
RW6,3376,10/26/2023 9:40,19.39,68.2,"","","",""
RW6,3377,10/26/2023 9:45,19.35,27.03,"","","",""
RW6,3378,10/26/2023 9:50,19.39,8427.52,"","","",""
RW6,3379,10/26/2023 9:55,19.39,1605.12,"","","",""
RW6,3380,10/26/2023 10:00,19.39,19.32,"","","",""
RW6,3381,10/26/2023 10:05,19.39,327.28,"","","",""
RW6,3382,10/26/2023 10:10,19.39,10173.44,"","","",""
RW6,3383,10/26/2023 10:15,19.43,917.76,"","","",""
RW6,3384,10/26/2023 10:20,19.47,18.79,"","","",""
RW6,3385,10/26/2023 10:25,19.52,38.26,"","","",""
RW6,3386,10/26/2023 10:30,19.6,15718.4,"","","",""
RW6,3387,10/26/2023 10:35,19.56,1786.88,"","","",""
RW6,3388,10/26/2023 10:40,19.65,372.64,"","","",""
RW6,3389,10/26/2023 10:45,19.73,340.16,"","","",""
RW6,3390,10/26/2023 10:50,19.82,2078.72,"","","",""
RW6,3391,10/26/2023 10:55,19.82,609.44,"","","",""
RW6,3392,10/26/2023 11:00,20.07,20812.8,"","","",""
RW6,3393,10/26/2023 11:05,20.03,350.56,"","","",""
RW6,3394,10/26/2023 11:10,20.03,723.2,"","","",""
RW6,3395,10/26/2023 11:15,20.03,837.12,"","","",""
RW6,3396,10/26/2023 11:20,20.33,3767.04,"","","",""
RW6,3397,10/26/2023 11:25,20.93,3651.84,"","","",""
RW6,3398,10/26/2023 11:30,21.4,2112.64,"","","",""
RW6,3399,10/26/2023 11:35,21.58,1980.16,"","","",""
RW6,3465,10/26/2023 17:05,18.7,688,"","","",""
RW6,3466,10/26/2023 17:10,18.62,744.64,"","","",""
RW6,3467,10/26/2023 17:15,19.05,310.32,"","","",""
RW6,3468,10/26/2023 17:20,19.35,348.48,"","","",""
RW6,3469,10/26/2023 17:25,19.56,894.4,"","","",""
RW6,3470,10/26/2023 17:30,19.6,568.32,"","","",""
RW6,3471,10/26/2023 17:35,19.52,17,"","","",""
RW6,3472,10/26/2023 17:40,19.6,9.8,"","","",""
RW6,3473,10/26/2023 17:45,19.6,35.13,"","","",""
RW6,3474,10/26/2023 17:50,19.6,15.72,"","","",""
RW6,3475,10/26/2023 17:55,19.65,11.45,"","","",""
RW6,3476,10/26/2023 18:00,19.52,1.34,"","","",""
RW6,3477,10/26/2023 18:05,19.52,53.44,"","","",""
RW6,3478,10/26/2023 18:10,19.56,2.68,"","","",""
RW6,3479,10/26/2023 18:15,19.6,36.86,"","","",""
RW6,3480,10/26/2023 18:20,19.56,0,"","","",""
RW6,3481,10/26/2023 18:25,19.52,0,"","","",""
RW6,3482,10/26/2023 18:30,19.52,0,"","","",""
RW6,3483,10/26/2023 18:35,19.47,0,"","","",""
RW6,3484,10/26/2023 18:40,19.47,0,"","","",""
RW6,3485,10/26/2023 18:45,19.43,0,"","","",""
RW6,3486,10/26/2023 18:50,19.35,0,"","","",""
RW6,3487,10/26/2023 18:55,19.39,0,"","","",""
RW6,3488,10/26/2023 19:00,19.35,0,"","","",""
RW6,3489,10/26/2023 19:05,19.35,0,"","","",""
RW6,3490,10/26/2023 19:10,19.3,0,"","","",""
RW6,3491,10/26/2023 19:15,19.3,0,"","","",""
RW6,3492,10/26/2023 19:20,19.26,0,"","","",""
RW6,3493,10/26/2023 19:25,19.22,0,"","","",""
RW6,3494,10/26/2023 19:30,19.17,0,"","","",""
RW6,3495,10/26/2023 19:35,19.17,0,"","","",""
RW6,3496,10/26/2023 19:40,19.22,0,"","","",""
RW6,3497,10/26/2023 19:45,19.17,0,"","","",""
RW6,3498,10/26/2023 19:50,19.22,0,"","","",""
RW6,3499,10/26/2023 19:55,19.09,0,"","","",""
RW6,3500,10/26/2023 20:00,19.05,0,"","","",""
RW6,3501,10/26/2023 20:05,19,0,"","","",""
RW6,3502,10/26/2023 20:10,18.96,0,"","","",""
RW6,3503,10/26/2023 20:15,18.96,0,"","","",""
RW6,3504,10/26/2023 20:20,18.96,0,"","","",""
RW6,3505,10/26/2023 20:25,18.87,0,"","","",""
RW6,3506,10/26/2023 20:30,18.87,0,"","","",""
RW6,3507,10/26/2023 20:35,18.87,0,"","","",""
RW6,3508,10/26/2023 20:40,18.83,0,"","","",""
RW6,3509,10/26/2023 20:45,18.83,0,"","","",""
RW6,3510,10/26/2023 20:50,18.74,0,"","","",""
RW6,3511,10/26/2023 20:55,18.74,0,"","","",""
RW6,3512,10/26/2023 21:00,18.7,0,"","","",""
RW6,3513,10/26/2023 21:05,18.7,0,"","","",""
RW6,3514,10/26/2023 21:10,18.7,0,"","","",""
RW6,3515,10/26/2023 21:15,18.7,0,"","","",""
RW6,3516,10/26/2023 21:20,18.66,0,"","","",""
RW6,3517,10/26/2023 21:25,18.62,0,"","","",""
RW6,3518,10/26/2023 21:30,18.62,0,"","","",""
RW6,3519,10/26/2023 21:35,18.57,0,"","","",""
RW6,3520,10/26/2023 21:40,18.53,0,"","","",""
RW6,3521,10/26/2023 21:45,18.57,0,"","","",""
RW6,3522,10/26/2023 21:50,18.57,0,"","","",""
RW6,3523,10/26/2023 21:55,18.53,0,"","","",""
RW6,3524,10/26/2023 22:00,18.49,0,"","","",""
RW6,3525,10/26/2023 22:05,18.49,0,"","","",""
RW6,3526,10/26/2023 22:10,18.53,0,"","","",""
RW6,3527,10/26/2023 22:15,18.49,0,"","","",""
RW6,3528,10/26/2023 22:20,18.44,0,"","","",""
RW6,3529,10/26/2023 22:25,18.44,0,"","","",""
RW6,3530,10/26/2023 22:30,18.44,0,"","","",""
RW6,3531,10/26/2023 22:35,18.44,0,"","","",""
RW6,3532,10/26/2023 22:40,18.44,0,"","","",""
RW6,3533,10/26/2023 22:45,18.4,0,"","","",""
RW6,3534,10/26/2023 22:50,18.36,0,"","","",""
RW6,3535,10/26/2023 22:55,18.36,0,"","","",""
RW6,3536,10/26/2023 23:00,18.36,0,"","","",""
RW6,3537,10/26/2023 23:05,18.36,0,"","","",""
RW6,3538,10/26/2023 23:10,18.27,0,"","","",""
RW6,3539,10/26/2023 23:15,18.32,0,"","","",""
RW6,3540,10/26/2023 23:20,18.23,0,"","","",""
RW6,3541,10/26/2023 23:25,18.14,0,"","","",""
RW6,3542,10/26/2023 23:30,17.93,0,"","","",""
RW6,3608,10/27/2023 5:00,15.1,0,"","","",""
RW6,3609,10/27/2023 5:05,15.1,0,"","","",""
RW6,3610,10/27/2023 5:10,16.64,0,"","","",""
RW6,3611,10/27/2023 5:15,17.29,0,"","","",""
RW6,3612,10/27/2023 5:20,17.54,0,"","","",""
RW6,3613,10/27/2023 5:25,17.67,0,"","","",""
RW6,3614,10/27/2023 5:30,17.67,0,"","","",""
RW6,3615,10/27/2023 5:35,17.72,0,"","","",""
RW6,3616,10/27/2023 5:40,17.76,0,"","","",""
RW6,3617,10/27/2023 5:45,17.8,0,"","","",""
RW6,3618,10/27/2023 5:50,17.84,0,"","","",""
RW6,3619,10/27/2023 5:55,17.84,0,"","","",""
RW6,3620,10/27/2023 6:00,17.76,0,"","","",""
RW6,3621,10/27/2023 6:05,17.76,0,"","","",""
RW6,3622,10/27/2023 6:10,17.76,0,"","","",""
RW6,3623,10/27/2023 6:15,17.76,0,"","","",""
RW6,3624,10/27/2023 6:20,17.67,0,"","","",""
RW6,3625,10/27/2023 6:25,17.72,0,"","","",""
RW6,3626,10/27/2023 6:30,17.63,0,"","","",""
RW6,3627,10/27/2023 6:35,17.54,0,"","","",""
RW6,3628,10/27/2023 6:40,17.5,0,"","","",""
RW6,3629,10/27/2023 6:45,17.5,0,"","","",""
RW6,3630,10/27/2023 6:50,17.54,1.34,"","","",""
RW6,3631,10/27/2023 6:55,17.5,0,"","","",""
RW6,3632,10/27/2023 7:00,17.54,1.56,"","","",""
RW6,3633,10/27/2023 7:05,17.54,1.11,"","","",""
RW6,3634,10/27/2023 7:10,17.63,0.67,"","","",""
RW6,3635,10/27/2023 7:15,17.59,4.69,"","","",""
RW6,3636,10/27/2023 7:20,17.54,18.15,"","","",""
RW6,3637,10/27/2023 7:25,17.54,0,"","","",""
RW6,3638,10/27/2023 7:30,17.54,0.89,"","","",""
RW6,3639,10/27/2023 7:35,17.54,0,"","","",""
RW6,3640,10/27/2023 7:40,17.63,8.93,"","","",""
RW6,3641,10/27/2023 7:45,17.59,20.41,"","","",""
RW6,3642,10/27/2023 7:50,17.54,1.78,"","","",""
RW6,3643,10/27/2023 7:55,17.54,4.69,"","","",""
RW6,3644,10/27/2023 8:00,17.5,31.89,"","","",""
RW6,3645,10/27/2023 8:05,17.5,140.96,"","","",""
RW6,3646,10/27/2023 8:10,17.46,8.29,"","","",""
RW6,3647,10/27/2023 8:15,17.46,5.36,"","","",""
RW6,3648,10/27/2023 8:20,17.5,32.78,"","","",""
RW6,3649,10/27/2023 8:25,17.54,5.13,"","","",""
RW6,3650,10/27/2023 8:30,17.46,4.46,"","","",""
RW6,3651,10/27/2023 8:35,17.37,0.22,"","","",""
RW6,3652,10/27/2023 8:40,17.37,6.28,"","","",""
RW6,3653,10/27/2023 8:45,17.37,750.08,"","","",""
RW6,3654,10/27/2023 8:50,17.29,56.12,"","","",""
RW6,3655,10/27/2023 8:55,17.29,11.19,"","","",""
RW6,3656,10/27/2023 9:00,17.24,0,"","","",""
RW6,3657,10/27/2023 9:05,17.16,1.56,"","","",""
RW6,3658,10/27/2023 9:10,17.2,269.44,"","","",""
RW6,3659,10/27/2023 9:15,17.24,115.96,"","","",""
RW6,3660,10/27/2023 9:20,17.29,701.44,"","","",""
RW6,3661,10/27/2023 9:25,17.33,1058.88,"","","",""
RW6,3662,10/27/2023 9:30,17.37,1689.6,"","","",""
RW6,3663,10/27/2023 9:35,17.37,78.14,"","","",""
RW6,3664,10/27/2023 9:40,17.54,33.68,"","","",""
RW6,3665,10/27/2023 9:45,17.59,6.47,"","","",""
RW6,3666,10/27/2023 9:50,17.54,113.36,"","","",""
RW6,3667,10/27/2023 9:55,17.63,2.23,"","","",""
RW6,3668,10/27/2023 10:00,17.67,598.24,"","","",""
RW6,3669,10/27/2023 10:05,17.63,852.16,"","","",""
RW6,3670,10/27/2023 10:10,17.72,114.28,"","","",""
RW6,3671,10/27/2023 10:15,17.72,272.8,"","","",""
RW6,3672,10/27/2023 10:20,17.8,1565.44,"","","",""
RW6,3673,10/27/2023 10:25,17.76,1667.2,"","","",""
RW6,3674,10/27/2023 10:30,17.89,12144.64,"","","",""
RW6,3675,10/27/2023 10:35,17.89,13.9,"","","",""
RW6,3676,10/27/2023 10:40,17.8,299.12,"","","",""
RW6,3677,10/27/2023 10:45,17.89,165.76,"","","",""
RW6,3678,10/27/2023 10:50,17.89,49.6,"","","",""
RW6,3679,10/27/2023 10:55,17.93,4454.4,"","","",""
RW6,3680,10/27/2023 11:00,17.97,15334.4,"","","",""
RW6,3681,10/27/2023 11:05,17.97,3927.04,"","","",""
RW6,3682,10/27/2023 11:10,18.06,743.36,"","","",""
RW6,3683,10/27/2023 11:15,18.02,788.16,"","","",""
RW6,3684,10/27/2023 11:20,18.1,238.56,"","","",""
RW6,3685,10/27/2023 11:25,18.23,304.48,"","","",""
RW6,3686,10/27/2023 11:30,18.27,1011.52,"","","",""
RW6,3687,10/27/2023 11:35,18.53,25528.32,"","","",""
RW6,3688,10/27/2023 11:40,18.66,6044.16,"","","",""
RW6,3689,10/27/2023 11:45,19.05,3325.44,"","","",""
RW6,3690,10/27/2023 11:50,19.13,31723.52,"","","",""
RW6,3691,10/27/2023 11:55,19.52,1157.12,"","","",""
RW6,3692,10/27/2023 12:00,22.91,33925.12,"","","",""
RW6,3693,10/27/2023 12:05,25.91,68362.24,"","","",""
RW6,3765,10/27/2023 18:05,17.41,462.88,"","","",""
RW6,3766,10/27/2023 18:10,17.33,246.4,"","","",""
RW6,3767,10/27/2023 18:15,17.24,114.16,"","","",""
RW6,3768,10/27/2023 18:20,17.97,38.2,"","","",""
RW6,3769,10/27/2023 18:25,17.93,12.12,"","","",""
RW6,3770,10/27/2023 18:30,18.83,0,"","","",""
RW6,3771,10/27/2023 18:35,19,0,"","","",""
RW6,3772,10/27/2023 18:40,19,0,"","","",""
RW6,3773,10/27/2023 18:45,19.05,0,"","","",""
RW6,3774,10/27/2023 18:50,19.09,0,"","","",""
RW6,3775,10/27/2023 18:55,19.09,0,"","","",""
RW6,3776,10/27/2023 19:00,19.09,0,"","","",""
RW6,3777,10/27/2023 19:05,19.13,0,"","","",""
RW6,3778,10/27/2023 19:10,19.13,0,"","","",""
RW6,3779,10/27/2023 19:15,19.13,0,"","","",""
RW6,3780,10/27/2023 19:20,19.13,0,"","","",""
RW6,3781,10/27/2023 19:25,19.09,0,"","","",""
RW6,3782,10/27/2023 19:30,19.09,0,"","","",""
RW6,3783,10/27/2023 19:35,19.13,0,"","","",""
RW6,3784,10/27/2023 19:40,19.05,0,"","","",""
RW6,3785,10/27/2023 19:45,19.05,0,"","","",""
RW6,3786,10/27/2023 19:50,19.05,0,"","","",""
RW6,3787,10/27/2023 19:55,19.09,0,"","","",""
RW6,3788,10/27/2023 20:00,19.05,0,"","","",""
RW6,3789,10/27/2023 20:05,19.05,0,"","","",""
RW6,3790,10/27/2023 20:10,19.05,0,"","","",""
RW6,3791,10/27/2023 20:15,19,0,"","","",""
RW6,3792,10/27/2023 20:20,19,0,"","","",""
RW6,3793,10/27/2023 20:25,18.96,0,"","","",""
RW6,3794,10/27/2023 20:30,19,0,"","","",""
RW6,3795,10/27/2023 20:35,19.05,0,"","","",""
RW6,3796,10/27/2023 20:40,19,0,"","","",""
RW6,3797,10/27/2023 20:45,18.96,0,"","","",""
RW6,3798,10/27/2023 20:50,18.96,0,"","","",""
RW6,3799,10/27/2023 20:55,19,0,"","","",""
RW6,3800,10/27/2023 21:00,19,0,"","","",""
RW6,3801,10/27/2023 21:05,18.96,0,"","","",""
RW6,3802,10/27/2023 21:10,18.96,0,"","","",""
RW6,3803,10/27/2023 21:15,18.96,0,"","","",""
RW6,3804,10/27/2023 21:20,19,0,"","","",""
RW6,3805,10/27/2023 21:25,18.92,0,"","","",""
RW6,3806,10/27/2023 21:30,18.96,0,"","","",""
RW6,3807,10/27/2023 21:35,18.92,0,"","","",""
RW6,3808,10/27/2023 21:40,18.96,0,"","","",""
RW6,3809,10/27/2023 21:45,18.92,0,"","","",""
RW6,3810,10/27/2023 21:50,18.92,0,"","","",""
RW6,3811,10/27/2023 21:55,18.92,0,"","","",""
RW6,3812,10/27/2023 22:00,18.92,0,"","","",""
RW6,3813,10/27/2023 22:05,18.87,0,"","","",""
RW6,3814,10/27/2023 22:10,18.87,0,"","","",""
RW6,3815,10/27/2023 22:15,18.92,0,"","","",""
RW6,3816,10/27/2023 22:20,18.87,0,"","","",""
RW6,3817,10/27/2023 22:25,18.92,0,"","","",""
RW6,3818,10/27/2023 22:30,18.87,0,"","","",""
RW6,3819,10/27/2023 22:35,18.92,0,"","","",""
RW6,3820,10/27/2023 22:40,18.87,0,"","","",""
RW6,3821,10/27/2023 22:45,18.83,0,"","","",""
RW6,3822,10/27/2023 22:50,18.87,0,"","","",""
RW6,3823,10/27/2023 22:55,18.83,0,"","","",""
RW6,3824,10/27/2023 23:00,18.83,0,"","","",""
RW6,3825,10/27/2023 23:05,18.83,0,"","","",""
RW6,3826,10/27/2023 23:10,18.83,0,"","","",""
RW6,3827,10/27/2023 23:15,18.83,0,"","","",""
RW6,3828,10/27/2023 23:20,18.79,0,"","","",""
RW6,3829,10/27/2023 23:25,18.83,0,"","","",""
RW6,3830,10/27/2023 23:30,18.79,0,"","","",""
RW6,3831,10/27/2023 23:35,18.74,0,"","","",""
RW6,3832,10/27/2023 23:40,18.74,0,"","","",""
RW6,3833,10/27/2023 23:45,18.74,0,"","","",""
RW6,3834,10/27/2023 23:50,18.66,0,"","","",""
RW6,3835,10/27/2023 23:55,18.62,0,"","","",""
RW6,3836,10/28/2023 0:00,18.66,0,"","","",""
RW6,3837,10/28/2023 0:05,18.57,0,"","","",""
RW6,3838,10/28/2023 0:10,18.44,0,"","","",""
RW6,3839,10/28/2023 0:15,18.49,0,"","","",""
RW6,3840,10/28/2023 0:20,18.4,0,"","","",""
RW6,3841,10/28/2023 0:25,18.06,0,"","","",""
RW6,3898,10/28/2023 5:10,14.54,0,"","","",""
RW6,3899,10/28/2023 5:15,16.6,0,"","","",""
RW6,3900,10/28/2023 5:20,16.81,0,"","","",""
RW6,3901,10/28/2023 5:25,17.46,0,"","","",""
RW6,3902,10/28/2023 5:30,17.84,0,"","","",""
RW6,3903,10/28/2023 5:35,17.97,0,"","","",""
RW6,3904,10/28/2023 5:40,17.97,0,"","","",""
RW6,3905,10/28/2023 5:45,18.06,0,"","","",""
RW6,3906,10/28/2023 5:50,18.02,0,"","","",""
RW6,3907,10/28/2023 5:55,18.1,0,"","","",""
RW6,3908,10/28/2023 6:00,18.06,0,"","","",""
RW6,3909,10/28/2023 6:05,18.06,0,"","","",""
RW6,3910,10/28/2023 6:10,18.06,0,"","","",""
RW6,3911,10/28/2023 6:15,18.06,0,"","","",""
RW6,3912,10/28/2023 6:20,18.06,0,"","","",""
RW6,3913,10/28/2023 6:25,17.97,0,"","","",""
RW6,3914,10/28/2023 6:30,17.97,0,"","","",""
RW6,3915,10/28/2023 6:35,17.93,0,"","","",""
RW6,3916,10/28/2023 6:40,17.93,0,"","","",""
RW6,3917,10/28/2023 6:45,17.76,0,"","","",""
RW6,3918,10/28/2023 6:50,17.63,0,"","","",""
RW6,3919,10/28/2023 6:55,17.67,0,"","","",""
RW6,3920,10/28/2023 7:00,17.54,0.22,"","","",""
RW6,3921,10/28/2023 7:05,17.41,0.22,"","","",""
RW6,3922,10/28/2023 7:10,17.29,2.23,"","","",""
RW6,3923,10/28/2023 7:15,17.29,0.89,"","","",""
RW6,3924,10/28/2023 7:20,17.37,2.45,"","","",""
RW6,3925,10/28/2023 7:25,17.29,1.56,"","","",""
RW6,3926,10/28/2023 7:30,17.5,0.67,"","","",""
RW6,3927,10/28/2023 7:35,17.5,0,"","","",""
RW6,3928,10/28/2023 7:40,17.5,24.91,"","","",""
RW6,3929,10/28/2023 7:45,17.33,0,"","","",""
RW6,3930,10/28/2023 7:50,17.29,0.89,"","","",""
RW6,3931,10/28/2023 7:55,17.33,66.46,"","","",""
RW6,3932,10/28/2023 8:00,17.24,1.11,"","","",""
RW6,3933,10/28/2023 8:05,17.33,0.67,"","","",""
RW6,3934,10/28/2023 8:10,17.5,43.12,"","","",""
RW6,3935,10/28/2023 8:15,17.63,678.72,"","","",""
RW6,3936,10/28/2023 8:20,17.72,708.48,"","","",""
RW6,3937,10/28/2023 8:25,17.63,43.54,"","","",""
RW6,3938,10/28/2023 8:30,17.5,260.48,"","","",""
RW6,3939,10/28/2023 8:35,17.33,556.8,"","","",""
RW6,3940,10/28/2023 8:40,17.37,1.34,"","","",""
RW6,3941,10/28/2023 8:45,17.37,9.85,"","","",""
RW6,3942,10/28/2023 8:50,17.37,93.36,"","","",""
RW6,3943,10/28/2023 8:55,17.46,335.04,"","","",""
RW6,3944,10/28/2023 9:00,17.33,3.79,"","","",""
RW6,3945,10/28/2023 9:05,17.33,124.88,"","","",""
RW6,3946,10/28/2023 9:10,17.2,675.52,"","","",""
RW6,3947,10/28/2023 9:15,17.29,74.62,"","","",""
RW6,3948,10/28/2023 9:20,17.2,57.08,"","","",""
RW6,3949,10/28/2023 9:25,17.07,139.2,"","","",""
RW6,3950,10/28/2023 9:30,17.07,2.23,"","","",""
RW6,3951,10/28/2023 9:35,17.03,0.67,"","","",""
RW6,3952,10/28/2023 9:40,17.03,0.44,"","","",""
RW6,3953,10/28/2023 9:45,17.07,6.5,"","","",""
RW6,3954,10/28/2023 9:50,17.07,201.28,"","","",""
RW6,3955,10/28/2023 9:55,17.03,10.33,"","","",""
RW6,3956,10/28/2023 10:00,17.07,4.02,"","","",""
RW6,3957,10/28/2023 10:05,17.07,142.88,"","","",""
RW6,3958,10/28/2023 10:10,17.07,14.83,"","","",""
RW6,3959,10/28/2023 10:15,17.16,63.78,"","","",""
RW6,3960,10/28/2023 10:20,17.16,2.23,"","","",""
RW6,3961,10/28/2023 10:25,17.16,3.35,"","","",""
RW6,3962,10/28/2023 10:30,17.24,18.88,"","","",""
RW6,3963,10/28/2023 10:35,17.24,175.36,"","","",""
RW6,3964,10/28/2023 10:40,17.24,6.95,"","","",""
RW6,3965,10/28/2023 10:45,17.2,1.56,"","","",""
RW6,3966,10/28/2023 10:50,17.24,10.55,"","","",""
RW6,3967,10/28/2023 10:55,17.33,8.15,"","","",""
RW6,3968,10/28/2023 11:00,17.37,4.94,"","","",""
RW6,3969,10/28/2023 11:05,17.41,720.96,"","","",""
RW6,3970,10/28/2023 11:10,17.54,6.53,"","","",""
RW6,3971,10/28/2023 11:15,17.67,8.15,"","","",""
RW6,3972,10/28/2023 11:20,17.67,95.48,"","","",""
RW6,3973,10/28/2023 11:25,17.72,65.8,"","","",""
RW6,3974,10/28/2023 11:30,17.72,719.68,"","","",""
RW6,3975,10/28/2023 11:35,17.72,25.58,"","","",""
RW6,3976,10/28/2023 11:40,17.8,626.4,"","","",""
RW6,3977,10/28/2023 11:45,17.76,21.36,"","","",""
RW6,3978,10/28/2023 11:50,17.8,326.88,"","","",""
RW6,3979,10/28/2023 11:55,17.89,236.16,"","","",""
RW6,3980,10/28/2023 12:00,17.84,70.38,"","","",""
RW6,3981,10/28/2023 12:05,18.02,752.96,"","","",""
RW6,3982,10/28/2023 12:10,18.06,5061.12,"","","",""
RW6,3983,10/28/2023 12:15,18.49,18042.88,"","","",""
RW6,3984,10/28/2023 12:20,18.49,1747.84,"","","",""
RW6,3985,10/28/2023 12:25,18.83,3075.84,"","","",""
RW6,3986,10/28/2023 12:30,20.12,37376,"","","",""
RW6,3987,10/28/2023 12:35,19.22,1301.12,"","","",""
RW6,4066,10/28/2023 19:10,16.08,0,"","","",""
RW6,4067,10/28/2023 19:15,16.17,0,"","","",""
RW6,4068,10/28/2023 19:20,17.29,0,"","","",""
RW6,4069,10/28/2023 19:25,18.06,0,"","","",""
RW6,4070,10/28/2023 19:30,18.19,0,"","","",""
RW6,4071,10/28/2023 19:35,18.19,0,"","","",""
RW6,4072,10/28/2023 19:40,18.19,0,"","","",""
RW6,4073,10/28/2023 19:45,18.23,0,"","","",""
RW6,4074,10/28/2023 19:50,18.19,0,"","","",""
RW6,4075,10/28/2023 19:55,18.1,0,"","","",""
RW6,4076,10/28/2023 20:00,18.1,0,"","","",""
RW6,4077,10/28/2023 20:05,18.02,0,"","","",""
RW6,4078,10/28/2023 20:10,17.97,0,"","","",""
RW6,4079,10/28/2023 20:15,17.84,0,"","","",""
RW6,4080,10/28/2023 20:20,17.72,0,"","","",""
RW6,4081,10/28/2023 20:25,17.72,0,"","","",""
RW6,4082,10/28/2023 20:30,17.59,0,"","","",""
RW6,4083,10/28/2023 20:35,17.59,0,"","","",""
RW6,4084,10/28/2023 20:40,17.46,0,"","","",""
RW6,4085,10/28/2023 20:45,17.41,0,"","","",""
RW6,4086,10/28/2023 20:50,17.37,0,"","","",""
RW6,4087,10/28/2023 20:55,17.37,0,"","","",""
RW6,4088,10/28/2023 21:00,17.33,0,"","","",""
RW6,4089,10/28/2023 21:05,17.33,0,"","","",""
RW6,4090,10/28/2023 21:10,17.33,0,"","","",""
RW6,4091,10/28/2023 21:15,17.37,0,"","","",""
RW6,4092,10/28/2023 21:20,17.37,0,"","","",""
RW6,4093,10/28/2023 21:25,17.37,0,"","","",""
RW6,4094,10/28/2023 21:30,17.33,0,"","","",""
RW6,4095,10/28/2023 21:35,17.37,0,"","","",""
RW6,4096,10/28/2023 21:40,17.46,0,"","","",""
RW6,4097,10/28/2023 21:45,17.41,0,"","","",""
RW6,4098,10/28/2023 21:50,17.37,0,"","","",""
RW6,4099,10/28/2023 21:55,17.41,0,"","","",""
RW6,4100,10/28/2023 22:00,17.41,0,"","","",""
RW6,4101,10/28/2023 22:05,17.41,0,"","","",""
RW6,4102,10/28/2023 22:10,17.5,0,"","","",""
RW6,4103,10/28/2023 22:15,17.54,0,"","","",""
RW6,4104,10/28/2023 22:20,17.46,0,"","","",""
RW6,4105,10/28/2023 22:25,17.54,0,"","","",""
RW6,4106,10/28/2023 22:30,17.46,0,"","","",""
RW6,4107,10/28/2023 22:35,17.41,0,"","","",""
RW6,4108,10/28/2023 22:40,17.41,0,"","","",""
RW6,4109,10/28/2023 22:45,17.41,0,"","","",""
RW6,4110,10/28/2023 22:50,17.46,0,"","","",""
RW6,4111,10/28/2023 22:55,17.41,0,"","","",""
RW6,4112,10/28/2023 23:00,17.46,0,"","","",""
RW6,4113,10/28/2023 23:05,17.46,0,"","","",""
RW6,4114,10/28/2023 23:10,17.41,0,"","","",""
RW6,4115,10/28/2023 23:15,17.41,0,"","","",""
RW6,4116,10/28/2023 23:20,17.41,0,"","","",""
RW6,4117,10/28/2023 23:25,17.37,0,"","","",""
RW6,4118,10/28/2023 23:30,17.41,0,"","","",""
RW6,4119,10/28/2023 23:35,17.33,0,"","","",""
RW6,4120,10/28/2023 23:40,17.41,0,"","","",""
RW6,4121,10/28/2023 23:45,17.37,0,"","","",""
RW6,4122,10/28/2023 23:50,17.37,0,"","","",""
RW6,4123,10/28/2023 23:55,17.41,0,"","","",""
RW6,4124,10/29/2023 0:00,17.41,0,"","","",""
RW6,4125,10/29/2023 0:05,17.37,0,"","","",""
RW6,4126,10/29/2023 0:10,17.41,0,"","","",""
RW6,4127,10/29/2023 0:15,17.37,0,"","","",""
RW6,4128,10/29/2023 0:20,17.33,0,"","","",""
RW6,4129,10/29/2023 0:25,17.33,0,"","","",""
RW6,4130,10/29/2023 0:30,17.29,0,"","","",""
RW6,4131,10/29/2023 0:35,17.24,0,"","","",""
RW6,4132,10/29/2023 0:40,17.24,0,"","","",""
RW6,4133,10/29/2023 0:45,17.2,0,"","","",""
RW6,4134,10/29/2023 0:50,17.2,0,"","","",""
RW6,4135,10/29/2023 0:55,17.16,0,"","","",""
RW6,4136,10/29/2023 1:00,17.16,0,"","","",""
RW6,4137,10/29/2023 1:05,17.07,0,"","","",""
RW6,4138,10/29/2023 1:10,17.11,0,"","","",""
RW6,4139,10/29/2023 1:15,16.94,0,"","","",""
RW6,4189,10/29/2023 5:25,15.27,0,"","","",""
RW6,4190,10/29/2023 5:30,15.4,0,"","","",""
RW6,4191,10/29/2023 5:35,16.21,0,"","","",""
RW6,4192,10/29/2023 5:40,16.39,0,"","","",""
RW6,4193,10/29/2023 5:45,16.73,0,"","","",""
RW6,4194,10/29/2023 5:50,16.86,0,"","","",""
RW6,4195,10/29/2023 5:55,16.9,0,"","","",""
RW6,4196,10/29/2023 6:00,16.94,0,"","","",""
RW6,4197,10/29/2023 6:05,16.99,0,"","","",""
RW6,4198,10/29/2023 6:10,17.03,0,"","","",""
RW6,4199,10/29/2023 6:15,17.07,0,"","","",""
RW6,4200,10/29/2023 6:20,17.16,0,"","","",""
RW6,4201,10/29/2023 6:25,17.16,0,"","","",""
RW6,4202,10/29/2023 6:30,17.16,0,"","","",""
RW6,4203,10/29/2023 6:35,17.11,0,"","","",""
RW6,4204,10/29/2023 6:40,17.16,0.22,"","","",""
RW6,4205,10/29/2023 6:45,17.11,0,"","","",""
RW6,4206,10/29/2023 6:50,17.16,0,"","","",""
RW6,4207,10/29/2023 6:55,17.11,0,"","","",""
RW6,4208,10/29/2023 7:00,17.07,0,"","","",""
RW6,4209,10/29/2023 7:05,17.11,0,"","","",""
RW6,4210,10/29/2023 7:10,17.11,0,"","","",""
RW6,4211,10/29/2023 7:15,17.07,2.23,"","","",""
RW6,4212,10/29/2023 7:20,17.16,0.67,"","","",""
RW6,4213,10/29/2023 7:25,17.11,1.34,"","","",""
RW6,4214,10/29/2023 7:30,17.16,0.67,"","","",""
RW6,4215,10/29/2023 7:35,17.2,30.52,"","","",""
RW6,4216,10/29/2023 7:40,17.16,33.68,"","","",""
RW6,4217,10/29/2023 7:45,17.2,22.9,"","","",""
RW6,4218,10/29/2023 7:50,17.29,2.68,"","","",""
RW6,4219,10/29/2023 7:55,17.2,11.67,"","","",""
RW6,4220,10/29/2023 8:00,17.2,8.96,"","","",""
RW6,4221,10/29/2023 8:05,17.2,6.95,"","","",""
RW6,4222,10/29/2023 8:10,17.24,0,"","","",""
RW6,4223,10/29/2023 8:15,17.29,5.83,"","","",""
RW6,4224,10/29/2023 8:20,17.33,2.9,"","","",""
RW6,4225,10/29/2023 8:25,17.29,245.04,"","","",""
RW6,4226,10/29/2023 8:30,17.33,11.45,"","","",""
RW6,4227,10/29/2023 8:35,17.29,450.88,"","","",""
RW6,4228,10/29/2023 8:40,17.29,221.84,"","","",""
RW6,4229,10/29/2023 8:45,17.29,336.8,"","","",""
RW6,4230,10/29/2023 8:50,17.33,457.92,"","","",""
RW6,4231,10/29/2023 8:55,17.33,45.74,"","","",""
RW6,4232,10/29/2023 9:00,17.33,173.36,"","","",""
RW6,4233,10/29/2023 9:05,17.41,15.91,"","","",""
RW6,4234,10/29/2023 9:10,17.37,5.58,"","","",""
RW6,4235,10/29/2023 9:15,17.37,222.08,"","","",""
RW6,4236,10/29/2023 9:20,17.46,1794.56,"","","",""
RW6,4237,10/29/2023 9:25,17.37,124.88,"","","",""
RW6,4238,10/29/2023 9:30,17.37,19.35,"","","",""
RW6,4239,10/29/2023 9:35,17.41,1759.36,"","","",""
RW6,4240,10/29/2023 9:40,17.33,20.41,"","","",""
RW6,4241,10/29/2023 9:45,17.33,4.04,"","","",""
RW6,4242,10/29/2023 9:50,17.37,0.67,"","","",""
RW6,4243,10/29/2023 9:55,17.33,98.08,"","","",""
RW6,4244,10/29/2023 10:00,17.37,2.23,"","","",""
RW6,4245,10/29/2023 10:05,17.33,32.34,"","","",""
RW6,4246,10/29/2023 10:10,17.33,11.89,"","","",""
RW6,4247,10/29/2023 10:15,17.29,133.92,"","","",""
RW6,4248,10/29/2023 10:20,17.29,942.72,"","","",""
RW6,4249,10/29/2023 10:25,17.24,132.92,"","","",""
RW6,4250,10/29/2023 10:30,17.24,57.08,"","","",""
RW6,4251,10/29/2023 10:35,17.2,1568,"","","",""
RW6,4252,10/29/2023 10:40,17.11,31.95,"","","",""
RW6,4253,10/29/2023 10:45,17.16,114.16,"","","",""
RW6,4254,10/29/2023 10:50,17.07,696,"","","",""
RW6,4255,10/29/2023 10:55,17.11,84.88,"","","",""
RW6,4256,10/29/2023 11:00,17.03,570.08,"","","",""
RW6,4257,10/29/2023 11:05,17.11,39.21,"","","",""
RW6,4258,10/29/2023 11:10,17.16,909.76,"","","",""
RW6,4259,10/29/2023 11:15,17.11,112.48,"","","",""
RW6,4260,10/29/2023 11:20,17.03,1848.96,"","","",""
RW6,4261,10/29/2023 11:25,17.03,2.01,"","","",""
RW6,4262,10/29/2023 11:30,16.86,38.2,"","","",""
RW6,4263,10/29/2023 11:35,16.99,76.4,"","","",""
RW6,4264,10/29/2023 11:40,17.11,404.32,"","","",""
RW6,4265,10/29/2023 11:45,17.03,11.06,"","","",""
RW6,4266,10/29/2023 11:50,17.11,46.12,"","","",""
RW6,4267,10/29/2023 11:55,17.11,281.68,"","","",""
RW6,4268,10/29/2023 12:00,17.07,191.36,"","","",""
RW6,4269,10/29/2023 12:05,17.11,259.12,"","","",""
RW6,4270,10/29/2023 12:10,17.16,4.74,"","","",""
RW6,4271,10/29/2023 12:15,17.24,3505.92,"","","",""
RW6,4272,10/29/2023 12:20,17.41,59.92,"","","",""
RW6,4273,10/29/2023 12:25,17.54,2264.32,"","","",""
RW6,4274,10/29/2023 12:30,17.59,949.76,"","","",""
RW6,4275,10/29/2023 12:35,17.76,19758.08,"","","",""
RW6,4276,10/29/2023 12:40,17.76,371.2,"","","",""
RW6,4277,10/29/2023 12:45,17.8,166,"","","",""
RW6,4278,10/29/2023 12:50,17.8,203.84,"","","",""
RW6,4279,10/29/2023 12:55,17.89,4385.28,"","","",""
RW6,4280,10/29/2023 13:00,18.14,1817.6,"","","",""
RW6,4281,10/29/2023 13:05,19.09,15636.48,"","","",""
RW6,4282,10/29/2023 13:10,18.96,1994.24,"","","",""
RW6,4283,10/29/2023 13:15,18.62,827.52,"","","",""
RW6,4284,10/29/2023 13:20,18.32,742.08,"","","",""
RW6,4368,10/29/2023 20:20,12.95,0,"","","",""
RW6,4369,10/29/2023 20:25,12.48,0,"","","",""
RW6,4370,10/29/2023 20:30,13.55,0,"","","",""
RW6,4371,10/29/2023 20:35,14.5,0,"","","",""
RW6,4372,10/29/2023 20:40,15.78,0,"","","",""
RW6,4373,10/29/2023 20:45,16.64,0,"","","",""
RW6,4374,10/29/2023 20:50,16.94,0,"","","",""
RW6,4375,10/29/2023 20:55,17.03,0,"","","",""
RW6,4376,10/29/2023 21:00,17.11,0,"","","",""
RW6,4377,10/29/2023 21:05,17.16,0,"","","",""
RW6,4378,10/29/2023 21:10,17.24,0,"","","",""
RW6,4379,10/29/2023 21:15,17.33,0,"","","",""
RW6,4380,10/29/2023 21:20,17.29,0,"","","",""
RW6,4381,10/29/2023 21:25,17.29,0,"","","",""
RW6,4382,10/29/2023 21:30,17.37,0,"","","",""
RW6,4383,10/29/2023 21:35,17.33,0,"","","",""
RW6,4384,10/29/2023 21:40,17.33,0,"","","",""
RW6,4385,10/29/2023 21:45,17.29,0,"","","",""
RW6,4386,10/29/2023 21:50,17.29,0,"","","",""
RW6,4387,10/29/2023 21:55,17.37,0,"","","",""
RW6,4388,10/29/2023 22:00,17.33,0,"","","",""
RW6,4389,10/29/2023 22:05,17.33,0,"","","",""
RW6,4390,10/29/2023 22:10,17.33,0,"","","",""
RW6,4391,10/29/2023 22:15,17.24,0,"","","",""
RW6,4392,10/29/2023 22:20,17.24,0,"","","",""
RW6,4393,10/29/2023 22:25,17.24,0,"","","",""
RW6,4394,10/29/2023 22:30,17.2,0,"","","",""
RW6,4395,10/29/2023 22:35,17.24,0,"","","",""
RW6,4396,10/29/2023 22:40,17.2,0,"","","",""
RW6,4397,10/29/2023 22:45,17.16,0,"","","",""
RW6,4398,10/29/2023 22:50,17.2,0,"","","",""
RW6,4399,10/29/2023 22:55,17.24,0,"","","",""
RW6,4400,10/29/2023 23:00,17.29,0,"","","",""
RW6,4401,10/29/2023 23:05,17.2,0,"","","",""
RW6,4402,10/29/2023 23:10,17.11,0,"","","",""
RW6,4403,10/29/2023 23:15,16.94,0,"","","",""
RW6,4404,10/29/2023 23:20,16.81,0,"","","",""
RW6,4405,10/29/2023 23:25,16.73,0,"","","",""
RW6,4406,10/29/2023 23:30,16.69,0,"","","",""
RW6,4407,10/29/2023 23:35,16.64,0,"","","",""
RW6,4408,10/29/2023 23:40,16.73,0,"","","",""
RW6,4409,10/29/2023 23:45,16.77,0,"","","",""
RW6,4410,10/29/2023 23:50,16.81,0,"","","",""
RW6,4411,10/29/2023 23:55,16.86,0,"","","",""
RW6,4412,10/30/2023 0:00,16.9,0,"","","",""
RW6,4413,10/30/2023 0:05,16.9,0,"","","",""
RW6,4414,10/30/2023 0:10,16.86,0,"","","",""
RW6,4415,10/30/2023 0:15,16.94,0,"","","",""
RW6,4416,10/30/2023 0:20,16.99,0,"","","",""
RW6,4417,10/30/2023 0:25,16.94,0,"","","",""
RW6,4418,10/30/2023 0:30,17.03,0,"","","",""
RW6,4419,10/30/2023 0:35,17.03,0,"","","",""
RW6,4420,10/30/2023 0:40,17.03,0,"","","",""
RW6,4421,10/30/2023 0:45,17.03,0,"","","",""
RW6,4422,10/30/2023 0:50,17.03,0,"","","",""
RW6,4423,10/30/2023 0:55,17.03,0,"","","",""
RW6,4424,10/30/2023 1:00,17.03,0,"","","",""
RW6,4425,10/30/2023 1:05,16.99,0,"","","",""
RW6,4426,10/30/2023 1:10,16.94,0,"","","",""
RW6,4427,10/30/2023 1:15,16.94,0,"","","",""
RW6,4428,10/30/2023 1:20,16.86,0,"","","",""
RW6,4429,10/30/2023 1:25,16.77,0,"","","",""
RW6,4430,10/30/2023 1:30,16.73,0,"","","",""
RW6,4431,10/30/2023 1:35,16.64,0,"","","",""
RW6,4432,10/30/2023 1:40,16.6,0,"","","",""
RW6,4433,10/30/2023 1:45,15.96,0,"","","",""
RW6,4434,10/30/2023 1:50,15.74,0,"","","",""
RW6,4435,10/30/2023 1:55,15.7,0,"","","",""
RW6,4436,10/30/2023 2:00,15.01,0,"","","",""
RW6,4437,10/30/2023 2:05,14.33,0,"","","",""
RW6,4478,10/30/2023 5:30,9.26,0,"","","",""
RW6,4479,10/30/2023 5:35,9.18,0,"","","",""
RW6,4480,10/30/2023 5:40,9.31,0,"","","",""
RW6,4481,10/30/2023 5:45,11.62,0,"","","",""
RW6,4482,10/30/2023 5:50,14.33,0,"","","",""
RW6,4483,10/30/2023 5:55,15.36,0,"","","",""
RW6,4484,10/30/2023 6:00,15.1,0,"","","",""
RW6,4485,10/30/2023 6:05,15.53,0,"","","",""
RW6,4486,10/30/2023 6:10,15.66,0,"","","",""
RW6,4487,10/30/2023 6:15,15.87,0,"","","",""
RW6,4488,10/30/2023 6:20,15.87,0,"","","",""
RW6,4489,10/30/2023 6:25,15.96,0,"","","",""
RW6,4490,10/30/2023 6:30,16.04,0,"","","",""
RW6,4491,10/30/2023 6:35,16.08,0,"","","",""
RW6,4492,10/30/2023 6:40,16.08,0,"","","",""
RW6,4493,10/30/2023 6:45,16.34,0.22,"","","",""
RW6,4494,10/30/2023 6:50,16.39,0.22,"","","",""
RW6,4495,10/30/2023 6:55,16.47,2.23,"","","",""
RW6,4496,10/30/2023 7:00,16.39,3.79,"","","",""
RW6,4497,10/30/2023 7:05,16.39,16.17,"","","",""
RW6,4498,10/30/2023 7:10,16.39,0.22,"","","",""
RW6,4499,10/30/2023 7:15,16.51,0.67,"","","",""
RW6,4500,10/30/2023 7:20,16.51,4.27,"","","",""
RW6,4501,10/30/2023 7:25,16.43,5.83,"","","",""
RW6,4502,10/30/2023 7:30,16.47,24.49,"","","",""
RW6,4503,10/30/2023 7:35,16.56,0,"","","",""
RW6,4504,10/30/2023 7:40,16.47,43.78,"","","",""
RW6,4505,10/30/2023 7:45,16.51,112.36,"","","",""
RW6,4506,10/30/2023 7:50,16.43,38.59,"","","",""
RW6,4507,10/30/2023 7:55,16.39,3.15,"","","",""
RW6,4508,10/30/2023 8:00,16.34,8.96,"","","",""
RW6,4509,10/30/2023 8:05,16.39,2.48,"","","",""
RW6,4510,10/30/2023 8:10,16.56,1208.32,"","","",""
RW6,4511,10/30/2023 8:15,16.56,5.39,"","","",""
RW6,4512,10/30/2023 8:20,16.6,0.89,"","","",""
RW6,4513,10/30/2023 8:25,16.73,83.08,"","","",""
RW6,4514,10/30/2023 8:30,16.69,52.6,"","","",""
RW6,4515,10/30/2023 8:35,16.73,152.8,"","","",""
RW6,4516,10/30/2023 8:40,16.73,591.2,"","","",""
RW6,4517,10/30/2023 8:45,16.73,4.72,"","","",""
RW6,4518,10/30/2023 8:50,16.77,39.65,"","","",""
RW6,4519,10/30/2023 8:55,17.03,19.99,"","","",""
RW6,4520,10/30/2023 9:00,16.86,1316.48,"","","",""
RW6,4521,10/30/2023 9:05,16.77,39.54,"","","",""
RW6,4522,10/30/2023 9:10,16.73,12.34,"","","",""
RW6,4523,10/30/2023 9:15,17.2,816.64,"","","",""
RW6,4524,10/30/2023 9:20,16.99,5.83,"","","",""
RW6,4525,10/30/2023 9:25,16.94,43.56,"","","",""
RW6,4526,10/30/2023 9:30,16.94,133.8,"","","",""
RW6,4527,10/30/2023 9:35,16.86,283.84,"","","",""
RW6,4528,10/30/2023 9:40,16.94,97.96,"","","",""
RW6,4529,10/30/2023 9:45,17.11,120.32,"","","",""
RW6,4530,10/30/2023 9:50,17.11,2.01,"","","",""
RW6,4531,10/30/2023 9:55,17.16,190.56,"","","",""
RW6,4532,10/30/2023 10:00,17.16,15.3,"","","",""
RW6,4533,10/30/2023 10:05,17.2,27.87,"","","",""
RW6,4534,10/30/2023 10:10,17.2,189.68,"","","",""
RW6,4535,10/30/2023 10:15,17.29,4.46,"","","",""
RW6,4536,10/30/2023 10:20,17.33,33.29,"","","",""
RW6,4537,10/30/2023 10:25,17.41,17.95,"","","",""
RW6,4538,10/30/2023 10:30,17.41,4464.64,"","","",""
RW6,4539,10/30/2023 10:35,17.5,144.76,"","","",""
RW6,4540,10/30/2023 10:40,17.41,220.24,"","","",""
RW6,4541,10/30/2023 10:45,17.54,17.56,"","","",""
RW6,4542,10/30/2023 10:50,17.59,11,"","","",""
RW6,4543,10/30/2023 10:55,17.59,2182.4,"","","",""
RW6,4544,10/30/2023 11:00,17.67,571.52,"","","",""
RW6,4545,10/30/2023 11:05,17.67,16.19,"","","",""
RW6,4546,10/30/2023 11:10,17.67,1070.4,"","","",""
RW6,4547,10/30/2023 11:15,17.72,78.2,"","","",""
RW6,4548,10/30/2023 11:20,17.76,315.68,"","","",""
RW6,4549,10/30/2023 11:25,17.8,904.64,"","","",""
RW6,4550,10/30/2023 11:30,17.84,234.8,"","","",""
RW6,4551,10/30/2023 11:35,17.93,1461.76,"","","",""
RW6,4552,10/30/2023 11:40,17.89,92.92,"","","",""
RW6,4553,10/30/2023 11:45,17.97,11.73,"","","",""
RW6,4554,10/30/2023 11:50,17.97,74.84,"","","",""
RW6,4555,10/30/2023 11:55,18.02,76.08,"","","",""
RW6,4556,10/30/2023 12:00,17.97,63,"","","",""
RW6,4557,10/30/2023 12:05,18.02,92.48,"","","",""
RW6,4558,10/30/2023 12:10,18.1,1562.24,"","","",""
RW6,4559,10/30/2023 12:15,18.14,252.88,"","","",""
RW6,4560,10/30/2023 12:20,18.1,145.68,"","","",""
RW6,4561,10/30/2023 12:25,18.1,1849.6,"","","",""
RW6,4562,10/30/2023 12:30,18.19,23.15,"","","",""
RW6,4563,10/30/2023 12:35,18.19,72.5,"","","",""
RW6,4564,10/30/2023 12:40,18.27,2599.68,"","","",""
RW6,4565,10/30/2023 12:45,18.27,2453.76,"","","",""
RW6,4566,10/30/2023 12:50,18.36,290.4,"","","",""
RW6,4567,10/30/2023 12:55,18.4,15.08,"","","",""
RW6,4568,10/30/2023 13:00,18.4,16.05,"","","",""
RW6,4569,10/30/2023 13:05,18.53,227.84,"","","",""
RW6,4570,10/30/2023 13:10,18.49,321.28,"","","",""
RW6,4571,10/30/2023 13:15,18.57,65.24,"","","",""
RW6,4572,10/30/2023 13:20,18.66,254,"","","",""
RW6,4573,10/30/2023 13:25,18.79,14504.96,"","","",""
RW6,4574,10/30/2023 13:30,18.7,197.68,"","","",""
RW6,4575,10/30/2023 13:35,18.79,1207.36,"","","",""
RW6,4576,10/30/2023 13:40,19.17,417.28,"","","",""
RW6,4577,10/30/2023 13:45,20.07,7677.44,"","","",""
RW6,4578,10/30/2023 13:50,22.13,42496,"","","",""
RW6,4579,10/30/2023 13:55,19.77,1152,"","","",""
RW6,4580,10/30/2023 14:00,20.03,1289.6,"","","",""
RW6,4669,10/30/2023 21:20,10.72,0,"","","",""
RW6,4670,10/30/2023 21:25,10.85,0,"","","",""
RW6,4671,10/30/2023 21:30,11.11,0,"","","",""
RW6,4672,10/30/2023 21:35,12.48,0,"","","",""
RW6,4673,10/30/2023 21:40,14.71,0,"","","",""
RW6,4674,10/30/2023 21:45,16.17,0,"","","",""
RW6,4675,10/30/2023 21:50,16.6,0,"","","",""
RW6,4676,10/30/2023 21:55,16.9,0,"","","",""
RW6,4677,10/30/2023 22:00,17.11,0,"","","",""
RW6,4678,10/30/2023 22:05,17.11,0,"","","",""
RW6,4679,10/30/2023 22:10,17.2,0,"","","",""
RW6,4680,10/30/2023 22:15,17.24,0,"","","",""
RW6,4681,10/30/2023 22:20,17.29,0,"","","",""
RW6,4682,10/30/2023 22:25,17.37,0,"","","",""
RW6,4683,10/30/2023 22:30,17.41,0,"","","",""
RW6,4684,10/30/2023 22:35,17.41,0,"","","",""
RW6,4685,10/30/2023 22:40,17.41,0,"","","",""
RW6,4686,10/30/2023 22:45,17.46,0,"","","",""
RW6,4687,10/30/2023 22:50,17.46,0,"","","",""
RW6,4688,10/30/2023 22:55,17.41,0,"","","",""
RW6,4689,10/30/2023 23:00,17.46,0,"","","",""
RW6,4690,10/30/2023 23:05,17.5,0,"","","",""
RW6,4691,10/30/2023 23:10,17.46,0,"","","",""
RW6,4692,10/30/2023 23:15,17.5,0,"","","",""
RW6,4693,10/30/2023 23:20,17.5,0,"","","",""
RW6,4694,10/30/2023 23:25,17.41,0,"","","",""
RW6,4695,10/30/2023 23:30,17.46,0,"","","",""
RW6,4696,10/30/2023 23:35,17.5,0,"","","",""
RW6,4697,10/30/2023 23:40,17.46,0,"","","",""
RW6,4698,10/30/2023 23:45,17.46,0,"","","",""
RW6,4699,10/30/2023 23:50,17.54,0,"","","",""
RW6,4700,10/30/2023 23:55,17.46,0,"","","",""
RW6,4701,10/31/2023 0:00,17.5,0,"","","",""
RW6,4702,10/31/2023 0:05,17.5,0,"","","",""
RW6,4703,10/31/2023 0:10,17.5,0,"","","",""
RW6,4704,10/31/2023 0:15,17.5,0,"","","",""
RW6,4705,10/31/2023 0:20,17.46,0,"","","",""
RW6,4706,10/31/2023 0:25,17.5,0,"","","",""
RW6,4707,10/31/2023 0:30,17.46,0,"","","",""
RW6,4708,10/31/2023 0:35,17.5,0,"","","",""
RW6,4709,10/31/2023 0:40,17.5,0,"","","",""
RW6,4710,10/31/2023 0:45,17.54,0,"","","",""
RW6,4711,10/31/2023 0:50,17.46,0,"","","",""
RW6,4712,10/31/2023 0:55,17.5,0,"","","",""
RW6,4713,10/31/2023 1:00,17.46,0,"","","",""
RW6,4714,10/31/2023 1:05,17.46,0,"","","",""
RW6,4715,10/31/2023 1:10,17.46,0,"","","",""
RW6,4716,10/31/2023 1:15,17.41,0,"","","",""
RW6,4717,10/31/2023 1:20,17.46,0,"","","",""
RW6,4718,10/31/2023 1:25,17.41,0,"","","",""
RW6,4719,10/31/2023 1:30,17.37,0,"","","",""
RW6,4720,10/31/2023 1:35,17.37,0,"","","",""
RW6,4721,10/31/2023 1:40,17.33,0,"","","",""
RW6,4722,10/31/2023 1:45,17.24,0,"","","",""
RW6,4723,10/31/2023 1:50,17.24,0,"","","",""
RW6,4724,10/31/2023 1:55,17.24,0,"","","",""
RW6,4725,10/31/2023 2:00,17.11,0,"","","",""
RW6,4726,10/31/2023 2:05,17.07,0,"","","",""
RW6,4727,10/31/2023 2:10,17.07,0,"","","",""
RW6,4728,10/31/2023 2:15,17.07,0,"","","",""
RW6,4729,10/31/2023 2:20,17.07,0,"","","",""
RW6,4730,10/31/2023 2:25,16.81,0,"","","",""
RW6,4731,10/31/2023 2:30,16.73,0,"","","",""
RW6,4732,10/31/2023 2:35,16.77,0,"","","",""
RW6,4733,10/31/2023 2:40,16.73,0,"","","",""
RW6,4734,10/31/2023 2:45,16.69,0,"","","",""
RW6,4735,10/31/2023 2:50,16.6,0,"","","",""
RW6,4736,10/31/2023 2:55,16.69,0,"","","",""
RW6,4737,10/31/2023 3:00,16.6,0,"","","",""
RW6,4738,10/31/2023 3:05,16.47,0,"","","",""
RW6,4739,10/31/2023 3:10,16.34,0,"","","",""
RW6,4740,10/31/2023 3:15,16.21,0,"","","",""
RW6,4741,10/31/2023 3:20,16.26,0,"","","",""
RW6,4742,10/31/2023 3:25,15.96,0,"","","",""
RW6,4743,10/31/2023 3:30,15.57,0,"","","",""
RW6,4744,10/31/2023 3:35,16.08,0,"","","",""
RW6,4745,10/31/2023 3:40,16.08,0,"","","",""
RW6,4746,10/31/2023 3:45,15.91,0,"","","",""
RW6,4747,10/31/2023 3:50,15.7,0,"","","",""
RW6,4748,10/31/2023 3:55,15.44,0,"","","",""
RW6,4749,10/31/2023 4:00,15.14,0,"","","",""
RW6,4750,10/31/2023 4:05,14.71,0,"","","",""
RW6,4753,10/31/2023 4:20,13.47,0,"","","",""
RW6,4763,10/31/2023 5:10,11.58,0,"","","",""
RW6,4764,10/31/2023 5:15,11.54,0,"","","",""
RW6,4765,10/31/2023 5:20,11.58,0,"","","",""
RW6,4766,10/31/2023 5:25,11.49,0,"","","",""
RW6,4767,10/31/2023 5:30,11.88,0,"","","",""
RW6,4768,10/31/2023 5:35,13.43,0,"","","",""
RW6,4769,10/31/2023 5:40,14.58,0,"","","",""
RW6,4770,10/31/2023 5:45,15.53,0,"","","",""
RW6,4771,10/31/2023 5:50,15.61,0,"","","",""
RW6,4772,10/31/2023 5:55,15.53,0,"","","",""
RW6,4773,10/31/2023 6:00,15.57,0,"","","",""
RW6,4774,10/31/2023 6:05,15.83,0,"","","",""
RW6,4775,10/31/2023 6:10,16,0,"","","",""
RW6,4776,10/31/2023 6:15,16.04,0,"","","",""
RW6,4777,10/31/2023 6:20,16.26,0,"","","",""
RW6,4778,10/31/2023 6:25,16.26,0,"","","",""
RW6,4779,10/31/2023 6:30,16.3,0,"","","",""
RW6,4780,10/31/2023 6:35,16.39,0,"","","",""
RW6,4781,10/31/2023 6:40,16.39,0,"","","",""
RW6,4782,10/31/2023 6:45,16.39,0,"","","",""
RW6,4783,10/31/2023 6:50,16.43,0,"","","",""
RW6,4784,10/31/2023 6:55,16.51,0.89,"","","",""
RW6,4785,10/31/2023 7:00,16.47,0,"","","",""
RW6,4786,10/31/2023 7:05,16.56,0.67,"","","",""
RW6,4787,10/31/2023 7:10,16.64,168.96,"","","",""
RW6,4788,10/31/2023 7:15,16.69,1.11,"","","",""
RW6,4789,10/31/2023 7:20,16.73,2.01,"","","",""
RW6,4790,10/31/2023 7:25,16.69,127.68,"","","",""
RW6,4791,10/31/2023 7:30,16.69,7.45,"","","",""
RW6,4792,10/31/2023 7:35,16.64,24.07,"","","",""
RW6,4793,10/31/2023 7:40,16.6,680,"","","",""
RW6,4794,10/31/2023 7:45,16.64,196.16,"","","",""
RW6,4795,10/31/2023 7:50,16.69,2001.92,"","","",""
RW6,4796,10/31/2023 7:55,16.64,10.92,"","","",""
RW6,4797,10/31/2023 8:00,16.77,29.38,"","","",""
RW6,4798,10/31/2023 8:05,16.73,109.8,"","","",""
RW6,4799,10/31/2023 8:10,16.81,139.28,"","","",""
RW6,4800,10/31/2023 8:15,16.86,182.48,"","","",""
RW6,4801,10/31/2023 8:20,16.77,319.04,"","","",""
RW6,4802,10/31/2023 8:25,16.81,25.05,"","","",""
RW6,4803,10/31/2023 8:30,16.94,1057.92,"","","",""
RW6,4804,10/31/2023 8:35,16.9,265.2,"","","",""
RW6,4805,10/31/2023 8:40,16.94,498.56,"","","",""
RW6,4806,10/31/2023 8:45,16.94,8.57,"","","",""
RW6,4807,10/31/2023 8:50,16.94,65.34,"","","",""
RW6,4808,10/31/2023 8:55,16.99,332.8,"","","",""
RW6,4809,10/31/2023 9:00,17.03,6.5,"","","",""
RW6,4810,10/31/2023 9:05,16.99,1360.64,"","","",""
RW6,4811,10/31/2023 9:10,16.99,13.29,"","","",""
RW6,4812,10/31/2023 9:15,16.99,82.88,"","","",""
RW6,4813,10/31/2023 9:20,17.11,373.76,"","","",""
RW6,4814,10/31/2023 9:25,17.07,572.32,"","","",""
RW6,4815,10/31/2023 9:30,17.16,238.4,"","","",""
RW6,4816,10/31/2023 9:35,17.24,89.92,"","","",""
RW6,4817,10/31/2023 9:40,17.29,45.86,"","","",""
RW6,4818,10/31/2023 9:45,17.24,9.41,"","","",""
RW6,4819,10/31/2023 9:50,17.33,95.4,"","","",""
RW6,4820,10/31/2023 9:55,17.33,36.19,"","","",""
RW6,4821,10/31/2023 10:00,17.33,447.68,"","","",""
RW6,4822,10/31/2023 10:05,17.37,292.24,"","","",""
RW6,4823,10/31/2023 10:10,17.41,75.62,"","","",""
RW6,4824,10/31/2023 10:15,17.37,34.68,"","","",""
RW6,4825,10/31/2023 10:20,17.41,1096.32,"","","",""
RW6,4826,10/31/2023 10:25,17.41,275.04,"","","",""
RW6,4827,10/31/2023 10:30,17.46,94.48,"","","",""
RW6,4828,10/31/2023 10:35,17.41,122.2,"","","",""
RW6,4829,10/31/2023 10:40,17.5,32.06,"","","",""
RW6,4830,10/31/2023 10:45,17.46,82.72,"","","",""
RW6,4831,10/31/2023 10:50,17.46,396,"","","",""
RW6,4832,10/31/2023 10:55,17.46,161.84,"","","",""
RW6,4833,10/31/2023 11:00,17.5,18.48,"","","",""
RW6,4834,10/31/2023 11:05,17.54,2748.16,"","","",""
RW6,4835,10/31/2023 11:10,17.59,154.6,"","","",""
RW6,4836,10/31/2023 11:15,17.59,62.04,"","","",""
RW6,4837,10/31/2023 11:20,17.63,2243.2,"","","",""
RW6,4838,10/31/2023 11:25,17.67,5.36,"","","",""
RW6,4839,10/31/2023 11:30,17.67,54.62,"","","",""
RW6,4840,10/31/2023 11:35,17.67,6.73,"","","",""
RW6,4841,10/31/2023 11:40,17.67,9216,"","","",""
RW6,4842,10/31/2023 11:45,17.72,171.92,"","","",""
RW6,4843,10/31/2023 11:50,17.76,419.68,"","","",""
RW6,4844,10/31/2023 11:55,17.8,4185.6,"","","",""
RW6,4845,10/31/2023 12:00,17.76,2.23,"","","",""
RW6,4846,10/31/2023 12:05,17.84,480.32,"","","",""
RW6,4847,10/31/2023 12:10,17.89,298.24,"","","",""
RW6,4848,10/31/2023 12:15,17.84,126.88,"","","",""
RW6,4849,10/31/2023 12:20,17.89,6597.12,"","","",""
RW6,4850,10/31/2023 12:25,17.93,327.28,"","","",""
RW6,4851,10/31/2023 12:30,17.97,12523.52,"","","",""
RW6,4852,10/31/2023 12:35,17.93,6.47,"","","",""
RW6,4853,10/31/2023 12:40,17.93,1630.72,"","","",""
RW6,4854,10/31/2023 12:45,17.97,93.48,"","","",""
RW6,4855,10/31/2023 12:50,18.02,80.2,"","","",""
RW6,4856,10/31/2023 12:55,18.06,4682.24,"","","",""
RW6,4857,10/31/2023 13:00,17.97,221.6,"","","",""
RW6,4858,10/31/2023 13:05,18.02,209.52,"","","",""
RW6,4859,10/31/2023 13:10,18.1,21,"","","",""
RW6,4860,10/31/2023 13:15,18.1,24.1,"","","",""
RW6,4861,10/31/2023 13:20,18.14,344.16,"","","",""
RW6,4862,10/31/2023 13:25,18.14,898.56,"","","",""
RW6,4863,10/31/2023 13:30,18.19,604.48,"","","",""
RW6,4864,10/31/2023 13:35,18.19,2444.8,"","","",""
RW6,4865,10/31/2023 13:40,18.23,311.44,"","","",""
RW6,4866,10/31/2023 13:45,18.36,4524.8,"","","",""
RW6,4867,10/31/2023 13:50,18.27,53.68,"","","",""
RW6,4868,10/31/2023 13:55,18.32,44.96,"","","",""
RW6,4869,10/31/2023 14:00,18.32,9909.76,"","","",""
RW6,4870,10/31/2023 14:05,18.4,4392.96,"","","",""
RW6,4871,10/31/2023 14:10,18.44,134.72,"","","",""
RW6,4872,10/31/2023 14:15,18.62,1987.2,"","","",""
RW6,4873,10/31/2023 14:20,18.7,17387.52,"","","",""
RW6,4874,10/31/2023 14:25,19.09,5440,"","","",""
RW6,4875,10/31/2023 14:30,19.56,19650.56,"","","",""
RW6,4876,10/31/2023 14:35,20.59,52879.36,"","","",""
RW6,4877,10/31/2023 14:40,22.01,51957.76,"","","",""
RW6,4878,10/31/2023 14:45,22.56,51179.52,"","","",""
RW6,4879,10/31/2023 14:50,23.38,49459.2,"","","",""
RW6,4970,10/31/2023 22:25,11.84,0,"","","",""
RW6,4971,10/31/2023 22:30,11.54,0,"","","",""
RW6,4972,10/31/2023 22:35,11.37,0,"","","",""
RW6,4973,10/31/2023 22:40,14.41,0,"","","",""
RW6,4974,10/31/2023 22:45,14.07,0,"","","",""
RW6,4975,10/31/2023 22:50,15.91,0,"","","",""
RW6,4976,10/31/2023 22:55,16.21,0,"","","",""
RW6,4977,10/31/2023 23:00,16.39,0,"","","",""
RW6,4978,10/31/2023 23:05,16.77,0,"","","",""
RW6,4979,10/31/2023 23:10,16.9,0,"","","",""
RW6,4980,10/31/2023 23:15,16.94,0,"","","",""
RW6,4981,10/31/2023 23:20,16.99,0,"","","",""
RW6,4982,10/31/2023 23:25,16.99,0,"","","",""
RW6,4983,10/31/2023 23:30,17.07,0,"","","",""
RW6,4984,10/31/2023 23:35,17.11,0,"","","",""
RW6,4985,10/31/2023 23:40,17.11,0,"","","",""
RW6,4986,10/31/2023 23:45,17.07,0,"","","",""
RW6,4987,10/31/2023 23:50,17.16,0,"","","",""
RW6,4988,10/31/2023 23:55,17.11,0,"","","",""
RW6,4989,11/1/2023 0:00,17.2,0,"","","",""
RW6,4990,11/1/2023 0:05,17.24,0,"","","",""
RW6,4991,11/1/2023 0:10,17.2,0,"","","",""
RW6,4992,11/1/2023 0:15,17.2,0,"","","",""
RW6,4993,11/1/2023 0:20,17.2,0,"","","",""
RW6,4994,11/1/2023 0:25,17.24,0,"","","",""
RW6,4995,11/1/2023 0:30,17.16,0,"","","",""
RW6,4996,11/1/2023 0:35,17.16,0,"","","",""
RW6,4997,11/1/2023 0:40,17.16,0,"","","",""
RW6,4998,11/1/2023 0:45,17.16,0,"","","",""
RW6,4999,11/1/2023 0:50,17.2,0,"","","",""
RW6,5000,11/1/2023 0:55,17.16,0,"","","",""
RW6,5001,11/1/2023 1:00,17.11,0,"","","",""
RW6,5002,11/1/2023 1:05,17.16,0,"","","",""
RW6,5003,11/1/2023 1:10,17.07,0,"","","",""
RW6,5004,11/1/2023 1:15,17.11,0,"","","",""
RW6,5005,11/1/2023 1:20,17.11,0,"","","",""
RW6,5006,11/1/2023 1:25,17.16,0,"","","",""
RW6,5007,11/1/2023 1:30,17.11,0,"","","",""
RW6,5008,11/1/2023 1:35,17.16,0,"","","",""
RW6,5009,11/1/2023 1:40,17.16,0,"","","",""
RW6,5010,11/1/2023 1:45,17.16,0,"","","",""
RW6,5011,11/1/2023 1:50,17.16,0,"","","",""
RW6,5012,11/1/2023 1:55,17.11,0,"","","",""
RW6,5013,11/1/2023 2:00,17.11,0,"","","",""
RW6,5014,11/1/2023 2:05,17.16,0,"","","",""
RW6,5015,11/1/2023 2:10,17.07,0,"","","",""
RW6,5016,11/1/2023 2:15,17.11,0,"","","",""
RW6,5017,11/1/2023 2:20,17.07,0,"","","",""
RW6,5018,11/1/2023 2:25,17.07,0,"","","",""
RW6,5019,11/1/2023 2:30,16.99,0,"","","",""
RW6,5020,11/1/2023 2:35,17.03,0,"","","",""
RW6,5021,11/1/2023 2:40,17.03,0,"","","",""
RW6,5022,11/1/2023 2:45,16.94,0,"","","",""
RW6,5023,11/1/2023 2:50,16.94,0,"","","",""
RW6,5024,11/1/2023 2:55,16.99,0,"","","",""
RW6,5025,11/1/2023 3:00,16.99,0,"","","",""
RW6,5026,11/1/2023 3:05,16.99,0,"","","",""
RW6,5027,11/1/2023 3:10,16.94,0,"","","",""
RW6,5028,11/1/2023 3:15,16.81,0,"","","",""
RW6,5029,11/1/2023 3:20,16.94,0,"","","",""
RW6,5030,11/1/2023 3:25,16.9,0,"","","",""
RW6,5031,11/1/2023 3:30,16.77,0,"","","",""
RW6,5032,11/1/2023 3:35,16.81,0,"","","",""
RW6,5033,11/1/2023 3:40,16.77,0,"","","",""
RW6,5034,11/1/2023 3:45,16.73,0,"","","",""
RW6,5035,11/1/2023 3:50,16.69,0,"","","",""
RW6,5036,11/1/2023 3:55,16.64,0,"","","",""
RW6,5037,11/1/2023 4:00,16.6,0,"","","",""
RW6,5038,11/1/2023 4:05,16.6,0,"","","",""
RW6,5039,11/1/2023 4:10,16.51,0,"","","",""
RW6,5040,11/1/2023 4:15,16.43,0,"","","",""
RW6,5041,11/1/2023 4:20,16.47,0,"","","",""
RW6,5042,11/1/2023 4:25,16.51,0,"","","",""
RW6,5043,11/1/2023 4:30,16.6,0,"","","",""
RW6,5044,11/1/2023 4:35,16.43,0,"","","",""
RW6,5045,11/1/2023 4:40,16.43,0,"","","",""
RW6,5046,11/1/2023 4:45,16.43,0,"","","",""
RW6,5047,11/1/2023 4:50,16.34,0,"","","",""
RW6,5048,11/1/2023 4:55,16.21,0,"","","",""
RW6,5049,11/1/2023 5:00,16.17,0,"","","",""
RW6,5050,11/1/2023 5:05,16.34,0,"","","",""
RW6,5051,11/1/2023 5:10,16.3,0,"","","",""
RW6,5052,11/1/2023 5:15,16.26,0,"","","",""
RW6,5053,11/1/2023 5:20,16.3,0,"","","",""
RW6,5054,11/1/2023 5:25,16.34,0,"","","",""
RW6,5055,11/1/2023 5:30,16.34,0,"","","",""
RW6,5056,11/1/2023 5:35,16.34,0,"","","",""
RW6,5057,11/1/2023 5:40,16.34,0,"","","",""
RW6,5058,11/1/2023 5:45,16.39,0,"","","",""
RW6,5059,11/1/2023 5:50,16.34,0,"","","",""
RW6,5060,11/1/2023 5:55,16.34,0,"","","",""
RW6,5061,11/1/2023 6:00,16.34,0,"","","",""
RW6,5062,11/1/2023 6:05,16.39,0,"","","",""
RW6,5063,11/1/2023 6:10,16.43,0,"","","",""
RW6,5064,11/1/2023 6:15,16.47,0,"","","",""
RW6,5065,11/1/2023 6:20,16.47,0,"","","",""
RW6,5066,11/1/2023 6:25,16.47,0,"","","",""
RW6,5067,11/1/2023 6:30,16.51,0,"","","",""
RW6,5068,11/1/2023 6:35,16.6,0,"","","",""
RW6,5069,11/1/2023 6:40,16.56,0,"","","",""
RW6,5070,11/1/2023 6:45,16.56,0,"","","",""
RW6,5071,11/1/2023 6:50,16.56,0.67,"","","",""
RW6,5072,11/1/2023 6:55,16.6,0,"","","",""
RW6,5073,11/1/2023 7:00,16.56,1.56,"","","",""
RW6,5074,11/1/2023 7:05,16.56,6.11,"","","",""
RW6,5075,11/1/2023 7:10,16.6,124,"","","",""
RW6,5076,11/1/2023 7:15,16.6,17.09,"","","",""
RW6,5077,11/1/2023 7:20,16.56,356.96,"","","",""
RW6,5078,11/1/2023 7:25,16.6,48.64,"","","",""
RW6,5079,11/1/2023 7:30,16.64,1112.64,"","","",""
RW6,5080,11/1/2023 7:35,16.69,85.56,"","","",""
RW6,5081,11/1/2023 7:40,16.69,111.6,"","","",""
RW6,5082,11/1/2023 7:45,16.69,1128.64,"","","",""
RW6,5083,11/1/2023 7:50,16.73,32.62,"","","",""
RW6,5084,11/1/2023 7:55,16.64,10.52,"","","",""
RW6,5085,11/1/2023 8:00,16.64,41.94,"","","",""
RW6,5086,11/1/2023 8:05,16.64,680.32,"","","",""
RW6,5087,11/1/2023 8:10,16.64,10.86,"","","",""
RW6,5088,11/1/2023 8:15,16.56,7.06,"","","",""
RW6,5089,11/1/2023 8:20,16.64,78.42,"","","",""
RW6,5090,11/1/2023 8:25,16.69,10.92,"","","",""
RW6,5091,11/1/2023 8:30,16.73,547.84,"","","",""
RW6,5092,11/1/2023 8:35,16.69,1603.2,"","","",""
RW6,5093,11/1/2023 8:40,16.77,0.89,"","","",""
RW6,5094,11/1/2023 8:45,16.81,78.36,"","","",""
RW6,5095,11/1/2023 8:50,16.86,0.44,"","","",""
RW6,5096,11/1/2023 8:55,16.81,20.05,"","","",""
RW6,5097,11/1/2023 9:00,16.86,13.04,"","","",""
RW6,5098,11/1/2023 9:05,16.86,10.89,"","","",""
RW6,5099,11/1/2023 9:10,16.86,618.88,"","","",""
RW6,5100,11/1/2023 9:15,16.94,248.16,"","","",""
RW6,5101,11/1/2023 9:20,16.94,546.88,"","","",""
RW6,5102,11/1/2023 9:25,16.99,48.54,"","","",""
RW6,5103,11/1/2023 9:30,16.99,57.74,"","","",""
RW6,5104,11/1/2023 9:35,17.03,37.76,"","","",""
RW6,5105,11/1/2023 9:40,17.03,68.8,"","","",""
RW6,5106,11/1/2023 9:45,16.99,107.88,"","","",""
RW6,5107,11/1/2023 9:50,17.03,51.72,"","","",""
RW6,5108,11/1/2023 9:55,17.07,23.46,"","","",""
RW6,5109,11/1/2023 10:00,17.07,25.91,"","","",""
RW6,5110,11/1/2023 10:05,17.11,3238.4,"","","",""
RW6,5111,11/1/2023 10:10,17.07,92.6,"","","",""
RW6,5112,11/1/2023 10:15,17.11,3230.72,"","","",""
RW6,5113,11/1/2023 10:20,17.16,5568,"","","",""
RW6,5114,11/1/2023 10:25,17.2,87.84,"","","",""
RW6,5115,11/1/2023 10:30,17.16,434.72,"","","",""
RW6,5116,11/1/2023 10:35,17.24,75.52,"","","",""
RW6,5117,11/1/2023 10:40,17.2,205.04,"","","",""
RW6,5118,11/1/2023 10:45,17.24,1909.76,"","","",""
RW6,5119,11/1/2023 10:50,17.33,3336.96,"","","",""
RW6,5120,11/1/2023 10:55,17.33,147.68,"","","",""
RW6,5121,11/1/2023 11:00,17.37,984.64,"","","",""
RW6,5122,11/1/2023 11:05,17.46,1042.88,"","","",""
RW6,5123,11/1/2023 11:10,17.46,63.72,"","","",""
RW6,5124,11/1/2023 11:15,17.41,8778.24,"","","",""
RW6,5125,11/1/2023 11:20,17.5,683.52,"","","",""
RW6,5126,11/1/2023 11:25,17.5,61.22,"","","",""
RW6,5127,11/1/2023 11:30,17.54,214.72,"","","",""
RW6,5128,11/1/2023 11:35,17.54,450.4,"","","",""
RW6,5129,11/1/2023 11:40,17.59,20.16,"","","",""
RW6,5130,11/1/2023 11:45,17.59,383.04,"","","",""
RW6,5131,11/1/2023 11:50,17.63,32.39,"","","",""
RW6,5132,11/1/2023 11:55,17.67,1953.28,"","","",""
RW6,5133,11/1/2023 12:00,17.67,641.6,"","","",""
RW6,5134,11/1/2023 12:05,17.67,25.38,"","","",""
RW6,5135,11/1/2023 12:10,17.63,691.2,"","","",""
RW6,5136,11/1/2023 12:15,17.72,1708.8,"","","",""
RW6,5137,11/1/2023 12:20,17.76,342.4,"","","",""
RW6,5138,11/1/2023 12:25,17.72,142.32,"","","",""
RW6,5139,11/1/2023 12:30,17.72,7406.08,"","","",""
RW6,5140,11/1/2023 12:35,17.72,5.41,"","","",""
RW6,5141,11/1/2023 12:40,17.76,4195.84,"","","",""
RW6,5142,11/1/2023 12:45,17.84,150.24,"","","",""
RW6,5143,11/1/2023 12:50,17.84,411.52,"","","",""
RW6,5144,11/1/2023 12:55,17.84,275.44,"","","",""
RW6,5145,11/1/2023 13:00,17.93,635.84,"","","",""
RW6,5146,11/1/2023 13:05,17.84,1251.2,"","","",""
RW6,5147,11/1/2023 13:10,17.89,54.22,"","","",""
RW6,5148,11/1/2023 13:15,17.89,1969.28,"","","",""
RW6,5149,11/1/2023 13:20,17.93,16.95,"","","",""
RW6,5150,11/1/2023 13:25,17.93,1511.04,"","","",""
RW6,5151,11/1/2023 13:30,17.93,80.38,"","","",""
RW6,5152,11/1/2023 13:35,17.97,68.08,"","","",""
RW6,5153,11/1/2023 13:40,17.97,801.92,"","","",""
RW6,5154,11/1/2023 13:45,18.02,4024.32,"","","",""
RW6,5155,11/1/2023 13:50,18.02,54.56,"","","",""
RW6,5156,11/1/2023 13:55,18.1,14.1,"","","",""
RW6,5157,11/1/2023 14:00,18.14,87.56,"","","",""
RW6,5158,11/1/2023 14:05,18.14,407.04,"","","",""
RW6,5159,11/1/2023 14:10,18.19,1268.8,"","","",""
RW6,5160,11/1/2023 14:15,18.14,76.6,"","","",""
RW6,5161,11/1/2023 14:20,18.1,671.36,"","","",""
RW6,5162,11/1/2023 14:25,18.19,2277.12,"","","",""
RW6,5163,11/1/2023 14:30,18.23,1610.24,"","","",""
RW6,5164,11/1/2023 14:35,18.27,6694.4,"","","",""
RW6,5165,11/1/2023 14:40,18.27,20.16,"","","",""
RW6,5166,11/1/2023 14:45,18.36,1012.48,"","","",""
RW6,5167,11/1/2023 14:50,18.4,344.16,"","","",""
RW6,5168,11/1/2023 14:55,18.36,470.24,"","","",""
RW6,5169,11/1/2023 15:00,18.44,247.52,"","","",""
RW6,5170,11/1/2023 15:05,18.53,236.48,"","","",""
RW6,5171,11/1/2023 15:10,18.66,394.24,"","","",""
RW6,5172,11/1/2023 15:15,18.7,528.16,"","","",""
RW6,5173,11/1/2023 15:20,18.7,360.48,"","","",""
RW6,5174,11/1/2023 15:25,18.87,580,"","","",""
RW6,5175,11/1/2023 15:30,18.83,512,"","","",""
RW6,5176,11/1/2023 15:35,18.92,485.28,"","","",""
RW6,5177,11/1/2023 15:40,18.87,466.08,"","","",""
RW6,5178,11/1/2023 15:45,18.96,450.4,"","","",""
RW6,5271,11/1/2023 23:30,11.88,0,"","","",""
RW6,5272,11/1/2023 23:35,11.79,0,"","","",""
RW6,5273,11/1/2023 23:40,11.84,0,"","","",""
RW6,5274,11/1/2023 23:45,14.67,0,"","","",""
RW6,5275,11/1/2023 23:50,15.61,0,"","","",""
RW6,5276,11/1/2023 23:55,15.96,0,"","","",""
RW6,5277,11/2/2023 0:00,15.91,0,"","","",""
RW6,5278,11/2/2023 0:05,16.26,0,"","","",""
RW6,5279,11/2/2023 0:10,16.47,0,"","","",""
RW6,5280,11/2/2023 0:15,16.39,0,"","","",""
RW6,5281,11/2/2023 0:20,16.51,0,"","","",""
RW6,5282,11/2/2023 0:25,16.64,0,"","","",""
RW6,5283,11/2/2023 0:30,16.73,0,"","","",""
RW6,5284,11/2/2023 0:35,16.77,0,"","","",""
RW6,5285,11/2/2023 0:40,16.81,0,"","","",""
RW6,5286,11/2/2023 0:45,16.81,0,"","","",""
RW6,5287,11/2/2023 0:50,16.86,0,"","","",""
RW6,5288,11/2/2023 0:55,16.94,0,"","","",""
RW6,5289,11/2/2023 1:00,16.9,0,"","","",""
RW6,5290,11/2/2023 1:05,16.86,0,"","","",""
RW6,5291,11/2/2023 1:10,16.86,0,"","","",""
RW6,5292,11/2/2023 1:15,16.9,0,"","","",""
RW6,5293,11/2/2023 1:20,16.9,0,"","","",""
RW6,5294,11/2/2023 1:25,16.86,0,"","","",""
RW6,5295,11/2/2023 1:30,16.9,0,"","","",""
RW6,5296,11/2/2023 1:35,16.9,0,"","","",""
RW6,5297,11/2/2023 1:40,16.94,0,"","","",""
RW6,5298,11/2/2023 1:45,16.94,0,"","","",""
RW6,5299,11/2/2023 1:50,16.9,0,"","","",""
RW6,5300,11/2/2023 1:55,16.94,0,"","","",""
RW6,5301,11/2/2023 2:00,16.9,0,"","","",""
RW6,5302,11/2/2023 2:05,16.9,0,"","","",""
RW6,5303,11/2/2023 2:10,16.86,0,"","","",""
RW6,5304,11/2/2023 2:15,16.86,0,"","","",""
RW6,5305,11/2/2023 2:20,16.9,0,"","","",""
RW6,5306,11/2/2023 2:25,16.81,0,"","","",""
RW6,5307,11/2/2023 2:30,16.73,0,"","","",""
RW6,5308,11/2/2023 2:35,16.73,0,"","","",""
RW6,5309,11/2/2023 2:40,16.73,0,"","","",""
RW6,5310,11/2/2023 2:45,16.77,0,"","","",""
RW6,5311,11/2/2023 2:50,16.77,0,"","","",""
RW6,5312,11/2/2023 2:55,16.86,0,"","","",""
RW6,5313,11/2/2023 3:00,16.86,0,"","","",""
RW6,5314,11/2/2023 3:05,16.86,0,"","","",""
RW6,5315,11/2/2023 3:10,16.81,0,"","","",""
RW6,5316,11/2/2023 3:15,16.86,0,"","","",""
RW6,5317,11/2/2023 3:20,16.81,0,"","","",""
RW6,5318,11/2/2023 3:25,16.81,0,"","","",""
RW6,5319,11/2/2023 3:30,16.77,0,"","","",""
RW6,5320,11/2/2023 3:35,16.73,0,"","","",""
RW6,5321,11/2/2023 3:40,16.73,0,"","","",""
RW6,5322,11/2/2023 3:45,16.77,0,"","","",""
RW6,5323,11/2/2023 3:50,16.81,0,"","","",""
RW6,5324,11/2/2023 3:55,16.86,0,"","","",""
RW6,5325,11/2/2023 4:00,16.86,0,"","","",""
RW6,5326,11/2/2023 4:05,16.86,0,"","","",""
RW6,5327,11/2/2023 4:10,16.73,0,"","","",""
RW6,5328,11/2/2023 4:15,16.77,0,"","","",""
RW6,5329,11/2/2023 4:20,16.73,0,"","","",""
RW6,5330,11/2/2023 4:25,16.73,0,"","","",""
RW6,5331,11/2/2023 4:30,16.73,0,"","","",""
RW6,5332,11/2/2023 4:35,16.64,0,"","","",""
RW6,5333,11/2/2023 4:40,16.64,0,"","","",""
RW6,5334,11/2/2023 4:45,16.64,0,"","","",""
RW6,5335,11/2/2023 4:50,16.64,0,"","","",""
RW6,5336,11/2/2023 4:55,16.56,0,"","","",""
RW6,5337,11/2/2023 5:00,16.6,0,"","","",""
RW6,5338,11/2/2023 5:05,16.6,0,"","","",""
RW6,5339,11/2/2023 5:10,16.56,0,"","","",""
RW6,5340,11/2/2023 5:15,16.56,0,"","","",""
RW6,5341,11/2/2023 5:20,16.64,0,"","","",""
RW6,5342,11/2/2023 5:25,16.6,0,"","","",""
RW6,5343,11/2/2023 5:30,16.6,0,"","","",""
RW6,5344,11/2/2023 5:35,16.56,0,"","","",""
RW6,5345,11/2/2023 5:40,16.47,0,"","","",""
RW6,5346,11/2/2023 5:45,16.47,0,"","","",""
RW6,5347,11/2/2023 5:50,16.47,0,"","","",""
RW6,5348,11/2/2023 5:55,16.56,0,"","","",""
RW6,5349,11/2/2023 6:00,16.51,0,"","","",""
RW6,5350,11/2/2023 6:05,16.6,0,"","","",""
RW6,5351,11/2/2023 6:10,16.56,0,"","","",""
RW6,5352,11/2/2023 6:15,16.64,0,"","","",""
RW6,5353,11/2/2023 6:20,16.6,0,"","","",""
RW6,5354,11/2/2023 6:25,16.64,0,"","","",""
RW6,5355,11/2/2023 6:30,16.56,0,"","","",""
RW6,5356,11/2/2023 6:35,16.56,0,"","","",""
RW6,5357,11/2/2023 6:40,16.6,0,"","","",""
RW6,5358,11/2/2023 6:45,16.56,0,"","","",""
RW6,5359,11/2/2023 6:50,16.56,0,"","","",""
RW6,5360,11/2/2023 6:55,16.56,2.01,"","","",""
RW6,5361,11/2/2023 7:00,16.64,0.22,"","","",""
RW6,5362,11/2/2023 7:05,16.64,0.44,"","","",""
RW6,5363,11/2/2023 7:10,16.64,2.68,"","","",""
RW6,5364,11/2/2023 7:15,16.6,52.66,"","","",""
RW6,5365,11/2/2023 7:20,16.64,4.46,"","","",""
RW6,5366,11/2/2023 7:25,16.64,11.47,"","","",""
RW6,5367,11/2/2023 7:30,16.56,492.8,"","","",""
RW6,5368,11/2/2023 7:35,16.69,69.36,"","","",""
RW6,5369,11/2/2023 7:40,16.69,1117.12,"","","",""
RW6,5370,11/2/2023 7:45,16.64,26.97,"","","",""
RW6,5371,11/2/2023 7:50,16.69,115.28,"","","",""
RW6,5372,11/2/2023 7:55,16.73,229.68,"","","",""
RW6,5373,11/2/2023 8:00,16.69,12.48,"","","",""
RW6,5374,11/2/2023 8:05,16.73,705.92,"","","",""
RW6,5375,11/2/2023 8:10,16.69,24.52,"","","",""
RW6,5376,11/2/2023 8:15,16.73,971.2,"","","",""
RW6,5377,11/2/2023 8:20,16.81,47.36,"","","",""
RW6,5378,11/2/2023 8:25,16.86,91.36,"","","",""
RW6,5379,11/2/2023 8:30,16.81,21.03,"","","",""
RW6,5380,11/2/2023 8:35,16.81,252.24,"","","",""
RW6,5381,11/2/2023 8:40,16.81,24.96,"","","",""
RW6,5382,11/2/2023 8:45,16.9,566.56,"","","",""
RW6,5383,11/2/2023 8:50,16.9,76.52,"","","",""
RW6,5384,11/2/2023 8:55,16.9,339.36,"","","",""
RW6,5385,11/2/2023 9:00,16.86,975.68,"","","",""
RW6,5386,11/2/2023 9:05,16.9,973.12,"","","",""
RW6,5387,11/2/2023 9:10,16.86,92.52,"","","",""
RW6,5388,11/2/2023 9:15,16.86,254.64,"","","",""
RW6,5389,11/2/2023 9:20,16.86,1501.44,"","","",""
RW6,5390,11/2/2023 9:25,16.94,130.68,"","","",""
RW6,5391,11/2/2023 9:30,16.99,75.96,"","","",""
RW6,5392,11/2/2023 9:35,16.99,129.92,"","","",""
RW6,5393,11/2/2023 9:40,17.03,4.72,"","","",""
RW6,5394,11/2/2023 9:45,17.07,70.48,"","","",""
RW6,5395,11/2/2023 9:50,17.11,10.94,"","","",""
RW6,5396,11/2/2023 9:55,17.07,69.36,"","","",""
RW6,5397,11/2/2023 10:00,17.16,724.16,"","","",""
RW6,5398,11/2/2023 10:05,17.2,3118.08,"","","",""
RW6,5399,11/2/2023 10:10,17.24,336,"","","",""
RW6,5400,11/2/2023 10:15,17.29,2182.4,"","","",""
RW6,5401,11/2/2023 10:20,17.29,12.95,"","","",""
RW6,5402,11/2/2023 10:25,17.33,106.96,"","","",""
RW6,5403,11/2/2023 10:30,17.29,2559.36,"","","",""
RW6,5404,11/2/2023 10:35,17.29,771.2,"","","",""
RW6,5405,11/2/2023 10:40,17.29,1682.56,"","","",""
RW6,5406,11/2/2023 10:45,17.41,2078.72,"","","",""
RW6,5407,11/2/2023 10:50,17.33,11115.52,"","","",""
RW6,5408,11/2/2023 10:55,17.46,151.24,"","","",""
RW6,5409,11/2/2023 11:00,17.46,1011.52,"","","",""
RW6,5410,11/2/2023 11:05,17.46,9943.04,"","","",""
RW6,5411,11/2/2023 11:10,17.5,6371.84,"","","",""
RW6,5412,11/2/2023 11:15,17.5,2.9,"","","",""
RW6,5413,11/2/2023 11:20,17.54,84.88,"","","",""
RW6,5414,11/2/2023 11:25,17.54,14.02,"","","",""
RW6,5415,11/2/2023 11:30,17.54,5.22,"","","",""
RW6,5416,11/2/2023 11:35,17.54,108.24,"","","",""
RW6,5417,11/2/2023 11:40,17.59,1831.68,"","","",""
RW6,5418,11/2/2023 11:45,17.59,543.84,"","","",""
RW6,5419,11/2/2023 11:50,17.72,528.96,"","","",""
RW6,5420,11/2/2023 11:55,17.67,111.68,"","","",""
RW6,5421,11/2/2023 12:00,17.72,3262.72,"","","",""
RW6,5422,11/2/2023 12:05,17.72,11.47,"","","",""
RW6,5423,11/2/2023 12:10,17.76,10257.92,"","","",""
RW6,5424,11/2/2023 12:15,17.8,239.52,"","","",""
RW6,5425,11/2/2023 12:20,17.8,7836.16,"","","",""
RW6,5426,11/2/2023 12:25,17.8,130.92,"","","",""
RW6,5427,11/2/2023 12:30,17.89,18.37,"","","",""
RW6,5428,11/2/2023 12:35,17.89,306.96,"","","",""
RW6,5429,11/2/2023 12:40,17.89,769.28,"","","",""
RW6,5430,11/2/2023 12:45,17.93,64.46,"","","",""
RW6,5431,11/2/2023 12:50,17.93,13844.48,"","","",""
RW6,5432,11/2/2023 12:55,17.93,30.77,"","","",""
RW6,5433,11/2/2023 13:00,17.97,22.7,"","","",""
RW6,5434,11/2/2023 13:05,18.06,4343.04,"","","",""
RW6,5435,11/2/2023 13:10,18.02,32.9,"","","",""
RW6,5436,11/2/2023 13:15,18.06,440.16,"","","",""
RW6,5437,11/2/2023 13:20,18.1,2679.04,"","","",""
RW6,5438,11/2/2023 13:25,18.14,6458.88,"","","",""
RW6,5439,11/2/2023 13:30,18.19,209.76,"","","",""
RW6,5440,11/2/2023 13:35,18.19,453.76,"","","",""
RW6,5441,11/2/2023 13:40,18.19,644.32,"","","",""
RW6,5442,11/2/2023 13:45,18.23,4574.72,"","","",""
RW6,5443,11/2/2023 13:50,18.23,2491.52,"","","",""
RW6,5444,11/2/2023 13:55,18.27,1083.84,"","","",""
RW6,5445,11/2/2023 14:00,18.23,16.19,"","","",""
RW6,5446,11/2/2023 14:05,18.23,74.06,"","","",""
RW6,5447,11/2/2023 14:10,18.27,94.4,"","","",""
RW6,5448,11/2/2023 14:15,18.27,14.38,"","","",""
RW6,5449,11/2/2023 14:20,18.27,3270.4,"","","",""
RW6,5450,11/2/2023 14:25,18.27,174,"","","",""
RW6,5451,11/2/2023 14:30,18.27,192.8,"","","",""
RW6,5452,11/2/2023 14:35,18.36,42.56,"","","",""
RW6,5453,11/2/2023 14:40,18.4,37.84,"","","",""
RW6,5454,11/2/2023 14:45,18.49,17879.04,"","","",""
RW6,5455,11/2/2023 14:50,18.49,61.26,"","","",""
RW6,5456,11/2/2023 14:55,18.53,143.76,"","","",""
RW6,5457,11/2/2023 15:00,18.57,216.72,"","","",""
RW6,5458,11/2/2023 15:05,18.53,12180.48,"","","",""
RW6,5459,11/2/2023 15:10,18.49,227.84,"","","",""
RW6,5460,11/2/2023 15:15,18.44,99.52,"","","",""
RW6,5461,11/2/2023 15:20,18.57,239.04,"","","",""
RW6,5462,11/2/2023 15:25,18.57,1270.72,"","","",""
RW6,5463,11/2/2023 15:30,18.66,1754.24,"","","",""
RW6,5464,11/2/2023 15:35,18.57,126,"","","",""
RW6,5465,11/2/2023 15:40,18.57,383.04,"","","",""
RW6,5466,11/2/2023 15:45,18.57,4952.32,"","","",""
RW6,5467,11/2/2023 15:50,18.53,470.4,"","","",""
RW6,5468,11/2/2023 15:55,18.44,386.4,"","","",""
RW6,5469,11/2/2023 16:00,18.36,129.24,"","","",""
RW6,5470,11/2/2023 16:05,18.74,824.32,"","","",""
RW6,5471,11/2/2023 16:10,19,2634.24,"","","",""
RW6,5472,11/2/2023 16:15,18.32,542.4,"","","",""
RW6,5473,11/2/2023 16:20,17.54,279.68,"","","",""
RW6,5474,11/2/2023 16:25,17.72,126.56,"","","",""
RW6,5475,11/2/2023 16:30,17.03,132.04,"","","",""
RW6,5476,11/2/2023 16:35,16.73,131.12,"","","",""
