Sampling_Date,Sampling_Time,Day_Night,Benthos,Quad_ID,UniqueID,Site,Season,ID_number,Samplinghour,Month,group_time,pH,Salinity,TempInSitu,TA,DIC,pCO2,CO2,CO3,HCO3,OmegaCalcite,OmegaAragonite,NO3,PO4,SIL,NO2,NH4,OceanpH,Notes,UVHumic,Tyrosine,VisibleHumic,MarineHumic,Tryptophan,Phenylalanine,FulvicAcid,Optical_Brighteners,Lignin,BIX,HIX,FI,M_to_C
7/31/2023,9:57:00,Day,Barnacle,B1,B1_Day,Long Beach,Summer,1,9,7,Morning,8.066572205,32.84,21.23,2219.670036,1962.359777,370.7842451,11.71421336,184.1245123,1766.521052,4.482529044,2.910629318,8.98,0.51,3.9,0.16,4.52,8.028743195,NA,0.046102371,0.057527244,0.04182372,0.055033315,0.123615153,0.001339315,0.020600838,0.036219026,0.203553027,0.93502005,1.21320173,1.52650384,0.759970939
7/31/2023,9:57:00,Day,Barnacle,B3,B3_Day,Long Beach,Summer,3,9,7,Morning,8.088093952,32.92,20.93,2212.142877,1945.863686,347.8750079,11.07571726,189.3977842,1745.390185,4.606213894,2.989092899,4.21,0.36,7.5,0.13,3.36,8.028743195,NA,0.041785011,0.060561448,0.03807485,0.052569984,0.121551818,0.022212878,0.016050214,0.029167389,0.149176893,0.960267657,1.052502026,1.642589837,0.724269773
7/31/2023,9:57:00,Day,Barnacle,B5,B5_Day,Long Beach,Summer,5,9,7,Morning,8.070430964,32.5,20.63,2193.856043,1943.685638,363.8342973,11.7056813,178.8028616,1753.177096,4.359937768,2.82428655,0.74,0.31,4.5,0.12,1.58,8.028743195,NA,0.043494733,0.088614134,0.036480743,0.062572835,0.107121657,0.040415182,0.016884141,0.028775638,0.134568266,0.834486757,0.978589338,1.660770687,0.583012468
7/31/2023,9:57:00,Day,Open Ocean,OO1,OO_Day1,Long Beach,Summer,1,9,7,Morning,8.028743195,32.52,20.68,2222.332885,1990.598651,413.4052144,13.28087675,168.0316679,1809.286106,4.096997989,2.654433925,0.62,0.32,7,0.08,0.7,8.028743195,Used B5 hobo for sas OO temperature,0.0520272,0.051134363,0.048499644,0.057980797,0.091062647,0,0.023166924,0.039864219,0.124201216,0.895327313,1.800604506,1.480926852,0.836477702
7/31/2023,9:57:00,Day,Rockweed,RW1,RW1_Day,Long Beach,Summer,1,9,7,Morning,8.063194067,32.3,20.76,2221.371946,1973.125176,376.7002491,12.08952334,178.7678644,1782.267788,4.366197997,2.827940436,1.33,0.41,6.4,0.17,6.63,8.028743195,NA,0.07146514,0.100065909,0.066118468,0.084775578,0.121340355,0.039617493,0.030913937,0.054318649,0.14343974,0.846553364,1.329465377,1.555342748,0.779923526
7/31/2023,9:57:00,Day,Rockweed,RW3,RW3_Day,Long Beach,Summer,3,9,7,Morning,8.045557711,33.05,20.68,2171.436726,1931.598638,383.5338738,12.28614609,170.9503214,1748.36217,4.152181953,2.693460015,0.49,0.4,5,0.15,2.01,8.028743195,NA,0.057349032,0.091056582,0.051788185,0.068127824,0.095968305,0.034032264,0.022992579,0.042383915,0.110492351,0.843010178,1.177987799,1.614773391,0.760162033
7/31/2023,9:57:00,Day,Rockweed,RW5,RW5_Day,Long Beach,Summer,5,9,7,Morning,8.044987476,32.44,20.68,2237.979527,1997.460176,398.6091683,12.81106125,174.2090101,1810.440104,4.250065408,2.753079109,1.38,0.41,7.2,0.27,11.2,8.028743195,NA,0.071123111,0.096662482,0.064826866,0.085751395,0.09069719,0.005650747,0.027661215,0.051629547,0.131495215,0.851255437,1.827796659,1.598997285,0.755986135
7/31/2023,9:57:00,Day,Surfgrass,P1,P1_Day,Long Beach,Summer,1,9,7,Morning,7.993799456,32.51,20.76,2178.925258,1966.57694,445.445429,14.27963382,154.4826944,1797.814612,3.767352627,2.441313266,1.11,0.39,5.4,0.19,1.68,8.028743195,NA,0.06416353,0.107214867,0.062083634,0.073668113,0.123512675,0.028476306,0.029486048,0.048588632,0.114803114,0.800105594,1.406846051,1.496838806,0.842747711
8/1/2023,21:33:00,Night,Barnacle,B1,B1_Night,Long Beach,Summer,1,21,8,Evening,8.079284779,32.45,20.8,2178.892963,1924.346975,352.6060518,11.29476883,181.1967431,1731.855463,4.42099979,2.864779228,1.48,0.5,6.3,0.11,1.36,8.097748544,NA,0.076916263,0.063039515,0.06755433,0.084230024,0.100163332,0.02005025,0.032757886,0.055205101,0.145349055,0.767004905,2.025677908,1.472450891,0.802021972
8/1/2023,21:33:00,Night,Barnacle,B5,B5_Night,Long Beach,Summer,5,21,8,Evening,8.053716671,32.75,20.25,2191.479707,1951.271121,379.791182,12.33089443,171.9882946,1766.951931,4.184015375,2.709226596,0.8,0.44,5.2,0.13,1.85,8.097748544,NA,NA,NA,NA,NA,NA,NA,NA,NA,NA,NA,NA,NA,NA
8/1/2023,21:33:00,Night,Mussel,M1,M1_Night,Long Beach,Summer,1,21,8,Evening,8.05799744,33.01,20.25,2215.525752,1969.574078,378.7095495,12.27852714,176.1809832,1781.114567,4.278003886,2.771712231,1.49,0.45,4.7,0.14,2.19,8.097748544,might have a few mls contamination from accidental cal,0.051350692,0.062377167,0.04666586,0.060400805,0.083380633,0.035858341,0.022057744,0.037735748,0.093344057,0.805047881,1.305567031,1.648734355,0.772603283
8/1/2023,21:33:00,Night,Open Ocean,OO1,OO_Night1,Long Beach,Summer,1,21,8,Evening,8.097748544,33.21,20.25,2214.082347,1945.958935,338.3213265,10.95722225,190.0538833,1744.94783,4.608199867,2.986949909,NA,NA,NA,NA,NA,8.097748544,No Nutrients,NA,NA,NA,NA,NA,NA,NA,NA,NA,NA,NA,NA,NA
8/1/2023,21:33:00,Night,Rockweed,RW1,RW1_Night,Long Beach,Summer,1,21,8,Evening,8.094134975,32.52,21.02,2150.113075,1887.951412,333.339022,10.60968635,185.0435418,1692.298184,4.514040466,2.927262632,1,0.54,7,0.13,1.57,8.097748544,NA,0.07403929,0.065455913,0.06452315,0.083639488,0.088549921,0.021657514,0.03121937,0.052326054,0.139446882,0.750576766,2.013020506,1.518966236,0.771443627
8/1/2023,21:33:00,Night,Rockweed,RW3,RW3_Night,Long Beach,Summer,3,21,8,Evening,8.088932139,32.75,21.1,2150.22158,1888.53131,337.4231478,10.70310055,184.5187077,1693.309502,4.494231194,2.916611367,2.44,0.57,5.1,0.17,2.62,8.097748544,NA,0.082952461,0.084498745,0.074680917,0.094504507,0.125961876,0.019336444,0.035840647,0.060011849,0.146674569,0.760097252,1.517484903,1.485034734,0.790236568
8/1/2023,21:33:00,Night,Rockweed,RW5,RW5_Night,Long Beach,Summer,5,21,8,Evening,8.099100977,32.84,21.23,2177.462649,1906.337625,331.9262329,10.48657093,191.4650554,1704.385999,4.661235274,3.026668186,4,0.68,8.6,0.39,1.86,8.097748544,NA,0.09469437,0.064383891,0.086074385,0.103536183,0.112599664,0.025834734,0.04251859,0.070889245,0.149829357,0.760979613,2.518282718,1.423491491,0.831345935
8/1/2023,21:33:00,Night,Surfgrass,P1,P1_Night,Long Beach,Summer,1,21,8,Evening,8.088097948,32.6,20.98,2153.808019,1894.260924,339.3595913,10.80844663,183.4053996,1700.047078,4.471213304,2.899732111,0.81,0.5,5.7,0.14,1.22,8.097748544,NA,0.084073355,0.078027569,0.076303118,0.09446788,0.123315458,0.047145169,0.03788127,0.062644584,0.126581377,0.790373928,1.841058935,1.435362206,0.807714942
8/1/2023,21:33:00,Night,Surfgrass,P3,P3_Night,Long Beach,Summer,3,21,8,Evening,8.098382792,33.2,21.06,2150.314599,1880.751514,327.2010051,10.36508748,188.9985269,1681.3879,4.587911028,2.980089523,0.64,0.61,6.1,0.09,0.87,8.097748544,NA,0.101290739,0.040244246,0.095301655,0.109317294,0.064249691,0.035001032,0.046466234,0.079042669,0.11685168,0.77745477,4.509276155,1.429475722,0.871789369
8/2/2023,11:10:00,Day,Barnacle,B6,B6_Day,Long Beach,Summer,6,11,8,Morning,8.004284179,33.45,19.26,2213.248654,1998.622927,436.5097664,14.5133886,155.6130789,1828.496459,3.762135682,2.433599361,0.79,0.4,5.2,0.17,1.27,8.006322803,NA,0.052366121,0.056924191,0.046970867,0.058294923,0.081972791,0.039537714,0.022354918,0.038311933,0.107014134,0.821356088,1.236522183,1.539924389,0.805745417
8/2/2023,11:10:00,Day,Mussel,M2,M2_Day,Long Beach,Summer,2,11,8,Morning,8.025125111,32.87,19,2222.896243,2003.090072,416.4623825,13.99269277,159.539972,1829.557408,3.871744214,2.499744957,NA,NA,NA,NA,NA,8.006322803,No Nutrients,NA,NA,NA,NA,NA,NA,NA,NA,NA,NA,NA,NA,NA
8/2/2023,11:10:00,Day,Mussel,M6,M6_Day,Long Beach,Summer,6,11,8,Morning,8.002125053,32.96,19.35,2232.201609,2019.690329,444.7719264,14.79012959,155.3314458,1849.568754,3.768800364,2.435907219,3.36,0.4,5.4,0.14,1.62,8.006322803,Barely any TA/pH water,0.045909536,0.043409724,0.041146844,0.054022242,0.06179853,0.005133652,0.018530324,0.032728551,0.088024365,0.842172551,2.055033914,1.533214792,0.761664872
8/2/2023,11:10:00,Day,Rockweed,RW2,RW2_Day,Long Beach,Summer,2,11,8,Morning,7.989295847,33.08,19.26,2236.840058,2029.99368,460.9205289,15.3558797,151.8126491,1862.825151,3.679905507,2.378539848,2.16,0.56,5.6,0.15,2.92,8.006322803,NA,0.076484691,0.076186202,0.070894675,0.084421318,0.107386027,0.029177305,0.034827209,0.057493243,0.134600863,0.768400903,2.098619209,1.446195709,0.839772189
8/2/2023,11:10:00,Day,Rockweed,RW4,RW4_Day,Long Beach,Summer,4,11,8,Morning,7.977171302,33.18,19.13,2229.400653,2028.959212,474.115312,15.84471124,147.4847884,1865.629713,3.571932933,2.308496232,0.45,0.41,12,0.08,0.68,8.006322803,NA,0.068966545,0.039507898,0.063236275,0.077267898,0.060359472,0,0.031483608,0.051461775,0.106877995,0.797272451,3.386059753,1.458851198,0.818402947
8/2/2023,11:10:00,Day,Rockweed,RW6,RW6_Day,Long Beach,Summer,6,11,8,Morning,7.974688088,33.04,19.17,2230.971256,2032.113001,478.1779734,15.97466578,146.6752608,1869.463075,3.556003752,2.29773396,1.15,1.75,6.4,0.35,0.81,8.006322803,NA,0.090965778,0.025682167,0.086754736,0.09526233,0.049281998,0,0.043347403,0.070021925,0.126772617,0.741979705,5.909342125,1.38623051,0.910692992
8/2/2023,11:10:00,Day,Surfgrass,P2,P2_Day,Long Beach,Summer,2,11,8,Morning,7.97896828,33.07,19.26,2214.947777,2014.308272,469.1293628,15.63021202,147.2989901,1851.379069,3.570747804,2.307934424,0.46,1.01,8.3,0.17,0.1,8.006322803,NA,0.082904365,0.036402559,0.078290833,0.086166049,0.046140428,0.007894632,0.039384004,0.064276656,0.078012801,0.760212013,5.547699756,1.382850549,0.908604191
8/2/2023,11:10:00,Day,Surfgrass,P4,P4_Day,Long Beach,Summer,3,11,8,Morning,8.094009674,32.89,18.53,2195.992281,1947.317577,340.6137178,11.5965289,176.6799233,1759.041125,4.284789712,2.763331988,NA,NA,NA,NA,NA,8.006322803,No Nutrients,NA,NA,NA,NA,NA,NA,NA,NA,NA,NA,NA,NA,NA
8/2/2023,11:10:00,Day,Surfgrass,P6,P6_Day,Long Beach,Summer,6,11,8,Morning,8.117882168,32.82,18.4,2176.8265,1918.843433,316.1674221,10.80833447,181.9609925,1726.074106,4.414362661,2.84554282,0.68,0.5,5.7,0.09,0.84,8.006322803,NA,0.074447183,0.051909178,0.068012897,0.077126551,0.065224134,0.013744357,0.033808548,0.055957407,0.125696415,0.738105588,2.839929072,1.46162964,0.881835066
8/3/2023,23:09:00,Night,Barnacle,B4,B4_Night,Long Beach,Summer,4,23,8,Evening,8.059849266,32.86,18.4,2223.684058,1991.364534,379.1326408,12.95799145,167.212439,1811.194103,4.055443203,2.614414766,0.4,0.44,4.1,0.08,0.88,8.124998527,NA,0.03931637,0.073088622,0.03470299,0.047811759,0.078586458,0.022012483,0.016131964,0.02793167,0.090137811,0.764035466,0.986537744,1.570160087,0.725825418
8/3/2023,23:09:00,Night,Barnacle,B6,B6_Night,Long Beach,Summer,6,23,8,Evening,8.10034865,32.9,18.57,2220.391967,1966.132123,338.5222592,11.51157979,181.0730139,1773.54753,4.391221591,2.832313097,NA,NA,NA,NA,NA,8.124998527,No Nutrients,0.044606216,0.059074643,0.043100734,0.052412428,0.089872811,0.01041607,0.019391571,0.034747238,0.128475564,0.902046225,1.301100778,1.474890282,0.822338043
8/3/2023,23:09:00,Night,Open Ocean,OO2,OO_Night2,Long Beach,Summer,2,23,8,Evening,8.124998527,33.1,18.32,2209.938584,1944.149921,314.0707943,10.74474088,187.7560841,1745.649096,4.545742863,2.931472327,NA,NA,NA,NA,NA,8.124998527,NA,0.06241643,0.036807904,0.059260989,0.065693574,0.052208076,0.011534121,0.030050309,0.048182739,0.08958855,0.785039029,3.827898296,1.368899792,0.902081979
8/3/2023,23:09:00,Night,Rockweed,RW2,RW2_Night,Long Beach,Summer,2,23,8,Evening,8.055708864,32.88,19.17,2206.554815,1971.584759,380.2082784,12.71282476,168.6198637,1790.25207,4.092636695,2.643544326,0.99,0.63,6.4,0.1,1.35,8.124998527,NA,0.083825359,0.047098323,0.076598034,0.08836376,0.08379983,0.027671638,0.039098548,0.062588356,0.111124452,0.737275572,2.959228056,1.391910297,0.866848968
8/3/2023,23:09:00,Night,Surfgrass,P2,P2_Night,Long Beach,Summer,2,23,8,Evening,8.123868507,32.9,19.26,2188.438082,1918.780702,312.0795977,10.40733141,190.0784826,1718.294888,4.613317263,2.980673178,0.63,0.5,6.4,0.15,2.74,8.124998527,NA,0.065752746,0.06388944,0.060742894,0.073792759,0.097886032,0.039116954,0.028220364,0.050003675,0.084555995,0.832760692,2.068045248,1.469967784,0.823155213
8/3/2023,23:09:00,Night,Surfgrass,P4,P4_Night,Long Beach,Summer,4,23,8,Evening,8.048395007,32.9,18.87,2208.601852,1979.232053,388.2307912,13.09002527,165.0141532,1801.127875,4.003144437,2.583919665,NA,NA,NA,NA,NA,8.124998527,No Nutrients,NA,NA,NA,NA,NA,NA,NA,NA,NA,NA,NA,NA,NA
8/4/2023,12:29:00,Day,Barnacle,B4,B4_Day,Long Beach,Summer,4,12,8,Afternoon,8.109676849,33.15,19.95,2236.160262,1962.601104,330.9658325,10.81185519,194.2726718,1757.516577,4.710735235,3.050645541,0.41,0.4,6.1,0.05,0.64,8.1380851,NA,0.025649402,0.046264293,0.023045151,0.030784901,0.064532137,0.039778191,0.010931843,0.018113071,0.037963898,0.934786686,1.099750411,1.619403442,0.748586176
8/4/2023,12:29:00,Day,Open Ocean,OO,OO_Day3,Long Beach,Summer,3,12,8,Afternoon,8.145538814,33.38,19.47,2225.060838,1934.968769,297.2626753,9.82933799,204.04372,1721.095711,4.936653699,3.194589156,0.3,0.39,5,0.03,0.52,8.1380851,NA,0.030938821,0.055991594,0.028113936,0.037144361,0.081246191,0.026689717,0.01367783,0.023048133,0.09632238,0.9267737,0.987466792,1.626106284,0.756883003
8/4/2023,12:29:00,Day,Open Ocean,OO,OO_Day3b,Long Beach,Summer,3,12,8,Afternoon,8.130631386,33.18,19.47,2229.14092,1948.486329,311.2108551,10.30173177,198.3574399,1739.827157,4.805928173,3.108676799,NA,NA,NA,NA,NA,8.1380851,No Nutrients,NA,NA,NA,NA,NA,NA,NA,NA,NA,NA,NA,NA,NA
8/4/2023,12:29:00,Day,Surfgrass,P3,P3_Day,Long Beach,Summer,3,12,8,Afternoon,8.153318954,32.95,19.05,2208.918513,1922.748982,290.0581271,9.727667143,201.2831414,1711.738173,4.882323309,3.153169654,0.62,0.44,6,0.09,0.54,8.1380851,NA,0.063190197,0.041982123,0.059027188,0.068027993,0.047339399,0.021020715,0.029027815,0.04695526,0.081951781,0.775832689,3.92891229,1.414409699,0.867689683
8/5/2023,0:00:00,Night,Barnacle,B2,B2_Night,Long Beach,Summer,2,0,8,Night,8.091051506,32.8,19.05,2216.076177,1963.865976,346.8138293,11.64058366,179.9187992,1772.306593,4.368700388,2.820505072,1.72,1.63,7.1,0.23,1.66,8.138668951,NA,0.064601436,0.033234807,0.060694701,0.068747795,0.052768545,0.011610115,0.031224429,0.049150965,0.070402335,0.789716099,3.943543211,1.360379146,0.882860328
8/5/2023,0:00:00,Night,Barnacle,B3,B3_Night,Long Beach,Summer,3,0,8,Night,8.071960064,32.8,18.83,2225.407067,1983.995536,367.196395,12.40159772,173.2652256,1798.328713,4.20604768,2.714008147,5.57,0.63,4.6,0.22,2.92,8.138668951,NA,0.039094044,0.055229403,0.035440426,0.043874123,0.073259432,0.014707301,0.018026584,0.028953149,0.09855845,0.836576185,1.542895788,1.505218205,0.807775153
8/5/2023,0:00:00,Night,Mussel,M1,M1_Nightb,Long Beach,Summer,1,0,8,Night,8.071670543,32.82,18.44,2228.558572,1989.930825,368.0328321,12.56702512,171.4224503,1805.941349,4.158883554,2.68112051,NA,NA,NA,NA,NA,8.138668951,No Nutrients,NA,NA,NA,NA,NA,NA,NA,NA,NA,NA,NA,NA,NA
8/5/2023,0:00:00,Night,Open Ocean,OO3,OO_Night3,Long Beach,Summer,3,0,8,Night,8.138668951,32.89,18.66,2218.178419,1943.001851,303.9514827,10.31013906,194.4522809,1738.239431,4.716489585,3.042715146,0.27,1.7,6.9,0.2,0.52,8.138668951,NA,0.08470496,0.034375134,0.079167382,0.086932276,0.062163628,0,0.041371126,0.066529902,0.143206421,0.756446515,4.62664953,1.370633239,0.910678815
8/5/2023,0:00:00,Night,Rockweed,RW4,RW4_Nightb,Long Beach,Summer,4,0,8,Night,8.117761872,32.95,19.73,2211.386187,1938.81734,320.5523583,10.54734384,192.8957321,1735.374264,4.682748526,3.029478529,1.92,0.59,7.5,0.13,1.02,8.138668951,NA,0.088772972,0.049320112,0.080494133,0.09404542,0.084452375,0.022060218,0.039673986,0.065855541,0.133862848,0.717940379,2.619548149,1.434712057,0.855906998
8/5/2023,0:00:00,Night,Rockweed,RW6,RW6_Nightb,Long Beach,Summer,6,0,8,Night,8.123404213,32.83,19.82,2215.911914,1939.997391,316.5278208,10.39561175,195.3854641,1734.216316,4.747788748,3.071434547,0.48,0.58,7.9,0.09,0.66,8.138668951,NA,0.102951728,0.059914242,0.092553454,0.109510745,0.099475025,0.025528332,0.045721386,0.074892161,0.125694655,0.742984813,2.986709889,1.431936157,0.845154095
8/6/2023,0:57:00,Night,Barnacle,B6,B6_Nightb,Long Beach,Summer,6,0,8,Night,8.10103524,32.92,18.53,2235.153751,1979.544752,340.1639624,11.57931766,182.4001888,1785.565245,4.422595733,2.852396061,0.68,0.35,11.1,0.13,0.71,8.128672162,NA,0.064512256,0.054375096,0.057115634,0.073515297,0.100993621,0,0.026491684,0.045156797,0.143211144,0.815451709,2.037735196,1.532820164,0.776921769
8/6/2023,0:57:00,Night,Open Ocean,OO4,OO_Night4,Long Beach,Summer,4,0,8,Night,8.128672162,33.41,18.1,2208.510374,1940.495926,309.8429324,10.64896114,188.6866646,1741.1603,4.557432282,2.939363691,1.68,0.57,7.5,0.1,1.93,8.128672162,NA,0.063503321,0.038716542,0.058482995,0.067501982,0.066988937,0.00606198,0.029154329,0.047895445,0.114640667,0.816008277,2.474772708,1.390211077,0.866389299
8/12/2023,9:17:00,Day,Mussel,M2,M2_Dayb,Long Beach,Summer,2,9,8,Morning,8.045339816,32.98,19.43,2249.598333,2014.057669,398.6548126,13.22545079,170.4013565,1830.430861,4.134257213,2.672773554,0.89,0.41,6.9,0.11,0.21,7.896357652,did not triple rinse nut/fdom,0.035918256,0.036188337,0.032292766,0.043536704,0.110783758,0.01177548,0.014376365,0.025524204,0.121782325,1.012699088,1.132415083,1.573552021,0.741736583
8/12/2023,9:17:00,Day,Open Ocean,OO,OO_Day4,Long Beach,Summer,4,9,8,Morning,7.896357652,32.49,19.35,2215.072172,2052.969978,586.7478168,19.56118455,124.262867,1909.145926,3.024968349,1.953034328,0.53,0.36,7.5,0.09,0.24,7.896357652,"did not triple rinse nut/fdom, used backup SAS so persistaltic tubing was not rinsed between deployments, SAS was not calibrated",0.042117934,0.043034454,0.039464765,0.048567854,0.063940309,0,0.018678769,0.031138099,0.10254144,0.857335762,1.48025359,1.506211251,0.812569665
8/12/2023,9:17:00,Day,Surfgrass,P3,P3_Dayb,Long Beach,Summer,3,9,8,Morning,7.872274603,32.48,19.35,2248.489652,2094.717958,634.5765056,21.15685837,120.2500844,1953.311015,2.927488928,1.890053076,0.17,0.31,6.7,0.06,0,7.896357652,did not triple rinse nut/fdom,0.040399638,0.037843577,0.037406893,0.04481523,0.039215379,0.01223037,0.017727507,0.029321276,0.044283568,0.830529511,2.419533714,1.520280724,0.834691533
8/13/2023,20:48:00,Night,Mussel,M2,M2_Night,Long Beach,Summer,2,20,8,Evening,8.121118068,33.51,19.95,2207.75605,1927.782813,315.1836448,10.27625172,196.9441161,1720.562445,4.763131606,3.086919932,0.44,0.44,5.4,0.08,0.45,8.174439299,sampled +30 mins after peak high tide,0.038690353,0.042236706,0.035209223,0.044933813,0.067314451,0.054341534,0.015866172,0.027329448,0.067385916,0.865830486,1.73862297,1.585821087,0.783579683
8/13/2023,20:48:00,Night,Open Ocean,OO,OO_Night4b,Long Beach,Summer,4,20,8,Evening,8.174439299,33.07,19.9,2182.219763,1878.318516,268.9027187,8.800416083,211.8924091,1657.625691,5.140606259,3.328018965,9,2.35,8.3,0.28,NA,8.174439299,"sampled +30 mins after peak high tide, did DI rinse in field before sample, then calibrated",0.054715445,0.040594541,0.051837431,0.059533621,0.088333298,0.004503466,0.025083395,0.042161764,0.134446342,0.852697893,2.192482238,1.516289495,0.870725315
8/13/2023,20:48:00,Night,Surfgrass,P4,P4_Nightb,Long Beach,Summer,4,20,8,Evening,8.099214547,33.72,20.37,2197.076326,1925.009238,332.5811213,10.70624837,191.4340909,1722.868899,4.625144967,3.002040639,6.46,1.6,6.4,0.5,NA,8.174439299,sampled +30 mins after peak high tide Not enough water to triple rinse nutrients and fDOM,0.046051067,0.039854954,0.043723527,0.050499241,0.080416012,0.027219414,0.021096769,0.036043516,0.062206087,0.867684534,2.080315104,1.486178988,0.865825438
8/14/2023,10:06:00,Day,Barnacle,B2,B2_Dayb,Long Beach,Summer,2,10,8,Morning,7.979891538,33.06,18.92,2190.4555,1993.27658,462.5938543,15.56170599,144.2853156,1833.429558,3.496557902,2.258010258,0.5,0.38,NA,0.08,0.02,7.987684403,NA,0.032812477,0.031300879,0.029413999,0.037538676,0.051676762,0,0.014111705,0.023892867,0.093130416,0.851636089,1.891594836,1.493939004,0.783565171
8/14/2023,10:06:00,Day,Mussel,M5,M5_Dayb,Long Beach,Summer,5,10,8,Morning,7.962525511,33.75,19.22,2235.315783,2037.334293,492.2215499,16.35741538,145.7703195,1875.206558,3.516475871,2.275834962,1.9,0.38,4.9,0.09,0.93,7.987684403,NA,0.031647299,0.040404322,0.027491462,0.038442588,0.050747134,0.007292598,0.012628626,0.020238968,0.062836169,0.849189718,1.165043505,1.537368114,0.71513038
8/14/2023,10:06:00,Day,Open Ocean,OO,OO_Day5,Long Beach,Summer,5,10,8,Morning,7.987684403,33.14,18.4,2167.063804,1970.860265,447.6310431,15.27570739,142.6994649,1812.885093,3.454216139,2.228192856,0.41,0.38,5.6,0.05,0.28,7.987684403,NA,0.032358178,0.028869982,0.030831107,0.03613224,0.042100604,0.015655104,0.01467553,0.024814835,0.104125161,0.92459322,1.867769711,1.573390643,0.85328523
8/14/2023,10:06:00,Day,Surfgrass,P4,P4_Dayb,Long Beach,Summer,4,10,8,Morning,8.003892744,33.1,18.44,2215.027102,2008.398989,438.5243613,14.95114471,150.6534231,1842.794422,3.647921305,2.35317243,0.15,0.34,5.3,0.05,0,7.987684403,"moved slightly out of surfgrass bed, pic taken",0.036627346,0.028855463,0.033621477,0.039087975,0.034558561,0.012637108,0.016513285,0.026364175,0.033077731,0.858666081,2.802009715,1.470898617,0.860148854
8/15/2023,21:24:00,Night,Mussel,M3,M3_Night,Long Beach,Summer,3,21,8,Evening,8.176880058,33.03,18.19,2218.046794,1924.652816,272.7630391,9.369913023,205.8314658,1709.451437,4.985092505,3.213295804,0.59,0.5,6.1,0.08,0.82,8.206224565,NA,0.041787059,0.05474171,0.036047328,0.052100473,0.127019817,0.012424841,0.01654609,0.027822588,0.137879754,0.969786215,1.112110654,1.650113804,0.691881012
8/15/2023,21:24:00,Night,Open Ocean,OO,OO_Night5,Long Beach,Summer,5,21,8,Evening,8.206224565,33.15,18.36,2177.611385,1868.905673,245.7103922,8.394155867,214.082872,1646.428645,5.181559577,3.34218619,0.57,0.61,7.8,0.03,1.23,8.206224565,NA,NA,NA,NA,NA,NA,NA,NA,NA,NA,NA,NA,NA,NA
8/15/2023,21:24:00,Night,Surfgrass,P4,P4_Night,Long Beach,Summer,4,21,8,Evening,8.153571169,33.12,18.4,2193.780971,1913.102804,287.6182291,9.816243686,196.7224517,1706.564109,4.762570748,3.072033817,0.41,0.45,6.3,0.07,1.19,8.206224565,"moved slightly out of surfgrass bed, pic taken, also bottle label says 8/16This might be labeled 8/16… might actually be 8/16. Used salinity lab for 8/16",0.066015858,0.091805285,0.06215723,0.075604048,0.155679406,0.049404486,0.030009093,0.05197398,0.156157088,0.862987561,0.946207476,1.535192317,0.822141564
8/16/2023,21:54:00,Night,Mussel,M4,M4_Night,Long Beach,Summer,4,21,8,Evening,8.088237984,32.99,16.17,2218.328579,1988.371388,349.7416807,12.74607221,164.5069273,1811.118389,3.977814822,2.551706458,NA,NA,NA,NA,NA,8.15023196,No Nutrients,NA,NA,NA,NA,NA,NA,NA,NA,NA,NA,NA,NA,NA
8/16/2023,21:54:00,Night,Mussel,M6,M6_Nightb,Long Beach,Summer,6,21,8,Evening,8.057987849,32.78,16.34,2222.322702,2006.748503,381.065548,13.83394191,155.8612099,1837.053351,3.774523145,2.421102879,0.69,0.39,4.7,0.06,0.35,8.15023196,NA,0.036073894,0.036899902,0.031369082,0.042667183,0.0611369,0.019689942,0.013540159,0.023779372,0.048189694,0.883400954,1.248964383,1.596104915,0.735203963
8/16/2023,21:54:00,Night,Open Ocean,OO6,OO_Night6,Long Beach,Summer,6,21,8,Evening,8.15023196,32.49,16.34,2204.097574,1945.850334,294.2909065,10.70093703,182.5957103,1752.553686,4.430397219,2.839911902,0.4,0.56,6.3,0.03,1.11,8.15023196,NA,0.044328298,0.028651134,0.04164664,0.049348259,0.049064233,0.004958763,0.019873278,0.03460182,0.070716938,0.869521393,1.631377135,1.523524728,0.843933329
8/17/2023,11:10:00,Day,Mussel,M6,M6_Day,Long Beach,Summer,6,11,8,Morning,8.073633226,33.74,17.11,2232.310357,1996.640172,363.952945,12.84864376,168.2458372,1815.545691,4.050856208,2.608211418,1,0.29,3.7,0.07,0.24,8.099747973,NA,0.031505657,0.055356508,0.027134869,0.038265236,0.074600449,0.016588491,0.01236126,0.020980041,0.056088858,0.935485276,1.021324464,1.686968613,0.709125876
8/17/2023,11:10:00,Day,Open Ocean,OO7,OO_Day7,Long Beach,Summer,7,11,8,Morning,8.099747973,33.18,17.11,2215.987152,1972.001314,337.8680145,11.96468699,173.4983448,1786.538282,4.193278158,2.696835251,0.38,0.39,5.1,0.06,1.42,8.099747973,"one of 8/17 is on B5/6 SAS, chance that sample was out of water for a short period",0.036641219,0.050880609,0.034881475,0.043075884,0.100132575,0.027036107,0.015295544,0.028000153,0.105743991,0.943810815,0.563848456,1.619501296,0.809768055
10/21/2023,17:00:00,Dusk,Rockweed,RW1,RW1_Dusk,Long Beach,Fall,1,17,10,Afternoon,8.013000314,33.98,18.1,2196.793744,1984.244619,421.2160527,14.43156057,152.8997091,1816.91335,3.678371023,2.375069508,0.64,0.37,4.9,0.23,1.26,8.014813741,"Reran, old TA 2213.923014",0.040145648,0.042476711,0.03816987,0.04657789,0.068071309,0.001758614,0.01845745,0.030089752,0.07905122,0.860172493,1.501391981,1.570744943,0.819484742
10/21/2023,17:00:00,Dusk,Rockweed,RW3,RW3_Dusk,Long Beach,Fall,3,17,10,Afternoon,8.015412619,33.57,18.14,2155.409691,1946.577108,411.6698456,14.1200351,149.6421919,1782.814881,3.610492215,2.329609602,0.67,0.42,5.6,0.12,0.88,8.014813741,"reran, old TA 2176.596425",0.034205077,0.030997111,0.032148357,0.039838838,0.037411789,0.003105374,0.014940648,0.02599823,0.068007423,0.884397173,2.378813662,1.547325345,0.806960205
10/21/2023,17:00:00,Dusk,Surfgrass,P5,P5_Dusk,Long Beach,Fall,5,17,10,Afternoon,8.016300424,33.25,18.02,2205.894024,1996.128938,421.7296744,14.54044437,152.0232063,1829.565288,3.675663352,2.369407507,0.83,0.41,5.7,0.15,1.54,8.014813741,NA,0.028732918,0.034235153,0.026246593,0.034736096,0.066303602,0.025682974,0.013002908,0.021638807,0.108189813,0.918043993,1.274416975,1.651065988,0.755599967
10/21/2023,17:00:00,Dusk,Open Ocean,OO1,OO_Dusk1,Long Beach,Fall,1,17,10,Afternoon,8.018404281,33.47,18.02,2201.836085,1990.028096,417.792376,14.38732208,152.9826997,1822.658075,3.693230782,2.381819939,NA,NA,NA,NA,NA,8.014813741,No Nutrients,NA,NA,NA,NA,NA,NA,NA,NA,NA,NA,NA,NA,NA
10/21/2023,17:00:00,Dusk,Barnacle,B5,B5_Dusk,Long Beach,Fall,5,17,10,Afternoon,8.019951597,33.49,18.02,2161.856937,1951.814022,408.1688958,14.05438142,150.6091953,1787.150445,3.635425927,2.344636307,0.7,0.4,5,0.16,1.03,8.014813741,"Reran, old TA 2171.164026",0.031686729,0.040723623,0.028217479,0.039250792,0.049880002,0.030559528,0.01241247,0.0223539,0.0861096,0.923271127,1.589382851,1.751892041,0.718902144
10/21/2023,17:00:00,Dusk,Open Ocean,OO1,OO_Dusk1a,Long Beach,Fall,1,17,10,Afternoon,8.004452975,33.14,18.1,2231.968299,2026.167382,441.1200092,15.1832593,150.4936195,1860.490503,3.641741348,2.347444597,3.2,0.41,5.9,0.12,1.17,8.014813741,"used RW1 as temperature for all OO HC Hand collected ""mid"" salinity cal done on this day",NA,NA,NA,NA,NA,NA,NA,NA,NA,NA,NA,NA,NA
10/21/2023,17:00:00,Dusk,Open Ocean,OO1,OO_Dusk1b,Long Beach,Fall,1,17,10,Afternoon,8.01199212,33.22,18.1,2216.123617,2007.330741,428.8149811,14.75325179,151.7962708,1840.781218,3.671233549,2.366859438,NA,NA,NA,NA,NA,8.014813741,"Hand collected ""west""",0.041712431,0.038080423,0.040183501,0.046339501,0.066271864,0,0.01919621,0.032781857,0.097976415,0.858687013,1.490584361,1.5113277,0.867154371
10/21/2023,17:00:00,Dusk,Open Ocean,OO1,OO_Dusk1c,Long Beach,Fall,1,17,10,Afternoon,8.024405589,33.28,18.1,2206.312543,1991.951255,412.5887393,14.19032536,154.8985001,1822.862429,3.744706452,2.414533842,NA,NA,NA,NA,NA,8.014813741,"Hand collected ""east""",0.041478051,0.05295976,0.038861335,0.046679224,0.077875036,0.016969724,0.01810733,0.031300217,0.08290099,0.880818037,1.330109854,1.548149478,0.83251886
10/22/2023,18:05:00,Dusk,Open Ocean,OO2,OO_Dusk2a,Long Beach,Fall,2,18,10,Evening,8.055821927,33.41,19.09,2204.355511,1966.652467,377.9307674,12.62868821,169.7311722,1784.292607,4.103845766,2.653286163,1.76,0.33,3.2,0.14,1.46,8.063042197,"Hand collected “west"" not sure if salinity lab is east or west",0.030159314,0.049297097,0.02927526,0.034776808,0.098210823,0.048557033,0.014001954,0.023714767,0.09142286,0.892614252,0.948899244,1.511698627,0.841804122
10/22/2023,18:05:00,Dusk,Open Ocean,OO2,OO_Dusk2b,Long Beach,Fall,2,18,10,Evening,8.070262468,33.34,19.09,2208.445487,1963.578859,364.154421,12.17298593,174.4570594,1776.948814,4.220203779,2.728117878,NA,NA,NA,NA,NA,8.063042197,"Hand collected “east"" not sure if salinity lab is east or west",0.028873453,0.038161661,0.027222113,0.033497579,0.063952882,0.002375312,0.013874395,0.0225566,0.05713058,0.852503055,1.285438619,1.543352924,0.812659103
10/22/2023,18:05:00,Dusk,Barnacle,B4,B4_Dusk,Long Beach,Fall,4,18,10,Evening,8.054618703,33.33,18.74,2205.557636,1971.544524,379.7211398,12.82022627,167.382787,1791.34151,4.04780292,2.614335044,0.57,0.36,4.6,0.13,1.51,8.063042197,NA,0.02843587,0.054834004,0.024059399,0.035478948,0.073934751,0.020458404,0.011386681,0.019183593,0.062761595,0.894421052,0.860966301,1.785536927,0.678131692
10/22/2023,18:05:00,Dusk,Surfgrass,P6,P6_Dusk,Long Beach,Fall,6,18,10,Evening,8.070045147,33.38,19.22,2206.949933,1961.031232,363.9510258,12.11912601,175.0846733,1773.827432,4.234803251,2.738678646,0.5,0.32,3.4,0.09,0.57,8.063042197,NA,0.024925515,0.032260802,0.022905359,0.029883949,0.038265763,0.010438221,0.010721204,0.018687623,0.050482139,0.856754947,1.114048574,1.665012848,0.766476962
10/22/2023,18:05:00,Dusk,Surfgrass,P3,P3_Dusk,Long Beach,Fall,3,18,10,Evening,8.055720299,33.24,19.17,2199.163284,1962.389754,377.6591702,12.60287923,169.167866,1780.619009,4.095524943,2.647492589,0.44,0.42,4.2,0.13,3.28,8.063042197,Not enough to 3x rinse for nutrients or fill fDOM,0.037186484,0.039084686,0.034630615,0.043833369,0.062858817,0.023843866,0.012708399,0.028091666,0.071776151,0.788705431,1.462195383,1.675232538,0.790051415
10/22/2023,18:05:00,Dusk,Rockweed,RW2,RW2_Dusk,Long Beach,Fall,2,18,10,Evening,8.064183032,33.25,19.09,2121.885913,1887.210211,355.5099114,11.88984163,165.2070614,1710.113308,3.998987344,2.584623458,0.85,0.32,4.1,0.11,0.82,8.063042197,"Reran, old TA 2128.588359",0.028477148,0.036488245,0.026299424,0.03317859,0.051456689,0.019347683,0.012113754,0.021177167,0.050071757,0.895153791,1.192177886,1.572262872,0.792662501
10/23/2023,18:04:00,Dusk,Surfgrass,P1,P1_Dusk,Long Beach,Fall,1,18,10,Evening,8.022183031,33.22,17.67,2185.654833,1977.103958,411.2161693,14.32400741,150.5193318,1812.260619,3.63880384,2.343529089,NA,NA,NA,NA,NA,8.098883701,No Nutrients,NA,NA,NA,NA,NA,NA,NA,NA,NA,NA,NA,NA,NA
10/23/2023,18:04:00,Dusk,Barnacle,B3,B3_Duskb,Long Beach,Fall,3,18,10,Evening,7.931023904,33.22,17.54,2124.613941,1960.081955,509.0781779,17.79968215,121.9601807,1820.322092,2.948020956,1.898051318,0.9,0.39,4,0.36,1.83,8.098883701,"Reran, old TA 2135.74415",0.02471223,0.041756785,0.020881034,0.029089698,0.042630055,0.036811209,0.00988347,0.016595352,0.05119139,0.86231452,1.016771668,1.892906053,0.717815419
10/23/2023,18:04:00,Dusk,Rockweed,RW4,RW4_Dusk,Long Beach,Fall,4,18,10,Evening,8.04401659,33.3,17.67,2174.487496,1955.926621,385.3254376,13.41624731,156.302162,1786.208212,3.776530837,2.432640303,0.76,0.45,5.4,0.12,0.87,8.098883701,"Reran, old TA 2179.213161",0.033605188,0.034194302,0.033321862,0.039818894,0.048088255,0.001308554,0.016090683,0.026477665,0.084845147,0.901353105,1.483693059,1.620760155,0.836835443
10/23/2023,18:04:00,Dusk,Barnacle,B6,B6_Dusk,Long Beach,Fall,6,18,10,Evening,7.975949498,33.31,17.59,2201.567223,2013.033942,468.5760573,16.35174726,138.6155763,1858.066618,3.348709515,2.156694634,2.69,0.47,4.5,0.31,3.32,8.098883701,"tubing was messed up, do not use Reran, old TA 2207.040752",0.026027482,0.02825475,0.023761418,0.032294806,0.038221183,0.026734513,0.010548602,0.019382914,0.066499245,0.876587151,1.468694337,1.721520431,0.735765942
10/23/2023,18:04:00,Dusk,Barnacle,B2,B2_Dusk,Long Beach,Fall,2,18,10,Evening,7.994836155,33.24,17.59,2199.091539,2002.663949,445.274299,15.54457939,143.4180951,1843.701275,3.46639163,2.232158169,1.45,0.43,5.1,0.26,6.3,8.098883701,TA not 3x rinsed,0.032336339,0.041963944,0.029293181,0.039682276,0.058958572,0.034762124,0.014004881,0.023620698,0.049136492,0.894907874,1.064466716,1.752711262,0.738193083
10/23/2023,18:04:00,Dusk,Open Ocean,OO3,OO_Dusk3a,Long Beach,Fall,3,18,10,Evening,8.078713516,32.87,17.67,2209.576269,1974.375218,357.761863,12.4860254,168.2655775,1793.623615,4.077551255,2.624101218,NA,NA,NA,NA,NA,8.098883701,"Hand collected ""west"", TA is in east bottle",0.037429083,0.03531504,0.035433916,0.044544899,0.109349442,5.33E-04,0.01752511,0.029527289,0.119447586,1.000695643,1.323263041,1.544377398,0.795465178
10/23/2023,18:04:00,Dusk,Open Ocean,OO3,OO_Dusk3b,Long Beach,Fall,3,18,10,Evening,8.101235315,33.03,17.67,2198.196369,1951.442049,334.0205934,11.64719665,175.0397837,1764.755069,4.237087825,2.72773292,NA,NA,NA,NA,NA,8.098883701,"Hand collected ""mid""",0.034771113,0.027195142,0.033517948,0.040005874,0.063897723,0.005726977,0.01638547,0.027672936,0.099558556,0.903045428,1.344479514,1.592215972,0.837825662
10/23/2023,18:04:00,Dusk,Open Ocean,OO3,OO_Dusk3c,Long Beach,Fall,3,18,10,Evening,8.116702273,33.15,17.67,2204.813363,1948.740354,320.6910308,11.17502406,181.0571264,1756.508204,4.379153503,2.819922208,0.91,0.51,6.1,0.12,0.49,8.098883701,"Hand collected ""east"", TA is in west bottle",0.034591299,0.028237841,0.032667648,0.038204928,0.054223331,0,0.016486724,0.026972813,0.080749715,0.873648266,1.508977681,1.514078362,0.855063708
10/24/2023,18:03:00,Dusk,Open Ocean,OO4,OO_Dusk4a,Long Beach,Fall,4,18,10,Evening,8.078013223,33.18,19.22,2199.373015,1951.2889,355.4110431,11.84763758,176.4001263,1763.041136,4.272677025,2.762002783,NA,NA,NA,NA,NA,8.10347447,"Hand collected ""mid"" , Nutrients may be contaminated salinity cal done on this day but not since 10-21",0.03796189,0.03788922,0.035948046,0.042633293,0.08560412,0,0.018352934,0.029655753,0.087009143,0.857256395,1.328695876,1.479884667,0.843191878
10/24/2023,18:03:00,Dusk,Open Ocean,OO4,OO_Dusk4b,Long Beach,Fall,4,18,10,Evening,8.120351401,33.32,19.22,2201.032858,1929.525519,315.7968595,10.51908546,191.212146,1727.794288,4.626852678,2.99184409,NA,NA,NA,NA,NA,8.10347447,"Hand collected “west"" 10-24 samples labeled A B C Hand collected ""west""",0.0365896,0.031070647,0.03381344,0.040119567,0.080850027,0.018838543,0.017308938,0.02824082,0.134780374,0.979419642,1.282916511,1.55045109,0.842816677
10/24/2023,18:03:00,Dusk,Open Ocean,OO4,OO_Dusk4c,Long Beach,Fall,4,18,10,Evening,8.112058786,33.35,19.22,2203.653311,1936.177425,323.5110887,10.77428511,188.6978072,1736.705333,4.565039441,2.952059856,1.97,0.44,5.3,0.33,2.05,8.10347447,"Hand collected ""east""",0.033972003,0.028901337,0.031926841,0.037193579,0.064543818,0,0.015975579,0.025743975,0.09660179,0.877245363,1.120506877,1.569249837,0.858396584
10/25/2023,18:02:00,Dusk,Open Ocean,OO5,OO_Dusk5a,Long Beach,Fall,5,18,10,Evening,8.132943956,34.03,20.07,2197.487114,1907.028305,301.7960245,9.779573463,202.6898308,1694.558901,4.884240027,3.16963445,2.52,0.39,4.4,0.12,0.68,8.090885469,Hand collected,0.031389624,0.037293175,0.02896703,0.037738148,0.190060419,0.032458312,0.014662632,0.023257002,0.175450416,1.06021531,0.647993585,1.538117357,0.767579534
10/25/2023,18:02:00,Dusk,Open Ocean,OO5,OO_Dusk5b,Long Beach,Fall,5,18,10,Evening,8.123577706,33.58,20.07,2198.677918,1916.629941,311.3901387,10.11504569,197.9026806,1708.612214,4.784576331,3.10222355,NA,NA,NA,NA,NA,8.090885469,Hand collected,0.031183207,0.029345798,0.029123519,0.036406119,0.1077863,0.012073791,0.014800951,0.024198071,0.140873561,0.991062584,0.960746061,1.586235888,0.7999622
10/25/2023,18:02:00,Dusk,Open Ocean,OO5,OO_Dusk5c,Long Beach,Fall,5,18,10,Evening,8.13162831,33.66,20.07,2205.559714,1917.823227,305.1593987,9.908363089,201.7032607,1706.211603,4.873624498,3.160470588,NA,NA,NA,NA,NA,8.090885469,"Hand collected, reran old TA 2198.307934",0.031755143,0.033495102,0.029339734,0.036215023,0.07190439,0.02963263,0.014561222,0.024341312,0.116242664,0.933229908,1.285679867,1.550143996,0.810153672
10/26/2023,18:01:00,Dusk,Open Ocean,OO6,OO_Dusk6c,Long Beach,Fall,6,18,10,Evening,8.130064507,33.68,19.52,2196.802024,1915.259712,305.4920947,10.07092526,197.1693761,1708.01941,4.760354677,3.082779934,NA,NA,NA,NA,NA,NA,"Hand collected, reran old TA  2202.836256",0.037448258,0.057128557,0.036243282,0.043719778,0.187256169,0.004591661,0.017839912,0.029939864,0.226413636,1.047404237,0.734338623,1.648024032,0.828990538
10/26/2023,18:01:00,Dusk,Open Ocean,OO6,OO_Dusk6b,Long Beach,Fall,6,18,10,Evening,8.107758859,33.54,19.52,2200.280711,1931.598699,326.1817575,10.76115925,189.2547405,1731.582799,4.573867848,2.961177243,NA,NA,NA,NA,NA,NA,Hand collected,0.036651604,0.03923184,0.036277456,0.042145204,0.099011195,0.016002156,0.017795634,0.028795069,0.102149181,0.937832042,0.933501719,1.560076551,0.860773052
10/26/2023,18:01:00,Dusk,Open Ocean,OO6,OO_Dusk6a,Long Beach,Fall,6,18,10,Evening,8.101050571,33.62,19.52,2199.627689,1934.038754,331.9988702,10.94831788,187.1741872,1735.916249,4.52098689,2.927415236,3.05,0.47,5.9,0.18,1.38,NA,Hand collected,0.040416082,0.06091173,0.038229158,0.048784335,0.255648653,0.036386676,0.01943977,0.031906066,0.232327031,1.128181065,0.623135767,1.58242439,0.783635927
10/24/2023,18:03:00,Dusk,Rockweed,RW6,RW6_Dusk,Long Beach,Fall,6,18,10,Evening,8.109268599,33.36,19.3,2243.002162,1972.994734,332.0409017,11.03294509,191.7309725,1770.230817,4.638511359,3.000239478,0.58,0.41,9.2,0.09,0.61,8.10347447,"Reran, old TA 2245.661047",0.057779524,0.041133587,0.054961026,0.065539322,0.0634814,0.033735008,0.023955557,0.044396179,0.090292467,0.82173687,2.042068281,1.581358166,0.838596198
10/24/2023,18:03:00,Dusk,Surfgrass,P4,P4_Duskb,Long Beach,Fall,4,18,10,Evening,8.134091553,33.54,19.09,2199.043292,1919.725678,302.9988641,10.11765176,195.821613,1713.786413,4.730304183,3.059130253,NA,NA,NA,NA,NA,8.10347447,No Nutrients,NA,NA,NA,NA,NA,NA,NA,NA,NA,NA,NA,NA,NA
10/24/2023,18:03:00,Dusk,Mussel,M5,M5_Dusk,Long Beach,Fall,5,18,10,Evening,8.044151697,33.46,19.47,2193.926626,1959.62038,388.0485867,12.82570321,167.3551818,1779.439495,4.04669187,2.619114861,0.96,0.31,2.8,0.13,1.1,8.10347447,NA,0.027915767,0.055507507,0.023114103,0.035834315,0.120191558,0.02397183,0.010256621,0.018061424,0,1.125556334,0.671842575,1.694307948,0.645027048
10/24/2023,18:03:00,Dusk,Mussel,M4,M4_Dusk,Long Beach,Fall,4,18,10,Evening,8.041167797,33.42,19.39,2210.828132,1977.639202,394.5082433,13.07128248,167.2186431,1797.349277,4.044175622,2.616738886,NA,NA,NA,NA,NA,8.10347447,No Nutrients,NA,NA,NA,NA,NA,NA,NA,NA,NA,NA,NA,NA,NA
10/24/2023,18:03:00,Dusk,Barnacle,B1,B1_Dusk,Long Beach,Fall,1,18,10,Evening,8.07327462,33.41,19.3,2192.144038,1944.889323,358.0902776,11.89527006,175.4269213,1757.567131,4.242559836,2.744419579,0.5,0.36,3.9,0.11,0.92,8.10347447,"had some phyllo wrapped around it, Reran, old TA 2193.870775",0.031174532,0.037619341,0.027992017,0.037766937,0.050794131,0.034583013,0.014780081,0.022555956,0.062071902,0.816934297,1.268822305,1.705840699,0.741177835
10/25/2023,18:02:00,Dusk,Open Ocean,OO5,OO_Dusk5,Long Beach,Fall,5,18,10,Evening,8.11166479,33.4,19.99,2209.358642,1934.889518,324.2227248,10.56553138,193.6243123,1730.699674,4.686795659,3.037070052,NA,NA,NA,NA,NA,8.090885469,"Nutrient and TA bag might have been switched, reran old TA 2205.629505",0.054745595,0.021285669,0.050607366,0.055005911,0.027450105,0.013822447,0.026418083,0.043085222,0.060518916,0.733174146,4.795504237,1.448664199,0.920035045
10/25/2023,18:02:00,Dusk,Mussel,M4,M4_Duskb,Long Beach,Fall,4,18,10,Evening,8.073822792,33.64,20.16,2214.978147,1957.28016,360.3685672,11.67315909,182.9389954,1762.668006,4.421357317,2.867737172,0.66,0.12,3.6,0.07,1.43,8.090885469,NA,0.032724136,0.043017009,0.029639433,0.038068917,0.047107304,0.013398137,0.01262257,0.023053144,0,0.810716336,1.613218369,1.813500586,0.778573046
10/25/2023,18:02:00,Dusk,Mussel,M6,M6_Dusk,Long Beach,Fall,6,18,10,Evening,8.088871898,33.58,20.16,2211.905567,1946.870637,345.2922979,11.18843149,187.5601419,1748.122063,4.535025098,2.941106476,NA,NA,NA,NA,NA,8.090885469,No Nutrients,NA,NA,NA,NA,NA,NA,NA,NA,NA,NA,NA,NA,NA
10/25/2023,18:02:00,Dusk,Mussel,M1,M1_Dusk,Long Beach,Fall,1,18,10,Evening,8.065536778,33.65,20.12,2128.295257,1882.038269,353.7120849,11.46959168,172.6683978,1697.90028,4.172627536,2.706181625,0.23,0.13,2.7,0.06,0.16,8.090885469,"Reran, old TA 2134.53472",0.026136214,0.050727549,0.02445613,0.033372846,0.063475211,0.015967657,0.013205047,0.020926313,0,0.903502014,0.907813382,1.814675062,0.732815231
10/26/2023,18:01:00,Dusk,Mussel,M2,M2_Dusk,Long Beach,Fall,2,18,10,Evening,8.064626344,33.56,19.73,2177.124865,1931.118918,363.5052787,11.92117215,174.1462798,1745.051466,4.209144445,2.726623776,1.69,0.43,4.9,0.35,2.01,NA,"Reran, old TA 2188.977253",0.039063484,0.046775896,0.037950491,0.044669745,0.07529959,0.0398336,0.018809773,0.030746717,0,0.889423185,1.763186666,1.651020937,0.849579303
10/26/2023,18:01:00,Dusk,Mussel,M6,M6_Duskb,Long Beach,Fall,6,18,10,Evening,8.130023373,33.46,19.65,2166.188583,1887.890981,301.6432634,9.919858378,194.2809035,1683.690219,4.698743636,3.042533,0.67,0.24,5.6,0.13,1.14,NA,NA,0.037570505,0.045505926,0.035695919,0.044555847,0.062827958,0.006411795,0.016543628,0.028159358,0,0.899387223,1.445271168,1.649391966,0.801150046
10/26/2023,18:01:00,Dusk,Surfgrass,P2,P2_Dusk,Long Beach,Fall,2,18,10,Evening,8.166288574,33.65,19.52,2188.559122,1887.627272,274.694927,9.057134296,209.30876,1669.261378,5.054532638,3.273092015,NA,NA,NA,NA,NA,NA,No Nutrients,NA,NA,NA,NA,NA,NA,NA,NA,NA,NA,NA,NA,NA
10/26/2023,18:01:00,Dusk,Surfgrass,P4,P4_Duskd,Long Beach,Fall,4,18,10,Evening,8.127798569,33.51,19.09,2179.547055,1905.586049,305.6343151,10.20732098,191.7269508,1703.651778,4.632380678,2.995619294,0.18,0.7,6.7,0.11,0.62,NA,"Used pH/sal water for TA, not enough",0.051294957,0.042867507,0.047750493,0.058140645,0.067467348,0.045397126,0.022295128,0.039461036,0.073944542,0.832492706,2.475842212,1.511979824,0.821292788
10/26/2023,18:01:00,Dusk,Barnacle,B6,B6_Duskc,Long Beach,Fall,6,18,10,Evening,8.102257437,33.71,20.07,2195.651254,1924.605195,329.721993,10.70300273,190.6238113,1723.278381,4.604242242,2.986078372,NA,NA,NA,NA,NA,NA,"Left for 2 days without processing, no Nutrients, reran old TA 2204.665304",NA,NA,NA,NA,NA,NA,NA,NA,NA,NA,NA,NA,NA
10/27/2023,19:04:00,Dusk,Mussel,M3,M3_Dusk,Long Beach,Fall,3,19,10,Evening,8.148800473,33.08,19.17,2184.512938,1901.072614,289.9489399,9.684328807,198.5146482,1692.873637,4.811443308,3.109215906,0.18,5.3,6.4,0.53,0.55,8.14650989,"No fDOM, not 3x rinsed for nutrients",NA,NA,NA,NA,NA,NA,NA,NA,NA,NA,NA,NA,NA
10/27/2023,19:04:00,Dusk,Surfgrass,P3,P3_Duskb,Long Beach,Fall,3,19,10,Evening,8.122428869,33.14,19.17,2163.141588,1895.449743,308.8825502,10.31334512,187.6021317,1697.534266,4.54502845,2.937437659,0.3,0.34,4.7,0.07,0.15,8.14650989,NA,0.04414151,0.046577916,0.039830579,0.051096486,0.072552871,0.007961956,0.019109944,0.032387448,0.087600374,0.845278706,2.137518738,1.60109925,0.779516993
10/27/2023,19:04:00,Dusk,Open Ocean,OO7,OO_Dusk7,Long Beach,Fall,7,19,10,Evening,8.154032209,33.06,19.05,2185.519865,1900.261823,285.9559819,9.584350396,199.6948525,1690.98262,4.840055001,3.126628677,0.48,0.39,5.4,0.14,0.09,8.14650989,NA,NA,NA,NA,NA,NA,NA,NA,NA,NA,NA,NA,NA,NA
10/27/2023,19:04:00,Dusk,Barnacle,B6,B6_Duskd,Long Beach,Fall,6,19,10,Evening,8.158577926,33.02,19.09,2168.700429,1882.419062,280.1239896,9.38034112,199.7896848,1673.249036,4.843941498,3.129178111,0.58,0.42,4.5,0.13,0.26,8.14650989,"Reran, old TA 2184.136226",NA,NA,NA,NA,NA,NA,NA,NA,NA,NA,NA,NA,NA
10/27/2023,19:04:00,Dusk,Open Ocean,OO7,OO_Dusk7a,Long Beach,Fall,7,19,10,Evening,8.145335028,33.35,19.05,2196.578923,1913.001025,293.770356,9.830724875,198.6697484,1704.500551,4.805366107,3.106145313,NA,NA,NA,NA,NA,8.14650989,Hand collected salinity lab not labeled A B C,0.05643258,0.088401234,0.05131491,0.078110411,0.564297662,0.094846003,0.025183394,0.042902941,0.760392971,1.532734011,0.507318052,1.658220539,0.656953523
10/27/2023,19:04:00,Dusk,Open Ocean,OO7,OO_Dusk7b,Long Beach,Fall,7,19,10,Evening,8.136676198,33.48,19.05,2192.21933,1912.855818,300.0211974,10.03279699,195.6556465,1707.167375,4.728103749,3.057026387,NA,NA,NA,NA,NA,8.14650989,Hand collected salinity lab not labeled A B C,0.047071404,0.068260254,0.045389137,0.056580621,0.266532289,0.013648025,0.02274397,0.037738109,0.235444135,1.069075858,0.748515962,1.598053966,0.802202888
10/27/2023,19:04:00,Dusk,Open Ocean,OO7,OO_Dusk7c,Long Beach,Fall,7,19,10,Evening,8.149996124,33.75,19.05,2201.754365,1912.166821,289.5246612,9.66756403,202.2218287,1700.277428,4.877396473,3.155262526,3.54,0.56,6,0.45,2.52,8.14650989,Hand collected salinity lab not labeled A B C,0.050595558,0.041356301,0.04914373,0.058159421,0.149963116,0.020368788,0.024074925,0.040822182,0.198485099,0.959732375,1.306437855,1.574205813,0.84498315
10/29/2023,7:04:00,Dawn,Open Ocean,OO8,OO_Dawn8a,Long Beach,Fall,8,7,10,Morning,7.840294264,33.21,17.03,2213.370219,2083.360128,671.6189933,23.83524637,104.2386196,1955.286262,2.518650374,1.619627733,1.37,0.42,5,0.11,0.94,7.856409187,Hand collected salinity lab not labeled A B C,0.03007311,0.029177998,0.028620219,0.037413748,0.099072843,0.014483817,0.013576068,0.02379644,0.085298631,0.976467433,1.355791895,1.635492123,0.764965278
10/29/2023,7:04:00,Dawn,Open Ocean,OO8,OO_Dawn8b,Long Beach,Fall,8,7,10,Morning,7.829188661,33.28,17.03,2220.372576,2093.937116,692.9645327,24.5832777,102.3846263,1966.969212,2.472682534,1.590302205,4.35,0.46,5.3,0.2,1.3,7.856409187,Hand collected salinity lab not labeled A B C,0.031236251,0.024188572,0.028782848,0.03718037,0.05207929,0.00254417,0.014316332,0.024072651,0.050973392,0.847920998,2.276638137,1.609726797,0.774140979
10/29/2023,7:04:00,Dawn,Open Ocean,OO8,OO_Dawn8c,Long Beach,Fall,8,7,10,Morning,7.902425479,33.11,17.03,2212.627149,2059.05814,572.0468952,20.31272918,117.8721842,1920.873227,2.849992749,1.832308048,NA,NA,NA,NA,NA,7.856409187,Hand collected salinity lab not labeled A B C,0.04273246,0.02545996,0.038634041,0.050106422,0.102015415,0.041838214,0.018095799,0.030931266,0.112214384,0.839476132,1.802765308,1.614838949,0.771039715
10/29/2023,7:04:00,Dawn,Open Ocean,OO8,OO_Dawn8,Long Beach,Fall,8,7,10,Morning,7.853728343,33.16,17.29,2219.992029,2083.423463,651.3695192,22.94831025,108.2807941,1952.194358,2.617820759,1.684245462,1,0.36,5.3,0.19,1.64,7.856409187,NA,0.025820698,0.020271674,0.021759086,0.0300776,0.017952968,0.004978938,0.010789743,0.01850328,0.033210705,0.845536894,2.922876976,1.594925086,0.723431602
10/29/2023,7:04:00,Dawn,Rockweed,RW2,RW2_Dawn,Long Beach,Fall,2,7,10,Morning,7.838933942,33.2,17.37,2169.688766,2040.001602,660.9341973,23.2260579,103.0050806,1913.770463,2.489781373,1.602306116,3.3,0.34,5.4,0.46,1.76,7.856409187,"Reran, old TA 2184.952387",0.039038577,0.03805012,0.032729429,0.048687911,0.056129327,0.02236375,0.01474725,0.025241707,0.09047973,0.821347,2.004119906,1.762060721,0.672229071
10/29/2023,7:04:00,Dawn,Rockweed,RW6,RW6_Dawn,Long Beach,Fall,6,7,10,Morning,7.862519316,33.13,17.07,2212.891689,2074.621336,634.4928018,22.50129973,108.9876736,1943.132362,2.634916411,1.694262485,0.56,0.33,5.5,0.08,0.73,7.856409187,"Reran, old TA 2230.352474",0.048899839,0.045127976,0.044386657,0.057621918,0.058639551,0.003223839,0.020327077,0.035329831,0.114781299,0.808013548,2.413573081,1.725396317,0.770308561
10/29/2023,7:04:00,Dawn,Barnacle,B3,B3_Dawn,Long Beach,Fall,3,7,10,Morning,7.884361853,33.17,17.33,2178.453922,2031.491629,590.1621778,20.76660522,113.1426599,1897.582364,2.735277827,1.760017833,0.69,0.48,4.6,0.16,0.65,7.856409187,Reran old TA 2190.67308,0.038670683,0.050431516,0.032052367,0.04452976,0.048378529,0.027109412,0.014813561,0.0259917,0.087487181,0.807172192,2.167645181,1.712483881,0.719796527
10/29/2023,7:04:00,Dawn,Barnacle,B6,B6_Dawn,Long Beach,Fall,6,7,10,Morning,7.899401776,33.12,17.24,2171.438491,2019.643446,565.7335157,19.96472239,115.7512413,1883.927483,2.799057913,1.800483587,0.82,0.36,4.5,0.16,1.26,7.856409187,Reran old TA 2183.365867,0.026835657,0.028009797,0.023631137,0.033552188,0.034294398,0.02871482,0.011195696,0.019414495,0.067801271,0.916671183,2.137586682,1.797918338,0.704309869
10/29/2023,7:04:00,Dawn,Mussel,M2,M2_Dawn,Long Beach,Fall,2,7,10,Morning,7.895661774,33.02,17.5,2226.115478,2072.286705,586.7348958,20.56132297,118.6380616,1933.087321,2.871520813,1.847827785,NA,NA,NA,NA,NA,7.856409187,No Nutrients,NA,NA,NA,NA,NA,NA,NA,NA,NA,NA,NA,NA,NA
10/30/2023,7:05:00,Dawn,Open Ocean,OO9,OO_Dawn9,Long Beach,Fall,9,7,10,Morning,7.896923971,33.91,16.9,2218.082634,2063.345894,578.4192884,20.52635481,118.2568878,1924.562651,2.84348392,1.830524623,NA,NA,NA,NA,NA,7.880173172,NA,0.024005798,0.02629773,0.020120752,0.02870593,0.020235558,0,0.009517647,0.016779982,0.018148835,0.868851464,2.588575913,1.580897289,0.700926657
10/30/2023,7:05:00,Dawn,Mussel,M2,M2_Dawnb,Long Beach,Fall,2,7,10,Morning,7.916763228,33.69,17.33,2197.223426,2033.840875,545.0768736,19.12526614,123.0367512,1891.678858,2.96391817,1.909168691,1.22,0.28,3.8,0.17,1.2,7.880173172,NA,0.025890152,0.037194531,0.023058286,0.031374291,0.034894543,0.027701812,0.009830291,0.018620088,0,0.934886847,1.90632112,1.691678028,0.734942055
10/30/2023,7:05:00,Dawn,Mussel,M6,M6_Dawnb,Long Beach,Fall,6,7,10,Morning,7.892891587,33.74,17.11,2173.778668,2022.222764,573.422091,20.24352379,115.3160812,1886.663159,2.7764661,1.787674065,NA,NA,NA,NA,NA,7.880173172,No Nutrients,0.03222328,0.033362926,0.028416184,0.039342775,0.04005511,0.033513273,0.0123776,0.022956716,0,0.884616518,2.347886273,1.72320256,0.722271967
10/30/2023,7:05:00,Dawn,Rockweed,RW1,RW1_Dawn,Long Beach,Fall,1,7,10,Morning,7.869447046,33.46,16.34,2211.992538,2073.724705,620.5912464,22.44468447,108.5298919,1942.750129,2.616439723,1.680713021,NA,NA,NA,NA,NA,7.880173172,"No Nutrients, reran old TA 2210.155966",NA,NA,NA,NA,NA,NA,NA,NA,NA,NA,NA,NA,NA
10/30/2023,7:05:00,Dawn,Rockweed,RW4,RW4_Dawnb,Long Beach,Fall,4,7,10,Morning,7.863037372,33.6,16.39,2175.352399,2040.051912,619.7396763,22.36340704,105.7927299,1911.895775,2.548153322,1.637494498,0.81,0.35,5,0.19,1.39,7.880173172,"Reran, old TA 2192.426191",0.031500281,0.028231503,0.029114248,0.035672106,0.032929892,0.023714816,0.01409274,0.023633922,0.061718854,0.865360124,2.564115231,1.562867669,0.816162871
10/30/2023,7:05:00,Dawn,Rockweed,RW5,RW5_Dawn,Long Beach,Fall,5,7,10,Morning,7.847674395,33.4,16.3,2221.966929,2092.057593,659.6264963,23.89266056,104.0506549,1964.114278,2.509384269,1.611600608,NA,NA,NA,NA,NA,7.880173172,"TA not 3x rinsed, reran old TA 2234.611657",NA,NA,NA,NA,NA,NA,NA,NA,NA,NA,NA,NA,NA
10/30/2023,7:05:00,Dawn,Surfgrass,P4,P4_Dawn,Long Beach,Fall,4,7,10,Morning,7.868115241,33.58,16.39,2197.016822,2059.022684,617.9878849,22.30266661,107.9316013,1928.788417,2.600020476,1.670758926,0.4,0.29,5,0.04,0.41,7.880173172,NA,0.036412869,0.0364405,0.032517163,0.0430002,0.050445903,0.02483291,0.014432134,0.026519771,0.057628582,0.851727366,2.25027334,1.65088456,0.756209572
10/30/2023,7:05:00,Dawn,Surfgrass,P5,P5_Dawn,Long Beach,Fall,5,7,10,Morning,7.833024337,33.49,16.39,2225.757886,2100.277553,685.8490615,24.7640679,101.6627397,1973.850745,2.450487486,1.574385554,NA,NA,NA,NA,NA,7.880173172,"No Nutrients, TA not 3x rinsed",NA,NA,NA,NA,NA,NA,NA,NA,NA,NA,NA,NA,NA
10/30/2023,7:05:00,Dawn,Barnacle,B2,B2_Dawn,Long Beach,Fall,2,7,10,Morning,7.858489564,33.53,16.73,2132.800835,1999.306415,615.2438153,21.9884095,103.7583119,1873.559693,2.500993277,1.608216581,1.1,0.29,4.1,0.17,2.34,7.880173172,"Reran, old TA 2136.819804",0.036150228,0.048973078,0.032318239,0.042963922,0.056469372,0.015850789,0.014599555,0.025500512,0.095380277,0.847266589,1.732428893,1.750387825,0.752218086
10/30/2023,7:05:00,Dawn,Barnacle,B4,B4_Dawn,Long Beach,Fall,4,7,10,Morning,7.915633824,33.59,17.03,2182.24736,2022.383591,542.9954251,19.23011268,120.4637377,1882.689741,2.903189721,1.868365531,NA,NA,NA,NA,NA,7.880173172,"No Nutrients, reran old TA 2187.963101",NA,NA,NA,NA,NA,NA,NA,NA,NA,NA,NA,NA,NA
10/30/2023,7:05:00,Dawn,Barnacle,B5,B5_Dawn,Long Beach,Fall,5,7,10,Morning,7.916594108,33.58,16.9,2186.084186,2026.486697,542.5357743,19.28810324,120.3700789,1886.828515,2.900819507,1.866238187,0.65,0.28,3.2,0.27,1.68,7.880173172,Reran old TA 2203.274202,0.023613206,0.030199168,0.020950864,0.028320861,0.030317768,0.016387144,0.009568165,0.016165446,0.051332685,0.906979465,1.719572617,1.772958515,0.739767902
10/31/2023,7:06:00,Dawn,Barnacle,B1,B1_Dawn,Long Beach,Fall,1,7,10,Morning,7.922374435,33.54,16.73,2211.062612,2049.151335,540.6650833,19.32195133,122.4026832,1907.426701,2.950198137,1.897107409,0.73,0.28,3.7,0.11,0.66,7.870920919,"TA Tubing ripped off, reran old TA 2209.027608",0.029084667,0.038931866,0.027043721,0.034522529,0.059730948,0.017875392,0.012740385,0.021437281,0,0.870442092,1.951997139,1.680270317,0.783364435
10/31/2023,7:06:00,Dawn,Barnacle,B4,B4_Dawnb,Long Beach,Fall,4,7,10,Morning,7.906709716,33.54,16.99,2193.935462,2037.623822,559.0363189,19.82683209,118.7192682,1899.077722,2.862027006,1.841518965,0.81,0.31,3.5,0.18,1.37,7.870920919,"Reran, old TA 2198.113001",0.02451739,0.055927165,0.021666504,0.028504742,0.042900052,0.019879315,0.009904981,0.017056754,0.0797373,0.875321366,1.8884519,1.721257498,0.760101729
10/31/2023,7:06:00,Dawn,Mussel,M1,M1_Dawn,Long Beach,Fall,1,7,10,Morning,7.896470864,33.6,17.03,2225.509164,2071.349803,582.4528731,20.62635095,118.3346276,1932.388825,2.8516835,1.835254948,1.28,0.27,4.1,0.2,1.03,7.870920919,NA,0.027604022,0.034837277,0.025841181,0.033170787,0.038888832,0.049477801,0.010873948,0.020252761,0.042396001,0.880663516,1.942035353,1.748303943,0.779034319
10/31/2023,7:06:00,Dawn,Mussel,M6,M6_Dawnc,Long Beach,Fall,6,7,10,Morning,7.917192593,33.6,17.11,2189.385653,2028.007573,542.6304705,19.17129561,121.5877925,1887.248485,2.930275248,1.886186707,1.06,0.28,3.6,0.18,1.25,7.870920919,NA,0.023456094,0.031013201,0.021181375,0.028105405,0.034389304,0.045346363,0.009264311,0.017503588,0,0.931593134,1.733612509,1.68500909,0.753640617
10/30/2023,7:05:00,Dawn,Open Ocean,OO9,OO_Dawn9a,Long Beach,Fall,9,7,10,Morning,7.853320395,33.14,16.34,2264.664963,2131.98181,664.1100425,24.06127578,106.8933688,2001.027165,2.582495153,1.657803701,NA,NA,NA,NA,NA,7.880173172,Hand collected salinity lab not labeled A B C,0.035733141,0.031462971,0.032573435,0.042192156,0.104764294,0,0.015088781,0.025904785,0.074004859,0.83797798,1.479880839,1.639319447,0.772025847
10/30/2023,7:05:00,Dawn,Open Ocean,OO9,OO_Dawn9b,Long Beach,Fall,9,7,10,Morning,7.871411519,33.19,16.34,2225.485883,2087.171319,622.4401961,22.54529204,109.0396134,1955.586414,2.633471352,1.69070689,0.9,0.38,3.7,0.19,1.14,7.880173172,Hand collected salinity lab not labeled A B C,0.031654598,0.026870133,0.030048014,0.036328654,0.071789001,0,0.014537047,0.024557341,0.085340598,0.883945887,1.803774089,1.485740305,0.827116098
10/30/2023,7:05:00,Dawn,Open Ocean,OO9,OO_Dawn9c,Long Beach,Fall,9,7,10,Morning,7.899036805,33.21,16.34,2218.308996,2069.442803,577.4675686,20.91403037,114.9481688,1933.580604,2.775802252,1.782159641,NA,NA,NA,NA,NA,7.880173172,Hand collected salinity lab not labeled A B C,0.030841265,0.04689884,0.029474655,0.036323785,0.091543257,0.008415413,0.014565484,0.024554499,0.089034417,0.912005411,1.342762828,1.66452565,0.811442278
10/31/2023,7:06:00,Dawn,Open Ocean,OO10,OO_Dawn10a,Long Beach,Fall,10,7,10,Morning,7.859343043,33.51,16.43,2216.754422,2081.419273,638.3077649,23.01771829,106.9995001,1951.402055,2.578858234,1.657078885,NA,NA,NA,NA,NA,7.870920919,"Hand collected, falcon tube brown spots",0.025719693,0.024733753,0.023618284,0.028339409,0.036734926,0,0.011829645,0.020211454,0.036300455,0.843578169,2.434439606,1.605318953,0.833407785
10/31/2023,7:06:00,Dawn,Open Ocean,OO10,OO_Dawn10b,Long Beach,Fall,10,7,10,Morning,7.873788276,33.57,16.43,2227.049257,2085.476863,617.6146715,22.26410996,110.831176,1952.381577,2.670130402,1.715933405,0.65,0.33,3.9,0.17,1.55,7.870920919,Hand collected,0.030982443,0.030503016,0.027518674,0.034895834,0.064735249,0.019885194,0.013573803,0.022480774,0.072780402,0.778320487,1.692648021,1.585393291,0.788594828
10/31/2023,7:06:00,Dawn,Open Ocean,OO10,OO_Dawn10c,Long Beach,Fall,10,7,10,Morning,7.879631439,33.68,16.43,2223.655972,2079.431759,606.949602,21.8663134,112.219016,1945.346429,2.701563391,1.736511216,NA,NA,NA,NA,NA,7.870920919,Hand collected,0.030201723,0.037360975,0.027612449,0.034902611,0.083367502,0.01840722,0.013876097,0.023136884,0.079177341,0.866001119,1.380939929,1.612524601,0.791128454
11/1/2023,7:25:00,Dawn,Open Ocean,OO11,OO_Dawn11a,Long Beach,Fall,11,7,11,Morning,7.902300192,33.94,16.51,2223.423959,2068.477927,571.2648955,20.50264076,118.3567949,1929.618491,2.844478586,1.829621036,1.01,0.37,5.8,0.13,0.89,7.910407654,"Hand collected, pH probe solution spilled out, fDOM may not be cold enough",0.028997019,0.032329084,0.026919796,0.033936846,0.077880458,0.011904574,0.012633425,0.022657757,0.093530614,0.935938693,1.449230661,1.655845132,0.793232114
11/1/2023,7:25:00,Dawn,Open Ocean,OO11,OO_Dawn11b,Long Beach,Fall,11,7,11,Morning,7.916742009,33.61,16.51,2222.970864,2063.8017,551.2539738,19.82065792,120.9939713,1922.987071,2.914363719,1.873378947,NA,NA,NA,NA,NA,7.910407654,"Hand collected, pH probe solution spilled out",0.028949677,0.022152114,0.027340707,0.033404997,0.056691509,0.002043369,0.013408262,0.022582564,0.057924023,0.875998054,1.922151167,1.572108753,0.818461579
11/1/2023,7:25:00,Dawn,Open Ocean,OO11,OO_Dawn11c,Long Beach,Fall,11,7,11,Morning,7.912180762,33.58,16.51,2225.065166,2067.805906,558.5163021,20.0851167,119.9430123,1927.777777,2.889633931,1.857371652,NA,NA,NA,NA,NA,7.910407654,"Hand collected, pH probe solution spilled out, no falcon tube",0.029506577,0.029764152,0.027718448,0.033869563,0.069717481,0.003775835,0.014046808,0.023170848,0.063663323,0.949324277,1.653232266,1.618879486,0.818388123
11/1/2023,7:25:00,Dawn,Surfgrass,P5,P5_Dawnb,Long Beach,Fall,5,7,11,Morning,7.842196512,33.46,16.64,2217.608829,2087.767463,667.9245698,23.94370111,104.0081245,1959.815638,2.508018884,1.612171981,0.65,0.25,6.8,0.04,0.24,7.910407654,NA,0.04310531,0.033078285,0.039920813,0.048255123,0.079203511,0.001553219,0.018004147,0.033164407,0.11453854,0.948297259,2.076761186,1.51688662,0.827286524
11/1/2023,7:25:00,Dawn,Mussel,M5,M5_Dawn,Long Beach,Fall,5,7,11,Morning,7.867017013,33.53,17.24,2200.67698,2058.343291,622.1291828,21.90534174,110.8839001,1925.554049,2.67388524,1.72143468,0.98,0.29,4.4,0.12,0.82,7.910407654,NA,0.025758819,0.028638869,0.022478838,0.031050637,0.027774368,0.028158669,0.009793998,0.018107755,0,0.853653329,2.156595401,1.685820187,0.72394128
11/2/2023,7:45:00,Dawn,Open Ocean,OO12,OO_Dawn12a,Long Beach,Fall,12,7,11,Morning,7.937184406,33.45,16.51,2215.173011,2048.760924,521.2203442,18.75740387,125.1539904,1904.84953,3.017814759,1.939254827,0.76,0.35,4.7,0.1,0.73,7.932244073,Hand collected,0.033564394,0.05270749,0.028944112,0.040803669,0.296301566,0.033465521,0.013605002,0.025165926,0.254235721,1.223528644,0.545408997,1.725827998,0.709350703
11/2/2023,7:45:00,Dawn,Open Ocean,OO12,OO_Dawn12b,Long Beach,Fall,12,7,11,Morning,7.932454446,33.98,16.51,2208.129756,2041.329096,524.0508386,18.80396871,124.8815331,1897.643594,3.000471673,1.930103059,NA,NA,NA,NA,NA,7.932244073,Hand collected,0.031283725,0.0325712,0.027261746,0.035894097,0.133793777,0.028665018,0.013616529,0.022863213,0.133410283,1.021419777,1.055601492,1.583366214,0.759504996
11/2/2023,7:45:00,Dawn,Rockweed,RW1,RW1_Dawn,Long Beach,Fall,1,7,11,Morning,7.857466466,33.21,16.69,2176.653013,2043.484543,631.1648412,22.62397382,104.8950449,1915.965524,2.533766163,1.628065969,NA,NA,NA,NA,NA,7.932244073,"No Nutrients, reran old ta 2189.911946",NA,NA,NA,NA,NA,NA,NA,NA,NA,NA,NA,NA,NA
11/2/2023,7:45:00,Dawn,Rockweed,RW5,RW5_Dawn,Long Beach,Fall,5,7,11,Morning,7.881264267,33.41,16.56,2164.969073,2023.072663,589.2684749,21.17973521,109.4230265,1892.469902,2.639311153,1.696083158,0.52,0.31,6,0.08,0.51,7.932244073,Reran old TA 2185.980588,0.039073757,0.037145998,0.03641879,0.044989013,0.043337918,0.018938764,0.016787725,0.029069108,0.080135963,0.876554145,2.353306141,1.58327746,0.809504078
11/3/2023,8:06:00,Dawn,Open Ocean,OO13,OO_Dawn13a,Long Beach,Fall,13,8,11,Morning,7.922475141,32.72,17.07,2221.149495,2060.784299,546.6219971,19.42902816,122.3579847,1918.997286,2.966324957,1.905634056,NA,NA,NA,NA,NA,7.943256085,Hand collected,0.028885355,0.03656614,0.02430046,0.034351848,0.061583483,0.016089752,0.012445647,0.02018697,0.093570857,0.875188297,1.697550329,1.717518356,0.707398901
11/3/2023,8:06:00,Dawn,Open Ocean,OO13,OO_Dawn13b,Long Beach,Fall,13,8,11,Morning,7.94648403,32.88,17.07,2225.518947,2054.135287,513.6600674,18.24131976,128.9932193,1906.900748,3.123830443,2.007540931,4.96,0.41,3.6,0.12,1.41,7.943256085,Hand collected,0.025315845,0.034737489,0.021848223,0.032353822,0.140112657,0.01557546,0.010882688,0.018045999,0.185250733,1.180675345,0.790986467,1.630262788,0.675290322
11/3/2023,8:06:00,Dawn,Open Ocean,OO13,OO_Dawn13c,Long Beach,Fall,13,8,11,Morning,7.960809084,32.88,17.07,2217.268543,2040.223795,492.7319954,17.49811441,132.175811,1890.549869,3.200903307,2.057072086,NA,NA,NA,NA,NA,7.943256085,Hand collected,0.021932153,0.021228786,0.019246479,0.025274657,0.051846801,0,0.009709111,0.016367816,0.090978909,1.016392976,1.626795932,1.63255724,0.76149319
11/3/2023,8:06:00,Dawn,Rockweed,RW1,RW1_Dawnb,Long Beach,Fall,1,8,11,Morning,7.913947009,34.1,17.16,2188.014923,2025.228358,545.0649787,19.17627858,122.1270446,1883.925035,2.933291513,1.89015477,NA,NA,NA,NA,NA,7.943256085,Reran old TA 2216.737886 ROSS may have dripped into pH/sal sample,NA,NA,NA,NA,NA,NA,NA,NA,NA,NA,NA,NA,NA
11/3/2023,8:06:00,Dawn,Rockweed,RW3,RW3_Dawn,Long Beach,Fall,3,8,11,Morning,7.942082273,33.26,17.2,2198.844284,2027.859408,511.8654504,18.07082943,127.8050558,1881.983523,3.087493234,1.986422757,0.92,0.61,4.3,0.1,0.47,7.943256085,"Reran, old TA 2204.376482",0.030377706,0.028163955,0.028865529,0.034718935,0.043035101,0.013094539,0.014732835,0.022990292,0.086344163,0.894338458,2.251641043,1.582602628,0.831405942
11/3/2023,8:06:00,Dawn,Barnacle,B1,B1_Dawn,Long Beach,Fall,1,8,11,Morning,7.929002916,33.47,17.84,2181.355309,2011.639064,525.0981963,18.17640121,126.6688281,1866.793835,3.057447926,1.970939095,0.51,0.31,3.5,0.06,0.95,7.943256085,Reran old TA 2196.263611,0.021665112,0.028219034,0.019873363,0.025632169,0.029044076,0.039707937,0.008494601,0.015561163,0,0.93730899,1.669832409,1.66754262,0.775328964
4/3/2024,6:36:00,Dawn,Barnacle,B3,B3_Dawn,Long Beach,Spring,3,6,4,Morning,7.916330964,32.33,14.11,2218.051252,2079.612958,552.8322079,21.52182844,108.4015071,1949.689623,2.628296134,1.675995096,1.19,0.47,4,0.13,1.42,7.8642856,No 3x rinse,0.040847388,0.04116873,0.038816921,0.047595314,0.044820582,0.046394999,0.018734557,0.030740399,0.061001128,0.845182954,2.458434352,1.688356794,0.81556182
4/3/2024,6:36:00,Dawn,Surfgrass,P3,P3_Dawn,Long Beach,Spring,3,6,4,Morning,7.816574184,32.32,14.03,2202.678888,2100.911541,708.1057277,27.63623837,87.45932751,1985.815975,2.12055402,1.351965521,NA,NA,NA,NA,NA,7.8642856,"1x rinse for falcon dirty nutrient water clean Nalgene, probably switched",0.093619578,0.026445342,0.088802979,0.091395779,0.024277361,0.018333018,0.050757839,0.07319844,0.061729689,0.723468718,9.061140444,1.365143793,0.97163108
4/3/2024,6:36:00,Dawn,Barnacle,B5,B5_Dawn,Long Beach,Spring,5,6,4,Morning,7.917827782,32.6,14.11,2219.643811,2079.303267,550.0353293,21.38045588,109.4230285,1948.499783,2.64860051,1.690007747,1.55,0.43,4.9,0.16,1.49,7.8642856,NA,0.054821961,0.05452797,0.04688276,0.07868438,0.063317184,0.042912013,0.023939049,0.036890912,0.100842802,0.798180361,2.102656373,1.746939006,0.595833125
4/3/2024,6:36:00,Dawn,Surfgrass,P5,P5_Dawn,Long Beach,Spring,5,6,4,Morning,7.841430966,32,14.11,2208.829608,2099.280985,668.3881262,26.06875888,91.96308195,1981.249144,2.234293154,1.423607506,1.45,0.48,5.6,0.18,1.19,7.8642856,NA,0.052901863,0.057620752,0.046056259,0.061638206,0.085046304,0.020940802,0.022087372,0.037158123,0.127908989,0.794618401,1.896085484,1.652566635,0.7472031
4/3/2024,6:15:00,Dawn,Open Ocean,OO1,OO_Dawn1,Long Beach,Spring,1,6,4,Morning,7.8642856,31.07,14.28,2236.297592,2120.988434,643.3183153,25.09084769,96.23862464,1999.658962,2.351831893,1.495364228,4.58,0.63,8.1,0.15,1.47,7.8642856,"350 mls of nutrient, used B2 for temp",0.048516874,0.042507864,0.047312509,0.052980808,0.163280058,0.029937715,0.023369473,0.038456406,0.130343591,0.959185868,1.439989273,1.541982469,0.893012217
4/4/2024,6:35:00,Dawn,Surfgrass,P4,P4_Dawn,Long Beach,Spring,5,6,4,Morning,7.834874348,32.82,14.45,2218.955715,2106.217562,679.7574082,26.1162461,93.86015219,1986.241163,2.269237684,1.449693505,NA,NA,NA,NA,NA,7.912462897,Not nut,NA,NA,NA,NA,NA,NA,NA,NA,NA,NA,NA,NA,NA
4/4/2024,6:35:00,Dawn,Surfgrass,P6,P6_Dawn,Long Beach,Spring,6,6,4,Morning,7.895186574,32.8,14.58,2221.365627,2085.941957,583.4395444,22.32933547,106.7310243,1956.881598,2.580956335,1.649212372,1.1,0.47,4.6,0.13,0.91,7.912462897,NA,0.04122473,0.03417669,0.03891265,0.046227106,0.041144375,0,0.019602173,0.0327679,0.054145544,0.859143335,3.154867475,1.526094972,0.841771272
4/4/2024,6:35:00,Dawn,Barnacle,B4,B4_Dawn,Long Beach,Spring,4,6,4,Morning,7.909047614,32.52,14.5,2218.565596,2079.756528,563.2235417,21.64235943,108.6975362,1949.416632,2.633028803,1.68113121,0.85,0.45,3.7,0.12,0.98,7.912462897,NA,0.037178356,0.053750281,0.033658163,0.043995764,0.114241908,0.042440701,0.017018371,0.026189629,0.118642957,0.924977886,1.187959836,1.757201372,0.765031896
4/4/2024,6:35:00,Dawn,Open Ocean,OO2,OO_Dawn2,Long Beach,Spring,2,6,4,Morning,7.912462897,32.58,14.63,2229.393111,2087.810547,560.9989926,21.46421384,110.6219673,1955.724366,2.67886824,1.711105472,3.25,0.65,7.1,0.15,1.27,7.912462897,"Reran, old TA 2296.933561 400 ml nutrients sample, used B2 for temp",0.051537855,0.037274339,0.049425988,0.058111074,0.084758838,0.025251664,0.023365362,0.040102546,0.100282675,0.874666802,2.327350013,1.585253891,0.85054337
4/8/2024,19:19:00,Dusk,Barnacle,B1,B1_Dusk,Long Beach,Spring,1,19,4,Evening,8.286267021,33.88,15.36,2152.688161,1821.169284,192.8076646,7.163319817,225.4170408,1588.588924,5.415569074,3.474039546,NA,NA,NA,NA,NA,8.33384345,"Reran, old TA 2158.799027 Not nut",NA,NA,NA,NA,NA,NA,NA,NA,NA,NA,NA,NA,NA
4/8/2024,19:19:00,Dusk,Barnacle,B3,B3_Dusk,Long Beach,Spring,3,19,4,Evening,8.326651557,33.34,15.27,2202.330805,1846.004284,176.5940785,6.598611128,244.3887355,1595.016937,5.89191885,3.774843836,NA,NA,NA,NA,NA,8.33384345,no nut,NA,NA,NA,NA,NA,NA,NA,NA,NA,NA,NA,NA,NA
4/8/2024,19:19:00,Dusk,Barnacle,B5,B5_Dusk,Long Beach,Spring,5,19,4,Evening,8.269864865,33.24,15.27,2191.747104,1871.838985,207.4672117,7.756545324,220.4454445,1643.636996,5.318141488,3.406527617,4.53,0.64,11.4,0.33,0.82,8.33384345,NA,0.0536588,0.042165569,0.050150904,0.061306049,0.053623942,0.018905373,0.02351944,0.040725787,0.080457204,0.855808582,2.823241396,1.583748994,0.818041687
4/8/2024,19:19:00,Dusk,Rockweed,RW1,RW1_Dusk,Long Beach,Spring,1,19,4,Evening,8.274750423,32.96,15.4,2233.51398,1907.479285,209.2150156,7.80350754,226.5516255,1673.124152,5.475903464,3.506476855,6.28,0.6,13.5,0.41,3.53,8.33384345,NA,0.096418882,0.075415053,0.090101327,0.122144508,0.109853653,0.033617083,0.043157727,0.073164149,0.14834959,0.794799555,2.735159023,1.646656407,0.73766171
4/8/2024,19:19:00,Dusk,Rockweed,RW3,RW3_Dusk,Long Beach,Spring,3,19,4,Evening,8.281633823,33.18,15.36,2204.214096,1875.684769,201.82239,7.527591824,226.6632854,1641.493892,5.470616244,3.504440809,4.61,0.61,10.6,0.38,1.76,8.33384345,Nalgene not filled,0.068042385,0.066203858,0.061766551,0.092710495,0.071912956,0.026544127,0.030082757,0.050185172,0.078266533,0.763113181,2.740690808,1.685303935,0.666230405
4/8/2024,19:19:00,Dusk,Surfgrass,P3,P3_Dusk,Long Beach,Spring,3,19,4,Evening,8.17177115,33.16,15.06,2223.443073,1958.006115,278.2810323,10.47494027,186.5622825,1760.968892,4.502437371,2.882231393,4.64,0.63,12.6,0.32,0.93,8.33384345,NA,0.051589698,0.048427437,0.047843586,0.067124309,0.052075719,0,0.021882484,0.038205487,0.060102169,0.794106601,2.916015649,1.734442453,0.712760943
4/8/2024,19:19:00,Dusk,Surfgrass,P5,P5_Dusk,Long Beach,Spring,5,19,4,Evening,8.136021341,33.16,14.84,2223.591948,1978.51322,307.2516101,11.64285114,173.5079961,1793.362373,4.18679659,2.678907488,5.12,0.73,10.5,0.34,1.36,8.33384345,NA,0.049135227,0.053101945,0.046452528,0.055597044,0.055212785,0.048435656,0.021781545,0.037621745,0.121521278,0.84087774,2.274997858,1.569879162,0.835521537
4/8/2024,19:15:00,Dusk,Open Ocean,OO1,OO_Dusk1,Long Beach,Spring,1,19,4,Evening,8.321154435,33.34,15.4,2229.686529,1872.411756,181.7403862,6.764374903,246.2309304,1619.416451,5.936844197,3.804706583,6.35,0.67,10.2,0.34,2.49,8.33384345,"420 ml nutrient sample, start using RW1 hobo temp for hand collect samples",0.068837253,0.037721664,0.069365068,0.076850111,0.079548197,0.013287981,0.034585827,0.056693122,0.074671541,0.873033993,3.422568674,1.510798787,0.902602052
4/8/2024,19:19:00,Dusk,Open Ocean,OO,SAS_OO_Dusk,Long Beach,Spring,NA,19,4,Evening,8.346532465,33.28,15.27,2213.688238,1844.00663,167.5641353,6.263296847,253.7117173,1584.031616,6.119079425,3.919894393,5.69,0.62,10.6,0.39,1.65,8.33384345,Used B5 hobo for sas OO temperature,0.068294844,0.059328876,0.06590043,0.079498701,0.07722944,0.010974985,0.032118066,0.053442897,0.135389845,0.843629055,2.801621339,1.578349743,0.828949763
4/8/2024,19:19:00,Dusk,Mussel,M1,M1_Dusk,Long Beach,Spring,1,19,4,Evening,8.278476455,33.37,15.06,2179.696422,1856.851371,201.0469228,7.558847071,221.578713,1627.713811,5.340232866,3.420041763,NA,NA,NA,NA,NA,8.33384345,"no nut, had to redrill hanger bolts for m1-5",NA,NA,NA,NA,NA,NA,NA,NA,NA,NA,NA,NA,NA
4/8/2024,19:19:00,Dusk,Mussel,M5,M5_Dusk,Long Beach,Spring,5,19,4,Evening,8.314448207,33.29,15.27,2176.92627,1831.434461,180.8958018,6.761236676,236.3401038,1588.33312,5.699735102,3.651337489,5.4,0.65,12.7,0.41,1.6,8.33384345,"Reran, old TA 2306.050341",0.058934114,0.065183279,0.052736114,0.07028612,0.088258929,0.006062072,0.02505077,0.041857491,0.156442019,0.842155978,1.859751588,1.636413181,0.750306231
4/9/2024,19:34:00,Dusk,Open Ocean,OO2,OO_Dusk2,Long Beach,Spring,2,19,4,Evening,8.167145663,32.86,15.23,2240.160615,1976.523436,284.8413544,10.68482824,186.3988544,1779.439753,4.507746782,2.884817246,9.64,1.03,16.3,0.42,3.08,8.167145663,360 ml,0.061549073,0.059456145,0.058177884,0.074320542,0.237533144,0.049809743,0.028636284,0.047505548,0.229280701,1.073267594,1.154742077,1.53005747,0.78279683
4/9/2024,19:38:00,Dusk,Surfgrass,P6,P6_Dusk,Long Beach,Spring,6,19,4,Evening,8.104621228,33.61,14.67,2185.217924,1956.946641,327.5720421,12.44580641,161.1710663,1783.329769,3.877417774,2.482334896,7.8,0.79,14.4,0.44,1.68,8.167145663,P4 tubing out of plot on this day,0.056757423,0.056837485,0.051031399,0.072777454,0.080390542,0.009402917,0.022987504,0.041076908,0.123151611,0.792376873,1.912863577,1.732716416,0.701197923
4/9/2024,19:38:00,Dusk,Mussel,M3,M3_Dusk,Long Beach,Spring,3,19,4,Evening,8.209347166,33.65,14.75,2218.27187,1931.944642,248.8505271,9.429749265,199.0370676,1723.477825,4.787356133,3.06564353,9.52,0.82,13.5,0.57,2.99,8.167145663,NA,0.050222434,0.067874584,0.04438926,0.061249965,0.10798134,0.028485985,0.02079799,0.034602315,0.134437211,0.867115013,1.424794297,1.719736628,0.724723027
4/9/2024,19:38:00,Dusk,Mussel,M6,M6_Dusk,Long Beach,Spring,6,19,4,Evening,8.226422495,33.55,15.1,2216.008687,1917.973044,236.9626485,8.889462679,206.7570021,1702.326579,4.977294536,3.189041202,NA,NA,NA,NA,NA,8.167145663,Not nut,NA,NA,NA,NA,NA,NA,NA,NA,NA,NA,NA,NA,NA
4/9/2024,19:38:00,Dusk,Barnacle,B2,B2_Dusk,Long Beach,Spring,2,19,4,Evening,8.249841361,33.71,14.67,2214.764062,1906.046042,221.3996865,8.407172954,213.1866123,1684.452257,5.125465307,3.281980326,NA,NA,NA,NA,NA,8.167145663,Not nut,NA,NA,NA,NA,NA,NA,NA,NA,NA,NA,NA,NA,NA
4/9/2024,19:38:00,Dusk,Barnacle,B4,B4_Dusk,Long Beach,Spring,4,19,4,Evening,8.237772116,33.54,14.88,2210.01183,1908.109581,228.9124518,8.645364783,208.9373104,1690.526906,5.029451401,3.220867754,7.58,0.7,12.3,0.42,1.49,8.167145663,Not nut,0.040710431,0.039541962,0.038798048,0.04774396,0.060782556,0,0.018412175,0.031072151,0.088698285,0.845561882,2.317275845,1.666182471,0.812627354
4/9/2024,19:38:00,Dusk,Barnacle,B6,B6_Dusk,Long Beach,Spring,6,19,4,Evening,8.249116212,33.51,15.1,2195.303304,1886.557529,220.0458994,8.256691067,212.9185803,1665.382257,5.126963187,3.284673915,NA,NA,NA,NA,NA,8.167145663,No nut,NA,NA,NA,NA,NA,NA,NA,NA,NA,NA,NA,NA,NA
4/9/2024,19:38:00,Dusk,Rockweed,RW4,RW4_Dusk,Long Beach,Spring,4,19,4,Evening,8.245354552,33.18,15.27,2210.056318,1903.07326,224.654245,8.40192839,212.8803027,1681.791029,5.137641859,3.290493679,7,0.68,13.3,0.43,1.37,8.167145663,TA + nut Bottle just said rw not number,0.054417917,0.051663038,0.053113097,0.059745322,0.0381784,9.51E-04,0.025921381,0.04331735,0.03480665,0.822681565,3.888241268,1.611235689,0.888991736
4/10/2024,20:03:00,Dusk,Surfgrass,P1,P1_Dusk,Long Beach,Spring,1,20,4,Evening,7.950726582,32.99,15.27,2184.530496,2024.051869,496.5411754,18.59002311,120.5202667,1884.941579,2.912218002,1.864422353,3.72,0.65,10.8,0.3,2.07,8.204341968,"TA tube pushed a bit out of tide pool, but still close (MA has pic), switched tubes to p56",0.051379819,0.044029062,0.045947061,0.0673108,0.061694913,0.020274832,0.022087645,0.038339454,0.109810711,0.825358239,2.336283146,1.682329782,0.682610539
4/10/2024,20:03:00,Dusk,Surfgrass,P4,P4_Dusk,Long Beach,Spring,4,20,4,Evening,7.992206823,33.18,15.14,2234.491933,2053.954177,454.9429676,17.08147081,133.8139272,1903.058779,3.229176616,2.067599631,NA,NA,NA,NA,NA,8.204341968,Not nut,NA,NA,NA,NA,NA,NA,NA,NA,NA,NA,NA,NA,NA
4/10/2024,20:03:00,Dusk,Mussel,M6,M6_Dusk,Long Beach,Spring,6,20,4,Evening,8.163169098,32.79,15.4,2209.871184,1949.899854,284.0974427,10.60659893,183.1641769,1756.129078,4.432076426,2.836999156,5.41,0.7,11.7,0.4,1.02,8.204341968,NA,0.042437728,0.036134378,0.040511287,0.048796,0.039164904,0.018538435,0.019676376,0.032517316,0.05202967,0.885287201,2.790702652,1.594609644,0.830217361
4/10/2024,20:03:00,Dusk,Barnacle,B6,B6_Dusk,Long Beach,Spring,6,20,4,Evening,8.260261823,32.94,15.36,2208.879194,1894.434128,215.6489002,8.054074853,218.0508307,1668.329223,5.270964538,3.374802284,4.23,0.58,12.7,0.3,0.92,8.204341968,B2 tubing from this day was messed up not sure if ta or nut,0.047510901,0.058058834,0.043296938,0.055168031,0.078531278,0.056352889,0.019084209,0.034301669,0.127886586,0.897934619,1.596792117,1.558244923,0.78481936
4/10/2024,20:03:00,Dusk,Mussel,M2,M2_Dusk,Long Beach,Spring,2,20,4,Evening,8.226449193,32.57,15.18,2230.240119,1937.613941,240.837953,9.062519876,205.1116563,1723.439765,4.969352514,3.17780155,NA,NA,NA,NA,NA,8.204341968,Not nut,NA,NA,NA,NA,NA,NA,NA,NA,NA,NA,NA,NA,NA
4/10/2024,20:03:00,Dusk,Rockweed,RW2,RW2_Dusk,Long Beach,Spring,2,20,4,Evening,8.214850757,32.94,15.44,2231.575997,1940.254315,247.984368,9.239471181,203.9424163,1727.072427,4.930207343,3.157180429,6.49,0.59,13.4,0.34,2.72,8.204341968,NA,0.061750171,0.050879636,0.058836291,0.068279782,0.050651014,0.025956542,0.027071003,0.047401403,0.079456446,0.82421858,3.345818232,1.591511663,0.861694181
4/10/2024,20:01:00,Dusk,Open Ocean,OO3,OO_Dusk3,Long Beach,Spring,3,20,4,Evening,8.204341968,33.11,15.4,2236.628764,1949.802777,255.6333446,9.526885381,200.9844515,1739.29144,4.853193931,3.108733739,6.17,0.91,14.8,0.31,1.35,8.204341968,360 ml nut,0.054476963,0.033419699,0.052551063,0.059772964,0.057849999,0.018354694,0.025669787,0.042472924,0.096196906,0.824711521,3.56097809,1.479408191,0.879177795
4/11/2024,20:24:00,Dusk,Open Ocean,OO4,OO_Dusk4,Long Beach,Spring,4,20,4,Evening,8.266102767,32.23,14.5,2212.274815,1907.537384,214.4172608,8.252600135,212.5055894,1686.779195,5.156996753,3.290371552,8.29,0.85,13.2,0.36,1.21,8.266102767,300 ml nut,0.043718469,0.043203491,0.042574166,0.050107503,0.092478223,0.032707484,0.020861947,0.035153855,0.087908012,0.896079816,2.095365599,1.558947847,0.849656501
4/11/2024,20:29:00,Dusk,Surfgrass,P2,P2_Dusk,Long Beach,Spring,2,20,4,Evening,8.040581823,33.09,14.41,2202.447301,2007.869863,394.1066908,15.13716791,141.1989141,1851.533781,3.40780365,2.178160389,5.6,0.59,11.5,0.32,0.95,8.266102767,"Tubes from p56 used, but not flushed before",0.043225338,0.036145075,0.04033513,0.05881574,0.033952,0,0.01997895,0.033549342,0.069909993,0.765938428,4.18903924,1.690211675,0.685788016
4/11/2024,20:29:00,Dusk,Mussel,M1,M1_Dusk,Long Beach,Spring,1,20,4,Evening,8.126897586,33.27,14.41,2220.629057,1982.9974,314.3282216,12.06078262,168.4081855,1802.528432,4.059824879,2.595896386,NA,NA,NA,NA,NA,8.266102767,NA,NA,NA,NA,NA,NA,NA,NA,NA,NA,NA,NA,NA,NA
4/11/2024,20:29:00,Dusk,Mussel,M4,M4_Dusk,Long Beach,Spring,4,20,4,Evening,8.139276194,33.47,14.45,2208.51517,1963.932574,301.592366,11.54498766,172.2092968,1780.17829,4.14622551,2.652450625,NA,NA,NA,NA,NA,8.266102767,NA,NA,NA,NA,NA,NA,NA,NA,NA,NA,NA,NA,NA,NA
4/16/2024,5:54:00,Dawn,Open Ocean,OO,SAS_OO_Dawn,Long Beach,Spring,NA,5,4,Night,7.903923477,33.34,14.28,2236.839891,2096.697095,571.9821512,22.02588406,109.5099081,1965.161303,2.638589981,1.686927647,2.2,0.46,6.3,0.21,0.9,7.86843514,NA,0.04439421,0.057962789,0.041879843,0.051678323,0.067798238,0.003480502,0.020977081,0.034889428,0.090979219,0.891556673,2.089738396,1.604464947,0.810394772
4/16/2024,6:05:00,Dawn,Open Ocean,OO3,OO_Dawn3,Long Beach,Spring,3,6,4,Morning,7.832946802,32.99,14.33,2223.794788,2111.505324,683.6182698,26.33614844,93.64244906,1991.526727,2.261369424,1.44484237,7.54,0.55,6.7,0.24,1.51,7.86843514,420 ml nutrient sample,0.041947928,0.058913818,0.03934088,0.05340119,0.420036208,0.026025175,0.018600482,0.031919154,0.356809589,1.378743742,0.5445544,1.598851037,0.736704188
4/16/2024,5:54:00,Dawn,Rockweed,RW2,RW2_Dawn,Long Beach,Spring,2,5,4,Night,7.776451686,33.1,14.41,2207.201727,2113.885975,782.3372088,30.04690524,83.07480612,2000.764263,2.004863794,1.28147293,1.87,0.48,6.7,0.21,1.13,7.86843514,NA,0.050721843,0.045414194,0.046513178,0.060594153,0.053498083,0,0.020839736,0.037083059,0.125756576,0.867503731,2.633056406,1.593918599,0.767618247
4/16/2024,5:54:00,Dawn,Rockweed,RW4,RW4_Dawn,Long Beach,Spring,4,5,4,Night,7.814795302,33.63,14.41,2200.789259,2092.534801,705.7030329,27.02313453,90.70131013,1974.810357,2.181487764,1.395882346,NA,NA,NA,NA,NA,7.86843514,No nut,NA,NA,NA,NA,NA,NA,NA,NA,NA,NA,NA,NA,NA
4/16/2024,5:54:00,Dawn,Barnacle,B2,B2_Dawn,Long Beach,Spring,2,5,4,Night,7.893507383,33.67,14.37,2194.494218,2057.975902,575.0579867,22.04244377,106.1801221,1929.753336,2.553062254,1.633634572,NA,NA,NA,NA,NA,7.86843514,Nutrient Tubes Got ripped off bolts,0.043735767,0.048414616,0.043263736,0.050318593,0.04755118,0,0.020984544,0.03609532,0.057644815,0.900051819,2.72226185,1.625408862,0.859796215
4/16/2024,5:54:00,Dawn,Barnacle,B6,B6_Dawn,Long Beach,Spring,6,5,4,Night,7.881032063,33.64,14.41,2228.673147,2095.455956,603.4904349,23.10787071,105.2572372,1967.090849,2.531413807,1.619823506,2.66,0.49,7.5,0.26,1.71,7.86843514,NA,0.047392432,0.040273536,0.045280877,0.06331201,0.038550897,0.004149276,0.021137518,0.0372027,0.066383863,0.797268439,3.870268175,1.700286243,0.715202007
4/16/2024,5:54:00,Dawn,Mussel,M1,M1_Dawn,Long Beach,Spring,1,5,4,Night,7.889489064,33.76,14.33,2242.498497,2105.453875,593.6680061,22.77215926,107.7289671,1974.952749,2.588746138,1.65661723,2.35,0.58,6.9,0.23,1.42,7.86843514,NA,0.043267261,0.038559015,0.040406938,0.051687558,0.035608252,0.029412635,0.017933721,0.032826944,0.078541764,0.853440105,2.712236205,1.721818811,0.781753674
4/16/2024,5:54:00,Dawn,Mussel,M4,M4_Dawn,Long Beach,Spring,4,5,4,Night,7.853681515,33.44,14.33,2250.239108,2127.738004,654.4266153,25.14791372,99.84087026,2002.74922,2.40414359,1.537513682,NA,NA,NA,NA,NA,7.86843514,No nut,NA,NA,NA,NA,NA,NA,NA,NA,NA,NA,NA,NA,NA
4/17/2024,6:18:00,Dawn,Rockweed,RW1,RW1_Dawn,Long Beach,Spring,1,6,4,Morning,7.747682707,33.65,14.33,2209.24257,2123.733362,838.856194,32.19704149,78.99281339,2012.543507,1.899560151,1.215326988,1.17,0.44,4.2,0.11,1.15,7.942920102,"Nalgene not filled, TA bags from this day might have gotten slightly warm on rocks",0.033922902,0.042140094,0.031133556,0.040803566,0.040099741,0,0.014540226,0.025567272,0.05495889,0.881809021,2.390673281,1.666155358,0.763010663
4/17/2024,6:18:00,Dawn,Rockweed,RW3,RW3_Dawn,Long Beach,Spring,3,6,4,Morning,7.919242778,33.59,14.33,2176.288869,2031.288461,533.6691007,20.49025656,110.559146,1900.239059,2.659671834,1.701441082,NA,NA,NA,NA,NA,7.942920102,"No nut,  reran, first TA run = 2166.217785",NA,NA,NA,NA,NA,NA,NA,NA,NA,NA,NA,NA,NA
4/17/2024,6:18:00,Dawn,Rockweed,RW5,RW5_Dawn,Long Beach,Spring,5,6,4,Morning,7.984213149,32.69,14.5,2504.808844,2320.786575,523.8471181,20.11009836,143.592422,2157.084055,3.474573803,2.219303841,36.26,0.59,20.5,1.28,6.25,7.942920102,"Reused phyllo tubing for this, reran first run=2475.00289",0.102631574,0.049012646,0.092439392,0.120368269,0.0667795,0,0.040811461,0.073399991,0.131970796,0.83756272,5.365584932,1.619997972,0.767971433
4/17/2024,6:18:00,Dawn,Mussel,M6,M6_Dawn,Long Beach,Spring,6,6,4,Morning,7.929207484,33.69,14.37,2212.420105,2061.253147,528.5849223,20.25882169,115.1009243,1925.893401,2.767202193,1.770725799,NA,NA,NA,NA,NA,7.942920102,"No nut, only 1 rinse did not fill nalgene",NA,NA,NA,NA,NA,NA,NA,NA,NA,NA,NA,NA,NA
4/17/2024,6:20:00,Dawn,Open Ocean,OO4,OO_Dawn4,Long Beach,Spring,4,6,4,Morning,7.942920102,32.83,14.33,2209.562382,2057.513412,512.3974884,19.75768994,115.9577187,1921.798003,2.803098884,1.790337611,5.77,0.57,5.2,0.16,1.65,7.942920102,450 ml nutrient sample,0.054468826,0.059450539,0.051951238,0.063365246,0.336157492,0.038689076,0.020964739,0.040542254,0.214468373,1.062105725,0.771262484,1.799820124,0.819869589
4/17/2024,6:18:00,Dawn,Surfgrass,P1,P1_Dawn,Long Beach,Spring,1,6,4,Morning,7.937548651,33.83,14.24,2217.55461,2062.94118,517.8422425,19.91065921,117.1326776,1925.897844,2.813323924,1.800232864,0.98,0.44,4.3,0.11,0.92,7.942920102,A little bit out of plot,0.032038642,0.049476031,0.029827158,0.039470924,0.109064818,0.031361593,0.01321945,0.023849372,0.135339013,0.978877146,1.04293176,1.697842203,0.75567418
4/17/2024,6:18:00,Dawn,Surfgrass,P4,P4_Dawn,Long Beach,Spring,4,6,4,Morning,7.88412849,33.73,14.28,2202.844948,2069.769748,591.0659496,22.71094481,104.3925418,1942.666262,2.508996317,1.605321994,1.09,0.45,4.7,0.12,0.7,7.942920102,NA,0.032562415,0.042254784,0.030185114,0.04028956,0.052387671,0.030046031,0.01410618,0.023898625,0.041384907,0.904412327,1.894459663,1.618772773,0.749204353
4/18/2024,6:17:00,Dawn,Open Ocean,OO5,OO_Dawn5,Long Beach,Spring,5,6,4,Morning,7.916279896,35.55,14.24,2217.066252,2062.821408,541.4896495,20.61961585,116.0664848,1926.135307,2.756167565,1.768582117,4.08,0.63,5.4,0.18,1.35,7.916279896,450 ml nutrient sample,0.034721275,0.036047418,0.034297281,0.041088979,0.208643356,0.028033424,0.01646438,0.028761408,0.202478563,1.18015711,0.920065779,1.656782176,0.83470755
4/18/2024,6:17:00,Dawn,Rockweed,RW6,RW6_Dawn,Long Beach,Spring,6,6,4,Morning,7.917805523,34.2,14.28,2217.745613,2068.964081,543.9156463,20.84414675,113.5831178,1934.536816,2.721565036,1.742847787,1.2,0.43,5.5,0.11,0.9,7.916279896,NA,0.03657363,0.0407508,0.035229067,0.043262815,0.054583224,0.023262192,0.016995078,0.028086679,0.070148512,0.889145597,1.830359428,1.638492789,0.814303631
4/18/2024,6:17:00,Dawn,Rockweed,RW3,RW3_Dawn,Long Beach,Spring,3,6,4,Morning,7.853815083,34.18,14.28,2197.351065,2073.726287,635.5264969,24.35762112,98.78871736,1950.579948,2.367385695,1.515982821,NA,NA,NA,NA,NA,7.916279896,no nut,NA,NA,NA,NA,NA,NA,NA,NA,NA,NA,NA,NA,NA
4/18/2024,6:17:00,Dawn,Mussel,M5,M5_Dawn,Long Beach,Spring,5,6,4,Morning,7.940279105,34.02,14.33,2189.781569,2033.868046,507.0081581,19.41965333,117.051589,1897.396804,2.808029271,1.797821367,1.44,0.54,5,0.13,1.13,7.916279896,NA,0.034448584,0.048245104,0.033382321,0.041290279,0.063726065,0.029898672,0.016575633,0.028399001,0.077254642,0.877103664,2.115040058,1.68230249,0.80847894
4/18/2024,6:17:00,Dawn,Surfgrass,P1,P1_Dawn,Long Beach,Spring,1,6,4,Morning,7.925061328,33.84,14.2,2210.167149,2061.030698,533.0326484,20.51873955,113.7170173,1926.794941,2.731058229,1.747478643,1.38,0.5,5.1,0.13,1.15,7.916279896,"Nutrients tube got ripped off, but probably after filling? Because it was pinched",0.031389728,0.044061789,0.030576724,0.039899157,0.203517833,0.037155478,0.015355214,0.025159047,0.170869874,1.199561547,0.774829964,1.692047019,0.766350137
4/19/2024,6:16:00,Dawn,Open Ocean,OO6,OO_Dawn6,Long Beach,Spring,6,6,4,Morning,7.899281268,33.51,14.63,2215.912654,2075.591307,573.1652609,21.81566233,109.1098955,1944.665749,2.626584485,1.6810706,4.79,0.74,5.5,0.15,2.43,7.899281268,450 ml nutrient sample,0.05129533,0.087338816,0.050189634,0.10109269,0.672219391,0.042294089,0.023493947,0.042331871,0.77227197,3.660647307,0.416957959,1.736870394,0.496471449
4/19/2024,6:16:00,Dawn,Surfgrass,P2,P2_Dawn,Long Beach,Spring,2,6,4,Morning,7.892691207,33.97,14.63,2218.004161,2078.017102,581.8421355,22.08888016,108.7773653,1947.150857,2.610756336,1.672423549,1.11,0.58,5.9,0.13,1.33,7.899281268,NA,0.068720859,0.089174397,0.063766711,0.080828217,0.196689196,0.025529091,0.024289285,0.049532519,0.153821982,0.915750153,1.237475509,1.7517393,0.788916462
4/19/2024,6:16:00,Dawn,Rockweed,RW3,RW3_Dawn,Long Beach,Spring,3,6,4,Morning,7.89055572,33.82,14.63,2217.419622,2078.959336,585.4590581,22.2448904,107.9522505,1948.762195,2.593491905,1.66089592,0.92,0.49,4.1,0.11,1.29,7.899281268,NA,0.036309151,0.064187228,0.035072329,0.043643472,0.172201195,0.02094456,0.017425158,0.028810345,0.145441518,1.023388946,1.188490805,1.647781939,0.803609978
4/19/2024,6:16:00,Dawn,Barnacle,B1,B1_Dawn,Long Beach,Spring,1,6,4,Morning,7.918806306,33.68,14.67,2241.307875,2091.263839,550.726575,20.91613637,115.371911,1954.975792,2.774330363,1.776378577,NA,NA,NA,NA,NA,7.899281268,"No nut nalgene half full, tubing messed up",NA,NA,NA,NA,NA,NA,NA,NA,NA,NA,NA,NA,NA
4/20/2024,6:37:00,Dawn,Open Ocean,OO7,OO_Dawn7,Long Beach,Spring,7,6,4,Morning,7.82528328,33.98,14.5,2234.406469,2119.535115,696.5963883,26.54894136,95.11045727,1997.875717,2.282444495,1.461734731,5.65,1.07,6.9,0.27,11.84,7.82528328,450 ml nutrient sample,0.040647946,0.034858793,0.041010578,0.051522986,0.167767555,0,0.019389502,0.033943051,0.203466338,1.541295732,1.23718426,1.602362501,0.795966646
4/20/2024,6:37:00,Dawn,Rockweed,RW4,RW4_Dawn,Long Beach,Spring,4,6,4,Morning,7.799297889,33.92,14.45,2227.205591,2122.227611,741.813696,28.3250287,89.57670831,2004.325874,2.150435825,1.376893994,2.64,0.8,6.3,0.21,6.9,7.82528328,NA,0.039531966,0.052954509,0.038013241,0.045086789,0.077177885,0.009536835,0.018826828,0.031533887,0.045531938,0.845513066,1.664234164,1.61628011,0.84311264
4/20/2024,6:37:00,Dawn,Surfgrass,P1,P1_Dawn,Long Beach,Spring,1,6,4,Morning,7.793614834,33.92,14.37,2227.999606,2125.376681,752.6429772,28.80893146,88.3129292,2008.254821,2.120015963,1.357188015,NA,NA,NA,NA,NA,7.82528328,no nut,NA,NA,NA,NA,NA,NA,NA,NA,NA,NA,NA,NA,NA
4/20/2024,6:37:00,Dawn,Barnacle,B1,B1_Dawn,Long Beach,Spring,1,6,4,Morning,7.786836218,33.82,14.54,2240.104379,2139.026374,770.7594441,29.36596162,87.89803606,2021.762376,2.1116038,1.352032369,NA,NA,NA,NA,NA,7.82528328,"no nut, nalgene half full",NA,NA,NA,NA,NA,NA,NA,NA,NA,NA,NA,NA,NA
4/20/2024,6:37:00,Dawn,Mussel,M4,M4_Dawn,Long Beach,Spring,4,6,4,Morning,7.757565348,33.71,14.41,2230.50334,2140.653122,826.2796784,31.62609404,81.76880241,2027.258225,1.965632464,1.257957916,NA,NA,NA,NA,NA,7.82528328,"no nut, used tubes from P",NA,NA,NA,NA,NA,NA,NA,NA,NA,NA,NA,NA,NA
4/20/2024,6:37:00,Dawn,Mussel,M6,M6_Dawn,Long Beach,Spring,5,6,4,Morning,7.777337265,33.66,14.58,2178.212324,2082.385604,768.0477006,29.25319212,83.58844415,1969.543968,2.01020249,1.286818311,NA,NA,NA,NA,NA,7.82528328,no nut,NA,NA,NA,NA,NA,NA,NA,NA,NA,NA,NA,NA,NA
4/27/2024,19:50:00,Dusk,Mussel,M4,M4_Dusk,Long Beach,Spring,4,19,4,Evening,8.104551903,34.23,14.84,2227.685421,1991.199775,332.5653339,12.52680288,167.1802101,1811.492762,4.006032025,2.56858444,NA,NA,NA,NA,NA,8.151524981,NA,0.038315743,0.052026859,0.035468724,0.049498532,0.131050516,0.051230283,0.016538634,0.028703522,0.192734367,1.056695457,1.196993857,1.684755512,0.716561126
4/27/2024,19:50:00,Dusk,Barnacle,B3,B3_Dusk,Long Beach,Spring,3,19,4,Evening,8.124384322,34.22,14.75,2193.856062,1950.649319,310.0340953,11.71073422,170.2288368,1768.709748,4.079178041,2.61493385,4.73,0.54,6.9,0.25,1.28,8.151524981,"B3 Had rip in tubing so might not be from plot, b1 nutrients were ripped off",0.035597356,0.04576979,0.034066643,0.041489356,0.059252183,0.002833875,0.016843144,0.028314525,0.097557394,0.893586234,1.6074404,1.641350005,0.821093556
4/27/2024,19:50:00,Dusk,Surfgrass,P1,P1_Dusk,Long Beach,Spring,1,19,4,Evening,8.128172898,34.05,14.71,2203.698965,1959.252913,308.6891836,11.68524895,171.4880736,1776.079591,4.113875566,2.636143506,7.68,0.89,12.7,0.4,1.36,8.151524981,NA,0.041225161,0.049602649,0.040293835,0.047861822,0.06552911,0.004843702,0.020268059,0.033194249,0.090293381,0.915153739,1.993138936,1.627610209,0.841878413
4/27/2024,19:46:00,Dusk,Open Ocean,OO5,OO_Dusk5,Long Beach,Spring,5,19,4,Evening,8.151524981,33.94,14.84,2201.724854,1945.118252,289.4023529,10.91869107,179.2425222,1754.957039,4.303290406,2.757725208,7.59,0.95,14.3,0.37,1.52,8.151524981,"300 ml nutrients, switch to RW2, for temps",0.042648189,0.041261769,0.042267178,0.04887361,0.092324312,0,0.020560838,0.034880085,0.109883536,1.042863848,1.875257338,1.527016619,0.864826184
4/27/2024,19:50:00,Dusk,Mussel,M1,M1_Dusk,Long Beach,Spring,1,19,4,Evening,8.066131111,34,14.75,2265.205441,2047.112591,376.2485301,14.22933561,157.0651448,1875.818111,3.769192156,2.415256959,NA,NA,NA,NA,NA,8.151524981,"Reran, old ta 2261.647232",0.093965983,0.088871912,0.091105907,0.09412247,0.157882441,0.081646581,0.050983319,0.078307256,0.260988466,0.883503618,1.890547973,1.468623094,0.967950659
4/28/2024,19:31:00,Dusk,Open Ocean,OO6,OO_Dusk6,Long Beach,Spring,6,19,4,Evening,8.260888298,33.69,16.47,2210.989083,1879.637257,213.1893446,7.671005493,228.48442,1643.481831,5.500332843,3.535896749,2.04,0.62,8,0.14,2.09,8.260888298,"300 ml nut Re used nut bag, used B6 for temps because rw2 was 1 degree less than others?",0.054070072,0.068050069,0.054772296,0.060187886,0.11234231,0,0.02868978,0.045498954,0.102267851,0.975302714,1.979449221,1.544208777,0.910021924
4/28/2024,19:35:00,Dusk,Rockweed,RW5,RW5_Dusk,Long Beach,Spring,5,19,4,Evening,8.230739153,33.29,16.43,2402.110283,2073.416578,254.651001,9.194070308,234.693514,1829.528994,5.66483264,3.638370697,45.69,0.7,18.4,0.73,4.3,8.260888298,Reran  TA First run 2375.978128,0.114861436,0.050728253,0.10211979,0.132838261,0.158548676,0,0.042989838,0.080161819,0.194434264,0.868249227,3.0125161,1.594542358,0.768752836
4/28/2024,19:35:00,Dusk,Barnacle,B1,B1_Dusk,Long Beach,Spring,1,19,4,Evening,8.228208199,33.82,16.56,2216.955904,1902.57937,234.5231508,8.410221651,217.5980656,1676.571083,5.234007548,3.366229894,1.85,0.47,8.1,0.17,0.51,8.260888298,"Nalgene half full, ta bag from day before because it seemed empty",0.041949629,0.053437169,0.039446257,0.0480946,0.055413993,0.007382173,0.018494845,0.03180951,0.090664507,0.826418371,2.364653292,1.609539862,0.820180594
4/28/2024,19:35:00,Dusk,Mussel,M1,M1_Dusk,Long Beach,Spring,1,19,4,Evening,8.231413377,33.71,16.43,2172.176454,1862.401353,227.7713722,8.204469506,212.9739492,1641.222934,5.126102372,3.29514991,1.46,0.57,9.7,0.14,1.04,8.260888298,"No triple rinse, Nalgene half full",0.03552265,0.0399479,0.034185247,0.040501608,0.064799131,0.017655047,0.017172712,0.028884638,0.068851353,0.930126809,1.95274189,1.601718934,0.844046659
4/28/2024,19:35:00,Dusk,Mussel,M4,M4_Dusk,Long Beach,Spring,4,19,4,Evening,8.270300389,33.78,16.51,2182.644476,1847.512024,204.4316578,7.34354959,229.6441281,1610.524347,5.525051592,3.55273332,NA,NA,NA,NA,NA,8.260888298,Not nut,NA,NA,NA,NA,NA,NA,NA,NA,NA,NA,NA,NA,NA
4/28/2024,19:35:00,Dusk,Mussel,M6,M6_Dusk,Long Beach,Spring,6,19,4,Evening,8.257501838,33.57,16.43,2200.546925,1873.664919,214.5075275,7.732696487,225.3277564,1640.604466,5.428567253,3.488616093,2.55,1.54,8.9,0.24,5.21,8.260888298,Ta bag From day before because it seemed empty,0.066077308,0.083583252,0.062906555,0.079021614,0.092382984,0.014866995,0.02875371,0.049697414,0.077294522,0.883915909,2.093654884,1.7131247,0.796067698
4/28/2024,19:35:00,Dusk,Surfgrass,P4,P4_Dusk,Long Beach,Spring,4,19,4,Evening,8.137888426,33.72,16.17,2191.141053,1933.25717,299.3020696,10.86371677,180.4885235,1741.90493,4.343094146,2.790224901,1.17,0.52,6.9,0.16,0.77,8.260888298,NA,0.037107386,0.045620767,0.034012674,0.044237499,0.068132527,0.014435587,0.016720923,0.027091134,0.083251522,0.866135403,1.827863198,1.580052961,0.768865219
4/29/2024,20:12:00,Dusk,Open Ocean,OO7,OO_Dusk7,Long Beach,Spring,7,20,4,Evening,8.17052596,33.78,15.91,2211.757144,1936.481829,275.887781,10.08818906,192.0823531,1734.311287,4.619389985,2.966341491,0.95,0.54,6.3,0.11,1.19,8.17052596,"300ml Assume nut bags are used after this point I think, back to using RW2 for temperature",0.043022868,0.051996332,0.039463787,0.05664714,0.185905246,0.050014506,0.018653532,0.032532194,0.332923174,1.23931057,0.939939699,1.682913483,0.69665984
4/29/2024,20:17:00,Dusk,Barnacle,B2,B2_Dusk,Long Beach,Spring,2,20,4,Evening,8.135400974,34.33,16.17,2195.07752,1934.028161,300.3481533,10.86482405,181.9667811,1741.196556,4.360633431,2.804650865,NA,NA,NA,NA,NA,8.17052596,No nut,NA,NA,NA,NA,NA,NA,NA,NA,NA,NA,NA,NA,NA
4/29/2024,20:17:00,Dusk,Barnacle,B3,B3_Dusk,Long Beach,Spring,3,20,4,Evening,8.145069078,33.92,15.96,2177.440458,1917.24245,291.0223656,10.61750123,181.1629534,1725.461996,4.352847016,2.796238233,0.78,0.45,6.9,0.11,0.87,8.17052596,NA,0.039451697,0.049445977,0.039301526,0.043693164,0.058693175,0.034356169,0.019648615,0.031866997,0.073368548,0.87736553,2.242652679,1.617074143,0.899489127
4/29/2024,20:17:00,Dusk,Mussel,M2,M2_Dusk,Long Beach,Spring,2,20,4,Evening,8.126609365,33.97,15.96,2191.473743,1939.415124,308.2299848,11.24216809,176.4712902,1751.701666,4.238694384,2.72316214,NA,NA,NA,NA,NA,8.17052596,Not nut Nalgene 3/4 fill,NA,NA,NA,NA,NA,NA,NA,NA,NA,NA,NA,NA,NA
4/29/2024,20:17:00,Dusk,Mussel,M4,M4_Dusk,Long Beach,Spring,4,20,4,Evening,8.153786666,33.99,16.04,2172.565765,1907.043576,283.1778143,10.30274309,184.3051882,1712.435644,4.426493093,2.844430904,NA,NA,NA,NA,NA,8.17052596,no nut,NA,NA,NA,NA,NA,NA,NA,NA,NA,NA,NA,NA,NA
4/29/2024,20:17:00,Dusk,Rockweed,RW6,RW6_Dusk,Long Beach,Spring,6,20,4,Evening,8.099447157,33.95,15.91,2212.753425,1973.439897,335.5788742,12.25927055,169.1823383,1791.998288,4.064034439,2.610561424,2.09,0.44,7,0.09,1.07,8.17052596,Nalgene 3/4 full,0.04211893,0.047806588,0.039253382,0.046445205,0.065298007,0,0.017637693,0.031205841,0.085991576,0.856876282,2.201790054,1.558305353,0.84515467
5/1/2024,5:00:00,Dawn,Open Ocean,OO8,OO_Dawn8,Long Beach,Spring,8,5,5,Night,7.892942925,33.93,14.84,2227.223284,2085.738838,584.3719477,22.04863372,109.9888661,1953.701338,2.640808119,1.692306687,2.47,0.5,3.2,0.13,1.54,7.892942925,360 ml nutrient sample,0.036453537,0.046271351,0.038161676,0.047509118,0.132572676,0.049361435,0.018417736,0.032109106,0.172348383,1.495956023,1.203428598,1.645652717,0.803249526
5/1/2024,5:01:00,Dawn,Surfgrass,P1,P1_Dawn,Long Beach,Spring,1,5,5,Night,7.863666332,33.63,14.75,2191.884791,2064.649479,620.9580845,23.53270642,101.0328765,1940.083896,2.430418071,1.556287626,11.99,0.6,7.6,0.2,3.26,7.892942925,NA,0.035812872,0.058744593,0.032052008,0.043726977,0.140394922,0.001140767,0.014577688,0.026147658,0.113231861,0.943268083,1.006210589,1.664852111,0.733003066
5/1/2024,5:01:00,Dawn,Mussel,M4,M4_Dawn,Long Beach,Spring,4,5,5,Night,7.890769174,33.5,15.14,2227.115275,2086.727827,589.6832866,22.10091231,109.6618546,1954.96506,2.640835146,1.692007406,1.69,0.4,5.5,0.13,0.7,7.892942925,NA,0.037631451,0.073374998,0.037442585,0.047069735,0.168696414,0.047428812,0.017945591,0.030364927,0.170908607,1.024398135,0.940944909,1.669397842,0.795470474
5/2/2024,6:02:00,Dawn,Mussel,M6,M6_Dawn,Long Beach,Spring,6,6,5,Morning,7.878630272,34.08,15.48,2209.436622,2069.817746,601.7383267,22.25084693,108.6269883,1938.939911,2.606439949,1.673069612,1.58,0.8,5.3,0.19,0.98,7.878718127,NA,0.041846798,0.033196264,0.038695861,0.050344073,0.129609637,0,0.018278963,0.031491534,0.149029572,0.977264977,1.268448453,1.665681848,0.76862794
5/2/2024,6:15:00,Dawn,Open Ocean,OO9,OO_Dawn9,Long Beach,Spring,9,6,5,Morning,7.878718127,34.07,15.48,2224.005767,2083.815005,605.7047394,22.39876418,109.3584338,1952.057807,2.624165754,1.68441702,7.16,0.49,6,0.11,0.96,7.878718127,450 ml nutrient sample,NA,NA,NA,NA,NA,NA,NA,NA,NA,NA,NA,NA,NA
5/2/2024,6:02:00,Dawn,Mussel,M3,M3_Dawn,Long Beach,Spring,3,6,5,Morning,7.88134833,34.01,16.08,2200.463046,2057.026677,596.0734904,21.65850903,110.8352549,1924.532913,2.661662441,1.710581595,NA,NA,NA,NA,NA,7.878718127,NA,0.093356283,0.235962884,0.085901601,0.120849411,0.335383219,0.088181928,0.040183778,0.07113983,0.18812091,0.938168685,1.007829102,1.962217454,0.710815224
5/2/2024,19:37:00,Dusk,Rockweed,RW3,RW3_Dusk,Long Beach,Spring,3,19,5,Evening,8.230748097,33.72,16.81,2198.968869,1883.393725,230.9272628,8.225196047,217.910409,1657.25812,5.246084904,3.37528943,NA,NA,NA,NA,NA,8.322513183,Used TA bag,NA,NA,NA,NA,NA,NA,NA,NA,NA,NA,NA,NA,NA
5/2/2024,19:37:00,Dusk,Mussel,M4,M4_Dusk,Long Beach,Spring,4,19,5,Evening,8.137820558,34.06,15.74,2207.755011,1949.734857,300.9420002,11.04306268,180.6034871,1758.088308,4.334723282,2.783951173,3.88,0.61,7.9,0.22,0.92,8.322513183,NA,0.028695085,0.02605381,0.027936611,0.032133336,0.111484845,0,0.013773753,0.022794708,0.054214014,0.956731448,1.129736951,1.625031231,0.869396507
5/2/2024,19:37:00,Dusk,Barnacle,B2,B2_Dusk,Long Beach,Spring,2,19,5,Evening,8.169870803,34.01,16.26,2208.979597,1929.696531,275.3265131,9.950833275,194.4166683,1725.32903,4.66939694,3.00212243,2.2,0.5,6.4,0.14,0.8,8.322513183,NA,0.031801191,0.034322156,0.029883319,0.036583521,0.073840778,0,0.014439458,0.0248696,0.079345953,0.915900594,1.521440604,1.599012381,0.816851909
5/2/2024,19:37:00,Dusk,Mussel,M2,M2_Dusk,Long Beach,Spring,2,19,5,Evening,8.127007718,34.11,16.08,2188.280118,1934.374095,307.0284832,11.14978854,177.4280284,1745.796278,4.25798164,2.736996818,NA,NA,NA,NA,NA,8.322513183,NA,NA,NA,NA,NA,NA,NA,NA,NA,NA,NA,NA,NA,NA
5/2/2024,19:34:00,Dusk,Open Ocean,OO8,OO_Dusk8,Long Beach,Spring,8,19,5,Evening,8.322513183,32.97,16.9,2203.060221,1836.334863,178.4972371,6.367329012,252.5475916,1577.419942,6.111299084,3.926677304,2.3,0.52,6.2,0.12,1.16,8.322513183,300 ml nutrients,0.038193319,0.060383377,0.037832373,0.05106193,0.686526513,0.072416971,0.018109562,0.031394824,0.529691553,1.71069485,0.329341583,1.666009275,0.740911535
5/4/2024,6:09:00,Dawn,Open Ocean,OO10,OO_Dawn10,Long Beach,Spring,10,6,5,Morning,7.900479978,34.35,16.39,2226.350307,2070.746146,573.0934751,20.59435466,118.5730885,1931.578703,2.841481999,1.82854871,2.69,0.65,7.7,0.17,1.53,7.900479978,400 ml nutrients sample,0.050794325,0.056333882,0.049653343,0.114413273,0.569255468,0.034301359,0.024566563,0.041739056,0.732927618,4.416717241,0.511012087,1.702457905,0.433982369
5/4/2024,6:00:00,Dawn,Barnacle,B2,B2_Dawn,Long Beach,Spring,2,6,5,Morning,7.915475104,33.75,16.34,2210.151055,2052.436576,549.1147906,19.82771049,119.6322224,1912.976643,2.878479183,1.850102159,1.78,0.48,7.4,0.18,1.26,7.900479978,NA,0.037487183,0.037747036,0.035145031,0.044871255,0.053321263,0.03657281,0.016779705,0.028070312,0.089610864,0.882289806,1.983317152,1.699441108,0.783241542
5/4/2024,6:00:00,Dawn,Mussel,M3,M3_Dawn,Long Beach,Spring,3,6,5,Morning,7.949494748,33.66,15.91,2242.085275,2071.875759,509.7088441,18.65058103,127.8264416,1925.398736,3.076563655,1.975154875,2.72,0.5,7.5,0.18,1.67,7.900479978,NA,0.037578331,0.029672619,0.035644958,0.041622486,0.018486982,0,0.016976445,0.030307465,0.03806503,0.777757278,4.112204284,1.713278429,0.856387034
5/5/2024,6:20:00,Dawn,Open Ocean,OO11,OO_Dawn11,Long Beach,Spring,11,6,5,Morning,7.812723175,33.13,14.63,2227.348439,2119.920944,720.8500215,27.495297,91.16702045,2001.258626,2.200023266,1.406958385,4.26,0.59,11.5,0.21,1.39,7.812723175,"450 ml nutrient sample, but have few mls of unfiltered, back up nutrients from capped Nalgene at 6:40 from the same Arizona tea scoop, backup sample data in drive",0.058478018,0.043152188,0.055659846,0.068362637,0.217249053,0.00769793,0.026705767,0.045929729,0.201311093,1.023706159,1.315333966,1.608350924,0.81418518
5/5/2024,6:19:00,Dawn,Mussel,M2,M2_Dawn,Long Beach,Spring,2,6,5,Morning,7.836753653,32.73,15.53,2189.41394,2071.695997,669.8110782,24.91772451,96.28308814,1950.495184,2.33092443,1.492262748,NA,NA,NA,NA,NA,7.812723175,NA,NA,NA,NA,NA,NA,NA,NA,NA,NA,NA,NA,NA,NA
5/5/2024,6:19:00,Dawn,Mussel,M3,M3_Dawn,Long Beach,Spring,3,6,5,Morning,7.863226431,32.91,15.53,2221.118266,2091.872756,634.3988088,23.57667992,103.5306065,1964.76547,2.503455749,1.603360918,2.31,0.53,8.9,0.22,1.22,7.812723175,NA,0.040896007,0.031712899,0.04132864,0.046321681,0.020529957,0.018335609,0.019805471,0.033500234,0.052058967,0.822856989,3.738819301,1.703108475,0.892209408
5/5/2024,19:40:00,Dusk,Mussel,M2,M2_Dusk,Long Beach,Spring,2,19,5,Evening,7.845560903,32.89,12.87,2201.724854,2093.656571,652.7561614,26.32841686,90.23409892,1977.094056,2.178780562,1.38765455,NA,NA,NA,NA,NA,NA,No nut,NA,NA,NA,NA,NA,NA,NA,NA,NA,NA,NA,NA,NA
7/31/2023,9:57:00,Day,Surfgrass,P5,P5_Day,Long Beach,Summer,5,9,7,Morning,7.960960726,32.54,20.37,NA,NA,NA,NA,NA,NA,NA,NA,NA,NA,NA,NA,NA,8.028743195,Bag ripped. No TA. This pH might be contaminated too,0.098878508,0.100332561,0.093056243,0.106625423,0.143906703,0.040037562,0.04340492,0.076158303,0.182492565,0.838669009,2.13492134,1.465251281,0.872739738
8/2/2023,11:10:00,Day,Barnacle,B2,B2_Day,Long Beach,Summer,2,11,8,Morning,7.991175642,32.45,19.26,NA,NA,NA,NA,NA,NA,NA,NA,NA,NA,NA,NA,NA,8.006322803,Barely any TA/pH water,0.03999248,0.043436083,0.037107059,0.045891652,0.08529312,0.03055428,0.018060385,0.030170072,0.108644684,0.895473204,1.021036348,1.574756248,0.80857972
8/2/2023,11:10:00,Day,Open Ocean,OO2,OO_Day2,Long Beach,Summer,2,11,8,Morning,8.006322803,32.92,18.7,NA,NA,NA,NA,NA,NA,NA,NA,NA,NA,NA,NA,NA,8.006322803,No Nutrients/ TA bag ripped,NA,NA,NA,NA,NA,NA,NA,NA,NA,NA,NA,NA,NA
8/5/2023,0:00:00,Night,Mussel,M5,M5_Night,Long Beach,Summer,5,0,8,Night,8.042895348,32.8,18.49,NA,NA,NA,NA,NA,NA,NA,NA,0.56,0.39,7.3,0.06,0.71,8.138668951,Barely any TA/pH water,0.045432738,0.037819691,0.04054533,0.050254767,0.055968555,0.006481321,0.018774148,0.031176053,0.092702903,0.825945909,2.269042391,1.53877035,0.806795709
8/14/2023,10:06:00,Day,Mussel,M1,M1_Day,Long Beach,Summer,1,10,8,Morning,7.987231934,33.89,18.79,NA,NA,NA,NA,NA,NA,NA,NA,0.21,0.3,6.2,0.04,0.13,7.987684403,"in flow area got scraped :( , so surrounded by fewer mussels for this sample",NA,NA,NA,NA,NA,NA,NA,NA,NA,NA,NA,NA,NA
10/25/2023,18:02:00,Dusk,Open Ocean,OO5,OO_Dusk5d,Long Beach,Fall,5,18,10,Evening,7.954612584,32.78,19.99,NA,NA,NA,NA,NA,NA,NA,NA,NA,NA,NA,NA,NA,8.090885469,"From Nutrient bag, dirty water",NA,NA,NA,NA,NA,NA,NA,NA,NA,NA,NA,NA,NA
10/25/2023,18:02:00,Dusk,Surfgrass,P4,P4_Duskc,Long Beach,Fall,4,18,10,Evening,8.079813834,33.31,20.07,NA,NA,NA,NA,NA,NA,NA,NA,0.02,0.19,3.3,0.04,0.5,8.090885469,Not enough TA,0.033914294,0.06849254,0.030364171,0.040317223,0.07976934,0.021209974,0.014004221,0.024562067,0.09724334,0.925720037,1.070287158,1.621325093,0.75313151
10/29/2023,7:04:00,Dawn,Surfgrass,P3,P3_Dawn,Long Beach,Fall,3,7,10,Morning,7.832765652,33.2,17.33,NA,NA,NA,NA,NA,NA,NA,NA,0.47,0.33,4.7,0.09,0.42,7.856409187,NA,0.036447455,0.042783892,0.032717586,0.044465457,0.057824851,0.030707219,0.015041681,0.026486096,0.074517134,0.884216901,1.908457996,1.618627853,0.735797816
10/29/2023,7:04:00,Dawn,Surfgrass,P6,P6_Dawn,Long Beach,Fall,6,7,10,Morning,7.801985501,33.13,17.37,NA,NA,NA,NA,NA,NA,NA,NA,0.6,0.31,4.3,0.25,1.57,7.856409187,NA,0.027258476,0.030349116,0.024252435,0.033596427,0.029854682,0.044488303,0.010530021,0.020040991,0.041382925,0.850636723,2.228603414,1.583835819,0.721875435
10/31/2023,7:06:00,Dawn,Surfgrass,P2,P2_Dawnb,Long Beach,Fall,2,7,10,Morning,8.080466132,33.41,16.6,NA,NA,NA,NA,NA,NA,NA,NA,NA,NA,NA,NA,NA,7.870920919,Not enough for TA,NA,NA,NA,NA,NA,NA,NA,NA,NA,NA,NA,NA,NA
11/1/2023,7:25:00,Dawn,Surfgrass,P1,P1_Dawn,Long Beach,Fall,1,7,11,Morning,8.024862168,33.48,16.64,NA,NA,NA,NA,NA,NA,NA,NA,0.94,0.35,5.5,0.15,0.84,7.910407654,NA,0.081019274,0.122395881,0.068640567,0.108805895,0.140312472,0.040907111,0.029959433,0.055373996,0.165744893,0.976940991,1.468794062,1.757378212,0.630853379
11/2/2023,7:45:00,Dawn,Open Ocean,OO12,OO_Dawn12c,Long Beach,Fall,12,7,11,Morning,7.927093366,33.61,16.51,NA,NA,NA,NA,NA,NA,NA,NA,NA,NA,NA,NA,NA,7.932244073,Hand collected,0.030977045,0.034117512,0.027550375,0.035762527,0.081500695,0.030217346,0.012180537,0.022696997,0.110852171,0.926734102,1.400193626,1.661420796,0.770369914
11/3/2023,8:06:00,Dawn,Rockweed,RW1,RW1_Dawnc,Long Beach,Fall,1,8,11,Morning,7.900289362,33.37,17.16,NA,NA,NA,NA,NA,NA,NA,NA,NA,NA,NA,NA,NA,7.943256085,"Redo, used small amount from TA bottle",NA,NA,NA,NA,NA,NA,NA,NA,NA,NA,NA,NA,NA
4/8/2024,19:19:00,Dusk,Mussel,M3,M3_Dusk,Long Beach,Spring,3,19,4,Evening,7.976994382,33.59,15.06,NA,NA,NA,NA,NA,NA,NA,NA,NA,NA,NA,NA,NA,8.33384345,"Not much sample… weird mV, not nut",NA,NA,NA,NA,NA,NA,NA,NA,NA,NA,NA,NA,NA
4/11/2024,20:29:00,Dusk,Surfgrass,P4,P4_Dusk,Long Beach,Spring,4,20,4,Evening,7.70187686,33.2,13.98,NA,NA,NA,NA,NA,NA,NA,NA,6.7,0.68,11.3,0.35,0.69,8.266102767,"No TA, slightly out of plot, with some rockweed tangled in",0.034063904,0.030775438,0.031241145,0.040830274,0.050400693,0.015994189,0.014363003,0.025064336,0.07595167,0.90632654,2.403485217,1.637664972,0.765146606
4/11/2024,20:29:00,Dusk,Barnacle,B3,B3_Dusk,Long Beach,Spring,3,20,4,Evening,8.014332278,33.64,14.41,NA,NA,NA,NA,NA,NA,NA,NA,NA,NA,NA,NA,NA,8.266102767,"No TA, tubes pulled off bolt",0.036401001,0.038992819,0.03385717,0.042540745,0.037194916,4.70E-04,0.014972535,0.027663433,0.034249184,0.859449519,2.525968074,1.62459138,0.795876292
4/11/2024,20:29:00,Dusk,Barnacle,B2,B2_Dusk,Long Beach,Spring,2,20,4,Evening,8.132022712,32.96,14.2,NA,NA,NA,NA,NA,NA,NA,NA,5.95,0.66,13,0.34,1.1,8.266102767,No TA,0.045227673,0.038621171,0.043529643,0.051582311,0.040287988,0.021423495,0.021243239,0.036122013,0.057998646,0.835017345,3.202337323,1.577015978,0.843887022
4/18/2024,6:17:00,Dawn,Barnacle,B2,B2_Dawn,Long Beach,Spring,2,6,4,Morning,7.903749998,34.02,14.33,NA,NA,NA,NA,NA,NA,NA,NA,2.6,0.49,4.6,0.15,1.92,7.916279896,"Nalgene not filled, slightly out of place but should be fine",0.031772717,0.027039031,0.031072874,0.036009634,0.022410026,0.020582008,0.014847617,0.033618389,0.020759446,0.868905727,2.787431229,1.605595097,0.862904462
4/19/2024,6:16:00,Dawn,Mussel,M6,M6_Dawn,Long Beach,Spring,6,6,4,Morning,7.883783286,33.37,14.71,NA,NA,NA,NA,NA,NA,NA,NA,NA,NA,NA,NA,NA,7.899281268,Non nut not fill nalgene,NA,NA,NA,NA,NA,NA,NA,NA,NA,NA,NA,NA,NA
4/27/2024,19:50:00,Dusk,Surfgrass,P4,P4_Dusk,Long Beach,Spring,4,19,4,Evening,8.05602284,34.25,14.58,NA,NA,NA,NA,NA,NA,NA,NA,7.09,0.81,11.3,0.36,1.24,8.151524981,"Did not calibrate salinity before this processing round, no TA",0.03927018,0.050827018,0.035727783,0.048635156,0.138614686,0.003240493,0.016593554,0.028678361,0.141936075,1.074964025,1.121208729,1.682954778,0.734608172
5/1/2024,5:01:00,Dawn,Mussel,M6,M6_Dawn,Long Beach,Spring,6,5,5,Night,7.763455097,33.79,15.01,NA,NA,NA,NA,NA,NA,NA,NA,NA,NA,NA,NA,NA,7.892942925,NA,NA,NA,NA,NA,NA,NA,NA,NA,NA,NA,NA,NA,NA
5/1/2024,5:01:00,Dawn,Barnacle,B2,B2_Dawn,Long Beach,Spring,2,5,5,Night,7.901910821,33.58,15.01,NA,NA,NA,NA,NA,NA,NA,NA,1.1,0.37,3.4,0.09,0.5,7.892942925,NA,0.038607971,0.071247014,0.033996307,0.048735193,0.151027691,0.044985464,0.016002837,0.027984287,0.174763525,1.12594926,0.887053309,1.707495973,0.697572014
5/1/2024,5:01:00,Dawn,Mussel,M2,M2_Dawn,Long Beach,Spring,2,5,5,Night,7.902833224,33.83,15.1,NA,NA,NA,NA,NA,NA,NA,NA,NA,NA,NA,NA,NA,7.892942925,NA,0.047342479,0.078966469,0.044658879,0.059468756,0.094108633,0.057957247,0.021207939,0.035699411,0.072825177,1.060006811,1.37670231,1.68671927,0.750963725
5/2/2024,6:02:00,Dawn,Barnacle,B6,B6_Dawn,Long Beach,Spring,6,6,5,Morning,7.886007286,34.71,15.57,NA,NA,NA,NA,NA,NA,NA,NA,NA,NA,NA,NA,NA,7.878718127,"no TA, B1 from this day had tubes pulled up",NA,NA,NA,NA,NA,NA,NA,NA,NA,NA,NA,NA,NA
5/5/2024,19:40:00,Dusk,Rockweed,RW3,RW3_Dusk,Long Beach,Spring,3,19,5,Evening,7.860911369,34.06,16.94,NA,NA,NA,NA,NA,NA,NA,NA,NA,NA,NA,NA,NA,NA,"no ta, nutrients not iced on ride over from field site",0.039017696,0.034676018,0.036893428,0.042901968,0.022529174,0.004484838,0.018003138,0.030073211,0.057596465,0.80398817,3.884322853,1.602241626,0.859947211
7/31/2023,9:57:00,Day,Mussel,M5,M5_Day,Long Beach,Summer,5,9,7,Morning,NA,32.95,21.02,NA,NA,NA,NA,NA,NA,NA,NA,7.37,0.28,5.9,0.22,2.92,8.028743195,NA,0.036876578,0.092951209,0.031276822,0.050721083,0.20840701,0.032451695,0.012963076,0.024557552,0.262318803,1.109608547,0.573820468,1.912811712,0.616643424
8/1/2023,21:33:00,Night,Barnacle,B3,B3_Night,Long Beach,Summer,3,21,8,Evening,NA,32.47,20.5,NA,NA,NA,NA,NA,NA,NA,NA,13.23,0.69,6.7,0.74,5.78,8.097748544,NA,0.04733934,0.053615917,0.042173846,0.054215431,0.08315457,0.013947888,0.021029114,0.034428585,0.11088211,0.80108423,1.380912675,1.518700342,0.777893772
8/2/2023,11:10:00,Day,Barnacle,B4,B4_Day,Long Beach,Summer,4,11,8,Morning,NA,32.45,19.13,NA,NA,NA,NA,NA,NA,NA,NA,1.22,0.45,5.6,0.1,1.27,8.006322803,NA,0.041551883,0.048637612,0.036629098,0.047738398,0.068796841,0.025466358,0.016788145,0.029473749,0.076815869,0.829870883,1.599269635,1.558483767,0.76728797
8/2/2023,11:10:00,Day,Mussel,M4,M4_Day,Long Beach,Summer,4,11,8,Morning,NA,32.53,18.96,NA,NA,NA,NA,NA,NA,NA,NA,NA,NA,NA,NA,NA,8.006322803,NA,0.040595932,0.05701579,0.033806814,0.049399087,0.099942865,0.039425651,0.014323417,0.02625177,0.094255242,0.849167046,1.074154614,1.744098014,0.684361115
8/3/2023,23:09:00,Night,Mussel,M6,M6_Night,Long Beach,Summer,6,23,8,Evening,NA,32.8,18.4,NA,NA,NA,NA,NA,NA,NA,NA,1.11,0.31,4.4,0.06,1.03,8.124998527,NA,0.039070102,0.03854416,0.037366831,0.044431593,0.056906476,0.056902614,0.015965743,0.026729989,0.071896266,0.820514804,1.595873115,1.563178522,0.840996869
8/3/2023,23:09:00,Night,Rockweed,RW4,RW4_Night,Long Beach,Summer,4,23,8,Evening,NA,32.8,19.22,NA,NA,NA,NA,NA,NA,NA,NA,1.99,0.59,6.8,0.1,1.51,8.124998527,NA,0.088496353,0.055695199,0.07992444,0.093255718,0.078392034,0,0.041244337,0.06566685,0.130653638,0.709669231,2.858552048,1.425977733,0.857046002
8/3/2023,23:09:00,Night,Rockweed,RW6,RW6_Night,Long Beach,Summer,6,23,8,Evening,NA,32.9,19.13,NA,NA,NA,NA,NA,NA,NA,NA,3.79,0.69,6.8,0.07,2.26,8.124998527,NA,0.091027119,0.048733334,0.08298467,0.093427736,0.082430411,0.015925412,0.041843205,0.068282731,0.097881857,0.719981008,2.812913754,1.435220398,0.888223064
8/4/2023,12:29:00,Day,Barnacle,B2,B2_Day,Long Beach,Summer,2,12,8,Afternoon,NA,32.09,19.77,NA,NA,NA,NA,NA,NA,NA,NA,NA,NA,NA,NA,NA,8.1380851,NA,0.030796644,0.034339309,0.027030696,0.036542527,0.074037235,0.015147571,0.013282153,0.021327928,0.132964911,0.915927642,1.348695827,1.527382025,0.739705163
8/4/2023,12:29:00,Day,Surfgrass,P5,P5_Day,Long Beach,Summer,5,12,8,Afternoon,NA,32.95,18.83,NA,NA,NA,NA,NA,NA,NA,NA,0.75,0.45,7.3,0.06,0.97,8.1380851,NA,0.069269175,0.039908772,0.0651089,0.0729051,0.066171618,0.024549481,0.032396978,0.052458457,0.072575411,0.797318544,3.219136921,1.438677074,0.893063727
8/12/2023,9:17:00,Day,Mussel,M4,M4_Day,Long Beach,Summer,4,9,8,Morning,NA,NA,19.69,NA,NA,NA,NA,NA,NA,NA,NA,0.14,0.28,6.6,0.09,0.06,7.896357652,NA,0.03488186,0.041878322,0.031688879,0.042319309,0.057112469,8.23E-04,0.014216694,0.02535012,0.077930936,0.881424437,1.458552864,1.700047278,0.748804272
8/12/2023,9:17:00,Day,Surfgrass,P5,P5_Day,Long Beach,Summer,5,9,8,Morning,NA,NA,19.13,NA,NA,NA,NA,NA,NA,NA,NA,0.54,0.24,8.4,0.09,0.61,7.896357652,NA,0.048618965,0.042833434,0.043939699,0.053361155,0.060756501,0.011533127,0.0223548,0.036212936,0.075376886,0.828899731,2.138436946,1.445998517,0.823439803
8/13/2023,20:48:00,Night,Surfgrass,P5,P5_Night,Long Beach,Summer,5,20,8,Evening,NA,32.16,20.25,NA,NA,NA,NA,NA,NA,NA,NA,NA,NA,NA,NA,NA,8.174439299,NA,0.043889557,0.049779126,0.038589401,0.050270553,0.073306007,0.037783342,0.01876772,0.031262077,0.073267808,0.776696864,1.36649377,1.543566152,0.767634294
8/15/2023,21:24:00,Night,Mussel,M5,M5_Night,Long Beach,Summer,5,21,8,Evening,NA,33.03,18.23,NA,NA,NA,NA,NA,NA,NA,NA,0.51,0.38,6.8,0.06,2.82,8.206224565,NA,0.05082897,0.048210705,0.043123511,0.059002266,0.070692762,0.023718689,0.02046748,0.033930136,0.079974554,0.833302207,2.184090025,1.59533669,0.730878895
8/15/2023,21:24:00,Night,Surfgrass,P6,P6-Night,Long Beach,Summer,6,21,8,Evening,NA,33.12,18.32,NA,NA,NA,NA,NA,NA,NA,NA,0.91,0.46,6.1,0.06,0.47,8.206224565,NA,0.051421948,0.043663881,0.046671542,0.058890346,0.081690924,0.03352844,0.021968585,0.036381488,0.110701954,0.822493766,1.467630296,1.512751876,0.792516002
8/17/2023,22:24:00,Night,Open Ocean,OO7,OO_Night7,Long Beach,Summer,7,22,8,Evening,NA,32.26,16.47,NA,NA,NA,NA,NA,NA,NA,NA,1.04,0.54,6,0.18,1.65,NA,NA,NA,NA,NA,NA,NA,NA,NA,NA,NA,NA,NA,NA,NA
8/17/2023,22:24:00,Night,Surfgrass,P6,P6_Night,Long Beach,Summer,6,22,8,Evening,NA,32.31,17.07,NA,NA,NA,NA,NA,NA,NA,NA,0.32,0.35,5.2,0.07,0.89,NA,NA,0.043881541,0.03195413,0.041530124,0.049324926,0.046819539,0.024745277,0.019532719,0.033869856,0.084737691,0.858266918,2.726886931,1.472893042,0.841970312
8/17/2023,11:10:00,Day,Mussel,M2,M2_Day,Long Beach,Summer,2,11,8,Morning,NA,32.07,17.37,NA,NA,NA,NA,NA,NA,NA,NA,0.99,0.32,5.1,0.06,0.55,8.099747973,NA,0.031853066,0.039514527,0.028044197,0.038991299,0.04776408,0.027161151,0.012011914,0.022315922,0.039629462,0.930309303,1.868198229,1.701372776,0.719242449
8/17/2023,11:10:00,Day,Mussel,M3,M3_Day,Long Beach,Summer,3,11,8,Morning,NA,32.26,17.97,NA,NA,NA,NA,NA,NA,NA,NA,1.1,0.35,7.7,0.15,0.86,8.099747973,NA,0.029533974,0.044654558,0.027986873,0.038138749,0.068062056,0.038621931,0.012421766,0.021497041,0.05032746,0.983465804,1.009075718,1.698336008,0.733817291
10/21/2023,17:00:00,Dusk,Rockweed,RW5,RW5_Dusk,Long Beach,Fall,5,17,10,Afternoon,NA,32.03,18.02,NA,NA,NA,NA,NA,NA,NA,NA,3.13,0.37,18.5,0.28,3.16,8.014813741,NA,0.106767228,0.042544682,0.095494195,0.125893263,0.073676171,0.032713303,0.038629437,0.077745206,0.162063649,0.795971256,2.936251773,1.688741776,0.758533005
10/21/2023,17:00:00,Dusk,Barnacle,B3,B3_Dusk,Long Beach,Fall,3,17,10,Afternoon,NA,NA,18.19,NA,NA,NA,NA,NA,NA,NA,NA,0.55,0.43,5.6,0.14,0.95,8.014813741,NA,0.046703138,0.098618094,0.039242999,0.060710667,0.082316182,0.032788661,0.018828857,0.030000194,0.097295195,0.735839684,1.138347113,1.84019174,0.646393792
10/23/2023,18:04:00,Dusk,Surfgrass,P4,P4_Dusk,Long Beach,Fall,4,18,10,Evening,NA,NA,17.46,NA,NA,NA,NA,NA,NA,NA,NA,0.88,0.38,4.3,0.13,2.82,8.098883701,NA,NA,NA,NA,NA,NA,NA,NA,NA,NA,NA,NA,NA,NA
10/24/2023,18:03:00,Dusk,Barnacle,B6,B6_Duskb,Long Beach,Fall,6,18,10,Evening,NA,NA,19.22,NA,NA,NA,NA,NA,NA,NA,NA,0.3,0.35,4.2,0.1,0.68,8.10347447,NA,0.027257887,0.029197023,0.024966027,0.031837508,0.040588078,0.009421008,0.011461631,0.019466879,0.061423018,0.862143048,1.320415139,1.783936281,0.784170263
10/24/2023,18:03:00,Dusk,Surfgrass,P1,P1_Duskb,Long Beach,Fall,1,18,10,Evening,NA,NA,19.22,NA,NA,NA,NA,NA,NA,NA,NA,0.79,0.35,4.9,0.17,1.51,8.10347447,NA,0.043248367,0.091665195,0.037761707,0.060112994,0.09660389,0.071378921,0.017836876,0.030989984,0.077329789,0.745974947,1.088580473,1.847064649,0.62817877
10/25/2023,18:02:00,Dusk,Barnacle,B2,B2_Duskb,Long Beach,Fall,2,18,10,Evening,NA,NA,20.12,NA,NA,NA,NA,NA,NA,NA,NA,0.78,0.27,3.5,0.12,0.46,8.090885469,NA,0.028700298,0.041620796,0.026437616,0.033265577,0.058753445,0.024013876,0.013162959,0.021205412,0.097506845,0.90539262,1.260711181,1.74512509,0.794743966
10/26/2023,18:01:00,Dusk,Open Ocean,OO6,OO_Dusk6,Long Beach,Fall,6,18,10,Evening,NA,NA,19.52,NA,NA,NA,NA,NA,NA,NA,NA,2.84,0.33,4.9,0.31,3.41,NA,NA,0.036254982,0.046706861,0.032607364,0.040782199,0.050981955,0.045722437,0.015334996,0.027149537,0.08409774,0.883603923,1.820161336,1.591995205,0.799548938
10/27/2023,19:04:00,Dusk,Surfgrass,P2,P2_Duskb,Long Beach,Fall,2,19,10,Evening,NA,NA,19.09,NA,NA,NA,NA,NA,NA,NA,NA,NA,NA,NA,NA,NA,8.14650989,NA,0.044083354,0.05430463,0.042076072,0.05232499,0.060868733,0.002342281,0.01995894,0.034198227,0.097424651,0.86033096,2.081213114,1.613383251,0.80412958
10/29/2023,7:04:00,Dawn,Rockweed,RW4,RW4_Dawn,Long Beach,Fall,4,7,10,Morning,NA,NA,17.07,NA,NA,NA,NA,NA,NA,NA,NA,0.48,0.8,5.6,0.19,0.54,7.856409187,NA,0.039757428,0.030560646,0.036277201,0.045170654,0.031957957,0.005712324,0.017343006,0.028457504,0.082020395,0.801138564,3.201500494,1.558092754,0.80311437
10/29/2023,7:04:00,Dawn,Surfgrass,P2,P2_Dawn,Long Beach,Fall,2,7,10,Morning,NA,NA,17.07,NA,NA,NA,NA,NA,NA,NA,NA,0.74,0.4,5.8,0.11,0.53,7.856409187,NA,0.033772105,0.029659838,0.031023342,0.039879944,0.039115682,0,0.012851265,0.025628738,0.065210173,0.911853517,2.403732285,1.538420677,0.777918399
10/29/2023,7:04:00,Dawn,Mussel,M6,M6_Dawn,Long Beach,Fall,6,7,10,Morning,NA,NA,17.41,NA,NA,NA,NA,NA,NA,NA,NA,0.31,0.38,4.2,0.09,0.34,7.856409187,NA,NA,NA,NA,NA,NA,NA,NA,NA,NA,NA,NA,NA,NA
11/1/2023,7:25:00,Dawn,Rockweed,RW3,RW3_Dawn,Long Beach,Fall,3,7,11,Morning,NA,NA,16.64,NA,NA,NA,NA,NA,NA,NA,NA,0.19,0.32,4.9,0.1,0.38,7.910407654,NA,0.027472052,0.0306149,0.024711646,0.033809403,0.107531563,0.00828672,0.011305559,0.019373917,0.141946482,1.080876808,1.016122831,1.611661442,0.730910444
11/2/2023,7:45:00,Dawn,Surfgrass,P1,P1_Dawnb,Long Beach,Fall,1,7,11,Morning,NA,NA,16.64,NA,NA,NA,NA,NA,NA,NA,NA,NA,NA,NA,NA,NA,7.932244073,NA,0.037642514,0.040888303,0.034223864,0.047055682,0.054507189,0.009459689,0.014620878,0.027924348,0.07226862,0.93970206,2.071625736,1.536152314,0.727305659
11/2/2023,7:45:00,Dawn,Barnacle,B1,B1_Dawnb,Long Beach,Fall,1,7,11,Morning,NA,NA,17.16,NA,NA,NA,NA,NA,NA,NA,NA,2.98,0.32,4,0.42,1.7,7.932244073,NA,0.04418133,0.062003212,0.039352469,0.053011435,0.067571223,0.027298818,0.018366005,0.032031176,0,0.894074916,1.782471687,1.701560823,0.742339253
4/9/2024,19:38:00,Dusk,Surfgrass,P4,P4_Dusk,Long Beach,Spring,4,19,4,Evening,NA,NA,14.84,NA,NA,NA,NA,NA,NA,NA,NA,7.31,0.69,13.2,0.39,1.55,8.167145663,NA,0.048637483,0.037988036,0.047402181,0.055473072,0.062966422,0.042623419,0.02308693,0.038991179,0.066753828,0.904157555,2.714184493,1.653041166,0.854507953
4/10/2024,20:03:00,Dusk,Mussel,M4,M4_Dusk,Long Beach,Spring,4,20,4,Evening,NA,NA,15.27,NA,NA,NA,NA,NA,NA,NA,NA,5.58,0.67,11.2,0.38,1.51,8.204341968,NA,0.03907942,0.055159611,0.034454462,0.045733267,0.046125163,0.011519337,0.014967955,0.028094241,0.051218834,0.867377289,2.174150984,1.59045748,0.75337855
4/16/2024,5:54:00,Dawn,Surfgrass,P4,P4_Dawn,Long Beach,Spring,4,5,4,Night,NA,NA,14.33,NA,NA,NA,NA,NA,NA,NA,NA,1.83,0.47,6.3,0.2,1.09,7.86843514,NA,0.04058259,0.041502999,0.036844664,0.049486188,0.069067445,0.031572241,0.015897307,0.028375823,0.132616515,0.89971744,1.832662697,1.683438781,0.744544393
4/16/2024,5:54:00,Dawn,Surfgrass,P2,P2_Dawn,Long Beach,Spring,2,5,4,Night,NA,NA,14.37,NA,NA,NA,NA,NA,NA,NA,NA,1.65,0.45,6.9,0.19,0.82,7.86843514,NA,0.041666615,0.034474045,0.04137264,0.048747992,0.026217987,0.023306175,0.019871188,0.034029793,0.056720564,0.904001843,3.697858633,1.570582434,0.848704498
4/17/2024,6:18:00,Dawn,Barnacle,B1,B1_Dawn,Long Beach,Spring,1,6,4,Morning,NA,NA,14.37,NA,NA,NA,NA,NA,NA,NA,NA,NA,NA,NA,NA,NA,7.942920102,NA,0.029357773,0.030436188,0.029296558,0.034672572,0.019964209,0,0.014281175,0.023693713,0.022690035,0.905321799,3.950396562,1.676548935,0.844949089
4/18/2024,6:17:00,Dawn,Mussel,M2,M2_Dawn,Long Beach,Spring,2,6,4,Morning,NA,NA,14.24,NA,NA,NA,NA,NA,NA,NA,NA,1.53,0.47,4.5,0.11,1.27,7.916279896,NA,0.034956819,0.040028679,0.032501333,0.044592565,0.112750356,0.023898872,0.015623034,0.026544356,0.150617935,1.006287713,1.282193998,1.667351333,0.728850945
4/19/2024,6:16:00,Dawn,Mussel,M2,M2_Dawn,Long Beach,Spring,2,6,4,Morning,NA,NA,14.54,NA,NA,NA,NA,NA,NA,NA,NA,1.41,0.64,5.5,0.13,2.23,7.899281268,NA,0.043910487,0.040706135,0.038855936,0.083976723,0.047283037,0.041436384,0.018832901,0.031237077,0.05199291,0.695934122,2.306420367,1.973550112,0.462698887
4/20/2024,6:37:00,Dawn,Mussel,M2,M2_Dawn,Long Beach,Spring,2,6,4,Morning,NA,NA,14.54,NA,NA,NA,NA,NA,NA,NA,NA,3.03,1.1,6.2,0.26,17.9,7.82528328,NA,0.038415052,0.032621774,0.037099726,0.044294623,0.044263235,0,0.017617692,0.030378407,0.024395753,0.845411852,3.466629907,1.697860183,0.837567275
4/28/2024,19:35:00,Dusk,Barnacle,B3,B3_Dusk,Long Beach,Spring,3,19,4,Evening,NA,NA,16.47,NA,NA,NA,NA,NA,NA,NA,NA,1.25,0.52,7.6,0.14,0.7,8.260888298,NA,0.039773273,0.044495774,0.039011256,0.044556169,0.03855194,0.038600591,0.020634994,0.033007056,0.062636319,0.851268105,3.014347937,1.604814466,0.875552297
5/4/2024,6:00:00,Dawn,Mussel,M2,M2_Dawn,Long Beach,Spring,2,6,5,Morning,NA,NA,15.91,NA,NA,NA,NA,NA,NA,NA,NA,NA,NA,NA,NA,NA,7.900479978,NA,NA,NA,NA,NA,NA,NA,NA,NA,NA,NA,NA,NA,NA
5/5/2024,6:19:00,Dawn,Barnacle,B1,B1_Dawn,Long Beach,Spring,1,6,5,Morning,NA,NA,14.97,NA,NA,NA,NA,NA,NA,NA,NA,4.69,0.52,9.9,0.22,1.21,7.812723175,NA,0.04385857,0.037896625,0.040874034,0.051248698,0.031961608,0.037405168,0.018939296,0.033048987,0.039078516,0.81660028,3.251250947,1.709650794,0.797562389
