YY,MM,DD,hh,mm,WVHT,WTMP
2024,1,1,0,26,1.55,16.6
2024,1,1,0,56,1.51,16.6
2024,1,1,1,26,1.39,16.6
2024,1,1,1,56,1.42,16.5
2024,1,1,2,26,1.66,16.5
2024,1,1,2,56,1.4,16.5
2024,1,1,3,26,1.5,16.5
2024,1,1,3,56,1.6,16.5
2024,1,1,4,26,1.34,16.5
2024,1,1,4,56,1.37,16.5
2024,1,1,5,26,1.38,16.5
2024,1,1,5,56,1.29,16.5
2024,1,1,6,26,1.25,16.5
2024,1,1,6,56,1.23,16.4
2024,1,1,7,26,1.23,16.4
2024,1,1,7,56,1.14,16.4
2024,1,1,8,26,1.18,16.4
2024,1,1,8,56,1.19,16.4
2024,1,1,9,26,1.19,16.4
2024,1,1,9,56,0.98,16.4
2024,1,1,10,26,1.04,16.4
2024,1,1,10,56,0.98,16.4
2024,1,1,11,26,1.13,16.4
2024,1,1,11,56,1.15,16.4
2024,1,1,12,26,1.08,16.4
2024,1,1,12,56,1.03,16.3
2024,1,1,13,26,0.96,16.4
2024,1,1,13,56,0.98,16.3
2024,1,1,14,26,0.99,16.4
2024,1,1,14,56,1.01,16.3
2024,1,1,15,26,0.98,16.3
2024,1,1,15,56,1.01,16.2
2024,1,1,16,26,0.97,16.3
2024,1,1,16,56,0.96,16.3
2024,1,1,17,26,0.99,16.3
2024,1,1,17,56,0.82,16.3
2024,1,1,18,26,0.98,16.4
2024,1,1,18,56,0.88,16.5
2024,1,1,19,26,0.9,16.5
2024,1,1,19,56,1,16.7
2024,1,1,20,26,0.94,16.9
2024,1,1,20,56,0.93,17
2024,1,1,21,26,0.9,17.3
2024,1,1,21,56,0.91,17.2
2024,1,1,22,26,0.97,16.8
2024,1,1,22,56,0.81,16.9
2024,1,1,23,26,0.79,16.8
2024,1,1,23,56,0.77,16.7
2024,1,2,0,26,0.85,16.6
2024,1,2,0,56,0.77,16.6
2024,1,2,1,26,0.68,16.5
2024,1,2,1,56,0.74,16.5
2024,1,2,2,26,0.76,16.4
2024,1,2,2,56,0.68,16.4
2024,1,2,3,26,0.7,16.4
2024,1,2,3,56,0.8,16.3
2024,1,2,4,26,0.72,16.2
2024,1,2,4,56,0.78,16.2
2024,1,2,5,26,0.7,16.2
2024,1,2,5,56,0.79,16.2
2024,1,2,6,26,0.77,16.3
2024,1,2,6,56,0.77,16.3
2024,1,2,7,26,0.76,16.2
2024,1,2,7,56,0.82,16.2
2024,1,2,8,26,0.82,16.3
2024,1,2,8,56,0.83,16.2
2024,1,2,9,26,0.85,16.3
2024,1,2,9,56,0.77,16.3
2024,1,2,10,26,0.74,16.3
2024,1,2,10,56,0.83,16.3
2024,1,2,11,26,0.75,16.3
2024,1,2,11,56,0.71,16.3
2024,1,2,12,26,0.76,16.3
2024,1,2,12,56,0.87,16.3
2024,1,2,13,26,0.77,16.2
2024,1,2,13,56,0.82,16.2
2024,1,2,14,26,0.88,16.2
2024,1,2,14,56,0.79,16.2
2024,1,2,15,26,0.83,16.2
2024,1,2,15,56,0.82,16.2
2024,1,2,16,26,0.83,16.2
2024,1,2,16,56,0.82,16.2
2024,1,2,17,26,0.76,16.2
2024,1,2,17,56,0.87,16.2
2024,1,2,18,26,0.9,16.3
2024,1,2,18,56,0.88,16.3
2024,1,2,19,26,0.94,16.3
2024,1,2,19,56,0.83,16.4
2024,1,2,20,26,0.86,16.4
2024,1,2,20,56,0.8,16.5
2024,1,2,21,26,0.86,16.6
2024,1,2,21,56,0.82,16.6
2024,1,2,22,26,0.78,16.6
2024,1,2,22,56,0.78,16.5
2024,1,2,23,26,0.86,16.5
2024,1,2,23,56,0.82,16.5
2024,1,3,0,26,0.78,16.5
2024,1,3,0,56,0.8,16.5
2024,1,3,1,26,0.79,16.5
2024,1,3,1,56,0.8,16.5
2024,1,3,2,26,0.78,16.4
2024,1,3,2,56,0.8,16.4
2024,1,3,3,26,0.79,16.4
2024,1,3,3,56,0.77,16.3
2024,1,3,4,26,0.75,16.3
2024,1,3,4,56,0.8,16.3
2024,1,3,5,26,0.73,16.3
2024,1,3,5,56,0.8,16.4
2024,1,3,6,26,0.73,16.3
2024,1,3,6,56,0.78,16.3
2024,1,3,7,26,0.77,16.3
2024,1,3,7,56,0.79,16.3
2024,1,3,8,26,0.78,16.3
2024,1,3,8,56,0.79,16.1
2024,1,3,9,26,0.75,16.1
2024,1,3,9,56,0.81,16.2
2024,1,3,10,26,0.8,16.2
2024,1,3,10,56,0.78,16.2
2024,1,3,11,26,0.8,16.2
2024,1,3,11,56,0.76,16.2
2024,1,3,12,26,0.83,16.3
2024,1,3,12,56,0.81,16.3
2024,1,3,13,26,0.8,16.3
2024,1,3,13,56,0.81,16.2
2024,1,3,14,26,0.79,16.2
2024,1,3,14,56,0.8,16.2
2024,1,3,15,26,0.87,16.2
2024,1,3,15,56,0.74,16.3
2024,1,3,16,26,0.7,16.3
2024,1,3,16,56,0.75,16.3
2024,1,3,17,26,0.79,16.3
2024,1,3,17,56,0.86,16.3
2024,1,3,18,26,0.96,16.2
2024,1,3,18,56,0.98,16.2
2024,1,3,19,26,1.02,16.3
2024,1,3,19,56,1.11,16.3
2024,1,3,20,26,1.15,16.3
2024,1,3,20,56,1.18,16.3
2024,1,3,21,26,1.1,16.3
2024,1,3,21,56,1.24,16.3
2024,1,3,22,26,1.17,16.3
2024,1,3,22,56,1.23,16.4
2024,1,3,23,26,1.26,16.3
2024,1,3,23,56,1.3,16.3
2024,1,4,0,26,1.3,16.3
2024,1,4,0,56,1.25,16.3
2024,1,4,1,26,1.3,16.3
2024,1,4,1,56,1.23,16.3
2024,1,4,2,26,1.21,16.3
2024,1,4,2,56,1.33,16.3
2024,1,4,3,26,1.26,16.3
2024,1,4,3,56,1.15,16.2
2024,1,4,4,26,1.24,16.2
2024,1,4,4,56,1.28,16.2
2024,1,4,5,26,1.15,16.2
2024,1,4,5,56,1.32,16.2
2024,1,4,6,26,1.19,16.1
2024,1,4,6,56,1.25,16.1
2024,1,4,7,26,1.27,16.1
2024,1,4,7,56,1.16,16
2024,1,4,8,26,1.2,16
2024,1,4,8,56,1.1,15.8
2024,1,4,9,26,1.33,15.8
2024,1,4,9,56,1.15,15.8
2024,1,4,10,26,1.21,15.7
2024,1,4,10,56,1.23,15.7
2024,1,4,11,26,1.22,15.6
2024,1,4,11,56,1.24,15.6
2024,1,4,12,26,1.19,15.5
2024,1,4,12,56,1.08,15.4
2024,1,4,13,26,1.08,15.4
2024,1,4,13,56,1.14,15.4
2024,1,4,14,26,1.18,15.4
2024,1,4,14,56,1.11,15.4
2024,1,4,15,26,1.16,15.3
2024,1,4,15,56,1.24,15.2
2024,1,4,16,26,1.16,15.1
2024,1,4,16,56,1.25,15.1
2024,1,4,17,26,1.34,15.1
2024,1,4,17,56,1.16,15.1
2024,1,4,18,26,1.15,15.2
2024,1,4,18,56,1.12,15.1
2024,1,4,19,26,1.04,15.1
2024,1,4,19,56,1.05,15.1
2024,1,4,20,26,1.14,15.2
2024,1,4,20,56,1.03,15.3
2024,1,4,21,26,1.06,15.5
2024,1,4,21,56,0.97,15.4
2024,1,4,22,26,1.01,15.5
2024,1,4,22,56,1.05,15.4
2024,1,4,23,26,1.11,15.2
2024,1,4,23,56,1.04,15.3
2024,1,5,0,26,1.09,15.5
2024,1,5,0,56,1.15,15.7
2024,1,5,1,26,1.1,15.9
2024,1,5,1,56,1.06,15.9
2024,1,5,2,26,1.06,15.9
2024,1,5,2,56,1.07,15.9
2024,1,5,3,26,1.11,15.7
2024,1,5,3,56,1.19,15.7
2024,1,5,4,26,1.15,15.8
2024,1,5,4,56,1.14,15.8
2024,1,5,5,26,1.15,15.8
2024,1,5,5,56,1.03,15.8
2024,1,5,6,26,1.03,15.8
2024,1,5,6,56,1.03,15.8
2024,1,5,7,26,1.08,15.8
2024,1,5,7,56,1.1,15.8
2024,1,5,8,26,1,15.7
2024,1,5,8,56,1.05,15.7
2024,1,5,9,26,0.93,15.6
2024,1,5,9,56,0.92,15.7
2024,1,5,10,26,0.94,15.6
2024,1,5,10,56,0.97,15.6
2024,1,5,11,26,0.98,15.6
2024,1,5,11,56,1.03,15.6
2024,1,5,12,26,1.07,15.6
2024,1,5,12,56,1.04,15.6
2024,1,5,13,26,1.07,15.6
2024,1,5,13,56,1.09,15.5
2024,1,5,14,26,0.99,15.5
2024,1,5,14,56,0.94,15.5
2024,1,5,15,26,0.94,15.3
2024,1,5,15,56,1,15.3
2024,1,5,16,26,0.98,15.4
2024,1,5,16,56,0.91,15.4
2024,1,5,17,26,0.87,15.5
2024,1,5,17,56,0.91,15.5
2024,1,5,18,26,0.89,15.5
2024,1,5,18,56,0.86,15.5
2024,1,5,19,26,0.79,15.5
2024,1,5,19,56,0.88,15.5
2024,1,5,20,26,0.83,15.6
2024,1,5,20,56,0.92,15.6
2024,1,5,21,26,0.78,15.7
2024,1,5,21,56,0.86,15.8
2024,1,5,22,26,0.86,15.8
2024,1,5,22,56,0.91,15.8
2024,1,5,23,26,0.9,15.8
2024,1,5,23,56,0.86,15.8
2024,1,6,0,26,0.86,15.9
2024,1,6,0,56,0.86,15.8
2024,1,6,1,26,0.83,15.8
2024,1,6,1,56,0.79,15.7
2024,1,6,2,26,0.79,15.7
2024,1,6,2,56,0.84,15.7
2024,1,6,3,26,0.84,15.6
2024,1,6,3,56,0.82,15.6
2024,1,6,4,26,0.82,15.6
2024,1,6,4,56,0.77,15.6
2024,1,6,5,26,0.79,15.6
2024,1,6,5,56,0.79,15.6
2024,1,6,6,26,0.8,15.5
2024,1,6,6,56,0.79,15.6
2024,1,6,7,26,0.81,15.6
2024,1,6,7,56,0.84,15.7
2024,1,6,8,26,0.8,15.7
2024,1,6,8,56,0.87,15.7
2024,1,6,9,26,0.84,15.6
2024,1,6,9,56,0.88,15.6
2024,1,6,10,26,0.93,15.6
2024,1,6,10,56,0.84,15.6
2024,1,6,11,26,0.9,15.6
2024,1,6,11,56,0.93,15.6
2024,1,6,12,26,1,15.6
2024,1,6,12,56,0.85,15.6
2024,1,6,13,26,0.91,15.6
2024,1,6,13,56,0.92,15.5
2024,1,6,14,26,0.9,15.5
2024,1,6,14,56,0.92,15.5
2024,1,6,15,26,0.91,15.5
2024,1,6,15,56,0.85,15.6
2024,1,6,16,26,0.87,15.6
2024,1,6,16,56,0.85,15.5
2024,1,6,17,26,0.9,15.6
2024,1,6,17,56,0.94,15.6
2024,1,6,18,26,0.87,15.6
2024,1,6,18,56,0.91,15.8
2024,1,6,19,26,0.87,15.9
2024,1,6,19,56,0.94,16.2
2024,1,6,20,26,0.99,16.3
2024,1,6,20,56,1.13,16
2024,1,6,21,26,0.95,15.9
2024,1,6,21,56,1.03,16.1
2024,1,6,22,26,1.06,16
2024,1,6,22,56,0.96,16
2024,1,6,23,26,1.19,16
2024,1,6,23,56,1.06,16
2024,1,7,0,26,1.09,15.9
2024,1,7,0,56,1.03,15.9
2024,1,7,1,26,1.3,15.9
2024,1,7,1,56,1.04,15.8
2024,1,7,2,26,1.1,15.9
2024,1,7,2,56,1.22,16
2024,1,7,3,26,1.13,16
2024,1,7,3,56,0.99,16
2024,1,7,4,26,1.11,16
2024,1,7,4,56,1.09,16
2024,1,7,5,26,1.17,15.9
2024,1,7,5,56,1.14,15.9
2024,1,7,6,26,1.06,15.8
2024,1,7,6,56,1.06,15.6
2024,1,7,7,26,1.19,15.6
2024,1,7,7,56,1.21,15.6
2024,1,7,8,26,1.27,15.6
2024,1,7,8,56,1.37,15.6
2024,1,7,9,26,1.41,15.6
2024,1,7,9,56,1.51,15.5
2024,1,7,10,26,1.54,15.5
2024,1,7,10,56,1.55,15.5
2024,1,7,11,26,1.61,15.5
2024,1,7,11,56,1.59,15.4
2024,1,7,12,26,1.65,15.3
2024,1,7,12,56,1.54,15.3
2024,1,7,13,26,1.48,15.4
2024,1,7,13,56,1.58,15.4
2024,1,7,14,26,1.49,15.4
2024,1,7,14,56,1.39,15.3
2024,1,7,15,26,1.41,15.2
2024,1,7,15,56,1.4,15.3
2024,1,7,16,26,1.21,15.2
2024,1,7,16,56,1.2,15.2
2024,1,7,17,26,1.29,15.1
2024,1,7,17,56,1.16,14.9
2024,1,7,18,26,1.14,14.7
2024,1,7,18,56,1.18,14.5
2024,1,7,19,26,1.14,14.4
2024,1,7,19,56,1.15,14.4
2024,1,7,20,26,1.11,14.2
2024,1,7,20,56,0.96,14.2
2024,1,7,21,26,1.15,14.2
2024,1,7,21,56,1.04,14.1
2024,1,7,22,26,0.97,14.2
2024,1,7,22,56,0.95,14.3
2024,1,7,23,26,0.97,14.3
2024,1,7,23,56,0.99,14.4
2024,1,8,0,26,0.98,14.3
2024,1,8,0,56,1.09,14.1
2024,1,8,1,26,1.02,14.2
2024,1,8,1,56,1.07,14.1
2024,1,8,2,26,1.06,13.9
2024,1,8,2,56,1.01,13.8
2024,1,8,3,26,1.11,13.6
2024,1,8,3,56,1.05,13.5
2024,1,8,4,26,1,13.5
2024,1,8,4,56,0.99,13.5
2024,1,8,5,26,0.97,13.5
2024,1,8,5,56,0.94,13.5
2024,1,8,6,26,0.97,13.5
2024,1,8,6,56,0.94,13.5
2024,1,8,7,26,0.97,13.5
2024,1,8,7,56,0.87,13.5
2024,1,8,8,26,0.9,13.5
2024,1,8,8,56,0.82,13.4
2024,1,8,9,26,0.84,13.5
2024,1,8,9,56,0.87,13.4
2024,1,8,10,26,0.81,13.5
2024,1,8,10,56,0.88,13.5
2024,1,8,11,26,0.78,13.6
2024,1,8,11,56,0.84,13.6
2024,1,8,12,26,0.87,13.6
2024,1,8,12,56,0.77,13.6
2024,1,8,13,26,0.75,13.5
2024,1,8,13,56,0.75,13.5
2024,1,8,14,26,0.79,13.5
2024,1,8,14,56,0.73,13.4
2024,1,8,15,26,0.78,13.4
2024,1,8,15,56,0.71,13.4
2024,1,8,16,26,0.74,13.3
2024,1,8,16,56,0.85,13.4
2024,1,8,17,26,0.76,13.4
2024,1,8,17,56,0.78,13.5
2024,1,8,18,26,0.81,13.5
2024,1,8,18,56,0.73,13.4
2024,1,8,19,26,0.87,14
2024,1,8,19,56,0.73,13.8
2024,1,8,20,26,0.82,14
2024,1,8,20,56,0.78,14.5
2024,1,8,21,26,0.73,14.8
2024,1,8,21,56,0.73,14.8
2024,1,8,22,26,0.68,14.9
2024,1,8,22,56,0.74,15
2024,1,8,23,26,0.75,15.1
2024,1,8,23,56,0.72,15.2
2024,1,9,0,26,0.68,15.3
2024,1,9,0,56,0.74,15.2
2024,1,9,1,26,0.71,15.3
2024,1,9,1,56,0.75,15.3
2024,1,9,2,26,0.7,15.1
2024,1,9,2,56,0.72,14.9
2024,1,9,3,26,0.79,14.8
2024,1,9,3,56,0.74,14.7
2024,1,9,4,26,0.8,14.8
2024,1,9,4,56,0.86,14.8
2024,1,9,5,26,0.87,14.7
2024,1,9,5,56,0.83,14.6
2024,1,9,6,26,0.8,14.6
2024,1,9,6,56,1.02,14.6
2024,1,9,7,26,0.8,14.5
2024,1,9,7,56,0.8,14.4
2024,1,9,8,26,0.79,14.3
2024,1,9,8,56,0.86,14.3
2024,1,9,9,26,0.75,14.1
2024,1,9,9,56,0.74,14.1
2024,1,9,10,26,0.72,14.1
2024,1,9,10,56,0.72,14.2
2024,1,9,11,26,0.76,14.2
2024,1,9,11,56,0.74,14.2
2024,1,9,12,26,0.78,14.2
2024,1,9,12,56,0.69,14.2
2024,1,9,13,26,0.72,14.2
2024,1,9,13,56,0.75,14.2
2024,1,9,14,26,0.74,14.2
2024,1,9,14,56,0.76,14.1
2024,1,9,15,26,0.92,14.1
2024,1,9,15,56,0.85,14.1
2024,1,9,16,26,0.77,14.2
2024,1,9,16,56,0.8,14.2
2024,1,9,17,26,0.78,14.3
2024,1,9,17,56,0.75,14.4
2024,1,9,18,26,0.75,14.4
2024,1,9,18,56,0.73,14.5
2024,1,9,19,26,0.81,14.6
2024,1,9,19,56,0.8,14.8
2024,1,9,20,26,0.8,14.7
2024,1,9,20,56,0.7,14.8
2024,1,9,21,26,0.68,15.1
2024,1,9,21,56,0.75,15.1
2024,1,9,22,26,0.77,15.1
2024,1,9,22,56,0.81,15.1
2024,1,9,23,26,0.69,15
2024,1,9,23,56,0.8,15
2024,1,10,0,26,0.71,15
2024,1,10,0,56,0.84,15
2024,1,10,1,26,0.87,15
2024,1,10,1,56,0.93,14.9
2024,1,10,2,26,0.87,14.9
2024,1,10,2,56,0.94,14.9
2024,1,10,3,26,0.86,14.9
2024,1,10,3,56,0.92,14.9
2024,1,10,4,26,0.92,14.9
2024,1,10,4,56,0.88,14.9
2024,1,10,5,26,0.91,14.8
2024,1,10,5,56,0.9,14.8
2024,1,10,6,26,0.94,14.9
2024,1,10,6,56,1.01,14.9
2024,1,10,7,26,0.95,14.9
2024,1,10,7,56,0.94,14.9
2024,1,10,8,26,0.92,14.9
2024,1,10,8,56,0.87,14.9
2024,1,10,9,26,0.85,14.9
2024,1,10,9,56,0.92,15
2024,1,10,10,26,0.91,15.1
2024,1,10,10,56,0.89,15.1
2024,1,10,11,26,0.87,15.1
2024,1,10,11,56,0.88,15.1
2024,1,10,12,26,1.01,15.1
2024,1,10,12,56,0.9,15
2024,1,10,13,26,1.04,15
2024,1,10,13,56,0.98,15
2024,1,10,14,26,1.03,15
2024,1,10,14,56,0.96,15
2024,1,10,15,26,1.03,15
2024,1,10,15,56,0.93,15
2024,1,10,16,26,0.99,15
2024,1,10,16,56,1,15
2024,1,10,17,26,0.97,15
2024,1,10,17,56,0.99,15
2024,1,10,18,26,1.02,15
2024,1,10,18,56,1.08,15
2024,1,10,19,26,0.99,15.1
2024,1,10,19,56,1.01,15.1
2024,1,10,20,26,1.04,15.2
2024,1,10,20,56,1.02,15.2
2024,1,10,21,26,0.95,15.3
2024,1,10,21,56,0.95,15.4
2024,1,10,22,26,1.01,15.3
2024,1,10,22,56,0.94,15.3
2024,1,10,23,26,0.96,15.2
2024,1,10,23,56,0.97,15.2
2024,1,11,0,26,0.88,15.1
2024,1,11,0,56,0.96,15.1
2024,1,11,1,26,0.99,15.1
2024,1,11,1,56,0.97,15.1
2024,1,11,2,26,1,15
2024,1,11,2,56,1.05,15
2024,1,11,3,26,1.07,14.9
2024,1,11,3,56,1.17,14.9
2024,1,11,4,26,1.25,14.9
2024,1,11,4,56,1.32,14.9
2024,1,11,5,26,1.35,14.8
2024,1,11,5,56,1.43,14.8
2024,1,11,6,26,1.46,14.8
2024,1,11,6,56,1.42,14.8
2024,1,11,7,26,1.5,14.7
2024,1,11,7,56,1.55,14.7
2024,1,11,8,26,1.64,14.7
2024,1,11,8,56,1.7,14.7
2024,1,11,9,26,1.46,14.7
2024,1,11,9,56,1.49,14.7
2024,1,11,10,26,1.42,14.7
2024,1,11,10,56,1.4,14.7
2024,1,11,11,26,1.44,14.6
2024,1,11,11,56,1.5,14.5
2024,1,11,12,26,1.61,14.3
2024,1,11,12,56,1.75,14.2
2024,1,11,13,26,1.71,14.2
2024,1,11,13,56,1.67,14
2024,1,11,14,26,1.55,14
2024,1,11,14,56,1.59,14
2024,1,11,15,26,1.25,13.9
2024,1,11,15,56,1.09,13.9
2024,1,11,16,26,1.01,13.9
2024,1,11,16,56,1.01,13.8
2024,1,11,17,26,1.01,13.8
2024,1,11,17,56,1.05,13.8
2024,1,11,18,26,1.07,13.8
2024,1,11,18,56,1.01,13.8
2024,1,11,19,26,1.13,13.9
2024,1,11,19,56,0.99,13.9
2024,1,11,20,26,0.92,13.9
2024,1,11,20,56,0.95,14
2024,1,11,21,26,0.97,14
2024,1,11,21,56,0.91,14.1
2024,1,11,22,26,0.89,14
2024,1,11,22,56,0.92,14
2024,1,11,23,26,0.95,13.9
2024,1,11,23,56,0.89,13.9
2024,1,12,0,26,0.8,13.8
2024,1,12,0,56,0.75,13.8
2024,1,12,1,26,0.82,13.8
2024,1,12,1,56,0.8,13.7
2024,1,12,2,26,0.77,13.7
2024,1,12,2,56,0.75,13.7
2024,1,12,3,26,0.78,13.7
2024,1,12,3,56,0.7,13.7
2024,1,12,4,26,0.68,13.7
2024,1,12,4,56,0.65,13.6
2024,1,12,5,26,0.6,13.7
2024,1,12,5,56,0.66,13.8
2024,1,12,6,26,0.69,13.8
2024,1,12,6,56,0.77,13.8
2024,1,12,7,26,0.74,13.9
2024,1,12,7,56,0.76,13.9
2024,1,12,8,26,0.78,13.9
2024,1,12,8,56,0.79,13.9
2024,1,12,9,26,0.78,13.9
2024,1,12,9,56,0.74,13.9
2024,1,12,10,26,0.7,13.9
2024,1,12,10,56,0.75,14
2024,1,12,11,26,0.73,14
2024,1,12,11,56,0.72,14
2024,1,12,12,26,0.74,14
2024,1,12,12,56,0.73,14.1
2024,1,12,13,26,0.62,14.1
2024,1,12,13,56,0.59,14.1
2024,1,12,14,26,0.54,14.1
2024,1,12,14,56,0.64,14.1
2024,1,12,15,26,0.6,14.1
2024,1,12,15,56,0.57,14.1
2024,1,12,16,26,0.58,14.2
2024,1,12,16,56,0.63,14.2
2024,1,12,17,26,0.58,14.3
2024,1,12,17,56,0.56,14.3
2024,1,12,18,26,0.67,14.4
2024,1,12,18,56,0.65,14.5
2024,1,12,19,26,0.67,14.6
2024,1,12,19,56,0.65,14.7
2024,1,12,20,26,0.7,14.8
2024,1,12,20,56,0.64,15.2
2024,1,12,21,26,0.66,15.1
2024,1,12,21,56,0.62,14.8
2024,1,12,22,26,0.67,15.2
2024,1,12,22,56,0.59,14.9
2024,1,12,23,26,0.57,14.8
2024,1,12,23,56,0.53,14.8
2024,1,13,0,26,0.57,14.8
2024,1,13,0,56,0.56,14.6
2024,1,13,1,26,0.62,14.5
2024,1,13,1,56,0.63,14.5
2024,1,13,2,26,0.62,14.5
2024,1,13,2,56,0.62,14.4
2024,1,13,3,26,0.61,14.4
2024,1,13,3,56,0.64,14.4
2024,1,13,4,26,0.66,14.4
2024,1,13,4,56,0.68,14.4
2024,1,13,5,26,0.7,14.4
2024,1,13,5,56,0.7,14.4
2024,1,13,6,26,0.64,14.4
2024,1,13,6,56,0.67,14.4
2024,1,13,7,26,0.64,14.3
2024,1,13,7,56,0.64,14.3
2024,1,13,8,26,0.67,14.3
2024,1,13,8,56,0.66,14.3
2024,1,13,9,26,0.66,14.3
2024,1,13,9,56,0.64,14.3
2024,1,13,10,26,0.66,14.3
2024,1,13,10,56,0.68,14.3
2024,1,13,11,26,0.6,14.3
2024,1,13,11,56,0.53,14.3
2024,1,13,12,26,0.6,14.3
2024,1,13,12,56,0.59,14.3
2024,1,13,13,26,0.66,14.3
2024,1,13,13,56,0.61,14.3
2024,1,13,14,26,0.67,14.4
2024,1,13,14,56,0.77,14.3
2024,1,13,15,26,0.73,14.3
2024,1,13,15,56,0.71,14.3
2024,1,13,16,26,0.78,14.4
2024,1,13,16,56,0.74,14.4
2024,1,13,17,26,0.64,14.4
2024,1,13,17,56,0.64,14.4
2024,1,13,18,26,0.66,14.4
2024,1,13,18,56,0.67,14.6
2024,1,13,19,26,0.66,14.8
2024,1,13,19,56,0.69,14.8
2024,1,13,20,26,0.66,14.8
2024,1,13,20,56,0.67,15.3
2024,1,13,21,26,0.6,14.9
2024,1,13,21,56,0.61,14.8
2024,1,13,22,26,0.64,15
2024,1,13,22,56,0.61,14.8
2024,1,13,23,26,0.63,14.6
2024,1,13,23,56,0.63,14.6
2024,1,14,0,26,0.62,14.6
2024,1,14,0,56,0.64,14.6
2024,1,14,1,26,0.64,14.5
2024,1,14,1,56,0.63,14.5
2024,1,14,2,26,0.61,14.5
2024,1,14,2,56,0.57,14.5
2024,1,14,3,26,0.59,14.5
2024,1,14,3,56,0.63,14.5
2024,1,14,4,26,0.68,14.4
2024,1,14,4,56,0.8,14.4
2024,1,14,5,26,0.78,14.4
2024,1,14,5,56,0.79,14.3
2024,1,14,6,26,0.79,14.3
2024,1,14,6,56,0.89,14.3
2024,1,14,7,26,0.96,14.3
2024,1,14,7,56,0.94,14.4
2024,1,14,8,26,0.92,14.4
2024,1,14,8,56,0.89,14.3
2024,1,14,9,26,0.82,14.3
2024,1,14,9,56,0.83,14.4
2024,1,14,10,26,0.87,14.3
2024,1,14,10,56,0.8,14.3
2024,1,14,11,26,0.77,14.3
2024,1,14,11,56,0.79,14.3
2024,1,14,12,26,0.74,14.4
2024,1,14,12,56,0.76,14.3
2024,1,14,13,26,0.71,14.3
2024,1,14,13,56,0.7,14.3
2024,1,14,14,26,0.67,14.3
2024,1,14,14,56,0.68,14.3
2024,1,14,15,26,0.66,14.3
2024,1,14,15,56,0.66,14.3
2024,1,14,16,26,0.68,14.3
2024,1,14,16,56,0.74,14.3
2024,1,14,17,26,0.76,14.3
2024,1,14,17,56,0.84,14.4
2024,1,14,18,26,0.86,14.4
2024,1,14,18,56,0.83,14.5
2024,1,14,19,26,0.73,14.6
2024,1,14,19,56,0.75,14.7
2024,1,14,20,26,0.75,14.8
2024,1,14,20,56,0.76,15
2024,1,14,21,26,0.81,14.9
2024,1,14,21,56,0.77,15
2024,1,14,22,26,0.74,15
2024,1,14,22,56,0.78,14.9
2024,1,14,23,26,0.77,14.7
2024,1,14,23,56,0.83,14.7
2024,1,15,0,26,0.78,14.6
2024,1,15,0,56,0.73,14.6
2024,1,15,1,26,0.88,14.6
2024,1,15,1,56,0.86,14.6
2024,1,15,2,26,0.89,14.6
2024,1,15,2,56,0.88,14.6
2024,1,15,3,26,0.88,14.6
2024,1,15,3,56,0.85,14.5
2024,1,15,4,26,0.86,14.5
2024,1,15,4,56,0.81,14.6
2024,1,15,5,26,0.79,14.5
2024,1,15,5,56,0.81,14.5
2024,1,15,6,26,0.78,14.5
2024,1,15,6,56,0.89,14.5
2024,1,15,7,26,0.89,14.5
2024,1,15,7,56,0.91,14.5
2024,1,15,8,26,1.04,14.5
2024,1,15,8,56,1,14.5
2024,1,15,9,26,0.91,14.5
2024,1,15,9,56,0.89,14.5
2024,1,15,10,26,0.85,14.4
2024,1,15,10,56,0.86,14.4
2024,1,15,11,26,0.76,14.4
2024,1,15,11,56,0.77,14.4
2024,1,15,12,26,0.72,14.4
2024,1,15,12,56,0.7,14.4
2024,1,15,13,26,0.75,14.4
2024,1,15,13,56,0.71,14.3
2024,1,15,14,26,0.71,14.3
2024,1,15,14,56,0.76,14.3
2024,1,15,15,26,0.69,14.3
2024,1,15,15,56,0.67,14.3
2024,1,15,16,26,0.71,14.3
2024,1,15,16,56,0.78,14.3
2024,1,15,17,26,0.84,14.4
2024,1,15,17,56,0.82,14.4
2024,1,15,18,26,0.78,14.5
2024,1,15,18,56,0.78,14.7
2024,1,15,19,26,0.73,14.9
2024,1,15,19,56,0.78,15
2024,1,15,20,26,0.74,14.9
2024,1,15,20,56,0.78,14.7
2024,1,15,21,26,0.85,14.7
2024,1,15,21,56,0.77,14.7
2024,1,15,22,26,0.81,14.7
2024,1,15,22,56,0.76,14.7
2024,1,15,23,26,0.81,14.6
2024,1,15,23,56,0.79,14.6
2024,1,16,0,26,0.83,14.5
2024,1,16,0,56,0.82,14.5
2024,1,16,1,26,0.73,14.4
2024,1,16,1,56,0.78,14.4
2024,1,16,2,26,0.79,14.4
2024,1,16,2,56,0.79,14.4
2024,1,16,3,26,0.76,14.4
2024,1,16,3,56,0.73,14.4
2024,1,16,4,26,0.69,14.3
2024,1,16,4,56,0.65,14.3
2024,1,16,5,26,0.72,14.3
2024,1,16,5,56,0.65,14.3
2024,1,16,6,26,0.63,14.3
2024,1,16,6,56,0.63,14.3
2024,1,16,7,26,0.66,14.3
2024,1,16,7,56,0.65,14.3
2024,1,16,8,26,0.58,14.3
2024,1,16,8,56,0.62,14.3
2024,1,16,9,26,0.61,14.3
2024,1,16,9,56,0.55,14.3
2024,1,16,10,26,0.58,14.3
2024,1,16,10,56,0.6,14.4
2024,1,16,11,26,0.64,14.3
2024,1,16,11,56,0.58,14.3
2024,1,16,12,26,0.67,14.3
2024,1,16,12,56,0.61,14.3
2024,1,16,13,26,0.64,14.3
2024,1,16,13,56,0.64,14.3
2024,1,16,14,26,0.65,14.3
2024,1,16,14,56,0.6,14.3
2024,1,16,15,26,0.6,14.3
2024,1,16,15,56,0.64,14.3
2024,1,16,16,26,0.59,14.3
2024,1,16,16,56,0.62,14.3
2024,1,16,17,26,0.59,14.3
2024,1,16,17,56,0.6,14.4
2024,1,16,18,26,0.63,14.4
2024,1,16,18,56,0.57,14.4
2024,1,16,19,26,0.63,14.5
2024,1,16,19,56,0.66,14.5
2024,1,16,20,26,0.59,14.5
2024,1,16,20,56,0.66,14.5
2024,1,16,21,26,0.66,14.6
2024,1,16,21,56,0.62,14.6
2024,1,16,22,26,0.65,14.5
2024,1,16,22,56,0.66,14.5
2024,1,16,23,26,0.72,14.5
2024,1,16,23,56,0.66,14.4
2024,1,17,0,26,0.65,14.4
2024,1,17,0,56,0.68,14.4
2024,1,17,1,26,0.65,14.4
2024,1,17,1,56,0.65,14.4
2024,1,17,2,26,0.62,14.4
2024,1,17,2,56,0.58,14.4
2024,1,17,3,26,0.63,14.4
2024,1,17,3,56,0.61,14.4
2024,1,17,4,26,0.6,14.3
2024,1,17,4,56,0.61,14.3
2024,1,17,5,26,0.62,14.4
2024,1,17,5,56,0.61,14.4
2024,1,17,6,26,0.6,14.3
2024,1,17,6,56,0.57,14.3
2024,1,17,7,26,0.62,14.4
2024,1,17,7,56,0.54,14.3
2024,1,17,8,26,0.55,14.4
2024,1,17,8,56,0.58,14.4
2024,1,17,9,26,0.61,14.4
2024,1,17,9,56,0.6,14.4
2024,1,17,10,26,0.65,14.3
2024,1,17,10,56,0.59,14.3
2024,1,17,11,26,0.67,14.3
2024,1,17,11,56,0.68,14.3
2024,1,17,12,26,0.65,14.3
2024,1,17,12,56,0.63,14.3
2024,1,17,13,26,0.69,14.3
2024,1,17,13,56,0.66,14.3
2024,1,17,14,26,0.69,14.3
2024,1,17,14,56,0.6,14.3
2024,1,17,15,26,0.67,14.4
2024,1,17,15,56,0.61,14.4
2024,1,17,16,26,0.62,14.4
2024,1,17,16,56,0.61,14.4
2024,1,17,17,26,0.67,14.4
2024,1,17,17,56,0.71,14.4
2024,1,17,18,26,0.73,14.6
2024,1,17,18,56,0.69,14.7
2024,1,17,19,26,0.75,14.8
2024,1,17,19,56,0.76,14.8
2024,1,17,20,26,0.74,14.8
2024,1,17,20,56,0.78,14.7
2024,1,17,21,26,0.74,14.7
2024,1,17,21,56,0.8,14.7
2024,1,17,22,26,0.75,14.7
2024,1,17,22,56,0.68,14.7
2024,1,17,23,26,0.75,14.7
2024,1,17,23,56,0.68,14.7
2024,1,18,0,26,0.68,14.8
2024,1,18,0,56,0.62,14.7
2024,1,18,1,26,0.69,14.7
2024,1,18,1,56,0.69,14.7
2024,1,18,2,26,0.59,14.7
2024,1,18,2,56,0.63,14.7
2024,1,18,3,26,0.68,14.7
2024,1,18,3,56,0.6,14.6
2024,1,18,4,26,0.66,14.6
2024,1,18,4,56,0.61,14.7
2024,1,18,5,26,0.64,14.7
2024,1,18,5,56,0.64,14.7
2024,1,18,6,26,0.67,14.6
2024,1,18,6,56,0.64,14.6
2024,1,18,7,26,0.69,14.7
2024,1,18,7,56,0.64,14.7
2024,1,18,8,26,0.6,14.6
2024,1,18,8,56,0.65,14.6
2024,1,18,9,26,0.63,14.6
2024,1,18,9,56,0.64,14.6
2024,1,18,10,26,0.71,14.6
2024,1,18,10,56,0.63,14.6
2024,1,18,11,26,0.68,14.6
2024,1,18,11,56,0.68,14.6
2024,1,18,12,26,0.74,14.6
2024,1,18,12,56,0.67,14.6
2024,1,18,13,26,0.73,14.6
2024,1,18,13,56,0.69,14.6
2024,1,18,14,26,0.71,14.6
2024,1,18,14,56,0.64,14.6
2024,1,18,15,26,0.7,14.5
2024,1,18,15,56,0.64,14.5
2024,1,18,16,26,0.75,14.5
2024,1,18,16,56,0.78,14.5
2024,1,18,17,26,0.69,14.6
2024,1,18,17,56,0.77,14.6
2024,1,18,18,26,0.81,14.7
2024,1,18,18,56,0.83,14.8
2024,1,18,19,26,0.79,14.9
2024,1,18,19,56,0.81,15
2024,1,18,20,26,0.78,14.9
2024,1,18,20,56,0.83,14.8
2024,1,18,21,26,0.79,14.7
2024,1,18,21,56,0.77,14.8
2024,1,18,22,26,0.77,14.8
2024,1,18,22,56,0.86,14.7
2024,1,18,23,26,0.88,14.7
2024,1,18,23,56,0.79,14.6
2024,1,19,0,26,0.78,14.7
2024,1,19,0,56,0.8,14.7
2024,1,19,1,26,0.77,14.6
2024,1,19,1,56,0.74,14.6
2024,1,19,2,26,0.77,14.6
2024,1,19,2,56,0.89,14.6
2024,1,19,3,26,0.74,14.7
2024,1,19,3,56,0.87,14.7
2024,1,19,4,26,0.82,14.7
2024,1,19,4,56,0.76,14.7
2024,1,19,5,26,0.75,14.7
2024,1,19,5,56,0.84,14.7
2024,1,19,6,26,0.73,14.6
2024,1,19,6,56,0.79,14.6
2024,1,19,7,26,0.69,14.5
2024,1,19,7,56,0.65,14.5
2024,1,19,8,26,0.75,14.4
2024,1,19,8,56,0.66,14.4
2024,1,19,9,26,0.72,14.4
2024,1,19,9,56,0.66,14.4
2024,1,19,10,26,0.76,14.3
2024,1,19,10,56,0.71,14.3
2024,1,19,11,26,0.65,14.3
2024,1,19,11,56,0.66,14.1
2024,1,19,12,26,0.76,14.4
2024,1,19,12,56,0.61,14.4
2024,1,19,13,26,0.67,14.3
2024,1,19,13,56,0.6,14.3
2024,1,19,14,26,0.68,14.4
2024,1,19,14,56,0.71,14.4
2024,1,19,18,56,0.62,14.5
2024,1,19,19,26,0.62,14.6
2024,1,19,19,56,0.64,14.7
2024,1,19,20,26,0.64,14.9
2024,1,19,20,56,0.61,14.9
2024,1,19,21,26,0.62,14.8
2024,1,19,21,56,0.57,14.7
2024,1,19,22,26,0.67,14.7
2024,1,19,22,56,0.58,14.8
2024,1,19,23,26,0.56,14.9
2024,1,19,23,56,0.54,14.8
2024,1,20,0,26,0.56,14.7
2024,1,20,0,56,0.6,14.7
2024,1,20,1,26,0.61,14.7
2024,1,20,1,56,0.64,14.7
2024,1,20,2,26,0.6,14.8
2024,1,20,2,56,0.6,14.7
2024,1,20,3,26,0.57,14.6
2024,1,20,3,56,0.55,14.6
2024,1,20,4,26,0.56,14.7
2024,1,20,4,56,0.5,14.7
2024,1,20,5,26,0.5,14.8
2024,1,20,5,56,0.58,14.8
2024,1,20,6,26,0.5,14.7
2024,1,20,6,56,0.52,14.6
2024,1,20,7,26,0.49,14.6
2024,1,20,7,56,0.5,14.5
2024,1,20,8,26,0.51,14.5
2024,1,20,8,56,0.52,14.4
2024,1,20,9,26,0.49,14.4
2024,1,20,9,56,0.5,14.4
2024,1,20,10,26,0.5,14.4
2024,1,20,10,56,0.47,14.5
2024,1,20,11,26,0.48,14.8
2024,1,20,11,56,0.5,14.9
2024,1,20,12,26,0.52,14.9
2024,1,20,12,56,0.53,14.9
2024,1,20,13,26,0.54,14.9
2024,1,20,13,56,0.51,15
2024,1,20,14,26,0.57,15
2024,1,20,14,56,0.55,14.9
2024,1,20,15,26,0.55,14.8
2024,1,20,15,56,0.64,14.9
2024,1,20,16,26,0.63,14.8
2024,1,20,16,56,0.7,14.6
2024,1,20,17,26,0.79,14.5
2024,1,20,17,56,0.89,14.6
2024,1,20,18,26,0.89,14.5
2024,1,20,18,56,0.95,14.5
2024,1,20,19,26,0.96,14.6
2024,1,20,19,56,1.12,14.7
2024,1,20,20,26,1.09,14.8
2024,1,20,20,56,1.07,14.9
2024,1,20,21,26,1.18,14.9
2024,1,20,21,56,1.24,14.9
2024,1,20,22,26,1.14,14.8
2024,1,20,22,56,1.26,14.9
2024,1,20,23,26,1.23,14.9
2024,1,20,23,56,1.33,14.9
2024,1,21,0,26,1.4,15
2024,1,21,0,56,1.39,14.9
2024,1,21,1,26,1.42,14.9
2024,1,21,1,56,1.48,14.9
2024,1,21,2,26,1.39,14.9
2024,1,21,2,56,1.34,14.9
2024,1,21,3,26,1.38,14.9
2024,1,21,3,56,1.27,14.9
2024,1,21,4,26,1.26,14.9
2024,1,21,4,56,1.25,14.9
2024,1,21,5,26,1.2,14.9
2024,1,21,5,56,1.25,14.9
2024,1,21,6,26,1.16,14.9
2024,1,21,6,56,1.09,14.8
2024,1,21,7,26,1.1,14.8
2024,1,21,7,56,1.08,15
2024,1,21,8,26,1.1,15.4
2024,1,21,8,56,1.06,15.4
2024,1,21,9,26,1.11,15.4
2024,1,21,9,56,1.14,15.4
2024,1,21,10,26,1.2,15.4
2024,1,21,10,56,1.3,15.3
2024,1,21,11,26,1.28,15.2
2024,1,21,11,56,1.4,15.2
2024,1,21,12,26,1.41,15.1
2024,1,21,12,56,1.49,15.5
2024,1,21,13,26,1.43,15.4
2024,1,21,13,56,1.45,15.4
2024,1,21,14,26,1.46,15.4
2024,1,21,14,56,1.38,15.4
2024,1,21,15,26,1.37,15.3
2024,1,21,15,56,1.28,15.2
2024,1,21,16,26,1.35,15.1
2024,1,21,16,56,1.46,15.1
2024,1,21,17,26,1.28,14.9
2024,1,21,17,56,1.36,14.5
2024,1,21,18,26,1.41,14.6
2024,1,21,18,56,1.26,14.7
2024,1,21,19,26,1.47,14.7
2024,1,21,19,56,1.32,14.8
2024,1,21,20,26,1.37,14.9
2024,1,21,20,56,1.45,15
2024,1,21,21,26,1.53,15
2024,1,21,21,56,1.37,15
2024,1,21,22,26,1.36,15.2
2024,1,21,22,56,1.3,15.1
2024,1,21,23,26,1.53,15.1
2024,1,21,23,56,1.41,15.1
2024,1,22,0,26,1.22,15
2024,1,22,0,56,1.33,15
2024,1,22,1,26,1.26,14.9
2024,1,22,1,56,1.23,14.8
2024,1,22,2,26,1.34,14.8
2024,1,22,2,56,1.3,14.8
2024,1,22,3,26,1.3,14.8
2024,1,22,3,56,1.34,14.8
2024,1,22,4,26,1.29,14.7
2024,1,22,4,56,1.35,14.7
2024,1,22,5,26,1.3,14.7
2024,1,22,5,56,1.23,14.8
2024,1,22,6,26,1.19,14.7
2024,1,22,6,56,1.35,14.6
2024,1,22,7,26,1.24,14.6
2024,1,22,7,56,1.36,14.6
2024,1,22,8,26,1.31,14.6
2024,1,22,8,56,1.37,14.7
2024,1,22,9,26,1.31,14.6
2024,1,22,9,56,1.38,14.6
2024,1,22,10,26,1.44,14.6
2024,1,22,10,56,1.46,14.7
2024,1,22,11,26,1.55,14.7
2024,1,22,11,56,1.57,14.7
2024,1,22,12,26,1.71,14.7
2024,1,22,12,56,1.66,14.8
2024,1,22,13,26,1.55,14.8
2024,1,22,13,56,1.53,14.9
2024,1,22,14,26,1.5,14.9
2024,1,22,14,56,1.63,14.8
2024,1,22,15,26,1.38,14.9
2024,1,22,15,56,1.43,14.9
2024,1,22,16,26,1.45,14.9
2024,1,22,16,56,1.42,14.9
2024,1,22,17,26,1.36,14.9
2024,1,22,17,56,1.26,14.9
2024,1,22,18,26,1.38,14.9
2024,1,22,18,56,1.29,15
2024,1,22,19,26,1.31,15
2024,1,22,19,56,1.42,15
2024,1,22,20,26,1.39,15.1
2024,1,22,20,56,1.37,15.1
2024,1,22,21,26,1.46,15.2
2024,1,22,21,56,1.48,15.2
2024,1,22,22,26,1.43,15.7
2024,1,22,22,56,1.43,15.6
2024,1,22,23,26,1.43,15.5
2024,1,22,23,56,1.44,15.5
2024,1,23,0,26,1.37,15.4
2024,1,23,0,56,1.39,15.3
2024,1,23,1,26,1.34,15.2
2024,1,23,1,56,1.32,15.2
2024,1,23,2,26,1.3,15.2
2024,1,23,2,56,1.34,15
2024,1,23,3,26,1.33,15
2024,1,23,3,56,1.37,14.9
2024,1,23,4,26,1.49,14.9
2024,1,23,4,56,1.35,14.9
2024,1,23,5,26,1.32,14.9
2024,1,23,5,56,1.27,14.9
2024,1,23,6,26,1.28,15
2024,1,23,6,56,1.21,15
2024,1,23,7,26,1.1,15
2024,1,23,7,56,1.17,15
2024,1,23,8,26,1.18,15
2024,1,23,8,56,1.06,15
2024,1,23,9,26,1.17,15
2024,1,23,9,56,1.17,15
2024,1,23,10,26,1.24,15
2024,1,23,10,56,1.16,14.9
2024,1,23,11,26,1.23,14.8
2024,1,23,11,56,1.18,14.7
2024,1,23,12,26,1.21,14.6
2024,1,23,12,56,1.26,14.3
2024,1,23,13,26,1.27,14.1
2024,1,23,13,56,1.31,14.3
2024,1,23,14,26,1.36,14
2024,1,23,14,56,1.33,13.9
2024,1,23,15,26,1.27,13.5
2024,1,23,15,56,1.23,14.9
2024,1,23,16,26,1.3,14.8
2024,1,23,16,56,1.2,14.8
2024,1,23,17,26,1.14,14.7
2024,1,23,17,56,1.17,14.9
2024,1,23,18,26,1.18,15
2024,1,23,18,56,1.21,15.2
2024,1,23,19,26,1.2,15.5
2024,1,23,19,56,1.08,15.7
2024,1,23,20,26,1.11,15.6
2024,1,23,20,56,1.06,15.8
2024,1,23,21,26,1.08,15.6
2024,1,23,21,56,1.11,15.9
2024,1,23,22,26,1.09,15.8
2024,1,23,22,56,1.16,15.8
2024,1,23,23,26,1.09,15.7
2024,1,23,23,56,1.19,15.6
2024,1,24,0,26,1.14,15.6
2024,1,24,0,56,1.15,15.6
2024,1,24,1,26,1.2,15.5
2024,1,24,1,56,1.14,15.5
2024,1,24,2,26,1.17,15.5
2024,1,24,2,56,1.16,15.5
2024,1,24,3,26,1.11,15.5
2024,1,24,3,56,1.23,15.4
2024,1,24,4,26,1.23,15.4
2024,1,24,4,56,1.29,15.4
2024,1,24,5,26,1.21,15.3
2024,1,24,5,56,1.25,15.3
2024,1,24,6,26,1.16,15.3
2024,1,24,6,56,1.35,15.2
2024,1,24,7,26,1.28,15.2
2024,1,24,7,56,1.22,15.2
2024,1,24,8,26,1.32,15.1
2024,1,24,8,56,1.29,15.2
2024,1,24,9,26,1.33,15.2
2024,1,24,9,56,1.36,15.1
2024,1,24,10,26,1.34,15.1
2024,1,24,10,56,1.28,15.1
2024,1,24,11,26,1.3,15.1
2024,1,24,11,56,1.27,15.2
2024,1,24,12,26,1.13,15.3
2024,1,24,12,56,1.1,15.3
2024,1,24,13,26,1.02,15.3
2024,1,24,13,56,1.15,15.3
2024,1,24,14,26,1.09,15.3
2024,1,24,14,56,1.05,15.3
2024,1,24,15,26,1.13,15.3
2024,1,24,15,56,1.1,15.3
2024,1,24,16,26,1.12,15.3
2024,1,24,16,56,1.1,15.3
2024,1,24,17,26,1.16,15.3
2024,1,24,17,56,1.13,15.4
2024,1,24,18,26,1.14,15.4
2024,1,24,18,56,1.15,15.4
2024,1,24,19,26,1.05,15.4
2024,1,24,19,56,1.27,15.5
2024,1,24,20,26,1.17,15.5
2024,1,24,20,56,1.18,15.6
2024,1,24,21,26,1.03,15.6
2024,1,24,21,56,1.1,15.6
2024,1,24,22,26,1.16,15.5
2024,1,24,22,56,1.03,15.5
2024,1,24,23,26,1.11,15.5
2024,1,24,23,56,1.07,15.5
2024,1,25,0,26,1.12,15.5
2024,1,25,0,56,1.03,15.4
2024,1,25,1,26,1.05,15.4
2024,1,25,1,56,1.03,15.5
2024,1,25,2,26,1.03,15.5
2024,1,25,2,56,1.07,15.5
2024,1,25,3,26,1.08,15.4
2024,1,25,3,56,1.09,15.5
2024,1,25,4,26,1.07,15.5
2024,1,25,4,56,1.15,15.4
2024,1,25,5,26,1.02,15.3
2024,1,25,5,56,1.03,15.2
2024,1,25,6,26,1.15,15.2
2024,1,25,6,56,1.19,15.4
2024,1,25,7,26,1.13,15.1
2024,1,25,7,56,1.22,15.1
2024,1,25,8,26,1.25,15.2
2024,1,25,8,56,1.05,15.1
2024,1,25,9,26,1.06,15.1
2024,1,25,9,56,1.25,15.1
2024,1,25,10,26,1.12,15.1
2024,1,25,10,56,1.11,15.1
2024,1,25,11,26,1.09,15.1
2024,1,25,11,56,1.03,15.2
2024,1,25,12,26,0.97,15.4
2024,1,25,12,56,1.07,15.3
2024,1,25,13,26,0.99,15.4
2024,1,25,13,56,1.03,15.3
2024,1,25,14,26,1.15,15.3
2024,1,25,14,56,1,15.3
2024,1,25,15,26,1.02,15.2
2024,1,25,15,56,1.08,15.3
2024,1,25,16,26,1.06,15.3
2024,1,25,16,56,1.1,15.3
2024,1,25,17,26,1.1,15.3
2024,1,25,17,56,0.99,15.4
2024,1,25,18,26,0.89,15.7
2024,1,25,18,56,0.93,15.8
2024,1,25,19,26,1.06,16
2024,1,25,19,56,0.97,16.1
2024,1,25,20,26,0.89,15.7
2024,1,25,20,56,0.95,15.8
2024,1,25,21,26,0.87,15.9
2024,1,25,21,56,0.89,15.9
2024,1,25,22,26,0.9,15.7
2024,1,25,22,56,0.9,15.8
2024,1,25,23,26,1,15.7
2024,1,25,23,56,0.87,15.8
2024,1,26,0,26,0.96,15.7
2024,1,26,0,56,0.84,15.7
2024,1,26,1,26,0.81,15.6
2024,1,26,1,56,0.93,15.6
2024,1,26,2,26,0.8,15.5
2024,1,26,2,56,0.92,15.5
2024,1,26,3,26,0.91,15.3
2024,1,26,3,56,0.84,15.3
2024,1,26,4,26,0.81,15.3
2024,1,26,4,56,0.83,15.3
2024,1,26,5,26,0.91,15.3
2024,1,26,5,56,0.87,15.3
2024,1,26,6,26,0.9,15.3
2024,1,26,6,56,0.91,15.3
2024,1,26,7,26,1,15.3
2024,1,26,7,56,0.77,15.3
2024,1,26,8,26,0.84,15.2
2024,1,26,8,56,0.9,15.3
2024,1,26,9,26,0.83,15.3
2024,1,26,9,56,0.87,15.3
2024,1,26,10,26,0.97,15.3
2024,1,26,10,56,1.04,15.3
2024,1,26,11,26,0.8,15
2024,1,26,11,56,0.95,15.1
2024,1,26,12,26,0.91,15.1
2024,1,26,12,56,0.91,15.1
2024,1,26,13,26,0.93,15.1
2024,1,26,13,56,0.88,15.2
2024,1,26,14,26,0.82,15.1
2024,1,26,14,56,0.86,15.1
2024,1,26,15,26,0.92,15.1
2024,1,26,15,56,0.87,15.3
2024,1,26,16,26,0.88,15
2024,1,26,16,56,0.89,15.1
2024,1,26,17,26,0.84,15.3
2024,1,26,17,56,0.87,15.5
2024,1,26,18,26,0.91,15.5
2024,1,26,18,56,0.81,15.8
2024,1,26,19,26,0.88,15.9
2024,1,26,19,56,0.92,15.8
2024,1,26,20,26,0.81,15.9
2024,1,26,20,56,0.81,15.9
2024,1,26,21,26,0.91,15.9
2024,1,26,21,56,0.84,16
2024,1,26,22,26,0.87,15.9
2024,1,26,22,56,0.88,15.8
2024,1,26,23,26,0.83,15.7
2024,1,26,23,56,0.78,15.7
2024,1,27,0,26,0.86,15.6
2024,1,27,0,56,0.86,15.5
2024,1,27,1,26,0.84,15.4
2024,1,27,1,56,0.98,15.3
2024,1,27,2,26,0.85,15.2
2024,1,27,2,56,0.78,15.1
2024,1,27,3,26,0.88,15.1
2024,1,27,3,56,0.82,15.1
2024,1,27,4,26,0.81,15.1
2024,1,27,4,56,0.9,15
2024,1,27,5,26,0.93,15
2024,1,27,5,56,0.79,15
2024,1,27,6,26,0.79,15
2024,1,27,6,56,0.77,14.9
2024,1,27,7,26,0.79,15.1
2024,1,27,7,56,0.71,15.2
2024,1,27,8,26,0.83,15.1
2024,1,27,8,56,0.84,15.1
2024,1,27,9,26,0.79,15.1
2024,1,27,9,56,0.8,15.1
2024,1,27,10,26,0.71,15.1
2024,1,27,10,56,0.72,15.1
2024,1,27,11,26,0.66,15.1
2024,1,27,11,56,0.65,15
2024,1,27,12,26,0.69,15
2024,1,27,12,56,0.67,15
2024,1,27,13,26,0.72,14.9
2024,1,27,13,56,0.66,14.9
2024,1,27,14,26,0.67,14.9
2024,1,27,14,56,0.68,15
2024,1,27,15,26,0.65,15
2024,1,27,15,56,0.64,14.9
2024,1,27,16,26,0.66,14.9
2024,1,27,16,56,0.66,14.9
2024,1,27,17,26,0.72,15
2024,1,27,17,56,0.69,15
2024,1,27,18,26,0.68,15
2024,1,27,18,56,0.68,15
2024,1,27,19,26,0.69,15.1
2024,1,27,19,56,0.7,15.3
2024,1,27,20,26,0.65,15.5
2024,1,27,20,56,0.68,15.6
2024,1,27,21,26,0.78,15.5
2024,1,27,21,56,0.8,15.4
2024,1,27,22,26,0.75,15.5
2024,1,27,22,56,0.74,15.4
2024,1,27,23,26,0.7,15.4
2024,1,27,23,56,0.67,15.4
2024,1,28,0,26,0.71,15.4
2024,1,28,0,56,0.81,15.4
2024,1,28,1,26,0.76,15.3
2024,1,28,1,56,0.78,15.2
2024,1,28,2,26,0.71,15.2
2024,1,28,2,56,0.68,15.3
2024,1,28,3,26,0.73,15.2
2024,1,28,3,56,0.7,15.2
2024,1,28,4,26,0.7,15.2
2024,1,28,4,56,0.72,15.2
2024,1,28,5,26,0.66,15.2
2024,1,28,5,56,0.77,15.2
2024,1,28,6,26,0.67,15.2
2024,1,28,6,56,0.75,15.2
2024,1,28,7,26,0.7,15.2
2024,1,28,7,56,0.69,15.2
2024,1,28,8,26,0.72,15.2
2024,1,28,8,56,0.71,15.1
2024,1,28,9,26,0.6,15.1
2024,1,28,9,56,0.61,15.1
2024,1,28,10,26,0.7,15.1
2024,1,28,10,56,0.7,15.1
2024,1,28,11,26,0.63,15.1
2024,1,28,11,56,0.66,15.1
2024,1,28,12,26,0.66,15.1
2024,1,28,12,56,0.68,15.1
2024,1,28,13,26,0.63,15.1
2024,1,28,13,56,0.6,15
2024,1,28,14,26,0.58,15.1
2024,1,28,14,56,0.62,15.1
2024,1,28,15,26,0.61,15
2024,1,28,15,56,0.66,15
2024,1,28,16,26,0.58,15
2024,1,28,16,56,0.65,15.1
2024,1,28,17,26,0.63,15.2
2024,1,28,17,56,0.71,15.3
2024,1,28,18,26,0.69,15.4
2024,1,28,18,56,0.69,15.7
2024,1,28,19,26,0.71,15.9
2024,1,28,19,56,0.69,15.8
2024,1,28,20,26,0.69,15.9
2024,1,28,20,56,0.71,16
2024,1,28,21,26,0.74,16.3
2024,1,28,21,56,0.71,16.2
2024,1,28,22,26,0.78,16.3
2024,1,28,22,56,0.77,16.3
2024,1,28,23,26,0.73,16.5
2024,1,28,23,56,0.72,16.5
2024,1,29,0,26,0.71,16.6
2024,1,29,0,56,0.67,16.3
2024,1,29,1,26,0.75,16.1
2024,1,29,1,56,0.72,16.1
2024,1,29,2,26,0.68,15.9
2024,1,29,2,56,0.73,15.8
2024,1,29,3,26,0.61,15.6
2024,1,29,3,56,0.72,15.5
2024,1,29,4,26,0.74,15.7
2024,1,29,4,56,0.84,15.9
2024,1,29,5,26,0.75,15.9
2024,1,29,5,56,0.86,15.7
2024,1,29,6,26,0.88,15.7
2024,1,29,6,56,0.87,15.7
2024,1,29,7,26,0.87,15.6
2024,1,29,7,56,0.99,15.6
2024,1,29,8,26,1.02,15.6
2024,1,29,8,56,0.93,15.6
2024,1,29,9,26,0.9,15.6
2024,1,29,9,56,0.98,15.4
2024,1,29,10,26,0.86,15.4
2024,1,29,10,56,0.95,15.4
2024,1,29,11,26,1.02,15.4
2024,1,29,11,56,0.95,15.5
2024,1,29,12,26,0.85,15.5
2024,1,29,12,56,0.96,15.5
2024,1,29,13,26,0.8,15.4
2024,1,29,13,56,1.09,15.5
2024,1,29,14,26,0.97,15.4
2024,1,29,14,56,0.87,15.4
2024,1,29,15,26,0.97,15.5
2024,1,29,15,56,0.87,15.4
2024,1,29,16,26,0.99,15.4
2024,1,29,16,56,1.08,15.5
2024,1,29,17,26,0.93,15.5
2024,1,29,17,56,1.08,15.7
2024,1,29,18,26,1.05,15.8
2024,1,29,18,56,1,15.9
2024,1,29,19,26,1.04,16
2024,1,29,19,56,1.01,16
2024,1,29,20,26,0.96,16.2
2024,1,29,20,56,0.92,16
2024,1,29,21,26,1.12,16.1
2024,1,29,21,56,1.1,16.1
2024,1,29,22,26,1.04,16.1
2024,1,29,22,56,1.07,16
2024,1,29,23,26,1.11,15.9
2024,1,29,23,56,1.1,15.9
2024,1,30,0,26,1.03,15.9
2024,1,30,0,56,1,15.9
2024,1,30,1,26,1.01,15.8
2024,1,30,1,56,0.94,15.7
2024,1,30,2,26,0.98,15.7
2024,1,30,2,56,0.92,15.7
2024,1,30,3,26,0.93,15.8
2024,1,30,3,56,0.83,15.7
2024,1,30,4,26,0.91,15.7
2024,1,30,4,56,0.84,15.7
2024,1,30,5,26,0.92,15.7
2024,1,30,5,56,0.9,15.6
2024,1,30,6,26,0.85,15.7
2024,1,30,6,56,0.91,15.7
2024,1,30,7,26,0.81,15.7
2024,1,30,7,56,0.95,15.7
2024,1,30,8,26,0.85,15.6
2024,1,30,8,56,0.79,15.6
2024,1,30,9,26,0.92,15.6
2024,1,30,9,56,0.81,15.6
2024,1,30,10,26,0.84,15.6
2024,1,30,10,56,0.77,15.5
2024,1,30,11,26,0.79,15.4
2024,1,30,11,56,0.77,15.4
2024,1,30,12,26,0.78,15.4
2024,1,30,12,56,0.74,15.5
2024,1,30,13,26,0.64,15.5
2024,1,30,13,56,0.8,15.3
2024,1,30,14,26,0.62,15.3
2024,1,30,14,56,0.67,15.3
2024,1,30,15,26,0.72,15.4
2024,1,30,15,56,0.68,15.4
2024,1,30,16,26,0.61,15.4
2024,1,30,16,56,0.81,15.4
2024,1,30,17,26,0.78,15.4
2024,1,30,17,56,0.73,15.5
2024,1,30,18,26,0.78,15.5
2024,1,30,18,56,0.66,15.9
2024,1,30,19,26,0.77,16.1
2024,1,30,19,56,0.84,16.4
2024,1,30,20,26,0.85,16.2
2024,1,30,20,56,0.77,16.3
2024,1,30,21,26,0.81,16.2
2024,1,30,21,56,0.71,16.6
2024,1,30,22,26,0.71,16.1
2024,1,30,22,56,0.7,16.1
2024,1,30,23,26,0.81,15.9
2024,1,30,23,56,0.7,15.7
2024,1,31,0,26,0.69,15.6
2024,1,31,0,56,0.67,15.6
2024,1,31,1,26,0.66,15.6
2024,1,31,1,56,0.76,15.6
2024,1,31,2,26,0.73,15.6
2024,1,31,2,56,0.66,15.6
2024,1,31,3,26,0.65,15.5
2024,1,31,3,56,0.74,15.5
2024,1,31,4,26,0.75,15.5
2024,1,31,4,56,0.82,15.5
2024,1,31,5,26,0.76,15.5
2024,1,31,5,56,0.72,15.5
2024,1,31,6,26,0.81,15.5
2024,1,31,6,56,0.85,15.4
2024,1,31,7,26,0.82,15.4
2024,1,31,7,56,0.82,15.4
2024,1,31,8,26,0.89,15.5
2024,1,31,8,56,0.84,15.5
2024,1,31,9,26,0.87,15.4
2024,1,31,9,56,0.88,15.4
2024,1,31,10,26,0.94,15.5
2024,1,31,10,56,0.9,15.4
2024,1,31,11,26,0.95,15.4
2024,1,31,11,56,0.94,15.4
2024,1,31,12,26,0.9,15.4
2024,1,31,12,56,0.81,15.4
2024,1,31,13,26,0.81,15.4
2024,1,31,13,56,0.86,15.4
2024,1,31,14,26,0.81,15.4
2024,1,31,14,56,0.99,15.4
2024,1,31,15,26,0.9,15.4
2024,1,31,15,56,0.75,15.4
2024,1,31,16,26,0.77,15.4
2024,1,31,16,56,0.69,15.5
2024,1,31,17,26,0.83,15.5
2024,1,31,17,56,0.79,15.5
2024,1,31,18,26,0.84,15.6
2024,1,31,18,56,0.92,15.6
2024,1,31,19,26,0.82,15.7
2024,1,31,19,56,0.93,15.8
2024,1,31,20,26,0.99,15.7
2024,1,31,20,56,0.98,15.8
2024,1,31,21,26,0.87,15.8
2024,1,31,21,56,0.91,15.8
2024,1,31,22,26,0.95,15.8
2024,1,31,22,56,0.9,15.8
2024,1,31,23,26,0.94,15.8
2024,1,31,23,56,1,15.8
2024,2,1,0,26,1.02,15.8
2024,2,1,0,56,0.92,15.7
2024,2,1,1,26,1.03,15.7
2024,2,1,1,56,0.9,15.7
2024,2,1,2,26,1,15.7
2024,2,1,2,56,1,15.7
2024,2,1,3,26,1.02,15.7
2024,2,1,3,56,0.91,15.7
2024,2,1,4,26,1.05,15.7
2024,2,1,4,56,1.01,15.7
2024,2,1,5,26,1.03,15.7
2024,2,1,5,56,0.96,15.7
2024,2,1,6,26,1.13,15.6
2024,2,1,6,56,1.17,15.7
2024,2,1,7,26,1.06,15.7
2024,2,1,7,56,1.12,15.7
2024,2,1,8,26,1.06,15.7
2024,2,1,8,56,1.14,15.7
2024,2,1,9,26,1.14,15.7
2024,2,1,9,56,1.22,15.7
2024,2,1,10,26,1.27,15.7
2024,2,1,10,56,1.26,15.7
2024,2,1,11,26,1.39,15.7
2024,2,1,11,56,1.51,15.7
2024,2,1,12,26,1.68,15.7
2024,2,1,12,56,1.72,15.7
2024,2,1,13,26,1.84,15.6
2024,2,1,13,56,2.06,15.6
2024,2,1,14,26,2.21,15.6
2024,2,1,14,56,2.28,15.5
2024,2,1,15,26,2.4,15.5
2024,2,1,15,56,2.35,15.5
2024,2,1,16,26,2.57,15.5
2024,2,1,16,56,2.58,15.4
2024,2,1,17,26,2.54,15.4
2024,2,1,17,56,3.11,15.4
2024,2,1,18,26,3.11,15.3
2024,2,1,18,56,3.05,15.4
2024,2,1,19,26,2.98,15.4
2024,2,1,19,56,2.77,15.4
2024,2,1,20,26,2.6,15.4
2024,2,1,20,56,2.45,15.4
2024,2,1,21,26,2.46,15.5
2024,2,1,21,56,2.27,15.5
2024,2,1,22,26,2.18,15.5
2024,2,1,22,56,1.99,15.5
2024,2,1,23,26,2.02,15.6
2024,2,1,23,56,2.11,15.5
2024,2,2,0,26,2,15.5
2024,2,2,0,56,2.1,15.5
2024,2,2,1,26,1.93,15.4
2024,2,2,1,56,1.96,15.5
2024,2,2,2,26,1.95,15.5
2024,2,2,2,56,2,15.5
2024,2,2,3,26,1.84,15.5
2024,2,2,3,56,1.76,15.4
2024,2,2,4,26,1.75,15.4
2024,2,2,4,56,1.66,15.4
2024,2,2,5,26,1.7,15.4
2024,2,2,5,56,1.58,15.5
2024,2,2,6,26,1.72,15.5
2024,2,2,6,56,1.54,15.5
2024,2,2,7,26,1.65,15.4
2024,2,2,7,56,1.62,15.4
2024,2,2,8,26,1.58,15.4
2024,2,2,8,56,1.57,15.4
2024,2,2,9,26,1.41,15.3
2024,2,2,9,56,1.62,15.3
2024,2,2,10,26,1.59,15.4
2024,2,2,10,56,1.61,15.4
2024,2,2,11,26,1.58,15.4
2024,2,2,11,56,1.61,15.4
2024,2,2,12,26,1.55,15.5
2024,2,2,12,56,1.54,15.5
2024,2,2,13,26,1.54,15.5
2024,2,2,13,56,1.55,15.4
2024,2,2,14,26,1.56,15.4
2024,2,2,14,56,1.56,15.5
2024,2,2,15,26,1.66,15.4
2024,2,2,15,56,1.58,15.4
2024,2,2,16,26,1.54,15.5
2024,2,2,16,56,1.5,15.5
2024,2,2,17,26,1.5,15.5
2024,2,2,17,56,1.56,15.5
2024,2,2,18,26,1.45,15.5
2024,2,2,18,56,1.55,15.6
2024,2,2,19,26,1.44,15.6
2024,2,2,19,56,1.42,15.6
2024,2,2,20,26,1.51,15.7
2024,2,2,20,56,1.39,15.7
2024,2,2,21,26,1.53,15.7
2024,2,2,21,56,1.4,15.7
2024,2,2,22,26,1.51,15.7
2024,2,2,22,56,1.45,15.7
2024,2,2,23,26,1.5,15.7
2024,2,2,23,56,1.64,15.7
2024,2,3,0,26,1.71,15.7
2024,2,3,0,56,1.59,15.6
2024,2,3,1,26,1.62,15.6
2024,2,3,1,56,1.59,15.6
2024,2,3,2,26,1.6,15.6
2024,2,3,2,56,1.76,15.6
2024,2,3,3,26,1.74,15.6
2024,2,3,3,56,1.77,15.6
2024,2,3,4,26,1.66,15.5
2024,2,3,4,56,1.58,15.5
2024,2,3,5,26,1.7,15.5
2024,2,3,5,56,1.75,15.5
2024,2,3,6,26,1.65,15.5
2024,2,3,6,56,1.66,15.5
2024,2,3,7,26,1.78,15.5
2024,2,3,7,56,1.52,15.4
2024,2,3,8,26,1.67,15.4
2024,2,3,8,56,1.58,15.4
2024,2,3,9,26,1.53,15.4
2024,2,3,9,56,1.71,15.4
2024,2,3,10,26,1.52,15.4
2024,2,3,10,56,1.7,15.4
2024,2,3,11,26,1.47,15.3
2024,2,3,11,56,1.54,15.3
2024,2,3,12,26,1.47,15.3
2024,2,3,12,56,1.62,15.3
2024,2,3,13,26,1.45,15.3
2024,2,3,13,56,1.59,15.3
2024,2,3,14,26,1.43,15.3
2024,2,3,14,56,1.34,15.2
2024,2,3,15,26,1.32,15.2
2024,2,3,15,56,1.33,15.2
2024,2,3,16,26,1.46,15.3
2024,2,3,16,56,1.36,15.3
2024,2,3,17,26,1.26,15.4
2024,2,3,17,56,1.5,15.5
2024,2,3,18,26,1.3,15.5
2024,2,3,18,56,1.35,15.7
2024,2,3,19,26,1.38,15.9
2024,2,3,19,56,1.5,15.6
2024,2,3,20,26,1.35,15.7
2024,2,3,20,56,1.41,15.6
2024,2,3,21,26,1.25,15.7
2024,2,3,21,56,1.36,15.6
2024,2,3,22,26,1.41,15.6
2024,2,3,22,56,1.15,15.6
2024,2,3,23,26,1.37,15.6
2024,2,3,23,56,1.46,15.6
2024,2,4,0,26,1.23,15.6
2024,2,4,0,56,1.28,15.5
2024,2,4,1,26,1.4,15.5
2024,2,4,1,56,1.51,15.5
2024,2,4,2,26,1.35,15.5
2024,2,4,2,56,1.28,15.5
2024,2,4,3,26,1.35,15.5
2024,2,4,3,56,1.4,15.4
2024,2,4,4,26,1.18,15.4
2024,2,4,4,56,1.35,15.4
2024,2,4,5,26,1.26,15.3
2024,2,4,5,56,1.15,15.3
2024,2,4,6,26,1.2,15.3
2024,2,4,6,56,1.27,15.3
2024,2,4,7,26,1.28,15.3
2024,2,4,7,56,1.26,15.3
2024,2,4,8,26,1.42,15.3
2024,2,4,8,56,1.36,15.3
2024,2,4,9,26,1.13,15.3
2024,2,4,9,56,1.21,15.3
2024,2,4,10,26,1.1,15.3
2024,2,4,10,56,1.01,15.3
2024,2,4,11,26,1.05,15.3
2024,2,4,11,56,1.07,15.3
2024,2,4,12,26,1.07,15.2
2024,2,4,12,56,1.03,15.2
2024,2,4,13,26,1.16,15.2
2024,2,4,13,56,1.26,15.2
2024,2,4,14,26,1.14,15.2
2024,2,4,14,56,1.14,15.2
2024,2,4,15,26,1.15,15.2
2024,2,4,15,56,1.22,15.2
2024,2,4,16,26,1.28,15.2
2024,2,4,16,56,1.15,15.2
2024,2,4,17,26,1.19,15.2
2024,2,4,17,56,1.27,15.2
2024,2,4,18,26,1.36,15.2
2024,2,4,18,56,1.29,15.2
2024,2,4,19,26,1.43,15.2
2024,2,4,19,56,1.47,15.2
2024,2,4,20,26,1.5,15.2
2024,2,4,20,56,1.62,15.2
2024,2,4,21,26,1.71,15.2
2024,2,4,21,56,1.84,15.2
2024,2,4,22,26,1.98,15.2
2024,2,4,22,56,2.07,15.2
2024,2,4,23,26,2.1,15.2
2024,2,4,23,56,2.18,15.2
2024,2,5,0,26,2.34,15.2
2024,2,5,0,56,2.51,15.2
2024,2,5,1,26,2.52,15.3
2024,2,5,1,56,2.47,15.2
2024,2,5,2,26,2.77,15.2
2024,2,5,2,56,2.73,15.2
2024,2,5,3,26,2.98,15.3
2024,2,5,3,56,3.02,15.3
2024,2,5,4,26,2.92,15.3
2024,2,5,4,56,2.91,15.3
2024,2,5,5,26,2.83,15.3
2024,2,5,5,56,3.1,15.3
2024,2,5,6,26,3.05,15.3
2024,2,5,6,56,3.5,15.3
2024,2,5,7,26,3.25,15.3
2024,2,5,7,56,3.38,15.3
2024,2,5,8,26,3.21,15.3
2024,2,5,8,56,3.08,15.3
2024,2,5,9,26,2.99,15.3
2024,2,5,9,56,2.94,15.3
2024,2,5,10,26,2.78,15.4
2024,2,5,10,56,2.91,15.4
2024,2,5,11,26,2.96,15.4
2024,2,5,11,56,2.83,15.4
2024,2,5,12,26,3.03,15.4
2024,2,5,12,56,2.69,15.4
2024,2,5,13,26,2.82,15.4
2024,2,5,13,56,2.54,15.4
2024,2,5,14,26,2.37,15.4
2024,2,5,14,56,2.56,15.4
2024,2,5,15,26,2.57,15.4
2024,2,5,15,56,2.54,15.4
2024,2,5,16,26,2.22,15.4
2024,2,5,16,56,2.26,15.4
2024,2,5,17,26,2.18,15.3
2024,2,5,17,56,2.06,15.3
2024,2,5,18,26,2.1,15.3
2024,2,5,18,56,2.18,15.1
2024,2,5,19,26,1.91,14.9
2024,2,5,19,56,1.97,14.6
2024,2,5,20,26,2.13,14.5
2024,2,5,20,56,1.88,14.3
2024,2,5,21,26,2,14.4
2024,2,5,21,56,1.95,14.5
2024,2,5,22,26,1.9,14.7
2024,2,5,22,56,1.85,14.7
2024,2,5,23,26,2.06,14.8
2024,2,5,23,56,1.84,14.7
2024,2,6,0,26,1.72,14.4
2024,2,6,0,56,1.74,14.1
2024,2,6,1,26,1.74,14
2024,2,6,1,56,1.62,14.4
2024,2,6,2,26,1.75,14.2
2024,2,6,2,56,1.68,14.2
2024,2,6,3,26,1.65,14.3
2024,2,6,3,56,1.57,14.3
2024,2,6,4,26,1.6,14.3
2024,2,6,4,56,1.56,14.4
2024,2,6,5,26,1.48,14.4
2024,2,6,5,56,1.5,14.6
2024,2,6,6,26,1.5,14.6
2024,2,6,6,56,1.52,14.6
2024,2,6,7,26,1.31,14.3
2024,2,6,7,56,1.41,14.5
2024,2,6,8,26,1.27,14.4
2024,2,6,8,56,1.34,14.3
2024,2,6,9,26,1.25,14.4
2024,2,6,9,56,1.32,14.1
2024,2,6,10,26,1.32,14.1
2024,2,6,10,56,1.34,14.4
2024,2,6,11,26,1.35,14.6
2024,2,6,11,56,1.4,14.5
2024,2,6,12,26,1.37,14.6
2024,2,6,12,56,1.44,14.8
2024,2,6,13,26,1.56,14.7
2024,2,6,13,56,1.52,14.7
2024,2,6,14,26,1.54,14.6
2024,2,6,14,56,1.4,14.5
2024,2,6,15,26,1.31,14.5
2024,2,6,15,56,1.31,14.5
2024,2,6,16,26,1.4,14.5
2024,2,6,16,56,1.47,14.4
2024,2,6,17,26,1.33,14.4
2024,2,6,17,56,1.26,14.4
2024,2,6,18,26,1.32,14.4
2024,2,6,18,56,1.12,14.5
2024,2,6,19,26,1.22,14
2024,2,6,19,56,1.2,14.2
2024,2,6,20,26,1.18,14
2024,2,6,20,56,1.18,14
2024,2,6,21,26,1.22,14.1
2024,2,6,21,56,1.14,14.2
2024,2,6,22,26,1.17,14.2
2024,2,6,22,56,1.32,14
2024,2,6,23,26,1.23,14
2024,2,6,23,56,1.1,14
2024,2,7,0,26,1.25,14.2
2024,2,7,0,56,1.22,13.9
2024,2,7,1,26,1.19,13.7
2024,2,7,1,56,1.25,13.7
2024,2,7,2,26,1.2,13.9
2024,2,7,2,56,1.08,13.9
2024,2,7,3,26,1.2,13.9
2024,2,7,3,56,1.12,13.7
2024,2,7,4,26,1.06,14.2
2024,2,7,4,56,1.08,13.9
2024,2,7,5,26,1.05,13.5
2024,2,7,5,56,1.13,14
2024,2,7,6,26,1.05,14.1
2024,2,7,6,56,1.03,14.2
2024,2,7,7,26,1.17,13.7
2024,2,7,7,56,1.21,13.6
2024,2,7,8,26,1.23,13.3
2024,2,7,8,56,1.18,13.5
2024,2,7,9,26,1.15,13.4
2024,2,7,9,56,1.13,13
2024,2,7,10,26,1.13,12.9
2024,2,7,10,56,1.13,13.4
2024,2,7,11,26,1.17,13.3
2024,2,7,11,56,1.15,12.7
2024,2,7,12,26,1.23,12.9
2024,2,7,12,56,1.12,13.3
2024,2,7,13,26,1.17,13.3
2024,2,7,13,56,1.1,13.4
2024,2,7,14,26,1.09,13.4
2024,2,7,14,56,1,13.4
2024,2,7,15,26,1.08,13.1
2024,2,7,15,56,1.07,13.3
2024,2,7,16,26,1.21,13.5
2024,2,7,16,56,1.2,13.7
2024,2,7,17,26,1.29,13.9
2024,2,7,17,56,1.29,14.2
2024,2,7,18,26,1.22,14.5
2024,2,7,18,56,1.22,14.7
2024,2,7,19,26,1.2,14.9
2024,2,7,19,56,1.18,15
2024,2,7,20,26,1.09,14.9
2024,2,7,20,56,1.12,14.8
2024,2,7,21,26,1.2,14.8
2024,2,7,21,56,1.27,14.9
2024,2,7,22,26,1.3,15
2024,2,7,22,56,1.29,15
2024,2,7,23,26,1.3,15
2024,2,7,23,56,1.31,15
2024,2,8,0,26,1.29,15
2024,2,8,0,56,1.25,15
2024,2,8,1,26,1.25,15
2024,2,8,1,56,1.2,15
2024,2,8,2,26,1.23,15
2024,2,8,2,56,1.22,15
2024,2,8,3,26,1.12,14.9
2024,2,8,3,56,1.11,14.9
2024,2,8,4,26,1.17,14.9
2024,2,8,4,56,1.29,14.9
2024,2,8,5,26,1.38,14.9
2024,2,8,5,56,1.29,14.9
2024,2,8,6,26,1.31,14.9
2024,2,8,6,56,1.39,14.9
2024,2,8,7,26,1.43,14.9
2024,2,8,7,56,1.35,14.9
2024,2,8,8,26,1.39,14.9
2024,2,8,8,56,1.37,14.9
2024,2,8,9,26,1.43,14.9
2024,2,8,9,56,1.6,14.9
2024,2,8,10,26,1.62,14.9
2024,2,8,10,56,1.61,15
2024,2,8,11,26,1.56,14.9
2024,2,8,11,56,1.43,14.9
2024,2,8,12,26,1.46,14.9
2024,2,8,12,56,1.38,14.9
2024,2,8,13,26,1.42,14.8
2024,2,8,13,56,1.37,14.8
2024,2,8,14,26,1.25,14.9
2024,2,8,14,56,1.3,14.9
2024,2,8,15,26,1.13,14.9
2024,2,8,15,56,1.13,14.9
2024,2,8,16,26,1.11,14.9
2024,2,8,16,56,1.07,14.9
2024,2,8,17,26,1.03,14.9
2024,2,8,17,56,1.07,15
2024,2,8,18,26,1.09,15
2024,2,8,18,56,1.09,15.1
2024,2,8,19,26,1.12,15.1
2024,2,8,19,56,1.05,15.2
2024,2,8,20,26,1.04,15.2
2024,2,8,20,56,1.05,15.2
2024,2,8,21,26,1.04,15.2
2024,2,8,21,56,1.02,15.2
2024,2,8,22,26,1.02,15.1
2024,2,8,22,56,1.04,15.1
2024,2,8,23,26,1.02,15.1
2024,2,8,23,56,0.96,15.1
2024,2,9,0,26,0.9,15.1
2024,2,9,0,56,0.95,15.1
2024,2,9,1,26,1,15
2024,2,9,1,56,1.03,15
2024,2,9,2,26,0.99,15
2024,2,9,2,56,1.03,15.1
2024,2,9,3,26,1.1,15
2024,2,9,3,56,1.11,15
2024,2,9,4,26,1.14,15
2024,2,9,4,56,1.16,15
2024,2,9,5,26,1.26,15
2024,2,9,5,56,1.33,15
2024,2,9,6,26,1.32,14.9
2024,2,9,6,56,1.27,14.9
2024,2,9,7,26,1.29,14.9
2024,2,9,7,56,1.29,14.7
2024,2,9,8,26,1.17,14.8
2024,2,9,8,56,1.14,14.7
2024,2,9,9,26,1.05,14.8
2024,2,9,9,56,1.02,14.8
2024,2,9,10,26,1.03,14.8
2024,2,9,10,56,0.91,14.7
2024,2,9,11,26,0.91,14.7
2024,2,9,11,56,0.87,14.7
2024,2,9,12,26,0.88,14.6
2024,2,9,12,56,0.86,14.7
2024,2,9,13,26,0.83,14.7
2024,2,9,13,56,0.87,14.6
2024,2,9,14,26,0.83,14.6
2024,2,9,14,56,0.87,14.7
2024,2,9,15,26,0.9,14.4
2024,2,9,15,56,0.93,14.2
2024,2,9,16,26,0.94,14.3
2024,2,9,16,56,0.93,14.3
2024,2,9,17,26,0.86,14.2
2024,2,9,17,56,0.93,14.4
2024,2,9,18,26,0.88,14.5
2024,2,9,18,56,0.91,14.6
2024,2,9,19,26,0.87,14.8
2024,2,9,19,56,0.89,15
2024,2,9,20,26,0.85,15
2024,2,9,20,56,0.81,15.2
2024,2,9,21,26,0.84,15.2
2024,2,9,21,56,0.79,15.2
2024,2,9,22,26,0.79,15.1
2024,2,9,22,56,0.74,15.4
2024,2,9,23,26,0.73,15.3
2024,2,9,23,56,0.73,15.2
2024,2,10,0,26,0.73,15.2
2024,2,10,0,56,0.77,15.2
2024,2,10,1,26,0.75,15.1
2024,2,10,1,56,0.79,15
2024,2,10,2,26,0.76,15
2024,2,10,2,56,0.77,14.9
2024,2,10,3,26,0.78,14.8
2024,2,10,3,56,0.7,14.8
2024,2,10,4,26,0.69,14.8
2024,2,10,4,56,0.75,14.8
2024,2,10,5,26,0.74,14.8
2024,2,10,5,56,0.73,14.8
2024,2,10,6,26,0.74,14.8
2024,2,10,6,56,0.78,14.7
2024,2,10,7,26,0.73,14.7
2024,2,10,7,56,0.75,14.7
2024,2,10,8,26,0.8,14.7
2024,2,10,8,56,0.81,14.7
2024,2,10,9,26,0.8,14.7
2024,2,10,9,56,0.82,14.7
2024,2,10,10,26,0.78,14.8
2024,2,10,10,56,0.85,14.8
2024,2,10,11,26,0.79,14.7
2024,2,10,11,56,0.75,14.8
2024,2,10,12,26,0.77,14.8
2024,2,10,12,56,0.73,14.6
2024,2,10,13,26,0.8,14.6
2024,2,10,13,56,0.71,14.7
2024,2,10,14,26,0.77,14.8
2024,2,10,14,56,0.8,14.7
2024,2,10,15,26,0.76,14.7
2024,2,10,15,56,0.72,14.7
2024,2,10,16,26,0.75,14.7
2024,2,10,16,56,0.77,14.8
2024,2,10,17,26,0.81,14.7
2024,2,10,17,56,0.79,14.8
2024,2,10,18,26,0.7,14.9
2024,2,10,18,56,0.74,14.9
2024,2,10,19,26,0.77,15.1
2024,2,10,19,56,0.74,15.1
2024,2,10,20,26,0.91,15.1
2024,2,10,20,56,0.82,15.1
2024,2,10,21,26,0.69,15.2
2024,2,10,21,56,0.72,15.2
2024,2,10,22,26,0.79,15.3
2024,2,10,22,56,0.73,15.3
2024,2,10,23,26,0.61,15.3
2024,2,10,23,56,0.7,15.2
2024,2,11,0,26,0.69,15.1
2024,2,11,0,56,0.64,15
2024,2,11,1,26,0.72,15
2024,2,11,1,56,0.79,15
2024,2,11,2,26,0.73,15
2024,2,11,2,56,0.75,15
2024,2,11,3,26,0.82,14.9
2024,2,11,3,56,0.82,14.9
2024,2,11,4,26,0.85,14.9
2024,2,11,4,56,0.92,14.9
2024,2,11,5,26,0.82,14.9
2024,2,11,5,56,0.82,14.8
2024,2,11,6,26,0.77,14.8
2024,2,11,6,56,0.78,14.8
2024,2,11,7,26,0.84,14.7
2024,2,11,7,56,0.86,14.8
2024,2,11,8,26,0.83,14.9
2024,2,11,8,56,0.81,14.8
2024,2,11,9,26,0.81,14.7
2024,2,11,9,56,0.83,14.7
2024,2,11,10,26,0.85,14.7
2024,2,11,10,56,0.68,14.7
2024,2,11,11,26,0.66,14.6
2024,2,11,11,56,0.69,14.5
2024,2,11,12,26,0.73,14.6
2024,2,11,12,56,0.58,14.6
2024,2,11,13,26,0.67,14.6
2024,2,11,13,56,0.74,14.7
2024,2,11,14,26,0.61,14.7
2024,2,11,14,56,0.6,14.6
2024,2,11,15,26,0.65,14.6
2024,2,11,15,56,0.56,14.6
2024,2,11,16,26,0.56,14.5
2024,2,11,16,56,0.77,14.5
2024,2,11,17,26,0.6,14.5
2024,2,11,17,56,0.7,14.6
2024,2,11,18,26,0.62,14.7
2024,2,11,18,56,0.72,14.9
2024,2,11,19,26,0.66,15.2
2024,2,11,19,56,0.59,15.3
2024,2,11,20,26,0.66,15.2
2024,2,11,20,56,0.64,15.2
2024,2,11,21,26,0.66,15.3
2024,2,11,21,56,0.61,15.2
2024,2,11,22,26,0.6,15.3
2024,2,11,22,56,0.7,15.2
2024,2,11,23,26,0.55,15.1
2024,2,11,23,56,0.65,15.1
2024,2,12,0,26,0.68,15.2
2024,2,12,0,56,0.69,15.2
2024,2,12,1,26,0.72,15.1
2024,2,12,1,56,0.67,15
2024,2,12,2,26,0.65,15
2024,2,12,2,56,0.65,15
2024,2,12,3,26,0.69,14.9
2024,2,12,3,56,0.68,14.9
2024,2,12,4,26,0.66,14.8
2024,2,12,4,56,0.72,14.8
2024,2,12,5,26,0.78,14.8
2024,2,12,5,56,0.72,14.7
2024,2,12,6,26,0.78,14.7
2024,2,12,6,56,0.73,14.6
2024,2,12,7,26,0.78,14.6
2024,2,12,7,56,0.88,14.6
2024,2,12,8,26,0.8,14.6
2024,2,12,8,56,0.7,14.7
2024,2,12,9,26,0.72,14.6
2024,2,12,9,56,0.77,14.6
2024,2,12,10,26,0.79,14.6
2024,2,12,10,56,0.75,14.6
2024,2,12,11,26,0.86,14.6
2024,2,12,11,56,0.72,14.6
2024,2,12,12,26,0.62,14.6
2024,2,12,12,56,0.74,14.6
2024,2,12,13,26,0.66,14.6
2024,2,12,13,56,0.62,14.6
2024,2,12,14,26,0.69,14.6
2024,2,12,14,56,0.59,14.6
2024,2,12,15,26,0.61,14.6
2024,2,12,15,56,0.64,14.6
2024,2,12,16,26,0.65,14.6
2024,2,12,16,56,0.64,14.6
2024,2,12,17,26,0.64,14.6
2024,2,12,17,56,0.63,14.6
2024,2,12,18,26,0.66,15
2024,2,12,18,56,0.65,15.1
2024,2,12,19,26,0.62,15.2
2024,2,12,19,56,0.59,15.2
2024,2,12,20,26,0.58,14.9
2024,2,12,20,56,0.63,15
2024,2,12,21,26,0.74,14.9
2024,2,12,21,56,0.68,14.9
2024,2,12,22,26,0.64,14.8
2024,2,12,22,56,0.74,14.9
2024,2,12,23,26,0.75,14.9
2024,2,12,23,56,0.7,14.9
2024,2,13,0,26,0.76,14.9
2024,2,13,0,56,0.75,14.8
2024,2,13,1,26,0.73,14.8
2024,2,13,1,56,0.79,14.8
2024,2,13,2,26,0.76,14.8
2024,2,13,2,56,0.67,14.8
2024,2,13,3,26,0.7,14.8
2024,2,13,3,56,0.72,14.8
2024,2,13,4,26,0.69,14.8
2024,2,13,4,56,0.73,14.8
2024,2,13,5,26,0.64,14.8
2024,2,13,5,56,0.71,14.8
2024,2,13,6,26,0.75,14.7
2024,2,13,6,56,0.67,14.7
2024,2,13,7,26,0.68,14.7
2024,2,13,7,56,0.7,14.7
2024,2,13,8,26,0.69,14.7
2024,2,13,8,56,0.69,14.7
2024,2,13,9,26,0.67,14.7
2024,2,13,9,56,0.59,14.6
2024,2,13,10,26,0.65,14.6
2024,2,13,10,56,0.58,14.7
2024,2,13,11,26,0.64,14.7
2024,2,13,11,56,0.71,14.7
2024,2,13,12,26,0.6,14.7
2024,2,13,12,56,0.62,14.6
2024,2,13,13,26,0.65,14.6
2024,2,13,13,56,0.66,14.6
2024,2,13,14,26,0.65,14.5
2024,2,13,14,56,0.69,14.6
2024,2,13,15,26,0.71,14.5
2024,2,13,15,56,0.61,14.5
2024,2,13,16,26,0.7,14.6
2024,2,13,16,56,0.67,14.6
2024,2,13,17,26,0.61,14.7
2024,2,13,17,56,0.69,14.8
2024,2,13,18,26,0.63,15
2024,2,13,18,56,0.65,15.2
2024,2,13,19,26,0.64,15.2
2024,2,13,19,56,0.64,15.1
2024,2,13,20,26,0.72,15.4
2024,2,13,20,56,0.77,15.5
2024,2,13,21,26,0.74,15.6
2024,2,13,21,56,0.74,15.2
2024,2,13,22,26,0.74,15.1
2024,2,13,22,56,0.65,15
2024,2,13,23,26,0.69,15.1
2024,2,13,23,56,0.73,14.9
2024,2,14,0,26,0.72,14.9
2024,2,14,0,56,0.74,14.8
2024,2,14,1,26,0.7,14.8
2024,2,14,1,56,0.74,14.8
2024,2,14,2,26,0.72,14.8
2024,2,14,2,56,0.68,14.8
2024,2,14,3,26,0.66,14.8
2024,2,14,3,56,0.63,14.8
2024,2,14,4,26,0.65,14.8
2024,2,14,4,56,0.62,14.7
2024,2,14,5,26,0.67,14.7
2024,2,14,5,56,0.64,14.7
2024,2,14,6,26,0.65,14.7
2024,2,14,6,56,0.64,14.7
2024,2,14,7,26,0.6,14.7
2024,2,14,7,56,0.64,14.7
2024,2,14,8,26,0.62,14.7
2024,2,14,8,56,0.55,14.7
2024,2,14,9,26,0.61,14.7
2024,2,14,9,56,0.66,14.7
2024,2,14,10,26,0.63,14.6
2024,2,14,10,56,0.63,14.7
2024,2,14,11,26,0.66,14.7
2024,2,14,11,56,0.63,14.7
2024,2,14,12,26,0.63,14.7
2024,2,14,12,56,0.6,14.7
2024,2,14,13,26,0.6,14.7
2024,2,14,13,56,0.71,14.7
2024,2,14,14,26,0.65,14.7
2024,2,14,14,56,0.6,14.7
2024,2,14,15,26,0.63,14.7
2024,2,14,15,56,0.62,14.7
2024,2,14,16,26,0.58,14.7
2024,2,14,16,56,0.65,14.7
2024,2,14,17,26,0.61,14.7
2024,2,14,17,56,0.66,14.8
2024,2,14,18,26,0.58,15
2024,2,14,18,56,0.63,14.9
2024,2,14,19,26,0.63,15
2024,2,14,19,56,0.65,15.1
2024,2,14,20,26,0.65,15.1
2024,2,14,20,56,0.6,15.3
2024,2,14,21,26,0.64,15.4
2024,2,14,21,56,0.59,15.4
2024,2,14,22,26,0.65,15.4
2024,2,14,22,56,0.61,15.2
2024,2,14,23,26,0.6,15.2
2024,2,14,23,56,0.7,15.1
2024,2,15,0,26,0.64,15
2024,2,15,0,56,0.65,15
2024,2,15,1,26,0.66,14.9
2024,2,15,1,56,0.64,14.9
2024,2,15,2,26,0.64,14.9
2024,2,15,2,56,0.61,14.8
2024,2,15,3,26,0.59,14.9
2024,2,15,3,56,0.59,14.9
2024,2,15,4,26,0.54,14.8
2024,2,15,4,56,0.54,14.9
2024,2,15,5,26,0.61,15
2024,2,15,5,56,0.58,15
2024,2,15,6,26,0.56,15
2024,2,15,6,56,0.59,14.9
2024,2,15,7,26,0.56,14.9
2024,2,15,7,56,0.62,14.9
2024,2,15,8,26,0.62,14.9
2024,2,15,8,56,0.56,14.9
2024,2,15,9,26,0.58,14.8
2024,2,15,9,56,0.54,14.8
2024,2,15,10,26,0.57,14.8
2024,2,15,10,56,0.57,14.8
2024,2,15,11,26,0.53,14.8
2024,2,15,11,56,0.59,14.8
2024,2,15,12,26,0.58,14.8
2024,2,15,12,56,0.55,14.8
2024,2,15,13,26,0.49,14.8
2024,2,15,13,56,0.53,14.8
2024,2,15,14,26,0.54,14.8
2024,2,15,14,56,0.57,14.8
2024,2,15,15,26,0.53,14.8
2024,2,15,15,56,0.55,14.8
2024,2,15,16,26,0.54,14.8
2024,2,15,16,56,0.52,14.8
2024,2,15,17,26,0.57,14.9
2024,2,15,17,56,0.53,15
2024,2,15,18,26,0.52,15.2
2024,2,15,18,56,0.53,15.3
2024,2,15,19,26,0.5,15.3
2024,2,15,19,56,0.53,15.2
2024,2,15,20,26,0.54,15.3
2024,2,15,20,56,0.53,15.3
2024,2,15,21,26,0.66,15.2
2024,2,15,21,56,0.62,15.1
2024,2,15,22,26,0.67,15.1
2024,2,15,22,56,0.64,15.1
2024,2,15,23,26,0.65,15.2
2024,2,15,23,56,0.64,15.1
2024,2,16,0,26,0.6,15.1
2024,2,16,0,56,0.7,15
2024,2,16,1,26,0.73,15
2024,2,16,1,56,0.74,15
2024,2,16,2,26,0.76,15
2024,2,16,2,56,0.71,14.9
2024,2,16,3,26,0.69,14.9
2024,2,16,3,56,0.69,15
2024,2,16,4,26,0.68,14.9
2024,2,16,4,56,0.59,14.9
2024,2,16,5,26,0.61,14.9
2024,2,16,5,56,0.6,14.9
2024,2,16,6,26,0.62,14.9
2024,2,16,6,56,0.56,14.9
2024,2,16,7,26,0.61,14.9
2024,2,16,7,56,0.65,14.9
2024,2,16,8,26,0.61,14.9
2024,2,16,8,56,0.62,15
2024,2,16,9,26,0.64,15
2024,2,16,9,56,0.69,15
2024,2,16,10,26,0.65,14.9
2024,2,16,10,56,0.63,14.9
2024,2,16,11,26,0.63,14.9
2024,2,16,11,56,0.68,14.9
2024,2,16,12,26,0.65,14.9
2024,2,16,12,56,0.64,14.8
2024,2,16,13,26,0.67,14.8
2024,2,16,13,56,0.6,14.7
2024,2,16,14,26,0.73,14.7
2024,2,16,14,56,0.7,14.8
2024,2,16,15,26,0.71,14.6
2024,2,16,15,56,0.72,14.6
2024,2,16,16,26,0.74,14.7
2024,2,16,16,56,0.73,14.7
2024,2,16,17,26,0.8,14.7
2024,2,16,17,56,0.84,14.8
2024,2,16,18,26,0.79,14.9
2024,2,16,18,56,0.76,14.9
2024,2,16,19,26,0.87,15.3
2024,2,16,19,56,0.78,15.1
2024,2,16,20,26,0.69,15.2
2024,2,16,20,56,0.81,15.2
2024,2,16,21,26,0.82,15.2
2024,2,16,21,56,0.79,15.1
2024,2,16,22,26,0.83,15.1
2024,2,16,22,56,0.85,15.1
2024,2,16,23,26,0.83,15.1
2024,2,16,23,56,0.84,15
2024,2,17,0,26,0.83,15.1
2024,2,17,0,56,0.83,15.2
2024,2,17,1,26,0.83,15.1
2024,2,17,1,56,0.85,15
2024,2,17,2,26,0.74,15.1
2024,2,17,2,56,0.73,15
2024,2,17,3,26,0.69,15
2024,2,17,3,56,0.65,14.9
2024,2,17,4,26,0.63,14.9
2024,2,17,4,56,0.6,14.9
2024,2,17,5,26,0.69,14.9
2024,2,17,5,56,0.65,14.8
2024,2,17,6,26,0.64,14.8
2024,2,17,6,56,0.65,14.8
2024,2,17,7,26,0.63,14.8
2024,2,17,7,56,0.63,14.8
2024,2,17,8,26,0.62,14.9
2024,2,17,8,56,0.61,14.9
2024,2,17,9,26,0.59,14.9
2024,2,17,9,56,0.59,14.9
2024,2,17,10,26,0.6,14.8
2024,2,17,10,56,0.58,14.8
2024,2,17,11,26,0.58,14.8
2024,2,17,11,56,0.59,14.8
2024,2,17,12,26,0.66,14.7
2024,2,17,12,56,0.61,14.8
2024,2,17,13,26,0.61,14.8
2024,2,17,13,56,0.59,14.8
2024,2,17,14,26,0.62,14.8
2024,2,17,14,56,0.58,14.8
2024,2,17,15,26,0.62,14.9
2024,2,17,15,56,0.58,14.9
2024,2,17,16,26,0.58,14.9
2024,2,17,16,56,0.66,14.9
2024,2,17,17,26,0.59,14.9
2024,2,17,17,56,0.59,15
2024,2,17,18,26,0.56,15
2024,2,17,18,56,0.56,15.1
2024,2,17,19,26,0.58,15.2
2024,2,17,19,56,0.63,15.1
2024,2,17,20,26,0.58,15
2024,2,17,20,56,0.65,15
2024,2,17,21,26,0.59,15.1
2024,2,17,21,56,0.55,15.1
2024,2,17,22,26,0.58,15.1
2024,2,17,22,56,0.58,15.1
2024,2,17,23,26,0.64,15.1
2024,2,17,23,56,0.65,15
2024,2,18,0,26,0.66,15
2024,2,18,0,56,0.67,15
2024,2,18,1,26,0.68,15
2024,2,18,1,56,0.67,15
2024,2,18,2,26,0.7,15
2024,2,18,2,56,0.85,15
2024,2,18,3,26,0.91,15
2024,2,18,3,56,0.79,15
2024,2,18,4,26,0.86,15
2024,2,18,4,56,1.09,14.9
2024,2,18,5,26,0.89,14.9
2024,2,18,5,56,0.95,14.9
2024,2,18,6,26,0.86,14.8
2024,2,18,6,56,1.07,14.8
2024,2,18,7,26,1.11,14.8
2024,2,18,7,56,0.95,14.8
2024,2,18,8,26,1.23,14.8
2024,2,18,8,56,1.1,14.8
2024,2,18,9,26,1.14,14.8
2024,2,18,9,56,1.09,14.8
2024,2,18,10,26,1.16,14.9
2024,2,18,10,56,1.23,14.9
2024,2,18,11,26,1.21,15
2024,2,18,11,56,1.4,15
2024,2,18,12,26,1.38,15
2024,2,18,12,56,1.29,15
2024,2,18,13,26,1.38,15
2024,2,18,13,56,1.32,15
2024,2,18,14,26,1.39,15
2024,2,18,14,56,1.39,15
2024,2,18,15,26,1.47,15
2024,2,18,15,56,1.26,15
2024,2,18,16,26,1.47,15
2024,2,18,16,56,1.37,15.1
2024,2,18,17,26,1.45,15.1
2024,2,18,17,56,1.48,15.2
2024,2,18,18,26,1.61,15.2
2024,2,18,18,56,1.5,15.3
2024,2,18,19,26,1.47,15.3
2024,2,18,19,56,1.5,15.4
2024,2,18,20,26,1.68,15.5
2024,2,18,20,56,1.6,15.5
2024,2,18,21,26,1.67,15.4
2024,2,18,21,56,1.48,15.4
2024,2,18,22,26,1.63,15.5
2024,2,18,22,56,1.42,15.5
2024,2,18,23,26,1.45,15.5
2024,2,18,23,56,1.55,15.4
2024,2,19,0,26,1.48,15.4
2024,2,19,0,56,1.59,15.4
2024,2,19,1,26,1.48,15.4
2024,2,19,1,56,1.35,15.4
2024,2,19,2,26,1.32,15.4
2024,2,19,2,56,1.33,15.4
2024,2,19,3,26,1.36,15.4
2024,2,19,3,56,1.51,15.4
2024,2,19,4,26,1.39,15.4
2024,2,19,4,56,1.48,15.3
2024,2,19,5,26,1.48,15.3
2024,2,19,5,56,1.51,15.3
2024,2,19,6,26,1.55,15.3
2024,2,19,6,56,1.37,15.3
2024,2,19,7,26,1.57,15.3
2024,2,19,7,56,1.6,15.3
2024,2,19,8,26,1.37,15.3
2024,2,19,8,56,1.46,15.3
2024,2,19,9,26,1.53,15.3
2024,2,19,9,56,1.61,15.3
2024,2,19,10,26,1.43,15.2
2024,2,19,10,56,1.58,15.2
2024,2,19,11,26,1.5,15.2
2024,2,19,11,56,1.52,15.2
2024,2,19,12,26,1.44,15.2
2024,2,19,12,56,1.59,15.2
2024,2,19,13,26,1.59,15.2
2024,2,19,13,56,1.66,15.2
2024,2,19,14,26,1.73,15.2
2024,2,19,14,56,1.59,15.2
2024,2,19,15,26,1.66,15.2
2024,2,19,15,56,1.59,15.2
2024,2,19,16,26,1.73,15.2
2024,2,19,16,56,1.63,15.2
2024,2,19,17,26,1.65,15.2
2024,2,19,17,56,1.7,15.2
2024,2,19,18,26,1.8,15.2
2024,2,19,18,56,1.86,15.2
2024,2,19,19,26,1.77,15.2
2024,2,19,19,56,1.88,15.2
2024,2,19,20,26,1.92,15.1
2024,2,19,20,56,1.93,15.1
2024,2,19,21,26,1.89,15.1
2024,2,19,21,56,1.82,15.1
2024,2,19,22,26,1.84,15.1
2024,2,19,22,56,2.03,15
2024,2,19,23,26,2.11,15
2024,2,19,23,56,2.23,14.9
2024,2,20,0,26,2.13,15
2024,2,20,0,56,1.93,15.1
2024,2,20,1,26,2.03,15
2024,2,20,1,56,2.21,15.1
2024,2,20,2,26,2.57,15.1
2024,2,20,2,56,2.35,15.1
2024,2,20,3,26,2.86,15.1
2024,2,20,3,56,2.68,15.1
2024,2,20,4,26,2.38,15.1
2024,2,20,4,56,2.62,15.1
2024,2,20,5,26,2.41,15.1
2024,2,20,5,56,2.61,15.1
2024,2,20,6,26,2.78,15.1
2024,2,20,6,56,2.86,15
2024,2,20,7,26,3.05,15
2024,2,20,7,56,2.53,15
2024,2,20,8,26,3.1,15
2024,2,20,8,56,2.31,15
2024,2,20,9,26,2.54,15
2024,2,20,9,56,2.72,15
2024,2,20,10,26,2.68,15
2024,2,20,10,56,2.82,15
2024,2,20,11,26,2.9,15
2024,2,20,11,56,2.61,15
2024,2,20,12,26,2.44,15
2024,2,20,12,56,2.59,15
2024,2,20,13,26,2.67,15
2024,2,20,13,56,2.4,15
2024,2,20,14,26,2.68,15
2024,2,20,14,56,2.44,15
2024,2,20,15,26,2.44,15
2024,2,20,15,56,2.55,15
2024,2,20,16,26,2.86,15
2024,2,20,16,56,2.44,15
2024,2,20,17,26,2.54,15
2024,2,20,17,56,2.69,15.1
2024,2,20,18,26,2.62,15.1
2024,2,20,18,56,2.44,15.1
2024,2,20,19,26,2.58,15
2024,2,20,19,56,2.36,15.1
2024,2,20,20,26,2.67,15
2024,2,20,20,56,2.33,15
2024,2,20,21,26,2.17,15
2024,2,20,21,56,2.33,15
2024,2,20,22,26,2.09,15
2024,2,20,22,56,2.25,15.1
2024,2,20,23,26,1.98,15
2024,2,20,23,56,2.01,15.1
2024,2,21,0,26,1.99,15.1
2024,2,21,0,56,1.83,15
2024,2,21,1,26,1.89,15
2024,2,21,1,56,2.1,15
2024,2,21,2,26,2.14,15
2024,2,21,2,56,1.94,15
2024,2,21,3,26,2.05,15
2024,2,21,3,56,1.82,15
2024,2,21,4,26,2.09,15
2024,2,21,4,56,1.91,15
2024,2,21,5,26,1.81,15
2024,2,21,5,56,1.66,15
2024,2,21,6,26,1.62,15
2024,2,21,6,56,1.74,15
2024,2,21,7,26,1.63,15.1
2024,2,21,7,56,1.75,15.1
2024,2,21,8,26,1.55,15.1
2024,2,21,8,56,1.58,15.1
2024,2,21,9,26,1.69,15.1
2024,2,21,9,56,1.68,15.1
2024,2,21,10,26,1.76,15.1
2024,2,21,10,56,1.66,15.1
2024,2,21,11,26,1.63,15
2024,2,21,11,56,1.64,15
2024,2,21,12,26,1.66,15
2024,2,21,12,56,1.65,15
2024,2,21,13,26,1.71,15
2024,2,21,13,56,1.63,15
2024,2,21,14,26,1.41,14.9
2024,2,21,14,56,1.43,15
2024,2,21,15,26,1.4,15
2024,2,21,15,56,1.53,14.7
2024,2,21,16,26,1.4,15
2024,2,21,16,56,1.32,15.2
2024,2,21,17,26,1.47,15.5
2024,2,21,17,56,1.35,15.8
2024,2,21,18,26,1.3,15.9
2024,2,21,18,56,1.19,15.8
2024,2,21,19,26,1.27,15.8
2024,2,21,19,56,1.28,15.7
2024,2,21,20,26,1.22,15.6
2024,2,21,20,56,1.23,15.6
2024,2,21,21,26,1.24,15.6
2024,2,21,21,56,1.27,15.7
2024,2,21,22,26,1.12,15.7
2024,2,21,22,56,1.1,15.8
2024,2,21,23,26,1.15,15.8
2024,2,21,23,56,1.06,15.8
2024,2,22,0,26,1.08,15.7
2024,2,22,0,56,1.11,15.7
2024,2,22,1,26,1.19,15.6
2024,2,22,1,56,1.14,15.5
2024,2,22,2,26,1,15.5
2024,2,22,2,56,1.01,15.4
2024,2,22,3,26,1.03,15.4
2024,2,22,3,56,1.08,15.4
2024,2,22,4,26,0.94,15.3
2024,2,22,4,56,0.99,15.3
2024,2,22,5,26,0.98,15.3
2024,2,22,5,56,1.05,15.3
2024,2,22,6,26,0.92,15.2
2024,2,22,6,56,1.07,15.2
2024,2,22,7,26,1.18,15.2
2024,2,22,7,56,1.05,15.2
2024,2,22,8,26,1.04,15.2
2024,2,22,8,56,0.99,15.2
2024,2,22,9,26,1.06,14.7
2024,2,22,9,56,1.01,14.9
2024,2,22,10,26,1.03,14.5
2024,2,22,10,56,1.02,14.4
2024,2,22,11,26,1.01,14.6
2024,2,22,11,56,1.06,15
2024,2,22,12,26,1.02,15.1
2024,2,22,12,56,1.01,15.1
2024,2,22,13,26,0.96,15.2
2024,2,22,13,56,0.97,15.1
2024,2,22,14,26,1.09,14.8
2024,2,22,14,56,1.05,14.8
2024,2,22,15,26,1.03,14.9
2024,2,22,15,56,1.02,15
2024,2,22,16,26,0.9,15.2
2024,2,22,16,56,1,15.1
2024,2,22,17,26,0.94,15.1
2024,2,22,17,56,0.86,15.2
2024,2,22,18,26,0.89,15.4
2024,2,22,18,56,0.89,15.8
2024,2,22,19,26,0.82,16
2024,2,22,19,56,0.78,15.9
2024,2,22,20,26,0.8,16.5
2024,2,22,20,56,0.78,16.3
2024,2,22,21,26,0.8,16.1
2024,2,22,21,56,0.81,16.3
2024,2,22,22,26,0.75,16.2
2024,2,22,22,56,0.75,16
2024,2,22,23,26,0.72,15.8
2024,2,22,23,56,0.79,15.7
2024,2,23,0,26,0.81,15.6
2024,2,23,0,56,0.84,15.6
2024,2,23,1,26,0.82,15.5
2024,2,23,1,56,0.78,15.4
2024,2,23,2,26,0.78,15.3
2024,2,23,2,56,0.75,15.3
2024,2,23,3,26,0.71,15.2
2024,2,23,3,56,0.74,15.2
2024,2,23,4,26,0.72,15.1
2024,2,23,4,56,0.77,15.1
2024,2,23,5,26,0.76,15.1
2024,2,23,5,56,0.78,15.1
2024,2,23,6,26,0.73,15.1
2024,2,23,6,56,0.77,15
2024,2,23,7,26,0.66,15
2024,2,23,7,56,0.65,15
2024,2,23,8,26,0.56,15
2024,2,23,8,56,0.58,15
2024,2,23,9,26,0.58,14.9
2024,2,23,9,56,0.6,14.9
2024,2,23,10,26,0.56,15
2024,2,23,10,56,0.57,15
2024,2,23,11,26,0.56,15
2024,2,23,11,56,0.59,15
2024,2,23,12,26,0.55,15
2024,2,23,12,56,0.58,15
2024,2,23,13,26,0.58,14.9
2024,2,23,13,56,0.55,15
2024,2,23,14,26,0.64,15
2024,2,23,14,56,0.54,15
2024,2,23,15,26,0.58,14.9
2024,2,23,15,56,0.59,14.7
2024,2,23,16,26,0.62,14.9
2024,2,23,16,56,0.61,15
2024,2,23,17,26,0.62,15.2
2024,2,23,17,56,0.6,15.3
2024,2,23,18,26,0.6,15.5
2024,2,23,18,56,0.63,15.8
2024,2,23,19,26,0.68,16.2
2024,2,23,19,56,0.62,16
2024,2,23,20,26,0.61,16.4
2024,2,23,20,56,0.66,16.4
2024,2,23,21,26,0.57,16.4
2024,2,23,21,56,0.62,15.9
2024,2,23,22,26,0.65,15.8
2024,2,23,22,56,0.58,15.6
2024,2,23,23,26,0.57,15.4
2024,2,23,23,56,0.59,16
2024,2,24,0,26,0.64,16
2024,2,24,0,56,0.65,15.9
2024,2,24,1,26,0.61,15.6
2024,2,24,1,56,0.62,15.4
2024,2,24,2,26,0.61,15.2
2024,2,24,2,56,0.69,15.1
2024,2,24,3,26,0.66,15.1
2024,2,24,3,56,0.57,15.1
2024,2,24,4,26,0.59,15.1
2024,2,24,4,56,0.59,15.1
2024,2,24,5,26,0.59,15.1
2024,2,24,5,56,0.62,15.1
2024,2,24,6,26,0.64,15.1
2024,2,24,6,56,0.65,15
2024,2,24,7,26,0.54,14.9
2024,2,24,7,56,0.57,14.9
2024,2,24,8,26,0.59,14.9
2024,2,24,8,56,0.58,14.9
2024,2,24,9,26,0.54,14.9
2024,2,24,9,56,0.55,14.9
2024,2,24,10,26,0.6,14.9
2024,2,24,10,56,0.55,14.9
2024,2,24,11,26,0.55,14.9
2024,2,24,11,56,0.6,14.9
2024,2,24,12,26,0.56,14.9
2024,2,24,12,56,0.61,14.8
2024,2,24,13,26,0.6,15
2024,2,24,13,56,0.58,15.1
2024,2,24,14,26,0.61,15.1
2024,2,24,14,56,0.58,15.1
2024,2,24,15,26,0.57,15.1
2024,2,24,15,56,0.66,15.1
2024,2,24,16,26,0.62,15
2024,2,24,16,56,0.61,15
2024,2,24,17,26,0.64,15.1
2024,2,24,17,56,0.66,15.2
2024,2,24,18,26,0.74,15.2
2024,2,24,18,56,0.71,15.3
2024,2,24,19,26,0.74,15.5
2024,2,24,19,56,0.72,15.4
2024,2,24,20,26,0.7,15.5
2024,2,24,20,56,0.72,15.5
2024,2,24,21,26,0.76,15.6
2024,2,24,21,56,0.7,16
2024,2,24,22,26,0.67,16.1
2024,2,24,22,56,0.66,15.9
2024,2,24,23,26,0.6,15.8
2024,2,24,23,56,0.59,15.7
2024,2,25,0,26,0.63,15.7
2024,2,25,0,56,0.64,15.6
2024,2,25,1,26,0.69,15.5
2024,2,25,1,56,0.68,15.4
2024,2,25,2,26,0.65,15.4
2024,2,25,2,56,0.71,15.4
2024,2,25,3,26,0.67,15.3
2024,2,25,3,56,0.63,15.3
2024,2,25,4,26,0.65,15.3
2024,2,25,4,56,0.72,15.3
2024,2,25,5,26,0.66,15.2
2024,2,25,5,56,0.66,15.2
2024,2,25,6,26,0.69,15.1
2024,2,25,6,56,0.55,15.1
2024,2,25,7,26,0.61,15.1
2024,2,25,7,56,0.62,15.1
2024,2,25,8,26,0.65,15.1
2024,2,25,8,56,0.64,15
2024,2,25,9,26,0.66,15.1
2024,2,25,9,56,0.6,15.1
2024,2,25,10,26,0.58,15
2024,2,25,10,56,0.65,15.1
2024,2,25,11,26,0.6,15.1
2024,2,25,11,56,0.59,15.1
2024,2,25,12,26,0.63,15.1
2024,2,25,12,56,0.63,15.1
2024,2,25,13,26,0.67,15.1
2024,2,25,13,56,0.68,15.1
2024,2,25,14,26,0.65,15.1
2024,2,25,14,56,0.63,15.1
2024,2,25,15,26,0.69,15.1
2024,2,25,15,56,0.72,15.1
2024,2,25,16,26,0.79,15.1
2024,2,25,16,56,0.62,15
2024,2,25,17,26,0.69,15.1
2024,2,25,17,56,0.69,15.1
2024,2,25,18,26,0.76,15.1
2024,2,25,18,56,0.79,15.2
2024,2,25,19,26,0.86,15.2
2024,2,25,19,56,0.85,15.2
2024,2,25,20,26,0.88,15.3
2024,2,25,20,56,0.88,15.3
2024,2,25,21,26,0.85,15.3
2024,2,25,21,56,0.81,15.3
2024,2,25,22,26,0.72,15.3
2024,2,25,22,56,0.8,15.4
2024,2,25,23,26,0.73,15.4
2024,2,25,23,56,0.65,15.4
2024,2,26,0,26,0.66,15.4
2024,2,26,0,56,0.74,15.3
2024,2,26,1,26,0.8,15.3
2024,2,26,1,56,0.79,15.3
2024,2,26,2,26,0.78,15.3
2024,2,26,2,56,0.83,15.3
2024,2,26,3,26,0.8,15.3
2024,2,26,3,56,0.81,15.3
2024,2,26,4,26,0.74,15.2
2024,2,26,4,56,0.91,15.2
2024,2,26,5,26,0.79,15.1
2024,2,26,5,56,0.71,15.1
2024,2,26,6,26,0.77,15.1
2024,2,26,6,56,0.76,15.1
2024,2,26,7,26,0.8,15.1
2024,2,26,7,56,0.84,15.1
2024,2,26,8,26,0.83,15.1
2024,2,26,8,56,0.79,15.1
2024,2,26,9,26,0.79,15.1
2024,2,26,9,56,0.73,15
2024,2,26,10,26,0.77,15.1
2024,2,26,10,56,0.75,15
2024,2,26,11,26,0.7,15
2024,2,26,11,56,0.76,15
2024,2,26,12,26,0.66,15
2024,2,26,12,56,0.72,15
2024,2,26,13,26,0.71,15
2024,2,26,13,56,0.69,15
2024,2,26,14,26,0.85,15
2024,2,26,14,56,0.72,15
2024,2,26,15,26,0.82,15
2024,2,26,15,56,0.7,15.1
2024,2,26,16,26,0.72,15
2024,2,26,16,56,0.83,14.9
2024,2,26,17,26,0.85,14.9
2024,2,26,17,56,0.78,15
2024,2,26,18,26,0.83,15
2024,2,26,18,56,0.86,15
2024,2,26,19,26,0.82,15
2024,2,26,19,56,0.78,15.1
2024,2,26,20,26,0.84,15.3
2024,2,26,20,56,0.74,15.5
2024,2,26,21,26,0.7,15.4
2024,2,26,21,56,0.75,15.6
2024,2,26,22,26,0.71,15.4
2024,2,26,22,56,0.78,15.2
2024,2,26,23,26,0.77,15.2
2024,2,26,23,56,0.74,15.2
2024,2,27,0,26,0.69,15.3
2024,2,27,0,56,0.7,15.2
2024,2,27,1,26,0.72,15.2
2024,2,27,1,56,0.65,15.1
2024,2,27,2,26,0.66,15.1
2024,2,27,2,56,0.69,15.2
2024,2,27,3,26,0.65,15.1
2024,2,27,3,56,0.75,15.1
2024,2,27,4,26,0.6,15.1
2024,2,27,4,56,0.74,15.1
2024,2,27,5,26,0.7,15.1
2024,2,27,5,56,0.72,15.1
2024,2,27,6,26,0.66,15.1
2024,2,27,6,56,0.67,15.1
2024,2,27,7,26,0.76,15.1
2024,2,27,7,56,0.68,15.1
2024,2,27,8,26,0.69,15.1
2024,2,27,8,56,0.65,15.1
2024,2,27,9,26,0.65,15.1
2024,2,27,9,56,0.73,15.1
2024,2,27,10,26,0.71,15.1
2024,2,27,10,56,0.65,15
2024,2,27,11,26,0.72,15
2024,2,27,11,56,0.69,15.1
2024,2,27,12,26,0.7,15.1
2024,2,27,12,56,0.63,15.1
2024,2,27,13,26,0.77,15
2024,2,27,13,56,0.63,15
2024,2,27,14,26,0.72,15
2024,2,27,14,56,0.61,15
2024,2,27,15,26,0.67,15
2024,2,27,15,56,0.65,15
2024,2,27,16,26,0.68,15
2024,2,27,16,56,0.64,15.1
2024,2,27,17,26,0.65,15.2
2024,2,27,17,56,0.74,15.4
2024,2,27,18,26,0.64,15.6
2024,2,27,18,56,0.78,15.9
2024,2,27,19,26,0.81,15.9
2024,2,27,19,56,0.66,16
2024,2,27,20,26,0.63,15.9
2024,2,27,20,56,0.7,15.8
2024,2,27,21,26,0.64,15.8
2024,2,27,21,56,0.69,15.8
2024,2,27,22,26,0.64,15.8
2024,2,27,22,56,0.69,15.7
2024,2,27,23,26,0.71,15.7
2024,2,27,23,56,0.8,15.7
2024,2,28,0,26,0.75,15.6
2024,2,28,0,56,0.71,15.5
2024,2,28,1,26,0.78,15.4
2024,2,28,1,56,0.76,15.4
2024,2,28,2,26,0.75,15.4
2024,2,28,2,56,0.71,15.4
2024,2,28,3,26,0.78,15.4
2024,2,28,3,56,0.74,15.4
2024,2,28,4,26,0.74,15.4
2024,2,28,4,56,0.66,15.4
2024,2,28,5,26,0.66,15.3
2024,2,28,5,56,0.72,15.3
2024,2,28,6,26,0.62,15.3
2024,2,28,6,56,0.78,15.3
2024,2,28,7,26,0.72,15.3
2024,2,28,7,56,0.8,15.3
2024,2,28,8,26,0.67,15.3
2024,2,28,8,56,0.84,15.3
2024,2,28,9,26,0.81,15.2
2024,2,28,9,56,0.85,15.2
2024,2,28,10,26,0.82,15.3
2024,2,28,10,56,0.69,15.2
2024,2,28,11,26,0.74,15.2
2024,2,28,11,56,0.71,14.3
2024,2,28,12,26,0.64,14.5
2024,2,28,12,56,0.74,14.6
2024,2,28,13,26,0.71,14.7
2024,2,28,13,56,0.64,15
2024,2,28,14,26,0.73,15
2024,2,28,14,56,0.64,14.9
2024,2,28,15,26,0.69,15
2024,2,28,15,56,0.71,15.1
2024,2,28,16,26,0.7,15.2
2024,2,28,16,56,0.78,15.3
2024,2,28,17,26,0.64,15.1
2024,2,28,17,56,0.73,15.6
2024,2,28,18,26,0.68,15.8
2024,2,28,18,56,0.74,15.7
2024,2,28,19,26,0.78,15.9
2024,2,28,19,56,0.81,16.1
2024,2,28,20,26,0.81,15.8
2024,2,28,20,56,0.78,15.7
2024,2,28,21,26,0.8,15.7
2024,2,28,21,56,0.74,15.7
2024,2,28,22,26,0.78,15.6
2024,2,28,22,56,0.82,15.6
2024,2,28,23,26,0.81,15.6
2024,2,28,23,56,0.78,15.5
2024,2,29,0,26,0.86,15.4
2024,2,29,0,56,0.86,15.4
2024,2,29,1,26,0.75,15.3
2024,2,29,1,56,0.76,15.3
2024,2,29,2,26,0.84,15.3
2024,2,29,2,56,0.73,15.3
2024,2,29,3,26,0.78,15.2
2024,2,29,3,56,0.72,15.2
2024,2,29,4,26,0.71,15.2
2024,2,29,4,56,0.73,15.2
2024,2,29,5,26,0.83,15.2
2024,2,29,5,56,0.7,15.2
2024,2,29,6,26,0.77,15.2
2024,2,29,6,56,0.74,15.2
2024,2,29,7,26,0.75,15.1
2024,2,29,7,56,0.67,15.1
2024,2,29,8,26,0.66,15.1
2024,2,29,8,56,0.62,15.1
2024,2,29,9,26,0.68,15.1
2024,2,29,9,56,0.66,15.1
2024,2,29,10,26,0.7,15.1
2024,2,29,10,56,0.71,15.2
2024,2,29,11,26,0.69,15.2
2024,2,29,11,56,0.7,15.1
2024,2,29,12,26,0.77,15.1
2024,2,29,12,56,0.69,15.1
2024,2,29,13,26,0.7,15.2
2024,2,29,13,56,0.73,15.1
2024,2,29,14,26,0.69,15.1
2024,2,29,14,56,0.65,15.1
2024,2,29,15,26,0.77,15.1
2024,2,29,15,56,0.68,15.1
2024,2,29,16,26,0.6,15.1
2024,2,29,16,56,0.7,15.2
2024,2,29,17,26,0.63,15.3
2024,2,29,17,56,0.64,15.4
2024,2,29,18,26,0.64,15.6
2024,2,29,18,56,0.65,15.7
2024,2,29,19,26,0.64,15.7
2024,2,29,19,56,0.62,15.8
2024,2,29,20,26,0.73,15.8
2024,2,29,20,56,0.72,15.7
2024,2,29,21,26,0.72,15.6
2024,2,29,21,56,0.69,15.6
2024,2,29,22,26,0.67,15.7
2024,2,29,22,56,0.74,15.6
2024,2,29,23,26,0.66,15.6
2024,2,29,23,56,0.64,15.5
2024,3,1,0,26,0.73,15.5
2024,3,1,0,56,0.6,15.5
2024,3,1,1,26,0.62,15.4
2024,3,1,1,56,0.64,15.4
2024,3,1,2,26,0.6,15.4
2024,3,1,2,56,0.6,15.4
2024,3,1,3,26,0.56,15.3
2024,3,1,3,56,0.54,15.3
2024,3,1,4,26,0.59,15.3
2024,3,1,4,56,0.51,15.3
2024,3,1,5,26,0.55,15.3
2024,3,1,5,56,0.55,15.3
2024,3,1,6,26,0.54,15.3
2024,3,1,6,56,0.54,15.2
2024,3,1,7,26,0.56,15.2
2024,3,1,7,56,0.62,15.2
2024,3,1,8,26,0.5,15.2
2024,3,1,8,56,0.53,15.2
2024,3,1,9,26,0.47,15.2
2024,3,1,9,56,0.53,15.2
2024,3,1,10,26,0.55,15.2
2024,3,1,10,56,0.47,15.2
2024,3,1,11,26,0.5,15.2
2024,3,1,11,56,0.52,15.2
2024,3,1,12,26,0.52,15.3
2024,3,1,12,56,0.48,15.3
2024,3,1,13,26,0.63,15.3
2024,3,1,13,56,0.57,15.3
2024,3,1,14,26,0.49,15.3
2024,3,1,14,56,0.48,15.3
2024,3,1,15,26,0.52,15.3
2024,3,1,15,56,0.57,15.3
2024,3,1,16,26,0.52,15.4
2024,3,1,16,56,0.47,15.5
2024,3,1,17,26,0.44,15.6
2024,3,1,17,56,0.45,15.7
2024,3,1,18,26,0.51,15.9
2024,3,1,18,56,0.5,15.8
2024,3,1,19,26,0.47,16.1
2024,3,1,19,56,0.5,16
2024,3,1,20,26,0.42,15.9
2024,3,1,20,56,0.42,16
2024,3,1,21,26,0.56,15.9
2024,3,1,21,56,0.48,15.9
2024,3,1,22,26,0.44,15.9
2024,3,1,22,56,0.49,15.9
2024,3,1,23,26,0.5,15.8
2024,3,1,23,56,0.57,15.8
2024,3,2,0,26,0.54,15.8
2024,3,2,0,56,0.55,15.7
2024,3,2,1,26,0.52,15.6
2024,3,2,1,56,0.56,15.6
2024,3,2,2,26,0.56,15.5
2024,3,2,2,56,0.55,15.5
2024,3,2,3,26,0.55,15.5
2024,3,2,3,56,0.57,15.5
2024,3,2,4,26,0.59,15.5
2024,3,2,4,56,0.6,15.5
2024,3,2,5,26,0.6,15.5
2024,3,2,5,56,0.57,15.5
2024,3,2,6,26,0.64,15.5
2024,3,2,6,56,0.67,15.5
2024,3,2,7,26,0.68,15.5
2024,3,2,7,56,0.66,15.5
2024,3,2,8,26,0.67,15.5
2024,3,2,8,56,0.81,15.6
2024,3,2,9,26,0.91,15.5
2024,3,2,9,56,0.94,15.5
2024,3,2,10,26,0.9,15.6
2024,3,2,10,56,0.87,15.6
2024,3,2,11,26,0.93,15.6
2024,3,2,11,56,0.9,15.6
2024,3,2,12,26,0.87,15.6
2024,3,2,12,56,0.88,15.6
2024,3,2,13,26,0.87,15.6
2024,3,2,13,56,0.92,15.6
2024,3,2,14,26,0.85,15.6
2024,3,2,14,56,0.86,15.6
2024,3,2,15,26,0.83,15.6
2024,3,2,15,56,0.74,15.6
2024,3,2,16,26,0.75,15.6
2024,3,2,16,56,0.76,15.6
2024,3,2,17,26,0.78,15.6
2024,3,2,17,56,0.79,15.6
2024,3,2,18,26,0.83,15.6
2024,3,2,18,56,0.94,15.6
2024,3,2,19,26,0.94,15.6
2024,3,2,19,56,0.91,15.6
2024,3,2,20,26,1.03,15.7
2024,3,2,20,56,1.05,15.7
2024,3,2,21,26,1.07,15.7
2024,3,2,21,56,1.09,15.7
2024,3,2,22,26,1.14,15.7
2024,3,2,22,56,1.11,15.7
2024,3,2,23,26,0.98,15.7
2024,3,2,23,56,1.03,15.7
2024,3,3,0,26,0.94,15.7
2024,3,3,0,56,0.94,15.6
2024,3,3,1,26,0.94,15.6
2024,3,3,1,56,0.91,15.6
2024,3,3,2,26,0.9,15.6
2024,3,3,2,56,0.9,15.6
2024,3,3,3,26,0.89,15.6
2024,3,3,3,56,0.89,15.6
2024,3,3,4,26,0.87,15.5
2024,3,3,4,56,0.88,15.5
2024,3,3,5,26,0.84,15.5
2024,3,3,5,56,0.87,15.5
2024,3,3,6,26,0.92,15.5
2024,3,3,6,56,0.93,15.4
2024,3,3,7,26,0.96,15.4
2024,3,3,7,56,0.96,15.4
2024,3,3,8,26,0.92,15.4
2024,3,3,8,56,0.95,15.4
2024,3,3,9,26,0.96,15.4
2024,3,3,9,56,0.97,15.4
2024,3,3,10,26,1,15.4
2024,3,3,10,56,0.98,15.4
2024,3,3,11,26,0.98,15.3
2024,3,3,11,56,0.95,15.3
2024,3,3,12,26,0.85,15.2
2024,3,3,12,56,0.82,15.2
2024,3,3,13,26,0.86,15.2
2024,3,3,13,56,0.8,15.3
2024,3,3,14,26,0.84,15.4
2024,3,3,14,56,0.88,15.3
2024,3,3,15,26,0.87,15.3
2024,3,3,15,56,0.87,15.3
2024,3,3,16,26,0.97,15.4
2024,3,3,16,56,0.99,15.5
2024,3,3,17,26,0.99,15.4
2024,3,3,17,56,1.02,15.5
2024,3,3,18,26,1.02,15.5
2024,3,3,18,56,1.02,15.5
2024,3,3,19,26,0.98,15.5
2024,3,3,19,56,1,15.5
2024,3,3,20,26,1,15.5
2024,3,3,20,56,1.01,15.6
2024,3,3,21,26,1.07,15.6
2024,3,3,21,56,0.97,15.6
2024,3,3,22,26,1.12,15.6
2024,3,3,22,56,1.12,15.6
2024,3,3,23,26,1.05,15.6
2024,3,3,23,56,1.07,15.6
2024,3,4,0,26,1.13,15.5
2024,3,4,0,56,1.11,15.5
2024,3,4,1,26,1.12,15.5
2024,3,4,1,56,1.24,15.4
2024,3,4,2,26,1.25,15.3
2024,3,4,2,56,1.33,15.2
2024,3,4,3,26,1.29,15.1
2024,3,4,3,56,1.32,15
2024,3,4,4,26,1.33,15
2024,3,4,4,56,1.29,15
2024,3,4,5,26,1.24,15
2024,3,4,5,56,1.22,14.9
2024,3,4,6,26,1.24,14.9
2024,3,4,6,56,1.34,14.9
2024,3,4,7,26,1.4,14.9
2024,3,4,7,56,1.37,14.9
2024,3,4,8,26,1.44,14.9
2024,3,4,8,56,1.39,14.9
2024,3,4,9,26,1.29,14.8
2024,3,4,9,56,1.32,14.8
2024,3,4,10,26,1.22,14.8
2024,3,4,10,56,1.27,14.8
2024,3,4,11,26,1.34,14.7
2024,3,4,11,56,1.2,14.7
2024,3,4,12,26,1.2,14.7
2024,3,4,12,56,1.21,14.7
2024,3,4,13,26,1.11,14.7
2024,3,4,13,56,1.05,14.7
2024,3,4,14,26,1,14.6
2024,3,4,14,56,1.03,14.7
2024,3,4,15,26,1.01,14.7
2024,3,4,15,56,0.96,14.7
2024,3,4,16,26,0.93,14.7
2024,3,4,16,56,0.91,14.7
2024,3,4,17,26,1,14.8
2024,3,4,17,56,1,15
2024,3,4,18,26,0.96,14.9
2024,3,4,18,56,0.94,15
2024,3,4,19,26,0.94,15
2024,3,4,19,56,0.97,15.1
2024,3,4,20,26,0.86,15.1
2024,3,4,20,56,0.86,15.1
2024,3,4,21,26,0.92,15.1
2024,3,4,21,56,0.91,15.2
2024,3,4,22,26,1.03,15.2
2024,3,4,22,56,0.98,15.1
2024,3,4,23,26,0.98,15.1
2024,3,4,23,56,0.99,15.1
2024,3,5,0,26,1.01,15.1
2024,3,5,0,56,0.91,15
2024,3,5,1,26,0.89,14.9
2024,3,5,1,56,0.82,14.8
2024,3,5,2,26,0.84,14.7
2024,3,5,2,56,0.94,14.7
2024,3,5,3,26,0.9,14.7
2024,3,5,3,56,0.88,14.7
2024,3,5,4,26,1,14.7
2024,3,5,4,56,1.01,14.8
2024,3,5,5,26,1.06,14.8
2024,3,5,5,56,1.08,14.8
2024,3,5,6,26,0.97,14.8
2024,3,5,6,56,1.05,14.8
2024,3,5,7,26,0.96,14.8
2024,3,5,7,56,1.01,14.8
2024,3,5,8,26,0.95,14.8
2024,3,5,8,56,1,14.8
2024,3,5,9,26,0.95,14.7
2024,3,5,9,56,0.88,14.7
2024,3,5,10,26,0.9,14.7
2024,3,5,10,56,0.91,14.7
2024,3,5,11,26,0.92,14.7
2024,3,5,11,56,0.94,14.7
2024,3,5,12,26,0.92,14.6
2024,3,5,12,56,0.92,14.6
2024,3,5,13,26,0.97,14.6
2024,3,5,13,56,0.96,14.6
2024,3,5,14,26,0.92,14.6
2024,3,5,14,56,0.75,14.6
2024,3,5,15,26,0.72,14.6
2024,3,5,15,56,0.76,14.7
2024,3,5,16,26,0.73,14.7
2024,3,5,16,56,0.79,14.8
2024,3,5,17,26,0.8,15
2024,3,5,17,56,0.84,15
2024,3,5,18,26,0.84,15.7
2024,3,5,18,56,0.77,15.9
2024,3,5,19,26,0.76,16.1
2024,3,5,19,56,0.73,16.1
2024,3,5,20,26,0.72,16.2
2024,3,5,20,56,0.71,16.3
2024,3,5,21,26,0.74,15.9
2024,3,5,21,56,0.7,15.7
2024,3,5,22,26,0.73,15.7
2024,3,5,22,56,0.71,15.6
2024,3,5,23,26,0.64,15.6
2024,3,5,23,56,0.72,15.6
2024,3,6,0,26,0.59,15.6
2024,3,6,0,56,0.65,15.5
2024,3,6,1,26,0.71,15.4
2024,3,6,1,56,0.66,15.3
2024,3,6,2,26,0.65,15.3
2024,3,6,2,56,0.65,15.2
2024,3,6,3,26,0.65,15.2
2024,3,6,3,56,0.68,15.4
2024,3,6,4,26,0.68,15.5
2024,3,6,4,56,0.72,15.4
2024,3,6,5,26,0.75,15.4
2024,3,6,5,56,0.71,15.3
2024,3,6,6,26,0.66,15.3
2024,3,6,6,56,0.7,15.2
2024,3,6,7,26,0.75,15.2
2024,3,6,7,56,0.66,15.2
2024,3,6,8,26,0.69,15.2
2024,3,6,8,56,0.58,15.2
2024,3,6,9,26,0.6,15.2
2024,3,6,9,56,0.67,15.2
2024,3,6,10,26,0.69,15.1
2024,3,6,10,56,0.7,15.2
2024,3,6,11,26,0.7,15.1
2024,3,6,11,56,0.63,15.1
2024,3,6,12,26,0.6,15.1
2024,3,6,12,56,0.67,15.1
2024,3,6,13,26,0.66,15.1
2024,3,6,13,56,0.6,15.1
2024,3,6,14,26,0.58,15.1
2024,3,6,14,56,0.57,15.1
2024,3,6,15,26,0.55,15.1
2024,3,6,15,56,0.54,15.1
2024,3,6,16,26,0.58,15.1
2024,3,6,16,56,0.65,15.1
2024,3,6,17,26,0.5,15.1
2024,3,6,17,56,0.57,15.2
2024,3,6,18,26,0.6,15.3
2024,3,6,18,56,0.63,15.3
2024,3,6,19,26,0.64,15.4
2024,3,6,19,56,0.66,15.4
2024,3,6,20,26,0.66,15.3
2024,3,6,20,56,0.67,15.3
2024,3,6,21,26,0.67,15.2
2024,3,6,21,56,0.66,15.2
2024,3,6,22,26,0.67,15.2
2024,3,6,22,56,0.71,15.2
2024,3,6,23,26,0.78,15.2
2024,3,6,23,56,0.8,15.2
2024,3,7,0,26,0.84,15.1
2024,3,7,0,56,0.87,15.1
2024,3,7,1,26,0.76,15.1
2024,3,7,1,56,0.81,15.1
2024,3,7,2,26,0.99,15.1
2024,3,7,2,56,1.01,15.1
2024,3,7,3,26,1.02,15.1
2024,3,7,3,56,0.9,15.1
2024,3,7,4,26,0.85,15
2024,3,7,4,56,0.85,15.1
2024,3,7,5,26,0.89,15.1
2024,3,7,5,56,0.8,15.1
2024,3,7,6,26,0.87,15.1
2024,3,7,6,56,0.82,15.1
2024,3,7,7,26,0.84,15.1
2024,3,7,7,56,0.85,15.1
2024,3,7,8,26,0.89,15.2
2024,3,7,8,56,0.82,15.2
2024,3,7,9,26,0.8,15.2
2024,3,7,9,56,0.77,14.9
2024,3,7,10,26,0.79,14.9
2024,3,7,10,56,0.72,15
2024,3,7,11,26,0.79,14.9
2024,3,7,11,56,0.81,14.8
2024,3,7,12,26,0.8,14.8
2024,3,7,12,56,0.84,14.7
2024,3,7,13,26,0.87,14.5
2024,3,7,13,56,0.91,14.3
2024,3,7,14,26,0.96,13.9
2024,3,7,14,56,0.93,14.5
2024,3,7,15,26,1.06,14.7
2024,3,7,15,56,1.02,14.8
2024,3,7,16,26,1.04,14.9
2024,3,7,16,56,1.02,15
2024,3,7,17,26,1.02,15.1
2024,3,7,17,56,1.05,15.1
2024,3,7,18,26,1.07,15.2
2024,3,7,18,56,1.03,15.3
2024,3,7,19,26,1.09,15.3
2024,3,7,19,56,1.13,15.3
2024,3,7,20,26,1.19,15.4
2024,3,7,20,56,1.23,15.3
2024,3,7,21,26,1.26,15.4
2024,3,7,21,56,1.26,15.5
2024,3,7,22,26,1.18,15.4
2024,3,7,22,56,1.23,15.3
2024,3,7,23,26,1.15,15.2
2024,3,7,23,56,1.21,15.2
2024,3,8,0,26,1.16,15.3
2024,3,8,0,56,1.05,15.3
2024,3,8,1,26,1.1,15.3
2024,3,8,1,56,0.96,15.2
2024,3,8,2,26,0.94,15.2
2024,3,8,2,56,0.96,15.2
2024,3,8,3,26,1.12,15.2
2024,3,8,3,56,1.08,15.2
2024,3,8,4,26,1.14,15.1
2024,3,8,4,56,1.19,15.2
2024,3,8,5,26,1.22,15.1
2024,3,8,5,56,1.15,15.1
2024,3,8,6,26,1.29,15.1
2024,3,8,6,56,1.23,15.1
2024,3,8,7,26,1.12,15.1
2024,3,8,7,56,1.19,15.1
2024,3,8,8,26,1.06,15.1
2024,3,8,8,56,1.13,15.1
2024,3,8,9,26,1.05,15.1
2024,3,8,9,56,1.12,15.1
2024,3,8,10,26,1.05,15
2024,3,8,10,56,0.97,15.1
2024,3,8,11,26,1.03,15.1
2024,3,8,11,56,0.95,15.1
2024,3,8,12,26,0.93,15.1
2024,3,8,12,56,0.94,15.1
2024,3,8,13,26,0.9,15.1
2024,3,8,13,56,0.89,15.2
2024,3,8,14,26,0.87,15.1
2024,3,8,14,56,0.82,15.1
2024,3,8,15,26,0.81,15.1
2024,3,8,15,56,0.84,15.1
2024,3,8,16,26,0.79,15.2
2024,3,8,16,56,0.84,15.2
2024,3,8,17,26,0.8,15.3
2024,3,8,17,56,0.79,15.4
2024,3,8,18,26,0.75,15.6
2024,3,8,18,56,0.7,15.8
2024,3,8,19,26,0.64,15.8
2024,3,8,19,56,0.61,16
2024,3,8,20,26,0.65,15.9
2024,3,8,20,56,0.64,16
2024,3,8,21,26,0.65,15.7
2024,3,8,21,56,0.75,15.6
2024,3,8,22,26,0.81,15.6
2024,3,8,22,56,0.8,15.4
2024,3,8,23,26,0.83,15.4
2024,3,8,23,56,0.74,15.9
2024,3,9,0,26,0.84,15.8
2024,3,9,0,56,0.84,15.6
2024,3,9,1,26,0.8,15.5
2024,3,9,1,56,0.79,15.4
2024,3,9,2,26,0.73,15.4
2024,3,9,2,56,0.74,15.4
2024,3,9,3,26,0.71,15.4
2024,3,9,3,56,0.7,15.3
2024,3,9,4,26,0.67,15.3
2024,3,9,4,56,0.68,15.3
2024,3,9,5,26,0.69,15.3
2024,3,9,5,56,0.67,15.3
2024,3,9,6,26,0.61,15.3
2024,3,9,6,56,0.65,15.3
2024,3,9,7,26,0.66,15.2
2024,3,9,7,56,0.56,14.8
2024,3,9,8,26,0.61,15
2024,3,9,8,56,0.64,15.2
2024,3,9,9,26,0.54,15.2
2024,3,9,9,56,0.55,15.3
2024,3,9,10,26,0.61,15.3
2024,3,9,10,56,0.58,14.8
2024,3,9,11,26,0.56,14.9
2024,3,9,11,56,0.53,14.8
2024,3,9,12,26,0.5,14.9
2024,3,9,12,56,0.53,15
2024,3,9,13,26,0.54,15.1
2024,3,9,13,56,0.46,15.1
2024,3,9,14,26,0.53,15
2024,3,9,14,56,0.55,14.9
2024,3,9,15,26,0.5,15
2024,3,9,15,56,0.52,15
2024,3,9,16,26,0.53,15
2024,3,9,16,56,0.55,15
2024,3,9,17,26,0.52,15.1
2024,3,9,17,56,0.54,15.3
2024,3,9,18,26,0.58,15.8
2024,3,9,18,56,0.6,15.8
2024,3,9,19,26,0.57,15.8
2024,3,9,19,56,0.57,15.9
2024,3,9,20,26,0.61,15.8
2024,3,9,20,56,0.58,15.7
2024,3,9,21,26,0.63,16.1
2024,3,9,21,56,0.68,16.1
2024,3,9,22,26,0.68,15.9
2024,3,9,22,56,0.71,15.8
2024,3,9,23,26,0.7,15.7
2024,3,9,23,56,0.7,15.7
2024,3,10,0,26,0.66,15.6
2024,3,10,0,56,0.68,15.6
2024,3,10,1,26,0.71,15.6
2024,3,10,1,56,0.69,15.5
2024,3,10,2,26,0.72,15.5
2024,3,10,2,56,0.71,15.6
2024,3,10,3,26,0.73,15.6
2024,3,10,3,56,0.73,15.6
2024,3,10,4,26,0.67,15.5
2024,3,10,4,56,0.68,15.5
2024,3,10,5,26,0.69,15.3
2024,3,10,5,56,0.7,15.5
2024,3,10,6,26,0.67,15.4
2024,3,10,6,56,0.67,15.4
2024,3,10,7,26,0.63,15.4
2024,3,10,7,56,0.66,15.3
2024,3,10,8,26,0.68,15.3
2024,3,10,8,56,0.67,15.2
2024,3,10,9,26,0.61,15.1
2024,3,10,9,56,0.66,15
2024,3,10,10,26,0.68,14.9
2024,3,10,10,56,0.72,14.9
2024,3,10,11,26,0.64,14.7
2024,3,10,11,56,0.63,14.8
2024,3,10,12,26,0.65,15.1
2024,3,10,12,56,0.59,15
2024,3,10,13,26,0.64,15.1
2024,3,10,13,56,0.66,15.1
2024,3,10,14,26,0.55,15.1
2024,3,10,14,56,0.6,15.2
2024,3,10,15,26,0.63,15.2
2024,3,10,15,56,0.67,15.2
2024,3,10,16,26,0.58,15.1
2024,3,10,16,56,0.64,15.5
2024,3,10,17,26,0.69,15.7
2024,3,10,17,56,0.69,15.6
2024,3,10,18,26,0.75,15.8
2024,3,10,18,56,0.68,15.9
2024,3,10,19,26,0.69,15.8
2024,3,10,19,56,0.72,15.7
2024,3,10,20,26,0.67,15.8
2024,3,10,20,56,0.73,15.7
2024,3,10,21,26,0.72,15.6
2024,3,10,21,56,0.74,15.6
2024,3,10,22,26,0.72,15.6
2024,3,10,22,56,0.72,15.6
2024,3,10,23,26,0.78,15.7
2024,3,10,23,56,0.76,15.7
2024,3,11,0,26,0.79,15.6
2024,3,11,0,56,0.77,15.6
2024,3,11,1,26,0.87,15.5
2024,3,11,1,56,0.95,15.4
2024,3,11,2,26,0.82,15.4
2024,3,11,2,56,0.81,15.3
2024,3,11,3,26,0.92,15.3
2024,3,11,3,56,0.8,15.3
2024,3,11,4,26,0.82,15.2
2024,3,11,4,56,0.74,15.2
2024,3,11,5,26,0.77,15.2
2024,3,11,5,56,0.81,15.1
2024,3,11,6,26,0.89,15.1
2024,3,11,6,56,0.84,15.1
2024,3,11,7,26,0.74,15.1
2024,3,11,7,56,0.86,15.1
2024,3,11,8,26,0.88,15
2024,3,11,8,56,1,15.1
2024,3,11,9,26,0.9,15
2024,3,11,9,56,0.99,15.1
2024,3,11,10,26,0.87,15.1
2024,3,11,10,56,0.89,15.1
2024,3,11,11,26,1.24,15
2024,3,11,11,56,1.08,15
2024,3,11,12,26,0.98,15
2024,3,11,12,56,0.9,15
2024,3,11,13,26,0.88,15
2024,3,11,13,56,0.94,15.1
2024,3,11,14,26,1.03,15
2024,3,11,14,56,0.97,15
2024,3,11,15,26,0.9,15
2024,3,11,15,56,0.93,15.1
2024,3,11,16,26,1.05,15.2
2024,3,11,16,56,0.94,15.3
2024,3,11,17,26,0.99,15.5
2024,3,11,17,56,1.07,15.9
2024,3,11,18,26,0.99,15.9
2024,3,11,18,56,0.99,16.1
2024,3,11,19,26,0.88,16.1
2024,3,11,19,56,0.99,16.1
2024,3,11,20,26,0.89,15.9
2024,3,11,20,56,0.81,15.8
2024,3,11,21,26,0.9,15.7
2024,3,11,21,56,1,15.6
2024,3,11,22,26,1.03,15.5
2024,3,11,22,56,0.98,15.4
2024,3,11,23,26,0.97,15.5
2024,3,11,23,56,1.16,15.5
2024,3,12,0,26,1.1,15.4
2024,3,12,0,56,1.08,15.5
2024,3,12,1,26,1.16,15.4
2024,3,12,1,56,1.04,15.4
2024,3,12,2,26,1.11,15.4
2024,3,12,2,56,0.94,15.4
2024,3,12,3,26,0.95,15.3
2024,3,12,3,56,1.09,15.3
2024,3,12,4,26,1.06,15.3
2024,3,12,4,56,0.97,15.3
2024,3,12,5,26,0.97,15.3
2024,3,12,5,56,0.91,15.2
2024,3,12,6,26,0.96,15.2
2024,3,12,6,56,0.94,15.2
2024,3,12,7,26,1.05,15.2
2024,3,12,7,56,1.09,15.2
2024,3,12,8,26,1.06,15.2
2024,3,12,8,56,1,15.1
2024,3,12,9,26,1.05,15.2
2024,3,12,9,56,1.11,15.1
2024,3,12,10,26,1.08,15.1
2024,3,12,10,56,1.13,15.1
2024,3,12,11,26,1.17,15
2024,3,12,11,56,1.28,15
2024,3,12,12,26,1.1,15
2024,3,12,12,56,1.15,15.1
2024,3,12,13,26,1.08,15.1
2024,3,12,13,56,1.01,15.1
2024,3,12,14,26,1.03,15.1
2024,3,12,14,56,1.05,15.1
2024,3,12,15,26,1,15.1
2024,3,12,15,56,0.99,15.1
2024,3,12,16,26,0.98,15.2
2024,3,12,16,56,0.99,15.3
2024,3,12,17,26,0.9,15.5
2024,3,12,17,56,0.93,15.8
2024,3,12,18,26,0.95,15.8
2024,3,12,18,56,0.97,15.7
2024,3,12,19,26,0.97,15.6
2024,3,12,19,56,1.1,15.7
2024,3,12,20,26,0.97,15.6
2024,3,12,20,56,1.09,15.6
2024,3,12,21,26,0.96,15.6
2024,3,12,21,56,1.02,15.7
2024,3,12,22,26,1.01,15.6
2024,3,12,22,56,0.94,15.6
2024,3,12,23,26,0.98,15.5
2024,3,12,23,56,0.93,15.4
2024,3,13,0,26,0.93,15.3
2024,3,13,0,56,0.84,15.3
2024,3,13,1,26,0.82,15.3
2024,3,13,1,56,0.77,15.3
2024,3,13,2,26,0.81,15.3
2024,3,13,2,56,0.85,15.2
2024,3,13,3,26,0.84,15.2
2024,3,13,3,56,0.84,15.1
2024,3,13,4,26,0.77,15.1
2024,3,13,4,56,0.86,15.1
2024,3,13,5,26,0.98,15
2024,3,13,5,56,0.89,15.1
2024,3,13,6,26,1.03,15.1
2024,3,13,6,56,0.95,15.1
2024,3,13,7,26,1,15.1
2024,3,13,7,56,0.95,15.1
2024,3,13,8,26,1.05,15.1
2024,3,13,8,56,0.99,15.1
2024,3,13,9,26,0.98,15.1
2024,3,13,9,56,1,15.1
2024,3,13,10,26,1,15.1
2024,3,13,10,56,1.06,15
2024,3,13,11,26,1.12,15
2024,3,13,11,56,1.08,15
2024,3,13,12,26,0.98,15
2024,3,13,12,56,1,15
2024,3,13,13,26,1.01,15
2024,3,13,13,56,0.91,15
2024,3,13,14,26,0.88,15
2024,3,13,14,56,1.02,15
2024,3,13,15,26,0.98,15
2024,3,13,15,56,0.93,15
2024,3,13,16,26,0.87,15.1
2024,3,13,16,56,0.87,15.1
2024,3,13,17,26,0.93,15.1
2024,3,13,17,56,0.88,15.2
2024,3,13,18,26,0.97,15.1
2024,3,13,18,56,1,15.2
2024,3,13,19,26,0.96,15.2
2024,3,13,19,56,1.04,15.2
2024,3,13,20,26,1.04,15.3
2024,3,13,20,56,1.06,15.3
2024,3,13,21,26,1.15,15.4
2024,3,13,21,56,1.12,15.4
2024,3,13,22,26,1.14,15.4
2024,3,13,22,56,1.14,15.4
2024,3,13,23,26,1.14,15.3
2024,3,13,23,56,1.08,15.3
2024,3,14,0,26,1.06,15.3
2024,3,14,0,56,1.02,15.2
2024,3,14,1,26,1.04,15.1
2024,3,14,1,56,1.01,15
2024,3,14,2,26,1.03,15
2024,3,14,2,56,0.95,15
2024,3,14,3,26,1,15
2024,3,14,3,56,0.9,15
2024,3,14,4,26,0.94,15
2024,3,14,4,56,0.95,15
2024,3,14,5,26,0.98,15
2024,3,14,5,56,0.94,15
2024,3,14,6,26,0.95,15
2024,3,14,6,56,0.96,15
2024,3,14,7,26,0.99,15
2024,3,14,7,56,0.98,15.1
2024,3,14,8,26,0.92,15.1
2024,3,14,8,56,1,15.1
2024,3,14,9,26,0.96,15.1
2024,3,14,9,56,1.04,15.1
2024,3,14,10,26,1.05,15.2
2024,3,14,10,56,1,15.2
2024,3,14,11,26,0.96,15.2
2024,3,14,11,56,1.05,15.2
2024,3,14,12,26,1.07,15.2
2024,3,14,12,56,1.05,15.1
2024,3,14,13,26,0.91,15.1
2024,3,14,13,56,0.87,15.1
2024,3,14,14,26,0.95,15
2024,3,14,14,56,0.9,15
2024,3,14,15,26,1,15
2024,3,14,15,56,0.92,15
2024,3,14,16,26,0.94,15
2024,3,14,16,56,0.87,15
2024,3,14,17,26,0.97,15.1
2024,3,14,17,56,0.98,15.1
2024,3,14,18,26,1.07,15.2
2024,3,14,18,56,1.04,15.4
2024,3,14,19,26,0.98,15.4
2024,3,14,19,56,1,15.5
2024,3,14,20,26,1.03,15.5
2024,3,14,20,56,0.98,15.6
2024,3,14,21,26,0.88,15.6
2024,3,14,21,56,1.05,15.6
2024,3,14,22,26,0.93,15.7
2024,3,14,22,56,0.99,15.8
2024,3,14,23,26,0.84,15.8
2024,3,14,23,56,0.81,15.7
2024,3,15,0,26,0.87,15.7
2024,3,15,0,56,0.91,15.7
2024,3,15,1,26,0.97,15.6
2024,3,15,1,56,0.88,15.6
2024,3,15,2,26,0.8,15.6
2024,3,15,2,56,0.94,15.6
2024,3,15,3,26,0.93,15.5
2024,3,15,3,56,0.79,15.5
2024,3,15,4,26,0.96,15.5
2024,3,15,4,56,1.04,15.5
2024,3,15,5,26,0.98,15.5
2024,3,15,5,56,0.93,15.5
2024,3,15,6,26,0.9,15.5
2024,3,15,6,56,0.99,15.5
2024,3,15,7,26,1.07,15.5
2024,3,15,7,56,1.08,15.5
2024,3,15,8,26,1.13,15.5
2024,3,15,8,56,1.13,15.5
2024,3,15,9,26,1.3,15.5
2024,3,15,9,56,1.1,15.5
2024,3,15,10,26,1.12,15.4
2024,3,15,10,56,1.25,15.4
2024,3,15,11,26,1.17,15.4
2024,3,15,11,56,1.15,15.4
2024,3,15,12,26,1.23,15.4
2024,3,15,12,56,1.14,15.4
2024,3,15,13,26,1.02,15.4
2024,3,15,13,56,0.95,15.4
2024,3,15,14,26,0.95,15.4
2024,3,15,14,56,0.95,15.4
2024,3,15,15,26,0.89,15.4
2024,3,15,15,56,0.9,15.5
2024,3,15,16,26,0.84,15.5
2024,3,15,16,56,1.15,15.5
2024,3,15,17,26,1.04,15.5
2024,3,15,17,56,1.07,15.6
2024,3,15,18,26,1.07,15.5
2024,3,15,18,56,1.23,15.5
2024,3,15,19,26,1.11,15.6
2024,3,15,19,56,1.08,15.6
2024,3,15,20,26,1.18,15.5
2024,3,15,20,56,1.15,15.5
2024,3,15,21,26,1.19,15.5
2024,3,15,21,56,1.24,15.5
2024,3,15,22,26,1.08,15.4
2024,3,15,22,56,0.97,15.3
2024,3,15,23,26,1.11,15.3
2024,3,15,23,56,1.18,15.4
2024,3,16,0,26,1.12,15.3
2024,3,16,0,56,1.11,15.3
2024,3,16,1,26,1.08,15.3
2024,3,16,1,56,1.08,15.3
2024,3,16,2,26,0.99,15.4
2024,3,16,2,56,1.16,15.4
2024,3,16,3,26,1.04,15.3
2024,3,16,3,56,0.86,15.3
2024,3,16,4,26,1.07,15.3
2024,3,16,4,56,1.01,15.3
2024,3,16,5,26,1.02,15.3
2024,3,16,5,56,1.05,15.3
2024,3,16,6,26,0.97,15.3
2024,3,16,6,56,1.07,15.2
2024,3,16,7,26,1.01,15.2
2024,3,16,7,56,1.06,15.1
2024,3,16,8,26,1.13,15.1
2024,3,16,8,56,1,15.1
2024,3,16,9,26,1.21,15.1
2024,3,16,9,56,0.99,15.1
2024,3,16,10,26,1.19,15.1
2024,3,16,10,56,1.19,15.1
2024,3,16,11,26,1.05,15.1
2024,3,16,11,56,1,15.1
2024,3,16,12,26,0.96,15.1
2024,3,16,12,56,1.1,15.1
2024,3,16,13,26,0.98,15.1
2024,3,16,13,56,0.91,15.1
2024,3,16,14,26,0.97,15.1
2024,3,16,14,56,0.85,15.1
2024,3,16,15,26,0.92,15.1
2024,3,16,15,56,0.91,15.2
2024,3,16,16,26,0.94,15.3
2024,3,16,16,56,0.91,15.3
2024,3,16,17,26,0.84,15.4
2024,3,16,17,56,0.87,15.4
2024,3,16,18,26,0.97,15.5
2024,3,16,18,56,0.99,15.5
2024,3,16,19,26,0.9,15.5
2024,3,16,19,56,1.04,15.6
2024,3,16,20,26,0.94,15.7
2024,3,16,20,56,1,15.5
2024,3,16,21,26,0.91,15.6
2024,3,16,21,56,0.93,15.3
2024,3,16,22,26,0.96,15.4
2024,3,16,22,56,0.95,15.3
2024,3,16,23,26,1.01,15.3
2024,3,16,23,56,1.16,15.3
2024,3,17,0,26,1.06,15.3
2024,3,17,0,56,1.16,15.3
2024,3,17,1,26,1.01,15.3
2024,3,17,1,56,1,15.2
2024,3,17,2,26,1.11,15.2
2024,3,17,2,56,0.99,15.2
2024,3,17,3,26,1.04,15.6
2024,3,17,3,56,0.92,15.5
2024,3,17,4,26,0.97,15.5
2024,3,17,4,56,1,15.6
2024,3,17,5,26,1,15.5
2024,3,17,5,56,0.92,15.5
2024,3,17,6,26,0.9,15.5
2024,3,17,6,56,0.97,15.4
2024,3,17,7,26,0.84,15.4
2024,3,17,7,56,0.92,15.4
2024,3,17,8,26,1.01,15.3
2024,3,17,8,56,0.99,15.3
2024,3,17,9,26,0.91,15.2
2024,3,17,9,56,0.92,15.2
2024,3,17,10,26,0.98,15.2
2024,3,17,10,56,0.91,15.2
2024,3,17,11,26,1.12,15.2
2024,3,17,11,56,0.92,15.2
2024,3,17,12,26,1,15.2
2024,3,17,12,56,0.91,15.2
2024,3,17,13,26,0.9,15.1
2024,3,17,14,26,0.78,15.1
2024,3,17,14,56,0.84,15.1
2024,3,17,15,26,0.85,15.1
2024,3,17,15,56,0.9,15.1
2024,3,17,16,26,0.9,15.2
2024,3,17,16,56,0.81,15.3
2024,3,17,17,26,0.68,15.4
2024,3,17,17,56,0.84,15.7
2024,3,17,18,26,0.86,16
2024,3,17,18,56,0.91,16.4
2024,3,17,19,26,0.79,16.1
2024,3,17,19,56,0.74,16.1
2024,3,17,20,26,0.8,16.4
2024,3,17,20,56,0.76,16.1
2024,3,17,21,26,0.93,16
2024,3,17,21,56,0.76,16.1
2024,3,17,22,26,0.8,16.1
2024,3,17,22,56,0.9,15.9
2024,3,17,23,26,0.83,15.8
2024,3,17,23,56,0.95,15.7
2024,3,18,0,26,0.96,15.6
2024,3,18,0,56,0.9,15.5
2024,3,18,1,56,0.95,15.3
2024,3,18,2,26,0.91,15.3
2024,3,18,2,56,0.9,15.3
2024,3,18,3,26,0.91,15.4
2024,3,18,3,56,0.77,15.3
2024,3,18,4,26,0.85,15.3
2024,3,18,4,56,0.84,15.2
2024,3,18,5,26,0.78,15.3
2024,3,18,5,56,0.77,15.3
2024,3,18,6,26,0.73,15.3
2024,3,18,6,56,0.72,15.3
2024,3,18,7,26,0.76,15.3
2024,3,18,7,56,0.71,15.2
2024,3,18,8,26,0.72,15.2
2024,3,18,8,56,0.84,15.2
2024,3,18,9,26,0.8,15.2
2024,3,18,9,56,0.76,15.2
2024,3,18,10,26,0.8,15.2
2024,3,18,10,56,0.73,15.1
2024,3,18,11,26,0.71,15.1
2024,3,18,11,56,0.69,15.1
2024,3,18,12,26,0.81,15.1
2024,3,18,12,56,0.77,15.1
2024,3,18,13,26,0.66,15.1
2024,3,18,13,56,0.72,15.1
2024,3,18,14,26,0.68,15.1
2024,3,18,14,56,0.67,15.1
2024,3,18,15,26,0.71,15.1
2024,3,18,15,56,0.6,15.1
2024,3,18,16,26,0.67,15.3
2024,3,18,16,56,0.6,15.5
2024,3,18,17,26,0.71,15.7
2024,3,18,17,56,0.74,16.1
2024,3,18,18,26,0.73,15.9
2024,3,18,18,56,0.69,15.8
2024,3,18,19,26,0.73,15.7
2024,3,18,19,56,0.65,15.9
2024,3,18,20,26,0.77,15.9
2024,3,18,20,56,0.68,15.9
2024,3,18,21,26,0.73,15.8
2024,3,18,21,56,0.78,15.9
2024,3,18,22,26,0.67,16
2024,3,18,22,56,0.69,16.1
2024,3,18,23,26,0.77,15.9
2024,3,18,23,56,0.79,15.8
2024,3,19,0,26,0.77,15.8
2024,3,19,0,56,0.76,15.6
2024,3,19,1,26,0.76,15.6
2024,3,19,1,56,0.72,15.5
2024,3,19,2,26,0.75,15.5
2024,3,19,2,56,0.7,15.5
2024,3,19,3,26,0.68,15.5
2024,3,19,3,56,0.74,15.5
2024,3,19,4,26,0.69,15.5
2024,3,19,4,56,0.73,15.5
2024,3,19,5,26,0.74,15.5
2024,3,19,5,56,0.66,15.5
2024,3,19,6,26,0.67,15.5
2024,3,19,6,56,0.66,15.5
2024,3,19,7,26,0.67,15.5
2024,3,19,7,56,0.67,15.5
2024,3,19,8,26,0.67,15.5
2024,3,19,8,56,0.67,15.5
2024,3,19,9,26,0.65,15.5
2024,3,19,9,56,0.64,15.4
2024,3,19,10,26,0.66,15.4
2024,3,19,10,56,0.63,15.4
2024,3,19,11,26,0.8,15.5
2024,3,19,11,56,0.67,15.5
2024,3,19,12,26,0.71,15.4
2024,3,19,12,56,0.69,15.4
2024,3,19,13,26,0.68,15.4
2024,3,19,13,56,0.65,15.4
2024,3,19,14,26,0.67,15.4
2024,3,19,14,56,0.61,15.4
2024,3,19,15,26,0.72,15.4
2024,3,19,15,56,0.64,15.4
2024,3,19,16,26,0.68,15.5
2024,3,19,16,56,0.66,15.7
2024,3,19,17,26,0.78,15.9
2024,3,19,17,56,0.64,16.5
2024,3,19,18,26,0.7,16.4
2024,3,19,18,56,0.67,16.3
2024,3,19,19,26,0.69,16.2
2024,3,19,19,56,0.68,16.4
2024,3,19,20,26,0.73,16.4
2024,3,19,20,56,0.7,16.3
2024,3,19,21,26,0.68,16.2
2024,3,19,21,56,0.75,16.1
2024,3,19,22,26,0.75,16
2024,3,19,22,56,0.76,15.8
2024,3,19,23,26,0.8,15.9
2024,3,19,23,56,0.82,15.8
2024,3,20,0,26,0.83,15.8
2024,3,20,0,56,0.76,15.7
2024,3,20,1,26,0.81,15.7
2024,3,20,1,56,0.74,15.7
2024,3,20,2,26,0.77,15.7
2024,3,20,2,56,0.77,15.7
2024,3,20,3,26,0.77,15.7
2024,3,20,3,56,0.79,15.7
2024,3,20,4,26,0.71,15.6
2024,3,20,4,56,0.75,15.6
2024,3,20,5,26,0.73,15.6
2024,3,20,5,56,0.74,15.6
2024,3,20,6,26,0.69,15.6
2024,3,20,6,56,0.67,15.6
2024,3,20,7,26,0.72,15.6
2024,3,20,7,56,0.67,15.6
2024,3,20,8,26,0.6,15.6
2024,3,20,8,56,0.65,15.6
2024,3,20,9,26,0.69,15.6
2024,3,20,9,56,0.64,15.6
2024,3,20,10,26,0.74,15.6
2024,3,20,10,56,0.75,15.6
2024,3,20,11,26,0.64,15.6
2024,3,20,11,56,0.69,15.6
2024,3,20,12,26,0.65,15.6
2024,3,20,12,56,0.67,15.6
2024,3,20,13,26,0.67,15.5
2024,3,20,13,56,0.7,15.5
2024,3,20,14,26,0.66,15.5
2024,3,20,14,56,0.72,15.5
2024,3,20,15,26,0.67,15.5
2024,3,20,15,56,0.66,15.6
2024,3,20,16,26,0.77,15.6
2024,3,20,16,56,0.64,15.7
2024,3,20,17,26,0.74,15.8
2024,3,20,17,56,0.71,15.9
2024,3,20,18,26,0.69,15.7
2024,3,20,18,56,0.72,16
2024,3,20,19,26,0.7,16.2
2024,3,20,19,56,0.78,16.3
2024,3,20,20,26,0.71,16.4
2024,3,20,20,56,0.73,16.4
2024,3,20,21,26,0.75,16.3
2024,3,20,21,56,0.82,16.3
2024,3,20,22,26,0.81,16.4
2024,3,20,22,56,0.72,16.4
2024,3,20,23,26,0.76,16.4
2024,3,20,23,56,0.84,16.3
2024,3,21,0,26,0.86,16.2
2024,3,21,0,56,0.74,16.2
2024,3,21,1,26,0.77,16.1
2024,3,21,1,56,0.75,16.1
2024,3,21,2,26,0.97,16.1
2024,3,21,2,56,0.84,16
2024,3,21,3,26,0.77,16
2024,3,21,3,56,0.8,16
2024,3,21,4,26,0.71,16
2024,3,21,4,56,0.84,16
2024,3,21,5,26,0.74,15.9
2024,3,21,5,56,0.85,15.9
2024,3,21,6,26,0.88,15.8
2024,3,21,6,56,0.75,15.9
2024,3,21,7,26,0.81,15.8
2024,3,21,7,56,0.73,15.8
2024,3,21,8,26,0.94,15.8
2024,3,21,8,56,0.91,15.8
2024,3,21,9,26,0.86,15.8
2024,3,21,9,56,0.71,15.8
2024,3,21,10,26,0.82,15.8
2024,3,21,10,56,0.77,15.8
2024,3,21,11,26,0.87,15.8
2024,3,21,11,56,0.97,15.8
2024,3,21,12,26,0.73,15.9
2024,3,21,12,56,0.81,15.9
2024,3,21,13,26,0.81,15.9
2024,3,21,13,56,0.84,15.9
2024,3,21,14,26,0.92,16
2024,3,21,14,56,0.83,16
2024,3,21,15,26,0.87,16
2024,3,21,15,56,0.83,16
2024,3,21,16,26,1.15,15.9
2024,3,21,16,56,0.95,15.9
2024,3,21,17,26,1.07,15.9
2024,3,21,17,56,0.8,15.9
2024,3,21,18,26,1,16
2024,3,21,18,56,0.86,16.1
2024,3,21,19,26,0.89,16.2
2024,3,21,19,56,0.91,16.3
2024,3,21,20,26,0.93,16.4
2024,3,21,20,56,0.92,16.5
2024,3,21,21,26,0.82,16.5
2024,3,21,21,56,0.96,16.4
2024,3,21,22,26,0.95,16.3
2024,3,21,22,56,0.77,16.4
2024,3,21,23,26,0.82,16.2
2024,3,21,23,56,0.97,16.1
2024,3,22,0,26,0.86,16.1
2024,3,22,0,56,0.91,16.1
2024,3,22,1,26,0.98,16
2024,3,22,1,56,0.96,16
2024,3,22,2,26,1.01,15.9
2024,3,22,2,56,0.93,15.9
2024,3,22,3,26,0.9,15.9
2024,3,22,3,56,0.82,15.9
2024,3,22,4,26,0.86,15.9
2024,3,22,4,56,0.88,15.9
2024,3,22,5,26,0.87,15.8
2024,3,22,5,56,0.85,15.8
2024,3,22,6,26,0.8,15.8
2024,3,22,6,56,0.85,15.8
2024,3,22,7,26,0.81,15.7
2024,3,22,7,56,0.85,15.7
2024,3,22,8,26,0.82,15.6
2024,3,22,8,56,0.87,15.6
2024,3,22,9,26,0.83,15.6
2024,3,22,9,56,0.75,15.7
2024,3,22,10,26,0.71,15.6
2024,3,22,10,56,0.89,15.6
2024,3,22,11,26,0.88,15.5
2024,3,22,11,56,0.76,15.2
2024,3,22,12,26,0.81,15.4
2024,3,22,12,56,0.72,15.2
2024,3,22,13,26,0.79,15.4
2024,3,22,13,56,0.87,15.4
2024,3,22,14,26,0.76,15.7
2024,3,22,14,56,0.83,15.6
2024,3,22,15,26,0.85,15.7
2024,3,22,15,56,0.82,15.7
2024,3,22,16,26,0.84,15.7
2024,3,22,16,56,0.74,15.8
2024,3,22,17,26,0.86,15.8
2024,3,22,17,56,0.86,15.9
2024,3,22,18,26,0.75,16.1
2024,3,22,18,56,0.78,16.2
2024,3,22,19,26,0.81,16.2
2024,3,22,19,56,0.91,16.4
2024,3,22,20,26,0.87,16.5
2024,3,22,20,56,0.92,16.5
2024,3,22,21,26,0.85,16.5
2024,3,22,21,56,0.81,16.5
2024,3,22,22,26,0.89,16.6
2024,3,22,22,56,0.86,16.5
2024,3,22,23,26,0.83,16.4
2024,3,22,23,56,0.87,16.4
2024,3,23,0,26,0.87,16
2024,3,23,0,56,0.89,16
2024,3,23,1,26,0.85,15.9
2024,3,23,1,56,0.85,15.8
2024,3,23,2,26,0.85,15.8
2024,3,23,2,56,0.81,15.7
2024,3,23,3,26,0.89,15.7
2024,3,23,3,56,0.98,15.7
2024,3,23,4,26,0.96,15.7
2024,3,23,4,56,0.94,15.7
2024,3,23,5,26,0.89,15.7
2024,3,23,5,56,0.83,15.6
2024,3,23,6,26,0.87,15.6
2024,3,23,6,56,0.92,15.6
2024,3,23,7,26,0.85,15.6
2024,3,23,7,56,0.88,15.6
2024,3,23,8,26,0.78,15.5
2024,3,23,8,56,0.82,15.5
2024,3,23,9,26,0.92,15.5
2024,3,23,9,56,0.89,15.5
2024,3,23,10,26,0.87,15.4
2024,3,23,10,56,0.83,15.4
2024,3,23,11,26,0.79,15.4
2024,3,23,11,56,0.81,15.4
2024,3,23,12,26,0.8,15.4
2024,3,23,12,56,0.74,15.4
2024,3,23,13,26,0.81,15.4
2024,3,23,13,56,0.72,15.5
2024,3,23,14,26,0.73,15.5
2024,3,23,14,56,0.78,15.5
2024,3,23,15,26,0.73,15.5
2024,3,23,15,56,0.85,15.5
2024,3,23,16,26,0.85,15.5
2024,3,23,16,56,0.82,15.6
2024,3,23,17,26,0.87,15.6
2024,3,23,17,56,0.95,15.6
2024,3,23,18,26,0.87,15.6
2024,3,23,18,56,1.03,15.6
2024,3,23,19,26,1.11,15.6
2024,3,23,19,56,1.31,15.5
2024,3,23,20,26,1.33,15.5
2024,3,23,20,56,1.29,15.5
2024,3,23,21,26,1.39,15.4
2024,3,23,21,56,1.24,15.3
2024,3,23,22,26,1.21,15.3
2024,3,23,22,56,1.39,15.3
2024,3,23,23,26,1.31,15.3
2024,3,23,23,56,1.54,15.2
2024,3,24,0,26,1.48,15.1
2024,3,24,0,56,1.54,15
2024,3,24,1,26,1.63,14.9
2024,3,24,1,56,1.67,14.7
2024,3,24,2,26,1.6,14.6
2024,3,24,2,56,1.62,14.7
2024,3,24,3,26,1.54,14.7
2024,3,24,3,56,1.54,14.6
2024,3,24,4,26,1.51,14.6
2024,3,24,4,56,1.62,14.6
2024,3,24,5,26,1.6,14.5
2024,3,24,5,56,1.58,14.5
2024,3,24,6,26,1.58,14.5
2024,3,24,6,56,1.69,14.4
2024,3,24,7,26,1.71,14.4
2024,3,24,7,56,1.67,14.3
2024,3,24,8,26,1.75,14.2
2024,3,24,8,56,1.68,14.2
2024,3,24,9,26,1.61,14.1
2024,3,24,9,56,1.56,14
2024,3,24,10,26,1.62,13.8
2024,3,24,10,56,1.49,13.6
2024,3,24,11,26,1.54,13.3
2024,3,24,11,56,1.52,13.2
2024,3,24,12,26,1.51,13.1
2024,3,24,12,56,1.36,12.9
2024,3,24,13,26,1.37,12.8
2024,3,24,13,56,1.27,12.7
2024,3,24,14,26,1.19,12.7
2024,3,24,14,56,1.15,12.8
2024,3,24,15,26,1.25,13
2024,3,24,15,56,1.29,13
2024,3,24,16,26,1.33,13.1
2024,3,24,16,56,1.48,13.1
2024,3,24,17,26,1.43,13.2
2024,3,24,17,56,1.45,13.3
2024,3,24,18,26,1.57,13.5
2024,3,24,18,56,1.62,13.6
2024,3,24,19,26,1.53,14.1
2024,3,24,19,56,1.52,14
2024,3,24,20,26,1.53,14
2024,3,24,20,56,1.5,14
2024,3,24,21,26,1.47,14
2024,3,24,21,56,1.57,14
2024,3,24,22,26,1.54,13.9
2024,3,24,22,56,1.61,13.7
2024,3,24,23,26,1.68,13.3
2024,3,24,23,56,1.55,12.8
2024,3,25,0,26,1.56,12.6
2024,3,25,0,56,1.69,12.5
2024,3,25,1,26,1.5,12.3
2024,3,25,1,56,1.5,12.3
2024,3,25,2,26,1.46,12.2
2024,3,25,2,56,1.52,12.1
2024,3,25,3,26,1.46,12.1
2024,3,25,3,56,1.51,12.1
2024,3,25,4,26,1.41,12.1
2024,3,25,4,56,1.42,12.2
2024,3,25,5,26,1.45,12.3
2024,3,25,5,56,1.39,12.4
2024,3,25,6,26,1.49,12.4
2024,3,25,6,56,1.58,12.4
2024,3,25,7,26,1.67,12.4
2024,3,25,7,56,1.61,12.5
2024,3,25,8,26,1.55,12.5
2024,3,25,8,56,1.58,12.6
2024,3,25,9,26,1.45,12.8
2024,3,25,9,56,1.4,12.9
2024,3,25,10,26,1.4,13.1
2024,3,25,10,56,1.32,13
2024,3,25,11,26,1.25,13
2024,3,25,11,56,1.25,12.9
2024,3,25,12,26,1.2,12.9
2024,3,25,12,56,1.14,12.9
2024,3,25,13,26,1.15,12.9
2024,3,25,13,56,1.14,12.8
2024,3,25,14,26,1.22,12.8
2024,3,25,14,56,1.12,12.7
2024,3,25,15,26,1.17,12.6
2024,3,25,15,56,1.11,12.7
2024,3,25,16,26,1.03,12.7
2024,3,25,16,56,1.11,12.8
2024,3,25,17,26,1.13,12.9
2024,3,25,17,56,1.17,13.3
2024,3,25,18,26,1.11,13.4
2024,3,25,18,56,1.14,13.7
2024,3,25,19,26,1.12,13.6
2024,3,25,19,56,1.07,13.4
2024,3,25,20,26,1.04,13.6
2024,3,25,20,56,0.98,13.3
2024,3,25,21,26,0.94,13.2
2024,3,25,21,56,0.94,13.1
2024,3,25,22,26,0.91,13
2024,3,25,22,56,0.95,13
2024,3,25,23,26,1.02,12.9
2024,3,25,23,56,1.04,12.9
2024,3,26,0,26,1.07,13
2024,3,26,0,56,1.08,13
2024,3,26,1,26,1.05,13.1
2024,3,26,1,56,0.96,13.1
2024,3,26,2,26,1,13.5
2024,3,26,2,56,1,13.6
2024,3,26,3,26,1,13.8
2024,3,26,3,56,1.05,13.6
2024,3,26,4,26,1.11,13.6
2024,3,26,4,56,1.04,13.7
2024,3,26,5,26,1.13,13.5
2024,3,26,5,56,1.21,13.5
2024,3,26,6,26,1.21,13.5
2024,3,26,6,56,1.23,13.5
2024,3,26,7,26,1.3,13.4
2024,3,26,7,56,1.32,13.4
2024,3,26,8,26,1.19,13.4
2024,3,26,8,56,1.15,13.3
2024,3,26,9,26,1.06,13.3
2024,3,26,9,56,1.08,13.5
2024,3,26,10,26,1.03,13.5
2024,3,26,10,56,0.94,13.3
2024,3,26,11,26,0.94,13.3
2024,3,26,11,56,0.98,13.2
2024,3,26,12,26,1.01,13.3
2024,3,26,12,56,0.94,13.2
2024,3,26,13,26,0.93,13.2
2024,3,26,13,56,0.99,13.2
2024,3,26,14,26,0.91,13.2
2024,3,26,14,56,0.86,13.2
2024,3,26,15,26,0.9,13.4
2024,3,26,15,56,0.9,13.5
2024,3,26,16,26,0.87,13.6
2024,3,26,16,56,0.89,13.8
2024,3,26,17,26,0.9,13.8
2024,3,26,18,26,0.84,14.2
2024,3,26,18,56,0.86,14.1
2024,3,26,19,26,0.9,14.1
2024,3,26,19,56,0.86,14.2
2024,3,26,20,26,0.85,14.1
2024,3,26,20,56,0.85,14.2
2024,3,26,21,26,0.79,14.2
2024,3,26,21,56,0.81,14.1
2024,3,26,22,26,0.79,13.8
2024,3,26,22,56,0.76,13.5
2024,3,26,23,26,0.74,13.4
2024,3,26,23,56,0.71,13.4
2024,3,27,0,26,0.76,13.4
2024,3,27,0,56,0.73,13.5
2024,3,27,1,26,0.65,13.8
2024,3,27,1,56,0.66,13.8
2024,3,27,2,26,0.59,13.9
2024,3,27,2,56,0.63,14.1
2024,3,27,3,26,0.58,14.1
2024,3,27,3,56,0.56,14.1
2024,3,27,4,26,0.57,14
2024,3,27,4,56,0.59,14
2024,3,27,5,26,0.57,13.9
2024,3,27,5,56,0.64,13.9
2024,3,27,6,26,0.63,13.9
2024,3,27,6,56,0.67,14
2024,3,27,7,26,0.66,13.9
2024,3,27,7,56,0.81,13.9
2024,3,27,8,26,0.8,13.9
2024,3,27,8,56,0.76,14
2024,3,27,9,26,0.7,14.1
2024,3,27,9,56,0.69,14
2024,3,27,10,26,0.75,14
2024,3,27,10,56,0.65,14.1
2024,3,27,11,26,0.63,14.1
2024,3,27,11,56,0.65,14.1
2024,3,27,12,26,0.65,14
2024,3,27,12,56,0.66,14
2024,3,27,13,26,0.67,14
2024,3,27,13,56,0.64,13.9
2024,3,27,14,26,0.64,13.9
2024,3,27,14,56,0.59,13.9
2024,3,27,15,26,0.65,13.9
2024,3,27,15,56,0.61,13.8
2024,3,27,16,26,0.62,13.9
2024,3,27,16,56,0.62,14.1
2024,3,27,17,26,0.63,14.1
2024,3,27,17,56,0.61,14.3
2024,3,27,18,26,0.62,14.4
2024,3,27,18,56,0.63,14.6
2024,3,27,19,26,0.66,14.6
2024,3,27,19,56,0.68,14.5
2024,3,27,20,26,0.66,14.7
2024,3,27,20,56,0.67,14.8
2024,3,27,21,26,0.66,14.8
2024,3,27,21,56,0.64,14.7
2024,3,27,22,26,0.59,14.4
2024,3,27,22,56,0.58,14.4
2024,3,27,23,26,0.55,14.2
2024,3,27,23,56,0.58,14.2
2024,3,28,0,26,0.65,14.2
2024,3,28,0,56,0.62,14.2
2024,3,28,1,26,0.66,14.1
2024,3,28,1,56,0.65,14.5
2024,3,28,2,26,0.68,14.4
2024,3,28,2,56,0.61,14.4
2024,3,28,3,26,0.55,14.4
2024,3,28,3,56,0.59,14.4
2024,3,28,4,26,0.61,14.4
2024,3,28,4,56,0.59,14.4
2024,3,28,5,26,0.61,14.3
2024,3,28,5,56,0.68,14.3
2024,3,28,6,26,0.61,14.2
2024,3,28,6,56,0.59,14.2
2024,3,28,7,26,0.64,14.2
2024,3,28,7,56,0.64,14.2
2024,3,28,8,26,0.66,14.2
2024,3,28,8,56,0.64,14.1
2024,3,28,9,26,0.72,14.1
2024,3,28,9,56,0.61,14
2024,3,28,10,26,0.63,14
2024,3,28,10,56,0.61,13.9
2024,3,28,11,26,0.65,13.8
2024,3,28,11,56,0.64,13.8
2024,3,28,12,26,0.67,13.7
2024,3,28,12,56,0.6,13.6
2024,3,28,13,26,0.64,13.6
2024,3,28,13,56,0.61,13.6
2024,3,28,14,26,0.66,13.6
2024,3,28,14,56,0.6,13.5
2024,3,28,15,26,0.63,13.5
2024,3,28,15,56,0.64,13.5
2024,3,28,16,26,0.61,13.5
2024,3,28,16,56,0.7,13.5
2024,3,28,17,26,0.61,13.5
2024,3,28,17,56,0.67,13.6
2024,3,28,18,26,0.64,13.7
2024,3,28,18,56,0.61,13.8
2024,3,28,19,26,0.65,13.8
2024,3,28,19,56,0.7,13.8
2024,3,28,20,26,0.73,13.9
2024,3,28,20,56,0.69,13.9
2024,3,28,21,26,0.71,14
2024,3,28,21,56,0.75,14
2024,3,28,22,26,0.7,14
2024,3,28,22,56,0.67,14.1
2024,3,28,23,26,0.61,14.1
2024,3,28,23,56,0.64,14
2024,3,29,0,26,0.72,14
2024,3,29,0,56,0.68,14.1
2024,3,29,1,26,0.6,14.1
2024,3,29,1,56,0.64,14
2024,3,29,2,26,0.69,14
2024,3,29,2,56,0.6,14
2024,3,29,3,26,0.67,14
2024,3,29,3,56,0.73,13.8
2024,3,29,4,26,0.74,13.8
2024,3,29,4,56,0.72,13.7
2024,3,29,5,26,0.77,13.6
2024,3,29,5,56,0.72,13.5
2024,3,29,6,26,0.79,13.5
2024,3,29,6,56,0.72,13.4
2024,3,29,7,26,0.7,13.4
2024,3,29,7,56,0.77,13.4
2024,3,29,8,26,0.74,13.3
2024,3,29,8,56,0.8,13.3
2024,3,29,9,26,0.85,13.2
2024,3,29,9,56,0.81,13.2
2024,3,29,10,26,0.81,13.2
2024,3,29,10,56,0.81,13.2
2024,3,29,11,26,0.81,13.2
2024,3,29,11,56,0.88,13.1
2024,3,29,12,26,0.87,13.1
2024,3,29,12,56,0.84,13
2024,3,29,13,26,0.77,13
2024,3,29,13,56,0.72,13
2024,3,29,14,26,0.78,13
2024,3,29,14,56,0.8,13
2024,3,29,15,26,0.89,13
2024,3,29,15,56,0.84,13.1
2024,3,29,16,26,0.86,13.1
2024,3,29,16,56,0.86,13
2024,3,29,17,26,0.77,13
2024,3,29,17,56,0.81,13.1
2024,3,29,18,26,0.7,13.3
2024,3,29,18,56,0.76,13.2
2024,3,29,19,26,0.74,13.4
2024,3,29,19,56,0.8,13.5
2024,3,29,20,26,0.87,13.6
2024,3,29,20,56,0.76,13.7
2024,3,29,21,26,0.85,13.7
2024,3,29,21,56,0.76,13.7
2024,3,29,22,26,0.73,13.8
2024,3,29,22,56,0.74,13.9
2024,3,29,23,26,0.68,13.9
2024,3,29,23,56,0.73,13.9
2024,3,30,0,26,0.89,13.9
2024,3,30,0,56,0.88,13.8
2024,3,30,1,26,0.87,13.7
2024,3,30,1,56,0.96,13.6
2024,3,30,2,26,0.9,13.4
2024,3,30,2,56,0.96,13.3
2024,3,30,3,26,1.02,13.4
2024,3,30,3,56,0.93,13.4
2024,3,30,4,26,0.98,13.3
2024,3,30,4,56,1.12,13.2
2024,3,30,5,26,1.14,13.2
2024,3,30,5,56,1.08,13.1
2024,3,30,6,26,1.03,13.1
2024,3,30,6,56,1.38,13.1
2024,3,30,7,26,1.15,13.1
2024,3,30,7,56,1.06,13.1
2024,3,30,8,26,1.18,13.1
2024,3,30,8,56,1.26,13.1
2024,3,30,9,26,1.37,13.1
2024,3,30,9,56,1.54,13.1
2024,3,30,10,26,1.68,13.1
2024,3,30,10,56,1.82,13.1
2024,3,30,11,26,1.73,13
2024,3,30,11,56,1.61,13
2024,3,30,12,26,1.75,13
2024,3,30,12,56,1.58,13
2024,3,30,13,26,1.56,13
2024,3,30,13,56,1.48,13
2024,3,30,14,26,1.49,13
2024,3,30,14,56,1.74,13
2024,3,30,15,26,1.58,13.1
2024,3,30,15,56,1.43,13.1
2024,3,30,16,26,1.51,13.2
2024,3,30,16,56,1.46,13.5
2024,3,30,17,26,1.44,13.6
2024,3,30,17,56,1.56,13.6
2024,3,30,18,26,1.74,13.6
2024,3,30,18,56,1.66,13.7
2024,3,30,19,26,1.71,13.8
2024,3,30,19,56,1.71,13.7
2024,3,30,20,26,1.78,13.8
2024,3,30,20,56,1.6,13.8
2024,3,30,21,26,1.78,13.8
2024,3,30,21,56,1.88,13.8
2024,3,30,22,26,1.74,13.8
2024,3,30,22,56,1.77,13.7
2024,3,30,23,26,1.71,13.7
2024,3,30,23,56,1.54,13.6
2024,3,31,0,26,1.73,13.6
2024,3,31,0,56,1.74,13.6
2024,3,31,1,26,1.71,13.5
2024,3,31,1,56,1.7,13.5
2024,3,31,2,26,1.68,13.4
2024,3,31,2,56,1.76,13.4
2024,3,31,3,26,1.86,13.3
2024,3,31,3,56,1.8,13.3
2024,3,31,4,26,1.9,13.3
2024,3,31,4,56,1.73,13.2
2024,3,31,5,26,1.76,13.2
2024,3,31,5,56,1.8,13.3
2024,3,31,6,26,1.78,13.3
2024,3,31,6,56,1.8,13.2
2024,3,31,7,26,1.76,13.2
2024,3,31,7,56,1.88,13.1
2024,3,31,8,26,1.82,13.1
2024,3,31,8,56,1.83,13.1
2024,3,31,9,26,1.91,13.2
2024,3,31,9,56,1.95,13.2
2024,3,31,10,26,1.96,13.2
2024,3,31,10,56,1.83,13.2
2024,3,31,11,26,1.79,13.2
2024,3,31,11,56,1.62,13.2
2024,3,31,12,26,1.77,13.1
2024,3,31,12,56,1.87,13.2
2024,3,31,13,26,1.71,13.3
2024,3,31,13,56,1.69,13.3
2024,3,31,14,26,1.84,13.4
2024,3,31,14,56,1.68,13.5
2024,3,31,15,26,1.68,13.8
2024,3,31,15,56,1.63,13.9
2024,3,31,16,26,1.53,13.9
2024,3,31,16,56,1.44,13.9
2024,3,31,17,26,1.5,13.9
2024,3,31,17,56,1.53,13.8
2024,3,31,18,26,1.5,13.8
2024,3,31,18,56,1.39,13.8
2024,3,31,19,26,1.46,13.9
2024,3,31,19,56,1.36,13.9
2024,3,31,20,26,1.45,14.1
2024,3,31,20,56,1.41,14.1
2024,3,31,21,26,1.38,14.1
2024,3,31,21,56,1.48,14
2024,3,31,22,26,1.39,14
2024,3,31,22,56,1.51,13.8
2024,3,31,23,26,1.51,13.8
2024,3,31,23,56,1.57,13.7
2024,4,1,0,26,1.4,13.7
2024,4,1,0,56,1.56,13.7
2024,4,1,1,26,1.37,13.7
2024,4,1,1,56,1.5,13.6
2024,4,1,2,26,1.39,13.6
2024,4,1,2,56,1.38,13.7
2024,4,1,3,26,1.34,13.7
2024,4,1,3,56,1.34,13.7
2024,4,1,4,26,1.24,13.8
2024,4,1,4,56,1.34,13.9
2024,4,1,5,26,1.22,13.9
2024,4,1,5,56,1.28,13.9
2024,4,1,6,26,1.21,13.8
2024,4,1,6,56,1.32,14
2024,4,1,7,26,1.31,13.9
2024,4,1,7,56,1.23,13.7
2024,4,1,8,26,1.3,14
2024,4,1,8,56,1.35,13.9
2024,4,1,9,26,1.23,13.7
2024,4,1,9,56,1.17,13.8
2024,4,1,10,26,1.18,13.5
2024,4,1,10,56,1.13,13.8
2024,4,1,11,26,1.05,13.9
2024,4,1,11,56,1.05,13.7
2024,4,1,12,26,0.98,13.7
2024,4,1,12,56,0.97,13.5
2024,4,1,13,26,0.99,13.8
2024,4,1,13,56,1.02,13.8
2024,4,1,14,26,1.02,13.6
2024,4,1,14,56,1.05,13.7
2024,4,1,15,26,1.05,13.8
2024,4,1,15,56,0.95,13.9
2024,4,1,16,26,1.04,14.1
2024,4,1,16,56,1.02,14.2
2024,4,1,17,26,1.03,14.5
2024,4,1,17,56,0.98,14.7
2024,4,1,18,26,0.94,14.8
2024,4,1,18,56,0.92,14.8
2024,4,1,19,26,0.91,15.1
2024,4,1,19,56,0.92,15.7
2024,4,1,20,26,0.89,15.5
2024,4,1,20,56,0.97,15.3
2024,4,1,21,26,0.9,15.2
2024,4,1,21,56,0.92,15.1
2024,4,1,22,26,1.09,15
2024,4,1,22,56,0.96,14.8
2024,4,1,23,26,1.04,14.8
2024,4,1,23,56,0.98,14.7
2024,4,2,0,26,1.04,14.7
2024,4,2,0,56,0.91,14.6
2024,4,2,1,26,0.92,14.6
2024,4,2,1,56,0.94,14.6
2024,4,2,2,26,0.85,14.7
2024,4,2,2,56,0.88,14.6
2024,4,2,3,26,0.92,14.4
2024,4,2,3,56,0.9,14.4
2024,4,2,4,26,0.95,14.4
2024,4,2,4,56,0.82,14.3
2024,4,2,5,26,0.94,14.2
2024,4,2,5,56,0.91,14.2
2024,4,2,6,26,0.87,14.1
2024,4,2,6,56,0.8,14.1
2024,4,2,7,26,0.81,14.1
2024,4,2,7,56,0.78,14.2
2024,4,2,8,26,0.71,14.1
2024,4,2,8,56,0.8,14
2024,4,2,9,26,0.77,13.8
2024,4,2,9,56,0.75,13.9
2024,4,2,10,26,0.92,13.9
2024,4,2,10,56,0.81,13.9
2024,4,2,11,26,0.81,13.9
2024,4,2,11,56,0.82,13.9
2024,4,2,12,26,0.8,13.9
2024,4,2,12,56,0.83,13.9
2024,4,2,13,26,0.83,13.8
2024,4,2,13,56,0.81,14
2024,4,2,14,26,0.75,14
2024,4,2,14,56,0.78,13.9
2024,4,2,15,26,0.76,14
2024,4,2,15,56,0.72,14.3
2024,4,2,16,26,0.74,14.5
2024,4,2,16,56,0.74,14.9
2024,4,2,17,26,0.75,15.2
2024,4,2,17,56,0.73,15.5
2024,4,2,18,26,0.74,15.7
2024,4,2,18,56,0.66,15.7
2024,4,2,19,26,0.69,16
2024,4,2,19,56,0.73,16.1
2024,4,2,20,26,0.83,16.2
2024,4,2,20,56,0.71,16.4
2024,4,2,21,26,0.69,16.5
2024,4,2,21,56,0.76,16.3
2024,4,2,22,26,0.68,15.9
2024,4,2,22,56,0.79,15.4
2024,4,2,23,26,0.76,15.2
2024,4,2,23,56,0.75,15.2
2024,4,3,0,26,0.67,15.7
2024,4,3,0,56,0.65,15.5
2024,4,3,1,26,0.68,15.5
2024,4,3,1,56,0.7,15.4
2024,4,3,2,26,0.7,15.4
2024,4,3,2,56,0.69,15.4
2024,4,3,3,26,0.65,15.4
2024,4,3,3,56,0.68,15.4
2024,4,3,4,26,0.6,15.3
2024,4,3,4,56,0.64,15.3
2024,4,3,5,26,0.63,15.1
2024,4,3,5,56,0.6,15.1
2024,4,3,6,26,0.56,15.1
2024,4,3,6,56,0.58,15
2024,4,3,7,26,0.64,14.9
2024,4,3,7,56,0.6,15
2024,4,3,8,26,0.54,14.9
2024,4,3,8,56,0.57,14.9
2024,4,3,9,26,0.55,14.9
2024,4,3,9,56,0.53,14.9
2024,4,3,10,26,0.49,14.8
2024,4,3,10,56,0.57,14.8
2024,4,3,11,26,0.61,14.7
2024,4,3,11,56,0.56,14.7
2024,4,3,12,26,0.54,14.3
2024,4,3,12,56,0.54,14.4
2024,4,3,13,26,0.59,14.7
2024,4,3,13,56,0.59,14.6
2024,4,3,14,26,0.57,14.8
2024,4,3,14,56,0.52,15.1
2024,4,3,15,26,0.48,15.2
2024,4,3,15,56,0.6,15.3
2024,4,3,16,26,0.57,15.5
2024,4,3,16,56,0.58,15.6
2024,4,3,17,26,0.51,15.7
2024,4,3,17,56,0.54,15.7
2024,4,3,18,26,0.56,15.9
2024,4,3,18,56,0.58,15.9
2024,4,3,19,26,0.58,16
2024,4,3,19,56,0.6,16.1
2024,4,3,20,26,0.61,16.1
2024,4,3,20,56,0.66,16
2024,4,3,21,26,0.7,16.1
2024,4,3,21,56,0.71,16.1
2024,4,3,22,26,0.68,16.2
2024,4,3,22,56,0.72,16.1
2024,4,3,23,26,0.73,15.9
2024,4,3,23,56,0.77,15.7
2024,4,4,0,26,0.79,15.7
2024,4,4,0,56,0.76,15.6
2024,4,4,1,26,0.74,15.4
2024,4,4,1,56,0.8,15.4
2024,4,4,2,26,0.77,15.3
2024,4,4,2,56,0.74,15.2
2024,4,4,3,26,0.74,15.1
2024,4,4,3,56,0.74,15.1
2024,4,4,4,26,0.73,15
2024,4,4,4,56,0.75,15
2024,4,4,5,26,0.7,14.9
2024,4,4,5,56,0.68,14.9
2024,4,4,6,26,0.67,14.8
2024,4,4,6,56,0.68,14.8
2024,4,4,7,26,0.68,14.8
2024,4,4,7,56,0.65,14.6
2024,4,4,8,26,0.68,14.6
2024,4,4,8,56,0.63,14.6
2024,4,4,9,26,0.66,14.5
2024,4,4,9,56,0.67,14.5
2024,4,4,10,26,0.66,14.5
2024,4,4,10,56,0.66,14.5
2024,4,4,11,26,0.59,14.5
2024,4,4,11,56,0.62,14.5
2024,4,4,12,26,0.61,14.5
2024,4,4,12,56,0.63,14.5
2024,4,4,13,26,0.69,14.5
2024,4,4,13,56,0.69,14.5
2024,4,4,14,26,0.62,14.5
2024,4,4,14,56,0.7,14.5
2024,4,4,15,26,0.62,14.5
2024,4,4,15,56,0.67,14.5
2024,4,4,16,26,0.63,14.6
2024,4,4,16,56,0.67,14.6
2024,4,4,17,26,0.63,14.6
2024,4,4,17,56,0.61,14.6
2024,4,4,18,26,0.58,14.7
2024,4,4,18,56,0.59,14.8
2024,4,4,19,26,0.62,14.9
2024,4,4,19,56,0.61,14.9
2024,4,4,20,26,0.55,14.9
2024,4,4,20,56,0.56,14.9
2024,4,4,21,26,0.62,14.9
2024,4,4,21,56,0.64,14.9
2024,4,4,22,26,0.66,14.9
2024,4,4,22,56,0.73,14.9
2024,4,4,23,26,0.75,14.9
2024,4,4,23,56,0.72,14.9
2024,4,5,0,26,0.74,14.9
2024,4,5,0,56,0.79,14.9
2024,4,5,1,26,0.85,14.9
2024,4,5,1,56,0.87,14.9
2024,4,5,2,26,0.88,14.9
2024,4,5,2,56,0.83,14.9
2024,4,5,3,26,0.76,14.8
2024,4,5,3,56,0.74,14.8
2024,4,5,4,26,0.79,14.7
2024,4,5,4,56,0.75,14.6
2024,4,5,5,26,0.76,14.6
2024,4,5,5,56,0.75,14.5
2024,4,5,6,26,0.79,14.5
2024,4,5,6,56,0.82,14.4
2024,4,5,7,26,0.83,14.4
2024,4,5,7,56,0.82,14.4
2024,4,5,8,26,0.74,14.3
2024,4,5,8,56,0.79,14.3
2024,4,5,9,26,0.74,14.3
2024,4,5,9,56,0.78,14.3
2024,4,5,10,26,0.78,14.2
2024,4,5,10,56,0.77,14.2
2024,4,5,11,26,0.77,14.2
2024,4,5,11,56,0.77,14.3
2024,4,5,12,26,0.74,14.2
2024,4,5,12,56,0.73,14.2
2024,4,5,13,26,0.76,14.2
2024,4,5,13,56,0.81,14.2
2024,4,5,14,26,0.89,14.2
2024,4,5,14,56,0.87,14.2
2024,4,5,15,26,0.91,14.2
2024,4,5,15,56,0.99,14.3
2024,4,5,16,26,0.97,14.4
2024,4,5,16,56,0.97,14.4
2024,4,5,17,26,0.97,14.5
2024,4,5,17,56,1.07,14.5
2024,4,5,18,26,1.11,14.6
2024,4,5,18,56,1.15,14.5
2024,4,5,19,26,1.18,14.5
2024,4,5,19,56,1.22,14.5
2024,4,5,20,26,1.09,14.5
2024,4,5,20,56,1.13,14.5
2024,4,5,21,26,1.14,14.4
2024,4,5,21,56,1.17,14.5
2024,4,5,22,26,1.27,14.5
2024,4,5,22,56,1.21,14.5
2024,4,5,23,26,1.44,14.6
2024,4,5,23,56,1.44,14.5
2024,4,6,0,26,1.39,14.5
2024,4,6,0,56,1.44,14.5
2024,4,6,1,26,1.22,14.5
2024,4,6,1,56,1.23,14.4
2024,4,6,2,26,1.3,14.3
2024,4,6,2,56,1.27,14.3
2024,4,6,3,26,1.31,14.2
2024,4,6,3,56,1.24,14.1
2024,4,6,4,26,1.31,14.1
2024,4,6,4,56,1.25,14
2024,4,6,5,26,1.25,13.9
2024,4,6,5,56,1.12,13.9
2024,4,6,6,26,1.05,13.9
2024,4,6,6,56,1.02,13.8
2024,4,6,7,26,1.02,13.8
2024,4,6,7,56,1.09,13.8
2024,4,6,8,26,0.99,13.7
2024,4,6,8,56,0.96,13.7
2024,4,6,9,26,0.93,13.6
2024,4,6,9,56,0.95,13.5
2024,4,6,10,26,0.86,13.5
2024,4,6,10,56,0.82,13.4
2024,4,6,11,26,0.89,13.4
2024,4,6,11,56,0.86,13.4
2024,4,6,12,26,0.91,13.3
2024,4,6,12,56,0.85,13.3
2024,4,6,13,26,0.82,13.3
2024,4,6,13,56,0.85,13.4
2024,4,6,14,26,0.89,13.4
2024,4,6,14,56,0.87,13.5
2024,4,6,15,26,0.93,13.5
2024,4,6,15,56,0.93,13.5
2024,4,6,16,26,0.96,13.6
2024,4,6,16,56,0.92,13.7
2024,4,6,17,26,0.87,13.8
2024,4,6,17,56,0.94,14.2
2024,4,6,18,26,0.92,14.6
2024,4,6,18,56,0.88,14.9
2024,4,6,19,26,0.87,15.2
2024,4,6,19,56,0.74,15.1
2024,4,6,20,26,0.67,15.3
2024,4,6,20,56,0.72,15.3
2024,4,6,21,26,0.7,15
2024,4,6,21,56,0.69,14.9
2024,4,6,22,26,0.6,14.6
2024,4,6,22,56,0.6,14.2
2024,4,6,23,26,0.57,14
2024,4,6,23,56,0.62,13.7
2024,4,7,0,26,0.65,13.8
2024,4,7,0,56,0.67,13.7
2024,4,7,1,26,0.69,13.8
2024,4,7,1,56,0.69,13.9
2024,4,7,2,26,0.74,13.8
2024,4,7,2,56,0.72,13.8
2024,4,7,3,26,0.64,13.6
2024,4,7,3,56,0.65,14.1
2024,4,7,4,26,0.61,14.3
2024,4,7,4,56,0.54,14.2
2024,4,7,5,26,0.54,14
2024,4,7,5,56,0.56,14
2024,4,7,6,26,0.56,13.9
2024,4,7,6,56,0.57,14
2024,4,7,7,26,0.55,13.8
2024,4,7,7,56,0.54,14
2024,4,7,8,26,0.54,13.9
2024,4,7,8,56,0.63,13.9
2024,4,7,9,26,0.66,13.8
2024,4,7,9,56,0.65,13.8
2024,4,7,10,26,0.67,13.8
2024,4,7,10,56,0.64,13.9
2024,4,7,11,26,0.65,13.8
2024,4,7,11,56,0.6,13.8
2024,4,7,12,26,0.58,13.7
2024,4,7,12,56,0.56,13.7
2024,4,7,13,26,0.54,13.5
2024,4,7,13,56,0.58,13.4
2024,4,7,14,26,0.58,13.3
2024,4,7,14,56,0.59,13.2
2024,4,7,15,26,0.58,13.2
2024,4,7,15,56,0.63,13.3
2024,4,7,16,26,0.6,13.4
2024,4,7,16,56,0.64,13.5
2024,4,7,17,26,0.65,13.7
2024,4,7,17,56,0.72,13.5
2024,4,7,18,26,0.83,13.7
2024,4,7,18,56,0.77,13.8
2024,4,7,19,26,0.76,13.9
2024,4,7,19,56,0.69,13.7
2024,4,7,20,26,0.74,13.7
2024,4,7,20,56,0.71,14
2024,4,7,21,26,0.7,13.9
2024,4,7,21,56,0.74,13.8
2024,4,7,22,26,0.76,13.9
2024,4,7,22,56,0.75,14
2024,4,7,23,26,0.67,14
2024,4,7,23,56,0.69,14.1
2024,4,8,0,26,0.66,14.1
2024,4,8,0,56,0.67,14.1
2024,4,8,1,26,0.66,14.1
2024,4,8,1,56,0.65,14.1
2024,4,8,2,26,0.64,14
2024,4,8,2,56,0.63,14
2024,4,8,3,26,0.58,14
2024,4,8,3,56,0.57,14.1
2024,4,8,4,26,0.49,14.1
2024,4,8,4,56,0.47,14.2
2024,4,8,5,26,0.49,14.1
2024,4,8,5,56,0.49,14.1
2024,4,8,6,26,0.52,14.1
2024,4,8,6,56,0.59,14.1
2024,4,8,7,26,0.65,14
2024,4,8,7,56,0.86,14
2024,4,8,8,26,1,13.9
2024,4,8,8,56,0.92,13.9
2024,4,8,9,26,0.97,13.9
2024,4,8,9,56,0.91,13.9
2024,4,8,10,26,0.96,13.9
2024,4,8,10,56,0.83,13.9
2024,4,8,11,26,0.84,13.9
2024,4,8,11,56,0.8,13.8
2024,4,8,12,26,0.76,13.8
2024,4,8,12,56,0.72,13.8
2024,4,8,13,26,0.72,13.8
2024,4,8,13,56,0.7,13.8
2024,4,8,14,26,0.69,13.8
2024,4,8,14,56,0.72,13.8
2024,4,8,15,26,0.72,13.8
2024,4,8,15,56,0.71,13.9
2024,4,8,16,26,0.67,14
2024,4,8,16,56,0.65,14.2
2024,4,8,17,26,0.68,14.4
2024,4,8,17,56,0.74,14.3
2024,4,8,18,26,0.77,14.2
2024,4,8,18,56,0.79,14.1
2024,4,8,19,26,0.77,14.2
2024,4,8,19,56,0.73,14.2
2024,4,8,20,26,0.71,14.2
2024,4,8,20,56,0.7,14.3
2024,4,8,21,26,0.62,14.3
2024,4,8,21,56,0.6,14.2
2024,4,8,22,26,0.61,14.3
2024,4,8,22,56,0.76,14.3
2024,4,8,23,26,0.82,14.2
2024,4,8,23,56,0.81,14.2
2024,4,9,0,26,0.76,14.2
2024,4,9,0,56,0.85,14.1
2024,4,9,1,26,0.82,14.1
2024,4,9,1,56,0.74,14
2024,4,9,2,26,0.75,14.1
2024,4,9,2,56,0.74,14
2024,4,9,3,26,0.69,14
2024,4,9,3,56,0.72,13.9
2024,4,9,4,26,0.8,13.7
2024,4,9,4,56,0.74,13.6
2024,4,9,5,26,0.73,13.6
2024,4,9,5,56,0.69,13.6
2024,4,9,6,26,0.65,13.6
2024,4,9,6,56,0.68,13.7
2024,4,9,7,26,0.66,13.8
2024,4,9,7,56,0.68,13.7
2024,4,9,8,26,0.66,13.7
2024,4,9,8,56,0.61,13.6
2024,4,9,9,26,0.62,14
2024,4,9,9,56,0.6,13.9
2024,4,9,10,26,0.61,13.9
2024,4,9,10,56,0.59,13.8
2024,4,9,11,26,0.58,13.8
2024,4,9,11,56,0.56,13.7
2024,4,9,12,26,0.55,13.7
2024,4,9,12,56,0.54,13.6
2024,4,9,13,26,0.52,13.7
2024,4,9,13,56,0.5,13.7
2024,4,9,14,26,0.52,13.7
2024,4,9,14,56,0.53,13.7
2024,4,9,15,26,0.52,13.7
2024,4,9,15,56,0.49,13.9
2024,4,9,16,26,0.53,14
2024,4,9,16,56,0.53,14.2
2024,4,9,17,26,0.57,14.2
2024,4,9,17,56,0.58,14.7
2024,4,9,18,26,0.57,14.6
2024,4,9,18,56,0.63,14.7
2024,4,9,19,26,0.63,14.2
2024,4,9,19,56,0.61,14.1
2024,4,9,20,26,0.65,13.7
2024,4,9,20,56,0.58,13.9
2024,4,9,21,26,0.56,13.8
2024,4,9,21,56,0.59,14.6
2024,4,9,22,26,0.63,14.8
2024,4,9,22,56,0.58,14.7
2024,4,9,23,26,0.58,15
2024,4,9,23,56,0.61,14.7
2024,4,10,0,26,0.67,14.5
2024,4,10,0,56,0.67,14.6
2024,4,10,1,26,0.64,14.7
2024,4,10,1,56,0.63,14.6
2024,4,10,2,26,0.64,14.6
2024,4,10,2,56,0.64,14.5
2024,4,10,3,26,0.69,14.5
2024,4,10,3,56,0.69,14.5
2024,4,10,4,26,0.64,14.4
2024,4,10,4,56,0.63,14.4
2024,4,10,5,26,0.67,14.3
2024,4,10,5,56,0.63,14.3
2024,4,10,6,26,0.61,14.2
2024,4,10,6,56,0.55,14.2
2024,4,10,7,26,0.61,14.1
2024,4,10,7,56,0.57,14
2024,4,10,8,26,0.61,14
2024,4,10,8,56,0.57,14
2024,4,10,9,26,0.55,13.9
2024,4,10,9,56,0.58,14
2024,4,10,10,26,0.65,14
2024,4,10,10,56,0.57,13.9
2024,4,10,11,26,0.57,13.8
2024,4,10,11,56,0.59,13.7
2024,4,10,12,26,0.57,13.5
2024,4,10,12,56,0.59,13.6
2024,4,10,13,26,0.58,13.6
2024,4,10,13,56,0.63,13.6
2024,4,10,14,26,0.56,13.6
2024,4,10,14,56,0.6,13.7
2024,4,10,15,26,0.67,13.8
2024,4,10,15,56,0.72,14
2024,4,10,16,26,0.8,14.1
2024,4,10,16,56,0.66,14.5
2024,4,10,17,26,0.79,14.9
2024,4,10,17,56,0.7,14.9
2024,4,10,18,26,0.78,14.9
2024,4,10,18,56,0.75,14.9
2024,4,10,19,26,0.72,14.8
2024,4,10,19,56,0.72,15.1
2024,4,10,20,26,0.69,15.2
2024,4,10,20,56,0.71,15.1
2024,4,10,21,26,0.77,15.1
2024,4,10,21,56,0.81,14.9
2024,4,10,22,26,0.79,14.6
2024,4,10,22,56,0.76,14.9
2024,4,10,23,26,0.81,14.6
2024,4,10,23,56,0.77,14.6
2024,4,11,0,26,0.81,14.6
2024,4,11,0,56,0.8,14.6
2024,4,11,1,26,0.78,14.6
2024,4,11,1,56,0.78,14.5
2024,4,11,2,26,0.71,14.6
2024,4,11,2,56,0.7,14.6
2024,4,11,3,26,0.73,14.6
2024,4,11,3,56,0.68,14.5
2024,4,11,4,26,0.67,14.5
2024,4,11,4,56,0.64,14.4
2024,4,11,5,26,0.72,14.3
2024,4,11,5,56,0.7,14.2
2024,4,11,6,26,0.63,14.2
2024,4,11,6,56,0.65,14.3
2024,4,11,7,26,0.57,14.3
2024,4,11,7,56,0.63,14.2
2024,4,11,8,26,0.6,14.3
2024,4,11,8,56,0.6,14.3
2024,4,11,9,26,0.62,14.3
2024,4,11,9,56,0.7,14.3
2024,4,11,10,26,0.6,14.3
2024,4,11,10,56,0.68,14.3
2024,4,11,11,26,0.64,14.2
2024,4,11,11,56,0.71,14.1
2024,4,11,12,26,0.59,14.1
2024,4,11,12,56,0.63,14.1
2024,4,11,13,26,0.7,14.1
2024,4,11,13,56,0.72,14.1
2024,4,11,14,26,0.68,14.1
2024,4,11,14,56,0.68,14.1
2024,4,11,15,26,0.67,14.1
2024,4,11,15,56,0.65,14.2
2024,4,11,16,26,0.59,14.2
2024,4,11,16,56,0.7,14.2
2024,4,11,17,26,0.77,14.3
2024,4,11,17,56,0.68,14.3
2024,4,11,18,26,0.74,14.4
2024,4,11,18,56,0.76,14.4
2024,4,11,19,26,0.8,14.4
2024,4,11,19,56,0.81,14.5
2024,4,11,20,26,0.84,14.5
2024,4,11,20,56,0.88,14.6
2024,4,11,21,26,0.97,14.6
2024,4,11,21,56,0.87,14.5
2024,4,11,22,26,0.97,14.2
2024,4,11,22,56,0.91,14.3
2024,4,11,23,26,0.93,14.2
2024,4,11,23,56,0.88,14.2
2024,4,12,0,26,0.96,14.1
2024,4,12,0,56,0.99,14.1
2024,4,12,1,26,0.88,14.1
2024,4,12,1,56,0.88,14
2024,4,12,2,26,0.83,14
2024,4,12,2,56,0.72,14
2024,4,12,3,26,0.78,14
2024,4,12,3,56,0.76,14
2024,4,12,4,26,0.72,13.9
2024,4,12,4,56,0.73,13.9
2024,4,12,5,26,0.81,13.9
2024,4,12,5,56,0.75,13.9
2024,4,12,6,26,0.71,13.9
2024,4,12,6,56,0.76,13.8
2024,4,12,7,26,0.62,13.8
2024,4,12,7,56,0.71,13.8
2024,4,12,8,26,0.7,13.8
2024,4,12,8,56,0.68,13.7
2024,4,12,9,26,0.69,13.8
2024,4,12,9,56,0.7,13.9
2024,4,12,10,26,0.71,14
2024,4,12,10,56,0.67,14
2024,4,12,11,26,0.75,14
2024,4,12,11,56,0.73,14.1
2024,4,12,12,26,0.69,14.1
2024,4,12,12,56,0.67,14.1
2024,4,12,13,26,0.71,14.2
2024,4,12,13,56,0.68,14.1
2024,4,12,14,26,0.7,14.1
2024,4,12,14,56,0.61,14
2024,4,12,15,26,0.68,14
2024,4,12,15,56,0.74,13.9
2024,4,12,16,26,0.61,13.9
2024,4,12,16,56,0.74,13.9
2024,4,12,17,26,0.8,13.9
2024,4,12,17,56,0.76,14
2024,4,12,18,26,0.74,14
2024,4,12,18,56,0.69,14
2024,4,12,19,26,0.71,14
2024,4,12,19,56,0.73,14.1
2024,4,12,20,26,0.82,14.2
2024,4,12,20,56,0.9,14.1
2024,4,12,21,26,0.75,14.1
2024,4,12,21,56,0.81,14.1
2024,4,12,22,26,0.88,14.1
2024,4,12,22,56,0.82,14.1
2024,4,12,23,26,0.82,14.1
2024,4,12,23,56,0.89,14.1
2024,4,13,0,26,0.88,14
2024,4,13,0,56,0.82,14
2024,4,13,1,26,0.86,14
2024,4,13,1,56,0.84,14
2024,4,13,2,26,0.9,14
2024,4,13,2,56,0.88,14
2024,4,13,3,26,0.67,14
2024,4,13,3,56,0.85,14
2024,4,13,4,26,0.86,14
2024,4,13,4,56,0.82,13.9
2024,4,13,5,26,0.74,13.9
2024,4,13,5,56,0.8,13.9
2024,4,13,6,26,0.81,13.9
2024,4,13,6,56,0.89,13.9
2024,4,13,7,26,0.85,13.9
2024,4,13,7,56,0.9,13.9
2024,4,13,8,26,0.91,13.9
2024,4,13,8,56,0.89,13.9
2024,4,13,9,26,0.87,13.9
2024,4,13,9,56,0.88,13.9
2024,4,13,10,26,0.8,13.9
2024,4,13,10,56,0.79,13.9
2024,4,13,11,26,0.99,13.9
2024,4,13,11,56,0.86,13.9
2024,4,13,12,26,0.86,13.9
2024,4,13,12,56,0.83,13.9
2024,4,13,13,26,0.94,13.9
2024,4,13,13,56,0.86,13.9
2024,4,13,14,26,0.9,13.9
2024,4,13,14,56,0.85,13.9
2024,4,13,15,26,0.84,13.9
2024,4,13,15,56,0.93,13.9
2024,4,13,16,26,0.94,13.9
2024,4,13,16,56,0.99,13.9
2024,4,13,17,26,1.05,13.9
2024,4,13,17,56,1.02,13.9
2024,4,13,18,26,1.04,14
2024,4,13,18,56,1.05,14
2024,4,13,19,26,1.11,14
2024,4,13,19,56,1.12,14
2024,4,13,20,26,1.2,14
2024,4,13,20,56,1.13,14
2024,4,13,21,26,1.28,14.1
2024,4,13,21,56,1.22,14.1
2024,4,13,22,26,1.11,14.1
2024,4,13,22,56,1.24,14.1
2024,4,13,23,26,1.15,14.1
2024,4,13,23,56,1.39,14.1
2024,4,14,0,26,1.34,14.1
2024,4,14,0,56,1.36,14.1
2024,4,14,1,26,1.5,14.1
2024,4,14,1,56,1.38,14.1
2024,4,14,2,26,1.43,14.1
2024,4,14,2,56,1.39,14
2024,4,14,3,26,1.28,14
2024,4,14,3,56,1.26,14
2024,4,14,4,26,1.27,14
2024,4,14,4,56,1.24,14
2024,4,14,5,26,1.16,14
2024,4,14,5,56,1.18,14.2
2024,4,14,6,26,1.08,14.1
2024,4,14,6,56,1.11,14.1
2024,4,14,7,26,1.09,14.2
2024,4,14,7,56,1.11,14.2
2024,4,14,8,26,1.13,14.2
2024,4,14,8,56,1.18,14.3
2024,4,14,9,26,1.25,14.3
2024,4,14,9,56,1.17,14.3
2024,4,14,10,26,1.01,14.3
2024,4,14,10,56,1.19,14.2
2024,4,14,11,26,1.27,14.2
2024,4,14,11,56,1.3,14.2
2024,4,14,12,26,1.27,14.2
2024,4,14,12,56,1.27,14.2
2024,4,14,13,26,0.99,14.2
2024,4,14,13,56,1.09,14.1
2024,4,14,14,26,1.12,14.1
2024,4,14,14,56,1.17,14.2
2024,4,14,15,26,1.07,14.1
2024,4,14,15,56,1.24,14.1
2024,4,14,16,26,1.22,14.1
2024,4,14,16,56,1.12,14.1
2024,4,14,17,26,1.13,14.2
2024,4,14,17,56,1.1,14.2
2024,4,14,18,26,1.28,14.1
2024,4,14,18,56,1.26,14.1
2024,4,14,19,26,1.3,14.2
2024,4,14,19,56,1.26,14.2
2024,4,14,20,26,1.18,14.3
2024,4,14,20,56,1.23,14.3
2024,4,14,21,26,1.32,14.3
2024,4,14,21,56,1.22,14.4
2024,4,14,22,26,1.16,14.4
2024,4,14,22,56,1.21,14.4
2024,4,14,23,26,1.28,14.4
2024,4,14,23,56,1.33,14.4
2024,4,15,0,26,1.28,14.4
2024,4,15,0,56,1.21,14.4
2024,4,15,1,26,1.21,14.4
2024,4,15,1,56,1.28,14.3
2024,4,15,2,26,1.34,14.3
2024,4,15,2,56,1.14,14.3
2024,4,15,3,26,1.16,14.3
2024,4,15,3,56,1.16,14.3
2024,4,15,4,26,1.14,14.3
2024,4,15,4,56,1.17,14.3
2024,4,15,5,26,1.07,14.3
2024,4,15,5,56,1.16,14.5
2024,4,15,6,26,1.18,14.5
2024,4,15,6,56,1.04,14.6
2024,4,15,7,26,0.97,14.5
2024,4,15,7,56,1.1,14.5
2024,4,15,8,26,1,14.5
2024,4,15,8,56,1.04,14.5
2024,4,15,9,26,1.02,14.5
2024,4,15,9,56,1.06,14.5
2024,4,15,10,26,0.98,14.5
2024,4,15,10,56,0.99,14.4
2024,4,15,11,26,1.09,14.4
2024,4,15,11,56,1,14.3
2024,4,15,12,26,0.97,14.3
2024,4,15,12,56,1.05,14.2
2024,4,15,13,26,1.03,14.1
2024,4,15,13,56,0.94,14.2
2024,4,15,14,26,0.92,14.3
2024,4,15,14,56,0.97,14.3
2024,4,15,15,26,1,14.3
2024,4,15,15,56,0.99,14.4
2024,4,15,16,26,0.98,14.7
2024,4,15,16,56,1,15
2024,4,15,17,26,0.92,15.3
2024,4,15,17,56,0.89,15.6
2024,4,15,18,26,0.86,15.7
2024,4,15,18,56,0.85,15.5
2024,4,15,19,26,0.85,15.6
2024,4,15,19,56,0.84,15.7
2024,4,15,20,26,0.81,16.1
2024,4,15,20,56,0.84,15.9
2024,4,15,21,56,0.81,15.4
2024,4,15,22,26,0.82,15.2
2024,4,15,22,56,0.79,15.1
2024,4,15,23,26,0.78,15
2024,4,15,23,56,0.82,15
2024,4,16,0,26,0.87,14.9
2024,4,16,0,56,0.83,14.9
2024,4,16,1,26,0.84,14.8
2024,4,16,1,56,0.89,14.8
2024,4,16,2,26,0.82,14.9
2024,4,16,2,56,0.79,15
2024,4,16,3,26,0.77,14.9
2024,4,16,3,56,0.77,14.8
2024,4,16,4,26,0.78,14.8
2024,4,16,4,56,0.74,14.8
2024,4,16,5,26,0.74,14.8
2024,4,16,5,56,0.75,14.8
2024,4,16,6,26,0.69,14.7
2024,4,16,6,56,0.69,14.7
2024,4,16,7,26,0.72,14.7
2024,4,16,7,56,0.7,14.7
2024,4,16,8,26,0.7,14.7
2024,4,16,8,56,0.7,14.7
2024,4,16,9,26,0.69,14.6
2024,4,16,9,56,0.74,14.7
2024,4,16,10,26,0.74,14.8
2024,4,16,10,56,0.78,14.8
2024,4,16,11,26,0.77,14.8
2024,4,16,11,56,0.77,14.7
2024,4,16,12,26,0.8,14.6
2024,4,16,12,56,0.85,14.7
2024,4,16,13,26,0.83,14.5
2024,4,16,13,56,0.76,14.7
2024,4,16,14,26,0.77,14.7
2024,4,16,14,56,0.78,14.9
2024,4,16,15,26,0.72,14.9
2024,4,16,15,56,0.77,15
2024,4,16,16,26,0.76,15.4
2024,4,16,16,56,0.69,15.5
2024,4,16,17,26,0.76,15.7
2024,4,16,17,56,0.72,16.3
2024,4,16,18,26,0.69,16.3
2024,4,16,18,56,0.65,16.6
2024,4,16,19,26,0.72,16.3
2024,4,16,19,56,0.7,16.4
2024,4,16,20,26,0.65,16
2024,4,16,20,56,0.68,16.1
2024,4,16,21,26,0.68,16
2024,4,16,21,56,0.65,15.7
2024,4,16,22,26,0.73,15.4
2024,4,16,22,56,0.77,15.1
2024,4,16,23,26,0.78,15.1
2024,4,16,23,56,0.88,15.1
2024,4,17,0,26,0.77,15.3
2024,4,17,0,56,0.75,15.3
2024,4,17,1,26,0.78,15.3
2024,4,17,1,56,0.77,15.3
2024,4,17,2,26,0.79,15.2
2024,4,17,2,56,0.86,15.2
2024,4,17,3,26,0.72,15.1
2024,4,17,3,56,0.77,15.1
2024,4,17,4,26,0.71,15.1
2024,4,17,4,56,0.7,15
2024,4,17,5,26,0.71,15
2024,4,17,5,56,0.69,15
2024,4,17,6,26,0.74,14.9
2024,4,17,6,56,0.67,14.9
2024,4,17,7,26,0.74,14.9
2024,4,17,7,56,0.68,14.9
2024,4,17,8,26,0.61,14.8
2024,4,17,8,56,0.73,14.8
2024,4,17,9,26,0.66,14.8
2024,4,17,9,56,0.72,14.8
2024,4,17,10,26,0.74,14.8
2024,4,17,10,56,0.68,14.8
2024,4,17,11,26,0.7,14.8
2024,4,17,11,56,0.67,14.8
2024,4,17,12,26,0.73,14.8
2024,4,17,12,56,0.71,14.8
2024,4,17,13,26,0.85,14.8
2024,4,17,13,56,0.87,14.9
2024,4,17,14,26,0.78,14.9
2024,4,17,14,56,0.83,14.9
2024,4,17,15,26,0.76,15
2024,4,17,15,56,0.77,15.1
2024,4,17,16,26,0.88,15.2
2024,4,17,16,56,0.89,15.3
2024,4,17,17,26,0.8,15.4
2024,4,17,17,56,0.92,15.4
2024,4,17,18,26,0.87,15.6
2024,4,17,18,56,0.94,15.6
2024,4,17,19,26,0.95,15.7
2024,4,17,19,56,0.93,15.6
2024,4,17,20,26,1.03,15.5
2024,4,17,20,56,0.91,15.4
2024,4,17,21,26,1.02,15.2
2024,4,17,21,56,0.97,15.2
2024,4,17,22,26,0.93,15.2
2024,4,17,22,56,1.02,15.1
2024,4,17,23,26,0.93,15.3
2024,4,17,23,56,0.94,15.2
2024,4,18,0,26,0.98,15.1
2024,4,18,0,56,0.98,15
2024,4,18,1,26,1.17,14.9
2024,4,18,1,56,1.02,14.8
2024,4,18,2,26,1.12,14.8
2024,4,18,2,56,1.02,14.8
2024,4,18,3,26,0.85,14.7
2024,4,18,3,56,1.01,14.7
2024,4,18,4,26,0.93,14.7
2024,4,18,4,56,0.93,14.7
2024,4,18,5,26,0.96,14.6
2024,4,18,5,56,0.91,14.6
2024,4,18,6,26,0.84,14.6
2024,4,18,6,56,0.94,14.6
2024,4,18,7,26,0.89,14.6
2024,4,18,7,56,0.87,14.6
2024,4,18,8,26,0.85,14.6
2024,4,18,8,56,0.8,14.6
2024,4,18,9,26,1.02,14.6
2024,4,18,9,56,0.92,14.5
2024,4,18,10,26,0.9,14.6
2024,4,18,10,56,1,14.6
2024,4,18,11,26,0.79,14.5
2024,4,18,11,56,0.85,14.5
2024,4,18,12,26,0.87,14.6
2024,4,18,12,56,0.8,14.6
2024,4,18,13,26,0.82,14.6
2024,4,18,13,56,0.84,14.5
2024,4,18,14,26,0.77,14.5
2024,4,18,14,56,0.79,14.6
2024,4,18,15,26,0.78,14.6
2024,4,18,15,56,0.62,14.6
2024,4,18,16,26,0.79,14.7
2024,4,18,16,56,0.72,14.8
2024,4,18,17,26,0.9,15
2024,4,18,17,56,0.77,15
2024,4,18,18,26,0.82,15.1
2024,4,18,18,56,0.73,15
2024,4,18,19,56,0.75,15.1
2024,4,18,20,26,0.8,15.1
2024,4,18,20,56,0.79,15.3
2024,4,18,21,26,0.69,15.4
2024,4,18,21,56,0.68,15.4
2024,4,18,22,26,0.78,15.7
2024,4,18,22,56,0.81,15.8
2024,4,18,23,26,0.83,15.7
2024,4,18,23,56,0.91,15.5
2024,4,19,0,26,0.86,15.2
2024,4,19,0,56,0.87,15
2024,4,19,1,26,0.76,15.1
2024,4,19,1,56,0.83,15.1
2024,4,19,2,56,0.88,14.9
2024,4,19,3,56,0.88,14.9
2024,4,19,4,26,0.8,14.9
2024,4,19,4,56,0.83,14.9
2024,4,19,5,26,0.77,14.9
2024,4,19,5,56,0.78,14.9
2024,4,19,6,26,0.69,14.9
2024,4,19,6,56,0.77,14.8
2024,4,19,7,26,0.71,14.8
2024,4,19,7,56,0.78,14.8
2024,4,19,8,26,0.74,14.8
2024,4,19,8,56,0.91,14.7
2024,4,19,9,26,0.84,14.7
2024,4,19,9,56,0.86,14.6
2024,4,19,10,26,0.76,14.6
2024,4,19,10,56,0.74,14.5
2024,4,19,11,26,0.71,14.5
2024,4,19,11,56,0.82,14.5
2024,4,19,12,26,0.9,14.5
2024,4,19,12,56,0.75,14.5
2024,4,19,13,26,0.77,14.5
2024,4,19,13,56,0.69,14.5
2024,4,19,14,26,0.8,14.5
2024,4,19,14,56,0.66,14.6
2024,4,19,15,26,0.7,14.7
2024,4,19,15,56,0.83,14.7
2024,4,19,16,26,0.79,14.7
2024,4,19,16,56,0.86,14.9
2024,4,19,17,26,0.8,15
2024,4,19,17,56,0.68,15.2
2024,4,19,18,26,0.75,15.4
2024,4,19,18,56,0.69,15.5
2024,4,19,19,26,0.76,15.6
2024,4,19,19,56,0.71,15.6
2024,4,19,20,26,0.78,15.5
2024,4,19,20,56,0.71,15.6
2024,4,19,21,26,0.69,15.7
2024,4,19,21,56,0.69,15.3
2024,4,19,22,26,0.73,15.5
2024,4,19,22,56,0.89,15.5
2024,4,19,23,26,0.7,15.4
2024,4,19,23,56,0.69,15.5
2024,4,20,0,26,0.8,15.5
2024,4,20,0,56,0.78,15.3
2024,4,20,1,26,0.78,15.2
2024,4,20,1,56,0.8,15.1
2024,4,20,2,26,0.93,15.1
2024,4,20,2,56,0.81,15
2024,4,20,3,26,0.71,14.9
2024,4,20,3,56,0.86,14.9
2024,4,20,4,26,0.86,14.9
2024,4,20,4,56,0.74,14.8
2024,4,20,5,26,0.78,14.8
2024,4,20,5,56,0.78,14.8
2024,4,20,6,26,0.8,14.7
2024,4,20,6,56,0.72,14.7
2024,4,20,7,26,0.77,14.7
2024,4,20,7,56,0.77,14.7
2024,4,20,8,26,0.81,14.7
2024,4,20,8,56,0.75,14.7
2024,4,20,9,26,0.75,14.7
2024,4,20,9,56,0.74,14.6
2024,4,20,10,26,0.66,14.6
2024,4,20,10,56,0.77,14.6
2024,4,20,11,26,0.77,14.6
2024,4,20,12,26,0.73,14.7
2024,4,20,12,56,0.8,14.7
2024,4,20,13,26,0.69,14.6
2024,4,20,13,56,0.71,14.7
2024,4,20,14,26,0.77,14.7
2024,4,20,14,56,0.69,14.7
2024,4,20,15,26,0.63,14.7
2024,4,20,15,56,0.71,14.7
2024,4,20,16,26,0.79,14.8
2024,4,20,16,56,0.74,14.8
2024,4,20,17,26,0.77,14.9
2024,4,20,18,26,0.73,15.1
2024,4,20,18,56,0.76,15.3
2024,4,20,19,26,0.76,15.4
2024,4,20,20,56,0.69,15.6
2024,4,20,21,26,0.71,15.6
2024,4,20,21,56,0.74,15.6
2024,4,20,22,26,0.75,15.6
2024,4,20,22,56,0.72,15.6
2024,4,20,23,26,0.71,15.6
2024,4,20,23,56,0.64,15.7
2024,4,21,0,26,0.66,15.5
2024,4,21,0,56,0.68,15.3
2024,4,21,1,26,0.8,15.3
2024,4,21,1,56,0.8,15.1
2024,4,21,2,26,0.86,15
2024,4,21,2,56,0.84,14.9
2024,4,21,3,26,0.7,14.9
2024,4,21,3,56,0.69,14.9
2024,4,21,4,26,0.72,14.9
2024,4,21,4,56,0.8,14.9
2024,4,21,5,26,0.8,14.9
2024,4,21,5,56,0.9,14.8
2024,4,21,6,26,0.77,14.7
2024,4,21,6,56,0.92,14.6
2024,4,21,7,26,0.74,14.6
2024,4,21,7,56,0.76,14.6
2024,4,21,8,26,0.74,14.6
2024,4,21,8,56,0.72,14.6
2024,4,21,9,26,0.74,14.6
2024,4,21,9,56,0.79,14.7
2024,4,21,10,26,0.72,14.7
2024,4,21,10,56,0.68,14.7
2024,4,21,11,26,0.75,14.8
2024,4,21,11,56,0.72,14.8
2024,4,21,12,26,0.7,14.8
2024,4,21,12,56,0.78,14.9
2024,4,21,13,26,0.9,14.9
2024,4,21,13,56,0.81,14.9
2024,4,21,14,26,0.73,14.9
2024,4,21,14,56,0.75,14.9
2024,4,21,15,26,0.87,14.9
2024,4,21,15,56,0.87,15
2024,4,21,16,26,0.81,15.1
2024,4,21,16,56,0.82,15.1
2024,4,21,17,26,0.84,15.1
2024,4,21,17,56,0.94,15.2
2024,4,21,18,56,0.77,15.2
2024,4,21,19,26,0.82,15.2
2024,4,21,20,26,0.84,15.1
2024,4,21,20,56,0.83,15.1
2024,4,21,21,56,0.82,15.2
2024,4,21,22,26,0.87,15.2
2024,4,21,22,56,0.81,15.2
2024,4,21,23,26,0.84,15
2024,4,21,23,56,0.84,15
2024,4,22,0,26,0.9,15
2024,4,22,0,56,0.84,15.1
2024,4,22,1,26,0.82,15.1
2024,4,22,1,56,0.89,15
2024,4,22,2,26,0.86,15.1
2024,4,22,2,56,0.77,15.1
2024,4,22,3,26,0.87,15.1
2024,4,22,3,56,0.86,15
2024,4,22,4,26,0.82,15
2024,4,22,4,56,0.76,15
2024,4,22,5,26,0.9,15
2024,4,22,5,56,0.96,15
2024,4,22,6,26,0.88,15
2024,4,22,6,56,0.89,14.9
2024,4,22,7,26,0.91,15
2024,4,22,7,56,0.86,14.9
2024,4,22,8,26,1.01,14.9
2024,4,22,8,56,1.1,14.9
2024,4,22,9,26,0.92,14.9
2024,4,22,9,56,0.8,14.9
2024,4,22,10,26,0.82,14.8
2024,4,22,10,56,0.94,14.8
2024,4,22,11,26,0.86,14.9
2024,4,22,11,56,0.8,14.9
2024,4,22,12,26,0.85,14.9
2024,4,22,12,56,0.76,14.8
2024,4,22,13,26,0.85,14.8
2024,4,22,13,56,0.93,14.8
2024,4,22,14,26,0.86,14.8
2024,4,22,14,56,0.85,14.8
2024,4,22,15,26,0.88,14.8
2024,4,22,15,56,0.95,14.7
2024,4,22,16,26,1.01,14.8
2024,4,22,16,56,0.97,14.9
2024,4,22,17,56,1.02,14.9
2024,4,22,18,26,0.94,15
2024,4,22,18,56,1.02,15.1
2024,4,22,19,26,0.99,15.1
2024,4,22,19,56,0.92,15.1
2024,4,22,20,56,1.09,15.3
2024,4,22,21,26,0.83,15.4
2024,4,22,21,56,0.84,15.4
2024,4,22,22,26,0.9,15.3
2024,4,22,22,56,0.79,15.3
2024,4,22,23,26,0.83,15.3
2024,4,22,23,56,1,15.2
2024,4,23,0,26,0.94,15.2
2024,4,23,0,56,0.92,15.1
2024,4,23,1,26,0.89,15.1
2024,4,23,1,56,0.84,15.1
2024,4,23,2,26,0.91,15.1
2024,4,23,2,56,0.98,15.1
2024,4,23,3,26,0.81,15.1
2024,4,23,3,56,1.01,15.1
2024,4,23,4,26,0.88,15.1
2024,4,23,4,56,0.74,15.1
2024,4,23,5,56,0.95,15
2024,4,23,6,26,0.81,15
2024,4,23,6,56,0.93,15
2024,4,23,7,26,1.13,14.9
2024,4,23,7,56,0.98,15
2024,4,23,8,26,0.98,15
2024,4,23,8,56,0.81,15
2024,4,23,9,26,1.06,15
2024,4,23,9,56,0.83,15
2024,4,23,10,26,0.93,15
2024,4,23,10,56,0.94,15.1
2024,4,23,11,26,0.89,15
2024,4,23,11,56,1.01,15
2024,4,23,12,26,0.9,15
2024,4,23,12,56,0.97,15
2024,4,23,13,26,0.97,15
2024,4,23,13,56,1.09,15
2024,4,23,14,26,1.08,15
2024,4,23,14,56,1,15
2024,4,23,15,26,1.04,15
2024,4,23,15,56,0.91,15
2024,4,23,16,26,0.97,15
2024,4,23,16,56,1.06,15
2024,4,23,17,26,0.99,15
2024,4,23,17,56,0.91,15
2024,4,23,18,26,1.07,15.1
2024,4,23,18,56,1.05,15.1
2024,4,23,19,26,0.96,15.1
2024,4,23,19,56,1.14,15.1
2024,4,23,20,26,1.07,15.2
2024,4,23,20,56,0.98,15.1
2024,4,23,21,26,1.07,15.2
2024,4,23,21,56,1.05,15.2
2024,4,23,22,26,1.05,15.2
2024,4,23,22,56,1.04,15.2
2024,4,23,23,26,1.04,15.2
2024,4,23,23,56,0.95,15.2
2024,4,24,0,26,1.02,15.2
2024,4,24,0,56,1.02,15.2
2024,4,24,1,26,1.03,15.1
2024,4,24,1,56,1.06,15.1
2024,4,24,2,26,0.89,15
2024,4,24,2,56,1.03,15
2024,4,24,3,26,0.96,15
2024,4,24,3,56,0.93,14.9
2024,4,24,4,26,0.92,14.8
2024,4,24,4,56,0.93,14.8
2024,4,24,5,26,0.95,14.8
2024,4,24,5,56,0.86,14.8
2024,4,24,6,26,0.98,14.8
2024,4,24,6,56,1.03,14.8
2024,4,24,7,26,1.09,14.8
2024,4,24,7,56,1.05,14.8
2024,4,24,8,26,0.99,14.7
2024,4,24,8,56,0.99,14.7
2024,4,24,9,26,1.06,14.7
2024,4,24,9,56,1,14.7
2024,4,24,10,26,1.02,14.7
2024,4,24,10,56,1.1,14.7
2024,4,24,11,26,1,14.6
2024,4,24,11,56,0.96,14.5
2024,4,24,12,26,1,14.4
2024,4,24,12,56,1.01,14.2
2024,4,24,13,26,0.97,14.2
2024,4,24,13,56,0.92,14.2
2024,4,24,14,26,0.86,14.2
2024,4,24,14,56,0.95,14.2
2024,4,24,15,26,0.97,14.3
2024,4,24,15,56,1,14.3
2024,4,24,16,26,0.97,14.4
2024,4,24,16,56,0.98,14.4
2024,4,24,17,26,0.99,14.5
2024,4,24,17,56,1.09,14.5
2024,4,24,18,26,0.95,14.6
2024,4,24,18,56,1.05,14.6
2024,4,24,19,26,1.1,14.7
2024,4,24,19,56,1.17,14.7
2024,4,24,20,26,1.02,14.8
2024,4,24,20,56,1.14,14.8
2024,4,24,21,26,1.11,14.8
2024,4,24,21,56,1,14.7
2024,4,24,22,26,1.1,14.6
2024,4,24,22,56,1.17,14.6
2024,4,24,23,26,1.16,14.6
2024,4,24,23,56,1.28,14.6
2024,4,25,0,26,1.23,14.5
2024,4,25,0,56,1.22,14.4
2024,4,25,1,26,1.19,14.3
2024,4,25,1,56,1.12,14.1
2024,4,25,2,26,1.14,14.1
2024,4,25,2,56,1.08,14.1
2024,4,25,3,26,1.16,13.9
2024,4,25,3,56,1.15,13.8
2024,4,25,4,26,1.19,13.8
2024,4,25,4,56,1.08,13.7
2024,4,25,5,26,1.11,13.7
2024,4,25,5,56,1.13,13.7
2024,4,25,6,26,1.05,13.8
2024,4,25,6,56,1.14,13.9
2024,4,25,7,26,1.2,13.9
2024,4,25,7,56,1.17,13.9
2024,4,25,8,26,1.08,13.9
2024,4,25,8,56,1.17,13.9
2024,4,25,9,26,1.13,13.9
2024,4,25,9,56,1.22,13.9
2024,4,25,10,26,1.15,13.9
2024,4,25,10,56,1.2,13.9
2024,4,25,11,26,1.17,13.8
2024,4,25,11,56,1.17,13.8
2024,4,25,12,26,1.17,13.8
2024,4,25,12,56,1.08,13.8
2024,4,25,13,26,1.02,13.7
2024,4,25,13,56,1.02,13.7
2024,4,25,14,26,1.05,13.7
2024,4,25,14,56,1.14,13.6
2024,4,25,15,26,1.06,13.6
2024,4,25,15,56,1.19,13.7
2024,4,25,16,26,1,13.6
2024,4,25,16,56,1.02,13.7
2024,4,25,17,26,1.07,13.7
2024,4,25,17,56,1.13,13.8
2024,4,25,18,26,1.01,14
2024,4,25,18,56,1.02,14.2
2024,4,25,19,26,1.18,14.4
2024,4,25,19,56,1.11,14.5
2024,4,25,20,26,1.05,14.8
2024,4,25,20,56,0.97,14.9
2024,4,25,21,26,1.03,14.9
2024,4,25,21,56,1,14.9
2024,4,25,22,26,0.99,15
2024,4,25,22,56,0.99,15
2024,4,25,23,26,0.98,15
2024,4,25,23,56,1.03,14.9
2024,4,26,0,26,1.09,14.7
2024,4,26,0,56,1.02,14.5
2024,4,26,1,26,0.91,14.4
2024,4,26,1,56,0.94,14.3
2024,4,26,2,26,1.01,14.4
2024,4,26,2,56,0.88,14.3
2024,4,26,3,26,1.02,14.2
2024,4,26,3,56,0.95,14.2
2024,4,26,4,26,0.9,14.2
2024,4,26,4,56,0.91,14.2
2024,4,26,5,26,0.92,14.2
2024,4,26,5,56,0.94,14.1
2024,4,26,6,26,0.82,14.2
2024,4,26,6,56,0.96,14.1
2024,4,26,7,26,0.93,14.2
2024,4,26,7,56,1.05,14.2
2024,4,26,8,26,1.07,14.2
2024,4,26,8,56,1.06,14.2
2024,4,26,9,26,1.14,14.1
2024,4,26,9,56,1.1,14.2
2024,4,26,10,26,1.04,14.2
2024,4,26,10,56,1.06,14.2
2024,4,26,11,26,1.17,14.2
2024,4,26,11,56,1.15,14.2
2024,4,26,12,26,1.15,14.1
2024,4,26,12,56,1.06,14.2
2024,4,26,13,26,1.04,14.2
2024,4,26,13,56,1.14,14.2
2024,4,26,14,26,1.12,14.2
2024,4,26,14,56,1.14,14.2
2024,4,26,15,26,1.09,14.2
2024,4,26,15,56,1.06,14.3
2024,4,26,16,26,1.08,14.3
2024,4,26,16,56,1.09,14.4
2024,4,26,17,26,1.15,14.5
2024,4,26,17,56,1.17,14.6
2024,4,26,18,26,1.25,14.7
2024,4,26,18,56,1.22,14.7
2024,4,26,19,26,1.34,14.7
2024,4,26,19,56,1.31,14.7
2024,4,26,20,26,1.33,14.7
2024,4,26,20,56,1.22,14.7
2024,4,26,21,26,1.31,14.8
2024,4,26,21,56,1.3,14.8
2024,4,26,22,26,1.3,14.8
2024,4,26,22,56,1.31,14.7
2024,4,26,23,26,1.29,14.6
2024,4,26,23,56,1.44,14.6
2024,4,27,0,26,1.31,14.5
2024,4,27,0,56,1.48,14.5
2024,4,27,1,26,1.61,14.3
2024,4,27,1,56,1.64,14.2
2024,4,27,2,26,1.69,14
2024,4,27,2,56,1.67,13.9
2024,4,27,3,26,1.63,13.7
2024,4,27,3,56,1.75,13.6
2024,4,27,4,26,1.65,13.6
2024,4,27,4,56,1.61,13.6
2024,4,27,5,26,1.53,13.5
2024,4,27,5,56,1.64,13.5
2024,4,27,6,26,1.57,13.5
2024,4,27,6,56,1.53,13.5
2024,4,27,7,26,1.48,13.5
2024,4,27,7,56,1.57,13.5
2024,4,27,8,26,1.56,13.5
2024,4,27,8,56,1.58,13.5
2024,4,27,9,26,1.48,13.6
2024,4,27,9,56,1.48,13.7
2024,4,27,10,26,1.37,13.7
2024,4,27,10,56,1.3,13.7
2024,4,27,11,26,1.36,13.5
2024,4,27,11,56,1.3,13.5
2024,4,27,12,26,1.26,13.5
2024,4,27,12,56,1.34,13.4
2024,4,27,13,26,1.34,13.6
2024,4,27,13,56,1.27,13.6
2024,4,27,14,26,1.21,13.7
2024,4,27,14,56,1.15,13.7
2024,4,27,15,26,1.16,13.9
2024,4,27,15,56,1.13,14.1
2024,4,27,16,26,1.1,14.5
2024,4,27,16,56,1.07,14.7
2024,4,27,17,26,1.12,15.2
2024,4,27,17,56,1.11,15.6
2024,4,27,18,26,1.2,16
2024,4,27,18,56,1.09,16.5
2024,4,27,19,26,1.09,16.6
2024,4,27,19,56,1.13,15.8
2024,4,27,20,26,1.1,15.7
2024,4,27,20,56,1.08,15.6
2024,4,27,21,26,1.1,15.5
2024,4,27,21,56,1.08,15.4
2024,4,27,22,26,1.05,15.2
2024,4,27,22,56,1.12,15.1
2024,4,27,23,26,1.05,15
2024,4,27,23,56,1.1,15
2024,4,28,0,26,1.04,15
2024,4,28,0,56,0.94,15
2024,4,28,1,26,0.95,14.9
2024,4,28,1,56,1.02,14.8
2024,4,28,2,26,0.98,14.9
2024,4,28,2,56,1.03,14.8
2024,4,28,3,26,0.92,14.7
2024,4,28,3,56,0.98,14.7
2024,4,28,4,26,0.87,14.8
2024,4,28,4,56,0.84,15.1
2024,4,28,5,26,0.85,15
2024,4,28,5,56,0.87,15
2024,4,28,6,26,0.91,15
2024,4,28,6,56,0.87,15
2024,4,28,7,26,0.98,15
2024,4,28,7,56,0.96,14.9
2024,4,28,8,26,0.97,14.8
2024,4,28,8,56,0.95,14.7
2024,4,28,9,26,0.99,14.7
2024,4,28,9,56,0.94,14.6
2024,4,28,10,26,0.92,14.6
2024,4,28,10,56,0.95,14.6
2024,4,28,11,26,0.95,14.6
2024,4,28,11,56,1,14.6
2024,4,28,12,26,0.91,14.6
2024,4,28,12,56,0.91,14.5
2024,4,28,13,26,0.86,14.5
2024,4,28,13,56,0.77,14.5
2024,4,28,14,26,0.79,14.5
2024,4,28,14,56,0.77,14.6
2024,4,28,15,26,0.82,14.7
2024,4,28,15,56,0.82,14.8
2024,4,28,16,26,0.86,15
2024,4,28,16,56,0.86,15.4
2024,4,28,17,26,0.89,15.6
2024,4,28,17,56,0.88,15.7
2024,4,28,18,26,0.87,15.8
2024,4,28,18,56,0.95,15.9
2024,4,28,19,26,1,16
2024,4,28,19,56,0.91,15.7
2024,4,28,20,26,0.95,16
2024,4,28,20,56,0.93,15.9
2024,4,28,21,26,0.87,15.8
2024,4,28,21,56,0.93,15.7
2024,4,28,22,26,0.91,15.7
2024,4,28,22,56,0.88,15.5
2024,4,28,23,26,0.94,15.3
2024,4,28,23,56,0.93,15.1
2024,4,29,0,26,0.9,15.1
2024,4,29,0,56,0.95,15
2024,4,29,1,26,0.95,15
2024,4,29,1,56,0.92,15
2024,4,29,2,26,0.96,14.9
2024,4,29,2,56,0.83,15.1
2024,4,29,3,26,0.82,15.1
2024,4,29,3,56,0.81,15.2
2024,4,29,4,26,0.77,15.3
2024,4,29,4,56,0.78,15.2
2024,4,29,5,26,0.75,15.2
2024,4,29,5,56,0.79,15.2
2024,4,29,6,26,0.79,15.2
2024,4,29,6,56,0.77,15.2
2024,4,29,7,26,0.76,15.2
2024,4,29,7,56,0.75,15.2
2024,4,29,8,26,0.76,15.1
2024,4,29,8,56,0.77,15
2024,4,29,9,26,0.77,15
2024,4,29,9,56,0.85,15
2024,4,29,10,26,0.86,15
2024,4,29,10,56,0.87,15
2024,4,29,11,26,0.83,15
2024,4,29,11,56,0.77,14.9
2024,4,29,12,26,0.81,14.9
2024,4,29,12,56,0.8,14.9
2024,4,29,13,26,0.8,14.9
2024,4,29,13,56,0.8,14.9
2024,4,29,14,26,0.79,14.9
2024,4,29,14,56,0.79,14.9
2024,4,29,15,26,0.82,15
2024,4,29,15,56,0.84,15.1
2024,4,29,16,26,0.87,15.1
2024,4,29,16,56,0.79,15.2
2024,4,29,17,26,0.84,15.4
2024,4,29,17,56,0.82,15.5
2024,4,29,18,26,0.83,15.6
2024,4,29,18,56,0.81,15.7
2024,4,29,19,26,0.84,15.9
2024,4,29,19,56,0.86,16
2024,4,29,20,26,0.83,15.8
2024,4,29,20,56,0.9,15.8
2024,4,29,21,26,0.92,15.7
2024,4,29,21,56,0.92,15.7
2024,4,29,22,26,0.96,15.6
2024,4,29,22,56,0.94,15.6
2024,4,29,23,26,0.94,15.6
2024,4,29,23,56,0.94,15.5
2024,4,30,0,26,0.93,15.5
2024,4,30,0,56,0.96,15.5
2024,4,30,1,26,1.01,15.4
2024,4,30,1,56,0.97,15.4
2024,4,30,2,26,0.92,15.4
2024,4,30,2,56,0.94,15.3
2024,4,30,3,26,0.9,15.3
2024,4,30,3,56,0.88,15.3
2024,4,30,4,26,0.91,15.3
2024,4,30,4,56,0.9,15.2
2024,4,30,5,26,0.88,15.2
2024,4,30,5,56,0.85,15.2
2024,4,30,6,26,0.9,15.2
2024,4,30,6,56,0.91,15.2
2024,4,30,7,26,0.81,15.2
2024,4,30,7,56,0.87,15.2
2024,4,30,8,26,0.87,15.2
2024,4,30,8,56,0.88,15.2
2024,4,30,9,26,0.9,15.2
2024,4,30,9,56,0.88,15.2
2024,4,30,10,26,0.91,15.2
2024,4,30,10,56,0.94,15.2
2024,4,30,11,26,0.96,15.2
2024,4,30,11,56,1.01,15.2
2024,4,30,12,26,1,15.3
2024,4,30,12,56,1.01,15.3
2024,4,30,13,26,1.01,15.4
2024,4,30,13,56,0.99,15.4
2024,4,30,14,26,0.94,15.4
2024,4,30,14,56,1.02,15.4
2024,4,30,15,26,0.96,15.5
2024,4,30,15,56,0.95,15.6
2024,4,30,16,26,0.87,15.7
2024,4,30,16,56,0.87,15.8
2024,4,30,17,26,0.91,15.8
2024,4,30,17,56,0.85,16
2024,4,30,18,26,0.82,16.1
2024,4,30,18,56,0.83,16.3
2024,4,30,19,26,0.78,16.4
2024,4,30,19,56,0.87,16.4
2024,4,30,20,26,0.85,16.4
2024,4,30,20,56,0.87,16.4
2024,4,30,21,26,0.87,16.4
2024,4,30,21,56,0.91,16.5
2024,4,30,22,26,0.91,16.6
2024,4,30,22,56,0.97,16.5
2024,4,30,23,26,0.95,16.4
2024,4,30,23,56,1.02,16.3
2024,5,1,0,26,1.01,16.2
2024,5,1,0,56,0.97,16.1
2024,5,1,1,26,0.97,16
2024,5,1,1,56,0.99,15.9
2024,5,1,2,26,0.99,15.9
2024,5,1,2,56,0.89,15.8
2024,5,1,3,26,0.88,15.8
2024,5,1,3,56,0.87,15.8
2024,5,1,4,26,0.87,15.7
2024,5,1,4,56,0.85,15.8
2024,5,1,5,26,0.77,15.8
2024,5,1,5,56,0.74,15.8
2024,5,1,6,26,0.78,15.8
2024,5,1,6,56,0.77,15.8
2024,5,1,7,26,0.83,15.8
2024,5,1,7,56,0.81,15.8
2024,5,1,8,26,0.79,15.8
2024,5,1,8,56,0.84,15.8
2024,5,1,9,26,0.94,15.8
2024,5,1,9,56,0.97,15.8
2024,5,1,10,26,1.01,15.7
2024,5,1,10,56,0.99,15.6
2024,5,1,11,26,0.99,15.6
2024,5,1,11,56,0.96,15.7
2024,5,1,12,26,0.97,15.7
2024,5,1,12,56,1.01,15.7
2024,5,1,13,26,1.01,15.7
2024,5,1,13,56,1.02,15.7
2024,5,1,14,26,1.01,15.8
2024,5,1,14,56,0.99,15.8
2024,5,1,15,26,1.07,15.8
2024,5,1,15,56,0.98,15.9
2024,5,1,16,26,0.99,16.1
2024,5,1,16,56,1.03,16.3
2024,5,1,17,26,0.92,16.4
2024,5,1,17,56,0.93,16.5
2024,5,1,18,26,0.88,16.6
2024,5,1,18,56,0.88,16.6
2024,5,1,19,26,0.9,16.7
2024,5,1,19,56,0.88,16.7
2024,5,1,20,26,0.83,16.7
2024,5,1,20,56,0.83,16.6
2024,5,1,21,26,0.83,16.6
2024,5,1,21,56,0.86,16.5
2024,5,1,22,26,0.85,16.6
2024,5,1,22,56,0.87,16.6
2024,5,1,23,26,0.85,16.4
2024,5,1,23,56,0.8,16.4
2024,5,2,0,26,0.84,16.4
2024,5,2,0,56,0.87,16.3
2024,5,2,1,26,0.89,16.2
2024,5,2,1,56,0.88,16.3
2024,5,2,2,26,0.81,16.3
2024,5,2,2,56,0.83,16.1
2024,5,2,3,26,0.81,16.1
2024,5,2,3,56,0.83,16.1
2024,5,2,4,26,0.83,16.1
2024,5,2,4,56,0.78,16.2
2024,5,2,5,26,0.76,16.2
2024,5,2,5,56,0.78,16.2
2024,5,2,6,26,0.85,16.2
2024,5,2,6,56,0.77,16.2
2024,5,2,7,26,0.75,16.2
2024,5,2,7,56,0.75,16.2
2024,5,2,8,26,0.75,16.3
2024,5,2,8,56,0.77,16.3
2024,5,2,9,26,0.7,16.3
2024,5,2,9,56,0.73,16.3
2024,5,2,10,26,0.77,16.3
2024,5,2,10,56,0.76,16.3
2024,5,2,11,26,0.8,16.2
2024,5,2,11,56,0.77,16.2
2024,5,2,12,26,0.87,16.2
2024,5,2,12,56,0.83,16.2
2024,5,2,13,26,0.83,16.2
2024,5,2,13,56,0.83,16.2
2024,5,2,14,26,0.84,16.2
2024,5,2,14,56,0.84,16.2
2024,5,2,15,26,0.83,16.2
2024,5,2,15,56,0.88,16.2
2024,5,2,16,26,0.83,16.2
2024,5,2,16,56,0.83,16.3
2024,5,2,17,26,0.78,16.3
2024,5,2,17,56,0.76,16.3
2024,5,2,18,26,0.75,16.4
2024,5,2,18,56,0.67,16.5
2024,5,2,19,26,0.7,16.8
2024,5,2,19,56,0.71,16.7
2024,5,2,20,26,0.68,16.9
2024,5,2,20,56,0.7,17.2
2024,5,2,21,26,0.64,17.3
2024,5,2,21,56,0.62,17.2
2024,5,2,22,26,0.65,17.3
2024,5,2,22,56,0.66,17.2
2024,5,2,23,26,0.67,17.1
2024,5,2,23,56,0.63,17
2024,5,3,0,26,0.67,16.9
2024,5,3,0,56,0.67,16.8
2024,5,3,1,26,0.7,16.8
2024,5,3,1,56,0.73,16.7
2024,5,3,2,26,0.71,16.6
2024,5,3,2,56,0.71,16.6
2024,5,3,3,26,0.69,16.5
2024,5,3,3,56,0.72,16.4
2024,5,3,4,26,0.7,16.5
2024,5,3,4,56,0.73,16.5
2024,5,3,5,26,0.76,16.5
2024,5,3,5,56,0.76,16.5
2024,5,3,6,26,0.73,16.5
2024,5,3,6,56,0.83,16.5
2024,5,3,7,26,0.74,16.5
2024,5,3,7,56,0.69,16.6
2024,5,3,8,26,0.73,16.6
2024,5,3,8,56,0.67,16.5
2024,5,3,9,26,0.7,16.5
2024,5,3,9,56,0.67,16.5
2024,5,3,10,26,0.73,16.5
2024,5,3,10,56,0.72,16.6
2024,5,3,11,26,0.68,16.6
2024,5,3,11,56,0.76,16.6
2024,5,3,12,26,0.82,16.6
2024,5,3,12,56,0.78,16.7
2024,5,3,13,26,0.77,16.8
2024,5,3,13,56,0.78,16.6
2024,5,3,14,26,0.83,16.8
2024,5,3,14,56,0.84,16.8
2024,5,3,15,26,0.92,16.7
2024,5,3,15,56,0.89,16.7
2024,5,3,16,26,0.91,16.7
2024,5,3,16,56,0.86,16.7
2024,5,3,17,26,0.84,16.7
2024,5,3,17,56,0.88,16.8
2024,5,3,18,26,0.81,16.9
2024,5,3,18,56,0.8,16.9
2024,5,3,19,26,0.78,16.9
2024,5,3,19,56,0.74,17
2024,5,3,20,26,0.82,17.2
2024,5,3,20,56,0.81,17.3
2024,5,3,21,26,0.74,17.3
2024,5,3,21,56,0.75,17.3
2024,5,3,22,26,0.77,17.3
2024,5,3,22,56,0.82,17.2
2024,5,3,23,26,0.74,17.2
2024,5,3,23,56,0.81,17.2
2024,5,4,0,26,0.78,17.2
2024,5,4,0,56,0.82,17.1
2024,5,4,1,26,0.78,17.1
2024,5,4,1,56,0.75,17.1
2024,5,4,2,26,0.73,17
2024,5,4,2,56,0.8,16.9
2024,5,4,3,26,0.72,16.9
2024,5,4,3,56,0.7,17
2024,5,4,4,26,0.72,17
2024,5,4,4,56,0.68,17
2024,5,4,5,26,0.68,17.1
2024,5,4,5,56,0.64,17.1
2024,5,4,6,26,0.67,17.1
2024,5,4,6,56,0.69,17.2
2024,5,4,7,26,0.68,17.2
2024,5,4,7,56,0.69,17.1
2024,5,4,8,26,0.67,17.1
2024,5,4,8,56,0.72,17
2024,5,4,9,26,0.72,17
2024,5,4,9,56,0.76,17
2024,5,4,10,26,0.74,17
2024,5,4,10,56,0.73,17
2024,5,4,11,26,0.67,16.9
2024,5,4,11,56,0.76,16.9
2024,5,4,12,26,0.71,16.8
2024,5,4,12,56,0.68,16.8
2024,5,4,13,26,0.72,17
2024,5,4,13,56,0.74,17.1
2024,5,4,14,26,0.69,17.1
2024,5,4,14,56,0.75,17.1
2024,5,4,15,26,0.83,17.1
2024,5,4,15,56,0.72,17.1
2024,5,4,16,26,0.81,17.1
2024,5,4,16,56,0.81,17.1
2024,5,4,17,26,0.79,17.2
2024,5,4,17,56,0.76,17.2
2024,5,4,18,26,0.85,17.3
2024,5,4,18,56,0.77,17.4
2024,5,4,19,26,0.73,17.4
2024,5,4,19,56,0.79,17.4
2024,5,4,20,26,0.88,17.5
2024,5,4,20,56,0.72,17.5
2024,5,4,21,26,0.74,17.5
2024,5,4,21,56,0.78,17.4
2024,5,4,22,26,0.84,17.3
2024,5,4,22,56,0.81,17.3
2024,5,4,23,26,0.74,17.2
2024,5,4,23,56,0.74,17.2
2024,5,5,0,26,0.86,17.1
2024,5,5,0,56,0.77,17
2024,5,5,1,26,0.79,16.9
2024,5,5,1,56,0.79,16.9
2024,5,5,2,26,0.81,16.8
2024,5,5,2,56,0.77,16.8
2024,5,5,3,26,0.78,16.7
2024,5,5,3,56,0.74,16.7
2024,5,5,4,26,0.81,16.7
2024,5,5,4,56,0.68,16.7
2024,5,5,5,26,0.69,16.7
2024,5,5,5,56,0.73,16.7
2024,5,5,6,26,0.77,16.7
2024,5,5,6,56,0.81,16.8
2024,5,5,7,26,0.8,16.7
2024,5,5,7,56,0.79,16.6
2024,5,5,8,26,0.82,16.6
2024,5,5,8,56,0.95,16.6
2024,5,5,9,26,0.82,16.6
2024,5,5,9,56,0.88,16.6
2024,5,5,10,26,0.82,16.6
2024,5,5,10,56,0.92,16.5
2024,5,5,11,26,1.03,16.4
2024,5,5,11,56,1,16.3
2024,5,5,12,26,0.93,16.3
2024,5,5,12,56,0.94,16.3
2024,5,5,13,26,0.99,16.1
2024,5,5,13,56,1,16
2024,5,5,14,26,1.05,16
2024,5,5,14,56,1.11,16
2024,5,5,15,26,1.26,15.9
2024,5,5,15,56,1.36,15.9
2024,5,5,16,26,1.39,16
2024,5,5,16,56,1.51,16
2024,5,5,17,26,1.6,15.9
2024,5,5,17,56,1.42,15.9
2024,5,5,18,26,1.27,15.9
2024,5,5,18,56,1.26,15.8
2024,5,5,19,26,1.32,15.5
2024,5,5,19,56,1.24,15.3
2024,5,5,20,26,1.24,15.3
2024,5,5,20,56,1.18,15.1
2024,5,5,21,26,1.31,15
2024,5,5,21,56,1.3,15
2024,5,5,22,26,1.26,14.9
2024,5,5,22,56,1.31,14.7
2024,5,5,23,26,1.26,14.2
2024,5,5,23,56,1.24,14.1
2024,5,6,0,26,1.29,13.8
2024,5,6,0,56,1.16,13.6
2024,5,6,1,26,1.23,13.5
2024,5,6,1,56,1.2,13.4
2024,5,6,2,26,1.15,13.4
2024,5,6,2,56,1.18,13.3
2024,5,6,3,26,1.11,13.3
2024,5,6,3,56,1.08,13.3
2024,5,6,4,26,1.11,13.3
2024,5,6,4,56,1.14,13.3
2024,5,6,5,26,1.16,13.3
2024,5,6,5,56,1.25,13.5
2024,5,6,6,26,1.21,13.6
2024,5,6,6,56,1.15,14
2024,5,6,7,26,1.16,14.4
2024,5,6,7,56,1.1,14.7
2024,5,6,8,26,1.06,14.4
2024,5,6,8,56,1.12,14
2024,5,6,9,26,1.1,13.8
2024,5,6,9,56,1.1,14
2024,5,6,10,26,1.13,14.1
2024,5,6,10,56,1.04,14
2024,5,6,11,26,1.1,14
2024,5,6,11,56,1.02,13.9
2024,5,6,12,26,1.04,13.8
2024,5,6,12,56,1.04,13.8
2024,5,6,13,26,1.05,13.6
2024,5,6,13,56,0.97,13.6
2024,5,6,14,26,0.97,13.8
2024,5,6,14,56,0.97,13.9
2024,5,6,15,26,1.02,13.9
2024,5,6,15,56,0.98,14.1
2024,5,6,16,26,0.96,14.5
2024,5,6,16,56,1,14.7
2024,5,6,17,26,0.93,14.8
2024,5,6,17,56,0.99,15.3
2024,5,6,18,26,0.9,15.3
2024,5,6,18,56,0.9,15
2024,5,6,19,26,0.94,14.7
2024,5,6,19,56,0.78,14.8
2024,5,6,20,26,0.78,14.7
2024,5,6,20,56,0.77,14.4
2024,5,6,21,26,0.87,14.3
2024,5,6,21,56,0.86,14.3
2024,5,6,22,26,0.85,14.3
2024,5,6,22,56,0.89,14.4
2024,5,6,23,26,0.93,14.4
2024,5,6,23,56,0.91,14.6
2024,5,7,0,26,0.95,15.1
2024,5,7,0,56,0.9,15.2
2024,5,7,1,26,0.86,15.2
2024,5,7,1,56,0.92,15.1
2024,5,7,2,26,0.92,15
2024,5,7,2,56,0.93,14.9
2024,5,7,3,26,0.86,14.8
2024,5,7,3,56,0.92,14.8
2024,5,7,4,26,0.9,14.8
2024,5,7,4,56,0.96,14.8
2024,5,7,5,26,1,14.8
2024,5,7,5,56,1.01,14.7
2024,5,7,6,26,1.01,14.7
2024,5,7,6,56,1,14.6
2024,5,7,7,26,1.08,14.6
2024,5,7,7,56,1.05,14.5
2024,5,7,8,26,1.05,14.4
2024,5,7,8,56,1.11,14.3
2024,5,7,9,26,1.03,14.3
2024,5,7,9,56,1.05,14.3
2024,5,7,10,26,1.12,14.2
2024,5,7,10,56,1.06,14.2
2024,5,7,11,26,0.95,14.2
2024,5,7,11,56,1.09,14.3
2024,5,7,12,26,1.05,14.3
2024,5,7,12,56,1,14.3
2024,5,7,13,26,1.11,14.5
2024,5,7,13,56,1.02,14.4
2024,5,7,14,26,1.08,14.5
2024,5,7,14,56,1.12,14.7
2024,5,7,15,26,1.05,14.8
2024,5,7,15,56,1.05,15
2024,5,7,16,26,1.01,15.2
2024,5,7,16,56,1.02,15.3
2024,5,7,17,26,0.95,15.3
2024,5,7,17,56,1.01,15.3
2024,5,7,18,26,1.17,15.6
2024,5,7,18,56,0.97,15.7
2024,5,7,19,26,0.92,15.7
2024,5,7,19,56,1.1,15.7
2024,5,7,20,26,0.96,15.7
2024,5,7,20,56,1.02,15.7
2024,5,7,21,26,1,15.7
2024,5,7,21,56,1.07,15.7
2024,5,7,22,26,0.97,15.8
2024,5,7,22,56,0.92,15.8
2024,5,7,23,26,1.05,15.8
2024,5,7,23,56,1.08,15.8
2024,5,8,0,26,1.03,15.8
2024,5,8,0,56,1.08,15.8
2024,5,8,1,26,0.94,15.9
2024,5,8,1,56,0.93,15.8
2024,5,8,2,26,1.01,15.7
2024,5,8,2,56,1.06,15.7
2024,5,8,3,26,0.97,15.6
2024,5,8,3,56,1.03,15.6
2024,5,8,4,26,1.07,15.6
2024,5,8,4,56,1.12,15.6
2024,5,8,5,26,1.08,15.6
2024,5,8,5,56,1.23,15.5
2024,5,8,6,26,1.09,15.5
2024,5,8,6,56,1.23,15.4
2024,5,8,7,26,1.14,15.6
2024,5,8,7,56,1.11,15.8
2024,5,8,8,26,1.16,15.8
2024,5,8,8,56,1.23,15.7
2024,5,8,9,26,1.15,15.7
2024,5,8,9,56,1.05,15.6
2024,5,8,10,26,1.05,15.4
2024,5,8,10,56,1.12,15.4
2024,5,8,11,26,1.16,15.4
2024,5,8,11,56,1.19,15.4
2024,5,8,12,26,1.06,15.4
2024,5,8,12,56,1.12,15.4
2024,5,8,13,26,1.14,15
2024,5,8,13,56,1.09,15
2024,5,8,14,26,1.17,14.8
2024,5,8,14,56,1.09,14.8
2024,5,8,15,26,1.05,14.9
2024,5,8,15,56,1.13,14.9
2024,5,8,16,26,1.12,14.9
2024,5,8,16,56,1.16,15
2024,5,8,17,26,1.11,15
2024,5,8,17,56,1.29,15.1
2024,5,8,18,26,1.19,15.3
2024,5,8,18,56,1.13,15.4
2024,5,8,19,26,1.07,15.7
2024,5,8,19,56,1.19,15.8
2024,5,8,20,26,1,15.7
2024,5,8,20,56,1.09,15.7
2024,5,8,21,26,1.01,15.9
2024,5,8,21,56,1.04,15.9
2024,5,8,22,26,1.05,15.9
2024,5,8,22,56,1.08,15.8
2024,5,8,23,26,1.06,15.8
2024,5,8,23,56,0.97,15.9
2024,5,9,0,26,0.97,15.8
2024,5,9,0,56,1.07,15.8
2024,5,9,1,26,1.04,15.7
2024,5,9,1,56,1.07,15.7
2024,5,9,2,26,1.04,15.7
2024,5,9,2,56,0.98,15.7
2024,5,9,3,26,0.92,15.7
2024,5,9,3,56,0.93,15.7
2024,5,9,4,26,1.01,15.7
2024,5,9,4,56,1.02,15.7
2024,5,9,5,26,1.14,15.7
2024,5,9,5,56,0.97,15.7
2024,5,9,6,26,1.09,15.9
2024,5,9,6,56,0.95,15.9
2024,5,9,7,26,1.03,16.1
2024,5,9,7,56,1.1,16
2024,5,9,8,26,1.02,16
2024,5,9,8,56,1.02,16
2024,5,9,9,26,0.9,16
2024,5,9,9,56,0.97,16
2024,5,9,10,26,1,16
2024,5,9,10,56,0.92,16
2024,5,9,11,26,0.9,15.9
2024,5,9,11,56,0.92,15.9
2024,5,9,12,26,1.02,15.8
2024,5,9,12,56,0.91,15.8
2024,5,9,13,26,0.97,15.8
2024,5,9,13,56,0.93,15.8
2024,5,9,14,26,0.98,15.7
2024,5,9,14,56,0.93,15.7
2024,5,9,15,26,1.15,15.7
2024,5,9,15,56,0.89,15.7
2024,5,9,16,26,1.05,15.8
2024,5,9,16,56,0.89,15.9
2024,5,9,17,26,0.99,16.1
2024,5,9,17,56,0.99,16.4
2024,5,9,18,26,1.05,16.8
2024,5,9,18,56,0.97,17
2024,5,9,19,26,0.94,17
2024,5,9,19,56,0.91,17.1
2024,5,9,20,26,0.85,17.2
2024,5,9,20,56,0.87,17.1
2024,5,9,21,26,0.85,17.2
2024,5,9,21,56,0.86,17.2
2024,5,9,22,26,0.97,17.2
2024,5,9,22,56,0.8,17.1
2024,5,9,23,26,0.99,17.2
2024,5,9,23,56,0.89,17.2
2024,5,10,0,26,0.99,17.1
2024,5,10,0,56,1.02,17
2024,5,10,1,26,0.95,16.9
2024,5,10,1,56,0.98,16.9
2024,5,10,2,26,0.96,16.9
2024,5,10,2,56,1.01,16.8
2024,5,10,3,26,1.01,16.7
2024,5,10,3,56,1.08,16.7
2024,5,10,4,26,0.92,16.7
2024,5,10,4,56,0.95,16.5
2024,5,10,5,26,0.98,16.4
2024,5,10,5,56,0.84,16.3
2024,5,10,6,26,0.74,16.3
2024,5,10,6,56,0.83,16.3
2024,5,10,7,26,0.77,16.4
2024,5,10,7,56,0.78,16.4
2024,5,10,8,26,0.72,16.5
2024,5,10,8,56,0.75,16.4
2024,5,10,9,26,0.67,16.4
2024,5,10,9,56,0.79,16.4
2024,5,10,10,26,0.77,16.4
2024,5,10,10,56,0.67,16.3
2024,5,10,11,26,0.8,16.3
2024,5,10,11,56,0.71,16.3
2024,5,10,12,26,0.78,16.3
2024,5,10,12,56,0.79,16.3
2024,5,10,13,26,0.75,16.3
2024,5,10,13,56,0.76,16.3
2024,5,10,14,26,0.78,16.3
2024,5,10,14,56,0.79,16.3
2024,5,10,15,26,0.79,16.3
2024,5,10,15,56,0.85,16.3
2024,5,10,16,26,0.77,16.4
2024,5,10,16,56,0.77,16.4
2024,5,10,17,26,0.76,16.4
2024,5,10,17,56,0.75,16.4
2024,5,10,18,26,0.74,16.5
2024,5,10,18,56,0.7,16.5
2024,5,10,19,26,0.8,16.6
2024,5,10,19,56,0.8,16.7
2024,5,10,20,26,0.78,16.7
2024,5,10,20,56,0.75,16.8
2024,5,10,21,26,0.8,16.8
2024,5,10,21,56,0.88,16.8
2024,5,10,22,26,0.85,16.8
2024,5,10,22,56,0.79,16.8
2024,5,10,23,26,0.8,16.7
2024,5,10,23,56,0.76,16.7
2024,5,11,0,26,0.77,16.7
2024,5,11,0,56,0.83,16.6
2024,5,11,1,26,0.81,16.5
2024,5,11,1,56,0.73,16.4
2024,5,11,2,26,0.81,16.4
2024,5,11,2,56,0.78,16.3
2024,5,11,3,26,0.74,16.1
2024,5,11,3,56,0.74,16
2024,5,11,4,26,0.73,16
2024,5,11,4,56,0.75,15.9
2024,5,11,5,26,0.79,15.8
2024,5,11,5,56,0.74,15.8
2024,5,11,6,26,0.67,15.8
2024,5,11,6,56,0.64,15.7
2024,5,11,7,26,0.72,15.7
2024,5,11,7,56,0.65,15.7
2024,5,11,8,26,0.62,15.8
2024,5,11,8,56,0.65,15.8
2024,5,11,9,26,0.72,15.8
2024,5,11,9,56,0.68,15.8
2024,5,11,10,26,0.63,15.7
2024,5,11,10,56,0.6,15.6
2024,5,11,11,26,0.66,15.5
2024,5,11,11,56,0.64,15.5
2024,5,11,12,26,0.64,15.6
2024,5,11,12,56,0.66,15.6
2024,5,11,13,26,0.65,15.4
2024,5,11,13,56,0.62,15.4
2024,5,11,14,26,0.63,15.3
2024,5,11,14,56,0.58,15.2
2024,5,11,15,26,0.62,15.1
2024,5,11,15,56,0.61,15.1
2024,5,11,16,26,0.61,15.1
2024,5,11,16,56,0.59,15.1
2024,5,11,17,26,0.59,15.1
2024,5,11,17,56,0.61,15.2
2024,5,11,18,26,0.62,15.3
2024,5,11,18,56,0.6,15.4
2024,5,11,19,26,0.61,15.5
2024,5,11,19,56,0.62,15.6
2024,5,11,20,26,0.64,15.7
2024,5,11,20,56,0.7,15.7
2024,5,11,21,26,0.66,15.6
2024,5,11,21,56,0.72,15.6
2024,5,11,22,26,0.77,15.5
2024,5,11,22,56,0.82,15.6
2024,5,11,23,26,0.74,15.6
2024,5,11,23,56,0.7,15.5
2024,5,12,0,26,0.78,15.5
2024,5,12,0,56,0.68,15.5
2024,5,12,1,26,0.74,15.3
2024,5,12,1,56,0.66,15.1
2024,5,12,2,26,0.65,15.1
2024,5,12,2,56,0.67,15
2024,5,12,3,26,0.67,15
2024,5,12,3,56,0.68,15
2024,5,12,4,26,0.59,14.8
2024,5,12,4,56,0.59,14.8
2024,5,12,5,26,0.56,14.8
2024,5,12,5,56,0.54,14.7
2024,5,12,6,26,0.59,14.7
2024,5,12,6,56,0.57,14.8
2024,5,12,7,26,0.5,14.8
2024,5,12,7,56,0.59,14.8
2024,5,12,8,26,0.57,14.7
2024,5,12,8,56,0.53,14.7
2024,5,12,9,26,0.56,14.6
2024,5,12,9,56,0.56,14.6
2024,5,12,10,26,0.59,14.7
2024,5,12,10,56,0.55,14.7
2024,5,12,11,26,0.52,15
2024,5,12,11,56,0.58,15
2024,5,12,12,26,0.55,15
2024,5,12,12,56,0.53,15
2024,5,12,13,26,0.52,14.9
2024,5,12,13,56,0.49,14.9
2024,5,12,14,26,0.59,14.9
2024,5,12,14,56,0.58,14.8
2024,5,12,15,26,0.53,14.8
2024,5,12,15,56,0.54,14.8
2024,5,12,16,26,0.57,14.9
2024,5,12,16,56,0.53,15
2024,5,12,17,26,0.53,15.1
2024,5,12,17,56,0.54,15.2
2024,5,12,18,26,0.61,15.3
2024,5,12,18,56,0.54,15.3
2024,5,12,19,26,0.63,15.4
2024,5,12,19,56,0.65,15.5
2024,5,12,20,26,0.65,15.8
2024,5,12,20,56,0.55,15.9
2024,5,12,21,26,0.6,16.1
2024,5,12,21,56,0.62,15.9
2024,5,12,22,26,0.61,15.9
2024,5,12,22,56,0.6,15.8
2024,5,12,23,26,0.67,15.7
2024,5,12,23,56,0.6,15.7
2024,5,13,0,26,0.68,15.5
2024,5,13,0,56,0.81,15.4
2024,5,13,1,26,0.74,15.3
2024,5,13,1,56,0.75,15.2
2024,5,13,2,26,0.71,15.3
2024,5,13,2,56,0.74,15.2
2024,5,13,3,26,0.73,15.2
2024,5,13,3,56,0.69,15.1
2024,5,13,4,26,0.76,15
2024,5,13,4,56,0.64,15
2024,5,13,5,26,0.62,15
2024,5,13,5,56,0.65,15
2024,5,13,6,26,0.61,15
2024,5,13,6,56,0.64,15
2024,5,13,7,26,0.63,15
2024,5,13,7,56,0.65,15
2024,5,13,8,26,0.59,15
2024,5,13,8,56,0.59,15
2024,5,13,9,26,0.64,15
2024,5,13,9,56,0.76,14.9
2024,5,13,10,26,0.72,14.9
2024,5,13,10,56,0.74,15
2024,5,13,11,26,0.68,15
2024,5,13,11,56,0.76,15
2024,5,13,12,26,0.66,15
2024,5,13,12,56,0.73,15
2024,5,13,13,26,0.7,15
2024,5,13,13,56,0.76,15
2024,5,13,14,26,0.66,15
2024,5,13,14,56,0.69,15
2024,5,13,15,26,0.65,14.9
2024,5,13,15,56,0.74,15
2024,5,13,16,26,0.72,15
2024,5,13,16,56,0.64,15
2024,5,13,17,26,0.73,15.1
2024,5,13,17,56,0.72,15.2
2024,5,13,18,26,0.68,15.2
2024,5,13,18,56,0.66,15.3
2024,5,13,19,26,0.73,15.4
2024,5,13,19,56,0.66,15.5
2024,5,13,20,26,0.64,15.4
2024,5,13,20,56,0.64,15.6
2024,5,13,21,26,0.6,15.7
2024,5,13,21,56,0.71,15.8
2024,5,13,22,26,0.61,15.9
2024,5,13,22,56,0.64,15.6
2024,5,13,23,26,0.63,15.6
2024,5,13,23,56,0.68,15.5
2024,5,14,0,26,0.68,15.4
2024,5,14,0,56,0.73,15.4
2024,5,14,1,26,0.67,15.4
2024,5,14,1,56,0.71,15.3
2024,5,14,2,26,0.66,15.2
2024,5,14,2,56,0.74,15.3
2024,5,14,3,26,0.7,15.2
2024,5,14,3,56,0.74,15.1
2024,5,14,4,26,0.64,15.1
2024,5,14,4,56,0.66,15.1
2024,5,14,5,26,0.66,15.1
2024,5,14,5,56,0.55,15.1
2024,5,14,6,26,0.7,15.1
2024,5,14,6,56,0.56,15.1
2024,5,14,7,26,0.52,15.1
2024,5,14,7,56,0.54,15.1
2024,5,14,8,26,0.63,15
2024,5,14,8,56,0.51,15
2024,5,14,9,26,0.64,15
2024,5,14,9,56,0.64,15
2024,5,14,10,26,0.59,15
2024,5,14,10,56,0.57,15
2024,5,14,11,26,0.59,15
2024,5,14,11,56,0.61,15
2024,5,14,12,26,0.56,15.1
2024,5,14,12,56,0.59,15.1
2024,5,14,13,26,0.64,15.1
2024,5,14,13,56,0.62,15.1
2024,5,14,14,26,0.64,15.1
2024,5,14,14,56,0.59,15.1
2024,5,14,15,26,0.64,15.2
2024,5,14,15,56,0.64,15.2
2024,5,14,16,26,0.67,15.2
2024,5,14,16,56,0.69,15.2
2024,5,14,17,26,0.67,15.3
2024,5,14,17,56,0.65,15.3
2024,5,14,18,26,0.71,15.4
2024,5,14,18,56,0.72,15.5
2024,5,14,19,26,0.64,15.6
2024,5,14,19,56,0.71,16.1
2024,5,14,20,26,0.57,16.3
2024,5,14,20,56,0.64,16.3
2024,5,14,21,26,0.63,16.4
2024,5,14,21,56,0.59,16.4
2024,5,14,22,26,0.66,16.2
2024,5,14,22,56,0.63,16.2
2024,5,14,23,26,0.66,16.1
2024,5,14,23,56,0.76,16
2024,5,15,0,26,0.83,15.9
2024,5,15,0,56,0.76,15.9
2024,5,15,1,26,0.7,15.8
2024,5,15,1,56,0.74,15.7
2024,5,15,2,26,0.87,15.6
2024,5,15,2,56,0.76,15.6
2024,5,15,3,26,0.75,15.5
2024,5,15,3,56,0.78,15.5
2024,5,15,4,26,0.64,15.4
2024,5,15,4,56,0.71,15.4
2024,5,15,5,26,0.7,15.3
2024,5,15,5,56,0.65,15.3
2024,5,15,6,26,0.66,15.3
2024,5,15,6,56,0.66,15.3
2024,5,15,7,26,0.66,15.3
2024,5,15,7,56,0.55,15.3
2024,5,15,8,26,0.68,15.3
2024,5,15,8,56,0.61,15.3
2024,5,15,9,26,0.64,15.3
2024,5,15,9,56,0.67,15.3
2024,5,15,10,26,0.6,15.2
2024,5,15,10,56,0.66,15.2
2024,5,15,11,26,0.6,15.3
2024,5,15,11,56,0.62,15.2
2024,5,15,12,26,0.6,15.3
2024,5,15,12,56,0.56,15.3
2024,5,15,13,26,0.63,15.3
2024,5,15,13,56,0.62,15.3
2024,5,15,14,26,0.61,15.4
2024,5,15,14,56,0.62,15.4
2024,5,15,15,26,0.58,15.4
2024,5,15,15,56,0.62,15.5
2024,5,15,16,26,0.61,15.5
2024,5,15,16,56,0.61,15.5
2024,5,15,17,26,0.64,15.6
2024,5,15,17,56,0.63,15.7
2024,5,15,18,26,0.61,15.8
2024,5,15,18,56,0.56,15.9
2024,5,15,19,26,0.62,15.9
2024,5,15,19,56,0.6,16
2024,5,15,20,26,0.66,16.1
2024,5,15,20,56,0.52,16.2
2024,5,15,21,26,0.58,16.1
2024,5,15,21,56,0.57,16.1
2024,5,15,22,26,0.54,16.1
2024,5,15,22,56,0.57,16.1
2024,5,15,23,26,0.62,16
2024,5,15,23,56,0.63,16
2024,5,16,0,26,0.63,15.9
2024,5,16,0,56,0.66,15.9
2024,5,16,1,26,0.63,15.9
2024,5,16,1,56,0.67,15.8
2024,5,16,2,26,0.59,15.8
2024,5,16,2,56,0.58,15.7
2024,5,16,3,26,0.56,15.7
2024,5,16,3,56,0.58,15.6
2024,5,16,4,26,0.57,15.6
2024,5,16,4,56,0.59,15.6
2024,5,16,5,26,0.53,15.5
2024,5,16,5,56,0.58,15.5
2024,5,16,6,26,0.54,15.5
2024,5,16,6,56,0.6,15.5
2024,5,16,7,26,0.63,15.4
2024,5,16,7,56,0.54,15.4
2024,5,16,8,26,0.55,15.4
2024,5,16,8,56,0.55,15.4
2024,5,16,9,26,0.53,15.5
2024,5,16,9,56,0.57,15.5
2024,5,16,10,26,0.63,15.5
2024,5,16,10,56,0.53,15.6
2024,5,16,11,26,0.6,15.6
2024,5,16,11,56,0.52,15.6
2024,5,16,12,26,0.54,15.6
2024,5,16,12,56,0.54,15.5
2024,5,16,13,26,0.59,15.5
2024,5,16,13,56,0.61,15.5
2024,5,16,14,26,0.58,15.6
2024,5,16,14,56,0.53,15.6
2024,5,16,15,26,0.68,15.6
2024,5,16,15,56,0.59,15.6
2024,5,16,16,26,0.66,15.6
2024,5,16,16,56,0.58,15.6
2024,5,16,17,26,0.62,15.6
2024,5,16,17,56,0.55,15.6
2024,5,16,18,26,0.6,15.6
2024,5,16,18,56,0.62,15.6
2024,5,16,19,26,0.64,15.6
2024,5,16,19,56,0.65,15.6
2024,5,16,20,26,0.63,15.6
2024,5,16,20,56,0.67,15.6
2024,5,16,21,26,0.61,15.7
2024,5,16,21,56,0.63,15.7
2024,5,16,22,26,0.69,15.7
2024,5,16,22,56,0.68,15.6
2024,5,16,23,26,0.71,15.6
2024,5,16,23,56,0.67,15.6
2024,5,17,0,26,0.67,15.6
2024,5,17,0,56,0.62,15.6
2024,5,17,1,26,0.59,15.5
2024,5,17,1,56,0.55,15.5
2024,5,17,2,26,0.56,15.5
2024,5,17,2,56,0.57,15.4
2024,5,17,3,26,0.53,15.4
2024,5,17,3,56,0.57,15.3
2024,5,17,4,26,0.56,15.3
2024,5,17,4,56,0.58,15.2
2024,5,17,5,26,0.57,15.1
2024,5,17,5,56,0.58,15.1
2024,5,17,6,26,0.58,15
2024,5,17,6,56,0.59,15
2024,5,17,7,26,0.59,15
2024,5,17,7,56,0.54,15
2024,5,17,8,26,0.54,15
2024,5,17,8,56,0.55,15
2024,5,17,9,26,0.58,15
2024,5,17,9,56,0.57,15
2024,5,17,10,26,0.63,15
2024,5,17,10,56,0.59,14.9
2024,5,17,11,26,0.64,14.9
2024,5,17,11,56,0.57,14.9
2024,5,17,12,26,0.57,15
2024,5,17,12,56,0.59,15
2024,5,17,13,26,0.6,15
2024,5,17,13,56,0.59,15
2024,5,17,14,26,0.63,15.1
2024,5,17,14,56,0.61,15.1
2024,5,17,15,26,0.6,15.2
2024,5,17,15,56,0.67,15.2
2024,5,17,16,26,0.64,15.2
2024,5,17,16,56,0.62,15.3
2024,5,17,17,26,0.57,15.2
2024,5,17,17,56,0.55,15.2
2024,5,17,18,26,0.59,15.1
2024,5,17,18,56,0.55,15.1
2024,5,17,19,26,0.59,15.2
2024,5,17,19,56,0.6,15.3
2024,5,17,20,26,0.59,15.3
2024,5,17,20,56,0.54,15.3
2024,5,17,21,26,0.59,15.3
2024,5,17,21,56,0.6,15.2
2024,5,17,22,26,0.57,15.1
2024,5,17,22,56,0.56,15
2024,5,17,23,26,0.54,15
2024,5,17,23,56,0.59,15
2024,5,18,0,26,0.56,14.9
2024,5,18,0,56,0.6,14.8
2024,5,18,1,26,0.58,14.8
2024,5,18,1,56,0.62,14.8
2024,5,18,2,26,0.61,14.7
2024,5,18,2,56,0.64,14.7
2024,5,18,3,26,0.63,14.6
2024,5,18,3,56,0.6,14.7
2024,5,18,4,26,0.59,14.8
2024,5,18,4,56,0.58,14.9
2024,5,18,5,26,0.55,14.9
2024,5,18,5,56,0.56,14.9
2024,5,18,6,26,0.55,14.9
2024,5,18,6,56,0.51,14.9
2024,5,18,7,26,0.5,14.9
2024,5,18,7,56,0.51,14.9
2024,5,18,8,26,0.56,14.9
2024,5,18,8,56,0.5,14.9
2024,5,18,9,26,0.52,14.9
2024,5,18,9,56,0.53,14.9
2024,5,18,10,26,0.51,14.9
2024,5,18,10,56,0.52,14.9
2024,5,18,11,26,0.56,14.9
2024,5,18,11,56,0.54,14.9
2024,5,18,12,26,0.55,14.8
2024,5,18,12,56,0.59,14.8
2024,5,18,13,26,0.55,14.8
2024,5,18,13,56,0.59,14.9
2024,5,18,14,26,0.59,14.9
2024,5,18,14,56,0.58,14.9
2024,5,18,15,26,0.61,14.9
2024,5,18,15,56,0.63,14.9
2024,5,18,16,26,0.62,14.9
2024,5,18,16,56,0.65,15
2024,5,18,17,26,0.61,15.1
2024,5,18,17,56,0.6,15.1
2024,5,18,18,26,0.64,15.1
2024,5,18,18,56,0.6,15.2
2024,5,18,19,26,0.59,15.3
2024,5,18,19,56,0.57,15.3
2024,5,18,20,26,0.55,15.2
2024,5,18,20,56,0.59,15.1
2024,5,18,21,26,0.61,15
2024,5,18,21,56,0.58,14.9
2024,5,18,22,26,0.62,14.8
2024,5,18,22,56,0.65,14.7
2024,5,18,23,26,0.71,14.6
2024,5,18,23,56,0.72,14.9
2024,5,19,0,26,0.65,14.9
2024,5,19,0,56,0.72,14.9
2024,5,19,1,26,0.68,14.8
2024,5,19,1,56,0.64,14.8
2024,5,19,2,26,0.66,14.8
2024,5,19,2,56,0.66,14.7
2024,5,19,3,26,0.68,14.6
2024,5,19,3,56,0.69,14.6
2024,5,19,4,26,0.67,14.6
2024,5,19,4,56,0.63,14.6
2024,5,19,5,26,0.66,14.6
2024,5,19,5,56,0.65,14.6
2024,5,19,6,26,0.58,14.5
2024,5,19,6,56,0.62,14.5
2024,5,19,7,26,0.61,14.5
2024,5,19,7,56,0.64,14.5
2024,5,19,8,26,0.61,14.5
2024,5,19,8,56,0.66,14.5
2024,5,19,9,26,0.62,14.4
2024,5,19,9,56,0.61,14.4
2024,5,19,10,26,0.68,14.4
2024,5,19,10,56,0.67,14.3
2024,5,19,11,26,0.64,14.3
2024,5,19,11,56,0.64,14.2
2024,5,19,12,26,0.68,14.2
2024,5,19,12,56,0.67,14.1
2024,5,19,13,26,0.66,14.1
2024,5,19,13,56,0.61,14.1
2024,5,19,14,26,0.61,14.1
2024,5,19,14,56,0.66,14.1
2024,5,19,15,26,0.64,14.1
2024,5,19,15,56,0.68,14.1
2024,5,19,16,26,0.72,14.2
2024,5,19,16,56,0.65,14.2
2024,5,19,17,26,0.64,14.2
2024,5,19,17,56,0.7,14.3
2024,5,19,18,26,0.72,14.4
2024,5,19,18,56,0.66,14.5
2024,5,19,19,26,0.69,14.6
2024,5,19,19,56,0.7,14.7
2024,5,19,20,26,0.7,14.8
2024,5,19,20,56,0.65,15.2
2024,5,19,21,26,0.66,15.2
2024,5,19,21,56,0.7,15.2
2024,5,19,22,26,0.71,14.8
2024,5,19,22,56,0.77,14.8
2024,5,19,23,26,0.76,14.7
2024,5,19,23,56,0.75,14.9
2024,5,20,0,26,0.75,14.8
2024,5,20,0,56,0.76,14.6
2024,5,20,1,26,0.8,14.6
2024,5,20,1,56,0.78,14.5
2024,5,20,2,26,0.74,14.4
2024,5,20,2,56,0.79,14.3
2024,5,20,3,26,0.71,14.2
2024,5,20,3,56,0.69,14.1
2024,5,20,4,26,0.72,14.1
2024,5,20,4,56,0.78,14.1
2024,5,20,5,26,0.76,14
2024,5,20,5,56,0.73,14
2024,5,20,6,26,0.71,14
2024,5,20,6,56,0.74,14
2024,5,20,7,26,0.71,13.9
2024,5,20,7,56,0.6,13.9
2024,5,20,8,26,0.71,13.9
2024,5,20,8,56,0.73,13.9
2024,5,20,9,26,0.69,13.9
2024,5,20,9,56,0.72,13.9
2024,5,20,10,26,0.72,13.9
2024,5,20,10,56,0.71,14
2024,5,20,11,26,0.62,14
2024,5,20,11,56,0.71,14
2024,5,20,12,26,0.75,14
2024,5,20,12,56,0.66,14
2024,5,20,13,26,0.72,14
2024,5,20,13,56,0.69,14
2024,5,20,14,26,0.74,14.1
2024,5,20,14,56,0.77,14.1
2024,5,20,15,26,0.73,14.2
2024,5,20,15,56,0.72,14.3
2024,5,20,16,26,0.81,14.4
2024,5,20,16,56,0.78,14.5
2024,5,20,17,26,0.81,14.6
2024,5,20,17,56,0.86,14.6
2024,5,20,18,26,0.8,14.6
2024,5,20,18,56,0.83,14.7
2024,5,20,19,26,0.76,14.8
2024,5,20,19,56,0.81,14.9
2024,5,20,20,26,0.81,14.8
2024,5,20,20,56,0.82,14.7
2024,5,20,21,26,0.83,14.7
2024,5,20,21,56,0.81,14.7
2024,5,20,22,26,0.82,14.6
2024,5,20,22,56,0.88,14.5
2024,5,20,23,26,0.84,14.4
2024,5,20,23,56,0.87,14.2
2024,5,21,0,26,0.91,14
2024,5,21,0,56,0.92,14
2024,5,21,1,26,0.95,14.2
2024,5,21,1,56,0.9,14.2
2024,5,21,2,26,0.84,14.1
2024,5,21,2,56,0.87,14
2024,5,21,3,26,0.81,14
2024,5,21,3,56,0.83,13.9
2024,5,21,4,26,0.83,13.8
2024,5,21,4,56,0.82,13.8
2024,5,21,5,26,0.88,13.8
2024,5,21,5,56,0.83,13.7
2024,5,21,6,26,0.94,13.7
2024,5,21,6,56,1.01,13.7
2024,5,21,7,26,0.86,13.7
2024,5,21,7,56,0.93,13.7
2024,5,21,8,26,0.94,13.7
2024,5,21,8,56,0.89,13.7
2024,5,21,9,26,0.86,13.6
2024,5,21,9,56,0.9,13.6
2024,5,21,10,26,0.86,13.5
2024,5,21,10,56,0.88,13.5
2024,5,21,11,26,0.84,13.4
2024,5,21,11,56,0.87,13.4
2024,5,21,12,26,0.8,13.5
2024,5,21,12,56,0.78,13.5
2024,5,21,13,26,0.8,13.5
2024,5,21,13,56,0.79,13.6
2024,5,21,14,26,0.74,13.7
2024,5,21,14,56,0.73,13.8
2024,5,21,15,26,0.78,14
2024,5,21,15,56,0.75,14.1
2024,5,21,16,26,0.79,14.3
2024,5,21,16,56,0.71,14.4
2024,5,21,17,26,0.77,14.7
2024,5,21,17,56,0.75,14.5
2024,5,21,18,26,0.79,14.6
2024,5,21,18,56,0.8,14.5
2024,5,21,19,26,0.85,14.7
2024,5,21,19,56,0.86,14.8
2024,5,21,20,26,0.9,14.7
2024,5,21,20,56,0.94,14.6
2024,5,21,21,26,0.93,14.5
2024,5,21,21,56,0.96,14.4
2024,5,21,22,26,0.94,14.2
2024,5,21,22,56,0.98,14.2
2024,5,21,23,26,0.93,14
2024,5,21,23,56,0.89,13.9
2024,5,22,0,26,0.9,13.9
2024,5,22,0,56,0.82,13.8
2024,5,22,1,26,0.79,13.8
2024,5,22,1,56,0.79,13.8
2024,5,22,2,26,0.75,13.8
2024,5,22,2,56,0.67,13.8
2024,5,22,3,26,0.7,13.8
2024,5,22,3,56,0.8,13.7
2024,5,22,4,26,0.74,13.7
2024,5,22,4,56,0.67,13.7
2024,5,22,5,26,0.66,13.6
2024,5,22,5,56,0.68,13.6
2024,5,22,6,26,0.77,13.7
2024,5,22,6,56,0.71,13.7
2024,5,22,7,26,0.68,13.6
2024,5,22,7,56,0.66,13.6
2024,5,22,8,26,0.65,13.6
2024,5,22,8,56,0.78,13.6
2024,5,22,9,26,0.71,13.6
2024,5,22,9,56,0.66,13.6
2024,5,22,10,26,0.8,13.6
2024,5,22,10,56,0.7,13.6
2024,5,22,11,26,0.67,13.6
2024,5,22,11,56,0.74,13.6
2024,5,22,12,26,0.78,13.6
2024,5,22,12,56,0.76,13.6
2024,5,22,13,26,0.82,13.7
2024,5,22,13,56,0.77,13.7
2024,5,22,14,26,0.73,13.7
2024,5,22,14,56,0.75,13.8
2024,5,22,15,26,0.77,13.9
2024,5,22,15,56,0.85,14.1
2024,5,22,16,26,0.81,14.2
2024,5,22,16,56,0.77,14.3
2024,5,22,17,26,0.83,14.2
2024,5,22,17,56,0.83,14.6
2024,5,22,18,26,0.8,14.8
2024,5,22,18,56,0.78,14.8
2024,5,22,19,26,0.69,15
2024,5,22,19,56,0.77,15.2
2024,5,22,20,26,0.76,15.4
2024,5,22,20,56,0.89,15.5
2024,5,22,21,26,0.82,15.2
2024,5,22,21,56,0.9,15
2024,5,22,22,26,0.9,14.9
2024,5,22,22,56,0.84,14.8
2024,5,22,23,26,0.79,14.7
2024,5,22,23,56,0.87,14.6
2024,5,23,0,26,0.83,14.5
2024,5,23,0,56,0.8,14.4
2024,5,23,1,26,0.82,14.4
2024,5,23,1,56,0.78,14.4
2024,5,23,2,26,0.86,14.3
2024,5,23,2,56,0.74,14.4
2024,5,23,3,26,0.8,14.4
2024,5,23,3,56,0.81,14.4
2024,5,23,4,26,0.75,14.3
2024,5,23,4,56,0.78,14.3
2024,5,23,5,26,0.71,14.2
2024,5,23,5,56,0.69,14.2
2024,5,23,6,26,0.7,14.2
2024,5,23,6,56,0.75,14.4
2024,5,23,7,26,0.69,14.5
2024,5,23,7,56,0.69,14.5
2024,5,23,8,26,0.68,14.5
2024,5,23,8,56,0.68,14.5
2024,5,23,9,26,0.65,14.5
2024,5,23,9,56,0.69,14.4
2024,5,23,10,26,0.61,14.4
2024,5,23,10,56,0.67,14.4
2024,5,23,11,26,0.61,14.3
2024,5,23,11,56,0.71,14.3
2024,5,23,12,26,0.71,14.3
2024,5,23,12,56,0.68,14.3
2024,5,23,13,26,0.74,14.2
2024,5,23,13,56,0.75,14.2
2024,5,23,14,26,0.7,14
2024,5,23,14,56,0.75,14.1
2024,5,23,15,26,0.82,14.5
2024,5,23,15,56,0.83,14.5
2024,5,23,16,26,0.78,14.6
2024,5,23,16,56,0.74,14.7
2024,5,23,17,26,0.85,15
2024,5,23,17,56,0.81,15.1
2024,5,23,18,26,0.75,15.1
2024,5,23,18,56,0.82,15.2
2024,5,23,19,26,0.8,15.3
2024,5,23,19,56,0.84,15.2
2024,5,23,20,26,0.8,15.2
2024,5,23,20,56,0.78,15.2
2024,5,23,21,26,0.81,15.3
2024,5,23,21,56,0.84,15.4
2024,5,23,22,26,0.91,15.2
2024,5,23,22,56,0.76,15.2
2024,5,23,23,26,0.84,15.2
2024,5,23,23,56,0.84,15.2
2024,5,24,0,26,0.78,15
2024,5,24,0,56,0.75,14.9
2024,5,24,1,26,0.76,14.8
2024,5,24,1,56,0.74,14.8
2024,5,24,2,26,0.76,14.8
2024,5,24,2,56,0.79,14.7
2024,5,24,3,26,0.75,14.7
2024,5,24,3,56,0.75,14.7
2024,5,24,4,26,0.77,14.6
2024,5,24,4,56,0.72,14.6
2024,5,24,5,26,0.7,14.6
2024,5,24,5,56,0.67,14.6
2024,5,24,6,26,0.62,14.6
2024,5,24,6,56,0.57,14.6
2024,5,24,7,26,0.62,14.6
2024,5,24,7,56,0.64,14.6
2024,5,24,8,26,0.69,14.5
2024,5,24,8,56,0.73,14.5
2024,5,24,9,26,0.74,14.5
2024,5,24,9,56,0.73,14.4
2024,5,24,10,26,0.77,14.4
2024,5,24,10,56,0.7,14.4
2024,5,24,11,26,0.71,14.4
2024,5,24,11,56,0.74,14.3
2024,5,24,12,26,0.8,14.2
2024,5,24,12,56,0.82,14.2
2024,5,24,13,26,0.72,14.1
2024,5,24,13,56,0.76,14.1
2024,5,24,14,26,0.77,14.1
2024,5,24,14,56,0.74,14
2024,5,24,15,26,0.78,14
2024,5,24,15,56,0.89,14
2024,5,24,16,26,0.87,14.1
2024,5,24,16,56,0.79,14.1
2024,5,24,17,26,0.84,14.2
2024,5,24,17,56,0.8,14.3
2024,5,24,18,26,0.74,14.5
2024,5,24,18,56,0.75,14.6
2024,5,24,19,26,0.87,14.8
2024,5,24,19,56,0.84,14.9
2024,5,24,20,26,0.88,14.9
2024,5,24,20,56,0.81,15
2024,5,24,21,26,0.86,15
2024,5,24,21,56,0.93,14.9
2024,5,24,22,26,0.83,14.8
2024,5,24,22,56,0.84,14.7
2024,5,24,23,26,0.89,14.6
2024,5,24,23,56,0.88,14.6
2024,5,25,0,26,0.88,14.5
2024,5,25,0,56,0.84,14.2
2024,5,25,1,26,0.83,14.2
2024,5,25,1,56,0.8,14.1
2024,5,25,2,26,0.81,14.2
2024,5,25,2,56,0.78,14.2
2024,5,25,3,26,0.69,14.2
2024,5,25,3,56,0.88,14.2
2024,5,25,4,26,0.79,14.2
2024,5,25,4,56,0.71,14
2024,5,25,5,26,0.72,13.9
2024,5,25,5,56,0.79,13.9
2024,5,25,6,26,0.78,13.8
2024,5,25,6,56,0.83,13.8
2024,5,25,7,26,0.86,13.8
2024,5,25,7,56,0.86,13.7
2024,5,25,8,26,0.85,13.7
2024,5,25,8,56,0.89,13.7
2024,5,25,9,26,0.93,13.7
2024,5,25,9,56,0.99,13.7
2024,5,25,10,26,1.03,13.7
2024,5,25,10,56,1.09,13.7
2024,5,25,11,26,1.14,13.7
2024,5,25,11,56,1.13,13.7
2024,5,25,12,26,1.11,13.7
2024,5,25,12,56,1.09,13.7
2024,5,25,13,26,1.04,13.7
2024,5,25,13,56,1.01,13.7
2024,5,25,14,26,1.01,13.6
2024,5,25,14,56,1.02,13.8
2024,5,25,15,26,0.87,13.9
2024,5,25,15,56,1,13.3
2024,5,25,16,26,0.87,14.1
2024,5,25,16,56,0.89,14.3
2024,5,25,17,26,1.02,14.1
2024,5,25,17,56,1,14.2
2024,5,25,18,26,0.97,14.3
2024,5,25,18,56,0.95,14.5
2024,5,25,19,26,0.93,14.7
2024,5,25,19,56,1,14.8
2024,5,25,20,26,0.95,14.7
2024,5,25,20,56,0.92,14.8
2024,5,25,21,26,0.98,14.7
2024,5,25,21,56,0.86,14.7
2024,5,25,22,26,0.84,14.5
2024,5,25,22,56,0.84,14.3
2024,5,25,23,26,0.82,14
2024,5,25,23,56,0.92,13.9
2024,5,26,0,26,0.86,14
2024,5,26,0,56,1.01,14
2024,5,26,1,26,0.86,14.1
2024,5,26,1,56,0.9,14.1
2024,5,26,2,26,0.74,14
2024,5,26,2,56,0.85,13.9
2024,5,26,3,26,0.78,14
2024,5,26,3,56,0.75,14
2024,5,26,4,26,0.75,14
2024,5,26,4,56,0.71,14
2024,5,26,5,26,0.69,13.9
2024,5,26,5,56,0.78,13.8
2024,5,26,6,26,0.71,13.9
2024,5,26,6,56,0.74,13.8
2024,5,26,7,26,0.71,13.9
2024,5,26,7,56,0.81,13.9
2024,5,26,8,26,0.84,14
2024,5,26,8,56,0.79,14
2024,5,26,9,26,0.92,14
2024,5,26,9,56,0.91,14
2024,5,26,10,26,0.91,14
2024,5,26,10,56,0.9,14
2024,5,26,11,26,0.9,14
2024,5,26,11,56,0.92,14
2024,5,26,12,26,0.86,14
2024,5,26,12,56,0.77,14
2024,5,26,13,26,0.81,14
2024,5,26,13,56,0.87,13.9
2024,5,26,14,26,0.88,14
2024,5,26,14,56,0.83,14
2024,5,26,15,26,0.82,14.1
2024,5,26,15,56,0.83,14.1
2024,5,26,16,26,0.83,14.1
2024,5,26,16,56,0.84,14.4
2024,5,26,17,26,0.81,14.6
2024,5,26,17,56,0.83,14.7
2024,5,26,18,26,0.89,14.6
2024,5,26,18,56,0.83,14.6
2024,5,26,19,26,0.82,14.8
2024,5,26,19,56,0.8,14.9
2024,5,26,20,26,0.82,15
2024,5,26,20,56,0.88,15.2
2024,5,26,21,26,0.87,15.4
2024,5,26,21,56,0.9,15.2
2024,5,26,22,26,0.9,15.2
2024,5,26,22,56,0.88,15.1
2024,5,26,23,26,0.8,15.1
2024,5,26,23,56,0.78,15
2024,5,27,0,26,0.73,14.8
2024,5,27,0,56,0.78,14.7
2024,5,27,1,26,0.75,14.6
2024,5,27,1,56,0.78,14.5
2024,5,27,2,26,0.75,14.5
2024,5,27,2,56,0.75,14.4
2024,5,27,3,26,0.72,14.3
2024,5,27,3,56,0.7,14.2
2024,5,27,4,26,0.66,14.2
2024,5,27,4,56,0.72,14.2
2024,5,27,5,26,0.68,14.3
2024,5,27,5,56,0.69,14.4
2024,5,27,6,26,0.64,14.5
2024,5,27,6,56,0.65,14.5
2024,5,27,7,26,0.63,14.6
2024,5,27,7,56,0.61,14.6
2024,5,27,8,26,0.65,14.6
2024,5,27,8,56,0.63,14.7
2024,5,27,9,26,0.66,14.7
2024,5,27,9,56,0.68,14.6
2024,5,27,10,26,0.7,14.6
2024,5,27,10,56,0.74,14.5
2024,5,27,11,26,0.74,14.5
2024,5,27,11,56,0.75,14.5
2024,5,27,12,26,0.73,14.5
2024,5,27,12,56,0.72,14.5
2024,5,27,13,26,0.67,14.5
2024,5,27,13,56,0.66,14.5
2024,5,27,14,26,0.69,14.6
2024,5,27,14,56,0.71,14.6
2024,5,27,15,26,0.71,14.6
2024,5,27,15,56,0.66,14.7
2024,5,27,16,26,0.7,14.7
2024,5,27,16,56,0.64,14.8
2024,5,27,17,26,0.69,14.8
2024,5,27,17,56,0.7,14.6
2024,5,27,18,26,0.7,14.9
2024,5,27,18,56,0.71,14.8
2024,5,27,19,26,0.71,14.9
2024,5,27,19,56,0.73,15.1
2024,5,27,20,26,0.74,15.1
2024,5,27,20,56,0.7,15.3
2024,5,27,21,26,0.75,15.4
2024,5,27,21,56,0.69,15.4
2024,5,27,22,26,0.72,15.5
2024,5,27,22,56,0.82,15.5
2024,5,27,23,26,0.77,15.5
2024,5,27,23,56,0.87,15.4
2024,5,28,0,26,0.83,15.3
2024,5,28,0,56,0.81,15.3
2024,5,28,1,26,0.81,15.1
2024,5,28,1,56,0.76,14.8
2024,5,28,2,26,0.71,14.5
2024,5,28,2,56,0.75,14.8
2024,5,28,3,26,0.72,14.9
2024,5,28,3,56,0.7,14.8
2024,5,28,4,26,0.63,14.6
2024,5,28,4,56,0.66,14.6
2024,5,28,5,26,0.6,14.8
2024,5,28,5,56,0.59,14.8
2024,5,28,6,26,0.54,14.8
2024,5,28,6,56,0.58,14.7
2024,5,28,7,26,0.52,14.7
2024,5,28,7,56,0.54,14.6
2024,5,28,8,26,0.57,14.6
2024,5,28,8,56,0.51,14.6
2024,5,28,9,26,0.54,14.5
2024,5,28,9,56,0.52,14.5
2024,5,28,10,26,0.55,14.5
2024,5,28,10,56,0.54,14.5
2024,5,28,11,26,0.55,14.5
2024,5,28,11,56,0.59,14.5
2024,5,28,12,26,0.6,14.5
2024,5,28,12,56,0.58,14.5
2024,5,28,13,26,0.66,14.5
2024,5,28,13,56,0.63,14.4
2024,5,28,14,26,0.66,14.4
2024,5,28,14,56,0.68,14.4
2024,5,28,15,26,0.71,14.4
2024,5,28,15,56,0.71,14.5
2024,5,28,16,26,0.72,14.5
2024,5,28,16,56,0.74,14.6
2024,5,28,17,26,0.72,14.7
2024,5,28,17,56,0.75,14.9
2024,5,28,18,26,0.75,15
2024,5,28,18,56,0.8,15.2
2024,5,28,19,26,0.7,15.3
2024,5,28,19,56,0.72,15.5
2024,5,28,20,26,0.68,15.7
2024,5,28,20,56,0.7,15.8
2024,5,28,21,26,0.63,15.5
2024,5,28,21,56,0.74,14.6
2024,5,28,22,26,0.73,14.4
2024,5,28,22,56,0.73,14.6
2024,5,28,23,26,0.74,14.5
2024,5,28,23,56,0.73,14.4
2024,5,29,0,26,0.79,14.1
2024,5,29,0,56,0.77,14.2
2024,5,29,1,26,0.76,14.1
2024,5,29,1,56,0.79,13.9
2024,5,29,2,26,0.74,13.7
2024,5,29,2,56,0.69,13.5
2024,5,29,3,26,0.63,13.9
2024,5,29,3,56,0.66,14
2024,5,29,4,26,0.63,14.2
2024,5,29,4,56,0.62,14.3
2024,5,29,5,26,0.6,14.3
2024,5,29,5,56,0.58,14.3
2024,5,29,6,26,0.5,14.3
2024,5,29,6,56,0.53,14.3
2024,5,29,7,26,0.5,14.3
2024,5,29,7,56,0.54,14.3
2024,5,29,8,26,0.55,14.3
2024,5,29,8,56,0.55,14.3
2024,5,29,9,26,0.56,14.3
2024,5,29,9,56,0.6,14.3
2024,5,29,10,26,0.57,13.8
2024,5,29,10,56,0.59,13.9
2024,5,29,11,26,0.61,14.1
2024,5,29,11,56,0.62,13.9
2024,5,29,12,26,0.63,13.9
2024,5,29,12,56,0.62,13.9
2024,5,29,13,26,0.65,13.9
2024,5,29,13,56,0.64,13.8
2024,5,29,14,26,0.67,13.9
2024,5,29,14,56,0.66,13.9
2024,5,29,15,26,0.67,14
2024,5,29,15,56,0.66,14.1
2024,5,29,16,26,0.65,14.1
2024,5,29,16,56,0.61,14.1
2024,5,29,17,26,0.62,14.4
2024,5,29,17,56,0.58,14.4
2024,5,29,18,26,0.62,14.4
2024,5,29,18,56,0.61,14.3
2024,5,29,19,26,0.57,14.9
2024,5,29,19,56,0.69,15
2024,5,29,20,26,0.68,15
2024,5,29,20,56,0.68,15.2
2024,5,29,21,26,0.72,15.3
2024,5,29,21,56,0.67,15.6
2024,5,29,22,26,0.69,15.3
2024,5,29,22,56,0.68,15.1
2024,5,29,23,26,0.67,14.9
2024,5,29,23,56,0.69,14.8
2024,5,30,0,26,0.75,14.6
2024,5,30,0,56,0.74,14.6
2024,5,30,1,26,0.75,14.5
2024,5,30,1,56,0.72,14.5
2024,5,30,2,26,0.71,14.6
2024,5,30,2,56,0.72,14.6
2024,5,30,3,26,0.68,14.7
2024,5,30,3,56,0.67,14.7
2024,5,30,4,26,0.64,14.9
2024,5,30,4,56,0.65,15.1
2024,5,30,5,26,0.64,15.1
2024,5,30,5,56,0.58,15.1
2024,5,30,6,26,0.62,15.1
2024,5,30,6,56,0.61,15.1
2024,5,30,7,26,0.57,15.1
2024,5,30,7,56,0.6,15.1
2024,5,30,8,26,0.6,15.1
2024,5,30,8,56,0.61,15.1
2024,5,30,9,26,0.57,15
2024,5,30,9,56,0.68,15
2024,5,30,10,26,0.57,15
2024,5,30,10,56,0.63,15
2024,5,30,11,26,0.69,14.9
2024,5,30,11,56,0.67,14.8
2024,5,30,12,26,0.68,14.8
2024,5,30,12,56,0.68,14.7
2024,5,30,13,26,0.75,14.7
2024,5,30,13,56,0.68,14.7
2024,5,30,14,26,0.67,14.6
2024,5,30,14,56,0.72,14.6
2024,5,30,15,26,0.72,14.6
2024,5,30,15,56,0.72,14.6
2024,5,30,16,26,0.68,14.6
2024,5,30,16,56,0.68,14.6
2024,5,30,17,26,0.69,14.7
2024,5,30,17,56,0.7,14.8
2024,5,30,18,26,0.73,14.9
2024,5,30,18,56,0.73,15.2
2024,5,30,19,26,0.71,15.3
2024,5,30,19,56,0.72,15.6
2024,5,30,20,26,0.7,15.3
2024,5,30,20,56,0.72,15.3
2024,5,30,21,26,0.7,15.5
2024,5,30,21,56,0.66,15.5
2024,5,30,22,26,0.76,15.5
2024,5,30,22,56,0.7,15.4
2024,5,30,23,26,0.73,15.5
2024,5,30,23,56,0.72,15.4
2024,5,31,0,26,0.76,15.4
2024,5,31,0,56,0.68,15.3
2024,5,31,1,26,0.74,15.3
2024,5,31,1,56,0.71,15.2
2024,5,31,2,26,0.8,15.2
2024,5,31,2,56,0.76,15.2
2024,5,31,3,26,0.75,15.1
2024,5,31,3,56,0.71,15.2
2024,5,31,4,26,0.68,15.1
2024,5,31,4,56,0.7,15.1
2024,5,31,5,26,0.61,15.2
2024,5,31,5,56,0.67,15.2
2024,5,31,6,26,0.62,15.3
2024,5,31,6,56,0.68,15.3
2024,5,31,7,26,0.65,15.5
2024,5,31,7,56,0.64,15.5
2024,5,31,8,26,0.68,15.5
2024,5,31,8,56,0.66,15.5
2024,5,31,9,26,0.64,15.5
2024,5,31,9,56,0.58,15.5
2024,5,31,10,26,0.64,15.2
2024,5,31,10,56,0.64,15.2
2024,5,31,11,26,0.7,15.2
2024,5,31,11,56,0.67,15.1
2024,5,31,12,26,0.68,15.1
2024,5,31,12,56,0.68,15.1
2024,5,31,13,26,0.73,15.1
2024,5,31,13,56,0.68,15.2
2024,5,31,14,26,0.66,15.2
2024,5,31,14,56,0.65,15.2
2024,5,31,15,26,0.7,15.3
2024,5,31,15,56,0.69,15.3
2024,5,31,16,26,0.75,15.4
2024,5,31,16,56,0.76,15.4
2024,5,31,17,26,0.8,15.5
2024,5,31,17,56,0.88,15.5
2024,5,31,18,26,0.77,15.7
2024,5,31,18,56,0.77,16.1
2024,5,31,19,26,0.82,16.1
2024,5,31,19,56,0.87,16.2
2024,5,31,20,26,0.8,16.4
2024,5,31,20,56,0.8,16.7
2024,5,31,21,26,0.78,16
2024,5,31,21,56,0.8,16
2024,5,31,22,26,0.79,15.6
2024,5,31,22,56,0.76,15.9
2024,5,31,23,26,0.75,16
2024,5,31,23,56,0.9,15.8
2024,6,1,0,26,0.81,15.9
2024,6,1,0,56,0.85,15.7
2024,6,1,1,26,0.77,15.6
2024,6,1,1,56,0.86,15.6
2024,6,1,2,26,0.8,15.5
2024,6,1,2,56,0.89,15.5
2024,6,1,3,26,0.86,15.6
2024,6,1,3,56,0.75,15.5
2024,6,1,4,26,0.95,15.5
2024,6,1,4,56,0.87,15.6
2024,6,1,5,26,0.84,15.5
2024,6,1,5,56,0.96,15.6
2024,6,1,6,26,0.82,15.7
2024,6,1,6,56,0.83,15.7
2024,6,1,7,26,0.86,15.8
2024,6,1,7,56,0.85,15.8
2024,6,1,8,26,0.82,15.9
2024,6,1,8,56,0.87,15.8
2024,6,1,9,26,0.87,15.8
2024,6,1,9,56,0.79,15.7
2024,6,1,10,26,0.81,15.7
2024,6,1,10,56,1.01,15.5
2024,6,1,11,26,0.83,15.4
2024,6,1,11,56,1.02,15.4
2024,6,1,12,26,1.05,15.5
2024,6,1,12,56,0.84,15.5
2024,6,1,13,26,0.83,15.4
2024,6,1,13,56,0.88,15.4
2024,6,1,14,26,0.86,15.2
2024,6,1,14,56,1,15.2
2024,6,1,15,26,0.8,15.1
2024,6,1,15,56,1.15,15.1
2024,6,1,16,26,1.03,15.2
2024,6,1,16,56,1.03,15.2
2024,6,1,17,26,1.01,15.2
2024,6,1,17,56,0.93,15.4
2024,6,1,18,26,0.98,16.1
2024,6,1,18,56,1.05,16.2
2024,6,1,19,26,0.95,16.2
2024,6,1,19,56,1.03,16.2
2024,6,1,20,26,1.07,16.2
2024,6,1,20,56,1.22,16
2024,6,1,21,26,1.03,15.9
2024,6,1,21,56,1.09,15.7
2024,6,1,22,26,1.27,15.7
2024,6,1,22,56,1,15.6
2024,6,1,23,26,1.31,15.6
2024,6,1,23,56,1.09,15.6
2024,6,2,0,26,0.98,15.5
2024,6,2,0,56,1.18,15.5
2024,6,2,1,26,1.07,15.5
2024,6,2,1,56,1.11,15.4
2024,6,2,2,26,1.25,15.4
2024,6,2,2,56,1.1,15.3
2024,6,2,3,26,1.1,15.3
2024,6,2,3,56,1.05,15.3
2024,6,2,4,26,1.21,15.3
2024,6,2,4,56,1.34,15.3
2024,6,2,5,26,1.11,15.3
2024,6,2,5,56,1.31,15.2
2024,6,2,6,26,1.02,15.2
2024,6,2,6,56,1.02,15.1
2024,6,2,7,26,1.09,14.8
2024,6,2,7,56,1.1,14.9
2024,6,2,8,26,1.34,14.9
2024,6,2,8,56,0.99,14.7
2024,6,2,9,26,1.07,14.8
2024,6,2,9,56,1.01,14.8
2024,6,2,10,26,1.1,14.8
2024,6,2,10,56,1.14,14.8
2024,6,2,11,26,1.11,14.8
2024,6,2,11,56,1.13,14.8
2024,6,2,12,26,1.02,14.8
2024,6,2,12,56,1.06,14.9
2024,6,2,13,26,1.02,14.9
2024,6,2,13,56,1.15,14.8
2024,6,2,14,26,1.14,14.8
2024,6,2,14,56,1.26,14.9
2024,6,2,15,26,0.93,14.9
2024,6,2,15,56,1.07,14.9
2024,6,2,16,26,1.03,14.9
2024,6,2,16,56,1.12,15.1
2024,6,2,17,26,1.15,15.2
2024,6,2,17,56,1.04,15.5
2024,6,2,18,26,1.39,15.7
2024,6,2,18,56,1.04,15.7
2024,6,2,19,26,1.22,15.9
2024,6,2,19,56,1.22,15.9
2024,6,2,20,26,1.09,15.6
2024,6,2,20,56,1.29,15.8
2024,6,2,21,26,1.17,15.9
2024,6,2,21,56,1.19,15.8
2024,6,2,22,26,1.34,16
2024,6,2,22,56,1.21,15.6
2024,6,2,23,26,1,15.3
2024,6,2,23,56,1.13,15.1
2024,6,3,0,26,1.09,15.1
2024,6,3,0,56,1.13,14.9
2024,6,3,1,26,1.22,14.8
2024,6,3,1,56,0.94,14.6
2024,6,3,2,26,0.84,14.5
2024,6,3,2,56,1.02,14.4
2024,6,3,3,26,1.15,14.5
2024,6,3,3,56,0.94,14.6
2024,6,3,4,26,0.95,14.6
2024,6,3,4,56,1.07,14.6
2024,6,3,5,26,1.05,14.6
2024,6,3,5,56,1.08,14.7
2024,6,3,6,26,0.89,14.7
2024,6,3,6,56,0.97,14.6
2024,6,3,7,26,0.95,14.6
2024,6,3,7,56,0.97,14.7
2024,6,3,8,26,1.04,14.8
2024,6,3,8,56,0.93,15.1
2024,6,3,9,26,0.95,15.2
2024,6,3,9,56,0.97,15.2
2024,6,3,10,26,0.92,15.1
2024,6,3,10,56,0.93,15.1
2024,6,3,11,26,0.91,15
2024,6,3,11,56,0.75,14.8
2024,6,3,12,26,0.88,14.8
2024,6,3,12,56,0.82,14.8
2024,6,3,13,26,0.74,14.8
2024,6,3,13,56,0.85,14.5
2024,6,3,14,26,0.87,14.5
2024,6,3,14,56,1.02,14.5
2024,6,3,15,26,0.9,14.5
2024,6,3,15,56,1.04,14.5
2024,6,3,16,26,1.04,14.5
2024,6,3,16,56,0.96,14.6
2024,6,3,17,26,0.92,15.4
2024,6,3,17,56,1.02,15.3
2024,6,3,18,26,0.91,15.3
2024,6,3,18,56,0.9,15.4
2024,6,3,19,26,0.88,15.9
2024,6,3,19,56,0.96,15.9
2024,6,3,20,26,0.91,16.2
2024,6,3,20,56,0.9,15.6
2024,6,3,21,26,0.79,15.5
2024,6,3,21,56,0.85,15.7
2024,6,3,22,26,0.88,15.7
2024,6,3,22,56,0.88,16.1
2024,6,3,23,26,0.89,15.9
2024,6,3,23,56,0.84,15.9
2024,6,4,0,26,0.85,15.5
2024,6,4,0,56,0.84,15.3
2024,6,4,1,26,0.88,15
2024,6,4,1,56,0.88,14.8
2024,6,4,2,26,0.88,14.7
2024,6,4,2,56,0.89,14.8
2024,6,4,3,26,0.89,15
2024,6,4,3,56,0.9,15.1
2024,6,4,4,26,0.81,15.2
2024,6,4,4,56,0.77,15.1
2024,6,4,5,26,0.85,15
2024,6,4,5,56,0.77,14.9
2024,6,4,6,26,0.87,14.9
2024,6,4,6,56,0.76,14.9
2024,6,4,7,26,0.77,14.8
2024,6,4,7,56,0.85,14.8
2024,6,4,8,26,0.82,15
2024,6,4,8,56,0.74,15
2024,6,4,9,26,0.84,15.1
2024,6,4,9,56,0.75,15.2
2024,6,4,10,26,0.89,15.2
2024,6,4,10,56,0.8,15.2
2024,6,4,11,26,0.91,15
2024,6,4,11,56,0.86,15
2024,6,4,12,26,0.82,15
2024,6,4,12,56,0.86,15.1
2024,6,4,13,26,0.91,15
2024,6,4,13,56,0.95,15.2
2024,6,4,14,26,0.95,15.1
2024,6,4,14,56,0.95,15.1
2024,6,4,15,26,0.87,15
2024,6,4,15,56,0.92,15
2024,6,4,16,26,0.96,15.1
2024,6,4,16,56,0.97,15.1
2024,6,4,17,26,0.91,15.1
2024,6,4,17,56,0.87,15.1
2024,6,4,18,26,0.89,15.2
2024,6,4,18,56,0.86,15.4
2024,6,4,19,26,0.87,15.6
2024,6,4,19,56,0.91,15.7
2024,6,4,20,26,0.85,15.8
2024,6,4,20,56,0.78,15.8
2024,6,4,21,26,0.82,15.7
2024,6,4,21,56,0.8,15.6
2024,6,4,22,26,0.8,15.6
2024,6,4,22,56,0.84,16.2
2024,6,4,23,26,0.88,15.8
2024,6,4,23,56,0.87,15.7
2024,6,5,0,26,0.88,15.8
2024,6,5,0,56,0.79,15.7
2024,6,5,1,26,0.81,15.6
2024,6,5,1,56,0.86,15.9
2024,6,5,2,26,0.84,16
2024,6,5,2,56,0.87,16.5
2024,6,5,3,26,0.85,16.3
2024,6,5,3,56,0.83,16.2
2024,6,5,4,26,0.92,16.3
2024,6,5,4,56,0.9,16.5
2024,6,5,5,26,0.9,16.5
2024,6,5,5,56,0.93,16.5
2024,6,5,6,26,0.89,16.6
2024,6,5,6,56,0.89,16.6
2024,6,5,7,26,0.88,16.6
2024,6,5,7,56,0.74,16.7
2024,6,5,8,26,0.87,16.9
2024,6,5,8,56,0.8,16.9
2024,6,5,9,26,0.81,16.8
2024,6,5,9,56,0.84,16.7
2024,6,5,10,26,0.81,16.8
2024,6,5,10,56,0.87,16.8
2024,6,5,11,26,0.85,16.7
2024,6,5,11,56,0.85,16.7
2024,6,5,12,26,0.8,16.6
2024,6,5,12,56,0.83,16.4
2024,6,5,13,26,0.9,16.4
2024,6,5,13,56,0.88,16.4
2024,6,5,14,26,0.86,16.4
2024,6,5,14,56,0.92,16.5
2024,6,5,15,26,0.85,16.6
2024,6,5,15,56,0.97,16.9
2024,6,5,16,26,0.93,17.1
2024,6,5,16,56,0.86,17.1
2024,6,5,17,26,0.89,17.1
2024,6,5,17,56,0.91,17.3
2024,6,5,18,26,0.84,17.5
2024,6,5,18,56,0.85,17.6
2024,6,5,19,26,0.93,17.8
2024,6,5,19,56,0.88,17.8
2024,6,5,20,26,0.86,18.3
2024,6,5,20,56,0.84,18.4
2024,6,5,21,26,0.89,18.4
2024,6,5,21,56,0.95,18.4
2024,6,5,22,26,0.93,18.6
2024,6,5,22,56,0.86,18.6
2024,6,5,23,26,0.81,18.7
2024,6,5,23,56,0.87,18.6
2024,6,6,0,26,0.87,18.6
2024,6,6,0,56,0.89,18.6
2024,6,6,1,26,0.84,18.5
2024,6,6,1,56,0.91,18.5
2024,6,6,2,26,0.92,18.4
2024,6,6,2,56,0.86,18.4
2024,6,6,3,26,0.89,18.4
2024,6,6,3,56,0.81,18.4
2024,6,6,4,26,0.89,18.4
2024,6,6,4,56,0.85,18.3
2024,6,6,5,26,0.83,18.3
2024,6,6,5,56,0.95,18
2024,6,6,6,26,0.9,18
2024,6,6,6,56,0.81,18
2024,6,6,7,26,0.83,17.9
2024,6,6,7,56,0.83,17.9
2024,6,6,8,26,0.87,17.8
2024,6,6,8,56,0.81,17.7
2024,6,6,9,26,0.81,17.7
2024,6,6,9,56,0.84,17.7
2024,6,6,10,26,0.77,17.7
2024,6,6,10,56,0.87,17.7
2024,6,6,11,26,0.82,17.7
2024,6,6,11,56,0.83,17.7
2024,6,6,12,26,0.81,17.7
2024,6,6,12,56,0.89,17.7
2024,6,6,13,26,0.86,17.7
2024,6,6,13,56,0.89,17.7
2024,6,6,14,26,0.93,17.7
2024,6,6,14,56,0.88,17.8
2024,6,6,15,26,0.91,17.7
2024,6,6,15,56,0.88,17.7
2024,6,6,16,26,0.83,17.5
2024,6,6,16,56,0.87,17.6
2024,6,6,17,26,0.84,17.7
2024,6,6,17,56,0.94,17.8
2024,6,6,18,26,0.92,17.8
2024,6,6,18,56,0.89,17.9
2024,6,6,19,26,0.92,18
2024,6,6,19,56,0.95,18.2
2024,6,6,20,26,0.94,18
2024,6,6,20,56,0.91,18.2
2024,6,6,21,26,0.91,18.1
2024,6,6,21,56,0.98,18.1
2024,6,6,22,26,0.87,18.2
2024,6,6,22,56,0.99,18.2
2024,6,6,23,26,0.96,18.1
2024,6,6,23,56,0.94,18.1
2024,6,7,0,26,1.02,18.1
2024,6,7,0,56,0.96,18
2024,6,7,1,26,0.96,18
2024,6,7,1,56,0.97,18
2024,6,7,2,26,0.91,17.9
2024,6,7,2,56,0.87,17.9
2024,6,7,3,26,0.99,17.9
2024,6,7,3,56,0.92,17.9
2024,6,7,4,26,0.87,17.9
2024,6,7,4,56,0.85,17.9
2024,6,7,5,26,0.91,17.9
2024,6,7,5,56,0.79,17.8
2024,6,7,6,26,0.82,17.8
2024,6,7,6,56,0.86,17.8
2024,6,7,7,26,0.8,17.8
2024,6,7,7,56,0.86,17.8
2024,6,7,8,26,0.89,17.8
2024,6,7,8,56,0.9,17.7
2024,6,7,9,26,0.87,17.8
2024,6,7,9,56,0.86,17.9
2024,6,7,10,26,0.85,17.8
2024,6,7,10,56,0.92,17.7
2024,6,7,11,26,0.88,17.6
2024,6,7,11,56,0.75,17.5
2024,6,7,12,26,0.83,17.5
2024,6,7,12,56,0.85,17.4
2024,6,7,13,26,0.86,17.4
2024,6,7,13,56,0.89,17.4
2024,6,7,14,26,0.78,17.3
2024,6,7,14,56,0.8,17.4
2024,6,7,15,26,0.8,17.7
2024,6,7,15,56,0.69,17.8
2024,6,7,16,26,0.87,17.8
2024,6,7,16,56,0.82,17.9
2024,6,7,17,26,0.81,18
2024,6,7,17,56,0.82,18
2024,6,7,18,26,0.89,17.6
2024,6,7,18,56,0.98,17.6
2024,6,7,19,26,0.85,17.9
2024,6,7,19,56,0.89,18
2024,6,7,20,26,0.84,18.3
2024,6,7,20,56,0.77,18.2
2024,6,7,21,26,0.76,18.1
2024,6,7,21,56,0.9,18.2
2024,6,7,22,26,0.88,18.2
2024,6,7,22,56,0.78,18.3
2024,6,7,23,26,0.82,18.4
2024,6,7,23,56,0.92,18.4
2024,6,8,0,26,0.77,18.2
2024,6,8,0,56,0.82,18.2
2024,6,8,1,26,0.79,18.2
2024,6,8,1,56,0.82,18.1
2024,6,8,2,26,0.92,18
2024,6,8,2,56,0.77,18
2024,6,8,3,26,0.77,18.1
2024,6,8,3,56,0.72,18.3
2024,6,8,4,26,0.74,18.2
2024,6,8,4,56,0.75,18.2
2024,6,8,5,26,0.73,18.2
2024,6,8,5,56,0.68,18.2
2024,6,8,6,26,0.71,18.2
2024,6,8,6,56,0.79,18.3
2024,6,8,7,26,0.73,18.3
2024,6,8,7,56,0.75,18.3
2024,6,8,8,26,0.76,18.3
2024,6,8,8,56,0.71,18.2
2024,6,8,9,26,0.66,18.3
2024,6,8,9,56,0.64,18.2
2024,6,8,10,26,0.67,18.2
2024,6,8,10,56,0.65,18.2
2024,6,8,11,26,0.74,18.1
2024,6,8,11,56,0.66,18
2024,6,8,12,26,0.66,18
2024,6,8,12,56,0.69,18
2024,6,8,13,26,0.69,18
2024,6,8,13,56,0.67,18
2024,6,8,14,26,0.6,18
2024,6,8,14,56,0.64,18
2024,6,8,15,26,0.64,18.1
2024,6,8,15,56,0.59,18.3
2024,6,8,16,26,0.64,18.3
2024,6,8,16,56,0.66,18.3
2024,6,8,17,26,0.68,18.3
2024,6,8,17,56,0.66,18.3
2024,6,8,18,26,0.65,18.4
2024,6,8,18,56,0.66,18.3
2024,6,8,19,26,0.6,18.3
2024,6,8,19,56,0.7,18.2
2024,6,8,20,26,0.7,18.3
2024,6,8,20,56,0.68,18.3
2024,6,8,21,26,0.7,18.2
2024,6,8,21,56,0.68,18.3
2024,6,8,22,26,0.68,18.4
2024,6,8,22,56,0.77,18.5
2024,6,8,23,26,0.68,18.6
2024,6,8,23,56,0.66,18.7
2024,6,9,0,26,0.66,18.7
2024,6,9,0,56,0.78,18.7
2024,6,9,1,26,0.76,18.7
2024,6,9,1,56,0.78,18.5
2024,6,9,2,26,0.69,18.6
2024,6,9,2,56,0.76,18.7
2024,6,9,3,26,0.65,18.7
2024,6,9,3,56,0.71,18.7
2024,6,9,4,26,0.73,18.6
2024,6,9,4,56,0.81,18.6
2024,6,9,5,26,0.73,18.6
2024,6,9,5,56,0.74,18.5
2024,6,9,6,26,0.67,18.5
2024,6,9,6,56,0.66,18.5
2024,6,9,7,26,0.69,18.4
2024,6,9,7,56,0.62,18.4
2024,6,9,8,26,0.7,18.4
2024,6,9,8,56,0.71,18.3
2024,6,9,9,26,0.65,18.2
2024,6,9,9,56,0.66,18.4
2024,6,9,10,26,0.6,18.4
2024,6,9,10,56,0.65,18.4
2024,6,9,11,26,0.71,18.2
2024,6,9,11,56,0.77,18.1
2024,6,9,12,26,0.68,18.1
2024,6,9,12,56,0.7,17.6
2024,6,9,13,26,0.69,17.6
2024,6,9,13,56,0.69,17.5
2024,6,9,14,26,0.63,17.3
2024,6,9,14,56,0.63,17.6
2024,6,9,15,26,0.76,17.5
2024,6,9,15,56,0.75,18.2
2024,6,9,16,26,0.71,18.6
2024,6,9,16,56,0.79,18.6
2024,6,9,17,26,0.74,18.7
2024,6,9,17,56,0.72,18.9
2024,6,9,18,26,0.71,18.9
2024,6,9,18,56,0.77,18.8
2024,6,9,19,26,0.77,18.4
2024,6,9,19,56,0.73,18.5
2024,6,9,20,26,0.77,18.5
2024,6,9,20,56,0.79,18.5
2024,6,9,21,26,0.77,18.4
2024,6,9,21,56,0.78,18.4
2024,6,9,22,26,0.82,18.4
2024,6,9,22,56,0.8,18.4
2024,6,9,23,26,0.86,18.4
2024,6,9,23,56,0.78,18.5
2024,6,10,0,26,0.84,18.5
2024,6,10,0,56,0.85,18.5
2024,6,10,1,26,0.86,18.5
2024,6,10,1,56,0.92,18.3
2024,6,10,2,26,0.85,18.2
2024,6,10,2,56,0.88,18.2
2024,6,10,3,26,0.99,18.1
2024,6,10,3,56,0.83,18
2024,6,10,4,26,0.83,18
2024,6,10,4,56,0.91,17.9
2024,6,10,5,26,0.8,17.8
2024,6,10,5,56,0.86,17.8
2024,6,10,6,26,0.93,17.7
2024,6,10,6,56,0.81,17.7
2024,6,10,7,26,0.86,17.6
2024,6,10,7,56,0.89,17.6
2024,6,10,8,26,0.75,17.6
2024,6,10,8,56,0.83,17.6
2024,6,10,9,26,0.78,17.6
2024,6,10,9,56,0.87,17.6
2024,6,10,10,26,0.83,17.5
2024,6,10,10,56,0.82,17.5
2024,6,10,11,26,0.83,17.5
2024,6,10,11,56,0.82,18.1
2024,6,10,12,26,0.88,17.9
2024,6,10,12,56,0.92,17.9
2024,6,10,13,26,0.83,17.8
2024,6,10,13,56,0.87,17.7
2024,6,10,14,26,0.89,17.6
2024,6,10,14,56,0.88,17.5
2024,6,10,15,26,0.93,17.5
2024,6,10,15,56,0.77,17.5
2024,6,10,16,26,0.97,17.5
2024,6,10,16,56,0.91,17.6
2024,6,10,17,26,0.91,17.7
2024,6,10,17,56,0.83,17.9
2024,6,10,18,26,0.9,17.9
2024,6,10,18,56,0.9,18
2024,6,10,19,26,0.93,17.9
2024,6,10,19,56,0.92,17.8
2024,6,10,20,26,0.99,17.9
2024,6,10,20,56,0.88,18.1
2024,6,10,21,26,0.87,18
2024,6,10,21,56,0.92,18.1
2024,6,10,22,26,0.94,18.2
2024,6,10,22,56,0.95,18.1
2024,6,10,23,26,0.96,18
2024,6,10,23,56,1.03,17.9
2024,6,11,0,26,1.11,17.7
2024,6,11,0,56,1.03,17.6
2024,6,11,1,26,1.06,17.5
2024,6,11,1,56,1.01,17.4
2024,6,11,2,26,1.07,17.4
2024,6,11,2,56,0.92,17.4
2024,6,11,3,26,1.1,17.3
2024,6,11,3,56,1.09,17.4
2024,6,11,4,26,0.96,17.4
2024,6,11,4,56,0.98,17.3
2024,6,11,5,26,0.91,17.3
2024,6,11,5,56,0.87,17.3
2024,6,11,6,26,0.99,17.3
2024,6,11,6,56,0.96,17.3
2024,6,11,7,26,0.85,17.2
2024,6,11,7,56,0.72,17.2
2024,6,11,8,26,0.93,17.2
2024,6,11,8,56,0.9,17.2
2024,6,11,9,26,0.9,17.2
2024,6,11,9,56,0.91,17.1
2024,6,11,10,26,0.95,17.2
2024,6,11,10,56,0.87,17.1
2024,6,11,11,26,0.91,17.1
2024,6,11,11,56,0.86,17
2024,6,11,12,26,1.01,17
2024,6,11,12,56,0.95,17
2024,6,11,13,26,0.93,17
2024,6,11,13,56,0.82,17.1
2024,6,11,14,26,0.89,17.1
2024,6,11,14,56,0.85,17.1
2024,6,11,15,26,0.81,17.1
2024,6,11,15,56,0.85,17.1
2024,6,11,16,26,0.93,17.2
2024,6,11,16,56,0.98,17.2
2024,6,11,17,26,0.84,17.3
2024,6,11,17,56,0.8,17.3
2024,6,11,18,26,0.82,17.5
2024,6,11,18,56,0.82,17.4
2024,6,11,19,26,0.8,17.5
2024,6,11,19,56,0.78,17.5
2024,6,11,20,26,0.81,17.5
2024,6,11,20,56,0.79,17.5
2024,6,11,21,26,0.74,17.5
2024,6,11,21,56,0.86,17.5
2024,6,11,22,26,0.82,17.6
2024,6,11,22,56,0.86,17.6
2024,6,11,23,26,0.86,17.5
2024,6,11,23,56,0.93,17.6
2024,6,12,0,26,0.91,17.5
2024,6,12,0,56,0.86,17.6
2024,6,12,1,26,0.9,17.6
2024,6,12,1,56,0.77,17.6
2024,6,12,2,26,0.89,17.5
2024,6,12,2,56,0.84,17.5
2024,6,12,3,26,0.83,17.4
2024,6,12,3,56,0.81,17.4
2024,6,12,4,26,0.89,17.4
2024,6,12,4,56,0.93,17.3
2024,6,12,5,26,0.83,17.3
2024,6,12,5,56,0.81,17.3
2024,6,12,6,26,0.84,17.4
2024,6,12,6,56,0.88,17.4
2024,6,12,7,26,0.88,17.4
2024,6,12,7,56,0.81,17.4
2024,6,12,8,26,0.77,17.3
2024,6,12,8,56,0.81,17.3
2024,6,12,9,26,0.84,17.3
2024,6,12,9,56,0.82,17.3
2024,6,12,10,26,0.84,17.3
2024,6,12,10,56,0.88,17.2
2024,6,12,11,26,0.93,17.2
2024,6,12,11,56,0.85,17.2
2024,6,12,12,26,0.86,17.2
2024,6,12,12,56,0.87,17.2
2024,6,12,13,26,0.84,17.3
2024,6,12,13,56,0.78,17.3
2024,6,12,14,26,0.83,17.3
2024,6,12,14,56,0.86,17.3
2024,6,12,15,26,0.85,17.3
2024,6,12,15,56,0.81,17.5
2024,6,12,16,26,0.86,17.6
2024,6,12,16,56,0.89,17.6
2024,6,12,17,56,0.85,17.7
2024,6,12,18,26,0.95,17.8
2024,6,12,18,56,0.96,18
2024,6,12,19,26,0.82,18.1
2024,6,12,19,56,0.84,18.2
2024,6,12,20,26,0.79,18.1
2024,6,12,20,56,0.86,18.2
2024,6,12,21,26,0.96,18.2
2024,6,12,21,56,0.82,18.1
2024,6,12,22,26,0.9,18.2
2024,6,12,22,56,0.85,18.2
2024,6,12,23,26,0.93,18.1
2024,6,12,23,56,0.82,18
2024,6,13,0,26,0.89,17.9
2024,6,13,0,56,0.89,17.8
2024,6,13,1,26,0.94,17.7
2024,6,13,1,56,0.89,17.7
2024,6,13,2,26,0.9,17.6
2024,6,13,2,56,0.87,17.6
2024,6,13,3,26,0.95,17.6
2024,6,13,3,56,0.89,17.6
2024,6,13,4,26,0.94,17.6
2024,6,13,4,56,0.8,17.5
2024,6,13,5,26,0.87,17.5
2024,6,13,5,56,0.94,17.4
2024,6,13,6,26,0.86,17.3
2024,6,13,6,56,0.88,17.3
2024,6,13,7,26,0.89,17.3
2024,6,13,7,56,0.78,17.4
2024,6,13,8,26,0.85,17.3
2024,6,13,8,56,0.84,17.3
2024,6,13,9,26,0.8,17.3
2024,6,13,9,56,0.86,17.3
2024,6,13,10,26,0.79,17.3
2024,6,13,10,56,0.78,17.2
2024,6,13,11,26,0.82,17.2
2024,6,13,11,56,0.75,17.2
2024,6,13,12,26,0.8,17.2
2024,6,13,12,56,0.75,17.2
2024,6,13,13,26,0.78,17.2
2024,6,13,13,56,0.81,17.2
2024,6,13,14,26,0.81,17.2
2024,6,13,14,56,0.78,17.2
2024,6,13,15,26,0.9,17.3
2024,6,13,15,56,0.86,17.4
2024,6,13,16,26,0.8,17.5
2024,6,13,16,56,0.81,17.6
2024,6,13,17,26,0.78,17.7
2024,6,13,17,56,0.91,17.7
2024,6,13,18,26,0.82,17.8
2024,6,13,18,56,0.86,17.8
2024,6,13,19,26,0.78,17.8
2024,6,13,19,56,0.81,17.8
2024,6,13,20,26,0.83,17.7
2024,6,13,20,56,0.93,17.7
2024,6,13,21,26,0.88,17.7
2024,6,13,21,56,0.83,17.6
2024,6,13,22,26,0.98,17.6
2024,6,13,22,56,0.86,17.6
2024,6,13,23,26,0.92,17.5
2024,6,13,23,56,0.89,17.4
2024,6,14,0,26,0.94,17.3
2024,6,14,0,56,0.91,17.2
2024,6,14,1,26,1.01,17.1
2024,6,14,1,56,1.06,17.1
2024,6,14,2,26,0.92,17
2024,6,14,2,56,0.89,17
2024,6,14,3,26,0.94,16.9
2024,6,14,3,56,0.86,16.9
2024,6,14,4,26,0.93,16.8
2024,6,14,4,56,0.95,16.8
2024,6,14,5,26,1,16.7
2024,6,14,5,56,0.98,16.6
2024,6,14,6,26,0.89,16.5
2024,6,14,6,56,0.87,16.4
2024,6,14,7,26,0.76,16.2
2024,6,14,7,56,0.79,16.2
2024,6,14,8,26,0.78,16.1
2024,6,14,8,56,0.79,16.2
2024,6,14,9,26,0.71,16.2
2024,6,14,9,56,0.88,16.2
2024,6,14,10,26,0.84,16.2
2024,6,14,10,56,0.78,16.3
2024,6,14,11,26,0.76,16.2
2024,6,14,11,56,0.81,16.2
2024,6,14,12,26,0.79,16.2
2024,6,14,12,56,0.8,16.1
2024,6,14,13,26,0.72,16.1
2024,6,14,13,56,0.85,16.1
2024,6,14,14,26,0.89,16.1
2024,6,14,14,56,0.81,16.1
2024,6,14,15,26,0.84,16.2
2024,6,14,15,56,0.79,16.3
2024,6,14,16,26,0.79,16.4
2024,6,14,16,56,0.74,16.7
2024,6,14,17,26,0.8,16.9
2024,6,14,17,56,0.76,16.9
2024,6,14,18,26,0.74,16.9
2024,6,14,18,56,0.71,17.1
2024,6,14,19,26,0.64,17
2024,6,14,19,56,0.77,17.2
2024,6,14,20,26,0.75,17.4
2024,6,14,20,56,0.71,17.3
2024,6,14,21,26,0.81,17.3
2024,6,14,21,56,0.8,16.9
2024,6,14,22,26,0.8,16.8
2024,6,14,22,56,0.85,16.6
2024,6,14,23,26,0.82,16.6
2024,6,14,23,56,0.9,16.5
2024,6,15,0,26,0.91,16.4
2024,6,15,0,56,0.87,16.3
2024,6,15,1,26,0.91,16.3
2024,6,15,1,56,0.9,16.3
2024,6,15,2,26,0.83,16.2
2024,6,15,2,56,0.81,16.1
2024,6,15,3,26,0.8,16.1
2024,6,15,3,56,0.71,16
2024,6,15,4,26,0.83,16
2024,6,15,4,56,0.76,16
2024,6,15,5,26,0.7,16
2024,6,15,5,56,0.71,16.1
2024,6,15,6,26,0.72,16.2
2024,6,15,6,56,0.74,16.3
2024,6,15,7,26,0.67,16.3
2024,6,15,7,56,0.66,16.3
2024,6,15,8,26,0.69,16.3
2024,6,15,8,56,0.72,16.3
2024,6,15,9,26,0.71,16.3
2024,6,15,9,56,0.86,16.3
2024,6,15,10,26,0.78,16.2
2024,6,15,10,56,0.79,16.1
2024,6,15,11,26,0.81,15.9
2024,6,15,11,56,0.76,15.9
2024,6,15,12,26,0.87,16
2024,6,15,12,56,0.79,16
2024,6,15,13,26,0.8,16
2024,6,15,13,56,0.77,16
2024,6,15,14,26,0.86,16.2
2024,6,15,14,56,0.87,16.2
2024,6,15,15,26,0.87,16.1
2024,6,15,15,56,0.8,16.5
2024,6,15,16,26,0.79,16.6
2024,6,15,16,56,0.75,16.8
2024,6,15,17,26,0.78,16.9
2024,6,15,17,56,0.76,16.9
2024,6,15,18,26,0.75,16.9
2024,6,15,18,56,0.74,17
2024,6,15,19,26,0.81,17
2024,6,15,19,56,0.81,17.2
2024,6,15,20,26,0.83,17.3
2024,6,15,20,56,0.77,17.3
2024,6,15,21,26,0.84,17.2
2024,6,15,21,56,0.74,17.2
2024,6,15,22,26,0.73,17.3
2024,6,15,22,56,0.8,17.2
2024,6,15,23,26,0.8,17.1
2024,6,15,23,56,0.83,16.9
2024,6,16,0,26,0.77,16.9
2024,6,16,0,56,0.82,16.8
2024,6,16,1,26,0.83,16.6
2024,6,16,1,56,0.83,16.6
2024,6,16,2,26,0.83,16.6
2024,6,16,2,56,0.91,16.7
2024,6,16,3,26,0.89,16.6
2024,6,16,3,56,0.91,16.6
2024,6,16,4,26,0.93,16.5
2024,6,16,4,56,0.93,16.6
2024,6,16,5,26,1,16.6
2024,6,16,5,56,0.97,16.5
2024,6,16,6,26,0.98,16.5
2024,6,16,6,56,1,16.5
2024,6,16,7,26,0.91,16.4
2024,6,16,7,56,0.93,16.4
2024,6,16,8,26,0.92,16.4
2024,6,16,8,56,0.86,16.4
2024,6,16,9,26,0.83,16.4
2024,6,16,9,56,0.94,16.4
2024,6,16,10,26,0.96,16.4
2024,6,16,10,56,1,16.4
2024,6,16,11,26,0.93,16.4
2024,6,16,11,56,1.02,16.4
2024,6,16,12,26,0.93,16.4
2024,6,16,12,56,1.02,16.4
2024,6,16,13,26,0.96,16.5
2024,6,16,13,56,0.94,16.6
2024,6,16,14,26,0.96,16.7
2024,6,16,14,56,0.87,16.8
2024,6,16,15,26,0.96,16.9
2024,6,16,15,56,0.99,17
2024,6,16,16,26,0.97,17
2024,6,16,16,56,0.9,17.1
2024,6,16,17,26,0.9,17.1
2024,6,16,17,56,0.88,17.2
2024,6,16,18,26,0.91,17.3
2024,6,16,18,56,0.89,17.3
2024,6,16,19,26,0.93,17.3
2024,6,16,19,56,0.89,17.6
2024,6,16,20,26,0.91,17.7
2024,6,16,20,56,0.87,17.8
2024,6,16,21,26,0.89,18
2024,6,16,21,56,0.86,18
2024,6,16,22,26,0.84,18.2
2024,6,16,22,56,0.8,18.1
2024,6,16,23,26,0.82,17.9
2024,6,16,23,56,0.8,17.8
2024,6,17,0,26,0.82,17.7
2024,6,17,0,56,0.78,17.9
2024,6,17,1,26,0.72,17.9
2024,6,17,1,56,0.74,17.8
2024,6,17,2,26,0.78,17.8
2024,6,17,2,56,0.76,17.8
2024,6,17,3,26,0.78,17.9
2024,6,17,3,56,0.76,17.9
2024,6,17,4,26,0.75,18
2024,6,17,4,56,0.81,18
2024,6,17,5,26,0.78,18.2
2024,6,17,5,56,0.8,18.2
2024,6,17,6,26,0.81,18.1
2024,6,17,6,56,0.8,18.1
2024,6,17,7,26,0.84,17.9
2024,6,17,7,56,0.87,17.8
2024,6,17,8,26,0.85,17.7
2024,6,17,8,56,0.84,17.6
2024,6,17,9,26,0.92,17.6
2024,6,17,9,56,0.91,17.6
2024,6,17,10,26,0.89,17.5
2024,6,17,10,56,0.86,17.5
2024,6,17,11,26,0.86,17.6
2024,6,17,11,56,0.9,17.7
2024,6,17,12,26,0.93,17.7
2024,6,17,12,56,0.91,17.8
2024,6,17,13,26,0.86,17.8
2024,6,17,13,56,0.84,17.8
2024,6,17,14,26,0.85,17.9
2024,6,17,14,56,0.88,17.9
2024,6,17,15,26,0.81,17.9
2024,6,17,15,56,0.83,17.9
2024,6,17,16,26,0.89,18
2024,6,17,16,56,0.81,18.1
2024,6,17,17,26,0.87,18.2
2024,6,17,17,56,0.81,18.3
2024,6,17,18,26,0.87,18.4
2024,6,17,18,56,0.86,18.4
2024,6,17,19,26,0.91,18.5
2024,6,17,19,56,0.78,18.6
2024,6,17,20,26,0.84,18.7
2024,6,17,20,56,0.85,18.7
2024,6,17,21,26,0.88,18.8
2024,6,17,21,56,0.83,18.8
2024,6,17,22,26,0.79,18.8
2024,6,17,22,56,0.81,18.9
2024,6,17,23,26,0.88,18.9
2024,6,17,23,56,0.86,19
2024,6,18,0,26,0.82,19
2024,6,18,0,56,0.83,19
2024,6,18,1,26,0.79,19
2024,6,18,1,56,0.8,19
2024,6,18,2,26,0.86,18.9
2024,6,18,2,56,0.83,18.9
2024,6,18,3,26,0.83,18.9
2024,6,18,3,56,0.86,18.7
2024,6,18,4,26,0.83,18.7
2024,6,18,4,56,0.83,18.6
2024,6,18,5,26,0.89,18.6
2024,6,18,5,56,0.88,18.6
2024,6,18,6,26,0.95,18.5
2024,6,18,6,56,0.95,18.6
2024,6,18,7,26,0.96,18.6
2024,6,18,7,56,1.02,18.6
2024,6,18,8,26,1.02,18.6
2024,6,18,8,56,1,18.7
2024,6,18,9,26,0.99,18.8
2024,6,18,9,56,1,18.8
2024,6,18,10,26,1.01,18.9
2024,6,18,10,56,0.92,18.9
2024,6,18,11,26,0.9,18.9
2024,6,18,11,56,0.85,18.9
2024,6,18,12,26,0.85,18.9
2024,6,18,12,56,0.85,18.9
2024,6,18,13,26,0.8,18.9
2024,6,18,13,56,0.81,19
2024,6,18,14,26,0.77,19.1
2024,6,18,14,56,0.77,19.2
2024,6,18,15,26,0.77,19.2
2024,6,18,15,56,0.88,19.2
2024,6,18,16,26,0.75,19.2
2024,6,18,16,56,0.82,19.1
2024,6,18,17,26,0.82,19.2
2024,6,18,17,56,0.76,19.2
2024,6,18,18,26,0.76,19.3
2024,6,18,18,56,0.79,19.5
2024,6,18,19,26,0.75,19.7
2024,6,18,19,56,0.74,19.8
2024,6,18,20,26,0.73,19.9
2024,6,18,20,56,0.78,19.9
2024,6,18,21,26,0.85,19.9
2024,6,18,21,56,0.85,19.8
2024,6,18,22,26,0.85,19.9
2024,6,18,22,56,0.96,19.8
2024,6,18,23,26,0.9,19.8
2024,6,18,23,56,0.83,19.7
2024,6,19,0,26,0.81,19.7
2024,6,19,0,56,0.82,19.7
2024,6,19,1,26,0.84,19.7
2024,6,19,1,56,0.86,19.6
2024,6,19,2,26,0.89,19.6
2024,6,19,2,56,0.8,19.6
2024,6,19,3,26,0.81,19.5
2024,6,19,3,56,0.95,19.6
2024,6,19,4,26,0.78,19.6
2024,6,19,4,56,0.79,19.6
2024,6,19,5,26,0.88,19.6
2024,6,19,5,56,0.82,19.5
2024,6,19,6,26,0.78,19.5
2024,6,19,6,56,0.85,19.5
2024,6,19,7,26,0.73,19.5
2024,6,19,7,56,0.79,19.5
2024,6,19,8,26,0.79,19.5
2024,6,19,8,56,0.83,19.5
2024,6,19,9,26,0.74,19.5
2024,6,19,9,56,0.75,19.5
2024,6,19,10,26,0.75,19.5
2024,6,19,10,56,0.76,19.5
2024,6,19,11,26,0.84,19.5
2024,6,19,11,56,0.85,19.5
2024,6,19,12,26,0.83,19.5
2024,6,19,12,56,0.84,19.5
2024,6,19,13,26,0.8,19.5
2024,6,19,13,56,0.84,19.5
2024,6,19,14,26,0.8,19.5
2024,6,19,14,56,0.88,19.6
2024,6,19,15,26,0.86,19.6
2024,6,19,15,56,0.85,19.6
2024,6,19,16,26,0.94,19.6
2024,6,19,16,56,0.88,19.6
2024,6,19,17,26,0.9,19.6
2024,6,19,17,56,0.87,19.7
2024,6,19,18,26,0.87,19.7
2024,6,19,18,56,0.94,19.7
2024,6,19,19,26,0.89,19.9
2024,6,19,19,56,0.97,20.1
2024,6,19,20,26,0.92,20.4
2024,6,19,20,56,0.91,20.4
2024,6,19,21,26,0.84,20.2
2024,6,19,21,56,0.89,20.3
2024,6,19,22,26,0.9,20.2
2024,6,19,22,56,0.93,20.2
2024,6,19,23,26,0.94,20.1
2024,6,19,23,56,0.93,20.1
2024,6,20,0,26,0.91,20.1
2024,6,20,0,56,0.99,20
2024,6,20,1,26,0.83,19.9
2024,6,20,1,56,0.86,19.9
2024,6,20,2,26,0.81,19.8
2024,6,20,2,56,0.82,19.8
2024,6,20,3,26,0.9,19.7
2024,6,20,3,56,0.87,19.7
2024,6,20,4,26,0.84,19.6
2024,6,20,4,56,0.83,19.5
2024,6,20,5,26,0.88,19.5
2024,6,20,5,56,0.94,19.5
2024,6,20,6,26,0.89,19.5
2024,6,20,6,56,0.79,19.6
2024,6,20,7,26,0.89,19.6
2024,6,20,7,56,0.72,19.7
2024,6,20,8,26,0.79,19.6
2024,6,20,8,56,0.89,19.7
2024,6,20,9,26,0.76,19.7
2024,6,20,9,56,0.84,19.7
2024,6,20,10,26,0.92,19.6
2024,6,20,10,56,0.88,19.6
2024,6,20,11,26,0.96,19.6
2024,6,20,11,56,0.91,19.6
2024,6,20,12,26,0.9,19.6
2024,6,20,12,56,0.9,19.6
2024,6,20,13,26,0.82,19.6
2024,6,20,13,56,0.82,19.6
2024,6,20,14,26,0.96,19.6
2024,6,20,14,56,0.84,19.6
2024,6,20,15,26,0.8,19.7
2024,6,20,15,56,0.78,19.7
2024,6,20,16,26,0.84,19.7
2024,6,20,16,56,0.8,19.7
2024,6,20,17,26,0.94,19.8
2024,6,20,17,56,1.07,19.8
2024,6,20,18,26,0.94,19.9
2024,6,20,18,56,0.92,20
2024,6,20,19,26,0.94,20
2024,6,20,19,56,0.95,20.2
2024,6,20,20,26,0.92,20.3
2024,6,20,20,56,0.94,20.3
2024,6,20,21,26,0.91,20.2
2024,6,20,21,56,0.92,20.1
2024,6,20,22,26,0.93,20
2024,6,20,22,56,0.92,20
2024,6,20,23,26,1.01,19.9
2024,6,20,23,56,0.93,19.8
2024,6,21,0,26,0.94,19.8
2024,6,21,0,56,0.94,19.8
2024,6,21,1,26,0.95,19.8
2024,6,21,1,56,0.92,19.8
2024,6,21,2,26,0.88,19.7
2024,6,21,2,56,0.84,19.7
2024,6,21,3,26,0.81,19.7
2024,6,21,3,56,0.83,19.7
2024,6,21,4,26,0.82,19.7
2024,6,21,4,56,0.93,19.7
2024,6,21,5,26,0.79,19.7
2024,6,21,5,56,0.83,19.6
2024,6,21,6,26,0.84,19.6
2024,6,21,6,56,0.84,19.6
2024,6,21,7,26,0.85,19.5
2024,6,21,7,56,0.85,19.5
2024,6,21,8,26,0.86,19.5
2024,6,21,8,56,0.84,19.5
2024,6,21,9,26,0.79,19.4
2024,6,21,9,56,0.83,19.4
2024,6,21,10,26,0.77,19.4
2024,6,21,10,56,0.81,19.4
2024,6,21,11,26,0.8,19.4
2024,6,21,11,56,0.77,19.4
2024,6,21,12,26,0.76,19.4
2024,6,21,12,56,0.72,19.4
2024,6,21,13,26,0.75,19.4
2024,6,21,13,56,0.77,19.4
2024,6,21,14,26,0.86,19.4
2024,6,21,14,56,0.84,19.5
2024,6,21,15,26,0.83,19.5
2024,6,21,15,56,0.86,19.6
2024,6,21,16,26,0.88,19.9
2024,6,21,16,56,0.88,20.2
2024,6,21,17,26,0.88,20.1
2024,6,21,17,56,0.87,20.1
2024,6,21,18,26,0.86,20.3
2024,6,21,18,56,0.83,20
2024,6,21,19,26,0.87,20
2024,6,21,19,56,0.84,19.9
2024,6,21,20,26,0.9,19.9
2024,6,21,20,56,0.95,19.9
2024,6,21,21,26,0.92,19.9
2024,6,21,21,56,0.93,19.9
2024,6,21,22,26,0.89,20
2024,6,21,22,56,0.96,20
2024,6,21,23,26,0.88,20
2024,6,21,23,56,0.87,19.8
2024,6,22,0,26,0.85,19.7
2024,6,22,0,56,0.77,19.6
2024,6,22,1,26,0.77,19.5
2024,6,22,1,56,0.77,19.3
2024,6,22,2,26,0.76,19
2024,6,22,2,56,0.7,19
2024,6,22,3,26,0.71,18.9
2024,6,22,3,56,0.72,19
2024,6,22,4,26,0.67,19
2024,6,22,4,56,0.67,19
2024,6,22,5,26,0.68,19
2024,6,22,5,56,0.62,18.9
2024,6,22,6,26,0.67,19
2024,6,22,6,56,0.68,18.9
2024,6,22,7,26,0.71,18.8
2024,6,22,7,56,0.74,18.7
2024,6,22,8,26,0.74,18.7
2024,6,22,8,56,0.73,18.7
2024,6,22,9,26,0.76,18.7
2024,6,22,9,56,0.82,18.8
2024,6,22,10,26,0.83,18.7
2024,6,22,10,56,0.79,18.7
2024,6,22,11,26,0.85,18.7
2024,6,22,11,56,0.87,18.7
2024,6,22,12,26,0.82,18.7
2024,6,22,12,56,0.78,18.7
2024,6,22,13,26,0.87,18.6
2024,6,22,13,56,0.81,18.7
2024,6,22,14,26,0.79,18.7
2024,6,22,14,56,0.78,18.7
2024,6,22,15,26,0.75,18.8
2024,6,22,15,56,0.8,18.8
2024,6,22,16,26,0.74,18.9
2024,6,22,16,56,0.77,19
2024,6,22,17,26,0.77,19
2024,6,22,17,56,0.77,18.9
2024,6,22,18,26,0.76,18.9
2024,6,22,18,56,0.76,18.8
2024,6,22,19,26,0.79,18.7
2024,6,22,19,56,0.8,18.6
2024,6,22,20,26,0.77,18.5
2024,6,22,20,56,0.77,18.3
2024,6,22,21,26,0.82,18.1
2024,6,22,21,56,0.83,18.2
2024,6,22,22,26,0.8,18.1
2024,6,22,22,56,0.8,18
2024,6,22,23,26,0.78,18
2024,6,22,23,56,0.78,18.1
2024,6,23,0,26,0.8,18.1
2024,6,23,0,56,0.78,18
2024,6,23,1,26,0.74,17.8
2024,6,23,1,56,0.69,17.6
2024,6,23,2,26,0.69,17.5
2024,6,23,2,56,0.74,17.3
2024,6,23,3,26,0.72,17.1
2024,6,23,3,56,0.7,17.1
2024,6,23,4,26,0.66,17
2024,6,23,4,56,0.69,16.9
2024,6,23,5,26,0.71,16.7
2024,6,23,5,56,0.69,16.6
2024,6,23,6,26,0.65,16.5
2024,6,23,6,56,0.68,16.5
2024,6,23,7,26,0.66,16.5
2024,6,23,7,56,0.64,16.5
2024,6,23,8,26,0.66,16.4
2024,6,23,8,56,0.66,16.3
2024,6,23,9,26,0.69,16.3
2024,6,23,9,56,0.8,16.3
2024,6,23,10,26,0.74,16.4
2024,6,23,10,56,0.66,16.3
2024,6,23,11,26,0.72,16.3
2024,6,23,11,56,0.73,16.5
2024,6,23,12,26,0.78,16.3
2024,6,23,12,56,0.8,16.3
2024,6,23,13,26,0.76,16.3
2024,6,23,13,56,0.82,16.4
2024,6,23,14,26,0.75,16.3
2024,6,23,14,56,0.83,16.6
2024,6,23,15,26,0.78,16.6
2024,6,23,15,56,0.72,17.1
2024,6,23,16,26,0.69,16.7
2024,6,23,16,56,0.69,16.7
2024,6,23,17,26,0.81,16.9
2024,6,23,17,56,0.86,17.1
2024,6,23,18,26,0.86,17.1
2024,6,23,18,56,0.89,17.1
2024,6,23,19,26,0.84,17.4
2024,6,23,19,56,0.94,17.5
2024,6,23,20,26,0.9,17.6
2024,6,23,20,56,0.88,17.7
2024,6,23,21,26,0.96,17.6
2024,6,23,21,56,1.05,17.5
2024,6,23,22,26,1.03,17.6
2024,6,23,22,56,1.01,17.4
2024,6,23,23,26,0.99,17.4
2024,6,23,23,56,0.86,17.3
2024,6,24,0,26,0.87,17.2
2024,6,24,0,56,0.92,17.1
2024,6,24,1,26,0.95,17
2024,6,24,1,56,0.94,16.8
2024,6,24,2,26,0.95,16.7
2024,6,24,2,56,0.96,16.7
2024,6,24,3,26,0.84,16.6
2024,6,24,3,56,0.85,16.5
2024,6,24,4,26,0.95,16.4
2024,6,24,4,56,1.04,16.2
2024,6,24,5,26,0.89,16
2024,6,24,5,56,0.83,15.9
2024,6,24,6,26,1.03,15.9
2024,6,24,6,56,0.84,15.8
2024,6,24,7,26,0.89,15.8
2024,6,24,7,56,0.93,15.7
2024,6,24,8,26,0.93,15.7
2024,6,24,8,56,0.88,15.7
2024,6,24,9,26,0.95,15.8
2024,6,24,9,56,1.06,15.9
2024,6,24,10,26,1.15,16
2024,6,24,10,56,1.04,16.1
2024,6,24,11,26,1,16.2
2024,6,24,11,56,0.94,16.3
2024,6,24,12,26,0.93,16.2
2024,6,24,12,56,1.05,16.3
2024,6,24,13,26,0.93,16.3
2024,6,24,13,56,0.91,16.4
2024,6,24,14,26,1.21,16.2
2024,6,24,14,56,1.02,16.7
2024,6,24,15,26,1.03,15.9
2024,6,24,15,56,0.93,16.9
2024,6,24,16,26,1.03,17.1
2024,6,24,16,56,1.04,17.3
2024,6,24,17,26,1.08,17.3
2024,6,24,17,56,1.11,17.9
2024,6,24,18,26,1.03,18
2024,6,24,18,56,0.96,17.5
2024,6,24,19,26,0.97,18.2
2024,6,24,19,56,0.98,18.8
2024,6,24,20,26,1.04,19.1
2024,6,24,20,56,0.99,19.3
2024,6,24,21,26,0.99,19.2
2024,6,24,21,56,1.01,18.6
2024,6,24,22,26,1.02,18.4
2024,6,24,22,56,1.1,18.3
2024,6,24,23,26,1.08,18.1
2024,6,24,23,56,1.08,17.8
2024,6,25,0,26,1.03,17.9
2024,6,25,0,56,1.06,17.9
2024,6,25,1,26,1.05,17.9
2024,6,25,1,56,1,17.8
2024,6,25,2,26,1.01,17.7
2024,6,25,2,56,1.1,17.7
2024,6,25,3,26,1,17.4
2024,6,25,3,56,1.03,17.1
2024,6,25,4,26,0.94,16.9
2024,6,25,4,56,0.91,16.8
2024,6,25,5,26,1.1,16.6
2024,6,25,5,56,1.03,16.4
2024,6,25,6,26,0.87,16.3
2024,6,25,6,56,0.93,16.3
2024,6,25,7,26,1.16,16.3
2024,6,25,7,56,0.89,16.3
2024,6,25,8,26,0.94,16.3
2024,6,25,8,56,0.98,16.3
2024,6,25,9,26,0.97,16.3
2024,6,25,9,56,0.93,16.3
2024,6,25,10,26,0.86,16.4
2024,6,25,10,56,1.04,16.4
2024,6,25,11,26,0.99,16.4
2024,6,25,11,56,1.08,16.5
2024,6,25,12,26,0.89,16.5
2024,6,25,12,56,0.89,16.5
2024,6,25,13,26,0.95,16.6
2024,6,25,13,56,0.91,16.5
2024,6,25,14,26,0.95,16.4
2024,6,25,14,56,0.95,16.6
2024,6,25,15,26,0.94,16.8
2024,6,25,15,56,0.85,16.7
2024,6,25,16,26,1.03,17
2024,6,25,16,56,0.84,17
2024,6,25,17,26,0.82,16.7
2024,6,25,17,56,0.93,16.8
2024,6,25,18,26,0.88,16.8
2024,6,25,18,56,0.91,16.6
2024,6,25,19,26,0.83,16.8
2024,6,25,19,56,0.89,16.8
2024,6,25,20,26,0.85,16.9
2024,6,25,20,56,0.85,16.9
2024,6,25,21,26,0.94,17
2024,6,25,21,56,0.97,17.1
2024,6,25,22,26,0.95,17.1
2024,6,25,22,56,0.97,17.1
2024,6,25,23,26,0.99,17
2024,6,25,23,56,1.01,16.9
2024,6,26,0,26,1.09,16.8
2024,6,26,0,56,1.16,16.8
2024,6,26,1,26,1.03,16.8
2024,6,26,1,56,1.13,16.7
2024,6,26,2,26,0.96,16.7
2024,6,26,2,56,1.01,16.6
2024,6,26,3,26,0.87,16.6
2024,6,26,3,56,0.88,16.5
2024,6,26,4,26,0.86,16.5
2024,6,26,4,56,0.82,16.5
2024,6,26,5,26,0.84,16.5
2024,6,26,5,56,0.75,16.4
2024,6,26,6,26,0.71,16.4
2024,6,26,6,56,0.83,16.2
2024,6,26,7,26,0.85,16.2
2024,6,26,7,56,0.82,16.2
2024,6,26,8,26,0.79,16.1
2024,6,26,8,56,0.8,16.1
2024,6,26,9,26,0.74,16.1
2024,6,26,9,56,0.79,16.1
2024,6,26,10,26,0.92,16
2024,6,26,10,56,0.82,16.1
2024,6,26,11,26,0.82,16.3
2024,6,26,11,56,0.83,16.3
2024,6,26,12,26,0.79,16.4
2024,6,26,12,56,0.76,16.5
2024,6,26,13,26,0.82,16.5
2024,6,26,13,56,0.75,16.5
2024,6,26,14,26,0.68,16.8
2024,6,26,14,56,0.82,16.8
2024,6,26,15,26,0.76,16.9
2024,6,26,15,56,0.8,17.1
2024,6,26,16,26,0.75,17.2
2024,6,26,16,56,0.69,17.3
2024,6,26,17,26,0.74,17.6
2024,6,26,17,56,0.67,17.8
2024,6,26,18,26,0.78,17.7
2024,6,26,18,56,0.79,17.7
2024,6,26,19,26,0.71,17.6
2024,6,26,19,56,0.75,17.7
2024,6,26,20,26,0.77,17.7
2024,6,26,20,56,0.81,17.8
2024,6,26,21,26,0.82,17.8
2024,6,26,21,56,0.8,17.8
2024,6,26,22,26,0.81,17.9
2024,6,26,22,56,0.84,17.8
2024,6,26,23,26,0.79,17.6
2024,6,26,23,56,0.89,17.5
2024,6,27,0,26,0.9,17.3
2024,6,27,0,56,0.85,17.2
2024,6,27,1,26,0.9,17.2
2024,6,27,1,56,0.89,17.1
2024,6,27,2,26,0.87,17.1
2024,6,27,2,56,0.9,17.1
2024,6,27,3,26,0.85,17.1
2024,6,27,3,56,0.79,17.1
2024,6,27,4,26,0.83,17.1
2024,6,27,4,56,0.79,17.1
2024,6,27,5,26,0.83,17.1
2024,6,27,5,56,0.85,17
2024,6,27,6,26,0.74,17
2024,6,27,6,56,0.83,17
2024,6,27,7,26,0.82,17
2024,6,27,7,56,0.8,17
2024,6,27,8,26,0.77,17
2024,6,27,8,56,0.7,17
2024,6,27,9,26,0.69,17.3
2024,6,27,9,56,0.75,17.4
2024,6,27,10,26,0.77,17.3
2024,6,27,10,56,0.73,17.4
2024,6,27,11,26,0.78,17.4
2024,6,27,11,56,0.79,17.4
2024,6,27,12,26,0.83,17.4
2024,6,27,12,56,0.72,17.3
2024,6,27,13,26,0.76,17.3
2024,6,27,13,56,0.74,17.3
2024,6,27,14,26,0.76,17.4
2024,6,27,14,56,0.81,17.5
2024,6,27,15,26,0.83,17.6
2024,6,27,15,56,0.84,17.7
2024,6,27,16,26,0.8,17.9
2024,6,27,16,56,0.77,17.9
2024,6,27,17,26,0.75,18.1
2024,6,27,17,56,0.73,18.1
2024,6,27,18,26,0.71,18.6
2024,6,27,18,56,0.72,18.8
2024,6,27,19,26,0.73,19
2024,6,27,19,56,0.72,19.1
2024,6,27,20,26,0.7,18.9
2024,6,27,20,56,0.68,19.1
2024,6,27,21,26,0.72,18.4
2024,6,27,21,56,0.75,18.8
2024,6,27,22,26,0.71,18.9
2024,6,27,22,56,0.71,18.1
2024,6,27,23,26,0.69,18.4
2024,6,27,23,56,0.75,18.1
2024,6,28,0,26,0.79,18
2024,6,28,0,56,0.83,18.1
2024,6,28,1,26,0.83,18.3
2024,6,28,1,56,0.83,18.1
2024,6,28,2,26,0.89,18
2024,6,28,2,56,0.88,17.7
2024,6,28,3,26,0.82,17.8
2024,6,28,3,56,0.76,17.7
2024,6,28,4,26,0.75,17.5
2024,6,28,4,56,0.74,18
2024,6,28,5,26,0.71,17.9
2024,6,28,5,56,0.74,18
2024,6,28,6,26,0.71,17.9
2024,6,28,6,56,0.67,17.9
2024,6,28,7,26,0.72,17.9
2024,6,28,7,56,0.71,17.9
2024,6,28,8,26,0.74,17.8
2024,6,28,8,56,0.75,17.7
2024,6,28,9,26,0.72,17.6
2024,6,28,9,56,0.73,17.6
2024,6,28,10,26,0.75,17.6
2024,6,28,10,56,0.76,17.5
2024,6,28,11,26,0.83,17.4
2024,6,28,11,56,0.83,17.7
2024,6,28,12,26,0.86,17.9
2024,6,28,12,56,0.87,17.9
2024,6,28,13,26,0.85,17.9
2024,6,28,13,56,0.8,17.9
2024,6,28,14,26,0.81,18.1
2024,6,28,14,56,0.82,18.2
2024,6,28,15,26,0.81,18
2024,6,28,15,56,0.88,18.2
2024,6,28,16,26,0.87,18.4
2024,6,28,16,56,0.83,18.5
2024,6,28,17,26,0.82,18.1
2024,6,28,17,56,0.82,18.3
2024,6,28,18,26,0.81,18.3
2024,6,28,18,56,0.79,18.4
2024,6,28,19,26,0.79,18.4
2024,6,28,19,56,0.82,18.7
2024,6,28,20,26,0.78,18.9
2024,6,28,20,56,0.8,19.1
2024,6,28,21,26,0.83,19.2
2024,6,28,21,56,0.83,19
2024,6,28,22,26,0.77,18.8
2024,6,28,22,56,0.88,18.9
2024,6,28,23,26,0.78,19
2024,6,28,23,56,0.82,19
2024,6,29,0,26,0.91,18.9
2024,6,29,0,56,0.92,19
2024,6,29,1,26,0.87,19.1
2024,6,29,1,56,0.85,18.9
2024,6,29,2,26,0.8,18.7
2024,6,29,2,56,0.8,18.6
2024,6,29,3,26,0.83,18.5
2024,6,29,3,56,0.86,18.3
2024,6,29,4,26,0.85,18.1
2024,6,29,4,56,0.86,17.9
2024,6,29,5,26,0.78,18.2
2024,6,29,5,56,0.8,18.1
2024,6,29,6,26,0.83,18.1
2024,6,29,6,56,0.81,18
2024,6,29,7,26,0.88,18
2024,6,29,7,56,0.8,18
2024,6,29,8,26,0.74,17.9
2024,6,29,8,56,0.8,17.9
2024,6,29,9,26,0.81,17.9
2024,6,29,9,56,0.83,17.9
2024,6,29,10,26,0.82,17.8
2024,6,29,10,56,0.87,17.8
2024,6,29,11,26,0.94,18.2
2024,6,29,11,56,0.84,18.4
2024,6,29,12,26,0.89,18.7
2024,6,29,12,56,0.75,18.8
2024,6,29,13,26,0.83,18.8
2024,6,29,13,56,0.85,19.1
2024,6,29,14,26,0.91,19
2024,6,29,14,56,0.86,19.3
2024,6,29,15,26,0.85,19.3
2024,6,29,15,56,0.99,19.4
2024,6,29,16,26,0.9,19.6
2024,6,29,16,56,0.88,19.8
2024,6,29,17,26,0.92,20
2024,6,29,17,56,0.95,20.1
2024,6,29,18,26,0.9,20
2024,6,29,18,56,0.82,19.9
2024,6,29,19,26,0.87,19.8
2024,6,29,19,56,0.89,19.6
2024,6,29,20,26,0.76,19.6
2024,6,29,20,56,0.83,19.3
2024,6,29,21,26,0.81,19.3
2024,6,29,21,56,0.77,19
2024,6,29,22,26,0.77,19
2024,6,29,22,56,0.87,19
2024,6,29,23,26,0.9,19
2024,6,29,23,56,0.83,19.1
2024,6,30,0,26,0.81,19.1
2024,6,30,0,56,0.8,19.1
2024,6,30,1,26,0.91,19.1
2024,6,30,1,56,0.9,19
2024,6,30,2,26,0.89,19
2024,6,30,2,56,0.85,18.9
2024,6,30,3,26,0.75,18.8
2024,6,30,3,56,0.85,18.7
2024,6,30,4,26,0.68,18.7
2024,6,30,4,56,0.76,18.5
2024,6,30,5,26,0.78,18.6
2024,6,30,5,56,0.68,18.5
2024,6,30,6,26,0.73,18.4
2024,6,30,6,56,0.66,18.3
2024,6,30,7,26,0.69,18.3
2024,6,30,7,56,0.74,18.1
2024,6,30,8,26,0.76,18.1
2024,6,30,8,56,0.7,18.1
2024,6,30,9,26,0.67,18.1
2024,6,30,9,56,0.7,18.4
2024,6,30,10,26,0.78,18.4
2024,6,30,10,56,0.71,18.5
2024,6,30,11,26,0.6,18.1
2024,6,30,11,56,0.76,18.4
2024,6,30,12,26,0.65,18.5
2024,6,30,12,56,0.74,18.7
2024,6,30,13,26,0.63,18.8
2024,6,30,13,56,0.85,18.8
2024,6,30,14,26,0.66,18.7
2024,6,30,14,56,0.77,18.8
2024,6,30,15,26,0.66,18.9
2024,6,30,15,56,0.7,19.1
2024,6,30,16,26,0.6,19.5
2024,6,30,16,56,0.69,19.7
2024,6,30,17,26,0.66,19.9
2024,6,30,17,56,0.69,19.8
2024,6,30,18,26,0.64,19.8
2024,6,30,18,56,0.7,19.5
2024,6,30,19,26,0.81,19.4
2024,6,30,19,56,0.76,19.1
2024,6,30,20,26,0.81,19.1
2024,6,30,20,56,0.76,19.1
2024,6,30,21,26,0.85,19
2024,6,30,21,56,0.81,18.9
2024,6,30,22,26,0.83,18.8
2024,6,30,22,56,0.84,18.8
2024,6,30,23,26,0.78,18.9
2024,6,30,23,56,0.81,18.9
2024,7,1,0,26,0.78,18.9
2024,7,1,0,56,0.83,18.8
2024,7,1,1,26,0.79,18.7
2024,7,1,1,56,0.74,18.7
2024,7,1,2,26,0.77,18.6
2024,7,1,2,56,0.77,18.5
2024,7,1,3,26,0.64,18.4
2024,7,1,3,56,0.6,18.4
2024,7,1,4,26,0.64,18.2
2024,7,1,4,56,0.65,18.1
2024,7,1,5,26,0.57,18
2024,7,1,5,56,0.57,17.8
2024,7,1,6,26,0.52,17.7
2024,7,1,6,56,0.5,17.7
2024,7,1,7,26,0.54,17.7
2024,7,1,7,56,0.56,17.8
2024,7,1,8,26,0.53,17.7
2024,7,1,8,56,0.47,18
2024,7,1,9,26,0.52,17.9
2024,7,1,9,56,0.59,18
2024,7,1,10,26,0.56,18.1
2024,7,1,10,56,0.56,18.1
2024,7,1,11,26,0.54,18.2
2024,7,1,11,56,0.58,18.2
2024,7,1,12,26,0.56,18.3
2024,7,1,12,56,0.59,18.4
2024,7,1,13,26,0.59,18.5
2024,7,1,13,56,0.66,18.5
2024,7,1,14,26,0.7,18.6
2024,7,1,14,56,0.67,18.5
2024,7,1,15,26,0.74,18.5
2024,7,1,15,56,0.75,18.5
2024,7,1,16,26,0.73,18.5
2024,7,1,16,56,0.69,18.5
2024,7,1,17,26,0.71,18.5
2024,7,1,17,56,0.66,18.5
2024,7,1,18,26,0.64,18.6
2024,7,1,18,56,0.65,18.9
2024,7,1,19,26,0.59,19
2024,7,1,19,56,0.64,19
2024,7,1,20,26,0.62,19.2
2024,7,1,20,56,0.57,19.3
2024,7,1,21,26,0.63,18.8
2024,7,1,21,56,0.63,18.8
2024,7,1,22,26,0.63,18.9
2024,7,1,22,56,0.62,19
2024,7,1,23,26,0.59,19.1
2024,7,1,23,56,0.62,19
2024,7,2,0,26,0.64,18.9
2024,7,2,0,56,0.64,18.9
2024,7,2,1,26,0.63,18.8
2024,7,2,1,56,0.64,18.8
2024,7,2,2,26,0.64,18.8
2024,7,2,2,56,0.69,18.7
2024,7,2,3,26,0.68,18.7
2024,7,2,3,56,0.68,18.6
2024,7,2,4,26,0.6,18.6
2024,7,2,4,56,0.56,18.6
2024,7,2,5,26,0.56,18.6
2024,7,2,5,56,0.49,18.6
2024,7,2,6,26,0.53,18.6
2024,7,2,6,56,0.54,18.5
2024,7,2,7,26,0.52,18.5
2024,7,2,7,56,0.56,18.5
2024,7,2,8,26,0.54,18.5
2024,7,2,8,56,0.56,18.5
2024,7,2,9,26,0.52,18.5
2024,7,2,9,56,0.56,18.5
2024,7,2,10,26,0.54,18.5
2024,7,2,10,56,0.58,18.5
2024,7,2,11,26,0.62,18.5
2024,7,2,11,56,0.64,18.5
2024,7,2,12,26,0.58,18.5
2024,7,2,12,56,0.59,18.6
2024,7,2,13,26,0.6,18.6
2024,7,2,13,56,0.65,18.6
2024,7,2,14,26,0.6,18.6
2024,7,2,14,56,0.59,18.6
2024,7,2,15,26,0.61,18.6
2024,7,2,15,56,0.65,18.6
2024,7,2,16,26,0.69,18.7
2024,7,2,16,56,0.66,18.9
2024,7,2,17,26,0.66,19
2024,7,2,17,56,0.65,19.3
2024,7,2,18,26,0.65,19.3
2024,7,2,18,56,0.63,19.8
2024,7,2,19,26,0.63,20.2
2024,7,2,19,56,0.58,19.9
2024,7,2,20,26,0.59,19.9
2024,7,2,20,56,0.61,19.9
2024,7,2,21,26,0.62,19.9
2024,7,2,21,56,0.6,19.8
2024,7,2,22,26,0.63,19.6
2024,7,2,22,56,0.64,19.6
2024,7,2,23,26,0.62,19.5
2024,7,2,23,56,0.7,19.4
2024,7,3,0,26,0.68,19.4
2024,7,3,0,56,0.65,19.3
2024,7,3,1,26,0.65,19.3
2024,7,3,1,56,0.71,19.2
2024,7,3,2,26,0.66,19.2
2024,7,3,2,56,0.66,19
2024,7,3,3,26,0.67,19
2024,7,3,3,56,0.63,19
2024,7,3,4,26,0.57,19
2024,7,3,4,56,0.6,18.9
2024,7,3,5,26,0.55,19
2024,7,3,5,56,0.56,19.1
2024,7,3,6,26,0.52,19.1
2024,7,3,6,56,0.53,19
2024,7,3,7,26,0.52,19.1
2024,7,3,7,56,0.49,19.1
2024,7,3,8,26,0.47,19
2024,7,3,8,56,0.51,19
2024,7,3,9,26,0.51,19
2024,7,3,9,56,0.48,19
2024,7,3,10,26,0.55,19
2024,7,3,10,56,0.53,19
2024,7,3,11,26,0.55,19
2024,7,3,11,56,0.49,19
2024,7,3,12,26,0.55,19
2024,7,3,12,56,0.53,19
2024,7,3,13,26,0.54,19
2024,7,3,13,56,0.54,18.9
2024,7,3,14,26,0.58,18.8
2024,7,3,14,56,0.56,18.9
2024,7,3,15,26,0.52,18.7
2024,7,3,15,56,0.56,18.6
2024,7,3,16,26,0.61,19.2
2024,7,3,16,56,0.6,19.2
2024,7,3,17,26,0.62,19.4
2024,7,3,17,56,0.61,19.5
2024,7,3,18,26,0.59,19.7
2024,7,3,18,56,0.61,19.7
2024,7,3,19,26,0.62,19.8
2024,7,3,19,56,0.72,19.8
2024,7,3,20,26,0.7,19.8
2024,7,3,20,56,0.77,19.6
2024,7,3,21,26,0.73,19.5
2024,7,3,21,56,0.77,19.1
2024,7,3,22,26,0.74,19.1
2024,7,3,22,56,0.83,19.1
2024,7,3,23,26,0.78,18.9
2024,7,3,23,56,0.85,19.1
2024,7,4,0,26,0.87,19
2024,7,4,0,56,0.84,18.9
2024,7,4,1,26,0.88,18.9
2024,7,4,1,56,0.82,18.7
2024,7,4,2,26,0.81,18.6
2024,7,4,2,56,0.83,18.3
2024,7,4,3,26,0.83,18.2
2024,7,4,3,56,0.76,18
2024,7,4,4,26,0.81,17.9
2024,7,4,4,56,0.77,17.8
2024,7,4,5,26,0.69,17.6
2024,7,4,5,56,0.61,17.3
2024,7,4,6,26,0.68,17.3
2024,7,4,6,56,0.74,17
2024,7,4,7,26,0.76,17
2024,7,4,7,56,0.63,16.9
2024,7,4,8,26,0.66,16.8
2024,7,4,8,56,0.73,16.7
2024,7,4,9,26,0.74,16.6
2024,7,4,9,56,0.75,16.6
2024,7,4,10,26,0.78,16.6
2024,7,4,10,56,0.78,16.5
2024,7,4,11,26,0.83,16.6
2024,7,4,11,56,0.87,16.7
2024,7,4,12,26,0.96,16.8
2024,7,4,12,56,0.8,16.9
2024,7,4,13,26,0.82,17
2024,7,4,13,56,0.9,17
2024,7,4,14,26,0.89,17.1
2024,7,4,14,56,0.99,17.1
2024,7,4,15,26,0.77,17.3
2024,7,4,15,56,0.89,17.5
2024,7,4,16,26,0.95,17.7
2024,7,4,16,56,0.86,17.8
2024,7,4,17,26,0.85,18.1
2024,7,4,17,56,0.74,18.2
2024,7,4,18,26,0.94,18.4
2024,7,4,18,56,0.9,18.5
2024,7,4,19,26,0.98,18.6
2024,7,4,19,56,0.85,18.6
2024,7,4,20,26,0.94,18.5
2024,7,4,20,56,0.99,18.3
2024,7,4,21,26,1.03,18.1
2024,7,4,21,56,1.03,18.1
2024,7,4,22,26,1.04,17.9
2024,7,4,22,56,0.92,17.9
2024,7,4,23,26,1.02,17.9
2024,7,4,23,56,0.96,17.7
2024,7,5,0,26,1.25,17.3
2024,7,5,0,56,1.11,17
2024,7,5,1,26,0.94,16.8
2024,7,5,1,56,1.1,16.7
2024,7,5,2,26,1,16.6
2024,7,5,2,56,1,16.6
2024,7,5,3,26,1.03,16.5
2024,7,5,3,56,1.11,16.6
2024,7,5,4,26,1.08,16.6
2024,7,5,4,56,1.12,16.7
2024,7,5,5,26,0.97,16.6
2024,7,5,5,56,0.97,16.6
2024,7,5,6,26,1.1,16.7
2024,7,5,6,56,1.05,16.6
2024,7,5,7,26,0.97,16.6
2024,7,5,7,56,1.07,16.6
2024,7,5,8,26,1.04,16.6
2024,7,5,8,56,0.98,16.6
2024,7,5,9,26,0.98,16.6
2024,7,5,9,56,1.01,16.6
2024,7,5,10,26,1.11,16.6
2024,7,5,10,56,0.95,16.6
2024,7,5,11,26,1.01,16.6
2024,7,5,11,56,1.06,16.6
2024,7,5,12,26,1.17,16.7
2024,7,5,12,56,1.04,16.7
2024,7,5,13,26,1.14,16.7
2024,7,5,13,56,1.03,16.6
2024,7,5,14,26,1,16.7
2024,7,5,14,56,1.12,16.6
2024,7,5,15,26,1.19,17.3
2024,7,5,15,56,1.19,17.5
2024,7,5,16,26,1.15,17.6
2024,7,5,16,56,1.07,17.5
2024,7,5,17,26,1.1,17.6
2024,7,5,17,56,1.4,17.8
2024,7,5,18,26,1.26,17.9
2024,7,5,18,56,1.25,18
2024,7,5,19,26,1.3,18.1
2024,7,5,19,56,1.23,18.3
2024,7,5,20,26,1.38,18.4
2024,7,5,20,56,1.33,18.5
2024,7,5,21,26,1.3,18.7
2024,7,5,21,56,1.17,18.8
2024,7,5,22,26,1.18,19
2024,7,5,22,56,1.59,18.9
2024,7,5,23,26,1.22,18.7
2024,7,5,23,56,1.51,18.4
2024,7,6,0,26,1.43,18.2
2024,7,6,0,56,1.47,18
2024,7,6,1,26,1.44,17.8
2024,7,6,1,56,1.41,17.6
2024,7,6,2,26,1.54,17.4
2024,7,6,2,56,1.52,17.4
2024,7,6,3,26,1.72,17.2
2024,7,6,3,56,1.47,17.1
2024,7,6,4,26,1.5,17.1
2024,7,6,4,56,1.23,17.2
2024,7,6,5,26,1.35,17.1
2024,7,6,5,56,1.29,17
2024,7,6,6,26,1.23,17
2024,7,6,6,56,1.5,17
2024,7,6,7,26,1.29,17
2024,7,6,7,56,1.28,17.2
2024,7,6,8,26,1.21,17.2
2024,7,6,8,56,1.29,17.1
2024,7,6,9,26,1.21,17.1
2024,7,6,9,56,1.61,17.2
2024,7,6,10,26,1.42,17.3
2024,7,6,10,56,1.79,17.4
2024,7,6,11,26,1.26,17.4
2024,7,6,11,56,1.41,17.4
2024,7,6,12,26,1.23,17.5
2024,7,6,12,56,1.41,17.6
2024,7,6,13,26,1.61,17.7
2024,7,6,13,56,1.32,17.9
2024,7,6,14,26,1.3,18
2024,7,6,14,56,1.2,18.1
2024,7,6,15,26,1.36,18.3
2024,7,6,15,56,1.55,18.5
2024,7,6,16,26,1.42,18.6
2024,7,6,16,56,1.61,18.8
2024,7,6,17,26,1.53,18.9
2024,7,6,17,56,1.51,19
2024,7,6,18,26,1.77,19
2024,7,6,18,56,1.52,19.2
2024,7,6,19,26,1.52,19.3
2024,7,6,19,56,1.55,19.4
2024,7,6,20,26,1.4,19.4
2024,7,6,20,56,1.49,19.4
2024,7,6,21,26,1.36,19.6
2024,7,6,21,56,1.42,19.7
2024,7,6,22,26,1.34,19.8
2024,7,6,22,56,1.39,19.9
2024,7,6,23,26,1.47,19.7
2024,7,6,23,56,1.56,19.7
2024,7,7,0,26,1.39,19.7
2024,7,7,0,56,1.61,19.6
2024,7,7,1,26,1.5,19.7
2024,7,7,1,56,1.38,19.6
2024,7,7,2,26,1.38,19.4
2024,7,7,2,56,1.41,19.4
2024,7,7,3,26,1.42,19.3
2024,7,7,3,56,1.3,19.3
2024,7,7,4,26,1.32,19.3
2024,7,7,4,56,1.5,19.3
2024,7,7,5,26,1.21,19.2
2024,7,7,5,56,1.59,19.1
2024,7,7,6,26,1.33,19.3
2024,7,7,6,56,1.48,19
2024,7,7,7,26,1.31,19.1
2024,7,7,7,56,1.39,19.2
2024,7,7,8,26,1.16,19.2
2024,7,7,8,56,1.22,19.2
2024,7,7,9,26,1.33,19.2
2024,7,7,9,56,1.34,19.2
2024,7,7,10,26,1.14,19.2
2024,7,7,10,56,1.02,19.2
2024,7,7,11,26,1.05,19.3
2024,7,7,11,56,1.06,19.4
2024,7,7,12,26,0.9,19.5
2024,7,7,12,56,1,19.6
2024,7,7,13,26,1.16,19.7
2024,7,7,13,56,1.12,19.9
2024,7,7,14,26,1.04,20
2024,7,7,14,56,1.21,20.1
2024,7,7,15,26,1.04,20.2
2024,7,7,15,56,0.99,20.3
2024,7,7,16,26,1.18,20.4
2024,7,7,16,56,1,20.4
2024,7,7,17,26,1.15,20.5
2024,7,7,17,56,1.16,20.6
2024,7,7,18,26,1.09,20.7
2024,7,7,18,56,1.3,20.9
2024,7,7,19,26,1.34,21.1
2024,7,7,19,56,1.41,21.1
2024,7,7,20,26,1.07,21.2
2024,7,7,20,56,1.04,21.3
2024,7,7,21,26,1.23,21.4
2024,7,7,21,56,1.16,21.4
2024,7,7,22,26,1.29,21.4
2024,7,7,22,56,1.26,21.4
2024,7,7,23,26,1.24,21.4
2024,7,7,23,56,1.29,21.3
2024,7,8,0,26,1.14,21.3
2024,7,8,0,56,1.23,21.1
2024,7,8,1,26,1.25,21
2024,7,8,1,56,1.2,20.9
2024,7,8,2,26,1.16,20.8
2024,7,8,2,56,1.24,20.8
2024,7,8,3,26,1.09,20.8
2024,7,8,3,56,1.27,20.8
2024,7,8,4,26,1.38,20.8
2024,7,8,4,56,1.21,20.9
2024,7,8,5,26,1.12,20.8
2024,7,8,5,56,1.14,20.9
2024,7,8,6,26,1.2,20.9
2024,7,8,6,56,1.25,20.9
2024,7,8,7,26,1.09,20.9
2024,7,8,7,56,1,20.9
2024,7,8,8,26,1.2,20.9
2024,7,8,8,56,1.14,20.8
2024,7,8,9,26,1.19,20.8
2024,7,8,9,56,1.31,20.8
2024,7,8,10,26,1.2,20.8
2024,7,8,10,56,1.13,20.8
2024,7,8,11,26,1.13,20.7
2024,7,8,11,56,1.06,20.6
2024,7,8,12,26,1.02,20.5
2024,7,8,12,56,1.04,20.5
2024,7,8,13,26,0.93,20.6
2024,7,8,13,56,1.03,20.6
2024,7,8,14,26,1.07,20.7
2024,7,8,14,56,1.03,20.8
2024,7,8,15,26,0.97,21
2024,7,8,15,56,1.08,21.1
2024,7,8,16,26,0.98,21.3
2024,7,8,16,56,1.06,21.3
2024,7,8,17,26,1.24,21.3
2024,7,8,17,56,0.94,21.3
2024,7,8,18,26,1.04,21.4
2024,7,8,18,56,1.1,21.6
2024,7,8,19,26,1.12,21.6
2024,7,8,19,56,1.22,21.7
2024,7,8,20,26,1.23,21.7
2024,7,8,20,56,1.07,21.7
2024,7,8,21,26,1.03,21.7
2024,7,8,21,56,1.05,21.7
2024,7,8,22,26,1.02,21.7
2024,7,8,22,56,1.07,21.6
2024,7,8,23,26,1.09,21.6
2024,7,8,23,56,1.21,21.5
2024,7,9,0,26,1.04,21.5
2024,7,9,0,56,1.15,21.5
2024,7,9,1,26,1.16,21.5
2024,7,9,1,56,1.2,21.4
2024,7,9,2,26,1.12,21.3
2024,7,9,2,56,1.09,21.3
2024,7,9,3,26,1.02,21.2
2024,7,9,3,56,1.16,21.2
2024,7,9,4,26,1.15,21.1
2024,7,9,4,56,1.16,21.1
2024,7,9,5,26,1.07,21.1
2024,7,9,5,56,0.96,21
2024,7,9,6,26,1.08,21
2024,7,9,6,56,1.04,21
2024,7,9,7,26,0.99,20.9
2024,7,9,7,56,0.87,20.9
2024,7,9,8,26,1.01,20.9
2024,7,9,8,56,0.99,20.9
2024,7,9,9,26,0.94,20.9
2024,7,9,9,56,0.95,20.9
2024,7,9,10,26,0.8,20.9
2024,7,9,10,56,1.06,20.9
2024,7,9,11,26,0.96,20.9
2024,7,9,11,56,0.92,20.9
2024,7,9,12,26,0.91,20.9
2024,7,9,12,56,0.98,20.9
2024,7,9,13,26,0.87,21
2024,7,9,13,56,0.95,21
2024,7,9,14,26,0.92,21
2024,7,9,14,56,0.92,21
2024,7,9,15,26,0.92,21.1
2024,7,9,15,56,0.87,21.1
2024,7,9,16,26,0.84,21.2
2024,7,9,16,56,0.84,21.2
2024,7,9,17,26,1,21.2
2024,7,9,17,56,0.89,21.3
2024,7,9,18,26,0.98,21.4
2024,7,9,18,56,0.81,21.7
2024,7,9,19,26,0.92,21.7
2024,7,9,19,56,0.95,21.7
2024,7,9,20,26,0.96,21.6
2024,7,9,20,56,0.98,21.7
2024,7,9,21,26,0.85,21.6
2024,7,9,21,56,0.9,21.5
2024,7,9,22,26,1.11,21.5
2024,7,9,22,56,1.1,21.5
2024,7,9,23,26,1.03,21.4
2024,7,9,23,56,1.14,21.4
2024,7,10,0,26,1.06,21.2
2024,7,10,0,56,1.07,21.2
2024,7,10,1,26,1.12,21.2
2024,7,10,1,56,1.05,21
2024,7,10,2,26,1.03,21
2024,7,10,2,56,1.07,21
2024,7,10,3,26,1,21
2024,7,10,3,56,0.95,20.9
2024,7,10,4,26,0.99,20.8
2024,7,10,4,56,0.96,20.9
2024,7,10,5,26,0.93,20.8
2024,7,10,5,56,1.16,20.7
2024,7,10,6,26,1,20.7
2024,7,10,6,56,1.03,20.7
2024,7,10,7,26,0.94,20.7
2024,7,10,7,56,1.01,20.7
2024,7,10,8,26,0.93,20.7
2024,7,10,8,56,0.94,20.7
2024,7,10,9,26,0.96,20.7
2024,7,10,9,56,1.03,20.7
2024,7,10,10,26,0.97,20.7
2024,7,10,10,56,0.98,20.7
2024,7,10,11,26,1.11,20.6
2024,7,10,11,56,1.06,20.6
2024,7,10,12,26,0.97,20.6
2024,7,10,12,56,1.02,20.7
2024,7,10,13,26,0.98,20.7
2024,7,10,13,56,1.04,20.6
2024,7,10,14,26,0.98,20.6
2024,7,10,14,56,1.11,20.6
2024,7,10,15,26,1.11,20.6
2024,7,10,15,56,1.1,20.7
2024,7,10,16,26,1.05,20.7
2024,7,10,16,56,0.97,20.8
2024,7,10,17,26,1.09,20.9
2024,7,10,17,56,1.03,20.9
2024,7,10,18,26,0.97,20.9
2024,7,10,18,56,0.95,21
2024,7,10,19,26,1.06,21.1
2024,7,10,19,56,0.91,21.2
2024,7,10,20,26,0.92,21.3
2024,7,10,20,56,1.01,21.3
2024,7,10,21,26,1.06,21.2
2024,7,10,21,56,1,21.1
2024,7,10,22,26,0.97,21.1
2024,7,10,22,56,1.03,21
2024,7,10,23,26,1.05,20.9
2024,7,10,23,56,1.17,20.9
2024,7,11,0,26,1.15,20.9
2024,7,11,0,56,1.01,20.8
2024,7,11,1,26,1.18,20.7
2024,7,11,1,56,1.05,20.6
2024,7,11,2,26,1.11,20.5
2024,7,11,2,56,1.02,20.4
2024,7,11,3,26,1.08,20.4
2024,7,11,3,56,1.14,20.4
2024,7,11,4,26,1.1,20.3
2024,7,11,4,56,1.22,20.3
2024,7,11,5,26,1.1,20.2
2024,7,11,5,56,0.94,20.1
2024,7,11,6,26,1,20
2024,7,11,6,56,0.94,20
2024,7,11,7,26,1.08,20
2024,7,11,7,56,1.02,20
2024,7,11,8,26,1.03,19.9
2024,7,11,8,56,1.02,19.9
2024,7,11,9,26,1.16,19.8
2024,7,11,9,56,1.03,19.8
2024,7,11,10,26,0.99,19.8
2024,7,11,10,56,1.03,19.8
2024,7,11,11,26,1.14,19.8
2024,7,11,11,56,1.14,19.7
2024,7,11,12,26,1.03,19.7
2024,7,11,12,56,0.94,19.7
2024,7,11,13,26,0.84,19.7
2024,7,11,13,56,0.84,19.6
2024,7,11,14,26,0.96,19.6
2024,7,11,14,56,0.93,19.7
2024,7,11,15,26,1.03,19.8
2024,7,11,15,56,1.02,19.8
2024,7,11,16,26,0.92,19.8
2024,7,11,16,56,0.97,19.8
2024,7,11,17,26,0.97,19.7
2024,7,11,17,56,1.01,19.7
2024,7,11,18,26,0.97,19.7
2024,7,11,18,56,0.92,19.8
2024,7,11,19,26,0.98,19.9
2024,7,11,19,56,0.93,20
2024,7,11,20,26,0.83,20.2
2024,7,11,20,56,1,20.3
2024,7,11,21,26,0.8,20.3
2024,7,11,21,56,0.85,20.4
2024,7,11,22,26,0.9,20.3
2024,7,11,22,56,0.96,20.2
2024,7,11,23,26,0.84,20.1
2024,7,11,23,56,0.9,20.1
2024,7,12,0,26,0.92,20
2024,7,12,0,56,0.88,20
2024,7,12,1,26,0.97,20
2024,7,12,1,56,0.88,20.1
2024,7,12,2,26,0.96,20
2024,7,12,2,56,0.87,20
2024,7,12,3,26,0.87,19.9
2024,7,12,3,56,0.84,19.8
2024,7,12,4,26,0.83,19.6
2024,7,12,4,56,0.89,19.4
2024,7,12,5,26,0.86,19.2
2024,7,12,5,56,0.74,19
2024,7,12,6,26,0.74,18.9
2024,7,12,6,56,0.72,18.8
2024,7,12,7,26,0.72,18.8
2024,7,12,7,56,0.76,18.8
2024,7,12,8,26,0.77,18.7
2024,7,12,8,56,0.69,18.9
2024,7,12,9,26,0.74,18.9
2024,7,12,9,56,0.71,18.9
2024,7,12,10,26,0.73,18.9
2024,7,12,10,56,0.7,18.9
2024,7,12,11,26,0.67,18.9
2024,7,12,11,56,0.73,18.9
2024,7,12,12,26,0.73,18.9
2024,7,12,12,56,0.71,18.9
2024,7,12,13,26,0.71,18.9
2024,7,12,13,56,0.68,19
2024,7,12,14,26,0.65,19
2024,7,12,14,56,0.6,19.1
2024,7,12,15,26,0.65,19.1
2024,7,12,15,56,0.71,19.2
2024,7,12,16,26,0.69,19.2
2024,7,12,16,56,0.77,19.2
2024,7,12,17,26,0.67,19
2024,7,12,17,56,0.65,19.5
2024,7,12,18,26,0.72,19.6
2024,7,12,18,56,0.71,19.5
2024,7,12,19,26,0.66,19.5
2024,7,12,19,56,0.68,19.4
2024,7,12,20,26,0.66,19.6
2024,7,12,20,56,0.64,19.5
2024,7,12,21,26,0.55,19.2
2024,7,12,21,56,0.6,19.1
2024,7,12,22,26,0.69,18.9
2024,7,12,22,56,0.66,18.8
2024,7,12,23,26,0.72,18.8
2024,7,12,23,56,0.79,18.9
2024,7,13,0,26,0.75,18.9
2024,7,13,0,56,0.72,18.9
2024,7,13,1,26,0.74,18.9
2024,7,13,1,56,0.71,18.9
2024,7,13,2,26,0.8,18.9
2024,7,13,2,56,0.81,18.9
2024,7,13,3,26,0.74,18.9
2024,7,13,3,56,0.79,18.9
2024,7,13,4,26,0.71,18.8
2024,7,13,4,56,0.67,18.7
2024,7,13,5,26,0.72,18.7
2024,7,13,5,56,0.64,18.6
2024,7,13,6,26,0.62,18.6
2024,7,13,6,56,0.66,18.6
2024,7,13,7,26,0.67,18.6
2024,7,13,7,56,0.62,18.6
2024,7,13,8,26,0.69,18.5
2024,7,13,8,56,0.66,18.5
2024,7,13,9,26,0.68,18.5
2024,7,13,9,56,0.68,18.5
2024,7,13,10,26,0.65,18.5
2024,7,13,10,56,0.61,18.5
2024,7,13,11,26,0.61,18.5
2024,7,13,11,56,0.64,18.5
2024,7,13,12,26,0.64,18.5
2024,7,13,12,56,0.66,18.5
2024,7,13,13,26,0.61,18.5
2024,7,13,13,56,0.6,18.5
2024,7,13,14,26,0.59,18.5
2024,7,13,14,56,0.54,18.5
2024,7,13,15,26,0.56,18.4
2024,7,13,15,56,0.57,18.4
2024,7,13,16,26,0.55,18.5
2024,7,13,16,56,0.57,18.6
2024,7,13,17,26,0.56,18.7
2024,7,13,17,56,0.58,19
2024,7,13,18,26,0.58,19.1
2024,7,13,18,56,0.61,19.2
2024,7,13,19,26,0.6,19.1
2024,7,13,19,56,0.59,19.7
2024,7,13,20,26,0.58,19.3
2024,7,13,20,56,0.65,18.8
2024,7,13,21,26,0.71,18.9
2024,7,13,21,56,0.71,18.8
2024,7,13,22,26,0.74,19
2024,7,13,22,56,0.72,19
2024,7,13,23,26,0.75,19
2024,7,13,23,56,0.75,18.9
2024,7,14,0,26,0.77,18.9
2024,7,14,0,56,0.71,18.9
2024,7,14,1,26,0.73,18.8
2024,7,14,1,56,0.69,18.7
2024,7,14,2,26,0.78,18.7
2024,7,14,2,56,0.69,18.6
2024,7,14,3,26,0.66,18.6
2024,7,14,3,56,0.66,18.6
2024,7,14,4,26,0.62,18.6
2024,7,14,4,56,0.63,18.5
2024,7,14,5,26,0.62,18.5
2024,7,14,5,56,0.58,18.4
2024,7,14,6,26,0.58,18.3
2024,7,14,6,56,0.52,18.1
2024,7,14,7,26,0.57,18.1
2024,7,14,7,56,0.55,18.1
2024,7,14,8,26,0.56,18.1
2024,7,14,8,56,0.51,18.1
2024,7,14,9,26,0.59,18.1
2024,7,14,9,56,0.54,18.1
2024,7,14,10,26,0.51,18.1
2024,7,14,10,56,0.6,18.1
2024,7,14,11,26,0.62,18.1
2024,7,14,11,56,0.58,18.1
2024,7,14,12,26,0.58,18.1
2024,7,14,12,56,0.57,18.1
2024,7,14,13,26,0.57,18.1
2024,7,14,13,56,0.57,18.1
2024,7,14,14,26,0.59,18.1
2024,7,14,14,56,0.53,18
2024,7,14,15,26,0.53,18.1
2024,7,14,15,56,0.56,18.2
2024,7,14,16,26,0.58,18.3
2024,7,14,16,56,0.56,18.3
2024,7,14,17,26,0.56,18.5
2024,7,14,17,56,0.56,18.4
2024,7,14,18,26,0.6,18.6
2024,7,14,18,56,0.58,18.3
2024,7,14,19,26,0.61,18.4
2024,7,14,19,56,0.61,18.4
2024,7,14,20,26,0.57,18.2
2024,7,14,20,56,0.6,18.1
2024,7,14,21,26,0.63,18
2024,7,14,21,56,0.64,17.9
2024,7,14,22,26,0.62,17.9
2024,7,14,22,56,0.66,18
2024,7,14,23,26,0.7,18
2024,7,14,23,56,0.75,18
2024,7,15,0,26,0.74,18.1
2024,7,15,0,56,0.73,18.1
2024,7,15,1,26,0.75,18.1
2024,7,15,1,56,0.72,17.9
2024,7,15,2,26,0.68,17.8
2024,7,15,2,56,0.7,17.5
2024,7,15,3,26,0.67,17.4
2024,7,15,3,56,0.63,17.4
2024,7,15,4,26,0.59,17.6
2024,7,15,4,56,0.58,17.6
2024,7,15,5,26,0.55,18
2024,7,15,5,56,0.54,18
2024,7,15,6,26,0.53,17.7
2024,7,15,6,56,0.55,17.6
2024,7,15,7,26,0.52,17.7
2024,7,15,7,56,0.56,17.7
2024,7,15,8,26,0.49,17.6
2024,7,15,8,56,0.48,17.3
2024,7,15,9,26,0.56,17.2
2024,7,15,9,56,0.53,17.1
2024,7,15,10,26,0.55,17
2024,7,15,10,56,0.51,16.9
2024,7,15,11,26,0.55,16.9
2024,7,15,11,56,0.54,16.9
2024,7,15,12,26,0.52,16.8
2024,7,15,12,56,0.54,16.7
2024,7,15,13,26,0.48,16.7
2024,7,15,13,56,0.53,16.8
2024,7,15,14,26,0.55,16.9
2024,7,15,14,56,0.53,17
2024,7,15,15,26,0.52,17
2024,7,15,15,56,0.55,17.2
2024,7,15,16,26,0.5,17.5
2024,7,15,16,56,0.54,18.1
2024,7,15,17,26,0.57,18.4
2024,7,15,17,56,0.53,18.9
2024,7,15,18,26,0.57,19.2
2024,7,15,18,56,0.56,19.5
2024,7,15,19,26,0.53,19.6
2024,7,15,19,56,0.59,19.6
2024,7,15,20,26,0.6,19.8
2024,7,15,20,56,0.61,19.8
2024,7,15,21,26,0.65,19.6
2024,7,15,21,56,0.71,19.5
2024,7,15,22,26,0.71,19.3
2024,7,15,22,56,0.72,19
2024,7,15,23,26,0.7,18.6
2024,7,15,23,56,0.73,18.4
2024,7,16,0,26,0.77,18.2
2024,7,16,0,56,0.69,18.1
2024,7,16,1,26,0.71,17.8
2024,7,16,1,56,0.67,17.8
2024,7,16,2,26,0.62,17.8
2024,7,16,2,56,0.66,17.7
2024,7,16,3,26,0.6,17.7
2024,7,16,3,56,0.68,17.7
2024,7,16,4,26,0.67,17.7
2024,7,16,4,56,0.61,17.5
2024,7,16,5,26,0.68,17.5
2024,7,16,5,56,0.66,17.4
2024,7,16,6,26,0.7,17.1
2024,7,16,6,56,0.68,17.1
2024,7,16,7,26,0.67,16.8
2024,7,16,7,56,0.66,16.8
2024,7,16,8,26,0.68,16.7
2024,7,16,8,56,0.66,16.5
2024,7,16,9,26,0.66,16.5
2024,7,16,9,56,0.65,16.5
2024,7,16,10,26,0.64,16.4
2024,7,16,10,56,0.69,16.4
2024,7,16,11,26,0.67,16.4
2024,7,16,11,56,0.65,16.4
2024,7,16,12,26,0.65,16.5
2024,7,16,12,56,0.66,16.6
2024,7,16,13,26,0.71,16.6
2024,7,16,13,56,0.69,16.6
2024,7,16,14,26,0.76,16.5
2024,7,16,14,56,0.66,16.5
2024,7,16,15,26,0.74,16.7
2024,7,16,15,56,0.62,16.8
2024,7,16,16,26,0.66,17.1
2024,7,16,16,56,0.65,17.5
2024,7,16,17,26,0.71,18.4
2024,7,16,17,56,0.66,18.9
2024,7,16,18,26,0.66,19.7
2024,7,16,18,56,0.72,19.8
2024,7,16,19,26,0.71,20.1
2024,7,16,19,56,0.71,20.5
2024,7,16,20,26,0.77,20.7
2024,7,16,20,56,0.71,20.6
2024,7,16,21,26,0.69,20.7
2024,7,16,21,56,0.69,20.7
2024,7,16,22,26,0.71,20.5
2024,7,16,22,56,0.67,20.2
2024,7,16,23,26,0.68,19.7
2024,7,16,23,56,0.75,18.7
2024,7,17,0,26,0.85,18.2
2024,7,17,0,56,0.8,17.8
2024,7,17,1,26,0.8,17.6
2024,7,17,1,56,0.75,17.5
2024,7,17,2,26,0.85,17.3
2024,7,17,2,56,0.82,17.2
2024,7,17,3,26,0.77,17.3
2024,7,17,3,56,0.76,17.3
2024,7,17,4,26,0.66,17.3
2024,7,17,4,56,0.79,17
2024,7,17,5,26,0.82,16.9
2024,7,17,5,56,0.82,16.8
2024,7,17,6,26,0.82,16.7
2024,7,17,6,56,0.87,16.6
2024,7,17,7,26,0.78,16.5
2024,7,17,7,56,0.89,16.5
2024,7,17,8,26,0.77,16.4
2024,7,17,8,56,0.83,16.3
2024,7,17,9,26,0.95,16.4
2024,7,17,9,56,0.82,16.1
2024,7,17,10,26,0.84,16.1
2024,7,17,10,56,0.83,16.3
2024,7,17,11,26,0.77,16.2
2024,7,17,11,56,0.82,16.3
2024,7,17,12,26,0.9,16.2
2024,7,17,12,56,0.8,16.2
2024,7,17,13,26,0.74,16.1
2024,7,17,13,56,0.85,16.1
2024,7,17,14,26,0.87,16.1
2024,7,17,14,56,0.79,16.7
2024,7,17,15,26,0.76,17
2024,7,17,15,56,0.83,16.9
2024,7,17,16,26,0.76,16.9
2024,7,17,16,56,0.78,17.2
2024,7,17,17,26,0.82,18.9
2024,7,17,17,56,0.76,19.3
2024,7,17,18,26,0.86,19.6
2024,7,17,18,56,0.87,20
2024,7,17,19,26,0.88,20.3
2024,7,17,19,56,0.93,20.5
2024,7,17,20,26,0.89,20.7
2024,7,17,20,56,0.92,20.9
2024,7,17,21,26,0.98,21
2024,7,17,21,56,1,21.2
2024,7,17,22,26,1.07,20.6
2024,7,17,22,56,1.12,19.6
2024,7,17,23,26,0.99,19.3
2024,7,17,23,56,0.96,18.9
2024,7,18,0,26,0.93,18.4
2024,7,18,0,56,1.1,18.2
2024,7,18,1,26,0.83,18.2
2024,7,18,1,56,1.02,18
2024,7,18,2,26,0.92,17.9
2024,7,18,2,56,0.98,17.6
2024,7,18,3,26,0.89,17.5
2024,7,18,3,56,0.93,17.4
2024,7,18,4,26,0.9,17.3
2024,7,18,4,56,0.78,17.2
2024,7,18,5,26,0.88,17.2
2024,7,18,5,56,0.83,17.1
2024,7,18,6,26,0.88,16.9
2024,7,18,6,56,0.78,16.8
2024,7,18,7,26,0.81,16.6
2024,7,18,7,56,0.8,16.3
2024,7,18,8,26,0.83,16.2
2024,7,18,8,56,0.9,16.2
2024,7,18,9,26,0.93,16.4
2024,7,18,9,56,0.93,16.4
2024,7,18,10,26,0.99,16.4
2024,7,18,10,56,1.03,16.4
2024,7,18,11,26,0.97,16.4
2024,7,18,11,56,0.93,16.4
2024,7,18,12,26,0.98,16.6
2024,7,18,12,56,1.04,16.6
2024,7,18,13,26,0.89,16.5
2024,7,18,13,56,1.02,16.7
2024,7,18,14,26,0.85,16.8
2024,7,18,14,56,0.92,16.7
2024,7,18,15,26,0.94,16.7
2024,7,18,15,56,1.1,16.3
2024,7,18,16,26,1.1,16.6
2024,7,18,16,56,0.86,16.9
2024,7,18,17,26,1.02,17.1
2024,7,18,17,56,0.91,17.8
2024,7,18,18,26,0.96,18.1
2024,7,18,18,56,0.81,18.8
2024,7,18,19,26,1.02,19.8
2024,7,18,19,56,1.01,20.3
2024,7,18,20,26,0.99,20.6
2024,7,18,20,56,1.09,20.8
2024,7,18,21,26,0.87,20.8
2024,7,18,21,56,1.08,20.4
2024,7,18,22,26,1.07,19.5
2024,7,18,22,56,1.04,18.2
2024,7,18,23,26,1.15,17.2
2024,7,18,23,56,1.17,17
2024,7,19,0,26,1,16.8
2024,7,19,0,56,1.03,17.1
2024,7,19,1,26,1.08,17
2024,7,19,1,56,1,17
2024,7,19,2,26,1.05,17
2024,7,19,2,56,1.02,17.1
2024,7,19,3,26,1.13,17.1
2024,7,19,3,56,0.99,16.8
2024,7,19,4,26,0.97,16.6
2024,7,19,4,56,0.89,16.4
2024,7,19,5,26,0.98,16.4
2024,7,19,5,56,1.01,16.4
2024,7,19,6,26,0.91,16.3
2024,7,19,6,56,0.84,16.3
2024,7,19,7,26,0.88,16.2
2024,7,19,7,56,0.92,16.2
2024,7,19,8,26,0.83,16.2
2024,7,19,8,56,0.89,16.1
2024,7,19,9,26,0.85,16
2024,7,19,9,56,0.96,15.9
2024,7,19,10,26,0.91,15.8
2024,7,19,10,56,0.92,15.8
2024,7,19,11,26,0.9,15.7
2024,7,19,11,56,0.89,15.6
2024,7,19,12,26,0.91,15.7
2024,7,19,12,56,0.94,15.9
2024,7,19,13,26,0.98,15.9
2024,7,19,13,56,0.91,16.3
2024,7,19,14,26,0.93,16.4
2024,7,19,14,56,1.06,16.3
2024,7,19,15,26,0.93,16.4
2024,7,19,15,56,0.96,16.4
2024,7,19,16,26,0.98,16.6
2024,7,19,16,56,0.94,16.5
2024,7,19,17,26,0.96,16.5
2024,7,19,17,56,0.85,16.8
2024,7,19,18,26,0.92,16.8
2024,7,19,18,56,0.86,17.2
2024,7,19,19,26,0.89,18.5
2024,7,19,19,56,0.82,18.3
2024,7,19,20,26,0.75,18.5
2024,7,19,20,56,0.86,20.2
2024,7,19,21,26,0.99,19.8
2024,7,19,21,56,1.01,19.5
2024,7,19,22,26,0.92,19
2024,7,19,22,56,0.97,18.7
2024,7,19,23,26,1.16,18.1
2024,7,19,23,56,1.04,17.4
2024,7,20,0,26,1.03,17.1
2024,7,20,0,56,0.99,17.2
2024,7,20,1,26,1.2,17
2024,7,20,1,56,1.09,16.8
2024,7,20,2,26,1.24,17
2024,7,20,2,56,1.08,16.8
2024,7,20,3,26,1.14,16.5
2024,7,20,3,56,1.05,16.4
2024,7,20,4,26,0.93,16.5
2024,7,20,4,56,1.19,16.4
2024,7,20,5,26,0.86,16.3
2024,7,20,5,56,0.93,16.2
2024,7,20,6,26,0.91,16.2
2024,7,20,6,56,0.89,16.2
2024,7,20,7,26,0.94,16.1
2024,7,20,7,56,0.93,16.1
2024,7,20,8,26,0.9,16.1
2024,7,20,8,56,0.98,16.3
2024,7,20,9,26,1.04,16.2
2024,7,20,9,56,0.92,16.1
2024,7,20,10,26,1.08,16.1
2024,7,20,10,56,0.88,16
2024,7,20,11,26,0.98,16
2024,7,20,11,56,0.89,15.9
2024,7,20,12,26,0.85,15.8
2024,7,20,12,56,0.79,15.9
2024,7,20,13,26,0.96,15.9
2024,7,20,13,56,1.04,15.9
2024,7,20,14,26,0.89,15.9
2024,7,20,14,56,0.94,16
2024,7,20,15,26,0.97,16.1
2024,7,20,15,56,0.97,16.1
2024,7,20,16,26,0.88,16
2024,7,20,16,56,0.99,16.1
2024,7,20,17,26,1.06,16.2
2024,7,20,17,56,0.98,16.3
2024,7,20,18,26,0.8,16.2
2024,7,20,18,56,0.98,16.2
2024,7,20,19,26,0.88,16.6
2024,7,20,19,56,0.92,17
2024,7,20,20,26,0.85,17
2024,7,20,20,56,0.9,16.8
2024,7,20,21,26,1.05,16.4
2024,7,20,21,56,0.88,16.2
2024,7,20,22,26,1.01,16.2
2024,7,20,22,56,0.95,16.2
2024,7,20,23,26,0.96,16
2024,7,20,23,56,1.02,15.8
2024,7,21,0,26,0.95,15.6
2024,7,21,0,56,0.89,15.7
2024,7,21,1,26,1.01,15.8
2024,7,21,1,56,0.89,15.7
2024,7,21,2,26,0.96,15.7
2024,7,21,2,56,0.96,15.7
2024,7,21,3,26,0.99,15.6
2024,7,21,3,56,0.97,15.3
2024,7,21,4,26,0.96,15.3
2024,7,21,4,56,0.9,15.3
2024,7,21,5,26,0.95,15.4
2024,7,21,5,56,0.91,15.5
2024,7,21,6,26,1.05,15.5
2024,7,21,6,56,1,15.6
2024,7,21,7,26,1.11,15.6
2024,7,21,7,56,0.99,15.7
2024,7,21,8,26,0.92,15.7
2024,7,21,8,56,1,15.7
2024,7,21,9,26,0.91,15.7
2024,7,21,9,56,0.96,15.6
2024,7,21,10,26,0.97,15.5
2024,7,21,10,56,1.03,15.4
2024,7,21,11,26,0.92,15.2
2024,7,21,11,56,0.99,15
2024,7,21,12,26,0.92,14.7
2024,7,21,12,56,0.84,14.6
2024,7,21,13,26,0.82,14.6
2024,7,21,13,56,0.89,14.5
2024,7,21,14,26,0.94,14.5
2024,7,21,14,56,0.92,14.5
2024,7,21,15,26,1.01,14.5
2024,7,21,15,56,1.1,14.6
2024,7,21,16,26,1,14.7
2024,7,21,16,56,0.96,14.8
2024,7,21,17,26,0.94,15
2024,7,21,17,56,1.06,15.1
2024,7,21,18,26,0.92,15.2
2024,7,21,18,56,1,15.5
2024,7,21,19,26,1,15.9
2024,7,21,19,56,1,15.9
2024,7,21,20,26,0.94,16
2024,7,21,20,56,0.94,16.2
2024,7,21,21,26,0.98,16.4
2024,7,21,21,56,0.95,16.4
2024,7,21,22,26,0.79,16.3
2024,7,21,22,56,0.86,16.3
2024,7,21,23,26,0.9,16.2
2024,7,21,23,56,0.96,16
2024,7,22,0,26,0.97,15.7
2024,7,22,0,56,0.99,15.4
2024,7,22,1,26,0.93,15.3
2024,7,22,1,56,0.9,15.5
2024,7,22,2,26,0.81,15.4
2024,7,22,2,56,0.87,15.5
2024,7,22,3,26,0.89,15.3
2024,7,22,3,56,1.02,15.3
2024,7,22,4,26,0.91,15.5
2024,7,22,4,56,0.95,15.4
2024,7,22,5,26,0.92,15.4
2024,7,22,5,56,0.86,15.4
2024,7,22,6,26,0.83,15.4
2024,7,22,6,56,0.88,15.3
2024,7,22,7,26,0.91,15.3
2024,7,22,7,56,0.96,15.3
2024,7,22,8,26,1.02,15.4
2024,7,22,8,56,0.94,15.5
2024,7,22,9,26,0.95,15.6
2024,7,22,9,56,0.95,15.7
2024,7,22,10,26,0.94,15.7
2024,7,22,10,56,0.92,15.8
2024,7,22,11,26,0.92,15.8
2024,7,22,11,56,0.96,15.9
2024,7,22,12,26,0.85,15.8
2024,7,22,12,56,0.87,15.8
2024,7,22,13,26,0.89,15.8
2024,7,22,13,56,0.83,15.6
2024,7,22,14,26,0.81,15.7
2024,7,22,14,56,0.76,15.6
2024,7,22,15,26,0.84,15.4
2024,7,22,15,56,0.79,16
2024,7,22,16,26,0.9,15.8
2024,7,22,16,56,0.84,16.2
2024,7,22,17,26,0.86,16.1
2024,7,22,17,56,0.87,16.2
2024,7,22,18,26,0.83,16.1
2024,7,22,18,56,0.83,16.4
2024,7,22,19,26,0.91,16.4
2024,7,22,19,56,0.95,16.2
2024,7,22,20,26,0.9,16
2024,7,22,20,56,0.92,15.9
2024,7,22,21,26,1.01,15.9
2024,7,22,21,56,1.08,15.8
2024,7,22,22,26,1.04,15.9
2024,7,22,22,56,1.03,15.9
2024,7,22,23,26,1,15.9
2024,7,22,23,56,1.04,15.9
2024,7,23,0,26,1.01,15.7
2024,7,23,0,56,0.96,15.8
2024,7,23,1,26,0.99,15.8
2024,7,23,1,56,0.95,15.7
2024,7,23,2,26,0.95,15.7
2024,7,23,2,56,0.89,15.7
2024,7,23,3,26,0.9,15.6
2024,7,23,3,56,0.98,15.6
2024,7,23,4,26,0.9,15.6
2024,7,23,4,56,0.9,15.5
2024,7,23,5,26,0.89,15.5
2024,7,23,5,56,0.85,15.5
2024,7,23,6,26,0.8,15.5
2024,7,23,6,56,0.81,15.4
2024,7,23,7,26,0.85,15.3
2024,7,23,7,56,0.88,15.3
2024,7,23,8,26,0.9,15.3
2024,7,23,8,56,1,15.2
2024,7,23,9,26,0.93,15.1
2024,7,23,9,56,0.97,15.1
2024,7,23,10,26,0.93,15.1
2024,7,23,10,56,0.88,15.1
2024,7,23,11,26,0.92,15.1
2024,7,23,11,56,0.89,15.1
2024,7,23,12,26,0.89,15.1
2024,7,23,12,56,0.78,15.1
2024,7,23,13,26,0.84,15.2
2024,7,23,13,56,0.89,15.3
2024,7,23,14,26,0.81,15.3
2024,7,23,14,56,0.83,15.4
2024,7,23,15,26,0.78,15.5
2024,7,23,15,56,0.85,15.5
2024,7,23,16,26,0.81,16
2024,7,23,16,56,0.78,16.3
2024,7,23,17,26,0.88,16.6
2024,7,23,17,56,0.8,16.9
2024,7,23,18,26,0.83,16.9
2024,7,23,18,56,0.93,16.9
2024,7,23,19,26,0.83,16.8
2024,7,23,19,56,0.88,16.6
2024,7,23,20,26,0.97,16.4
2024,7,23,20,56,0.83,16.3
2024,7,23,21,26,0.87,15.9
2024,7,23,21,56,0.88,15.8
2024,7,23,22,26,0.84,15.7
2024,7,23,22,56,0.98,15.5
2024,7,23,23,26,0.91,15.5
2024,7,23,23,56,0.96,15.4
2024,7,24,0,26,1,15.3
2024,7,24,0,56,0.93,15.2
2024,7,24,1,26,0.94,15
2024,7,24,1,56,0.98,14.9
2024,7,24,2,26,0.93,14.6
2024,7,24,2,56,0.8,14.5
2024,7,24,3,26,0.85,14.8
2024,7,24,3,56,0.94,14.7
2024,7,24,4,26,0.87,14.6
2024,7,24,4,56,0.96,14.5
2024,7,24,5,26,0.85,14.4
2024,7,24,5,56,0.96,14.6
2024,7,24,6,26,0.78,14.7
2024,7,24,6,56,0.86,14.6
2024,7,24,7,26,0.9,14.5
2024,7,24,7,56,0.83,14.5
2024,7,24,8,26,0.83,14.4
2024,7,24,8,56,0.9,14.3
2024,7,24,9,26,0.87,14.2
2024,7,24,9,56,0.87,14.1
2024,7,24,10,26,0.82,14.1
2024,7,24,10,56,0.85,14
2024,7,24,11,26,0.78,14
2024,7,24,11,56,0.91,14
2024,7,24,12,26,0.9,13.9
2024,7,24,12,56,0.79,13.9
2024,7,24,13,26,0.86,14
2024,7,24,13,56,0.82,14.2
2024,7,24,14,26,0.82,14
2024,7,24,14,56,0.73,14.1
2024,7,24,15,26,0.77,14
2024,7,24,15,56,0.84,14
2024,7,24,16,26,0.83,14
2024,7,24,16,56,0.87,14.8
2024,7,24,17,26,0.8,15.2
2024,7,24,17,56,0.95,15
2024,7,24,18,26,0.89,15.1
2024,7,24,18,56,0.86,14.9
2024,7,24,19,26,0.84,14.6
2024,7,24,19,56,0.84,14.4
2024,7,24,20,26,1.05,14.2
2024,7,24,20,56,0.92,14.1
2024,7,24,21,26,0.97,14
2024,7,24,21,56,0.89,13.9
2024,7,24,22,26,0.95,13.9
2024,7,24,22,56,0.97,13.8
2024,7,24,23,26,0.95,13.9
2024,7,24,23,56,0.92,14
2024,7,25,0,26,0.93,14
2024,7,25,0,56,0.97,13.9
2024,7,25,1,26,0.98,13.8
2024,7,25,1,56,0.85,13.4
2024,7,25,2,26,0.96,13.7
2024,7,25,2,56,0.85,13.5
2024,7,25,3,26,0.86,13.5
2024,7,25,3,56,0.94,13.5
2024,7,25,4,26,0.84,13.6
2024,7,25,4,56,0.95,13.7
2024,7,25,5,26,0.78,13.7
2024,7,25,5,56,0.91,13.9
2024,7,25,6,26,0.89,14.4
2024,7,25,6,56,0.88,14
2024,7,25,7,26,1.02,14
2024,7,25,7,56,0.95,14
2024,7,25,8,26,0.9,13.9
2024,7,25,8,56,0.89,13.8
2024,7,25,9,26,0.96,13.7
2024,7,25,9,56,1.04,13.7
2024,7,25,10,26,0.92,13.6
2024,7,25,10,56,0.88,13.6
2024,7,25,11,26,0.92,13.5
2024,7,25,11,56,0.87,13.5
2024,7,25,12,26,0.81,13.5
2024,7,25,12,56,0.84,13.4
2024,7,25,13,26,0.87,13.3
2024,7,25,13,56,0.85,13.4
2024,7,25,14,26,0.81,13.5
2024,7,25,14,56,0.81,13.7
2024,7,25,15,26,0.74,13.7
2024,7,25,15,56,0.78,13.7
2024,7,25,16,26,0.76,13.7
2024,7,25,16,56,0.78,13.8
2024,7,25,17,26,0.84,13.9
2024,7,25,17,56,0.77,14.8
2024,7,25,18,26,0.74,14.8
2024,7,25,18,56,0.81,14.7
2024,7,25,19,26,0.8,14.7
2024,7,25,19,56,0.76,14.6
2024,7,25,20,26,0.9,14.5
2024,7,25,20,56,0.77,14.5
2024,7,25,21,26,0.86,14.4
2024,7,25,21,56,0.85,14.3
2024,7,25,22,26,0.94,14.2
2024,7,25,22,56,0.97,14.1
2024,7,25,23,26,0.9,14
2024,7,25,23,56,0.88,13.8
2024,7,26,0,26,0.86,13.8
2024,7,26,0,56,0.77,13.8
2024,7,26,1,26,0.8,13.6
2024,7,26,1,56,0.87,13.5
2024,7,26,2,26,0.78,13.4
2024,7,26,2,56,0.85,13.3
2024,7,26,3,26,0.83,13.3
2024,7,26,3,56,0.83,13.2
2024,7,26,4,26,0.8,13.1
2024,7,26,4,56,0.75,14.4
2024,7,26,5,26,0.83,14.9
2024,7,26,5,56,0.8,14.7
2024,7,26,6,26,0.78,14.5
2024,7,26,6,56,0.79,14.1
2024,7,26,7,26,0.82,14
2024,7,26,7,56,0.84,13.8
2024,7,26,8,26,0.83,13.8
2024,7,26,8,56,0.84,13.6
2024,7,26,9,26,0.85,13.5
2024,7,26,9,56,0.84,13.4
2024,7,26,10,26,0.85,13.4
2024,7,26,10,56,0.78,13.3
2024,7,26,11,26,0.86,13.2
2024,7,26,11,56,0.87,13.2
2024,7,26,12,26,0.85,13.1
2024,7,26,12,56,0.8,13.1
2024,7,26,13,26,0.85,13.1
2024,7,26,13,56,0.81,13.2
2024,7,26,14,26,0.86,13.2
2024,7,26,14,56,0.83,13.2
2024,7,26,15,26,0.9,14.2
2024,7,26,15,56,0.79,14.4
2024,7,26,16,26,0.82,14.5
2024,7,26,16,56,0.79,13.8
2024,7,26,17,26,0.79,14
2024,7,26,17,56,0.78,14
2024,7,26,18,26,0.82,14.2
2024,7,26,18,56,0.82,14.5
2024,7,26,19,26,0.79,14.5
2024,7,26,19,56,0.86,14.4
2024,7,26,20,26,0.83,14.4
2024,7,26,20,56,0.83,14.4
2024,7,26,21,26,0.85,14.4
2024,7,26,21,56,0.85,14.3
2024,7,26,22,26,0.93,14.3
2024,7,26,22,56,0.9,14.2
2024,7,26,23,26,0.9,14.1
2024,7,26,23,56,0.92,14.1
2024,7,27,0,26,0.9,14.1
2024,7,27,0,56,0.86,14.1
2024,7,27,1,26,0.89,14
2024,7,27,1,56,0.8,14
2024,7,27,2,26,0.82,13.9
2024,7,27,2,56,0.83,13.9
2024,7,27,3,26,0.73,13.8
2024,7,27,3,56,0.79,13.7
2024,7,27,4,26,0.79,13.7
2024,7,27,4,56,0.83,13.7
2024,7,27,5,26,0.76,13.7
2024,7,27,5,56,0.79,13.7
2024,7,27,6,26,0.84,13.7
2024,7,27,6,56,0.81,13.7
2024,7,27,7,26,0.8,13.7
2024,7,27,7,56,0.9,13.7
2024,7,27,8,26,0.91,13.7
2024,7,27,8,56,0.89,13.7
2024,7,27,9,26,0.89,13.7
2024,7,27,9,56,0.87,13.8
2024,7,27,10,26,0.88,14
2024,7,27,10,56,0.89,14.2
2024,7,27,11,26,0.98,14.3
2024,7,27,11,56,0.87,14.3
2024,7,27,12,26,0.9,14.4
2024,7,27,12,56,0.9,14.4
2024,7,27,13,26,0.89,14.4
2024,7,27,13,56,0.85,14.4
2024,7,27,14,26,0.85,14.3
2024,7,27,14,56,0.9,14.4
2024,7,27,15,26,0.86,14.4
2024,7,27,15,56,0.83,14.6
2024,7,27,16,26,0.94,14.5
2024,7,27,16,56,0.92,14.6
2024,7,27,17,26,0.89,14.6
2024,7,27,17,56,0.87,14.7
2024,7,27,18,26,0.85,15.4
2024,7,27,18,56,0.92,16.7
2024,7,27,19,26,0.97,16.6
2024,7,27,19,56,0.95,17.5
2024,7,27,20,26,0.86,17.3
2024,7,27,20,56,0.9,17.1
2024,7,27,21,26,0.95,17
2024,7,27,21,56,0.83,16.3
2024,7,27,22,26,0.86,16.2
2024,7,27,22,56,1,16.1
2024,7,27,23,26,0.9,16
2024,7,27,23,56,1.01,15.9
2024,7,28,0,26,1.01,15.7
2024,7,28,0,56,0.97,15.6
2024,7,28,1,26,1,15.5
2024,7,28,1,56,1.01,15.4
2024,7,28,2,26,1.03,15.4
2024,7,28,2,56,0.9,15.3
2024,7,28,3,26,0.99,15.3
2024,7,28,3,56,0.87,15.3
2024,7,28,4,26,1,15.2
2024,7,28,4,56,0.97,15.1
2024,7,28,5,26,0.93,15.1
2024,7,28,5,56,1.05,15.3
2024,7,28,6,26,0.93,15.4
2024,7,28,6,56,1.02,15.3
2024,7,28,7,26,0.97,15.1
2024,7,28,7,56,1.01,15.1
2024,7,28,8,26,1.05,15.1
2024,7,28,8,56,1.13,15.1
2024,7,28,9,26,1.01,15.1
2024,7,28,9,56,1,15.1
2024,7,28,10,26,1.05,15.1
2024,7,28,10,56,1,15.1
2024,7,28,11,26,0.96,15.2
2024,7,28,11,56,1.02,15.3
2024,7,28,12,26,0.95,15.9
2024,7,28,12,56,1,16.4
2024,7,28,13,26,0.97,16.3
2024,7,28,13,56,1.06,16.2
2024,7,28,14,26,0.97,16.3
2024,7,28,14,56,1.03,16.3
2024,7,28,15,26,0.95,16.3
2024,7,28,15,56,1.02,16.3
2024,7,28,16,26,1.07,16.5
2024,7,28,16,56,1.03,16.7
2024,7,28,17,26,0.97,16.5
2024,7,28,17,56,0.93,16.7
2024,7,28,18,26,0.99,17.4
2024,7,28,18,56,1,17.3
2024,7,28,19,26,0.86,17.1
2024,7,28,19,56,1,17.2
2024,7,28,20,26,0.92,17.4
2024,7,28,20,56,0.99,17.5
2024,7,28,21,26,0.95,17.4
2024,7,28,21,56,0.91,17.3
2024,7,28,22,26,0.94,17.1
2024,7,28,22,56,0.99,17.1
2024,7,28,23,26,1,17
2024,7,28,23,56,0.97,17
2024,7,29,0,26,1.06,17
2024,7,29,0,56,0.99,16.9
2024,7,29,1,26,0.98,16.9
2024,7,29,1,56,0.95,16.9
2024,7,29,2,26,0.99,16.8
2024,7,29,2,56,1.02,16.8
2024,7,29,3,26,0.9,16.7
2024,7,29,3,56,0.93,16.6
2024,7,29,4,26,0.98,16.6
2024,7,29,4,56,0.93,16.6
2024,7,29,5,26,0.9,16.6
2024,7,29,5,56,0.9,16.6
2024,7,29,6,26,0.99,16.6
2024,7,29,6,56,0.92,16.6
2024,7,29,7,26,0.93,16.6
2024,7,29,7,56,0.93,16.6
2024,7,29,8,26,0.98,16.5
2024,7,29,8,56,0.94,16.6
2024,7,29,9,26,1,16.6
2024,7,29,9,56,0.94,16.6
2024,7,29,10,26,0.95,16.6
2024,7,29,10,56,0.91,16.6
2024,7,29,11,26,0.97,16.6
2024,7,29,11,56,0.92,16.7
2024,7,29,12,26,0.89,16.8
2024,7,29,12,56,0.94,16.8
2024,7,29,13,26,0.89,16.9
2024,7,29,13,56,0.9,16.9
2024,7,29,14,26,0.85,17
2024,7,29,14,56,0.92,17.2
2024,7,29,15,26,0.93,17.2
2024,7,29,15,56,0.9,17.3
2024,7,29,16,26,0.83,17.3
2024,7,29,16,56,0.9,17.4
2024,7,29,17,26,0.9,17.5
2024,7,29,17,56,0.84,17.5
2024,7,29,18,26,0.87,17.6
2024,7,29,18,56,0.83,17.6
2024,7,29,19,26,0.85,17.4
2024,7,29,19,56,0.89,17.4
2024,7,29,20,26,0.81,17.4
2024,7,29,20,56,0.83,17.3
2024,7,29,21,26,0.92,17.2
2024,7,29,21,56,0.88,17.1
2024,7,29,22,26,0.89,17.1
2024,7,29,22,56,0.89,17
2024,7,29,23,26,0.89,17
2024,7,29,23,56,0.85,17
2024,7,30,0,26,0.91,16.9
2024,7,30,0,56,0.85,16.8
2024,7,30,1,26,0.73,16.7
2024,7,30,1,56,0.76,16.6
2024,7,30,2,26,0.82,16.4
2024,7,30,2,56,0.82,16.3
2024,7,30,3,26,0.83,16.2
2024,7,30,3,56,0.79,16.1
2024,7,30,4,26,0.76,15.9
2024,7,30,4,56,0.72,15.8
2024,7,30,5,26,0.72,15.7
2024,7,30,5,56,0.72,15.5
2024,7,30,6,26,0.78,15.3
2024,7,30,6,56,0.76,15.2
2024,7,30,7,26,0.75,15.2
2024,7,30,7,56,0.79,15.1
2024,7,30,8,26,0.82,15.1
2024,7,30,8,56,0.75,15.1
2024,7,30,9,26,0.77,15.1
2024,7,30,9,56,0.72,15.1
2024,7,30,10,26,0.81,15.1
2024,7,30,10,56,0.82,15.2
2024,7,30,11,26,0.86,15.3
2024,7,30,11,56,0.8,15.7
2024,7,30,12,26,0.82,15.8
2024,7,30,12,56,0.8,15.8
2024,7,30,13,26,0.85,15.8
2024,7,30,13,56,0.73,15.9
2024,7,30,14,26,0.83,15.9
2024,7,30,14,56,0.79,16
2024,7,30,15,26,0.81,16.1
2024,7,30,15,56,0.82,16.2
2024,7,30,16,26,0.88,16.3
2024,7,30,16,56,0.83,16.5
2024,7,30,17,26,0.93,16.7
2024,7,30,17,56,0.82,16.8
2024,7,30,18,26,0.75,17.1
2024,7,30,18,56,0.74,17.2
2024,7,30,19,26,0.8,17.3
2024,7,30,19,56,0.84,17.5
2024,7,30,20,26,0.79,17.7
2024,7,30,20,56,0.76,17.6
2024,7,30,21,26,0.84,17.4
2024,7,30,21,56,0.82,17.2
2024,7,30,22,26,0.85,17
2024,7,30,22,56,0.89,16.9
2024,7,30,23,26,0.83,16.6
2024,7,30,23,56,0.94,16.3
2024,7,31,0,26,0.9,16.3
2024,7,31,0,56,0.9,16.1
2024,7,31,1,26,0.83,16
2024,7,31,1,56,0.81,15.9
2024,7,31,2,26,0.78,15.8
2024,7,31,2,56,0.9,15.7
2024,7,31,3,26,0.83,15.7
2024,7,31,3,56,0.91,15.7
2024,7,31,4,26,0.82,15.6
2024,7,31,4,56,0.81,15.6
2024,7,31,5,26,0.87,15.6
2024,7,31,5,56,0.8,15.6
2024,7,31,6,26,0.76,15.6
2024,7,31,6,56,0.78,15.6
2024,7,31,7,26,0.86,15.6
2024,7,31,7,56,0.78,15.6
2024,7,31,8,26,0.82,15.6
2024,7,31,8,56,0.68,15.6
2024,7,31,9,26,0.73,15.6
2024,7,31,9,56,0.74,15.5
2024,7,31,10,26,0.85,15.5
2024,7,31,10,56,0.69,15.4
2024,7,31,11,26,0.87,15.4
2024,7,31,11,56,0.77,15.5
2024,7,31,12,26,0.89,15.5
2024,7,31,12,56,0.78,15.6
2024,7,31,13,26,0.82,15.6
2024,7,31,13,56,0.78,15.7
2024,7,31,14,26,0.89,15.7
2024,7,31,14,56,0.85,15.8
2024,7,31,15,26,0.88,16
2024,7,31,15,56,0.94,16.1
2024,7,31,16,26,0.94,16.3
2024,7,31,16,56,0.87,16.4
2024,7,31,17,26,0.82,17.3
2024,7,31,17,56,0.84,17.4
2024,7,31,18,26,0.86,17.3
2024,7,31,18,56,0.82,17
2024,7,31,19,26,0.78,17.2
2024,7,31,19,56,0.84,18.7
2024,7,31,20,26,0.75,18.8
2024,7,31,20,56,0.76,18.2
2024,7,31,21,26,0.71,18.1
2024,7,31,21,56,0.76,17.8
2024,7,31,22,26,0.72,18
2024,7,31,22,56,0.68,17.6
2024,7,31,23,26,0.73,17.2
2024,7,31,23,56,0.72,16.8
2024,8,1,0,26,0.86,16.6
2024,8,1,0,56,0.78,16.3
2024,8,1,1,26,0.83,16.1
2024,8,1,1,56,0.73,15.9
2024,8,1,2,26,0.84,15.8
2024,8,1,2,56,0.68,15.7
2024,8,1,3,26,0.77,15.6
2024,8,1,3,56,0.77,15.5
2024,8,1,4,26,0.8,15.5
2024,8,1,4,56,0.7,15.5
2024,8,1,5,26,0.7,15.4
2024,8,1,5,56,0.72,15.4
2024,8,1,6,26,0.68,15.3
2024,8,1,6,56,0.65,15.3
2024,8,1,7,26,0.7,15.3
2024,8,1,7,56,0.61,15.3
2024,8,1,8,26,0.62,15.3
2024,8,1,8,56,0.63,15.1
2024,8,1,9,26,0.61,15.1
2024,8,1,9,56,0.62,15.1
2024,8,1,10,26,0.62,15
2024,8,1,10,56,0.65,14.9
2024,8,1,11,26,0.59,14.7
2024,8,1,11,56,0.65,14.8
2024,8,1,12,26,0.6,14.7
2024,8,1,12,56,0.62,14.7
2024,8,1,13,26,0.64,14.7
2024,8,1,13,56,0.61,14.7
2024,8,1,14,26,0.63,14.8
2024,8,1,14,56,0.65,14.7
2024,8,1,15,26,0.6,14.9
2024,8,1,15,56,0.63,15
2024,8,1,16,26,0.64,15.2
2024,8,1,16,56,0.66,15.4
2024,8,1,17,26,0.73,15.4
2024,8,1,17,56,0.68,15.3
2024,8,1,18,26,0.67,15.4
2024,8,1,18,56,0.63,15.3
2024,8,1,19,26,0.63,15.4
2024,8,1,19,56,0.7,15.2
2024,8,1,20,26,0.72,18.5
2024,8,1,20,56,0.75,18.5
2024,8,1,21,26,0.7,18.3
2024,8,1,21,56,0.72,18.1
2024,8,1,22,26,0.73,17.9
2024,8,1,22,56,0.75,17.7
2024,8,1,23,26,0.73,17.6
2024,8,1,23,56,0.74,17.2
2024,8,2,0,26,0.67,16.9
2024,8,2,0,56,0.78,16.5
2024,8,2,1,26,0.72,16.2
2024,8,2,1,56,0.72,16
2024,8,2,2,26,0.78,15.8
2024,8,2,2,56,0.67,15.6
2024,8,2,3,26,0.62,15.5
2024,8,2,3,56,0.62,15.4
2024,8,2,4,26,0.64,15.3
2024,8,2,4,56,0.63,15.3
2024,8,2,5,26,0.6,15.3
2024,8,2,5,56,0.65,15.3
2024,8,2,6,26,0.65,15.3
2024,8,2,6,56,0.61,15.2
2024,8,2,7,26,0.63,15.2
2024,8,2,7,56,0.65,15.2
2024,8,2,8,26,0.63,15.2
2024,8,2,8,56,0.69,15.2
2024,8,2,9,26,0.7,15.1
2024,8,2,9,56,0.74,15.1
2024,8,2,10,26,0.65,15.2
2024,8,2,10,56,0.68,16.2
2024,8,2,11,26,0.78,16.1
2024,8,2,11,56,0.71,16.1
2024,8,2,12,26,0.76,16
2024,8,2,12,56,0.74,16
2024,8,2,13,26,0.77,16.1
2024,8,2,13,56,0.8,16
2024,8,2,14,26,0.8,16
2024,8,2,14,56,0.8,16.1
2024,8,2,15,26,0.79,16.1
2024,8,2,15,56,0.79,16.1
2024,8,2,16,26,0.75,16.1
2024,8,2,16,56,0.81,16.2
2024,8,2,17,26,0.77,16.2
2024,8,2,17,56,0.75,16.1
2024,8,2,18,26,0.71,16
2024,8,2,18,56,0.84,16
2024,8,2,19,26,0.79,16
2024,8,2,19,56,0.9,16
2024,8,2,20,26,0.8,17.7
2024,8,2,20,56,0.85,17.8
2024,8,2,21,26,0.76,18.2
2024,8,2,21,56,0.85,18.5
2024,8,2,22,26,0.78,18.6
2024,8,2,22,56,0.89,18.3
2024,8,2,23,26,0.83,18.5
2024,8,2,23,56,0.81,18
2024,8,3,0,26,0.77,17.4
2024,8,3,0,56,0.92,17.1
2024,8,3,1,26,0.8,16.7
2024,8,3,1,56,0.81,16.4
2024,8,3,2,26,0.86,16.2
2024,8,3,2,56,0.83,16
2024,8,3,3,26,0.72,15.8
2024,8,3,3,56,0.79,15.7
2024,8,3,4,26,0.75,15.6
2024,8,3,4,56,0.71,15.6
2024,8,3,5,26,0.77,15.5
2024,8,3,5,56,0.76,15.5
2024,8,3,6,26,0.67,15.5
2024,8,3,6,56,0.69,15.4
2024,8,3,7,26,0.69,15.4
2024,8,3,7,56,0.67,15.5
2024,8,3,8,26,0.79,15.5
2024,8,3,8,56,0.71,15.5
2024,8,3,9,26,0.68,15.4
2024,8,3,9,56,0.76,15.4
2024,8,3,10,26,0.69,15.4
2024,8,3,10,56,0.8,15.4
2024,8,3,11,26,0.82,15.5
2024,8,3,11,56,0.75,15.5
2024,8,3,12,26,0.72,15.4
2024,8,3,12,56,0.72,14.9
2024,8,3,13,26,0.71,15.1
2024,8,3,13,56,0.75,15.1
2024,8,3,14,26,0.76,15.3
2024,8,3,14,56,0.73,15.5
2024,8,3,15,26,0.69,15.7
2024,8,3,15,56,0.65,15.7
2024,8,3,16,26,0.66,15.7
2024,8,3,16,56,0.74,16
2024,8,3,17,26,0.75,16.1
2024,8,3,17,56,0.68,16.2
2024,8,3,18,26,0.74,16.4
2024,8,3,18,56,0.72,16.5
2024,8,3,19,26,0.83,16.6
2024,8,3,19,56,0.79,16.6
2024,8,3,20,26,0.72,17
2024,8,3,20,56,0.81,17.2
2024,8,3,21,26,0.84,17.3
2024,8,3,21,56,0.83,17.3
2024,8,3,22,26,0.8,17.3
2024,8,3,22,56,0.77,17.9
2024,8,3,23,26,0.87,17.6
2024,8,3,23,56,0.88,17.3
2024,8,4,0,26,0.86,17.1
2024,8,4,0,56,0.74,16.7
2024,8,4,1,26,0.82,16.6
2024,8,4,1,56,0.79,16.2
2024,8,4,2,26,0.74,16.1
2024,8,4,2,56,0.71,15.8
2024,8,4,3,26,0.72,15.6
2024,8,4,3,56,0.75,15.4
2024,8,4,4,26,0.78,15.4
2024,8,4,4,56,0.69,15.3
2024,8,4,5,26,0.69,15.3
2024,8,4,5,56,0.75,15.2
2024,8,4,6,26,0.82,15.2
2024,8,4,6,56,0.82,15.2
2024,8,4,7,26,0.77,15.1
2024,8,4,7,56,0.8,15.1
2024,8,4,8,26,0.85,15
2024,8,4,8,56,0.88,15
2024,8,4,9,26,0.89,15
2024,8,4,9,56,0.82,15
2024,8,4,10,26,0.87,15
2024,8,4,10,56,0.87,15
2024,8,4,11,26,0.87,15.1
2024,8,4,11,56,0.85,14.9
2024,8,4,12,26,0.79,14.7
2024,8,4,12,56,0.82,14.8
2024,8,4,13,26,0.83,15.3
2024,8,4,13,56,0.84,15.4
2024,8,4,14,26,0.73,15.6
2024,8,4,14,56,0.8,15.7
2024,8,4,15,26,0.71,15.8
2024,8,4,15,56,0.73,15.7
2024,8,4,16,26,0.71,15.5
2024,8,4,16,56,0.7,15.6
2024,8,4,17,26,0.74,15.4
2024,8,4,17,56,0.71,15.3
2024,8,4,18,26,0.8,15.6
2024,8,4,18,56,0.8,16
2024,8,4,19,26,0.75,16.6
2024,8,4,19,56,0.76,16.9
2024,8,4,20,26,0.82,16.8
2024,8,4,20,56,0.8,17.3
2024,8,4,21,26,0.83,17.7
2024,8,4,21,56,0.8,17.8
2024,8,4,22,26,0.82,17.7
2024,8,4,22,56,0.83,17.8
2024,8,4,23,26,0.8,18.5
2024,8,4,23,56,0.85,18.1
2024,8,5,0,26,0.79,17.6
2024,8,5,0,56,0.78,17.1
2024,8,5,1,26,0.79,16.7
2024,8,5,1,56,0.76,16.1
2024,8,5,2,26,0.71,15.7
2024,8,5,2,56,0.68,15.1
2024,8,5,3,26,0.65,15.2
2024,8,5,3,56,0.69,15.1
2024,8,5,4,26,0.72,14.9
2024,8,5,4,56,0.68,14.9
2024,8,5,5,26,0.64,14.8
2024,8,5,5,56,0.65,14.7
2024,8,5,6,26,0.65,14.6
2024,8,5,6,56,0.67,14.5
2024,8,5,7,26,0.64,14.5
2024,8,5,7,56,0.7,14.4
2024,8,5,8,26,0.71,14.3
2024,8,5,8,56,0.75,14.3
2024,8,5,9,26,0.77,14.2
2024,8,5,9,56,0.66,14.4
2024,8,5,10,26,0.65,14.6
2024,8,5,10,56,0.65,15.8
2024,8,5,11,26,0.71,16.6
2024,8,5,11,56,0.71,16.7
2024,8,5,12,26,0.68,16.5
2024,8,5,12,56,0.66,16.4
2024,8,5,13,26,0.68,15.9
2024,8,5,13,56,0.65,15.5
2024,8,5,14,26,0.7,15.1
2024,8,5,14,56,0.66,15.5
2024,8,5,15,26,0.68,15.3
2024,8,5,15,56,0.68,15.1
2024,8,5,16,26,0.67,15.1
2024,8,5,16,56,0.7,14.9
2024,8,5,17,26,0.62,15
2024,8,5,17,56,0.59,15.3
2024,8,5,18,26,0.61,16.9
2024,8,5,18,56,0.61,17.4
2024,8,5,19,26,0.73,17.9
2024,8,5,19,56,0.71,18.6
2024,8,5,20,26,0.71,19
2024,8,5,20,56,0.75,19.1
2024,8,5,21,26,0.77,19.2
2024,8,5,21,56,0.76,19.3
2024,8,5,22,26,0.78,19.3
2024,8,5,22,56,0.77,19.3
2024,8,5,23,26,0.78,19
2024,8,5,23,56,0.75,18.6
2024,8,6,0,26,0.7,18.3
2024,8,6,0,56,0.65,18.1
2024,8,6,1,26,0.67,17.1
2024,8,6,1,56,0.67,16.4
2024,8,6,2,26,0.65,15.8
2024,8,6,2,56,0.63,15.7
2024,8,6,3,26,0.64,15.4
2024,8,6,3,56,0.63,15.3
2024,8,6,4,26,0.63,15.8
2024,8,6,4,56,0.61,15.5
2024,8,6,5,26,0.65,15.5
2024,8,6,5,56,0.64,15.2
2024,8,6,6,26,0.68,15.1
2024,8,6,6,56,0.62,14.9
2024,8,6,7,26,0.65,14.8
2024,8,6,7,56,0.69,14.8
2024,8,6,8,26,0.71,14.6
2024,8,6,8,56,0.75,14.6
2024,8,6,9,26,0.69,14.8
2024,8,6,9,56,0.72,15.2
2024,8,6,10,26,0.69,15.2
2024,8,6,10,56,0.67,16.3
2024,8,6,11,26,0.68,16.6
2024,8,6,11,56,0.7,16.6
2024,8,6,12,26,0.67,16.7
2024,8,6,12,56,0.67,16.7
2024,8,6,13,26,0.67,16.9
2024,8,6,13,56,0.62,16.8
2024,8,6,14,26,0.61,16.9
2024,8,6,14,56,0.58,17
2024,8,6,15,26,0.58,16.9
2024,8,6,15,56,0.62,17
2024,8,6,16,26,0.6,17.1
2024,8,6,16,56,0.56,17.7
2024,8,6,17,26,0.57,18.2
2024,8,6,17,56,0.58,18.7
2024,8,6,18,26,0.56,19.2
2024,8,6,18,56,0.59,19.4
2024,8,6,19,26,0.54,19.8
2024,8,6,19,56,0.55,20.3
2024,8,6,20,26,0.57,19.8
2024,8,6,20,56,0.56,19.3
2024,8,6,21,26,0.57,19.4
2024,8,6,21,56,0.56,19.4
2024,8,6,22,26,0.57,19.8
2024,8,6,22,56,0.56,18.9
2024,8,6,23,26,0.58,19.7
2024,8,6,23,56,0.53,19.2
2024,8,7,0,26,0.54,19
2024,8,7,0,56,0.56,18.8
2024,8,7,1,26,0.57,18.8
2024,8,7,1,56,0.55,19
2024,8,7,2,26,0.53,18.3
2024,8,7,2,56,0.57,17.5
2024,8,7,3,26,0.48,18.9
2024,8,7,3,56,0.55,18.9
2024,8,7,4,26,0.52,18.7
2024,8,7,4,56,0.52,18.6
2024,8,7,5,26,0.53,18.2
2024,8,7,5,56,0.56,18
2024,8,7,6,26,0.5,17.7
2024,8,7,6,56,0.53,16.8
2024,8,7,7,26,0.5,16.6
2024,8,7,7,56,0.53,16.5
2024,8,7,8,26,0.53,16.4
2024,8,7,8,56,0.51,16.3
2024,8,7,9,26,0.47,16.6
2024,8,7,9,56,0.48,18.3
2024,8,7,10,26,0.47,18.2
2024,8,7,10,56,0.43,18.6
2024,8,7,11,26,0.45,18.7
2024,8,7,11,56,0.47,18.7
2024,8,7,12,26,0.48,18.6
2024,8,7,12,56,0.46,18.6
2024,8,7,13,26,0.47,18.2
2024,8,7,13,56,0.52,17.9
2024,8,7,14,26,0.52,18.1
2024,8,7,14,56,0.51,18.2
2024,8,7,15,26,0.51,17.9
2024,8,7,15,56,0.53,17.8
2024,8,7,16,26,0.49,17.6
2024,8,7,16,56,0.49,18.3
2024,8,7,17,26,0.55,19
2024,8,7,17,56,0.55,19.3
2024,8,7,18,26,0.57,19.5
2024,8,7,18,56,0.57,19.8
2024,8,7,19,26,0.56,20
2024,8,7,19,56,0.61,20
2024,8,7,20,26,0.57,20
2024,8,7,20,56,0.55,20.6
2024,8,7,21,26,0.61,20.8
2024,8,7,21,56,0.57,20.4
2024,8,7,22,26,0.58,20.7
2024,8,7,22,56,0.56,20.4
2024,8,7,23,26,0.56,20.6
2024,8,7,23,56,0.59,20.7
2024,8,8,0,26,0.57,20.6
2024,8,8,0,56,0.62,20.4
2024,8,8,1,26,0.61,20.3
2024,8,8,1,56,0.62,20.1
2024,8,8,2,26,0.6,20.1
2024,8,8,2,56,0.63,19.7
2024,8,8,3,26,0.58,19.6
2024,8,8,3,56,0.55,20.7
2024,8,8,4,26,0.55,20.2
2024,8,8,4,56,0.51,20.1
2024,8,8,5,26,0.54,19.9
2024,8,8,5,56,0.55,19.6
2024,8,8,6,26,0.54,19.2
2024,8,8,6,56,0.54,19
2024,8,8,7,26,0.52,18.8
2024,8,8,7,56,0.54,18.6
2024,8,8,8,26,0.52,18.7
2024,8,8,8,56,0.51,18.6
2024,8,8,9,26,0.51,18.6
2024,8,8,9,56,0.51,18.6
2024,8,8,10,26,0.48,18.7
2024,8,8,10,56,0.5,18.7
2024,8,8,11,26,0.51,18.8
2024,8,8,11,56,0.52,18.9
2024,8,8,12,26,0.59,19.2
2024,8,8,12,56,0.55,19.3
2024,8,8,13,26,0.56,19.6
2024,8,8,13,56,0.69,19.7
2024,8,8,14,26,0.72,19.7
2024,8,8,14,56,0.82,19.7
2024,8,8,15,26,0.73,19.7
2024,8,8,15,56,0.81,19.9
2024,8,8,16,26,0.79,19.8
2024,8,8,16,56,0.73,20.1
2024,8,8,17,26,0.87,20.2
2024,8,8,17,56,0.9,20.1
2024,8,8,18,26,0.84,19.8
2024,8,8,18,56,0.83,20.7
2024,8,8,19,26,0.78,20.5
2024,8,8,19,56,0.97,20.4
2024,8,8,20,26,0.93,20.1
2024,8,8,20,56,1.07,20
2024,8,8,21,26,0.81,20
2024,8,8,21,56,0.92,19.9
2024,8,8,22,26,0.99,19.7
2024,8,8,22,56,1,19.7
2024,8,8,23,26,1.08,19.6
2024,8,8,23,56,1.23,19.5
2024,8,9,0,26,1.2,19.3
2024,8,9,0,56,1.16,19.2
2024,8,9,1,26,1.33,19.2
2024,8,9,1,56,1.37,19.2
2024,8,9,2,26,1.37,19.1
2024,8,9,2,56,1.44,19.1
2024,8,9,3,26,1.36,19.1
2024,8,9,3,56,1.38,19.1
2024,8,9,4,26,1.46,19
2024,8,9,4,56,1.4,18.9
2024,8,9,5,26,1.33,18.9
2024,8,9,5,56,1.24,18.8
2024,8,9,6,26,1.25,18.9
2024,8,9,6,56,1.4,18.8
2024,8,9,7,26,1.22,18.8
2024,8,9,7,56,1.25,18.8
2024,8,9,8,26,1.17,18.7
2024,8,9,8,56,1.05,18.7
2024,8,9,9,26,1.33,18.6
2024,8,9,9,56,1.29,18.6
2024,8,9,10,26,1.42,18.6
2024,8,9,10,56,1.2,18.7
2024,8,9,11,26,1.36,18.7
2024,8,9,11,56,1.36,18.7
2024,8,9,12,26,1.92,18.7
2024,8,9,12,56,1.69,18.7
2024,8,9,13,26,1.81,18.7
2024,8,9,13,56,1.74,18.7
2024,8,9,14,26,2.01,18.8
2024,8,9,14,56,1.35,18.8
2024,8,9,15,26,1.47,18.8
2024,8,9,15,56,1.6,18.8
2024,8,9,16,26,1.51,18.9
2024,8,9,16,56,1.61,19.1
2024,8,9,17,26,1.47,19.3
2024,8,9,17,56,1.25,19.4
2024,8,9,18,26,1.43,19.2
2024,8,9,18,56,1.46,19.1
2024,8,9,19,26,1.49,19.3
2024,8,9,19,56,1.42,19.2
2024,8,9,20,26,1.26,19.2
2024,8,9,20,56,1.34,18.9
2024,8,9,21,26,1.37,18.8
2024,8,9,21,56,1.32,18.8
2024,8,9,22,26,1.15,18.8
2024,8,9,22,56,1.24,19
2024,8,9,23,26,1.48,19
2024,8,9,23,56,1.26,19
2024,8,10,0,26,1.25,18.9
2024,8,10,0,56,1.32,18.9
2024,8,10,1,26,1.32,18.8
2024,8,10,1,56,1.37,18.8
2024,8,10,2,26,1.17,18.6
2024,8,10,2,56,1.25,18.6
2024,8,10,3,26,1.07,18.3
2024,8,10,3,56,1.11,18.1
2024,8,10,4,26,1.06,17.9
2024,8,10,4,56,0.98,17.7
2024,8,10,5,26,1.07,17.7
2024,8,10,5,56,1.13,17.5
2024,8,10,6,26,0.96,17.5
2024,8,10,6,56,1.03,17.6
2024,8,10,7,26,0.95,17.7
2024,8,10,7,56,1.02,17.7
2024,8,10,8,26,0.94,18
2024,8,10,8,56,0.86,18.1
2024,8,10,9,26,1.03,18.1
2024,8,10,9,56,0.98,18.2
2024,8,10,10,26,0.91,18.2
2024,8,10,10,56,0.87,18.2
2024,8,10,11,26,0.96,18.2
2024,8,10,11,56,0.82,18.2
2024,8,10,12,26,0.9,18.2
2024,8,10,12,56,0.79,18.3
2024,8,10,13,26,0.84,18.3
2024,8,10,13,56,0.88,18.5
2024,8,10,14,26,0.86,18.5
2024,8,10,14,56,0.92,18.6
2024,8,10,15,26,0.92,18.6
2024,8,10,15,56,0.87,18.8
2024,8,10,16,26,0.86,18.8
2024,8,10,16,56,0.85,19
2024,8,10,17,26,0.88,19.1
2024,8,10,17,56,0.87,19.2
2024,8,10,18,26,0.84,19
2024,8,10,18,56,0.79,19.1
2024,8,10,19,26,0.81,19.2
2024,8,10,19,56,0.73,19.1
2024,8,10,20,26,0.71,19.1
2024,8,10,20,56,0.82,19.1
2024,8,10,21,26,0.77,19.1
2024,8,10,21,56,0.76,19.1
2024,8,10,22,26,0.76,19.1
2024,8,10,22,56,0.8,19.1
2024,8,10,23,26,0.74,19.1
2024,8,10,23,56,0.77,19
2024,8,11,0,26,0.77,19
2024,8,11,0,56,0.76,19
2024,8,11,1,26,0.73,19
2024,8,11,1,56,0.69,19
2024,8,11,2,26,0.68,18.9
2024,8,11,2,56,0.69,18.9
2024,8,11,3,26,0.67,18.9
2024,8,11,3,56,0.69,18.8
2024,8,11,4,26,0.65,18.9
2024,8,11,4,56,0.66,18.8
2024,8,11,5,26,0.67,18.8
2024,8,11,5,56,0.63,18.8
2024,8,11,6,26,0.62,18.8
2024,8,11,6,56,0.6,18.8
2024,8,11,7,26,0.57,18.8
2024,8,11,7,56,0.59,18.8
2024,8,11,8,26,0.57,18.8
2024,8,11,8,56,0.58,18.8
2024,8,11,9,26,0.6,18.9
2024,8,11,9,56,0.6,19
2024,8,11,10,26,0.59,19
2024,8,11,10,56,0.62,18.9
2024,8,11,11,26,0.65,18.9
2024,8,11,11,56,0.66,18.9
2024,8,11,12,26,0.59,18.9
2024,8,11,12,56,0.6,19.1
2024,8,11,13,26,0.62,19.1
2024,8,11,13,56,0.65,19.1
2024,8,11,14,26,0.68,19
2024,8,11,14,56,0.64,19
2024,8,11,15,26,0.64,18.7
2024,8,11,15,56,0.69,18.8
2024,8,11,16,26,0.62,19.1
2024,8,11,16,56,0.65,19.2
2024,8,11,17,26,0.73,18.8
2024,8,11,17,56,0.67,19.2
2024,8,11,18,26,0.63,19.5
2024,8,11,18,56,0.65,19.6
2024,8,11,19,26,0.64,19.6
2024,8,11,19,56,0.65,19.8
2024,8,11,20,26,0.62,20.1
2024,8,11,20,56,0.63,20.1
2024,8,11,21,26,0.66,19.8
2024,8,11,21,56,0.6,19.7
2024,8,11,22,26,0.66,19.4
2024,8,11,22,56,0.64,19.5
2024,8,11,23,26,0.66,19.5
2024,8,11,23,56,0.59,19.6
2024,8,12,0,26,0.55,19.6
2024,8,12,0,56,0.62,19.5
2024,8,12,1,26,0.62,19.5
2024,8,12,1,56,0.61,19.5
2024,8,12,2,26,0.57,19.4
2024,8,12,2,56,0.64,19.4
2024,8,12,3,26,0.64,19.3
2024,8,12,3,56,0.61,19.3
2024,8,12,4,26,0.59,19.2
2024,8,12,4,56,0.59,19.2
2024,8,12,5,26,0.58,19.2
2024,8,12,5,56,0.57,19.1
2024,8,12,6,26,0.56,19.1
2024,8,12,6,56,0.55,19.1
2024,8,12,7,26,0.55,19
2024,8,12,7,56,0.51,19.2
2024,8,12,8,26,0.55,19.5
2024,8,12,8,56,0.58,19.5
2024,8,12,9,26,0.52,19.6
2024,8,12,9,56,0.54,19.6
2024,8,12,10,26,0.55,19.6
2024,8,12,10,56,0.56,19.5
2024,8,12,11,26,0.55,19.5
2024,8,12,11,56,0.54,19.4
2024,8,12,12,26,0.54,19.3
2024,8,12,12,56,0.52,19.1
2024,8,12,13,26,0.56,19.1
2024,8,12,13,56,0.6,19.1
2024,8,12,14,26,0.55,19.1
2024,8,12,14,56,0.54,19.2
2024,8,12,15,26,0.57,19.2
2024,8,12,15,56,0.56,19.3
2024,8,12,16,26,0.55,19.4
2024,8,12,16,56,0.53,19.4
2024,8,12,17,26,0.55,19.4
2024,8,12,17,56,0.54,19.5
2024,8,12,18,26,0.58,19.4
2024,8,12,18,56,0.61,19.4
2024,8,12,19,26,0.59,19.5
2024,8,12,19,56,0.59,19.6
2024,8,12,20,26,0.64,19.6
2024,8,12,20,56,0.64,19.5
2024,8,12,21,26,0.67,19.5
2024,8,12,21,56,0.66,19.4
2024,8,12,22,26,0.69,19.3
2024,8,12,22,56,0.69,19.2
2024,8,12,23,26,0.76,19.1
2024,8,12,23,56,0.77,19.1
2024,8,13,0,26,0.71,19.2
2024,8,13,0,56,0.74,19.2
2024,8,13,1,26,0.72,19.2
2024,8,13,1,56,0.74,19.1
2024,8,13,2,26,0.75,19
2024,8,13,2,56,0.7,18.9
2024,8,13,3,26,0.69,18.9
2024,8,13,3,56,0.68,18.8
2024,8,13,4,26,0.65,18.7
2024,8,13,4,56,0.59,18.6
2024,8,13,5,26,0.61,18.6
2024,8,13,5,56,0.6,18.5
2024,8,13,6,26,0.62,18.4
2024,8,13,6,56,0.62,18.4
2024,8,13,7,26,0.59,18.4
2024,8,13,7,56,0.55,18.5
2024,8,13,8,26,0.61,18.5
2024,8,13,8,56,0.64,18.5
2024,8,13,9,26,0.57,18.5
2024,8,13,9,56,0.6,18.5
2024,8,13,10,26,0.57,18.5
2024,8,13,10,56,0.61,18.6
2024,8,13,11,26,0.63,18.6
2024,8,13,11,56,0.63,18.6
2024,8,13,12,26,0.71,18.6
2024,8,13,12,56,0.69,18.6
2024,8,13,13,26,0.77,18.7
2024,8,13,13,56,0.69,18.7
2024,8,13,14,26,0.83,18.8
2024,8,13,14,56,0.75,18.8
2024,8,13,15,26,0.75,19
2024,8,13,15,56,0.76,19.1
2024,8,13,16,26,0.76,19.1
2024,8,13,16,56,0.75,19.2
2024,8,13,17,26,0.8,19.4
2024,8,13,17,56,0.75,20.1
2024,8,13,18,26,0.76,20.8
2024,8,13,18,56,0.77,21.1
2024,8,13,19,26,0.89,20.5
2024,8,13,19,56,0.78,20.2
2024,8,13,20,26,0.78,20.2
2024,8,13,20,56,0.73,20.2
2024,8,13,21,26,0.88,20.1
2024,8,13,21,56,0.83,20
2024,8,13,22,26,0.94,19.7
2024,8,13,22,56,0.81,19.5
2024,8,13,23,26,0.88,19.3
2024,8,13,23,56,0.84,19.2
2024,8,14,0,26,0.92,19.2
2024,8,14,0,56,0.89,19.1
2024,8,14,1,26,1.05,19
2024,8,14,1,56,0.88,19
2024,8,14,2,26,0.88,18.9
2024,8,14,2,56,0.86,18.8
2024,8,14,3,26,1.18,18.8
2024,8,14,3,56,0.83,18.8
2024,8,14,4,26,0.83,18.7
2024,8,14,4,56,0.85,18.7
2024,8,14,5,26,0.84,18.7
2024,8,14,5,56,0.92,18.6
2024,8,14,6,26,0.86,18.6
2024,8,14,6,56,0.84,18.6
2024,8,14,7,26,0.82,18.5
2024,8,14,7,56,1.01,18.5
2024,8,14,8,26,0.83,18.5
2024,8,14,8,56,1.03,18.5
2024,8,14,9,26,0.83,18.5
2024,8,14,9,56,0.77,18.5
2024,8,14,10,26,0.9,18.5
2024,8,14,10,56,0.94,18.5
2024,8,14,11,26,1.02,18.6
2024,8,14,11,56,0.86,18.5
2024,8,14,12,26,0.92,18.6
2024,8,14,12,56,0.91,18.6
2024,8,14,13,26,1,18.6
2024,8,14,13,56,0.97,18.6
2024,8,14,14,26,0.92,18.7
2024,8,14,14,56,0.92,18.8
2024,8,14,15,26,0.82,19
2024,8,14,15,56,0.89,19.1
2024,8,14,16,26,0.96,19.2
2024,8,14,16,56,0.98,19.3
2024,8,14,17,26,0.87,19.6
2024,8,14,17,56,0.89,20.3
2024,8,14,18,26,0.83,20.5
2024,8,14,18,56,0.89,21.2
2024,8,14,19,26,1.2,20.9
2024,8,14,19,56,0.9,20.5
2024,8,14,20,26,1,20.6
2024,8,14,20,56,0.96,20.6
2024,8,14,21,26,0.93,20.9
2024,8,14,21,56,0.91,20.7
2024,8,14,22,26,0.85,20.4
2024,8,14,22,56,0.93,20.2
2024,8,14,23,26,0.86,19.8
2024,8,14,23,56,0.87,19.5
2024,8,15,0,26,1.05,19.3
2024,8,15,0,56,0.92,19.1
2024,8,15,1,26,0.99,19
2024,8,15,1,56,0.86,19
2024,8,15,2,26,0.84,19
2024,8,15,2,56,0.85,18.9
2024,8,15,3,26,0.86,18.9
2024,8,15,3,56,0.9,18.9
2024,8,15,4,26,0.87,18.9
2024,8,15,4,56,0.94,18.9
2024,8,15,5,26,0.82,18.9
2024,8,15,5,56,0.81,18.9
2024,8,15,6,26,0.74,18.8
2024,8,15,6,56,0.81,18.8
2024,8,15,7,26,0.94,18.8
2024,8,15,7,56,0.89,18.7
2024,8,15,8,26,0.88,18.7
2024,8,15,8,56,0.92,18.7
2024,8,15,9,26,0.74,18.7
2024,8,15,9,56,0.86,18.7
2024,8,15,10,26,0.73,18.7
2024,8,15,10,56,0.74,18.7
2024,8,15,11,26,0.84,18.7
2024,8,15,11,56,0.82,18.7
2024,8,15,12,26,0.76,18.7
2024,8,15,12,56,0.84,18.8
2024,8,15,13,26,0.82,18.8
2024,8,15,13,56,0.83,18.8
2024,8,15,14,26,0.86,18.8
2024,8,15,14,56,0.96,18.9
2024,8,15,15,26,0.97,19.1
2024,8,15,15,56,0.81,19.3
2024,8,15,16,26,0.76,19.5
2024,8,15,16,56,0.76,19.8
2024,8,15,17,26,0.78,20.3
2024,8,15,17,56,0.81,20.4
2024,8,15,18,26,0.8,20.3
2024,8,15,18,56,0.77,20.5
2024,8,15,19,26,0.7,20.5
2024,8,15,19,56,0.72,20.5
2024,8,15,20,26,0.75,20.3
2024,8,15,20,56,0.69,20.4
2024,8,15,21,26,0.66,20.2
2024,8,15,21,56,0.66,20.1
2024,8,15,22,26,0.8,20
2024,8,15,22,56,0.75,19.9
2024,8,15,23,26,0.76,19.8
2024,8,15,23,56,0.77,19.7
2024,8,16,0,26,0.79,19.5
2024,8,16,0,56,0.79,19.5
2024,8,16,1,26,0.73,19.4
2024,8,16,1,56,0.8,19.3
2024,8,16,2,26,0.76,19.3
2024,8,16,2,56,0.73,19.3
2024,8,16,3,26,0.69,19.3
2024,8,16,3,56,0.63,19.2
2024,8,16,4,26,0.73,19.2
2024,8,16,4,56,0.63,19.2
2024,8,16,5,26,0.62,19.2
2024,8,16,5,56,0.64,19.2
2024,8,16,6,26,0.63,19.2
2024,8,16,6,56,0.6,19.2
2024,8,16,7,26,0.66,19.2
2024,8,16,7,56,0.68,19.2
2024,8,16,8,26,0.66,19.2
2024,8,16,8,56,0.71,19.2
2024,8,16,9,26,0.68,19.2
2024,8,16,9,56,0.66,19.2
2024,8,16,10,26,0.7,19.2
2024,8,16,10,56,0.7,19.2
2024,8,16,11,26,0.78,19.2
2024,8,16,11,56,0.71,19.3
2024,8,16,12,26,0.74,19.3
2024,8,16,12,56,0.72,19.5
2024,8,16,13,26,0.82,19.6
2024,8,16,13,56,0.77,19.7
2024,8,16,14,26,0.73,19.8
2024,8,16,14,56,0.79,20.3
2024,8,16,15,26,0.79,20.3
2024,8,16,15,56,0.79,20.5
2024,8,16,16,26,0.71,20.7
2024,8,16,16,56,0.73,20.8
2024,8,16,17,26,0.66,20.8
2024,8,16,17,56,0.67,21
2024,8,16,18,26,0.75,21.1
2024,8,16,18,56,0.68,21.2
2024,8,16,19,26,0.66,21.1
2024,8,16,19,56,0.72,21.2
2024,8,16,20,26,0.7,21.2
2024,8,16,20,56,0.72,21.2
2024,8,16,21,26,0.71,21.2
2024,8,16,21,56,0.7,21.1
2024,8,16,22,26,0.7,20.9
2024,8,16,22,56,0.72,20.8
2024,8,16,23,26,0.7,20.6
2024,8,16,23,56,0.7,20.4
2024,8,17,0,26,0.76,20.3
2024,8,17,0,56,0.78,20.2
2024,8,17,1,26,0.78,20.2
2024,8,17,1,56,0.71,20.2
2024,8,17,2,26,0.76,20.2
2024,8,17,2,56,0.79,20.2
2024,8,17,3,26,0.73,20.2
2024,8,17,3,56,0.73,20.2
2024,8,17,4,26,0.77,20.2
2024,8,17,4,56,0.68,20.2
2024,8,17,5,26,0.68,20.2
2024,8,17,5,56,0.68,20.2
2024,8,17,6,26,0.61,20.3
2024,8,17,6,56,0.63,20.3
2024,8,17,7,26,0.59,20.4
2024,8,17,7,56,0.67,21
2024,8,17,8,26,0.63,21
2024,8,17,8,56,0.65,20.6
2024,8,17,9,26,0.6,20.5
2024,8,17,9,56,0.64,20.8
2024,8,17,10,26,0.67,20.6
2024,8,17,10,56,0.64,20.6
2024,8,17,11,26,0.59,20.4
2024,8,17,11,56,0.7,20.4
2024,8,17,12,26,0.63,20.3
2024,8,17,12,56,0.74,20.4
2024,8,17,13,26,0.66,20.5
2024,8,17,13,56,0.72,20.6
2024,8,17,14,26,0.72,20.8
2024,8,17,14,56,0.78,21
2024,8,17,15,26,0.68,21
2024,8,17,15,56,0.85,21
2024,8,17,16,26,0.76,21.1
2024,8,17,16,56,0.69,21.1
2024,8,17,17,26,0.71,21.1
2024,8,17,17,56,0.73,21.2
2024,8,17,18,26,0.69,21.2
2024,8,17,18,56,0.76,21.3
2024,8,17,19,26,0.73,21.5
2024,8,17,19,56,0.8,21.7
2024,8,17,20,26,0.78,21.9
2024,8,17,20,56,0.79,22
2024,8,17,21,26,0.75,22.1
2024,8,17,21,56,0.77,22.2
2024,8,17,22,26,0.71,22.2
2024,8,17,22,56,0.68,22.2
2024,8,17,23,26,0.74,22.2
2024,8,17,23,56,0.72,22.2
2024,8,18,0,26,0.72,22.1
2024,8,18,0,56,0.76,22
2024,8,18,1,26,0.76,22
2024,8,18,1,56,0.77,21.9
2024,8,18,2,26,0.73,22.1
2024,8,18,2,56,0.78,22.3
2024,8,18,3,26,0.69,22.3
2024,8,18,3,56,0.71,22.4
2024,8,18,4,26,0.69,22.5
2024,8,18,4,56,0.73,22.4
2024,8,18,5,26,0.65,22.4
2024,8,18,5,56,0.71,22.3
2024,8,18,6,26,0.66,22.3
2024,8,18,6,56,0.67,22.4
2024,8,18,7,26,0.71,22.4
2024,8,18,7,56,0.69,22.3
2024,8,18,8,26,0.61,22.1
2024,8,18,8,56,0.61,21.8
2024,8,18,9,26,0.59,21.8
2024,8,18,9,56,0.51,21.9
2024,8,18,10,26,0.58,22.2
2024,8,18,10,56,0.63,22.4
2024,8,18,11,26,0.71,22.4
2024,8,18,11,56,0.68,22.5
2024,8,18,12,26,0.77,22.6
2024,8,18,12,56,0.79,22.6
2024,8,18,13,26,0.76,22.6
2024,8,18,13,56,0.77,22.6
2024,8,18,14,26,0.92,22.6
2024,8,18,14,56,0.79,22.6
2024,8,18,15,26,0.83,22.5
2024,8,18,15,56,0.84,22.6
2024,8,18,16,26,0.88,22.7
2024,8,18,16,56,0.86,22.8
2024,8,18,17,26,0.91,23
2024,8,18,17,56,0.8,22.9
2024,8,18,18,26,0.81,22.9
2024,8,18,18,56,0.92,23.1
2024,8,18,19,26,0.81,23
2024,8,18,19,56,0.79,23.1
2024,8,18,20,26,0.81,23.1
2024,8,18,20,56,0.85,23.1
2024,8,18,21,26,0.77,23
2024,8,18,21,56,0.8,23
2024,8,18,22,26,0.84,23
2024,8,18,22,56,0.84,22.9
2024,8,18,23,26,0.93,22.8
2024,8,18,23,56,0.91,22.8
2024,8,19,0,26,0.89,22.7
2024,8,19,0,56,0.8,22.7
2024,8,19,1,26,0.86,22.6
2024,8,19,1,56,0.84,22.5
2024,8,19,2,26,0.81,22.5
2024,8,19,2,56,0.82,22.4
2024,8,19,3,26,0.88,22.4
2024,8,19,3,56,0.8,22.3
2024,8,19,4,26,0.79,22.3
2024,8,19,4,56,0.82,22.2
2024,8,19,5,26,0.8,22.2
2024,8,19,5,56,0.75,22.2
2024,8,19,6,26,0.85,22.2
2024,8,19,6,56,0.75,22.2
2024,8,19,7,26,0.78,22.3
2024,8,19,7,56,0.74,22.3
2024,8,19,8,26,0.79,22.2
2024,8,19,8,56,0.82,22
2024,8,19,9,26,0.7,21.7
2024,8,19,9,56,0.88,21.1
2024,8,19,10,26,0.79,21.4
2024,8,19,10,56,0.81,21.2
2024,8,19,11,26,0.76,21.1
2024,8,19,11,56,0.84,21.2
2024,8,19,12,26,0.78,21.7
2024,8,19,12,56,0.8,21.7
2024,8,19,13,26,0.74,21.2
2024,8,19,13,56,0.77,21.2
2024,8,19,14,26,0.88,22.1
2024,8,19,14,56,0.81,22.2
2024,8,19,15,26,0.86,22.4
2024,8,19,15,56,0.88,22.5
2024,8,19,16,26,0.85,22.7
2024,8,19,16,56,0.94,22.9
2024,8,19,17,26,0.85,23.2
2024,8,19,17,56,0.82,23.1
2024,8,19,18,26,0.84,23.5
2024,8,19,18,56,0.83,23.3
2024,8,19,19,26,0.81,23.3
2024,8,19,19,56,0.82,23.3
2024,8,19,20,26,0.82,23.3
2024,8,19,20,56,0.87,23.2
2024,8,19,21,26,0.84,23.1
2024,8,19,21,56,0.95,22.9
2024,8,19,22,26,0.95,22.7
2024,8,19,22,56,0.9,22.5
2024,8,19,23,26,0.86,22.5
2024,8,19,23,56,0.89,22.3
2024,8,20,0,26,0.92,22.2
2024,8,20,0,56,0.83,22.2
2024,8,20,1,26,0.85,22
2024,8,20,1,56,0.79,21.9
2024,8,20,2,26,0.78,21.8
2024,8,20,2,56,0.75,21.7
2024,8,20,3,26,0.74,21.6
2024,8,20,3,56,0.73,21.5
2024,8,20,4,26,0.82,21.5
2024,8,20,4,56,0.8,21.4
2024,8,20,5,26,0.74,21.4
2024,8,20,5,56,0.75,21.3
2024,8,20,6,26,0.81,21.4
2024,8,20,6,56,0.81,21.3
2024,8,20,7,26,0.7,21.3
2024,8,20,7,56,0.78,21.4
2024,8,20,8,26,0.73,21.4
2024,8,20,8,56,0.82,21.2
2024,8,20,9,26,0.79,20.5
2024,8,20,9,56,0.8,20.5
2024,8,20,10,26,0.77,20.6
2024,8,20,10,56,0.8,20.6
2024,8,20,11,26,0.73,20.8
2024,8,20,11,56,0.73,21.1
2024,8,20,12,26,0.8,21.2
2024,8,20,12,56,0.8,21.1
2024,8,20,13,26,0.76,21
2024,8,20,13,56,0.68,21
2024,8,20,14,26,0.82,21
2024,8,20,14,56,0.74,21.2
2024,8,20,15,26,0.76,21.3
2024,8,20,15,56,0.8,21.4
2024,8,20,16,26,0.86,21.7
2024,8,20,16,56,0.78,21.7
2024,8,20,17,26,0.78,22
2024,8,20,17,56,0.8,22
2024,8,20,18,26,0.72,22.2
2024,8,20,18,56,0.87,22.1
2024,8,20,19,26,0.8,22.1
2024,8,20,20,26,0.85,22
2024,8,20,20,56,0.81,21.9
2024,8,20,21,26,0.78,21.9
2024,8,20,21,56,0.72,21.9
2024,8,20,22,26,0.82,21.8
2024,8,20,22,56,0.85,21.7
2024,8,20,23,26,0.81,21.5
2024,8,20,23,56,0.74,21.3
2024,8,21,0,26,0.73,21.1
2024,8,21,0,56,0.72,20.9
2024,8,21,1,26,0.79,20.7
2024,8,21,2,26,0.74,20.5
2024,8,21,3,26,0.69,20.5
2024,8,21,4,26,0.71,20.4
2024,8,21,4,56,0.66,20.3
2024,8,21,5,26,0.64,20.3
2024,8,21,5,56,0.76,20.3
2024,8,21,6,26,0.63,20.4
2024,8,21,6,56,0.66,20.4
2024,8,21,7,26,0.65,20.4
2024,8,21,7,56,0.71,20.4
2024,8,21,8,56,0.67,20.5
2024,8,21,9,26,0.73,20.8
2024,8,21,9,56,0.7,20.5
2024,8,21,10,56,0.72,20.1
2024,8,21,11,26,0.69,20.1
2024,8,21,11,56,0.71,20.3
2024,8,21,12,26,0.67,20.4
2024,8,21,13,26,0.76,20.4
2024,8,21,13,56,0.76,20.2
2024,8,21,14,26,0.71,19.8
2024,8,21,14,56,0.8,19.9
2024,8,21,15,26,0.7,19.8
2024,8,21,15,56,0.74,20
2024,8,21,16,56,0.8,20.8
2024,8,21,17,56,0.79,21.2
2024,8,21,18,26,0.81,21.2
2024,8,21,19,26,0.84,21.5
2024,8,21,20,56,0.73,22
2024,8,21,21,26,0.71,22.1
2024,8,21,21,56,0.7,22.1
2024,8,21,22,26,0.67,22
2024,8,22,0,26,0.79,20.7
2024,8,22,0,56,0.75,20.7
2024,8,22,1,26,0.72,20.6
2024,8,22,1,56,0.7,20.5
2024,8,22,2,56,0.63,20.4
2024,8,22,3,26,0.62,20.4
2024,8,22,3,56,0.68,20.2
2024,8,22,4,56,0.66,20.3
2024,8,22,5,26,0.71,20.3
2024,8,22,5,56,0.74,20.2
2024,8,22,6,56,0.72,20.1
2024,8,22,7,26,0.7,20.1
2024,8,22,7,56,0.69,20.2
2024,8,22,8,26,0.74,20.1
2024,8,22,8,56,0.77,20.1
2024,8,22,9,26,0.8,20.2
2024,8,22,10,56,0.85,20.8
2024,8,22,11,26,0.92,20.7
2024,8,22,11,56,0.8,20.6
2024,8,22,12,26,0.87,20.5
2024,8,22,12,56,0.85,20.5
2024,8,22,14,26,0.81,20.4
2024,8,22,14,56,0.84,20.3
2024,8,22,15,26,0.86,20.1
2024,8,22,15,56,0.81,20.1
2024,8,22,16,26,0.81,20.1
2024,8,22,17,26,0.87,21.2
2024,8,22,17,56,0.86,21.4
2024,8,22,18,26,0.84,21.5
2024,8,22,19,56,0.88,21.5
2024,8,22,20,56,0.88,21.5
2024,8,22,22,56,1.06,20.9
2024,8,23,0,26,1.1,20.7
2024,8,23,0,56,1.05,20.5
2024,8,23,1,26,1,20.4
2024,8,23,3,26,1.08,20.1
2024,8,23,3,56,1.01,20
2024,8,23,4,56,1.14,19.9
2024,8,23,5,26,1.21,19.9
2024,8,23,5,56,1.01,19.8
2024,8,23,6,26,1.02,19.9
2024,8,23,6,56,1.02,19.9
2024,8,23,7,26,0.99,19.8
2024,8,23,8,26,1.13,19.8
2024,8,23,9,26,1.13,19.8
2024,8,23,9,56,1.01,19.8
2024,8,23,10,26,1.11,19.8
2024,8,23,10,56,1.08,19.9
2024,8,23,11,26,1.08,20.6
2024,8,23,11,56,1.13,20.4
2024,8,23,12,26,1.14,20.3
2024,8,23,13,26,1.07,20.4
2024,8,23,13,56,0.98,20.4
2024,8,23,14,26,1.02,20.4
2024,8,23,14,56,0.91,20.3
2024,8,23,15,26,0.9,20.3
2024,8,23,15,56,0.92,20
2024,8,23,16,26,0.96,20.3
2024,8,23,16,56,0.97,20.4
2024,8,23,17,26,0.93,20.5
2024,8,23,17,56,0.91,20.5
2024,8,23,18,26,0.86,21.1
2024,8,23,19,26,0.88,21.4
2024,8,23,19,56,0.89,21.4
2024,8,23,20,26,0.93,21.6
2024,8,23,20,56,0.83,21.6
2024,8,23,21,56,0.9,21.6
2024,8,23,22,26,0.81,21.3
2024,8,23,22,56,0.78,21.4
2024,8,23,23,26,0.79,21.2
2024,8,23,23,56,0.84,21.5
2024,8,24,0,26,0.74,21.5
2024,8,24,0,56,0.77,21.3
2024,8,24,1,26,0.77,21
2024,8,24,1,56,0.74,21.1
2024,8,24,2,26,0.75,20.9
2024,8,24,2,56,0.77,20.8
2024,8,24,3,26,0.69,20.7
2024,8,24,3,56,0.66,20.6
2024,8,24,5,26,0.61,20.5
2024,8,24,5,56,0.67,20.4
2024,8,24,6,26,0.67,20.4
2024,8,24,7,26,0.75,20.4
2024,8,24,7,56,0.82,20.4
2024,8,24,8,26,0.85,20.4
2024,8,24,8,56,0.87,20.4
2024,8,24,10,56,0.75,20.3
2024,8,24,11,26,0.74,20.3
2024,8,24,11,56,0.79,20.3
2024,8,24,12,26,0.7,20.7
2024,8,24,12,56,0.78,20.7
2024,8,24,13,56,0.71,20.5
2024,8,24,14,56,0.68,20.4
2024,8,24,15,56,0.7,20.4
2024,8,24,16,26,0.67,20.4
2024,8,24,17,56,0.67,21
2024,8,24,18,26,0.64,21.4
2024,8,24,19,26,0.65,21.8
2024,8,24,20,26,0.68,22
2024,8,24,20,56,0.68,21.8
2024,8,24,21,56,0.71,21.6
2024,8,24,22,26,0.72,21.4
2024,8,24,22,56,0.73,21.4
2024,8,24,23,26,0.7,21.5
2024,8,24,23,56,0.71,21.3
2024,8,25,0,26,0.71,21.4
2024,8,25,0,56,0.68,21.3
2024,8,25,1,26,0.73,21.1
2024,8,25,1,56,0.65,21
2024,8,25,2,26,0.65,21.2
2024,8,25,2,56,0.69,21.1
2024,8,25,3,26,0.64,21.1
2024,8,25,3,56,0.59,21
2024,8,25,4,26,0.56,20.9
2024,8,25,4,56,0.5,20.9
2024,8,25,5,56,0.57,20.8
2024,8,25,6,26,0.59,20.8
2024,8,25,6,56,0.59,20.7
2024,8,25,8,26,0.63,20.7
2024,8,25,9,26,0.74,20.9
2024,8,25,9,56,0.67,21
2024,8,25,10,56,0.68,21
2024,8,25,11,26,0.71,21
2024,8,25,11,56,0.68,21
2024,8,25,12,26,0.63,21.1
2024,8,25,12,56,0.69,21.2
2024,8,25,13,26,0.6,21.3
2024,8,25,14,56,0.59,21
2024,8,25,15,56,0.58,21
2024,8,25,16,26,0.53,21.2
2024,8,25,16,56,0.59,21.2
2024,8,25,17,26,0.56,21.4
2024,8,25,18,26,0.53,21.4
2024,8,25,18,56,0.54,21.5
2024,8,25,19,26,0.58,21.4
2024,8,25,20,26,0.55,21.4
2024,8,25,20,56,0.56,21.5
2024,8,25,21,26,0.56,21.4
2024,8,25,21,56,0.58,21.2
2024,8,25,22,56,0.68,21.2
2024,8,25,23,26,0.69,21.2
2024,8,26,0,56,0.65,21.4
2024,8,26,1,26,0.64,21.4
2024,8,26,2,26,0.54,21.4
2024,8,26,2,56,0.54,21.3
2024,8,26,3,26,0.49,21.3
2024,8,26,3,56,0.51,21.3
2024,8,26,4,56,0.45,21.1
2024,8,26,5,26,0.49,21
2024,8,26,6,26,0.45,20.8
2024,8,26,6,56,0.42,20.9
2024,8,26,7,26,0.44,20.8
2024,8,26,7,56,0.46,20.7
2024,8,26,10,26,0.45,20.9
2024,8,26,11,26,0.47,21.1
2024,8,26,12,26,0.49,21.1
2024,8,26,13,26,0.52,21
2024,8,26,14,26,0.43,20.9
2024,8,26,14,56,0.47,20.8
2024,8,26,15,26,0.43,20.5
2024,8,26,15,56,0.45,20.6
2024,8,26,16,56,0.44,20.9
2024,8,26,17,26,0.46,21
2024,8,26,18,26,0.43,21.5
2024,8,26,18,56,0.46,21.4
2024,8,26,19,26,0.44,21.3
2024,8,26,19,56,0.47,21.4
2024,8,26,20,26,0.47,21.2
2024,8,26,20,56,0.5,21.1
2024,8,26,21,26,0.56,21.2
2024,8,26,21,56,0.53,21.2
2024,8,26,23,26,0.61,20.9
2024,8,26,23,56,0.6,20.8
2024,8,27,0,26,0.57,20.7
2024,8,27,0,56,0.62,20.6
2024,8,27,1,26,0.55,20.9
2024,8,27,1,56,0.54,20.8
2024,8,27,2,26,0.54,20.7
2024,8,27,2,56,0.54,20.6
2024,8,27,3,26,0.49,20.3
2024,8,27,4,26,0.45,20.2
2024,8,27,4,56,0.42,20.1
2024,8,27,5,26,0.45,20.1
2024,8,27,5,56,0.43,19.9
2024,8,27,6,26,0.42,19.8
2024,8,27,6,56,0.42,19.8
2024,8,27,7,26,0.41,19.7
2024,8,27,7,56,0.43,19.7
2024,8,27,8,56,0.42,19.6
2024,8,27,9,26,0.47,19.5
2024,8,27,10,26,0.48,19.4
2024,8,27,10,56,0.45,19.3
2024,8,27,11,26,0.43,19.4
2024,8,27,11,56,0.43,19.4
2024,8,27,13,26,0.44,19.7
2024,8,27,13,56,0.41,19.8
2024,8,27,14,26,0.42,19.6
2024,8,27,15,26,0.39,19.5
2024,8,27,15,56,0.4,19.8
2024,8,27,16,56,0.45,20.2
2024,8,27,17,56,0.49,20.6
2024,8,27,18,26,0.45,20.7
2024,8,27,18,56,0.42,20.7
2024,8,27,19,26,0.46,20.9
2024,8,27,19,56,0.48,20.9
2024,8,27,20,26,0.51,21.1
2024,8,27,20,56,0.46,21.2
2024,8,27,21,26,0.48,21.2
2024,8,27,22,26,0.55,21
2024,8,27,23,56,0.64,20.8
2024,8,28,0,56,0.65,20.4
2024,8,28,1,56,0.62,20.1
2024,8,28,2,56,0.62,19.6
2024,8,28,3,56,0.59,19.6
2024,8,28,4,26,0.58,19.3
2024,8,28,4,56,0.59,19.2
2024,8,28,6,26,0.51,18.8
2024,8,28,6,56,0.52,18.7
2024,8,28,7,26,0.46,18.7
2024,8,28,7,56,0.44,18.7
2024,8,28,8,26,0.44,18.6
2024,8,28,8,56,0.4,18.6
2024,8,28,9,26,0.45,18.5
2024,8,28,9,56,0.42,18.5
2024,8,28,10,26,0.41,18.4
2024,8,28,12,26,0.48,18.5
2024,8,28,12,56,0.51,18.6
2024,8,28,13,26,0.55,18.7
2024,8,28,13,56,0.49,18.7
2024,8,28,14,56,0.52,18.9
2024,8,28,15,26,0.53,18.9
2024,8,28,15,56,0.49,19
2024,8,28,16,56,0.5,19
2024,8,28,17,26,0.51,19.3
2024,8,28,17,56,0.53,19.5
2024,8,28,18,26,0.5,19.6
2024,8,28,18,56,0.49,20.6
2024,8,28,19,26,0.46,20.6
2024,8,28,19,56,0.5,20.5
2024,8,28,20,26,0.52,20.2
2024,8,28,20,56,0.48,20.2
2024,8,28,21,56,0.59,19.9
2024,8,28,22,26,0.6,19.8
2024,8,28,22,56,0.63,19.6
2024,8,28,23,26,0.66,19.4
2024,8,28,23,56,0.66,19.4
2024,8,29,0,26,0.66,19.3
2024,8,29,0,56,0.65,19.2
2024,8,29,1,56,0.69,18.9
2024,8,29,2,26,0.67,18.8
2024,8,29,2,56,0.64,19
2024,8,29,3,26,0.58,19
2024,8,29,4,26,0.57,18.8
2024,8,29,4,56,0.53,18.8
2024,8,29,6,26,0.43,18.7
2024,8,29,6,56,0.44,18.7
2024,8,29,7,26,0.41,18.7
2024,8,29,7,56,0.39,18.6
2024,8,29,8,26,0.38,18.6
2024,8,29,9,26,0.36,18.5
2024,8,29,9,56,0.38,18.5
2024,8,29,10,26,0.37,18.5
2024,8,29,10,56,0.37,18.5
2024,8,29,11,56,0.36,18.5
2024,8,29,12,26,0.41,18.6
2024,8,29,12,56,0.43,18.8
2024,8,29,13,26,0.42,18.9
2024,8,29,14,26,0.48,19.6
2024,8,29,14,56,0.47,19.8
2024,8,29,15,26,0.45,20
2024,8,29,16,26,0.46,20.1
2024,8,29,16,56,0.47,20.1
2024,8,29,17,26,0.44,20.1
2024,8,29,18,26,0.47,20.3
2024,8,29,19,26,0.44,20.3
2024,8,29,20,56,0.47,20.1
2024,8,29,21,26,0.5,19.9
2024,8,29,21,56,0.57,19.8
2024,8,29,22,26,0.57,19.7
2024,8,29,22,56,0.57,19.6
2024,8,29,23,26,0.64,19.5
2024,8,30,0,26,0.66,19.4
2024,8,30,1,26,0.65,19.2
2024,8,30,1,56,0.66,19.2
2024,8,30,2,56,0.65,19.2
2024,8,30,3,56,0.61,19.1
2024,8,30,4,26,0.63,19.1
2024,8,30,4,56,0.56,19.1
2024,8,30,7,26,0.48,18.9
2024,8,30,7,56,0.5,18.9
2024,8,30,8,56,0.48,18.9
2024,8,30,9,26,0.46,18.9
2024,8,30,11,56,0.57,18.9
2024,8,30,12,26,0.55,18.9
2024,8,30,12,56,0.59,19
2024,8,30,14,26,0.59,19.1
2024,8,30,15,56,0.63,19.5
2024,8,30,16,26,0.55,19.6
2024,8,30,17,26,0.6,19.6
2024,8,30,17,56,0.55,19.7
2024,8,30,18,56,0.58,19.9
2024,8,30,19,26,0.59,20
2024,8,30,19,56,0.57,20.2
2024,8,30,20,26,0.52,20.2
2024,8,30,20,56,0.58,20.1
2024,8,30,21,26,0.58,20.1
2024,8,30,21,56,0.56,20.1
2024,8,30,22,26,0.62,20.1
2024,8,30,22,56,0.64,20.1
2024,8,30,23,26,0.61,20
2024,8,30,23,56,0.66,19.9
2024,8,31,0,26,0.65,19.8
2024,8,31,1,26,0.67,19.7
2024,8,31,1,56,0.7,19.6
2024,8,31,2,26,0.67,19.6
2024,8,31,3,26,0.59,19.5
2024,8,31,4,26,0.56,19.5
2024,8,31,5,56,0.56,19.5
2024,8,31,6,56,0.52,19.5
2024,8,31,7,26,0.52,19.5
2024,8,31,7,56,0.49,19.5
2024,8,31,9,26,0.52,19.4
2024,8,31,10,26,0.5,19.4
2024,8,31,10,56,0.48,19.4
2024,8,31,11,26,0.5,19.4
2024,8,31,11,56,0.52,19.4
2024,8,31,12,26,0.54,19.4
2024,8,31,12,56,0.51,19.4
2024,8,31,13,26,0.52,19.4
2024,8,31,13,56,0.51,19.4
2024,8,31,14,26,0.54,19.4
2024,8,31,14,56,0.53,19.5
2024,8,31,15,26,0.57,19.9
2024,8,31,15,56,0.56,20
2024,8,31,16,56,0.57,20
2024,8,31,17,56,0.59,20.3
2024,8,31,18,56,0.58,20.6
2024,8,31,19,56,0.58,21.1
2024,8,31,20,26,0.53,21.1
2024,8,31,20,56,0.54,21.2
2024,8,31,21,56,0.61,20.9
2024,8,31,23,26,0.61,20.5
2024,9,1,0,26,0.63,20.4
2024,9,1,0,56,0.65,20.4
2024,9,1,1,26,0.58,20.4
2024,9,1,1,56,0.6,20.3
2024,9,1,2,26,0.6,20.2
2024,9,1,2,56,0.6,20.2
2024,9,1,3,56,0.55,20.2
2024,9,1,4,26,0.54,20.2
2024,9,1,5,26,0.51,20.3
2024,9,1,6,26,0.47,20.3
2024,9,1,7,56,0.49,20.3
2024,9,1,9,26,0.5,20.1
2024,9,1,10,26,0.52,20
2024,9,1,10,56,0.44,19.8
2024,9,1,11,56,0.46,19.7
2024,9,1,13,56,0.53,19.6
2024,9,1,14,26,0.48,20.2
2024,9,1,14,56,0.48,20.3
2024,9,1,15,26,0.44,20.3
2024,9,1,15,56,0.47,20.3
2024,9,1,16,26,0.51,20.4
2024,9,1,16,56,0.5,20.5
2024,9,1,17,26,0.51,20.6
2024,9,1,19,26,0.5,20.7
2024,9,1,19,56,0.55,20.8
2024,9,1,22,26,0.57,20.9
2024,9,1,22,56,0.55,20.9
2024,9,1,23,26,0.57,20.9
2024,9,2,0,26,0.56,20.9
2024,9,2,1,56,0.57,20.7
2024,9,2,2,26,0.51,20.7
2024,9,2,2,56,0.53,20.6
2024,9,2,3,26,0.48,20.6
2024,9,2,3,56,0.5,20.6
2024,9,2,4,26,0.49,20.6
2024,9,2,4,56,0.47,20.6
2024,9,2,5,26,0.46,20.6
2024,9,2,6,26,0.48,20.6
2024,9,2,6,56,0.43,20.6
2024,9,2,7,26,0.45,20.6
2024,9,2,7,56,0.47,20.6
2024,9,2,8,26,0.44,20.6
2024,9,2,9,26,0.41,20.6
2024,9,2,9,56,0.43,20.6
2024,9,2,10,26,0.42,20.6
2024,9,2,10,56,0.43,20.6
2024,9,2,11,26,0.45,20.5
2024,9,2,12,56,0.49,20.6
2024,9,2,14,26,0.5,20.6
2024,9,2,15,26,0.48,20.6
2024,9,2,15,56,0.51,20.7
2024,9,2,16,26,0.5,20.7
2024,9,2,16,56,0.51,20.8
2024,9,2,17,26,0.54,20.9
2024,9,2,18,26,0.59,21.1
2024,9,2,19,26,0.54,21.5
2024,9,2,19,56,0.61,21.4
2024,9,2,20,26,0.58,21.5
2024,9,2,20,56,0.54,21.4
2024,9,2,21,26,0.57,21.4
2024,9,2,21,56,0.6,21.3
2024,9,2,22,26,0.59,21.3
2024,9,2,22,56,0.66,21.2
2024,9,2,23,26,0.64,21.2
2024,9,2,23,56,0.65,21.2
2024,9,3,0,26,0.62,21.2
2024,9,3,0,56,0.55,21.1
2024,9,3,1,56,0.57,20.9
2024,9,3,2,26,0.56,20.8
2024,9,3,3,26,0.53,20.7
2024,9,3,3,56,0.54,20.7
2024,9,3,4,56,0.49,20.4
2024,9,3,5,56,0.46,20.2
2024,9,3,6,26,0.46,20.3
2024,9,3,6,56,0.45,20.3
2024,9,3,7,56,0.41,20.3
2024,9,3,8,26,0.44,20.2
2024,9,3,8,56,0.43,20.2
2024,9,3,9,26,0.45,20.3
2024,9,3,10,26,0.42,20.2
2024,9,3,10,56,0.41,20.2
2024,9,3,11,26,0.4,20.2
2024,9,3,12,26,0.47,20.1
2024,9,3,13,26,0.42,20.4
2024,9,3,13,56,0.44,20.4
2024,9,3,14,26,0.45,20.5
2024,9,3,14,56,0.44,20.6
2024,9,3,15,26,0.47,20.8
2024,9,3,15,56,0.46,20.8
2024,9,3,16,56,0.49,21
2024,9,3,17,26,0.55,21.2
2024,9,3,17,56,0.52,21.5
2024,9,3,18,56,0.54,21.4
2024,9,3,19,26,0.56,21.3
2024,9,3,20,26,0.57,20.7
2024,9,3,20,56,0.52,20.7
2024,9,3,21,26,0.61,20.7
2024,9,3,22,26,0.65,20.8
2024,9,3,22,56,0.67,20.8
2024,9,3,23,26,0.68,20.8
2024,9,4,0,26,0.65,20.8
2024,9,4,0,56,0.63,20.7
2024,9,4,1,26,0.66,20.7
2024,9,4,1,56,0.61,20.6
2024,9,4,2,26,0.67,20.5
2024,9,4,2,56,0.61,20.4
2024,9,4,3,26,0.57,20.4
2024,9,4,3,56,0.57,20.3
2024,9,4,4,26,0.59,20.3
2024,9,4,5,26,0.61,20.2
2024,9,4,5,56,0.57,20.2
2024,9,4,6,26,0.59,20.1
2024,9,4,6,56,0.61,20.3
2024,9,4,7,26,0.57,20.3
2024,9,4,7,56,0.63,20.2
2024,9,4,8,26,0.62,20.2
2024,9,4,9,26,0.6,20.1
2024,9,4,9,56,0.64,20.2
2024,9,4,10,26,0.57,20.1
2024,9,4,10,56,0.6,20.1
2024,9,4,11,26,0.61,20.1
2024,9,4,11,56,0.62,20.2
2024,9,4,12,26,0.56,20.2
2024,9,4,12,56,0.53,20.2
2024,9,4,13,26,0.58,20.2
2024,9,4,13,56,0.53,20.2
2024,9,4,14,26,0.49,20.2
2024,9,4,14,56,0.5,20.2
2024,9,4,15,26,0.55,20.2
2024,9,4,15,56,0.58,20.3
2024,9,4,16,26,0.55,20.3
2024,9,4,16,56,0.57,20.3
2024,9,4,17,26,0.6,20.4
2024,9,4,17,56,0.6,20.4
2024,9,4,18,56,0.57,20.6
2024,9,4,19,26,0.63,20.5
2024,9,4,20,26,0.72,20.4
2024,9,4,21,26,0.72,20.3
2024,9,4,21,56,0.75,20.3
2024,9,4,22,26,0.77,20.2
2024,9,4,22,56,0.78,20.2
2024,9,4,23,26,0.81,20.3
2024,9,4,23,56,0.77,20.2
2024,9,5,0,26,0.75,20.2
2024,9,5,0,56,0.82,20
2024,9,5,1,26,0.86,19.9
2024,9,5,1,56,0.86,19.8
2024,9,5,2,26,0.86,19.7
2024,9,5,2,56,0.86,19.5
2024,9,5,3,26,0.81,19.5
2024,9,5,3,56,0.78,19.4
2024,9,5,4,26,0.75,19.3
2024,9,5,5,26,0.78,19.2
2024,9,5,5,56,0.7,19.1
2024,9,5,6,26,0.75,19.1
2024,9,5,6,56,0.75,19.2
2024,9,5,7,26,0.71,19.2
2024,9,5,7,56,0.7,19.3
2024,9,5,8,26,0.65,19.4
2024,9,5,8,56,0.68,19.4
2024,9,5,9,26,0.69,19.4
2024,9,5,9,56,0.66,19.5
2024,9,5,10,26,0.63,19.6
2024,9,5,10,56,0.64,19.8
2024,9,5,11,26,0.67,19.8
2024,9,5,11,56,0.66,19.7
2024,9,5,12,26,0.62,19.7
2024,9,5,12,56,0.59,19.7
2024,9,5,13,26,0.63,19.6
2024,9,5,13,56,0.61,19.5
2024,9,5,14,26,0.6,19.4
2024,9,5,14,56,0.58,19.5
2024,9,5,15,26,0.6,19.6
2024,9,5,15,56,0.63,19.7
2024,9,5,16,26,0.63,19.9
2024,9,5,16,56,0.61,19.7
2024,9,5,17,26,0.66,20.3
2024,9,5,17,56,0.7,20.4
2024,9,5,18,26,0.6,20.3
2024,9,5,18,56,0.6,20.1
2024,9,5,19,26,0.6,20.2
2024,9,5,19,56,0.59,20.2
2024,9,5,20,26,0.61,20.3
2024,9,5,20,56,0.67,20.2
2024,9,5,21,26,0.69,20.1
2024,9,5,21,56,0.75,20
2024,9,5,22,26,0.76,20
2024,9,5,22,56,0.81,19.9
2024,9,5,23,26,0.81,19.8
2024,9,5,23,56,0.77,19.7
2024,9,6,0,26,0.75,19.6
2024,9,6,0,56,0.82,19.5
2024,9,6,1,26,0.77,19.5
2024,9,6,1,56,0.76,19.4
2024,9,6,2,26,0.82,19.5
2024,9,6,2,56,0.78,19.5
2024,9,6,3,26,0.8,19.5
2024,9,6,3,56,0.76,19.5
2024,9,6,4,26,0.73,19.4
2024,9,6,4,56,0.74,19.3
2024,9,6,5,26,0.72,19.3
2024,9,6,5,56,0.75,19.4
2024,9,6,6,26,0.68,19.4
2024,9,6,6,56,0.72,19.4
2024,9,6,7,26,0.8,19.4
2024,9,6,7,56,0.79,19.4
2024,9,6,8,26,0.77,19.5
2024,9,6,8,56,0.84,19.5
2024,9,6,9,26,0.82,19.5
2024,9,6,9,56,0.82,19.9
2024,9,6,10,26,0.75,20.1
2024,9,6,10,56,0.8,20.1
2024,9,6,11,26,0.79,20
2024,9,6,11,56,0.76,19.7
2024,9,6,12,26,0.73,19.4
2024,9,6,12,56,0.81,19.4
2024,9,6,13,26,0.74,19.4
2024,9,6,13,56,0.71,19.4
2024,9,6,14,26,0.68,19.4
2024,9,6,14,56,0.69,19.4
2024,9,6,15,26,0.78,19.4
2024,9,6,15,56,0.72,19.4
2024,9,6,16,26,0.77,19.7
2024,9,6,16,56,0.78,19.5
2024,9,6,17,26,0.7,19.6
2024,9,6,17,56,0.72,19.9
2024,9,6,18,26,0.78,20
2024,9,6,18,56,0.78,20
2024,9,6,19,26,0.8,19.9
2024,9,6,19,56,0.78,20.6
2024,9,6,20,26,0.74,21
2024,9,6,20,56,0.81,21.1
2024,9,6,21,26,0.85,20.8
2024,9,6,21,56,0.8,20.8
2024,9,6,22,26,0.78,20.5
2024,9,6,22,56,0.85,20.3
2024,9,6,23,26,0.82,20.1
2024,9,6,23,56,0.81,20
2024,9,7,0,26,0.82,20
2024,9,7,0,56,0.72,20
2024,9,7,1,26,0.74,20
2024,9,7,1,56,0.65,19.9
2024,9,7,2,26,0.65,19.9
2024,9,7,2,56,0.61,19.8
2024,9,7,3,26,0.68,19.8
2024,9,7,3,56,0.67,19.7
2024,9,7,4,26,0.66,19.7
2024,9,7,4,56,0.64,19.7
2024,9,7,5,26,0.65,19.7
2024,9,7,5,56,0.65,19.9
2024,9,7,6,26,0.61,19.8
2024,9,7,6,56,0.7,19.9
2024,9,7,7,26,0.7,19.9
2024,9,7,7,56,0.66,19.8
2024,9,7,8,26,0.72,19.9
2024,9,7,8,56,0.78,20.2
2024,9,7,9,26,0.76,20.4
2024,9,7,9,56,0.78,20.4
2024,9,7,10,26,0.7,20.4
2024,9,7,10,56,0.78,20.4
2024,9,7,11,26,0.68,20.3
2024,9,7,11,56,0.68,20.1
2024,9,7,12,26,0.69,19.9
2024,9,7,12,56,0.7,19.8
2024,9,7,13,26,0.72,19.8
2024,9,7,13,56,0.67,19.8
2024,9,7,14,26,0.61,19.7
2024,9,7,14,56,0.65,19.8
2024,9,7,15,26,0.6,19.8
2024,9,7,15,56,0.75,19.8
2024,9,7,16,26,0.68,19.8
2024,9,7,16,56,0.73,19.9
2024,9,7,17,26,0.72,19.9
2024,9,7,17,56,0.72,20
2024,9,7,18,26,0.74,20.6
2024,9,7,18,56,0.72,21
2024,9,7,19,26,0.76,21
2024,9,7,19,56,0.75,21
2024,9,7,20,26,0.74,21.2
2024,9,7,20,56,0.68,21.3
2024,9,7,21,26,0.75,21.3
2024,9,7,21,56,0.88,21.2
2024,9,7,22,26,0.85,21.1
2024,9,7,22,56,0.74,20.8
2024,9,7,23,26,0.82,20.5
2024,9,7,23,56,0.78,20.6
2024,9,8,0,26,0.65,20.5
2024,9,8,0,56,0.72,20.5
2024,9,8,1,26,0.72,20.5
2024,9,8,1,56,0.72,20.5
2024,9,8,2,26,0.68,20.4
2024,9,8,2,56,0.65,20.5
2024,9,8,3,26,0.67,20.4
2024,9,8,3,56,0.69,20.5
2024,9,8,4,26,0.65,20.5
2024,9,8,4,56,0.68,20.5
2024,9,8,5,26,0.65,20.5
2024,9,8,5,56,0.67,20.4
2024,9,8,6,26,0.72,20.4
2024,9,8,6,56,0.73,20.4
2024,9,8,7,26,0.7,20.4
2024,9,8,7,56,0.69,20.5
2024,9,8,8,26,0.64,20.5
2024,9,8,8,56,0.67,20.4
2024,9,8,9,26,0.71,20.7
2024,9,8,9,56,0.68,20.7
2024,9,8,10,26,0.69,20.6
2024,9,8,10,56,0.68,20.6
2024,9,8,11,26,0.71,20.7
2024,9,8,11,56,0.68,20.7
2024,9,8,12,26,0.69,20.6
2024,9,8,12,56,0.69,20.7
2024,9,8,13,26,0.71,20.8
2024,9,8,13,56,0.67,20.8
2024,9,8,14,26,0.74,20.9
2024,9,8,14,56,0.67,20.8
2024,9,8,15,26,0.69,20.8
2024,9,8,15,56,0.63,20.7
2024,9,8,16,26,0.73,20.6
2024,9,8,16,56,0.67,20.6
2024,9,8,17,26,0.77,20.6
2024,9,8,17,56,0.71,20.6
2024,9,8,18,26,0.75,20.6
2024,9,8,18,56,0.71,20.6
2024,9,8,19,26,0.73,20.8
2024,9,8,19,56,0.8,21
2024,9,8,20,26,0.73,21.1
2024,9,8,20,56,0.82,21.1
2024,9,8,21,26,0.86,21.1
2024,9,8,21,56,0.9,21
2024,9,8,22,26,0.94,21
2024,9,8,22,56,0.89,21
2024,9,8,23,26,0.92,21
2024,9,8,23,56,0.88,20.9
2024,9,9,0,26,0.84,20.8
2024,9,9,0,56,0.76,20.7
2024,9,9,1,26,0.76,20.7
2024,9,9,1,56,0.75,20.6
2024,9,9,2,26,0.72,20.5
2024,9,9,2,56,0.76,20.4
2024,9,9,3,26,0.77,20.3
2024,9,9,3,56,0.75,20.2
2024,9,9,4,26,0.76,20.1
2024,9,9,4,56,0.78,20
2024,9,9,5,26,0.74,19.9
2024,9,9,5,56,0.68,19.7
2024,9,9,6,26,0.75,19.6
2024,9,9,6,56,0.74,19.6
2024,9,9,7,26,0.73,19.5
2024,9,9,7,56,0.8,19.5
2024,9,9,8,26,0.78,19.5
2024,9,9,8,56,0.77,19.5
2024,9,9,9,26,0.84,19.4
2024,9,9,9,56,0.85,19.3
2024,9,9,10,26,0.79,19.2
2024,9,9,10,56,0.83,19.3
2024,9,9,11,26,0.81,19.5
2024,9,9,11,56,0.73,19.5
2024,9,9,12,26,0.71,19.6
2024,9,9,12,56,0.76,19.7
2024,9,9,13,26,0.75,19.7
2024,9,9,13,56,0.74,19.8
2024,9,9,14,26,0.7,19.8
2024,9,9,14,56,0.73,19.9
2024,9,9,15,26,0.7,19.9
2024,9,9,15,56,0.76,20
2024,9,9,16,26,0.72,20
2024,9,9,16,56,0.78,20
2024,9,9,17,26,0.72,20
2024,9,9,17,56,0.79,19.9
2024,9,9,18,26,0.79,19.9
2024,9,9,18,56,0.85,19.8
2024,9,9,19,26,0.91,19.9
2024,9,9,19,56,0.9,19.9
2024,9,9,20,26,0.88,19.8
2024,9,9,20,56,0.9,19.9
2024,9,9,21,26,0.96,19.9
2024,9,9,21,56,1.04,19.8
2024,9,9,22,26,1,19.8
2024,9,9,22,56,1.04,19.7
2024,9,9,23,26,0.99,19.7
2024,9,9,23,56,1.16,19.6
2024,9,10,0,26,1.16,19.4
2024,9,10,0,56,1.09,19.3
2024,9,10,1,26,1.11,19.2
2024,9,10,1,56,1.06,18.9
2024,9,10,2,26,1.06,18.7
2024,9,10,2,56,0.95,18.2
2024,9,10,3,26,0.96,17.9
2024,9,10,3,56,0.95,17.6
2024,9,10,4,26,0.83,17.6
2024,9,10,4,56,0.87,17.7
2024,9,10,5,26,0.87,17.6
2024,9,10,5,56,0.87,17.4
2024,9,10,6,26,0.84,17.2
2024,9,10,6,56,0.94,17.1
2024,9,10,7,26,0.95,17.2
2024,9,10,7,56,0.94,17.1
2024,9,10,8,26,1.01,17.2
2024,9,10,8,56,0.96,17.3
2024,9,10,9,26,0.99,17.7
2024,9,10,9,56,0.95,18.7
2024,9,10,10,26,0.98,19
2024,9,10,10,56,0.99,18.7
2024,9,10,11,26,0.96,18.6
2024,9,10,11,56,0.96,18.6
2024,9,10,12,26,0.96,18.5
2024,9,10,12,56,0.96,19
2024,9,10,13,26,0.91,18.7
2024,9,10,13,56,0.9,18.6
2024,9,10,14,26,0.9,18.3
2024,9,10,14,56,1.03,18.2
2024,9,10,15,26,1.02,18.1
2024,9,10,15,56,1.03,18.1
2024,9,10,16,26,0.92,18.7
2024,9,10,16,56,0.99,18.6
2024,9,10,17,26,0.91,18.5
2024,9,10,17,56,0.94,18.5
2024,9,10,18,26,0.92,18.4
2024,9,10,18,56,0.96,18.3
2024,9,10,19,26,0.96,18.4
2024,9,10,19,56,0.98,18.4
2024,9,10,20,26,1.04,18.4
2024,9,10,20,56,1,18.4
2024,9,10,21,26,1,18.2
2024,9,10,21,56,0.98,18.1
2024,9,10,22,26,1.02,18
2024,9,10,22,56,1.03,17.8
2024,9,10,23,26,1,17.6
2024,9,10,23,56,0.98,17.5
2024,9,11,0,26,0.94,17.3
2024,9,11,0,56,0.94,17.1
2024,9,11,1,26,0.89,17
2024,9,11,1,56,0.89,16.8
2024,9,11,2,26,0.92,16.6
2024,9,11,2,56,0.89,16.4
2024,9,11,3,26,0.82,16.3
2024,9,11,3,56,0.82,16.5
2024,9,11,4,26,0.88,16.4
2024,9,11,4,56,0.81,16.3
2024,9,11,5,26,0.82,16.3
2024,9,11,5,56,0.85,16.3
2024,9,11,6,26,0.89,16.2
2024,9,11,6,56,0.82,16.3
2024,9,11,7,26,0.82,16.3
2024,9,11,7,56,0.85,16.1
2024,9,11,8,26,0.89,16.1
2024,9,11,8,56,0.91,16
2024,9,11,9,26,0.88,16.2
2024,9,11,9,56,0.87,16.6
2024,9,11,10,26,0.83,16.6
2024,9,11,10,56,0.87,16.8
2024,9,11,11,26,0.82,16.9
2024,9,11,11,56,0.82,17
2024,9,11,12,26,0.87,17
2024,9,11,12,56,0.82,17.1
2024,9,11,13,26,0.85,17.1
2024,9,11,13,56,0.82,17.1
2024,9,11,14,26,0.78,17.2
2024,9,11,14,56,0.81,17.1
2024,9,11,15,26,0.83,17.2
2024,9,11,15,56,0.81,17.3
2024,9,11,16,26,0.79,17.2
2024,9,11,16,56,0.76,17.4
2024,9,11,17,26,0.75,17.6
2024,9,11,17,56,0.8,17.9
2024,9,11,18,26,0.78,17.8
2024,9,11,18,56,0.78,17.8
2024,9,11,19,26,0.84,17.8
2024,9,11,19,56,0.77,18
2024,9,11,20,26,0.81,18.4
2024,9,11,20,56,0.83,18.1
2024,9,11,21,26,0.85,17.6
2024,9,11,21,56,0.84,18.1
2024,9,11,22,26,0.86,18.5
2024,9,11,22,56,0.81,18.5
2024,9,11,23,26,0.79,18.5
2024,9,11,23,56,0.79,18.3
2024,9,12,0,26,0.74,18.1
2024,9,12,0,56,0.8,18
2024,9,12,1,26,0.85,17.8
2024,9,12,1,56,0.88,17.8
2024,9,12,2,26,0.91,17.8
2024,9,12,2,56,0.8,17.8
2024,9,12,3,26,0.77,17.8
2024,9,12,3,56,0.73,17.8
2024,9,12,4,26,0.77,17.8
2024,9,12,4,56,0.78,17.8
2024,9,12,5,26,0.7,17.7
2024,9,12,5,56,0.7,17.7
2024,9,12,6,26,0.69,17.7
2024,9,12,6,56,0.8,17.8
2024,9,12,7,26,0.9,17.8
2024,9,12,7,56,0.79,17.8
2024,9,12,8,26,0.85,17.8
2024,9,12,8,56,0.9,17.8
2024,9,12,9,26,0.91,17.9
2024,9,12,9,56,0.88,17.9
2024,9,12,10,26,0.91,17.9
2024,9,12,10,56,0.9,17.9
2024,9,12,11,26,0.89,17.9
2024,9,12,11,56,0.87,17.9
2024,9,12,12,26,0.94,17.9
2024,9,12,12,56,0.9,18
2024,9,12,13,26,0.88,18.1
2024,9,12,13,56,0.91,18.2
2024,9,12,14,26,0.83,18.3
2024,9,12,14,56,0.82,18.3
2024,9,12,15,26,0.89,18.3
2024,9,12,15,56,0.84,18.3
2024,9,12,16,26,0.89,18.5
2024,9,12,16,56,0.82,18.7
2024,9,12,17,26,0.76,18.7
2024,9,12,17,56,0.82,19.1
2024,9,12,18,26,0.86,18.7
2024,9,12,18,56,0.76,18.6
2024,9,12,19,26,0.9,18.5
2024,9,12,19,56,0.85,18.6
2024,9,12,20,26,0.97,18.7
2024,9,12,20,56,0.94,18.8
2024,9,12,21,26,0.88,18.8
2024,9,12,21,56,0.91,18.9
2024,9,12,22,26,0.91,18.9
2024,9,12,22,56,0.93,19
2024,9,12,23,26,0.9,19
2024,9,12,23,56,0.93,19
2024,9,13,0,26,0.83,19
2024,9,13,0,56,0.91,19
2024,9,13,1,26,0.83,19
2024,9,13,1,56,0.85,19
2024,9,13,2,26,0.87,19
2024,9,13,2,56,0.85,19.1
2024,9,13,3,26,0.84,19.1
2024,9,13,3,56,0.83,19.3
2024,9,13,4,26,0.84,19.2
2024,9,13,4,56,0.79,19.1
2024,9,13,5,26,0.77,19.1
2024,9,13,5,56,0.71,19.1
2024,9,13,6,26,0.69,19.1
2024,9,13,6,56,0.74,19
2024,9,13,7,26,0.72,19.1
2024,9,13,7,56,0.75,19.1
2024,9,13,8,26,0.8,19.1
2024,9,13,8,56,0.79,19.1
2024,9,13,9,26,0.8,19.1
2024,9,13,9,56,0.79,19.1
2024,9,13,10,26,0.8,18.9
2024,9,13,10,56,0.79,18.8
2024,9,13,11,26,0.83,18.8
2024,9,13,11,56,0.83,18.8
2024,9,13,12,26,0.83,18.7
2024,9,13,12,56,0.81,18.7
2024,9,13,13,26,0.84,18.8
2024,9,13,13,56,0.76,18.8
2024,9,13,14,26,0.88,18.9
2024,9,13,14,56,0.87,18.9
2024,9,13,15,26,0.83,18.9
2024,9,13,15,56,0.87,18.9
2024,9,13,16,26,0.88,18.9
2024,9,13,16,56,0.81,18.9
2024,9,13,17,26,0.78,19.1
2024,9,13,17,56,0.79,19.2
2024,9,13,18,26,0.87,19.4
2024,9,13,18,56,0.76,19.6
2024,9,13,19,26,0.85,19.6
2024,9,13,19,56,0.81,19.6
2024,9,13,20,26,0.9,19.5
2024,9,13,20,56,0.84,19.6
2024,9,13,21,26,0.83,19.6
2024,9,13,21,56,0.86,19.7
2024,9,13,22,26,0.84,19.8
2024,9,13,22,56,0.77,19.8
2024,9,13,23,26,0.81,19.9
2024,9,13,23,56,0.8,20
2024,9,14,0,26,0.88,19.9
2024,9,14,0,56,0.79,19.9
2024,9,14,1,26,0.86,19.9
2024,9,14,1,56,0.86,19.8
2024,9,14,2,26,0.79,19.8
2024,9,14,2,56,0.88,19.7
2024,9,14,3,26,0.77,19.7
2024,9,14,3,56,0.79,19.6
2024,9,14,4,26,0.9,19.5
2024,9,14,4,56,0.8,19.5
2024,9,14,5,26,0.8,19.5
2024,9,14,5,56,0.76,19.5
2024,9,14,6,26,0.77,19.5
2024,9,14,6,56,0.95,19.5
2024,9,14,7,26,0.75,19.5
2024,9,14,7,56,0.87,19.5
2024,9,14,8,26,0.87,19.5
2024,9,14,8,56,0.86,19.5
2024,9,14,9,26,0.96,19.5
2024,9,14,9,56,0.82,19.5
2024,9,14,10,26,0.88,19.5
2024,9,14,10,56,0.88,19.5
2024,9,14,11,26,0.84,19.4
2024,9,14,11,56,0.79,19.4
2024,9,14,12,26,0.87,19.4
2024,9,14,12,56,0.81,19.4
2024,9,14,13,26,0.87,19.5
2024,9,14,13,56,0.84,19.5
2024,9,14,14,26,0.85,19.5
2024,9,14,14,56,0.78,19.6
2024,9,14,15,26,0.86,19.6
2024,9,14,15,56,0.91,19.6
2024,9,14,16,26,0.9,19.6
2024,9,14,16,56,0.89,19.6
2024,9,14,17,26,0.8,19.6
2024,9,14,17,56,0.88,19.6
2024,9,14,18,26,0.83,19.7
2024,9,14,18,56,0.84,19.7
2024,9,14,19,26,0.75,19.8
2024,9,14,19,56,0.86,19.9
2024,9,14,20,26,0.84,19.8
2024,9,14,20,56,0.86,20
2024,9,14,21,26,0.92,20.1
2024,9,14,21,56,0.92,20.1
2024,9,14,22,26,0.96,20.2
2024,9,14,22,56,0.79,20.2
2024,9,14,23,26,1.05,20.1
2024,9,14,23,56,0.92,20.1
2024,9,15,0,26,0.91,20
2024,9,15,0,56,0.88,20
2024,9,15,1,26,0.93,20
2024,9,15,1,56,0.89,20
2024,9,15,2,26,0.93,19.9
2024,9,15,2,56,0.99,19.9
2024,9,15,3,26,0.95,19.9
2024,9,15,3,56,1.04,19.9
2024,9,15,4,26,0.92,19.9
2024,9,15,4,56,0.97,19.9
2024,9,15,5,26,0.9,19.9
2024,9,15,5,56,0.9,19.9
2024,9,15,6,26,0.91,20
2024,9,15,6,56,0.92,20
2024,9,15,7,26,0.91,20.1
2024,9,15,7,56,0.8,20.2
2024,9,15,8,26,1.07,20.2
2024,9,15,8,56,0.81,20.2
2024,9,15,9,26,0.85,20.2
2024,9,15,9,56,0.92,20.2
2024,9,15,10,26,0.96,20.2
2024,9,15,10,56,0.92,20.2
2024,9,15,11,26,0.85,20.2
2024,9,15,11,56,0.94,20.2
2024,9,15,12,26,0.91,20.2
2024,9,15,12,56,0.83,20.2
2024,9,15,13,26,0.92,20.2
2024,9,15,13,56,0.81,20.2
2024,9,15,14,26,0.71,20.1
2024,9,15,14,56,0.86,20.1
2024,9,15,15,26,0.9,20.1
2024,9,15,15,56,0.84,20.1
2024,9,15,16,26,0.82,20.2
2024,9,15,16,56,0.9,20.2
2024,9,15,17,26,0.85,20.2
2024,9,15,17,56,0.82,20.2
2024,9,15,18,26,0.87,20.3
2024,9,15,18,56,0.83,20.3
2024,9,15,19,26,0.93,20.4
2024,9,15,19,56,0.86,20.4
2024,9,15,20,26,0.96,20.4
2024,9,15,20,56,0.96,20.4
2024,9,15,21,26,0.88,20.4
2024,9,15,21,56,0.9,20.3
2024,9,15,22,26,0.82,20.4
2024,9,15,22,56,0.87,20.4
2024,9,15,23,26,0.81,20.4
2024,9,15,23,56,0.91,20.4
2024,9,16,0,26,0.86,20.3
2024,9,16,0,56,0.84,20.2
2024,9,16,1,26,0.85,20.1
2024,9,16,1,56,0.87,20.1
2024,9,16,2,26,0.86,20.1
2024,9,16,2,56,0.71,20.1
2024,9,16,3,26,0.9,20.2
2024,9,16,3,56,0.77,20.1
2024,9,16,4,26,0.75,20.1
2024,9,16,4,56,0.78,20.1
2024,9,16,5,26,0.75,20.2
2024,9,16,5,56,0.72,20.2
2024,9,16,6,26,0.68,20.2
2024,9,16,6,56,0.83,20.2
2024,9,16,7,26,0.83,20.2
2024,9,16,7,56,0.82,20.1
2024,9,16,8,26,0.83,19.9
2024,9,16,8,56,0.82,19.8
2024,9,16,9,26,0.79,19.8
2024,9,16,9,56,0.84,19.9
2024,9,16,10,26,0.83,19.9
2024,9,16,10,56,0.8,20
2024,9,16,11,26,0.82,20
2024,9,16,11,56,0.74,20
2024,9,16,12,26,0.79,20.1
2024,9,16,12,56,0.87,20
2024,9,16,13,26,0.85,20
2024,9,16,13,56,0.93,20
2024,9,16,14,26,0.95,20
2024,9,16,14,56,0.93,20
2024,9,16,15,26,1,20
2024,9,16,15,56,0.91,19.9
2024,9,16,16,26,0.94,19.9
2024,9,16,16,56,1.05,19.9
2024,9,16,17,26,0.95,20
2024,9,16,17,56,0.94,20
2024,9,16,18,26,1.01,20
2024,9,16,18,56,0.99,20
2024,9,16,19,26,0.88,20.1
2024,9,16,19,56,0.92,20
2024,9,16,20,26,0.91,20
2024,9,16,20,56,0.97,20
2024,9,16,21,26,1.03,20
2024,9,16,21,56,1.12,19.9
2024,9,16,22,26,1.04,19.9
2024,9,16,22,56,0.97,19.9
2024,9,16,23,26,0.93,19.8
2024,9,16,23,56,0.91,19.8
2024,9,17,0,26,0.98,19.8
2024,9,17,0,56,1.12,19.7
2024,9,17,1,26,1.14,19.6
2024,9,17,1,56,1.17,19.6
2024,9,17,2,26,1.13,19.5
2024,9,17,2,56,1.25,19.4
2024,9,17,3,26,1.2,19.4
2024,9,17,3,56,1.23,19.2
2024,9,17,4,26,1.15,19.1
2024,9,17,4,56,1.16,19.3
2024,9,17,5,26,1.16,19.2
2024,9,17,5,56,1.14,19.1
2024,9,17,6,26,1.16,19.2
2024,9,17,6,56,1.15,19.2
2024,9,17,7,26,1.08,19.1
2024,9,17,7,56,1,19.1
2024,9,17,8,26,1.08,19.1
2024,9,17,8,56,1.08,19.1
2024,9,17,9,26,0.99,19.1
2024,9,17,9,56,0.98,19.1
2024,9,17,10,26,0.87,19
2024,9,17,10,56,0.9,19
2024,9,17,11,26,0.83,19
2024,9,17,11,56,0.79,18.9
2024,9,17,12,26,0.73,18.9
2024,9,17,12,56,0.81,18.9
2024,9,17,13,26,0.72,18.8
2024,9,17,13,56,0.78,18.7
2024,9,17,14,26,0.79,18.8
2024,9,17,14,56,0.79,18.7
2024,9,17,15,26,0.86,18.8
2024,9,17,15,56,0.84,18.8
2024,9,17,16,26,0.92,18.9
2024,9,17,16,56,0.89,19
2024,9,17,17,26,0.84,19.2
2024,9,17,17,56,0.87,19.4
2024,9,17,18,26,0.91,19.3
2024,9,17,18,56,0.88,19.6
2024,9,17,19,26,0.85,19.4
2024,9,17,19,56,0.76,19.7
2024,9,17,20,26,0.76,19.3
2024,9,17,20,56,0.69,19.1
2024,9,17,21,26,0.7,19.3
2024,9,17,21,56,0.65,19
2024,9,17,22,26,0.64,18.9
2024,9,17,22,56,0.65,18.8
2024,9,17,23,26,0.68,18.8
2024,9,17,23,56,0.73,18.7
2024,9,18,0,26,0.72,18.6
2024,9,18,0,56,0.7,18.6
2024,9,18,1,26,0.71,18.6
2024,9,18,1,56,0.69,18.5
2024,9,18,2,26,0.71,18.6
2024,9,18,2,56,0.66,18.6
2024,9,18,3,26,0.68,18.6
2024,9,18,3,56,0.65,18.7
2024,9,18,4,26,0.68,18.8
2024,9,18,4,56,0.7,18.9
2024,9,18,5,26,0.66,18.7
2024,9,18,5,56,0.65,18.9
2024,9,18,6,26,0.68,19
2024,9,18,6,56,0.67,19
2024,9,18,7,26,0.65,18.9
2024,9,18,7,56,0.66,18.9
2024,9,18,8,26,0.69,18.9
2024,9,18,8,56,0.68,18.9
2024,9,18,9,26,0.69,18.8
2024,9,18,9,56,0.69,18.8
2024,9,18,10,26,0.71,18.8
2024,9,18,10,56,0.71,18.8
2024,9,18,11,26,0.66,18.7
2024,9,18,11,56,0.65,18.7
2024,9,18,12,26,0.68,18.7
2024,9,18,12,56,0.62,18.7
2024,9,18,13,26,0.66,18.6
2024,9,18,13,56,0.67,18.6
2024,9,18,14,26,0.68,18.7
2024,9,18,14,56,0.73,18.6
2024,9,18,15,26,0.7,18.3
2024,9,18,15,56,0.74,18.3
2024,9,18,16,26,0.75,18.2
2024,9,18,16,56,0.73,18.4
2024,9,18,17,26,0.75,18.7
2024,9,18,17,56,0.68,18.9
2024,9,18,18,26,0.8,18.9
2024,9,18,18,56,0.75,18.8
2024,9,18,19,26,0.72,18.5
2024,9,18,19,56,0.69,18.5
2024,9,18,20,26,0.68,18.5
2024,9,18,20,56,0.62,19
2024,9,18,21,26,0.54,19.1
2024,9,18,21,56,0.6,18.5
2024,9,18,22,26,0.61,18.7
2024,9,18,22,56,0.59,18.5
2024,9,18,23,26,0.65,18.4
2024,9,18,23,56,0.61,18.4
2024,9,19,0,26,0.66,18.4
2024,9,19,0,56,0.64,18.3
2024,9,19,1,26,0.6,18.3
2024,9,19,1,56,0.67,18.3
2024,9,19,2,26,0.72,18.3
2024,9,19,2,56,0.63,18.4
2024,9,19,3,26,0.67,18.3
2024,9,19,3,56,0.6,18.3
2024,9,19,4,26,0.59,18.3
2024,9,19,4,56,0.59,18.3
2024,9,19,5,26,0.55,18.4
2024,9,19,5,56,0.56,18.5
2024,9,19,6,26,0.6,18.7
2024,9,19,6,56,0.57,18.7
2024,9,19,7,26,0.62,18.6
2024,9,19,7,56,0.6,18.5
2024,9,19,8,26,0.63,18.5
2024,9,19,8,56,0.65,18.6
2024,9,19,9,26,0.6,18.5
2024,9,19,9,56,0.59,18.7
2024,9,19,10,26,0.57,18.7
2024,9,19,10,56,0.54,18.7
2024,9,19,11,26,0.6,18.6
2024,9,19,11,56,0.54,18.5
2024,9,19,12,26,0.58,18.5
2024,9,19,12,56,0.58,18.5
2024,9,19,13,26,0.56,18.5
2024,9,19,13,56,0.55,18.5
2024,9,19,14,26,0.56,18.6
2024,9,19,14,56,0.54,18.7
2024,9,19,15,26,0.56,18.7
2024,9,19,15,56,0.6,18.7
2024,9,19,16,26,0.61,18.8
2024,9,19,16,56,0.61,18.9
2024,9,19,17,26,0.59,19.1
2024,9,19,17,56,0.59,19.3
2024,9,19,18,26,0.57,19.5
2024,9,19,18,56,0.56,19.6
2024,9,19,19,26,0.56,19.9
2024,9,19,19,56,0.58,19.4
2024,9,19,20,26,0.58,19.4
2024,9,19,20,56,0.64,19.5
2024,9,19,21,26,0.58,19.4
2024,9,19,21,56,0.62,19.5
2024,9,19,22,26,0.58,19.1
2024,9,19,22,56,0.61,19
2024,9,19,23,26,0.55,18.9
2024,9,19,23,56,0.58,18.9
2024,9,20,0,26,0.56,18.8
2024,9,20,0,56,0.6,18.8
2024,9,20,1,26,0.62,18.7
2024,9,20,1,56,0.58,18.6
2024,9,20,2,26,0.56,18.6
2024,9,20,2,56,0.57,18.5
2024,9,20,3,26,0.59,18.5
2024,9,20,3,56,0.53,18.4
2024,9,20,4,26,0.53,18.4
2024,9,20,4,56,0.55,18.4
2024,9,20,5,26,0.51,18.3
2024,9,20,5,56,0.48,18.4
2024,9,20,6,26,0.49,18.5
2024,9,20,6,56,0.48,18.6
2024,9,20,7,26,0.5,18.6
2024,9,20,7,56,0.55,18.5
2024,9,20,8,26,0.45,18.5
2024,9,20,8,56,0.54,18.5
2024,9,20,9,26,0.47,18.5
2024,9,20,9,56,0.45,18.4
2024,9,20,10,26,0.48,18.4
2024,9,20,10,56,0.45,18.4
2024,9,20,11,26,0.52,18.4
2024,9,20,11,56,0.55,18.4
2024,9,20,12,26,0.6,18.5
2024,9,20,12,56,0.54,18.5
2024,9,20,13,26,0.57,18.5
2024,9,20,13,56,0.53,18.5
2024,9,20,14,26,0.56,18.5
2024,9,20,14,56,0.51,18.4
2024,9,20,15,26,0.57,18.5
2024,9,20,15,56,0.56,18.5
2024,9,20,16,26,0.54,18.5
2024,9,20,16,56,0.53,18.5
2024,9,20,17,26,0.63,18.5
2024,9,20,17,56,0.58,18.5
2024,9,20,18,26,0.58,18.5
2024,9,20,18,56,0.54,18.5
2024,9,20,19,26,0.54,18.6
2024,9,20,19,56,0.59,18.5
2024,9,20,20,26,0.61,18.3
2024,9,20,20,56,0.6,18.2
2024,9,20,21,26,0.6,18.2
2024,9,20,21,56,0.63,18.2
2024,9,20,22,26,0.6,18.3
2024,9,20,22,56,0.61,18.3
2024,9,20,23,26,0.59,18.2
2024,9,20,23,56,0.67,18
2024,9,21,0,26,0.63,17.9
2024,9,21,0,56,0.56,18.5
2024,9,21,1,26,0.57,18.6
2024,9,21,1,56,0.55,18.4
2024,9,21,2,26,0.54,18.4
2024,9,21,2,56,0.51,18.1
2024,9,21,3,26,0.54,18
2024,9,21,3,56,0.53,17.8
2024,9,21,4,26,0.56,17.6
2024,9,21,4,56,0.56,17.7
2024,9,21,5,26,0.5,17.6
2024,9,21,5,56,0.53,17.5
2024,9,21,6,26,0.53,17.5
2024,9,21,6,56,0.59,17.5
2024,9,21,7,26,0.53,17.5
2024,9,21,7,56,0.56,17.5
2024,9,21,8,26,0.53,17.5
2024,9,21,8,56,0.54,17.5
2024,9,21,9,26,0.52,17.5
2024,9,21,9,56,0.56,17.5
2024,9,21,10,26,0.53,17.5
2024,9,21,10,56,0.49,17.4
2024,9,21,11,26,0.54,17.4
2024,9,21,11,56,0.53,17.5
2024,9,21,12,26,0.51,17.5
2024,9,21,12,56,0.57,17.5
2024,9,21,13,26,0.48,17.6
2024,9,21,13,56,0.54,17.6
2024,9,21,14,26,0.54,17.3
2024,9,21,14,56,0.52,17.4
2024,9,21,15,26,0.54,17.4
2024,9,21,15,56,0.57,17.5
2024,9,21,16,26,0.57,17.6
2024,9,21,16,56,0.55,17.6
2024,9,21,17,26,0.54,17.8
2024,9,21,17,56,0.49,17.9
2024,9,21,18,26,0.55,18.2
2024,9,21,18,56,0.55,18.1
2024,9,21,19,26,0.51,18.3
2024,9,21,19,56,0.51,18.5
2024,9,21,20,26,0.51,18.3
2024,9,21,20,56,0.48,18.7
2024,9,21,21,26,0.5,18.9
2024,9,21,21,56,0.54,19
2024,9,21,22,26,0.51,19.1
2024,9,21,22,56,0.52,19.2
2024,9,21,23,26,0.5,19.2
2024,9,21,23,56,0.49,19.2
2024,9,22,0,26,0.46,19.3
2024,9,22,0,56,0.5,19.1
2024,9,22,1,26,0.51,19.1
2024,9,22,1,56,0.49,18.9
2024,9,22,2,26,0.46,18.7
2024,9,22,2,56,0.5,18.5
2024,9,22,3,26,0.41,18.2
2024,9,22,3,56,0.46,18.1
2024,9,22,4,26,0.45,18
2024,9,22,4,56,0.45,17.7
2024,9,22,5,26,0.48,17.6
2024,9,22,5,56,0.45,17.6
2024,9,22,6,26,0.4,17.6
2024,9,22,6,56,0.45,17.7
2024,9,22,7,26,0.42,17.8
2024,9,22,7,56,0.41,17.8
2024,9,22,8,26,0.42,17.8
2024,9,22,8,56,0.46,17.6
2024,9,22,9,26,0.43,17.6
2024,9,22,9,56,0.4,17.6
2024,9,22,10,26,0.41,17.6
2024,9,22,10,56,0.42,17.6
2024,9,22,11,26,0.38,17.6
2024,9,22,11,56,0.4,17.6
2024,9,22,12,26,0.39,17.6
2024,9,22,12,56,0.38,17.6
2024,9,22,13,26,0.4,17.6
2024,9,22,13,56,0.41,17.8
2024,9,22,14,26,0.4,18
2024,9,22,14,56,0.42,18.1
2024,9,22,15,26,0.39,18.1
2024,9,22,15,56,0.4,18.3
2024,9,22,16,26,0.41,18.4
2024,9,22,16,56,0.4,18.4
2024,9,22,17,26,0.43,18.6
2024,9,22,17,56,0.45,18.8
2024,9,22,18,26,0.42,17.8
2024,9,22,18,56,0.46,18.7
2024,9,22,19,26,0.43,18.6
2024,9,22,19,56,0.45,18.3
2024,9,22,20,26,0.47,18.1
2024,9,22,20,56,0.5,17.9
2024,9,22,21,26,0.53,18.2
2024,9,22,21,56,0.53,18.5
2024,9,22,22,26,0.54,18.8
2024,9,22,22,56,0.56,18.8
2024,9,22,23,26,0.56,18.7
2024,9,22,23,56,0.6,18.7
2024,9,23,0,26,0.6,18.7
2024,9,23,0,56,0.6,18.6
2024,9,23,1,26,0.53,18.6
2024,9,23,1,56,0.52,18.5
2024,9,23,2,26,0.49,18.4
2024,9,23,2,56,0.47,18.3
2024,9,23,3,26,0.46,18.2
2024,9,23,3,56,0.46,17.9
2024,9,23,4,26,0.45,17.6
2024,9,23,4,56,0.44,17.5
2024,9,23,5,26,0.42,17.4
2024,9,23,5,56,0.41,17.5
2024,9,23,6,26,0.41,17.5
2024,9,23,6,56,0.42,17.5
2024,9,23,7,26,0.39,17.5
2024,9,23,7,56,0.42,17.7
2024,9,23,8,26,0.39,17.6
2024,9,23,8,56,0.4,17.5
2024,9,23,9,26,0.41,17.5
2024,9,23,9,56,0.41,17.5
2024,9,23,10,26,0.38,17.5
2024,9,23,10,56,0.38,17.4
2024,9,23,11,26,0.38,17.5
2024,9,23,11,56,0.42,17.6
2024,9,23,12,26,0.41,17.7
2024,9,23,12,56,0.44,17.7
2024,9,23,13,26,0.43,17.7
2024,9,23,13,56,0.42,17.5
2024,9,23,14,26,0.4,17.5
2024,9,23,14,56,0.45,17.5
2024,9,23,15,26,0.41,17.5
2024,9,23,15,56,0.44,17.4
2024,9,23,16,26,0.44,17.7
2024,9,23,16,56,0.41,17.7
2024,9,23,17,26,0.47,17.5
2024,9,23,17,56,0.47,17.9
2024,9,23,18,26,0.42,18
2024,9,23,18,56,0.44,18
2024,9,23,19,26,0.43,18.1
2024,9,23,19,56,0.44,18.1
2024,9,23,20,26,0.43,18.1
2024,9,23,20,56,0.41,18.1
2024,9,23,21,26,0.45,18.5
2024,9,23,21,56,0.48,18.5
2024,9,23,22,26,0.51,18.5
2024,9,23,22,56,0.51,18.2
2024,9,23,23,26,0.53,18.1
2024,9,23,23,56,0.55,17.9
2024,9,24,0,26,0.54,17.9
2024,9,24,0,56,0.55,18
2024,9,24,1,26,0.55,18.1
2024,9,24,1,56,0.54,17.9
2024,9,24,2,26,0.53,17.7
2024,9,24,2,56,0.48,17.4
2024,9,24,3,26,0.49,17.1
2024,9,24,3,56,0.53,16.8
2024,9,24,4,26,0.5,16.6
2024,9,24,4,56,0.52,16.7
2024,9,24,5,26,0.51,16.7
2024,9,24,5,56,0.52,16.8
2024,9,24,6,26,0.5,16.8
2024,9,24,6,56,0.53,16.6
2024,9,24,7,26,0.51,16.7
2024,9,24,7,56,0.52,16.5
2024,9,24,8,26,0.54,16.5
2024,9,24,8,56,0.52,16.5
2024,9,24,9,26,0.52,16.5
2024,9,24,9,56,0.51,16.5
2024,9,24,10,26,0.5,16.5
2024,9,24,10,56,0.43,16.5
2024,9,24,11,26,0.51,16.6
2024,9,24,11,56,0.49,16.7
2024,9,24,12,26,0.45,16.7
2024,9,24,12,56,0.49,16.7
2024,9,24,13,26,0.45,16.8
2024,9,24,13,56,0.47,16.8
2024,9,24,14,26,0.48,17
2024,9,24,14,56,0.48,17.2
2024,9,24,15,26,0.49,17.4
2024,9,24,15,56,0.48,17.5
2024,9,24,16,26,0.52,17.6
2024,9,24,16,56,0.49,17.6
2024,9,24,17,26,0.54,17.6
2024,9,24,17,56,0.48,17.7
2024,9,24,18,26,0.47,17.7
2024,9,24,18,56,0.47,17.8
2024,9,24,19,26,0.49,17.8
2024,9,24,19,56,0.51,17.8
2024,9,24,20,26,0.48,17.8
2024,9,24,20,56,0.54,18
2024,9,24,21,26,0.58,18.1
2024,9,24,21,56,0.56,18
2024,9,24,22,26,0.52,17.8
2024,9,24,22,56,0.53,17.7
2024,9,24,23,26,0.62,17.5
2024,9,24,23,56,0.61,17.4
2024,9,25,0,26,0.58,17.3
2024,9,25,0,56,0.57,17.2
2024,9,25,1,26,0.55,17
2024,9,25,1,56,0.55,16.9
2024,9,25,2,26,0.5,16.9
2024,9,25,2,56,0.5,16.8
2024,9,25,3,26,0.5,16.8
2024,9,25,3,56,0.5,16.7
2024,9,25,4,26,0.49,16.6
2024,9,25,4,56,0.48,16.4
2024,9,25,5,26,0.45,16.4
2024,9,25,5,56,0.46,16.4
2024,9,25,6,26,0.47,16.3
2024,9,25,6,56,0.47,16.3
2024,9,25,7,26,0.44,16.3
2024,9,25,7,56,0.46,16.3
2024,9,25,8,26,0.49,16.3
2024,9,25,8,56,0.45,16.3
2024,9,25,9,26,0.46,16.3
2024,9,25,9,56,0.43,16.4
2024,9,25,10,26,0.41,16.4
2024,9,25,10,56,0.43,16.4
2024,9,25,11,26,0.42,16.3
2024,9,25,11,56,0.45,16.4
2024,9,25,12,26,0.48,16.4
2024,9,25,12,56,0.42,16.4
2024,9,25,13,26,0.47,16.4
2024,9,25,13,56,0.43,16.5
2024,9,25,14,26,0.43,16.5
2024,9,25,14,56,0.44,16.5
2024,9,25,15,26,0.44,16.4
2024,9,25,15,56,0.43,16.7
2024,9,25,16,26,0.45,17
2024,9,25,16,56,0.42,17.3
2024,9,25,17,26,0.44,17.3
2024,9,25,17,56,0.4,17.4
2024,9,25,18,26,0.41,17.2
2024,9,25,18,56,0.42,17.1
2024,9,25,19,26,0.42,17
2024,9,25,19,56,0.51,17
2024,9,25,20,26,0.55,16.9
2024,9,25,20,56,0.54,16.9
2024,9,25,21,26,0.52,17
2024,9,25,21,56,0.58,17.1
2024,9,25,22,26,0.54,17
2024,9,25,22,56,0.57,16.8
2024,9,25,23,26,0.55,16.7
2024,9,25,23,56,0.54,16.6
2024,9,26,0,26,0.6,16.5
2024,9,26,0,56,0.52,16.4
2024,9,26,1,26,0.56,16.3
2024,9,26,1,56,0.53,16.3
2024,9,26,2,26,0.51,16.3
2024,9,26,2,56,0.48,16.3
2024,9,26,3,26,0.45,16.3
2024,9,26,3,56,0.46,16.3
2024,9,26,4,26,0.46,16.2
2024,9,26,4,56,0.43,16.1
2024,9,26,5,26,0.43,16
2024,9,26,5,56,0.45,16
2024,9,26,6,26,0.48,16
2024,9,26,6,56,0.47,15.9
2024,9,26,7,26,0.51,15.9
2024,9,26,7,56,0.49,15.8
2024,9,26,8,26,0.53,15.8
2024,9,26,8,56,0.6,15.8
2024,9,26,9,26,0.54,15.8
2024,9,26,9,56,0.55,15.9
2024,9,26,10,26,0.55,15.9
2024,9,26,10,56,0.55,15.9
2024,9,26,11,26,0.54,16
2024,9,26,11,56,0.48,16.2
2024,9,26,12,26,0.52,16.3
2024,9,26,12,56,0.51,16.2
2024,9,26,13,26,0.49,16.4
2024,9,26,13,56,0.48,16.4
2024,9,26,14,26,0.48,17.2
2024,9,26,14,56,0.46,17.1
2024,9,26,15,26,0.46,17.2
2024,9,26,15,56,0.49,17.3
2024,9,26,16,26,0.49,17.4
2024,9,26,16,56,0.49,17.5
2024,9,26,17,26,0.55,17.5
2024,9,26,17,56,0.53,17.7
2024,9,26,18,26,0.51,17.8
2024,9,26,18,56,0.56,17.8
2024,9,26,19,26,0.48,17.8
2024,9,26,19,56,0.5,17.8
2024,9,26,20,26,0.46,17.6
2024,9,26,20,56,0.5,17.4
2024,9,26,21,26,0.53,17.4
2024,9,26,21,56,0.64,17.1
2024,9,26,22,26,0.56,16.9
2024,9,26,22,56,0.62,16.7
2024,9,26,23,26,0.59,16.5
2024,9,26,23,56,0.57,16.5
2024,9,27,0,26,0.57,16.4
2024,9,27,0,56,0.56,16.3
2024,9,27,1,26,0.55,16.2
2024,9,27,1,56,0.55,16.1
2024,9,27,2,26,0.54,16
2024,9,27,2,56,0.53,16
2024,9,27,3,26,0.51,16
2024,9,27,3,56,0.52,15.9
2024,9,27,4,26,0.48,15.9
2024,9,27,4,56,0.45,15.9
2024,9,27,5,26,0.44,15.8
2024,9,27,5,56,0.49,15.8
2024,9,27,6,26,0.48,15.8
2024,9,27,6,56,0.49,15.8
2024,9,27,7,26,0.5,15.8
2024,9,27,7,56,0.47,15.9
2024,9,27,8,26,0.47,15.9
2024,9,27,8,56,0.47,15.9
2024,9,27,9,26,0.5,15.9
2024,9,27,9,56,0.52,15.9
2024,9,27,10,26,0.5,15.9
2024,9,27,10,56,0.53,16
2024,9,27,11,26,0.5,16
2024,9,27,11,56,0.48,16
2024,9,27,12,26,0.5,16
2024,9,27,12,56,0.52,16
2024,9,27,13,26,0.52,16.1
2024,9,27,13,56,0.51,16
2024,9,27,14,26,0.53,15.9
2024,9,27,14,56,0.43,15.9
2024,9,27,15,26,0.45,16
2024,9,27,15,56,0.48,16.1
2024,9,27,16,26,0.47,16.1
2024,9,27,16,56,0.47,16.2
2024,9,27,17,26,0.43,16.1
2024,9,27,17,56,0.44,16.8
2024,9,27,18,26,0.44,17
2024,9,27,18,56,0.47,17.2
2024,9,27,19,26,0.46,17.2
2024,9,27,19,56,0.49,17.3
2024,9,27,20,26,0.47,17.2
2024,9,27,20,56,0.44,17.2
2024,9,27,21,26,0.47,17.1
2024,9,27,21,56,0.51,17
2024,9,27,22,26,0.5,17
2024,9,27,22,56,0.56,16.8
2024,9,27,23,26,0.52,16.7
2024,9,27,23,56,0.5,16.6
2024,9,28,0,26,0.55,16.4
2024,9,28,0,56,0.54,16.3
2024,9,28,1,26,0.53,16.2
2024,9,28,1,56,0.56,16
2024,9,28,2,26,0.58,15.9
2024,9,28,2,56,0.55,15.8
2024,9,28,3,26,0.55,15.7
2024,9,28,3,56,0.52,15.8
2024,9,28,4,26,0.51,15.8
2024,9,28,4,56,0.52,15.9
2024,9,28,5,26,0.5,15.9
2024,9,28,5,56,0.49,15.9
2024,9,28,6,26,0.48,15.9
2024,9,28,6,56,0.51,15.9
2024,9,28,7,26,0.48,15.9
2024,9,28,7,56,0.48,15.9
2024,9,28,8,26,0.49,15.9
2024,9,28,8,56,0.49,15.9
2024,9,28,9,26,0.47,15.8
2024,9,28,9,56,0.5,15.8
2024,9,28,10,26,0.48,15.8
2024,9,28,10,56,0.45,15.9
2024,9,28,11,26,0.51,16
2024,9,28,11,56,0.46,16.1
2024,9,28,12,26,0.47,16.2
2024,9,28,12,56,0.46,16.4
2024,9,28,13,26,0.5,16.4
2024,9,28,13,56,0.53,16.3
2024,9,28,14,26,0.54,16.4
2024,9,28,14,56,0.45,16.4
2024,9,28,15,26,0.45,16.5
2024,9,28,15,56,0.49,16.6
2024,9,28,16,26,0.49,16.7
2024,9,28,16,56,0.5,16.8
2024,9,28,17,26,0.5,17
2024,9,28,17,56,0.5,17.3
2024,9,28,18,26,0.54,17.5
2024,9,28,18,56,0.53,17.5
2024,9,28,19,26,0.49,17.7
2024,9,28,19,56,0.53,17.8
2024,9,28,20,26,0.52,17.9
2024,9,28,20,56,0.47,17.8
2024,9,28,21,26,0.52,17.6
2024,9,28,21,56,0.58,17.3
2024,9,28,22,26,0.55,17.2
2024,9,28,22,56,0.59,17.1
2024,9,28,23,26,0.64,17
2024,9,28,23,56,0.61,16.9
2024,9,29,0,26,0.61,16.8
2024,9,29,0,56,0.66,16.7
2024,9,29,1,26,0.62,16.6
2024,9,29,1,56,0.66,16.5
2024,9,29,2,26,0.63,16.4
2024,9,29,2,56,0.6,16.3
2024,9,29,3,26,0.61,16.3
2024,9,29,3,56,0.6,16.2
2024,9,29,4,26,0.66,16.1
2024,9,29,4,56,0.56,16.1
2024,9,29,5,26,0.52,16.2
2024,9,29,5,56,0.59,16.1
2024,9,29,6,26,0.48,16.2
2024,9,29,6,56,0.5,16.2
2024,9,29,7,26,0.51,16.2
2024,9,29,7,56,0.53,16.1
2024,9,29,8,26,0.48,16.1
2024,9,29,8,56,0.5,16.1
2024,9,29,9,26,0.48,16.1
2024,9,29,9,56,0.5,16.1
2024,9,29,10,26,0.51,16.2
2024,9,29,10,56,0.54,16.2
2024,9,29,11,26,0.53,16.2
2024,9,29,11,56,0.46,16.2
2024,9,29,12,26,0.5,16.2
2024,9,29,12,56,0.53,16.2
2024,9,29,13,56,0.56,16.2
2024,9,29,14,26,0.53,16.2
2024,9,29,14,56,0.6,16.2
2024,9,29,15,26,0.57,16.3
2024,9,29,15,56,0.59,16.4
2024,9,29,16,26,0.58,16.4
2024,9,29,16,56,0.52,16.5
2024,9,29,17,26,0.52,16.7
2024,9,29,17,56,0.56,16.7
2024,9,29,18,26,0.58,16.9
2024,9,29,18,56,0.53,17
2024,9,29,19,26,0.59,17.1
2024,9,29,19,56,0.55,17.2
2024,9,29,20,26,0.53,17.2
2024,9,29,20,56,0.53,17.1
2024,9,29,21,26,0.53,16.9
2024,9,29,21,56,0.56,16.9
2024,9,29,22,26,0.58,16.8
2024,9,29,22,56,0.61,16.7
2024,9,29,23,26,0.64,16.7
2024,9,29,23,56,0.62,16.6
2024,9,30,0,26,0.63,16.5
2024,9,30,0,56,0.58,16.5
2024,9,30,1,26,0.63,16.4
2024,9,30,1,56,0.61,16.4
2024,9,30,2,26,0.54,16.3
2024,9,30,2,56,0.53,16.3
2024,9,30,3,26,0.52,16.2
2024,9,30,3,56,0.5,16.2
2024,9,30,4,26,0.52,16.2
2024,9,30,4,56,0.49,16.2
2024,9,30,5,26,0.53,16.1
2024,9,30,5,56,0.55,16.1
2024,9,30,6,26,0.57,16.1
2024,9,30,6,56,0.62,16.1
2024,9,30,7,26,0.6,16
2024,9,30,7,56,0.63,16
2024,9,30,8,26,0.6,16
2024,9,30,8,56,0.65,16
2024,9,30,9,26,0.6,16
2024,9,30,9,56,0.63,16
2024,9,30,10,26,0.62,16.1
2024,9,30,10,56,0.66,16.1
2024,9,30,11,26,0.6,16.1
2024,9,30,11,56,0.64,16.2
2024,9,30,12,26,0.66,16.2
2024,9,30,12,56,0.61,16.2
2024,9,30,13,26,0.61,16.3
2024,9,30,13,56,0.61,16.3
2024,9,30,14,26,0.66,16.4
2024,9,30,14,56,0.69,16.6
2024,9,30,15,26,0.65,16.6
2024,9,30,15,56,0.68,16.6
2024,9,30,16,26,0.67,16.7
2024,9,30,16,56,0.66,16.7
2024,9,30,17,26,0.68,16.8
2024,9,30,17,56,0.65,16.9
2024,9,30,18,26,0.61,17.1
2024,9,30,18,56,0.64,17.2
2024,9,30,19,26,0.63,17.5
2024,9,30,19,56,0.6,17.3
2024,9,30,20,26,0.56,17.2
2024,9,30,20,56,0.6,17.2
2024,9,30,21,26,0.55,17.1
2024,9,30,21,56,0.59,17
2024,9,30,22,26,0.58,16.8
2024,9,30,22,56,0.54,16.7
2024,9,30,23,26,0.56,16.6
2024,9,30,23,56,0.61,16.6
2024,10,1,0,26,0.55,16.5
2024,10,1,0,56,0.57,16.5
2024,10,1,1,26,0.57,16.4
2024,10,1,1,56,0.57,16.3
2024,10,1,2,26,0.57,16.3
2024,10,1,2,56,0.58,16.3
2024,10,1,3,26,0.57,16.3
2024,10,1,3,56,0.54,16.3
2024,10,1,4,26,0.57,16.3
2024,10,1,4,56,0.57,16.3
2024,10,1,5,26,0.54,16.2
2024,10,1,5,56,0.55,16.2
2024,10,1,6,26,0.55,16.2
2024,10,1,6,56,0.51,16.2
2024,10,1,7,26,0.54,16.2
2024,10,1,7,56,0.51,16.2
2024,10,1,8,26,0.53,16.2
2024,10,1,8,56,0.52,16.1
2024,10,1,9,26,0.5,16.2
2024,10,1,9,56,0.5,16.2
2024,10,1,10,26,0.51,16.2
2024,10,1,10,56,0.56,16.2
2024,10,1,11,26,0.49,16.2
2024,10,1,11,56,0.51,16.2
2024,10,1,12,26,0.53,16.2
2024,10,1,12,56,0.54,16.2
2024,10,1,13,26,0.53,16.2
2024,10,1,13,56,0.54,16.3
2024,10,1,14,26,0.62,16.3
2024,10,1,14,56,0.55,16.4
2024,10,1,15,26,0.59,16.6
2024,10,1,15,56,0.6,16.6
2024,10,1,16,26,0.55,16.7
2024,10,1,16,56,0.55,16.7
2024,10,1,17,26,0.6,16.7
2024,10,1,17,56,0.55,16.8
2024,10,1,18,26,0.62,16.8
2024,10,1,18,56,0.6,16.8
2024,10,1,19,26,0.6,16.7
2024,10,1,19,56,0.65,16.7
2024,10,1,20,26,0.64,16.7
2024,10,1,20,56,0.63,16.8
2024,10,1,21,26,0.63,16.8
2024,10,1,21,56,0.65,16.9
2024,10,1,22,26,0.68,16.9
2024,10,1,22,56,0.72,16.8
2024,10,1,23,26,0.67,16.7
2024,10,1,23,56,0.72,16.7
2024,10,2,0,26,0.68,16.6
2024,10,2,0,56,0.68,16.6
2024,10,2,1,26,0.66,16.6
2024,10,2,1,56,0.6,16.5
2024,10,2,2,26,0.69,16.5
2024,10,2,2,56,0.64,16.4
2024,10,2,3,26,0.6,16.4
2024,10,2,3,56,0.66,16.4
2024,10,2,4,26,0.65,16.4
2024,10,2,4,56,0.62,16.3
2024,10,2,5,26,0.64,16.3
2024,10,2,5,56,0.61,16.3
2024,10,2,6,26,0.69,16.3
2024,10,2,6,56,0.69,16.3
2024,10,2,7,26,0.69,16.3
2024,10,2,7,56,0.65,16.3
2024,10,2,8,26,0.63,16.3
2024,10,2,8,56,0.63,16.2
2024,10,2,9,26,0.64,16.2
2024,10,2,9,56,0.6,16.3
2024,10,2,10,26,0.64,16.3
2024,10,2,10,56,0.62,16.3
2024,10,2,11,26,0.58,16.3
2024,10,2,11,56,0.59,16.4
2024,10,2,12,26,0.63,16.4
2024,10,2,12,56,0.61,16.4
2024,10,2,13,26,0.59,16.4
2024,10,2,13,56,0.61,16.4
2024,10,2,14,26,0.6,16.5
2024,10,2,14,56,0.66,16.5
2024,10,2,15,26,0.63,16.6
2024,10,2,15,56,0.63,16.6
2024,10,2,16,26,0.62,16.7
2024,10,2,16,56,0.65,16.7
2024,10,2,17,26,0.62,16.8
2024,10,2,17,56,0.63,16.8
2024,10,2,18,26,0.61,16.8
2024,10,2,18,56,0.68,16.8
2024,10,2,19,26,0.63,16.8
2024,10,2,19,56,0.61,16.9
2024,10,2,20,26,0.62,16.9
2024,10,2,20,56,0.56,17
2024,10,2,21,26,0.63,16.9
2024,10,2,21,56,0.61,17
2024,10,2,22,26,0.57,16.9
2024,10,2,22,56,0.66,16.9
2024,10,2,23,26,0.61,16.8
2024,10,2,23,56,0.63,16.7
2024,10,3,0,26,0.64,16.6
2024,10,3,0,56,0.6,16.5
2024,10,3,1,26,0.6,16.5
2024,10,3,1,56,0.57,16.4
2024,10,3,2,26,0.59,16.4
2024,10,3,2,56,0.59,16.4
2024,10,3,3,26,0.58,16.4
2024,10,3,3,56,0.58,16.4
2024,10,3,4,26,0.53,16.4
2024,10,3,4,56,0.62,16.4
2024,10,3,5,26,0.53,16.4
2024,10,3,5,56,0.55,16.4
2024,10,3,6,26,0.53,16.4
2024,10,3,6,56,0.57,16.4
2024,10,3,7,26,0.55,16.4
2024,10,3,7,56,0.52,16.4
2024,10,3,8,26,0.53,16.5
2024,10,3,8,56,0.56,16.5
2024,10,3,9,26,0.59,16.5
2024,10,3,9,56,0.53,16.4
2024,10,3,10,26,0.57,16.5
2024,10,3,10,56,0.58,16.5
2024,10,3,11,26,0.59,16.6
2024,10,3,11,56,0.55,16.6
2024,10,3,12,26,0.56,16.6
2024,10,3,12,56,0.59,16.7
2024,10,3,13,26,0.65,16.8
2024,10,3,13,56,0.64,16.8
2024,10,3,14,26,0.65,16.8
2024,10,3,14,56,0.65,16.8
2024,10,3,15,26,0.67,16.8
2024,10,3,15,56,0.64,16.8
2024,10,3,16,26,0.64,16.7
2024,10,3,16,56,0.68,16.7
2024,10,3,17,26,0.7,16.7
2024,10,3,17,56,0.66,16.7
2024,10,3,18,26,0.66,16.7
2024,10,3,18,56,0.63,16.8
2024,10,3,19,26,0.57,16.8
2024,10,3,19,56,0.66,16.8
2024,10,3,20,26,0.6,16.6
2024,10,3,20,56,0.61,16.9
2024,10,3,21,26,0.63,17.1
2024,10,3,21,56,0.61,16.9
2024,10,3,22,56,0.61,16.9
2024,10,3,23,26,0.56,16.9
2024,10,3,23,56,0.62,16.8
2024,10,4,0,26,0.6,16.8
2024,10,4,0,56,0.61,16.7
2024,10,4,1,26,0.6,16.6
2024,10,4,1,56,0.59,16.6
2024,10,4,2,26,0.65,16.6
2024,10,4,2,56,0.6,16.7
2024,10,4,3,26,0.62,16.7
2024,10,4,3,56,0.65,16.8
2024,10,4,4,26,0.59,16.7
2024,10,4,4,56,0.59,16.8
2024,10,4,5,26,0.63,16.8
2024,10,4,5,56,0.62,16.9
2024,10,4,6,26,0.67,17
2024,10,4,6,56,0.6,17
2024,10,4,7,26,0.6,17
2024,10,4,7,56,0.65,17
2024,10,4,8,26,0.66,17
2024,10,4,8,56,0.67,17
2024,10,4,9,26,0.66,17
2024,10,4,9,56,0.63,17
2024,10,4,10,26,0.59,17
2024,10,4,10,56,0.63,17
2024,10,4,11,26,0.57,17
2024,10,4,11,56,0.55,17
2024,10,4,12,26,0.53,17
2024,10,4,12,56,0.56,17.1
2024,10,4,13,26,0.53,17.1
2024,10,4,13,56,0.59,17
2024,10,4,14,26,0.65,17
2024,10,4,14,56,0.61,17
2024,10,4,15,26,0.68,17
2024,10,4,15,56,0.65,16.9
2024,10,4,16,26,0.54,16.9
2024,10,4,16,56,0.63,17
2024,10,4,17,26,0.61,17
2024,10,4,17,56,0.58,17
2024,10,4,18,26,0.58,17.4
2024,10,4,18,56,0.63,17.6
2024,10,4,19,26,0.59,17.8
2024,10,4,19,56,0.58,17.8
2024,10,4,20,26,0.6,17.7
2024,10,4,20,56,0.64,17.6
2024,10,4,21,26,0.61,17.7
2024,10,4,21,56,0.6,17.8
2024,10,4,22,26,0.56,17.8
2024,10,4,22,56,0.6,17.8
2024,10,4,23,26,0.54,17.8
2024,10,4,23,56,0.55,17.8
2024,10,5,0,26,0.58,17.7
2024,10,5,0,56,0.57,17.7
2024,10,5,1,26,0.56,17.6
2024,10,5,1,56,0.59,17.5
2024,10,5,2,26,0.59,17.4
2024,10,5,2,56,0.6,17.3
2024,10,5,3,26,0.54,17.2
2024,10,5,3,56,0.57,17.2
2024,10,5,4,26,0.59,17.3
2024,10,5,4,56,0.53,17.4
2024,10,5,5,26,0.56,17.4
2024,10,5,5,56,0.56,17.5
2024,10,5,6,26,0.53,17.5
2024,10,5,6,56,0.57,17.6
2024,10,5,7,26,0.59,17.6
2024,10,5,7,56,0.63,17.6
2024,10,5,8,26,0.64,17.6
2024,10,5,8,56,0.56,17.6
2024,10,5,9,26,0.53,17.6
2024,10,5,9,56,0.54,17.6
2024,10,5,10,26,0.55,17.6
2024,10,5,10,56,0.53,17.6
2024,10,5,11,26,0.6,17.6
2024,10,5,11,56,0.58,17.8
2024,10,5,12,26,0.58,17.8
2024,10,5,12,56,0.53,17.8
2024,10,5,13,26,0.56,17.8
2024,10,5,13,56,0.6,17.8
2024,10,5,14,26,0.51,17.7
2024,10,5,14,56,0.5,17.9
2024,10,5,15,26,0.53,17.9
2024,10,5,15,56,0.59,17.9
2024,10,5,16,26,0.52,17.9
2024,10,5,16,56,0.54,18
2024,10,5,17,26,0.5,18
2024,10,5,17,56,0.54,18
2024,10,5,18,26,0.59,18
2024,10,5,18,56,0.54,18
2024,10,5,19,26,0.57,18
2024,10,5,19,56,0.59,18.1
2024,10,5,20,26,0.63,18
2024,10,5,20,56,0.68,17.9
2024,10,5,21,26,0.68,17.9
2024,10,5,21,56,0.72,18
2024,10,5,22,26,0.68,18
2024,10,5,22,56,0.72,17.9
2024,10,5,23,26,0.74,17.8
2024,10,5,23,56,0.81,17.8
2024,10,6,0,26,0.74,17.7
2024,10,6,0,56,0.67,17.7
2024,10,6,1,26,0.66,17.6
2024,10,6,1,56,0.73,17.6
2024,10,6,2,26,0.74,17.6
2024,10,6,2,56,0.77,17.6
2024,10,6,3,26,0.69,17.6
2024,10,6,3,56,0.69,17.5
2024,10,6,4,26,0.67,17.5
2024,10,6,4,56,0.65,17.5
2024,10,6,5,26,0.63,17.5
2024,10,6,5,56,0.69,17.5
2024,10,6,6,26,0.67,17.5
2024,10,6,6,56,0.67,17.5
2024,10,6,7,26,0.64,17.5
2024,10,6,7,56,0.74,17.5
2024,10,6,8,26,0.66,17.5
2024,10,6,8,56,0.67,17.5
2024,10,6,9,26,0.64,17.5
2024,10,6,9,56,0.61,17.5
2024,10,6,10,26,0.67,17.5
2024,10,6,10,56,0.65,17.5
2024,10,6,11,26,0.66,17.5
2024,10,6,11,56,0.62,17.5
2024,10,6,12,26,0.59,17.5
2024,10,6,12,56,0.64,17.5
2024,10,6,13,26,0.61,17.5
2024,10,6,13,56,0.69,17.5
2024,10,6,14,26,0.59,17.4
2024,10,6,14,56,0.6,17.4
2024,10,6,15,26,0.58,17.4
2024,10,6,15,56,0.57,17.4
2024,10,6,16,26,0.59,17.5
2024,10,6,16,56,0.62,17.7
2024,10,6,17,26,0.57,17.8
2024,10,6,17,56,0.58,17.8
2024,10,6,18,26,0.56,17.9
2024,10,6,18,56,0.58,17.9
2024,10,6,19,26,0.6,17.9
2024,10,6,19,56,0.62,17.9
2024,10,6,20,26,0.7,17.9
2024,10,6,20,56,0.72,17.9
2024,10,6,21,26,0.72,17.8
2024,10,6,21,56,0.72,17.8
2024,10,6,22,26,0.71,17.7
2024,10,6,22,56,0.66,17.7
2024,10,6,23,26,0.66,17.7
2024,10,6,23,56,0.7,17.7
2024,10,7,0,26,0.73,17.7
2024,10,7,0,56,0.65,17.6
2024,10,7,1,26,0.7,17.6
2024,10,7,1,56,0.69,17.5
2024,10,7,2,26,0.65,17.5
2024,10,7,2,56,0.68,17.4
2024,10,7,3,26,0.62,17.3
2024,10,7,3,56,0.64,17.3
2024,10,7,4,26,0.62,17.3
2024,10,7,4,56,0.56,17.3
2024,10,7,5,26,0.56,17.3
2024,10,7,5,56,0.51,17.3
2024,10,7,6,26,0.52,17.3
2024,10,7,6,56,0.5,17.3
2024,10,7,7,26,0.54,17.3
2024,10,7,7,56,0.53,17.3
2024,10,7,8,26,0.56,17.4
2024,10,7,8,56,0.61,17.4
2024,10,7,9,26,0.56,17.4
2024,10,7,9,56,0.48,17.4
2024,10,7,10,26,0.55,17.4
2024,10,7,10,56,0.53,17.4
2024,10,7,11,26,0.52,17.4
2024,10,7,11,56,0.56,17.5
2024,10,7,12,26,0.57,17.5
2024,10,7,12,56,0.53,17.5
2024,10,7,13,26,0.5,17.5
2024,10,7,13,56,0.51,17.4
2024,10,7,14,26,0.57,17.4
2024,10,7,14,56,0.47,17.4
2024,10,7,15,26,0.49,17.4
2024,10,7,15,56,0.48,17.5
2024,10,7,16,26,0.5,17.5
2024,10,7,16,56,0.48,17.6
2024,10,7,17,26,0.44,17.5
2024,10,7,17,56,0.49,17.5
2024,10,7,18,26,0.48,17.6
2024,10,7,18,56,0.5,17.6
2024,10,7,19,26,0.49,17.7
2024,10,7,19,56,0.49,17.7
2024,10,7,20,26,0.49,17.7
2024,10,7,20,56,0.51,17.7
2024,10,7,21,26,0.53,17.7
2024,10,7,21,56,0.6,17.6
2024,10,7,22,26,0.62,17.6
2024,10,7,22,56,0.62,17.5
2024,10,7,23,26,0.57,17.5
2024,10,7,23,56,0.65,17.4
2024,10,8,0,26,0.59,17.4
2024,10,8,0,56,0.6,17.3
2024,10,8,1,26,0.57,17.3
2024,10,8,1,56,0.55,17.3
2024,10,8,2,26,0.57,17.3
2024,10,8,2,56,0.53,17.2
2024,10,8,3,26,0.51,17.1
2024,10,8,3,56,0.57,17
2024,10,8,4,26,0.55,16.9
2024,10,8,4,56,0.51,16.9
2024,10,8,5,26,0.51,16.9
2024,10,8,5,56,0.47,16.8
2024,10,8,6,26,0.45,16.8
2024,10,8,6,56,0.5,16.8
2024,10,8,7,26,0.51,16.8
2024,10,8,7,56,0.47,16.7
2024,10,8,8,26,0.45,16.7
2024,10,8,8,56,0.44,16.8
2024,10,8,9,26,0.41,16.8
2024,10,8,9,56,0.45,16.8
2024,10,8,10,26,0.45,16.8
2024,10,8,10,56,0.48,16.8
2024,10,8,11,26,0.45,16.7
2024,10,8,11,56,0.41,16.7
2024,10,8,12,26,0.38,16.7
2024,10,8,12,56,0.43,16.8
2024,10,8,13,26,0.43,16.8
2024,10,8,13,56,0.47,16.8
2024,10,8,14,26,0.45,16.9
2024,10,8,14,56,0.47,16.8
2024,10,8,15,26,0.44,16.8
2024,10,8,15,56,0.43,16.9
2024,10,8,16,26,0.5,16.9
2024,10,8,16,56,0.47,16.9
2024,10,8,17,26,0.47,17
2024,10,8,17,56,0.46,17.1
2024,10,8,18,26,0.48,17.1
2024,10,8,18,56,0.46,17.1
2024,10,8,19,26,0.48,17.2
2024,10,8,19,56,0.53,17.2
2024,10,8,20,26,0.53,17.2
2024,10,8,20,56,0.56,17.3
2024,10,8,21,26,0.6,17.3
2024,10,8,21,56,0.58,17.3
2024,10,8,22,26,0.59,17.3
2024,10,8,22,56,0.58,17.3
2024,10,8,23,26,0.55,17.1
2024,10,8,23,56,0.54,17
2024,10,9,0,26,0.6,16.9
2024,10,9,0,56,0.57,16.8
2024,10,9,1,26,0.49,16.7
2024,10,9,1,56,0.5,16.7
2024,10,9,2,26,0.53,16.7
2024,10,9,2,56,0.6,16.7
2024,10,9,3,26,0.52,16.6
2024,10,9,3,56,0.54,16.6
2024,10,9,4,26,0.54,16.6
2024,10,9,4,56,0.52,16.5
2024,10,9,5,26,0.48,16.5
2024,10,9,5,56,0.47,16.4
2024,10,9,6,26,0.5,16.4
2024,10,9,6,56,0.54,16.4
2024,10,9,7,26,0.5,16.4
2024,10,9,7,56,0.51,16.3
2024,10,9,8,26,0.5,16.4
2024,10,9,8,56,0.53,16.4
2024,10,9,9,26,0.53,16.4
2024,10,9,9,56,0.48,16.4
2024,10,9,10,26,0.58,16.4
2024,10,9,10,56,0.49,16.4
2024,10,9,11,26,0.57,16.4
2024,10,9,11,56,0.52,16.4
2024,10,9,12,26,0.57,16.3
2024,10,9,12,56,0.61,16.3
2024,10,9,13,26,0.53,16.3
2024,10,9,13,56,0.6,16.4
2024,10,9,14,26,0.53,16.4
2024,10,9,18,26,0.6,16.8
2024,10,9,18,56,0.65,16.9
2024,10,9,19,26,0.68,17
2024,10,9,19,56,0.61,17
2024,10,9,20,26,0.57,17.1
2024,10,9,20,56,0.57,17.1
2024,10,9,21,26,0.6,17.1
2024,10,9,21,56,0.65,17
2024,10,9,22,26,0.62,17
2024,10,9,22,56,0.72,17
2024,10,9,23,26,0.71,16.9
2024,10,9,23,56,0.76,16.9
2024,10,10,0,26,0.7,16.9
2024,10,10,0,56,0.77,16.9
2024,10,10,1,26,0.7,16.8
2024,10,10,1,56,0.62,16.7
2024,10,10,2,26,0.65,16.7
2024,10,10,2,56,0.64,16.7
2024,10,10,3,26,0.59,16.7
2024,10,10,3,56,0.62,16.8
2024,10,10,4,26,0.59,16.9
2024,10,10,4,56,0.64,16.8
2024,10,10,5,26,0.66,16.8
2024,10,10,5,56,0.61,16.8
2024,10,10,6,26,0.62,16.8
2024,10,10,6,56,0.68,16.8
2024,10,10,7,26,0.56,16.8
2024,10,10,7,56,0.58,16.8
2024,10,10,8,26,0.55,16.8
2024,10,10,8,56,0.62,16.8
2024,10,10,9,26,0.62,16.8
2024,10,10,9,56,0.56,16.8
2024,10,10,10,26,0.66,16.7
2024,10,10,10,56,0.64,16.7
2024,10,10,11,26,0.73,16.7
2024,10,10,11,56,0.7,16.7
2024,10,10,12,26,0.7,16.7
2024,10,10,12,56,0.69,16.7
2024,10,10,13,26,0.75,16.7
2024,10,10,13,56,0.66,16.7
2024,10,10,14,26,0.68,16.7
2024,10,10,14,56,0.68,16.7
2024,10,10,15,56,0.67,16.6
2024,10,10,16,26,0.64,16.7
2024,10,10,16,56,0.61,16.7
2024,10,10,17,26,0.66,16.7
2024,10,10,17,56,0.74,16.8
2024,10,10,18,26,0.61,16.9
2024,10,10,18,56,0.62,16.9
2024,10,10,19,26,0.59,17.2
2024,10,10,19,56,0.81,16.9
2024,10,10,20,26,0.75,17.3
2024,10,10,20,56,0.71,17.3
2024,10,10,21,26,0.71,17.4
2024,10,10,21,56,0.71,17.4
2024,10,10,22,26,0.65,17.4
2024,10,10,22,56,0.68,17.4
2024,10,10,23,26,0.65,17.2
2024,10,10,23,56,0.71,17.2
2024,10,11,0,26,0.73,17.1
2024,10,11,0,56,0.71,17
2024,10,11,1,26,0.77,16.9
2024,10,11,1,56,0.79,16.9
2024,10,11,2,26,0.68,16.9
2024,10,11,2,56,0.72,16.9
2024,10,11,3,26,0.68,16.9
2024,10,11,3,56,0.67,16.8
2024,10,11,4,26,0.76,16.8
2024,10,11,4,56,0.73,16.8
2024,10,11,5,26,0.7,16.8
2024,10,11,5,56,0.76,16.8
2024,10,11,6,26,0.7,16.8
2024,10,11,6,56,0.72,16.8
2024,10,11,7,26,0.75,16.8
2024,10,11,7,56,0.74,16.8
2024,10,11,8,26,0.72,16.8
2024,10,11,8,56,0.65,16.8
2024,10,11,9,26,0.72,16.7
2024,10,11,9,56,0.66,16.7
2024,10,11,10,26,0.67,16.8
2024,10,11,10,56,0.65,16.8
2024,10,11,11,26,0.53,16.8
2024,10,11,11,56,0.72,16.8
2024,10,11,12,26,0.64,16.8
2024,10,11,12,56,0.68,16.8
2024,10,11,13,26,0.67,16.8
2024,10,11,13,56,0.73,16.8
2024,10,11,14,26,0.68,16.9
2024,10,11,14,56,0.62,16.9
2024,10,11,15,26,0.69,16.9
2024,10,11,15,56,0.73,16.9
2024,10,11,16,26,0.67,17
2024,10,11,16,56,0.62,17
2024,10,11,17,26,0.62,17
2024,10,11,17,56,0.62,17
2024,10,11,18,26,0.66,17.1
2024,10,11,18,56,0.71,17.2
2024,10,11,19,26,0.59,17.2
2024,10,11,19,56,0.66,17.3
2024,10,11,20,26,0.7,17.2
2024,10,11,20,56,0.82,17.2
2024,10,11,21,26,0.8,17.2
2024,10,11,21,56,0.72,17.3
2024,10,11,22,26,0.83,17.2
2024,10,11,22,56,0.81,17.1
2024,10,11,23,26,0.75,17.1
2024,10,11,23,56,0.91,17
2024,10,12,0,26,0.82,17
2024,10,12,0,56,0.84,16.9
2024,10,12,1,26,0.82,16.8
2024,10,12,1,56,0.7,16.9
2024,10,12,2,26,0.79,16.9
2024,10,12,2,56,0.8,16.8
2024,10,12,3,26,0.75,16.8
2024,10,12,3,56,0.69,16.8
2024,10,12,4,26,0.72,16.8
2024,10,12,4,56,0.72,16.8
2024,10,12,5,26,0.67,16.8
2024,10,12,5,56,0.65,16.8
2024,10,12,6,26,0.74,16.8
2024,10,12,6,56,0.67,16.8
2024,10,12,7,26,0.73,16.8
2024,10,12,7,56,0.72,16.7
2024,10,12,8,26,0.74,16.7
2024,10,12,8,56,0.7,16.7
2024,10,12,9,26,0.69,16.7
2024,10,12,9,56,0.66,16.7
2024,10,12,10,26,0.66,16.7
2024,10,12,10,56,0.68,16.7
2024,10,12,11,26,0.75,16.7
2024,10,12,11,56,0.73,16.7
2024,10,12,12,26,0.68,16.7
2024,10,12,12,56,0.66,16.7
2024,10,12,13,26,0.63,16.7
2024,10,12,13,56,0.69,16.7
2024,10,12,14,26,0.7,16.7
2024,10,12,14,56,0.67,16.7
2024,10,12,15,26,0.73,16.7
2024,10,12,15,56,0.68,16.7
2024,10,12,16,26,0.66,16.8
2024,10,12,16,56,0.61,16.8
2024,10,12,17,26,0.69,17.1
2024,10,12,17,56,0.7,17.3
2024,10,12,18,26,0.72,17.4
2024,10,12,18,56,0.63,17.4
2024,10,12,19,26,0.72,17.4
2024,10,12,19,56,0.85,17.4
2024,10,12,20,26,0.77,17.3
2024,10,12,20,56,0.87,17.5
2024,10,12,21,26,0.76,17.4
2024,10,12,21,56,0.87,17.3
2024,10,12,22,26,0.83,17.2
2024,10,12,22,56,0.75,17.1
2024,10,12,23,26,0.8,17.1
2024,10,12,23,56,0.85,17
2024,10,13,0,26,0.78,16.8
2024,10,13,0,56,0.77,16.8
2024,10,13,1,26,0.92,16.7
2024,10,13,1,56,0.84,16.6
2024,10,13,2,26,0.86,16.5
2024,10,13,2,56,0.78,16.5
2024,10,13,3,26,0.85,16.5
2024,10,13,3,56,0.83,16.6
2024,10,13,4,26,0.76,16.6
2024,10,13,4,56,0.79,16.7
2024,10,13,5,26,0.75,16.7
2024,10,13,5,56,1,16.6
2024,10,13,6,26,0.87,16.6
2024,10,13,6,56,0.82,16.6
2024,10,13,7,26,0.92,16.6
2024,10,13,7,56,0.77,16.6
2024,10,13,8,26,0.69,16.6
2024,10,13,8,56,0.75,16.6
2024,10,13,9,26,0.84,16.6
2024,10,13,9,56,0.84,16.5
2024,10,13,10,26,0.99,16.5
2024,10,13,10,56,0.79,16.5
2024,10,13,11,26,0.96,16.5
2024,10,13,11,56,0.85,16.5
2024,10,13,12,26,0.86,16.5
2024,10,13,12,56,0.89,16.5
2024,10,13,13,26,0.89,16.5
2024,10,13,13,56,0.88,16.5
2024,10,13,14,26,0.88,16.6
2024,10,13,14,56,0.9,16.6
2024,10,13,15,26,0.83,16.7
2024,10,13,15,56,0.79,17
2024,10,13,16,26,0.96,17.1
2024,10,13,16,56,0.97,17.2
2024,10,13,17,26,0.99,17.3
2024,10,13,17,56,0.93,17.4
2024,10,13,18,26,0.9,17.5
2024,10,13,18,56,0.84,17.5
2024,10,13,19,26,0.85,17.7
2024,10,13,19,56,0.79,17.9
2024,10,13,20,26,1.08,18
2024,10,13,20,56,0.85,18
2024,10,13,21,26,1.18,18.2
2024,10,13,21,56,1.08,18.3
2024,10,13,22,26,0.94,18.2
2024,10,13,22,56,0.89,18.1
2024,10,13,23,26,0.97,18.1
2024,10,13,23,56,0.91,17.8
2024,10,14,0,26,1.09,17.6
2024,10,14,0,56,0.86,17.3
2024,10,14,1,26,1.07,17.1
2024,10,14,1,56,1.1,17
2024,10,14,2,26,0.95,16.9
2024,10,14,2,56,1.13,16.9
2024,10,14,3,26,1.22,16.8
2024,10,14,3,56,1.21,16.8
2024,10,14,4,26,0.95,16.8
2024,10,14,4,56,1.12,16.7
2024,10,14,5,26,1.11,16.7
2024,10,14,5,56,1.04,16.7
2024,10,14,6,26,0.95,16.7
2024,10,14,6,56,0.91,16.7
2024,10,14,7,26,0.96,16.6
2024,10,14,7,56,0.98,16.7
2024,10,14,8,26,0.97,16.7
2024,10,14,8,56,0.92,16.7
2024,10,14,9,26,0.92,16.7
2024,10,14,9,56,1.12,17.3
2024,10,14,10,26,1.1,17.2
2024,10,14,10,56,1.35,17.1
2024,10,14,11,26,0.99,17.1
2024,10,14,11,56,1.11,17.1
2024,10,14,12,26,1.28,17.2
2024,10,14,12,56,1.08,17.2
2024,10,14,13,26,1.06,17.2
2024,10,14,13,56,1.12,17.1
2024,10,14,14,26,1.16,17.1
2024,10,14,14,56,1.25,17.1
2024,10,14,15,26,1.19,17
2024,10,14,15,56,1.11,17
2024,10,14,16,26,1.06,17
2024,10,14,16,56,1.13,17
2024,10,14,17,26,1.21,17.1
2024,10,14,17,56,1.28,17.2
2024,10,14,18,26,1.05,17.4
2024,10,14,18,56,1.01,17.5
2024,10,14,19,26,1.19,17.8
2024,10,14,19,56,1.2,18.1
2024,10,14,20,26,1.15,18.2
2024,10,14,20,56,1.2,18.4
2024,10,14,21,26,1.18,18.4
2024,10,14,21,56,1.11,18.4
2024,10,14,22,26,1.18,18.4
2024,10,14,22,56,1.18,18.4
2024,10,14,23,26,1.22,18.5
2024,10,14,23,56,1.28,18.4
2024,10,15,0,26,1.14,18.3
2024,10,15,0,56,1.24,18.3
2024,10,15,1,26,1.18,18.3
2024,10,15,1,56,1.15,18.2
2024,10,15,2,26,1.31,18
2024,10,15,2,56,1.34,17.9
2024,10,15,3,26,1.39,17.9
2024,10,15,3,56,1.22,17.9
2024,10,15,4,26,1.03,17.7
2024,10,15,4,56,1,17.3
2024,10,15,5,26,1.03,17.2
2024,10,15,5,56,1.09,17.2
2024,10,15,6,26,1.07,17.1
2024,10,15,6,56,0.92,17.1
2024,10,15,7,26,0.94,18.3
2024,10,15,7,56,0.86,18.3
2024,10,15,8,26,0.86,18.3
2024,10,15,8,56,0.98,18.3
2024,10,15,9,26,0.95,18.3
2024,10,15,9,56,0.92,18.3
2024,10,15,10,26,0.89,18.2
2024,10,15,10,56,1.06,18.2
2024,10,15,11,26,1.02,18.2
2024,10,15,11,56,0.85,18.2
2024,10,15,12,26,0.81,18.2
2024,10,15,12,56,0.87,18.2
2024,10,15,13,26,0.87,18.1
2024,10,15,13,56,0.87,18.1
2024,10,15,14,26,0.88,18
2024,10,15,14,56,0.95,18.1
2024,10,15,15,26,0.87,18.1
2024,10,15,15,56,0.9,18
2024,10,15,16,26,0.9,18.1
2024,10,15,16,56,0.97,18.1
2024,10,15,17,26,1,18.1
2024,10,15,17,56,0.88,18.1
2024,10,15,18,26,1,18.1
2024,10,15,18,56,0.92,18.2
2024,10,15,19,26,1.1,18.1
2024,10,15,19,56,1.03,18.2
2024,10,15,20,26,1.18,18.3
2024,10,15,20,56,1.06,18.3
2024,10,15,21,26,1.07,18.5
2024,10,15,21,56,1.05,18.5
2024,10,15,22,26,1.07,18.4
2024,10,15,22,56,1.08,18.4
2024,10,15,23,26,0.95,18.3
2024,10,15,23,56,1.23,18.3
2024,10,16,0,26,0.99,18.3
2024,10,16,0,56,1.08,18.3
2024,10,16,1,26,1.03,18.3
2024,10,16,1,56,0.94,18.3
2024,10,16,2,26,1.07,18.2
2024,10,16,2,56,1.02,18.1
2024,10,16,3,26,1.02,18.1
2024,10,16,3,56,1.04,18
2024,10,16,4,26,0.95,18
2024,10,16,4,56,0.92,17.9
2024,10,16,5,26,0.89,18
2024,10,16,5,56,0.88,18
2024,10,16,6,26,0.91,18
2024,10,16,6,56,0.91,18
2024,10,16,7,26,0.85,18
2024,10,16,7,56,0.99,18
2024,10,16,8,26,0.76,18
2024,10,16,8,56,0.78,17.9
2024,10,16,9,26,0.88,18.1
2024,10,16,9,56,0.89,18.1
2024,10,16,10,26,0.79,18.1
2024,10,16,10,56,0.92,18.1
2024,10,16,11,26,0.74,18.1
2024,10,16,11,56,0.8,18.1
2024,10,16,12,26,0.92,18.1
2024,10,16,12,56,0.75,18.1
2024,10,16,13,26,0.94,18.1
2024,10,16,13,56,0.93,18.1
2024,10,16,14,26,0.89,18.1
2024,10,16,14,56,0.74,18.1
2024,10,16,15,26,0.68,18
2024,10,16,15,56,0.93,18.1
2024,10,16,16,26,0.98,18.1
2024,10,16,16,56,0.92,18.2
2024,10,16,17,26,0.9,18.2
2024,10,16,17,56,1.03,18.2
2024,10,16,18,26,0.94,18.2
2024,10,16,18,56,0.88,18.2
2024,10,16,19,26,0.96,18.3
2024,10,16,19,56,0.92,18.3
2024,10,16,20,26,0.88,18.3
2024,10,16,20,56,0.88,18.3
2024,10,16,21,26,0.84,18.3
2024,10,16,21,56,0.93,18.3
2024,10,16,22,26,0.81,18.3
2024,10,16,22,56,0.88,18.3
2024,10,16,23,26,0.88,18.3
2024,10,16,23,56,0.87,18.3
2024,10,17,0,26,0.92,18.2
2024,10,17,0,56,0.93,18.3
2024,10,17,1,26,0.92,18.2
2024,10,17,1,56,0.93,18.2
2024,10,17,2,26,1,18.1
2024,10,17,2,56,0.85,18.1
2024,10,17,3,26,0.77,18.1
2024,10,17,3,56,0.96,18.1
2024,10,17,4,26,0.78,18
2024,10,17,4,56,0.92,18.1
2024,10,17,5,26,0.98,18.1
2024,10,17,5,56,0.97,18
2024,10,17,6,26,0.93,18.1
2024,10,17,6,56,0.8,18
2024,10,17,7,26,0.89,18
2024,10,17,7,56,0.85,18
2024,10,17,8,26,0.98,18
2024,10,17,8,56,0.81,18.1
2024,10,17,9,26,0.74,18.1
2024,10,17,9,56,0.82,18.2
2024,10,17,10,26,0.82,18.1
2024,10,17,10,56,0.66,18.1
2024,10,17,11,26,0.81,18.3
2024,10,17,11,56,0.77,18.3
2024,10,17,12,26,0.83,18.2
2024,10,17,12,56,0.86,18.2
2024,10,17,13,26,0.83,18.2
2024,10,17,13,56,0.74,18.2
2024,10,17,14,26,0.83,18.2
2024,10,17,14,56,0.69,18.2
2024,10,17,15,26,0.87,18.2
2024,10,17,15,56,0.78,18.2
2024,10,17,16,26,0.86,18.2
2024,10,17,16,56,0.82,18.2
2024,10,17,17,26,0.95,18.2
2024,10,17,17,56,0.81,18.3
2024,10,17,18,26,0.9,18.4
2024,10,17,18,56,0.78,18.5
2024,10,17,19,26,0.79,18.5
2024,10,17,19,56,0.84,18.6
2024,10,17,20,26,0.72,18.5
2024,10,17,20,56,0.91,18.5
2024,10,17,21,26,0.77,18.5
2024,10,17,21,56,0.76,18.6
2024,10,17,22,26,0.69,18.7
2024,10,17,22,56,0.79,18.6
2024,10,17,23,26,0.8,18.5
2024,10,18,0,26,0.74,18.4
2024,10,18,1,26,0.77,18.2
2024,10,18,1,56,0.71,18.1
2024,10,18,2,56,0.82,17.9
2024,10,18,3,26,0.79,17.8
2024,10,18,3,56,0.78,17.8
2024,10,18,4,26,0.75,17.7
2024,10,18,4,56,0.84,17.7
2024,10,18,5,26,0.83,17.8
2024,10,18,5,56,0.89,17.8
2024,10,18,6,26,0.89,17.8
2024,10,18,6,56,0.98,17.8
2024,10,18,7,26,0.92,17.7
2024,10,18,7,56,0.97,17.7
2024,10,18,8,26,0.98,17.7
2024,10,18,8,56,1.02,17.7
2024,10,18,9,26,1.04,17.7
2024,10,18,9,56,0.98,17.7
2024,10,18,10,26,0.92,17.7
2024,10,18,10,56,0.96,17.7
2024,10,18,11,26,0.92,17.7
2024,10,18,11,56,0.92,17.8
2024,10,18,12,26,0.91,17.7
2024,10,18,12,56,0.89,17.7
2024,10,18,13,26,1,17.7
2024,10,18,13,56,1,17.7
2024,10,18,14,26,0.91,17.7
2024,10,18,14,56,0.88,17.7
2024,10,18,15,26,0.86,17.7
2024,10,18,15,56,0.92,17.7
2024,10,18,16,26,0.86,17.7
2024,10,18,16,56,0.81,17.8
2024,10,18,17,26,0.91,18
2024,10,18,17,56,0.77,18.1
2024,10,18,18,26,0.83,18.2
2024,10,18,18,56,0.75,18.3
2024,10,18,19,26,0.82,18.5
2024,10,18,19,56,0.76,18.3
2024,10,18,20,26,0.78,18.3
2024,10,18,20,56,0.8,18.2
2024,10,18,21,26,0.82,18.4
2024,10,18,21,56,0.81,18.5
2024,10,18,22,26,0.85,18.5
2024,10,18,22,56,0.88,18.5
2024,10,18,23,26,0.89,18.2
2024,10,18,23,56,0.84,18.2
2024,10,19,0,26,0.91,18.1
2024,10,19,0,56,0.85,18
2024,10,19,1,26,0.96,17.9
2024,10,19,1,56,1.01,17.9
2024,10,19,2,26,1.03,17.9
2024,10,19,2,56,0.99,17.9
2024,10,19,3,26,0.98,17.8
2024,10,19,3,56,1.08,17.7
2024,10,19,4,26,0.95,17.7
2024,10,19,4,56,1.01,17.7
2024,10,19,5,26,0.88,17.6
2024,10,19,5,56,0.91,17.6
2024,10,19,6,26,0.93,17.5
2024,10,19,6,56,0.87,17.6
2024,10,19,7,26,0.81,17.5
2024,10,19,7,56,0.79,17.5
2024,10,19,8,26,0.78,17.5
2024,10,19,8,56,0.79,17.5
2024,10,19,9,26,0.77,17.5
2024,10,19,9,56,0.81,17.5
2024,10,19,10,26,0.77,17.5
2024,10,19,10,56,0.71,17.5
2024,10,19,11,26,0.68,17.5
2024,10,19,11,56,0.71,17.5
2024,10,19,12,26,0.64,17.5
2024,10,19,12,56,0.64,17.5
2024,10,19,13,26,0.67,17.5
2024,10,19,13,56,0.63,17.5
2024,10,19,14,26,0.66,17.5
2024,10,19,14,56,0.69,17.6
2024,10,19,15,26,0.64,17.6
2024,10,19,15,56,0.7,17.6
2024,10,19,16,26,0.65,17.7
2024,10,19,16,56,0.61,17.8
2024,10,19,17,26,0.68,17.9
2024,10,19,17,56,0.63,18.1
2024,10,19,18,26,0.6,18.2
2024,10,19,18,56,0.61,18.5
2024,10,19,19,26,0.56,18.5
2024,10,19,19,56,0.62,18.4
2024,10,19,20,26,0.58,18.5
2024,10,19,20,56,0.61,18.4
2024,10,19,21,26,0.65,18.4
2024,10,19,21,56,0.64,18.4
2024,10,19,22,26,0.6,18.5
2024,10,19,22,56,0.59,18.4
2024,10,19,23,26,0.54,18.4
2024,10,19,23,56,0.62,18.5
2024,10,20,0,26,0.59,18.3
2024,10,20,0,56,0.6,18.1
2024,10,20,1,26,0.58,18
2024,10,20,1,56,0.6,18
2024,10,20,2,26,0.64,18
2024,10,20,2,56,0.61,17.8
2024,10,20,3,26,0.56,17.6
2024,10,20,3,56,0.55,17.5
2024,10,20,4,26,0.55,17.8
2024,10,20,4,56,0.56,18
2024,10,20,5,26,0.56,18.3
2024,10,20,5,56,0.53,18.3
2024,10,20,6,26,0.57,18.3
2024,10,20,6,56,0.58,18.2
2024,10,20,7,26,0.6,18.1
2024,10,20,7,56,0.54,18.1
2024,10,20,8,26,0.51,18.1
2024,10,20,8,56,0.54,18.1
2024,10,20,9,26,0.54,18.1
2024,10,20,9,56,0.54,18.1
2024,10,20,10,26,0.58,18.1
2024,10,20,10,56,0.57,18.1
2024,10,20,11,26,0.55,18.1
2024,10,20,11,56,0.53,18.1
2024,10,20,12,26,0.52,18.1
2024,10,20,12,56,0.5,18.1
2024,10,20,13,26,0.52,18
2024,10,20,13,56,0.45,18
2024,10,20,14,26,0.47,18
2024,10,20,14,56,0.44,18.1
2024,10,20,15,26,0.44,18
2024,10,20,15,56,0.46,18
2024,10,20,16,26,0.44,18
2024,10,20,16,56,0.44,18
2024,10,20,17,26,0.45,18.1
2024,10,20,17,56,0.47,18.2
2024,10,20,18,26,0.45,18.4
2024,10,20,18,56,0.45,18.9
2024,10,20,19,26,0.44,19.1
2024,10,20,19,56,0.42,19
2024,10,20,20,26,0.42,18.9
2024,10,20,20,56,0.45,18.8
2024,10,20,21,26,0.47,18.7
2024,10,20,21,56,0.54,18.6
2024,10,20,22,26,0.51,18.5
2024,10,20,22,56,0.48,18.3
2024,10,20,23,26,0.51,18
2024,10,20,23,56,0.5,17.9
2024,10,21,0,26,0.49,17.6
2024,10,21,0,56,0.47,17.6
2024,10,21,1,26,0.47,17.6
2024,10,21,1,56,0.44,17.4
2024,10,21,2,26,0.42,17.3
2024,10,21,2,56,0.42,17.5
2024,10,21,3,26,0.4,17.4
2024,10,21,3,56,0.37,17.5
2024,10,21,4,26,0.38,17.4
2024,10,21,4,56,0.42,17.3
2024,10,21,5,26,0.38,17.2
2024,10,21,5,56,0.36,17.1
2024,10,21,6,26,0.39,17.2
2024,10,21,6,56,0.37,17.3
2024,10,21,7,26,0.4,17.2
2024,10,21,7,56,0.46,17.2
2024,10,21,8,26,0.41,17.1
2024,10,21,8,56,0.42,17
2024,10,21,9,26,0.41,16.9
2024,10,21,9,56,0.4,17
2024,10,21,10,26,0.41,16.9
2024,10,21,10,56,0.41,16.9
2024,10,21,11,26,0.43,16.8
2024,10,21,11,56,0.43,16.7
2024,10,21,12,26,0.43,16.7
2024,10,21,12,56,0.41,16.8
2024,10,21,13,26,0.41,17
2024,10,21,13,56,0.44,16.9
2024,10,21,14,26,0.41,16.8
2024,10,21,14,56,0.43,16.7
2024,10,21,15,26,0.42,16.7
2024,10,21,15,56,0.43,16.7
2024,10,21,16,26,0.44,17
2024,10,21,16,56,0.43,17.2
2024,10,21,17,26,0.43,17.2
2024,10,21,17,56,0.41,17
2024,10,21,18,26,0.42,17.1
2024,10,21,18,56,0.46,17.1
2024,10,21,19,26,0.42,16.9
2024,10,21,19,56,0.49,16.8
2024,10,21,20,56,0.55,16.7
2024,10,21,21,26,0.58,16.8
2024,10,21,21,56,0.59,17.1
2024,10,21,22,26,0.63,17
2024,10,21,22,56,0.59,16.9
2024,10,21,23,26,0.6,17
2024,10,21,23,56,0.63,17
2024,10,22,0,26,0.68,16.9
2024,10,22,0,56,0.63,16.9
2024,10,22,1,26,0.68,16.8
2024,10,22,1,56,0.6,16.7
2024,10,22,2,26,0.56,16.6
2024,10,22,2,56,0.58,16.6
2024,10,22,3,26,0.54,16.5
2024,10,22,3,56,0.73,16.4
2024,10,22,4,26,0.61,16.4
2024,10,22,4,56,0.67,16.4
2024,10,22,5,26,0.55,16.4
2024,10,22,5,56,0.57,16.4
2024,10,22,6,26,0.6,16.5
2024,10,22,6,56,0.6,16.5
2024,10,22,7,26,0.58,16.5
2024,10,22,7,56,0.61,16.6
2024,10,22,8,26,0.6,16.6
2024,10,22,8,56,0.55,16.6
2024,10,22,9,26,0.65,16.5
2024,10,22,9,56,0.7,16.5
2024,10,22,10,26,0.57,16.5
2024,10,22,10,56,0.56,16.5
2024,10,22,11,26,0.61,16.5
2024,10,22,11,56,0.65,16.5
2024,10,22,12,26,0.65,16.5
2024,10,22,12,56,0.69,16.5
2024,10,22,13,26,0.75,16.5
2024,10,22,13,56,0.68,16.5
2024,10,22,14,26,0.74,16.5
2024,10,22,14,56,0.71,16.5
2024,10,22,15,26,0.69,16.5
2024,10,22,15,56,0.78,16.6
2024,10,22,16,26,0.75,16.6
2024,10,22,16,56,0.75,16.7
2024,10,22,17,26,0.89,16.8
2024,10,22,17,56,0.83,16.8
2024,10,22,18,26,0.76,16.9
2024,10,22,18,56,0.82,16.9
2024,10,22,19,26,0.66,16.9
2024,10,22,19,56,0.75,16.9
2024,10,22,20,26,0.71,16.9
2024,10,22,20,56,0.91,16.8
2024,10,22,21,26,0.85,16.8
2024,10,22,21,56,0.93,16.9
2024,10,22,22,26,0.93,16.8
2024,10,22,22,56,0.9,16.9
2024,10,22,23,26,0.99,16.9
2024,10,22,23,56,0.99,17
2024,10,23,0,26,0.96,17
2024,10,23,0,56,0.82,17
2024,10,23,1,26,0.9,17
2024,10,23,1,56,0.87,17
2024,10,23,2,26,0.81,17
2024,10,23,2,56,0.9,16.7
2024,10,23,3,26,0.89,17
2024,10,23,3,56,0.88,17
2024,10,23,4,26,0.85,16.8
2024,10,23,4,56,0.97,16.8
2024,10,23,5,26,0.84,16.7
2024,10,23,5,56,0.84,16.6
2024,10,23,6,26,0.91,16.7
2024,10,23,6,56,0.98,16.8
2024,10,23,7,26,0.83,16.9
2024,10,23,7,56,0.92,16.9
2024,10,23,8,26,0.71,16.9
2024,10,23,8,56,0.82,16.8
2024,10,23,9,26,0.88,16.9
2024,10,23,9,56,0.89,16.9
2024,10,23,10,26,0.78,16.9
2024,10,23,10,56,0.91,16.9
2024,10,23,11,26,0.83,16.9
2024,10,23,11,56,0.92,16.9
2024,10,23,12,26,0.99,16.8
2024,10,23,12,56,0.99,16.8
2024,10,23,13,26,0.96,16.8
2024,10,23,13,56,1.04,16.8
2024,10,23,14,26,1.08,16.9
2024,10,23,14,56,1.07,16.9
2024,10,23,15,26,0.89,16.9
2024,10,23,15,56,1,16.9
2024,10,23,16,26,0.98,17
2024,10,23,16,56,1.18,17.1
2024,10,23,17,26,1.23,17
2024,10,23,17,56,1.06,17.1
2024,10,23,18,26,1.01,17.1
2024,10,23,18,56,1.07,17.1
2024,10,23,19,26,1.01,17.2
2024,10,23,19,56,1.11,17.3
2024,10,23,20,26,1.05,17.5
2024,10,23,20,56,1.18,17.4
2024,10,23,21,26,1.19,17.4
2024,10,23,21,56,0.88,17.5
2024,10,23,22,26,1,17.5
2024,10,23,22,56,1.08,17.5
2024,10,23,23,26,0.95,17.6
2024,10,23,23,56,1,17.5
2024,10,24,0,26,1.11,17.5
2024,10,24,0,56,0.9,17.4
2024,10,24,1,26,1.02,17.4
2024,10,24,1,56,1,17.4
2024,10,24,2,26,0.92,17.3
2024,10,24,2,56,1.04,17.4
2024,10,24,3,26,0.97,17.4
2024,10,24,3,56,0.88,17.4
2024,10,24,4,26,0.91,17.3
2024,10,24,4,56,0.95,17.3
2024,10,24,5,26,0.92,17.3
2024,10,24,5,56,0.85,17.2
2024,10,24,6,26,0.98,17
2024,10,24,6,56,0.97,17
2024,10,24,7,26,0.93,17
2024,10,24,7,56,0.87,17
2024,10,24,8,26,0.84,16.9
2024,10,24,8,56,0.91,16.9
2024,10,24,9,26,0.87,17
2024,10,24,9,56,0.95,17
2024,10,24,10,26,0.89,17
2024,10,24,10,56,0.82,17
2024,10,24,11,26,0.87,17
2024,10,24,11,56,0.88,17
2024,10,24,12,26,0.86,17
2024,10,24,12,56,0.96,17.1
2024,10,24,13,26,0.95,17.3
2024,10,24,13,56,0.94,17.4
2024,10,24,14,26,1.02,17.4
2024,10,24,14,56,0.9,17.4
2024,10,24,15,26,0.85,17.4
2024,10,24,15,56,0.95,17.4
2024,10,24,16,26,0.93,17.4
2024,10,24,16,56,0.9,17.4
2024,10,24,17,26,0.82,17.5
2024,10,24,17,56,0.83,17.5
2024,10,24,18,26,0.81,17.6
2024,10,24,18,56,0.83,17.6
2024,10,24,19,26,0.93,17.7
2024,10,24,19,56,0.89,17.6
2024,10,24,20,26,0.88,17.8
2024,10,24,20,56,0.8,17.8
2024,10,24,21,26,0.98,17.7
2024,10,24,21,56,0.76,17.7
2024,10,24,22,26,0.75,17.6
2024,10,24,22,56,0.87,17.5
2024,10,24,23,26,0.98,17.5
2024,10,24,23,56,0.96,17.4
2024,10,25,0,26,0.86,17.3
2024,10,25,0,56,0.84,17.3
2024,10,25,1,26,0.79,17.3
2024,10,25,1,56,0.79,17.3
2024,10,25,2,26,0.81,17.3
2024,10,25,2,56,0.82,17.2
2024,10,25,3,26,1.01,17.3
2024,10,25,3,56,0.95,17.3
2024,10,25,4,26,0.82,17.3
2024,10,25,4,56,0.77,17.3
2024,10,25,5,26,0.78,17.3
2024,10,25,5,56,0.79,17.3
2024,10,25,6,26,0.77,17.3
2024,10,25,6,56,0.79,17.3
2024,10,25,7,26,0.84,17.3
2024,10,25,7,56,0.72,17.3
2024,10,25,8,26,0.75,17.3
2024,10,25,8,56,0.76,17.3
2024,10,25,9,26,0.71,17.3
2024,10,25,9,56,0.7,17.3
2024,10,25,10,26,0.73,17.3
2024,10,25,10,56,0.71,17.3
2024,10,25,11,26,0.77,17.3
2024,10,25,11,56,0.69,17.2
2024,10,25,12,26,0.68,17.1
2024,10,25,12,56,0.62,17.1
2024,10,25,13,26,0.71,17.1
2024,10,25,13,56,0.74,17.1
2024,10,25,14,26,0.73,17.3
2024,10,25,14,56,0.79,17.2
2024,10,25,15,26,0.72,17.2
2024,10,25,15,56,0.69,17.2
2024,10,25,16,26,0.76,17.2
2024,10,25,16,56,0.78,17.2
2024,10,25,17,26,0.86,17.2
2024,10,25,17,56,0.69,17.3
2024,10,25,18,26,0.66,17.3
2024,10,25,18,56,0.77,17.4
2024,10,25,19,26,0.81,17.4
2024,10,25,19,56,0.71,17.5
2024,10,25,20,26,0.79,17.5
2024,10,25,20,56,0.69,17.5
2024,10,25,21,26,0.79,17.5
2024,10,25,21,56,0.77,17.5
2024,10,25,22,26,0.76,17.4
2024,10,25,22,56,0.72,17.5
2024,10,25,23,26,0.7,17.4
2024,10,25,23,56,0.67,17.3
2024,10,26,0,26,0.71,17.3
2024,10,26,0,56,0.7,17.2
2024,10,26,1,26,0.8,17.2
2024,10,26,1,56,0.7,17.2
2024,10,26,2,26,0.68,17.1
2024,10,26,2,56,0.78,17.1
2024,10,26,3,26,0.76,17.1
2024,10,26,3,56,0.78,17.1
2024,10,26,4,26,0.73,17.1
2024,10,26,4,56,0.78,17.1
2024,10,26,5,26,0.8,17.1
2024,10,26,5,56,0.74,17.2
2024,10,26,6,26,0.72,17.2
2024,10,26,6,56,0.69,17.2
2024,10,26,7,26,0.75,17.2
2024,10,26,7,56,0.74,17.2
2024,10,26,8,26,0.77,17.1
2024,10,26,8,56,0.83,17.1
2024,10,26,9,26,1.18,17.1
2024,10,26,9,56,0.8,17.1
2024,10,26,10,26,0.82,17.1
2024,10,26,10,56,0.86,17.1
2024,10,26,11,26,0.92,17.1
2024,10,26,11,56,0.89,17.1
2024,10,26,12,26,0.8,17.1
2024,10,26,12,56,0.86,17.1
2024,10,26,13,26,0.9,17.2
2024,10,26,13,56,0.87,17.1
2024,10,26,14,26,0.88,17.1
2024,10,26,14,56,0.83,17.2
2024,10,26,15,26,1.04,17.2
2024,10,26,15,56,0.98,17.2
2024,10,26,16,26,0.97,17.3
2024,10,26,16,56,0.94,17.3
2024,10,26,17,26,0.81,17.3
2024,10,26,17,56,0.96,17.3
2024,10,26,18,26,0.87,17.3
2024,10,26,18,56,0.9,17.2
2024,10,26,19,26,0.93,17.3
2024,10,26,19,56,0.89,17.3
2024,10,26,20,26,0.98,17.4
2024,10,26,20,56,0.82,17.4
2024,10,26,21,26,0.89,17.5
2024,10,26,21,56,0.85,17.5
2024,10,26,22,26,0.93,17.4
2024,10,26,22,56,0.89,17.3
2024,10,26,23,26,1,17.2
2024,10,26,23,56,0.97,17.2
2024,10,27,0,26,0.9,17.2
2024,10,27,0,56,0.87,17.2
2024,10,27,1,26,0.94,17.1
2024,10,27,1,56,0.85,17.1
2024,10,27,2,26,0.92,17.2
2024,10,27,2,56,0.87,17.1
2024,10,27,3,26,0.88,17.2
2024,10,27,3,56,0.86,17.2
2024,10,27,4,26,0.86,17.2
2024,10,27,4,56,0.97,17.2
2024,10,27,5,26,0.84,17.2
2024,10,27,5,56,0.83,17.2
2024,10,27,6,26,0.87,17.2
2024,10,27,6,56,0.94,17.2
2024,10,27,7,26,0.89,17.2
2024,10,27,7,56,0.96,17.2
2024,10,27,8,26,0.83,17.2
2024,10,27,8,56,0.81,17.2
2024,10,27,9,26,0.84,17.2
2024,10,27,9,56,0.87,17.1
2024,10,27,10,26,0.91,17.2
2024,10,27,10,56,0.89,17.2
2024,10,27,11,26,0.82,17.2
2024,10,27,11,56,0.94,17.2
2024,10,27,12,26,0.91,17.2
2024,10,27,12,56,0.95,17.2
2024,10,27,13,26,0.96,17.3
2024,10,27,13,56,0.86,17.4
2024,10,27,14,26,0.86,17.4
2024,10,27,14,56,0.93,17.4
2024,10,27,15,26,0.92,17.4
2024,10,27,15,56,0.96,17.4
2024,10,27,16,26,0.94,17.4
2024,10,27,16,56,0.91,17.4
2024,10,27,17,26,0.94,17.4
2024,10,27,17,56,0.96,17.5
2024,10,27,18,26,0.91,17.5
2024,10,27,18,56,0.88,17.6
2024,10,27,19,26,0.88,17.8
2024,10,27,19,56,0.93,18
2024,10,27,20,26,0.97,18.4
2024,10,27,20,56,0.9,18.3
2024,10,27,21,26,0.83,18.4
2024,10,27,21,56,0.84,18.2
2024,10,27,22,26,0.87,17.9
2024,10,27,22,56,0.86,17.8
2024,10,27,23,26,0.9,17.8
2024,10,27,23,56,0.89,17.7
2024,10,28,0,26,0.98,17.7
2024,10,28,1,26,0.93,17.7
2024,10,28,1,56,0.93,17.7
2024,10,28,2,26,0.92,17.7
2024,10,28,2,56,0.87,17.6
2024,10,28,3,26,0.94,17.7
2024,10,28,3,56,0.86,17.7
2024,10,28,4,26,0.88,17.7
2024,10,28,4,56,0.92,17.7
2024,10,28,5,26,0.9,17.7
2024,10,28,5,56,0.88,17.8
2024,10,28,6,26,0.87,17.8
2024,10,28,6,56,0.93,17.8
2024,10,28,7,26,0.82,17.8
2024,10,28,7,56,0.92,17.9
2024,10,28,8,26,0.93,17.8
2024,10,28,8,56,1.02,17.9
2024,10,28,9,26,0.98,17.9
2024,10,28,9,56,1.03,17.9
2024,10,28,10,26,1.11,17.9
2024,10,28,10,56,1.12,17.9
2024,10,28,11,26,1.09,17.9
2024,10,28,11,56,1.13,17.9
2024,10,28,12,26,1.18,17.9
2024,10,28,12,56,1.28,17.8
2024,10,28,13,26,1.26,17.7
2024,10,28,13,56,1.15,17.8
2024,10,28,14,26,1.2,17.7
2024,10,28,14,56,1.19,17.6
2024,10,28,15,26,1.25,17.6
2024,10,28,15,56,1.3,17.6
2024,10,28,16,26,1.33,17.6
2024,10,28,16,56,1.35,17.6
2024,10,28,17,26,1.39,17.7
2024,10,28,17,56,1.54,17.7
2024,10,28,18,26,1.4,17.8
2024,10,28,18,56,1.55,17.8
2024,10,28,19,26,1.46,17.8
2024,10,28,19,56,1.43,17.9
2024,10,28,20,26,1.44,17.9
2024,10,28,20,56,1.49,17.9
2024,10,28,21,26,1.54,17.9
2024,10,28,21,56,1.54,17.8
2024,10,28,22,26,1.66,17.8
2024,10,28,22,56,1.62,17.8
2024,10,28,23,26,1.59,17.8
2024,10,28,23,56,1.74,17.7
2024,10,29,0,26,1.61,17.7
2024,10,29,0,56,1.65,17.7
2024,10,29,1,26,1.6,17.7
2024,10,29,1,56,1.55,17.6
2024,10,29,2,26,1.59,17.6
2024,10,29,2,56,1.73,17.6
2024,10,29,3,26,1.68,17.6
2024,10,29,3,56,1.83,17.5
2024,10,29,4,26,1.69,17.4
2024,10,29,4,56,1.72,17.4
2024,10,29,5,26,1.73,17.4
2024,10,29,5,56,1.68,17.3
2024,10,29,6,26,1.69,17.3
2024,10,29,6,56,1.74,17.2
2024,10,29,7,26,1.67,17.2
2024,10,29,7,56,1.64,17.2
2024,10,29,8,26,1.73,17.3
2024,10,29,8,56,1.59,17.4
2024,10,29,9,26,1.61,17.4
2024,10,29,9,56,1.58,17.4
2024,10,29,10,26,1.52,17.4
2024,10,29,10,56,1.61,17.4
2024,10,29,11,26,1.6,17.4
2024,10,29,11,56,1.51,17.4
2024,10,29,12,26,1.5,17.4
2024,10,29,12,56,1.59,17.3
2024,10,29,13,26,1.51,17.4
2024,10,29,13,56,1.47,17.4
2024,10,29,14,26,1.48,17.4
2024,10,29,14,56,1.32,17.3
2024,10,29,15,26,1.34,17.3
2024,10,29,15,56,1.4,17.3
2024,10,29,16,26,1.35,17.3
2024,10,29,16,56,1.29,17.3
2024,10,29,17,26,1.17,17.4
2024,10,29,17,56,1.28,17.6
2024,10,29,18,26,1.23,17.7
2024,10,29,18,56,1.42,17.7
2024,10,29,19,26,1.35,17.8
2024,10,29,19,56,1.34,17.8
2024,10,29,20,26,1.41,17.8
2024,10,29,20,56,1.34,17.8
2024,10,29,21,26,1.44,17.8
2024,10,29,21,56,1.31,17.8
2024,10,29,22,26,1.29,17.8
2024,10,29,22,56,1.24,17.8
2024,10,29,23,26,1.23,17.7
2024,10,29,23,56,1.2,17.7
2024,10,30,0,26,1.1,17.6
2024,10,30,0,56,1.13,17.6
2024,10,30,1,26,1.18,17.6
2024,10,30,1,56,1.21,17.5
2024,10,30,2,26,1.12,17.5
2024,10,30,2,56,1.13,17.4
2024,10,30,3,26,1.06,17.3
2024,10,30,3,56,1.17,17.4
2024,10,30,4,26,1.13,17.3
2024,10,30,4,56,1.11,17.3
2024,10,30,5,26,1.19,17.2
2024,10,30,5,56,1.04,17.1
2024,10,30,6,26,1.15,17
2024,10,30,6,56,1.05,16.9
2024,10,30,7,26,1.01,16.8
2024,10,30,7,56,1.01,16.8
2024,10,30,8,26,0.98,16.8
2024,10,30,8,56,0.96,16.7
2024,10,30,9,26,0.88,16.7
2024,10,30,9,56,0.88,16.6
2024,10,30,10,26,0.93,16.5
2024,10,30,10,56,0.96,16.5
2024,10,30,11,26,0.95,16.5
2024,10,30,11,56,0.96,16.6
2024,10,30,12,26,1.05,16.7
2024,10,30,12,56,0.9,16.7
2024,10,30,13,26,0.84,16.7
2024,10,30,13,56,0.93,16.9
2024,10,30,14,26,0.87,16.9
2024,10,30,14,56,0.87,16.9
2024,10,30,15,26,0.86,17
2024,10,30,15,56,0.87,17
2024,10,30,16,26,0.89,17
2024,10,30,16,56,0.84,17.1
2024,10,30,17,26,0.87,17.1
2024,10,30,17,56,0.77,17.2
2024,10,30,18,26,0.81,17.5
2024,10,30,18,56,0.78,17.5
2024,10,30,19,26,0.76,17.6
2024,10,30,19,56,0.81,17.9
2024,10,30,20,26,0.8,17.9
2024,10,30,20,56,0.88,17.8
2024,10,30,21,26,0.77,17.6
2024,10,30,21,56,0.88,17.6
2024,10,30,22,26,0.72,17.5
2024,10,30,22,56,0.73,17.4
2024,11,1,18,26,0.53,17.9
2024,11,1,18,56,0.54,18.2
2024,11,1,19,26,0.54,18.5
2024,11,1,19,56,0.54,18.6
2024,11,1,20,26,0.54,18.7
2024,11,1,20,56,0.57,18.6
2024,11,1,21,26,0.58,18.6
2024,11,1,21,56,0.63,18.6
2024,11,1,22,26,0.66,18.6
2024,11,1,22,56,0.63,18.6
2024,11,1,23,26,0.62,18.6
2024,11,1,23,56,0.63,18.5
2024,11,2,0,26,0.6,18.4
2024,11,2,0,56,0.58,18.4
2024,11,2,1,26,0.55,18.3
2024,11,2,1,56,0.5,18.1
2024,11,2,2,26,0.52,17.8
2024,11,2,2,56,0.47,17.8
2024,11,2,3,26,0.49,17.7
2024,11,2,3,56,0.46,17.7
2024,11,2,4,26,0.49,17.6
2024,11,2,4,56,0.46,17.6
2024,11,2,5,26,0.49,17.5
2024,11,2,5,56,0.47,17.5
2024,11,2,6,26,0.46,17.5
2024,11,2,6,56,0.48,17.6
2024,11,2,7,26,0.45,17.6
2024,11,2,7,56,0.45,17.6
2024,11,2,8,26,0.51,17.5
2024,11,2,8,56,0.54,17.5
2024,11,2,9,26,0.54,17.6
2024,11,2,9,56,0.53,17.6
2024,11,2,10,26,0.57,17.7
2024,11,2,10,56,0.59,17.7
2024,11,2,11,26,0.57,17.6
2024,11,2,11,56,0.64,17.4
2024,11,2,12,26,0.65,17.3
2024,11,2,12,56,0.64,17.2
2024,11,2,13,26,0.67,17.2
2024,11,2,13,56,0.7,17.3
2024,11,2,14,26,0.7,17.3
2024,11,2,14,56,0.78,17.3
2024,11,2,15,26,0.75,17.4
2024,11,2,15,56,0.78,17.5
2024,11,2,16,26,0.78,17.6
2024,11,2,16,56,0.81,17.9
2024,11,2,17,26,0.8,18.1
2024,11,2,17,56,0.72,18.2
2024,11,2,18,26,0.69,18.5
2024,11,2,18,56,0.66,18.7
2024,11,2,19,26,0.63,18.8
2024,11,2,19,56,0.64,18.7
2024,11,2,20,26,0.63,18.8
2024,11,2,20,56,0.63,18.7
2024,11,2,21,26,0.66,18.5
2024,11,2,21,56,0.66,18.5
2024,11,2,22,26,0.62,18.6
2024,11,2,22,56,0.61,18.4
2024,11,2,23,26,0.64,18.4
2024,11,2,23,56,0.59,18.3
2024,11,3,0,26,0.59,18.4
2024,11,3,0,56,0.56,18.4
2024,11,3,1,26,0.62,18.1
2024,11,3,1,56,0.58,18.1
2024,11,3,2,26,0.62,18.1
2024,11,3,2,56,0.6,18
2024,11,3,3,26,0.66,18.1
2024,11,3,3,56,0.68,18.1
2024,11,3,4,26,0.7,18
2024,11,3,4,56,0.68,17.9
2024,11,3,5,26,0.76,17.7
2024,11,3,5,56,0.81,17.6
2024,11,3,6,26,0.76,17.4
2024,11,3,6,56,0.77,17.3
2024,11,3,7,26,0.77,17.1
2024,11,3,7,56,0.78,17.1
2024,11,3,8,26,0.76,17.1
2024,11,3,8,56,0.83,17.1
2024,11,3,9,26,0.78,17
2024,11,3,9,56,0.75,17
2024,11,3,10,26,0.8,16.9
2024,11,3,10,56,0.8,16.9
2024,11,3,11,26,0.8,17
2024,11,3,11,56,0.78,17
2024,11,3,12,26,0.86,17
2024,11,3,12,56,0.88,17.1
2024,11,3,13,26,0.88,17.1
2024,11,3,13,56,0.89,17.2
2024,11,3,14,26,0.92,17.1
2024,11,3,14,56,0.96,17.1
2024,11,3,15,26,0.92,17.1
2024,11,3,15,56,0.98,17.1
2024,11,3,16,26,0.99,17.1
2024,11,3,16,56,0.98,17.2
2024,11,3,17,26,1.04,17.3
2024,11,3,17,56,0.94,17.4
2024,11,3,18,26,0.96,17.3
2024,11,3,18,56,0.89,17.3
2024,11,3,19,26,0.95,17.3
2024,11,3,19,56,0.89,17.2
2024,11,3,20,26,1.06,17.2
2024,11,3,20,56,1.03,17.2
2024,11,3,21,26,1.09,17.1
2024,11,3,21,56,1.01,17
2024,11,3,22,26,0.95,16.9
2024,11,3,22,56,0.98,17.1
2024,11,3,23,26,1.05,17.1
2024,11,3,23,56,0.92,17
2024,11,4,0,26,0.95,16.7
2024,11,4,0,56,1.06,16.3
2024,11,4,1,26,1.01,16.3
2024,11,4,1,56,0.99,16.5
2024,11,4,2,26,0.95,16.3
2024,11,4,2,56,1,16.2
2024,11,4,3,26,0.96,16.1
2024,11,4,3,56,0.87,16
2024,11,4,4,26,0.91,15.9
2024,11,4,4,56,0.88,15.8
2024,11,4,5,26,0.85,15.8
2024,11,4,5,56,0.88,15.8
2024,11,4,6,26,0.83,15.7
2024,11,4,6,56,0.87,15.7
2024,11,4,7,26,0.9,15.7
2024,11,4,7,56,0.88,15.7
2024,11,4,8,26,0.87,15.7
2024,11,4,8,56,0.91,15.8
2024,11,4,9,26,0.89,15.8
2024,11,4,9,56,0.88,15.8
2024,11,4,10,26,0.92,15.8
2024,11,4,10,56,0.92,15.8
2024,11,4,11,26,0.91,15.7
2024,11,4,11,56,0.91,15.6
2024,11,4,12,26,0.89,15.6
2024,11,4,12,56,0.81,15.6
2024,11,4,13,26,1,15.6
2024,11,4,13,56,1.05,15.6
2024,11,4,14,26,0.83,15.7
2024,11,4,14,56,0.73,15.5
2024,11,4,15,26,0.83,15.5
2024,11,4,15,56,0.86,15.7
2024,11,4,16,26,0.79,15.8
2024,11,4,16,56,0.89,15.9
2024,11,4,17,26,0.83,16.1
2024,11,4,17,56,0.94,16.3
2024,11,4,18,26,0.84,16.5
2024,11,4,18,56,1.04,16.7
2024,11,4,19,26,0.86,16.5
2024,11,4,19,56,0.92,16.6
2024,11,4,20,26,0.89,16.5
2024,11,4,20,56,0.87,16.5
2024,11,4,21,26,1.05,16.5
2024,11,4,21,56,0.77,16.6
2024,11,4,22,26,0.76,16.6
2024,11,4,22,56,0.77,16.7
2024,11,4,23,26,0.87,16.7
2024,11,4,23,56,0.85,16.6
2024,11,5,0,26,0.83,16.5
2024,11,5,0,56,1,16.3
2024,11,5,1,26,0.77,16.2
2024,11,5,1,56,0.73,16.1
2024,11,5,2,26,0.84,16.1
2024,11,5,2,56,0.85,16.1
2024,11,5,3,26,0.86,16.1
2024,11,5,3,56,0.82,16.1
2024,11,5,4,26,0.93,16.1
2024,11,5,4,56,0.9,16
2024,11,5,5,26,0.76,16
2024,11,5,5,56,0.9,16
2024,11,5,6,26,0.88,16
2024,11,5,6,56,0.74,15.9
2024,11,5,7,26,0.8,15.9
2024,11,5,7,56,0.79,15.9
2024,11,5,8,26,0.93,15.7
2024,11,5,8,56,0.88,15.7
2024,11,5,9,26,0.85,15.7
2024,11,5,9,56,0.77,15.7
2024,11,5,10,26,0.82,15.7
2024,11,5,10,56,0.84,15.7
2024,11,5,11,26,0.93,15.7
2024,11,5,11,56,0.8,15.7
2024,11,5,12,26,0.88,15.7
2024,11,5,12,56,0.73,15.7
2024,11,5,13,26,0.89,15.7
2024,11,5,13,56,0.86,15.7
2024,11,5,14,26,0.89,15.8
2024,11,5,14,56,0.87,15.8
2024,11,5,15,26,1.03,15.9
2024,11,5,15,56,0.77,15.9
2024,11,5,16,26,0.98,16
2024,11,5,16,56,0.77,16
2024,11,5,17,26,0.84,16.1
2024,11,5,17,56,0.95,16.3
2024,11,5,18,26,0.76,16.5
2024,11,5,18,56,0.85,16.6
2024,11,5,19,26,0.77,16.9
2024,11,5,19,56,0.72,17.1
2024,11,5,20,26,0.77,17
2024,11,5,20,56,0.88,16.7
2024,11,5,21,26,0.74,17
2024,11,5,21,56,0.8,16.9
2024,11,5,22,26,0.72,16.8
2024,11,5,22,56,0.79,16.7
2024,11,5,23,26,0.76,16.8
2024,11,5,23,56,0.86,16.9
2024,11,6,0,26,0.72,16.9
2024,11,6,0,56,0.72,16.8
2024,11,6,1,26,0.68,16.8
2024,11,6,1,56,0.73,16.7
2024,11,6,2,26,0.81,16.7
2024,11,6,2,56,0.7,16.6
2024,11,6,3,26,0.72,16.5
2024,11,6,3,56,0.68,16.5
2024,11,6,4,26,0.83,16.5
2024,11,6,4,56,0.76,16.4
2024,11,6,5,26,0.9,16.4
2024,11,6,5,56,0.72,16.3
2024,11,6,6,26,0.85,16.3
2024,11,6,6,56,0.77,16.3
2024,11,6,7,26,0.8,16.3
2024,11,6,7,56,0.77,16.3
2024,11,6,8,26,0.68,16.3
2024,11,6,8,56,0.8,16.2
2024,11,6,9,26,0.77,16.2
2024,11,6,9,56,0.72,16.3
2024,11,6,10,26,0.62,16.3
2024,11,6,10,56,0.68,16.3
2024,11,6,11,26,0.67,16.3
2024,11,6,11,56,0.67,16.3
2024,11,6,12,26,0.69,16.3
2024,11,6,12,56,0.67,16.3
2024,11,6,13,26,0.65,16.2
2024,11,6,13,56,0.68,16.2
2024,11,6,14,26,0.61,16.2
2024,11,6,14,56,0.66,16.2
2024,11,6,15,26,0.61,16.1
2024,11,6,15,56,0.64,16.1
2024,11,6,16,26,0.67,16.1
2024,11,6,16,56,0.83,16
2024,11,6,17,26,0.91,16
2024,11,6,17,56,1,16
2024,11,6,18,26,1.03,16
2024,11,6,18,56,1.11,15.9
2024,11,6,19,26,1.08,15.9
2024,11,6,19,56,1.04,15.9
2024,11,6,20,26,0.99,15.9
2024,11,6,20,56,0.93,15.9
2024,11,6,21,26,0.98,15.9
2024,11,6,21,56,1,15.9
2024,11,6,22,26,0.92,15.9
2024,11,6,22,56,0.87,15.9
2024,11,6,23,26,0.76,15.9
2024,11,6,23,56,0.7,15.9
2024,11,7,0,26,0.64,15.8
2024,11,7,0,56,0.68,15.8
2024,11,7,1,26,0.69,15.8
2024,11,7,1,56,0.71,15.8
2024,11,7,2,26,0.76,15.9
2024,11,7,2,56,0.85,15.9
2024,11,7,3,26,0.83,15.9
2024,11,7,3,56,0.81,15.9
2024,11,7,4,26,0.8,15.9
2024,11,7,4,56,0.84,16
2024,11,7,5,26,0.79,16
2024,11,7,5,56,0.74,16
2024,11,7,6,26,0.76,16.1
2024,11,7,6,56,0.73,16.1
2024,11,7,7,26,0.68,16.1
2024,11,7,7,56,0.61,16
2024,11,7,8,26,0.58,16
2024,11,7,8,56,0.55,16
2024,11,7,9,26,0.56,16
2024,11,7,9,56,0.47,16
2024,11,7,10,26,0.54,16
2024,11,7,10,56,0.58,16
2024,11,7,11,26,0.56,15.9
2024,11,7,11,56,0.61,15.9
2024,11,7,12,26,0.6,16.2
2024,11,7,12,56,0.53,16.3
2024,11,7,13,26,0.54,16.3
2024,11,7,13,56,0.5,16.3
2024,11,7,14,26,0.55,16.3
2024,11,7,14,56,0.54,16.2
2024,11,7,15,26,0.59,16.3
2024,11,7,15,56,0.53,16.2
2024,11,7,16,26,0.63,16.2
2024,11,7,16,56,0.56,16.3
2024,11,7,17,26,0.59,16.3
2024,11,7,17,56,0.56,16.4
2024,11,7,18,26,0.61,16.5
2024,11,7,18,56,0.54,16.6
2024,11,7,19,26,0.59,16.5
2024,11,7,19,56,0.55,16.5
2024,11,7,20,26,0.53,16.5
2024,11,7,20,56,0.54,16.6
2024,11,7,21,26,0.61,16.6
2024,11,7,21,56,0.58,16.6
2024,11,7,22,26,0.61,16.5
2024,11,7,22,56,0.49,16.5
2024,11,7,23,26,0.61,16.5
2024,11,7,23,56,0.55,16.4
2024,11,8,0,26,0.56,16.4
2024,11,8,0,56,0.51,16.4
2024,11,8,1,26,0.52,16.3
2024,11,8,1,56,0.58,16.3
2024,11,8,2,26,0.55,16.3
2024,11,8,2,56,0.51,16.3
2024,11,8,3,26,0.48,16.3
2024,11,8,3,56,0.49,16.3
2024,11,8,4,26,0.49,16.2
2024,11,8,4,56,0.5,16.2
2024,11,8,5,26,0.46,16.2
2024,11,8,5,56,0.5,16.3
2024,11,8,6,26,0.49,16.2
2024,11,8,6,56,0.5,16.2
2024,11,8,7,26,0.48,16.2
2024,11,8,7,56,0.48,16.2
2024,11,8,8,26,0.45,16.2
2024,11,8,8,56,0.47,16.2
2024,11,8,9,26,0.45,16.2
2024,11,8,9,56,0.42,16.2
2024,11,8,10,26,0.46,16.2
2024,11,8,10,56,0.47,16.2
2024,11,8,11,26,0.39,16.2
2024,11,8,11,56,0.45,16.2
2024,11,8,12,26,0.46,16.2
2024,11,8,12,56,0.44,16.2
2024,11,8,13,26,0.51,16.2
2024,11,8,13,56,0.46,16.2
2024,11,8,14,26,0.43,16.1
2024,11,8,14,56,0.45,16.2
2024,11,8,15,26,0.5,16.1
2024,11,8,15,56,0.5,16.1
2024,11,8,16,26,0.5,16.1
2024,11,8,16,56,0.56,16.2
2024,11,8,17,26,0.58,16.2
2024,11,8,17,56,0.48,16.3
2024,11,8,18,26,0.49,16.4
2024,11,8,18,56,0.51,16.5
2024,11,8,19,26,0.51,16.7
2024,11,8,19,56,0.5,16.7
2024,11,8,20,26,0.52,16.7
2024,11,8,20,56,0.56,16.6
2024,11,8,21,26,0.52,16.5
2024,11,8,21,56,0.57,16.5
2024,11,8,22,26,0.55,16.5
2024,11,8,22,56,0.53,16.4
2024,11,8,23,26,0.64,16.4
2024,11,8,23,56,0.53,16.4
2024,11,9,0,26,0.62,16.4
2024,11,9,0,56,0.6,16.3
2024,11,9,1,26,0.56,16.3
2024,11,9,1,56,0.51,16.3
2024,11,9,2,26,0.55,16.3
2024,11,9,2,56,0.47,16.2
2024,11,9,3,26,0.54,16.2
2024,11,9,3,56,0.56,16.2
2024,11,9,4,26,0.66,16.1
2024,11,9,4,56,0.59,16.1
2024,11,9,5,26,0.65,16.1
2024,11,9,5,56,0.56,16.1
2024,11,9,6,26,0.51,16
2024,11,9,6,56,0.61,16
2024,11,9,7,26,0.59,16
2024,11,9,7,56,0.51,16
2024,11,9,8,26,0.65,16
2024,11,9,8,56,0.68,16
2024,11,9,9,26,0.58,16
2024,11,9,9,56,0.52,16
2024,11,9,10,26,0.65,16
2024,11,9,10,56,0.61,16
2024,11,9,11,26,0.61,16
2024,11,9,11,56,0.73,16
2024,11,9,12,26,0.69,16
2024,11,9,12,56,0.6,16
2024,11,9,13,26,0.61,16
2024,11,9,13,56,0.74,15.9
2024,11,9,14,26,0.59,15.9
2024,11,9,14,56,0.59,15.8
2024,11,9,15,26,0.7,15.8
2024,11,9,15,56,0.7,15.7
2024,11,9,16,26,0.9,15.7
2024,11,9,16,56,0.77,15.7
2024,11,9,17,26,0.86,15.8
2024,11,9,17,56,0.72,16
2024,11,9,18,26,0.62,16.1
2024,11,9,18,56,0.67,16.3
2024,11,9,19,26,0.68,16.5
2024,11,9,19,56,0.83,16.7
2024,11,9,20,26,0.69,16.6
2024,11,9,20,56,0.84,16.3
2024,11,9,21,26,0.87,16.2
2024,11,9,21,56,0.76,16.2
2024,11,9,22,26,0.79,16.1
2024,11,9,22,56,0.9,16.1
2024,11,9,23,26,0.83,16.2
2024,11,9,23,56,0.79,16.2
2024,11,10,0,26,0.8,16.2
2024,11,10,0,56,0.87,16.1
2024,11,10,1,26,1.08,16
2024,11,10,1,56,0.88,16
2024,11,10,2,26,0.78,16
2024,11,10,2,56,0.93,15.9
2024,11,10,3,26,0.64,15.9
2024,11,10,3,56,0.79,15.9
2024,11,10,4,26,1.02,16
2024,11,10,4,56,1.13,16
2024,11,10,5,26,1.07,15.9
2024,11,10,5,56,1.28,15.9
2024,11,10,6,26,0.92,15.9
2024,11,10,6,56,1.16,15.9
2024,11,10,7,26,1.01,15.9
2024,11,10,7,56,0.98,15.9
2024,11,10,8,26,0.98,15.9
2024,11,10,8,56,0.97,15.8
2024,11,10,9,26,0.85,15.8
2024,11,10,9,56,1.08,15.8
2024,11,10,10,26,1.13,15.8
2024,11,10,10,56,1.13,15.8
2024,11,10,11,26,1.14,15.8
2024,11,10,11,56,0.92,15.8
2024,11,10,12,26,0.95,15.8
2024,11,10,12,56,1.2,15.8
2024,11,10,13,26,0.98,15.8
2024,11,10,13,56,0.94,15.8
2024,11,10,14,26,0.85,15.8
2024,11,10,14,56,1.22,15.8
2024,11,10,15,26,0.88,15.8
2024,11,10,15,56,0.98,15.8
2024,11,10,16,26,1.27,15.8
2024,11,10,16,56,1.07,15.9
2024,11,10,17,26,0.98,16
2024,11,10,17,56,1.11,16
2024,11,10,18,26,0.89,16.2
2024,11,10,18,56,1.09,16.1
2024,11,10,19,26,1.22,16
2024,11,10,19,56,1.07,16.6
2024,11,10,20,26,1.14,16.7
2024,11,10,20,56,1.07,16.6
2024,11,10,21,26,0.99,16.4
2024,11,10,21,56,1.37,16.3
2024,11,10,22,26,1.06,16.2
2024,11,10,22,56,1.31,16.2
2024,11,10,23,26,0.94,16.1
2024,11,10,23,56,1.18,16.1
2024,11,11,0,26,1.19,16
2024,11,11,0,56,1.27,16
2024,11,11,1,26,1.24,16
2024,11,11,1,56,1.21,16
2024,11,11,2,26,1.34,16
2024,11,11,2,56,1.43,15.9
2024,11,11,3,26,1.31,15.9
2024,11,11,3,56,1.33,15.9
2024,11,11,4,26,1.29,15.9
2024,11,11,4,56,1.66,15.9
2024,11,11,5,26,1.16,15.9
2024,11,11,5,56,1.14,15.9
2024,11,11,6,26,1.44,15.9
2024,11,11,6,56,1.43,15.9
2024,11,11,7,26,1.31,15.9
2024,11,11,7,56,1.32,15.9
2024,11,11,8,26,1.09,15.9
2024,11,11,8,56,1.28,15.9
2024,11,11,9,26,1.26,15.9
2024,11,11,9,56,1.15,15.9
2024,11,11,10,26,1.13,15.9
2024,11,11,10,56,1.19,15.9
2024,11,11,11,26,1.18,15.8
2024,11,11,11,56,1.26,15.8
2024,11,11,12,26,0.91,15.8
2024,11,11,12,56,1.03,15.7
2024,11,11,13,26,0.98,15.8
2024,11,11,13,56,1.09,15.8
2024,11,11,14,26,1.24,15.8
2024,11,11,15,26,1.21,15.8
2024,11,11,15,56,1.16,15.8
2024,11,11,16,26,1.08,15.8
2024,11,11,16,56,1.2,15.8
2024,11,11,17,26,1.22,15.9
2024,11,11,17,56,1.05,16
2024,11,11,18,26,1.14,16.1
2024,11,11,18,56,1.22,16.4
2024,11,11,19,26,1.09,16.5
2024,11,11,19,56,1.02,16.4
2024,11,11,20,26,1.13,16.6
2024,11,11,20,56,1.19,16.6
2024,11,11,21,26,1.09,16.5
2024,11,11,21,56,1.02,16.5
2024,11,11,22,26,1.06,16.5
2024,11,11,22,56,0.87,16.5
2024,11,11,23,26,1.01,16.4
2024,11,11,23,56,0.95,16.4
2024,11,12,0,26,1.14,16.3
2024,11,12,0,56,0.94,16.3
2024,11,12,1,26,0.91,16.3
2024,11,12,1,56,0.99,16.3
2024,11,12,2,26,1.01,16.2
2024,11,12,2,56,0.92,16.2
2024,11,12,3,26,0.83,16.2
2024,11,12,3,56,1.06,16.2
2024,11,12,4,26,0.95,16.2
2024,11,12,4,56,1.06,16.2
2024,11,12,5,26,1.26,16.1
2024,11,12,5,56,1.25,16.1
2024,11,12,6,26,1.29,16.1
2024,11,12,6,56,1.09,16.1
2024,11,12,7,26,1.18,16.1
2024,11,12,7,56,1.2,16.1
2024,11,12,8,26,1,16.1
2024,11,12,8,56,0.94,16
2024,11,12,9,26,1.02,16
2024,11,12,9,56,1.01,16
2024,11,12,10,26,0.94,16
2024,11,12,10,56,1.02,16
2024,11,12,11,26,1.12,16
2024,11,12,11,56,0.96,16.1
2024,11,12,12,26,1.04,16
2024,11,12,12,56,1.19,16.1
2024,11,12,13,26,1.03,16.1
2024,11,12,13,56,1.12,16
2024,11,12,14,26,1.19,16
2024,11,12,14,56,1.1,16.1
2024,11,12,15,26,1.01,16.1
2024,11,12,15,56,1.06,16.2
2024,11,12,16,26,1,16.1
2024,11,12,16,56,1.02,16.3
2024,11,12,17,26,1,16.4
2024,11,12,17,56,0.98,16.5
2024,11,12,18,26,0.96,16.6
2024,11,12,18,56,0.91,16.7
2024,11,12,19,26,0.98,16.7
2024,11,12,19,56,0.98,16.9
2024,11,12,20,26,0.84,16.7
2024,11,12,20,56,0.89,16.7
2024,11,12,21,26,0.88,16.6
2024,11,12,21,56,0.86,16.6
2024,11,12,22,26,0.92,16.6
2024,11,12,22,56,0.87,16.5
2024,11,12,23,26,0.98,16.5
2024,11,12,23,56,0.91,16.4
2024,11,13,0,26,0.89,16.3
2024,11,13,0,56,0.92,16.3
2024,11,13,1,26,0.89,16.3
2024,11,13,1,56,0.94,16.3
2024,11,13,2,26,0.86,16.3
2024,11,13,2,56,0.87,16.3
2024,11,13,3,26,0.85,16.3
2024,11,13,3,56,0.78,16.3
2024,11,13,4,26,0.85,16.3
2024,11,13,4,56,0.86,16.3
2024,11,13,5,26,0.79,16.3
2024,11,13,5,56,0.78,16.3
2024,11,13,6,26,0.84,16.2
2024,11,13,6,56,0.81,16.1
2024,11,13,7,26,0.84,16.2
2024,11,13,7,56,0.88,16.1
2024,11,13,8,26,0.84,16.1
2024,11,13,8,56,0.84,16.1
2024,11,13,9,26,0.81,16.1
2024,11,13,9,56,0.85,16.1
2024,11,13,10,26,0.83,16.1
2024,11,13,10,56,0.83,16.1
2024,11,13,11,26,0.8,16.1
2024,11,13,11,56,0.73,16.2
2024,11,13,12,26,0.8,16.1
2024,11,13,12,56,0.79,16.1
2024,11,13,13,26,0.84,16.1
2024,11,13,13,56,0.86,16.1
2024,11,13,14,26,0.93,16.1
2024,11,13,14,56,0.92,16.1
2024,11,13,15,26,0.85,16
2024,11,13,15,56,0.87,16
2024,11,13,16,26,0.86,16
2024,11,13,16,56,0.82,16
2024,11,13,17,26,0.79,16.1
2024,11,13,17,56,0.77,16.2
2024,11,13,18,26,0.79,16.4
2024,11,13,18,56,0.75,16.5
2024,11,13,19,26,0.79,16.6
2024,11,13,19,56,0.82,16.6
2024,11,13,20,26,0.77,16.6
2024,11,13,20,56,0.76,16.5
2024,11,13,21,26,0.78,16.5
2024,11,13,21,56,0.79,16.5
2024,11,13,22,26,0.74,16.4
2024,11,13,22,56,0.76,16.4
2024,11,13,23,26,0.77,16.3
2024,11,13,23,56,0.84,16.2
2024,11,14,0,26,0.82,16.2
2024,11,14,0,56,0.8,16.2
2024,11,14,1,26,0.82,16.2
2024,11,14,1,56,0.81,16.2
2024,11,14,2,26,0.74,16.1
2024,11,14,2,56,0.77,16.1
2024,11,14,3,26,0.77,16.1
2024,11,14,3,56,0.78,16.1
2024,11,14,4,26,0.8,16
2024,11,14,4,56,0.75,16
2024,11,14,5,26,0.8,16
2024,11,14,5,56,0.75,16
2024,11,14,6,26,0.83,15.9
2024,11,14,6,56,0.78,15.8
2024,11,14,7,26,0.75,15.8
2024,11,14,7,56,0.82,15.8
2024,11,14,8,26,0.79,15.7
2024,11,14,8,56,0.79,15.8
2024,11,14,9,26,0.7,15.8
2024,11,14,9,56,0.69,15.8
2024,11,14,10,26,0.66,15.8
2024,11,14,10,56,0.69,15.8
2024,11,14,11,26,0.67,15.8
2024,11,14,11,56,0.61,15.7
2024,11,14,12,26,0.67,15.8
2024,11,14,12,56,0.66,16
2024,11,14,13,26,0.65,16
2024,11,14,13,56,0.64,16
2024,11,14,14,26,0.75,16
2024,11,14,14,56,0.76,16
2024,11,14,15,26,0.7,16
2024,11,14,15,56,0.74,16
2024,11,14,16,26,0.75,16
2024,11,14,16,56,0.79,16.1
2024,11,14,17,26,0.76,16.2
2024,11,14,17,56,0.81,16.2
2024,11,14,18,26,0.79,16.2
2024,11,14,18,56,0.83,16.3
2024,11,14,19,26,0.79,16.5
2024,11,14,19,56,0.81,16.5
2024,11,14,20,26,0.84,16.4
2024,11,14,20,56,0.79,16.4
2024,11,14,21,26,0.8,16.4
2024,11,14,21,56,0.79,16.3
2024,11,14,22,26,0.87,16.2
2024,11,14,22,56,0.84,16.2
2024,11,14,23,26,0.83,16.2
2024,11,14,23,56,0.79,16.1
2024,11,15,0,26,0.74,16
2024,11,15,0,56,0.88,15.9
2024,11,15,1,26,0.89,15.9
2024,11,15,1,56,0.9,15.9
2024,11,15,2,26,0.9,15.9
2024,11,15,2,56,0.93,15.9
2024,11,15,3,26,0.92,15.9
2024,11,15,3,56,1.03,15.9
2024,11,15,4,26,1.11,15.9
2024,11,15,4,56,1.09,15.8
2024,11,15,5,26,1.19,15.8
2024,11,15,5,56,1.19,15.7
2024,11,15,6,26,1.25,15.7
2024,11,15,6,56,1.24,15.6
2024,11,15,7,26,1.28,15.7
2024,11,15,7,56,1.47,15.8
2024,11,15,8,26,1.45,15.8
2024,11,15,8,56,1.55,15.8
2024,11,15,9,26,1.54,15.8
2024,11,15,9,56,1.56,15.7
2024,11,15,10,26,1.5,15.7
2024,11,15,10,56,1.49,15.7
2024,11,15,11,26,1.6,15.6
2024,11,15,11,56,1.55,15.5
2024,11,15,12,26,1.55,15.5
2024,11,15,12,56,1.65,15.5
2024,11,15,13,26,1.39,15.6
2024,11,15,13,56,1.51,15.7
2024,11,15,14,26,1.48,15.7
2024,11,15,14,56,1.54,15.7
2024,11,15,15,26,1.56,15.6
2024,11,15,15,56,1.5,15.6
2024,11,15,16,26,1.57,15.6
2024,11,15,16,56,1.37,15.6
2024,11,15,17,26,1.52,15.6
2024,11,15,17,56,1.44,15.6
2024,11,15,18,26,1.49,15.6
2024,11,15,18,56,1.56,15.5
2024,11,15,19,26,1.47,15.5
2024,11,15,19,56,1.46,15.4
2024,11,15,20,26,1.45,15.3
2024,11,15,20,56,1.39,15.1
2024,11,15,21,26,1.32,14.8
2024,11,15,21,56,1.28,14.7
2024,11,15,22,26,1.35,14.7
2024,11,15,22,56,1.37,14.7
2024,11,15,23,26,1.51,14.5
2024,11,15,23,56,1.53,13.9
2024,11,16,0,26,1.48,13.8
2024,11,16,0,56,1.36,13.7
2024,11,16,1,26,1.18,13.4
2024,11,16,2,26,1.08,13.6
2024,11,16,2,56,1.08,13.5
2024,11,16,3,26,1.23,13.5
2024,11,16,3,56,1.33,13.6
2024,11,16,4,26,1.16,13.7
2024,11,16,4,56,1.36,13.7
2024,11,16,5,26,1.49,13.7
2024,11,16,5,56,1.68,13.6
2024,11,16,6,26,1.56,13.6
2024,11,16,6,56,1.59,13.5
2024,11,16,7,26,1.49,13.5
2024,11,16,7,56,1.61,14
2024,11,16,8,26,1.53,14.2
2024,11,16,8,56,1.56,14.1
2024,11,16,9,26,1.49,14.1
2024,11,16,9,56,1.46,14.1
2024,11,16,10,26,1.4,14.1
2024,11,16,10,56,1.31,14.1
2024,11,16,11,26,1.32,14.1
2024,11,16,11,56,1.28,14.1
2024,11,16,12,26,1.18,14.1
2024,11,16,12,56,1.25,14
2024,11,16,13,26,1.27,14
2024,11,16,13,56,1.23,13.8
2024,11,16,14,26,1.07,13.6
2024,11,16,14,56,1.07,13.6
2024,11,16,15,26,0.97,13.7
2024,11,16,15,56,1.04,13.7
2024,11,16,16,26,1.05,13.9
2024,11,16,16,56,1.19,14.1
2024,11,16,17,26,1.01,14.2
2024,11,16,17,56,1.02,14.2
2024,11,16,18,26,0.92,14.3
2024,11,16,18,56,0.92,14.4
2024,11,16,19,26,0.92,14.4
2024,11,16,19,56,0.88,14.4
2024,11,16,20,26,0.84,14.4
2024,11,16,20,56,0.83,14.3
2024,11,16,21,26,0.85,14.1
2024,11,16,21,56,0.9,13.9
2024,11,16,22,26,0.92,13.8
2024,11,16,22,56,1.01,13.7
2024,11,16,23,26,0.99,13.6
2024,11,16,23,56,0.98,13.6
2024,11,17,0,26,0.99,13.6
2024,11,17,0,56,0.94,13.6
2024,11,17,1,26,0.92,13.6
2024,11,17,1,56,0.89,13.6
2024,11,17,2,26,0.93,13.6
2024,11,17,2,56,0.92,13.6
2024,11,17,3,26,0.92,13.7
2024,11,17,3,56,0.86,13.7
2024,11,17,4,26,0.89,13.6
2024,11,17,4,56,0.94,13.6
2024,11,17,5,26,0.96,13.6
2024,11,17,5,56,1,13.9
2024,11,17,6,26,0.98,14
2024,11,17,6,56,1.04,14.1
2024,11,17,7,26,0.98,14.1
2024,11,17,7,56,1.01,14.1
2024,11,17,8,26,0.94,14
2024,11,17,8,56,0.94,14
2024,11,17,9,26,0.97,13.9
2024,11,17,9,56,0.92,13.9
2024,11,17,10,26,0.89,13.9
2024,11,17,10,56,0.84,13.9
2024,11,17,11,26,0.86,13.8
2024,11,17,11,56,0.8,13.8
2024,11,17,12,26,0.82,13.8
2024,11,17,12,56,0.77,13.8
2024,11,17,13,26,0.73,13.8
2024,11,17,13,56,0.76,13.8
2024,11,17,14,26,0.73,13.8
2024,11,17,14,56,0.74,13.8
2024,11,17,15,26,0.8,13.7
2024,11,17,15,56,0.76,13.7
2024,11,17,16,26,0.77,13.7
2024,11,17,16,56,0.76,13.7
2024,11,17,17,26,0.82,13.8
2024,11,17,17,56,0.84,13.9
2024,11,17,18,26,0.87,14.1
2024,11,17,18,56,0.84,14.2
2024,11,17,19,26,0.77,14.2
2024,11,17,19,56,0.77,14.1
2024,11,17,20,26,0.76,14.2
2024,11,17,20,56,0.77,14.1
2024,11,17,21,26,0.78,14.1
2024,11,17,21,56,0.77,14
2024,11,17,22,26,0.76,14
2024,11,17,22,56,0.78,14
2024,11,17,23,26,0.77,14
2024,11,17,23,56,0.76,14
2024,11,18,0,26,0.75,14
2024,11,18,0,56,0.74,14
2024,11,18,1,26,0.75,14
2024,11,18,1,56,0.72,14
2024,11,18,2,26,0.73,14
2024,11,18,2,56,0.78,13.9
2024,11,18,3,56,0.72,13.9
2024,11,18,4,26,0.74,13.9
2024,11,18,4,56,0.78,13.9
2024,11,18,5,26,0.74,14
2024,11,18,5,56,0.74,14
2024,11,18,6,26,0.75,14
2024,11,18,6,56,0.76,14
2024,11,18,7,26,0.75,14
2024,11,18,7,56,0.75,14
2024,11,18,8,26,0.8,14
2024,11,18,8,56,0.77,14
2024,11,18,9,26,0.77,14
2024,11,18,9,56,0.75,14
2024,11,18,10,26,0.78,14
2024,11,18,10,56,0.73,13.9
2024,11,18,11,26,0.78,13.9
2024,11,18,11,56,0.76,13.9
2024,11,18,12,26,0.77,13.9
2024,11,18,12,56,0.8,13.9
2024,11,18,13,26,0.8,13.8
2024,11,18,13,56,0.77,13.8
2024,11,18,14,26,0.78,13.8
2024,11,18,14,56,0.82,13.8
2024,11,18,15,26,0.78,13.8
2024,11,18,15,56,0.77,13.8
2024,11,18,16,26,0.8,13.8
2024,11,18,16,56,0.82,13.8
2024,11,18,17,26,0.78,13.8
2024,11,18,17,56,0.86,13.9
2024,11,18,18,26,0.87,14.1
2024,11,18,18,56,0.86,14.2
2024,11,18,19,26,0.84,14.2
2024,11,18,19,56,0.89,14.2
2024,11,18,20,26,0.88,14.1
2024,11,18,20,56,0.82,14.2
2024,11,18,21,26,0.86,14
2024,11,18,21,56,0.9,14.3
2024,11,18,22,26,0.88,14.3
2024,11,18,22,56,0.85,14.2
2024,11,18,23,26,0.91,14.3
2024,11,18,23,56,0.91,14.8
2024,11,19,0,26,0.9,15
2024,11,19,0,56,0.94,14.9
2024,11,19,1,26,0.91,14.7
2024,11,19,1,56,0.9,14.7
2024,11,19,2,26,0.93,14.4
2024,11,19,2,56,0.87,14.5
2024,11,19,3,26,0.88,14.5
2024,11,19,3,56,0.95,14.4
2024,11,19,4,26,1.03,14.4
2024,11,19,4,56,0.99,14.3
2024,11,19,5,26,1.05,14.3
2024,11,19,5,56,1.05,14.3
2024,11,19,6,26,1.1,14.3
2024,11,19,6,56,1.05,14.2
2024,11,19,7,26,1.04,14.2
2024,11,19,7,56,1.02,14.2
2024,11,19,8,26,1.05,14.2
2024,11,19,8,56,0.95,14.2
2024,11,19,9,26,0.88,14.1
2024,11,19,9,56,0.92,14.1
2024,11,19,10,26,0.9,14.1
2024,11,19,10,56,0.86,14
2024,11,19,11,26,0.82,14.1
2024,11,19,11,56,0.79,14.1
2024,11,19,12,26,0.83,14.1
2024,11,19,12,56,0.75,14.1
2024,11,19,13,26,0.74,14.1
2024,11,19,13,56,0.73,14
2024,11,19,14,26,0.72,14
2024,11,19,14,56,0.74,13.9
2024,11,19,15,26,0.72,13.9
2024,11,19,15,56,0.76,13.9
2024,11,19,16,26,0.72,13.9
2024,11,19,16,56,0.7,13.9
2024,11,19,17,26,0.76,14
2024,11,19,17,56,0.8,14.2
2024,11,19,18,26,0.85,14.3
2024,11,19,18,56,0.74,14.5
2024,11,19,19,26,0.77,14.6
2024,11,19,19,56,0.82,15
2024,11,19,20,26,0.77,14.9
2024,11,19,20,56,0.71,14.6
2024,11,19,21,26,0.73,14.4
2024,11,19,21,56,0.72,14.5
2024,11,19,22,26,0.74,14.4
2024,11,19,22,56,0.77,14.3
2024,11,19,23,26,0.77,14.3
2024,11,19,23,56,0.81,14.2
2024,11,20,0,26,0.76,14.1
2024,11,20,0,56,0.71,14
2024,11,20,1,26,0.72,14
2024,11,20,1,56,0.64,14.1
2024,11,20,2,26,0.62,14.1
2024,11,20,2,56,0.62,14.1
2024,11,20,3,26,0.61,14.1
2024,11,20,3,56,0.65,14.1
2024,11,20,4,26,0.67,14.1
2024,11,20,4,56,0.68,14.1
2024,11,20,5,26,0.67,14.1
2024,11,20,5,56,0.66,14.1
2024,11,20,6,26,0.62,14.1
2024,11,20,6,56,0.61,14.1
2024,11,20,7,26,0.65,14.1
2024,11,20,7,56,0.65,14.1
2024,11,20,8,26,0.65,14
2024,11,20,8,56,0.65,14
2024,11,20,9,26,0.65,14
2024,11,20,9,56,0.64,14
2024,11,20,10,26,0.59,14
2024,11,20,10,56,0.59,14.1
2024,11,20,11,26,0.6,14.1
2024,11,20,11,56,0.57,14.1
2024,11,20,12,26,0.58,14
2024,11,20,12,56,0.6,14
2024,11,20,13,26,0.58,14
2024,11,20,13,56,0.54,14
2024,11,20,14,26,0.57,14
2024,11,20,14,56,0.51,14
2024,11,20,15,26,0.49,14
2024,11,20,15,56,0.58,14
2024,11,20,16,26,0.54,14
2024,11,20,16,56,0.56,14
2024,11,20,17,26,0.58,14.1
2024,11,20,17,56,0.58,14.2
2024,11,20,18,26,0.57,14.4
2024,11,20,18,56,0.61,14.6
2024,11,20,19,26,0.6,14.6
2024,11,20,19,56,0.65,14.7
2024,11,20,20,26,0.61,14.8
2024,11,20,20,56,0.64,14.9
2024,11,20,21,26,0.6,15
2024,11,20,21,56,0.63,14.9
2024,11,20,22,26,0.61,14.8
2024,11,20,22,56,0.63,14.7
2024,11,20,23,26,0.59,14.7
2024,11,20,23,56,0.57,14.5
2024,11,21,0,26,0.61,14.3
2024,11,21,0,56,0.61,14.2
2024,11,21,1,26,0.61,14.3
2024,11,21,1,56,0.58,14.3
2024,11,21,2,26,0.6,14.3
2024,11,21,2,56,0.55,14.3
2024,11,21,3,26,0.54,14.3
2024,11,21,3,56,0.53,14.2
2024,11,21,4,26,0.58,14.2
2024,11,21,4,56,0.52,14.2
2024,11,21,5,26,0.52,14.1
2024,11,21,5,56,0.54,14.1
2024,11,21,6,26,0.55,14.1
2024,11,21,6,56,0.55,14.1
2024,11,21,7,26,0.56,14.1
2024,11,21,7,56,0.53,14.1
2024,11,21,8,26,0.57,14.2
2024,11,21,8,56,0.52,14.2
2024,11,21,9,26,0.59,14.2
2024,11,21,9,56,0.6,14.2
2024,11,21,10,26,0.55,14.2
2024,11,21,10,56,0.6,14.2
2024,11,21,11,26,0.63,14.2
2024,11,21,11,56,0.63,14.2
2024,11,21,12,26,0.66,14.2
2024,11,21,12,56,0.61,14.2
2024,11,21,13,26,0.7,14.2
2024,11,21,13,56,0.63,14.2
2024,11,21,14,26,0.68,14.2
2024,11,21,14,56,0.73,14.2
2024,11,21,15,26,0.74,14.2
2024,11,21,15,56,0.82,14.2
2024,11,21,16,26,0.74,14.2
2024,11,21,16,56,0.75,14.3
2024,11,21,17,26,0.83,14.3
2024,11,21,17,56,0.84,14.4
2024,11,21,18,26,0.89,14.5
2024,11,21,18,56,0.84,14.6
2024,11,21,19,26,0.73,14.6
2024,11,21,19,56,0.83,14.7
2024,11,21,20,26,0.85,14.6
2024,11,21,20,56,0.83,14.6
2024,11,21,21,26,0.95,14.6
2024,11,21,21,56,0.87,14.5
2024,11,21,22,26,0.96,14.5
2024,11,21,22,56,0.98,14.4
2024,11,21,23,26,0.97,14.4
2024,11,21,23,56,0.94,14.3
2024,11,22,0,26,0.85,14.3
2024,11,22,0,56,0.84,14.2
2024,11,22,1,26,0.95,14.2
2024,11,22,1,56,0.87,14.2
2024,11,22,2,26,0.85,14.2
2024,11,22,2,56,0.9,14.2
2024,11,22,3,26,0.85,14.2
2024,11,22,3,56,0.88,14.1
2024,11,22,4,26,0.88,14.1
2024,11,22,4,56,0.79,14.1
2024,11,22,5,26,0.97,14.1
2024,11,22,5,56,0.98,14.1
2024,11,22,6,26,0.9,14.1
2024,11,22,6,56,0.86,14.1
2024,11,22,7,26,0.98,14.1
2024,11,22,7,56,0.86,14.1
2024,11,22,8,26,0.92,14.1
2024,11,22,8,56,0.93,14.1
2024,11,22,9,26,1.1,14.1
2024,11,22,9,56,0.89,14.1
2024,11,22,10,26,0.86,14.1
2024,11,22,10,56,0.92,14.1
2024,11,22,11,26,0.82,14.1
2024,11,22,11,56,0.96,14.1
2024,11,22,12,26,0.85,14.1
2024,11,22,12,56,0.86,14
2024,11,22,13,26,0.9,14
2024,11,22,13,56,0.87,14
2024,11,22,14,26,0.79,14
2024,11,22,14,56,0.8,14
2024,11,22,15,26,0.95,14
2024,11,22,15,56,1.01,14
2024,11,22,16,26,0.79,14.1
2024,11,22,16,56,0.87,14.1
2024,11,22,17,26,0.81,14.1
2024,11,22,17,56,0.83,14.2
2024,11,22,18,26,0.76,14.4
2024,11,22,18,56,0.83,14.6
2024,11,22,19,26,0.88,14.8
2024,11,22,19,56,0.86,14.7
2024,11,22,20,26,0.81,14.5
2024,11,22,20,56,0.89,14.5
2024,11,22,21,26,0.84,14.5
2024,11,22,21,56,0.8,14.4
2024,11,22,22,26,0.88,14.3
2024,11,22,22,56,0.89,14.3
2024,11,22,23,26,1.03,14.2
2024,11,22,23,56,0.92,14.1
2024,11,23,0,26,0.92,14
2024,11,23,0,56,0.89,14
2024,11,23,1,26,0.88,13.9
2024,11,23,1,56,0.82,13.9
2024,11,23,2,26,0.82,13.9
2024,11,23,2,56,0.75,13.9
2024,11,23,3,26,0.78,13.9
2024,11,23,3,56,0.8,13.9
2024,11,23,4,26,0.76,14
2024,11,23,4,56,0.71,14
2024,11,23,5,26,0.73,14
2024,11,23,5,56,0.99,14
2024,11,23,6,26,0.72,14
2024,11,23,6,56,0.9,13.9
2024,11,23,7,26,0.73,13.9
2024,11,23,7,56,0.78,13.9
2024,11,23,8,26,0.73,13.9
2024,11,23,8,56,0.83,13.8
2024,11,23,9,26,0.86,13.8
2024,11,23,9,56,0.75,13.8
2024,11,23,10,26,0.72,13.7
2024,11,23,10,56,0.78,13.7
2024,11,23,11,26,0.78,13.7
2024,11,23,11,56,0.74,13.7
2024,11,23,12,26,0.83,13.7
2024,11,23,13,26,0.8,13.8
2024,11,23,13,56,0.76,13.7
2024,11,23,14,26,0.8,13.7
2024,11,23,14,56,0.96,13.7
2024,11,23,15,26,0.78,13.7
2024,11,23,15,56,0.93,13.7
2024,11,23,16,26,0.69,13.7
2024,11,23,16,56,0.74,13.7
2024,11,23,17,26,0.81,13.7
2024,11,23,17,56,0.71,13.8
2024,11,23,18,26,0.85,14.1
2024,11,23,18,56,0.68,14.1
2024,11,23,19,26,0.7,14.1
2024,11,23,19,56,0.71,14.2
2024,11,23,20,26,0.68,14.2
2024,11,23,20,56,0.78,14.2
2024,11,23,21,26,0.71,14.2
2024,11,23,21,56,0.77,14.3
2024,11,23,22,26,0.76,14.4
2024,11,23,22,56,0.74,14.4
2024,11,23,23,26,0.82,14.4
2024,11,23,23,56,0.75,14.3
2024,11,24,0,26,0.74,14.2
2024,11,24,0,56,0.84,14.2
2024,11,24,1,26,0.73,14.2
2024,11,24,1,56,0.74,14.2
2024,11,24,2,26,0.69,14.2
2024,11,24,2,56,0.7,14.2
2024,11,24,3,26,0.73,14.1
2024,11,24,3,56,0.74,14.1
2024,11,24,4,26,0.76,14.1
2024,11,24,4,56,0.71,14.1
2024,11,24,5,26,0.81,14
2024,11,24,5,56,0.7,14
2024,11,24,6,26,0.67,14
2024,11,24,6,56,0.65,14
2024,11,24,7,26,0.7,14
2024,11,24,7,56,0.69,14
2024,11,24,8,26,0.71,14
2024,11,24,8,56,0.73,14
2024,11,24,9,26,0.78,14.2
2024,11,24,9,56,0.84,14.2
2024,11,24,10,26,0.86,14.2
2024,11,24,10,56,0.83,14.2
2024,11,24,11,26,0.8,14.2
2024,11,24,11,56,0.86,14.2
2024,11,24,12,26,0.77,14.2
2024,11,24,12,56,0.77,14.1
2024,11,24,13,26,0.78,14.1
2024,11,24,13,56,0.75,14.1
2024,11,24,14,26,0.81,14.1
2024,11,24,14,56,0.81,14.1
2024,11,24,15,26,0.81,14.1
2024,11,24,15,56,0.73,14.1
2024,11,24,16,26,0.7,14.1
2024,11,24,16,56,0.73,14.1
2024,11,24,17,26,0.75,14
2024,11,24,17,56,0.75,14.1
2024,11,24,18,26,0.73,14
2024,11,24,18,56,0.72,14.1
2024,11,24,19,26,0.7,14.1
2024,11,24,19,56,0.74,14.2
2024,11,24,20,26,0.81,14.2
2024,11,24,20,56,0.83,14.2
2024,11,24,21,26,0.85,14.3
2024,11,24,21,56,0.77,14.3
2024,11,24,22,26,0.9,14.3
2024,11,24,22,56,0.83,14.3
2024,11,24,23,26,0.83,14.4
2024,11,24,23,56,0.77,14.3
2024,11,25,0,26,0.76,14.3
2024,11,25,0,56,0.82,14.3
2024,11,25,1,26,0.83,14.3
2024,11,25,1,56,0.75,14.2
2024,11,25,2,26,0.76,14.2
2024,11,25,2,56,0.71,14.2
2024,11,25,3,26,0.79,14.2
2024,11,25,3,56,0.75,14.2
2024,11,25,4,26,0.74,14.2
2024,11,25,4,56,0.76,14.2
2024,11,25,5,26,0.75,14.2
2024,11,25,5,56,0.76,14.1
2024,11,25,6,26,0.72,14.1
2024,11,25,6,56,0.7,14.1
2024,11,25,7,26,0.73,14.1
2024,11,25,7,56,0.73,14.1
2024,11,25,8,26,0.73,14.1
2024,11,25,8,56,0.68,14.1
2024,11,25,9,26,0.72,14.1
2024,11,25,9,56,0.78,14.1
2024,11,25,10,26,0.65,14.1
2024,11,25,10,56,0.69,14.1
2024,11,25,11,26,0.61,14
2024,11,25,11,56,0.57,14
2024,11,25,12,26,0.65,14.1
2024,11,25,12,56,0.66,14.1
2024,11,25,13,26,0.69,14
2024,11,25,13,56,0.66,14
2024,11,25,14,26,0.64,14
2024,11,25,14,56,0.68,14
2024,11,25,15,26,0.66,14
2024,11,25,15,56,0.57,14
2024,11,25,16,26,0.53,14
2024,11,25,16,56,0.62,14
2024,11,25,17,26,0.63,14.1
2024,11,25,17,56,0.64,14.1
2024,11,25,18,26,0.59,14.2
2024,11,25,18,56,0.55,14.3
2024,11,25,19,26,0.56,14.4
2024,11,25,19,56,0.54,14.6
2024,11,25,20,26,0.55,14.8
2024,11,25,20,56,0.66,14.8
2024,11,25,21,26,0.54,14.7
2024,11,25,21,56,0.56,14.5
2024,11,25,22,26,0.57,14.6
2024,11,25,22,56,0.59,14.6
2024,11,25,23,26,0.58,14.6
2024,11,25,23,56,0.6,14.5
2024,11,26,0,26,0.66,14.5
2024,11,26,0,56,0.59,14.4
2024,11,26,1,26,0.56,14.3
2024,11,26,1,56,0.59,14.3
2024,11,26,2,26,0.59,14.3
2024,11,26,2,56,0.53,14.3
2024,11,26,3,26,0.59,14.2
2024,11,26,3,56,0.66,14.2
2024,11,26,4,26,0.58,14.2
2024,11,26,4,56,0.56,14.2
2024,11,26,5,26,0.54,14.1
2024,11,26,5,56,0.57,14.1
2024,11,26,6,26,0.53,14.1
2024,11,26,6,56,0.55,14.1
2024,11,26,7,26,0.58,14.1
2024,11,26,7,56,0.55,14.1
2024,11,26,8,26,0.5,14.1
2024,11,26,8,56,0.52,14.1
2024,11,26,9,26,0.58,14.1
2024,11,26,9,56,0.65,14.1
2024,11,26,10,26,0.61,14
2024,11,26,10,56,0.63,14
2024,11,26,11,26,0.58,14
2024,11,26,11,56,0.6,14
2024,11,26,12,26,0.54,14
2024,11,26,12,56,0.59,14
2024,11,26,13,26,0.59,14
2024,11,26,13,56,0.62,14.1
2024,11,26,14,26,0.6,14.1
2024,11,26,14,56,0.62,14.1
2024,11,26,15,26,0.53,14.1
2024,11,26,15,56,0.64,14.1
2024,11,26,16,26,0.63,14.2
2024,11,26,16,56,0.64,14.3
2024,11,26,17,26,0.62,14.6
2024,11,26,17,56,0.58,14.7
2024,11,26,18,26,0.65,14.7
2024,11,26,18,56,0.72,14.4
2024,11,26,19,26,0.61,14.7
2024,11,26,19,56,0.6,14.6
2024,11,26,20,26,0.64,14.7
2024,11,26,20,56,0.66,14.8
2024,11,26,21,26,0.64,14.8
2024,11,26,21,56,0.65,14.8
2024,11,26,22,26,0.68,14.7
2024,11,26,22,56,0.72,14.7
2024,11,26,23,26,0.77,14.6
2024,11,26,23,56,0.7,14.5
2024,11,27,0,26,0.83,14.4
2024,11,27,0,56,0.78,14.4
2024,11,27,1,26,0.86,14.4
2024,11,27,1,56,0.76,14.4
2024,11,27,2,26,0.8,14.5
2024,11,27,2,56,0.78,14.5
2024,11,27,3,26,0.76,14.5
2024,11,27,3,56,0.77,14.5
2024,11,27,4,26,0.74,14.4
2024,11,27,4,56,0.75,14.4
2024,11,27,5,26,0.86,14.3
2024,11,27,5,56,0.86,14.5
2024,11,27,6,26,0.72,14.5
2024,11,27,6,56,0.7,14.5
2024,11,27,7,26,0.81,14.5
2024,11,27,7,56,0.74,14.5
2024,11,27,8,26,0.85,14.4
2024,11,27,8,56,0.92,14.3
2024,11,27,9,26,0.77,14.3
2024,11,27,9,56,0.77,14.4
2024,11,27,10,26,0.97,14.4
2024,11,27,10,56,0.89,14.4
2024,11,27,11,26,0.77,14.6
2024,11,27,11,56,1.12,14.6
2024,11,27,12,26,0.97,14.4
2024,11,27,12,56,0.98,14.2
2024,11,27,13,26,0.96,14.3
2024,11,27,13,56,1.03,14.2
2024,11,27,14,26,0.97,14.3
2024,11,27,14,56,0.8,14.3
2024,11,27,15,26,0.95,14.3
2024,11,27,15,56,0.81,14.4
2024,11,27,16,26,1.01,14.4
2024,11,27,16,56,0.82,14.4
2024,11,27,17,26,1.15,14.4
2024,11,27,17,56,1.04,14.6
2024,11,27,18,26,0.93,14.6
2024,11,27,18,56,1.1,14.6
2024,11,27,19,26,0.84,14.6
2024,11,27,19,56,1.25,14.7
2024,11,27,20,26,1,14.8
2024,11,27,20,56,0.95,14.8
2024,11,27,21,26,1.11,14.9
2024,11,27,21,56,1.04,14.7
2024,11,27,22,26,1.3,14.8
2024,11,27,22,56,1.25,14.7
2024,11,27,23,26,1.2,14.6
2024,11,27,23,56,1.38,14.6
2024,11,28,0,26,1.11,14.5
2024,11,28,0,56,0.99,14.5
2024,11,28,1,26,1.19,14.4
2024,11,28,1,56,1.46,14.4
2024,11,28,2,26,1.59,14.4
2024,11,28,2,56,1.58,14.4
2024,11,28,3,26,1.35,14.4
2024,11,28,3,56,1.43,14.4
2024,11,28,4,26,1.44,14.4
2024,11,28,4,56,1.18,14.4
2024,11,28,5,26,1.52,14.4
2024,11,28,5,56,1.04,14.4
2024,11,28,6,26,1.17,14.4
2024,11,28,6,56,1.48,14.3
2024,11,28,7,26,0.99,14.3
2024,11,28,7,56,1.31,14.3
2024,11,28,8,26,1.33,14.3
2024,11,28,8,56,0.97,14.4
2024,11,28,9,26,1.5,14.4
2024,11,28,9,56,1.44,14.4
2024,11,28,10,26,1.72,14.3
2024,11,28,10,56,1.51,14.3
2024,11,28,11,26,1.44,14.3
2024,11,28,11,56,1.27,14.4
2024,11,28,12,26,1.47,14.4
2024,11,28,12,56,1.58,14.4
2024,11,28,13,26,1.26,14.4
2024,11,28,13,56,2.24,14.3
2024,11,28,14,26,1.25,14.4
2024,11,28,14,56,1.79,14.5
2024,11,28,15,26,1.31,14.5
2024,11,28,15,56,1.5,14.5
2024,11,28,16,26,1.07,14.5
2024,11,28,16,56,1.74,14.5
2024,11,28,17,26,1.5,14.6
2024,11,28,17,56,1.76,14.6
2024,11,28,18,26,1.33,14.7
2024,11,28,18,56,1.65,14.7
2024,11,28,19,26,1.14,14.7
2024,11,28,19,56,1.15,14.7
2024,11,28,20,26,1.34,14.7
2024,11,28,20,56,1.25,14.7
2024,11,28,21,26,1.23,14.8
2024,11,28,21,56,1.12,14.8
2024,11,28,22,26,1.43,14.7
2024,11,28,22,56,1.38,14.7
2024,11,28,23,26,1.31,14.7
2024,11,28,23,56,1.22,14.6
2024,11,29,0,26,1.24,14.6
2024,11,29,0,56,1.33,14.6
2024,11,29,1,26,1.21,14.6
2024,11,29,1,56,1.39,14.5
2024,11,29,2,26,1.31,14.5
2024,11,29,2,56,1.33,14.5
2024,11,29,3,26,1.28,14.5
2024,11,29,3,56,1.24,14.5
2024,11,29,4,26,1.45,14.5
2024,11,29,4,56,1.28,14.4
2024,11,29,5,26,1.21,14.4
2024,11,29,5,56,1.27,14.4
2024,11,29,6,26,1.28,14.4
2024,11,29,6,56,1.25,14.4
2024,11,29,7,26,1.37,14.4
2024,11,29,7,56,1.49,14.3
2024,11,29,8,26,1.54,14.3
2024,11,29,8,56,1.3,14.3
2024,11,29,9,26,1,14.3
2024,11,29,9,56,1.19,14.3
2024,11,29,10,26,1.35,14.3
2024,11,29,10,56,1.41,14.3
2024,11,29,11,26,1.45,14.3
2024,11,29,11,56,1.48,14.3
2024,11,29,12,26,1.16,14.3
2024,11,29,12,56,1.33,14.3
2024,11,29,13,26,1.3,14.3
2024,11,29,13,56,1.16,14.3
2024,11,29,14,26,1.04,14.3
2024,11,29,14,56,1.43,14.3
2024,11,29,15,26,1.2,14.3
2024,11,29,15,56,1.12,14.3
2024,11,29,16,26,1.32,14.3
2024,11,29,16,56,1.12,14.2
2024,11,29,17,26,1.14,14.3
2024,11,29,17,56,1.61,14.2
2024,11,29,18,26,1.14,14.3
2024,11,29,18,56,1.28,14.3
2024,11,29,19,26,1.05,14.3
2024,11,29,19,56,1.27,14.3
2024,11,29,20,26,1.05,14.4
2024,11,29,20,56,1.31,14.5
2024,11,29,21,26,1.1,14.5
2024,11,29,21,56,1.18,14.4
2024,11,29,22,26,1.26,14.5
2024,11,29,22,56,1.2,14.4
2024,11,29,23,26,1.11,14.4
2024,11,29,23,56,1.17,14.4
2024,11,30,0,26,1.21,14.3
2024,11,30,0,56,0.97,14.3
2024,11,30,1,26,0.97,14.4
2024,11,30,1,56,0.93,14.4
2024,11,30,2,26,1.12,14.4
2024,11,30,2,56,1.15,14.4
2024,11,30,3,26,1.05,14.3
2024,11,30,3,56,1.21,14.3
2024,11,30,4,26,1.13,14.3
2024,11,30,4,56,1.18,14.3
2024,11,30,5,26,1.07,14.3
2024,11,30,5,56,0.93,14.2
2024,11,30,6,26,1.21,14.2
2024,11,30,6,56,1.02,14.2
2024,11,30,7,26,1.09,14.2
2024,11,30,7,56,1.15,14.2
2024,11,30,8,26,0.86,14.2
2024,11,30,8,56,1.01,14.2
2024,11,30,9,26,1.02,14.2
2024,11,30,9,56,0.98,14.2
2024,11,30,10,26,0.97,14.1
2024,11,30,10,56,1.11,14.1
2024,11,30,11,26,0.99,14.1
2024,11,30,11,56,0.99,14.1
2024,11,30,12,26,1.03,14
2024,11,30,12,56,0.95,14
2024,11,30,13,26,1.01,14.1
2024,11,30,13,56,0.9,14
2024,11,30,14,26,0.99,14
2024,11,30,14,56,0.95,14
2024,11,30,15,26,1.01,14
2024,11,30,15,56,1.09,14.1
2024,11,30,16,26,0.94,14.1
2024,11,30,16,56,0.87,14.2
2024,11,30,17,26,0.89,14.2
2024,11,30,17,56,1,14.2
2024,11,30,18,26,0.8,14.5
2024,11,30,18,56,0.79,14.8
2024,11,30,19,26,0.99,15.1
2024,11,30,19,56,1.03,14.8
2024,11,30,20,26,0.85,14.6
2024,11,30,20,56,0.86,14.5
2024,11,30,21,26,0.83,14.5
2024,11,30,21,56,0.82,14.4
2024,11,30,22,26,0.82,14.4
2024,11,30,22,56,0.89,14.2
2024,11,30,23,26,0.94,14.3
2024,11,30,23,56,0.86,14.4
2024,12,1,0,26,0.89,14.3
2024,12,1,0,56,0.9,14.2
2024,12,1,1,26,0.69,14.2
2024,12,1,1,56,0.9,14.3
2024,12,1,2,26,0.8,14.3
2024,12,1,2,56,0.83,14.3
2024,12,1,3,26,0.76,14.2
2024,12,1,3,56,0.77,14.2
2024,12,1,4,26,0.83,14.2
2024,12,1,4,56,0.76,14.2
2024,12,1,5,26,0.74,14.2
2024,12,1,5,56,0.82,14.2
2024,12,1,6,26,0.73,14.1
2024,12,1,6,56,0.7,14.1
2024,12,1,7,26,0.65,14.2
2024,12,1,7,56,0.85,14.2
2024,12,1,8,26,0.88,14.2
2024,12,1,8,56,0.81,14.2
2024,12,1,9,26,0.74,14.2
2024,12,1,9,56,0.79,14.3
2024,12,1,10,26,0.8,14.3
2024,12,1,10,56,0.7,14.3
2024,12,1,11,26,0.77,14.3
2024,12,1,11,56,0.74,14.3
2024,12,1,12,26,0.59,14.3
2024,12,1,12,56,0.74,14.3
2024,12,1,13,26,0.81,14.3
2024,12,1,13,56,0.61,14.3
2024,12,1,14,26,0.66,14.3
2024,12,1,14,56,0.65,14.2
2024,12,1,15,26,0.68,14.2
2024,12,1,15,56,0.7,14.3
2024,12,1,16,26,0.53,14.3
2024,12,1,16,56,0.73,14.3
2024,12,1,17,26,0.68,14.4
2024,12,1,17,56,0.67,14.5
2024,12,1,18,26,0.73,14.4
2024,12,1,18,56,0.61,14.9
2024,12,1,19,26,0.65,14.6
2024,12,1,19,56,0.63,15
2024,12,1,20,26,0.63,15.2
2024,12,1,20,56,0.65,15.1
2024,12,1,21,26,0.67,15
2024,12,1,21,56,0.59,14.8
2024,12,1,22,26,0.65,14.7
2024,12,1,22,56,0.67,14.7
2024,12,1,23,26,0.62,14.6
2024,12,1,23,56,0.67,14.5
2024,12,2,0,26,0.69,14.4
2024,12,2,0,56,0.77,14.4
2024,12,2,1,26,0.76,14.4
2024,12,2,1,56,0.75,14.3
2024,12,2,2,26,0.85,14.3
2024,12,2,2,56,0.74,14.3
2024,12,2,3,26,0.74,14.3
2024,12,2,3,56,0.8,14.3
2024,12,2,4,26,0.81,14.3
2024,12,2,4,56,0.86,14.3
2024,12,2,5,26,0.79,14.2
2024,12,2,5,56,0.77,14.2
2024,12,2,6,26,0.82,14.2
2024,12,2,6,56,0.81,14.2
2024,12,2,7,26,0.75,14.2
2024,12,2,7,56,0.92,14.2
2024,12,2,8,26,0.85,14.2
2024,12,2,8,56,0.82,14.2
2024,12,2,9,26,0.89,14.2
2024,12,2,9,56,0.81,14.2
2024,12,2,10,26,0.84,14.2
2024,12,2,10,56,0.74,14.2
2024,12,2,11,26,0.89,14.3
2024,12,2,11,56,0.84,14.2
2024,12,2,12,26,0.77,14.2
2024,12,2,12,56,0.81,14.2
2024,12,2,13,26,0.87,14.2
2024,12,2,13,56,0.9,14.2
2024,12,2,14,26,0.8,14.2
2024,12,2,14,56,0.92,14.1
2024,12,2,15,26,0.9,14.2
2024,12,2,15,56,0.78,14.2
2024,12,2,16,26,0.8,14.2
2024,12,2,16,56,0.79,14.3
2024,12,2,17,26,0.82,14.3
2024,12,2,17,56,0.76,14.4
2024,12,2,18,26,0.9,14.5
2024,12,2,18,56,0.77,14.7
2024,12,2,19,26,0.79,14.5
2024,12,2,19,56,0.72,14.7
2024,12,2,20,26,0.87,14.9
2024,12,2,20,56,0.79,14.8
2024,12,2,21,26,0.94,14.7
2024,12,2,21,56,0.84,14.7
2024,12,2,22,26,0.85,14.7
2024,12,2,22,56,0.87,14.6
2024,12,2,23,26,0.84,14.5
2024,12,2,23,56,0.84,14.5
2024,12,3,0,26,0.94,14.4
2024,12,3,0,56,0.76,14.5
2024,12,3,1,26,0.8,14.4
2024,12,3,1,56,0.83,14.4
2024,12,3,2,26,0.74,14.4
2024,12,3,2,56,0.83,14.3
2024,12,3,3,26,0.71,14.3
2024,12,3,3,56,0.79,14.3
2024,12,3,4,26,0.69,14.3
2024,12,3,4,56,0.79,14.2
2024,12,3,5,26,0.85,14.3
2024,12,3,5,56,0.82,14.3
2024,12,3,6,26,0.87,14.2
2024,12,3,6,56,0.84,14.2
2024,12,3,7,26,0.9,14.2
2024,12,3,7,56,0.77,14.2
2024,12,3,8,26,0.71,14.2
2024,12,3,8,56,0.72,14.2
2024,12,3,9,26,0.78,14.2
2024,12,3,9,56,0.82,14.2
2024,12,3,10,26,0.69,14.2
2024,12,3,10,56,0.78,14.2
2024,12,3,11,26,0.79,14.2
2024,12,3,11,56,0.82,14.2
2024,12,3,12,26,0.84,14.2
2024,12,3,12,56,0.76,14.2
2024,12,3,13,26,0.71,14.2
2024,12,3,13,56,0.71,14.2
2024,12,3,14,26,0.85,14.1
2024,12,3,14,56,0.75,14.1
2024,12,3,15,26,0.73,14.2
2024,12,3,15,56,0.86,14.2
2024,12,3,16,26,0.85,14.2
2024,12,3,16,56,0.82,14.2
2024,12,3,17,26,0.83,14.2
2024,12,3,17,56,0.77,14.2
2024,12,3,18,26,0.81,14.3
2024,12,3,18,56,0.82,14.4
2024,12,3,19,26,0.72,14.5
2024,12,3,19,56,0.71,14.6
2024,12,3,20,26,0.79,14.9
2024,12,3,20,56,0.72,14.9
2024,12,3,21,26,0.76,15.1
2024,12,3,21,56,0.79,15
2024,12,3,22,26,0.76,15
2024,12,3,22,56,0.78,14.8
2024,12,3,23,26,0.76,14.8
2024,12,3,23,56,0.71,14.7
2024,12,4,0,26,0.74,14.7
2024,12,4,0,56,0.74,14.6
2024,12,4,1,26,0.74,14.5
2024,12,4,1,56,0.78,14.4
2024,12,4,2,26,0.7,14.4
2024,12,4,2,56,0.63,14.4
2024,12,4,3,26,0.73,14.4
2024,12,4,3,56,0.73,14.4
2024,12,4,4,26,0.66,14.3
2024,12,4,4,56,0.68,14.2
2024,12,4,5,26,0.73,14.2
2024,12,4,5,56,0.79,14.2
2024,12,4,6,26,0.8,14.2
2024,12,4,6,56,0.72,14.2
2024,12,4,7,26,0.8,14.2
2024,12,4,7,56,0.83,14.2
2024,12,4,8,26,0.8,14.2
2024,12,4,8,56,0.75,14.2
2024,12,4,9,26,0.82,14.1
2024,12,4,9,56,0.76,14.1
2024,12,4,10,26,0.73,14.1
2024,12,4,10,56,0.68,14.3
2024,12,4,11,26,0.72,14.3
2024,12,4,11,56,0.66,14.3
2024,12,4,12,26,0.63,14.3
2024,12,4,12,56,0.71,14.3
2024,12,4,13,26,0.75,14.3
2024,12,4,13,56,0.68,14.3
2024,12,4,14,26,0.7,14.3
2024,12,4,14,56,0.62,14.3
2024,12,4,15,26,0.67,14.3
2024,12,4,15,56,0.65,14.3
2024,12,4,16,26,0.62,14.3
2024,12,4,16,56,0.66,14.3
2024,12,4,17,26,0.58,14.3
2024,12,4,17,56,0.59,14.3
2024,12,4,18,26,0.56,14.4
2024,12,4,18,56,0.61,14.5
2024,12,4,19,26,0.62,14.5
2024,12,4,19,56,0.63,14.6
2024,12,4,20,26,0.61,14.8
2024,12,4,20,56,0.65,14.9
2024,12,4,21,26,0.65,14.8
2024,12,4,21,56,0.68,14.7
2024,12,4,22,26,0.62,14.6
2024,12,4,22,56,0.54,14.6
2024,12,4,23,26,0.63,14.5
2024,12,4,23,56,0.74,14.5
2024,12,5,0,26,0.64,14.5
2024,12,5,0,56,0.65,14.4
2024,12,5,1,26,0.69,14.4
2024,12,5,1,56,0.62,14.4
2024,12,5,2,26,0.6,14.4
2024,12,5,2,56,0.53,14.3
2024,12,5,3,26,0.62,14.3
2024,12,5,3,56,0.64,14.3
2024,12,5,4,26,0.59,14.3
2024,12,5,4,56,0.63,14.3
2024,12,5,5,26,0.66,14.3
2024,12,5,5,56,0.6,14.2
2024,12,5,6,26,0.59,14.2
2024,12,5,6,56,0.71,14.2
2024,12,5,7,26,0.59,14.2
2024,12,5,7,56,0.7,14.1
2024,12,5,8,26,0.65,14.2
2024,12,5,8,56,0.58,14.2
2024,12,5,9,26,0.68,14.2
2024,12,5,9,56,0.72,14.2
2024,12,5,10,26,0.62,14.2
2024,12,5,10,56,0.58,14.2
2024,12,5,11,26,0.62,14.2
2024,12,5,11,56,0.64,14.1
2024,12,5,12,26,0.67,14.1
2024,12,5,12,56,0.66,14.2
2024,12,5,13,26,0.6,14.2
2024,12,5,13,56,0.58,14.2
2024,12,5,14,26,0.54,14.2
2024,12,5,14,56,0.61,14.2
2024,12,5,15,26,0.63,14.2
2024,12,5,15,56,0.74,14.2
2024,12,5,16,26,0.62,14.2
2024,12,5,16,56,0.61,14.2
2024,12,5,17,26,0.67,14.2
2024,12,5,17,56,0.65,14.2
2024,12,5,18,26,0.73,14.2
2024,12,5,18,56,0.61,14.2
2024,12,5,19,26,0.6,14.2
2024,12,5,19,56,0.66,14.3
2024,12,5,20,26,0.73,14.3
2024,12,5,20,56,0.74,14.4
2024,12,5,21,26,0.68,14.3
2024,12,5,21,56,0.67,14.5
2024,12,5,22,26,0.72,14.6
2024,12,5,22,56,0.73,14.6
2024,12,5,23,26,0.67,14.4
2024,12,5,23,56,0.7,14.3
2024,12,6,0,26,0.73,14.3
2024,12,6,0,56,0.77,14.2
2024,12,6,1,26,0.67,14.2
2024,12,6,1,56,0.64,14.3
2024,12,6,2,26,0.61,14.3
2024,12,6,2,56,0.67,14.3
2024,12,6,3,26,0.66,14.2
2024,12,6,3,56,0.82,14.2
2024,12,6,4,26,0.76,14.2
2024,12,6,4,56,0.79,14.2
2024,12,6,5,26,0.6,14.1
2024,12,6,5,56,0.62,14.1
2024,12,6,6,26,0.71,14.1
2024,12,6,6,56,0.8,14.1
2024,12,6,7,26,0.74,14.1
2024,12,6,7,56,0.62,14.1
2024,12,6,8,26,0.78,14.1
2024,12,6,8,56,0.69,14
2024,12,6,9,26,0.77,14
2024,12,6,9,56,0.73,14
2024,12,6,10,26,0.76,14
2024,12,6,10,56,0.73,14
2024,12,6,11,26,0.66,14.1
2024,12,6,11,56,0.74,14.1
2024,12,6,12,26,0.74,14.1
2024,12,6,12,56,0.72,14.1
2024,12,6,13,26,0.76,14.1
2024,12,6,13,56,0.7,14.1
2024,12,6,14,26,0.66,14.1
2024,12,6,14,56,0.7,14.1
2024,12,6,15,26,0.73,14.1
2024,12,6,15,56,0.67,14
2024,12,6,16,26,0.77,14
2024,12,6,16,56,0.72,14.1
2024,12,6,17,26,0.68,14.1
2024,12,6,17,56,0.69,14.1
2024,12,6,18,26,0.76,14.2
2024,12,6,18,56,0.72,14.2
2024,12,6,19,26,0.88,14.2
2024,12,6,19,56,0.72,14.2
2024,12,6,20,26,0.8,14.3
2024,12,6,20,56,0.71,14.3
2024,12,6,21,26,0.84,14.3
2024,12,6,21,56,0.85,14.3
2024,12,6,22,26,0.79,14.3
2024,12,6,22,56,0.84,14.2
2024,12,6,23,26,0.7,14.2
2024,12,6,23,56,0.73,14.2
2024,12,7,0,26,0.69,14.1
2024,12,7,0,56,0.88,14.1
2024,12,7,1,26,0.66,14
2024,12,7,1,56,0.73,14
2024,12,7,2,26,0.75,14.1
2024,12,7,2,56,0.68,14.1
2024,12,7,3,26,0.78,14.1
2024,12,7,3,56,0.83,14.1
2024,12,7,4,26,0.78,14.1
2024,12,7,4,56,0.77,14.1
2024,12,7,5,26,0.71,14.1
2024,12,7,5,56,0.67,14.1
2024,12,7,6,26,0.63,14.1
2024,12,7,6,56,0.69,14.1
2024,12,7,7,26,0.67,14
2024,12,7,7,56,0.71,14.1
2024,12,7,8,26,0.62,14.1
2024,12,7,8,56,0.73,14.1
2024,12,7,9,26,0.83,14.1
2024,12,7,9,56,0.73,14.1
2024,12,7,10,26,0.74,14.1
2024,12,7,10,56,0.71,14.1
2024,12,7,11,26,0.79,14.1
2024,12,7,11,56,0.72,14.1
2024,12,7,12,26,0.69,14.1
2024,12,7,12,56,0.66,14.1
2024,12,7,13,26,0.7,14.1
2024,12,7,13,56,0.59,14.1
2024,12,7,14,26,0.64,14.1
2024,12,7,14,56,0.65,14.1
2024,12,7,15,26,0.58,14.1
2024,12,7,15,56,0.64,14.1
2024,12,7,16,26,0.64,14.1
2024,12,7,16,56,0.58,14.1
2024,12,7,17,26,0.61,14.2
2024,12,7,17,56,0.67,14.3
2024,12,7,18,26,0.69,14.4
2024,12,7,18,56,0.73,14.7
2024,12,7,19,26,0.68,14.3
2024,12,7,19,56,0.64,14.9
2024,12,7,20,26,0.67,14.8
2024,12,7,20,56,0.76,15
2024,12,7,21,26,0.66,14.9
2024,12,7,21,56,0.64,14.8
2024,12,7,22,26,0.66,14.7
2024,12,7,22,56,0.66,14.7
2024,12,7,23,26,0.63,14.7
2024,12,7,23,56,0.6,14.6
2024,12,8,0,26,0.64,14.5
2024,12,8,0,56,0.66,14.4
2024,12,8,1,26,0.66,14.3
2024,12,8,1,56,0.6,14.2
2024,12,8,2,26,0.64,14.2
2024,12,8,2,56,0.64,14.2
2024,12,8,3,26,0.6,14.2
2024,12,8,3,56,0.6,14.2
2024,12,8,4,26,0.64,14.2
2024,12,8,4,56,0.65,14.2
2024,12,8,5,26,0.57,14.1
2024,12,8,5,56,0.63,14.1
2024,12,8,6,26,0.61,14.1
2024,12,8,6,56,0.56,14.2
2024,12,8,7,26,0.58,14.2
2024,12,8,7,56,0.59,14.2
2024,12,8,8,26,0.65,14.3
2024,12,8,8,56,0.59,14.3
2024,12,8,9,26,0.65,14.3
2024,12,8,9,56,0.62,14.3
2024,12,8,10,26,0.59,14.3
2024,12,8,10,56,0.67,14.3
2024,12,8,11,26,0.53,14.3
2024,12,8,11,56,0.63,14.3
2024,12,8,12,26,0.62,14.3
2024,12,8,12,56,0.67,14.3
2024,12,8,13,26,0.58,14.3
2024,12,8,13,56,0.59,14.3
2024,12,8,14,26,0.66,14.3
2024,12,8,14,56,0.61,14.3
2024,12,8,15,26,0.54,14.3
2024,12,8,15,56,0.66,14.3
2024,12,8,16,26,0.53,14.3
2024,12,8,16,56,0.57,14.4
2024,12,8,17,26,0.58,14.4
2024,12,8,17,56,0.53,14.4
2024,12,8,18,26,0.57,14.6
2024,12,8,18,56,0.52,14.8
2024,12,8,19,26,0.5,14.9
2024,12,8,19,56,0.5,15.1
2024,12,8,20,26,0.56,15.1
2024,12,8,20,56,0.61,15.2
2024,12,8,21,26,0.55,14.8
2024,12,8,21,56,0.62,15
2024,12,8,22,26,0.57,15
2024,12,8,22,56,0.58,15.1
2024,12,8,23,26,0.59,15
2024,12,8,23,56,0.55,14.9
2024,12,9,0,26,0.58,14.8
2024,12,9,0,56,0.68,14.6
2024,12,9,1,26,0.65,14.6
2024,12,9,1,56,0.64,14.5
2024,12,9,2,26,0.67,14.5
2024,12,9,2,56,0.55,14.5
2024,12,9,3,26,0.61,14.4
2024,12,9,3,56,0.53,14.4
2024,12,9,4,26,0.58,14.4
2024,12,9,4,56,0.64,14.5
2024,12,9,5,26,0.57,14.5
2024,12,9,5,56,0.55,14.5
2024,12,9,6,26,0.58,14.5
2024,12,9,6,56,0.61,14.5
2024,12,9,7,26,0.6,14.5
2024,12,9,7,56,0.6,14.5
2024,12,9,8,26,0.63,14.5
2024,12,9,8,56,0.64,14.5
2024,12,9,9,26,0.59,14.5
2024,12,9,9,56,0.56,14.4
2024,12,9,10,26,0.6,14.4
2024,12,9,10,56,0.55,14.4
2024,12,9,11,26,0.58,14.4
2024,12,9,11,56,0.63,14.4
2024,12,9,12,26,0.55,14.4
2024,12,9,12,56,0.57,14.4
2024,12,9,13,26,0.51,14.5
2024,12,9,13,56,0.58,14.5
2024,12,9,14,26,0.52,14.5
2024,12,9,14,56,0.57,14.5
2024,12,9,15,26,0.59,14.5
2024,12,9,15,56,0.53,14.5
2024,12,9,16,26,0.55,14.4
2024,12,9,16,56,0.57,14.4
2024,12,9,17,26,0.52,14.5
2024,12,9,17,56,0.57,14.5
2024,12,9,18,26,0.55,14.6
2024,12,9,18,56,0.58,14.7
2024,12,9,19,26,0.55,14.8
2024,12,9,19,56,0.6,14.9
2024,12,9,20,26,0.54,14.9
2024,12,9,20,56,0.57,14.9
2024,12,9,21,26,0.55,14.9
2024,12,9,21,56,0.59,14.9
2024,12,9,22,26,0.61,14.9
2024,12,9,22,56,0.61,14.9
2024,12,9,23,26,0.61,14.9
2024,12,9,23,56,0.67,14.9
2024,12,10,0,26,0.65,14.8
2024,12,10,0,56,0.71,14.8
2024,12,10,1,26,0.65,14.7
2024,12,10,1,56,0.69,14.7
2024,12,10,2,26,0.66,14.7
2024,12,10,2,56,0.66,14.7
2024,12,10,3,26,0.7,14.7
2024,12,10,3,56,0.66,14.7
2024,12,10,4,26,0.75,14.7
2024,12,10,4,56,0.59,14.7
2024,12,10,5,26,0.64,14.6
2024,12,10,5,56,0.73,14.6
2024,12,10,6,26,0.65,14.6
2024,12,10,6,56,0.67,14.6
2024,12,10,7,26,0.74,14.5
2024,12,10,7,56,0.88,14.4
2024,12,10,8,26,0.93,14.4
2024,12,10,8,56,0.8,14.4
2024,12,10,9,26,0.88,14.3
2024,12,10,9,56,0.84,14.3
2024,12,10,10,26,0.78,14.2
2024,12,10,10,56,0.8,14.2
2024,12,10,11,26,0.87,14.1
2024,12,10,11,56,0.88,14.1
2024,12,10,12,26,0.73,14.2
2024,12,10,12,56,0.71,14.2
2024,12,10,13,26,0.66,14.2
2024,12,10,13,56,0.67,14.2
2024,12,10,14,26,0.61,14.2
2024,12,10,14,56,0.66,14.2
2024,12,10,15,26,0.69,14.1
2024,12,10,15,56,0.58,14.2
2024,12,10,16,26,0.6,14.2
2024,12,10,16,56,0.62,14.2
2024,12,10,17,26,0.61,14.2
2024,12,10,17,56,0.61,14.3
2024,12,10,18,26,0.57,14.3
2024,12,10,18,56,0.71,14.3
2024,12,10,19,26,0.66,14.3
2024,12,10,19,56,0.71,14.3
2024,12,10,20,26,0.57,14.4
2024,12,10,20,56,0.64,14.5
2024,12,10,21,26,0.67,14.5
2024,12,10,21,56,0.7,14.5
2024,12,10,22,26,0.7,14.5
2024,12,10,22,56,0.63,14.4
2024,12,10,23,26,0.65,14.5
2024,12,10,23,56,0.67,14.5
2024,12,11,0,26,0.68,14.4
2024,12,11,0,56,0.7,14.4
2024,12,11,1,26,0.64,14.4
2024,12,11,1,56,0.66,14.4
2024,12,11,2,26,0.61,14.3
2024,12,11,2,56,0.64,14.3
2024,12,11,3,26,0.59,14.3
2024,12,11,3,56,0.67,14.3
2024,12,11,4,26,0.61,14.2
2024,12,11,4,56,0.66,14.3
2024,12,11,5,26,0.58,14.3
2024,12,11,5,56,0.54,14.3
2024,12,11,6,26,0.58,14.3
2024,12,11,6,56,0.54,14.2
2024,12,11,7,26,0.68,14.2
2024,12,11,7,56,0.63,14.2
2024,12,11,8,26,0.62,14.2
2024,12,11,8,56,0.58,14.2
2024,12,11,9,26,0.63,14.2
2024,12,11,9,56,0.66,14.1
2024,12,11,10,26,0.65,14.1
2024,12,11,10,56,0.67,14.1
2024,12,11,11,26,0.74,14.1
2024,12,11,11,56,0.7,14.1
2024,12,11,12,26,0.81,14.1
2024,12,11,12,56,0.76,14.1
2024,12,11,13,26,0.75,14.1
2024,12,11,13,56,0.72,14.1
2024,12,11,14,26,0.89,14.1
2024,12,11,14,56,0.84,14.1
2024,12,11,15,26,0.84,14
2024,12,11,15,56,0.77,14
2024,12,11,16,26,0.74,14
2024,12,11,16,56,0.76,14
2024,12,11,17,26,0.72,14
2024,12,11,17,56,0.8,14
2024,12,11,18,26,0.74,14
2024,12,11,18,56,0.72,14.1
2024,12,11,19,26,0.76,14.1
2024,12,11,19,56,0.74,14.1
2024,12,11,20,26,0.78,14.2
2024,12,11,20,56,0.81,14.2
2024,12,11,21,26,0.87,14.3
2024,12,11,21,56,0.85,14.3
2024,12,11,22,26,0.82,14.2
2024,12,11,22,56,0.73,14.3
2024,12,11,23,26,0.75,14.2
2024,12,11,23,56,0.78,14.2
2024,12,12,0,26,0.76,14.2
2024,12,12,0,56,0.86,14.2
2024,12,12,1,26,0.76,14.1
2024,12,12,1,56,0.81,14.1
2024,12,12,2,26,0.73,14.1
2024,12,12,2,56,0.78,14.2
2024,12,12,3,26,0.77,14.2
2024,12,12,3,56,0.62,14.2
2024,12,12,4,26,0.85,14.2
2024,12,12,4,56,0.81,14.2
2024,12,12,5,26,0.7,14.2
2024,12,12,5,56,0.76,14.2
2024,12,12,6,26,0.75,14.2
2024,12,12,6,56,0.75,14.2
2024,12,12,7,26,0.89,14.2
2024,12,12,7,56,0.84,14.2
2024,12,12,8,26,0.81,14.1
2024,12,12,8,56,0.69,14.1
2024,12,12,9,26,0.79,14.1
2024,12,12,9,56,0.82,14.1
2024,12,12,10,26,0.69,14.1
2024,12,12,10,56,0.72,14.1
2024,12,12,11,26,0.75,14.1
2024,12,12,11,56,0.71,14.1
2024,12,12,12,26,0.77,14.1
2024,12,12,12,56,0.8,14.1
2024,12,12,13,26,0.76,14.1
2024,12,12,13,56,0.78,14.1
2024,12,12,14,26,0.84,14.1
2024,12,12,14,56,0.91,14.1
2024,12,12,15,26,0.8,14.1
2024,12,12,15,56,0.83,14.1
2024,12,12,16,26,0.86,14.1
2024,12,12,16,56,0.85,14.1
2024,12,12,17,26,0.85,14.2
2024,12,12,17,56,0.97,14.2
2024,12,12,18,26,1.08,14.1
2024,12,12,18,56,0.93,14.1
2024,12,12,19,26,1,14.2
2024,12,12,19,56,1.04,14.2
2024,12,12,20,26,0.89,14.2
2024,12,12,20,56,0.87,14.3
2024,12,12,21,26,0.93,14.3
2024,12,12,21,56,0.97,14.3
2024,12,12,22,26,0.83,14.3
2024,12,12,22,56,0.82,14.2
2024,12,12,23,26,0.84,14.2
2024,12,12,23,56,0.81,14.2
2024,12,13,0,26,0.82,14.2
2024,12,13,0,56,0.8,14.2
2024,12,13,1,26,0.75,14.2
2024,12,13,1,56,0.82,14.2
2024,12,13,2,26,0.84,14.2
2024,12,13,2,56,0.75,14.2
2024,12,13,3,26,0.88,14.2
2024,12,13,3,56,0.94,14.2
2024,12,13,4,26,1.16,14.1
2024,12,13,4,56,1.28,14.1
2024,12,13,5,26,1.17,14.2
2024,12,13,5,56,1.26,14.3
2024,12,13,6,26,1.32,14.3
2024,12,13,6,56,1.23,14.3
2024,12,13,7,26,1.31,14.3
2024,12,13,7,56,1.18,14.3
2024,12,13,8,26,1.07,14.3
2024,12,13,8,56,1.18,14.3
2024,12,13,9,26,1.17,14.3
2024,12,13,9,56,1.21,14.2
2024,12,13,10,26,1.18,14.2
2024,12,13,10,56,1.15,14.2
2024,12,13,11,26,1.04,14.2
2024,12,13,11,56,0.96,14
2024,12,13,12,26,0.96,14
2024,12,13,12,56,0.96,13.9
2024,12,13,13,26,0.98,13.9
2024,12,13,13,56,0.96,13.9
2024,12,13,14,26,0.91,13.9
2024,12,13,14,56,0.86,14.1
2024,12,13,15,26,0.86,14.2
2024,12,13,15,56,0.85,14.2
2024,12,13,16,26,0.86,14.2
2024,12,13,16,56,0.88,14.2
2024,12,13,17,26,0.99,14.2
2024,12,13,17,56,0.88,14.2
2024,12,13,18,26,0.8,14.3
2024,12,13,18,56,0.82,14.4
2024,12,13,19,26,0.78,14.5
2024,12,13,19,56,0.75,14.4
2024,12,13,20,26,0.8,14.4
2024,12,13,20,56,0.82,14.5
2024,12,13,21,26,0.81,14.5
2024,12,13,21,56,0.79,14.5
2024,12,13,22,26,0.81,14.5
2024,12,13,22,56,0.8,14.5
2024,12,13,23,26,0.76,14.5
2024,12,13,23,56,0.78,14.4
2024,12,14,0,26,0.75,14.4
2024,12,14,0,56,0.83,14.3
2024,12,14,1,26,0.88,14.2
2024,12,14,1,56,0.84,14.2
2024,12,14,2,26,0.84,14.1
2024,12,14,2,56,0.87,14
2024,12,14,3,26,0.84,14
2024,12,14,3,56,0.87,14.2
2024,12,14,4,26,0.92,14.1
2024,12,14,4,56,0.91,14.1
2024,12,14,5,26,0.98,14.1
2024,12,14,5,56,0.76,14.1
2024,12,14,6,26,0.74,14.1
2024,12,14,6,56,0.68,14.1
2024,12,14,7,26,0.71,14.1
2024,12,14,7,56,0.7,14.1
2024,12,14,8,26,0.7,14.1
2024,12,14,8,56,0.67,14.1
2024,12,14,9,26,0.67,14.1
2024,12,14,9,56,0.63,14.1
2024,12,14,10,26,0.7,14.1
2024,12,14,10,56,0.62,14.1
2024,12,14,11,26,0.66,14.1
2024,12,14,11,56,0.65,14.1
2024,12,14,12,26,0.64,14
2024,12,14,12,56,0.61,14
2024,12,14,13,26,0.59,14
2024,12,14,13,56,0.71,14
2024,12,14,14,26,0.66,14
2024,12,14,14,56,0.67,14
2024,12,14,15,26,0.6,14
2024,12,14,15,56,0.63,14
2024,12,14,16,26,0.62,14.1
2024,12,14,16,56,0.68,14.1
2024,12,14,17,26,0.63,14.1
2024,12,14,17,56,0.66,14.2
2024,12,14,18,26,0.66,14.3
2024,12,14,18,56,0.63,14.5
2024,12,14,19,26,0.65,14.6
2024,12,14,19,56,0.57,14.6
2024,12,14,20,26,0.52,14.4
2024,12,14,20,56,0.62,14.3
2024,12,14,21,26,0.56,14.4
2024,12,14,21,56,0.6,14.3
2024,12,14,22,26,0.58,14.3
2024,12,14,22,56,0.53,14.3
2024,12,14,23,26,0.57,14.2
2024,12,14,23,56,0.49,14.2
2024,12,15,0,26,0.52,14.1
2024,12,15,0,56,0.51,14.1
2024,12,15,1,26,0.55,14
2024,12,15,1,56,0.56,14.1
2024,12,15,2,26,0.57,14.2
2024,12,15,2,56,0.54,14.2
2024,12,15,3,26,0.53,14.2
2024,12,15,3,56,0.51,14.2
2024,12,15,4,26,0.54,14.2
2024,12,15,4,56,0.52,14.2
2024,12,15,5,26,0.5,14.3
2024,12,15,5,56,0.54,14.3
2024,12,15,6,26,0.56,14.2
2024,12,15,6,56,0.57,14.2
2024,12,15,7,26,0.6,14.2
2024,12,15,7,56,0.67,14.2
2024,12,15,8,26,0.69,14.1
2024,12,15,8,56,0.6,14.1
2024,12,15,9,26,0.62,14.1
2024,12,15,9,56,0.74,14.1
2024,12,15,10,26,0.64,14.1
2024,12,15,10,56,0.6,14.1
2024,12,15,11,26,0.63,14.1
2024,12,15,11,56,0.66,14.2
2024,12,15,12,26,0.61,14.2
2024,12,15,12,56,0.63,14.2
2024,12,15,13,26,0.76,14.2
2024,12,15,13,56,0.72,14.4
2024,12,15,14,26,0.67,14.4
2024,12,15,14,56,0.76,14.6
2024,12,15,15,26,0.71,14.5
2024,12,15,15,56,0.72,14.6
2024,12,15,16,26,0.72,14.5
2024,12,15,16,56,0.7,14.6
2024,12,15,17,26,0.71,14.6
2024,12,15,17,56,0.79,14.6
2024,12,15,18,26,0.76,14.7
2024,12,15,18,56,0.79,14.8
2024,12,15,19,26,0.74,14.7
2024,12,15,19,56,0.79,14.6
2024,12,15,20,26,0.8,14.6
2024,12,15,20,56,0.81,14.6
2024,12,15,21,26,0.8,14.5
2024,12,15,21,56,0.75,14.4
2024,12,15,22,26,0.83,14.4
2024,12,15,22,56,0.86,14.3
2024,12,15,23,26,0.77,14.3
2024,12,15,23,56,0.7,14.2
2024,12,16,0,26,0.69,14.2
2024,12,16,0,56,0.7,14.2
2024,12,16,1,26,0.72,14.2
2024,12,16,1,56,0.67,14.1
2024,12,16,2,26,0.66,14.6
2024,12,16,2,56,0.58,14.7
2024,12,16,3,26,0.61,14.7
2024,12,16,3,56,0.63,14.8
2024,12,16,4,26,0.63,14.7
2024,12,16,4,56,0.65,14.6
2024,12,16,5,26,0.65,14.6
2024,12,16,5,56,0.72,14.5
2024,12,16,6,26,0.69,14.5
2024,12,16,6,56,0.78,14.5
2024,12,16,7,26,0.74,14.4
2024,12,16,7,56,0.68,14.3
2024,12,16,8,26,0.63,14.3
2024,12,16,8,56,0.67,14.3
2024,12,16,9,26,0.63,14.2
2024,12,16,9,56,0.56,14.2
2024,12,16,10,26,0.57,14.2
2024,12,16,10,56,0.58,14.2
2024,12,16,11,26,0.58,14.2
2024,12,16,11,56,0.59,14.2
2024,12,16,12,26,0.6,14.2
2024,12,16,12,56,0.6,14.2
2024,12,16,13,26,0.54,14.1
2024,12,16,13,56,0.55,14.2
2024,12,16,14,26,0.53,14.2
2024,12,16,14,56,0.56,14.3
2024,12,16,15,26,0.57,14.3
2024,12,16,15,56,0.61,14.5
2024,12,16,16,26,0.55,14.5
2024,12,16,16,56,0.59,14.4
2024,12,16,17,26,0.52,14.3
2024,12,16,17,56,0.55,14.4
2024,12,16,18,26,0.58,14.4
2024,12,16,18,56,0.57,14.5
2024,12,16,19,26,0.6,14.7
2024,12,16,19,56,0.58,14.6
2024,12,16,20,26,0.6,14.5
2024,12,16,20,56,0.59,14.4
2024,12,16,21,26,0.59,14.3
2024,12,16,21,56,0.61,14.3
2024,12,16,22,26,0.61,14.2
2024,12,16,22,56,0.65,14.1
2024,12,16,23,26,0.66,14.1
2024,12,16,23,56,0.64,14.1
2024,12,17,0,26,0.55,14.1
2024,12,17,0,56,0.55,14.1
2024,12,17,1,26,0.55,14.1
2024,12,17,1,56,0.51,14.1
2024,12,17,2,26,0.53,13.8
2024,12,17,2,56,0.5,13.8
2024,12,17,3,26,0.5,14.3
2024,12,17,3,56,0.49,14.2
2024,12,17,4,26,0.53,14.1
2024,12,17,4,56,0.6,14.1
2024,12,17,5,26,0.61,14.1
2024,12,17,5,56,0.65,14.1
2024,12,17,6,26,0.72,14
2024,12,17,6,56,0.71,14
2024,12,17,7,26,0.74,13.9
2024,12,17,7,56,0.75,13.9
2024,12,17,8,26,0.71,13.9
2024,12,17,8,56,0.73,13.9
2024,12,17,9,26,0.71,13.9
2024,12,17,9,56,0.69,13.9
2024,12,17,10,26,0.64,13.9
2024,12,17,10,56,0.62,13.9
2024,12,17,11,26,0.59,13.9
2024,12,17,11,56,0.58,13.8
2024,12,17,12,26,0.53,13.8
2024,12,17,12,56,0.52,13.9
2024,12,17,13,26,0.52,14.1
2024,12,17,13,56,0.51,14.2
2024,12,17,14,26,0.51,14.1
2024,12,17,14,56,0.5,14
2024,12,17,15,26,0.52,13.9
2024,12,17,15,56,0.49,14
2024,12,17,16,26,0.51,14.3
2024,12,17,16,56,0.56,14.2
2024,12,17,17,26,0.59,14.1
2024,12,17,17,56,0.57,14
2024,12,17,18,26,0.63,14
2024,12,17,18,56,0.6,14.1
2024,12,17,19,26,0.64,14.3
2024,12,17,19,56,0.59,14.4
2024,12,17,20,26,0.62,14.5
2024,12,17,20,56,0.63,14.6
2024,12,17,21,26,0.61,14.4
2024,12,17,21,56,0.59,14.4
2024,12,17,22,26,0.59,14.3
2024,12,17,22,56,0.55,14.2
2024,12,17,23,26,0.56,14.1
2024,12,17,23,56,0.55,14
2024,12,18,0,26,0.57,14
2024,12,18,0,56,0.53,13.9
2024,12,18,1,26,0.52,13.9
2024,12,18,1,56,0.48,13.9
2024,12,18,2,26,0.51,13.9
2024,12,18,2,56,0.44,13.9
2024,12,18,3,26,0.52,13.9
2024,12,18,3,56,0.53,13.9
2024,12,18,4,26,0.51,13.9
2024,12,18,4,56,0.59,14
2024,12,18,5,26,0.62,14
2024,12,18,5,56,0.62,14
2024,12,18,6,26,0.65,14.1
2024,12,18,6,56,0.72,14
2024,12,18,7,26,0.71,13.9
2024,12,18,7,56,0.79,13.9
2024,12,18,8,26,0.91,13.9
2024,12,18,8,56,0.85,13.9
2024,12,18,9,26,0.76,13.9
2024,12,18,9,56,0.82,13.9
2024,12,18,10,26,0.8,13.8
2024,12,18,10,56,0.86,13.8
2024,12,18,11,26,0.82,13.8
2024,12,18,11,56,0.83,13.8
2024,12,18,12,26,0.69,13.8
2024,12,18,12,56,0.67,13.8
2024,12,18,13,26,0.74,13.8
2024,12,18,13,56,0.65,13.8
2024,12,18,14,26,0.65,13.8
2024,12,18,14,56,0.73,13.8
2024,12,18,15,26,0.77,13.7
2024,12,18,15,56,0.8,13.7
2024,12,18,16,26,0.8,13.7
2024,12,18,16,56,0.76,13.8
2024,12,18,17,26,0.73,14.4
2024,12,18,17,56,0.71,14.9
2024,12,18,18,26,0.71,15
2024,12,18,18,56,0.75,14.6
2024,12,18,19,26,0.74,14.9
2024,12,18,19,56,0.69,14.9
2024,12,18,20,26,0.71,14.8
2024,12,18,20,56,0.74,14.8
2024,12,18,21,26,0.69,14.6
2024,12,18,21,56,0.7,14.6
2024,12,18,22,26,0.7,14.6
2024,12,18,22,56,0.77,14.4
2024,12,18,23,26,0.72,14.3
2024,12,18,23,56,0.7,14.2
2024,12,19,0,26,0.71,14.2
2024,12,19,0,56,0.71,14.2
2024,12,19,1,26,0.71,14.2
2024,12,19,1,56,0.66,14.2
2024,12,19,2,26,0.64,14.2
2024,12,19,2,56,0.6,14.2
2024,12,19,3,26,0.62,15.4
2024,12,19,3,56,0.63,15.4
2024,12,19,4,26,0.67,15.4
2024,12,19,4,56,0.61,15.4
2024,12,19,5,26,0.72,15.3
2024,12,19,5,56,0.64,15.2
2024,12,19,6,26,0.67,15.1
2024,12,19,6,56,0.7,15
2024,12,19,7,26,0.71,14.9
2024,12,19,7,56,0.72,14.8
2024,12,19,8,26,0.74,14.8
2024,12,19,8,56,0.78,14.7
2024,12,19,9,26,0.71,14.7
2024,12,19,9,56,0.86,14.4
2024,12,19,10,26,0.76,14.3
2024,12,19,10,56,0.77,14.3
2024,12,19,11,26,0.74,14.5
2024,12,19,11,56,0.73,14.5
2024,12,19,12,26,0.72,14.4
2024,12,19,12,56,0.68,14.4
2024,12,19,13,26,0.62,14.5
2024,12,19,13,56,0.66,14.6
2024,12,19,14,26,0.62,14.5
2024,12,19,14,56,0.69,14.6
2024,12,19,15,26,0.62,14.6
2024,12,19,15,56,0.6,14.6
2024,12,19,16,26,0.64,15.1
2024,12,19,16,56,0.69,15.1
2024,12,19,17,26,0.65,15.2
2024,12,19,17,56,0.66,15.3
2024,12,19,18,26,0.68,15.3
2024,12,19,18,56,0.68,15.4
2024,12,19,19,26,0.74,15.5
2024,12,19,19,56,0.76,15.7
2024,12,19,20,26,0.7,15.8
2024,12,19,20,56,0.77,15.6
2024,12,19,21,26,0.74,15.5
2024,12,19,21,56,0.75,15.5
2024,12,19,22,26,0.8,15.3
2024,12,19,22,56,0.68,15.2
2024,12,19,23,26,0.74,15.1
2024,12,19,23,56,0.74,15
2024,12,20,0,26,0.68,14.9
2024,12,20,0,56,0.75,14.8
2024,12,20,1,26,0.77,15.2
2024,12,20,1,56,0.76,15.3
2024,12,20,2,26,0.82,15.4
2024,12,20,2,56,0.77,15.3
2024,12,20,3,26,0.8,15.3
2024,12,20,3,56,0.77,15.3
2024,12,20,4,26,0.79,15.3
2024,12,20,4,56,0.73,15.4
2024,12,20,5,26,0.71,15.3
2024,12,20,5,56,0.7,15.3
2024,12,20,6,26,0.8,15.3
2024,12,20,6,56,0.82,15.3
2024,12,20,7,26,0.71,15.2
2024,12,20,7,56,0.72,15.2
2024,12,20,8,26,0.81,15.2
2024,12,20,8,56,0.81,15.2
2024,12,20,9,26,0.9,15.2
2024,12,20,9,56,0.82,15.1
2024,12,20,10,26,0.97,15.1
2024,12,20,10,56,0.84,15.1
2024,12,20,11,26,0.91,15
2024,12,20,11,56,0.8,15
2024,12,20,12,26,0.89,15
2024,12,20,12,56,0.86,15
2024,12,20,13,26,0.79,15
2024,12,20,13,56,0.75,14.9
2024,12,20,14,26,0.89,14.9
2024,12,20,14,56,0.84,14.9
2024,12,20,15,26,0.79,14.9
2024,12,20,15,56,0.79,14.9
2024,12,20,16,26,0.79,14.9
2024,12,20,16,56,0.77,14.9
2024,12,20,17,26,0.76,15
2024,12,20,17,56,0.73,15.1
2024,12,20,18,26,0.71,15.2
2024,12,20,18,56,0.73,15.2
2024,12,20,19,26,0.7,15.4
2024,12,20,19,56,0.82,15.4
2024,12,20,20,26,0.73,15.4
2024,12,20,20,56,0.75,15.4
2024,12,20,21,26,0.7,15.4
2024,12,20,21,56,0.75,15.4
2024,12,20,22,26,0.77,15.4
2024,12,20,22,56,0.77,15.4
2024,12,20,23,26,0.89,15.3
2024,12,20,23,56,0.92,15.2
2024,12,21,0,26,0.79,15
2024,12,21,0,56,0.82,14.9
2024,12,21,1,26,0.83,14.8
2024,12,21,1,56,0.77,14.7
2024,12,21,2,26,0.79,14.7
2024,12,21,2,56,0.69,14.6
2024,12,21,3,26,0.8,14.6
2024,12,21,3,56,0.66,14.5
2024,12,21,4,26,0.65,14.5
2024,12,21,4,56,0.63,14.5
2024,12,21,5,26,0.68,14.6
2024,12,21,5,56,0.74,15
2024,12,21,6,26,0.64,15
2024,12,21,6,56,0.61,15
2024,12,21,7,26,0.72,15
2024,12,21,7,56,0.74,15
2024,12,21,8,26,0.73,15
2024,12,21,8,56,0.72,14.9
2024,12,21,9,26,0.68,14.9
2024,12,21,9,56,0.72,14.9
2024,12,21,10,26,0.78,14.8
2024,12,21,10,56,0.73,14.8
2024,12,21,11,26,0.78,14.8
2024,12,21,11,56,0.69,14.7
2024,12,21,12,26,0.71,14.7
2024,12,21,12,56,0.73,14.7
2024,12,21,13,26,0.74,14.7
2024,12,21,13,56,0.81,14.7
2024,12,21,14,26,0.68,14.7
2024,12,21,14,56,0.66,14.7
2024,12,21,15,26,0.72,14.7
2024,12,21,15,56,0.74,14.6
2024,12,21,16,26,0.61,14.6
2024,12,21,16,56,0.68,14.7
2024,12,21,17,26,0.65,14.7
2024,12,21,17,56,0.64,14.8
2024,12,21,18,26,0.7,14.8
2024,12,21,18,56,0.62,15.1
2024,12,21,19,26,0.69,15.3
2024,12,21,19,56,0.69,15.5
2024,12,21,20,26,0.69,15.4
2024,12,21,20,56,0.85,15.2
2024,12,21,21,26,0.82,15.2
2024,12,21,21,56,0.83,15.2
2024,12,21,22,26,0.78,15.3
2024,12,21,22,56,0.89,15.2
2024,12,21,23,26,0.85,15.2
2024,12,21,23,56,0.89,15.1
2024,12,22,0,26,0.81,15.1
2024,12,22,0,56,0.83,15
2024,12,22,1,26,0.71,15
2024,12,22,1,56,0.77,14.9
2024,12,22,2,26,0.77,14.9
2024,12,22,2,56,0.77,14.9
2024,12,22,3,26,0.72,14.8
2024,12,22,3,56,0.73,14.8
2024,12,22,4,26,0.72,14.8
2024,12,22,4,56,0.75,14.8
2024,12,22,5,26,0.83,14.7
2024,12,22,5,56,0.81,14.7
2024,12,22,6,26,0.93,14.7
2024,12,22,6,56,0.82,14.7
2024,12,22,7,26,0.99,14.7
2024,12,22,7,56,0.96,14.7
2024,12,22,8,26,0.92,14.7
2024,12,22,8,56,1.23,14.7
2024,12,22,9,26,1.12,15
2024,12,22,9,56,1.15,14.9
2024,12,22,10,26,1.34,15
2024,12,22,10,56,1.36,15
2024,12,22,11,26,1.29,15
2024,12,22,11,56,1.57,15
2024,12,22,12,26,1.44,15
2024,12,22,12,56,1.65,15
2024,12,22,13,26,1.61,14.9
2024,12,22,13,56,1.69,14.9
2024,12,22,14,26,1.59,14.9
2024,12,22,14,56,1.83,14.8
2024,12,22,15,26,1.96,14.8
2024,12,22,15,56,2,14.8
2024,12,22,16,26,1.74,14.8
2024,12,22,16,56,1.85,14.8
2024,12,22,17,26,2,14.7
2024,12,22,17,56,2.21,14.7
2024,12,22,18,26,2.44,14.7
2024,12,22,18,56,2.11,14.9
2024,12,22,19,26,2.27,15
2024,12,22,19,56,2.5,15.2
2024,12,22,20,26,2.31,15.3
2024,12,22,20,56,1.79,15.3
2024,12,22,21,26,2.36,15.3
2024,12,22,21,56,2.28,15.3
2024,12,22,22,26,2.71,15.2
2024,12,22,22,56,2.61,15.1
2024,12,22,23,26,2.77,15.2
2024,12,22,23,56,2.41,15.1
2024,12,23,0,26,2.56,15.1
2024,12,23,0,56,2.53,15.1
2024,12,23,1,26,2.66,15.2
2024,12,23,1,56,2.39,15.2
2024,12,23,2,26,2.47,15.1
2024,12,23,2,56,2.47,15.2
2024,12,23,3,26,2.3,15.2
2024,12,23,3,56,2.23,15.1
2024,12,23,4,26,2.24,15.1
2024,12,23,4,56,2.26,15.1
2024,12,23,5,26,2.08,15.1
2024,12,23,5,56,2.15,15.1
2024,12,23,6,26,2.3,15.1
2024,12,23,6,56,2.27,15.1
2024,12,23,7,26,2.19,15.1
2024,12,23,7,56,1.93,15.1
2024,12,23,8,26,2.19,15.1
2024,12,23,8,56,2.23,15.2
2024,12,23,9,26,2,15.2
2024,12,23,9,56,2.21,15.2
2024,12,23,10,26,2.4,15.2
2024,12,23,10,56,2.23,15.2
2024,12,23,11,26,2.38,15.2
2024,12,23,11,56,1.91,15.2
2024,12,23,12,26,2.15,15.2
2024,12,23,12,56,2.13,15.1
2024,12,23,13,26,1.88,15.1
2024,12,23,13,56,1.88,15.1
2024,12,23,14,26,1.9,15.1
2024,12,23,14,56,1.77,15.1
2024,12,23,15,26,1.71,15.1
2024,12,23,15,56,1.6,15.1
2024,12,23,16,26,1.45,15.1
2024,12,23,16,56,1.6,15
2024,12,23,17,26,1.54,15
2024,12,23,17,56,1.56,15
2024,12,23,18,26,1.44,15
2024,12,23,18,56,1.43,15.1
2024,12,23,19,26,1.54,15.2
2024,12,23,19,56,1.37,15.5
2024,12,23,20,26,1.44,15.6
2024,12,23,20,56,1.47,15.6
2024,12,23,21,26,1.44,15.5
2024,12,23,21,56,1.48,15.4
2024,12,23,22,26,1.49,15.4
2024,12,23,22,56,1.44,15.4
2024,12,23,23,26,1.4,15.4
2024,12,23,23,56,1.52,15.3
2024,12,24,0,26,1.45,15.2
2024,12,24,0,56,1.57,15.2
2024,12,24,1,26,1.55,15.2
2024,12,24,1,56,1.48,15.1
2024,12,24,2,26,1.42,15.2
2024,12,24,2,56,1.52,15.2
2024,12,24,3,26,1.44,15.2
2024,12,24,3,56,1.49,15.2
2024,12,24,4,26,1.56,15.2
2024,12,24,4,56,1.61,15.1
2024,12,24,5,26,1.78,15.1
2024,12,24,5,56,1.74,15.1
2024,12,24,6,26,1.9,15.2
2024,12,24,6,56,1.88,15.2
2024,12,24,7,26,1.91,15.1
2024,12,24,7,56,1.92,15.1
2024,12,24,8,26,2.09,15.1
2024,12,24,8,56,2.03,15.1
2024,12,24,9,26,1.89,15.1
2024,12,24,9,56,2.1,15.1
2024,12,24,10,26,1.92,15.1
2024,12,24,10,56,1.98,15.1
2024,12,24,11,26,2.17,15.1
2024,12,24,11,56,1.89,15.1
2024,12,24,12,26,1.94,15.1
2024,12,24,12,56,1.93,15.1
2024,12,24,13,26,1.74,15
2024,12,24,13,56,1.97,15
2024,12,24,14,26,1.81,15
2024,12,24,14,56,1.5,15
2024,12,24,15,26,1.77,15
2024,12,24,15,56,1.56,15
2024,12,24,16,26,1.54,15
2024,12,24,16,56,1.78,15
2024,12,24,17,26,1.62,15
2024,12,24,17,56,1.6,15
2024,12,24,18,26,1.51,15
2024,12,24,18,56,1.33,15.1
2024,12,24,19,26,1.63,15.1
2024,12,24,19,56,1.63,15.1
2024,12,24,20,26,1.73,15.1
2024,12,24,20,56,1.49,15.2
2024,12,24,21,26,1.48,15.2
2024,12,24,21,56,1.59,15.2
2024,12,24,22,26,1.7,15.2
2024,12,24,22,56,1.78,15.2
2024,12,24,23,26,1.49,15.2
2024,12,24,23,56,1.6,15.2
2024,12,25,0,26,1.79,15.2
2024,12,25,0,56,1.59,15.2
2024,12,25,1,26,1.76,15.1
2024,12,25,1,56,1.67,15.1
2024,12,25,2,26,1.74,15.1
2024,12,25,2,56,1.62,15.1
2024,12,25,3,26,1.64,15.1
2024,12,25,3,56,1.5,15.1
2024,12,25,4,26,1.65,15
2024,12,25,4,56,1.63,15
2024,12,25,5,26,1.64,14.9
2024,12,25,5,56,1.56,14.9
2024,12,25,6,26,1.6,14.6
2024,12,25,6,56,1.48,14.6
2024,12,25,7,26,1.38,14.5
2024,12,25,7,56,1.54,14.4
2024,12,25,8,26,1.43,14.3
2024,12,25,8,56,1.31,14.3
2024,12,25,9,26,1.5,14.3
2024,12,25,9,56,1.28,14.3
2024,12,25,10,26,1.35,14.3
2024,12,25,10,56,1.34,14.4
2024,12,25,11,26,1.26,14.4
2024,12,25,11,56,1.31,14.4
2024,12,25,12,26,1.27,14.4
2024,12,25,12,56,1.39,14.4
2024,12,25,13,26,1.42,14.4
2024,12,25,13,56,1.21,14.4
2024,12,25,14,26,1.26,14.3
2024,12,25,14,56,1.29,14.4
2024,12,25,15,26,1.25,14.3
2024,12,25,15,56,1.23,14.4
2024,12,25,16,26,1.28,14.3
2024,12,25,16,56,1.27,14.3
2024,12,25,17,26,1.29,14.4
2024,12,25,17,56,1.24,14.4
2024,12,25,18,26,1.24,14.4
2024,12,25,18,56,1.25,14.6
2024,12,25,19,26,1.29,14.8
2024,12,25,19,56,1.25,14.8
2024,12,25,20,26,1.26,14.9
2024,12,25,20,56,1.38,14.9
2024,12,25,21,26,1.25,15
2024,12,25,21,56,1.19,14.9
2024,12,25,22,26,1.09,14.9
2024,12,25,22,56,1.09,14.8
2024,12,25,23,26,1.2,14.7
2024,12,25,23,56,1.22,14.8
2024,12,26,0,26,1.28,14.8
2024,12,26,0,56,1.32,14.9
2024,12,26,1,26,1.38,14.8
2024,12,26,1,56,1.37,14.6
2024,12,26,2,26,1.43,14.6
2024,12,26,2,56,1.51,14.5
2024,12,26,3,26,1.53,14.5
2024,12,26,3,56,1.29,14.4
2024,12,26,4,26,1.57,14.2
2024,12,26,4,56,1.43,14.2
2024,12,26,5,26,1.38,14.1
2024,12,26,5,56,1.35,14.1
2024,12,26,6,26,1.32,14
2024,12,26,6,56,1.23,14.1
2024,12,26,7,26,1.14,14.1
2024,12,26,7,56,1.09,14.1
2024,12,26,8,26,1.17,14
2024,12,26,8,56,1.11,14.1
2024,12,26,9,26,1.18,14.3
2024,12,26,9,56,1.28,14.4
2024,12,26,10,26,1.34,14.4
2024,12,26,10,56,1.22,14
2024,12,26,11,26,1.25,14.1
2024,12,26,11,56,1.23,14
2024,12,26,12,26,1.16,14.1
2024,12,26,12,56,1.14,14.1
2024,12,26,13,26,1.07,14.2
2024,12,26,13,56,1.19,14.3
2024,12,26,14,26,1.14,14.3
2024,12,26,14,56,1.03,14.3
2024,12,26,15,26,1.12,14.3
2024,12,26,15,56,1.09,14.3
2024,12,26,16,26,1.03,14.3
2024,12,26,16,56,1.07,14.3
2024,12,26,17,26,1.05,14.4
2024,12,26,17,56,0.97,14.5
2024,12,26,18,26,1.07,14.5
2024,12,26,18,56,0.98,14.6
2024,12,26,19,26,1.02,14.6
2024,12,26,19,56,1.09,14.6
2024,12,26,20,26,1.02,14.6
2024,12,26,20,56,1.06,14.7
2024,12,26,21,26,1.02,14.7
2024,12,26,21,56,1,14.8
2024,12,26,22,26,1.08,14.8
2024,12,26,22,56,1.09,14.8
2024,12,26,23,26,1.05,14.7
2024,12,26,23,56,1.06,14.7
2024,12,27,0,26,1.03,14.7
2024,12,27,0,56,0.99,14.6
2024,12,27,1,26,1.02,14.6
2024,12,27,1,56,0.95,14.6
2024,12,27,2,26,0.85,14.6
2024,12,27,2,56,0.88,14.6
2024,12,27,3,26,0.96,14.5
2024,12,27,3,56,1,14.4
2024,12,27,4,26,1.03,14.4
2024,12,27,4,56,0.97,14.5
2024,12,27,5,26,1.04,14.4
2024,12,27,5,56,0.94,14.3
2024,12,27,6,26,0.99,14.4
2024,12,27,6,56,0.93,14.4
2024,12,27,7,26,0.88,14.5
2024,12,27,7,56,0.82,14.5
2024,12,27,8,26,0.81,14.4
2024,12,27,8,56,0.74,14.3
2024,12,27,9,26,0.78,14.3
2024,12,27,9,56,0.76,14.3
2024,12,27,10,26,0.73,14.3
2024,12,27,10,56,0.81,14.3
2024,12,27,11,26,0.83,14.3
2024,12,27,11,56,0.81,14.3
2024,12,27,12,26,0.85,14.3
2024,12,27,12,56,0.89,14.3
2024,12,27,13,26,0.94,14.4
2024,12,27,13,56,0.96,14.3
2024,12,27,14,26,0.96,14.3
2024,12,27,14,56,0.98,14.3
2024,12,27,15,26,1.02,14.3
2024,12,27,15,56,1.02,14.4
2024,12,27,16,26,1.06,14.5
2024,12,27,16,56,1.07,14.5
2024,12,27,17,26,1.14,14.5
2024,12,27,17,56,1.11,14.4
2024,12,27,18,26,1.27,14.5
2024,12,27,18,56,1.14,14.5
2024,12,27,19,26,1.16,14.5
2024,12,27,19,56,1.12,14.5
2024,12,27,20,26,1.15,14.5
2024,12,27,20,56,0.99,14.5
2024,12,27,21,26,1.01,14.5
2024,12,27,21,56,1.03,14.5
2024,12,27,22,26,1.02,14.5
2024,12,27,22,56,1.01,14.5
2024,12,27,23,26,1.11,14.5
2024,12,27,23,56,1.12,14.5
2024,12,28,0,26,1,14.5
2024,12,28,0,56,1.04,14.5
2024,12,28,1,26,1,14.5
2024,12,28,1,56,0.99,14.5
2024,12,28,2,26,0.96,14.6
2024,12,28,2,56,0.99,14.6
2024,12,28,3,26,1.05,14.6
2024,12,28,3,56,0.93,14.6
2024,12,28,4,26,1.01,14.6
2024,12,28,4,56,0.94,14.6
2024,12,28,5,26,0.96,14.7
2024,12,28,5,56,0.94,14.7
2024,12,28,6,26,0.9,14.7
2024,12,28,6,56,0.97,14.6
2024,12,28,7,26,0.93,14.6
2024,12,28,7,56,0.89,14.6
2024,12,28,8,26,0.88,14.6
2024,12,28,8,56,0.94,14.6
2024,12,28,9,26,0.96,14.6
2024,12,28,9,56,0.9,14.6
2024,12,28,10,26,0.92,14.6
2024,12,28,10,56,1,14.6
2024,12,28,11,26,0.95,14.5
2024,12,28,11,56,0.98,14.6
2024,12,28,12,26,0.97,14.6
2024,12,28,12,56,0.93,14.6
2024,12,28,13,26,0.92,14.6
2024,12,28,13,56,0.89,14.7
2024,12,28,14,26,0.88,14.7
2024,12,28,14,56,0.84,14.7
2024,12,28,15,26,0.88,14.7
2024,12,28,15,56,0.8,14.7
2024,12,28,16,26,0.87,14.7
2024,12,28,16,56,0.85,14.7
2024,12,28,17,26,0.88,14.7
2024,12,28,17,56,0.9,14.7
2024,12,28,18,26,0.86,14.8
2024,12,28,18,56,0.89,14.8
2024,12,28,19,26,0.89,14.8
2024,12,28,19,56,0.93,14.8
2024,12,28,20,26,0.91,14.8
2024,12,28,20,56,0.9,14.8
2024,12,28,21,26,0.91,14.9
2024,12,28,21,56,1.02,15.1
2024,12,28,22,26,0.98,14.9
2024,12,28,22,56,0.96,14.8
2024,12,28,23,26,0.98,14.8
2024,12,28,23,56,1.03,14.8
2024,12,29,0,26,0.94,14.8
2024,12,29,0,56,1,14.7
2024,12,29,1,26,0.91,14.6
2024,12,29,1,56,0.87,14.6
2024,12,29,2,26,0.97,14.6
2024,12,29,2,56,1.06,14.6
2024,12,29,3,26,1.04,14.6
2024,12,29,3,56,1,14.8
2024,12,29,4,26,0.95,14.7
2024,12,29,4,56,1.07,14.7
2024,12,29,5,26,1.08,14.7
2024,12,29,5,56,1.1,14.6
2024,12,29,6,26,1.06,14.6
2024,12,29,6,56,1.19,14.6
2024,12,29,7,26,1.15,14.6
2024,12,29,7,56,1.19,14.5
2024,12,29,8,26,1.18,14.5
2024,12,29,8,56,1.27,14.5
2024,12,29,9,26,1.07,14.5
2024,12,29,9,56,1.16,14.5
2024,12,29,10,26,1.17,14.5
2024,12,29,10,56,1.14,14.5
2024,12,29,11,26,1.19,14.5
2024,12,29,11,56,1.13,14.5
2024,12,29,12,26,1.19,14.5
2024,12,29,12,56,1.14,14.5
2024,12,29,13,26,1.14,14.6
2024,12,29,13,56,1.02,14.5
2024,12,29,14,26,1.08,14.5
2024,12,29,14,56,1.06,14.6
2024,12,29,15,26,1.01,14.6
2024,12,29,15,56,1.04,14.6
2024,12,29,16,26,1.06,14.6
2024,12,29,16,56,0.94,14.6
2024,12,29,17,26,1.12,14.6
2024,12,29,17,56,1.1,14.6
2024,12,29,18,26,1.12,14.7
2024,12,29,18,56,1.15,14.7
2024,12,29,19,26,1.21,14.7
2024,12,29,19,56,1.06,14.7
2024,12,29,20,26,1.09,14.7
2024,12,29,20,56,1.08,14.7
2024,12,29,21,26,1.15,14.7
2024,12,29,21,56,1.12,14.7
2024,12,29,22,26,1.01,14.7
2024,12,29,22,56,1.26,14.8
2024,12,29,23,26,1.06,14.8
2024,12,29,23,56,1.03,14.7
2024,12,30,0,26,1.03,14.7
2024,12,30,0,56,0.88,14.7
2024,12,30,1,26,0.99,14.6
2024,12,30,1,56,0.88,14.6
2024,12,30,2,26,0.82,14.6
2024,12,30,2,56,0.87,14.6
2024,12,30,3,26,0.91,14.6
2024,12,30,3,56,0.85,14.6
2024,12,30,4,26,0.95,14.6
2024,12,30,4,56,0.95,14.7
2024,12,30,5,26,1,14.7
2024,12,30,5,56,1.18,14.7
2024,12,30,6,26,1.28,14.7
2024,12,30,6,56,1.3,14.7
2024,12,30,7,26,1.24,14.7
2024,12,30,7,56,1.24,14.7
2024,12,30,8,26,1.28,14.7
2024,12,30,8,56,1.13,14.7
2024,12,30,9,26,1.16,14.7
2024,12,30,9,56,1.18,14.7
2024,12,30,10,26,1.13,14.7
2024,12,30,10,56,1.33,14.7
2024,12,30,11,26,1.26,14.7
2024,12,30,11,56,1.12,14.6
2024,12,30,12,26,1.1,14.6
2024,12,30,12,56,0.99,14.6
2024,12,30,13,26,0.98,14.6
2024,12,30,13,56,0.96,14.6
2024,12,30,14,26,0.93,14.7
2024,12,30,14,56,0.83,14.7
2024,12,30,15,26,0.78,14.7
2024,12,30,15,56,0.73,14.7
2024,12,30,16,26,0.77,14.7
2024,12,30,16,56,0.75,14.7
2024,12,30,17,26,0.78,14.7
2024,12,30,17,56,0.76,14.8
2024,12,30,18,26,0.83,14.8
2024,12,30,18,56,0.88,14.9
2024,12,30,19,26,0.85,15
2024,12,30,19,56,0.81,14.9
2024,12,30,20,26,0.93,15
2024,12,30,20,56,0.92,15.1
2024,12,30,21,26,0.92,15
2024,12,30,21,56,0.86,14.9
2024,12,30,22,26,0.86,15
2024,12,30,22,56,0.86,15
2024,12,30,23,26,0.95,15
2024,12,30,23,56,0.86,14.9
2024,12,31,0,26,0.86,14.8
2024,12,31,0,56,0.77,14.8
2024,12,31,1,26,0.77,14.8
2024,12,31,1,56,0.82,14.8
2024,12,31,2,26,0.71,14.8
2024,12,31,2,56,0.8,14.7
2024,12,31,3,26,0.78,14.7
2024,12,31,3,56,0.74,14.7
2024,12,31,4,26,0.79,14.7
2024,12,31,4,56,0.85,14.7
2024,12,31,5,26,0.86,14.8
2024,12,31,5,56,0.85,14.5
2024,12,31,6,26,0.93,14.5
2024,12,31,6,56,0.95,14.6
2024,12,31,7,26,0.96,14.7
2024,12,31,7,56,0.98,14.6
2024,12,31,8,26,0.84,14.6
2024,12,31,8,56,0.82,14.6
2024,12,31,9,26,0.94,14.6
2024,12,31,9,56,0.93,14.6
2024,12,31,10,26,1.01,14.6
2024,12,31,10,56,1.08,14.6
2024,12,31,11,26,1.1,14.6
2024,12,31,11,56,1.09,14.6
2024,12,31,12,26,1.13,14.6
2024,12,31,12,56,0.99,14.6
2024,12,31,13,26,0.92,14.6
2024,12,31,13,56,0.92,14.6
2024,12,31,14,26,0.98,14.6
2024,12,31,14,56,0.86,14.6
2024,12,31,15,26,0.82,14.6
2024,12,31,15,56,0.84,14.6
2024,12,31,16,26,0.79,14.6
2024,12,31,16,56,0.8,14.7
2024,12,31,17,26,0.8,14.7
2024,12,31,17,56,0.8,14.6
2024,12,31,18,26,0.73,14.6
2024,12,31,18,56,0.74,14.6
2024,12,31,19,26,0.78,14.6
2024,12,31,19,56,0.76,14.7
2024,12,31,20,26,0.78,14.7
2024,12,31,20,56,0.82,14.7
2024,12,31,21,26,0.83,14.7
2024,12,31,21,56,0.74,14.8
2024,12,31,22,26,0.74,14.8
2024,12,31,22,56,0.67,14.8
2024,12,31,23,26,0.67,14.8
2024,12,31,23,56,0.67,14.8
