Plot,#,Date-Time (PDT),Ch:1 - Temperature   (°C),Ch:2 - Light   (lux),Button Down,Button Up,Host Connected,End of File
B6,43,4/7/2024 18:10,14.33,10160.64,"","","",""
B6,44,4/7/2024 18:15,14.45,9648.64,"","","",""
B6,45,4/7/2024 18:20,14.84,8238.08,"","","",""
B6,46,4/7/2024 18:25,15.27,6696.96,"","","",""
B6,47,4/7/2024 18:30,15.44,6108.16,"","","",""
B6,48,4/7/2024 18:35,15.4,5706.24,"","","",""
B6,49,4/7/2024 18:40,15.44,5335.04,"","","",""
B6,50,4/7/2024 18:45,15.36,2818.56,"","","",""
B6,51,4/7/2024 18:50,15.31,1954.56,"","","",""
B6,52,4/7/2024 18:55,15.18,1550.08,"","","",""
B6,53,4/7/2024 19:00,15.14,1095.36,"","","",""
B6,54,4/7/2024 19:05,14.88,734.72,"","","",""
B6,55,4/7/2024 19:10,14.97,518.72,"","","",""
B6,56,4/7/2024 19:15,14.97,321.68,"","","",""
B6,57,4/7/2024 19:20,14.88,180.88,"","","",""
B6,58,4/7/2024 19:25,14.75,94.44,"","","",""
B6,59,4/7/2024 19:30,14.71,31.09,"","","",""
B6,60,4/7/2024 19:35,14.67,11.3,"","","",""
B6,61,4/7/2024 19:40,14.71,3.1,"","","",""
B6,62,4/7/2024 19:45,14.58,0.88,"","","",""
B6,63,4/7/2024 19:50,14.71,0,"","","",""
B6,64,4/7/2024 19:55,14.45,0,"","","",""
B6,65,4/7/2024 20:00,14.41,0,"","","",""
B6,66,4/7/2024 20:05,14.37,0,"","","",""
B6,67,4/7/2024 20:10,14.5,0,"","","",""
B6,68,4/7/2024 20:15,14.37,0,"","","",""
B6,69,4/7/2024 20:20,14.33,0,"","","",""
B6,70,4/7/2024 20:25,14.28,0,"","","",""
B6,71,4/7/2024 20:30,14.28,0,"","","",""
B6,72,4/7/2024 20:35,14.37,0,"","","",""
B6,73,4/7/2024 20:40,14.33,0,"","","",""
B6,74,4/7/2024 20:45,14.37,0,"","","",""
B6,75,4/7/2024 20:50,14.33,0,"","","",""
B6,76,4/7/2024 20:55,14.33,0,"","","",""
B6,77,4/7/2024 21:00,14.33,0,"","","",""
B6,78,4/7/2024 21:05,14.37,0,"","","",""
B6,79,4/7/2024 21:10,14.33,0,"","","",""
B6,80,4/7/2024 21:15,14.33,0,"","","",""
B6,81,4/7/2024 21:20,14.37,0,"","","",""
B6,82,4/7/2024 21:25,14.37,0,"","","",""
B6,83,4/7/2024 21:30,14.37,0,"","","",""
B6,84,4/7/2024 21:35,14.37,0,"","","",""
B6,85,4/7/2024 21:40,14.33,0,"","","",""
B6,86,4/7/2024 21:45,14.37,0,"","","",""
B6,87,4/7/2024 21:50,14.33,0,"","","",""
B6,88,4/7/2024 21:55,14.33,0,"","","",""
B6,89,4/7/2024 22:00,14.33,0,"","","",""
B6,90,4/7/2024 22:05,14.33,0,"","","",""
B6,91,4/7/2024 22:10,14.33,0,"","","",""
B6,92,4/7/2024 22:15,14.33,0,"","","",""
B6,93,4/7/2024 22:20,14.33,0,"","","",""
B6,94,4/7/2024 22:25,14.28,0,"","","",""
B6,95,4/7/2024 22:30,14.28,0,"","","",""
B6,96,4/7/2024 22:35,14.24,0,"","","",""
B6,97,4/7/2024 22:40,14.2,0,"","","",""
B6,98,4/7/2024 22:45,14.2,0,"","","",""
B6,99,4/7/2024 22:50,14.11,0,"","","",""
B6,100,4/7/2024 22:55,14.07,0,"","","",""
B6,101,4/7/2024 23:00,13.94,0,"","","",""
B6,102,4/7/2024 23:05,14.07,0,"","","",""
B6,103,4/7/2024 23:10,14.07,0,"","","",""
B6,104,4/7/2024 23:15,14.15,0,"","","",""
B6,105,4/7/2024 23:20,14.24,0,"","","",""
B6,106,4/7/2024 23:25,14.2,0,"","","",""
B6,107,4/7/2024 23:30,14.2,0,"","","",""
B6,108,4/7/2024 23:35,14.2,0,"","","",""
B6,109,4/7/2024 23:40,14.15,0,"","","",""
B6,110,4/7/2024 23:45,14.15,0,"","","",""
B6,111,4/7/2024 23:50,14.2,0,"","","",""
B6,112,4/7/2024 23:55,14.2,0.22,"","","",""
B6,113,4/8/2024 0:00,14.2,0,"","","",""
B6,114,4/8/2024 0:05,14.15,0,"","","",""
B6,115,4/8/2024 0:10,14.07,0,"","","",""
B6,116,4/8/2024 0:15,14.07,0,"","","",""
B6,117,4/8/2024 0:20,13.9,0,"","","",""
B6,118,4/8/2024 0:25,13.73,0,"","","",""
B6,119,4/8/2024 0:30,13.55,0,"","","",""
B6,193,4/8/2024 6:40,11.37,1565.44,"","","",""
B6,194,4/8/2024 6:45,12.18,2568.32,"","","",""
B6,195,4/8/2024 6:50,12.95,2160.64,"","","",""
B6,196,4/8/2024 6:55,13.47,5749.76,"","","",""
B6,197,4/8/2024 7:00,13.64,7726.08,"","","",""
B6,198,4/8/2024 7:05,13.68,9904.64,"","","",""
B6,199,4/8/2024 7:10,13.51,4455.68,"","","",""
B6,200,4/8/2024 7:15,13.51,6753.28,"","","",""
B6,201,4/8/2024 7:20,13.25,17930.24,"","","",""
B6,202,4/8/2024 7:25,13.21,7331.84,"","","",""
B6,203,4/8/2024 7:30,13.04,9003.52,"","","",""
B6,204,4/8/2024 7:35,13.21,4878.08,"","","",""
B6,205,4/8/2024 7:40,13.08,14981.12,"","","",""
B6,206,4/8/2024 7:45,13.12,8739.84,"","","",""
B6,207,4/8/2024 7:50,13.21,10649.6,"","","",""
B6,208,4/8/2024 7:55,13.25,11402.24,"","","",""
B6,209,4/8/2024 8:00,13.25,6274.56,"","","",""
B6,210,4/8/2024 8:05,13.21,15262.72,"","","",""
B6,211,4/8/2024 8:10,13.21,11924.48,"","","",""
B6,212,4/8/2024 8:15,13.43,13158.4,"","","",""
B6,213,4/8/2024 8:20,13.38,17105.92,"","","",""
B6,214,4/8/2024 8:25,13.38,14458.88,"","","",""
B6,215,4/8/2024 8:30,13.47,13649.92,"","","",""
B6,216,4/8/2024 8:35,13.47,18785.28,"","","",""
B6,217,4/8/2024 8:40,13.55,23183.36,"","","",""
B6,218,4/8/2024 8:45,13.55,16808.96,"","","",""
B6,219,4/8/2024 8:50,13.64,39393.28,"","","",""
B6,220,4/8/2024 8:55,13.64,19517.44,"","","",""
B6,221,4/8/2024 9:00,13.64,13045.76,"","","",""
B6,222,4/8/2024 9:05,13.64,13066.24,"","","",""
B6,223,4/8/2024 9:10,13.73,26429.44,"","","",""
B6,224,4/8/2024 9:15,13.85,13931.52,"","","",""
B6,225,4/8/2024 9:20,13.9,29982.72,"","","",""
B6,226,4/8/2024 9:25,13.9,26173.44,"","","",""
B6,227,4/8/2024 9:30,14.07,31815.68,"","","",""
B6,228,4/8/2024 9:35,14.11,22210.56,"","","",""
B6,229,4/8/2024 9:40,14.33,43806.72,"","","",""
B6,230,4/8/2024 9:45,14.45,33710.08,"","","",""
B6,231,4/8/2024 9:50,14.5,46673.92,"","","",""
B6,232,4/8/2024 9:55,14.54,56791.04,"","","",""
B6,233,4/8/2024 10:00,14.45,24422.4,"","","",""
B6,234,4/8/2024 10:05,14.63,48701.44,"","","",""
B6,235,4/8/2024 10:10,14.8,53882.88,"","","",""
B6,236,4/8/2024 10:15,14.75,58081.28,"","","",""
B6,237,4/8/2024 10:20,14.84,51650.56,"","","",""
B6,238,4/8/2024 10:25,14.8,48148.48,"","","",""
B6,239,4/8/2024 10:30,14.71,34467.84,"","","",""
B6,240,4/8/2024 10:35,14.75,31385.6,"","","",""
B6,241,4/8/2024 10:40,14.71,39915.52,"","","",""
B6,242,4/8/2024 10:45,14.67,64696.32,"","","",""
B6,243,4/8/2024 10:50,14.54,33669.12,"","","",""
B6,244,4/8/2024 10:55,14.5,40785.92,"","","",""
B6,245,4/8/2024 11:00,14.5,31395.84,"","","",""
B6,246,4/8/2024 11:05,14.45,23941.12,"","","",""
B6,247,4/8/2024 11:10,14.45,29716.48,"","","",""
B6,248,4/8/2024 11:15,14.41,17566.72,"","","",""
B6,249,4/8/2024 11:20,14.58,29726.72,"","","",""
B6,250,4/8/2024 11:25,14.67,9948.16,"","","",""
B6,251,4/8/2024 11:30,14.75,21135.36,"","","",""
B6,252,4/8/2024 11:35,14.88,24954.88,"","","",""
B6,253,4/8/2024 11:40,15.01,54128.64,"","","",""
B6,254,4/8/2024 11:45,15.18,84951.04,"","","",""
B6,255,4/8/2024 11:50,15.48,58511.36,"","","",""
B6,256,4/8/2024 11:55,15.66,42536.96,"","","",""
B6,257,4/8/2024 12:00,16.04,65699.84,"","","",""
B6,258,4/8/2024 12:05,16.69,83005.44,"","","",""
B6,259,4/8/2024 12:10,17.03,83517.44,"","","",""
B6,260,4/8/2024 12:15,17.76,89088,"","","",""
B6,261,4/8/2024 12:20,18.62,91136,"","","",""
B6,262,4/8/2024 12:25,18.83,91791.36,"","","",""
B6,263,4/8/2024 12:30,19.43,90112,"","","",""
B6,264,4/8/2024 12:35,19.77,92119.04,"","","",""
B6,334,4/8/2024 18:25,14.37,5675.52,"","","",""
B6,335,4/8/2024 18:30,15.1,3823.36,"","","",""
B6,336,4/8/2024 18:35,15.31,3128.32,"","","",""
B6,337,4/8/2024 18:40,15.57,2818.56,"","","",""
B6,338,4/8/2024 18:45,15.48,2859.52,"","","",""
B6,339,4/8/2024 18:50,15.57,1966.72,"","","",""
B6,340,4/8/2024 18:55,15.53,1480.96,"","","",""
B6,341,4/8/2024 19:00,15.44,1576.96,"","","",""
B6,342,4/8/2024 19:05,15.44,924.8,"","","",""
B6,343,4/8/2024 19:10,15.4,621.76,"","","",""
B6,344,4/8/2024 19:15,15.4,418.08,"","","",""
B6,345,4/8/2024 19:20,15.36,225.68,"","","",""
B6,346,4/8/2024 19:25,15.31,99.76,"","","",""
B6,347,4/8/2024 19:30,15.31,36.92,"","","",""
B6,348,4/8/2024 19:35,15.31,11.55,"","","",""
B6,349,4/8/2024 19:40,15.23,3.54,"","","",""
B6,350,4/8/2024 19:45,15.23,0.88,"","","",""
B6,351,4/8/2024 19:50,15.1,0.22,"","","",""
B6,352,4/8/2024 19:55,15.14,0,"","","",""
B6,353,4/8/2024 20:00,15.1,0,"","","",""
B6,354,4/8/2024 20:05,15.06,0,"","","",""
B6,355,4/8/2024 20:10,15.06,0,"","","",""
B6,356,4/8/2024 20:15,15.01,0,"","","",""
B6,357,4/8/2024 20:20,15.01,0,"","","",""
B6,358,4/8/2024 20:25,15.01,0,"","","",""
B6,359,4/8/2024 20:30,14.88,0,"","","",""
B6,360,4/8/2024 20:35,14.93,0,"","","",""
B6,361,4/8/2024 20:40,14.93,0,"","","",""
B6,362,4/8/2024 20:45,14.97,0,"","","",""
B6,363,4/8/2024 20:50,14.97,0,"","","",""
B6,364,4/8/2024 20:55,14.93,0,"","","",""
B6,365,4/8/2024 21:00,14.97,0,"","","",""
B6,366,4/8/2024 21:05,14.93,0,"","","",""
B6,367,4/8/2024 21:10,14.93,0,"","","",""
B6,368,4/8/2024 21:15,14.84,0,"","","",""
B6,369,4/8/2024 21:20,14.88,0,"","","",""
B6,370,4/8/2024 21:25,14.88,0,"","","",""
B6,371,4/8/2024 21:30,14.84,0,"","","",""
B6,372,4/8/2024 21:35,14.8,0,"","","",""
B6,373,4/8/2024 21:40,14.84,0,"","","",""
B6,374,4/8/2024 21:45,14.84,0,"","","",""
B6,375,4/8/2024 21:50,14.75,0.22,"","","",""
B6,376,4/8/2024 21:55,14.75,0,"","","",""
B6,377,4/8/2024 22:00,14.71,0,"","","",""
B6,378,4/8/2024 22:05,14.71,0,"","","",""
B6,379,4/8/2024 22:10,14.71,0,"","","",""
B6,380,4/8/2024 22:15,14.71,0,"","","",""
B6,381,4/8/2024 22:20,14.63,0,"","","",""
B6,382,4/8/2024 22:25,14.63,0,"","","",""
B6,383,4/8/2024 22:30,14.67,0,"","","",""
B6,384,4/8/2024 22:35,14.58,0,"","","",""
B6,385,4/8/2024 22:40,14.54,0,"","","",""
B6,386,4/8/2024 22:45,14.58,0,"","","",""
B6,387,4/8/2024 22:50,14.58,0,"","","",""
B6,388,4/8/2024 22:55,14.5,0,"","","",""
B6,389,4/8/2024 23:00,14.54,0,"","","",""
B6,390,4/8/2024 23:05,14.45,0,"","","",""
B6,391,4/8/2024 23:10,14.37,0,"","","",""
B6,392,4/8/2024 23:15,14.37,0,"","","",""
B6,393,4/8/2024 23:20,14.37,0,"","","",""
B6,394,4/8/2024 23:25,14.37,0,"","","",""
B6,395,4/8/2024 23:30,14.37,0,"","","",""
B6,396,4/8/2024 23:35,14.24,0,"","","",""
B6,397,4/8/2024 23:40,14.07,0,"","","",""
B6,398,4/8/2024 23:45,14.15,0,"","","",""
B6,399,4/8/2024 23:50,14.15,0,"","","",""
B6,400,4/8/2024 23:55,14.11,0,"","","",""
B6,401,4/9/2024 0:00,14.07,0,"","","",""
B6,402,4/9/2024 0:05,14.15,0,"","","",""
B6,403,4/9/2024 0:10,14.07,0,"","","",""
B6,404,4/9/2024 0:15,14.03,0,"","","",""
B6,405,4/9/2024 0:20,14.07,0,"","","",""
B6,406,4/9/2024 0:25,13.98,0,"","","",""
B6,407,4/9/2024 0:30,13.98,0,"","","",""
B6,408,4/9/2024 0:35,13.94,0,"","","",""
B6,409,4/9/2024 0:40,13.9,0,"","","",""
B6,410,4/9/2024 0:45,13.9,0.22,"","","",""
B6,411,4/9/2024 0:50,13.9,0,"","","",""
B6,412,4/9/2024 0:55,13.9,0,"","","",""
B6,413,4/9/2024 1:00,13.77,0,"","","",""
B6,414,4/9/2024 1:05,13.51,0,"","","",""
B6,496,4/9/2024 7:55,19.39,37591.04,"","","",""
B6,497,4/9/2024 8:00,18.79,38512.64,"","","",""
B6,498,4/9/2024 8:05,18.14,40765.44,"","","",""
B6,499,4/9/2024 8:10,17.24,41359.36,"","","",""
B6,500,4/9/2024 8:15,17.33,16660.48,"","","",""
B6,501,4/9/2024 8:20,16.51,15723.52,"","","",""
B6,502,4/9/2024 8:25,15.7,30402.56,"","","",""
B6,503,4/9/2024 8:30,15.53,22609.92,"","","",""
B6,504,4/9/2024 8:35,15.23,50421.76,"","","",""
B6,505,4/9/2024 8:40,14.63,49725.44,"","","",""
B6,506,4/9/2024 8:45,14.45,27566.08,"","","",""
B6,507,4/9/2024 8:50,14.28,21790.72,"","","",""
B6,508,4/9/2024 8:55,14.33,24985.6,"","","",""
B6,509,4/9/2024 9:00,14.28,58101.76,"","","",""
B6,510,4/9/2024 9:05,14.15,23756.8,"","","",""
B6,511,4/9/2024 9:10,14.24,33413.12,"","","",""
B6,512,4/9/2024 9:15,14.24,46899.2,"","","",""
B6,513,4/9/2024 9:20,14.33,40017.92,"","","",""
B6,514,4/9/2024 9:25,14.33,37601.28,"","","",""
B6,515,4/9/2024 9:30,14.28,42762.24,"","","",""
B6,516,4/9/2024 9:35,14.28,21698.56,"","","",""
B6,517,4/9/2024 9:40,14.37,27473.92,"","","",""
B6,518,4/9/2024 9:45,14.37,34498.56,"","","",""
B6,519,4/9/2024 9:50,14.37,56709.12,"","","",""
B6,520,4/9/2024 9:55,14.41,44032,"","","",""
B6,521,4/9/2024 10:00,14.54,70860.8,"","","",""
B6,522,4/9/2024 10:05,14.54,39987.2,"","","",""
B6,523,4/9/2024 10:10,14.58,46161.92,"","","",""
B6,524,4/9/2024 10:15,14.58,46694.4,"","","",""
B6,525,4/9/2024 10:20,14.67,36495.36,"","","",""
B6,526,4/9/2024 10:25,14.63,38451.2,"","","",""
B6,527,4/9/2024 10:30,14.67,66969.6,"","","",""
B6,528,4/9/2024 10:35,14.71,60067.84,"","","",""
B6,529,4/9/2024 10:40,14.67,50831.36,"","","",""
B6,530,4/9/2024 10:45,14.8,54456.32,"","","",""
B6,531,4/9/2024 10:50,14.75,58183.68,"","","",""
B6,532,4/9/2024 10:55,14.71,33689.6,"","","",""
B6,533,4/9/2024 11:00,14.93,74444.8,"","","",""
B6,534,4/9/2024 11:05,14.93,53329.92,"","","",""
B6,535,4/9/2024 11:10,14.97,65249.28,"","","",""
B6,536,4/9/2024 11:15,15.06,73420.8,"","","",""
B6,537,4/9/2024 11:20,14.97,53043.2,"","","",""
B6,538,4/9/2024 11:25,14.93,39290.88,"","","",""
B6,539,4/9/2024 11:30,15.18,76656.64,"","","",""
B6,540,4/9/2024 11:35,15.4,53084.16,"","","",""
B6,541,4/9/2024 11:40,15.48,34846.72,"","","",""
B6,542,4/9/2024 11:45,15.4,55336.96,"","","",""
B6,543,4/9/2024 11:50,15.44,38778.88,"","","",""
B6,544,4/9/2024 11:55,15.48,75059.2,"","","",""
B6,545,4/9/2024 12:00,15.7,86220.8,"","","",""
B6,546,4/9/2024 12:05,15.96,69509.12,"","","",""
B6,547,4/9/2024 12:10,16.04,77414.4,"","","",""
B6,548,4/9/2024 12:15,16.17,69468.16,"","","",""
B6,549,4/9/2024 12:20,16.51,69140.48,"","","",""
B6,550,4/9/2024 12:25,16.39,88555.52,"","","",""
B6,551,4/9/2024 12:30,16.86,45568,"","","",""
B6,552,4/9/2024 12:35,16.6,73728,"","","",""
B6,553,4/9/2024 12:40,17.2,74383.36,"","","",""
B6,554,4/9/2024 12:45,17.8,79216.64,"","","",""
B6,555,4/9/2024 12:50,17.97,93347.84,"","","",""
B6,556,4/9/2024 12:55,18.66,93511.68,"","","",""
B6,557,4/9/2024 13:00,19.17,93143.04,"","","",""
B6,558,4/9/2024 13:05,19.35,92979.2,"","","",""
B6,559,4/9/2024 13:10,20.12,92897.28,"","","",""
B6,560,4/9/2024 13:15,20.03,92037.12,"","","",""
B6,561,4/9/2024 13:20,20.2,92405.76,"","","",""
B6,625,4/9/2024 18:40,14.58,4650.24,"","","",""
B6,626,4/9/2024 18:45,14.75,4089.6,"","","",""
B6,627,4/9/2024 18:50,14.88,3710.72,"","","",""
B6,628,4/9/2024 18:55,15.14,2933.76,"","","",""
B6,629,4/9/2024 19:00,15.18,2307.84,"","","",""
B6,630,4/9/2024 19:05,15.27,1956.48,"","","",""
B6,631,4/9/2024 19:10,15.31,1067.84,"","","",""
B6,632,4/9/2024 19:15,15.27,477.12,"","","",""
B6,633,4/9/2024 19:20,15.18,312.16,"","","",""
B6,634,4/9/2024 19:25,15.23,126.48,"","","",""
B6,635,4/9/2024 19:30,15.23,56.14,"","","",""
B6,636,4/9/2024 19:35,15.14,20.23,"","","",""
B6,637,4/9/2024 19:40,15.1,6.43,"","","",""
B6,638,4/9/2024 19:45,14.97,1.77,"","","",""
B6,639,4/9/2024 19:50,15.01,0.22,"","","",""
B6,640,4/9/2024 19:55,14.93,0,"","","",""
B6,641,4/9/2024 20:00,14.93,0,"","","",""
B6,642,4/9/2024 20:05,14.88,0,"","","",""
B6,643,4/9/2024 20:10,14.84,0,"","","",""
B6,644,4/9/2024 20:15,14.84,0,"","","",""
B6,645,4/9/2024 20:20,14.84,0,"","","",""
B6,646,4/9/2024 20:25,14.71,0,"","","",""
B6,647,4/9/2024 20:30,14.75,0,"","","",""
B6,648,4/9/2024 20:35,14.93,0,"","","",""
B6,649,4/9/2024 20:40,14.5,0,"","","",""
B6,650,4/9/2024 20:45,14.58,0,"","","",""
B6,651,4/9/2024 20:50,14.67,0,"","","",""
B6,652,4/9/2024 20:55,14.71,0,"","","",""
B6,653,4/9/2024 21:00,14.75,0,"","","",""
B6,654,4/9/2024 21:05,14.58,0,"","","",""
B6,655,4/9/2024 21:10,14.37,0,"","","",""
B6,656,4/9/2024 21:15,14.28,0,"","","",""
B6,657,4/9/2024 21:20,14.33,0,"","","",""
B6,658,4/9/2024 21:25,14.37,0,"","","",""
B6,659,4/9/2024 21:30,14.33,0,"","","",""
B6,660,4/9/2024 21:35,14.28,0,"","","",""
B6,661,4/9/2024 21:40,14.33,0,"","","",""
B6,662,4/9/2024 21:45,14.45,0,"","","",""
B6,663,4/9/2024 21:50,14.37,0,"","","",""
B6,664,4/9/2024 21:55,14.24,0,"","","",""
B6,665,4/9/2024 22:00,14.2,0,"","","",""
B6,666,4/9/2024 22:05,14.2,0,"","","",""
B6,667,4/9/2024 22:10,14.15,0,"","","",""
B6,668,4/9/2024 22:15,14.11,0,"","","",""
B6,669,4/9/2024 22:20,13.98,0,"","","",""
B6,670,4/9/2024 22:25,13.94,0.22,"","","",""
B6,671,4/9/2024 22:30,13.94,0,"","","",""
B6,672,4/9/2024 22:35,13.94,0,"","","",""
B6,673,4/9/2024 22:40,13.9,0,"","","",""
B6,674,4/9/2024 22:45,13.94,0,"","","",""
B6,675,4/9/2024 22:50,13.94,0,"","","",""
B6,676,4/9/2024 22:55,13.94,0,"","","",""
B6,677,4/9/2024 23:00,13.98,0,"","","",""
B6,678,4/9/2024 23:05,13.98,0,"","","",""
B6,679,4/9/2024 23:10,13.98,0,"","","",""
B6,680,4/9/2024 23:15,13.94,0,"","","",""
B6,681,4/9/2024 23:20,14.03,0,"","","",""
B6,682,4/9/2024 23:25,14.11,0,"","","",""
B6,683,4/9/2024 23:30,14.07,0,"","","",""
B6,684,4/9/2024 23:35,14.07,0,"","","",""
B6,685,4/9/2024 23:40,14.11,0,"","","",""
B6,686,4/9/2024 23:45,14.03,0,"","","",""
B6,687,4/9/2024 23:50,13.9,0,"","","",""
B6,688,4/9/2024 23:55,13.94,0,"","","",""
B6,689,4/10/2024 0:00,13.85,0,"","","",""
B6,690,4/10/2024 0:05,13.9,0,"","","",""
B6,691,4/10/2024 0:10,13.68,0,"","","",""
B6,692,4/10/2024 0:15,13.6,0,"","","",""
B6,693,4/10/2024 0:20,13.43,0,"","","",""
B6,694,4/10/2024 0:25,13.51,0,"","","",""
B6,695,4/10/2024 0:30,13.55,0,"","","",""
B6,696,4/10/2024 0:35,13.38,0,"","","",""
B6,697,4/10/2024 0:40,13.34,0,"","","",""
B6,698,4/10/2024 0:45,13.64,0,"","","",""
B6,699,4/10/2024 0:50,13.34,0,"","","",""
B6,700,4/10/2024 0:55,13.34,0,"","","",""
B6,701,4/10/2024 1:00,13.38,0,"","","",""
B6,702,4/10/2024 1:05,13.34,0,"","","",""
B6,703,4/10/2024 1:10,13.34,0,"","","",""
B6,704,4/10/2024 1:15,13.51,0,"","","",""
B6,705,4/10/2024 1:20,13.38,0,"","","",""
B6,706,4/10/2024 1:25,13.25,0,"","","",""
B6,707,4/10/2024 1:30,13.47,0,"","","",""
B6,708,4/10/2024 1:35,13.43,0.22,"","","",""
B6,709,4/10/2024 1:40,13.38,0,"","","",""
B6,710,4/10/2024 1:45,13.34,0,"","","",""
B6,711,4/10/2024 1:50,13.17,0,"","","",""
B6,797,4/10/2024 9:00,22.65,67235.84,"","","",""
B6,798,4/10/2024 9:05,22.39,69447.68,"","","",""
B6,799,4/10/2024 9:10,21.36,73113.6,"","","",""
B6,800,4/10/2024 9:15,20.2,72478.72,"","","",""
B6,801,4/10/2024 9:20,20.8,74629.12,"","","",""
B6,802,4/10/2024 9:25,20.2,74731.52,"","","",""
B6,803,4/10/2024 9:30,19.95,53391.36,"","","",""
B6,804,4/10/2024 9:35,18.87,51015.68,"","","",""
B6,805,4/10/2024 9:40,18.74,74772.48,"","","",""
B6,806,4/10/2024 9:45,18.4,57344,"","","",""
B6,807,4/10/2024 9:50,17.67,51712,"","","",""
B6,808,4/10/2024 9:55,16.77,50278.4,"","","",""
B6,809,4/10/2024 10:00,16.51,48332.8,"","","",""
B6,810,4/10/2024 10:05,15.91,70348.8,"","","",""
B6,811,4/10/2024 10:10,15.91,54046.72,"","","",""
B6,812,4/10/2024 10:15,16.08,47083.52,"","","",""
B6,813,4/10/2024 10:20,16.04,52736,"","","",""
B6,814,4/10/2024 10:25,15.91,61829.12,"","","",""
B6,815,4/10/2024 10:30,15.91,57753.6,"","","",""
B6,816,4/10/2024 10:35,15.83,56668.16,"","","",""
B6,817,4/10/2024 10:40,15.74,58880,"","","",""
B6,818,4/10/2024 10:45,15.87,86917.12,"","","",""
B6,819,4/10/2024 10:50,15.87,59924.48,"","","",""
B6,820,4/10/2024 10:55,16.08,63651.84,"","","",""
B6,821,4/10/2024 11:00,15.91,62750.72,"","","",""
B6,822,4/10/2024 11:05,15.96,69365.76,"","","",""
B6,823,4/10/2024 11:10,16,39720.96,"","","",""
B6,824,4/10/2024 11:15,16.08,39946.24,"","","",""
B6,825,4/10/2024 11:20,16.08,54661.12,"","","",""
B6,826,4/10/2024 11:25,16.13,93143.04,"","","",""
B6,827,4/10/2024 11:30,16.04,71147.52,"","","",""
B6,828,4/10/2024 11:35,16.04,65474.56,"","","",""
B6,829,4/10/2024 11:40,16.21,77271.04,"","","",""
B6,830,4/10/2024 11:45,16.08,73297.92,"","","",""
B6,831,4/10/2024 11:50,16.13,68567.04,"","","",""
B6,832,4/10/2024 11:55,16.17,62033.92,"","","",""
B6,833,4/10/2024 12:00,16.08,69980.16,"","","",""
B6,834,4/10/2024 12:05,16.13,52060.16,"","","",""
B6,835,4/10/2024 12:10,16.26,76206.08,"","","",""
B6,836,4/10/2024 12:15,16.34,85237.76,"","","",""
B6,837,4/10/2024 12:20,16.3,83271.68,"","","",""
B6,838,4/10/2024 12:25,16.39,64389.12,"","","",""
B6,839,4/10/2024 12:30,16.26,78151.68,"","","",""
B6,840,4/10/2024 12:35,16.6,86097.92,"","","",""
B6,841,4/10/2024 12:40,16.3,50135.04,"","","",""
B6,842,4/10/2024 12:45,16.43,67624.96,"","","",""
B6,843,4/10/2024 12:50,16.73,74629.12,"","","",""
B6,844,4/10/2024 12:55,16.9,61747.2,"","","",""
B6,845,4/10/2024 13:00,17.16,72847.36,"","","",""
B6,846,4/10/2024 13:05,17.54,90234.88,"","","",""
B6,847,4/10/2024 13:10,17.29,62054.4,"","","",""
B6,848,4/10/2024 13:15,17.89,61870.08,"","","",""
B6,849,4/10/2024 13:20,17.97,83824.64,"","","",""
B6,850,4/10/2024 13:25,18.32,81059.84,"","","",""
B6,851,4/10/2024 13:30,18.62,91955.2,"","","",""
B6,852,4/10/2024 13:35,18.87,77107.2,"","","",""
B6,853,4/10/2024 13:40,18.96,65904.64,"","","",""
B6,854,4/10/2024 13:45,19.35,91054.08,"","","",""
B6,855,4/10/2024 13:50,19.77,91299.84,"","","",""
B6,856,4/10/2024 13:55,20.12,89825.28,"","","",""
B6,857,4/10/2024 14:00,20.29,89251.84,"","","",""
B6,858,4/10/2024 14:05,20.8,89456.64,"","","",""
B6,859,4/10/2024 14:10,21.28,87736.32,"","","",""
B6,860,4/10/2024 14:15,21.4,86999.04,"","","",""
B6,861,4/10/2024 14:20,21.62,86343.68,"","","",""
B6,915,4/10/2024 18:50,15.31,3863.04,"","","",""
B6,916,4/10/2024 18:55,15.18,3284.48,"","","",""
B6,917,4/10/2024 19:00,15.27,1623.04,"","","",""
B6,918,4/10/2024 19:05,15.36,2121.6,"","","",""
B6,919,4/10/2024 19:10,15.48,1532.16,"","","",""
B6,920,4/10/2024 19:15,15.44,978.24,"","","",""
B6,921,4/10/2024 19:20,15.44,416.8,"","","",""
B6,922,4/10/2024 19:25,15.48,171.28,"","","",""
B6,923,4/10/2024 19:30,15.48,96.32,"","","",""
B6,924,4/10/2024 19:35,15.44,36.97,"","","",""
B6,925,4/10/2024 19:40,15.44,8.64,"","","",""
B6,926,4/10/2024 19:45,15.48,2.43,"","","",""
B6,927,4/10/2024 19:50,15.44,0.66,"","","",""
B6,928,4/10/2024 19:55,15.4,0,"","","",""
B6,929,4/10/2024 20:00,15.4,0,"","","",""
B6,930,4/10/2024 20:05,15.36,0.22,"","","",""
B6,931,4/10/2024 20:10,15.36,0,"","","",""
B6,932,4/10/2024 20:15,15.27,0,"","","",""
B6,933,4/10/2024 20:20,15.27,0,"","","",""
B6,934,4/10/2024 20:25,15.23,0,"","","",""
B6,935,4/10/2024 20:30,15.23,0,"","","",""
B6,936,4/10/2024 20:35,15.18,0,"","","",""
B6,937,4/10/2024 20:40,14.97,0,"","","",""
B6,938,4/10/2024 20:45,15.06,0,"","","",""
B6,939,4/10/2024 20:50,14.93,0,"","","",""
B6,940,4/10/2024 20:55,14.93,0,"","","",""
B6,941,4/10/2024 21:00,14.84,0,"","","",""
B6,942,4/10/2024 21:05,14.97,0,"","","",""
B6,943,4/10/2024 21:10,14.88,0,"","","",""
B6,944,4/10/2024 21:15,14.75,0,"","","",""
B6,945,4/10/2024 21:20,14.67,0,"","","",""
B6,946,4/10/2024 21:25,14.75,0,"","","",""
B6,947,4/10/2024 21:30,14.71,0,"","","",""
B6,948,4/10/2024 21:35,14.63,0,"","","",""
B6,949,4/10/2024 21:40,14.58,0,"","","",""
B6,950,4/10/2024 21:45,14.45,0,"","","",""
B6,951,4/10/2024 21:50,14.54,0,"","","",""
B6,952,4/10/2024 21:55,14.58,0,"","","",""
B6,953,4/10/2024 22:00,14.45,0,"","","",""
B6,954,4/10/2024 22:05,14.45,0,"","","",""
B6,955,4/10/2024 22:10,14.5,0,"","","",""
B6,956,4/10/2024 22:15,14.45,0,"","","",""
B6,957,4/10/2024 22:20,14.45,0,"","","",""
B6,958,4/10/2024 22:25,14.37,0,"","","",""
B6,959,4/10/2024 22:30,14.41,0,"","","",""
B6,960,4/10/2024 22:35,14.5,0,"","","",""
B6,961,4/10/2024 22:40,14.45,0,"","","",""
B6,962,4/10/2024 22:45,14.41,0,"","","",""
B6,963,4/10/2024 22:50,14.41,0,"","","",""
B6,964,4/10/2024 22:55,14.41,0,"","","",""
B6,965,4/10/2024 23:00,14.41,0,"","","",""
B6,966,4/10/2024 23:05,14.41,0,"","","",""
B6,967,4/10/2024 23:10,14.45,0,"","","",""
B6,968,4/10/2024 23:15,14.45,0.22,"","","",""
B6,969,4/10/2024 23:20,14.5,0,"","","",""
B6,970,4/10/2024 23:25,14.45,0,"","","",""
B6,971,4/10/2024 23:30,14.5,0,"","","",""
B6,972,4/10/2024 23:35,14.54,0,"","","",""
B6,973,4/10/2024 23:40,14.5,0,"","","",""
B6,974,4/10/2024 23:45,14.5,0,"","","",""
B6,975,4/10/2024 23:50,14.58,0,"","","",""
B6,976,4/10/2024 23:55,14.5,0,"","","",""
B6,977,4/11/2024 0:00,14.5,0,"","","",""
B6,978,4/11/2024 0:05,14.5,0,"","","",""
B6,979,4/11/2024 0:10,14.45,0,"","","",""
B6,980,4/11/2024 0:15,14.45,0,"","","",""
B6,981,4/11/2024 0:20,14.45,0,"","","",""
B6,982,4/11/2024 0:25,14.37,0,"","","",""
B6,983,4/11/2024 0:30,14.33,0,"","","",""
B6,984,4/11/2024 0:35,14.33,0,"","","",""
B6,985,4/11/2024 0:40,14.28,0,"","","",""
B6,986,4/11/2024 0:45,14.33,0,"","","",""
B6,987,4/11/2024 0:50,14.07,0,"","","",""
B6,988,4/11/2024 0:55,13.94,0,"","","",""
B6,989,4/11/2024 1:00,13.85,0,"","","",""
B6,990,4/11/2024 1:05,13.68,0,"","","",""
B6,991,4/11/2024 1:10,13.6,0,"","","",""
B6,992,4/11/2024 1:15,13.64,0,"","","",""
B6,993,4/11/2024 1:20,13.73,0,"","","",""
B6,994,4/11/2024 1:25,13.6,0,"","","",""
B6,995,4/11/2024 1:30,13.6,0,"","","",""
B6,996,4/11/2024 1:35,13.6,0,"","","",""
B6,997,4/11/2024 1:40,13.38,0,"","","",""
B6,998,4/11/2024 1:45,13.6,0,"","","",""
B6,999,4/11/2024 1:50,13.64,0,"","","",""
B6,1000,4/11/2024 1:55,13.68,0,"","","",""
B6,1001,4/11/2024 2:00,13.85,0,"","","",""
B6,1002,4/11/2024 2:05,13.6,0,"","","",""
B6,1003,4/11/2024 2:10,13.64,0,"","","",""
B6,1004,4/11/2024 2:15,13.6,0,"","","",""
B6,1005,4/11/2024 2:20,13.6,0,"","","",""
B6,1006,4/11/2024 2:25,13.77,0.22,"","","",""
B6,1007,4/11/2024 2:30,13.6,0,"","","",""
B6,1008,4/11/2024 2:35,13.51,0,"","","",""
B6,1098,4/11/2024 10:05,19.95,70553.6,"","","",""
B6,1099,4/11/2024 10:10,21.19,74813.44,"","","",""
B6,1100,4/11/2024 10:15,22.01,92160,"","","",""
B6,1101,4/11/2024 10:20,21.06,78069.76,"","","",""
B6,1102,4/11/2024 10:25,20.5,73011.2,"","","",""
B6,1103,4/11/2024 10:30,20.12,80773.12,"","","",""
B6,1104,4/11/2024 10:35,20.89,97239.04,"","","",""
B6,1105,4/11/2024 10:40,21.1,99532.8,"","","",""
B6,1106,4/11/2024 10:45,20.12,89743.36,"","","",""
B6,1107,4/11/2024 10:50,19.3,99082.24,"","","",""
B6,1108,4/11/2024 10:55,19.22,110837.76,"","","",""
B6,1109,4/11/2024 11:00,18.27,55992.32,"","","",""
B6,1110,4/11/2024 11:05,17.76,72376.32,"","","",""
B6,1111,4/11/2024 11:10,17.03,72867.84,"","","",""
B6,1112,4/11/2024 11:15,16.86,65351.68,"","","",""
B6,1113,4/11/2024 11:20,16.77,59699.2,"","","",""
B6,1114,4/11/2024 11:25,16.43,57569.28,"","","",""
B6,1115,4/11/2024 11:30,16.43,77127.68,"","","",""
B6,1116,4/11/2024 11:35,16.39,65576.96,"","","",""
B6,1117,4/11/2024 11:40,16.64,97402.88,"","","",""
B6,1118,4/11/2024 11:45,16.47,48578.56,"","","",""
B6,1119,4/11/2024 11:50,16.56,71229.44,"","","",""
B6,1120,4/11/2024 11:55,16.43,75489.28,"","","",""
B6,1121,4/11/2024 12:00,15.96,81694.72,"","","",""
B6,1122,4/11/2024 12:05,16.04,88555.52,"","","",""
B6,1123,4/11/2024 12:10,15.83,64962.56,"","","",""
B6,1124,4/11/2024 12:15,16.08,80056.32,"","","",""
B6,1125,4/11/2024 12:20,15.91,58593.28,"","","",""
B6,1126,4/11/2024 12:25,15.83,60190.72,"","","",""
B6,1127,4/11/2024 12:30,16.17,74260.48,"","","",""
B6,1128,4/11/2024 12:35,16,70553.6,"","","",""
B6,1129,4/11/2024 12:40,15.91,75837.44,"","","",""
B6,1130,4/11/2024 12:45,16,64593.92,"","","",""
B6,1131,4/11/2024 12:50,16.3,66150.4,"","","",""
B6,1132,4/11/2024 12:55,16.39,73646.08,"","","",""
B6,1133,4/11/2024 13:00,16.3,86589.44,"","","",""
B6,1134,4/11/2024 13:05,16.47,51486.72,"","","",""
B6,1135,4/11/2024 13:10,16.39,67010.56,"","","",""
B6,1136,4/11/2024 13:15,16.64,91381.76,"","","",""
B6,1137,4/11/2024 13:20,16.51,72499.2,"","","",""
B6,1138,4/11/2024 13:25,16.6,59617.28,"","","",""
B6,1139,4/11/2024 13:30,16.64,59822.08,"","","",""
B6,1140,4/11/2024 13:35,16.69,83148.8,"","","",""
B6,1141,4/11/2024 13:40,16.77,67317.76,"","","",""
B6,1142,4/11/2024 13:45,16.99,60702.72,"","","",""
B6,1143,4/11/2024 13:50,17.11,65024,"","","",""
B6,1144,4/11/2024 13:55,17.16,65167.36,"","","",""
B6,1145,4/11/2024 14:00,17.37,53473.28,"","","",""
B6,1146,4/11/2024 14:05,17.67,85319.68,"","","",""
B6,1147,4/11/2024 14:10,18.14,93061.12,"","","",""
B6,1148,4/11/2024 14:15,18.06,71516.16,"","","",""
B6,1149,4/11/2024 14:20,18.4,48926.72,"","","",""
B6,1150,4/11/2024 14:25,18.96,70348.8,"","","",""
B6,1151,4/11/2024 14:30,18.53,87367.68,"","","",""
B6,1152,4/11/2024 14:35,18.96,85934.08,"","","",""
B6,1153,4/11/2024 14:40,19.17,81080.32,"","","",""
B6,1154,4/11/2024 14:45,19.39,82616.32,"","","",""
B6,1155,4/11/2024 14:50,19.69,83968,"","","",""
B6,1156,4/11/2024 14:55,19.56,57262.08,"","","",""
B6,1157,4/11/2024 15:00,20.29,77844.48,"","","",""
B6,1158,4/11/2024 15:05,20.2,79032.32,"","","",""
B6,1159,4/11/2024 15:10,20.2,80916.48,"","","",""
B6,1160,4/11/2024 15:15,20.25,80793.6,"","","",""
B6,1161,4/11/2024 15:20,20.12,45342.72,"","","",""
B6,1162,4/11/2024 15:25,20.29,79749.12,"","","",""
B6,1199,4/11/2024 18:30,14.67,6615.04,"","","",""
B6,1200,4/11/2024 18:35,14.71,5657.6,"","","",""
B6,1201,4/11/2024 18:40,14.67,3054.08,"","","",""
B6,1202,4/11/2024 18:45,14.63,4147.2,"","","",""
B6,1203,4/11/2024 18:50,14.58,3118.08,"","","",""
B6,1204,4/11/2024 18:55,14.58,2663.68,"","","",""
B6,1205,4/11/2024 19:00,14.45,2238.08,"","","",""
B6,1206,4/11/2024 19:05,14.63,1230.08,"","","",""
B6,1207,4/11/2024 19:10,14.63,734.72,"","","",""
B6,1208,4/11/2024 19:15,14.63,477.92,"","","",""
B6,1209,4/11/2024 19:20,14.67,256.72,"","","",""
B6,1210,4/11/2024 19:25,14.63,77.04,"","","",""
B6,1211,4/11/2024 19:30,14.67,77.48,"","","",""
B6,1212,4/11/2024 19:35,14.63,27.6,"","","",""
B6,1213,4/11/2024 19:40,14.67,9.56,"","","",""
B6,1214,4/11/2024 19:45,14.67,2.88,"","","",""
B6,1215,4/11/2024 19:50,14.63,0.44,"","","",""
B6,1216,4/11/2024 19:55,14.58,0,"","","",""
B6,1217,4/11/2024 20:00,14.63,0,"","","",""
B6,1218,4/11/2024 20:05,14.54,0,"","","",""
B6,1219,4/11/2024 20:10,14.54,0,"","","",""
B6,1220,4/11/2024 20:15,14.58,0,"","","",""
B6,1221,4/11/2024 20:20,14.54,0,"","","",""
B6,1222,4/11/2024 20:25,14.54,0,"","","",""
B6,1223,4/11/2024 20:30,14.54,0,"","","",""
B6,1224,4/11/2024 20:35,14.5,0,"","","",""
B6,1225,4/11/2024 20:40,14.45,0,"","","",""
B6,1226,4/11/2024 20:45,14.41,0,"","","",""
B6,1227,4/11/2024 20:50,14.41,0,"","","",""
B6,1228,4/11/2024 20:55,14.33,0.22,"","","",""
B6,1229,4/11/2024 21:00,14.33,0,"","","",""
B6,1230,4/11/2024 21:05,14.33,0,"","","",""
B6,1231,4/11/2024 21:10,14.28,0,"","","",""
B6,1232,4/11/2024 21:15,14.33,0,"","","",""
B6,1233,4/11/2024 21:20,14.24,0,"","","",""
B6,1234,4/11/2024 21:25,14.24,0,"","","",""
B6,1235,4/11/2024 21:30,14.28,0,"","","",""
B6,1236,4/11/2024 21:35,14.24,0,"","","",""
B6,1237,4/11/2024 21:40,14.15,0,"","","",""
B6,1238,4/11/2024 21:45,14.11,0,"","","",""
B6,1239,4/11/2024 21:50,14.15,0,"","","",""
B6,1240,4/11/2024 21:55,14.2,0,"","","",""
B6,1241,4/11/2024 22:00,14.24,0,"","","",""
B6,1242,4/11/2024 22:05,14.11,0,"","","",""
B6,1243,4/11/2024 22:10,14.15,0,"","","",""
B6,1244,4/11/2024 22:15,14.15,0,"","","",""
B6,1245,4/11/2024 22:20,14.07,0,"","","",""
B6,1246,4/11/2024 22:25,14.15,0,"","","",""
B6,1247,4/11/2024 22:30,13.98,0,"","","",""
B6,1248,4/11/2024 22:35,13.94,0,"","","",""
B6,1249,4/11/2024 22:40,14.03,0,"","","",""
B6,1250,4/11/2024 22:45,14.03,0,"","","",""
B6,1251,4/11/2024 22:50,14.03,0,"","","",""
B6,1252,4/11/2024 22:55,14.07,0,"","","",""
B6,1253,4/11/2024 23:00,13.94,0,"","","",""
B6,1254,4/11/2024 23:05,13.9,0,"","","",""
B6,1255,4/11/2024 23:10,13.9,0,"","","",""
B6,1256,4/11/2024 23:15,13.9,0,"","","",""
B6,1257,4/11/2024 23:20,13.85,0,"","","",""
B6,1258,4/11/2024 23:25,13.81,0,"","","",""
B6,1259,4/11/2024 23:30,13.85,0,"","","",""
B6,1260,4/11/2024 23:35,13.81,0,"","","",""
B6,1261,4/11/2024 23:40,13.85,0,"","","",""
B6,1262,4/11/2024 23:45,13.73,0,"","","",""
B6,1263,4/11/2024 23:50,13.68,0,"","","",""
B6,1264,4/11/2024 23:55,13.64,0,"","","",""
B6,1265,4/12/2024 0:00,13.64,0,"","","",""
B6,1266,4/12/2024 0:05,13.64,0.22,"","","",""
B6,1267,4/12/2024 0:10,13.68,0,"","","",""
B6,1268,4/12/2024 0:15,13.64,0,"","","",""
B6,1269,4/12/2024 0:20,13.64,0,"","","",""
B6,1270,4/12/2024 0:25,13.64,0,"","","",""
B6,1271,4/12/2024 0:30,13.68,0,"","","",""
B6,1272,4/12/2024 0:35,13.68,0,"","","",""
B6,1273,4/12/2024 0:40,13.73,0,"","","",""
B6,1274,4/12/2024 0:45,13.73,0,"","","",""
B6,1275,4/12/2024 0:50,13.68,0,"","","",""
B6,1276,4/12/2024 0:55,13.68,0,"","","",""
B6,1277,4/12/2024 1:00,13.73,0,"","","",""
B6,1278,4/12/2024 1:05,13.73,0,"","","",""
B6,1279,4/12/2024 1:10,13.73,0,"","","",""
B6,1280,4/12/2024 1:15,13.68,0,"","","",""
B6,1281,4/12/2024 1:20,13.77,0,"","","",""
B6,1282,4/12/2024 1:25,13.73,0,"","","",""
B6,1283,4/12/2024 1:30,13.73,0,"","","",""
B6,1284,4/12/2024 1:35,13.73,0,"","","",""
B6,1285,4/12/2024 1:40,13.64,0,"","","",""
B6,1286,4/12/2024 1:45,13.68,0,"","","",""
B6,1287,4/12/2024 1:50,13.64,0,"","","",""
B6,1288,4/12/2024 1:55,13.64,0,"","","",""
B6,1289,4/12/2024 2:00,13.64,0,"","","",""
B6,1290,4/12/2024 2:05,13.64,0,"","","",""
B6,1291,4/12/2024 2:10,13.6,0,"","","",""
B6,1292,4/12/2024 2:15,13.6,0,"","","",""
B6,1293,4/12/2024 2:20,13.64,0,"","","",""
B6,1294,4/12/2024 2:25,13.6,0,"","","",""
B6,1295,4/12/2024 2:30,13.64,0,"","","",""
B6,1296,4/12/2024 2:35,13.64,0,"","","",""
B6,1297,4/12/2024 2:40,13.51,0,"","","",""
B6,1298,4/12/2024 2:45,13.51,0,"","","",""
B6,1299,4/12/2024 2:50,13.6,0,"","","",""
B6,1300,4/12/2024 2:55,13.6,0,"","","",""
B6,1301,4/12/2024 3:00,13.64,0.22,"","","",""
B6,1302,4/12/2024 3:05,13.6,0,"","","",""
B6,1303,4/12/2024 3:10,13.6,0,"","","",""
B6,1304,4/12/2024 3:15,13.55,0,"","","",""
B6,1305,4/12/2024 3:20,13.55,0,"","","",""
B6,1306,4/12/2024 3:25,13.51,0,"","","",""
B6,1307,4/12/2024 3:30,13.51,0,"","","",""
B6,1308,4/12/2024 3:35,13.47,0,"","","",""
B6,40,4/15/2024 15:40,23.42,79544.32,"","","",""
B6,41,4/15/2024 15:45,23.51,78663.68,"","","",""
B6,42,4/15/2024 15:50,23.46,77926.4,"","","",""
B6,43,4/15/2024 15:55,23.34,75509.76,"","","",""
B6,44,4/15/2024 16:00,22.73,74670.08,"","","",""
B6,45,4/15/2024 16:05,22.95,73871.36,"","","",""
B6,46,4/15/2024 16:10,22.86,72110.08,"","","",""
B6,47,4/15/2024 16:15,22.56,48680.96,"","","",""
B6,48,4/15/2024 16:20,21.88,71024.64,"","","",""
B6,49,4/15/2024 16:25,21.83,35973.12,"","","",""
B6,50,4/15/2024 16:30,21.23,42414.08,"","","",""
B6,51,4/15/2024 16:35,20.72,57630.72,"","","",""
B6,52,4/15/2024 16:40,19.86,42209.28,"","","",""
B6,53,4/15/2024 16:45,20.37,53452.8,"","","",""
B6,54,4/15/2024 16:50,20.03,36618.24,"","","",""
B6,55,4/15/2024 16:55,19.9,41912.32,"","","",""
B6,56,4/15/2024 17:00,19.35,52633.6,"","","",""
B6,57,4/15/2024 17:05,18.87,48128,"","","",""
B6,58,4/15/2024 17:10,18.4,19235.84,"","","",""
B6,59,4/15/2024 17:15,18.74,23490.56,"","","",""
B6,60,4/15/2024 17:20,18.53,25978.88,"","","",""
B6,61,4/15/2024 17:25,18.27,20992,"","","",""
B6,62,4/15/2024 17:30,18.19,28395.52,"","","",""
B6,63,4/15/2024 17:35,17.8,22476.8,"","","",""
B6,64,4/15/2024 17:40,17.76,22077.44,"","","",""
B6,65,4/15/2024 17:45,17.63,14914.56,"","","",""
B6,66,4/15/2024 17:50,17.72,17694.72,"","","",""
B6,67,4/15/2024 17:55,17.63,8179.2,"","","",""
B6,68,4/15/2024 18:00,16.77,3636.48,"","","",""
B6,69,4/15/2024 18:05,16.6,4040.96,"","","",""
B6,70,4/15/2024 18:10,16.6,3742.72,"","","",""
B6,71,4/15/2024 18:15,16.51,4197.12,"","","",""
B6,72,4/15/2024 18:20,16.47,3445.76,"","","",""
B6,73,4/15/2024 18:25,16.34,2938.88,"","","",""
B6,74,4/15/2024 18:30,16.34,2958.08,"","","",""
B6,75,4/15/2024 18:35,16.26,3321.6,"","","",""
B6,76,4/15/2024 18:40,16.3,2556.16,"","","",""
B6,77,4/15/2024 18:45,16.21,2423.04,"","","",""
B6,78,4/15/2024 18:50,16.17,2453.12,"","","",""
B6,79,4/15/2024 18:55,16.04,2078.72,"","","",""
B6,80,4/15/2024 19:00,16.04,1480.32,"","","",""
B6,81,4/15/2024 19:05,15.96,1096.96,"","","",""
B6,82,4/15/2024 19:10,15.87,759.04,"","","",""
B6,83,4/15/2024 19:15,15.87,604.32,"","","",""
B6,84,4/15/2024 19:20,15.83,370.88,"","","",""
B6,85,4/15/2024 19:25,15.78,264.96,"","","",""
B6,86,4/15/2024 19:30,15.78,130.16,"","","",""
B6,87,4/15/2024 19:35,15.7,61.02,"","","",""
B6,88,4/15/2024 19:40,15.7,18.46,"","","",""
B6,89,4/15/2024 19:45,15.66,5.76,"","","",""
B6,90,4/15/2024 19:50,15.61,1.99,"","","",""
B6,91,4/15/2024 19:55,15.61,0.44,"","","",""
B6,92,4/15/2024 20:00,15.57,0,"","","",""
B6,93,4/15/2024 20:05,15.57,0,"","","",""
B6,94,4/15/2024 20:10,15.48,0,"","","",""
B6,95,4/15/2024 20:15,15.53,0,"","","",""
B6,96,4/15/2024 20:20,15.44,0,"","","",""
B6,97,4/15/2024 20:25,15.44,0,"","","",""
B6,98,4/15/2024 20:30,15.4,0,"","","",""
B6,99,4/15/2024 20:35,15.4,0,"","","",""
B6,100,4/15/2024 20:40,15.4,0,"","","",""
B6,101,4/15/2024 20:45,15.36,0,"","","",""
B6,102,4/15/2024 20:50,15.36,0,"","","",""
B6,103,4/15/2024 20:55,15.31,0,"","","",""
B6,104,4/15/2024 21:00,15.31,0,"","","",""
B6,105,4/15/2024 21:05,15.27,0,"","","",""
B6,106,4/15/2024 21:10,15.27,0,"","","",""
B6,107,4/15/2024 21:15,15.23,0,"","","",""
B6,108,4/15/2024 21:20,15.23,0,"","","",""
B6,109,4/15/2024 21:25,15.23,0,"","","",""
B6,110,4/15/2024 21:30,15.18,0,"","","",""
B6,111,4/15/2024 21:35,15.18,0,"","","",""
B6,112,4/15/2024 21:40,15.14,0,"","","",""
B6,113,4/15/2024 21:45,15.14,0,"","","",""
B6,114,4/15/2024 21:50,15.1,0,"","","",""
B6,115,4/15/2024 21:55,15.14,0,"","","",""
B6,116,4/15/2024 22:00,15.1,0,"","","",""
B6,117,4/15/2024 22:05,15.14,0,"","","",""
B6,118,4/15/2024 22:10,15.06,0,"","","",""
B6,119,4/15/2024 22:15,15.06,0,"","","",""
B6,120,4/15/2024 22:20,15.06,0,"","","",""
B6,121,4/15/2024 22:25,15.06,0,"","","",""
B6,122,4/15/2024 22:30,15.01,0,"","","",""
B6,123,4/15/2024 22:35,15.06,0,"","","",""
B6,124,4/15/2024 22:40,15.01,0,"","","",""
B6,125,4/15/2024 22:45,15.01,0,"","","",""
B6,126,4/15/2024 22:50,15.01,0,"","","",""
B6,127,4/15/2024 22:55,14.93,0,"","","",""
B6,128,4/15/2024 23:00,14.97,0,"","","",""
B6,129,4/15/2024 23:05,14.93,0,"","","",""
B6,130,4/15/2024 23:10,14.97,0,"","","",""
B6,131,4/15/2024 23:15,14.97,0,"","","",""
B6,132,4/15/2024 23:20,15.01,0,"","","",""
B6,133,4/15/2024 23:25,14.93,0,"","","",""
B6,134,4/15/2024 23:30,14.97,0,"","","",""
B6,135,4/15/2024 23:35,14.93,0,"","","",""
B6,136,4/15/2024 23:40,14.93,0,"","","",""
B6,137,4/15/2024 23:45,14.97,0,"","","",""
B6,138,4/15/2024 23:50,14.93,0,"","","",""
B6,139,4/15/2024 23:55,14.88,0,"","","",""
B6,140,4/16/2024 0:00,14.88,0,"","","",""
B6,141,4/16/2024 0:05,14.88,0,"","","",""
B6,142,4/16/2024 0:10,14.88,0,"","","",""
B6,143,4/16/2024 0:15,14.88,0,"","","",""
B6,144,4/16/2024 0:20,14.88,0,"","","",""
B6,145,4/16/2024 0:25,14.88,0,"","","",""
B6,146,4/16/2024 0:30,14.84,0,"","","",""
B6,147,4/16/2024 0:35,14.88,0,"","","",""
B6,148,4/16/2024 0:40,14.88,0,"","","",""
B6,149,4/16/2024 0:45,14.88,0,"","","",""
B6,150,4/16/2024 0:50,14.84,0,"","","",""
B6,151,4/16/2024 0:55,14.84,0,"","","",""
B6,152,4/16/2024 1:00,14.84,0,"","","",""
B6,153,4/16/2024 1:05,14.84,0,"","","",""
B6,154,4/16/2024 1:10,14.8,0,"","","",""
B6,155,4/16/2024 1:15,14.8,0,"","","",""
B6,156,4/16/2024 1:20,14.84,0,"","","",""
B6,157,4/16/2024 1:25,14.8,0,"","","",""
B6,158,4/16/2024 1:30,14.8,0,"","","",""
B6,159,4/16/2024 1:35,14.8,0,"","","",""
B6,160,4/16/2024 1:40,14.75,0,"","","",""
B6,161,4/16/2024 1:45,14.75,0,"","","",""
B6,162,4/16/2024 1:50,14.75,0,"","","",""
B6,163,4/16/2024 1:55,14.75,0,"","","",""
B6,164,4/16/2024 2:00,14.75,0,"","","",""
B6,165,4/16/2024 2:05,14.71,0,"","","",""
B6,166,4/16/2024 2:10,14.71,0,"","","",""
B6,167,4/16/2024 2:15,14.67,0,"","","",""
B6,168,4/16/2024 2:20,14.67,0,"","","",""
B6,169,4/16/2024 2:25,14.71,0,"","","",""
B6,170,4/16/2024 2:30,14.63,0,"","","",""
B6,171,4/16/2024 2:35,14.63,0,"","","",""
B6,172,4/16/2024 2:40,14.63,0,"","","",""
B6,173,4/16/2024 2:45,14.58,0,"","","",""
B6,174,4/16/2024 2:50,14.63,0,"","","",""
B6,175,4/16/2024 2:55,14.63,0,"","","",""
B6,176,4/16/2024 3:00,14.58,0,"","","",""
B6,177,4/16/2024 3:05,14.58,0,"","","",""
B6,178,4/16/2024 3:10,14.54,0,"","","",""
B6,179,4/16/2024 3:15,14.58,0,"","","",""
B6,180,4/16/2024 3:20,14.58,0,"","","",""
B6,181,4/16/2024 3:25,14.5,0,"","","",""
B6,182,4/16/2024 3:30,14.5,0,"","","",""
B6,183,4/16/2024 3:35,14.5,0,"","","",""
B6,184,4/16/2024 3:40,14.5,0,"","","",""
B6,185,4/16/2024 3:45,14.5,0,"","","",""
B6,186,4/16/2024 3:50,14.5,0,"","","",""
B6,187,4/16/2024 3:55,14.5,0,"","","",""
B6,188,4/16/2024 4:00,14.45,0,"","","",""
B6,189,4/16/2024 4:05,14.45,0,"","","",""
B6,190,4/16/2024 4:10,14.45,0,"","","",""
B6,191,4/16/2024 4:15,14.41,0,"","","",""
B6,192,4/16/2024 4:20,14.41,0,"","","",""
B6,193,4/16/2024 4:25,14.45,0,"","","",""
B6,194,4/16/2024 4:30,14.41,0,"","","",""
B6,195,4/16/2024 4:35,14.45,0,"","","",""
B6,196,4/16/2024 4:40,14.41,0,"","","",""
B6,197,4/16/2024 4:45,14.37,0,"","","",""
B6,198,4/16/2024 4:50,14.41,0,"","","",""
B6,199,4/16/2024 4:55,14.41,0,"","","",""
B6,200,4/16/2024 5:00,14.41,0,"","","",""
B6,201,4/16/2024 5:05,14.37,0,"","","",""
B6,202,4/16/2024 5:10,14.41,0,"","","",""
B6,203,4/16/2024 5:15,14.37,0,"","","",""
B6,204,4/16/2024 5:20,14.41,0,"","","",""
B6,205,4/16/2024 5:25,14.37,0,"","","",""
B6,206,4/16/2024 5:30,14.37,0,"","","",""
B6,207,4/16/2024 5:35,14.37,0,"","","",""
B6,208,4/16/2024 5:40,14.37,0,"","","",""
B6,209,4/16/2024 5:45,14.41,0,"","","",""
B6,210,4/16/2024 5:50,14.37,0.66,"","","",""
B6,211,4/16/2024 5:55,14.41,1.99,"","","",""
B6,212,4/16/2024 6:00,14.37,4.87,"","","",""
B6,213,4/16/2024 6:05,14.37,18.46,"","","",""
B6,214,4/16/2024 6:10,14.37,52.1,"","","",""
B6,215,4/16/2024 6:15,14.33,154.2,"","","",""
B6,216,4/16/2024 6:20,14.37,254.96,"","","",""
B6,217,4/16/2024 6:25,14.37,475.36,"","","",""
B6,218,4/16/2024 6:30,14.37,759.68,"","","",""
B6,219,4/16/2024 6:35,14.41,1116.48,"","","",""
B6,220,4/16/2024 6:40,14.45,1690.24,"","","",""
B6,221,4/16/2024 6:45,14.45,2263.04,"","","",""
B6,222,4/16/2024 6:50,14.5,4782.08,"","","",""
B6,223,4/16/2024 6:55,14.58,5987.84,"","","",""
B6,224,4/16/2024 7:00,14.71,4235.52,"","","",""
B6,225,4/16/2024 7:05,14.84,7429.12,"","","",""
B6,226,4/16/2024 7:10,15.01,10081.28,"","","",""
B6,227,4/16/2024 7:15,15.1,4317.44,"","","",""
B6,228,4/16/2024 7:20,15.4,13393.92,"","","",""
B6,229,4/16/2024 7:25,15.44,8719.36,"","","",""
B6,230,4/16/2024 7:30,15.66,14863.36,"","","",""
B6,231,4/16/2024 7:35,15.96,17408,"","","",""
B6,232,4/16/2024 7:40,16.3,18708.48,"","","",""
B6,233,4/16/2024 7:45,16.69,19962.88,"","","",""
B6,234,4/16/2024 7:50,16.81,21811.2,"","","",""
B6,235,4/16/2024 7:55,17.03,24186.88,"","","",""
B6,236,4/16/2024 8:00,17.63,25917.44,"","","",""
B6,237,4/16/2024 8:05,17.63,27340.8,"","","",""
B6,238,4/16/2024 8:10,18.14,28928,"","","",""
B6,239,4/16/2024 8:15,18.32,29829.12,"","","",""
B6,333,4/16/2024 16:05,24.45,73052.16,"","","",""
B6,334,4/16/2024 16:10,24.36,66437.12,"","","",""
B6,335,4/16/2024 16:15,24.19,71577.6,"","","",""
B6,336,4/16/2024 16:20,23.89,72826.88,"","","",""
B6,337,4/16/2024 16:25,23.64,50053.12,"","","",""
B6,338,4/16/2024 16:30,22.69,74588.16,"","","",""
B6,339,4/16/2024 16:35,23.42,69509.12,"","","",""
B6,340,4/16/2024 16:40,22.78,74731.52,"","","",""
B6,341,4/16/2024 16:45,21.88,72744.96,"","","",""
B6,342,4/16/2024 16:50,21.79,73502.72,"","","",""
B6,343,4/16/2024 16:55,20.76,34037.76,"","","",""
B6,344,4/16/2024 17:00,20.63,28764.16,"","","",""
B6,345,4/16/2024 17:05,20.63,72130.56,"","","",""
B6,346,4/16/2024 17:10,19.9,27934.72,"","","",""
B6,347,4/16/2024 17:15,19.73,24791.04,"","","",""
B6,348,4/16/2024 17:20,19.22,22702.08,"","","",""
B6,349,4/16/2024 17:25,18.83,20008.96,"","","",""
B6,350,4/16/2024 17:30,18.49,23162.88,"","","",""
B6,351,4/16/2024 17:35,18.23,18334.72,"","","",""
B6,352,4/16/2024 17:40,18.14,19425.28,"","","",""
B6,353,4/16/2024 17:45,18.02,16993.28,"","","",""
B6,354,4/16/2024 17:50,18.06,18703.36,"","","",""
B6,355,4/16/2024 17:55,17.8,14330.88,"","","",""
B6,356,4/16/2024 18:00,17.07,3901.44,"","","",""
B6,357,4/16/2024 18:05,17.07,2908.16,"","","",""
B6,358,4/16/2024 18:10,16.77,4171.52,"","","",""
B6,359,4/16/2024 18:15,16.99,3430.4,"","","",""
B6,360,4/16/2024 18:20,16.77,4011.52,"","","",""
B6,361,4/16/2024 18:25,16.73,3004.16,"","","",""
B6,362,4/16/2024 18:30,16.81,2275.84,"","","",""
B6,363,4/16/2024 18:35,16.6,2403.2,"","","",""
B6,364,4/16/2024 18:40,16.77,2603.52,"","","",""
B6,365,4/16/2024 18:45,16.86,2236.8,"","","",""
B6,366,4/16/2024 18:50,16.51,2328.96,"","","",""
B6,367,4/16/2024 18:55,16.81,2110.72,"","","",""
B6,368,4/16/2024 19:00,16.73,1810.56,"","","",""
B6,369,4/16/2024 19:05,16.56,1199.04,"","","",""
B6,370,4/16/2024 19:10,16.39,852.16,"","","",""
B6,371,4/16/2024 19:15,16.47,824.32,"","","",""
B6,372,4/16/2024 19:20,16.6,606.56,"","","",""
B6,373,4/16/2024 19:25,16.43,257.6,"","","",""
B6,374,4/16/2024 19:30,16.34,141.68,"","","",""
B6,375,4/16/2024 19:35,16.39,70.4,"","","",""
B6,376,4/16/2024 19:40,16.39,30.26,"","","",""
B6,377,4/16/2024 19:45,16.13,8.86,"","","",""
B6,378,4/16/2024 19:50,16.34,1.99,"","","",""
B6,379,4/16/2024 19:55,16.21,0.22,"","","",""
B6,380,4/16/2024 20:00,16.17,0,"","","",""
B6,381,4/16/2024 20:05,16.17,0,"","","",""
B6,382,4/16/2024 20:10,16.08,0,"","","",""
B6,383,4/16/2024 20:15,16.17,0,"","","",""
B6,384,4/16/2024 20:20,15.96,0,"","","",""
B6,385,4/16/2024 20:25,16.08,0,"","","",""
B6,386,4/16/2024 20:30,16.04,0,"","","",""
B6,387,4/16/2024 20:35,16.13,0,"","","",""
B6,388,4/16/2024 20:40,16.08,0,"","","",""
B6,389,4/16/2024 20:45,15.91,0,"","","",""
B6,390,4/16/2024 20:50,16,0,"","","",""
B6,391,4/16/2024 20:55,15.74,0,"","","",""
B6,392,4/16/2024 21:00,15.87,0,"","","",""
B6,393,4/16/2024 21:05,15.87,0,"","","",""
B6,394,4/16/2024 21:10,15.83,0,"","","",""
B6,395,4/16/2024 21:15,15.96,0,"","","",""
B6,396,4/16/2024 21:20,15.87,0,"","","",""
B6,397,4/16/2024 21:25,15.91,0,"","","",""
B6,398,4/16/2024 21:30,15.91,0,"","","",""
B6,399,4/16/2024 21:35,15.78,0,"","","",""
B6,400,4/16/2024 21:40,15.83,0,"","","",""
B6,401,4/16/2024 21:45,15.74,0,"","","",""
B6,402,4/16/2024 21:50,15.7,0,"","","",""
B6,403,4/16/2024 21:55,15.74,0,"","","",""
B6,404,4/16/2024 22:00,15.7,0.22,"","","",""
B6,405,4/16/2024 22:05,15.7,0,"","","",""
B6,406,4/16/2024 22:10,15.66,0,"","","",""
B6,407,4/16/2024 22:15,15.57,0,"","","",""
B6,408,4/16/2024 22:20,15.61,0,"","","",""
B6,409,4/16/2024 22:25,15.61,0,"","","",""
B6,410,4/16/2024 22:30,15.57,0,"","","",""
B6,411,4/16/2024 22:35,15.61,0,"","","",""
B6,412,4/16/2024 22:40,15.61,0,"","","",""
B6,413,4/16/2024 22:45,15.57,0,"","","",""
B6,414,4/16/2024 22:50,15.61,0,"","","",""
B6,415,4/16/2024 22:55,15.57,0,"","","",""
B6,416,4/16/2024 23:00,15.57,0,"","","",""
B6,417,4/16/2024 23:05,15.44,0,"","","",""
B6,418,4/16/2024 23:10,15.44,0,"","","",""
B6,419,4/16/2024 23:15,15.36,0,"","","",""
B6,420,4/16/2024 23:20,15.4,0,"","","",""
B6,421,4/16/2024 23:25,15.44,0,"","","",""
B6,422,4/16/2024 23:30,15.36,0,"","","",""
B6,423,4/16/2024 23:35,15.23,0,"","","",""
B6,424,4/16/2024 23:40,15.18,0,"","","",""
B6,425,4/16/2024 23:45,15.31,0,"","","",""
B6,426,4/16/2024 23:50,15.18,0,"","","",""
B6,427,4/16/2024 23:55,15.14,0,"","","",""
B6,428,4/17/2024 0:00,15.14,0,"","","",""
B6,429,4/17/2024 0:05,15.06,0,"","","",""
B6,430,4/17/2024 0:10,15.1,0,"","","",""
B6,431,4/17/2024 0:15,15.14,0,"","","",""
B6,432,4/17/2024 0:20,15.1,0,"","","",""
B6,433,4/17/2024 0:25,15.23,0,"","","",""
B6,434,4/17/2024 0:30,15.1,0,"","","",""
B6,435,4/17/2024 0:35,14.97,0,"","","",""
B6,436,4/17/2024 0:40,15.01,0,"","","",""
B6,437,4/17/2024 0:45,14.93,0,"","","",""
B6,438,4/17/2024 0:50,15.14,0,"","","",""
B6,439,4/17/2024 0:55,15.1,0,"","","",""
B6,440,4/17/2024 1:00,15.1,0,"","","",""
B6,441,4/17/2024 1:05,15.01,0,"","","",""
B6,442,4/17/2024 1:10,15.06,0.22,"","","",""
B6,443,4/17/2024 1:15,15.1,0,"","","",""
B6,444,4/17/2024 1:20,14.97,0,"","","",""
B6,445,4/17/2024 1:25,15.1,0,"","","",""
B6,446,4/17/2024 1:30,15.01,0,"","","",""
B6,447,4/17/2024 1:35,15.01,0,"","","",""
B6,448,4/17/2024 1:40,15.18,0,"","","",""
B6,449,4/17/2024 1:45,15.1,0,"","","",""
B6,450,4/17/2024 1:50,15.14,0,"","","",""
B6,451,4/17/2024 1:55,15.1,0,"","","",""
B6,452,4/17/2024 2:00,15.06,0,"","","",""
B6,453,4/17/2024 2:05,15.06,0,"","","",""
B6,454,4/17/2024 2:10,15.06,0,"","","",""
B6,455,4/17/2024 2:15,15.1,0,"","","",""
B6,456,4/17/2024 2:20,15.06,0,"","","",""
B6,457,4/17/2024 2:25,15.01,0,"","","",""
B6,458,4/17/2024 2:30,15.06,0,"","","",""
B6,459,4/17/2024 2:35,15.01,0,"","","",""
B6,460,4/17/2024 2:40,15.01,0,"","","",""
B6,461,4/17/2024 2:45,15.06,0,"","","",""
B6,462,4/17/2024 2:50,15.01,0,"","","",""
B6,463,4/17/2024 2:55,15.06,0,"","","",""
B6,464,4/17/2024 3:00,14.97,0,"","","",""
B6,465,4/17/2024 3:05,14.93,0,"","","",""
B6,466,4/17/2024 3:10,14.97,0,"","","",""
B6,467,4/17/2024 3:15,14.93,0,"","","",""
B6,468,4/17/2024 3:20,14.93,0,"","","",""
B6,469,4/17/2024 3:25,14.84,0,"","","",""
B6,470,4/17/2024 3:30,14.84,0,"","","",""
B6,471,4/17/2024 3:35,14.84,0,"","","",""
B6,472,4/17/2024 3:40,14.84,0,"","","",""
B6,473,4/17/2024 3:45,14.88,0,"","","",""
B6,474,4/17/2024 3:50,14.84,0,"","","",""
B6,475,4/17/2024 3:55,14.8,0,"","","",""
B6,476,4/17/2024 4:00,14.75,0,"","","",""
B6,477,4/17/2024 4:05,14.71,0,"","","",""
B6,478,4/17/2024 4:10,14.67,0,"","","",""
B6,479,4/17/2024 4:15,14.67,0,"","","",""
B6,480,4/17/2024 4:20,14.67,0,"","","",""
B6,481,4/17/2024 4:25,14.67,0,"","","",""
B6,482,4/17/2024 4:30,14.54,0,"","","",""
B6,483,4/17/2024 4:35,14.63,0,"","","",""
B6,484,4/17/2024 4:40,14.54,0,"","","",""
B6,485,4/17/2024 4:45,14.45,0,"","","",""
B6,486,4/17/2024 4:50,14.5,0,"","","",""
B6,487,4/17/2024 4:55,14.41,0,"","","",""
B6,488,4/17/2024 5:00,14.41,0,"","","",""
B6,489,4/17/2024 5:05,14.5,0,"","","",""
B6,490,4/17/2024 5:10,14.41,0,"","","",""
B6,491,4/17/2024 5:15,14.41,0,"","","",""
B6,492,4/17/2024 5:20,14.37,0,"","","",""
B6,493,4/17/2024 5:25,14.37,0,"","","",""
B6,494,4/17/2024 5:30,14.37,0,"","","",""
B6,495,4/17/2024 5:35,14.37,0,"","","",""
B6,496,4/17/2024 5:40,14.33,0,"","","",""
B6,497,4/17/2024 5:45,14.37,0,"","","",""
B6,498,4/17/2024 5:50,14.37,0.66,"","","",""
B6,499,4/17/2024 5:55,14.33,2.66,"","","",""
B6,500,4/17/2024 6:00,14.28,7.31,"","","",""
B6,501,4/17/2024 6:05,14.28,27.1,"","","",""
B6,502,4/17/2024 6:10,14.33,73.06,"","","",""
B6,503,4/17/2024 6:15,14.28,137.24,"","","",""
B6,504,4/17/2024 6:20,14.28,231.04,"","","",""
B6,505,4/17/2024 6:25,14.33,230.8,"","","",""
B6,506,4/17/2024 6:30,14.28,249.68,"","","",""
B6,507,4/17/2024 6:35,14.28,612.32,"","","",""
B6,508,4/17/2024 6:40,14.33,720,"","","",""
B6,509,4/17/2024 6:45,14.33,1172.48,"","","",""
B6,510,4/17/2024 6:50,14.37,568.48,"","","",""
B6,511,4/17/2024 6:55,14.33,912.64,"","","",""
B6,512,4/17/2024 7:00,14.33,1726.72,"","","",""
B6,513,4/17/2024 7:05,14.37,1965.44,"","","",""
B6,514,4/17/2024 7:10,14.41,1906.56,"","","",""
B6,515,4/17/2024 7:15,14.41,2066.56,"","","",""
B6,516,4/17/2024 7:20,14.45,3873.28,"","","",""
B6,517,4/17/2024 7:25,14.45,3404.8,"","","",""
B6,518,4/17/2024 7:30,14.45,5519.36,"","","",""
B6,519,4/17/2024 7:35,14.5,6126.08,"","","",""
B6,520,4/17/2024 7:40,14.54,6932.48,"","","",""
B6,521,4/17/2024 7:45,14.63,7175.68,"","","",""
B6,522,4/17/2024 7:50,14.58,6740.48,"","","",""
B6,523,4/17/2024 7:55,14.63,8647.68,"","","",""
B6,524,4/17/2024 8:00,14.67,6689.28,"","","",""
B6,525,4/17/2024 8:05,14.75,9443.84,"","","",""
B6,526,4/17/2024 8:10,14.75,11827.2,"","","",""
B6,527,4/17/2024 8:15,14.97,16240.64,"","","",""
B6,528,4/17/2024 8:20,15.18,18575.36,"","","",""
B6,529,4/17/2024 8:25,15.36,17474.56,"","","",""
B6,530,4/17/2024 8:30,15.36,15887.36,"","","",""
B6,531,4/17/2024 8:35,15.53,19481.6,"","","",""
B6,532,4/17/2024 8:40,15.61,19118.08,"","","",""
B6,533,4/17/2024 8:45,15.7,22691.84,"","","",""
B6,534,4/17/2024 8:50,16,23234.56,"","","",""
B6,535,4/17/2024 8:55,15.96,22568.96,"","","",""
B6,536,4/17/2024 9:00,16.26,19092.48,"","","",""
B6,537,4/17/2024 9:05,16.34,26941.44,"","","",""
B6,538,4/17/2024 9:10,17.03,29276.16,"","","",""
B6,539,4/17/2024 9:15,16.77,28764.16,"","","",""
B6,626,4/17/2024 16:30,21.83,59596.8,"","","",""
B6,627,4/17/2024 16:35,20.89,63590.4,"","","",""
B6,628,4/17/2024 16:40,20.25,26777.6,"","","",""
B6,629,4/17/2024 16:45,21.06,62177.28,"","","",""
B6,630,4/17/2024 16:50,20.76,53227.52,"","","",""
B6,631,4/17/2024 16:55,20.59,59617.28,"","","",""
B6,632,4/17/2024 17:00,18.57,22190.08,"","","",""
B6,633,4/17/2024 17:05,18.57,41840.64,"","","",""
B6,634,4/17/2024 17:10,19.9,23459.84,"","","",""
B6,635,4/17/2024 17:15,19.86,67993.6,"","","",""
B6,636,4/17/2024 17:20,19.09,29644.8,"","","",""
B6,637,4/17/2024 17:25,18.06,24832,"","","",""
B6,638,4/17/2024 17:30,17.84,6118.4,"","","",""
B6,639,4/17/2024 17:35,18.1,44175.36,"","","",""
B6,640,4/17/2024 17:40,17.84,27013.12,"","","",""
B6,641,4/17/2024 17:45,17.07,6909.44,"","","",""
B6,642,4/17/2024 17:50,17.03,11064.32,"","","",""
B6,643,4/17/2024 17:55,16.94,18575.36,"","","",""
B6,644,4/17/2024 18:00,16.51,6814.72,"","","",""
B6,645,4/17/2024 18:05,16.43,4540.16,"","","",""
B6,646,4/17/2024 18:10,16.47,5176.32,"","","",""
B6,647,4/17/2024 18:15,16.43,4295.68,"","","",""
B6,648,4/17/2024 18:20,16.43,5002.24,"","","",""
B6,649,4/17/2024 18:25,16.26,4540.16,"","","",""
B6,650,4/17/2024 18:30,16.3,3994.88,"","","",""
B6,651,4/17/2024 18:35,16.26,3130.88,"","","",""
B6,652,4/17/2024 18:40,16.26,2915.84,"","","",""
B6,653,4/17/2024 18:45,16.17,1841.28,"","","",""
B6,654,4/17/2024 18:50,16.13,2352,"","","",""
B6,655,4/17/2024 18:55,16.13,2089.6,"","","",""
B6,656,4/17/2024 19:00,16.08,755.2,"","","",""
B6,657,4/17/2024 19:05,15.87,735.04,"","","",""
B6,658,4/17/2024 19:10,15.91,744.32,"","","",""
B6,659,4/17/2024 19:15,15.91,458.08,"","","",""
B6,660,4/17/2024 19:20,15.74,396,"","","",""
B6,661,4/17/2024 19:25,15.78,242.56,"","","",""
B6,662,4/17/2024 19:30,15.74,103.32,"","","",""
B6,663,4/17/2024 19:35,15.61,56.54,"","","",""
B6,664,4/17/2024 19:40,15.7,20.01,"","","",""
B6,665,4/17/2024 19:45,15.57,4.43,"","","",""
B6,666,4/17/2024 19:50,15.57,2.21,"","","",""
B6,667,4/17/2024 19:55,15.57,0.44,"","","",""
B6,668,4/17/2024 20:00,15.61,0,"","","",""
B6,669,4/17/2024 20:05,15.53,0,"","","",""
B6,670,4/17/2024 20:10,15.61,0,"","","",""
B6,671,4/17/2024 20:15,15.53,0,"","","",""
B6,672,4/17/2024 20:20,15.7,0,"","","",""
B6,673,4/17/2024 20:25,15.53,0,"","","",""
B6,674,4/17/2024 20:30,15.61,0,"","","",""
B6,675,4/17/2024 20:35,15.57,0,"","","",""
B6,676,4/17/2024 20:40,15.44,0,"","","",""
B6,677,4/17/2024 20:45,15.57,0,"","","",""
B6,678,4/17/2024 20:50,15.53,0,"","","",""
B6,679,4/17/2024 20:55,15.53,0,"","","",""
B6,680,4/17/2024 21:00,15.53,0,"","","",""
B6,681,4/17/2024 21:05,15.53,0,"","","",""
B6,682,4/17/2024 21:10,15.48,0,"","","",""
B6,683,4/17/2024 21:15,15.48,0,"","","",""
B6,684,4/17/2024 21:20,15.53,0,"","","",""
B6,685,4/17/2024 21:25,15.48,0,"","","",""
B6,686,4/17/2024 21:30,15.4,0,"","","",""
B6,687,4/17/2024 21:35,15.48,0,"","","",""
B6,688,4/17/2024 21:40,15.44,0,"","","",""
B6,689,4/17/2024 21:45,15.4,0,"","","",""
B6,690,4/17/2024 21:50,15.4,0,"","","",""
B6,691,4/17/2024 21:55,15.31,0,"","","",""
B6,692,4/17/2024 22:00,15.36,0,"","","",""
B6,693,4/17/2024 22:05,15.31,0,"","","",""
B6,694,4/17/2024 22:10,15.27,0,"","","",""
B6,695,4/17/2024 22:15,15.27,0,"","","",""
B6,696,4/17/2024 22:20,15.14,0,"","","",""
B6,697,4/17/2024 22:25,15.31,0,"","","",""
B6,698,4/17/2024 22:30,15.27,0,"","","",""
B6,699,4/17/2024 22:35,15.23,0.22,"","","",""
B6,700,4/17/2024 22:40,15.23,0,"","","",""
B6,701,4/17/2024 22:45,15.23,0,"","","",""
B6,702,4/17/2024 22:50,15.23,0,"","","",""
B6,703,4/17/2024 22:55,15.18,0,"","","",""
B6,704,4/17/2024 23:00,15.14,0,"","","",""
B6,705,4/17/2024 23:05,15.06,0,"","","",""
B6,706,4/17/2024 23:10,15.14,0,"","","",""
B6,707,4/17/2024 23:15,15.1,0,"","","",""
B6,708,4/17/2024 23:20,15.06,0,"","","",""
B6,709,4/17/2024 23:25,15.06,0,"","","",""
B6,710,4/17/2024 23:30,14.84,0,"","","",""
B6,711,4/17/2024 23:35,14.93,0,"","","",""
B6,712,4/17/2024 23:40,14.75,0,"","","",""
B6,713,4/17/2024 23:45,14.54,0,"","","",""
B6,714,4/17/2024 23:50,14.37,0,"","","",""
B6,715,4/17/2024 23:55,14.67,0,"","","",""
B6,716,4/18/2024 0:00,14.54,0,"","","",""
B6,717,4/18/2024 0:05,14.41,0,"","","",""
B6,745,4/18/2024 2:25,14.24,0,"","","",""
B6,746,4/18/2024 2:30,14.07,0,"","","",""
B6,747,4/18/2024 2:35,14.2,0,"","","",""
B6,748,4/18/2024 2:40,14.33,0,"","","",""
B6,749,4/18/2024 2:45,14.41,0,"","","",""
B6,750,4/18/2024 2:50,14.5,0,"","","",""
B6,751,4/18/2024 2:55,14.28,0,"","","",""
B6,752,4/18/2024 3:00,14.37,0,"","","",""
B6,753,4/18/2024 3:05,14.45,0,"","","",""
B6,754,4/18/2024 3:10,14.45,0,"","","",""
B6,755,4/18/2024 3:15,14.37,0,"","","",""
B6,756,4/18/2024 3:20,14.5,0,"","","",""
B6,757,4/18/2024 3:25,14.5,0,"","","",""
B6,758,4/18/2024 3:30,14.45,0,"","","",""
B6,759,4/18/2024 3:35,14.54,0,"","","",""
B6,760,4/18/2024 3:40,14.5,0,"","","",""
B6,761,4/18/2024 3:45,14.5,0,"","","",""
B6,762,4/18/2024 3:50,14.5,0,"","","",""
B6,763,4/18/2024 3:55,14.5,0,"","","",""
B6,764,4/18/2024 4:00,14.5,0,"","","",""
B6,765,4/18/2024 4:05,14.5,0,"","","",""
B6,766,4/18/2024 4:10,14.5,0,"","","",""
B6,767,4/18/2024 4:15,14.5,0,"","","",""
B6,768,4/18/2024 4:20,14.45,0,"","","",""
B6,769,4/18/2024 4:25,14.45,0,"","","",""
B6,770,4/18/2024 4:30,14.41,0,"","","",""
B6,771,4/18/2024 4:35,14.5,0,"","","",""
B6,772,4/18/2024 4:40,14.41,0.22,"","","",""
B6,773,4/18/2024 4:45,14.45,0,"","","",""
B6,774,4/18/2024 4:50,14.45,0,"","","",""
B6,775,4/18/2024 4:55,14.41,0,"","","",""
B6,776,4/18/2024 5:00,14.37,0,"","","",""
B6,777,4/18/2024 5:05,14.33,0,"","","",""
B6,778,4/18/2024 5:10,14.37,0,"","","",""
B6,779,4/18/2024 5:15,14.37,0,"","","",""
B6,780,4/18/2024 5:20,14.37,0,"","","",""
B6,781,4/18/2024 5:25,14.37,0,"","","",""
B6,782,4/18/2024 5:30,14.33,0,"","","",""
B6,783,4/18/2024 5:35,14.33,0,"","","",""
B6,784,4/18/2024 5:40,14.28,0,"","","",""
B6,785,4/18/2024 5:45,14.28,0,"","","",""
B6,786,4/18/2024 5:50,14.28,0.44,"","","",""
B6,787,4/18/2024 5:55,14.33,2.66,"","","",""
B6,788,4/18/2024 6:00,14.33,7.53,"","","",""
B6,789,4/18/2024 6:05,14.28,18.21,"","","",""
B6,790,4/18/2024 6:10,14.28,68.12,"","","",""
B6,791,4/18/2024 6:15,14.28,166.56,"","","",""
B6,792,4/18/2024 6:20,14.33,439.84,"","","",""
B6,793,4/18/2024 6:25,14.28,972.8,"","","",""
B6,794,4/18/2024 6:30,14.28,1354.88,"","","",""
B6,795,4/18/2024 6:35,14.28,1224,"","","",""
B6,796,4/18/2024 6:40,14.28,1527.68,"","","",""
B6,797,4/18/2024 6:45,14.33,1871.36,"","","",""
B6,798,4/18/2024 6:50,14.33,2168.96,"","","",""
B6,799,4/18/2024 6:55,14.33,1922.56,"","","",""
B6,800,4/18/2024 7:00,14.33,3503.36,"","","",""
B6,801,4/18/2024 7:05,14.37,2344.96,"","","",""
B6,802,4/18/2024 7:10,14.33,3054.08,"","","",""
B6,803,4/18/2024 7:15,14.41,5222.4,"","","",""
B6,804,4/18/2024 7:20,14.33,4341.76,"","","",""
B6,805,4/18/2024 7:25,14.37,4824.32,"","","",""
B6,806,4/18/2024 7:30,14.41,4161.28,"","","",""
B6,807,4/18/2024 7:35,14.33,4303.36,"","","",""
B6,808,4/18/2024 7:40,14.37,4399.36,"","","",""
B6,809,4/18/2024 7:45,14.33,3324.16,"","","",""
B6,810,4/18/2024 7:50,14.41,6658.56,"","","",""
B6,811,4/18/2024 7:55,14.33,6740.48,"","","",""
B6,812,4/18/2024 8:00,14.37,8158.72,"","","",""
B6,813,4/18/2024 8:05,14.41,8647.68,"","","",""
B6,814,4/18/2024 8:10,14.5,9761.28,"","","",""
B6,815,4/18/2024 8:15,14.45,8186.88,"","","",""
B6,816,4/18/2024 8:20,14.5,9244.16,"","","",""
B6,817,4/18/2024 8:25,14.54,11166.72,"","","",""
B6,818,4/18/2024 8:30,14.58,11100.16,"","","",""
B6,819,4/18/2024 8:35,14.71,12175.36,"","","",""
B6,820,4/18/2024 8:40,14.75,16424.96,"","","",""
B6,821,4/18/2024 8:45,14.8,16650.24,"","","",""
B6,822,4/18/2024 8:50,14.88,17751.04,"","","",""
B6,823,4/18/2024 8:55,15.01,21811.2,"","","",""
B6,824,4/18/2024 9:00,15.14,19133.44,"","","",""
B6,825,4/18/2024 9:05,15.1,22876.16,"","","",""
B6,826,4/18/2024 9:10,15.1,19061.76,"","","",""
B6,827,4/18/2024 9:15,15.61,15836.16,"","","",""
B6,828,4/18/2024 9:20,15.66,23777.28,"","","",""
B6,829,4/18/2024 9:25,15.7,24371.2,"","","",""
B6,830,4/18/2024 9:30,16.17,37201.92,"","","",""
B6,831,4/18/2024 9:35,17.2,36679.68,"","","",""
B6,832,4/18/2024 9:40,17.41,48250.88,"","","",""
B6,833,4/18/2024 9:45,18.27,64245.76,"","","",""
B6,834,4/18/2024 9:50,17.89,48885.76,"","","",""
B6,835,4/18/2024 9:55,18.1,52264.96,"","","",""
B6,836,4/18/2024 10:00,18.92,65617.92,"","","",""
B6,918,4/18/2024 16:50,22.69,69140.48,"","","",""
B6,919,4/18/2024 16:55,22.56,69304.32,"","","",""
B6,920,4/18/2024 17:00,22.22,70430.72,"","","",""
B6,921,4/18/2024 17:05,21.92,68505.6,"","","",""
B6,922,4/18/2024 17:10,21.62,63283.2,"","","",""
B6,923,4/18/2024 17:15,20.93,29030.4,"","","",""
B6,924,4/18/2024 17:20,20.55,31897.6,"","","",""
B6,925,4/18/2024 17:25,20.42,25784.32,"","","",""
B6,926,4/18/2024 17:30,19.9,30771.2,"","","",""
B6,927,4/18/2024 17:35,19.69,15354.88,"","","",""
B6,928,4/18/2024 17:40,18.66,22343.68,"","","",""
B6,929,4/18/2024 17:45,17.84,24801.28,"","","",""
B6,930,4/18/2024 17:50,17.76,19921.92,"","","",""
B6,931,4/18/2024 17:55,17.24,15482.88,"","","",""
B6,932,4/18/2024 18:00,16.64,2926.08,"","","",""
B6,933,4/18/2024 18:05,16.47,3225.6,"","","",""
B6,934,4/18/2024 18:10,16.43,4419.84,"","","",""
B6,935,4/18/2024 18:15,16.39,3696.64,"","","",""
B6,936,4/18/2024 18:20,16.34,3344.64,"","","",""
B6,937,4/18/2024 18:25,16.26,3142.4,"","","",""
B6,938,4/18/2024 18:30,16.21,3531.52,"","","",""
B6,939,4/18/2024 18:35,16.26,3298.56,"","","",""
B6,940,4/18/2024 18:40,16.17,2254.08,"","","",""
B6,941,4/18/2024 18:45,16.13,2300.16,"","","",""
B6,942,4/18/2024 18:50,16.17,2273.92,"","","",""
B6,943,4/18/2024 18:55,15.91,1368.32,"","","",""
B6,944,4/18/2024 19:00,16.04,1229.12,"","","",""
B6,945,4/18/2024 19:05,16.13,1254.08,"","","",""
B6,946,4/18/2024 19:10,16.04,1193.6,"","","",""
B6,947,4/18/2024 19:15,15.74,854.72,"","","",""
B6,948,4/18/2024 19:20,15.87,519.68,"","","",""
B6,949,4/18/2024 19:25,15.87,218.4,"","","",""
B6,950,4/18/2024 19:30,16,155.08,"","","",""
B6,951,4/18/2024 19:35,15.96,66.34,"","","",""
B6,952,4/18/2024 19:40,15.96,27.1,"","","",""
B6,953,4/18/2024 19:45,15.61,9.31,"","","",""
B6,954,4/18/2024 19:50,15.7,0.66,"","","",""
B6,955,4/18/2024 19:55,15.61,0.88,"","","",""
B6,956,4/18/2024 20:00,15.4,0.44,"","","",""
B6,957,4/18/2024 20:05,15.44,0,"","","",""
B6,958,4/18/2024 20:10,15.4,0,"","","",""
B6,959,4/18/2024 20:15,15.48,0,"","","",""
B6,960,4/18/2024 20:20,15.23,0,"","","",""
B6,961,4/18/2024 20:25,15.27,0,"","","",""
B6,962,4/18/2024 20:30,15.31,0,"","","",""
B6,963,4/18/2024 20:35,15.23,0,"","","",""
B6,964,4/18/2024 20:40,15.27,0,"","","",""
B6,965,4/18/2024 20:45,15.36,0,"","","",""
B6,966,4/18/2024 20:50,15.31,0,"","","",""
B6,967,4/18/2024 20:55,15.23,0,"","","",""
B6,968,4/18/2024 21:00,15.1,0,"","","",""
B6,969,4/18/2024 21:05,15.14,0,"","","",""
B6,970,4/18/2024 21:10,15.14,0,"","","",""
B6,971,4/18/2024 21:15,15.14,0,"","","",""
B6,972,4/18/2024 21:20,15.06,0,"","","",""
B6,973,4/18/2024 21:25,14.97,0,"","","",""
B6,974,4/18/2024 21:30,15.01,0,"","","",""
B6,975,4/18/2024 21:35,15.1,0,"","","",""
B6,976,4/18/2024 21:40,15.1,0,"","","",""
B6,977,4/18/2024 21:45,15.14,0,"","","",""
B6,978,4/18/2024 21:50,15.23,0,"","","",""
B6,979,4/18/2024 21:55,15.14,0,"","","",""
B6,980,4/18/2024 22:00,15.14,0,"","","",""
B6,981,4/18/2024 22:05,15.1,0,"","","",""
B6,982,4/18/2024 22:10,14.93,0,"","","",""
B6,983,4/18/2024 22:15,14.93,0,"","","",""
B6,984,4/18/2024 22:20,15.06,0,"","","",""
B6,985,4/18/2024 22:25,15.1,0,"","","",""
B6,986,4/18/2024 22:30,15.14,0,"","","",""
B6,987,4/18/2024 22:35,15.14,0,"","","",""
B6,988,4/18/2024 22:40,15.1,0,"","","",""
B6,989,4/18/2024 22:45,15.06,0,"","","",""
B6,990,4/18/2024 22:50,15.1,0,"","","",""
B6,991,4/18/2024 22:55,14.93,0.22,"","","",""
B6,992,4/18/2024 23:00,15.1,0,"","","",""
B6,993,4/18/2024 23:05,15.06,0,"","","",""
B6,994,4/18/2024 23:10,15.06,0,"","","",""
B6,995,4/18/2024 23:15,14.88,0,"","","",""
B6,996,4/18/2024 23:20,14.97,0,"","","",""
B6,997,4/18/2024 23:25,14.97,0,"","","",""
B6,998,4/18/2024 23:30,14.97,0,"","","",""
B6,999,4/18/2024 23:35,14.93,0,"","","",""
B6,1000,4/18/2024 23:40,15.01,0,"","","",""
B6,1001,4/18/2024 23:45,14.93,0,"","","",""
B6,1002,4/18/2024 23:50,14.84,0,"","","",""
B6,1048,4/19/2024 3:40,14.41,0,"","","",""
B6,1049,4/19/2024 3:45,14.58,0,"","","",""
B6,1050,4/19/2024 3:50,14.58,0,"","","",""
B6,1051,4/19/2024 3:55,14.58,0,"","","",""
B6,1052,4/19/2024 4:00,14.45,0,"","","",""
B6,1053,4/19/2024 4:05,14.5,0,"","","",""
B6,1054,4/19/2024 4:10,14.54,0,"","","",""
B6,1055,4/19/2024 4:15,14.63,0,"","","",""
B6,1056,4/19/2024 4:20,14.71,0,"","","",""
B6,1057,4/19/2024 4:25,14.71,0,"","","",""
B6,1058,4/19/2024 4:30,14.71,0,"","","",""
B6,1059,4/19/2024 4:35,14.71,0,"","","",""
B6,1060,4/19/2024 4:40,14.75,0,"","","",""
B6,1061,4/19/2024 4:45,14.75,0,"","","",""
B6,1062,4/19/2024 4:50,14.75,0,"","","",""
B6,1063,4/19/2024 4:55,14.71,0,"","","",""
B6,1064,4/19/2024 5:00,14.75,0,"","","",""
B6,1065,4/19/2024 5:05,14.71,0,"","","",""
B6,1066,4/19/2024 5:10,14.67,0,"","","",""
B6,1067,4/19/2024 5:15,14.71,0.44,"","","",""
B6,1068,4/19/2024 5:20,14.71,0,"","","",""
B6,1069,4/19/2024 5:25,14.71,0,"","","",""
B6,1070,4/19/2024 5:30,14.67,0,"","","",""
B6,1071,4/19/2024 5:35,14.71,0,"","","",""
B6,1072,4/19/2024 5:40,14.71,0,"","","",""
B6,1073,4/19/2024 5:45,14.67,0,"","","",""
B6,1074,4/19/2024 5:50,14.63,0.44,"","","",""
B6,1075,4/19/2024 5:55,14.63,2.21,"","","",""
B6,1076,4/19/2024 6:00,14.63,7.09,"","","",""
B6,1077,4/19/2024 6:05,14.67,19.56,"","","",""
B6,1078,4/19/2024 6:10,14.63,49,"","","",""
B6,1079,4/19/2024 6:15,14.67,78.26,"","","",""
B6,1080,4/19/2024 6:20,14.58,190.88,"","","",""
B6,1081,4/19/2024 6:25,14.63,271.84,"","","",""
B6,1082,4/19/2024 6:30,14.58,413.76,"","","",""
B6,1083,4/19/2024 6:35,14.63,682.88,"","","",""
B6,1084,4/19/2024 6:40,14.63,729.92,"","","",""
B6,1085,4/19/2024 6:45,14.63,1201.6,"","","",""
B6,1086,4/19/2024 6:50,14.63,1772.16,"","","",""
B6,1087,4/19/2024 6:55,14.67,2101.76,"","","",""
B6,1088,4/19/2024 7:00,14.67,2619.52,"","","",""
B6,1089,4/19/2024 7:05,14.71,2965.76,"","","",""
B6,1090,4/19/2024 7:10,14.71,2609.28,"","","",""
B6,1091,4/19/2024 7:15,14.67,2424.96,"","","",""
B6,1092,4/19/2024 7:20,14.67,2016.64,"","","",""
B6,1093,4/19/2024 7:25,14.67,2662.4,"","","",""
B6,1094,4/19/2024 7:30,14.63,2346.88,"","","",""
B6,1095,4/19/2024 7:35,14.58,3043.84,"","","",""
B6,1096,4/19/2024 7:40,14.67,4988.16,"","","",""
B6,1097,4/19/2024 7:45,14.67,6064.64,"","","",""
B6,1098,4/19/2024 7:50,14.71,6110.72,"","","",""
B6,1099,4/19/2024 7:55,14.67,4491.52,"","","",""
B6,1100,4/19/2024 8:00,14.67,5849.6,"","","",""
B6,1101,4/19/2024 8:05,14.67,4990.72,"","","",""
B6,1102,4/19/2024 8:10,14.67,7769.6,"","","",""
B6,1103,4/19/2024 8:15,14.67,8179.2,"","","",""
B6,1104,4/19/2024 8:20,14.71,9180.16,"","","",""
B6,1105,4/19/2024 8:25,14.67,6023.68,"","","",""
B6,1106,4/19/2024 8:30,14.75,12615.68,"","","",""
B6,1107,4/19/2024 8:35,14.84,11816.96,"","","",""
B6,1108,4/19/2024 8:40,14.8,11264,"","","",""
B6,1109,4/19/2024 8:45,14.84,11376.64,"","","",""
B6,1110,4/19/2024 8:50,14.88,13644.8,"","","",""
B6,1111,4/19/2024 8:55,14.88,14720,"","","",""
B6,1112,4/19/2024 9:00,14.93,13409.28,"","","",""
B6,1113,4/19/2024 9:05,14.97,17551.36,"","","",""
B6,1114,4/19/2024 9:10,15.01,16957.44,"","","",""
B6,1115,4/19/2024 9:15,15.06,16220.16,"","","",""
B6,1116,4/19/2024 9:20,15.01,16921.6,"","","",""
B6,1117,4/19/2024 9:25,15.14,19374.08,"","","",""
B6,1118,4/19/2024 9:30,15.36,19097.6,"","","",""
B6,1119,4/19/2024 9:35,15.27,22681.6,"","","",""
B6,1120,4/19/2024 9:40,15.4,20049.92,"","","",""
B6,1121,4/19/2024 9:45,15.57,25047.04,"","","",""
B6,1122,4/19/2024 9:50,15.57,30525.44,"","","",""
B6,1123,4/19/2024 9:55,16.04,49295.36,"","","",""
B6,1124,4/19/2024 10:00,16.17,42516.48,"","","",""
B6,1125,4/19/2024 10:05,16.43,39475.2,"","","",""
B6,1126,4/19/2024 10:10,16.9,51036.16,"","","",""
B6,1127,4/19/2024 10:15,17.5,63365.12,"","","",""
B6,1128,4/19/2024 10:20,19,56197.12,"","","",""
B6,1129,4/19/2024 10:25,18.53,59678.72,"","","",""
B6,1130,4/19/2024 10:30,18.23,62033.92,"","","",""
B6,1131,4/19/2024 10:35,19.6,69980.16,"","","",""
B6,1132,4/19/2024 10:40,20.29,74035.2,"","","",""
B6,1133,4/19/2024 10:45,21.23,86056.96,"","","",""
B6,1209,4/19/2024 17:05,22.43,66744.32,"","","",""
B6,1210,4/19/2024 17:10,22.26,63037.44,"","","",""
B6,1211,4/19/2024 17:15,21.83,62464,"","","",""
B6,1212,4/19/2024 17:20,21.83,57118.72,"","","",""
B6,1213,4/19/2024 17:25,21.36,51466.24,"","","",""
B6,1214,4/19/2024 17:30,20.37,37079.04,"","","",""
B6,1215,4/19/2024 17:35,19.69,14407.68,"","","",""
B6,1216,4/19/2024 17:40,19.65,24545.28,"","","",""
B6,1217,4/19/2024 17:45,19.52,16005.12,"","","",""
B6,1218,4/19/2024 17:50,18.53,38072.32,"","","",""
B6,1219,4/19/2024 17:55,18.23,14003.2,"","","",""
B6,1220,4/19/2024 18:00,17.2,7203.84,"","","",""
B6,1221,4/19/2024 18:05,17.03,9917.44,"","","",""
B6,1222,4/19/2024 18:10,16.94,4161.28,"","","",""
B6,1223,4/19/2024 18:15,16.9,4934.4,"","","",""
B6,1224,4/19/2024 18:20,16.86,4774.4,"","","",""
B6,1225,4/19/2024 18:25,16.77,3084.8,"","","",""
B6,1226,4/19/2024 18:30,16.73,5182.72,"","","",""
B6,1227,4/19/2024 18:35,16.64,3639.04,"","","",""
B6,1228,4/19/2024 18:40,16.6,3025.92,"","","",""
B6,1229,4/19/2024 18:45,16.51,2699.52,"","","",""
B6,1230,4/19/2024 18:50,16.56,2842.88,"","","",""
B6,1231,4/19/2024 18:55,16.39,2504.32,"","","",""
B6,1232,4/19/2024 19:00,16.39,1786.24,"","","",""
B6,1233,4/19/2024 19:05,16.39,1568,"","","",""
B6,1234,4/19/2024 19:10,16.39,792.64,"","","",""
B6,1235,4/19/2024 19:15,16.34,787.84,"","","",""
B6,1236,4/19/2024 19:20,16.3,625.6,"","","",""
B6,1237,4/19/2024 19:25,16.21,287.76,"","","",""
B6,1238,4/19/2024 19:30,16.3,199.76,"","","",""
B6,1239,4/19/2024 19:35,16.13,99.88,"","","",""
B6,1240,4/19/2024 19:40,16.04,37.8,"","","",""
B6,1241,4/19/2024 19:45,16.17,12.86,"","","",""
B6,1242,4/19/2024 19:50,16,3.99,"","","",""
B6,1243,4/19/2024 19:55,15.87,1.1,"","","",""
B6,1244,4/19/2024 20:00,15.74,0,"","","",""
B6,1245,4/19/2024 20:05,16,0,"","","",""
B6,1246,4/19/2024 20:10,15.7,0,"","","",""
B6,1247,4/19/2024 20:15,15.87,0,"","","",""
B6,1248,4/19/2024 20:20,15.74,0,"","","",""
B6,1249,4/19/2024 20:25,15.74,0,"","","",""
B6,1250,4/19/2024 20:30,15.7,0,"","","",""
B6,1251,4/19/2024 20:35,15.74,0,"","","",""
B6,1252,4/19/2024 20:40,15.57,0,"","","",""
B6,1253,4/19/2024 20:45,15.66,0,"","","",""
B6,1254,4/19/2024 20:50,15.7,0,"","","",""
B6,1255,4/19/2024 20:55,15.74,0,"","","",""
B6,1256,4/19/2024 21:00,15.53,0,"","","",""
B6,1257,4/19/2024 21:05,15.57,0,"","","",""
B6,1258,4/19/2024 21:10,15.4,0,"","","",""
B6,1259,4/19/2024 21:15,15.27,0,"","","",""
B6,1260,4/19/2024 21:20,15.44,0,"","","",""
B6,1261,4/19/2024 21:25,15.27,0,"","","",""
B6,1262,4/19/2024 21:30,15.4,0,"","","",""
B6,1263,4/19/2024 21:35,15.53,0,"","","",""
B6,1264,4/19/2024 21:40,15.31,0,"","","",""
B6,1265,4/19/2024 21:45,15.27,0,"","","",""
B6,1266,4/19/2024 21:50,15.18,0,"","","",""
B6,1267,4/19/2024 21:55,15.18,0,"","","",""
B6,1268,4/19/2024 22:00,15.14,0,"","","",""
B6,1269,4/19/2024 22:05,15.23,0,"","","",""
B6,1270,4/19/2024 22:10,15.1,0,"","","",""
B6,1271,4/19/2024 22:15,15.1,0,"","","",""
B6,1272,4/19/2024 22:20,15.01,0,"","","",""
B6,1273,4/19/2024 22:25,15.06,0,"","","",""
B6,1274,4/19/2024 22:30,15.1,0,"","","",""
B6,1275,4/19/2024 22:35,15.06,0,"","","",""
B6,1276,4/19/2024 22:40,15.14,0,"","","",""
B6,1277,4/19/2024 22:45,15.1,0,"","","",""
B6,1278,4/19/2024 22:50,15.06,0,"","","",""
B6,1279,4/19/2024 22:55,15.06,0,"","","",""
B6,1280,4/19/2024 23:00,15.01,0,"","","",""
B6,1281,4/19/2024 23:05,14.97,0,"","","",""
B6,1282,4/19/2024 23:10,14.93,0,"","","",""
B6,1283,4/19/2024 23:15,14.93,0,"","","",""
B6,1284,4/19/2024 23:20,15.01,0,"","","",""
B6,1285,4/19/2024 23:25,14.88,0,"","","",""
B6,1286,4/19/2024 23:30,14.97,0.44,"","","",""
B6,1287,4/19/2024 23:35,14.84,0,"","","",""
B6,1288,4/19/2024 23:40,14.84,0,"","","",""
B6,1289,4/19/2024 23:45,14.63,0,"","","",""
B6,1290,4/19/2024 23:50,14.84,0,"","","",""
B6,1351,4/20/2024 4:55,14.28,0,"","","",""
B6,1352,4/20/2024 5:00,14.24,0,"","","",""
B6,1353,4/20/2024 5:05,14.33,0,"","","",""
B6,1354,4/20/2024 5:10,14.37,0,"","","",""
B6,1355,4/20/2024 5:15,14.37,0,"","","",""
B6,1356,4/20/2024 5:20,14.37,0,"","","",""
B6,1357,4/20/2024 5:25,14.5,0,"","","",""
B6,1358,4/20/2024 5:30,14.5,0,"","","",""
B6,1359,4/20/2024 5:35,14.54,0,"","","",""
B6,1360,4/20/2024 5:40,14.54,0,"","","",""
B6,1361,4/20/2024 5:45,14.5,0.22,"","","",""
B6,1362,4/20/2024 5:50,14.54,1.1,"","","",""
B6,1363,4/20/2024 5:55,14.5,3.1,"","","",""
B6,1364,4/20/2024 6:00,14.5,8.01,"","","",""
B6,1365,4/20/2024 6:05,14.5,22.25,"","","",""
B6,1366,4/20/2024 6:10,14.5,53.42,"","","",""
B6,1367,4/20/2024 6:15,14.54,103.44,"","","",""
B6,1368,4/20/2024 6:20,14.5,185.52,"","","",""
B6,1369,4/20/2024 6:25,14.5,266.48,"","","",""
B6,1370,4/20/2024 6:30,14.5,369.12,"","","",""
B6,1371,4/20/2024 6:35,14.45,461.6,"","","",""
B6,1372,4/20/2024 6:40,14.5,683.84,"","","",""
B6,1373,4/20/2024 6:45,14.45,1038.4,"","","",""
B6,1374,4/20/2024 6:50,14.54,1017.28,"","","",""
B6,1375,4/20/2024 6:55,14.5,1442.56,"","","",""
B6,1376,4/20/2024 7:00,14.5,1865.6,"","","",""
B6,1377,4/20/2024 7:05,14.45,2259.84,"","","",""
B6,1378,4/20/2024 7:10,14.5,2090.88,"","","",""
B6,1379,4/20/2024 7:15,14.5,2614.4,"","","",""
B6,1380,4/20/2024 7:20,14.5,2673.92,"","","",""
B6,1381,4/20/2024 7:25,14.41,3443.2,"","","",""
B6,1382,4/20/2024 7:30,14.45,3418.88,"","","",""
B6,1383,4/20/2024 7:35,14.41,4427.52,"","","",""
B6,1384,4/20/2024 7:40,14.45,4483.84,"","","",""
B6,1385,4/20/2024 7:45,14.5,3955.2,"","","",""
B6,1386,4/20/2024 7:50,14.45,4615.68,"","","",""
B6,1387,4/20/2024 7:55,14.54,3887.36,"","","",""
B6,1388,4/20/2024 8:00,14.54,6064.64,"","","",""
B6,1389,4/20/2024 8:05,14.54,5112.32,"","","",""
B6,1390,4/20/2024 8:10,14.54,6261.76,"","","",""
B6,1391,4/20/2024 8:15,14.58,7313.92,"","","",""
B6,1392,4/20/2024 8:20,14.58,7047.68,"","","",""
B6,1393,4/20/2024 8:25,14.63,6589.44,"","","",""
B6,1394,4/20/2024 8:30,14.67,9948.16,"","","",""
B6,1395,4/20/2024 8:35,14.67,8074.24,"","","",""
B6,1396,4/20/2024 8:40,14.67,9768.96,"","","",""
B6,1397,4/20/2024 8:45,14.67,9420.8,"","","",""
B6,1398,4/20/2024 8:50,14.67,10053.12,"","","",""
B6,1399,4/20/2024 8:55,14.67,8394.24,"","","",""
B6,1400,4/20/2024 9:00,14.71,10273.28,"","","",""
B6,1401,4/20/2024 9:05,14.71,10109.44,"","","",""
B6,1402,4/20/2024 9:10,14.75,11622.4,"","","",""
B6,1403,4/20/2024 9:15,14.75,12789.76,"","","",""
B6,1404,4/20/2024 9:20,14.75,12682.24,"","","",""
B6,1405,4/20/2024 9:25,14.8,12590.08,"","","",""
B6,1406,4/20/2024 9:30,14.88,14730.24,"","","",""
B6,1407,4/20/2024 9:35,14.88,14336,"","","",""
B6,1408,4/20/2024 9:40,14.97,16266.24,"","","",""
B6,1409,4/20/2024 9:45,15.01,18058.24,"","","",""
B6,1410,4/20/2024 9:50,15.14,28006.4,"","","",""
B6,1411,4/20/2024 9:55,15.14,21227.52,"","","",""
B6,1412,4/20/2024 10:00,15.18,22568.96,"","","",""
B6,1413,4/20/2024 10:05,15.23,28303.36,"","","",""
B6,1414,4/20/2024 10:10,15.36,25456.64,"","","",""
B6,1415,4/20/2024 10:15,15.57,25088,"","","",""
B6,1416,4/20/2024 10:20,15.7,26808.32,"","","",""
B6,1417,4/20/2024 10:25,15.57,29726.72,"","","",""
B6,1418,4/20/2024 10:30,15.87,34959.36,"","","",""
B6,1419,4/20/2024 10:35,16.3,40325.12,"","","",""
B6,1420,4/20/2024 10:40,16.39,37191.68,"","","",""
B6,1421,4/20/2024 10:45,16.69,45117.44,"","","",""
B6,1422,4/20/2024 10:50,17.11,39854.08,"","","",""
B6,1423,4/20/2024 10:55,17.24,46673.92,"","","",""
B6,1424,4/20/2024 11:00,17.59,43991.04,"","","",""
B6,1425,4/20/2024 11:05,17.59,36526.08,"","","",""
B6,1426,4/20/2024 11:10,17.97,46735.36,"","","",""
B6,1427,4/20/2024 11:15,18.14,46489.6,"","","",""
B6,1428,4/20/2024 11:20,18.4,46366.72,"","","",""
B6,1500,4/20/2024 17:20,21.83,57733.12,"","","",""
B6,1501,4/20/2024 17:25,21.66,53268.48,"","","",""
B6,1502,4/20/2024 17:30,21.36,36485.12,"","","",""
B6,1503,4/20/2024 17:35,20.89,47267.84,"","","",""
B6,1504,4/20/2024 17:40,20.25,32122.88,"","","",""
B6,1505,4/20/2024 17:45,19.65,42926.08,"","","",""
B6,1506,4/20/2024 17:50,19.65,24422.4,"","","",""
B6,1507,4/20/2024 17:55,19.17,37570.56,"","","",""
B6,1508,4/20/2024 18:00,16.99,10081.28,"","","",""
B6,1509,4/20/2024 18:05,16.73,8046.08,"","","",""
B6,1510,4/20/2024 18:10,16.64,5122.56,"","","",""
B6,1511,4/20/2024 18:15,16.56,5136.64,"","","",""
B6,1512,4/20/2024 18:20,16.43,4842.24,"","","",""
B6,1513,4/20/2024 18:25,16.43,4906.24,"","","",""
B6,1514,4/20/2024 18:30,16.39,3923.2,"","","",""
B6,1515,4/20/2024 18:35,16.26,3880.96,"","","",""
B6,1516,4/20/2024 18:40,16.3,3176.96,"","","",""
B6,1517,4/20/2024 18:45,16.26,3095.04,"","","",""
B6,1518,4/20/2024 18:50,16.26,2467.2,"","","",""
B6,1519,4/20/2024 18:55,16.17,2272,"","","",""
B6,1520,4/20/2024 19:00,16.04,1892.48,"","","",""
B6,1521,4/20/2024 19:05,16.08,874.24,"","","",""
B6,1522,4/20/2024 19:10,16,993.28,"","","",""
B6,1523,4/20/2024 19:15,15.87,940.16,"","","",""
B6,1524,4/20/2024 19:20,15.78,665.92,"","","",""
B6,1525,4/20/2024 19:25,15.78,356.48,"","","",""
B6,1526,4/20/2024 19:30,15.78,171.92,"","","",""
B6,1527,4/20/2024 19:35,15.78,102.44,"","","",""
B6,1528,4/20/2024 19:40,15.78,17.76,"","","",""
B6,1529,4/20/2024 19:45,15.66,15.79,"","","",""
B6,1530,4/20/2024 19:50,15.66,4.43,"","","",""
B6,1531,4/20/2024 19:55,15.48,1.55,"","","",""
B6,1532,4/20/2024 20:00,15.57,0.22,"","","",""
B6,1533,4/20/2024 20:05,15.74,0,"","","",""
B6,1534,4/20/2024 20:10,15.66,0,"","","",""
B6,1535,4/20/2024 20:15,15.4,0,"","","",""
B6,1536,4/20/2024 20:20,15.7,0,"","","",""
B6,1537,4/20/2024 20:25,15.4,0,"","","",""
B6,1538,4/20/2024 20:30,15.36,0,"","","",""
B6,1539,4/20/2024 20:35,15.44,0,"","","",""
B6,1540,4/20/2024 20:40,15.18,0,"","","",""
B6,1541,4/20/2024 20:45,15.23,0,"","","",""
B6,1542,4/20/2024 20:50,15.01,0,"","","",""
B6,1543,4/20/2024 20:55,15.06,0.22,"","","",""
B6,1544,4/20/2024 21:00,15.06,0,"","","",""
B6,1545,4/20/2024 21:05,15.18,0,"","","",""
B6,1546,4/20/2024 21:10,14.93,0,"","","",""
B6,1547,4/20/2024 21:15,14.84,0,"","","",""
B6,1548,4/20/2024 21:20,14.8,0,"","","",""
B6,1549,4/20/2024 21:25,14.88,0,"","","",""
B6,1550,4/20/2024 21:30,14.97,0,"","","",""
B6,1551,4/20/2024 21:35,14.97,0,"","","",""
B6,1552,4/20/2024 21:40,14.88,0,"","","",""
B6,1553,4/20/2024 21:45,14.88,0,"","","",""
B6,1554,4/20/2024 21:50,14.88,0,"","","",""
B6,1555,4/20/2024 21:55,15.01,0,"","","",""
B6,1556,4/20/2024 22:00,14.8,0,"","","",""
B6,1557,4/20/2024 22:05,14.88,0,"","","",""
B6,1558,4/20/2024 22:10,14.75,0,"","","",""
B6,1559,4/20/2024 22:15,14.58,0,"","","",""
B6,1560,4/20/2024 22:20,14.63,0,"","","",""
B6,1561,4/20/2024 22:25,14.54,0,"","","",""
B6,1562,4/20/2024 22:30,14.67,0,"","","",""
B6,1563,4/20/2024 22:35,14.5,0,"","","",""
B6,1564,4/20/2024 22:40,14.67,0,"","","",""
B6,1565,4/20/2024 22:45,14.63,0,"","","",""
B6,1566,4/20/2024 22:50,14.63,0,"","","",""
B6,1567,4/20/2024 22:55,14.54,0,"","","",""
B6,1568,4/20/2024 23:00,14.5,0,"","","",""
B6,1569,4/20/2024 23:05,14.58,0,"","","",""
B6,1570,4/20/2024 23:10,14.45,0,"","","",""
B6,1571,4/20/2024 23:15,14.67,0,"","","",""
B6,1572,4/20/2024 23:20,14.5,0,"","","",""
B6,1573,4/20/2024 23:25,14.5,0,"","","",""
B6,1574,4/20/2024 23:30,14.45,0,"","","",""
B6,1575,4/20/2024 23:35,14.45,0,"","","",""
B6,1576,4/20/2024 23:40,14.41,0,"","","",""
B6,1577,4/20/2024 23:45,14.41,0,"","","",""
B6,1578,4/20/2024 23:50,14.33,0,"","","",""
B6,1579,4/20/2024 23:55,14.24,0,"","","",""
B6,1580,4/21/2024 0:00,13.98,0,"","","",""
B6,1650,4/21/2024 5:50,14.07,2.21,"","","",""
B6,1651,4/21/2024 5:55,14.07,6.43,"","","",""
B6,1652,4/21/2024 6:00,14.15,14.66,"","","",""
B6,1653,4/21/2024 6:05,14.15,58.36,"","","",""
B6,1654,4/21/2024 6:10,14.24,87.36,"","","",""
B6,1655,4/21/2024 6:15,14.24,240.96,"","","",""
B6,1656,4/21/2024 6:20,14.28,377.28,"","","",""
B6,1657,4/21/2024 6:25,14.28,548.48,"","","",""
B6,1658,4/21/2024 6:30,14.24,577.76,"","","",""
B6,1659,4/21/2024 6:35,14.24,879.68,"","","",""
B6,1660,4/21/2024 6:40,14.28,1088.96,"","","",""
B6,1661,4/21/2024 6:45,14.24,1053.44,"","","",""
B6,1662,4/21/2024 6:50,14.28,1988.48,"","","",""
B6,1663,4/21/2024 6:55,14.28,1312.64,"","","",""
B6,1664,4/21/2024 7:00,14.28,1432.32,"","","",""
B6,1665,4/21/2024 7:05,14.28,2690.56,"","","",""
B6,1666,4/21/2024 7:10,14.33,2573.44,"","","",""
B6,1667,4/21/2024 7:15,14.33,2510.08,"","","",""
B6,1668,4/21/2024 7:20,14.33,3573.76,"","","",""
B6,1669,4/21/2024 7:25,14.37,4103.68,"","","",""
B6,1670,4/21/2024 7:30,14.33,4115.2,"","","",""
B6,1671,4/21/2024 7:35,14.37,5573.12,"","","",""
B6,1672,4/21/2024 7:40,14.45,5608.96,"","","",""
B6,1673,4/21/2024 7:45,14.41,5437.44,"","","",""
B6,1674,4/21/2024 7:50,14.41,5483.52,"","","",""
B6,1675,4/21/2024 7:55,14.45,7168,"","","",""
B6,1676,4/21/2024 8:00,14.54,8271.36,"","","",""
B6,1677,4/21/2024 8:05,14.5,9344,"","","",""
B6,1678,4/21/2024 8:10,14.54,10997.76,"","","",""
B6,1679,4/21/2024 8:15,14.5,10593.28,"","","",""
B6,1680,4/21/2024 8:20,14.54,12011.52,"","","",""
B6,1681,4/21/2024 8:25,14.63,5317.12,"","","",""
B6,1682,4/21/2024 8:30,14.58,11904,"","","",""
B6,1683,4/21/2024 8:35,14.58,5980.16,"","","",""
B6,1684,4/21/2024 8:40,14.67,11258.88,"","","",""
B6,1685,4/21/2024 8:45,14.67,10803.2,"","","",""
B6,1686,4/21/2024 8:50,14.71,13240.32,"","","",""
B6,1687,4/21/2024 8:55,14.75,11683.84,"","","",""
B6,1688,4/21/2024 9:00,14.67,12641.28,"","","",""
B6,1689,4/21/2024 9:05,14.75,16384,"","","",""
B6,1690,4/21/2024 9:10,14.75,17162.24,"","","",""
B6,1691,4/21/2024 9:15,14.71,11688.96,"","","",""
B6,1692,4/21/2024 9:20,14.88,12948.48,"","","",""
B6,1693,4/21/2024 9:25,14.88,13409.28,"","","",""
B6,1694,4/21/2024 9:30,14.97,21841.92,"","","",""
B6,1695,4/21/2024 9:35,14.97,17848.32,"","","",""
B6,1696,4/21/2024 9:40,15.01,18155.52,"","","",""
B6,1697,4/21/2024 9:45,15.18,29736.96,"","","",""
B6,1698,4/21/2024 9:50,15.31,30586.88,"","","",""
B6,1699,4/21/2024 9:55,15.44,31651.84,"","","",""
B6,1700,4/21/2024 10:00,15.61,47677.44,"","","",""
B6,1701,4/21/2024 10:05,15.66,61132.8,"","","",""
B6,1702,4/21/2024 10:10,15.87,29214.72,"","","",""
B6,1703,4/21/2024 10:15,16.04,54497.28,"","","",""
B6,1704,4/21/2024 10:20,16.26,75038.72,"","","",""
B6,1705,4/21/2024 10:25,16.34,66723.84,"","","",""
B6,1706,4/21/2024 10:30,16.21,13465.6,"","","",""
B6,1707,4/21/2024 10:35,16.51,55562.24,"","","",""
B6,1708,4/21/2024 10:40,16.73,51077.12,"","","",""
B6,1709,4/21/2024 10:45,16.86,70266.88,"","","",""
B6,1710,4/21/2024 10:50,16.99,48558.08,"","","",""
B6,1711,4/21/2024 10:55,17.37,81694.72,"","","",""
B6,1712,4/21/2024 11:00,17.59,91709.44,"","","",""
B6,1713,4/21/2024 11:05,17.41,52736,"","","",""
B6,1714,4/21/2024 11:10,17.89,62320.64,"","","",""
B6,1715,4/21/2024 11:15,18.23,51425.28,"","","",""
B6,1716,4/21/2024 11:20,18.87,78929.92,"","","",""
B6,1717,4/21/2024 11:25,19.35,83558.4,"","","",""
B6,1718,4/21/2024 11:30,19.82,85196.8,"","","",""
B6,1719,4/21/2024 11:35,20.16,92119.04,"","","",""
B6,1720,4/21/2024 11:40,20.25,88104.96,"","","",""
B6,1721,4/21/2024 11:45,20.16,79093.76,"","","",""
B6,1722,4/21/2024 11:50,20.85,92200.96,"","","",""
B6,1723,4/21/2024 11:55,20.93,92897.28,"","","",""
B6,1790,4/21/2024 17:30,17.72,15252.48,"","","",""
B6,1791,4/21/2024 17:35,17.8,20034.56,"","","",""
B6,1792,4/21/2024 17:40,17.33,11059.2,"","","",""
B6,1793,4/21/2024 17:45,17.37,15380.48,"","","",""
B6,1794,4/21/2024 17:50,16.99,13224.96,"","","",""
B6,1795,4/21/2024 17:55,16.77,8051.2,"","","",""
B6,1796,4/21/2024 18:00,16.73,10982.4,"","","",""
B6,1797,4/21/2024 18:05,16.64,8952.32,"","","",""
B6,1798,4/21/2024 18:10,16.56,4782.08,"","","",""
B6,1799,4/21/2024 18:15,16.51,4199.68,"","","",""
B6,1800,4/21/2024 18:20,16.43,4079.36,"","","",""
B6,1801,4/21/2024 18:25,16.26,4051.2,"","","",""
B6,1802,4/21/2024 18:30,16.3,4093.44,"","","",""
B6,1803,4/21/2024 18:35,16.26,3023.36,"","","",""
B6,1804,4/21/2024 18:40,16.21,2616.32,"","","",""
B6,1805,4/21/2024 18:45,16.13,2112.64,"","","",""
B6,1806,4/21/2024 18:50,16.17,1754.88,"","","",""
B6,1807,4/21/2024 18:55,16.17,1950.72,"","","",""
B6,1808,4/21/2024 19:00,16.04,1481.6,"","","",""
B6,1809,4/21/2024 19:05,15.96,1136,"","","",""
B6,1810,4/21/2024 19:10,16.04,955.84,"","","",""
B6,1811,4/21/2024 19:15,15.87,876.16,"","","",""
B6,1812,4/21/2024 19:20,15.96,449.12,"","","",""
B6,1813,4/21/2024 19:25,15.83,251.2,"","","",""
B6,1814,4/21/2024 19:30,15.83,188,"","","",""
B6,1815,4/21/2024 19:35,15.7,93.44,"","","",""
B6,1816,4/21/2024 19:40,15.57,41.34,"","","",""
B6,1817,4/21/2024 19:45,15.61,14.66,"","","",""
B6,1818,4/21/2024 19:50,15.7,3.32,"","","",""
B6,1819,4/21/2024 19:55,15.61,1.1,"","","",""
B6,1820,4/21/2024 20:00,15.53,0.22,"","","",""
B6,1821,4/21/2024 20:05,15.57,0,"","","",""
B6,1822,4/21/2024 20:10,15.48,0,"","","",""
B6,1823,4/21/2024 20:15,15.4,0,"","","",""
B6,1824,4/21/2024 20:20,15.36,0,"","","",""
B6,1825,4/21/2024 20:25,15.48,0,"","","",""
B6,1826,4/21/2024 20:30,15.57,0,"","","",""
B6,1827,4/21/2024 20:35,15.48,0,"","","",""
B6,1828,4/21/2024 20:40,15.44,0,"","","",""
B6,1829,4/21/2024 20:45,15.4,0,"","","",""
B6,1830,4/21/2024 20:50,15.18,0,"","","",""
B6,1831,4/21/2024 20:55,15.1,0,"","","",""
B6,1832,4/21/2024 21:00,15.14,0,"","","",""
B6,1833,4/21/2024 21:05,14.93,0,"","","",""
B6,1834,4/21/2024 21:10,14.93,0,"","","",""
B6,1835,4/21/2024 21:15,14.97,0,"","","",""
B6,1836,4/21/2024 21:20,14.93,0,"","","",""
B6,1837,4/21/2024 21:25,15.01,0,"","","",""
B6,1838,4/21/2024 21:30,14.88,0.22,"","","",""
B6,1839,4/21/2024 21:35,14.75,0,"","","",""
B6,1840,4/21/2024 21:40,14.41,0,"","","",""
B6,1841,4/21/2024 21:45,14.33,0,"","","",""
B6,1842,4/21/2024 21:50,14.28,0,"","","",""
B6,1843,4/21/2024 21:55,14.41,0,"","","",""
B6,1844,4/21/2024 22:00,14.24,0,"","","",""
B6,1845,4/21/2024 22:05,14.07,0,"","","",""
B6,1846,4/21/2024 22:10,14.28,0,"","","",""
B6,1847,4/21/2024 22:15,14.33,0,"","","",""
B6,1848,4/21/2024 22:20,14.11,0,"","","",""
B6,1849,4/21/2024 22:25,14.15,0,"","","",""
B6,1850,4/21/2024 22:30,14.24,0,"","","",""
B6,1851,4/21/2024 22:35,14.28,0,"","","",""
B6,1852,4/21/2024 22:40,14.33,0,"","","",""
B6,1853,4/21/2024 22:45,14.03,0,"","","",""
B6,1854,4/21/2024 22:50,14.07,0,"","","",""
B6,1855,4/21/2024 22:55,14.15,0,"","","",""
B6,1856,4/21/2024 23:00,14.15,0,"","","",""
B6,1857,4/21/2024 23:05,14.33,0,"","","",""
B6,1858,4/21/2024 23:10,14.24,0,"","","",""
B6,1859,4/21/2024 23:15,14.07,0,"","","",""
B6,1860,4/21/2024 23:20,14.33,0,"","","",""
B6,1861,4/21/2024 23:25,14.15,0,"","","",""
B6,1862,4/21/2024 23:30,14.15,0,"","","",""
B6,1863,4/21/2024 23:35,14.24,0,"","","",""
B6,1864,4/21/2024 23:40,14.2,0,"","","",""
B6,1865,4/21/2024 23:45,14.24,0,"","","",""
B6,1866,4/21/2024 23:50,14.24,0,"","","",""
B6,1867,4/21/2024 23:55,14.15,0,"","","",""
B6,1868,4/22/2024 0:00,14.2,0,"","","",""
B6,1869,4/22/2024 0:05,14.24,0,"","","",""
B6,1870,4/22/2024 0:10,14.11,0,"","","",""
B6,1871,4/22/2024 0:15,14.2,0,"","","",""
B6,1872,4/22/2024 0:20,14.2,0,"","","",""
B6,1945,4/22/2024 6:25,13.77,350.56,"","","",""
B6,1946,4/22/2024 6:30,13.77,445.12,"","","",""
B6,1947,4/22/2024 6:35,13.77,633.28,"","","",""
B6,1948,4/22/2024 6:40,13.81,886.08,"","","",""
B6,1949,4/22/2024 6:45,13.9,1219.52,"","","",""
B6,1950,4/22/2024 6:50,13.9,1555.2,"","","",""
B6,1951,4/22/2024 6:55,13.9,1515.52,"","","",""
B6,1952,4/22/2024 7:00,13.9,1441.28,"","","",""
B6,1953,4/22/2024 7:05,13.9,2471.04,"","","",""
B6,1954,4/22/2024 7:10,13.9,2668.8,"","","",""
B6,1955,4/22/2024 7:15,13.9,2330.88,"","","",""
B6,1956,4/22/2024 7:20,13.9,2844.16,"","","",""
B6,1957,4/22/2024 7:25,13.9,3376.64,"","","",""
B6,1958,4/22/2024 7:30,13.9,3688.96,"","","",""
B6,1959,4/22/2024 7:35,13.9,3055.36,"","","",""
B6,1960,4/22/2024 7:40,13.94,2986.24,"","","",""
B6,1961,4/22/2024 7:45,13.9,3343.36,"","","",""
B6,1962,4/22/2024 7:50,13.94,3795.2,"","","",""
B6,1963,4/22/2024 7:55,13.98,4480,"","","",""
B6,1964,4/22/2024 8:00,14.03,5580.8,"","","",""
B6,1965,4/22/2024 8:05,14.11,6978.56,"","","",""
B6,1966,4/22/2024 8:10,14.11,7490.56,"","","",""
B6,1967,4/22/2024 8:15,14.15,6771.2,"","","",""
B6,1968,4/22/2024 8:20,14.15,6781.44,"","","",""
B6,1969,4/22/2024 8:25,14.2,7249.92,"","","",""
B6,1970,4/22/2024 8:30,14.28,4165.12,"","","",""
B6,1971,4/22/2024 8:35,14.24,4590.08,"","","",""
B6,1972,4/22/2024 8:40,14.28,7165.44,"","","",""
B6,1973,4/22/2024 8:45,14.33,4632.32,"","","",""
B6,1974,4/22/2024 8:50,14.41,8967.68,"","","",""
B6,1975,4/22/2024 8:55,14.37,7329.28,"","","",""
B6,1976,4/22/2024 9:00,14.37,7846.4,"","","",""
B6,1977,4/22/2024 9:05,14.45,11110.4,"","","",""
B6,1978,4/22/2024 9:10,14.54,14243.84,"","","",""
B6,1979,4/22/2024 9:15,14.54,11161.6,"","","",""
B6,1980,4/22/2024 9:20,14.45,6684.16,"","","",""
B6,1981,4/22/2024 9:25,14.45,6310.4,"","","",""
B6,1982,4/22/2024 9:30,14.45,7127.04,"","","",""
B6,1983,4/22/2024 9:35,14.45,2501.12,"","","",""
B6,1984,4/22/2024 9:40,14.45,6023.68,"","","",""
B6,1985,4/22/2024 9:45,14.54,8570.88,"","","",""
B6,1986,4/22/2024 9:50,14.58,11064.32,"","","",""
B6,1987,4/22/2024 9:55,14.67,12840.96,"","","",""
B6,1988,4/22/2024 10:00,14.67,11258.88,"","","",""
B6,1989,4/22/2024 10:05,14.63,10160.64,"","","",""
B6,1990,4/22/2024 10:10,14.67,10931.2,"","","",""
B6,1991,4/22/2024 10:15,14.71,13373.44,"","","",""
B6,1992,4/22/2024 10:20,14.71,10649.6,"","","",""
B6,1993,4/22/2024 10:25,14.63,7554.56,"","","",""
B6,1994,4/22/2024 10:30,14.58,11560.96,"","","",""
B6,1995,4/22/2024 10:35,14.63,3096.32,"","","",""
B6,1996,4/22/2024 10:40,14.63,9011.2,"","","",""
B6,1997,4/22/2024 10:45,14.58,3092.48,"","","",""
B6,1998,4/22/2024 10:50,14.67,8238.08,"","","",""
B6,1999,4/22/2024 10:55,14.67,4419.84,"","","",""
B6,2000,4/22/2024 11:00,14.71,10593.28,"","","",""
B6,2001,4/22/2024 11:05,14.67,14269.44,"","","",""
B6,2002,4/22/2024 11:10,14.75,11279.36,"","","",""
B6,2003,4/22/2024 11:15,14.88,15467.52,"","","",""
B6,2004,4/22/2024 11:20,14.97,13265.92,"","","",""
B6,2005,4/22/2024 11:25,14.88,14720,"","","",""
B6,2006,4/22/2024 11:30,15.01,18206.72,"","","",""
B6,2007,4/22/2024 11:35,15.01,20249.6,"","","",""
B6,2008,4/22/2024 11:40,15.14,14494.72,"","","",""
B6,2009,4/22/2024 11:45,15.06,10982.4,"","","",""
B6,2010,4/22/2024 11:50,15.31,22917.12,"","","",""
B6,2011,4/22/2024 11:55,15.44,16911.36,"","","",""
B6,2012,4/22/2024 12:00,15.53,15544.32,"","","",""
B6,2013,4/22/2024 12:05,15.66,22220.8,"","","",""
B6,2014,4/22/2024 12:10,15.78,22691.84,"","","",""
B6,2015,4/22/2024 12:15,15.91,22364.16,"","","",""
B6,2016,4/22/2024 12:20,15.96,21790.72,"","","",""
B6,2017,4/22/2024 12:25,15.91,22190.08,"","","",""
B6,2018,4/22/2024 12:30,16.3,24442.88,"","","",""
B6,2077,4/22/2024 17:25,15.4,5621.76,"","","",""
B6,2078,4/22/2024 17:30,15.4,5299.2,"","","",""
B6,2079,4/22/2024 17:35,15.36,4512,"","","",""
B6,2080,4/22/2024 17:40,15.27,4430.08,"","","",""
B6,2081,4/22/2024 17:45,15.27,3866.88,"","","",""
B6,2082,4/22/2024 17:50,15.18,3372.8,"","","",""
B6,2083,4/22/2024 17:55,15.18,3303.68,"","","",""
B6,2084,4/22/2024 18:00,15.18,2518.4,"","","",""
B6,2085,4/22/2024 18:05,15.1,1278.72,"","","",""
B6,2086,4/22/2024 18:10,15.14,1575.04,"","","",""
B6,2087,4/22/2024 18:15,15.1,2426.24,"","","",""
B6,2088,4/22/2024 18:20,15.1,1685.12,"","","",""
B6,2089,4/22/2024 18:25,15.06,1302.72,"","","",""
B6,2090,4/22/2024 18:30,15.06,1725.44,"","","",""
B6,2091,4/22/2024 18:35,15.06,1432.32,"","","",""
B6,2092,4/22/2024 18:40,15.01,916.16,"","","",""
B6,2093,4/22/2024 18:45,14.97,875.2,"","","",""
B6,2094,4/22/2024 18:50,14.97,317.28,"","","",""
B6,2095,4/22/2024 18:55,15.01,539.2,"","","",""
B6,2096,4/22/2024 19:00,15.01,428.8,"","","",""
B6,2097,4/22/2024 19:05,14.97,320.8,"","","",""
B6,2098,4/22/2024 19:10,14.97,298.64,"","","",""
B6,2099,4/22/2024 19:15,14.97,103.2,"","","",""
B6,2100,4/22/2024 19:20,14.97,145.24,"","","",""
B6,2101,4/22/2024 19:25,15.01,72.56,"","","",""
B6,2102,4/22/2024 19:30,14.93,40.02,"","","",""
B6,2103,4/22/2024 19:35,14.93,14.21,"","","",""
B6,2104,4/22/2024 19:40,14.93,15.54,"","","",""
B6,2105,4/22/2024 19:45,14.93,6.87,"","","",""
B6,2106,4/22/2024 19:50,14.88,0,"","","",""
B6,2107,4/22/2024 19:55,14.88,0.44,"","","",""
B6,2108,4/22/2024 20:00,14.88,0,"","","",""
B6,2109,4/22/2024 20:05,14.97,0,"","","",""
B6,2110,4/22/2024 20:10,14.93,0,"","","",""
B6,2111,4/22/2024 20:15,14.93,0,"","","",""
B6,2112,4/22/2024 20:20,14.84,0,"","","",""
B6,2113,4/22/2024 20:25,14.88,0,"","","",""
B6,2114,4/22/2024 20:30,14.88,0,"","","",""
B6,2115,4/22/2024 20:35,14.93,0,"","","",""
B6,2116,4/22/2024 20:40,14.88,0,"","","",""
B6,2117,4/22/2024 20:45,14.84,0,"","","",""
B6,2118,4/22/2024 20:50,14.88,0,"","","",""
B6,2119,4/22/2024 20:55,14.93,0,"","","",""
B6,2120,4/22/2024 21:00,14.97,0,"","","",""
B6,2121,4/22/2024 21:05,14.88,0,"","","",""
B6,2122,4/22/2024 21:10,14.88,0,"","","",""
B6,2123,4/22/2024 21:15,14.93,0,"","","",""
B6,2124,4/22/2024 21:20,14.88,0,"","","",""
B6,2125,4/22/2024 21:25,14.88,0,"","","",""
B6,2126,4/22/2024 21:30,14.88,0,"","","",""
B6,2127,4/22/2024 21:35,14.93,0,"","","",""
B6,2128,4/22/2024 21:40,14.88,0,"","","",""
B6,2129,4/22/2024 21:45,14.84,0,"","","",""
B6,2130,4/22/2024 21:50,14.88,0,"","","",""
B6,2131,4/22/2024 21:55,14.88,0,"","","",""
B6,2132,4/22/2024 22:00,14.97,0,"","","",""
B6,2133,4/22/2024 22:05,14.93,0,"","","",""
B6,2134,4/22/2024 22:10,14.88,0,"","","",""
B6,2135,4/22/2024 22:15,14.93,0,"","","",""
B6,2136,4/22/2024 22:20,14.88,0.22,"","","",""
B6,2137,4/22/2024 22:25,14.88,0,"","","",""
B6,2138,4/22/2024 22:30,14.93,0,"","","",""
B6,2139,4/22/2024 22:35,14.93,0,"","","",""
B6,2140,4/22/2024 22:40,14.88,0,"","","",""
B6,2141,4/22/2024 22:45,14.93,0,"","","",""
B6,2142,4/22/2024 22:50,14.93,0,"","","",""
B6,2143,4/22/2024 22:55,14.93,0,"","","",""
B6,2144,4/22/2024 23:00,14.93,0,"","","",""
B6,2145,4/22/2024 23:05,14.88,0,"","","",""
B6,2146,4/22/2024 23:10,14.88,0,"","","",""
B6,2147,4/22/2024 23:15,14.88,0,"","","",""
B6,2148,4/22/2024 23:20,14.93,0,"","","",""
B6,2149,4/22/2024 23:25,14.88,0,"","","",""
B6,2150,4/22/2024 23:30,14.88,0,"","","",""
B6,2151,4/22/2024 23:35,14.88,0,"","","",""
B6,2152,4/22/2024 23:40,14.84,0,"","","",""
B6,2153,4/22/2024 23:45,14.84,0,"","","",""
B6,2154,4/22/2024 23:50,14.84,0,"","","",""
B6,2155,4/22/2024 23:55,14.88,0,"","","",""
B6,2156,4/23/2024 0:00,14.84,0,"","","",""
B6,2157,4/23/2024 0:05,14.84,0,"","","",""
B6,2158,4/23/2024 0:10,14.84,0,"","","",""
B6,2159,4/23/2024 0:15,14.84,0,"","","",""
B6,2160,4/23/2024 0:20,14.84,0,"","","",""
B6,2161,4/23/2024 0:25,14.84,0,"","","",""
B6,2162,4/23/2024 0:30,14.84,0,"","","",""
B6,2163,4/23/2024 0:35,14.75,0,"","","",""
B6,2164,4/23/2024 0:40,14.75,0,"","","",""
B6,2165,4/23/2024 0:45,14.67,0,"","","",""
B6,2242,4/23/2024 7:10,14.5,4686.08,"","","",""
B6,2243,4/23/2024 7:15,14.71,7155.2,"","","",""
B6,2244,4/23/2024 7:20,14.75,6464,"","","",""
B6,2245,4/23/2024 7:25,15.06,9200.64,"","","",""
B6,2246,4/23/2024 7:30,15.14,10639.36,"","","",""
B6,2247,4/23/2024 7:35,15.23,11571.2,"","","",""
B6,2248,4/23/2024 7:40,15.14,6622.72,"","","",""
B6,2249,4/23/2024 7:45,15.18,8563.2,"","","",""
B6,2250,4/23/2024 7:50,15.23,12195.84,"","","",""
B6,2251,4/23/2024 7:55,15.14,12579.84,"","","",""
B6,2252,4/23/2024 8:00,15.23,7953.92,"","","",""
B6,2253,4/23/2024 8:05,15.18,11883.52,"","","",""
B6,2254,4/23/2024 8:10,15.18,14238.72,"","","",""
B6,2255,4/23/2024 8:15,15.87,29992.96,"","","",""
B6,2256,4/23/2024 8:20,15.7,14208,"","","",""
B6,2257,4/23/2024 8:25,15.74,21370.88,"","","",""
B6,2258,4/23/2024 8:30,15.4,14684.16,"","","",""
B6,2259,4/23/2024 8:35,15.31,16834.56,"","","",""
B6,2260,4/23/2024 8:40,15.31,13209.6,"","","",""
B6,2261,4/23/2024 8:45,15.31,13562.88,"","","",""
B6,2262,4/23/2024 8:50,15.31,13081.6,"","","",""
B6,2263,4/23/2024 8:55,15.48,19916.8,"","","",""
B6,2264,4/23/2024 9:00,15.44,19824.64,"","","",""
B6,2265,4/23/2024 9:05,15.4,9976.32,"","","",""
B6,2266,4/23/2024 9:10,15.53,18621.44,"","","",""
B6,2267,4/23/2024 9:15,15.61,17976.32,"","","",""
B6,2268,4/23/2024 9:20,15.36,20454.4,"","","",""
B6,2269,4/23/2024 9:25,15.4,18135.04,"","","",""
B6,2270,4/23/2024 9:30,15.31,16650.24,"","","",""
B6,2271,4/23/2024 9:35,15.31,21166.08,"","","",""
B6,2272,4/23/2024 9:40,15.4,19916.8,"","","",""
B6,2273,4/23/2024 9:45,15.48,18007.04,"","","",""
B6,2274,4/23/2024 9:50,15.74,27330.56,"","","",""
B6,2275,4/23/2024 9:55,15.48,20802.56,"","","",""
B6,2276,4/23/2024 10:00,15.53,19860.48,"","","",""
B6,2277,4/23/2024 10:05,15.61,16056.32,"","","",""
B6,2278,4/23/2024 10:10,15.7,15344.64,"","","",""
B6,2279,4/23/2024 10:15,15.91,35256.32,"","","",""
B6,2280,4/23/2024 10:20,15.7,25579.52,"","","",""
B6,2281,4/23/2024 10:25,15.66,36761.6,"","","",""
B6,2282,4/23/2024 10:30,16.04,39137.28,"","","",""
B6,2283,4/23/2024 10:35,15.91,27525.12,"","","",""
B6,2284,4/23/2024 10:40,16.43,48066.56,"","","",""
B6,2285,4/23/2024 10:45,16.17,42905.6,"","","",""
B6,2286,4/23/2024 10:50,16.69,61296.64,"","","",""
B6,2287,4/23/2024 10:55,16.64,29358.08,"","","",""
B6,2288,4/23/2024 11:00,16.39,9620.48,"","","",""
B6,2289,4/23/2024 11:05,16.9,101621.76,"","","",""
B6,2290,4/23/2024 11:10,16.77,52060.16,"","","",""
B6,2291,4/23/2024 11:15,16.77,42475.52,"","","",""
B6,2292,4/23/2024 11:20,16.9,57036.8,"","","",""
B6,2293,4/23/2024 11:25,17.5,94412.8,"","","",""
B6,2294,4/23/2024 11:30,17.46,71741.44,"","","",""
B6,2295,4/23/2024 11:35,17.54,56791.04,"","","",""
B6,2296,4/23/2024 11:40,17.72,78090.24,"","","",""
B6,2297,4/23/2024 11:45,17.76,61542.4,"","","",""
B6,2298,4/23/2024 11:50,17.76,59740.16,"","","",""
B6,2299,4/23/2024 11:55,17.89,40939.52,"","","",""
B6,2300,4/23/2024 12:00,18.14,25835.52,"","","",""
B6,2301,4/23/2024 12:05,18.87,74014.72,"","","",""
B6,2302,4/23/2024 12:10,19.26,98918.4,"","","",""
B6,2303,4/23/2024 12:15,19.47,93634.56,"","","",""
B6,2304,4/23/2024 12:20,19.3,93061.12,"","","",""
B6,2305,4/23/2024 12:25,19.52,72458.24,"","","",""
B6,2306,4/23/2024 12:30,19.65,70758.4,"","","",""
B6,2307,4/23/2024 12:35,19.77,93798.4,"","","",""
B6,2308,4/23/2024 12:40,20.2,91709.44,"","","",""
B6,2309,4/23/2024 12:45,20.33,94412.8,"","","",""
B6,2310,4/23/2024 12:50,20.42,94126.08,"","","",""
B6,2311,4/23/2024 12:55,20.63,94003.2,"","","",""
B6,2367,4/23/2024 17:35,21.19,48742.4,"","","",""
B6,2368,4/23/2024 17:40,21.15,44953.6,"","","",""
B6,2369,4/23/2024 17:45,20.63,45260.8,"","","",""
B6,2370,4/23/2024 17:50,20.12,42721.28,"","","",""
B6,2371,4/23/2024 17:55,19.13,22988.8,"","","",""
B6,2372,4/23/2024 18:00,16.77,9635.84,"","","",""
B6,2373,4/23/2024 18:05,16.6,6868.48,"","","",""
B6,2374,4/23/2024 18:10,16.43,8450.56,"","","",""
B6,2375,4/23/2024 18:15,16.43,8250.88,"","","",""
B6,2376,4/23/2024 18:20,16.39,6328.32,"","","",""
B6,2377,4/23/2024 18:25,16.26,4409.6,"","","",""
B6,2378,4/23/2024 18:30,16.13,3066.88,"","","",""
B6,2379,4/23/2024 18:35,16.17,3491.84,"","","",""
B6,2380,4/23/2024 18:40,16.13,3639.04,"","","",""
B6,2381,4/23/2024 18:45,16,3770.88,"","","",""
B6,2382,4/23/2024 18:50,16,2786.56,"","","",""
B6,2383,4/23/2024 18:55,15.96,1883.52,"","","",""
B6,2384,4/23/2024 19:00,15.96,1903.36,"","","",""
B6,2385,4/23/2024 19:05,15.91,1495.04,"","","",""
B6,2386,4/23/2024 19:10,15.87,577.28,"","","",""
B6,2387,4/23/2024 19:15,15.7,799.36,"","","",""
B6,2388,4/23/2024 19:20,15.7,718.4,"","","",""
B6,2389,4/23/2024 19:25,15.61,198.64,"","","",""
B6,2390,4/23/2024 19:30,15.57,289.76,"","","",""
B6,2391,4/23/2024 19:35,15.44,125.6,"","","",""
B6,2392,4/23/2024 19:40,15.27,36.92,"","","",""
B6,2393,4/23/2024 19:45,15.27,22.67,"","","",""
B6,2394,4/23/2024 19:50,15.23,7.53,"","","",""
B6,2395,4/23/2024 19:55,15.18,2.21,"","","",""
B6,2396,4/23/2024 20:00,15.1,0.44,"","","",""
B6,2397,4/23/2024 20:05,15.23,0,"","","",""
B6,2398,4/23/2024 20:10,15.1,0,"","","",""
B6,2399,4/23/2024 20:15,15.01,0,"","","",""
B6,2400,4/23/2024 20:20,15.06,0,"","","",""
B6,2401,4/23/2024 20:25,14.8,0,"","","",""
B6,2402,4/23/2024 20:30,14.63,0,"","","",""
B6,2403,4/23/2024 20:35,14.71,0,"","","",""
B6,2404,4/23/2024 20:40,14.63,0,"","","",""
B6,2405,4/23/2024 20:45,14.5,0,"","","",""
B6,2406,4/23/2024 20:50,14.71,0,"","","",""
B6,2407,4/23/2024 20:55,14.71,0,"","","",""
B6,2408,4/23/2024 21:00,14.63,0,"","","",""
B6,2409,4/23/2024 21:05,14.8,0,"","","",""
B6,2410,4/23/2024 21:10,14.58,0,"","","",""
B6,2411,4/23/2024 21:15,14.63,0,"","","",""
B6,2412,4/23/2024 21:20,14.5,0,"","","",""
B6,2413,4/23/2024 21:25,14.5,0,"","","",""
B6,2414,4/23/2024 21:30,14.67,0,"","","",""
B6,2415,4/23/2024 21:35,14.8,0,"","","",""
B6,2416,4/23/2024 21:40,14.45,0,"","","",""
B6,2417,4/23/2024 21:45,14.33,0,"","","",""
B6,2418,4/23/2024 21:50,14.37,0,"","","",""
B6,2419,4/23/2024 21:55,14.33,0,"","","",""
B6,2420,4/23/2024 22:00,14.2,0,"","","",""
B6,2421,4/23/2024 22:05,14.41,0,"","","",""
B6,2422,4/23/2024 22:10,14.37,0,"","","",""
B6,2423,4/23/2024 22:15,14.28,0,"","","",""
B6,2424,4/23/2024 22:20,14.24,0,"","","",""
B6,2425,4/23/2024 22:25,14.28,0,"","","",""
B6,2426,4/23/2024 22:30,14.33,0,"","","",""
B6,2427,4/23/2024 22:35,14.2,0,"","","",""
B6,2428,4/23/2024 22:40,14.24,0,"","","",""
B6,2429,4/23/2024 22:45,14.24,0,"","","",""
B6,2430,4/23/2024 22:50,14.15,0,"","","",""
B6,2431,4/23/2024 22:55,14.2,0.22,"","","",""
B6,2432,4/23/2024 23:00,14.15,0,"","","",""
B6,2433,4/23/2024 23:05,14.2,0,"","","",""
B6,2434,4/23/2024 23:10,14.2,0,"","","",""
B6,2435,4/23/2024 23:15,14.24,0,"","","",""
B6,2436,4/23/2024 23:20,14.15,0,"","","",""
B6,2437,4/23/2024 23:25,14.2,0,"","","",""
B6,2438,4/23/2024 23:30,14.11,0,"","","",""
B6,2439,4/23/2024 23:35,14.11,0,"","","",""
B6,2440,4/23/2024 23:40,14.24,0,"","","",""
B6,2441,4/23/2024 23:45,14.15,0,"","","",""
B6,2442,4/23/2024 23:50,14.07,0,"","","",""
B6,2443,4/23/2024 23:55,14.07,0,"","","",""
B6,2444,4/24/2024 0:00,14.07,0,"","","",""
B6,2445,4/24/2024 0:05,14.2,0,"","","",""
B6,2446,4/24/2024 0:10,14.24,0,"","","",""
B6,2447,4/24/2024 0:15,14.2,0,"","","",""
B6,2448,4/24/2024 0:20,14.2,0,"","","",""
B6,2449,4/24/2024 0:25,14.24,0,"","","",""
B6,2450,4/24/2024 0:30,14.2,0,"","","",""
B6,2451,4/24/2024 0:35,14.15,0,"","","",""
B6,2452,4/24/2024 0:40,14.15,0,"","","",""
B6,2453,4/24/2024 0:45,14.07,0,"","","",""
B6,2454,4/24/2024 0:50,14.07,0,"","","",""
B6,2455,4/24/2024 0:55,14.07,0,"","","",""
B6,2456,4/24/2024 1:00,14.03,0,"","","",""
B6,2457,4/24/2024 1:05,13.94,0,"","","",""
B6,2541,4/24/2024 8:05,16.86,29542.4,"","","",""
B6,2542,4/24/2024 8:10,17.2,31938.56,"","","",""
B6,2543,4/24/2024 8:15,16.86,22067.2,"","","",""
B6,2544,4/24/2024 8:20,16.81,35307.52,"","","",""
B6,2545,4/24/2024 8:25,16.6,29583.36,"","","",""
B6,2546,4/24/2024 8:30,16.99,26173.44,"","","",""
B6,2547,4/24/2024 8:35,16.39,36679.68,"","","",""
B6,2548,4/24/2024 8:40,16.47,40099.84,"","","",""
B6,2549,4/24/2024 8:45,16.17,36341.76,"","","",""
B6,2550,4/24/2024 8:50,15.87,32020.48,"","","",""
B6,2551,4/24/2024 8:55,15.7,39884.8,"","","",""
B6,2552,4/24/2024 9:00,15.57,45056,"","","",""
B6,2553,4/24/2024 9:05,15.83,34078.72,"","","",""
B6,2554,4/24/2024 9:10,15.31,16609.28,"","","",""
B6,2555,4/24/2024 9:15,15.4,51200,"","","",""
B6,2556,4/24/2024 9:20,15.57,34263.04,"","","",""
B6,2557,4/24/2024 9:25,15.31,49029.12,"","","",""
B6,2558,4/24/2024 9:30,15.18,37079.04,"","","",""
B6,2559,4/24/2024 9:35,15.18,46305.28,"","","",""
B6,2560,4/24/2024 9:40,15.23,25640.96,"","","",""
B6,2561,4/24/2024 9:45,15.23,49172.48,"","","",""
B6,2562,4/24/2024 9:50,15.27,36249.6,"","","",""
B6,2563,4/24/2024 9:55,15.36,48885.76,"","","",""
B6,2564,4/24/2024 10:00,15.44,52920.32,"","","",""
B6,2565,4/24/2024 10:05,15.31,49602.56,"","","",""
B6,2566,4/24/2024 10:10,15.27,54394.88,"","","",""
B6,2567,4/24/2024 10:15,15.27,26849.28,"","","",""
B6,2568,4/24/2024 10:20,15.31,55787.52,"","","",""
B6,2569,4/24/2024 10:25,15.36,48680.96,"","","",""
B6,2570,4/24/2024 10:30,15.27,46776.32,"","","",""
B6,2571,4/24/2024 10:35,15.36,60436.48,"","","",""
B6,2572,4/24/2024 10:40,15.57,64020.48,"","","",""
B6,2573,4/24/2024 10:45,15.7,43642.88,"","","",""
B6,2574,4/24/2024 10:50,15.57,60313.6,"","","",""
B6,2575,4/24/2024 10:55,15.48,49991.68,"","","",""
B6,2576,4/24/2024 11:00,15.87,64000,"","","",""
B6,2577,4/24/2024 11:05,15.87,65126.4,"","","",""
B6,2578,4/24/2024 11:10,15.78,71024.64,"","","",""
B6,2579,4/24/2024 11:15,15.66,63344.64,"","","",""
B6,2580,4/24/2024 11:20,15.96,48660.48,"","","",""
B6,2581,4/24/2024 11:25,16.17,56545.28,"","","",""
B6,2582,4/24/2024 11:30,16.17,54865.92,"","","",""
B6,2583,4/24/2024 11:35,16.21,70615.04,"","","",""
B6,2584,4/24/2024 11:40,16.34,77987.84,"","","",""
B6,2585,4/24/2024 11:45,16.47,88350.72,"","","",""
B6,2586,4/24/2024 11:50,16.26,63078.4,"","","",""
B6,2587,4/24/2024 11:55,16.81,89292.8,"","","",""
B6,2588,4/24/2024 12:00,16.73,94248.96,"","","",""
B6,2589,4/24/2024 12:05,16.73,29952,"","","",""
B6,2590,4/24/2024 12:10,17.33,86056.96,"","","",""
B6,2591,4/24/2024 12:15,17.07,40478.72,"","","",""
B6,2592,4/24/2024 12:20,17.63,87449.6,"","","",""
B6,2593,4/24/2024 12:25,17.84,92282.88,"","","",""
B6,2594,4/24/2024 12:30,17.41,73707.52,"","","",""
B6,2595,4/24/2024 12:35,18.06,92282.88,"","","",""
B6,2596,4/24/2024 12:40,18.06,83742.72,"","","",""
B6,2597,4/24/2024 12:45,18.62,93265.92,"","","",""
B6,2598,4/24/2024 12:50,18.57,93265.92,"","","",""
B6,2599,4/24/2024 12:55,19.13,93511.68,"","","",""
B6,2600,4/24/2024 13:00,19.09,94085.12,"","","",""
B6,2601,4/24/2024 13:05,19.35,77189.12,"","","",""
B6,2602,4/24/2024 13:10,19.26,90972.16,"","","",""
B6,2603,4/24/2024 13:15,19.77,93429.76,"","","",""
B6,2604,4/24/2024 13:20,19.86,93511.68,"","","",""
B6,2605,4/24/2024 13:25,20.07,88924.16,"","","",""
B6,2658,4/24/2024 17:50,18.44,28723.2,"","","",""
B6,2659,4/24/2024 17:55,17.03,11110.4,"","","",""
B6,2660,4/24/2024 18:00,15.87,6371.84,"","","",""
B6,2661,4/24/2024 18:05,15.78,5483.52,"","","",""
B6,2662,4/24/2024 18:10,15.74,5154.56,"","","",""
B6,2663,4/24/2024 18:15,15.7,6435.84,"","","",""
B6,2664,4/24/2024 18:20,15.66,7101.44,"","","",""
B6,2665,4/24/2024 18:25,15.61,6771.2,"","","",""
B6,2666,4/24/2024 18:30,15.61,5363.2,"","","",""
B6,2667,4/24/2024 18:35,15.57,3257.6,"","","",""
B6,2668,4/24/2024 18:40,15.53,3255.04,"","","",""
B6,2669,4/24/2024 18:45,15.53,3220.48,"","","",""
B6,2670,4/24/2024 18:50,15.4,2625.28,"","","",""
B6,2671,4/24/2024 18:55,15.4,2234.88,"","","",""
B6,2672,4/24/2024 19:00,15.4,1982.72,"","","",""
B6,2673,4/24/2024 19:05,15.31,821.12,"","","",""
B6,2674,4/24/2024 19:10,15.31,1003.84,"","","",""
B6,2675,4/24/2024 19:15,15.27,976.32,"","","",""
B6,2676,4/24/2024 19:20,15.23,660.48,"","","",""
B6,2677,4/24/2024 19:25,15.18,501.12,"","","",""
B6,2678,4/24/2024 19:30,15.18,246.08,"","","",""
B6,2679,4/24/2024 19:35,15.14,168.48,"","","",""
B6,2680,4/24/2024 19:40,15.18,62.3,"","","",""
B6,2681,4/24/2024 19:45,15.14,25.77,"","","",""
B6,2682,4/24/2024 19:50,15.1,7.53,"","","",""
B6,2683,4/24/2024 19:55,14.97,1.77,"","","",""
B6,2684,4/24/2024 20:00,15.01,0.88,"","","",""
B6,2685,4/24/2024 20:05,14.97,0,"","","",""
B6,2686,4/24/2024 20:10,14.97,0,"","","",""
B6,2687,4/24/2024 20:15,14.84,0,"","","",""
B6,2688,4/24/2024 20:20,14.75,0.22,"","","",""
B6,2689,4/24/2024 20:25,14.75,0,"","","",""
B6,2690,4/24/2024 20:30,14.75,0,"","","",""
B6,2691,4/24/2024 20:35,14.71,0,"","","",""
B6,2692,4/24/2024 20:40,14.58,0,"","","",""
B6,2693,4/24/2024 20:45,14.63,0,"","","",""
B6,2694,4/24/2024 20:50,14.58,0,"","","",""
B6,2695,4/24/2024 20:55,14.58,0,"","","",""
B6,2696,4/24/2024 21:00,14.45,0,"","","",""
B6,2697,4/24/2024 21:05,14.54,0,"","","",""
B6,2698,4/24/2024 21:10,14.45,0,"","","",""
B6,2699,4/24/2024 21:15,14.58,0,"","","",""
B6,2700,4/24/2024 21:20,14.41,0,"","","",""
B6,2701,4/24/2024 21:25,14.41,0,"","","",""
B6,2702,4/24/2024 21:30,14.54,0,"","","",""
B6,2703,4/24/2024 21:35,14.41,0,"","","",""
B6,2704,4/24/2024 21:40,14.5,0,"","","",""
B6,2705,4/24/2024 21:45,14.33,0,"","","",""
B6,2706,4/24/2024 21:50,14.33,0,"","","",""
B6,2707,4/24/2024 21:55,14.37,0,"","","",""
B6,2708,4/24/2024 22:00,14.37,0,"","","",""
B6,2709,4/24/2024 22:05,14.33,0,"","","",""
B6,2710,4/24/2024 22:10,14.33,0,"","","",""
B6,2711,4/24/2024 22:15,14.24,0,"","","",""
B6,2712,4/24/2024 22:20,14.2,0,"","","",""
B6,2713,4/24/2024 22:25,14.15,0,"","","",""
B6,2714,4/24/2024 22:30,14.2,0,"","","",""
B6,2715,4/24/2024 22:35,14.15,0,"","","",""
B6,2716,4/24/2024 22:40,14.11,0,"","","",""
B6,2717,4/24/2024 22:45,14.15,0,"","","",""
B6,2718,4/24/2024 22:50,14.11,0,"","","",""
B6,2719,4/24/2024 22:55,14.11,0,"","","",""
B6,2720,4/24/2024 23:00,14.11,0,"","","",""
B6,2721,4/24/2024 23:05,14.03,0,"","","",""
B6,2722,4/24/2024 23:10,14.03,0,"","","",""
B6,2723,4/24/2024 23:15,14.07,0,"","","",""
B6,2724,4/24/2024 23:20,14.03,0,"","","",""
B6,2725,4/24/2024 23:25,14.07,0,"","","",""
B6,2726,4/24/2024 23:30,14.11,0.22,"","","",""
B6,2727,4/24/2024 23:35,14.07,0,"","","",""
B6,2728,4/24/2024 23:40,14.07,0,"","","",""
B6,2729,4/24/2024 23:45,13.98,0,"","","",""
B6,2730,4/24/2024 23:50,14.07,0,"","","",""
B6,2731,4/24/2024 23:55,13.98,0,"","","",""
B6,2732,4/25/2024 0:00,13.98,0,"","","",""
B6,2733,4/25/2024 0:05,13.98,0,"","","",""
B6,2734,4/25/2024 0:10,14.03,0,"","","",""
B6,2735,4/25/2024 0:15,13.98,0,"","","",""
B6,2736,4/25/2024 0:20,14.03,0,"","","",""
B6,2737,4/25/2024 0:25,14.07,0,"","","",""
B6,2738,4/25/2024 0:30,13.94,0,"","","",""
B6,2739,4/25/2024 0:35,14.03,0,"","","",""
B6,2740,4/25/2024 0:40,13.98,0,"","","",""
B6,2741,4/25/2024 0:45,13.94,0,"","","",""
B6,2742,4/25/2024 0:50,13.94,0,"","","",""
B6,2743,4/25/2024 0:55,13.94,0,"","","",""
B6,2744,4/25/2024 1:00,13.94,0,"","","",""
B6,2745,4/25/2024 1:05,13.94,0,"","","",""
B6,2746,4/25/2024 1:10,13.85,0,"","","",""
B6,2747,4/25/2024 1:15,13.85,0,"","","",""
B6,2748,4/25/2024 1:20,13.85,0,"","","",""
B6,2749,4/25/2024 1:25,13.73,0,"","","",""
B6,2750,4/25/2024 1:30,13.51,0,"","","",""
B6,2840,4/25/2024 9:00,14.37,16517.12,"","","",""
B6,2841,4/25/2024 9:05,14.11,13895.68,"","","",""
B6,2842,4/25/2024 9:10,13.98,12339.2,"","","",""
B6,2843,4/25/2024 9:15,13.9,14105.6,"","","",""
B6,2844,4/25/2024 9:20,13.94,16035.84,"","","",""
B6,2845,4/25/2024 9:25,13.94,9832.96,"","","",""
B6,2846,4/25/2024 9:30,14.03,16998.4,"","","",""
B6,2847,4/25/2024 9:35,13.94,15134.72,"","","",""
B6,2848,4/25/2024 9:40,13.77,14586.88,"","","",""
B6,2849,4/25/2024 9:45,13.81,8883.2,"","","",""
B6,2850,4/25/2024 9:50,13.9,16773.12,"","","",""
B6,2851,4/25/2024 9:55,13.64,11868.16,"","","",""
B6,2852,4/25/2024 10:00,13.73,12743.68,"","","",""
B6,2853,4/25/2024 10:05,13.94,21442.56,"","","",""
B6,2854,4/25/2024 10:10,13.85,16773.12,"","","",""
B6,2855,4/25/2024 10:15,14.11,27054.08,"","","",""
B6,2856,4/25/2024 10:20,13.98,16481.28,"","","",""
B6,2857,4/25/2024 10:25,14.03,23019.52,"","","",""
B6,2858,4/25/2024 10:30,14.28,32665.6,"","","",""
B6,2859,4/25/2024 10:35,14.45,29952,"","","",""
B6,2860,4/25/2024 10:40,14.37,32020.48,"","","",""
B6,2861,4/25/2024 10:45,14.37,29429.76,"","","",""
B6,2862,4/25/2024 10:50,14.5,39475.2,"","","",""
B6,2863,4/25/2024 10:55,14.41,32225.28,"","","",""
B6,2864,4/25/2024 11:00,14.8,29224.96,"","","",""
B6,2865,4/25/2024 11:05,14.67,43315.2,"","","",""
B6,2866,4/25/2024 11:10,14.75,38400,"","","",""
B6,2867,4/25/2024 11:15,14.63,32645.12,"","","",""
B6,2868,4/25/2024 11:20,14.8,22251.52,"","","",""
B6,2869,4/25/2024 11:25,15.27,53534.72,"","","",""
B6,2870,4/25/2024 11:30,15.57,56115.2,"","","",""
B6,2871,4/25/2024 11:35,14.88,44687.36,"","","",""
B6,2872,4/25/2024 11:40,15.57,44974.08,"","","",""
B6,2873,4/25/2024 11:45,16.3,82063.36,"","","",""
B6,2874,4/25/2024 11:50,16.04,99246.08,"","","",""
B6,2875,4/25/2024 11:55,16.34,101539.84,"","","",""
B6,2876,4/25/2024 12:00,16.51,80568.32,"","","",""
B6,2877,4/25/2024 12:05,16.21,72622.08,"","","",""
B6,2878,4/25/2024 12:10,16.56,95191.04,"","","",""
B6,2879,4/25/2024 12:15,16.51,51978.24,"","","",""
B6,2880,4/25/2024 12:20,16.81,81469.44,"","","",""
B6,2881,4/25/2024 12:25,16.81,56258.56,"","","",""
B6,2882,4/25/2024 12:30,17.33,99942.4,"","","",""
B6,2883,4/25/2024 12:35,17.2,70717.44,"","","",""
B6,2884,4/25/2024 12:40,17.16,64307.2,"","","",""
B6,2885,4/25/2024 12:45,17.63,82821.12,"","","",""
B6,2886,4/25/2024 12:50,18.14,107520,"","","",""
B6,2887,4/25/2024 12:55,17.29,76247.04,"","","",""
B6,2888,4/25/2024 13:00,17.59,22599.68,"","","",""
B6,2889,4/25/2024 13:05,17.89,69324.8,"","","",""
B6,2890,4/25/2024 13:10,18.92,70144,"","","",""
B6,2891,4/25/2024 13:15,19.09,103301.12,"","","",""
B6,2892,4/25/2024 13:20,19.43,101089.28,"","","",""
B6,2893,4/25/2024 13:25,19.13,90603.52,"","","",""
B6,2894,4/25/2024 13:30,19.73,99655.68,"","","",""
B6,2895,4/25/2024 13:35,20.16,95928.32,"","","",""
B6,2896,4/25/2024 13:40,19.95,83496.96,"","","",""
B6,2897,4/25/2024 13:45,20.12,86097.92,"","","",""
B6,2898,4/25/2024 13:50,20.42,93962.24,"","","",""
B6,2946,4/25/2024 17:50,19.95,41410.56,"","","",""
B6,2947,4/25/2024 17:55,16.34,10009.6,"","","",""
B6,2948,4/25/2024 18:00,15.31,9576.96,"","","",""
B6,2949,4/25/2024 18:05,15.31,9039.36,"","","",""
B6,2950,4/25/2024 18:10,15.36,8222.72,"","","",""
B6,2951,4/25/2024 18:15,15.27,8074.24,"","","",""
B6,2952,4/25/2024 18:20,15.27,7797.76,"","","",""
B6,2953,4/25/2024 18:25,15.31,6236.16,"","","",""
B6,2954,4/25/2024 18:30,15.31,7080.96,"","","",""
B6,2955,4/25/2024 18:35,15.18,6533.12,"","","",""
B6,2956,4/25/2024 18:40,15.18,3481.6,"","","",""
B6,2957,4/25/2024 18:45,15.1,2947.84,"","","",""
B6,2958,4/25/2024 18:50,15.06,2961.92,"","","",""
B6,2959,4/25/2024 18:55,15.01,3069.44,"","","",""
B6,2960,4/25/2024 19:00,14.93,2261.76,"","","",""
B6,2961,4/25/2024 19:05,14.88,1950.72,"","","",""
B6,2962,4/25/2024 19:10,14.84,1455.36,"","","",""
B6,2963,4/25/2024 19:15,14.84,1271.68,"","","",""
B6,2964,4/25/2024 19:20,14.8,895.68,"","","",""
B6,2965,4/25/2024 19:25,14.71,566.24,"","","",""
B6,2966,4/25/2024 19:30,14.63,342.56,"","","",""
B6,2967,4/25/2024 19:35,14.63,179.12,"","","",""
B6,2968,4/25/2024 19:40,14.63,72.12,"","","",""
B6,2969,4/25/2024 19:45,14.58,33.37,"","","",""
B6,2970,4/25/2024 19:50,14.37,10.2,"","","",""
B6,2971,4/25/2024 19:55,14.45,3.54,"","","",""
B6,2972,4/25/2024 20:00,14.24,0.88,"","","",""
B6,2973,4/25/2024 20:05,14.33,0.22,"","","",""
B6,2974,4/25/2024 20:10,14.15,0,"","","",""
B6,2975,4/25/2024 20:15,14.2,0,"","","",""
B6,2976,4/25/2024 20:20,14.07,0,"","","",""
B6,2977,4/25/2024 20:25,14.03,0,"","","",""
B6,2978,4/25/2024 20:30,14.11,0,"","","",""
B6,2979,4/25/2024 20:35,14.03,0,"","","",""
B6,2980,4/25/2024 20:40,14.11,0,"","","",""
B6,2981,4/25/2024 20:45,13.94,0,"","","",""
B6,2982,4/25/2024 20:50,13.9,0,"","","",""
B6,2983,4/25/2024 20:55,14.15,0,"","","",""
B6,2984,4/25/2024 21:00,14.24,0,"","","",""
B6,2985,4/25/2024 21:05,14.11,0,"","","",""
B6,2986,4/25/2024 21:10,13.9,0.22,"","","",""
B6,2987,4/25/2024 21:15,13.85,0,"","","",""
B6,2988,4/25/2024 21:20,14.11,0,"","","",""
B6,2989,4/25/2024 21:25,14.07,0,"","","",""
B6,2990,4/25/2024 21:30,14.2,0,"","","",""
B6,2991,4/25/2024 21:35,14.11,0,"","","",""
B6,2992,4/25/2024 21:40,14.03,0,"","","",""
B6,2993,4/25/2024 21:45,13.94,0,"","","",""
B6,2994,4/25/2024 21:50,13.81,0,"","","",""
B6,2995,4/25/2024 21:55,13.77,0,"","","",""
B6,2996,4/25/2024 22:00,13.9,0,"","","",""
B6,2997,4/25/2024 22:05,13.81,0,"","","",""
B6,2998,4/25/2024 22:10,13.77,0,"","","",""
B6,2999,4/25/2024 22:15,13.77,0,"","","",""
B6,3000,4/25/2024 22:20,14.03,0,"","","",""
B6,3001,4/25/2024 22:25,13.81,0,"","","",""
B6,3002,4/25/2024 22:30,13.81,0,"","","",""
B6,3003,4/25/2024 22:35,13.73,0,"","","",""
B6,3004,4/25/2024 22:40,13.64,0,"","","",""
B6,3005,4/25/2024 22:45,13.64,0,"","","",""
B6,3006,4/25/2024 22:50,13.77,0,"","","",""
B6,3007,4/25/2024 22:55,13.68,0,"","","",""
B6,3008,4/25/2024 23:00,13.6,0,"","","",""
B6,3009,4/25/2024 23:05,13.64,0,"","","",""
B6,3010,4/25/2024 23:10,13.73,0,"","","",""
B6,3011,4/25/2024 23:15,13.6,0,"","","",""
B6,3012,4/25/2024 23:20,13.64,0,"","","",""
B6,3013,4/25/2024 23:25,13.64,0,"","","",""
B6,3014,4/25/2024 23:30,13.51,0,"","","",""
B6,3015,4/25/2024 23:35,13.55,0,"","","",""
B6,3016,4/25/2024 23:40,13.6,0,"","","",""
B6,3017,4/25/2024 23:45,13.51,0,"","","",""
B6,3018,4/25/2024 23:50,13.51,0,"","","",""
B6,3019,4/25/2024 23:55,13.51,0,"","","",""
B6,3020,4/26/2024 0:00,13.55,0,"","","",""
B6,3021,4/26/2024 0:05,13.6,0,"","","",""
B6,3022,4/26/2024 0:10,13.64,0,"","","",""
B6,3023,4/26/2024 0:15,13.68,0,"","","",""
B6,3024,4/26/2024 0:20,13.64,0,"","","",""
B6,3025,4/26/2024 0:25,13.68,0,"","","",""
B6,3026,4/26/2024 0:30,13.64,0,"","","",""
B6,3027,4/26/2024 0:35,13.77,0,"","","",""
B6,3028,4/26/2024 0:40,13.68,0,"","","",""
B6,3029,4/26/2024 0:45,13.73,0,"","","",""
B6,3030,4/26/2024 0:50,13.81,0,"","","",""
B6,3031,4/26/2024 0:55,13.81,0,"","","",""
B6,3032,4/26/2024 1:00,13.81,0,"","","",""
B6,3033,4/26/2024 1:05,13.73,0,"","","",""
B6,3034,4/26/2024 1:10,13.81,0,"","","",""
B6,3035,4/26/2024 1:15,13.85,0,"","","",""
B6,3036,4/26/2024 1:20,13.9,0,"","","",""
B6,3037,4/26/2024 1:25,13.85,0,"","","",""
B6,3038,4/26/2024 1:30,13.85,0,"","","",""
B6,3039,4/26/2024 1:35,13.85,0,"","","",""
B6,3040,4/26/2024 1:40,13.85,0,"","","",""
B6,3041,4/26/2024 1:45,13.77,0,"","","",""
B6,3042,4/26/2024 1:50,13.77,0,"","","",""
B6,3043,4/26/2024 1:55,13.68,0,"","","",""
B6,3044,4/26/2024 2:00,13.68,0,"","","",""
B6,3045,4/26/2024 2:05,13.6,0,"","","",""
B6,1,4/27/2024 8:25,24.19,36280.32,"","","",""
B6,2,4/27/2024 8:30,26.17,37335.04,"","","",""
B6,3,4/27/2024 8:35,27.32,39065.6,"","","",""
B6,4,4/27/2024 8:40,28.1,40529.92,"","","",""
B6,5,4/27/2024 8:45,28.53,42270.72,"","","",""
B6,6,4/27/2024 8:50,29.3,43642.88,"","","",""
B6,7,4/27/2024 8:55,29.98,45240.32,"","","",""
B6,8,4/27/2024 9:00,30.71,46858.24,"","","",""
B6,9,4/27/2024 9:05,31.4,48353.28,"","","",""
B6,10,4/27/2024 9:10,31.96,49991.68,"","","",""
B6,11,4/27/2024 9:15,32.22,51527.68,"","","",""
B6,12,4/27/2024 9:20,32.69,53534.72,"","","",""
B6,13,4/27/2024 9:25,33.16,55029.76,"","","",""
B6,14,4/27/2024 9:30,33.59,56606.72,"","","",""
B6,15,4/27/2024 9:35,34.27,58183.68,"","","",""
B6,16,4/27/2024 9:40,34.83,59740.16,"","","",""
B6,17,4/27/2024 9:45,30.03,60559.36,"","","",""
B6,18,4/27/2024 9:50,29.38,61870.08,"","","",""
B6,19,4/27/2024 9:55,30.16,63344.64,"","","",""
B6,20,4/27/2024 10:00,29.17,64839.68,"","","",""
B6,21,4/27/2024 10:05,27.8,66129.92,"","","",""
B6,22,4/27/2024 10:10,25.65,67747.84,"","","",""
B6,23,4/27/2024 10:15,25.35,68956.16,"","","",""
B6,24,4/27/2024 10:20,23.85,70184.96,"","","",""
B6,25,4/27/2024 10:25,23.98,71372.8,"","","",""
B6,26,4/27/2024 10:30,21.45,72458.24,"","","",""
B6,27,4/27/2024 10:35,20.8,73871.36,"","","",""
B6,28,4/27/2024 10:40,20.63,75202.56,"","","",""
B6,29,4/27/2024 10:45,19.43,76390.4,"","","",""
B6,30,4/27/2024 10:50,19.9,77537.28,"","","",""
B6,31,4/27/2024 10:55,20.2,76943.36,"","","",""
B6,32,4/27/2024 11:00,19.26,79626.24,"","","",""
B6,33,4/27/2024 11:05,18.74,80711.68,"","","",""
B6,34,4/27/2024 11:10,18.7,81571.84,"","","",""
B6,35,4/27/2024 11:15,18.62,82616.32,"","","",""
B6,36,4/27/2024 11:20,18.49,83845.12,"","","",""
B6,37,4/27/2024 11:25,18.32,84459.52,"","","",""
B6,38,4/27/2024 11:30,17.93,85032.96,"","","",""
B6,39,4/27/2024 11:35,18.06,54394.88,"","","",""
B6,40,4/27/2024 11:40,17.76,79032.32,"","","",""
B6,41,4/27/2024 11:45,17.89,78786.56,"","","",""
B6,42,4/27/2024 11:50,17.54,89088,"","","",""
B6,43,4/27/2024 11:55,17.72,88965.12,"","","",""
B6,44,4/27/2024 12:00,17.54,89415.68,"","","",""
B6,45,4/27/2024 12:05,17.46,90030.08,"","","",""
B6,46,4/27/2024 12:10,17.46,79708.16,"","","",""
B6,47,4/27/2024 12:15,17.41,91013.12,"","","",""
B6,48,4/27/2024 12:20,17.29,80035.84,"","","",""
B6,49,4/27/2024 12:25,17.46,82554.88,"","","",""
B6,50,4/27/2024 12:30,17.37,91996.16,"","","",""
B6,51,4/27/2024 12:35,17.46,92323.84,"","","",""
B6,52,4/27/2024 12:40,17.37,78131.2,"","","",""
B6,53,4/27/2024 12:45,17.54,92119.04,"","","",""
B6,54,4/27/2024 12:50,17.89,70574.08,"","","",""
B6,55,4/27/2024 12:55,17.67,71024.64,"","","",""
B6,56,4/27/2024 13:00,17.72,84131.84,"","","",""
B6,57,4/27/2024 13:05,17.84,79994.88,"","","",""
B6,58,4/27/2024 13:10,17.8,90357.76,"","","",""
B6,59,4/27/2024 13:15,17.89,71905.28,"","","",""
B6,60,4/27/2024 13:20,17.8,80220.16,"","","",""
B6,61,4/27/2024 13:25,17.84,86056.96,"","","",""
B6,62,4/27/2024 13:30,18.1,70758.4,"","","",""
B6,63,4/27/2024 13:35,17.97,66396.16,"","","",""
B6,64,4/27/2024 13:40,18.14,92692.48,"","","",""
B6,65,4/27/2024 13:45,18.27,74526.72,"","","",""
B6,66,4/27/2024 13:50,18.4,91381.76,"","","",""
B6,67,4/27/2024 13:55,18.49,79605.76,"","","",""
B6,68,4/27/2024 14:00,18.57,90972.16,"","","",""
B6,69,4/27/2024 14:05,18.79,78520.32,"","","",""
B6,70,4/27/2024 14:10,19.17,90398.72,"","","",""
B6,71,4/27/2024 14:15,19.17,90152.96,"","","",""
B6,72,4/27/2024 14:20,19.43,62197.76,"","","",""
B6,73,4/27/2024 14:25,19.65,85647.36,"","","",""
B6,74,4/27/2024 14:30,19.47,85729.28,"","","",""
B6,75,4/27/2024 14:35,19.35,85893.12,"","","",""
B6,76,4/27/2024 14:40,19.56,87982.08,"","","",""
B6,77,4/27/2024 14:45,19.56,80568.32,"","","",""
B6,78,4/27/2024 14:50,20.5,68014.08,"","","",""
B6,79,4/27/2024 14:55,20.63,86138.88,"","","",""
B6,80,4/27/2024 15:00,20.29,79974.4,"","","",""
B6,81,4/27/2024 15:05,20.59,84992,"","","",""
B6,82,4/27/2024 15:10,20.72,43192.32,"","","",""
B6,83,4/27/2024 15:15,20.98,83046.4,"","","",""
B6,84,4/27/2024 15:20,21.19,81510.4,"","","",""
B6,85,4/27/2024 15:25,21.49,66170.88,"","","",""
B6,86,4/27/2024 15:30,21.02,81899.52,"","","",""
B6,87,4/27/2024 15:35,21.4,80629.76,"","","",""
B6,88,4/27/2024 15:40,21.79,53800.96,"","","",""
B6,89,4/27/2024 15:45,21.96,79400.96,"","","",""
B6,90,4/27/2024 15:50,22.01,78090.24,"","","",""
B6,91,4/27/2024 15:55,22.01,62525.44,"","","",""
B6,92,4/27/2024 16:00,22.05,75776,"","","",""
B6,93,4/27/2024 16:05,22.01,74240,"","","",""
B6,94,4/27/2024 16:10,22.09,72990.72,"","","",""
B6,95,4/27/2024 16:15,22.31,72089.6,"","","",""
B6,96,4/27/2024 16:20,21.7,67153.92,"","","",""
B6,97,4/27/2024 16:25,22.01,71659.52,"","","",""
B6,98,4/27/2024 16:30,22.01,72499.2,"","","",""
B6,99,4/27/2024 16:35,21.7,72908.8,"","","",""
B6,100,4/27/2024 16:40,21.83,65392.64,"","","",""
B6,101,4/27/2024 16:45,21.88,76984.32,"","","",""
B6,102,4/27/2024 16:50,21.92,73871.36,"","","",""
B6,103,4/27/2024 16:55,21.92,71065.6,"","","",""
B6,104,4/27/2024 17:00,21.53,30689.28,"","","",""
B6,105,4/27/2024 17:05,21.32,69836.8,"","","",""
B6,106,4/27/2024 17:10,21.45,68997.12,"","","",""
B6,107,4/27/2024 17:15,21.23,68218.88,"","","",""
B6,108,4/27/2024 17:20,21.28,62095.36,"","","",""
B6,109,4/27/2024 17:25,20.72,59023.36,"","","",""
B6,110,4/27/2024 17:30,20.93,55275.52,"","","",""
B6,111,4/27/2024 17:35,20.85,54661.12,"","","",""
B6,112,4/27/2024 17:40,20.46,50462.72,"","","",""
B6,113,4/27/2024 17:45,19.86,48353.28,"","","",""
B6,114,4/27/2024 17:50,20.07,45772.8,"","","",""
B6,115,4/27/2024 17:55,16.64,8578.56,"","","",""
B6,116,4/27/2024 18:00,15.57,7946.24,"","","",""
B6,117,4/27/2024 18:05,15.4,7677.44,"","","",""
B6,118,4/27/2024 18:10,15.27,7257.6,"","","",""
B6,119,4/27/2024 18:15,15.18,7016.96,"","","",""
B6,120,4/27/2024 18:20,15.23,6758.4,"","","",""
B6,121,4/27/2024 18:25,15.27,6469.12,"","","",""
B6,122,4/27/2024 18:30,15.27,6156.8,"","","",""
B6,123,4/27/2024 18:35,15.23,5785.6,"","","",""
B6,124,4/27/2024 18:40,15.23,5544.96,"","","",""
B6,125,4/27/2024 18:45,15.18,3937.28,"","","",""
B6,126,4/27/2024 18:50,15.1,2986.24,"","","",""
B6,127,4/27/2024 18:55,15.14,4337.92,"","","",""
B6,128,4/27/2024 19:00,15.06,3816.96,"","","",""
B6,129,4/27/2024 19:05,14.97,2177.92,"","","",""
B6,130,4/27/2024 19:10,14.97,1644.16,"","","",""
B6,131,4/27/2024 19:15,14.93,1534.72,"","","",""
B6,132,4/27/2024 19:20,14.88,1061.44,"","","",""
B6,133,4/27/2024 19:25,14.84,810.56,"","","",""
B6,134,4/27/2024 19:30,14.8,459.36,"","","",""
B6,135,4/27/2024 19:35,14.8,258.72,"","","",""
B6,136,4/27/2024 19:40,14.8,135.48,"","","",""
B6,137,4/27/2024 19:45,14.8,60.58,"","","",""
B6,138,4/27/2024 19:50,14.8,22.7,"","","",""
B6,139,4/27/2024 19:55,14.75,5.76,"","","",""
B6,140,4/27/2024 20:00,14.71,1.33,"","","",""
B6,141,4/27/2024 20:05,14.75,0.22,"","","",""
B6,142,4/27/2024 20:10,14.71,0,"","","",""
B6,143,4/27/2024 20:15,14.71,0,"","","",""
B6,144,4/27/2024 20:20,14.75,0,"","","",""
B6,145,4/27/2024 20:25,14.67,0,"","","",""
B6,146,4/27/2024 20:30,14.71,0,"","","",""
B6,147,4/27/2024 20:35,14.71,0.22,"","","",""
B6,148,4/27/2024 20:40,14.67,0,"","","",""
B6,149,4/27/2024 20:45,14.71,0,"","","",""
B6,150,4/27/2024 20:50,14.71,0,"","","",""
B6,151,4/27/2024 20:55,14.67,0,"","","",""
B6,152,4/27/2024 21:00,14.67,0,"","","",""
B6,153,4/27/2024 21:05,14.67,0,"","","",""
B6,154,4/27/2024 21:10,14.67,0,"","","",""
B6,155,4/27/2024 21:15,14.67,0,"","","",""
B6,156,4/27/2024 21:20,14.67,0,"","","",""
B6,157,4/27/2024 21:25,14.63,0,"","","",""
B6,158,4/27/2024 21:30,14.63,0,"","","",""
B6,159,4/27/2024 21:35,14.63,0,"","","",""
B6,160,4/27/2024 21:40,14.63,0,"","","",""
B6,161,4/27/2024 21:45,14.58,0,"","","",""
B6,162,4/27/2024 21:50,14.58,0,"","","",""
B6,163,4/27/2024 21:55,14.63,0,"","","",""
B6,164,4/27/2024 22:00,14.63,0,"","","",""
B6,165,4/27/2024 22:05,14.63,0,"","","",""
B6,166,4/27/2024 22:10,14.58,0,"","","",""
B6,167,4/27/2024 22:15,14.58,0,"","","",""
B6,168,4/27/2024 22:20,14.58,0,"","","",""
B6,169,4/27/2024 22:25,14.63,0,"","","",""
B6,170,4/27/2024 22:30,14.54,0,"","","",""
B6,171,4/27/2024 22:35,14.58,0,"","","",""
B6,172,4/27/2024 22:40,14.58,0,"","","",""
B6,173,4/27/2024 22:45,14.58,0,"","","",""
B6,174,4/27/2024 22:50,14.58,0,"","","",""
B6,175,4/27/2024 22:55,14.58,0,"","","",""
B6,176,4/27/2024 23:00,14.58,0,"","","",""
B6,177,4/27/2024 23:05,14.58,0,"","","",""
B6,178,4/27/2024 23:10,14.54,0,"","","",""
B6,179,4/27/2024 23:15,14.58,0,"","","",""
B6,180,4/27/2024 23:20,14.58,0,"","","",""
B6,181,4/27/2024 23:25,14.58,0,"","","",""
B6,182,4/27/2024 23:30,14.54,0,"","","",""
B6,183,4/27/2024 23:35,14.58,0,"","","",""
B6,184,4/27/2024 23:40,14.58,0,"","","",""
B6,185,4/27/2024 23:45,14.63,0.22,"","","",""
B6,186,4/27/2024 23:50,14.54,0,"","","",""
B6,187,4/27/2024 23:55,14.54,0,"","","",""
B6,188,4/28/2024 0:00,14.54,0,"","","",""
B6,189,4/28/2024 0:05,14.54,0,"","","",""
B6,190,4/28/2024 0:10,14.54,0,"","","",""
B6,191,4/28/2024 0:15,14.58,0,"","","",""
B6,192,4/28/2024 0:20,14.54,0,"","","",""
B6,193,4/28/2024 0:25,14.54,0,"","","",""
B6,194,4/28/2024 0:30,14.5,0,"","","",""
B6,195,4/28/2024 0:35,14.5,0,"","","",""
B6,196,4/28/2024 0:40,14.41,0,"","","",""
B6,197,4/28/2024 0:45,14.41,0,"","","",""
B6,198,4/28/2024 0:50,14.41,0,"","","",""
B6,199,4/28/2024 0:55,14.37,0,"","","",""
B6,200,4/28/2024 1:00,14.37,0,"","","",""
B6,201,4/28/2024 1:05,14.37,0,"","","",""
B6,202,4/28/2024 1:10,14.28,0,"","","",""
B6,203,4/28/2024 1:15,14.33,0,"","","",""
B6,204,4/28/2024 1:20,14.24,0,"","","",""
B6,205,4/28/2024 1:25,14.33,0,"","","",""
B6,206,4/28/2024 1:30,14.28,0,"","","",""
B6,207,4/28/2024 1:35,14.24,0,"","","",""
B6,208,4/28/2024 1:40,14.24,0,"","","",""
B6,209,4/28/2024 1:45,14.24,0,"","","",""
B6,210,4/28/2024 1:50,14.2,0,"","","",""
B6,211,4/28/2024 1:55,14.24,0,"","","",""
B6,212,4/28/2024 2:00,14.2,0,"","","",""
B6,213,4/28/2024 2:05,14.2,0,"","","",""
B6,214,4/28/2024 2:10,14.2,0,"","","",""
B6,215,4/28/2024 2:15,14.15,0,"","","",""
B6,216,4/28/2024 2:20,14.15,0,"","","",""
B6,217,4/28/2024 2:25,14.11,0,"","","",""
B6,218,4/28/2024 2:30,14.11,0,"","","",""
B6,219,4/28/2024 2:35,14.07,0,"","","",""
B6,220,4/28/2024 2:40,14.07,0,"","","",""
B6,221,4/28/2024 2:45,14.07,0,"","","",""
B6,222,4/28/2024 2:50,14.03,0,"","","",""
B6,223,4/28/2024 2:55,13.98,0.22,"","","",""
B6,224,4/28/2024 3:00,13.98,0,"","","",""
B6,225,4/28/2024 3:05,13.94,0,"","","",""
B6,226,4/28/2024 3:10,13.9,0,"","","",""
B6,227,4/28/2024 3:15,13.81,0,"","","",""
B6,228,4/28/2024 3:20,13.81,0,"","","",""
B6,229,4/28/2024 3:25,13.73,0,"","","",""
B6,230,4/28/2024 3:30,13.43,0,"","","",""
B6,231,4/28/2024 3:35,13.43,0,"","","",""
B6,232,4/28/2024 3:40,13.17,0,"","","",""
B6,233,4/28/2024 3:45,13.08,0,"","","",""
B6,234,4/28/2024 3:50,13,0,"","","",""
B6,235,4/28/2024 3:55,12.65,0,"","","",""
B6,236,4/28/2024 4:00,12.65,0,"","","",""
B6,237,4/28/2024 4:05,11.84,0,"","","",""
B6,238,4/28/2024 4:10,11.62,0,"","","",""
B6,239,4/28/2024 4:15,11.37,0,"","","",""
B6,240,4/28/2024 4:20,11.15,0,"","","",""
B6,241,4/28/2024 4:25,10.94,0,"","","",""
B6,242,4/28/2024 4:30,11.02,0,"","","",""
B6,243,4/28/2024 4:35,10.98,0,"","","",""
B6,244,4/28/2024 4:40,10.98,0,"","","",""
B6,245,4/28/2024 4:45,11.07,0,"","","",""
B6,246,4/28/2024 4:50,10.98,0,"","","",""
B6,247,4/28/2024 4:55,10.72,0,"","","",""
B6,248,4/28/2024 5:00,10.85,0,"","","",""
B6,249,4/28/2024 5:05,10.68,0,"","","",""
B6,250,4/28/2024 5:10,10.81,0,"","","",""
B6,251,4/28/2024 5:15,10.72,0,"","","",""
B6,252,4/28/2024 5:20,10.89,0,"","","",""
B6,253,4/28/2024 5:25,11.15,0,"","","",""
B6,254,4/28/2024 5:30,11.41,0,"","","",""
B6,255,4/28/2024 5:35,11.24,0.44,"","","",""
B6,256,4/28/2024 5:40,11.45,2.43,"","","",""
B6,257,4/28/2024 5:45,11.67,9.09,"","","",""
B6,258,4/28/2024 5:50,11.58,28.93,"","","",""
B6,259,4/28/2024 5:55,11.62,81.14,"","","",""
B6,260,4/28/2024 6:00,11.54,189.36,"","","",""
B6,261,4/28/2024 6:05,11.49,391.04,"","","",""
B6,262,4/28/2024 6:10,11.58,695.36,"","","",""
B6,263,4/28/2024 6:15,11.62,1151.04,"","","",""
B6,264,4/28/2024 6:20,11.88,1848.32,"","","",""
B6,265,4/28/2024 6:25,12.35,2627.84,"","","",""
B6,266,4/28/2024 6:30,13,3558.4,"","","",""
B6,267,4/28/2024 6:35,13.47,4409.6,"","","",""
B6,268,4/28/2024 6:40,14.07,5445.12,"","","",""
B6,269,4/28/2024 6:45,14.67,6533.12,"","","",""
B6,270,4/28/2024 6:50,15.31,7833.6,"","","",""
B6,271,4/28/2024 6:55,16,8627.2,"","","",""
B6,272,4/28/2024 7:00,16.69,9840.64,"","","",""
B6,273,4/28/2024 7:05,17.2,11074.56,"","","",""
B6,274,4/28/2024 7:10,17.76,12247.04,"","","",""
B6,275,4/28/2024 7:15,18.23,13521.92,"","","",""
B6,276,4/28/2024 7:20,18.87,14694.4,"","","",""
B6,277,4/28/2024 7:25,18.66,16890.88,"","","",""
B6,278,4/28/2024 7:30,18.87,11182.08,"","","",""
B6,279,4/28/2024 7:35,19.77,19502.08,"","","",""
B6,280,4/28/2024 7:40,20.25,21340.16,"","","",""
B6,281,4/28/2024 7:45,19.99,23234.56,"","","",""
B6,282,4/28/2024 7:50,20.89,24463.36,"","","",""
B6,283,4/28/2024 7:55,21.49,26019.84,"","","",""
B6,284,4/28/2024 8:00,22.22,27596.8,"","","",""
B6,285,4/28/2024 8:05,22.52,29050.88,"","","",""
B6,286,4/28/2024 8:10,22.99,30904.32,"","","",""
B6,287,4/28/2024 8:15,23.72,32563.2,"","","",""
B6,288,4/28/2024 8:20,24.32,34314.24,"","","",""
B6,289,4/28/2024 8:25,24.97,35809.28,"","","",""
B6,290,4/28/2024 8:30,26.04,37263.36,"","","",""
B6,291,4/28/2024 8:35,26.9,38584.32,"","","",""
B6,292,4/28/2024 8:40,27.67,40038.4,"","","",""
B6,293,4/28/2024 8:45,28.18,41533.44,"","","",""
B6,294,4/28/2024 8:50,28.35,42946.56,"","","",""
B6,295,4/28/2024 8:55,28.7,44584.96,"","","",""
B6,296,4/28/2024 9:00,29.04,46141.44,"","","",""
B6,297,4/28/2024 9:05,29.6,47636.48,"","","",""
B6,298,4/28/2024 9:10,30.11,49295.36,"","","",""
B6,299,4/28/2024 9:15,30.03,50790.4,"","","",""
B6,300,4/28/2024 9:20,30.63,52490.24,"","","",""
B6,301,4/28/2024 9:25,31.4,54456.32,"","","",""
B6,302,4/28/2024 9:30,31.79,56033.28,"","","",""
B6,303,4/28/2024 9:35,32.39,57692.16,"","","",""
B6,304,4/28/2024 9:40,33.12,59248.64,"","","",""
B6,305,4/28/2024 9:45,33.25,60805.12,"","","",""
B6,306,4/28/2024 9:50,33.33,62341.12,"","","",""
B6,307,4/28/2024 9:55,33.37,63262.72,"","","",""
B6,308,4/28/2024 10:00,32.52,65474.56,"","","",""
B6,309,4/28/2024 10:05,32.47,67051.52,"","","",""
B6,310,4/28/2024 10:10,32.34,68444.16,"","","",""
B6,311,4/28/2024 10:15,32.43,69693.44,"","","",""
B6,312,4/28/2024 10:20,32.82,71168,"","","",""
B6,313,4/28/2024 10:25,32.99,72683.52,"","","",""
B6,314,4/28/2024 10:30,33.03,74035.2,"","","",""
B6,315,4/28/2024 10:35,33.12,75284.48,"","","",""
B6,316,4/28/2024 10:40,33.42,76595.2,"","","",""
B6,317,4/28/2024 10:45,33.55,77926.4,"","","",""
B6,318,4/28/2024 10:50,33.46,79093.76,"","","",""
B6,319,4/28/2024 10:55,33.85,80363.52,"","","",""
B6,320,4/28/2024 11:00,33.76,81469.44,"","","",""
B6,321,4/28/2024 11:05,34.4,82636.8,"","","",""
B6,322,4/28/2024 11:10,34.75,83742.72,"","","",""
B6,323,4/28/2024 11:15,34.32,84664.32,"","","",""
B6,324,4/28/2024 11:20,32.22,85114.88,"","","",""
B6,325,4/28/2024 11:25,30.97,86056.96,"","","",""
B6,326,4/28/2024 11:30,30.59,86794.24,"","","",""
B6,327,4/28/2024 11:35,28.27,86016,"","","",""
B6,328,4/28/2024 11:40,26.9,86958.08,"","","",""
B6,329,4/28/2024 11:45,26.34,87859.2,"","","",""
B6,330,4/28/2024 11:50,24.62,89374.72,"","","",""
B6,331,4/28/2024 11:55,24.84,90603.52,"","","",""
B6,332,4/28/2024 12:00,24.92,91013.12,"","","",""
B6,333,4/28/2024 12:05,23.16,90726.4,"","","",""
B6,334,4/28/2024 12:10,22.82,90767.36,"","","",""
B6,335,4/28/2024 12:15,22.48,91545.6,"","","",""
B6,336,4/28/2024 12:20,22.39,91463.68,"","","",""
B6,337,4/28/2024 12:25,21.96,92160,"","","",""
B6,338,4/28/2024 12:30,21.7,92733.44,"","","",""
B6,339,4/28/2024 12:35,21.49,92856.32,"","","",""
B6,340,4/28/2024 12:40,21.32,93102.08,"","","",""
B6,341,4/28/2024 12:45,21.53,92733.44,"","","",""
B6,342,4/28/2024 12:50,21.49,93265.92,"","","",""
B6,343,4/28/2024 12:55,21.19,94167.04,"","","",""
B6,344,4/28/2024 13:00,21.32,93552.64,"","","",""
B6,345,4/28/2024 13:05,21.19,93634.56,"","","",""
B6,346,4/28/2024 13:10,21.19,93757.44,"","","",""
B6,347,4/28/2024 13:15,21.1,92651.52,"","","",""
B6,348,4/28/2024 13:20,21.1,77312,"","","",""
B6,349,4/28/2024 13:25,21.32,93184,"","","",""
B6,350,4/28/2024 13:30,21.28,92774.4,"","","",""
B6,351,4/28/2024 13:35,21.36,92610.56,"","","",""
B6,352,4/28/2024 13:40,21.58,90193.92,"","","",""
B6,353,4/28/2024 13:45,21.36,92487.68,"","","",""
B6,354,4/28/2024 13:50,21.49,92037.12,"","","",""
B6,355,4/28/2024 13:55,21.36,77230.08,"","","",""
B6,356,4/28/2024 14:00,21.49,91504.64,"","","",""
B6,357,4/28/2024 14:05,21.75,90726.4,"","","",""
B6,358,4/28/2024 14:10,21.45,90808.32,"","","",""
B6,359,4/28/2024 14:15,21.49,89661.44,"","","",""
B6,360,4/28/2024 14:20,21.7,89538.56,"","","",""
B6,361,4/28/2024 14:25,21.32,86917.12,"","","",""
B6,362,4/28/2024 14:30,21.75,69918.72,"","","",""
B6,363,4/28/2024 14:35,22.01,88719.36,"","","",""
B6,364,4/28/2024 14:40,21.92,87777.28,"","","",""
B6,365,4/28/2024 14:45,21.79,77045.76,"","","",""
B6,366,4/28/2024 14:50,22.48,86917.12,"","","",""
B6,367,4/28/2024 14:55,22.61,86712.32,"","","",""
B6,368,4/28/2024 15:00,22.65,84377.6,"","","",""
B6,369,4/28/2024 15:05,22.52,85196.8,"","","",""
B6,370,4/28/2024 15:10,22.73,49909.76,"","","",""
B6,371,4/28/2024 15:15,22.91,62853.12,"","","",""
B6,372,4/28/2024 15:20,22.86,83087.36,"","","",""
B6,373,4/28/2024 15:25,22.73,58040.32,"","","",""
B6,374,4/28/2024 15:30,23.16,80916.48,"","","",""
B6,375,4/28/2024 15:35,22.65,64143.36,"","","",""
B6,376,4/28/2024 15:40,22.82,79912.96,"","","",""
B6,377,4/28/2024 15:45,22.86,78745.6,"","","",""
B6,378,4/28/2024 15:50,22.56,78049.28,"","","",""
B6,379,4/28/2024 15:55,23.29,77598.72,"","","",""
B6,380,4/28/2024 16:00,23.12,70205.44,"","","",""
B6,381,4/28/2024 16:05,23.25,73297.92,"","","",""
B6,382,4/28/2024 16:10,23.25,72048.64,"","","",""
B6,383,4/28/2024 16:15,22.95,71761.92,"","","",""
B6,384,4/28/2024 16:20,22.65,72560.64,"","","",""
B6,385,4/28/2024 16:25,22.99,69017.6,"","","",""
B6,386,4/28/2024 16:30,23.21,72273.92,"","","",""
B6,387,4/28/2024 16:35,23.08,73379.84,"","","",""
B6,388,4/28/2024 16:40,22.78,75571.2,"","","",""
B6,389,4/28/2024 16:45,22.82,72417.28,"","","",""
B6,390,4/28/2024 16:50,22.78,72335.36,"","","",""
B6,391,4/28/2024 16:55,22.52,70144,"","","",""
B6,392,4/28/2024 17:00,22.91,46284.8,"","","",""
B6,393,4/28/2024 17:05,22.56,67706.88,"","","",""
B6,394,4/28/2024 17:10,22.82,70881.28,"","","",""
B6,395,4/28/2024 17:15,22.61,66867.2,"","","",""
B6,396,4/28/2024 17:20,22.52,63651.84,"","","",""
B6,397,4/28/2024 17:25,22.09,58880,"","","",""
B6,398,4/28/2024 17:30,21.53,23859.2,"","","",""
B6,399,4/28/2024 17:35,21.7,54927.36,"","","",""
B6,400,4/28/2024 17:40,21.88,50278.4,"","","",""
B6,401,4/28/2024 17:45,21.7,47452.16,"","","",""
B6,402,4/28/2024 17:50,21.23,45608.96,"","","",""
B6,403,4/28/2024 17:55,18.19,8995.84,"","","",""
B6,404,4/28/2024 18:00,17.33,8307.2,"","","",""
B6,405,4/28/2024 18:05,17.16,4491.52,"","","",""
B6,406,4/28/2024 18:10,17.11,4217.6,"","","",""
B6,407,4/28/2024 18:15,17.16,7342.08,"","","",""
B6,408,4/28/2024 18:20,16.99,3947.52,"","","",""
B6,409,4/28/2024 18:25,16.99,4037.12,"","","",""
B6,410,4/28/2024 18:30,16.99,4838.4,"","","",""
B6,411,4/28/2024 18:35,16.9,4966.4,"","","",""
B6,412,4/28/2024 18:40,16.9,5685.76,"","","",""
B6,413,4/28/2024 18:45,16.77,4075.52,"","","",""
B6,414,4/28/2024 18:50,16.77,4874.24,"","","",""
B6,415,4/28/2024 18:55,16.73,2999.04,"","","",""
B6,416,4/28/2024 19:00,16.73,2330.88,"","","",""
B6,417,4/28/2024 19:05,16.69,2464,"","","",""
B6,418,4/28/2024 19:10,16.6,2518.4,"","","",""
B6,419,4/28/2024 19:15,16.64,1933.44,"","","",""
B6,420,4/28/2024 19:20,16.56,1456,"","","",""
B6,421,4/28/2024 19:25,16.51,763.84,"","","",""
B6,422,4/28/2024 19:30,16.47,487.68,"","","",""
B6,423,4/28/2024 19:35,16.47,288.88,"","","",""
B6,424,4/28/2024 19:40,16.43,163.08,"","","",""
B6,425,4/28/2024 19:45,16.39,69.56,"","","",""
B6,426,4/28/2024 19:50,16.39,42.34,"","","",""
B6,427,4/28/2024 19:55,16.34,8.42,"","","",""
B6,428,4/28/2024 20:00,16.3,2.43,"","","",""
B6,429,4/28/2024 20:05,16.3,0.66,"","","",""
B6,430,4/28/2024 20:10,16.3,0,"","","",""
B6,431,4/28/2024 20:15,16.26,0,"","","",""
B6,432,4/28/2024 20:20,16.26,0,"","","",""
B6,433,4/28/2024 20:25,16.21,0,"","","",""
B6,434,4/28/2024 20:30,16.21,0,"","","",""
B6,435,4/28/2024 20:35,16.17,0,"","","",""
B6,436,4/28/2024 20:40,16.17,0,"","","",""
B6,437,4/28/2024 20:45,16.13,0,"","","",""
B6,438,4/28/2024 20:50,16.08,0,"","","",""
B6,439,4/28/2024 20:55,16.08,0,"","","",""
B6,440,4/28/2024 21:00,16.08,0,"","","",""
B6,441,4/28/2024 21:05,16.08,0,"","","",""
B6,442,4/28/2024 21:10,16.04,0.22,"","","",""
B6,443,4/28/2024 21:15,16,0,"","","",""
B6,444,4/28/2024 21:20,15.96,0,"","","",""
B6,445,4/28/2024 21:25,15.91,0,"","","",""
B6,446,4/28/2024 21:30,15.87,0,"","","",""
B6,447,4/28/2024 21:35,15.78,0,"","","",""
B6,448,4/28/2024 21:40,15.74,0,"","","",""
B6,449,4/28/2024 21:45,15.66,0,"","","",""
B6,450,4/28/2024 21:50,15.7,0,"","","",""
B6,451,4/28/2024 21:55,15.7,0,"","","",""
B6,452,4/28/2024 22:00,15.61,0,"","","",""
B6,453,4/28/2024 22:05,15.44,0,"","","",""
B6,454,4/28/2024 22:10,15.53,0,"","","",""
B6,455,4/28/2024 22:15,15.61,0,"","","",""
B6,456,4/28/2024 22:20,15.53,0,"","","",""
B6,457,4/28/2024 22:25,15.44,0,"","","",""
B6,458,4/28/2024 22:30,15.4,0,"","","",""
B6,459,4/28/2024 22:35,15.18,0,"","","",""
B6,460,4/28/2024 22:40,15.27,0,"","","",""
B6,461,4/28/2024 22:45,15.27,0,"","","",""
B6,462,4/28/2024 22:50,15.23,0,"","","",""
B6,463,4/28/2024 22:55,15.18,0,"","","",""
B6,464,4/28/2024 23:00,15.06,0,"","","",""
B6,465,4/28/2024 23:05,14.93,0,"","","",""
B6,466,4/28/2024 23:10,15.1,0,"","","",""
B6,467,4/28/2024 23:15,15.14,0,"","","",""
B6,468,4/28/2024 23:20,15.1,0,"","","",""
B6,469,4/28/2024 23:25,14.93,0,"","","",""
B6,470,4/28/2024 23:30,14.8,0,"","","",""
B6,471,4/28/2024 23:35,14.63,0,"","","",""
B6,472,4/28/2024 23:40,14.71,0,"","","",""
B6,473,4/28/2024 23:45,14.8,0,"","","",""
B6,474,4/28/2024 23:50,14.67,0,"","","",""
B6,475,4/28/2024 23:55,14.75,0,"","","",""
B6,476,4/29/2024 0:00,14.5,0,"","","",""
B6,477,4/29/2024 0:05,14.67,0,"","","",""
B6,478,4/29/2024 0:10,14.45,0,"","","",""
B6,479,4/29/2024 0:15,14.5,0,"","","",""
B6,480,4/29/2024 0:20,14.41,0.22,"","","",""
B6,481,4/29/2024 0:25,14.63,0,"","","",""
B6,482,4/29/2024 0:30,14.5,0,"","","",""
B6,483,4/29/2024 0:35,14.28,0,"","","",""
B6,484,4/29/2024 0:40,14.63,0,"","","",""
B6,485,4/29/2024 0:45,14.67,0,"","","",""
B6,486,4/29/2024 0:50,14.24,0,"","","",""
B6,487,4/29/2024 0:55,14.33,0,"","","",""
B6,488,4/29/2024 1:00,14.33,0,"","","",""
B6,489,4/29/2024 1:05,14.37,0,"","","",""
B6,490,4/29/2024 1:10,14.45,0,"","","",""
B6,491,4/29/2024 1:15,14.33,0,"","","",""
B6,492,4/29/2024 1:20,14.24,0,"","","",""
B6,493,4/29/2024 1:25,14.28,0,"","","",""
B6,494,4/29/2024 1:30,14.24,0,"","","",""
B6,495,4/29/2024 1:35,14.33,0,"","","",""
B6,496,4/29/2024 1:40,14.11,0,"","","",""
B6,497,4/29/2024 1:45,14.24,0,"","","",""
B6,498,4/29/2024 1:50,14.11,0,"","","",""
B6,499,4/29/2024 1:55,14.2,0,"","","",""
B6,500,4/29/2024 2:00,14.07,0,"","","",""
B6,501,4/29/2024 2:05,14.07,0,"","","",""
B6,502,4/29/2024 2:10,13.94,0,"","","",""
B6,503,4/29/2024 2:15,14.03,0,"","","",""
B6,504,4/29/2024 2:20,14.11,0,"","","",""
B6,505,4/29/2024 2:25,13.94,0,"","","",""
B6,506,4/29/2024 2:30,14.11,0,"","","",""
B6,507,4/29/2024 2:35,13.94,0,"","","",""
B6,508,4/29/2024 2:40,14.03,0,"","","",""
B6,509,4/29/2024 2:45,14.07,0,"","","",""
B6,510,4/29/2024 2:50,14.2,0,"","","",""
B6,511,4/29/2024 2:55,14.37,0,"","","",""
B6,512,4/29/2024 3:00,14.2,0,"","","",""
B6,513,4/29/2024 3:05,14.33,0,"","","",""
B6,514,4/29/2024 3:10,14.15,0,"","","",""
B6,515,4/29/2024 3:15,14.11,0.22,"","","",""
B6,516,4/29/2024 3:20,14.07,0,"","","",""
B6,517,4/29/2024 3:25,14.07,0,"","","",""
B6,518,4/29/2024 3:30,14.28,0,"","","",""
B6,519,4/29/2024 3:35,14.24,0,"","","",""
B6,520,4/29/2024 3:40,14.28,0,"","","",""
B6,521,4/29/2024 3:45,14.28,0,"","","",""
B6,522,4/29/2024 3:50,14.2,0,"","","",""
B6,523,4/29/2024 3:55,14.15,0,"","","",""
B6,524,4/29/2024 4:00,14.11,0,"","","",""
B6,525,4/29/2024 4:05,14.07,0,"","","",""
B6,526,4/29/2024 4:10,14.03,0,"","","",""
B6,527,4/29/2024 4:15,14.03,0,"","","",""
B6,528,4/29/2024 4:20,13.98,0,"","","",""
B6,529,4/29/2024 4:25,13.94,0,"","","",""
B6,530,4/29/2024 4:30,13.73,0,"","","",""
B6,531,4/29/2024 4:35,13.64,0,"","","",""
B6,532,4/29/2024 4:40,13.68,0,"","","",""
B6,533,4/29/2024 4:45,13.43,0,"","","",""
B6,534,4/29/2024 4:50,13.43,0,"","","",""
B6,535,4/29/2024 4:55,13.17,0,"","","",""
B6,536,4/29/2024 5:00,13.04,0,"","","",""
B6,537,4/29/2024 5:05,13.04,0,"","","",""
B6,538,4/29/2024 5:10,12.95,0,"","","",""
B6,539,4/29/2024 5:15,13.08,0,"","","",""
B6,540,4/29/2024 5:20,13.34,0,"","","",""
B6,541,4/29/2024 5:25,13.17,0,"","","",""
B6,542,4/29/2024 5:30,13.12,0.22,"","","",""
B6,543,4/29/2024 5:35,13.17,0.88,"","","",""
B6,544,4/29/2024 5:40,13.17,2.66,"","","",""
B6,545,4/29/2024 5:45,13.3,7.31,"","","",""
B6,546,4/29/2024 5:50,13.34,23.56,"","","",""
B6,547,4/29/2024 5:55,13.38,60.64,"","","",""
B6,548,4/29/2024 6:00,13.43,131.16,"","","",""
B6,549,4/29/2024 6:05,13.47,265.84,"","","",""
B6,550,4/29/2024 6:10,13.47,482.4,"","","",""
B6,551,4/29/2024 6:15,13.51,760,"","","",""
B6,552,4/29/2024 6:20,13.55,1066.88,"","","",""
B6,553,4/29/2024 6:25,13.6,1418.24,"","","",""
B6,554,4/29/2024 6:30,13.73,1942.4,"","","",""
B6,555,4/29/2024 6:35,13.85,2232.96,"","","",""
B6,556,4/29/2024 6:40,13.9,2813.44,"","","",""
B6,557,4/29/2024 6:45,14.11,3435.52,"","","",""
B6,558,4/29/2024 6:50,14.2,3813.12,"","","",""
B6,559,4/29/2024 6:55,14.37,4065.28,"","","",""
B6,560,4/29/2024 7:00,14.67,5447.68,"","","",""
B6,561,4/29/2024 7:05,14.67,5068.8,"","","",""
B6,562,4/29/2024 7:10,14.97,7521.28,"","","",""
B6,563,4/29/2024 7:15,15.53,10004.48,"","","",""
B6,564,4/29/2024 7:20,15.91,9953.28,"","","",""
B6,565,4/29/2024 7:25,16,9989.12,"","","",""
B6,566,4/29/2024 7:30,16.17,9039.36,"","","",""
B6,567,4/29/2024 7:35,16.26,10181.12,"","","",""
B6,568,4/29/2024 7:40,16.6,12221.44,"","","",""
B6,569,4/29/2024 7:45,16.81,13608.96,"","","",""
B6,570,4/29/2024 7:50,16.99,14382.08,"","","",""
B6,571,4/29/2024 7:55,17.16,14233.6,"","","",""
B6,572,4/29/2024 8:00,17.24,13388.8,"","","",""
B6,573,4/29/2024 8:05,17.37,13813.76,"","","",""
B6,574,4/29/2024 8:10,18.02,23050.24,"","","",""
B6,575,4/29/2024 8:15,18.27,16071.68,"","","",""
B6,576,4/29/2024 8:20,18.87,23500.8,"","","",""
B6,577,4/29/2024 8:25,19.22,16312.32,"","","",""
B6,578,4/29/2024 8:30,19.3,21411.84,"","","",""
B6,579,4/29/2024 8:35,20.33,26767.36,"","","",""
B6,580,4/29/2024 8:40,21.79,29347.84,"","","",""
B6,581,4/29/2024 8:45,23.29,33218.56,"","","",""
B6,582,4/29/2024 8:50,24.71,40314.88,"","","",""
B6,583,4/29/2024 8:55,27.07,50155.52,"","","",""
B6,584,4/29/2024 9:00,28.91,40550.4,"","","",""
B6,585,4/29/2024 9:05,28.05,46469.12,"","","",""
B6,586,4/29/2024 9:10,27.45,44318.72,"","","",""
B6,587,4/29/2024 9:15,27.54,35696.64,"","","",""
B6,588,4/29/2024 9:20,27.02,47083.52,"","","",""
B6,589,4/29/2024 9:25,26.38,39116.8,"","","",""
B6,590,4/29/2024 9:30,26.47,46264.32,"","","",""
B6,591,4/29/2024 9:35,28.31,43069.44,"","","",""
B6,592,4/29/2024 9:40,29.04,47144.96,"","","",""
B6,593,4/29/2024 9:45,27.5,46530.56,"","","",""
B6,594,4/29/2024 9:50,27.8,49172.48,"","","",""
B6,595,4/29/2024 9:55,27.75,45813.76,"","","",""
B6,596,4/29/2024 10:00,27.71,48803.84,"","","",""
B6,597,4/29/2024 10:05,27.54,54784,"","","",""
B6,598,4/29/2024 10:10,28.18,54517.76,"","","",""
B6,599,4/29/2024 10:15,28.01,53411.84,"","","",""
B6,600,4/29/2024 10:20,29.13,83558.4,"","","",""
B6,601,4/29/2024 10:25,30.07,52080.64,"","","",""
B6,602,4/29/2024 10:30,28.7,55214.08,"","","",""
B6,603,4/29/2024 10:35,27.54,48517.12,"","","",""
B6,604,4/29/2024 10:40,26.42,50421.76,"","","",""
B6,605,4/29/2024 10:45,26.47,52797.44,"","","",""
B6,606,4/29/2024 10:50,27.58,51855.36,"","","",""
B6,607,4/29/2024 10:55,27.41,62382.08,"","","",""
B6,608,4/29/2024 11:00,26.55,42741.76,"","","",""
B6,609,4/29/2024 11:05,25.48,56893.44,"","","",""
B6,610,4/29/2024 11:10,26.81,79687.68,"","","",""
B6,611,4/29/2024 11:15,28.44,79216.64,"","","",""
B6,612,4/29/2024 11:20,28.4,100638.72,"","","",""
B6,613,4/29/2024 11:25,29.08,106373.12,"","","",""
B6,614,4/29/2024 11:30,29.6,95928.32,"","","",""
B6,615,4/29/2024 11:35,29.77,97239.04,"","","",""
B6,616,4/29/2024 11:40,29.08,92200.96,"","","",""
B6,617,4/29/2024 11:45,28.61,93634.56,"","","",""
B6,618,4/29/2024 11:50,27.93,100474.88,"","","",""
B6,619,4/29/2024 11:55,27.75,94003.2,"","","",""
B6,620,4/29/2024 12:00,27.88,94617.6,"","","",""
B6,621,4/29/2024 12:05,27.37,76615.68,"","","",""
B6,622,4/29/2024 12:10,27.32,82534.4,"","","",""
B6,623,4/29/2024 12:15,27.37,81940.48,"","","",""
B6,624,4/29/2024 12:20,26.17,92692.48,"","","",""
B6,625,4/29/2024 12:25,25.91,89866.24,"","","",""
B6,626,4/29/2024 12:30,25.35,83927.04,"","","",""
B6,627,4/29/2024 12:35,24.62,74485.76,"","","",""
B6,628,4/29/2024 12:40,24.84,98263.04,"","","",""
B6,629,4/29/2024 12:45,24.02,89702.4,"","","",""
B6,630,4/29/2024 12:50,24.06,92405.76,"","","",""
B6,631,4/29/2024 12:55,23.68,107315.2,"","","",""
B6,632,4/29/2024 13:00,22.91,73359.36,"","","",""
B6,633,4/29/2024 13:05,22.61,86016,"","","",""
B6,634,4/29/2024 13:10,22.22,72048.64,"","","",""
B6,635,4/29/2024 13:15,22.09,71720.96,"","","",""
B6,636,4/29/2024 13:20,22.01,72990.72,"","","",""
B6,637,4/29/2024 13:25,21.92,87736.32,"","","",""
B6,638,4/29/2024 13:30,21.75,85934.08,"","","",""
B6,639,4/29/2024 13:35,21.79,70000.64,"","","",""
B6,640,4/29/2024 13:40,21.83,87040,"","","",""
B6,641,4/29/2024 13:45,21.53,68956.16,"","","",""
B6,642,4/29/2024 13:50,22.13,85565.44,"","","",""
B6,643,4/29/2024 13:55,22.05,78274.56,"","","",""
B6,644,4/29/2024 14:00,22.01,77189.12,"","","",""
B6,645,4/29/2024 14:05,21.96,84213.76,"","","",""
B6,646,4/29/2024 14:10,22.69,78336,"","","",""
B6,647,4/29/2024 14:15,21.66,52203.52,"","","",""
B6,648,4/29/2024 14:20,22.22,87572.48,"","","",""
B6,649,4/29/2024 14:25,22.18,90316.8,"","","",""
B6,650,4/29/2024 14:30,22.26,88965.12,"","","",""
B6,651,4/29/2024 14:35,22.35,88760.32,"","","",""
B6,652,4/29/2024 14:40,22.26,86876.16,"","","",""
B6,653,4/29/2024 14:45,22.05,84746.24,"","","",""
B6,654,4/29/2024 14:50,21.88,72826.88,"","","",""
B6,655,4/29/2024 14:55,21.92,86138.88,"","","",""
B6,656,4/29/2024 15:00,21.45,65638.4,"","","",""
B6,657,4/29/2024 15:05,22.13,74731.52,"","","",""
B6,658,4/29/2024 15:10,21.92,84377.6,"","","",""
B6,659,4/29/2024 15:15,21.45,60579.84,"","","",""
B6,660,4/29/2024 15:20,21.79,53473.28,"","","",""
B6,661,4/29/2024 15:25,21.62,58941.44,"","","",""
B6,662,4/29/2024 15:30,21.62,81100.8,"","","",""
B6,663,4/29/2024 15:35,21.15,79667.2,"","","",""
B6,664,4/29/2024 15:40,21.62,79810.56,"","","",""
B6,665,4/29/2024 15:45,21.06,44216.32,"","","",""
B6,666,4/29/2024 15:50,21.79,65925.12,"","","",""
B6,667,4/29/2024 15:55,21.49,70348.8,"","","",""
B6,668,4/29/2024 16:00,21.75,53248,"","","",""
B6,669,4/29/2024 16:05,21.23,65904.64,"","","",""
B6,670,4/29/2024 16:10,21.49,73236.48,"","","",""
B6,671,4/29/2024 16:15,21.15,68628.48,"","","",""
B6,672,4/29/2024 16:20,21.45,33628.16,"","","",""
B6,673,4/29/2024 16:25,20.8,70922.24,"","","",""
B6,674,4/29/2024 16:30,20.72,68157.44,"","","",""
B6,675,4/29/2024 16:35,21.28,48414.72,"","","",""
B6,676,4/29/2024 16:40,21.1,74588.16,"","","",""
B6,677,4/29/2024 16:45,20.46,73011.2,"","","",""
B6,678,4/29/2024 16:50,20.16,57610.24,"","","",""
B6,679,4/29/2024 16:55,20.5,36433.92,"","","",""
B6,680,4/29/2024 17:00,19.99,38696.96,"","","",""
B6,681,4/29/2024 17:05,20.33,67031.04,"","","",""
B6,682,4/29/2024 17:10,20.16,74096.64,"","","",""
B6,683,4/29/2024 17:15,19.65,62320.64,"","","",""
B6,684,4/29/2024 17:20,19.69,30648.32,"","","",""
B6,685,4/29/2024 17:25,19.13,24606.72,"","","",""
B6,686,4/29/2024 17:30,19.99,27699.2,"","","",""
B6,687,4/29/2024 17:35,19.3,54517.76,"","","",""
B6,688,4/29/2024 17:40,18.96,57241.6,"","","",""
B6,689,4/29/2024 17:45,19.09,33576.96,"","","",""
B6,690,4/29/2024 17:50,18.66,17192.96,"","","",""
B6,691,4/29/2024 17:55,17.59,4537.6,"","","",""
B6,692,4/29/2024 18:00,17.24,3756.8,"","","",""
B6,693,4/29/2024 18:05,17.16,7895.04,"","","",""
B6,694,4/29/2024 18:10,17.16,4213.76,"","","",""
B6,695,4/29/2024 18:15,17.16,6156.8,"","","",""
B6,696,4/29/2024 18:20,17.11,3898.88,"","","",""
B6,697,4/29/2024 18:25,17.07,2745.6,"","","",""
B6,698,4/29/2024 18:30,17.07,3848.96,"","","",""
B6,699,4/29/2024 18:35,16.9,3923.2,"","","",""
B6,700,4/29/2024 18:40,16.94,3806.72,"","","",""
B6,701,4/29/2024 18:45,16.9,1576.96,"","","",""
B6,702,4/29/2024 18:50,16.77,2755.84,"","","",""
B6,703,4/29/2024 18:55,16.73,3664.64,"","","",""
B6,704,4/29/2024 19:00,16.69,3353.6,"","","",""
B6,705,4/29/2024 19:05,16.69,1995.52,"","","",""
B6,706,4/29/2024 19:10,16.69,1764.48,"","","",""
B6,707,4/29/2024 19:15,16.56,1544.96,"","","",""
B6,708,4/29/2024 19:20,16.56,928.64,"","","",""
B6,709,4/29/2024 19:25,16.47,784,"","","",""
B6,710,4/29/2024 19:30,16.47,519.68,"","","",""
B6,711,4/29/2024 19:35,16.39,316.64,"","","",""
B6,712,4/29/2024 19:40,16.3,159.52,"","","",""
B6,713,4/29/2024 19:45,16.26,66.4,"","","",""
B6,714,4/29/2024 19:50,16.26,11.97,"","","",""
B6,715,4/29/2024 19:55,16.21,8.42,"","","",""
B6,716,4/29/2024 20:00,16.13,1.99,"","","",""
B6,717,4/29/2024 20:05,16.08,0.44,"","","",""
B6,718,4/29/2024 20:10,16.04,0,"","","",""
B6,719,4/29/2024 20:15,15.96,0,"","","",""
B6,720,4/29/2024 20:20,16,0,"","","",""
B6,721,4/29/2024 20:25,15.96,0,"","","",""
B6,722,4/29/2024 20:30,15.91,0,"","","",""
B6,723,4/29/2024 20:35,15.87,0,"","","",""
B6,724,4/29/2024 20:40,15.87,0,"","","",""
B6,725,4/29/2024 20:45,15.83,0,"","","",""
B6,726,4/29/2024 20:50,15.78,0,"","","",""
B6,727,4/29/2024 20:55,15.74,0,"","","",""
B6,728,4/29/2024 21:00,15.7,0,"","","",""
B6,729,4/29/2024 21:05,15.7,0,"","","",""
B6,730,4/29/2024 21:10,15.7,0,"","","",""
B6,731,4/29/2024 21:15,15.61,0,"","","",""
B6,732,4/29/2024 21:20,15.61,0,"","","",""
B6,733,4/29/2024 21:25,15.66,0,"","","",""
B6,734,4/29/2024 21:30,15.57,0.22,"","","",""
B6,735,4/29/2024 21:35,15.57,0,"","","",""
B6,736,4/29/2024 21:40,15.53,0,"","","",""
B6,737,4/29/2024 21:45,15.53,0,"","","",""
B6,738,4/29/2024 21:50,15.53,0,"","","",""
B6,739,4/29/2024 21:55,15.48,0,"","","",""
B6,740,4/29/2024 22:00,15.53,0,"","","",""
B6,741,4/29/2024 22:05,15.48,0,"","","",""
B6,742,4/29/2024 22:10,15.44,0,"","","",""
B6,743,4/29/2024 22:15,15.4,0,"","","",""
B6,744,4/29/2024 22:20,15.44,0,"","","",""
B6,745,4/29/2024 22:25,15.4,0,"","","",""
B6,746,4/29/2024 22:30,15.36,0,"","","",""
B6,747,4/29/2024 22:35,15.36,0,"","","",""
B6,748,4/29/2024 22:40,15.31,0,"","","",""
B6,749,4/29/2024 22:45,15.36,0,"","","",""
B6,750,4/29/2024 22:50,15.27,0,"","","",""
B6,751,4/29/2024 22:55,15.27,0,"","","",""
B6,752,4/29/2024 23:00,15.27,0,"","","",""
B6,753,4/29/2024 23:05,15.31,0,"","","",""
B6,754,4/29/2024 23:10,15.18,0,"","","",""
B6,755,4/29/2024 23:15,15.23,0,"","","",""
B6,756,4/29/2024 23:20,15.18,0,"","","",""
B6,757,4/29/2024 23:25,15.18,0,"","","",""
B6,758,4/29/2024 23:30,15.14,0,"","","",""
B6,759,4/29/2024 23:35,15.14,0,"","","",""
B6,760,4/29/2024 23:40,15.14,0,"","","",""
B6,761,4/29/2024 23:45,15.14,0,"","","",""
B6,762,4/29/2024 23:50,15.14,0,"","","",""
B6,763,4/29/2024 23:55,15.06,0,"","","",""
B6,764,4/30/2024 0:00,15.06,0,"","","",""
B6,765,4/30/2024 0:05,15.06,0,"","","",""
B6,766,4/30/2024 0:10,15.06,0,"","","",""
B6,767,4/30/2024 0:15,15.06,0,"","","",""
B6,768,4/30/2024 0:20,15.01,0,"","","",""
B6,769,4/30/2024 0:25,15.06,0,"","","",""
B6,770,4/30/2024 0:30,15.01,0,"","","",""
B6,771,4/30/2024 0:35,14.97,0,"","","",""
B6,772,4/30/2024 0:40,15.01,0,"","","",""
B6,773,4/30/2024 0:45,15.01,0,"","","",""
B6,774,4/30/2024 0:50,15.01,0,"","","",""
B6,775,4/30/2024 0:55,14.97,0,"","","",""
B6,776,4/30/2024 1:00,14.97,0,"","","",""
B6,777,4/30/2024 1:05,14.97,0,"","","",""
B6,778,4/30/2024 1:10,15.01,0,"","","",""
B6,779,4/30/2024 1:15,14.93,0,"","","",""
B6,780,4/30/2024 1:20,14.97,0,"","","",""
B6,781,4/30/2024 1:25,14.93,0,"","","",""
B6,782,4/30/2024 1:30,14.93,0,"","","",""
B6,783,4/30/2024 1:35,14.88,0,"","","",""
B6,784,4/30/2024 1:40,14.93,0,"","","",""
B6,785,4/30/2024 1:45,14.88,0,"","","",""
B6,786,4/30/2024 1:50,14.88,0,"","","",""
B6,787,4/30/2024 1:55,14.8,0,"","","",""
B6,788,4/30/2024 2:00,14.88,0,"","","",""
B6,789,4/30/2024 2:05,14.8,0,"","","",""
B6,790,4/30/2024 2:10,14.8,0,"","","",""
B6,791,4/30/2024 2:15,14.8,0,"","","",""
B6,792,4/30/2024 2:20,14.8,0,"","","",""
B6,793,4/30/2024 2:25,14.84,0,"","","",""
B6,794,4/30/2024 2:30,14.8,0,"","","",""
B6,795,4/30/2024 2:35,14.71,0,"","","",""
B6,796,4/30/2024 2:40,14.71,0,"","","",""
B6,797,4/30/2024 2:45,14.67,0,"","","",""
B6,798,4/30/2024 2:50,14.75,0,"","","",""
B6,799,4/30/2024 2:55,14.75,0,"","","",""
B6,800,4/30/2024 3:00,14.67,0,"","","",""
B6,801,4/30/2024 3:05,14.71,0,"","","",""
B6,802,4/30/2024 3:10,14.67,0,"","","",""
B6,803,4/30/2024 3:15,14.63,0,"","","",""
B6,804,4/30/2024 3:20,14.63,0,"","","",""
B6,805,4/30/2024 3:25,14.63,0,"","","",""
B6,806,4/30/2024 3:30,14.58,0,"","","",""
B6,807,4/30/2024 3:35,14.63,0,"","","",""
B6,808,4/30/2024 3:40,14.54,0,"","","",""
B6,809,4/30/2024 3:45,14.58,0,"","","",""
B6,810,4/30/2024 3:50,14.5,0.22,"","","",""
B6,811,4/30/2024 3:55,14.5,0,"","","",""
B6,812,4/30/2024 4:00,14.5,0,"","","",""
B6,813,4/30/2024 4:05,14.5,0,"","","",""
B6,814,4/30/2024 4:10,14.45,0,"","","",""
B6,815,4/30/2024 4:15,14.45,0,"","","",""
B6,816,4/30/2024 4:20,14.41,0,"","","",""
B6,817,4/30/2024 4:25,14.45,0,"","","",""
B6,818,4/30/2024 4:30,14.45,0,"","","",""
B6,819,4/30/2024 4:35,14.45,0,"","","",""
B6,820,4/30/2024 4:40,14.45,0,"","","",""
B6,821,4/30/2024 4:45,14.41,0,"","","",""
B6,822,4/30/2024 4:50,14.41,0,"","","",""
B6,823,4/30/2024 4:55,14.37,0,"","","",""
B6,824,4/30/2024 5:00,14.37,0,"","","",""
B6,825,4/30/2024 5:05,14.37,0,"","","",""
B6,826,4/30/2024 5:10,14.33,0,"","","",""
B6,827,4/30/2024 5:15,14.33,0,"","","",""
B6,828,4/30/2024 5:20,14.33,0,"","","",""
B6,829,4/30/2024 5:25,14.33,0,"","","",""
B6,830,4/30/2024 5:30,14.33,0.22,"","","",""
B6,831,4/30/2024 5:35,14.33,0.88,"","","",""
B6,832,4/30/2024 5:40,14.28,3.32,"","","",""
B6,833,4/30/2024 5:45,14.24,9.31,"","","",""
B6,834,4/30/2024 5:50,14.24,24.89,"","","",""
B6,835,4/30/2024 5:55,14.24,72.22,"","","",""
B6,836,4/30/2024 6:00,14.2,164.96,"","","",""
B6,837,4/30/2024 6:05,14.2,326.56,"","","",""
B6,838,4/30/2024 6:10,14.15,541.44,"","","",""
B6,839,4/30/2024 6:15,14.2,711.68,"","","",""
B6,840,4/30/2024 6:20,14.24,990.72,"","","",""
B6,841,4/30/2024 6:25,14.28,1296.64,"","","",""
B6,842,4/30/2024 6:30,14.33,1541.12,"","","",""
B6,843,4/30/2024 6:35,14.5,2648.32,"","","",""
B6,844,4/30/2024 6:40,14.41,2908.16,"","","",""
B6,845,4/30/2024 6:45,14.5,3092.48,"","","",""
B6,846,4/30/2024 6:50,14.54,3586.56,"","","",""
B6,847,4/30/2024 6:55,14.84,5383.68,"","","",""
B6,848,4/30/2024 7:00,15.01,6520.32,"","","",""
B6,849,4/30/2024 7:05,15.1,7001.6,"","","",""
B6,850,4/30/2024 7:10,15.48,9244.16,"","","",""
B6,851,4/30/2024 7:15,16.21,11054.08,"","","",""
B6,852,4/30/2024 7:20,17.2,12497.92,"","","",""
B6,853,4/30/2024 7:25,16.56,13004.8,"","","",""
B6,854,4/30/2024 7:30,17.16,13429.76,"","","",""
B6,855,4/30/2024 7:35,17.84,13399.04,"","","",""
B6,856,4/30/2024 7:40,17.72,16061.44,"","","",""
B6,857,4/30/2024 7:45,17.24,15452.16,"","","",""
B6,858,4/30/2024 7:50,18.02,18027.52,"","","",""
B6,859,4/30/2024 7:55,18.19,17326.08,"","","",""
B6,860,4/30/2024 8:00,18.19,16650.24,"","","",""
B6,861,4/30/2024 8:05,18.66,20044.8,"","","",""
B6,862,4/30/2024 8:10,19.26,20874.24,"","","",""
B6,863,4/30/2024 8:15,20.12,23848.96,"","","",""
B6,864,4/30/2024 8:20,22.05,29440,"","","",""
B6,865,4/30/2024 8:25,22.73,33914.88,"","","",""
B6,866,4/30/2024 8:30,24.62,41922.56,"","","",""
B6,867,4/30/2024 8:35,24.11,27596.8,"","","",""
B6,868,4/30/2024 8:40,24.75,32051.2,"","","",""
B6,869,4/30/2024 8:45,24.71,34191.36,"","","",""
B6,870,4/30/2024 8:50,25.99,44072.96,"","","",""
B6,871,4/30/2024 8:55,26.85,60805.12,"","","",""
B6,872,4/30/2024 9:00,29.3,39075.84,"","","",""
B6,873,4/30/2024 9:05,28.48,34734.08,"","","",""
B6,874,4/30/2024 9:10,29.26,35799.04,"","","",""
B6,875,4/30/2024 9:15,29.17,43704.32,"","","",""
B6,876,4/30/2024 9:20,29.68,41605.12,"","","",""
B6,877,4/30/2024 9:25,29.77,37038.08,"","","",""
B6,878,4/30/2024 9:30,30.59,36136.96,"","","",""
B6,879,4/30/2024 9:35,31.06,52142.08,"","","",""
B6,880,4/30/2024 9:40,31.23,41687.04,"","","",""
B6,881,4/30/2024 9:45,32.13,52346.88,"","","",""
B6,882,4/30/2024 9:50,32.22,57937.92,"","","",""
B6,883,4/30/2024 9:55,31.31,43315.2,"","","",""
B6,884,4/30/2024 10:00,31.19,42352.64,"","","",""
B6,885,4/30/2024 10:05,33.12,80056.32,"","","",""
B6,886,4/30/2024 10:10,33.72,72970.24,"","","",""
B6,887,4/30/2024 10:15,33.59,50114.56,"","","",""
B6,888,4/30/2024 10:20,33.16,59453.44,"","","",""
B6,889,4/30/2024 10:25,36.33,84992,"","","",""
B6,890,4/30/2024 10:30,38.18,81592.32,"","","",""
B6,891,4/30/2024 10:35,38.09,75489.28,"","","",""
B6,892,4/30/2024 10:40,36.46,56893.44,"","","",""
B6,893,4/30/2024 10:45,35.9,100843.52,"","","",""
B6,894,4/30/2024 10:50,35.9,110264.32,"","","",""
B6,895,4/30/2024 10:55,35.26,70123.52,"","","",""
B6,896,4/30/2024 11:00,35.95,79093.76,"","","",""
B6,897,4/30/2024 11:05,36.33,66396.16,"","","",""
B6,898,4/30/2024 11:10,36.68,84623.36,"","","",""
B6,899,4/30/2024 11:15,37.62,85401.6,"","","",""
B6,900,4/30/2024 11:20,37.92,86138.88,"","","",""
B6,901,4/30/2024 11:25,36.29,83558.4,"","","",""
B6,902,4/30/2024 11:30,33.46,88145.92,"","","",""
B6,903,4/30/2024 11:35,36.38,89169.92,"","","",""
B6,904,4/30/2024 11:40,36.03,89989.12,"","","",""
B6,905,4/30/2024 11:45,36.03,90890.24,"","","",""
B6,906,4/30/2024 11:50,35.99,91299.84,"","","",""
B6,907,4/30/2024 11:55,35.9,92037.12,"","","",""
B6,908,4/30/2024 12:00,35.9,92733.44,"","","",""
B6,909,4/30/2024 12:05,35.86,93224.96,"","","",""
B6,910,4/30/2024 12:10,36.03,93757.44,"","","",""
B6,911,4/30/2024 12:15,36.03,94167.04,"","","",""
B6,912,4/30/2024 12:20,36.25,94617.6,"","","",""
B6,913,4/30/2024 12:25,35.95,94945.28,"","","",""
B6,914,4/30/2024 12:30,35.52,95354.88,"","","",""
B6,915,4/30/2024 12:35,35.39,95764.48,"","","",""
B6,916,4/30/2024 12:40,35.13,95928.32,"","","",""
B6,917,4/30/2024 12:45,34.7,96296.96,"","","",""
B6,918,4/30/2024 12:50,33.5,96378.88,"","","",""
B6,919,4/30/2024 12:55,33.55,96583.68,"","","",""
B6,920,4/30/2024 13:00,32.77,96665.6,"","","",""
B6,921,4/30/2024 13:05,32.64,96747.52,"","","",""
B6,922,4/30/2024 13:10,32.39,96829.44,"","","",""
B6,923,4/30/2024 13:15,31.66,96788.48,"","","",""
B6,924,4/30/2024 13:20,31.14,96788.48,"","","",""
B6,925,4/30/2024 13:25,27.45,93306.88,"","","",""
B6,926,4/30/2024 13:30,26.64,92938.24,"","","",""
B6,927,4/30/2024 13:35,25.31,92774.4,"","","",""
B6,928,4/30/2024 13:40,25.27,92405.76,"","","",""
B6,929,4/30/2024 13:45,24.66,92160,"","","",""
B6,930,4/30/2024 13:50,24.28,91996.16,"","","",""
B6,931,4/30/2024 13:55,23.81,91504.64,"","","",""
B6,932,4/30/2024 14:00,23.81,91381.76,"","","",""
B6,933,4/30/2024 14:05,23.81,90726.4,"","","",""
B6,934,4/30/2024 14:10,23.64,90562.56,"","","",""
B6,935,4/30/2024 14:15,23.12,72929.28,"","","",""
B6,936,4/30/2024 14:20,23.42,89169.92,"","","",""
B6,937,4/30/2024 14:25,23.81,89374.72,"","","",""
B6,938,4/30/2024 14:30,23.89,92160,"","","",""
B6,939,4/30/2024 14:35,23.85,88432.64,"","","",""
B6,940,4/30/2024 14:40,23.85,87326.72,"","","",""
B6,941,4/30/2024 14:45,23.68,87613.44,"","","",""
B6,942,4/30/2024 14:50,23.64,85975.04,"","","",""
B6,943,4/30/2024 14:55,23.81,86179.84,"","","",""
B6,944,4/30/2024 15:00,23.46,82186.24,"","","",""
B6,945,4/30/2024 15:05,23.29,50360.32,"","","",""
B6,946,4/30/2024 15:10,23.16,76656.64,"","","",""
B6,947,4/30/2024 15:15,22.65,84254.72,"","","",""
B6,948,4/30/2024 15:20,22.82,83189.76,"","","",""
B6,949,4/30/2024 15:25,22.09,46940.16,"","","",""
B6,950,4/30/2024 15:30,22.48,81612.8,"","","",""
B6,951,4/30/2024 15:35,21.96,58818.56,"","","",""
B6,952,4/30/2024 15:40,21.49,75141.12,"","","",""
B6,953,4/30/2024 15:45,21.36,62259.2,"","","",""
B6,954,4/30/2024 15:50,21.83,78807.04,"","","",""
B6,955,4/30/2024 15:55,21.36,33003.52,"","","",""
B6,956,4/30/2024 16:00,21.28,57077.76,"","","",""
B6,957,4/30/2024 16:05,20.93,74588.16,"","","",""
B6,958,4/30/2024 16:10,20.76,34631.68,"","","",""
B6,959,4/30/2024 16:15,20.63,65413.12,"","","",""
B6,960,4/30/2024 16:20,20.33,36761.6,"","","",""
B6,961,4/30/2024 16:25,20.07,40325.12,"","","",""
B6,962,4/30/2024 16:30,19.6,42967.04,"","","",""
B6,963,4/30/2024 16:35,20.12,51302.4,"","","",""
B6,964,4/30/2024 16:40,19.52,38103.04,"","","",""
B6,965,4/30/2024 16:45,19.56,37314.56,"","","",""
B6,966,4/30/2024 16:50,19.69,28241.92,"","","",""
B6,967,4/30/2024 16:55,19.56,35624.96,"","","",""
B6,968,4/30/2024 17:00,19.6,30935.04,"","","",""
B6,969,4/30/2024 17:05,19,36597.76,"","","",""
B6,970,4/30/2024 17:10,19.09,46223.36,"","","",""
B6,971,4/30/2024 17:15,18.87,36976.64,"","","",""
B6,972,4/30/2024 17:20,18.92,24770.56,"","","",""
B6,973,4/30/2024 17:25,19.05,22159.36,"","","",""
B6,974,4/30/2024 17:30,18.7,17438.72,"","","",""
B6,975,4/30/2024 17:35,18.83,23306.24,"","","",""
B6,976,4/30/2024 17:40,18.7,47083.52,"","","",""
B6,977,4/30/2024 17:45,18.62,29368.32,"","","",""
B6,978,4/30/2024 17:50,18.53,21278.72,"","","",""
B6,979,4/30/2024 17:55,17.84,4888.32,"","","",""
B6,980,4/30/2024 18:00,17.72,5501.44,"","","",""
B6,981,4/30/2024 18:05,17.54,6963.2,"","","",""
B6,982,4/30/2024 18:10,17.5,4675.84,"","","",""
B6,983,4/30/2024 18:15,17.5,8087.04,"","","",""
B6,984,4/30/2024 18:20,17.46,1313.92,"","","",""
B6,985,4/30/2024 18:25,17.37,4473.6,"","","",""
B6,986,4/30/2024 18:30,17.29,3820.8,"","","",""
B6,987,4/30/2024 18:35,17.11,3472.64,"","","",""
B6,988,4/30/2024 18:40,17.2,3500.8,"","","",""
B6,989,4/30/2024 18:45,17.11,3518.72,"","","",""
B6,990,4/30/2024 18:50,17.07,5058.56,"","","",""
B6,991,4/30/2024 18:55,17.11,2920.96,"","","",""
B6,992,4/30/2024 19:00,17.07,2328.96,"","","",""
B6,993,4/30/2024 19:05,17.03,2547.2,"","","",""
B6,994,4/30/2024 19:10,16.94,2112.64,"","","",""
B6,995,4/30/2024 19:15,16.99,1411.84,"","","",""
B6,996,4/30/2024 19:20,16.94,1090.88,"","","",""
B6,997,4/30/2024 19:25,16.86,965.76,"","","",""
B6,998,4/30/2024 19:30,16.81,604.8,"","","",""
B6,999,4/30/2024 19:35,16.73,313.04,"","","",""
B6,1000,4/30/2024 19:40,16.69,292.64,"","","",""
B6,1001,4/30/2024 19:45,16.64,95.44,"","","",""
B6,1002,4/30/2024 19:50,16.6,31.15,"","","",""
B6,1003,4/30/2024 19:55,16.56,12.44,"","","",""
B6,1004,4/30/2024 20:00,16.56,2.66,"","","",""
B6,1005,4/30/2024 20:05,16.47,0.88,"","","",""
B6,1006,4/30/2024 20:10,16.51,0.22,"","","",""
B6,1007,4/30/2024 20:15,16.47,0,"","","",""
B6,1008,4/30/2024 20:20,16.43,0,"","","",""
B6,1009,4/30/2024 20:25,16.39,0,"","","",""
B6,1010,4/30/2024 20:30,16.39,0,"","","",""
B6,1011,4/30/2024 20:35,16.34,0,"","","",""
B6,1012,4/30/2024 20:40,16.34,0,"","","",""
B6,1013,4/30/2024 20:45,16.3,0,"","","",""
B6,1014,4/30/2024 20:50,16.3,0,"","","",""
B6,1015,4/30/2024 20:55,16.21,0,"","","",""
B6,1016,4/30/2024 21:00,16.21,0,"","","",""
B6,1017,4/30/2024 21:05,16.21,0,"","","",""
B6,1018,4/30/2024 21:10,16.17,0,"","","",""
B6,1019,4/30/2024 21:15,16.17,0,"","","",""
B6,1020,4/30/2024 21:20,16.08,0,"","","",""
B6,1021,4/30/2024 21:25,16.13,0,"","","",""
B6,1022,4/30/2024 21:30,16.04,0,"","","",""
B6,1023,4/30/2024 21:35,16.13,0,"","","",""
B6,1024,4/30/2024 21:40,16.08,0,"","","",""
B6,1025,4/30/2024 21:45,16,0,"","","",""
B6,1026,4/30/2024 21:50,16,0,"","","",""
B6,1027,4/30/2024 21:55,15.96,0,"","","",""
B6,1028,4/30/2024 22:00,15.96,0,"","","",""
B6,1029,4/30/2024 22:05,15.96,0.22,"","","",""
B6,1030,4/30/2024 22:10,15.91,0,"","","",""
B6,1031,4/30/2024 22:15,15.91,0,"","","",""
B6,1032,4/30/2024 22:20,15.91,0,"","","",""
B6,1033,4/30/2024 22:25,15.83,0,"","","",""
B6,1034,4/30/2024 22:30,15.87,0,"","","",""
B6,1035,4/30/2024 22:35,15.87,0,"","","",""
B6,1036,4/30/2024 22:40,15.83,0,"","","",""
B6,1037,4/30/2024 22:45,15.78,0,"","","",""
B6,1038,4/30/2024 22:50,15.87,0,"","","",""
B6,1039,4/30/2024 22:55,15.83,0,"","","",""
B6,1040,4/30/2024 23:00,15.78,0,"","","",""
B6,1041,4/30/2024 23:05,15.78,0,"","","",""
B6,1042,4/30/2024 23:10,15.78,0,"","","",""
B6,1043,4/30/2024 23:15,15.78,0,"","","",""
B6,1044,4/30/2024 23:20,15.78,0,"","","",""
B6,1045,4/30/2024 23:25,15.7,0,"","","",""
B6,1046,4/30/2024 23:30,15.74,0,"","","",""
B6,1047,4/30/2024 23:35,15.7,0,"","","",""
B6,1048,4/30/2024 23:40,15.7,0,"","","",""
B6,1049,4/30/2024 23:45,15.7,0,"","","",""
B6,1050,4/30/2024 23:50,15.66,0,"","","",""
B6,1051,4/30/2024 23:55,15.7,0,"","","",""
B6,1052,5/1/2024 0:00,15.61,0,"","","",""
B6,1053,5/1/2024 0:05,15.66,0,"","","",""
B6,1054,5/1/2024 0:10,15.61,0,"","","",""
B6,1055,5/1/2024 0:15,15.66,0,"","","",""
B6,1056,5/1/2024 0:20,15.61,0,"","","",""
B6,1057,5/1/2024 0:25,15.61,0,"","","",""
B6,1058,5/1/2024 0:30,15.57,0,"","","",""
B6,1059,5/1/2024 0:35,15.61,0,"","","",""
B6,1060,5/1/2024 0:40,15.53,0,"","","",""
B6,1061,5/1/2024 0:45,15.57,0,"","","",""
B6,1062,5/1/2024 0:50,15.57,0,"","","",""
B6,1063,5/1/2024 0:55,15.61,0,"","","",""
B6,1064,5/1/2024 1:00,15.53,0,"","","",""
B6,1065,5/1/2024 1:05,15.53,0,"","","",""
B6,1066,5/1/2024 1:10,15.53,0,"","","",""
B6,1067,5/1/2024 1:15,15.48,0,"","","",""
B6,1068,5/1/2024 1:20,15.48,0,"","","",""
B6,1069,5/1/2024 1:25,15.44,0,"","","",""
B6,1070,5/1/2024 1:30,15.44,0,"","","",""
B6,1071,5/1/2024 1:35,15.44,0,"","","",""
B6,1072,5/1/2024 1:40,15.48,0,"","","",""
B6,1073,5/1/2024 1:45,15.44,0,"","","",""
B6,1074,5/1/2024 1:50,15.48,0,"","","",""
B6,1075,5/1/2024 1:55,15.44,0,"","","",""
B6,1076,5/1/2024 2:00,15.36,0,"","","",""
B6,1077,5/1/2024 2:05,15.4,0,"","","",""
B6,1078,5/1/2024 2:10,15.44,0,"","","",""
B6,1079,5/1/2024 2:15,15.4,0,"","","",""
B6,1080,5/1/2024 2:20,15.36,0,"","","",""
B6,1081,5/1/2024 2:25,15.31,0,"","","",""
B6,1082,5/1/2024 2:30,15.27,0,"","","",""
B6,1083,5/1/2024 2:35,15.31,0,"","","",""
B6,1084,5/1/2024 2:40,15.31,0,"","","",""
B6,1085,5/1/2024 2:45,15.27,0,"","","",""
B6,1086,5/1/2024 2:50,15.31,0,"","","",""
B6,1087,5/1/2024 2:55,15.27,0,"","","",""
B6,1088,5/1/2024 3:00,15.23,0,"","","",""
B6,1089,5/1/2024 3:05,15.27,0,"","","",""
B6,1090,5/1/2024 3:10,15.18,0,"","","",""
B6,1091,5/1/2024 3:15,15.1,0,"","","",""
B6,1092,5/1/2024 3:20,15.1,0,"","","",""
B6,1093,5/1/2024 3:25,15.1,0,"","","",""
B6,1094,5/1/2024 3:30,15.14,0,"","","",""
B6,1095,5/1/2024 3:35,15.14,0,"","","",""
B6,1096,5/1/2024 3:40,15.1,0,"","","",""
B6,1097,5/1/2024 3:45,15.14,0,"","","",""
B6,1098,5/1/2024 3:50,15.14,0,"","","",""
B6,1099,5/1/2024 3:55,15.06,0,"","","",""
B6,1100,5/1/2024 4:00,15.06,0,"","","",""
B6,1101,5/1/2024 4:05,15.06,0,"","","",""
B6,1102,5/1/2024 4:10,15.06,0.22,"","","",""
B6,1103,5/1/2024 4:15,15.01,0,"","","",""
B6,1104,5/1/2024 4:20,15.01,0,"","","",""
B6,1105,5/1/2024 4:25,15.01,0,"","","",""
B6,1106,5/1/2024 4:30,14.93,0,"","","",""
B6,1107,5/1/2024 4:35,14.93,0,"","","",""
B6,1108,5/1/2024 4:40,14.97,0,"","","",""
B6,1109,5/1/2024 4:45,14.97,0,"","","",""
B6,1110,5/1/2024 4:50,14.97,0,"","","",""
B6,1111,5/1/2024 4:55,14.97,0,"","","",""
B6,1112,5/1/2024 5:00,14.84,0,"","","",""
B6,1113,5/1/2024 5:05,14.93,0,"","","",""
B6,1114,5/1/2024 5:10,14.93,0,"","","",""
B6,1115,5/1/2024 5:15,14.88,0,"","","",""
B6,1116,5/1/2024 5:20,14.93,0,"","","",""
B6,1117,5/1/2024 5:25,14.93,0,"","","",""
B6,1118,5/1/2024 5:30,14.88,0.22,"","","",""
B6,1119,5/1/2024 5:35,14.97,1.1,"","","",""
B6,1120,5/1/2024 5:40,14.93,4.65,"","","",""
B6,1121,5/1/2024 5:45,14.93,10.2,"","","",""
B6,1122,5/1/2024 5:50,14.93,30.21,"","","",""
B6,1123,5/1/2024 5:55,14.88,119.48,"","","",""
B6,1124,5/1/2024 6:00,14.84,199.76,"","","",""
B6,1125,5/1/2024 6:05,14.84,102.44,"","","",""
B6,1126,5/1/2024 6:10,14.84,485.92,"","","",""
B6,1127,5/1/2024 6:15,14.88,902.72,"","","",""
B6,1128,5/1/2024 6:20,14.93,1035.84,"","","",""
B6,1129,5/1/2024 6:25,15.06,2098.56,"","","",""
B6,1130,5/1/2024 6:30,15.1,3873.28,"","","",""
B6,1131,5/1/2024 6:35,15.18,3715.84,"","","",""
B6,1132,5/1/2024 6:40,15.44,3107.84,"","","",""
B6,1133,5/1/2024 6:45,15.61,4079.36,"","","",""
B6,1134,5/1/2024 6:50,15.74,8791.04,"","","",""
B6,1135,5/1/2024 6:55,16,9876.48,"","","",""
B6,1136,5/1/2024 7:00,16.3,11386.88,"","","",""
B6,1137,5/1/2024 7:05,16.51,12774.4,"","","",""
B6,1138,5/1/2024 7:10,16.73,14218.24,"","","",""
B6,1139,5/1/2024 7:15,17.07,15667.2,"","","",""
B6,1140,5/1/2024 7:20,17.33,17018.88,"","","",""
B6,1141,5/1/2024 7:25,17.93,18795.52,"","","",""
B6,1142,5/1/2024 7:30,18.06,20239.36,"","","",""
B6,1143,5/1/2024 7:35,18.27,20029.44,"","","",""
B6,1144,5/1/2024 7:40,19.05,23326.72,"","","",""
B6,1145,5/1/2024 7:45,19.47,24606.72,"","","",""
B6,1146,5/1/2024 7:50,19.86,26327.04,"","","",""
B6,1147,5/1/2024 7:55,20.42,28231.68,"","","",""
B6,1148,5/1/2024 8:00,21.19,29368.32,"","","",""
B6,1149,5/1/2024 8:05,22.22,30791.68,"","","",""
B6,1150,5/1/2024 8:10,23.34,32552.96,"","","",""
B6,1151,5/1/2024 8:15,24.06,34037.76,"","","",""
B6,1152,5/1/2024 8:20,24.41,35696.64,"","","",""
B6,1153,5/1/2024 8:25,24.62,37345.28,"","","",""
B6,1154,5/1/2024 8:30,25.09,38563.84,"","","",""
B6,1155,5/1/2024 8:35,25.69,40345.6,"","","",""
B6,1156,5/1/2024 8:40,26.38,41564.16,"","","",""
B6,1157,5/1/2024 8:45,27.11,43520,"","","",""
B6,1158,5/1/2024 8:50,28.1,44748.8,"","","",""
B6,1159,5/1/2024 8:55,28.48,46202.88,"","","",""
B6,1160,5/1/2024 9:00,28.78,47882.24,"","","",""
B6,1161,5/1/2024 9:05,28.78,49336.32,"","","",""
B6,1162,5/1/2024 9:10,28.83,50933.76,"","","",""
B6,1163,5/1/2024 9:15,29.08,52449.28,"","","",""
B6,1164,5/1/2024 9:20,29.21,54210.56,"","","",""
B6,1165,5/1/2024 9:25,29.34,55685.12,"","","",""
B6,1166,5/1/2024 9:30,29.51,57466.88,"","","",""
B6,1167,5/1/2024 9:35,29.73,58654.72,"","","",""
B6,1168,5/1/2024 9:40,29.6,60211.2,"","","",""
B6,1169,5/1/2024 9:45,29.77,61808.64,"","","",""
B6,1170,5/1/2024 9:50,30.16,64020.48,"","","",""
B6,1171,5/1/2024 9:55,30.59,65351.68,"","","",""
B6,1172,5/1/2024 10:00,30.24,66498.56,"","","",""
B6,1173,5/1/2024 10:05,30.24,68423.68,"","","",""
B6,1174,5/1/2024 10:10,30.03,69550.08,"","","",""
B6,1175,5/1/2024 10:15,30.28,70983.68,"","","",""
B6,1176,5/1/2024 10:20,30.24,72028.16,"","","",""
B6,1177,5/1/2024 10:25,30.33,74035.2,"","","",""
B6,1178,5/1/2024 10:30,30.33,75284.48,"","","",""
B6,1179,5/1/2024 10:35,30.54,76144.64,"","","",""
B6,1180,5/1/2024 10:40,30.59,77639.68,"","","",""
B6,1181,5/1/2024 10:45,30.54,79155.2,"","","",""
B6,1182,5/1/2024 10:50,30.76,79626.24,"","","",""
B6,1183,5/1/2024 10:55,30.59,81510.4,"","","",""
B6,1184,5/1/2024 11:00,30.67,82554.88,"","","",""
B6,1185,5/1/2024 11:05,30.8,83353.6,"","","",""
B6,1186,5/1/2024 11:10,30.76,84787.2,"","","",""
B6,1187,5/1/2024 11:15,30.71,85401.6,"","","",""
B6,1188,5/1/2024 11:20,30.63,86261.76,"","","",""
B6,1189,5/1/2024 11:25,30.46,87531.52,"","","",""
B6,1190,5/1/2024 11:30,30.67,87982.08,"","","",""
B6,1191,5/1/2024 11:35,30.5,88760.32,"","","",""
B6,1192,5/1/2024 11:40,30.89,89661.44,"","","",""
B6,1193,5/1/2024 11:45,30.84,90152.96,"","","",""
B6,1194,5/1/2024 11:50,30.84,91463.68,"","","",""
B6,1195,5/1/2024 11:55,30.54,91668.48,"","","",""
B6,1196,5/1/2024 12:00,30.84,92119.04,"","","",""
B6,1197,5/1/2024 12:05,31.01,92979.2,"","","",""
B6,1198,5/1/2024 12:10,30.97,93265.92,"","","",""
B6,1199,5/1/2024 12:15,30.89,93880.32,"","","",""
B6,1200,5/1/2024 12:20,30.59,94576.64,"","","",""
B6,1201,5/1/2024 12:25,30.63,94371.84,"","","",""
B6,1202,5/1/2024 12:30,30.67,95109.12,"","","",""
B6,1203,5/1/2024 12:35,30.54,95559.68,"","","",""
B6,1204,5/1/2024 12:40,30.71,95641.6,"","","",""
B6,1205,5/1/2024 12:45,30.41,96296.96,"","","",""
B6,1206,5/1/2024 12:50,30.46,96092.16,"","","",""
B6,1207,5/1/2024 12:55,30.54,96378.88,"","","",""
B6,1208,5/1/2024 13:00,30.5,96337.92,"","","",""
B6,1209,5/1/2024 13:05,30.76,96296.96,"","","",""
B6,1210,5/1/2024 13:10,30.71,96583.68,"","","",""
B6,1211,5/1/2024 13:15,30.46,96133.12,"","","",""
B6,1212,5/1/2024 13:20,30.5,96378.88,"","","",""
B6,1213,5/1/2024 13:25,30.41,96010.24,"","","",""
B6,1214,5/1/2024 13:30,30.33,96010.24,"","","",""
B6,1215,5/1/2024 13:35,30.46,95682.56,"","","",""
B6,1216,5/1/2024 13:40,30.54,95354.88,"","","",""
B6,1217,5/1/2024 13:45,30.33,95191.04,"","","",""
B6,1218,5/1/2024 13:50,30.28,94740.48,"","","",""
B6,1219,5/1/2024 13:55,29.98,94535.68,"","","",""
B6,1220,5/1/2024 14:00,29.64,94208,"","","",""
B6,1221,5/1/2024 14:05,29.6,93716.48,"","","",""
B6,1222,5/1/2024 14:10,29.51,93102.08,"","","",""
B6,1223,5/1/2024 14:15,29.43,92651.52,"","","",""
B6,1224,5/1/2024 14:20,29.6,91873.28,"","","",""
B6,1225,5/1/2024 14:25,29.56,91299.84,"","","",""
B6,1226,5/1/2024 14:30,29.47,90562.56,"","","",""
B6,1227,5/1/2024 14:35,29.13,89989.12,"","","",""
B6,1228,5/1/2024 14:40,27.28,86425.6,"","","",""
B6,1229,5/1/2024 14:45,25.95,86220.8,"","","",""
B6,1230,5/1/2024 14:50,25.44,85483.52,"","","",""
B6,1231,5/1/2024 14:55,25.27,85032.96,"","","",""
B6,1232,5/1/2024 15:00,25.18,84746.24,"","","",""
B6,1233,5/1/2024 15:05,24.97,83660.8,"","","",""
B6,1234,5/1/2024 15:10,24.75,83230.72,"","","",""
B6,1235,5/1/2024 15:15,24.79,80199.68,"","","",""
B6,1236,5/1/2024 15:20,24.75,83005.44,"","","",""
B6,1237,5/1/2024 15:25,24.06,80855.04,"","","",""
B6,1238,5/1/2024 15:30,24.15,79831.04,"","","",""
B6,1239,5/1/2024 15:35,24.15,79400.96,"","","",""
B6,1240,5/1/2024 15:40,23.51,78295.04,"","","",""
B6,1241,5/1/2024 15:45,23.85,77496.32,"","","",""
B6,1242,5/1/2024 15:50,22.99,76369.92,"","","",""
B6,1243,5/1/2024 15:55,22.18,75612.16,"","","",""
B6,1244,5/1/2024 16:00,22.05,74035.2,"","","",""
B6,1245,5/1/2024 16:05,21.83,45281.28,"","","",""
B6,1246,5/1/2024 16:10,21.1,49561.6,"","","",""
B6,1247,5/1/2024 16:15,20.85,52838.4,"","","",""
B6,1248,5/1/2024 16:20,21.06,39004.16,"","","",""
B6,1249,5/1/2024 16:25,20.46,38184.96,"","","",""
B6,1250,5/1/2024 16:30,20.37,48250.88,"","","",""
B6,1251,5/1/2024 16:35,20.12,31723.52,"","","",""
B6,1252,5/1/2024 16:40,19.69,40683.52,"","","",""
B6,1253,5/1/2024 16:45,19.73,38952.96,"","","",""
B6,1254,5/1/2024 16:50,19.56,29849.6,"","","",""
B6,1255,5/1/2024 16:55,19.47,28907.52,"","","",""
B6,1256,5/1/2024 17:00,19.65,52162.56,"","","",""
B6,1257,5/1/2024 17:05,19.35,30156.8,"","","",""
B6,1258,5/1/2024 17:10,19.3,16409.6,"","","",""
B6,1259,5/1/2024 17:15,19.35,25866.24,"","","",""
B6,1260,5/1/2024 17:20,19.26,20633.6,"","","",""
B6,1261,5/1/2024 17:25,18.96,15216.64,"","","",""
B6,1262,5/1/2024 17:30,18.74,17285.12,"","","",""
B6,1263,5/1/2024 17:35,18.87,14566.4,"","","",""
B6,1264,5/1/2024 17:40,18.79,19404.8,"","","",""
B6,1265,5/1/2024 17:45,18.53,16727.04,"","","",""
B6,1266,5/1/2024 17:50,18.7,15892.48,"","","",""
B6,1267,5/1/2024 17:55,18.32,6566.4,"","","",""
B6,1268,5/1/2024 18:00,18.36,5995.52,"","","",""
B6,1269,5/1/2024 18:05,18.27,5509.12,"","","",""
B6,1270,5/1/2024 18:10,17.97,4097.28,"","","",""
B6,1271,5/1/2024 18:15,17.93,5724.16,"","","",""
B6,1272,5/1/2024 18:20,18.06,4263.68,"","","",""
B6,1273,5/1/2024 18:25,17.97,4838.4,"","","",""
B6,1274,5/1/2024 18:30,17.67,4149.76,"","","",""
B6,1275,5/1/2024 18:35,17.72,4672,"","","",""
B6,1276,5/1/2024 18:40,17.67,3756.8,"","","",""
B6,1277,5/1/2024 18:45,17.63,3146.24,"","","",""
B6,1278,5/1/2024 18:50,17.72,3187.2,"","","",""
B6,1279,5/1/2024 18:55,17.63,2270.08,"","","",""
B6,1280,5/1/2024 19:00,17.5,1640.32,"","","",""
B6,1281,5/1/2024 19:05,17.54,1786.24,"","","",""
B6,1282,5/1/2024 19:10,17.63,1365.76,"","","",""
B6,1283,5/1/2024 19:15,17.46,1384.32,"","","",""
B6,1284,5/1/2024 19:20,17.46,830.08,"","","",""
B6,1285,5/1/2024 19:25,17.41,792.64,"","","",""
B6,1286,5/1/2024 19:30,17.33,322.56,"","","",""
B6,1287,5/1/2024 19:35,17.33,321.92,"","","",""
B6,1288,5/1/2024 19:40,17.41,172,"","","",""
B6,1289,5/1/2024 19:45,17.33,78.38,"","","",""
B6,1290,5/1/2024 19:50,17.2,29.76,"","","",""
B6,1291,5/1/2024 19:55,17.24,10.2,"","","",""
B6,1292,5/1/2024 20:00,17.24,3.54,"","","",""
B6,1293,5/1/2024 20:05,17.11,0.66,"","","",""
B6,1294,5/1/2024 20:10,17.16,0,"","","",""
B6,1295,5/1/2024 20:15,17.16,0,"","","",""
B6,1296,5/1/2024 20:20,17.07,0,"","","",""
B6,1297,5/1/2024 20:25,17.03,0,"","","",""
B6,1298,5/1/2024 20:30,16.99,0,"","","",""
B6,1299,5/1/2024 20:35,17.03,0,"","","",""
B6,1300,5/1/2024 20:40,16.99,0,"","","",""
B6,1301,5/1/2024 20:45,17.03,0,"","","",""
B6,1302,5/1/2024 20:50,16.99,0,"","","",""
B6,1303,5/1/2024 20:55,16.9,0,"","","",""
B6,1304,5/1/2024 21:00,16.94,0,"","","",""
B6,1305,5/1/2024 21:05,16.9,0,"","","",""
B6,1306,5/1/2024 21:10,16.86,0,"","","",""
B6,1307,5/1/2024 21:15,16.86,0,"","","",""
B6,1308,5/1/2024 21:20,16.86,0,"","","",""
B6,1309,5/1/2024 21:25,16.77,0,"","","",""
B6,1310,5/1/2024 21:30,16.69,0,"","","",""
B6,1311,5/1/2024 21:35,16.73,0,"","","",""
B6,1312,5/1/2024 21:40,16.64,0,"","","",""
B6,1313,5/1/2024 21:45,16.64,0,"","","",""
B6,1314,5/1/2024 21:50,16.64,0,"","","",""
B6,1315,5/1/2024 21:55,16.64,0,"","","",""
B6,1316,5/1/2024 22:00,16.51,0,"","","",""
B6,1317,5/1/2024 22:05,16.56,0,"","","",""
B6,1318,5/1/2024 22:10,16.47,0,"","","",""
B6,1319,5/1/2024 22:15,16.47,0,"","","",""
B6,1320,5/1/2024 22:20,16.39,0,"","","",""
B6,1321,5/1/2024 22:25,16.43,0,"","","",""
B6,1322,5/1/2024 22:30,16.39,0,"","","",""
B6,1323,5/1/2024 22:35,16.34,0,"","","",""
B6,1324,5/1/2024 22:40,16.34,0,"","","",""
B6,1325,5/1/2024 22:45,16.34,0,"","","",""
B6,1326,5/1/2024 22:50,16.3,0,"","","",""
B6,1327,5/1/2024 22:55,16.3,0,"","","",""
B6,1328,5/1/2024 23:00,16.3,0,"","","",""
B6,1329,5/1/2024 23:05,16.3,0,"","","",""
B6,1330,5/1/2024 23:10,16.3,0,"","","",""
B6,1331,5/1/2024 23:15,16.3,0,"","","",""
B6,1332,5/1/2024 23:20,16.26,0,"","","",""
B6,1333,5/1/2024 23:25,16.3,0,"","","",""
B6,1334,5/1/2024 23:30,16.21,0,"","","",""
B6,1335,5/1/2024 23:35,16.17,0,"","","",""
B6,1336,5/1/2024 23:40,16.17,0,"","","",""
B6,1337,5/1/2024 23:45,16.17,0,"","","",""
B6,1338,5/1/2024 23:50,16.21,0,"","","",""
B6,1339,5/1/2024 23:55,16.21,0,"","","",""
B6,1340,5/2/2024 0:00,16.17,0,"","","",""
B6,1341,5/2/2024 0:05,16.17,0,"","","",""
B6,1342,5/2/2024 0:10,16.17,0,"","","",""
B6,1343,5/2/2024 0:15,16.17,0,"","","",""
B6,1344,5/2/2024 0:20,16.17,0,"","","",""
B6,1345,5/2/2024 0:25,16.17,0,"","","",""
B6,1346,5/2/2024 0:30,16.13,0,"","","",""
B6,1347,5/2/2024 0:35,16.08,0,"","","",""
B6,1348,5/2/2024 0:40,16.13,0,"","","",""
B6,1349,5/2/2024 0:45,16.13,0,"","","",""
B6,1350,5/2/2024 0:50,16.13,0,"","","",""
B6,1351,5/2/2024 0:55,16.08,0,"","","",""
B6,1352,5/2/2024 1:00,16.04,0,"","","",""
B6,1353,5/2/2024 1:05,16.04,0,"","","",""
B6,1354,5/2/2024 1:10,16.04,0,"","","",""
B6,1355,5/2/2024 1:15,16,0,"","","",""
B6,1356,5/2/2024 1:20,16.04,0.22,"","","",""
B6,1357,5/2/2024 1:25,16.04,0,"","","",""
B6,1358,5/2/2024 1:30,16.04,0,"","","",""
B6,1359,5/2/2024 1:35,16,0,"","","",""
B6,1360,5/2/2024 1:40,15.96,0,"","","",""
B6,1361,5/2/2024 1:45,15.91,0,"","","",""
B6,1362,5/2/2024 1:50,15.91,0,"","","",""
B6,1363,5/2/2024 1:55,15.91,0,"","","",""
B6,1364,5/2/2024 2:00,15.91,0,"","","",""
B6,1365,5/2/2024 2:05,15.91,0,"","","",""
B6,1366,5/2/2024 2:10,15.91,0,"","","",""
B6,1367,5/2/2024 2:15,15.83,0,"","","",""
B6,1368,5/2/2024 2:20,15.87,0,"","","",""
B6,1369,5/2/2024 2:25,15.83,0,"","","",""
B6,1370,5/2/2024 2:30,15.83,0,"","","",""
B6,1371,5/2/2024 2:35,15.83,0,"","","",""
B6,1372,5/2/2024 2:40,15.87,0,"","","",""
B6,1373,5/2/2024 2:45,15.83,0,"","","",""
B6,1374,5/2/2024 2:50,15.83,0,"","","",""
B6,1375,5/2/2024 2:55,15.83,0,"","","",""
B6,1376,5/2/2024 3:00,15.83,0,"","","",""
B6,1377,5/2/2024 3:05,15.83,0,"","","",""
B6,1378,5/2/2024 3:10,15.78,0,"","","",""
B6,1379,5/2/2024 3:15,15.83,0,"","","",""
B6,1380,5/2/2024 3:20,15.78,0,"","","",""
B6,1381,5/2/2024 3:25,15.74,0,"","","",""
B6,1382,5/2/2024 3:30,15.78,0,"","","",""
B6,1383,5/2/2024 3:35,15.78,0,"","","",""
B6,1384,5/2/2024 3:40,15.78,0,"","","",""
B6,1385,5/2/2024 3:45,15.74,0,"","","",""
B6,1386,5/2/2024 3:50,15.78,0,"","","",""
B6,1387,5/2/2024 3:55,15.74,0,"","","",""
B6,1388,5/2/2024 4:00,15.7,0,"","","",""
B6,1389,5/2/2024 4:05,15.74,0,"","","",""
B6,1390,5/2/2024 4:10,15.7,0,"","","",""
B6,1391,5/2/2024 4:15,15.7,0,"","","",""
B6,1392,5/2/2024 4:20,15.7,0,"","","",""
B6,1393,5/2/2024 4:25,15.66,0,"","","",""
B6,1394,5/2/2024 4:30,15.66,0.22,"","","",""
B6,1395,5/2/2024 4:35,15.66,0,"","","",""
B6,1396,5/2/2024 4:40,15.66,0,"","","",""
B6,1397,5/2/2024 4:45,15.66,0,"","","",""
B6,1398,5/2/2024 4:50,15.66,0,"","","",""
B6,1399,5/2/2024 4:55,15.61,0,"","","",""
B6,1400,5/2/2024 5:00,15.61,0,"","","",""
B6,1401,5/2/2024 5:05,15.66,0,"","","",""
B6,1402,5/2/2024 5:10,15.66,0,"","","",""
B6,1403,5/2/2024 5:15,15.57,0,"","","",""
B6,1404,5/2/2024 5:20,15.61,0,"","","",""
B6,1405,5/2/2024 5:25,15.61,0,"","","",""
B6,1406,5/2/2024 5:30,15.61,0,"","","",""
B6,1407,5/2/2024 5:35,15.61,0,"","","",""
B6,1408,5/2/2024 5:40,15.57,0.88,"","","",""
B6,1409,5/2/2024 5:45,15.53,1.77,"","","",""
B6,1410,5/2/2024 5:50,15.48,6.65,"","","",""
B6,1411,5/2/2024 5:55,15.57,17.57,"","","",""
B6,1412,5/2/2024 6:00,15.57,41.78,"","","",""
B6,1413,5/2/2024 6:05,15.53,62.74,"","","",""
B6,1414,5/2/2024 6:10,15.53,107.76,"","","",""
B6,1415,5/2/2024 6:15,15.53,106.84,"","","",""
B6,1416,5/2/2024 6:20,15.53,229.28,"","","",""
B6,1417,5/2/2024 6:25,15.53,232.56,"","","",""
B6,1418,5/2/2024 6:30,15.53,396,"","","",""
B6,1419,5/2/2024 6:35,15.53,468.16,"","","",""
B6,1420,5/2/2024 6:40,15.48,594.24,"","","",""
B6,1421,5/2/2024 6:45,15.48,732.16,"","","",""
B6,1422,5/2/2024 6:50,15.57,1137.92,"","","",""
B6,1423,5/2/2024 6:55,15.48,943.68,"","","",""
B6,1424,5/2/2024 7:00,15.48,1446.4,"","","",""
B6,1425,5/2/2024 7:05,15.48,1151.04,"","","",""
B6,1426,5/2/2024 7:10,15.53,1386.24,"","","",""
B6,1427,5/2/2024 7:15,15.57,1943.04,"","","",""
B6,1428,5/2/2024 7:20,15.57,1701.12,"","","",""
B6,1429,5/2/2024 7:25,15.57,1496.96,"","","",""
B6,1430,5/2/2024 7:30,15.57,1959.68,"","","",""
B6,1431,5/2/2024 7:35,15.61,2268.8,"","","",""
B6,1432,5/2/2024 7:40,15.61,2745.6,"","","",""
B6,1433,5/2/2024 7:45,15.7,3763.2,"","","",""
B6,1434,5/2/2024 7:50,15.66,3613.44,"","","",""
B6,1435,5/2/2024 7:55,15.7,5086.72,"","","",""
B6,1436,5/2/2024 8:00,15.78,5665.28,"","","",""
B6,1437,5/2/2024 8:05,15.74,5555.2,"","","",""
B6,1438,5/2/2024 8:10,15.7,5596.16,"","","",""
B6,1439,5/2/2024 8:15,15.78,6359.04,"","","",""
B6,1440,5/2/2024 8:20,15.78,6722.56,"","","",""
B6,1441,5/2/2024 8:25,15.87,7590.4,"","","",""
B6,1442,5/2/2024 8:30,15.83,7370.24,"","","",""
B6,1443,5/2/2024 8:35,15.83,7342.08,"","","",""
B6,1444,5/2/2024 8:40,15.91,6999.04,"","","",""
B6,1445,5/2/2024 8:45,15.87,6899.2,"","","",""
B6,1446,5/2/2024 8:50,15.87,7278.08,"","","",""
B6,1447,5/2/2024 8:55,16,8166.4,"","","",""
B6,1448,5/2/2024 9:00,16.17,8663.04,"","","",""
B6,1449,5/2/2024 9:05,16.21,9543.68,"","","",""
B6,1450,5/2/2024 9:10,16.43,11059.2,"","","",""
B6,1451,5/2/2024 9:15,16.9,11714.56,"","","",""
B6,1452,5/2/2024 9:20,16.94,11392,"","","",""
B6,1453,5/2/2024 9:25,16.99,10536.96,"","","",""
B6,1454,5/2/2024 9:30,16.9,9932.8,"","","",""
B6,1455,5/2/2024 9:35,17.03,11054.08,"","","",""
B6,1456,5/2/2024 9:40,17.41,11955.2,"","","",""
B6,1457,5/2/2024 9:45,17.59,13317.12,"","","",""
B6,1458,5/2/2024 9:50,17.93,15416.32,"","","",""
B6,1459,5/2/2024 9:55,18.53,16389.12,"","","",""
B6,1460,5/2/2024 10:00,18.83,15272.96,"","","",""
B6,1461,5/2/2024 10:05,18.66,13429.76,"","","",""
B6,1462,5/2/2024 10:10,18.49,13721.6,"","","",""
B6,1463,5/2/2024 10:15,18.49,14899.2,"","","",""
B6,1464,5/2/2024 10:20,18.83,15861.76,"","","",""
B6,1465,5/2/2024 10:25,19.13,16778.24,"","","",""
B6,1466,5/2/2024 10:30,19.35,17479.68,"","","",""
B6,1467,5/2/2024 10:35,19.95,18744.32,"","","",""
B6,1468,5/2/2024 10:40,20.37,20305.92,"","","",""
B6,1469,5/2/2024 10:45,20.89,22118.4,"","","",""
B6,1470,5/2/2024 10:50,21.19,22640.64,"","","",""
B6,1471,5/2/2024 10:55,21.4,24125.44,"","","",""
B6,1472,5/2/2024 11:00,21.62,25815.04,"","","",""
B6,1473,5/2/2024 11:05,22.13,27801.6,"","","",""
B6,1474,5/2/2024 11:10,22.73,29091.84,"","","",""
B6,1475,5/2/2024 11:15,23.51,31119.36,"","","",""
B6,1476,5/2/2024 11:20,24.62,33331.2,"","","",""
B6,1477,5/2/2024 11:25,24.92,33320.96,"","","",""
B6,1478,5/2/2024 11:30,25.39,34580.48,"","","",""
B6,1479,5/2/2024 11:35,26.04,34908.16,"","","",""
B6,1480,5/2/2024 11:40,26.25,35799.04,"","","",""
B6,1481,5/2/2024 11:45,26.34,35420.16,"","","",""
B6,1482,5/2/2024 11:50,26.47,35809.28,"","","",""
B6,1483,5/2/2024 11:55,26.51,35430.4,"","","",""
B6,1484,5/2/2024 12:00,26.55,36096,"","","",""
B6,1485,5/2/2024 12:05,26.98,38778.88,"","","",""
B6,1486,5/2/2024 12:10,27.8,42188.8,"","","",""
B6,1487,5/2/2024 12:15,28.83,46673.92,"","","",""
B6,1488,5/2/2024 12:20,29.68,47636.48,"","","",""
B6,1489,5/2/2024 12:25,30.16,48660.48,"","","",""
B6,1490,5/2/2024 12:30,29.86,47370.24,"","","",""
B6,1491,5/2/2024 12:35,29.21,48742.4,"","","",""
B6,1492,5/2/2024 12:40,29.21,47165.44,"","","",""
B6,1493,5/2/2024 12:45,29.64,48885.76,"","","",""
B6,1494,5/2/2024 12:50,30.11,50176,"","","",""
B6,1495,5/2/2024 12:55,30.71,52428.8,"","","",""
B6,1496,5/2/2024 13:00,31.23,50728.96,"","","",""
B6,1497,5/2/2024 13:05,31.01,51466.24,"","","",""
B6,1498,5/2/2024 13:10,31.66,55808,"","","",""
B6,1499,5/2/2024 13:15,32,60190.72,"","","",""
B6,1500,5/2/2024 13:20,32.99,65064.96,"","","",""
B6,1501,5/2/2024 13:25,33.85,67993.6,"","","",""
B6,1502,5/2/2024 13:30,33.5,62894.08,"","","",""
B6,1503,5/2/2024 13:35,32.99,62238.72,"","","",""
B6,1504,5/2/2024 13:40,32.99,63651.84,"","","",""
B6,1505,5/2/2024 13:45,32.77,63877.12,"","","",""
B6,1506,5/2/2024 13:50,32.82,61132.8,"","","",""
B6,1507,5/2/2024 13:55,32.56,61931.52,"","","",""
B6,1508,5/2/2024 14:00,31.4,58368,"","","",""
B6,1509,5/2/2024 14:05,31.23,61521.92,"","","",""
B6,1510,5/2/2024 14:10,30.59,56258.56,"","","",""
B6,1511,5/2/2024 14:15,30.37,56545.28,"","","",""
B6,1512,5/2/2024 14:20,30.28,56381.44,"","","",""
B6,1513,5/2/2024 14:25,30.71,64675.84,"","","",""
B6,1514,5/2/2024 14:30,30.54,65064.96,"","","",""
B6,1515,5/2/2024 14:35,30.71,62668.8,"","","",""
B6,1516,5/2/2024 14:40,31.01,66314.24,"","","",""
B6,1517,5/2/2024 14:45,32.77,95641.6,"","","",""
B6,1518,5/2/2024 14:50,32.13,74526.72,"","","",""
B6,1519,5/2/2024 14:55,32.94,96256,"","","",""
B6,1520,5/2/2024 15:00,33.07,91258.88,"","","",""
B6,1521,5/2/2024 15:05,29.17,86138.88,"","","",""
B6,1522,5/2/2024 15:10,28.05,84254.72,"","","",""
B6,1523,5/2/2024 15:15,27.32,85688.32,"","","",""
B6,1524,5/2/2024 15:20,26.72,85278.72,"","","",""
B6,1525,5/2/2024 15:25,26.04,84992,"","","",""
B6,1526,5/2/2024 15:30,25.78,82104.32,"","","",""
B6,1527,5/2/2024 15:35,25.22,80056.32,"","","",""
B6,1528,5/2/2024 15:40,24.79,80035.84,"","","",""
B6,1529,5/2/2024 15:45,24.58,78192.64,"","","",""
B6,1530,5/2/2024 15:50,24.06,78950.4,"","","",""
B6,1531,5/2/2024 15:55,23.46,75735.04,"","","",""
B6,1532,5/2/2024 16:00,22.86,75796.48,"","","",""
B6,1533,5/2/2024 16:05,22.73,74321.92,"","","",""
B6,1534,5/2/2024 16:10,22.39,66949.12,"","","",""
B6,1535,5/2/2024 16:15,22.01,71516.16,"","","",""
B6,1536,5/2/2024 16:20,20.76,47063.04,"","","",""
B6,1537,5/2/2024 16:25,20.25,62259.2,"","","",""
B6,1538,5/2/2024 16:30,20.59,56606.72,"","","",""
B6,1539,5/2/2024 16:35,19.52,40017.92,"","","",""
B6,1540,5/2/2024 16:40,18.96,31457.28,"","","",""
B6,1541,5/2/2024 16:45,18.23,16614.4,"","","",""
B6,1542,5/2/2024 16:50,18.02,17935.36,"","","",""
B6,1543,5/2/2024 16:55,17.97,18928.64,"","","",""
B6,1544,5/2/2024 17:00,18.44,31754.24,"","","",""
B6,1545,5/2/2024 17:05,18.23,20198.4,"","","",""
B6,1546,5/2/2024 17:10,18.4,25794.56,"","","",""
B6,1547,5/2/2024 17:15,18.23,21258.24,"","","",""
B6,1548,5/2/2024 17:20,18.14,26480.64,"","","",""
B6,1549,5/2/2024 17:25,18.06,27187.2,"","","",""
B6,1550,5/2/2024 17:30,18.02,22824.96,"","","",""
B6,1551,5/2/2024 17:35,17.93,15877.12,"","","",""
B6,1552,5/2/2024 17:40,17.93,15288.32,"","","",""
B6,1553,5/2/2024 17:45,17.63,8350.72,"","","",""
B6,1554,5/2/2024 17:50,17.59,10670.08,"","","",""
B6,1555,5/2/2024 17:55,17.46,8243.2,"","","",""
B6,1556,5/2/2024 18:00,17.37,6272,"","","",""
B6,1557,5/2/2024 18:05,17.29,7134.72,"","","",""
B6,1558,5/2/2024 18:10,17.29,5760,"","","",""
B6,1559,5/2/2024 18:15,17.33,5288.96,"","","",""
B6,1560,5/2/2024 18:20,17.2,5399.04,"","","",""
B6,1561,5/2/2024 18:25,16.99,4419.84,"","","",""
B6,1562,5/2/2024 18:30,16.99,4906.24,"","","",""
B6,1563,5/2/2024 18:35,16.81,3639.04,"","","",""
B6,1564,5/2/2024 18:40,16.56,3834.88,"","","",""
B6,1565,5/2/2024 18:45,16.56,3512.32,"","","",""
B6,1566,5/2/2024 18:50,16.6,2718.72,"","","",""
B6,1567,5/2/2024 18:55,16.6,2407.04,"","","",""
B6,1568,5/2/2024 19:00,16.51,2605.44,"","","",""
B6,1569,5/2/2024 19:05,16.51,2004.48,"","","",""
B6,1570,5/2/2024 19:10,16.04,2064.64,"","","",""
B6,1571,5/2/2024 19:15,16.3,1538.56,"","","",""
B6,1572,5/2/2024 19:20,16.08,1134.4,"","","",""
B6,1573,5/2/2024 19:25,16.13,838.08,"","","",""
B6,1574,5/2/2024 19:30,16.21,280.72,"","","",""
B6,1575,5/2/2024 19:35,16.08,391.52,"","","",""
B6,1576,5/2/2024 19:40,16.26,190.88,"","","",""
B6,1577,5/2/2024 19:45,16.21,90.88,"","","",""
B6,1578,5/2/2024 19:50,16.04,36.47,"","","",""
B6,1579,5/2/2024 19:55,16.26,15.54,"","","",""
B6,1580,5/2/2024 20:00,16.26,5.1,"","","",""
B6,1581,5/2/2024 20:05,16.43,1.33,"","","",""
B6,1582,5/2/2024 20:10,16.43,0,"","","",""
B6,1583,5/2/2024 20:15,16.51,0,"","","",""
B6,1584,5/2/2024 20:20,16.43,0,"","","",""
B6,1585,5/2/2024 20:25,16.39,0,"","","",""
B6,1586,5/2/2024 20:30,16.47,0,"","","",""
B6,1587,5/2/2024 20:35,16.47,0,"","","",""
B6,1588,5/2/2024 20:40,16.43,0,"","","",""
B6,1589,5/2/2024 20:45,16.47,0,"","","",""
B6,1590,5/2/2024 20:50,16.43,0,"","","",""
B6,1591,5/2/2024 20:55,16.43,0,"","","",""
B6,1592,5/2/2024 21:00,16.47,0,"","","",""
B6,1593,5/2/2024 21:05,16.34,0,"","","",""
B6,1594,5/2/2024 21:10,16.43,0,"","","",""
B6,1595,5/2/2024 21:15,16.39,0,"","","",""
B6,1596,5/2/2024 21:20,16.39,0,"","","",""
B6,1597,5/2/2024 21:25,16.43,0,"","","",""
B6,1598,5/2/2024 21:30,16.34,0,"","","",""
B6,1599,5/2/2024 21:35,16.43,0,"","","",""
B6,1600,5/2/2024 21:40,16.43,0,"","","",""
B6,1601,5/2/2024 21:45,16.39,0,"","","",""
B6,1602,5/2/2024 21:50,16.43,0,"","","",""
B6,1603,5/2/2024 21:55,16.39,0,"","","",""
B6,1604,5/2/2024 22:00,16.34,0,"","","",""
B6,1605,5/2/2024 22:05,16.3,0,"","","",""
B6,1606,5/2/2024 22:10,16.26,0,"","","",""
B6,1607,5/2/2024 22:15,16.26,0,"","","",""
B6,1608,5/2/2024 22:20,16.21,0,"","","",""
B6,1609,5/2/2024 22:25,16.26,0,"","","",""
B6,1610,5/2/2024 22:30,16.21,0,"","","",""
B6,1611,5/2/2024 22:35,16.13,0,"","","",""
B6,1612,5/2/2024 22:40,16.13,0,"","","",""
B6,1613,5/2/2024 22:45,16.08,0.22,"","","",""
B6,1614,5/2/2024 22:50,15.96,0,"","","",""
B6,1615,5/2/2024 22:55,16,0,"","","",""
B6,1616,5/2/2024 23:00,15.87,0,"","","",""
B6,1617,5/2/2024 23:05,15.87,0,"","","",""
B6,1618,5/2/2024 23:10,15.78,0,"","","",""
B6,1619,5/2/2024 23:15,15.78,0,"","","",""
B6,1620,5/2/2024 23:20,15.96,0,"","","",""
B6,1621,5/2/2024 23:25,15.83,0,"","","",""
B6,1622,5/2/2024 23:30,15.7,0,"","","",""
B6,1623,5/2/2024 23:35,15.74,0,"","","",""
B6,1624,5/2/2024 23:40,15.61,0,"","","",""
B6,1625,5/2/2024 23:45,15.66,0,"","","",""
B6,1626,5/2/2024 23:50,15.83,0,"","","",""
B6,1627,5/2/2024 23:55,15.7,0,"","","",""
B6,1628,5/3/2024 0:00,15.66,0,"","","",""
B6,1629,5/3/2024 0:05,15.61,0,"","","",""
B6,1630,5/3/2024 0:10,15.61,0,"","","",""
B6,1631,5/3/2024 0:15,15.7,0,"","","",""
B6,1632,5/3/2024 0:20,15.4,0,"","","",""
B6,1633,5/3/2024 0:25,15.4,0,"","","",""
B6,1634,5/3/2024 0:30,15.44,0,"","","",""
B6,1635,5/3/2024 0:35,15.61,0,"","","",""
B6,1636,5/3/2024 0:40,15.57,0,"","","",""
B6,1637,5/3/2024 0:45,15.53,0,"","","",""
B6,1638,5/3/2024 0:50,15.44,0,"","","",""
B6,1639,5/3/2024 0:55,15.48,0,"","","",""
B6,1640,5/3/2024 1:00,15.53,0,"","","",""
B6,1641,5/3/2024 1:05,15.57,0,"","","",""
B6,1642,5/3/2024 1:10,15.74,0,"","","",""
B6,1643,5/3/2024 1:15,15.7,0,"","","",""
B6,1644,5/3/2024 1:20,15.57,0,"","","",""
B6,1645,5/3/2024 1:25,15.57,0,"","","",""
B6,1646,5/3/2024 1:30,15.66,0,"","","",""
B6,1647,5/3/2024 1:35,15.78,0,"","","",""
B6,1648,5/3/2024 1:40,15.87,0,"","","",""
B6,1649,5/3/2024 1:45,15.78,0,"","","",""
B6,1650,5/3/2024 1:50,15.78,0,"","","",""
B6,1651,5/3/2024 1:55,15.87,0.22,"","","",""
B6,1652,5/3/2024 2:00,15.91,0,"","","",""
B6,1653,5/3/2024 2:05,15.91,0,"","","",""
B6,1654,5/3/2024 2:10,16,0,"","","",""
B6,1655,5/3/2024 2:15,15.96,0,"","","",""
B6,1656,5/3/2024 2:20,15.91,0,"","","",""
B6,1657,5/3/2024 2:25,16,0,"","","",""
B6,1658,5/3/2024 2:30,16,0,"","","",""
B6,1659,5/3/2024 2:35,16,0,"","","",""
B6,1660,5/3/2024 2:40,16,0,"","","",""
B6,1661,5/3/2024 2:45,16.04,0,"","","",""
B6,1662,5/3/2024 2:50,16.04,0,"","","",""
B6,1663,5/3/2024 2:55,16.04,0,"","","",""
B6,1664,5/3/2024 3:00,16.04,0,"","","",""
B6,1665,5/3/2024 3:05,16,0,"","","",""
B6,1666,5/3/2024 3:10,16,0,"","","",""
B6,1667,5/3/2024 3:15,16,0,"","","",""
B6,1668,5/3/2024 3:20,16,0,"","","",""
B6,1669,5/3/2024 3:25,16.04,0,"","","",""
B6,1670,5/3/2024 3:30,15.96,0,"","","",""
B6,1671,5/3/2024 3:35,16,0,"","","",""
B6,1672,5/3/2024 3:40,16,0,"","","",""
B6,1673,5/3/2024 3:45,15.96,0,"","","",""
B6,1674,5/3/2024 3:50,16,0,"","","",""
B6,1675,5/3/2024 3:55,16,0,"","","",""
B6,1676,5/3/2024 4:00,16,0,"","","",""
B6,1677,5/3/2024 4:05,16,0,"","","",""
B6,1678,5/3/2024 4:10,15.96,0,"","","",""
B6,1679,5/3/2024 4:15,15.96,0,"","","",""
B6,1680,5/3/2024 4:20,15.96,0,"","","",""
B6,1681,5/3/2024 4:25,16,0,"","","",""
B6,1682,5/3/2024 4:30,16,0,"","","",""
B6,1683,5/3/2024 4:35,15.91,0,"","","",""
B6,1684,5/3/2024 4:40,16,0,"","","",""
B6,1685,5/3/2024 4:45,15.96,0,"","","",""
B6,1686,5/3/2024 4:50,15.96,0.22,"","","",""
B6,1687,5/3/2024 4:55,15.96,0,"","","",""
B6,1688,5/3/2024 5:00,15.96,0,"","","",""
B6,1689,5/3/2024 5:05,15.96,0,"","","",""
B6,1690,5/3/2024 5:10,15.96,0,"","","",""
B6,1691,5/3/2024 5:15,15.96,0,"","","",""
B6,1692,5/3/2024 5:20,15.96,0,"","","",""
B6,1693,5/3/2024 5:25,15.96,0,"","","",""
B6,1694,5/3/2024 5:30,15.96,0,"","","",""
B6,1695,5/3/2024 5:35,16,0.88,"","","",""
B6,1696,5/3/2024 5:40,16,3.1,"","","",""
B6,1697,5/3/2024 5:45,15.96,6.87,"","","",""
B6,1698,5/3/2024 5:50,16,13.52,"","","",""
B6,1699,5/3/2024 5:55,15.91,17.32,"","","",""
B6,1700,5/3/2024 6:00,16,61.42,"","","",""
B6,1701,5/3/2024 6:05,15.96,37.75,"","","",""
B6,1702,5/3/2024 6:10,15.96,134.48,"","","",""
B6,1703,5/3/2024 6:15,15.96,302,"","","",""
B6,1704,5/3/2024 6:20,15.96,430.56,"","","",""
B6,1705,5/3/2024 6:25,16,308.16,"","","",""
B6,1706,5/3/2024 6:30,16,506.4,"","","",""
B6,1707,5/3/2024 6:35,15.96,723.52,"","","",""
B6,1708,5/3/2024 6:40,15.96,727.04,"","","",""
B6,1709,5/3/2024 6:45,15.96,1144.96,"","","",""
B6,1710,5/3/2024 6:50,15.96,1419.52,"","","",""
B6,1711,5/3/2024 6:55,15.96,1449.6,"","","",""
B6,1712,5/3/2024 7:00,15.96,1655.68,"","","",""
B6,1713,5/3/2024 7:05,16,1265.6,"","","",""
B6,1714,5/3/2024 7:10,15.96,2020.48,"","","",""
B6,1715,5/3/2024 7:15,16,2225.92,"","","",""
B6,1716,5/3/2024 7:20,15.96,2352,"","","",""
B6,1717,5/3/2024 7:25,16.04,2933.76,"","","",""
B6,1718,5/3/2024 7:30,16.04,3463.68,"","","",""
B6,1719,5/3/2024 7:35,16.04,4416,"","","",""
B6,1720,5/3/2024 7:40,16.08,5696,"","","",""
B6,1721,5/3/2024 7:45,16.13,5391.36,"","","",""
B6,1722,5/3/2024 7:50,16.13,5207.04,"","","",""
B6,1723,5/3/2024 7:55,16.17,5034.24,"","","",""
B6,1724,5/3/2024 8:00,16.21,7959.04,"","","",""
B6,1725,5/3/2024 8:05,16.21,9648.64,"","","",""
B6,1726,5/3/2024 8:10,16.26,7741.44,"","","",""
B6,1727,5/3/2024 8:15,16.34,9323.52,"","","",""
B6,1728,5/3/2024 8:20,16.39,11909.12,"","","",""
B6,1729,5/3/2024 8:25,16.43,10352.64,"","","",""
B6,1730,5/3/2024 8:30,16.6,8110.08,"","","",""
B6,1731,5/3/2024 8:35,16.64,11939.84,"","","",""
B6,1732,5/3/2024 8:40,16.81,16261.12,"","","",""
B6,1733,5/3/2024 8:45,17.11,16302.08,"","","",""
B6,1734,5/3/2024 8:50,17.29,23500.8,"","","",""
B6,1735,5/3/2024 8:55,17.37,20469.76,"","","",""
B6,1736,5/3/2024 9:00,17.63,24975.36,"","","",""
B6,1737,5/3/2024 9:05,17.8,25733.12,"","","",""
B6,1738,5/3/2024 9:10,18.14,33546.24,"","","",""
B6,1739,5/3/2024 9:15,18.79,31191.04,"","","",""
B6,1740,5/3/2024 9:20,18.92,33146.88,"","","",""
B6,1741,5/3/2024 9:25,19.73,41574.4,"","","",""
B6,1742,5/3/2024 9:30,19.65,34263.04,"","","",""
B6,1743,5/3/2024 9:35,20.25,36556.8,"","","",""
B6,1744,5/3/2024 9:40,20.33,37304.32,"","","",""
B6,1745,5/3/2024 9:45,20.37,35829.76,"","","",""
B6,1746,5/3/2024 9:50,20.76,35328,"","","",""
B6,1747,5/3/2024 9:55,20.59,33638.4,"","","",""
B6,1748,5/3/2024 10:00,20.72,33361.92,"","","",""
B6,1749,5/3/2024 10:05,21.23,36751.36,"","","",""
B6,1750,5/3/2024 10:10,22.13,39362.56,"","","",""
B6,1751,5/3/2024 10:15,23.68,57262.08,"","","",""
B6,1752,5/3/2024 10:20,24.97,53903.36,"","","",""
B6,1753,5/3/2024 10:25,26.38,47308.8,"","","",""
B6,1754,5/3/2024 10:30,27.37,46551.04,"","","",""
B6,1755,5/3/2024 10:35,28.48,56381.44,"","","",""
B6,1756,5/3/2024 10:40,30.2,58634.24,"","","",""
B6,1757,5/3/2024 10:45,30.28,49356.8,"","","",""
B6,1758,5/3/2024 10:50,29.98,52162.56,"","","",""
B6,1759,5/3/2024 10:55,30.54,54231.04,"","","",""
B6,1760,5/3/2024 11:00,31.23,61460.48,"","","",""
B6,1761,5/3/2024 11:05,31.83,61583.36,"","","",""
B6,1762,5/3/2024 11:10,33.5,75653.12,"","","",""
B6,1763,5/3/2024 11:15,32.94,66232.32,"","","",""
B6,1764,5/3/2024 11:20,32.99,70389.76,"","","",""
B6,1765,5/3/2024 11:25,32.82,70696.96,"","","",""
B6,1766,5/3/2024 11:30,32,76349.44,"","","",""
B6,1767,5/3/2024 11:35,32.39,77619.2,"","","",""
B6,1768,5/3/2024 11:40,32,67317.76,"","","",""
B6,1769,5/3/2024 11:45,33.33,78376.96,"","","",""
B6,1770,5/3/2024 11:50,33.16,84910.08,"","","",""
B6,1771,5/3/2024 11:55,33.63,82575.36,"","","",""
B6,1772,5/3/2024 12:00,34.7,101744.64,"","","",""
B6,1773,5/3/2024 12:05,34.96,94453.76,"","","",""
B6,1774,5/3/2024 12:10,34.83,78438.4,"","","",""
B6,1775,5/3/2024 12:15,35.22,87490.56,"","","",""
B6,1776,5/3/2024 12:20,35.95,76677.12,"","","",""
B6,1777,5/3/2024 12:25,34.45,73195.52,"","","",""
B6,1778,5/3/2024 12:30,33.67,82862.08,"","","",""
B6,1779,5/3/2024 12:35,34.36,92692.48,"","","",""
B6,1780,5/3/2024 12:40,32,63078.4,"","","",""
B6,1781,5/3/2024 12:45,33.85,99041.28,"","","",""
B6,1782,5/3/2024 12:50,34.49,95559.68,"","","",""
B6,1783,5/3/2024 12:55,34.57,94576.64,"","","",""
B6,1784,5/3/2024 13:00,33.59,82309.12,"","","",""
B6,1785,5/3/2024 13:05,32.6,85606.4,"","","",""
B6,1786,5/3/2024 13:10,33.46,87695.36,"","","",""
B6,1787,5/3/2024 13:15,33.37,100065.28,"","","",""
B6,1788,5/3/2024 13:20,33.63,98344.96,"","","",""
B6,1789,5/3/2024 13:25,33.2,91586.56,"","","",""
B6,1790,5/3/2024 13:30,32.56,84213.76,"","","",""
B6,1791,5/3/2024 13:35,32.77,97689.6,"","","",""
B6,1792,5/3/2024 13:40,32.56,99164.16,"","","",""
B6,1793,5/3/2024 13:45,32.69,99123.2,"","","",""
B6,1794,5/3/2024 13:50,32.9,97116.16,"","","",""
B6,1795,5/3/2024 13:55,32.9,95723.52,"","","",""
B6,1796,5/3/2024 14:00,32.9,95109.12,"","","",""
B6,1797,5/3/2024 14:05,32.77,94740.48,"","","",""
B6,1798,5/3/2024 14:10,32.56,94699.52,"","","",""
B6,1799,5/3/2024 14:15,32.3,97853.44,"","","",""
B6,1800,5/3/2024 14:20,32.52,94535.68,"","","",""
B6,1801,5/3/2024 14:25,32.56,87040,"","","",""
B6,1802,5/3/2024 14:30,31.53,66150.4,"","","",""
B6,1803,5/3/2024 14:35,33.2,99819.52,"","","",""
B6,1804,5/3/2024 14:40,32.3,90398.72,"","","",""
B6,1805,5/3/2024 14:45,31.4,88145.92,"","","",""
B6,1806,5/3/2024 14:50,30.84,88514.56,"","","",""
B6,1807,5/3/2024 14:55,31.1,88186.88,"","","",""
B6,1808,5/3/2024 15:00,31.19,87695.36,"","","",""
B6,1809,5/3/2024 15:05,31.4,86671.36,"","","",""
B6,1810,5/3/2024 15:10,30.97,85483.52,"","","",""
B6,1811,5/3/2024 15:15,31.19,84746.24,"","","",""
B6,1812,5/3/2024 15:20,30.67,83456,"","","",""
B6,1813,5/3/2024 15:25,28.95,82329.6,"","","",""
B6,1814,5/3/2024 15:30,28.57,80138.24,"","","",""
B6,1815,5/3/2024 15:35,27.2,78807.04,"","","",""
B6,1816,5/3/2024 15:40,27.41,77455.36,"","","",""
B6,1817,5/3/2024 15:45,26.3,76718.08,"","","",""
B6,1818,5/3/2024 15:50,25.57,76451.84,"","","",""
B6,1819,5/3/2024 15:55,25.22,75468.8,"","","",""
B6,1820,5/3/2024 16:00,25.01,75264,"","","",""
B6,1821,5/3/2024 16:05,24.88,72867.84,"","","",""
B6,1822,5/3/2024 16:10,24.41,76349.44,"","","",""
B6,1823,5/3/2024 16:15,24.36,71495.68,"","","",""
B6,1824,5/3/2024 16:20,23.51,52162.56,"","","",""
B6,1825,5/3/2024 16:25,23.03,68526.08,"","","",""
B6,1826,5/3/2024 16:30,22.22,68997.12,"","","",""
B6,1827,5/3/2024 16:35,22.01,51957.76,"","","",""
B6,1828,5/3/2024 16:40,20.93,22917.12,"","","",""
B6,1829,5/3/2024 16:45,20.42,48926.72,"","","",""
B6,1830,5/3/2024 16:50,20.33,27822.08,"","","",""
B6,1831,5/3/2024 16:55,19.77,38891.52,"","","",""
B6,1832,5/3/2024 17:00,19.69,34037.76,"","","",""
B6,1833,5/3/2024 17:05,19.52,26060.8,"","","",""
B6,1834,5/3/2024 17:10,19.39,28549.12,"","","",""
B6,1835,5/3/2024 17:15,19.35,28958.72,"","","",""
B6,1836,5/3/2024 17:20,19.3,22036.48,"","","",""
B6,1837,5/3/2024 17:25,19.09,31016.96,"","","",""
B6,1838,5/3/2024 17:30,18.96,20761.6,"","","",""
B6,1839,5/3/2024 17:35,18.79,21504,"","","",""
B6,1840,5/3/2024 17:40,18.7,19758.08,"","","",""
B6,1841,5/3/2024 17:45,18.7,11750.4,"","","",""
B6,1842,5/3/2024 17:50,18.49,14059.52,"","","",""
B6,1843,5/3/2024 17:55,18.23,4611.84,"","","",""
B6,1844,5/3/2024 18:00,18.06,5990.4,"","","",""
B6,1845,5/3/2024 18:05,17.97,5200.64,"","","",""
B6,1846,5/3/2024 18:10,18.02,4984.32,"","","",""
B6,1847,5/3/2024 18:15,18.02,3416.32,"","","",""
B6,1848,5/3/2024 18:20,17.8,4437.76,"","","",""
B6,1849,5/3/2024 18:25,17.93,3458.56,"","","",""
B6,1850,5/3/2024 18:30,17.89,3991.04,"","","",""
B6,1851,5/3/2024 18:35,17.8,4181.76,"","","",""
B6,1852,5/3/2024 18:40,17.8,3834.88,"","","",""
B6,1853,5/3/2024 18:45,17.84,2071.68,"","","",""
B6,1854,5/3/2024 18:50,17.89,2792.96,"","","",""
B6,1855,5/3/2024 18:55,17.76,2917.12,"","","",""
B6,1856,5/3/2024 19:00,17.63,2218.88,"","","",""
B6,1857,5/3/2024 19:05,17.67,1747.2,"","","",""
B6,1858,5/3/2024 19:10,17.8,1395.84,"","","",""
B6,1859,5/3/2024 19:15,17.63,1301.12,"","","",""
B6,1860,5/3/2024 19:20,17.54,663.68,"","","",""
B6,1861,5/3/2024 19:25,17.54,729.92,"","","",""
B6,1862,5/3/2024 19:30,17.5,571.52,"","","",""
B6,1863,5/3/2024 19:35,17.33,229.04,"","","",""
B6,1864,5/3/2024 19:40,17.33,183.6,"","","",""
B6,1865,5/3/2024 19:45,17.37,100.76,"","","",""
B6,1866,5/3/2024 19:50,17.24,42.68,"","","",""
B6,1867,5/3/2024 19:55,17.11,14.19,"","","",""
B6,1868,5/3/2024 20:00,17.07,3.99,"","","",""
B6,1869,5/3/2024 20:05,17.03,1.1,"","","",""
B6,1870,5/3/2024 20:10,16.99,0.22,"","","",""
B6,1871,5/3/2024 20:15,17.16,0,"","","",""
B6,1872,5/3/2024 20:20,16.77,0,"","","",""
B6,1873,5/3/2024 20:25,16.6,0,"","","",""
B6,1874,5/3/2024 20:30,16.77,0,"","","",""
B6,1875,5/3/2024 20:35,16.6,0,"","","",""
B6,1876,5/3/2024 20:40,16.69,0,"","","",""
B6,1877,5/3/2024 20:45,16.81,0,"","","",""
B6,1878,5/3/2024 20:50,16.64,0,"","","",""
B6,1879,5/3/2024 20:55,16.77,0,"","","",""
B6,1880,5/3/2024 21:00,16.64,0,"","","",""
B6,1881,5/3/2024 21:05,16.94,0,"","","",""
B6,1882,5/3/2024 21:10,17.16,0,"","","",""
B6,1883,5/3/2024 21:15,16.99,0,"","","",""
B6,1884,5/3/2024 21:20,16.81,0,"","","",""
B6,1885,5/3/2024 21:25,16.86,0,"","","",""
B6,1886,5/3/2024 21:30,17.07,0,"","","",""
B6,1887,5/3/2024 21:35,17.16,0,"","","",""
B6,1888,5/3/2024 21:40,17.03,0,"","","",""
B6,1889,5/3/2024 21:45,16.94,0,"","","",""
B6,1890,5/3/2024 21:50,17.07,0,"","","",""
B6,1891,5/3/2024 21:55,16.99,0,"","","",""
B6,1892,5/3/2024 22:00,16.94,0,"","","",""
B6,1893,5/3/2024 22:05,16.86,0,"","","",""
B6,1894,5/3/2024 22:10,16.9,0,"","","",""
B6,1895,5/3/2024 22:15,16.99,0,"","","",""
B6,1896,5/3/2024 22:20,16.86,0,"","","",""
B6,1897,5/3/2024 22:25,16.69,0,"","","",""
B6,1898,5/3/2024 22:30,16.6,0,"","","",""
B6,1899,5/3/2024 22:35,16.47,0,"","","",""
B6,1900,5/3/2024 22:40,16.17,0,"","","",""
B6,1901,5/3/2024 22:45,16.26,0,"","","",""
B6,1902,5/3/2024 22:50,16,0,"","","",""
B6,1903,5/3/2024 22:55,15.66,0,"","","",""
B6,1904,5/3/2024 23:00,15.4,0,"","","",""
B6,1905,5/3/2024 23:05,15.14,0.22,"","","",""
B6,1906,5/3/2024 23:10,15.23,0,"","","",""
B6,1907,5/3/2024 23:15,14.93,0,"","","",""
B6,1908,5/3/2024 23:20,15.01,0,"","","",""
B6,1909,5/3/2024 23:25,14.88,0,"","","",""
B6,1910,5/3/2024 23:30,14.67,0,"","","",""
B6,1911,5/3/2024 23:35,14.93,0,"","","",""
B6,1912,5/3/2024 23:40,14.75,0,"","","",""
B6,1913,5/3/2024 23:45,14.8,0,"","","",""
B6,1914,5/3/2024 23:50,14.75,0,"","","",""
B6,1915,5/3/2024 23:55,14.71,0,"","","",""
B6,1916,5/4/2024 0:00,14.67,0,"","","",""
B6,1917,5/4/2024 0:05,14.71,0,"","","",""
B6,1918,5/4/2024 0:10,14.63,0,"","","",""
B6,1919,5/4/2024 0:15,14.67,0,"","","",""
B6,1920,5/4/2024 0:20,14.63,0,"","","",""
B6,1921,5/4/2024 0:25,14.63,0,"","","",""
B6,1922,5/4/2024 0:30,14.58,0,"","","",""
B6,1923,5/4/2024 0:35,14.63,0,"","","",""
B6,1924,5/4/2024 0:40,14.54,0,"","","",""
B6,1925,5/4/2024 0:45,14.63,0,"","","",""
B6,1926,5/4/2024 0:50,14.67,0,"","","",""
B6,1927,5/4/2024 0:55,14.67,0,"","","",""
B6,1928,5/4/2024 1:00,14.63,0,"","","",""
B6,1929,5/4/2024 1:05,14.67,0,"","","",""
B6,1930,5/4/2024 1:10,14.67,0,"","","",""
B6,1931,5/4/2024 1:15,14.63,0,"","","",""
B6,1932,5/4/2024 1:20,14.71,0,"","","",""
B6,1933,5/4/2024 1:25,14.75,0,"","","",""
B6,1934,5/4/2024 1:30,14.75,0,"","","",""
B6,1935,5/4/2024 1:35,14.71,0,"","","",""
B6,1936,5/4/2024 1:40,14.71,0,"","","",""
B6,1937,5/4/2024 1:45,14.71,0,"","","",""
B6,1938,5/4/2024 1:50,14.75,0,"","","",""
B6,1939,5/4/2024 1:55,14.75,0,"","","",""
B6,1940,5/4/2024 2:00,14.75,0,"","","",""
B6,1941,5/4/2024 2:05,14.8,0,"","","",""
B6,1942,5/4/2024 2:10,14.84,0,"","","",""
B6,1943,5/4/2024 2:15,14.84,0.44,"","","",""
B6,1944,5/4/2024 2:20,14.84,0,"","","",""
B6,1945,5/4/2024 2:25,14.84,0,"","","",""
B6,1946,5/4/2024 2:30,14.8,0,"","","",""
B6,1947,5/4/2024 2:35,14.75,0,"","","",""
B6,1948,5/4/2024 2:40,14.71,0,"","","",""
B6,1949,5/4/2024 2:45,14.75,0,"","","",""
B6,1950,5/4/2024 2:50,14.8,0,"","","",""
B6,1951,5/4/2024 2:55,14.84,0,"","","",""
B6,1952,5/4/2024 3:00,14.75,0,"","","",""
B6,1953,5/4/2024 3:05,14.93,0,"","","",""
B6,1954,5/4/2024 3:10,14.97,0,"","","",""
B6,1955,5/4/2024 3:15,15.01,0,"","","",""
B6,1956,5/4/2024 3:20,15.31,0,"","","",""
B6,1957,5/4/2024 3:25,15.4,0,"","","",""
B6,1958,5/4/2024 3:30,15.61,0,"","","",""
B6,1959,5/4/2024 3:35,15.83,0,"","","",""
B6,1960,5/4/2024 3:40,16.13,0,"","","",""
B6,1961,5/4/2024 3:45,16,0,"","","",""
B6,1962,5/4/2024 3:50,16.3,0,"","","",""
B6,1963,5/4/2024 3:55,16.39,0,"","","",""
B6,1964,5/4/2024 4:00,16.43,0,"","","",""
B6,1965,5/4/2024 4:05,16.43,0,"","","",""
B6,1966,5/4/2024 4:10,16.51,0,"","","",""
B6,1967,5/4/2024 4:15,16.51,0,"","","",""
B6,1968,5/4/2024 4:20,16.56,0,"","","",""
B6,1969,5/4/2024 4:25,16.51,0,"","","",""
B6,1970,5/4/2024 4:30,16.51,0,"","","",""
B6,1971,5/4/2024 4:35,16.51,0,"","","",""
B6,1972,5/4/2024 4:40,16.51,0,"","","",""
B6,1973,5/4/2024 4:45,16.51,0,"","","",""
B6,1974,5/4/2024 4:50,16.51,0,"","","",""
B6,1975,5/4/2024 4:55,16.47,0,"","","",""
B6,1976,5/4/2024 5:00,16.47,0,"","","",""
B6,1977,5/4/2024 5:05,16.47,0,"","","",""
B6,1978,5/4/2024 5:10,16.39,0,"","","",""
B6,1979,5/4/2024 5:15,16.43,0,"","","",""
B6,1980,5/4/2024 5:20,16.34,0,"","","",""
B6,1981,5/4/2024 5:25,16.3,0,"","","",""
B6,1982,5/4/2024 5:30,16.34,0,"","","",""
B6,1983,5/4/2024 5:35,16.3,0,"","","",""
B6,1984,5/4/2024 5:40,16.3,1.77,"","","",""
B6,1985,5/4/2024 5:45,16.26,5.98,"","","",""
B6,1986,5/4/2024 5:50,16.21,19.12,"","","",""
B6,1987,5/4/2024 5:55,16.21,41.34,"","","",""
B6,1988,5/4/2024 6:00,16.26,68.56,"","","",""
B6,1989,5/4/2024 6:05,16.26,167.52,"","","",""
B6,1990,5/4/2024 6:10,16.21,249.44,"","","",""
B6,1991,5/4/2024 6:15,16.21,327.84,"","","",""
B6,1992,5/4/2024 6:20,16.13,403.52,"","","",""
B6,1993,5/4/2024 6:25,16.08,540.16,"","","",""
B6,1994,5/4/2024 6:30,16.08,650.56,"","","",""
B6,1995,5/4/2024 6:35,16.04,909.12,"","","",""
B6,1996,5/4/2024 6:40,16,994.88,"","","",""
B6,1997,5/4/2024 6:45,15.96,941.76,"","","",""
B6,1998,5/4/2024 6:50,15.91,1450.88,"","","",""
B6,1999,5/4/2024 6:55,15.96,1568,"","","",""
B6,2000,5/4/2024 7:00,15.96,2231.04,"","","",""
B6,2001,5/4/2024 7:05,15.96,2873.6,"","","",""
B6,2002,5/4/2024 7:10,15.87,3905.28,"","","",""
B6,2003,5/4/2024 7:15,15.96,4335.36,"","","",""
B6,2004,5/4/2024 7:20,15.91,4832,"","","",""
B6,2005,5/4/2024 7:25,15.91,4998.4,"","","",""
B6,2006,5/4/2024 7:30,15.87,5516.8,"","","",""
B6,2007,5/4/2024 7:35,15.91,5401.6,"","","",""
B6,2008,5/4/2024 7:40,15.83,5260.8,"","","",""
B6,2009,5/4/2024 7:45,15.83,5987.84,"","","",""
B6,2010,5/4/2024 7:50,15.83,6279.68,"","","",""
B6,2011,5/4/2024 7:55,15.87,6730.24,"","","",""
B6,2012,5/4/2024 8:00,15.78,7490.56,"","","",""
B6,2013,5/4/2024 8:05,15.83,7613.44,"","","",""
B6,2014,5/4/2024 8:10,15.61,8670.72,"","","",""
B6,2015,5/4/2024 8:15,15.61,8578.56,"","","",""
B6,2016,5/4/2024 8:20,15.44,8542.72,"","","",""
B6,2017,5/4/2024 8:25,15.7,10040.32,"","","",""
B6,2018,5/4/2024 8:30,15.7,11356.16,"","","",""
B6,2019,5/4/2024 8:35,15.61,13890.56,"","","",""
B6,2020,5/4/2024 8:40,15.66,12062.72,"","","",""
B6,2021,5/4/2024 8:45,15.83,14699.52,"","","",""
B6,2022,5/4/2024 8:50,15.74,18206.72,"","","",""
B6,2023,5/4/2024 8:55,15.74,16947.2,"","","",""
B6,2024,5/4/2024 9:00,15.91,25845.76,"","","",""
B6,2025,5/4/2024 9:05,15.96,19993.6,"","","",""
B6,2026,5/4/2024 9:10,15.96,23900.16,"","","",""
B6,2027,5/4/2024 9:15,16.13,24586.24,"","","",""
B6,2028,5/4/2024 9:20,16.34,26419.2,"","","",""
B6,2029,5/4/2024 9:25,16.51,31088.64,"","","",""
B6,2030,5/4/2024 9:30,16.56,22691.84,"","","",""
B6,2031,5/4/2024 9:35,16.73,24258.56,"","","",""
B6,2032,5/4/2024 9:40,17.07,24862.72,"","","",""
B6,2033,5/4/2024 9:45,17.11,26818.56,"","","",""
B6,2034,5/4/2024 9:50,17.72,34764.8,"","","",""
B6,2035,5/4/2024 9:55,18.14,38184.96,"","","",""
B6,2036,5/4/2024 10:00,18.44,37888,"","","",""
B6,2037,5/4/2024 10:05,18.79,41902.08,"","","",""
B6,2038,5/4/2024 10:10,19.39,46305.28,"","","",""
B6,2039,5/4/2024 10:15,19.47,40181.76,"","","",""
B6,2040,5/4/2024 10:20,19.52,45219.84,"","","",""
B6,2041,5/4/2024 10:25,20.03,45649.92,"","","",""
B6,2042,5/4/2024 10:30,20.16,45752.32,"","","",""
B6,2043,5/4/2024 10:35,20.25,47493.12,"","","",""
B6,2044,5/4/2024 10:40,20.63,52162.56,"","","",""
B6,2045,5/4/2024 10:45,20.93,50892.8,"","","",""
B6,2046,5/4/2024 10:50,21.66,57856,"","","",""
B6,2047,5/4/2024 10:55,22.18,62259.2,"","","",""
B6,2048,5/4/2024 11:00,23.38,72847.36,"","","",""
B6,2049,5/4/2024 11:05,24.15,65658.88,"","","",""
B6,2050,5/4/2024 11:10,23.94,84459.52,"","","",""
B6,2051,5/4/2024 11:15,24.11,67973.12,"","","",""
B6,2052,5/4/2024 11:20,23.94,61972.48,"","","",""
B6,2053,5/4/2024 11:25,25.22,68505.6,"","","",""
B6,2054,5/4/2024 11:30,26.34,82575.36,"","","",""
B6,2055,5/4/2024 11:35,27.71,81387.52,"","","",""
B6,2056,5/4/2024 11:40,29.47,73359.36,"","","",""
B6,2057,5/4/2024 11:45,28.23,87982.08,"","","",""
B6,2058,5/4/2024 11:50,28.4,76451.84,"","","",""
B6,2059,5/4/2024 11:55,26.98,66498.56,"","","",""
B6,2060,5/4/2024 12:00,26.47,66744.32,"","","",""
B6,2061,5/4/2024 12:05,25.65,58265.6,"","","",""
B6,2062,5/4/2024 12:10,25.95,64225.28,"","","",""
B6,2063,5/4/2024 12:15,25.78,57507.84,"","","",""
B6,2064,5/4/2024 12:20,26.25,68505.6,"","","",""
B6,2065,5/4/2024 12:25,26.55,63590.4,"","","",""
B6,2066,5/4/2024 12:30,26.85,70471.68,"","","",""
B6,2067,5/4/2024 12:35,26.81,63139.84,"","","",""
B6,2068,5/4/2024 12:40,26.81,67092.48,"","","",""
B6,2069,5/4/2024 12:45,27.8,90439.68,"","","",""
B6,2070,5/4/2024 12:50,31.49,108789.76,"","","",""
B6,2071,5/4/2024 12:55,29.26,68505.6,"","","",""
B6,2072,5/4/2024 13:00,27.63,69038.08,"","","",""
B6,2073,5/4/2024 13:05,27.97,81080.32,"","","",""
B6,2074,5/4/2024 13:10,29.68,92528.64,"","","",""
B6,2075,5/4/2024 13:15,29.17,84377.6,"","","",""
B6,2076,5/4/2024 13:20,28.65,76206.08,"","","",""
B6,2077,5/4/2024 13:25,28.61,84377.6,"","","",""
B6,2078,5/4/2024 13:30,29.17,89825.28,"","","",""
B6,2079,5/4/2024 13:35,28.78,72683.52,"","","",""
B6,2080,5/4/2024 13:40,29.77,92037.12,"","","",""
B6,2081,5/4/2024 13:45,29.43,75100.16,"","","",""
B6,2082,5/4/2024 13:50,27.11,50216.96,"","","",""
B6,2083,5/4/2024 13:55,26.34,63426.56,"","","",""
B6,2084,5/4/2024 14:00,26.21,70635.52,"","","",""
B6,2085,5/4/2024 14:05,26.04,60538.88,"","","",""
B6,2086,5/4/2024 14:10,26.42,65269.76,"","","",""
B6,2087,5/4/2024 14:15,27.02,75509.76,"","","",""
B6,2088,5/4/2024 14:20,26.98,71004.16,"","","",""
B6,2089,5/4/2024 14:25,27.75,65863.68,"","","",""
B6,2090,5/4/2024 14:30,28.87,82124.8,"","","",""
B6,2091,5/4/2024 14:35,27.58,67829.76,"","","",""
B6,2092,5/4/2024 14:40,27.41,68157.44,"","","",""
B6,2093,5/4/2024 14:45,26.6,62791.68,"","","",""
B6,2094,5/4/2024 14:50,25.35,53760,"","","",""
B6,2095,5/4/2024 14:55,24.58,58449.92,"","","",""
B6,2096,5/4/2024 15:00,25.44,61972.48,"","","",""
B6,2097,5/4/2024 15:05,25.18,56094.72,"","","",""
B6,2098,5/4/2024 15:10,24.15,50606.08,"","","",""
B6,2099,5/4/2024 15:15,23.29,44441.6,"","","",""
B6,2100,5/4/2024 15:20,22.69,42782.72,"","","",""
B6,2101,5/4/2024 15:25,22.52,43520,"","","",""
B6,2102,5/4/2024 15:30,22.22,42270.72,"","","",""
B6,2103,5/4/2024 15:35,22.09,42659.84,"","","",""
B6,2104,5/4/2024 15:40,21.53,39700.48,"","","",""
B6,2105,5/4/2024 15:45,21.28,38748.16,"","","",""
B6,2106,5/4/2024 15:50,21.88,49295.36,"","","",""
B6,2107,5/4/2024 15:55,19.56,41748.48,"","","",""
B6,2108,5/4/2024 16:00,20.37,48660.48,"","","",""
B6,2109,5/4/2024 16:05,20.42,51507.2,"","","",""
B6,2110,5/4/2024 16:10,21.32,58368,"","","",""
B6,2111,5/4/2024 16:15,19.3,13839.36,"","","",""
B6,2112,5/4/2024 16:20,18.92,9797.12,"","","",""
B6,2113,5/4/2024 16:25,19.05,5834.24,"","","",""
B6,2114,5/4/2024 16:30,18.74,4337.92,"","","",""
B6,2115,5/4/2024 16:35,19,6233.6,"","","",""
B6,2116,5/4/2024 16:40,19,4930.56,"","","",""
B6,2117,5/4/2024 16:45,18.27,2085.76,"","","",""
B6,2118,5/4/2024 16:50,17.97,2645.76,"","","",""
B6,2119,5/4/2024 16:55,17.93,17387.52,"","","",""
B6,2120,5/4/2024 17:00,17.93,3468.8,"","","",""
B6,2121,5/4/2024 17:05,17.93,3289.6,"","","",""
B6,2122,5/4/2024 17:10,17.84,4043.52,"","","",""
B6,2123,5/4/2024 17:15,17.72,19481.6,"","","",""
B6,2124,5/4/2024 17:20,17.67,15851.52,"","","",""
B6,2125,5/4/2024 17:25,17.89,22036.48,"","","",""
B6,2126,5/4/2024 17:30,18.02,23777.28,"","","",""
B6,2127,5/4/2024 17:35,17.72,4119.04,"","","",""
B6,2128,5/4/2024 17:40,17.63,11806.72,"","","",""
B6,2129,5/4/2024 17:45,17.59,3073.28,"","","",""
B6,2130,5/4/2024 17:50,17.5,2993.92,"","","",""
B6,2131,5/4/2024 17:55,17.33,2536.32,"","","",""
B6,2132,5/4/2024 18:00,17.29,9208.32,"","","",""
B6,2133,5/4/2024 18:05,17.16,1430.4,"","","",""
B6,2134,5/4/2024 18:10,17.16,9344,"","","",""
B6,2135,5/4/2024 18:15,17.11,1336.96,"","","",""
B6,2136,5/4/2024 18:20,17.11,1363.2,"","","",""
B6,2137,5/4/2024 18:25,17.03,4771.84,"","","",""
B6,2138,5/4/2024 18:30,17.16,1024.32,"","","",""
B6,2139,5/4/2024 18:35,17.07,4782.08,"","","",""
B6,2140,5/4/2024 18:40,17.03,4291.84,"","","",""
B6,2141,5/4/2024 18:45,17.03,1913.6,"","","",""
B6,2142,5/4/2024 18:50,17.16,1410.56,"","","",""
B6,2143,5/4/2024 18:55,16.99,88.12,"","","",""
B6,2144,5/4/2024 19:00,16.94,137.92,"","","",""
B6,2145,5/4/2024 19:05,17.03,1168,"","","",""
B6,2146,5/4/2024 19:10,16.94,197.76,"","","",""
B6,2147,5/4/2024 19:15,16.81,389.28,"","","",""
B6,2148,5/4/2024 19:20,16.86,692.16,"","","",""
B6,2149,5/4/2024 19:25,16.81,84.56,"","","",""
B6,2150,5/4/2024 19:30,16.81,70.72,"","","",""
B6,2151,5/4/2024 19:35,16.81,263.84,"","","",""
B6,2152,5/4/2024 19:40,16.73,29.32,"","","",""
B6,2153,5/4/2024 19:45,16.73,11.53,"","","",""
B6,2154,5/4/2024 19:50,16.6,5.54,"","","",""
B6,2155,5/4/2024 19:55,16.73,11.75,"","","",""
B6,2156,5/4/2024 20:00,16.56,3.76,"","","",""
B6,2157,5/4/2024 20:05,16.51,0,"","","",""
B6,2158,5/4/2024 20:10,16.6,0,"","","",""
B6,2159,5/4/2024 20:15,16.39,0,"","","",""
B6,2160,5/4/2024 20:20,16.17,0,"","","",""
B6,2161,5/4/2024 20:25,16.08,0,"","","",""
B6,2162,5/4/2024 20:30,16.21,0,"","","",""
B6,2163,5/4/2024 20:35,16,0,"","","",""
B6,2164,5/4/2024 20:40,16,0,"","","",""
B6,2165,5/4/2024 20:45,15.7,0,"","","",""
B6,2166,5/4/2024 20:50,15.53,0,"","","",""
B6,2167,5/4/2024 20:55,15.44,0,"","","",""
B6,2168,5/4/2024 21:00,15.44,0,"","","",""
B6,2169,5/4/2024 21:05,15.57,0,"","","",""
B6,2170,5/4/2024 21:10,15.36,0,"","","",""
B6,2171,5/4/2024 21:15,15.48,0,"","","",""
B6,2172,5/4/2024 21:20,15.1,0,"","","",""
B6,2173,5/4/2024 21:25,15.27,0,"","","",""
B6,2174,5/4/2024 21:30,15.14,0,"","","",""
B6,2175,5/4/2024 21:35,14.93,0,"","","",""
B6,2176,5/4/2024 21:40,14.84,0,"","","",""
B6,2177,5/4/2024 21:45,15.18,0,"","","",""
B6,2178,5/4/2024 21:50,14.93,0,"","","",""
B6,2179,5/4/2024 21:55,15.23,0,"","","",""
B6,2180,5/4/2024 22:00,15.18,0,"","","",""
B6,2181,5/4/2024 22:05,15.1,0,"","","",""
B6,2182,5/4/2024 22:10,15.53,0,"","","",""
B6,2183,5/4/2024 22:15,15.53,0,"","","",""
B6,2184,5/4/2024 22:20,15.18,0,"","","",""
B6,2185,5/4/2024 22:25,15.57,0,"","","",""
B6,2186,5/4/2024 22:30,15.48,0,"","","",""
B6,2187,5/4/2024 22:35,15.53,0,"","","",""
B6,2188,5/4/2024 22:40,15.48,0,"","","",""
B6,2189,5/4/2024 22:45,15.61,0,"","","",""
B6,2190,5/4/2024 22:50,15.44,0,"","","",""
B6,2191,5/4/2024 22:55,15.4,0,"","","",""
B6,2192,5/4/2024 23:00,15.36,0,"","","",""
B6,2193,5/4/2024 23:05,15.4,0,"","","",""
B6,2194,5/4/2024 23:10,15.18,0,"","","",""
B6,2195,5/4/2024 23:15,14.84,0,"","","",""
B6,2196,5/4/2024 23:20,14.54,0,"","","",""
B6,2197,5/4/2024 23:25,14.2,0,"","","",""
B6,2198,5/4/2024 23:30,14.28,0,"","","",""
B6,2199,5/4/2024 23:35,14.24,0,"","","",""
B6,2200,5/4/2024 23:40,14.24,0.22,"","","",""
B6,2201,5/4/2024 23:45,14.11,0,"","","",""
B6,2202,5/4/2024 23:50,14.07,0,"","","",""
B6,2203,5/4/2024 23:55,14.03,0,"","","",""
B6,2204,5/5/2024 0:00,14.03,0,"","","",""
B6,2205,5/5/2024 0:05,14.15,0,"","","",""
B6,2206,5/5/2024 0:10,14.15,0,"","","",""
B6,2207,5/5/2024 0:15,13.98,0,"","","",""
B6,2208,5/5/2024 0:20,13.85,0,"","","",""
B6,2209,5/5/2024 0:25,13.77,0,"","","",""
B6,2210,5/5/2024 0:30,13.85,0,"","","",""
B6,2211,5/5/2024 0:35,13.9,0,"","","",""
B6,2212,5/5/2024 0:40,13.94,0,"","","",""
B6,2213,5/5/2024 0:45,14.03,0,"","","",""
B6,2214,5/5/2024 0:50,14.03,0,"","","",""
B6,2215,5/5/2024 0:55,14.07,0,"","","",""
B6,2216,5/5/2024 1:00,13.94,0,"","","",""
B6,2217,5/5/2024 1:05,13.85,0,"","","",""
B6,2218,5/5/2024 1:10,13.55,0,"","","",""
B6,2219,5/5/2024 1:15,13.6,0,"","","",""
B6,2220,5/5/2024 1:20,13.81,0,"","","",""
B6,2221,5/5/2024 1:25,13.9,0,"","","",""
B6,2222,5/5/2024 1:30,13.98,0,"","","",""
B6,2223,5/5/2024 1:35,13.94,0,"","","",""
B6,2224,5/5/2024 1:40,13.98,0,"","","",""
B6,2225,5/5/2024 1:45,14.07,0,"","","",""
B6,2226,5/5/2024 1:50,14.11,0,"","","",""
B6,2227,5/5/2024 1:55,14.11,0,"","","",""
B6,2228,5/5/2024 2:00,14.11,0,"","","",""
B6,2229,5/5/2024 2:05,14.11,0,"","","",""
B6,2230,5/5/2024 2:10,14.15,0,"","","",""
B6,2231,5/5/2024 2:15,14.15,0,"","","",""
B6,2232,5/5/2024 2:20,14.15,0,"","","",""
B6,2233,5/5/2024 2:25,14.11,0,"","","",""
B6,2234,5/5/2024 2:30,14.15,0,"","","",""
B6,2235,5/5/2024 2:35,14.15,0.22,"","","",""
B6,2236,5/5/2024 2:40,14.15,0,"","","",""
B6,2237,5/5/2024 2:45,14.15,0,"","","",""
B6,2238,5/5/2024 2:50,14.11,0,"","","",""
B6,2239,5/5/2024 2:55,13.9,0,"","","",""
B6,2240,5/5/2024 3:00,13.77,0,"","","",""
B6,2241,5/5/2024 3:05,13.55,0,"","","",""
B6,2242,5/5/2024 3:10,13.3,0,"","","",""
B6,2243,5/5/2024 3:15,13.12,0,"","","",""
B6,2244,5/5/2024 3:20,13,0,"","","",""
B6,2245,5/5/2024 3:25,13,0,"","","",""
B6,2246,5/5/2024 3:30,13.04,0,"","","",""
B6,2247,5/5/2024 3:35,13,0,"","","",""
B6,2248,5/5/2024 3:40,12.82,0,"","","",""
B6,2249,5/5/2024 3:45,12.87,0,"","","",""
B6,2250,5/5/2024 3:50,12.87,0,"","","",""
B6,2251,5/5/2024 3:55,12.87,0,"","","",""
B6,2252,5/5/2024 4:00,12.91,0,"","","",""
B6,2253,5/5/2024 4:05,12.87,0,"","","",""
B6,2254,5/5/2024 4:10,12.91,0,"","","",""
B6,2255,5/5/2024 4:15,12.91,0,"","","",""
B6,2256,5/5/2024 4:20,12.78,0,"","","",""
B6,2257,5/5/2024 4:25,12.78,0,"","","",""
B6,2258,5/5/2024 4:30,12.95,0,"","","",""
B6,2259,5/5/2024 4:35,13,0,"","","",""
B6,2260,5/5/2024 4:40,13.25,0,"","","",""
B6,2261,5/5/2024 4:45,13.08,0,"","","",""
B6,2262,5/5/2024 4:50,13.12,0,"","","",""
B6,2263,5/5/2024 4:55,13.85,0,"","","",""
B6,2264,5/5/2024 5:00,14.07,0,"","","",""
B6,2265,5/5/2024 5:05,14.33,0,"","","",""
B6,2266,5/5/2024 5:10,14.54,0,"","","",""
B6,2267,5/5/2024 5:15,14.63,0,"","","",""
B6,2268,5/5/2024 5:20,14.71,0,"","","",""
B6,2269,5/5/2024 5:25,14.75,0.22,"","","",""
B6,2270,5/5/2024 5:30,14.84,1.55,"","","",""
B6,2271,5/5/2024 5:35,14.8,3.76,"","","",""
B6,2272,5/5/2024 5:40,14.84,1.33,"","","",""
B6,2273,5/5/2024 5:45,14.84,14.24,"","","",""
B6,2274,5/5/2024 5:50,14.8,74.88,"","","",""
B6,2275,5/5/2024 5:55,14.8,27.99,"","","",""
B6,2276,5/5/2024 6:00,14.8,268.48,"","","",""
B6,2277,5/5/2024 6:05,14.84,457.6,"","","",""
B6,2278,5/5/2024 6:10,14.84,123.84,"","","",""
B6,2279,5/5/2024 6:15,14.88,787.52,"","","",""
B6,2280,5/5/2024 6:20,14.84,232.56,"","","",""
B6,2281,5/5/2024 6:25,14.84,221.04,"","","",""
B6,2282,5/5/2024 6:30,14.88,637.6,"","","",""
B6,2283,5/5/2024 6:35,14.84,2481.28,"","","",""
B6,2284,5/5/2024 6:40,14.93,3514.88,"","","",""
B6,2285,5/5/2024 6:45,14.93,755.2,"","","",""
B6,2286,5/5/2024 6:50,14.93,4618.24,"","","",""
B6,2287,5/5/2024 6:55,14.8,4401.92,"","","",""
B6,2288,5/5/2024 7:00,14.84,5192.96,"","","",""
B6,2289,5/5/2024 7:05,14.84,5877.76,"","","",""
B6,2290,5/5/2024 7:10,14.75,520.64,"","","",""
B6,2291,5/5/2024 7:15,14.8,6832.64,"","","",""
B6,2292,5/5/2024 7:20,14.84,4572.16,"","","",""
B6,2293,5/5/2024 7:25,14.84,2648.32,"","","",""
B6,2294,5/5/2024 7:30,14.93,9664,"","","",""
B6,2295,5/5/2024 7:35,14.93,1826.56,"","","",""
B6,2296,5/5/2024 7:40,14.97,14827.52,"","","",""
B6,2297,5/5/2024 7:45,14.88,2314.88,"","","",""
B6,2298,5/5/2024 7:50,14.84,5672.96,"","","",""
B6,2299,5/5/2024 7:55,14.88,2082.56,"","","",""
B6,2300,5/5/2024 8:00,14.88,1063.36,"","","",""
B6,2301,5/5/2024 8:05,14.84,2717.44,"","","",""
B6,2302,5/5/2024 8:10,14.75,2731.52,"","","",""
B6,2303,5/5/2024 8:15,14.8,13864.96,"","","",""
B6,2304,5/5/2024 8:20,14.84,3361.28,"","","",""
B6,2305,5/5/2024 8:25,14.8,8755.2,"","","",""
B6,2306,5/5/2024 8:30,14.84,3087.36,"","","",""
B6,2307,5/5/2024 8:35,14.84,3496.96,"","","",""
B6,2308,5/5/2024 8:40,14.88,3717.12,"","","",""
B6,2309,5/5/2024 8:45,14.84,5036.8,"","","",""
B6,2310,5/5/2024 8:50,14.84,13378.56,"","","",""
B6,2311,5/5/2024 8:55,14.93,18877.44,"","","",""
B6,2312,5/5/2024 9:00,14.93,3624.96,"","","",""
B6,2313,5/5/2024 9:05,14.93,8491.52,"","","",""
B6,2314,5/5/2024 9:10,14.97,1761.28,"","","",""
B6,2315,5/5/2024 9:15,15.06,4337.92,"","","",""
B6,2316,5/5/2024 9:20,15.06,23982.08,"","","",""
B6,2317,5/5/2024 9:25,15.18,32808.96,"","","",""
B6,2318,5/5/2024 9:30,15.06,16302.08,"","","",""
B6,2319,5/5/2024 9:35,14.97,12656.64,"","","",""
B6,2320,5/5/2024 9:40,14.97,5483.52,"","","",""
B6,2321,5/5/2024 9:45,15.14,7974.4,"","","",""
B6,2322,5/5/2024 9:50,15.18,3845.12,"","","",""
B6,2323,5/5/2024 9:55,15.1,8074.24,"","","",""
B6,2324,5/5/2024 10:00,15.4,48353.28,"","","",""
B6,2325,5/5/2024 10:05,15.44,9876.48,"","","",""
B6,2326,5/5/2024 10:10,15.57,6023.68,"","","",""
B6,2327,5/5/2024 10:15,15.78,7889.92,"","","",""
B6,2328,5/5/2024 10:20,16.08,75919.36,"","","",""
B6,2329,5/5/2024 10:25,16.21,6888.96,"","","",""
B6,2330,5/5/2024 10:30,16.13,7541.76,"","","",""
B6,2331,5/5/2024 10:35,15.91,5660.16,"","","",""
B6,2332,5/5/2024 10:40,16.73,6558.72,"","","",""
B6,2333,5/5/2024 10:45,16.26,5657.6,"","","",""
B6,2334,5/5/2024 10:50,15.66,5767.68,"","","",""
B6,2335,5/5/2024 10:55,15.48,5870.08,"","","",""
B6,2336,5/5/2024 11:00,15.53,5903.36,"","","",""
B6,2337,5/5/2024 11:05,15.61,7275.52,"","","",""
B6,2338,5/5/2024 11:10,15.48,5941.76,"","","",""
B6,2339,5/5/2024 11:15,15.66,5972.48,"","","",""
B6,2340,5/5/2024 11:20,15.91,6044.16,"","","",""
B6,2341,5/5/2024 11:25,16.08,6062.08,"","","",""
B6,2342,5/5/2024 11:30,16.56,5944.32,"","","",""
B6,2343,5/5/2024 11:35,17.07,5952,"","","",""
B6,2344,5/5/2024 11:40,17.76,5977.6,"","","",""
B6,2345,5/5/2024 11:45,19.05,6023.68,"","","",""
B6,2346,5/5/2024 11:50,18.62,6069.76,"","","",""
B6,2347,5/5/2024 11:55,18.79,6044.16,"","","",""
B6,2348,5/5/2024 12:00,19.43,6033.92,"","","",""
B6,2349,5/5/2024 12:05,20.07,6069.76,"","","",""
B6,2350,5/5/2024 12:10,20.42,6080,"","","",""
B6,2351,5/5/2024 12:15,23.76,93552.64,"","","",""
B6,2352,5/5/2024 12:20,23.89,89456.64,"","","",""
B6,2353,5/5/2024 12:20,,,Logged,Logged,"",""
B6,2354,5/5/2024 12:20,,,Logged,Logged,"",""
B6,2355,5/5/2024 12:20,,,Logged,Logged,"",""
B6,2356,5/5/2024 12:20,,,"","",Logged,Logged
