Plot,#,Date-Time (PDT),Ch:1 - Temperature   (°C),Ch:2 - Light   (lux),Button Down,Button Up,Host Connected,End of File
M5,204,4/7/2024 5:50,12.91,0,"","","",""
M5,205,4/7/2024 5:55,12.95,0,"","","",""
M5,206,4/7/2024 6:00,12.95,0,"","","",""
M5,207,4/7/2024 6:05,12.95,0.65,"","","",""
M5,208,4/7/2024 6:10,13.04,3.7,"","","",""
M5,209,4/7/2024 6:15,13.04,12.66,"","","",""
M5,210,4/7/2024 6:20,13.08,20.13,"","","",""
M5,211,4/7/2024 6:25,13.08,93.72,"","","",""
M5,212,4/7/2024 6:30,13.12,198.08,"","","",""
M5,213,4/7/2024 6:35,13.17,398.88,"","","",""
M5,214,4/7/2024 6:40,13.21,676.8,"","","",""
M5,215,4/7/2024 6:45,13.21,1021.76,"","","",""
M5,216,4/7/2024 6:50,13.3,1387.52,"","","",""
M5,217,4/7/2024 6:55,13.34,2058.88,"","","",""
M5,218,4/7/2024 7:00,13.38,2137.6,"","","",""
M5,219,4/7/2024 7:05,13.47,2592.64,"","","",""
M5,220,4/7/2024 7:10,13.43,4574.72,"","","",""
M5,221,4/7/2024 7:15,13.51,5237.76,"","","",""
M5,222,4/7/2024 7:20,13.55,4453.12,"","","",""
M5,223,4/7/2024 7:25,13.6,5616.64,"","","",""
M5,224,4/7/2024 7:30,13.6,5404.16,"","","",""
M5,225,4/7/2024 7:35,13.64,6799.36,"","","",""
M5,226,4/7/2024 7:40,13.73,10337.28,"","","",""
M5,227,4/7/2024 7:45,13.73,9525.76,"","","",""
M5,228,4/7/2024 7:50,13.73,8481.28,"","","",""
M5,229,4/7/2024 7:55,13.73,10078.72,"","","",""
M5,230,4/7/2024 8:00,13.73,14730.24,"","","",""
M5,231,4/7/2024 8:05,13.81,11745.28,"","","",""
M5,232,4/7/2024 8:10,13.77,16153.6,"","","",""
M5,233,4/7/2024 8:15,13.81,16896,"","","",""
M5,234,4/7/2024 8:20,13.77,17817.6,"","","",""
M5,235,4/7/2024 8:25,13.81,18196.48,"","","",""
M5,236,4/7/2024 8:30,13.81,29276.16,"","","",""
M5,237,4/7/2024 8:35,13.9,15134.72,"","","",""
M5,238,4/7/2024 8:40,13.9,18744.32,"","","",""
M5,239,4/7/2024 8:45,13.94,38256.64,"","","",""
M5,240,4/7/2024 8:50,13.94,15979.52,"","","",""
M5,241,4/7/2024 8:55,13.98,29378.56,"","","",""
M5,242,4/7/2024 9:00,14.07,28303.36,"","","",""
M5,243,4/7/2024 9:05,14.07,47984.64,"","","",""
M5,244,4/7/2024 9:10,14.15,21043.2,"","","",""
M5,245,4/7/2024 9:15,14.24,28938.24,"","","",""
M5,246,4/7/2024 9:20,14.24,44113.92,"","","",""
M5,247,4/7/2024 9:25,14.28,38502.4,"","","",""
M5,248,4/7/2024 9:30,14.33,41584.64,"","","",""
M5,249,4/7/2024 9:35,14.41,36423.68,"","","",""
M5,250,4/7/2024 9:40,14.45,24842.24,"","","",""
M5,251,4/7/2024 9:45,14.5,37908.48,"","","",""
M5,252,4/7/2024 9:50,14.54,42864.64,"","","",""
M5,253,4/7/2024 9:55,14.54,32399.36,"","","",""
M5,254,4/7/2024 10:00,14.54,44216.32,"","","",""
M5,255,4/7/2024 10:05,14.54,44032,"","","",""
M5,256,4/7/2024 10:10,14.54,35522.56,"","","",""
M5,257,4/7/2024 10:15,14.41,63836.16,"","","",""
M5,258,4/7/2024 10:20,14.54,58777.6,"","","",""
M5,259,4/7/2024 10:25,14.71,50319.36,"","","",""
M5,260,4/7/2024 10:30,14.54,73338.88,"","","",""
M5,261,4/7/2024 10:35,14.58,33054.72,"","","",""
M5,262,4/7/2024 10:40,14.75,43560.96,"","","",""
M5,263,4/7/2024 10:45,14.8,70184.96,"","","",""
M5,264,4/7/2024 10:50,14.45,33689.6,"","","",""
M5,265,4/7/2024 10:55,14.63,53944.32,"","","",""
M5,266,4/7/2024 11:00,14.88,39905.28,"","","",""
M5,267,4/7/2024 11:05,15.14,48640,"","","",""
M5,268,4/7/2024 11:10,15.23,62300.16,"","","",""
M5,269,4/7/2024 11:15,15.36,62402.56,"","","",""
M5,270,4/7/2024 11:20,15.57,47575.04,"","","",""
M5,271,4/7/2024 11:25,15.57,74547.2,"","","",""
M5,272,4/7/2024 11:30,15.83,55603.2,"","","",""
M5,273,4/7/2024 11:35,15.83,27842.56,"","","",""
M5,274,4/7/2024 11:40,16.47,56954.88,"","","",""
M5,275,4/7/2024 11:45,16.43,33239.04,"","","",""
M5,276,4/7/2024 11:50,17.16,69468.16,"","","",""
M5,354,4/7/2024 18:20,15.53,5616.64,"","","",""
M5,355,4/7/2024 18:25,15.4,3943.68,"","","",""
M5,356,4/7/2024 18:30,15.27,2999.04,"","","",""
M5,357,4/7/2024 18:35,15.23,629.92,"","","",""
M5,358,4/7/2024 18:40,15.18,3476.48,"","","",""
M5,359,4/7/2024 18:45,15.14,2158.72,"","","",""
M5,360,4/7/2024 18:50,15.06,2735.36,"","","",""
M5,361,4/7/2024 18:55,14.97,1829.12,"","","",""
M5,362,4/7/2024 19:00,14.93,1374.72,"","","",""
M5,363,4/7/2024 19:05,14.8,1045.12,"","","",""
M5,364,4/7/2024 19:10,14.8,145.36,"","","",""
M5,365,4/7/2024 19:15,14.71,400.48,"","","",""
M5,366,4/7/2024 19:20,14.63,212.96,"","","",""
M5,367,4/7/2024 19:25,14.67,91.96,"","","",""
M5,368,4/7/2024 19:30,14.63,35.03,"","","",""
M5,369,4/7/2024 19:35,14.54,12.23,"","","",""
M5,370,4/7/2024 19:40,14.45,3.05,"","","",""
M5,371,4/7/2024 19:45,14.45,0.87,"","","",""
M5,372,4/7/2024 19:50,14.33,0,"","","",""
M5,373,4/7/2024 19:55,14.24,0,"","","",""
M5,374,4/7/2024 20:00,14.24,0,"","","",""
M5,375,4/7/2024 20:05,14.24,0,"","","",""
M5,376,4/7/2024 20:10,14.28,0,"","","",""
M5,377,4/7/2024 20:15,14.28,0,"","","",""
M5,378,4/7/2024 20:20,14.28,0,"","","",""
M5,379,4/7/2024 20:25,14.28,0,"","","",""
M5,380,4/7/2024 20:30,14.28,0,"","","",""
M5,381,4/7/2024 20:35,14.33,0,"","","",""
M5,382,4/7/2024 20:40,14.33,0,"","","",""
M5,383,4/7/2024 20:45,14.33,0,"","","",""
M5,384,4/7/2024 20:50,14.41,0,"","","",""
M5,385,4/7/2024 20:55,14.41,0,"","","",""
M5,386,4/7/2024 21:00,14.33,0,"","","",""
M5,387,4/7/2024 21:05,14.41,0,"","","",""
M5,388,4/7/2024 21:10,14.37,0,"","","",""
M5,389,4/7/2024 21:15,14.41,0,"","","",""
M5,390,4/7/2024 21:20,14.37,0,"","","",""
M5,391,4/7/2024 21:25,14.37,0,"","","",""
M5,392,4/7/2024 21:30,14.41,0,"","","",""
M5,393,4/7/2024 21:35,14.41,0,"","","",""
M5,394,4/7/2024 21:40,14.41,0,"","","",""
M5,395,4/7/2024 21:45,14.41,0,"","","",""
M5,396,4/7/2024 21:50,14.41,0,"","","",""
M5,397,4/7/2024 21:55,14.33,0,"","","",""
M5,398,4/7/2024 22:00,14.37,0,"","","",""
M5,399,4/7/2024 22:05,14.41,0,"","","",""
M5,400,4/7/2024 22:10,14.41,0,"","","",""
M5,401,4/7/2024 22:15,14.37,0,"","","",""
M5,402,4/7/2024 22:20,14.33,0,"","","",""
M5,403,4/7/2024 22:25,14.33,0,"","","",""
M5,404,4/7/2024 22:30,14.28,0,"","","",""
M5,405,4/7/2024 22:35,14.15,0,"","","",""
M5,406,4/7/2024 22:40,14.11,0,"","","",""
M5,407,4/7/2024 22:45,14.03,0,"","","",""
M5,408,4/7/2024 22:50,13.94,0,"","","",""
M5,409,4/7/2024 22:55,13.9,0,"","","",""
M5,410,4/7/2024 23:00,13.85,0,"","","",""
M5,411,4/7/2024 23:05,13.77,0,"","","",""
M5,412,4/7/2024 23:10,13.77,0,"","","",""
M5,413,4/7/2024 23:15,13.94,0,"","","",""
M5,414,4/7/2024 23:20,13.98,0,"","","",""
M5,415,4/7/2024 23:25,13.98,0,"","","",""
M5,416,4/7/2024 23:30,13.9,0,"","","",""
M5,417,4/7/2024 23:35,13.98,0,"","","",""
M5,418,4/7/2024 23:40,13.9,0,"","","",""
M5,419,4/7/2024 23:45,14.03,0,"","","",""
M5,420,4/7/2024 23:50,14.07,0,"","","",""
M5,421,4/7/2024 23:55,14.11,0,"","","",""
M5,422,4/8/2024 0:00,14.15,0,"","","",""
M5,423,4/8/2024 0:05,14.15,0,"","","",""
M5,424,4/8/2024 0:10,14.15,0,"","","",""
M5,425,4/8/2024 0:15,14.15,0,"","","",""
M5,426,4/8/2024 0:20,14.11,0,"","","",""
M5,427,4/8/2024 0:25,14.07,0,"","","",""
M5,428,4/8/2024 0:30,14.11,0,"","","",""
M5,502,4/8/2024 6:40,12.65,1035.52,"","","",""
M5,503,4/8/2024 6:45,12.74,831.68,"","","",""
M5,504,4/8/2024 6:50,12.78,1367.68,"","","",""
M5,505,4/8/2024 6:55,12.78,1907.2,"","","",""
M5,506,4/8/2024 7:00,12.78,2773.76,"","","",""
M5,507,4/8/2024 7:05,12.82,2570.24,"","","",""
M5,508,4/8/2024 7:10,12.82,3212.8,"","","",""
M5,509,4/8/2024 7:15,12.87,4065.28,"","","",""
M5,510,4/8/2024 7:20,12.91,6279.68,"","","",""
M5,511,4/8/2024 7:25,12.91,5031.68,"","","",""
M5,512,4/8/2024 7:30,12.95,2566.4,"","","",""
M5,513,4/8/2024 7:35,12.95,4382.72,"","","",""
M5,514,4/8/2024 7:40,12.95,8913.92,"","","",""
M5,515,4/8/2024 7:45,13.04,11909.12,"","","",""
M5,516,4/8/2024 7:50,13.08,8222.72,"","","",""
M5,517,4/8/2024 7:55,13.08,10613.76,"","","",""
M5,518,4/8/2024 8:00,13.12,14981.12,"","","",""
M5,519,4/8/2024 8:05,13.12,10265.6,"","","",""
M5,520,4/8/2024 8:10,13.17,12825.6,"","","",""
M5,521,4/8/2024 8:15,13.17,14423.04,"","","",""
M5,522,4/8/2024 8:20,13.21,7546.88,"","","",""
M5,523,4/8/2024 8:25,13.21,16547.84,"","","",""
M5,524,4/8/2024 8:30,13.25,16844.8,"","","",""
M5,525,4/8/2024 8:35,13.3,24166.4,"","","",""
M5,526,4/8/2024 8:40,13.3,19061.76,"","","",""
M5,527,4/8/2024 8:45,13.34,14883.84,"","","",""
M5,528,4/8/2024 8:50,13.34,13332.48,"","","",""
M5,529,4/8/2024 8:55,13.38,18524.16,"","","",""
M5,530,4/8/2024 9:00,13.43,14950.4,"","","",""
M5,531,4/8/2024 9:05,13.51,16896,"","","",""
M5,532,4/8/2024 9:10,13.51,19404.8,"","","",""
M5,533,4/8/2024 9:15,13.64,29665.28,"","","",""
M5,534,4/8/2024 9:20,13.68,35328,"","","",""
M5,535,4/8/2024 9:25,13.81,32245.76,"","","",""
M5,536,4/8/2024 9:30,13.9,23910.4,"","","",""
M5,537,4/8/2024 9:35,13.98,36935.68,"","","",""
M5,538,4/8/2024 9:40,14.07,43724.8,"","","",""
M5,539,4/8/2024 9:45,14.15,31242.24,"","","",""
M5,540,4/8/2024 9:50,14.2,38543.36,"","","",""
M5,541,4/8/2024 9:55,14.28,31764.48,"","","",""
M5,542,4/8/2024 10:00,14.33,37969.92,"","","",""
M5,543,4/8/2024 10:05,14.41,44769.28,"","","",""
M5,544,4/8/2024 10:10,14.45,82288.64,"","","",""
M5,545,4/8/2024 10:15,14.45,43683.84,"","","",""
M5,546,4/8/2024 10:20,14.5,71884.8,"","","",""
M5,547,4/8/2024 10:25,14.5,50831.36,"","","",""
M5,548,4/8/2024 10:30,14.45,57446.4,"","","",""
M5,549,4/8/2024 10:35,14.41,37621.76,"","","",""
M5,550,4/8/2024 10:40,14.41,34693.12,"","","",""
M5,551,4/8/2024 10:45,14.33,34048,"","","",""
M5,552,4/8/2024 10:50,14.24,31006.72,"","","",""
M5,553,4/8/2024 10:55,14.28,40161.28,"","","",""
M5,554,4/8/2024 11:00,14.24,28579.84,"","","",""
M5,555,4/8/2024 11:05,14.24,26398.72,"","","",""
M5,556,4/8/2024 11:10,14.24,26204.16,"","","",""
M5,557,4/8/2024 11:15,14.2,17182.72,"","","",""
M5,558,4/8/2024 11:20,14.24,24606.72,"","","",""
M5,559,4/8/2024 11:25,14.28,14709.76,"","","",""
M5,560,4/8/2024 11:30,14.41,35737.6,"","","",""
M5,561,4/8/2024 11:35,14.5,33536,"","","",""
M5,562,4/8/2024 11:40,14.58,22261.76,"","","",""
M5,563,4/8/2024 11:45,14.71,46264.32,"","","",""
M5,564,4/8/2024 11:50,14.97,46653.44,"","","",""
M5,565,4/8/2024 11:55,15.1,37324.8,"","","",""
M5,566,4/8/2024 12:00,15.18,47472.64,"","","",""
M5,567,4/8/2024 12:05,15.44,46469.12,"","","",""
M5,568,4/8/2024 12:10,15.57,55787.52,"","","",""
M5,569,4/8/2024 12:15,15.78,59801.6,"","","",""
M5,570,4/8/2024 12:20,16.04,73236.48,"","","",""
M5,571,4/8/2024 12:25,16.26,79032.32,"","","",""
M5,572,4/8/2024 12:30,16.47,61767.68,"","","",""
M5,573,4/8/2024 12:35,16.77,79933.44,"","","",""
M5,643,4/8/2024 18:25,15.53,3452.16,"","","",""
M5,644,4/8/2024 18:30,15.57,2368,"","","",""
M5,645,4/8/2024 18:35,15.57,1095.68,"","","",""
M5,646,4/8/2024 18:40,15.57,2432,"","","",""
M5,647,4/8/2024 18:45,15.57,1736.32,"","","",""
M5,648,4/8/2024 18:50,15.53,1752.32,"","","",""
M5,649,4/8/2024 18:55,15.44,1637.76,"","","",""
M5,650,4/8/2024 19:00,15.44,1056.64,"","","",""
M5,651,4/8/2024 19:05,15.44,1006.08,"","","",""
M5,652,4/8/2024 19:10,15.36,634.72,"","","",""
M5,653,4/8/2024 19:15,15.31,302.32,"","","",""
M5,654,4/8/2024 19:20,15.27,227.12,"","","",""
M5,655,4/8/2024 19:25,15.31,75.74,"","","",""
M5,656,4/8/2024 19:30,15.27,52.14,"","","",""
M5,657,4/8/2024 19:35,15.27,11.55,"","","",""
M5,658,4/8/2024 19:40,15.18,4.14,"","","",""
M5,659,4/8/2024 19:45,15.18,1.08,"","","",""
M5,660,4/8/2024 19:50,15.18,0,"","","",""
M5,661,4/8/2024 19:55,15.1,0,"","","",""
M5,662,4/8/2024 20:00,15.06,0,"","","",""
M5,663,4/8/2024 20:05,15.06,0,"","","",""
M5,664,4/8/2024 20:10,15.01,0,"","","",""
M5,665,4/8/2024 20:15,15.1,0,"","","",""
M5,666,4/8/2024 20:20,15.06,0,"","","",""
M5,667,4/8/2024 20:25,14.97,0,"","","",""
M5,668,4/8/2024 20:30,15.01,0,"","","",""
M5,669,4/8/2024 20:35,14.93,0,"","","",""
M5,670,4/8/2024 20:40,14.8,0,"","","",""
M5,671,4/8/2024 20:45,14.84,0,"","","",""
M5,672,4/8/2024 20:50,14.75,0,"","","",""
M5,673,4/8/2024 20:55,14.84,0,"","","",""
M5,674,4/8/2024 21:00,14.8,0,"","","",""
M5,675,4/8/2024 21:05,14.84,0,"","","",""
M5,676,4/8/2024 21:10,14.84,0,"","","",""
M5,677,4/8/2024 21:15,14.75,0,"","","",""
M5,678,4/8/2024 21:20,14.75,0,"","","",""
M5,679,4/8/2024 21:25,14.75,0,"","","",""
M5,680,4/8/2024 21:30,14.8,0,"","","",""
M5,681,4/8/2024 21:35,14.8,0,"","","",""
M5,682,4/8/2024 21:40,14.84,0,"","","",""
M5,683,4/8/2024 21:45,14.71,0,"","","",""
M5,684,4/8/2024 21:50,14.71,0,"","","",""
M5,685,4/8/2024 21:55,14.63,0,"","","",""
M5,686,4/8/2024 22:00,14.58,0,"","","",""
M5,687,4/8/2024 22:05,14.58,0,"","","",""
M5,688,4/8/2024 22:10,14.58,0,"","","",""
M5,689,4/8/2024 22:15,14.58,0,"","","",""
M5,690,4/8/2024 22:20,14.58,0,"","","",""
M5,691,4/8/2024 22:25,14.54,0,"","","",""
M5,692,4/8/2024 22:30,14.5,0,"","","",""
M5,693,4/8/2024 22:35,14.54,0,"","","",""
M5,694,4/8/2024 22:40,14.58,0,"","","",""
M5,695,4/8/2024 22:45,14.5,0,"","","",""
M5,696,4/8/2024 22:50,14.5,0,"","","",""
M5,697,4/8/2024 22:55,14.54,0,"","","",""
M5,698,4/8/2024 23:00,14.5,0,"","","",""
M5,699,4/8/2024 23:05,14.45,0,"","","",""
M5,700,4/8/2024 23:10,14.41,0,"","","",""
M5,701,4/8/2024 23:15,14.41,0,"","","",""
M5,702,4/8/2024 23:20,14.37,0,"","","",""
M5,703,4/8/2024 23:25,14.41,0,"","","",""
M5,704,4/8/2024 23:30,14.41,0,"","","",""
M5,705,4/8/2024 23:35,14.37,0,"","","",""
M5,706,4/8/2024 23:40,14.28,0,"","","",""
M5,707,4/8/2024 23:45,14.15,0,"","","",""
M5,708,4/8/2024 23:50,13.98,0,"","","",""
M5,709,4/8/2024 23:55,13.98,0,"","","",""
M5,710,4/9/2024 0:00,14.07,0,"","","",""
M5,711,4/9/2024 0:05,14.11,0,"","","",""
M5,712,4/9/2024 0:10,13.98,0,"","","",""
M5,713,4/9/2024 0:15,14.03,0,"","","",""
M5,714,4/9/2024 0:20,13.81,0,"","","",""
M5,715,4/9/2024 0:25,13.9,0,"","","",""
M5,716,4/9/2024 0:30,13.9,0,"","","",""
M5,717,4/9/2024 0:35,13.81,0,"","","",""
M5,718,4/9/2024 0:40,13.81,0,"","","",""
M5,719,4/9/2024 0:45,13.85,0,"","","",""
M5,720,4/9/2024 0:50,13.81,0,"","","",""
M5,721,4/9/2024 0:55,13.81,0,"","","",""
M5,722,4/9/2024 1:00,13.85,0,"","","",""
M5,723,4/9/2024 1:05,13.81,0,"","","",""
M5,805,4/9/2024 7:55,13,13542.4,"","","",""
M5,806,4/9/2024 8:00,13.08,3737.6,"","","",""
M5,807,4/9/2024 8:05,13.34,19758.08,"","","",""
M5,808,4/9/2024 8:10,13.21,11156.48,"","","",""
M5,809,4/9/2024 8:15,13.3,20705.28,"","","",""
M5,810,4/9/2024 8:20,13.34,21012.48,"","","",""
M5,811,4/9/2024 8:25,13.34,7308.8,"","","",""
M5,812,4/9/2024 8:30,13.3,25425.92,"","","",""
M5,813,4/9/2024 8:35,13.43,21903.36,"","","",""
M5,814,4/9/2024 8:40,13.43,36444.16,"","","",""
M5,815,4/9/2024 8:45,13.43,25681.92,"","","",""
M5,816,4/9/2024 8:50,13.47,19200,"","","",""
M5,817,4/9/2024 8:55,13.51,26890.24,"","","",""
M5,818,4/9/2024 9:00,13.6,19968,"","","",""
M5,819,4/9/2024 9:05,13.6,22691.84,"","","",""
M5,820,4/9/2024 9:10,13.64,38236.16,"","","",""
M5,821,4/9/2024 9:15,13.73,23654.4,"","","",""
M5,822,4/9/2024 9:20,13.73,28672,"","","",""
M5,823,4/9/2024 9:25,13.81,33034.24,"","","",""
M5,824,4/9/2024 9:30,13.81,38625.28,"","","",""
M5,825,4/9/2024 9:35,13.85,61644.8,"","","",""
M5,826,4/9/2024 9:40,13.9,32460.8,"","","",""
M5,827,4/9/2024 9:45,13.9,57651.2,"","","",""
M5,828,4/9/2024 9:50,13.94,54087.68,"","","",""
M5,829,4/9/2024 9:55,13.94,49111.04,"","","",""
M5,830,4/9/2024 10:00,13.98,64921.6,"","","",""
M5,831,4/9/2024 10:05,14.07,39669.76,"","","",""
M5,832,4/9/2024 10:10,14.03,64942.08,"","","",""
M5,833,4/9/2024 10:15,14.07,64471.04,"","","",""
M5,834,4/9/2024 10:20,14.15,56709.12,"","","",""
M5,835,4/9/2024 10:25,14.15,65413.12,"","","",""
M5,836,4/9/2024 10:30,14.15,39792.64,"","","",""
M5,837,4/9/2024 10:35,14.2,54804.48,"","","",""
M5,838,4/9/2024 10:40,14.2,53329.92,"","","",""
M5,839,4/9/2024 10:45,14.24,40314.88,"","","",""
M5,840,4/9/2024 10:50,14.28,59719.68,"","","",""
M5,841,4/9/2024 10:55,14.28,42721.28,"","","",""
M5,842,4/9/2024 11:00,14.33,40796.16,"","","",""
M5,843,4/9/2024 11:05,14.28,56320,"","","",""
M5,844,4/9/2024 11:10,14.28,65536,"","","",""
M5,845,4/9/2024 11:15,14.33,70307.84,"","","",""
M5,846,4/9/2024 11:20,14.45,55930.88,"","","",""
M5,847,4/9/2024 11:25,14.54,45056,"","","",""
M5,848,4/9/2024 11:30,14.67,52203.52,"","","",""
M5,849,4/9/2024 11:35,14.71,117104.64,"","","",""
M5,850,4/9/2024 11:40,14.75,39639.04,"","","",""
M5,851,4/9/2024 11:45,14.84,70799.36,"","","",""
M5,852,4/9/2024 11:50,15.06,64163.84,"","","",""
M5,853,4/9/2024 11:55,15.06,70266.88,"","","",""
M5,854,4/9/2024 12:00,15.14,57466.88,"","","",""
M5,855,4/9/2024 12:05,15.27,58163.2,"","","",""
M5,856,4/9/2024 12:10,15.31,68608,"","","",""
M5,857,4/9/2024 12:15,15.4,48844.8,"","","",""
M5,858,4/9/2024 12:20,15.57,70737.92,"","","",""
M5,859,4/9/2024 12:25,15.7,32317.44,"","","",""
M5,860,4/9/2024 12:30,15.78,68341.76,"","","",""
M5,861,4/9/2024 12:35,15.78,65249.28,"","","",""
M5,862,4/9/2024 12:40,15.91,52592.64,"","","",""
M5,863,4/9/2024 12:45,16.26,65966.08,"","","",""
M5,864,4/9/2024 12:50,16.21,59801.6,"","","",""
M5,865,4/9/2024 12:55,16.39,69734.4,"","","",""
M5,866,4/9/2024 13:00,16.6,60764.16,"","","",""
M5,867,4/9/2024 13:05,17.11,71024.64,"","","",""
M5,868,4/9/2024 13:10,17.37,37478.4,"","","",""
M5,869,4/9/2024 13:15,17.5,72581.12,"","","",""
M5,870,4/9/2024 13:20,17.93,42516.48,"","","",""
M5,934,4/9/2024 18:40,15.4,2332.8,"","","",""
M5,935,4/9/2024 18:45,15.4,2039.68,"","","",""
M5,936,4/9/2024 18:50,15.36,2198.4,"","","",""
M5,937,4/9/2024 18:55,15.36,1706.24,"","","",""
M5,938,4/9/2024 19:00,15.4,304.72,"","","",""
M5,939,4/9/2024 19:05,15.27,967.68,"","","",""
M5,940,4/9/2024 19:10,15.31,625.92,"","","",""
M5,941,4/9/2024 19:15,15.27,502.08,"","","",""
M5,942,4/9/2024 19:20,15.18,205.04,"","","",""
M5,943,4/9/2024 19:25,15.1,34.16,"","","",""
M5,944,4/9/2024 19:30,15.1,63.1,"","","",""
M5,945,4/9/2024 19:35,15.06,20.13,"","","",""
M5,946,4/9/2024 19:40,15.01,6.75,"","","",""
M5,947,4/9/2024 19:45,14.93,1.08,"","","",""
M5,948,4/9/2024 19:50,14.93,0.21,"","","",""
M5,949,4/9/2024 19:55,14.8,0,"","","",""
M5,950,4/9/2024 20:00,14.88,0,"","","",""
M5,951,4/9/2024 20:05,14.84,0,"","","",""
M5,952,4/9/2024 20:10,14.8,0,"","","",""
M5,953,4/9/2024 20:15,14.88,0,"","","",""
M5,954,4/9/2024 20:20,14.88,0,"","","",""
M5,955,4/9/2024 20:25,14.67,0,"","","",""
M5,956,4/9/2024 20:30,14.5,0,"","","",""
M5,957,4/9/2024 20:35,14.5,0,"","","",""
M5,958,4/9/2024 20:40,14.67,0,"","","",""
M5,959,4/9/2024 20:45,14.67,0,"","","",""
M5,960,4/9/2024 20:50,14.63,0,"","","",""
M5,961,4/9/2024 20:55,14.63,0,"","","",""
M5,962,4/9/2024 21:00,14.5,0,"","","",""
M5,963,4/9/2024 21:05,14.33,0,"","","",""
M5,964,4/9/2024 21:10,14.11,0,"","","",""
M5,965,4/9/2024 21:15,14.28,0,"","","",""
M5,966,4/9/2024 21:20,14.11,0,"","","",""
M5,967,4/9/2024 21:25,14.07,0,"","","",""
M5,968,4/9/2024 21:30,14.07,0,"","","",""
M5,969,4/9/2024 21:35,14.15,0,"","","",""
M5,970,4/9/2024 21:40,14.07,0,"","","",""
M5,971,4/9/2024 21:45,14.15,0,"","","",""
M5,972,4/9/2024 21:50,14.15,0,"","","",""
M5,973,4/9/2024 21:55,14.15,0,"","","",""
M5,974,4/9/2024 22:00,14.07,0,"","","",""
M5,975,4/9/2024 22:05,14.07,0,"","","",""
M5,976,4/9/2024 22:10,14.07,0,"","","",""
M5,977,4/9/2024 22:15,14.03,0,"","","",""
M5,978,4/9/2024 22:20,14.03,0,"","","",""
M5,979,4/9/2024 22:25,14.07,0,"","","",""
M5,980,4/9/2024 22:30,13.98,0,"","","",""
M5,981,4/9/2024 22:35,13.94,0,"","","",""
M5,982,4/9/2024 22:40,13.98,0,"","","",""
M5,983,4/9/2024 22:45,13.9,0,"","","",""
M5,984,4/9/2024 22:50,13.94,0,"","","",""
M5,985,4/9/2024 22:55,13.98,0,"","","",""
M5,986,4/9/2024 23:00,14.03,0,"","","",""
M5,987,4/9/2024 23:05,14.03,0,"","","",""
M5,988,4/9/2024 23:10,13.98,0,"","","",""
M5,989,4/9/2024 23:15,13.94,0,"","","",""
M5,990,4/9/2024 23:20,13.98,0,"","","",""
M5,991,4/9/2024 23:25,14.03,0,"","","",""
M5,992,4/9/2024 23:30,14.03,0,"","","",""
M5,993,4/9/2024 23:35,13.98,0,"","","",""
M5,994,4/9/2024 23:40,14.03,0,"","","",""
M5,995,4/9/2024 23:45,13.98,0,"","","",""
M5,996,4/9/2024 23:50,13.9,0,"","","",""
M5,997,4/9/2024 23:55,13.9,0,"","","",""
M5,998,4/10/2024 0:00,13.94,0,"","","",""
M5,999,4/10/2024 0:05,13.9,0,"","","",""
M5,1000,4/10/2024 0:10,13.68,0,"","","",""
M5,1001,4/10/2024 0:15,13.73,0,"","","",""
M5,1002,4/10/2024 0:20,13.6,0,"","","",""
M5,1003,4/10/2024 0:25,13.51,0,"","","",""
M5,1004,4/10/2024 0:30,13.55,0,"","","",""
M5,1005,4/10/2024 0:35,13.55,0,"","","",""
M5,1006,4/10/2024 0:40,13.43,0,"","","",""
M5,1007,4/10/2024 0:45,13.51,0,"","","",""
M5,1008,4/10/2024 0:50,13.43,0,"","","",""
M5,1009,4/10/2024 0:55,13.34,0,"","","",""
M5,1010,4/10/2024 1:00,13.47,0,"","","",""
M5,1011,4/10/2024 1:05,13.38,0,"","","",""
M5,1012,4/10/2024 1:10,13.25,0,"","","",""
M5,1013,4/10/2024 1:15,13.34,0,"","","",""
M5,1014,4/10/2024 1:20,13.25,0,"","","",""
M5,1015,4/10/2024 1:25,13.38,0,"","","",""
M5,1016,4/10/2024 1:30,13.38,0,"","","",""
M5,1017,4/10/2024 1:35,13.38,0,"","","",""
M5,1018,4/10/2024 1:40,13.43,0,"","","",""
M5,1019,4/10/2024 1:45,13.47,0,"","","",""
M5,1020,4/10/2024 1:50,13.55,0,"","","",""
M5,1107,4/10/2024 9:05,15.53,35246.08,"","","",""
M5,1108,4/10/2024 9:10,15.31,48640,"","","",""
M5,1109,4/10/2024 9:15,14.71,6097.92,"","","",""
M5,1110,4/10/2024 9:20,15.14,31621.12,"","","",""
M5,1111,4/10/2024 9:25,14.84,13603.84,"","","",""
M5,1112,4/10/2024 9:30,14.8,42393.6,"","","",""
M5,1113,4/10/2024 9:35,14.84,20474.88,"","","",""
M5,1114,4/10/2024 9:40,14.71,42147.84,"","","",""
M5,1115,4/10/2024 9:45,14.71,27340.8,"","","",""
M5,1116,4/10/2024 9:50,14.84,37017.6,"","","",""
M5,1117,4/10/2024 9:55,14.8,27371.52,"","","",""
M5,1118,4/10/2024 10:00,14.8,39874.56,"","","",""
M5,1119,4/10/2024 10:05,14.88,45322.24,"","","",""
M5,1120,4/10/2024 10:10,14.93,33546.24,"","","",""
M5,1121,4/10/2024 10:15,14.93,28313.6,"","","",""
M5,1122,4/10/2024 10:20,15.01,12057.6,"","","",""
M5,1123,4/10/2024 10:25,14.97,66068.48,"","","",""
M5,1124,4/10/2024 10:30,15.01,41707.52,"","","",""
M5,1125,4/10/2024 10:35,15.01,54886.4,"","","",""
M5,1126,4/10/2024 10:40,15.01,37980.16,"","","",""
M5,1127,4/10/2024 10:45,15.1,16875.52,"","","",""
M5,1128,4/10/2024 10:50,15.14,52019.2,"","","",""
M5,1129,4/10/2024 10:55,15.27,67850.24,"","","",""
M5,1130,4/10/2024 11:00,15.23,32327.68,"","","",""
M5,1131,4/10/2024 11:05,15.27,54353.92,"","","",""
M5,1132,4/10/2024 11:10,15.31,62095.36,"","","",""
M5,1133,4/10/2024 11:15,15.4,61071.36,"","","",""
M5,1134,4/10/2024 11:20,15.4,50176,"","","",""
M5,1135,4/10/2024 11:25,15.4,62873.6,"","","",""
M5,1136,4/10/2024 11:30,15.36,64757.76,"","","",""
M5,1137,4/10/2024 11:35,15.4,76738.56,"","","",""
M5,1138,4/10/2024 11:40,15.44,55889.92,"","","",""
M5,1139,4/10/2024 11:45,15.48,34426.88,"","","",""
M5,1140,4/10/2024 11:50,15.57,33320.96,"","","",""
M5,1141,4/10/2024 11:55,15.44,81715.2,"","","",""
M5,1142,4/10/2024 12:00,15.48,62156.8,"","","",""
M5,1143,4/10/2024 12:05,15.57,47144.96,"","","",""
M5,1144,4/10/2024 12:10,15.53,92897.28,"","","",""
M5,1145,4/10/2024 12:15,15.53,47042.56,"","","",""
M5,1146,4/10/2024 12:20,15.48,31764.48,"","","",""
M5,1147,4/10/2024 12:25,15.7,67502.08,"","","",""
M5,1148,4/10/2024 12:30,15.61,53370.88,"","","",""
M5,1149,4/10/2024 12:35,15.66,42741.76,"","","",""
M5,1150,4/10/2024 12:40,15.66,59330.56,"","","",""
M5,1151,4/10/2024 12:45,15.91,15027.2,"","","",""
M5,1152,4/10/2024 12:50,16.13,60108.8,"","","",""
M5,1153,4/10/2024 12:55,16.21,62259.2,"","","",""
M5,1154,4/10/2024 13:00,16.6,43151.36,"","","",""
M5,1155,4/10/2024 13:05,16.73,65617.92,"","","",""
M5,1156,4/10/2024 13:10,16.73,129392.64,"","","",""
M5,1157,4/10/2024 13:15,16.73,45977.6,"","","",""
M5,1158,4/10/2024 13:20,16.86,70778.88,"","","",""
M5,1159,4/10/2024 13:25,16.86,34662.4,"","","",""
M5,1160,4/10/2024 13:30,16.9,56872.96,"","","",""
M5,1161,4/10/2024 13:35,16.94,76308.48,"","","",""
M5,1162,4/10/2024 13:40,17.2,64450.56,"","","",""
M5,1163,4/10/2024 13:45,17.5,33812.48,"","","",""
M5,1164,4/10/2024 13:50,17.41,59330.56,"","","",""
M5,1165,4/10/2024 13:55,17.93,55623.68,"","","",""
M5,1166,4/10/2024 14:00,18.14,69038.08,"","","",""
M5,1167,4/10/2024 14:05,19.47,85811.2,"","","",""
M5,1168,4/10/2024 14:10,19.35,40704,"","","",""
M5,1169,4/10/2024 14:15,20.29,50790.4,"","","",""
M5,1225,4/10/2024 18:55,15.74,2899.2,"","","",""
M5,1226,4/10/2024 19:00,15.66,1520,"","","",""
M5,1227,4/10/2024 19:05,15.66,1244.16,"","","",""
M5,1228,4/10/2024 19:10,15.61,543.52,"","","",""
M5,1229,4/10/2024 19:15,15.61,188.32,"","","",""
M5,1230,4/10/2024 19:20,15.57,363.04,"","","",""
M5,1231,4/10/2024 19:25,15.53,206.16,"","","",""
M5,1232,4/10/2024 19:30,15.48,70.5,"","","",""
M5,1233,4/10/2024 19:35,15.44,22.77,"","","",""
M5,1234,4/10/2024 19:40,15.44,8.93,"","","",""
M5,1235,4/10/2024 19:45,15.44,2.17,"","","",""
M5,1236,4/10/2024 19:50,15.44,0.21,"","","",""
M5,1237,4/10/2024 19:55,15.44,0,"","","",""
M5,1238,4/10/2024 20:00,15.36,0,"","","",""
M5,1239,4/10/2024 20:05,15.36,0,"","","",""
M5,1240,4/10/2024 20:10,15.27,0,"","","",""
M5,1241,4/10/2024 20:15,15.27,0,"","","",""
M5,1242,4/10/2024 20:20,15.27,0,"","","",""
M5,1243,4/10/2024 20:25,15.18,0,"","","",""
M5,1244,4/10/2024 20:30,15.18,0,"","","",""
M5,1245,4/10/2024 20:35,15.23,0,"","","",""
M5,1246,4/10/2024 20:40,15.23,0,"","","",""
M5,1247,4/10/2024 20:45,15.14,0,"","","",""
M5,1248,4/10/2024 20:50,15.06,0,"","","",""
M5,1249,4/10/2024 20:55,15.06,0,"","","",""
M5,1250,4/10/2024 21:00,15.1,0,"","","",""
M5,1251,4/10/2024 21:05,14.97,0,"","","",""
M5,1252,4/10/2024 21:10,15.01,0,"","","",""
M5,1253,4/10/2024 21:15,15.01,0,"","","",""
M5,1254,4/10/2024 21:20,14.88,0,"","","",""
M5,1255,4/10/2024 21:25,14.75,0,"","","",""
M5,1256,4/10/2024 21:30,14.67,0,"","","",""
M5,1257,4/10/2024 21:35,14.63,0,"","","",""
M5,1258,4/10/2024 21:40,14.45,0,"","","",""
M5,1259,4/10/2024 21:45,14.54,0,"","","",""
M5,1260,4/10/2024 21:50,14.75,0,"","","",""
M5,1261,4/10/2024 21:55,14.75,0,"","","",""
M5,1262,4/10/2024 22:00,14.67,0,"","","",""
M5,1263,4/10/2024 22:05,14.63,0,"","","",""
M5,1264,4/10/2024 22:10,14.54,0,"","","",""
M5,1265,4/10/2024 22:15,14.5,0,"","","",""
M5,1266,4/10/2024 22:20,14.5,0,"","","",""
M5,1267,4/10/2024 22:25,14.54,0,"","","",""
M5,1268,4/10/2024 22:30,14.5,0,"","","",""
M5,1269,4/10/2024 22:35,14.45,0,"","","",""
M5,1270,4/10/2024 22:40,14.41,0,"","","",""
M5,1271,4/10/2024 22:45,14.41,0,"","","",""
M5,1272,4/10/2024 22:50,14.45,0,"","","",""
M5,1273,4/10/2024 22:55,14.5,0,"","","",""
M5,1274,4/10/2024 23:00,14.45,0,"","","",""
M5,1275,4/10/2024 23:05,14.5,0,"","","",""
M5,1276,4/10/2024 23:10,14.54,0,"","","",""
M5,1277,4/10/2024 23:15,14.54,0,"","","",""
M5,1278,4/10/2024 23:20,14.54,0,"","","",""
M5,1279,4/10/2024 23:25,14.5,0,"","","",""
M5,1280,4/10/2024 23:30,14.5,0,"","","",""
M5,1281,4/10/2024 23:35,14.5,0,"","","",""
M5,1282,4/10/2024 23:40,14.5,0,"","","",""
M5,1283,4/10/2024 23:45,14.45,0,"","","",""
M5,1284,4/10/2024 23:50,14.5,0,"","","",""
M5,1285,4/10/2024 23:55,14.54,0,"","","",""
M5,1286,4/11/2024 0:00,14.54,0,"","","",""
M5,1287,4/11/2024 0:05,14.5,0,"","","",""
M5,1288,4/11/2024 0:10,14.5,0,"","","",""
M5,1289,4/11/2024 0:15,14.5,0,"","","",""
M5,1290,4/11/2024 0:20,14.45,0,"","","",""
M5,1291,4/11/2024 0:25,14.37,0,"","","",""
M5,1292,4/11/2024 0:30,14.24,0,"","","",""
M5,1293,4/11/2024 0:35,14.33,0,"","","",""
M5,1294,4/11/2024 0:40,14.24,0,"","","",""
M5,1295,4/11/2024 0:45,14.2,0,"","","",""
M5,1296,4/11/2024 0:50,14.15,0,"","","",""
M5,1297,4/11/2024 0:55,14.03,0,"","","",""
M5,1298,4/11/2024 1:00,13.73,0,"","","",""
M5,1299,4/11/2024 1:05,13.64,0,"","","",""
M5,1300,4/11/2024 1:10,13.77,0,"","","",""
M5,1301,4/11/2024 1:15,13.85,0,"","","",""
M5,1302,4/11/2024 1:20,13.85,0,"","","",""
M5,1303,4/11/2024 1:25,13.51,0,"","","",""
M5,1304,4/11/2024 1:30,13.55,0,"","","",""
M5,1305,4/11/2024 1:35,13.47,0,"","","",""
M5,1306,4/11/2024 1:40,13.34,0,"","","",""
M5,1307,4/11/2024 1:45,13.64,0,"","","",""
M5,1308,4/11/2024 1:50,13.6,0,"","","",""
M5,1309,4/11/2024 1:55,13.51,0,"","","",""
M5,1310,4/11/2024 2:00,13.55,0,"","","",""
M5,1311,4/11/2024 2:05,13.55,0,"","","",""
M5,1312,4/11/2024 2:10,13.51,0,"","","",""
M5,1313,4/11/2024 2:15,13.6,0,"","","",""
M5,1314,4/11/2024 2:20,13.68,0,"","","",""
M5,1315,4/11/2024 2:25,13.68,0,"","","",""
M5,1316,4/11/2024 2:30,13.68,0,"","","",""
M5,1317,4/11/2024 2:35,13.73,0,"","","",""
M5,1410,4/11/2024 10:20,15.44,50114.56,"","","",""
M5,1411,4/11/2024 10:25,15.53,42905.6,"","","",""
M5,1412,4/11/2024 10:30,15.14,50053.12,"","","",""
M5,1413,4/11/2024 10:35,15.14,70041.6,"","","",""
M5,1414,4/11/2024 10:40,15.44,71700.48,"","","",""
M5,1415,4/11/2024 10:45,15.44,59371.52,"","","",""
M5,1416,4/11/2024 10:50,15.18,58634.24,"","","",""
M5,1417,4/11/2024 10:55,15.18,28313.6,"","","",""
M5,1418,4/11/2024 11:00,14.97,49274.88,"","","",""
M5,1419,4/11/2024 11:05,15.14,67809.28,"","","",""
M5,1420,4/11/2024 11:10,14.88,23797.76,"","","",""
M5,1421,4/11/2024 11:15,15.01,63426.56,"","","",""
M5,1422,4/11/2024 11:20,15.1,52305.92,"","","",""
M5,1423,4/11/2024 11:25,15.06,48783.36,"","","",""
M5,1424,4/11/2024 11:30,15.06,60108.8,"","","",""
M5,1425,4/11/2024 11:35,15.1,57466.88,"","","",""
M5,1426,4/11/2024 11:40,15.14,67461.12,"","","",""
M5,1427,4/11/2024 11:45,15.18,63221.76,"","","",""
M5,1428,4/11/2024 11:50,15.18,67461.12,"","","",""
M5,1429,4/11/2024 11:55,15.14,63242.24,"","","",""
M5,1430,4/11/2024 12:00,15.18,34467.84,"","","",""
M5,1431,4/11/2024 12:05,15.18,72396.8,"","","",""
M5,1432,4/11/2024 12:10,15.18,36904.96,"","","",""
M5,1433,4/11/2024 12:15,15.23,68505.6,"","","",""
M5,1434,4/11/2024 12:20,15.36,53616.64,"","","",""
M5,1435,4/11/2024 12:25,15.27,42598.4,"","","",""
M5,1436,4/11/2024 12:30,15.36,65474.56,"","","",""
M5,1437,4/11/2024 12:35,15.4,74403.84,"","","",""
M5,1438,4/11/2024 12:40,15.36,68710.4,"","","",""
M5,1439,4/11/2024 12:45,15.53,42188.8,"","","",""
M5,1440,4/11/2024 12:50,15.57,110100.48,"","","",""
M5,1441,4/11/2024 12:55,15.74,14750.72,"","","",""
M5,1442,4/11/2024 13:00,15.74,65474.56,"","","",""
M5,1443,4/11/2024 13:05,15.83,60313.6,"","","",""
M5,1444,4/11/2024 13:10,15.91,66170.88,"","","",""
M5,1445,4/11/2024 13:15,16,49786.88,"","","",""
M5,1446,4/11/2024 13:20,16.04,72335.36,"","","",""
M5,1447,4/11/2024 13:25,16.08,71639.04,"","","",""
M5,1448,4/11/2024 13:30,16.39,87736.32,"","","",""
M5,1449,4/11/2024 13:35,16.3,76206.08,"","","",""
M5,1450,4/11/2024 13:40,16.39,35348.48,"","","",""
M5,1451,4/11/2024 13:45,16.39,64327.68,"","","",""
M5,1452,4/11/2024 13:50,16.51,75100.16,"","","",""
M5,1453,4/11/2024 13:55,16.39,77660.16,"","","",""
M5,1454,4/11/2024 14:00,16.69,46878.72,"","","",""
M5,1455,4/11/2024 14:05,16.69,30781.44,"","","",""
M5,1456,4/11/2024 14:10,16.99,59371.52,"","","",""
M5,1457,4/11/2024 14:15,16.94,51752.96,"","","",""
M5,1458,4/11/2024 14:20,17.03,74035.2,"","","",""
M5,1459,4/11/2024 14:25,17.2,66785.28,"","","",""
M5,1460,4/11/2024 14:30,16.73,33628.16,"","","",""
M5,1461,4/11/2024 14:35,17.03,50135.04,"","","",""
M5,1462,4/11/2024 14:40,17.5,37201.92,"","","",""
M5,1463,4/11/2024 14:45,17.63,47042.56,"","","",""
M5,1464,4/11/2024 14:50,17.72,58613.76,"","","",""
M5,1465,4/11/2024 14:55,17.59,24791.04,"","","",""
M5,1466,4/11/2024 15:00,18.74,56872.96,"","","",""
M5,1467,4/11/2024 15:05,18.1,51732.48,"","","",""
M5,1468,4/11/2024 15:10,18.1,64266.24,"","","",""
M5,1469,4/11/2024 15:15,17.89,62095.36,"","","",""
M5,1470,4/11/2024 15:20,18.83,77967.36,"","","",""
M5,1509,4/11/2024 18:35,15.1,1526.4,"","","",""
M5,1510,4/11/2024 18:40,14.97,2399.36,"","","",""
M5,1511,4/11/2024 18:45,14.97,2137.6,"","","",""
M5,1512,4/11/2024 18:50,14.97,1154.24,"","","",""
M5,1513,4/11/2024 18:55,14.88,1209.28,"","","",""
M5,1514,4/11/2024 19:00,14.88,1333.76,"","","",""
M5,1515,4/11/2024 19:05,14.84,962.56,"","","",""
M5,1516,4/11/2024 19:10,14.84,558.4,"","","",""
M5,1517,4/11/2024 19:15,14.8,437.6,"","","",""
M5,1518,4/11/2024 19:20,14.8,210.32,"","","",""
M5,1519,4/11/2024 19:25,14.75,127.04,"","","",""
M5,1520,4/11/2024 19:30,14.75,49.96,"","","",""
M5,1521,4/11/2024 19:35,14.71,28.93,"","","",""
M5,1522,4/11/2024 19:40,14.71,8.52,"","","",""
M5,1523,4/11/2024 19:45,14.71,0,"","","",""
M5,1524,4/11/2024 19:50,14.67,0,"","","",""
M5,1525,4/11/2024 19:55,14.67,0,"","","",""
M5,1526,4/11/2024 20:00,14.63,0,"","","",""
M5,1527,4/11/2024 20:05,14.63,0,"","","",""
M5,1528,4/11/2024 20:10,14.58,0,"","","",""
M5,1529,4/11/2024 20:15,14.58,0,"","","",""
M5,1530,4/11/2024 20:20,14.54,0,"","","",""
M5,1531,4/11/2024 20:25,14.54,0,"","","",""
M5,1532,4/11/2024 20:30,14.54,0,"","","",""
M5,1533,4/11/2024 20:35,14.5,0,"","","",""
M5,1534,4/11/2024 20:40,14.45,0,"","","",""
M5,1535,4/11/2024 20:45,14.41,0,"","","",""
M5,1536,4/11/2024 20:50,14.41,0,"","","",""
M5,1537,4/11/2024 20:55,14.41,0,"","","",""
M5,1538,4/11/2024 21:00,14.41,0,"","","",""
M5,1539,4/11/2024 21:05,14.37,0,"","","",""
M5,1540,4/11/2024 21:10,14.37,0,"","","",""
M5,1541,4/11/2024 21:15,14.41,0,"","","",""
M5,1542,4/11/2024 21:20,14.28,0,"","","",""
M5,1543,4/11/2024 21:25,14.24,0,"","","",""
M5,1544,4/11/2024 21:30,14.24,0,"","","",""
M5,1545,4/11/2024 21:35,14.28,0,"","","",""
M5,1546,4/11/2024 21:40,14.24,0,"","","",""
M5,1547,4/11/2024 21:45,14.33,0,"","","",""
M5,1548,4/11/2024 21:50,14.24,0,"","","",""
M5,1549,4/11/2024 21:55,14.2,0,"","","",""
M5,1550,4/11/2024 22:00,14.2,0,"","","",""
M5,1551,4/11/2024 22:05,14.2,0,"","","",""
M5,1552,4/11/2024 22:10,14.2,0,"","","",""
M5,1553,4/11/2024 22:15,14.2,0,"","","",""
M5,1554,4/11/2024 22:20,14.2,0,"","","",""
M5,1555,4/11/2024 22:25,14.11,0,"","","",""
M5,1556,4/11/2024 22:30,14.03,0,"","","",""
M5,1557,4/11/2024 22:35,14.11,0,"","","",""
M5,1558,4/11/2024 22:40,14.11,0,"","","",""
M5,1559,4/11/2024 22:45,14.07,0,"","","",""
M5,1560,4/11/2024 22:50,13.98,0,"","","",""
M5,1561,4/11/2024 22:55,13.9,0,"","","",""
M5,1562,4/11/2024 23:00,13.94,0,"","","",""
M5,1563,4/11/2024 23:05,13.94,0,"","","",""
M5,1564,4/11/2024 23:10,13.85,0,"","","",""
M5,1565,4/11/2024 23:15,13.85,0,"","","",""
M5,1566,4/11/2024 23:20,13.77,0,"","","",""
M5,1567,4/11/2024 23:25,13.9,0,"","","",""
M5,1568,4/11/2024 23:30,13.81,0,"","","",""
M5,1569,4/11/2024 23:35,13.81,0,"","","",""
M5,1570,4/11/2024 23:40,13.81,0,"","","",""
M5,1571,4/11/2024 23:45,13.68,0,"","","",""
M5,1572,4/11/2024 23:50,13.6,0,"","","",""
M5,1573,4/11/2024 23:55,13.6,0,"","","",""
M5,1574,4/12/2024 0:00,13.55,0,"","","",""
M5,1575,4/12/2024 0:05,13.64,0,"","","",""
M5,1576,4/12/2024 0:10,13.68,0,"","","",""
M5,1577,4/12/2024 0:15,13.64,0,"","","",""
M5,1578,4/12/2024 0:20,13.64,0,"","","",""
M5,1579,4/12/2024 0:25,13.68,0,"","","",""
M5,1580,4/12/2024 0:30,13.64,0,"","","",""
M5,1581,4/12/2024 0:35,13.68,0,"","","",""
M5,1582,4/12/2024 0:40,13.68,0,"","","",""
M5,1583,4/12/2024 0:45,13.73,0,"","","",""
M5,1584,4/12/2024 0:50,13.68,0,"","","",""
M5,1585,4/12/2024 0:55,13.77,0,"","","",""
M5,1586,4/12/2024 1:00,13.73,0,"","","",""
M5,1587,4/12/2024 1:05,13.77,0,"","","",""
M5,1588,4/12/2024 1:10,13.81,0,"","","",""
M5,1589,4/12/2024 1:15,13.77,0,"","","",""
M5,1590,4/12/2024 1:20,13.77,0,"","","",""
M5,1591,4/12/2024 1:25,13.73,0,"","","",""
M5,1592,4/12/2024 1:30,13.73,0,"","","",""
M5,1593,4/12/2024 1:35,13.68,0,"","","",""
M5,1594,4/12/2024 1:40,13.64,0,"","","",""
M5,1595,4/12/2024 1:45,13.68,0,"","","",""
M5,1596,4/12/2024 1:50,13.64,0,"","","",""
M5,1597,4/12/2024 1:55,13.64,0,"","","",""
M5,1598,4/12/2024 2:00,13.6,0,"","","",""
M5,1599,4/12/2024 2:05,13.68,0,"","","",""
M5,1600,4/12/2024 2:10,13.64,0,"","","",""
M5,1601,4/12/2024 2:15,13.64,0,"","","",""
M5,1602,4/12/2024 2:20,13.55,0,"","","",""
M5,1603,4/12/2024 2:25,13.55,0,"","","",""
M5,1604,4/12/2024 2:30,13.6,0,"","","",""
M5,1605,4/12/2024 2:35,13.55,0,"","","",""
M5,1606,4/12/2024 2:40,13.47,0,"","","",""
M5,1607,4/12/2024 2:45,13.47,0,"","","",""
M5,1608,4/12/2024 2:50,13.51,0,"","","",""
M5,1609,4/12/2024 2:55,13.6,0,"","","",""
M5,1610,4/12/2024 3:00,13.55,0,"","","",""
M5,1611,4/12/2024 3:05,13.51,0,"","","",""
M5,1612,4/12/2024 3:10,13.55,0,"","","",""
M5,1613,4/12/2024 3:15,13.55,0,"","","",""
M5,1614,4/12/2024 3:20,13.68,0,"","","",""
M5,1615,4/12/2024 3:25,13.55,0,"","","",""
M5,1616,4/12/2024 3:30,13.6,0,"","","",""
M5,1714,4/12/2024 11:40,14.2,15365.12,"","","",""
M5,1715,4/12/2024 11:45,14.11,6671.36,"","","",""
M5,1716,4/12/2024 11:50,14.2,16808.96,"","","",""
M5,1717,4/12/2024 11:55,13.9,16337.92,"","","",""
M5,1718,4/12/2024 12:00,14.03,17141.76,"","","",""
M5,1719,4/12/2024 12:05,13.94,13998.08,"","","",""
M5,1720,4/12/2024 12:10,13.81,17597.44,"","","",""
M5,1721,4/12/2024 12:15,13.85,13829.12,"","","",""
M5,1722,4/12/2024 12:20,13.73,15083.52,"","","",""
M5,1723,4/12/2024 12:25,13.81,13132.8,"","","",""
M5,1724,4/12/2024 12:30,13.81,11694.08,"","","",""
M5,1725,4/12/2024 12:35,13.81,9121.28,"","","",""
M5,1726,4/12/2024 12:40,13.98,20582.4,"","","",""
M5,1727,4/12/2024 12:45,13.98,12564.48,"","","",""
M5,1728,4/12/2024 12:50,13.9,13368.32,"","","",""
M5,1729,4/12/2024 12:55,14.11,26746.88,"","","",""
M5,1730,4/12/2024 13:00,14.15,8194.56,"","","",""
M5,1731,4/12/2024 13:05,14.2,23664.64,"","","",""
M5,1732,4/12/2024 13:10,14.15,19425.28,"","","",""
M5,1733,4/12/2024 13:15,14.07,19855.36,"","","",""
M5,1734,4/12/2024 13:20,14.07,12615.68,"","","",""
M5,1735,4/12/2024 13:25,14.15,19292.16,"","","",""
M5,1736,4/12/2024 13:30,14.11,16537.6,"","","",""
M5,1737,4/12/2024 13:35,14.33,23715.84,"","","",""
M5,1738,4/12/2024 13:40,14.28,17781.76,"","","",""
M5,1739,4/12/2024 13:45,14.24,17008.64,"","","",""
M5,1740,4/12/2024 13:50,14.24,19358.72,"","","",""
M5,1741,4/12/2024 13:55,14.28,20725.76,"","","",""
M5,1742,4/12/2024 14:00,14.41,22630.4,"","","",""
M5,1743,4/12/2024 14:05,14.41,15923.2,"","","",""
M5,1744,4/12/2024 14:10,14.33,16675.84,"","","",""
M5,1745,4/12/2024 14:15,14.28,15001.6,"","","",""
M5,1746,4/12/2024 14:20,14.45,9512.96,"","","",""
M5,1747,4/12/2024 14:25,14.45,22200.32,"","","",""
M5,1748,4/12/2024 14:30,14.41,20945.92,"","","",""
M5,1749,4/12/2024 14:35,14.28,17761.28,"","","",""
M5,1750,4/12/2024 14:40,14.41,19333.12,"","","",""
M5,1751,4/12/2024 14:45,14.37,19445.76,"","","",""
M5,1752,4/12/2024 14:50,14.33,3033.6,"","","",""
M5,1753,4/12/2024 14:55,14.2,4920.32,"","","",""
M5,1754,4/12/2024 15:00,14.33,18570.24,"","","",""
M5,1755,4/12/2024 15:05,14.28,14003.2,"","","",""
M5,1756,4/12/2024 15:10,14.37,18739.2,"","","",""
M5,1757,4/12/2024 15:15,14.41,16870.4,"","","",""
M5,1758,4/12/2024 15:20,14.33,17617.92,"","","",""
M5,1759,4/12/2024 15:25,14.33,13696,"","","",""
M5,1760,4/12/2024 15:30,14.41,17121.28,"","","",""
M5,1761,4/12/2024 15:35,14.45,15754.24,"","","",""
M5,1762,4/12/2024 15:40,14.41,20331.52,"","","",""
M5,1763,4/12/2024 15:45,14.58,22538.24,"","","",""
M5,1764,4/12/2024 15:50,14.63,21012.48,"","","",""
M5,1765,4/12/2024 15:55,14.63,17372.16,"","","",""
M5,1766,4/12/2024 16:00,14.63,8061.44,"","","",""
M5,1767,4/12/2024 16:05,14.63,13388.8,"","","",""
M5,1768,4/12/2024 16:10,14.63,27494.4,"","","",""
M5,1769,4/12/2024 16:15,14.63,19087.36,"","","",""
M5,1770,4/12/2024 16:20,14.41,5606.4,"","","",""
M5,1771,4/12/2024 16:25,14.5,9192.96,"","","",""
M5,1772,4/12/2024 16:30,14.45,14909.44,"","","",""
M5,1773,4/12/2024 16:35,14.41,12968.96,"","","",""
M5,1774,4/12/2024 16:40,14.54,4337.92,"","","",""
M5,1775,4/12/2024 16:45,14.54,17602.56,"","","",""
M5,1776,4/12/2024 16:50,14.37,7288.32,"","","",""
M5,1777,4/12/2024 16:55,14.37,9694.72,"","","",""
M5,1778,4/12/2024 17:00,14.28,9011.2,"","","",""
M5,1779,4/12/2024 17:05,14.24,8138.24,"","","",""
M5,1780,4/12/2024 17:10,14.2,7874.56,"","","",""
M5,1781,4/12/2024 17:15,14.11,5393.92,"","","",""
M5,1782,4/12/2024 17:20,14.15,5255.68,"","","",""
M5,1783,4/12/2024 17:25,14.11,3082.24,"","","",""
M5,1784,4/12/2024 17:30,14.11,3111.68,"","","",""
M5,1785,4/12/2024 17:35,14.03,632.48,"","","",""
M5,1786,4/12/2024 17:40,14.03,3508.48,"","","",""
M5,1787,4/12/2024 17:45,14.11,3125.76,"","","",""
M5,1788,4/12/2024 17:50,14.03,3360,"","","",""
M5,1789,4/12/2024 17:55,13.98,1569.92,"","","",""
M5,1790,4/12/2024 18:00,14.03,2632.96,"","","",""
M5,1792,4/12/2024 18:10,14.03,2545.92,"","","",""
M5,1793,4/12/2024 18:15,13.94,2362.24,"","","",""
M5,1794,4/12/2024 18:20,13.98,395.36,"","","",""
M5,1795,4/12/2024 18:25,13.98,1137.6,"","","",""
M5,1796,4/12/2024 18:30,13.94,1284.16,"","","",""
M5,1797,4/12/2024 18:35,13.94,1170.88,"","","",""
M5,1798,4/12/2024 18:40,13.94,1055.68,"","","",""
M5,1799,4/12/2024 18:45,13.94,947.52,"","","",""
M5,1800,4/12/2024 18:50,13.94,677.76,"","","",""
M5,1801,4/12/2024 18:55,13.94,652.16,"","","",""
M5,1802,4/12/2024 19:00,13.9,564,"","","",""
M5,1803,4/12/2024 19:05,13.9,173.44,"","","",""
M5,1804,4/12/2024 19:10,13.9,166.4,"","","",""
M5,1805,4/12/2024 19:15,13.9,171.84,"","","",""
M5,1806,4/12/2024 19:20,13.9,71.82,"","","",""
M5,1807,4/12/2024 19:25,13.9,18.58,"","","",""
M5,1808,4/12/2024 19:30,13.94,20.78,"","","",""
M5,1809,4/12/2024 19:35,13.9,8.28,"","","",""
M5,1810,4/12/2024 19:40,13.94,1.08,"","","",""
M5,1811,4/12/2024 19:45,13.9,0.65,"","","",""
M5,1812,4/12/2024 19:50,13.9,0,"","","",""
M5,1813,4/12/2024 19:55,13.9,0,"","","",""
M5,1814,4/12/2024 20:00,13.85,0,"","","",""
M5,1815,4/12/2024 20:05,13.9,0,"","","",""
M5,1816,4/12/2024 20:10,13.9,0,"","","",""
M5,1817,4/12/2024 20:15,13.9,0,"","","",""
M5,1818,4/12/2024 20:20,13.9,0,"","","",""
M5,1819,4/12/2024 20:25,13.9,0,"","","",""
M5,1820,4/12/2024 20:30,13.9,0,"","","",""
M5,1821,4/12/2024 20:35,13.85,0,"","","",""
M5,1822,4/12/2024 20:40,13.81,0,"","","",""
M5,1823,4/12/2024 20:45,13.9,0,"","","",""
M5,1824,4/12/2024 20:50,13.85,0,"","","",""
M5,1825,4/12/2024 20:55,13.9,0,"","","",""
M5,1826,4/12/2024 21:00,13.9,0,"","","",""
M5,1827,4/12/2024 21:05,13.81,0,"","","",""
M5,1828,4/12/2024 21:10,13.9,0,"","","",""
M5,1829,4/12/2024 21:15,13.9,0,"","","",""
M5,1830,4/12/2024 21:20,13.85,0,"","","",""
M5,1831,4/12/2024 21:25,13.85,0,"","","",""
M5,1832,4/12/2024 21:30,13.9,0,"","","",""
M5,1833,4/12/2024 21:35,13.9,0,"","","",""
M5,1834,4/12/2024 21:40,13.9,0,"","","",""
M5,1835,4/12/2024 21:45,13.9,0,"","","",""
M5,1836,4/12/2024 21:50,13.9,0,"","","",""
M5,1837,4/12/2024 21:55,13.9,0,"","","",""
M5,1838,4/12/2024 22:00,13.94,0,"","","",""
M5,1839,4/12/2024 22:05,13.9,0,"","","",""
M5,1840,4/12/2024 22:10,13.9,0,"","","",""
M5,1841,4/12/2024 22:15,13.94,0,"","","",""
M5,1842,4/12/2024 22:20,13.9,0,"","","",""
M5,1843,4/12/2024 22:25,13.9,0,"","","",""
M5,1844,4/12/2024 22:30,13.85,0,"","","",""
M5,1845,4/12/2024 22:35,13.9,0,"","","",""
M5,1846,4/12/2024 22:40,13.94,0,"","","",""
M5,1847,4/12/2024 22:45,13.9,0,"","","",""
M5,1848,4/12/2024 22:50,13.9,0,"","","",""
M5,1849,4/12/2024 22:55,13.94,0,"","","",""
M5,1850,4/12/2024 23:00,13.9,0,"","","",""
M5,1851,4/12/2024 23:05,13.94,0,"","","",""
M5,1852,4/12/2024 23:10,13.94,0,"","","",""
M5,1853,4/12/2024 23:15,13.94,0,"","","",""
M5,1854,4/12/2024 23:20,13.94,0,"","","",""
M5,1855,4/12/2024 23:25,13.98,0,"","","",""
M5,1856,4/12/2024 23:30,13.98,0,"","","",""
M5,1857,4/12/2024 23:35,13.94,0,"","","",""
M5,1858,4/12/2024 23:40,13.98,0,"","","",""
M5,1859,4/12/2024 23:45,13.9,0,"","","",""
M5,1860,4/12/2024 23:50,13.94,0,"","","",""
M5,1861,4/12/2024 23:55,13.98,0,"","","",""
M5,1862,4/13/2024 0:00,13.94,0,"","","",""
M5,1863,4/13/2024 0:05,13.94,0,"","","",""
M5,1864,4/13/2024 0:10,13.98,0,"","","",""
M5,1865,4/13/2024 0:15,13.98,0,"","","",""
M5,1866,4/13/2024 0:20,13.94,0,"","","",""
M5,1867,4/13/2024 0:25,13.98,0,"","","",""
M5,1868,4/13/2024 0:30,13.98,0,"","","",""
M5,1869,4/13/2024 0:35,13.94,0,"","","",""
M5,1870,4/13/2024 0:40,13.9,0,"","","",""
M5,1871,4/13/2024 0:45,13.94,0,"","","",""
M5,1872,4/13/2024 0:50,13.94,0,"","","",""
M5,1873,4/13/2024 0:55,13.94,0,"","","",""
M5,1874,4/13/2024 1:00,13.94,0,"","","",""
M5,1875,4/13/2024 1:05,13.94,0,"","","",""
M5,1876,4/13/2024 1:10,13.94,0,"","","",""
M5,1877,4/13/2024 1:15,13.94,0,"","","",""
M5,1878,4/13/2024 1:20,13.9,0,"","","",""
M5,1879,4/13/2024 1:25,13.9,0,"","","",""
M5,1880,4/13/2024 1:30,13.98,0,"","","",""
M5,1881,4/13/2024 1:35,13.9,0,"","","",""
M5,1882,4/13/2024 1:40,13.9,0,"","","",""
M5,1883,4/13/2024 1:45,13.94,0,"","","",""
M5,1884,4/13/2024 1:50,13.9,0,"","","",""
M5,1885,4/13/2024 1:55,13.9,0,"","","",""
M5,1886,4/13/2024 2:00,13.9,0,"","","",""
M5,1887,4/13/2024 2:05,13.9,0,"","","",""
M5,1888,4/13/2024 2:10,13.9,0,"","","",""
M5,1889,4/13/2024 2:15,13.9,0,"","","",""
M5,1890,4/13/2024 2:20,13.85,0,"","","",""
M5,1891,4/13/2024 2:25,13.9,0,"","","",""
M5,1892,4/13/2024 2:30,13.9,0,"","","",""
M5,1893,4/13/2024 2:35,13.9,0,"","","",""
M5,1894,4/13/2024 2:40,13.9,0,"","","",""
M5,1895,4/13/2024 2:45,13.94,0,"","","",""
M5,1896,4/13/2024 2:50,13.94,0,"","","",""
M5,1897,4/13/2024 2:55,13.9,0,"","","",""
M5,1898,4/13/2024 3:00,13.9,0,"","","",""
M5,1899,4/13/2024 3:05,13.94,0,"","","",""
M5,1900,4/13/2024 3:10,13.94,0,"","","",""
M5,1901,4/13/2024 3:15,13.94,0,"","","",""
M5,1902,4/13/2024 3:20,13.9,0,"","","",""
M5,1903,4/13/2024 3:25,13.9,0,"","","",""
M5,1904,4/13/2024 3:30,13.85,0,"","","",""
M5,1905,4/13/2024 3:35,13.9,0,"","","",""
M5,1906,4/13/2024 3:40,13.94,0,"","","",""
M5,1907,4/13/2024 3:45,13.94,0,"","","",""
M5,1908,4/13/2024 3:50,13.98,0,"","","",""
M5,1909,4/13/2024 3:55,13.94,0,"","","",""
M5,1910,4/13/2024 4:00,13.94,0,"","","",""
M5,1911,4/13/2024 4:05,13.9,0,"","","",""
M5,1912,4/13/2024 4:10,13.94,0,"","","",""
M5,1913,4/13/2024 4:15,13.98,0,"","","",""
M5,1914,4/13/2024 4:20,13.94,0,"","","",""
M5,1915,4/13/2024 4:25,13.94,0,"","","",""
M5,1916,4/13/2024 4:30,13.94,0,"","","",""
M5,2022,4/13/2024 13:20,15.01,6202.88,"","","",""
M5,2023,4/13/2024 13:25,14.8,9792,"","","",""
M5,2024,4/13/2024 13:30,14.93,18242.56,"","","",""
M5,2025,4/13/2024 13:35,15.01,17059.84,"","","",""
M5,2026,4/13/2024 13:40,15.1,4965.12,"","","",""
M5,2027,4/13/2024 13:45,15.01,20582.4,"","","",""
M5,2028,4/13/2024 13:50,15.01,16819.2,"","","",""
M5,2029,4/13/2024 13:55,14.97,8744.96,"","","",""
M5,2030,4/13/2024 14:00,15.1,18483.2,"","","",""
M5,2031,4/13/2024 14:05,14.88,12487.68,"","","",""
M5,2032,4/13/2024 14:10,14.97,19932.16,"","","",""
M5,2033,4/13/2024 14:15,14.84,3441.92,"","","",""
M5,2034,4/13/2024 14:20,14.71,6407.68,"","","",""
M5,2035,4/13/2024 14:25,14.67,5381.12,"","","",""
M5,2036,4/13/2024 14:30,14.63,7636.48,"","","",""
M5,2037,4/13/2024 14:35,14.58,6405.12,"","","",""
M5,2038,4/13/2024 14:40,14.54,6028.8,"","","",""
M5,2039,4/13/2024 14:45,14.63,14305.28,"","","",""
M5,2040,4/13/2024 14:50,14.75,2512.64,"","","",""
M5,2041,4/13/2024 14:55,14.63,13429.76,"","","",""
M5,2042,4/13/2024 15:00,14.67,13342.72,"","","",""
M5,2043,4/13/2024 15:05,14.63,7219.2,"","","",""
M5,2044,4/13/2024 15:10,15.14,18104.32,"","","",""
M5,2045,4/13/2024 15:15,15.01,25016.32,"","","",""
M5,2046,4/13/2024 15:20,14.75,19783.68,"","","",""
M5,2047,4/13/2024 15:25,14.63,12293.12,"","","",""
M5,2048,4/13/2024 15:30,14.63,14008.32,"","","",""
M5,2049,4/13/2024 15:35,14.45,2643.2,"","","",""
M5,2050,4/13/2024 15:40,14.54,10196.48,"","","",""
M5,2051,4/13/2024 15:45,14.54,5923.84,"","","",""
M5,2052,4/13/2024 15:50,14.45,521.28,"","","",""
M5,2053,4/13/2024 15:55,14.5,10042.88,"","","",""
M5,2054,4/13/2024 16:00,14.5,5565.44,"","","",""
M5,2055,4/13/2024 16:05,14.54,5568,"","","",""
M5,2056,4/13/2024 16:10,14.5,9930.24,"","","",""
M5,2057,4/13/2024 16:15,14.54,854.72,"","","",""
M5,2058,4/13/2024 16:20,14.41,3246.08,"","","",""
M5,2059,4/13/2024 16:25,14.5,5506.56,"","","",""
M5,2060,4/13/2024 16:30,14.45,4163.84,"","","",""
M5,2061,4/13/2024 16:35,14.54,7032.32,"","","",""
M5,2062,4/13/2024 16:40,14.5,7475.2,"","","",""
M5,2063,4/13/2024 16:45,14.54,3415.04,"","","",""
M5,2064,4/13/2024 16:50,14.54,3020.8,"","","",""
M5,2065,4/13/2024 16:55,14.54,1820.16,"","","",""
M5,2066,4/13/2024 17:00,14.45,2903.04,"","","",""
M5,2067,4/13/2024 17:05,14.41,759.68,"","","",""
M5,2068,4/13/2024 17:10,14.45,3793.92,"","","",""
M5,2069,4/13/2024 17:15,14.45,2871.04,"","","",""
M5,2070,4/13/2024 17:20,14.45,340.64,"","","",""
M5,2071,4/13/2024 17:25,14.5,503.84,"","","",""
M5,2072,4/13/2024 17:30,14.45,3322.88,"","","",""
M5,2073,4/13/2024 17:35,14.41,575.84,"","","",""
M5,2074,4/13/2024 17:40,14.41,2613.76,"","","",""
M5,2075,4/13/2024 17:45,14.5,137.4,"","","",""
M5,2076,4/13/2024 17:50,14.5,3447.04,"","","",""
M5,2077,4/13/2024 17:55,14.45,595.84,"","","",""
M5,2078,4/13/2024 18:00,14.41,1712,"","","",""
M5,2079,4/13/2024 18:05,14.37,569.76,"","","",""
M5,2080,4/13/2024 18:10,14.41,424.16,"","","",""
M5,2081,4/13/2024 18:15,14.45,567.04,"","","",""
M5,2082,4/13/2024 18:20,14.41,2587.52,"","","",""
M5,2083,4/13/2024 18:25,14.41,274.16,"","","",""
M5,2084,4/13/2024 18:30,14.41,282,"","","",""
M5,2085,4/13/2024 18:35,14.37,1322.24,"","","",""
M5,2086,4/13/2024 18:40,14.33,1257.28,"","","",""
M5,2087,4/13/2024 18:45,14.28,507.36,"","","",""
M5,2088,4/13/2024 18:50,14.28,930.24,"","","",""
M5,2089,4/13/2024 18:55,14.28,247.12,"","","",""
M5,2090,4/13/2024 19:00,14.24,611.2,"","","",""
M5,2091,4/13/2024 19:05,14.24,57.38,"","","",""
M5,2092,4/13/2024 19:10,14.24,184.16,"","","",""
M5,2093,4/13/2024 19:15,14.28,40.7,"","","",""
M5,2094,4/13/2024 19:20,14.24,52.96,"","","",""
M5,2095,4/13/2024 19:25,14.2,53.88,"","","",""
M5,2096,4/13/2024 19:30,14.2,36.4,"","","",""
M5,2097,4/13/2024 19:35,14.24,9.83,"","","",""
M5,2098,4/13/2024 19:40,14.2,5.44,"","","",""
M5,2099,4/13/2024 19:45,14.24,1.08,"","","",""
M5,2100,4/13/2024 19:50,14.2,0,"","","",""
M5,2101,4/13/2024 19:55,14.2,0,"","","",""
M5,2102,4/13/2024 20:00,14.2,0,"","","",""
M5,2103,4/13/2024 20:05,14.2,0,"","","",""
M5,2104,4/13/2024 20:10,14.15,0,"","","",""
M5,2105,4/13/2024 20:15,14.2,0,"","","",""
M5,2106,4/13/2024 20:20,14.2,0,"","","",""
M5,2107,4/13/2024 20:25,14.15,0,"","","",""
M5,2108,4/13/2024 20:30,14.11,0,"","","",""
M5,2109,4/13/2024 20:35,14.11,0,"","","",""
M5,2110,4/13/2024 20:40,14.11,0,"","","",""
M5,2111,4/13/2024 20:45,14.11,0,"","","",""
M5,2112,4/13/2024 20:50,14.11,0,"","","",""
M5,2113,4/13/2024 20:55,14.11,0,"","","",""
M5,2114,4/13/2024 21:00,14.11,0,"","","",""
M5,2115,4/13/2024 21:05,14.11,0,"","","",""
M5,2116,4/13/2024 21:10,14.07,0,"","","",""
M5,2117,4/13/2024 21:15,14.07,0,"","","",""
M5,2118,4/13/2024 21:20,14.11,0,"","","",""
M5,2119,4/13/2024 21:25,14.11,0,"","","",""
M5,2120,4/13/2024 21:30,14.11,0,"","","",""
M5,2121,4/13/2024 21:35,14.07,0,"","","",""
M5,2122,4/13/2024 21:40,14.07,0,"","","",""
M5,2123,4/13/2024 21:45,14.03,0,"","","",""
M5,2124,4/13/2024 21:50,14.07,0,"","","",""
M5,2125,4/13/2024 21:55,14.03,0,"","","",""
M5,2126,4/13/2024 22:00,14.07,0,"","","",""
M5,2127,4/13/2024 22:05,14.03,0,"","","",""
M5,2128,4/13/2024 22:10,14.07,0,"","","",""
M5,2129,4/13/2024 22:15,14.03,0,"","","",""
M5,2130,4/13/2024 22:20,14.07,0,"","","",""
M5,2131,4/13/2024 22:25,14.07,0,"","","",""
M5,2132,4/13/2024 22:30,14.03,0,"","","",""
M5,2133,4/13/2024 22:35,14.03,0,"","","",""
M5,2134,4/13/2024 22:40,14.03,0,"","","",""
M5,2135,4/13/2024 22:45,14.03,0,"","","",""
M5,2136,4/13/2024 22:50,14.03,0,"","","",""
M5,2137,4/13/2024 22:55,14.03,0,"","","",""
M5,2138,4/13/2024 23:00,14.03,0,"","","",""
M5,2139,4/13/2024 23:05,14.03,0,"","","",""
M5,2140,4/13/2024 23:10,14.03,0,"","","",""
M5,2141,4/13/2024 23:15,13.98,0,"","","",""
M5,2142,4/13/2024 23:20,14.03,0,"","","",""
M5,2143,4/13/2024 23:25,14.03,0,"","","",""
M5,2144,4/13/2024 23:30,13.98,0,"","","",""
M5,2145,4/13/2024 23:35,13.98,0,"","","",""
M5,2146,4/13/2024 23:40,14.03,0,"","","",""
M5,2147,4/13/2024 23:45,14.03,0,"","","",""
M5,2148,4/13/2024 23:50,13.94,0,"","","",""
M5,2149,4/13/2024 23:55,13.94,0,"","","",""
M5,2150,4/14/2024 0:00,13.98,0,"","","",""
M5,2151,4/14/2024 0:05,13.94,0,"","","",""
M5,2152,4/14/2024 0:10,13.98,0,"","","",""
M5,2153,4/14/2024 0:15,13.94,0,"","","",""
M5,2154,4/14/2024 0:20,13.94,0,"","","",""
M5,2155,4/14/2024 0:25,13.98,0,"","","",""
M5,2156,4/14/2024 0:30,13.94,0,"","","",""
M5,2157,4/14/2024 0:35,13.98,0,"","","",""
M5,2158,4/14/2024 0:40,13.94,0,"","","",""
M5,2159,4/14/2024 0:45,13.98,0,"","","",""
M5,2160,4/14/2024 0:50,13.98,0,"","","",""
M5,2161,4/14/2024 0:55,13.98,0,"","","",""
M5,2162,4/14/2024 1:00,13.98,0,"","","",""
M5,2163,4/14/2024 1:05,13.94,0,"","","",""
M5,2164,4/14/2024 1:10,13.98,0,"","","",""
M5,2165,4/14/2024 1:15,13.94,0,"","","",""
M5,2166,4/14/2024 1:20,13.94,0,"","","",""
M5,2167,4/14/2024 1:25,13.94,0,"","","",""
M5,2168,4/14/2024 1:30,13.94,0,"","","",""
M5,2169,4/14/2024 1:35,13.94,0,"","","",""
M5,2170,4/14/2024 1:40,14.03,0,"","","",""
M5,2171,4/14/2024 1:45,14.03,0,"","","",""
M5,2172,4/14/2024 1:50,14.03,0,"","","",""
M5,2173,4/14/2024 1:55,13.98,0,"","","",""
M5,2174,4/14/2024 2:00,13.9,0,"","","",""
M5,2175,4/14/2024 2:05,13.94,0,"","","",""
M5,2176,4/14/2024 2:10,13.98,0,"","","",""
M5,2177,4/14/2024 2:15,13.94,0,"","","",""
M5,2178,4/14/2024 2:20,13.94,0,"","","",""
M5,2179,4/14/2024 2:25,13.94,0,"","","",""
M5,2180,4/14/2024 2:30,13.94,0,"","","",""
M5,2181,4/14/2024 2:35,13.94,0,"","","",""
M5,2182,4/14/2024 2:40,13.94,0,"","","",""
M5,2183,4/14/2024 2:45,13.98,0,"","","",""
M5,2184,4/14/2024 2:50,13.98,0,"","","",""
M5,2185,4/14/2024 2:55,13.94,0,"","","",""
M5,2186,4/14/2024 3:00,13.94,0,"","","",""
M5,2187,4/14/2024 3:05,13.94,0,"","","",""
M5,2188,4/14/2024 3:10,13.94,0,"","","",""
M5,2189,4/14/2024 3:15,13.94,0,"","","",""
M5,2190,4/14/2024 3:20,13.9,0,"","","",""
M5,2191,4/14/2024 3:25,13.94,0,"","","",""
M5,2192,4/14/2024 3:30,13.94,0,"","","",""
M5,2193,4/14/2024 3:35,13.94,0,"","","",""
M5,2194,4/14/2024 3:40,13.94,0,"","","",""
M5,2195,4/14/2024 3:45,13.9,0,"","","",""
M5,2196,4/14/2024 3:50,13.9,0,"","","",""
M5,2197,4/14/2024 3:55,13.94,0,"","","",""
M5,2198,4/14/2024 4:00,13.9,0,"","","",""
M5,2199,4/14/2024 4:05,13.9,0,"","","",""
M5,2200,4/14/2024 4:10,13.9,0,"","","",""
M5,2201,4/14/2024 4:15,13.9,0,"","","",""
M5,2202,4/14/2024 4:20,13.94,0,"","","",""
M5,2203,4/14/2024 4:25,13.9,0,"","","",""
M5,2204,4/14/2024 4:30,13.81,0,"","","",""
M5,2205,4/14/2024 4:35,13.85,0,"","","",""
M5,2206,4/14/2024 4:40,13.9,0,"","","",""
M5,2207,4/14/2024 4:45,13.85,0,"","","",""
M5,2208,4/14/2024 4:50,13.81,0,"","","",""
M5,2209,4/14/2024 4:55,13.85,0,"","","",""
M5,2210,4/14/2024 5:00,13.81,0,"","","",""
M5,2211,4/14/2024 5:05,13.85,0,"","","",""
M5,2212,4/14/2024 5:10,13.81,0,"","","",""
M5,2213,4/14/2024 5:15,13.77,0,"","","",""
M5,2214,4/14/2024 5:20,13.77,0,"","","",""
M5,2215,4/14/2024 5:25,13.81,0,"","","",""
M5,2216,4/14/2024 5:30,13.81,0,"","","",""
M5,2330,4/14/2024 15:00,16.21,23582.72,"","","",""
M5,2331,4/14/2024 15:05,16.17,6310.4,"","","",""
M5,2332,4/14/2024 15:10,15.74,16675.84,"","","",""
M5,2333,4/14/2024 15:15,15.74,19701.76,"","","",""
M5,2334,4/14/2024 15:20,15.74,5568,"","","",""
M5,2335,4/14/2024 15:25,15.78,4724.48,"","","",""
M5,2336,4/14/2024 15:30,15.61,12641.28,"","","",""
M5,2337,4/14/2024 15:35,15.4,8271.36,"","","",""
M5,2338,4/14/2024 15:40,15.4,14003.2,"","","",""
M5,2339,4/14/2024 15:45,15.4,6848,"","","",""
M5,2340,4/14/2024 15:50,15.31,8821.76,"","","",""
M5,2341,4/14/2024 15:55,15.31,547.52,"","","",""
M5,2342,4/14/2024 16:00,15.27,9889.28,"","","",""
M5,2343,4/14/2024 16:05,15.23,375.2,"","","",""
M5,2344,4/14/2024 16:10,15.4,2291.2,"","","",""
M5,2345,4/14/2024 16:15,15.36,17792,"","","",""
M5,2346,4/14/2024 16:20,15.44,19415.04,"","","",""
M5,2347,4/14/2024 16:25,15.44,20930.56,"","","",""
M5,2348,4/14/2024 16:30,15.53,7280.64,"","","",""
M5,2349,4/14/2024 16:35,16.04,44625.92,"","","",""
M5,2350,4/14/2024 16:40,15.74,2233.6,"","","",""
M5,2351,4/14/2024 16:45,15.61,18237.44,"","","",""
M5,2352,4/14/2024 16:50,15.74,27412.48,"","","",""
M5,2353,4/14/2024 16:55,15.57,15769.6,"","","",""
M5,2354,4/14/2024 17:00,15.48,20224,"","","",""
M5,2355,4/14/2024 17:05,15.44,6704.64,"","","",""
M5,2356,4/14/2024 17:10,15.36,5655.04,"","","",""
M5,2357,4/14/2024 17:15,15.4,16875.52,"","","",""
M5,2358,4/14/2024 17:20,15.4,14100.48,"","","",""
M5,2359,4/14/2024 17:25,15.4,4198.4,"","","",""
M5,2360,4/14/2024 17:30,15.61,3720.96,"","","",""
M5,2361,4/14/2024 17:35,15.23,4934.4,"","","",""
M5,2362,4/14/2024 17:40,15.48,24483.84,"","","",""
M5,2363,4/14/2024 17:45,15.48,7498.24,"","","",""
M5,2364,4/14/2024 17:50,15.44,941.44,"","","",""
M5,2365,4/14/2024 17:55,15.27,2151.68,"","","",""
M5,2366,4/14/2024 18:00,15.31,8194.56,"","","",""
M5,2367,4/14/2024 18:05,15.14,3261.44,"","","",""
M5,2368,4/14/2024 18:10,15.23,4170.24,"","","",""
M5,2369,4/14/2024 18:15,14.97,3706.88,"","","",""
M5,2370,4/14/2024 18:20,14.97,3495.68,"","","",""
M5,2371,4/14/2024 18:25,14.97,171.52,"","","",""
M5,2372,4/14/2024 18:30,14.88,3141.12,"","","",""
M5,2373,4/14/2024 18:35,14.84,1092.48,"","","",""
M5,2374,4/14/2024 18:40,14.84,2682.88,"","","",""
M5,2375,4/14/2024 18:45,14.8,2127.36,"","","",""
M5,2376,4/14/2024 18:50,14.8,1649.92,"","","",""
M5,2377,4/14/2024 18:55,14.75,1121.92,"","","",""
M5,2378,4/14/2024 19:00,14.75,217.28,"","","",""
M5,2379,4/14/2024 19:05,14.71,602.88,"","","",""
M5,2380,4/14/2024 19:10,14.71,45.92,"","","",""
M5,2381,4/14/2024 19:15,14.67,534.88,"","","",""
M5,2382,4/14/2024 19:20,14.67,65.66,"","","",""
M5,2383,4/14/2024 19:25,14.67,151.68,"","","",""
M5,2384,4/14/2024 19:30,14.67,43.36,"","","",""
M5,2385,4/14/2024 19:35,14.67,1.96,"","","",""
M5,2386,4/14/2024 19:40,14.63,20.4,"","","",""
M5,2387,4/14/2024 19:45,14.63,4.14,"","","",""
M5,2388,4/14/2024 19:50,14.63,1.52,"","","",""
M5,2389,4/14/2024 19:55,14.63,0,"","","",""
M5,2390,4/14/2024 20:00,14.58,0,"","","",""
M5,2391,4/14/2024 20:05,14.58,0,"","","",""
M5,2392,4/14/2024 20:10,14.63,0,"","","",""
M5,2393,4/14/2024 20:15,14.63,0,"","","",""
M5,2394,4/14/2024 20:20,14.54,0,"","","",""
M5,2395,4/14/2024 20:25,14.54,0,"","","",""
M5,2396,4/14/2024 20:30,14.54,0,"","","",""
M5,2397,4/14/2024 20:35,14.54,0,"","","",""
M5,2398,4/14/2024 20:40,14.54,0,"","","",""
M5,2399,4/14/2024 20:45,14.54,0,"","","",""
M5,2400,4/14/2024 20:50,14.54,0,"","","",""
M5,2401,4/14/2024 20:55,14.54,0,"","","",""
M5,2402,4/14/2024 21:00,14.54,0,"","","",""
M5,2403,4/14/2024 21:05,14.5,0,"","","",""
M5,2404,4/14/2024 21:10,14.45,0,"","","",""
M5,2405,4/14/2024 21:15,14.54,0,"","","",""
M5,2406,4/14/2024 21:20,14.5,0,"","","",""
M5,2407,4/14/2024 21:25,14.5,0,"","","",""
M5,2408,4/14/2024 21:30,14.45,0,"","","",""
M5,2409,4/14/2024 21:35,14.5,0,"","","",""
M5,2410,4/14/2024 21:40,14.45,0,"","","",""
M5,2411,4/14/2024 21:45,14.41,0,"","","",""
M5,2412,4/14/2024 21:50,14.5,0,"","","",""
M5,2413,4/14/2024 21:55,14.45,0,"","","",""
M5,2414,4/14/2024 22:00,14.45,0,"","","",""
M5,2415,4/14/2024 22:05,14.45,0,"","","",""
M5,2416,4/14/2024 22:10,14.41,0,"","","",""
M5,2417,4/14/2024 22:15,14.41,0,"","","",""
M5,2418,4/14/2024 22:20,14.41,0,"","","",""
M5,2419,4/14/2024 22:25,14.41,0,"","","",""
M5,2420,4/14/2024 22:30,14.41,0,"","","",""
M5,2421,4/14/2024 22:35,14.41,0,"","","",""
M5,2422,4/14/2024 22:40,14.41,0,"","","",""
M5,2423,4/14/2024 22:45,14.45,0,"","","",""
M5,2424,4/14/2024 22:50,14.45,0,"","","",""
M5,2425,4/14/2024 22:55,14.41,0,"","","",""
M5,2426,4/14/2024 23:00,14.37,0,"","","",""
M5,2427,4/14/2024 23:05,14.37,0,"","","",""
M5,2428,4/14/2024 23:10,14.37,0,"","","",""
M5,2429,4/14/2024 23:15,14.41,0,"","","",""
M5,2430,4/14/2024 23:20,14.41,0,"","","",""
M5,2431,4/14/2024 23:25,14.37,0,"","","",""
M5,2432,4/14/2024 23:30,14.37,0,"","","",""
M5,2433,4/14/2024 23:35,14.37,0,"","","",""
M5,2434,4/14/2024 23:40,14.41,0,"","","",""
M5,2435,4/14/2024 23:45,14.41,0,"","","",""
M5,2436,4/14/2024 23:50,14.37,0,"","","",""
M5,2437,4/14/2024 23:55,14.41,0,"","","",""
M5,2438,4/15/2024 0:00,14.41,0,"","","",""
M5,2439,4/15/2024 0:05,14.41,0,"","","",""
M5,2440,4/15/2024 0:10,14.41,0,"","","",""
M5,2441,4/15/2024 0:15,14.37,0,"","","",""
M5,2442,4/15/2024 0:20,14.37,0,"","","",""
M5,2443,4/15/2024 0:25,14.41,0,"","","",""
M5,2444,4/15/2024 0:30,14.41,0,"","","",""
M5,2445,4/15/2024 0:35,14.41,0,"","","",""
M5,2446,4/15/2024 0:40,14.37,0,"","","",""
M5,2447,4/15/2024 0:45,14.37,0,"","","",""
M5,2448,4/15/2024 0:50,14.37,0,"","","",""
M5,2449,4/15/2024 0:55,14.41,0,"","","",""
M5,2450,4/15/2024 1:00,14.41,0,"","","",""
M5,2451,4/15/2024 1:05,14.41,0,"","","",""
M5,2452,4/15/2024 1:10,14.37,0,"","","",""
M5,2453,4/15/2024 1:15,14.41,0,"","","",""
M5,2454,4/15/2024 1:20,14.41,0,"","","",""
M5,2455,4/15/2024 1:25,14.37,0,"","","",""
M5,2456,4/15/2024 1:30,14.37,0,"","","",""
M5,2457,4/15/2024 1:35,14.37,0,"","","",""
M5,2458,4/15/2024 1:40,14.37,0,"","","",""
M5,2459,4/15/2024 1:45,14.41,0,"","","",""
M5,2460,4/15/2024 1:50,14.37,0,"","","",""
M5,2461,4/15/2024 1:55,14.41,0,"","","",""
M5,2462,4/15/2024 2:00,14.37,0,"","","",""
M5,2463,4/15/2024 2:05,14.33,0,"","","",""
M5,2464,4/15/2024 2:10,14.37,0,"","","",""
M5,2465,4/15/2024 2:15,14.33,0,"","","",""
M5,2466,4/15/2024 2:20,14.37,0,"","","",""
M5,2467,4/15/2024 2:25,14.41,0,"","","",""
M5,2468,4/15/2024 2:30,14.41,0,"","","",""
M5,2469,4/15/2024 2:35,14.37,0,"","","",""
M5,2470,4/15/2024 2:40,14.33,0,"","","",""
M5,2471,4/15/2024 2:45,14.37,0,"","","",""
M5,2472,4/15/2024 2:50,14.37,0,"","","",""
M5,2473,4/15/2024 2:55,14.37,0,"","","",""
M5,2474,4/15/2024 3:00,14.37,0,"","","",""
M5,2475,4/15/2024 3:05,14.28,0,"","","",""
M5,2476,4/15/2024 3:10,14.33,0,"","","",""
M5,2477,4/15/2024 3:15,14.33,0,"","","",""
M5,2478,4/15/2024 3:20,14.33,0,"","","",""
M5,2479,4/15/2024 3:25,14.33,0,"","","",""
M5,2480,4/15/2024 3:30,14.28,0,"","","",""
M5,2481,4/15/2024 3:35,14.24,0,"","","",""
M5,2482,4/15/2024 3:40,14.28,0,"","","",""
M5,2483,4/15/2024 3:45,14.33,0,"","","",""
M5,2484,4/15/2024 3:50,14.28,0,"","","",""
M5,2485,4/15/2024 3:55,14.28,0,"","","",""
M5,2486,4/15/2024 4:00,14.28,0,"","","",""
M5,2487,4/15/2024 4:05,14.24,0,"","","",""
M5,2488,4/15/2024 4:10,14.28,0,"","","",""
M5,2489,4/15/2024 4:15,14.28,0,"","","",""
M5,2490,4/15/2024 4:20,14.24,0,"","","",""
M5,2491,4/15/2024 4:25,14.2,0,"","","",""
M5,2492,4/15/2024 4:30,14.15,0,"","","",""
M5,2493,4/15/2024 4:35,14.15,0,"","","",""
M5,2494,4/15/2024 4:40,14.15,0,"","","",""
M5,2495,4/15/2024 4:45,14.24,0,"","","",""
M5,2496,4/15/2024 4:50,14.15,0,"","","",""
M5,2497,4/15/2024 4:55,14.2,0,"","","",""
M5,2498,4/15/2024 5:00,14.2,0,"","","",""
M5,2499,4/15/2024 5:05,14.15,0,"","","",""
M5,2500,4/15/2024 5:10,14.11,0,"","","",""
M5,2501,4/15/2024 5:15,14.11,0,"","","",""
M5,2502,4/15/2024 5:20,14.07,0,"","","",""
M5,2503,4/15/2024 5:25,14.03,0,"","","",""
M5,2504,4/15/2024 5:30,14.03,0,"","","",""
M5,2505,4/15/2024 5:35,14.07,0,"","","",""
M5,2506,4/15/2024 5:40,13.98,0,"","","",""
M5,2507,4/15/2024 5:45,14.03,0,"","","",""
M5,2508,4/15/2024 5:50,14.03,0,"","","",""
M5,2509,4/15/2024 5:55,13.98,0.65,"","","",""
M5,2510,4/15/2024 6:00,13.98,0.87,"","","",""
M5,2511,4/15/2024 6:05,13.98,6.97,"","","",""
M5,2512,4/15/2024 6:10,14.03,33.73,"","","",""
M5,2513,4/15/2024 6:15,13.98,85,"","","",""
M5,2514,4/15/2024 6:20,13.98,23.4,"","","",""
M5,2515,4/15/2024 6:25,13.98,450.72,"","","",""
M5,2516,4/15/2024 6:30,13.94,520.96,"","","",""
M5,2517,4/15/2024 6:35,13.9,904,"","","",""
M5,2518,4/15/2024 6:40,13.94,1085.44,"","","",""
M5,2519,4/15/2024 6:45,13.94,2451.2,"","","",""
M5,2520,4/15/2024 6:50,13.94,536.96,"","","",""
M5,2628,4/15/2024 15:50,19.05,7444.48,"","","",""
M5,2629,4/15/2024 15:55,19.17,48148.48,"","","",""
M5,2630,4/15/2024 16:00,19.17,37601.28,"","","",""
M5,2631,4/15/2024 16:05,18.96,48721.92,"","","",""
M5,2632,4/15/2024 16:10,18.83,25487.36,"","","",""
M5,2633,4/15/2024 16:15,18.57,28938.24,"","","",""
M5,2634,4/15/2024 16:20,18.44,12805.12,"","","",""
M5,2635,4/15/2024 16:25,18.44,5299.2,"","","",""
M5,2636,4/15/2024 16:30,18.32,49541.12,"","","",""
M5,2637,4/15/2024 16:35,18.4,19159.04,"","","",""
M5,2638,4/15/2024 16:40,17.97,18411.52,"","","",""
M5,2639,4/15/2024 16:45,18.27,37519.36,"","","",""
M5,2640,4/15/2024 16:50,17.84,29583.36,"","","",""
M5,2641,4/15/2024 16:55,17.97,29286.4,"","","",""
M5,2642,4/15/2024 17:00,17.93,4298.24,"","","",""
M5,2643,4/15/2024 17:05,17.84,30504.96,"","","",""
M5,2644,4/15/2024 17:10,17.8,14730.24,"","","",""
M5,2645,4/15/2024 17:15,17.59,16291.84,"","","",""
M5,2646,4/15/2024 17:20,17.63,17372.16,"","","",""
M5,2647,4/15/2024 17:25,17.5,5045.76,"","","",""
M5,2648,4/15/2024 17:30,17.5,11581.44,"","","",""
M5,2649,4/15/2024 17:35,17.37,23142.4,"","","",""
M5,2650,4/15/2024 17:40,17.33,11443.2,"","","",""
M5,2651,4/15/2024 17:45,17.16,15196.16,"","","",""
M5,2652,4/15/2024 17:50,17.16,13117.44,"","","",""
M5,2653,4/15/2024 17:55,17.16,5644.8,"","","",""
M5,2654,4/15/2024 18:00,16.94,8668.16,"","","",""
M5,2655,4/15/2024 18:05,16.99,13040.64,"","","",""
M5,2656,4/15/2024 18:10,16.64,3866.88,"","","",""
M5,2657,4/15/2024 18:15,16.47,3598.08,"","","",""
M5,2658,4/15/2024 18:20,16.39,2986.24,"","","",""
M5,2659,4/15/2024 18:25,16.3,3357.44,"","","",""
M5,2660,4/15/2024 18:30,16.26,2695.68,"","","",""
M5,2661,4/15/2024 18:35,16.3,2869.76,"","","",""
M5,2662,4/15/2024 18:40,16.26,2777.6,"","","",""
M5,2663,4/15/2024 18:45,16.21,2344.96,"","","",""
M5,2664,4/15/2024 18:50,16.13,1985.92,"","","",""
M5,2665,4/15/2024 18:55,16.08,1440,"","","",""
M5,2666,4/15/2024 19:00,16.04,1351.04,"","","",""
M5,2667,4/15/2024 19:05,16,800.64,"","","",""
M5,2668,4/15/2024 19:10,15.91,700.8,"","","",""
M5,2669,4/15/2024 19:15,15.96,524.8,"","","",""
M5,2670,4/15/2024 19:20,15.87,113.76,"","","",""
M5,2671,4/15/2024 19:25,15.78,223.6,"","","",""
M5,2672,4/15/2024 19:30,15.78,130.56,"","","",""
M5,2673,4/15/2024 19:35,15.7,44.24,"","","",""
M5,2674,4/15/2024 19:40,15.7,19.04,"","","",""
M5,2675,4/15/2024 19:45,15.66,5.88,"","","",""
M5,2676,4/15/2024 19:50,15.61,1.08,"","","",""
M5,2677,4/15/2024 19:55,15.61,0.21,"","","",""
M5,2678,4/15/2024 20:00,15.61,0,"","","",""
M5,2679,4/15/2024 20:05,15.61,0,"","","",""
M5,2680,4/15/2024 20:10,15.53,0,"","","",""
M5,2681,4/15/2024 20:15,15.53,0,"","","",""
M5,2682,4/15/2024 20:20,15.53,0,"","","",""
M5,2683,4/15/2024 20:25,15.44,0,"","","",""
M5,2684,4/15/2024 20:30,15.44,0,"","","",""
M5,2685,4/15/2024 20:35,15.44,0,"","","",""
M5,2686,4/15/2024 20:40,15.44,0,"","","",""
M5,2687,4/15/2024 20:45,15.4,0,"","","",""
M5,2688,4/15/2024 20:50,15.36,0,"","","",""
M5,2689,4/15/2024 20:55,15.36,0,"","","",""
M5,2690,4/15/2024 21:00,15.31,0,"","","",""
M5,2691,4/15/2024 21:05,15.31,0,"","","",""
M5,2692,4/15/2024 21:10,15.27,0,"","","",""
M5,2693,4/15/2024 21:15,15.27,0,"","","",""
M5,2694,4/15/2024 21:20,15.27,0,"","","",""
M5,2695,4/15/2024 21:25,15.23,0,"","","",""
M5,2696,4/15/2024 21:30,15.23,0,"","","",""
M5,2697,4/15/2024 21:35,15.23,0,"","","",""
M5,2698,4/15/2024 21:40,15.23,0,"","","",""
M5,2699,4/15/2024 21:45,15.18,0,"","","",""
M5,2700,4/15/2024 21:50,15.18,0,"","","",""
M5,2701,4/15/2024 21:55,15.18,0,"","","",""
M5,2702,4/15/2024 22:00,15.18,0,"","","",""
M5,2703,4/15/2024 22:05,15.18,0,"","","",""
M5,2704,4/15/2024 22:10,15.18,0,"","","",""
M5,2705,4/15/2024 22:15,15.14,0,"","","",""
M5,2706,4/15/2024 22:20,15.14,0,"","","",""
M5,2707,4/15/2024 22:25,15.1,0,"","","",""
M5,2708,4/15/2024 22:30,15.06,0,"","","",""
M5,2709,4/15/2024 22:35,15.06,0,"","","",""
M5,2710,4/15/2024 22:40,15.1,0,"","","",""
M5,2711,4/15/2024 22:45,15.1,0,"","","",""
M5,2712,4/15/2024 22:50,15.06,0,"","","",""
M5,2713,4/15/2024 22:55,15.01,0,"","","",""
M5,2714,4/15/2024 23:00,15.01,0,"","","",""
M5,2715,4/15/2024 23:05,15.01,0,"","","",""
M5,2716,4/15/2024 23:10,15.01,0,"","","",""
M5,2717,4/15/2024 23:15,14.97,0,"","","",""
M5,2718,4/15/2024 23:20,15.06,0,"","","",""
M5,2719,4/15/2024 23:25,15.01,0,"","","",""
M5,2720,4/15/2024 23:30,14.97,0,"","","",""
M5,2721,4/15/2024 23:35,15.01,0,"","","",""
M5,2722,4/15/2024 23:40,14.97,0,"","","",""
M5,2723,4/15/2024 23:45,14.97,0,"","","",""
M5,2724,4/15/2024 23:50,15.01,0,"","","",""
M5,2725,4/15/2024 23:55,14.97,0,"","","",""
M5,2726,4/16/2024 0:00,14.97,0,"","","",""
M5,2727,4/16/2024 0:05,14.97,0,"","","",""
M5,2728,4/16/2024 0:10,14.97,0,"","","",""
M5,2729,4/16/2024 0:15,14.93,0,"","","",""
M5,2730,4/16/2024 0:20,14.93,0,"","","",""
M5,2731,4/16/2024 0:25,14.97,0,"","","",""
M5,2732,4/16/2024 0:30,14.88,0,"","","",""
M5,2733,4/16/2024 0:35,14.93,0,"","","",""
M5,2734,4/16/2024 0:40,14.88,0,"","","",""
M5,2735,4/16/2024 0:45,14.93,0,"","","",""
M5,2736,4/16/2024 0:50,14.93,0,"","","",""
M5,2737,4/16/2024 0:55,14.84,0,"","","",""
M5,2738,4/16/2024 1:00,14.88,0,"","","",""
M5,2739,4/16/2024 1:05,14.84,0,"","","",""
M5,2740,4/16/2024 1:10,14.88,0,"","","",""
M5,2741,4/16/2024 1:15,14.88,0,"","","",""
M5,2742,4/16/2024 1:20,14.88,0,"","","",""
M5,2743,4/16/2024 1:25,14.84,0,"","","",""
M5,2744,4/16/2024 1:30,14.84,0,"","","",""
M5,2745,4/16/2024 1:35,14.8,0,"","","",""
M5,2746,4/16/2024 1:40,14.8,0,"","","",""
M5,2747,4/16/2024 1:45,14.8,0,"","","",""
M5,2748,4/16/2024 1:50,14.75,0,"","","",""
M5,2749,4/16/2024 1:55,14.84,0,"","","",""
M5,2750,4/16/2024 2:00,14.71,0,"","","",""
M5,2751,4/16/2024 2:05,14.75,0,"","","",""
M5,2752,4/16/2024 2:10,14.71,0,"","","",""
M5,2753,4/16/2024 2:15,14.71,0,"","","",""
M5,2754,4/16/2024 2:20,14.67,0,"","","",""
M5,2755,4/16/2024 2:25,14.67,0,"","","",""
M5,2756,4/16/2024 2:30,14.58,0,"","","",""
M5,2757,4/16/2024 2:35,14.67,0,"","","",""
M5,2758,4/16/2024 2:40,14.71,0,"","","",""
M5,2759,4/16/2024 2:45,14.63,0,"","","",""
M5,2760,4/16/2024 2:50,14.58,0,"","","",""
M5,2761,4/16/2024 2:55,14.63,0,"","","",""
M5,2762,4/16/2024 3:00,14.63,0,"","","",""
M5,2763,4/16/2024 3:05,14.58,0,"","","",""
M5,2764,4/16/2024 3:10,14.54,0,"","","",""
M5,2765,4/16/2024 3:15,14.58,0,"","","",""
M5,2766,4/16/2024 3:20,14.54,0,"","","",""
M5,2767,4/16/2024 3:25,14.54,0,"","","",""
M5,2768,4/16/2024 3:30,14.5,0,"","","",""
M5,2769,4/16/2024 3:35,14.54,0,"","","",""
M5,2770,4/16/2024 3:40,14.5,0,"","","",""
M5,2771,4/16/2024 3:45,14.54,0,"","","",""
M5,2772,4/16/2024 3:50,14.45,0,"","","",""
M5,2773,4/16/2024 3:55,14.45,0,"","","",""
M5,2774,4/16/2024 4:00,14.5,0,"","","",""
M5,2775,4/16/2024 4:05,14.45,0,"","","",""
M5,2776,4/16/2024 4:10,14.54,0,"","","",""
M5,2777,4/16/2024 4:15,14.45,0,"","","",""
M5,2778,4/16/2024 4:20,14.45,0,"","","",""
M5,2779,4/16/2024 4:25,14.45,0,"","","",""
M5,2780,4/16/2024 4:30,14.45,0,"","","",""
M5,2781,4/16/2024 4:35,14.5,0,"","","",""
M5,2782,4/16/2024 4:40,14.45,0,"","","",""
M5,2783,4/16/2024 4:45,14.41,0,"","","",""
M5,2784,4/16/2024 4:50,14.41,0,"","","",""
M5,2785,4/16/2024 4:55,14.41,0,"","","",""
M5,2786,4/16/2024 5:00,14.41,0,"","","",""
M5,2787,4/16/2024 5:05,14.41,0,"","","",""
M5,2788,4/16/2024 5:10,14.45,0,"","","",""
M5,2789,4/16/2024 5:15,14.45,0,"","","",""
M5,2790,4/16/2024 5:20,14.41,0,"","","",""
M5,2791,4/16/2024 5:25,14.41,0,"","","",""
M5,2792,4/16/2024 5:30,14.37,0,"","","",""
M5,2793,4/16/2024 5:35,14.41,0,"","","",""
M5,2794,4/16/2024 5:40,14.41,0,"","","",""
M5,2795,4/16/2024 5:45,14.41,0,"","","",""
M5,2796,4/16/2024 5:50,14.41,0,"","","",""
M5,2797,4/16/2024 5:55,14.37,0.87,"","","",""
M5,2798,4/16/2024 6:00,14.37,7.19,"","","",""
M5,2799,4/16/2024 6:05,14.37,8.71,"","","",""
M5,2800,4/16/2024 6:10,14.41,47.3,"","","",""
M5,2801,4/16/2024 6:15,14.41,127.04,"","","",""
M5,2802,4/16/2024 6:20,14.41,274.4,"","","",""
M5,2803,4/16/2024 6:25,14.41,466.24,"","","",""
M5,2804,4/16/2024 6:30,14.41,204,"","","",""
M5,2805,4/16/2024 6:35,14.45,341.76,"","","",""
M5,2806,4/16/2024 6:40,14.41,1418.24,"","","",""
M5,2807,4/16/2024 6:45,14.45,477.28,"","","",""
M5,2808,4/16/2024 6:50,14.41,1982.08,"","","",""
M5,2809,4/16/2024 6:55,14.45,1024.32,"","","",""
M5,2810,4/16/2024 7:00,14.5,2722.56,"","","",""
M5,2811,4/16/2024 7:05,14.5,4194.56,"","","",""
M5,2812,4/16/2024 7:10,14.54,1827.2,"","","",""
M5,2813,4/16/2024 7:15,14.5,6266.88,"","","",""
M5,2814,4/16/2024 7:20,14.63,8355.84,"","","",""
M5,2815,4/16/2024 7:25,14.63,5029.12,"","","",""
M5,2816,4/16/2024 7:30,14.67,4156.16,"","","",""
M5,2817,4/16/2024 7:35,14.71,5962.24,"","","",""
M5,2818,4/16/2024 7:40,14.75,9751.04,"","","",""
M5,2819,4/16/2024 7:45,14.84,16317.44,"","","",""
M5,2820,4/16/2024 7:50,14.8,7749.12,"","","",""
M5,2821,4/16/2024 7:55,14.93,7260.16,"","","",""
M5,2822,4/16/2024 8:00,15.01,18165.76,"","","",""
M5,2823,4/16/2024 8:05,15.1,9909.76,"","","",""
M5,2920,4/16/2024 16:10,20.8,54599.68,"","","",""
M5,2921,4/16/2024 16:15,21.23,37048.32,"","","",""
M5,2922,4/16/2024 16:20,20.8,20823.04,"","","",""
M5,2923,4/16/2024 16:25,20.33,45137.92,"","","",""
M5,2924,4/16/2024 16:30,19.35,46325.76,"","","",""
M5,2925,4/16/2024 16:35,19.52,32512,"","","",""
M5,2926,4/16/2024 16:40,19.39,46489.6,"","","",""
M5,2927,4/16/2024 16:45,18.92,28815.36,"","","",""
M5,2928,4/16/2024 16:50,19,32276.48,"","","",""
M5,2929,4/16/2024 16:55,18.83,23623.68,"","","",""
M5,2930,4/16/2024 17:00,18.87,54824.96,"","","",""
M5,2931,4/16/2024 17:05,18.44,38205.44,"","","",""
M5,2932,4/16/2024 17:10,18.27,14919.68,"","","",""
M5,2933,4/16/2024 17:15,18.32,21411.84,"","","",""
M5,2934,4/16/2024 17:20,18.14,13911.04,"","","",""
M5,2935,4/16/2024 17:25,17.97,22374.4,"","","",""
M5,2936,4/16/2024 17:30,17.89,12405.76,"","","",""
M5,2937,4/16/2024 17:35,17.84,13706.24,"","","",""
M5,2938,4/16/2024 17:40,17.72,23531.52,"","","",""
M5,2939,4/16/2024 17:45,17.76,19512.32,"","","",""
M5,2940,4/16/2024 17:50,17.63,7383.04,"","","",""
M5,2941,4/16/2024 17:55,17.54,15933.44,"","","",""
M5,2942,4/16/2024 18:00,17.37,12282.88,"","","",""
M5,2943,4/16/2024 18:05,17.29,7296,"","","",""
M5,2944,4/16/2024 18:10,16.86,3223.04,"","","",""
M5,2945,4/16/2024 18:15,16.9,3347.2,"","","",""
M5,2946,4/16/2024 18:20,16.6,3171.84,"","","",""
M5,2947,4/16/2024 18:25,16.56,3183.36,"","","",""
M5,2948,4/16/2024 18:30,16.73,1804.8,"","","",""
M5,2949,4/16/2024 18:35,16.6,2926.08,"","","",""
M5,2950,4/16/2024 18:40,16.69,2551.04,"","","",""
M5,2951,4/16/2024 18:45,16.81,2135.68,"","","",""
M5,2952,4/16/2024 18:50,16.77,2125.44,"","","",""
M5,2953,4/16/2024 18:55,16.77,1773.44,"","","",""
M5,2954,4/16/2024 19:00,16.69,1624.96,"","","",""
M5,2955,4/16/2024 19:05,16.3,1432.96,"","","",""
M5,2956,4/16/2024 19:10,16.3,973.76,"","","",""
M5,2957,4/16/2024 19:15,16.26,686.08,"","","",""
M5,2958,4/16/2024 19:20,16.26,416.32,"","","",""
M5,2959,4/16/2024 19:25,16.39,274.16,"","","",""
M5,2960,4/16/2024 19:30,16.39,97.2,"","","",""
M5,2961,4/16/2024 19:35,16.43,59.98,"","","",""
M5,2962,4/16/2024 19:40,16.43,24.3,"","","",""
M5,2963,4/16/2024 19:45,16.26,7.62,"","","",""
M5,2964,4/16/2024 19:50,16.21,1.74,"","","",""
M5,2965,4/16/2024 19:55,16.13,0.21,"","","",""
M5,2966,4/16/2024 20:00,16.08,0,"","","",""
M5,2967,4/16/2024 20:05,16.13,0,"","","",""
M5,2968,4/16/2024 20:10,16.08,0,"","","",""
M5,2969,4/16/2024 20:15,16,0,"","","",""
M5,2970,4/16/2024 20:20,16,0,"","","",""
M5,2971,4/16/2024 20:25,16.04,0,"","","",""
M5,2972,4/16/2024 20:30,16.13,0,"","","",""
M5,2973,4/16/2024 20:35,16.08,0,"","","",""
M5,2974,4/16/2024 20:40,15.96,0,"","","",""
M5,2975,4/16/2024 20:45,15.87,0,"","","",""
M5,2976,4/16/2024 20:50,16.04,0,"","","",""
M5,2977,4/16/2024 20:55,15.91,0,"","","",""
M5,2978,4/16/2024 21:00,15.87,0,"","","",""
M5,2979,4/16/2024 21:05,15.91,0,"","","",""
M5,2980,4/16/2024 21:10,16,0,"","","",""
M5,2981,4/16/2024 21:15,16,0,"","","",""
M5,2982,4/16/2024 21:20,15.96,0,"","","",""
M5,2983,4/16/2024 21:25,15.87,0,"","","",""
M5,2984,4/16/2024 21:30,15.83,0,"","","",""
M5,2985,4/16/2024 21:35,15.83,0,"","","",""
M5,2986,4/16/2024 21:40,15.83,0,"","","",""
M5,2987,4/16/2024 21:45,15.78,0,"","","",""
M5,2988,4/16/2024 21:50,15.74,0,"","","",""
M5,2989,4/16/2024 21:55,15.74,0,"","","",""
M5,2990,4/16/2024 22:00,15.74,0,"","","",""
M5,2991,4/16/2024 22:05,15.83,0,"","","",""
M5,2992,4/16/2024 22:10,15.78,0,"","","",""
M5,2993,4/16/2024 22:15,15.74,0,"","","",""
M5,2994,4/16/2024 22:20,15.74,0,"","","",""
M5,2995,4/16/2024 22:25,15.74,0,"","","",""
M5,2996,4/16/2024 22:30,15.74,0,"","","",""
M5,2997,4/16/2024 22:35,15.74,0,"","","",""
M5,2998,4/16/2024 22:40,15.7,0,"","","",""
M5,2999,4/16/2024 22:45,15.7,0,"","","",""
M5,3000,4/16/2024 22:50,15.66,0,"","","",""
M5,3001,4/16/2024 22:55,15.66,0,"","","",""
M5,3002,4/16/2024 23:00,15.66,0,"","","",""
M5,3003,4/16/2024 23:05,15.7,0,"","","",""
M5,3004,4/16/2024 23:10,15.66,0,"","","",""
M5,3005,4/16/2024 23:15,15.66,0,"","","",""
M5,3006,4/16/2024 23:20,15.66,0,"","","",""
M5,3007,4/16/2024 23:25,15.61,0,"","","",""
M5,3008,4/16/2024 23:30,15.61,0,"","","",""
M5,3009,4/16/2024 23:35,15.61,0,"","","",""
M5,3010,4/16/2024 23:40,15.61,0,"","","",""
M5,3011,4/16/2024 23:45,15.61,0,"","","",""
M5,3012,4/16/2024 23:50,15.53,0,"","","",""
M5,3013,4/16/2024 23:55,15.53,0,"","","",""
M5,3014,4/17/2024 0:00,15.53,0,"","","",""
M5,3015,4/17/2024 0:05,15.53,0,"","","",""
M5,3016,4/17/2024 0:10,15.48,0,"","","",""
M5,3017,4/17/2024 0:15,15.48,0,"","","",""
M5,3018,4/17/2024 0:20,15.48,0,"","","",""
M5,3019,4/17/2024 0:25,15.44,0,"","","",""
M5,3020,4/17/2024 0:30,15.44,0,"","","",""
M5,3021,4/17/2024 0:35,15.4,0,"","","",""
M5,3022,4/17/2024 0:40,15.4,0,"","","",""
M5,3023,4/17/2024 0:45,15.4,0,"","","",""
M5,3024,4/17/2024 0:50,15.4,0,"","","",""
M5,3025,4/17/2024 0:55,15.44,0,"","","",""
M5,3026,4/17/2024 1:00,15.4,0,"","","",""
M5,3027,4/17/2024 1:05,15.36,0,"","","",""
M5,3028,4/17/2024 1:10,15.36,0,"","","",""
M5,3029,4/17/2024 1:15,15.36,0,"","","",""
M5,3030,4/17/2024 1:20,15.36,0,"","","",""
M5,3031,4/17/2024 1:25,15.31,0,"","","",""
M5,3032,4/17/2024 1:30,15.27,0,"","","",""
M5,3033,4/17/2024 1:35,15.31,0,"","","",""
M5,3034,4/17/2024 1:40,15.31,0,"","","",""
M5,3035,4/17/2024 1:45,15.23,0,"","","",""
M5,3036,4/17/2024 1:50,15.23,0,"","","",""
M5,3037,4/17/2024 1:55,15.23,0,"","","",""
M5,3038,4/17/2024 2:00,15.27,0,"","","",""
M5,3039,4/17/2024 2:05,15.18,0,"","","",""
M5,3040,4/17/2024 2:10,15.14,0,"","","",""
M5,3041,4/17/2024 2:15,15.14,0,"","","",""
M5,3042,4/17/2024 2:20,15.14,0,"","","",""
M5,3043,4/17/2024 2:25,15.1,0,"","","",""
M5,3044,4/17/2024 2:30,15.14,0,"","","",""
M5,3045,4/17/2024 2:35,15.1,0,"","","",""
M5,3046,4/17/2024 2:40,15.1,0,"","","",""
M5,3047,4/17/2024 2:45,15.1,0,"","","",""
M5,3048,4/17/2024 2:50,15.06,0,"","","",""
M5,3049,4/17/2024 2:55,15.01,0,"","","",""
M5,3050,4/17/2024 3:00,15.01,0,"","","",""
M5,3051,4/17/2024 3:05,15.01,0,"","","",""
M5,3052,4/17/2024 3:10,15.01,0,"","","",""
M5,3053,4/17/2024 3:15,14.97,0,"","","",""
M5,3054,4/17/2024 3:20,14.97,0,"","","",""
M5,3055,4/17/2024 3:25,14.93,0,"","","",""
M5,3056,4/17/2024 3:30,14.93,0,"","","",""
M5,3057,4/17/2024 3:35,14.88,0,"","","",""
M5,3058,4/17/2024 3:40,14.93,0,"","","",""
M5,3059,4/17/2024 3:45,14.88,0,"","","",""
M5,3060,4/17/2024 3:50,14.88,0,"","","",""
M5,3061,4/17/2024 3:55,14.84,0,"","","",""
M5,3062,4/17/2024 4:00,14.8,0,"","","",""
M5,3063,4/17/2024 4:05,14.75,0,"","","",""
M5,3064,4/17/2024 4:10,14.67,0,"","","",""
M5,3065,4/17/2024 4:15,14.67,0,"","","",""
M5,3066,4/17/2024 4:20,14.63,0,"","","",""
M5,3067,4/17/2024 4:25,14.58,0,"","","",""
M5,3068,4/17/2024 4:30,14.54,0,"","","",""
M5,3069,4/17/2024 4:35,14.54,0,"","","",""
M5,3070,4/17/2024 4:40,14.54,0,"","","",""
M5,3071,4/17/2024 4:45,14.54,0,"","","",""
M5,3072,4/17/2024 4:50,14.54,0,"","","",""
M5,3073,4/17/2024 4:55,14.45,0,"","","",""
M5,3074,4/17/2024 5:00,14.45,0,"","","",""
M5,3075,4/17/2024 5:05,14.41,0,"","","",""
M5,3076,4/17/2024 5:10,14.45,0,"","","",""
M5,3077,4/17/2024 5:15,14.41,0,"","","",""
M5,3078,4/17/2024 5:20,14.45,0,"","","",""
M5,3079,4/17/2024 5:25,14.45,0,"","","",""
M5,3080,4/17/2024 5:30,14.41,0,"","","",""
M5,3081,4/17/2024 5:35,14.37,0,"","","",""
M5,3082,4/17/2024 5:40,14.33,0,"","","",""
M5,3083,4/17/2024 5:45,14.37,0,"","","",""
M5,3084,4/17/2024 5:50,14.37,0.43,"","","",""
M5,3085,4/17/2024 5:55,14.37,2.39,"","","",""
M5,3086,4/17/2024 6:00,14.33,9.37,"","","",""
M5,3087,4/17/2024 6:05,14.33,27.13,"","","",""
M5,3088,4/17/2024 6:10,14.37,84,"","","",""
M5,3089,4/17/2024 6:15,14.28,140.24,"","","",""
M5,3090,4/17/2024 6:20,14.33,237.52,"","","",""
M5,3091,4/17/2024 6:25,14.28,288.96,"","","",""
M5,3092,4/17/2024 6:30,14.33,370.4,"","","",""
M5,3093,4/17/2024 6:35,14.33,556.64,"","","",""
M5,3094,4/17/2024 6:40,14.28,622.88,"","","",""
M5,3095,4/17/2024 6:45,14.33,1073.28,"","","",""
M5,3096,4/17/2024 6:50,14.37,916.16,"","","",""
M5,3097,4/17/2024 6:55,14.37,1220.48,"","","",""
M5,3098,4/17/2024 7:00,14.41,1592.96,"","","",""
M5,3099,4/17/2024 7:05,14.37,1911.04,"","","",""
M5,3100,4/17/2024 7:10,14.41,2514.56,"","","",""
M5,3101,4/17/2024 7:15,14.41,2551.04,"","","",""
M5,3102,4/17/2024 7:20,14.41,2392.32,"","","",""
M5,3103,4/17/2024 7:25,14.41,2950.4,"","","",""
M5,3104,4/17/2024 7:30,14.45,5217.28,"","","",""
M5,3105,4/17/2024 7:35,14.45,5143.04,"","","",""
M5,3106,4/17/2024 7:40,14.5,6538.24,"","","",""
M5,3107,4/17/2024 7:45,14.5,5213.44,"","","",""
M5,3108,4/17/2024 7:50,14.54,7086.08,"","","",""
M5,3109,4/17/2024 7:55,14.54,6781.44,"","","",""
M5,3110,4/17/2024 8:00,14.58,7761.92,"","","",""
M5,3111,4/17/2024 8:05,14.63,8320,"","","",""
M5,3112,4/17/2024 8:10,14.63,11176.96,"","","",""
M5,3113,4/17/2024 8:15,14.75,11653.12,"","","",""
M5,3114,4/17/2024 8:20,14.8,13542.4,"","","",""
M5,3115,4/17/2024 8:25,14.88,15180.8,"","","",""
M5,3116,4/17/2024 8:30,14.88,13670.4,"","","",""
M5,3117,4/17/2024 8:35,14.93,15293.44,"","","",""
M5,3118,4/17/2024 8:40,14.97,13383.68,"","","",""
M5,3119,4/17/2024 8:45,15.06,12769.28,"","","",""
M5,3120,4/17/2024 8:50,15.14,16291.84,"","","",""
M5,3121,4/17/2024 8:55,15.1,14218.24,"","","",""
M5,3122,4/17/2024 9:00,15.1,11781.12,"","","",""
M5,3123,4/17/2024 9:05,15.23,20930.56,"","","",""
M5,3213,4/17/2024 16:35,17.59,28323.84,"","","",""
M5,3214,4/17/2024 16:40,17.72,20311.04,"","","",""
M5,3215,4/17/2024 16:45,18.14,25538.56,"","","",""
M5,3216,4/17/2024 16:50,17.97,28692.48,"","","",""
M5,3217,4/17/2024 16:55,17.93,41205.76,"","","",""
M5,3218,4/17/2024 17:00,17.11,12016.64,"","","",""
M5,3219,4/17/2024 17:05,17.41,18447.36,"","","",""
M5,3220,4/17/2024 17:10,17.93,11791.36,"","","",""
M5,3221,4/17/2024 17:15,17.93,29849.6,"","","",""
M5,3222,4/17/2024 17:20,17.76,37120,"","","",""
M5,3223,4/17/2024 17:25,17.5,29491.2,"","","",""
M5,3224,4/17/2024 17:30,17.41,1214.4,"","","",""
M5,3225,4/17/2024 17:35,17.37,23603.2,"","","",""
M5,3226,4/17/2024 17:40,17.24,13767.68,"","","",""
M5,3227,4/17/2024 17:45,17.16,31191.04,"","","",""
M5,3228,4/17/2024 17:50,16.94,14310.4,"","","",""
M5,3229,4/17/2024 17:55,16.86,11612.16,"","","",""
M5,3230,4/17/2024 18:00,16.77,10106.88,"","","",""
M5,3231,4/17/2024 18:05,16.69,3047.68,"","","",""
M5,3232,4/17/2024 18:10,16.43,4965.12,"","","",""
M5,3233,4/17/2024 18:15,16.34,5419.52,"","","",""
M5,3234,4/17/2024 18:20,16.34,4509.44,"","","",""
M5,3235,4/17/2024 18:25,16.34,2912,"","","",""
M5,3236,4/17/2024 18:30,16.34,3215.36,"","","",""
M5,3237,4/17/2024 18:35,16.3,3087.36,"","","",""
M5,3238,4/17/2024 18:40,16.26,2990.08,"","","",""
M5,3239,4/17/2024 18:45,16.21,2407.68,"","","",""
M5,3240,4/17/2024 18:50,16.26,2362.24,"","","",""
M5,3241,4/17/2024 18:55,16.13,2113.28,"","","",""
M5,3242,4/17/2024 19:00,16.17,1463.04,"","","",""
M5,3243,4/17/2024 19:05,16.08,433.76,"","","",""
M5,3244,4/17/2024 19:10,16.04,729.92,"","","",""
M5,3245,4/17/2024 19:15,15.87,493.44,"","","",""
M5,3246,4/17/2024 19:20,15.87,352.16,"","","",""
M5,3247,4/17/2024 19:25,15.91,247.12,"","","",""
M5,3248,4/17/2024 19:30,15.74,105.92,"","","",""
M5,3249,4/17/2024 19:35,15.78,52.14,"","","",""
M5,3250,4/17/2024 19:40,15.7,21.87,"","","",""
M5,3251,4/17/2024 19:45,15.78,5.88,"","","",""
M5,3252,4/17/2024 19:50,15.74,1.3,"","","",""
M5,3253,4/17/2024 19:55,15.74,0,"","","",""
M5,3254,4/17/2024 20:00,15.7,0,"","","",""
M5,3255,4/17/2024 20:05,15.61,0,"","","",""
M5,3256,4/17/2024 20:10,15.66,0,"","","",""
M5,3257,4/17/2024 20:15,15.61,0,"","","",""
M5,3258,4/17/2024 20:20,15.74,0,"","","",""
M5,3259,4/17/2024 20:25,15.7,0,"","","",""
M5,3260,4/17/2024 20:30,15.66,0,"","","",""
M5,3261,4/17/2024 20:35,15.57,0,"","","",""
M5,3262,4/17/2024 20:40,15.48,0,"","","",""
M5,3263,4/17/2024 20:45,15.61,0,"","","",""
M5,3264,4/17/2024 20:50,15.53,0,"","","",""
M5,3265,4/17/2024 20:55,15.57,0,"","","",""
M5,3266,4/17/2024 21:00,15.57,0,"","","",""
M5,3267,4/17/2024 21:05,15.57,0,"","","",""
M5,3268,4/17/2024 21:10,15.48,0,"","","",""
M5,3269,4/17/2024 21:15,15.57,0,"","","",""
M5,3270,4/17/2024 21:20,15.53,0,"","","",""
M5,3271,4/17/2024 21:25,15.44,0,"","","",""
M5,3272,4/17/2024 21:30,15.48,0,"","","",""
M5,3273,4/17/2024 21:35,15.48,0,"","","",""
M5,3274,4/17/2024 21:40,15.48,0,"","","",""
M5,3275,4/17/2024 21:45,15.4,0,"","","",""
M5,3276,4/17/2024 21:50,15.4,0,"","","",""
M5,3277,4/17/2024 21:55,15.44,0,"","","",""
M5,3278,4/17/2024 22:00,15.36,0,"","","",""
M5,3279,4/17/2024 22:05,15.27,0,"","","",""
M5,3280,4/17/2024 22:10,15.31,0,"","","",""
M5,3281,4/17/2024 22:15,15.27,0,"","","",""
M5,3282,4/17/2024 22:20,15.27,0,"","","",""
M5,3283,4/17/2024 22:25,15.36,0,"","","",""
M5,3284,4/17/2024 22:30,15.36,0,"","","",""
M5,3285,4/17/2024 22:35,15.31,0,"","","",""
M5,3286,4/17/2024 22:40,15.36,0,"","","",""
M5,3287,4/17/2024 22:45,15.27,0,"","","",""
M5,3288,4/17/2024 22:50,15.27,0,"","","",""
M5,3289,4/17/2024 22:55,15.27,0,"","","",""
M5,3290,4/17/2024 23:00,15.23,0,"","","",""
M5,3291,4/17/2024 23:05,15.23,0,"","","",""
M5,3292,4/17/2024 23:10,15.27,0,"","","",""
M5,3293,4/17/2024 23:15,15.27,0,"","","",""
M5,3294,4/17/2024 23:20,15.23,0,"","","",""
M5,3295,4/17/2024 23:25,15.18,0,"","","",""
M5,3296,4/17/2024 23:30,15.18,0,"","","",""
M5,3297,4/17/2024 23:35,15.18,0,"","","",""
M5,3298,4/17/2024 23:40,15.18,0,"","","",""
M5,3299,4/17/2024 23:45,15.1,0,"","","",""
M5,3300,4/17/2024 23:50,15.01,0,"","","",""
M5,3301,4/17/2024 23:55,15.06,0,"","","",""
M5,3332,4/18/2024 2:30,14.63,0,"","","",""
M5,3333,4/18/2024 2:35,14.63,0,"","","",""
M5,3334,4/18/2024 2:40,14.67,0,"","","",""
M5,3335,4/18/2024 2:45,14.58,0,"","","",""
M5,3336,4/18/2024 2:50,14.63,0,"","","",""
M5,3337,4/18/2024 2:55,14.63,0,"","","",""
M5,3338,4/18/2024 3:00,14.58,0,"","","",""
M5,3339,4/18/2024 3:05,14.58,0,"","","",""
M5,3340,4/18/2024 3:10,14.58,0,"","","",""
M5,3341,4/18/2024 3:15,14.58,0,"","","",""
M5,3342,4/18/2024 3:20,14.54,0,"","","",""
M5,3343,4/18/2024 3:25,14.58,0,"","","",""
M5,3344,4/18/2024 3:30,14.54,0,"","","",""
M5,3345,4/18/2024 3:35,14.54,0,"","","",""
M5,3346,4/18/2024 3:40,14.58,0,"","","",""
M5,3347,4/18/2024 3:45,14.58,0,"","","",""
M5,3348,4/18/2024 3:50,14.54,0,"","","",""
M5,3349,4/18/2024 3:55,14.5,0,"","","",""
M5,3350,4/18/2024 4:00,14.54,0,"","","",""
M5,3351,4/18/2024 4:05,14.54,0,"","","",""
M5,3352,4/18/2024 4:10,14.5,0,"","","",""
M5,3353,4/18/2024 4:15,14.54,0,"","","",""
M5,3354,4/18/2024 4:20,14.5,0,"","","",""
M5,3355,4/18/2024 4:25,14.5,0,"","","",""
M5,3356,4/18/2024 4:30,14.5,0,"","","",""
M5,3357,4/18/2024 4:35,14.45,0,"","","",""
M5,3358,4/18/2024 4:40,14.5,0,"","","",""
M5,3359,4/18/2024 4:45,14.45,0,"","","",""
M5,3360,4/18/2024 4:50,14.41,0,"","","",""
M5,3361,4/18/2024 4:55,14.41,0,"","","",""
M5,3362,4/18/2024 5:00,14.37,0,"","","",""
M5,3363,4/18/2024 5:05,14.37,0,"","","",""
M5,3364,4/18/2024 5:10,14.41,0,"","","",""
M5,3365,4/18/2024 5:15,14.41,0,"","","",""
M5,3366,4/18/2024 5:20,14.37,0,"","","",""
M5,3367,4/18/2024 5:25,14.33,0,"","","",""
M5,3368,4/18/2024 5:30,14.37,0,"","","",""
M5,3369,4/18/2024 5:35,14.33,0,"","","",""
M5,3370,4/18/2024 5:40,14.28,0,"","","",""
M5,3371,4/18/2024 5:45,14.33,0,"","","",""
M5,3372,4/18/2024 5:50,14.37,0.43,"","","",""
M5,3373,4/18/2024 5:55,14.33,2.39,"","","",""
M5,3374,4/18/2024 6:00,14.33,4.79,"","","",""
M5,3375,4/18/2024 6:05,14.33,22.09,"","","",""
M5,3376,4/18/2024 6:10,14.28,73.5,"","","",""
M5,3377,4/18/2024 6:15,14.33,14.41,"","","",""
M5,3378,4/18/2024 6:20,14.33,423.52,"","","",""
M5,3379,4/18/2024 6:25,14.33,926.72,"","","",""
M5,3380,4/18/2024 6:30,14.33,1392,"","","",""
M5,3381,4/18/2024 6:35,14.33,1080.96,"","","",""
M5,3382,4/18/2024 6:40,14.33,1347.84,"","","",""
M5,3383,4/18/2024 6:45,14.28,2055.68,"","","",""
M5,3384,4/18/2024 6:50,14.28,670.72,"","","",""
M5,3385,4/18/2024 6:55,14.37,2961.92,"","","",""
M5,3386,4/18/2024 7:00,14.33,3368.96,"","","",""
M5,3387,4/18/2024 7:05,14.37,3280.64,"","","",""
M5,3388,4/18/2024 7:10,14.37,3587.84,"","","",""
M5,3389,4/18/2024 7:15,14.41,6318.08,"","","",""
M5,3390,4/18/2024 7:20,14.41,5352.96,"","","",""
M5,3391,4/18/2024 7:25,14.37,4533.76,"","","",""
M5,3392,4/18/2024 7:30,14.37,3166.72,"","","",""
M5,3393,4/18/2024 7:35,14.37,4232.96,"","","",""
M5,3394,4/18/2024 7:40,14.37,4648.96,"","","",""
M5,3395,4/18/2024 7:45,14.33,4083.2,"","","",""
M5,3396,4/18/2024 7:50,14.37,6205.44,"","","",""
M5,3397,4/18/2024 7:55,14.28,6638.08,"","","",""
M5,3398,4/18/2024 8:00,14.41,8578.56,"","","",""
M5,3399,4/18/2024 8:05,14.45,9917.44,"","","",""
M5,3400,4/18/2024 8:10,14.45,9617.92,"","","",""
M5,3401,4/18/2024 8:15,14.45,9702.4,"","","",""
M5,3402,4/18/2024 8:20,14.5,9456.64,"","","",""
M5,3403,4/18/2024 8:25,14.45,12687.36,"","","",""
M5,3404,4/18/2024 8:30,14.54,11494.4,"","","",""
M5,3405,4/18/2024 8:35,14.58,15063.04,"","","",""
M5,3406,4/18/2024 8:40,14.63,16655.36,"","","",""
M5,3407,4/18/2024 8:45,14.67,8842.24,"","","",""
M5,3408,4/18/2024 8:50,14.67,16445.44,"","","",""
M5,3409,4/18/2024 8:55,14.71,16537.6,"","","",""
M5,3410,4/18/2024 9:00,14.67,15831.04,"","","",""
M5,3411,4/18/2024 9:05,14.75,19471.36,"","","",""
M5,3412,4/18/2024 9:10,14.75,16752.64,"","","",""
M5,3413,4/18/2024 9:15,14.88,2926.08,"","","",""
M5,3414,4/18/2024 9:20,14.93,10572.8,"","","",""
M5,3415,4/18/2024 9:25,14.97,22446.08,"","","",""
M5,3416,4/18/2024 9:30,15.06,28938.24,"","","",""
M5,3417,4/18/2024 9:35,15.27,42106.88,"","","",""
M5,3418,4/18/2024 9:40,15.36,29091.84,"","","",""
M5,3419,4/18/2024 9:45,15.66,18140.16,"","","",""
M5,3420,4/18/2024 9:50,15.61,38236.16,"","","",""
M5,3421,4/18/2024 9:55,15.66,31979.52,"","","",""
M5,3422,4/18/2024 10:00,16.43,29849.6,"","","",""
M5,3505,4/18/2024 16:55,18.96,51875.84,"","","",""
M5,3506,4/18/2024 17:00,18.79,23664.64,"","","",""
M5,3507,4/18/2024 17:05,18.62,50606.08,"","","",""
M5,3508,4/18/2024 17:10,18.36,4798.72,"","","",""
M5,3509,4/18/2024 17:15,18.06,26357.76,"","","",""
M5,3510,4/18/2024 17:20,17.72,13388.8,"","","",""
M5,3511,4/18/2024 17:25,17.8,7037.44,"","","",""
M5,3512,4/18/2024 17:30,17.84,11366.4,"","","",""
M5,3513,4/18/2024 17:35,17.59,21882.88,"","","",""
M5,3514,4/18/2024 17:40,17.37,14694.4,"","","",""
M5,3515,4/18/2024 17:45,17.33,23347.2,"","","",""
M5,3516,4/18/2024 17:50,17.16,7037.44,"","","",""
M5,3517,4/18/2024 17:55,17.03,17310.72,"","","",""
M5,3518,4/18/2024 18:00,16.94,4823.04,"","","",""
M5,3519,4/18/2024 18:05,16.77,7608.32,"","","",""
M5,3520,4/18/2024 18:10,16.43,4910.08,"","","",""
M5,3521,4/18/2024 18:15,16.3,3272.96,"","","",""
M5,3522,4/18/2024 18:20,16.26,3654.4,"","","",""
M5,3523,4/18/2024 18:25,16.21,3352.32,"","","",""
M5,3524,4/18/2024 18:30,16.17,3042.56,"","","",""
M5,3525,4/18/2024 18:35,16.17,2772.48,"","","",""
M5,3526,4/18/2024 18:40,16.21,2826.24,"","","",""
M5,3527,4/18/2024 18:45,16.17,2568.32,"","","",""
M5,3528,4/18/2024 18:50,16.13,2373.12,"","","",""
M5,3529,4/18/2024 18:55,15.96,1880.96,"","","",""
M5,3530,4/18/2024 19:00,16.08,1722.88,"","","",""
M5,3531,4/18/2024 19:05,16.13,1560.32,"","","",""
M5,3532,4/18/2024 19:10,16.08,1003.52,"","","",""
M5,3533,4/18/2024 19:15,15.91,877.12,"","","",""
M5,3534,4/18/2024 19:20,15.87,436.32,"","","",""
M5,3535,4/18/2024 19:25,16.04,281.36,"","","",""
M5,3536,4/18/2024 19:30,16.08,162.28,"","","",""
M5,3537,4/18/2024 19:35,16,77.92,"","","",""
M5,3538,4/18/2024 19:40,15.96,29.75,"","","",""
M5,3539,4/18/2024 19:45,15.78,8.28,"","","",""
M5,3540,4/18/2024 19:50,15.87,0.21,"","","",""
M5,3541,4/18/2024 19:55,15.66,0.43,"","","",""
M5,3542,4/18/2024 20:00,15.44,0,"","","",""
M5,3543,4/18/2024 20:05,15.44,0,"","","",""
M5,3544,4/18/2024 20:10,15.66,0,"","","",""
M5,3545,4/18/2024 20:15,15.44,0,"","","",""
M5,3546,4/18/2024 20:20,15.27,0,"","","",""
M5,3547,4/18/2024 20:25,15.31,0,"","","",""
M5,3548,4/18/2024 20:30,15.44,0,"","","",""
M5,3549,4/18/2024 20:35,15.23,0,"","","",""
M5,3550,4/18/2024 20:40,15.36,0,"","","",""
M5,3551,4/18/2024 20:45,15.18,0,"","","",""
M5,3552,4/18/2024 20:50,15.27,0,"","","",""
M5,3553,4/18/2024 20:55,15.27,0,"","","",""
M5,3554,4/18/2024 21:00,15.14,0,"","","",""
M5,3555,4/18/2024 21:05,15.14,0,"","","",""
M5,3556,4/18/2024 21:10,15.1,0,"","","",""
M5,3557,4/18/2024 21:15,15.06,0,"","","",""
M5,3558,4/18/2024 21:20,15.01,0,"","","",""
M5,3559,4/18/2024 21:25,14.93,0,"","","",""
M5,3560,4/18/2024 21:30,15.06,0,"","","",""
M5,3561,4/18/2024 21:35,15.1,0,"","","",""
M5,3562,4/18/2024 21:40,15.06,0,"","","",""
M5,3563,4/18/2024 21:45,15.01,0,"","","",""
M5,3564,4/18/2024 21:50,15.14,0,"","","",""
M5,3565,4/18/2024 21:55,15.06,0,"","","",""
M5,3566,4/18/2024 22:00,14.97,0,"","","",""
M5,3567,4/18/2024 22:05,14.97,0,"","","",""
M5,3568,4/18/2024 22:10,14.93,0,"","","",""
M5,3569,4/18/2024 22:15,14.93,0,"","","",""
M5,3570,4/18/2024 22:20,15.01,0,"","","",""
M5,3571,4/18/2024 22:25,15.06,0,"","","",""
M5,3572,4/18/2024 22:30,15.14,0,"","","",""
M5,3573,4/18/2024 22:35,15.14,0,"","","",""
M5,3574,4/18/2024 22:40,15.18,0,"","","",""
M5,3575,4/18/2024 22:45,15.1,0,"","","",""
M5,3576,4/18/2024 22:50,15.1,0,"","","",""
M5,3577,4/18/2024 22:55,15.06,0,"","","",""
M5,3578,4/18/2024 23:00,15.14,0,"","","",""
M5,3579,4/18/2024 23:05,15.14,0,"","","",""
M5,3580,4/18/2024 23:10,15.14,0,"","","",""
M5,3581,4/18/2024 23:15,15.1,0,"","","",""
M5,3582,4/18/2024 23:20,15.1,0,"","","",""
M5,3583,4/18/2024 23:25,15.18,0,"","","",""
M5,3584,4/18/2024 23:30,15.1,0,"","","",""
M5,3585,4/18/2024 23:35,15.1,0,"","","",""
M5,3586,4/18/2024 23:40,15.14,0,"","","",""
M5,3587,4/18/2024 23:45,15.1,0,"","","",""
M5,3636,4/19/2024 3:50,14.84,0,"","","",""
M5,3637,4/19/2024 3:55,14.8,0,"","","",""
M5,3638,4/19/2024 4:00,14.8,0,"","","",""
M5,3639,4/19/2024 4:05,14.84,0,"","","",""
M5,3640,4/19/2024 4:10,14.84,0,"","","",""
M5,3641,4/19/2024 4:15,14.75,0,"","","",""
M5,3642,4/19/2024 4:20,14.8,0,"","","",""
M5,3643,4/19/2024 4:25,14.84,0,"","","",""
M5,3644,4/19/2024 4:30,14.8,0,"","","",""
M5,3645,4/19/2024 4:35,14.8,0,"","","",""
M5,3646,4/19/2024 4:40,14.8,0,"","","",""
M5,3647,4/19/2024 4:45,14.8,0,"","","",""
M5,3648,4/19/2024 4:50,14.75,0,"","","",""
M5,3649,4/19/2024 4:55,14.8,0,"","","",""
M5,3650,4/19/2024 5:00,14.75,0,"","","",""
M5,3651,4/19/2024 5:05,14.71,0,"","","",""
M5,3652,4/19/2024 5:10,14.75,0,"","","",""
M5,3653,4/19/2024 5:15,14.8,0,"","","",""
M5,3654,4/19/2024 5:20,14.75,0,"","","",""
M5,3655,4/19/2024 5:25,14.71,0,"","","",""
M5,3656,4/19/2024 5:30,14.71,0,"","","",""
M5,3657,4/19/2024 5:35,14.71,0,"","","",""
M5,3658,4/19/2024 5:40,14.67,0,"","","",""
M5,3659,4/19/2024 5:45,14.67,0,"","","",""
M5,3660,4/19/2024 5:50,14.67,0.21,"","","",""
M5,3661,4/19/2024 5:55,14.67,1.96,"","","",""
M5,3662,4/19/2024 6:00,14.67,7.19,"","","",""
M5,3663,4/19/2024 6:05,14.63,21.66,"","","",""
M5,3664,4/19/2024 6:10,14.63,44.24,"","","",""
M5,3665,4/19/2024 6:15,14.63,90.12,"","","",""
M5,3666,4/19/2024 6:20,14.63,153.2,"","","",""
M5,3667,4/19/2024 6:25,14.67,277.68,"","","",""
M5,3668,4/19/2024 6:30,14.67,382.88,"","","",""
M5,3669,4/19/2024 6:35,14.67,738.88,"","","",""
M5,3670,4/19/2024 6:40,14.67,767.68,"","","",""
M5,3671,4/19/2024 6:45,14.63,1171.52,"","","",""
M5,3672,4/19/2024 6:50,14.71,1616,"","","",""
M5,3673,4/19/2024 6:55,14.67,2388.48,"","","",""
M5,3674,4/19/2024 7:00,14.71,2495.36,"","","",""
M5,3675,4/19/2024 7:05,14.71,2981.12,"","","",""
M5,3676,4/19/2024 7:10,14.67,2960.64,"","","",""
M5,3677,4/19/2024 7:15,14.71,2362.24,"","","",""
M5,3678,4/19/2024 7:20,14.67,2032.64,"","","",""
M5,3679,4/19/2024 7:25,14.67,2799.36,"","","",""
M5,3680,4/19/2024 7:30,14.67,2045.44,"","","",""
M5,3681,4/19/2024 7:35,14.63,3105.28,"","","",""
M5,3682,4/19/2024 7:40,14.67,5084.16,"","","",""
M5,3683,4/19/2024 7:45,14.67,4718.08,"","","",""
M5,3684,4/19/2024 7:50,14.67,5468.16,"","","",""
M5,3685,4/19/2024 7:55,14.71,3749.12,"","","",""
M5,3686,4/19/2024 8:00,14.67,6382.08,"","","",""
M5,3687,4/19/2024 8:05,14.67,6512.64,"","","",""
M5,3688,4/19/2024 8:10,14.67,7016.96,"","","",""
M5,3689,4/19/2024 8:15,14.71,8110.08,"","","",""
M5,3690,4/19/2024 8:20,14.71,9589.76,"","","",""
M5,3691,4/19/2024 8:25,14.67,6538.24,"","","",""
M5,3692,4/19/2024 8:30,14.75,11151.36,"","","",""
M5,3693,4/19/2024 8:35,14.8,12410.88,"","","",""
M5,3694,4/19/2024 8:40,14.8,9728,"","","",""
M5,3695,4/19/2024 8:45,14.84,12805.12,"","","",""
M5,3696,4/19/2024 8:50,14.84,13706.24,"","","",""
M5,3697,4/19/2024 8:55,14.88,13598.72,"","","",""
M5,3698,4/19/2024 9:00,14.88,14812.16,"","","",""
M5,3699,4/19/2024 9:05,14.93,16112.64,"","","",""
M5,3700,4/19/2024 9:10,14.93,15083.52,"","","",""
M5,3701,4/19/2024 9:15,14.97,15815.68,"","","",""
M5,3702,4/19/2024 9:20,15.01,15851.52,"","","",""
M5,3703,4/19/2024 9:25,15.01,15503.36,"","","",""
M5,3704,4/19/2024 9:30,15.14,22568.96,"","","",""
M5,3705,4/19/2024 9:35,15.18,22353.92,"","","",""
M5,3706,4/19/2024 9:40,15.18,18027.52,"","","",""
M5,3707,4/19/2024 9:45,15.18,22118.4,"","","",""
M5,3708,4/19/2024 9:50,15.18,5701.12,"","","",""
M5,3709,4/19/2024 9:55,15.48,62259.2,"","","",""
M5,3710,4/19/2024 10:00,15.57,34324.48,"","","",""
M5,3711,4/19/2024 10:05,15.7,35276.8,"","","",""
M5,3712,4/19/2024 10:10,15.78,16921.6,"","","",""
M5,3713,4/19/2024 10:15,16.13,46714.88,"","","",""
M5,3714,4/19/2024 10:20,16.73,52531.2,"","","",""
M5,3715,4/19/2024 10:25,16.34,60088.32,"","","",""
M5,3716,4/19/2024 10:30,16.21,65884.16,"","","",""
M5,3717,4/19/2024 10:35,17.03,70266.88,"","","",""
M5,3718,4/19/2024 10:40,17.46,80711.68,"","","",""
M5,3719,4/19/2024 10:45,17.72,72273.92,"","","",""
M5,3796,4/19/2024 17:10,19.43,19962.88,"","","",""
M5,3797,4/19/2024 17:15,18.57,19701.76,"","","",""
M5,3798,4/19/2024 17:20,18.57,11381.76,"","","",""
M5,3799,4/19/2024 17:25,18.53,19153.92,"","","",""
M5,3800,4/19/2024 17:30,18.1,18775.04,"","","",""
M5,3801,4/19/2024 17:35,18.02,22138.88,"","","",""
M5,3802,4/19/2024 17:40,17.84,14755.84,"","","",""
M5,3803,4/19/2024 17:45,17.8,15083.52,"","","",""
M5,3804,4/19/2024 17:50,17.72,22497.28,"","","",""
M5,3805,4/19/2024 17:55,17.67,14699.52,"","","",""
M5,3806,4/19/2024 18:00,17.46,11115.52,"","","",""
M5,3807,4/19/2024 18:05,17.37,1889.92,"","","",""
M5,3808,4/19/2024 18:10,16.99,5130.24,"","","",""
M5,3809,4/19/2024 18:15,16.86,4289.28,"","","",""
M5,3810,4/19/2024 18:20,16.81,4560.64,"","","",""
M5,3811,4/19/2024 18:25,16.73,1757.44,"","","",""
M5,3812,4/19/2024 18:30,16.6,3793.92,"","","",""
M5,3813,4/19/2024 18:35,16.56,3284.48,"","","",""
M5,3814,4/19/2024 18:40,16.51,2864.64,"","","",""
M5,3815,4/19/2024 18:45,16.51,2871.04,"","","",""
M5,3816,4/19/2024 18:50,16.43,2151.68,"","","",""
M5,3817,4/19/2024 18:55,16.47,2031.36,"","","",""
M5,3818,4/19/2024 19:00,16.34,1361.28,"","","",""
M5,3819,4/19/2024 19:05,16.43,1425.92,"","","",""
M5,3820,4/19/2024 19:10,16.39,1083.52,"","","",""
M5,3821,4/19/2024 19:15,16.26,825.6,"","","",""
M5,3822,4/19/2024 19:20,16.26,328.48,"","","",""
M5,3823,4/19/2024 19:25,16.26,304,"","","",""
M5,3824,4/19/2024 19:30,16.13,198.96,"","","",""
M5,3825,4/19/2024 19:35,16.17,98.96,"","","",""
M5,3826,4/19/2024 19:40,16.08,34.11,"","","",""
M5,3827,4/19/2024 19:45,16.04,11.57,"","","",""
M5,3828,4/19/2024 19:50,16.04,3.7,"","","",""
M5,3829,4/19/2024 19:55,15.96,0.65,"","","",""
M5,3830,4/19/2024 20:00,16.04,0,"","","",""
M5,3831,4/19/2024 20:05,16,0,"","","",""
M5,3832,4/19/2024 20:10,16.08,0,"","","",""
M5,3833,4/19/2024 20:15,16.13,0,"","","",""
M5,3834,4/19/2024 20:20,15.96,0,"","","",""
M5,3835,4/19/2024 20:25,15.83,0,"","","",""
M5,3836,4/19/2024 20:30,15.83,0,"","","",""
M5,3837,4/19/2024 20:35,15.83,0,"","","",""
M5,3838,4/19/2024 20:40,15.83,0,"","","",""
M5,3839,4/19/2024 20:45,15.78,0,"","","",""
M5,3840,4/19/2024 20:50,15.74,0,"","","",""
M5,3841,4/19/2024 20:55,15.74,0,"","","",""
M5,3842,4/19/2024 21:00,15.7,0,"","","",""
M5,3843,4/19/2024 21:05,15.57,0,"","","",""
M5,3844,4/19/2024 21:10,15.4,0,"","","",""
M5,3845,4/19/2024 21:15,15.36,0,"","","",""
M5,3846,4/19/2024 21:20,15.36,0,"","","",""
M5,3847,4/19/2024 21:25,15.48,0,"","","",""
M5,3848,4/19/2024 21:30,15.4,0,"","","",""
M5,3849,4/19/2024 21:35,15.31,0,"","","",""
M5,3850,4/19/2024 21:40,15.31,0,"","","",""
M5,3851,4/19/2024 21:45,15.23,0,"","","",""
M5,3852,4/19/2024 21:50,15.06,0,"","","",""
M5,3853,4/19/2024 21:55,14.97,0,"","","",""
M5,3854,4/19/2024 22:00,15.1,0,"","","",""
M5,3855,4/19/2024 22:05,15.18,0,"","","",""
M5,3856,4/19/2024 22:10,15.14,0,"","","",""
M5,3857,4/19/2024 22:15,14.93,0,"","","",""
M5,3858,4/19/2024 22:20,15.01,0,"","","",""
M5,3859,4/19/2024 22:25,14.97,0,"","","",""
M5,3860,4/19/2024 22:30,15.01,0,"","","",""
M5,3861,4/19/2024 22:35,15.06,0,"","","",""
M5,3862,4/19/2024 22:40,14.97,0,"","","",""
M5,3863,4/19/2024 22:45,15.01,0,"","","",""
M5,3864,4/19/2024 22:50,14.93,0,"","","",""
M5,3865,4/19/2024 22:55,14.97,0,"","","",""
M5,3866,4/19/2024 23:00,14.93,0,"","","",""
M5,3867,4/19/2024 23:05,15.06,0,"","","",""
M5,3868,4/19/2024 23:10,15.06,0,"","","",""
M5,3869,4/19/2024 23:15,15.1,0,"","","",""
M5,3870,4/19/2024 23:20,15.1,0,"","","",""
M5,3871,4/19/2024 23:25,15.06,0,"","","",""
M5,3872,4/19/2024 23:30,15.06,0,"","","",""
M5,3873,4/19/2024 23:35,15.1,0,"","","",""
M5,3874,4/19/2024 23:40,15.1,0,"","","",""
M5,3875,4/19/2024 23:45,15.06,0,"","","",""
M5,3938,4/20/2024 5:00,14.63,0,"","","",""
M5,3939,4/20/2024 5:05,14.58,0,"","","",""
M5,3940,4/20/2024 5:10,14.63,0,"","","",""
M5,3941,4/20/2024 5:15,14.63,0,"","","",""
M5,3942,4/20/2024 5:20,14.58,0,"","","",""
M5,3943,4/20/2024 5:25,14.63,0,"","","",""
M5,3944,4/20/2024 5:30,14.63,0,"","","",""
M5,3945,4/20/2024 5:35,14.58,0,"","","",""
M5,3946,4/20/2024 5:40,14.58,0,"","","",""
M5,3947,4/20/2024 5:45,14.58,0,"","","",""
M5,3948,4/20/2024 5:50,14.58,0.43,"","","",""
M5,3949,4/20/2024 5:55,14.54,2.39,"","","",""
M5,3950,4/20/2024 6:00,14.58,6.53,"","","",""
M5,3951,4/20/2024 6:05,14.58,22.99,"","","",""
M5,3952,4/20/2024 6:10,14.58,49.96,"","","",""
M5,3953,4/20/2024 6:15,14.58,102.44,"","","",""
M5,3954,4/20/2024 6:20,14.5,197.2,"","","",""
M5,3955,4/20/2024 6:25,14.5,268.96,"","","",""
M5,3956,4/20/2024 6:30,14.54,318.24,"","","",""
M5,3957,4/20/2024 6:35,14.54,478.56,"","","",""
M5,3958,4/20/2024 6:40,14.54,630.24,"","","",""
M5,3959,4/20/2024 6:45,14.5,970.24,"","","",""
M5,3960,4/20/2024 6:50,14.5,974.72,"","","",""
M5,3961,4/20/2024 6:55,14.5,1461.12,"","","",""
M5,3962,4/20/2024 7:00,14.5,1720.96,"","","",""
M5,3963,4/20/2024 7:05,14.45,2174.08,"","","",""
M5,3964,4/20/2024 7:10,14.45,2151.68,"","","",""
M5,3965,4/20/2024 7:15,14.45,2315.52,"","","",""
M5,3966,4/20/2024 7:20,14.45,3038.72,"","","",""
M5,3967,4/20/2024 7:25,14.45,2941.44,"","","",""
M5,3968,4/20/2024 7:30,14.45,3553.28,"","","",""
M5,3969,4/20/2024 7:35,14.45,3888.64,"","","",""
M5,3970,4/20/2024 7:40,14.45,3992.32,"","","",""
M5,3971,4/20/2024 7:45,14.45,3953.92,"","","",""
M5,3972,4/20/2024 7:50,14.5,4028.16,"","","",""
M5,3973,4/20/2024 7:55,14.5,4404.48,"","","",""
M5,3974,4/20/2024 8:00,14.54,6248.96,"","","",""
M5,3975,4/20/2024 8:05,14.54,5583.36,"","","",""
M5,3976,4/20/2024 8:10,14.54,5885.44,"","","",""
M5,3977,4/20/2024 8:15,14.58,6963.2,"","","",""
M5,3978,4/20/2024 8:20,14.58,7004.16,"","","",""
M5,3979,4/20/2024 8:25,14.63,7426.56,"","","",""
M5,3980,4/20/2024 8:30,14.63,7575.04,"","","",""
M5,3981,4/20/2024 8:35,14.63,8788.48,"","","",""
M5,3982,4/20/2024 8:40,14.71,8181.76,"","","",""
M5,3983,4/20/2024 8:45,14.63,9856,"","","",""
M5,3984,4/20/2024 8:50,14.67,9638.4,"","","",""
M5,3985,4/20/2024 8:55,14.71,9149.44,"","","",""
M5,3986,4/20/2024 9:00,14.71,10160.64,"","","",""
M5,3987,4/20/2024 9:05,14.71,10531.84,"","","",""
M5,3988,4/20/2024 9:10,14.75,11540.48,"","","",""
M5,3989,4/20/2024 9:15,14.75,12579.84,"","","",""
M5,3990,4/20/2024 9:20,14.75,6702.08,"","","",""
M5,3991,4/20/2024 9:25,14.84,11673.6,"","","",""
M5,3992,4/20/2024 9:30,14.84,15104,"","","",""
M5,3993,4/20/2024 9:35,14.88,11038.72,"","","",""
M5,3994,4/20/2024 9:40,14.93,17710.08,"","","",""
M5,3995,4/20/2024 9:45,14.93,17981.44,"","","",""
M5,3996,4/20/2024 9:50,14.97,18780.16,"","","",""
M5,3997,4/20/2024 9:55,14.97,21002.24,"","","",""
M5,3998,4/20/2024 10:00,15.06,19215.36,"","","",""
M5,3999,4/20/2024 10:05,15.06,21770.24,"","","",""
M5,4000,4/20/2024 10:10,15.18,24801.28,"","","",""
M5,4001,4/20/2024 10:15,15.23,20746.24,"","","",""
M5,4002,4/20/2024 10:20,15.23,12247.04,"","","",""
M5,4003,4/20/2024 10:25,15.18,25630.72,"","","",""
M5,4004,4/20/2024 10:30,15.23,22568.96,"","","",""
M5,4005,4/20/2024 10:35,15.4,6594.56,"","","",""
M5,4006,4/20/2024 10:40,15.44,29491.2,"","","",""
M5,4007,4/20/2024 10:45,15.53,30361.6,"","","",""
M5,4008,4/20/2024 10:50,15.66,33044.48,"","","",""
M5,4009,4/20/2024 10:55,15.66,33402.88,"","","",""
M5,4010,4/20/2024 11:00,16,7580.16,"","","",""
M5,4011,4/20/2024 11:05,15.78,30156.8,"","","",""
M5,4012,4/20/2024 11:10,16.21,12154.88,"","","",""
M5,4013,4/20/2024 11:15,16,34744.32,"","","",""
M5,4087,4/20/2024 17:25,18.1,14151.68,"","","",""
M5,4088,4/20/2024 17:30,18.23,12830.72,"","","",""
M5,4089,4/20/2024 17:35,17.89,24821.76,"","","",""
M5,4090,4/20/2024 17:40,17.84,26613.76,"","","",""
M5,4091,4/20/2024 17:45,17.63,19886.08,"","","",""
M5,4092,4/20/2024 17:50,17.37,5670.4,"","","",""
M5,4093,4/20/2024 17:55,17.54,21196.8,"","","",""
M5,4094,4/20/2024 18:00,17.2,6970.88,"","","",""
M5,4095,4/20/2024 18:05,17.07,11965.44,"","","",""
M5,4096,4/20/2024 18:10,16.73,7267.84,"","","",""
M5,4097,4/20/2024 18:15,16.56,5126.4,"","","",""
M5,4098,4/20/2024 18:20,16.51,3644.16,"","","",""
M5,4099,4/20/2024 18:25,16.34,4791.04,"","","",""
M5,4100,4/20/2024 18:30,16.34,3884.8,"","","",""
M5,4101,4/20/2024 18:35,16.34,3292.16,"","","",""
M5,4102,4/20/2024 18:40,16.26,2630.4,"","","",""
M5,4103,4/20/2024 18:45,16.26,3311.36,"","","",""
M5,4104,4/20/2024 18:50,16.17,3009.28,"","","",""
M5,4105,4/20/2024 18:55,16.08,2130.56,"","","",""
M5,4106,4/20/2024 19:00,16.04,1820.16,"","","",""
M5,4107,4/20/2024 19:05,15.91,1326.08,"","","",""
M5,4108,4/20/2024 19:10,15.87,1375.36,"","","",""
M5,4109,4/20/2024 19:15,15.91,944.96,"","","",""
M5,4110,4/20/2024 19:20,15.96,635.04,"","","",""
M5,4111,4/20/2024 19:25,15.91,360.96,"","","",""
M5,4112,4/20/2024 19:30,15.87,216.4,"","","",""
M5,4113,4/20/2024 19:35,15.87,107.76,"","","",""
M5,4114,4/20/2024 19:40,15.83,37.65,"","","",""
M5,4115,4/20/2024 19:45,15.74,15.53,"","","",""
M5,4116,4/20/2024 19:50,15.7,4.57,"","","",""
M5,4117,4/20/2024 19:55,15.74,1.3,"","","",""
M5,4118,4/20/2024 20:00,15.78,0,"","","",""
M5,4119,4/20/2024 20:05,15.91,0,"","","",""
M5,4120,4/20/2024 20:10,15.61,0,"","","",""
M5,4121,4/20/2024 20:15,15.61,0,"","","",""
M5,4122,4/20/2024 20:20,15.61,0,"","","",""
M5,4123,4/20/2024 20:25,15.48,0,"","","",""
M5,4124,4/20/2024 20:30,15.36,0,"","","",""
M5,4125,4/20/2024 20:35,15.23,0,"","","",""
M5,4126,4/20/2024 20:40,15.14,0,"","","",""
M5,4127,4/20/2024 20:45,15.18,0,"","","",""
M5,4128,4/20/2024 20:50,15.27,0,"","","",""
M5,4129,4/20/2024 20:55,15.14,0,"","","",""
M5,4130,4/20/2024 21:00,15.36,0,"","","",""
M5,4131,4/20/2024 21:05,15.31,0,"","","",""
M5,4132,4/20/2024 21:10,15.1,0,"","","",""
M5,4133,4/20/2024 21:15,15.14,0,"","","",""
M5,4134,4/20/2024 21:20,15.18,0,"","","",""
M5,4135,4/20/2024 21:25,15.27,0,"","","",""
M5,4136,4/20/2024 21:30,15.06,0,"","","",""
M5,4137,4/20/2024 21:35,15.1,0,"","","",""
M5,4138,4/20/2024 21:40,14.93,0,"","","",""
M5,4139,4/20/2024 21:45,14.84,0,"","","",""
M5,4140,4/20/2024 21:50,15.01,0,"","","",""
M5,4141,4/20/2024 21:55,14.97,0,"","","",""
M5,4142,4/20/2024 22:00,14.97,0,"","","",""
M5,4143,4/20/2024 22:05,14.71,0,"","","",""
M5,4144,4/20/2024 22:10,14.67,0,"","","",""
M5,4145,4/20/2024 22:15,14.63,0,"","","",""
M5,4146,4/20/2024 22:20,14.5,0,"","","",""
M5,4147,4/20/2024 22:25,14.5,0,"","","",""
M5,4148,4/20/2024 22:30,14.5,0,"","","",""
M5,4149,4/20/2024 22:35,14.5,0,"","","",""
M5,4150,4/20/2024 22:40,14.45,0,"","","",""
M5,4151,4/20/2024 22:45,14.45,0,"","","",""
M5,4152,4/20/2024 22:50,14.37,0,"","","",""
M5,4153,4/20/2024 22:55,14.41,0,"","","",""
M5,4154,4/20/2024 23:00,14.41,0,"","","",""
M5,4155,4/20/2024 23:05,14.41,0,"","","",""
M5,4156,4/20/2024 23:10,14.41,0,"","","",""
M5,4157,4/20/2024 23:15,14.54,0,"","","",""
M5,4158,4/20/2024 23:20,14.45,0,"","","",""
M5,4159,4/20/2024 23:25,14.54,0,"","","",""
M5,4160,4/20/2024 23:30,14.5,0,"","","",""
M5,4161,4/20/2024 23:35,14.45,0,"","","",""
M5,4162,4/20/2024 23:40,14.5,0,"","","",""
M5,4163,4/20/2024 23:45,14.45,0,"","","",""
M5,4164,4/20/2024 23:50,14.41,0,"","","",""
M5,4165,4/20/2024 23:55,14.45,0,"","","",""
M5,4237,4/21/2024 5:55,14.24,4.79,"","","",""
M5,4238,4/21/2024 6:00,14.24,8.06,"","","",""
M5,4239,4/21/2024 6:05,14.28,35.91,"","","",""
M5,4240,4/21/2024 6:10,14.28,74.92,"","","",""
M5,4241,4/21/2024 6:15,14.28,134.92,"","","",""
M5,4242,4/21/2024 6:20,14.24,268.32,"","","",""
M5,4243,4/21/2024 6:25,14.28,378.72,"","","",""
M5,4244,4/21/2024 6:30,14.28,689.92,"","","",""
M5,4245,4/21/2024 6:35,14.33,717.76,"","","",""
M5,4246,4/21/2024 6:40,14.33,991.04,"","","",""
M5,4247,4/21/2024 6:45,14.28,1122.88,"","","",""
M5,4248,4/21/2024 6:50,14.33,1390.08,"","","",""
M5,4249,4/21/2024 6:55,14.33,1555.2,"","","",""
M5,4250,4/21/2024 7:00,14.28,1683.2,"","","",""
M5,4251,4/21/2024 7:05,14.37,2337.92,"","","",""
M5,4252,4/21/2024 7:10,14.33,2085.12,"","","",""
M5,4253,4/21/2024 7:15,14.33,2676.48,"","","",""
M5,4254,4/21/2024 7:20,14.33,3562.24,"","","",""
M5,4255,4/21/2024 7:25,14.37,4010.24,"","","",""
M5,4256,4/21/2024 7:30,14.37,3678.72,"","","",""
M5,4257,4/21/2024 7:35,14.41,4483.84,"","","",""
M5,4258,4/21/2024 7:40,14.45,4983.04,"","","",""
M5,4259,4/21/2024 7:45,14.45,5506.56,"","","",""
M5,4260,4/21/2024 7:50,14.41,5713.92,"","","",""
M5,4261,4/21/2024 7:55,14.5,7943.68,"","","",""
M5,4262,4/21/2024 8:00,14.5,7859.2,"","","",""
M5,4263,4/21/2024 8:05,14.5,7831.04,"","","",""
M5,4264,4/21/2024 8:10,14.5,9088,"","","",""
M5,4265,4/21/2024 8:15,14.58,10849.28,"","","",""
M5,4266,4/21/2024 8:20,14.58,9121.28,"","","",""
M5,4267,4/21/2024 8:25,14.58,12861.44,"","","",""
M5,4268,4/21/2024 8:30,14.63,12262.4,"","","",""
M5,4269,4/21/2024 8:35,14.63,12477.44,"","","",""
M5,4270,4/21/2024 8:40,14.67,10455.04,"","","",""
M5,4271,4/21/2024 8:45,14.67,12579.84,"","","",""
M5,4272,4/21/2024 8:50,14.67,13301.76,"","","",""
M5,4273,4/21/2024 8:55,14.71,12666.88,"","","",""
M5,4274,4/21/2024 9:00,14.75,15247.36,"","","",""
M5,4275,4/21/2024 9:05,14.75,14407.68,"","","",""
M5,4276,4/21/2024 9:10,14.8,15431.68,"","","",""
M5,4277,4/21/2024 9:15,14.8,14909.44,"","","",""
M5,4278,4/21/2024 9:20,14.88,18754.56,"","","",""
M5,4279,4/21/2024 9:25,14.88,16829.44,"","","",""
M5,4280,4/21/2024 9:30,14.97,20008.96,"","","",""
M5,4281,4/21/2024 9:35,14.97,23173.12,"","","",""
M5,4282,4/21/2024 9:40,15.01,22640.64,"","","",""
M5,4283,4/21/2024 9:45,15.18,32860.16,"","","",""
M5,4284,4/21/2024 9:50,15.18,18585.6,"","","",""
M5,4285,4/21/2024 9:55,15.27,36505.6,"","","",""
M5,4286,4/21/2024 10:00,15.4,38154.24,"","","",""
M5,4287,4/21/2024 10:05,15.48,49418.24,"","","",""
M5,4288,4/21/2024 10:10,15.57,44789.76,"","","",""
M5,4289,4/21/2024 10:15,15.74,51609.6,"","","",""
M5,4290,4/21/2024 10:20,15.83,58531.84,"","","",""
M5,4291,4/21/2024 10:25,15.87,41564.16,"","","",""
M5,4292,4/21/2024 10:30,15.91,55173.12,"","","",""
M5,4293,4/21/2024 10:35,16.08,54456.32,"","","",""
M5,4294,4/21/2024 10:40,16.13,68423.68,"","","",""
M5,4295,4/21/2024 10:45,16.21,23347.2,"","","",""
M5,4296,4/21/2024 10:50,16.21,44441.6,"","","",""
M5,4297,4/21/2024 10:55,16.51,54292.48,"","","",""
M5,4298,4/21/2024 11:00,16.39,23040,"","","",""
M5,4299,4/21/2024 11:05,16.34,53862.4,"","","",""
M5,4300,4/21/2024 11:10,16.56,78090.24,"","","",""
M5,4301,4/21/2024 11:15,16.47,47923.2,"","","",""
M5,4302,4/21/2024 11:20,16.81,7777.28,"","","",""
M5,4303,4/21/2024 11:25,17.03,76308.48,"","","",""
M5,4304,4/21/2024 11:30,17.2,74465.28,"","","",""
M5,4305,4/21/2024 11:35,17.46,78254.08,"","","",""
M5,4306,4/21/2024 11:40,17.59,73871.36,"","","",""
M5,4307,4/21/2024 11:45,17.37,69468.16,"","","",""
M5,4308,4/21/2024 11:50,18.36,64880.64,"","","",""
M5,4376,4/21/2024 17:30,17.2,4721.92,"","","",""
M5,4377,4/21/2024 17:35,17.11,7951.36,"","","",""
M5,4378,4/21/2024 17:40,16.9,2657.28,"","","",""
M5,4379,4/21/2024 17:45,16.86,8704,"","","",""
M5,4380,4/21/2024 17:50,16.77,4560.64,"","","",""
M5,4381,4/21/2024 17:55,16.56,5998.08,"","","",""
M5,4382,4/21/2024 18:00,16.6,5424.64,"","","",""
M5,4383,4/21/2024 18:05,16.51,5240.32,"","","",""
M5,4384,4/21/2024 18:10,16.47,2850.56,"","","",""
M5,4385,4/21/2024 18:15,16.43,3741.44,"","","",""
M5,4386,4/21/2024 18:20,16.34,3216.64,"","","",""
M5,4387,4/21/2024 18:25,16.3,2748.16,"","","",""
M5,4388,4/21/2024 18:30,16.3,3408.64,"","","",""
M5,4389,4/21/2024 18:35,16.21,2154.88,"","","",""
M5,4390,4/21/2024 18:40,16.21,2629.12,"","","",""
M5,4391,4/21/2024 18:45,16.08,1930.24,"","","",""
M5,4392,4/21/2024 18:50,16.13,1555.2,"","","",""
M5,4393,4/21/2024 18:55,16.08,1640.32,"","","",""
M5,4394,4/21/2024 19:00,16.04,1211.84,"","","",""
M5,4395,4/21/2024 19:05,16.13,1162.88,"","","",""
M5,4396,4/21/2024 19:10,15.96,967.68,"","","",""
M5,4397,4/21/2024 19:15,15.96,817.6,"","","",""
M5,4398,4/21/2024 19:20,15.96,481.92,"","","",""
M5,4399,4/21/2024 19:25,15.96,291.6,"","","",""
M5,4400,4/21/2024 19:30,15.91,179.6,"","","",""
M5,4401,4/21/2024 19:35,15.74,84,"","","",""
M5,4402,4/21/2024 19:40,15.83,32.8,"","","",""
M5,4403,4/21/2024 19:45,15.87,12.45,"","","",""
M5,4404,4/21/2024 19:50,15.91,3.7,"","","",""
M5,4405,4/21/2024 19:55,15.87,0.65,"","","",""
M5,4406,4/21/2024 20:00,15.78,0,"","","",""
M5,4407,4/21/2024 20:05,15.74,0,"","","",""
M5,4408,4/21/2024 20:10,15.7,0,"","","",""
M5,4409,4/21/2024 20:15,15.53,0,"","","",""
M5,4410,4/21/2024 20:20,15.57,0,"","","",""
M5,4411,4/21/2024 20:25,15.48,0,"","","",""
M5,4412,4/21/2024 20:30,15.61,0,"","","",""
M5,4413,4/21/2024 20:35,15.53,0,"","","",""
M5,4414,4/21/2024 20:40,15.48,0,"","","",""
M5,4415,4/21/2024 20:45,15.36,0,"","","",""
M5,4416,4/21/2024 20:50,15.27,0,"","","",""
M5,4417,4/21/2024 20:55,15.1,0,"","","",""
M5,4418,4/21/2024 21:00,15.06,0,"","","",""
M5,4419,4/21/2024 21:05,14.97,0,"","","",""
M5,4420,4/21/2024 21:10,14.97,0,"","","",""
M5,4421,4/21/2024 21:15,14.93,0,"","","",""
M5,4422,4/21/2024 21:20,14.97,0,"","","",""
M5,4423,4/21/2024 21:25,14.93,0,"","","",""
M5,4424,4/21/2024 21:30,14.75,0,"","","",""
M5,4425,4/21/2024 21:35,14.54,0,"","","",""
M5,4426,4/21/2024 21:40,14.67,0,"","","",""
M5,4427,4/21/2024 21:45,14.41,0,"","","",""
M5,4428,4/21/2024 21:50,14.45,0,"","","",""
M5,4429,4/21/2024 21:55,14.5,0,"","","",""
M5,4430,4/21/2024 22:00,14.2,0,"","","",""
M5,4431,4/21/2024 22:05,14.28,0,"","","",""
M5,4432,4/21/2024 22:10,14.33,0,"","","",""
M5,4433,4/21/2024 22:15,14.41,0,"","","",""
M5,4434,4/21/2024 22:20,14.28,0,"","","",""
M5,4435,4/21/2024 22:25,14.41,0,"","","",""
M5,4436,4/21/2024 22:30,14.2,0,"","","",""
M5,4437,4/21/2024 22:35,14.15,0,"","","",""
M5,4438,4/21/2024 22:40,14.03,0,"","","",""
M5,4439,4/21/2024 22:45,13.94,0,"","","",""
M5,4440,4/21/2024 22:50,13.9,0,"","","",""
M5,4441,4/21/2024 22:55,14.03,0,"","","",""
M5,4442,4/21/2024 23:00,14.03,0,"","","",""
M5,4443,4/21/2024 23:05,14.2,0,"","","",""
M5,4444,4/21/2024 23:10,13.98,0,"","","",""
M5,4445,4/21/2024 23:15,13.9,0,"","","",""
M5,4446,4/21/2024 23:20,14.03,0,"","","",""
M5,4447,4/21/2024 23:25,14.03,0,"","","",""
M5,4448,4/21/2024 23:30,14.15,0,"","","",""
M5,4449,4/21/2024 23:35,14.11,0,"","","",""
M5,4450,4/21/2024 23:40,14.03,0,"","","",""
M5,4451,4/21/2024 23:45,14.11,0,"","","",""
M5,4452,4/21/2024 23:50,14.03,0,"","","",""
M5,4453,4/21/2024 23:55,13.94,0,"","","",""
M5,4454,4/22/2024 0:00,14.15,0,"","","",""
M5,4455,4/22/2024 0:05,14.15,0,"","","",""
M5,4456,4/22/2024 0:10,14.07,0,"","","",""
M5,4457,4/22/2024 0:15,14.2,0,"","","",""
M5,4458,4/22/2024 0:20,14.2,0,"","","",""
M5,4532,4/22/2024 6:30,13.85,165.52,"","","",""
M5,4533,4/22/2024 6:35,13.9,560.48,"","","",""
M5,4534,4/22/2024 6:40,13.81,328.64,"","","",""
M5,4535,4/22/2024 6:45,13.85,636.48,"","","",""
M5,4536,4/22/2024 6:50,13.85,928.32,"","","",""
M5,4537,4/22/2024 6:55,13.85,1191.68,"","","",""
M5,4538,4/22/2024 7:00,13.85,994.56,"","","",""
M5,4539,4/22/2024 7:05,13.9,1688.32,"","","",""
M5,4540,4/22/2024 7:10,13.9,1777.28,"","","",""
M5,4541,4/22/2024 7:15,13.9,1567.36,"","","",""
M5,4542,4/22/2024 7:20,13.9,2259.84,"","","",""
M5,4543,4/22/2024 7:25,13.9,2411.52,"","","",""
M5,4544,4/22/2024 7:30,13.9,2517.76,"","","",""
M5,4545,4/22/2024 7:35,13.94,2108.16,"","","",""
M5,4546,4/22/2024 7:40,13.98,3101.44,"","","",""
M5,4547,4/22/2024 7:45,13.98,2426.88,"","","",""
M5,4548,4/22/2024 7:50,14.03,4188.16,"","","",""
M5,4549,4/22/2024 7:55,14.03,5171.2,"","","",""
M5,4550,4/22/2024 8:00,14.03,3034.88,"","","",""
M5,4551,4/22/2024 8:05,14.15,6333.44,"","","",""
M5,4552,4/22/2024 8:10,14.2,3838.72,"","","",""
M5,4553,4/22/2024 8:15,14.2,7001.6,"","","",""
M5,4554,4/22/2024 8:20,14.24,6597.12,"","","",""
M5,4555,4/22/2024 8:25,14.28,7191.04,"","","",""
M5,4556,4/22/2024 8:30,14.37,7086.08,"","","",""
M5,4557,4/22/2024 8:35,14.33,5011.2,"","","",""
M5,4558,4/22/2024 8:40,14.33,7761.92,"","","",""
M5,4559,4/22/2024 8:45,14.41,6530.56,"","","",""
M5,4560,4/22/2024 8:50,14.41,8089.6,"","","",""
M5,4561,4/22/2024 8:55,14.45,8222.72,"","","",""
M5,4562,4/22/2024 9:00,14.5,9164.8,"","","",""
M5,4563,4/22/2024 9:05,14.5,10900.48,"","","",""
M5,4564,4/22/2024 9:10,14.63,13173.76,"","","",""
M5,4565,4/22/2024 9:15,14.58,9722.88,"","","",""
M5,4566,4/22/2024 9:20,14.54,7175.68,"","","",""
M5,4567,4/22/2024 9:25,14.5,5944.32,"","","",""
M5,4568,4/22/2024 9:30,14.54,6799.36,"","","",""
M5,4569,4/22/2024 9:35,14.41,1176,"","","",""
M5,4570,4/22/2024 9:40,14.5,6574.08,"","","",""
M5,4571,4/22/2024 9:45,14.58,9157.12,"","","",""
M5,4572,4/22/2024 9:50,14.58,10309.12,"","","",""
M5,4573,4/22/2024 9:55,14.67,11909.12,"","","",""
M5,4574,4/22/2024 10:00,14.71,11709.44,"","","",""
M5,4575,4/22/2024 10:05,14.67,12503.04,"","","",""
M5,4576,4/22/2024 10:10,14.75,11340.8,"","","",""
M5,4577,4/22/2024 10:15,14.75,11847.68,"","","",""
M5,4578,4/22/2024 10:20,14.75,10936.32,"","","",""
M5,4579,4/22/2024 10:25,14.71,7470.08,"","","",""
M5,4580,4/22/2024 10:30,14.67,9625.6,"","","",""
M5,4581,4/22/2024 10:35,14.63,6912,"","","",""
M5,4582,4/22/2024 10:40,14.67,8906.24,"","","",""
M5,4583,4/22/2024 10:45,14.67,1374.72,"","","",""
M5,4584,4/22/2024 10:50,14.67,10058.24,"","","",""
M5,4585,4/22/2024 10:55,14.71,8125.44,"","","",""
M5,4586,4/22/2024 11:00,14.71,11591.68,"","","",""
M5,4587,4/22/2024 11:05,14.63,5703.68,"","","",""
M5,4588,4/22/2024 11:10,14.71,10823.68,"","","",""
M5,4589,4/22/2024 11:15,14.8,13885.44,"","","",""
M5,4590,4/22/2024 11:20,14.84,4052.48,"","","",""
M5,4591,4/22/2024 11:25,14.84,653.92,"","","",""
M5,4592,4/22/2024 11:30,14.8,14499.84,"","","",""
M5,4593,4/22/2024 11:35,14.88,15390.72,"","","",""
M5,4594,4/22/2024 11:40,14.88,13342.72,"","","",""
M5,4595,4/22/2024 11:45,14.8,9415.68,"","","",""
M5,4596,4/22/2024 11:50,14.97,8967.68,"","","",""
M5,4597,4/22/2024 11:55,15.01,16691.2,"","","",""
M5,4598,4/22/2024 12:00,14.97,11228.16,"","","",""
M5,4599,4/22/2024 12:05,14.97,3842.56,"","","",""
M5,4600,4/22/2024 12:10,15.06,13322.24,"","","",""
M5,4601,4/22/2024 12:15,15.06,12262.4,"","","",""
M5,4602,4/22/2024 12:20,15.14,9896.96,"","","",""
M5,4603,4/22/2024 12:25,15.1,21370.88,"","","",""
M5,4664,4/22/2024 17:30,15.23,3880.96,"","","",""
M5,4665,4/22/2024 17:35,15.18,3500.8,"","","",""
M5,4666,4/22/2024 17:40,15.14,3223.04,"","","",""
M5,4667,4/22/2024 17:45,15.14,1678.72,"","","",""
M5,4668,4/22/2024 17:50,15.1,2147.84,"","","",""
M5,4669,4/22/2024 17:55,15.14,802.88,"","","",""
M5,4670,4/22/2024 18:00,15.1,2205.44,"","","",""
M5,4671,4/22/2024 18:05,15.1,1718.4,"","","",""
M5,4672,4/22/2024 18:10,15.1,696.64,"","","",""
M5,4673,4/22/2024 18:15,15.06,1403.52,"","","",""
M5,4674,4/22/2024 18:20,15.1,1399.04,"","","",""
M5,4675,4/22/2024 18:25,15.01,918.08,"","","",""
M5,4676,4/22/2024 18:30,15.01,1352.96,"","","",""
M5,4677,4/22/2024 18:35,15.06,1290.24,"","","",""
M5,4678,4/22/2024 18:40,15.06,1122.88,"","","",""
M5,4679,4/22/2024 18:45,15.01,227.76,"","","",""
M5,4680,4/22/2024 18:50,15.01,550.08,"","","",""
M5,4681,4/22/2024 18:55,15.01,509.12,"","","",""
M5,4682,4/22/2024 19:00,14.97,454.88,"","","",""
M5,4683,4/22/2024 19:05,14.97,339.04,"","","",""
M5,4684,4/22/2024 19:10,15.01,249.76,"","","",""
M5,4685,4/22/2024 19:15,15.01,180.48,"","","",""
M5,4686,4/22/2024 19:20,14.97,149.72,"","","",""
M5,4687,4/22/2024 19:25,14.97,96.2,"","","",""
M5,4688,4/22/2024 19:30,14.93,57.38,"","","",""
M5,4689,4/22/2024 19:35,14.97,30.18,"","","",""
M5,4690,4/22/2024 19:40,14.93,14.19,"","","",""
M5,4691,4/22/2024 19:45,14.97,6.1,"","","",""
M5,4692,4/22/2024 19:50,14.88,1.3,"","","",""
M5,4693,4/22/2024 19:55,14.93,0.21,"","","",""
M5,4694,4/22/2024 20:00,14.93,0,"","","",""
M5,4695,4/22/2024 20:05,14.97,0,"","","",""
M5,4696,4/22/2024 20:10,14.88,0,"","","",""
M5,4697,4/22/2024 20:15,14.93,0,"","","",""
M5,4698,4/22/2024 20:20,14.88,0,"","","",""
M5,4699,4/22/2024 20:25,14.88,0,"","","",""
M5,4700,4/22/2024 20:30,14.93,0,"","","",""
M5,4701,4/22/2024 20:35,14.88,0,"","","",""
M5,4702,4/22/2024 20:40,14.84,0,"","","",""
M5,4703,4/22/2024 20:45,14.93,0,"","","",""
M5,4704,4/22/2024 20:50,14.93,0,"","","",""
M5,4705,4/22/2024 20:55,14.97,0,"","","",""
M5,4706,4/22/2024 21:00,14.88,0,"","","",""
M5,4707,4/22/2024 21:05,14.93,0,"","","",""
M5,4708,4/22/2024 21:10,14.97,0,"","","",""
M5,4709,4/22/2024 21:15,14.93,0,"","","",""
M5,4710,4/22/2024 21:20,14.93,0,"","","",""
M5,4711,4/22/2024 21:25,14.93,0,"","","",""
M5,4712,4/22/2024 21:30,14.88,0,"","","",""
M5,4713,4/22/2024 21:35,14.88,0,"","","",""
M5,4714,4/22/2024 21:40,14.88,0,"","","",""
M5,4715,4/22/2024 21:45,14.93,0,"","","",""
M5,4716,4/22/2024 21:50,14.88,0,"","","",""
M5,4717,4/22/2024 21:55,14.93,0,"","","",""
M5,4718,4/22/2024 22:00,14.97,0,"","","",""
M5,4719,4/22/2024 22:05,14.88,0,"","","",""
M5,4720,4/22/2024 22:10,14.93,0,"","","",""
M5,4721,4/22/2024 22:15,14.93,0,"","","",""
M5,4722,4/22/2024 22:20,14.93,0,"","","",""
M5,4723,4/22/2024 22:25,14.93,0,"","","",""
M5,4724,4/22/2024 22:30,14.97,0,"","","",""
M5,4725,4/22/2024 22:35,14.93,0,"","","",""
M5,4726,4/22/2024 22:40,14.93,0,"","","",""
M5,4727,4/22/2024 22:45,14.97,0,"","","",""
M5,4728,4/22/2024 22:50,14.97,0,"","","",""
M5,4729,4/22/2024 22:55,14.93,0,"","","",""
M5,4730,4/22/2024 23:00,14.97,0,"","","",""
M5,4731,4/22/2024 23:05,14.93,0,"","","",""
M5,4732,4/22/2024 23:10,14.93,0,"","","",""
M5,4733,4/22/2024 23:15,14.93,0,"","","",""
M5,4734,4/22/2024 23:20,14.93,0,"","","",""
M5,4735,4/22/2024 23:25,14.93,0,"","","",""
M5,4736,4/22/2024 23:30,14.93,0,"","","",""
M5,4737,4/22/2024 23:35,14.88,0,"","","",""
M5,4738,4/22/2024 23:40,14.88,0,"","","",""
M5,4739,4/22/2024 23:45,14.88,0,"","","",""
M5,4740,4/22/2024 23:50,14.97,0,"","","",""
M5,4741,4/22/2024 23:55,14.88,0,"","","",""
M5,4742,4/23/2024 0:00,14.88,0,"","","",""
M5,4743,4/23/2024 0:05,14.88,0,"","","",""
M5,4744,4/23/2024 0:10,14.88,0,"","","",""
M5,4745,4/23/2024 0:15,14.88,0,"","","",""
M5,4746,4/23/2024 0:20,14.88,0,"","","",""
M5,4747,4/23/2024 0:25,14.88,0,"","","",""
M5,4748,4/23/2024 0:30,14.88,0,"","","",""
M5,4749,4/23/2024 0:35,14.88,0,"","","",""
M5,4750,4/23/2024 0:40,14.93,0,"","","",""
M5,4751,4/23/2024 0:45,14.84,0,"","","",""
M5,4830,4/23/2024 7:20,14.8,3631.36,"","","",""
M5,4831,4/23/2024 7:25,14.88,5990.4,"","","",""
M5,4832,4/23/2024 7:30,14.88,7539.2,"","","",""
M5,4833,4/23/2024 7:35,14.84,7877.12,"","","",""
M5,4834,4/23/2024 7:40,14.8,4558.08,"","","",""
M5,4835,4/23/2024 7:45,14.8,5736.96,"","","",""
M5,4836,4/23/2024 7:50,14.93,2816,"","","",""
M5,4837,4/23/2024 7:55,14.88,4453.12,"","","",""
M5,4838,4/23/2024 8:00,14.97,8599.04,"","","",""
M5,4839,4/23/2024 8:05,14.88,7444.48,"","","",""
M5,4840,4/23/2024 8:10,15.06,16460.8,"","","",""
M5,4841,4/23/2024 8:15,15.44,1661.44,"","","",""
M5,4842,4/23/2024 8:20,15.18,13286.4,"","","",""
M5,4843,4/23/2024 8:25,15.36,28211.2,"","","",""
M5,4844,4/23/2024 8:30,15.18,11371.52,"","","",""
M5,4845,4/23/2024 8:35,15.23,18191.36,"","","",""
M5,4846,4/23/2024 8:40,15.27,19220.48,"","","",""
M5,4847,4/23/2024 8:45,15.18,13829.12,"","","",""
M5,4848,4/23/2024 8:50,15.18,13634.56,"","","",""
M5,4849,4/23/2024 8:55,15.31,19793.92,"","","",""
M5,4850,4/23/2024 9:00,15.4,9917.44,"","","",""
M5,4851,4/23/2024 9:05,15.27,12825.6,"","","",""
M5,4852,4/23/2024 9:10,15.36,15559.68,"","","",""
M5,4853,4/23/2024 9:15,15.4,20520.96,"","","",""
M5,4854,4/23/2024 9:20,15.31,18790.4,"","","",""
M5,4855,4/23/2024 9:25,15.4,20899.84,"","","",""
M5,4856,4/23/2024 9:30,15.31,20526.08,"","","",""
M5,4857,4/23/2024 9:35,15.31,23572.48,"","","",""
M5,4858,4/23/2024 9:40,15.4,21350.4,"","","",""
M5,4859,4/23/2024 9:45,15.4,22855.68,"","","",""
M5,4860,4/23/2024 9:50,15.61,27217.92,"","","",""
M5,4861,4/23/2024 9:55,15.48,26132.48,"","","",""
M5,4862,4/23/2024 10:00,15.44,22886.4,"","","",""
M5,4863,4/23/2024 10:05,15.53,25692.16,"","","",""
M5,4864,4/23/2024 10:10,15.61,27258.88,"","","",""
M5,4865,4/23/2024 10:15,15.87,42004.48,"","","",""
M5,4866,4/23/2024 10:20,15.61,30382.08,"","","",""
M5,4867,4/23/2024 10:25,15.61,31703.04,"","","",""
M5,4868,4/23/2024 10:30,15.87,37847.04,"","","",""
M5,4869,4/23/2024 10:35,15.83,29470.72,"","","",""
M5,4870,4/23/2024 10:40,16.13,48353.28,"","","",""
M5,4871,4/23/2024 10:45,16.04,41052.16,"","","",""
M5,4872,4/23/2024 10:50,16.39,54538.24,"","","",""
M5,4873,4/23/2024 10:55,16.26,32122.88,"","","",""
M5,4874,4/23/2024 11:00,16,30965.76,"","","",""
M5,4875,4/23/2024 11:05,16.6,7974.4,"","","",""
M5,4876,4/23/2024 11:10,16.3,13824,"","","",""
M5,4877,4/23/2024 11:15,16.43,41830.4,"","","",""
M5,4878,4/23/2024 11:20,16.39,54435.84,"","","",""
M5,4879,4/23/2024 11:25,16.77,45711.36,"","","",""
M5,4880,4/23/2024 11:30,16.77,40970.24,"","","",""
M5,4881,4/23/2024 11:35,16.9,81510.4,"","","",""
M5,4882,4/23/2024 11:40,16.81,26132.48,"","","",""
M5,4883,4/23/2024 11:45,16.81,66170.88,"","","",""
M5,4884,4/23/2024 11:50,16.81,62627.84,"","","",""
M5,4885,4/23/2024 11:55,16.99,38758.4,"","","",""
M5,4886,4/23/2024 12:00,16.94,20090.88,"","","",""
M5,4887,4/23/2024 12:05,17.41,53985.28,"","","",""
M5,4888,4/23/2024 12:10,17.5,110223.36,"","","",""
M5,4889,4/23/2024 12:15,17.54,61501.44,"","","",""
M5,4890,4/23/2024 12:20,17.63,45076.48,"","","",""
M5,4891,4/23/2024 12:25,17.5,36423.68,"","","",""
M5,4892,4/23/2024 12:30,17.72,83578.88,"","","",""
M5,4893,4/23/2024 12:35,17.5,48414.72,"","","",""
M5,4894,4/23/2024 12:40,17.76,64102.4,"","","",""
M5,4895,4/23/2024 12:45,18.7,56176.64,"","","",""
M5,4954,4/23/2024 17:40,17.72,9868.8,"","","",""
M5,4955,4/23/2024 17:45,17.76,16757.76,"","","",""
M5,4956,4/23/2024 17:50,17.54,14054.4,"","","",""
M5,4957,4/23/2024 17:55,17.29,7567.36,"","","",""
M5,4958,4/23/2024 18:00,17.11,16506.88,"","","",""
M5,4959,4/23/2024 18:05,16.99,25835.52,"","","",""
M5,4960,4/23/2024 18:10,16.73,854.4,"","","",""
M5,4961,4/23/2024 18:15,16.39,4264.96,"","","",""
M5,4962,4/23/2024 18:20,16.26,3919.36,"","","",""
M5,4963,4/23/2024 18:25,16.26,4044.8,"","","",""
M5,4964,4/23/2024 18:30,16.13,3052.8,"","","",""
M5,4965,4/23/2024 18:35,16.08,2512.64,"","","",""
M5,4966,4/23/2024 18:40,16.08,2749.44,"","","",""
M5,4967,4/23/2024 18:45,16,1882.88,"","","",""
M5,4968,4/23/2024 18:50,15.91,1900.16,"","","",""
M5,4969,4/23/2024 18:55,15.91,1189.12,"","","",""
M5,4970,4/23/2024 19:00,15.83,1692.16,"","","",""
M5,4971,4/23/2024 19:05,15.78,1358.72,"","","",""
M5,4972,4/23/2024 19:10,15.7,1321.6,"","","",""
M5,4973,4/23/2024 19:15,15.7,1132.48,"","","",""
M5,4974,4/23/2024 19:20,15.61,781.44,"","","",""
M5,4975,4/23/2024 19:25,15.53,347.84,"","","",""
M5,4976,4/23/2024 19:30,15.57,279.6,"","","",""
M5,4977,4/23/2024 19:35,15.48,122.6,"","","",""
M5,4978,4/23/2024 19:40,15.4,54.26,"","","",""
M5,4979,4/23/2024 19:45,15.23,22.75,"","","",""
M5,4980,4/23/2024 19:50,15.36,6.97,"","","",""
M5,4981,4/23/2024 19:55,15.23,1.74,"","","",""
M5,4982,4/23/2024 20:00,15.14,0.21,"","","",""
M5,4983,4/23/2024 20:05,15.23,0,"","","",""
M5,4984,4/23/2024 20:10,15.27,0,"","","",""
M5,4985,4/23/2024 20:15,14.88,0,"","","",""
M5,4986,4/23/2024 20:20,14.84,0,"","","",""
M5,4987,4/23/2024 20:25,14.75,0,"","","",""
M5,4988,4/23/2024 20:30,14.97,0,"","","",""
M5,4989,4/23/2024 20:35,14.88,0,"","","",""
M5,4990,4/23/2024 20:40,14.75,0,"","","",""
M5,4991,4/23/2024 20:45,14.93,0,"","","",""
M5,4992,4/23/2024 20:50,14.88,0,"","","",""
M5,4993,4/23/2024 20:55,14.88,0,"","","",""
M5,4994,4/23/2024 21:00,14.63,0,"","","",""
M5,4995,4/23/2024 21:05,14.75,0,"","","",""
M5,4996,4/23/2024 21:10,14.88,0,"","","",""
M5,4997,4/23/2024 21:15,14.8,0,"","","",""
M5,4998,4/23/2024 21:20,14.5,0,"","","",""
M5,4999,4/23/2024 21:25,14.5,0,"","","",""
M5,5000,4/23/2024 21:30,14.67,0,"","","",""
M5,5001,4/23/2024 21:35,14.58,0,"","","",""
M5,5002,4/23/2024 21:40,14.63,0,"","","",""
M5,5003,4/23/2024 21:45,14.28,0,"","","",""
M5,5004,4/23/2024 21:50,14.33,0,"","","",""
M5,5005,4/23/2024 21:55,14.24,0,"","","",""
M5,5006,4/23/2024 22:00,14.28,0,"","","",""
M5,5007,4/23/2024 22:05,14.28,0,"","","",""
M5,5008,4/23/2024 22:10,14.33,0,"","","",""
M5,5009,4/23/2024 22:15,14.37,0,"","","",""
M5,5010,4/23/2024 22:20,14.2,0,"","","",""
M5,5011,4/23/2024 22:25,14.28,0,"","","",""
M5,5012,4/23/2024 22:30,14.11,0,"","","",""
M5,5013,4/23/2024 22:35,14.11,0,"","","",""
M5,5014,4/23/2024 22:40,14.15,0,"","","",""
M5,5015,4/23/2024 22:45,14.24,0,"","","",""
M5,5016,4/23/2024 22:50,14.2,0,"","","",""
M5,5017,4/23/2024 22:55,14.15,0,"","","",""
M5,5018,4/23/2024 23:00,14.15,0,"","","",""
M5,5019,4/23/2024 23:05,14.15,0,"","","",""
M5,5020,4/23/2024 23:10,14.11,0,"","","",""
M5,5021,4/23/2024 23:15,14.11,0,"","","",""
M5,5022,4/23/2024 23:20,14.07,0,"","","",""
M5,5023,4/23/2024 23:25,14.07,0,"","","",""
M5,5024,4/23/2024 23:30,14.11,0,"","","",""
M5,5025,4/23/2024 23:35,14.11,0,"","","",""
M5,5026,4/23/2024 23:40,14.11,0,"","","",""
M5,5027,4/23/2024 23:45,14.15,0,"","","",""
M5,5028,4/23/2024 23:50,14.15,0,"","","",""
M5,5029,4/23/2024 23:55,14.07,0,"","","",""
M5,5030,4/24/2024 0:00,14.07,0,"","","",""
M5,5031,4/24/2024 0:05,14.11,0,"","","",""
M5,5032,4/24/2024 0:10,14.15,0,"","","",""
M5,5033,4/24/2024 0:15,14.07,0,"","","",""
M5,5034,4/24/2024 0:20,14.11,0,"","","",""
M5,5035,4/24/2024 0:25,14.2,0,"","","",""
M5,5036,4/24/2024 0:30,14.15,0,"","","",""
M5,5037,4/24/2024 0:35,14.24,0,"","","",""
M5,5038,4/24/2024 0:40,14.24,0,"","","",""
M5,5039,4/24/2024 0:45,14.2,0,"","","",""
M5,5040,4/24/2024 0:50,14.2,0,"","","",""
M5,5041,4/24/2024 0:55,14.2,0,"","","",""
M5,5042,4/24/2024 1:00,14.24,0,"","","",""
M5,5128,4/24/2024 8:10,14.5,32307.2,"","","",""
M5,5129,4/24/2024 8:15,14.45,11770.88,"","","",""
M5,5130,4/24/2024 8:20,14.58,21391.36,"","","",""
M5,5131,4/24/2024 8:25,14.28,25354.24,"","","",""
M5,5132,4/24/2024 8:30,14.58,15728.64,"","","",""
M5,5133,4/24/2024 8:35,14.37,21616.64,"","","",""
M5,5134,4/24/2024 8:40,14.54,35973.12,"","","",""
M5,5135,4/24/2024 8:45,14.54,31866.88,"","","",""
M5,5136,4/24/2024 8:50,14.37,6213.12,"","","",""
M5,5137,4/24/2024 8:55,14.5,16645.12,"","","",""
M5,5138,4/24/2024 9:00,14.45,18744.32,"","","",""
M5,5139,4/24/2024 9:05,14.58,40366.08,"","","",""
M5,5140,4/24/2024 9:10,14.5,18677.76,"","","",""
M5,5141,4/24/2024 9:15,14.63,3863.04,"","","",""
M5,5142,4/24/2024 9:20,14.63,24965.12,"","","",""
M5,5143,4/24/2024 9:25,14.67,37754.88,"","","",""
M5,5144,4/24/2024 9:30,14.71,38553.6,"","","",""
M5,5145,4/24/2024 9:35,14.63,19302.4,"","","",""
M5,5146,4/24/2024 9:40,14.67,38389.76,"","","",""
M5,5147,4/24/2024 9:45,14.75,64552.96,"","","",""
M5,5148,4/24/2024 9:50,14.8,61480.96,"","","",""
M5,5149,4/24/2024 9:55,14.8,51671.04,"","","",""
M5,5150,4/24/2024 10:00,14.88,56217.6,"","","",""
M5,5151,4/24/2024 10:05,14.93,51159.04,"","","",""
M5,5152,4/24/2024 10:10,14.88,49356.8,"","","",""
M5,5153,4/24/2024 10:15,14.8,36423.68,"","","",""
M5,5154,4/24/2024 10:20,14.88,48865.28,"","","",""
M5,5155,4/24/2024 10:25,15.01,55848.96,"","","",""
M5,5156,4/24/2024 10:30,14.88,30627.84,"","","",""
M5,5157,4/24/2024 10:35,15.01,30167.04,"","","",""
M5,5158,4/24/2024 10:40,15.1,64184.32,"","","",""
M5,5159,4/24/2024 10:45,15.01,18355.2,"","","",""
M5,5160,4/24/2024 10:50,15.01,62545.92,"","","",""
M5,5161,4/24/2024 10:55,15.14,38717.44,"","","",""
M5,5162,4/24/2024 11:00,15.23,14412.8,"","","",""
M5,5163,4/24/2024 11:05,15.23,35768.32,"","","",""
M5,5164,4/24/2024 11:10,15.31,74854.4,"","","",""
M5,5165,4/24/2024 11:15,15.18,53022.72,"","","",""
M5,5166,4/24/2024 11:20,15.36,74506.24,"","","",""
M5,5167,4/24/2024 11:25,15.4,42086.4,"","","",""
M5,5168,4/24/2024 11:30,15.53,87162.88,"","","",""
M5,5169,4/24/2024 11:35,15.61,60784.64,"","","",""
M5,5170,4/24/2024 11:40,15.74,74035.2,"","","",""
M5,5171,4/24/2024 11:45,15.66,40325.12,"","","",""
M5,5172,4/24/2024 11:50,15.61,77127.68,"","","",""
M5,5173,4/24/2024 11:55,15.83,71434.24,"","","",""
M5,5174,4/24/2024 12:00,15.91,73318.4,"","","",""
M5,5175,4/24/2024 12:05,15.78,25251.84,"","","",""
M5,5176,4/24/2024 12:10,16.04,75264,"","","",""
M5,5177,4/24/2024 12:15,16.08,71270.4,"","","",""
M5,5178,4/24/2024 12:20,16.17,49602.56,"","","",""
M5,5179,4/24/2024 12:25,16.3,65843.2,"","","",""
M5,5180,4/24/2024 12:30,16.08,57180.16,"","","",""
M5,5181,4/24/2024 12:35,16.34,76206.08,"","","",""
M5,5182,4/24/2024 12:40,16.51,5496.32,"","","",""
M5,5183,4/24/2024 12:45,16.56,67891.2,"","","",""
M5,5184,4/24/2024 12:50,16.39,11381.76,"","","",""
M5,5185,4/24/2024 12:55,17.2,43868.16,"","","",""
M5,5186,4/24/2024 13:00,17.2,81408,"","","",""
M5,5187,4/24/2024 13:05,16.73,47329.28,"","","",""
M5,5188,4/24/2024 13:10,17.2,92815.36,"","","",""
M5,5189,4/24/2024 13:15,17.33,68792.32,"","","",""
M5,5190,4/24/2024 13:20,17.54,90398.72,"","","",""
M5,5245,4/24/2024 17:55,16.94,11120.64,"","","",""
M5,5246,4/24/2024 18:00,16.77,18472.96,"","","",""
M5,5247,4/24/2024 18:05,16.34,18288.64,"","","",""
M5,5248,4/24/2024 18:10,15.96,3992.32,"","","",""
M5,5249,4/24/2024 18:15,15.66,3640.32,"","","",""
M5,5250,4/24/2024 18:20,15.66,4812.8,"","","",""
M5,5251,4/24/2024 18:25,15.57,3975.68,"","","",""
M5,5252,4/24/2024 18:30,15.53,4117.76,"","","",""
M5,5253,4/24/2024 18:35,15.53,3274.24,"","","",""
M5,5254,4/24/2024 18:40,15.48,2695.68,"","","",""
M5,5255,4/24/2024 18:45,15.44,2256,"","","",""
M5,5256,4/24/2024 18:50,15.4,2313.6,"","","",""
M5,5257,4/24/2024 18:55,15.36,1715.84,"","","",""
M5,5258,4/24/2024 19:00,15.36,701.76,"","","",""
M5,5259,4/24/2024 19:05,15.31,1329.28,"","","",""
M5,5260,4/24/2024 19:10,15.31,1096.64,"","","",""
M5,5261,4/24/2024 19:15,15.27,1037.44,"","","",""
M5,5262,4/24/2024 19:20,15.23,421.44,"","","",""
M5,5263,4/24/2024 19:25,15.18,325.84,"","","",""
M5,5264,4/24/2024 19:30,15.14,264.56,"","","",""
M5,5265,4/24/2024 19:35,15.18,149.84,"","","",""
M5,5266,4/24/2024 19:40,15.23,56.94,"","","",""
M5,5267,4/24/2024 19:45,15.14,23.4,"","","",""
M5,5268,4/24/2024 19:50,15.14,8.93,"","","",""
M5,5269,4/24/2024 19:55,15.01,1.96,"","","",""
M5,5270,4/24/2024 20:00,14.97,0,"","","",""
M5,5271,4/24/2024 20:05,14.93,0,"","","",""
M5,5272,4/24/2024 20:10,14.93,0,"","","",""
M5,5273,4/24/2024 20:15,14.88,0,"","","",""
M5,5274,4/24/2024 20:20,14.8,0,"","","",""
M5,5275,4/24/2024 20:25,14.8,0,"","","",""
M5,5276,4/24/2024 20:30,14.8,0,"","","",""
M5,5277,4/24/2024 20:35,14.88,0,"","","",""
M5,5278,4/24/2024 20:40,14.71,0,"","","",""
M5,5279,4/24/2024 20:45,14.71,0,"","","",""
M5,5280,4/24/2024 20:50,14.54,0,"","","",""
M5,5281,4/24/2024 20:55,14.54,0,"","","",""
M5,5282,4/24/2024 21:00,14.5,0,"","","",""
M5,5283,4/24/2024 21:05,14.58,0,"","","",""
M5,5284,4/24/2024 21:10,14.5,0,"","","",""
M5,5285,4/24/2024 21:15,14.41,0,"","","",""
M5,5286,4/24/2024 21:20,14.37,0,"","","",""
M5,5287,4/24/2024 21:25,14.5,0,"","","",""
M5,5288,4/24/2024 21:30,14.41,0,"","","",""
M5,5289,4/24/2024 21:35,14.33,0,"","","",""
M5,5290,4/24/2024 21:40,14.41,0,"","","",""
M5,5291,4/24/2024 21:45,14.37,0,"","","",""
M5,5292,4/24/2024 21:50,14.41,0,"","","",""
M5,5293,4/24/2024 21:55,14.33,0,"","","",""
M5,5294,4/24/2024 22:00,14.37,0,"","","",""
M5,5295,4/24/2024 22:05,14.37,0,"","","",""
M5,5296,4/24/2024 22:10,14.2,0,"","","",""
M5,5297,4/24/2024 22:15,14.15,0,"","","",""
M5,5298,4/24/2024 22:20,14.24,0,"","","",""
M5,5299,4/24/2024 22:25,14.24,0,"","","",""
M5,5300,4/24/2024 22:30,14.2,0,"","","",""
M5,5301,4/24/2024 22:35,14.24,0,"","","",""
M5,5302,4/24/2024 22:40,14.24,0,"","","",""
M5,5303,4/24/2024 22:45,14.2,0,"","","",""
M5,5304,4/24/2024 22:50,14.07,0,"","","",""
M5,5305,4/24/2024 22:55,14.15,0,"","","",""
M5,5306,4/24/2024 23:00,14.07,0,"","","",""
M5,5307,4/24/2024 23:05,14.07,0,"","","",""
M5,5308,4/24/2024 23:10,14.07,0,"","","",""
M5,5309,4/24/2024 23:15,14.07,0,"","","",""
M5,5310,4/24/2024 23:20,14.07,0,"","","",""
M5,5311,4/24/2024 23:25,14.03,0,"","","",""
M5,5312,4/24/2024 23:30,14.11,0,"","","",""
M5,5313,4/24/2024 23:35,14.07,0,"","","",""
M5,5314,4/24/2024 23:40,14.07,0,"","","",""
M5,5315,4/24/2024 23:45,14.07,0,"","","",""
M5,5316,4/24/2024 23:50,14.07,0,"","","",""
M5,5317,4/24/2024 23:55,14.03,0,"","","",""
M5,5318,4/25/2024 0:00,13.98,0,"","","",""
M5,5319,4/25/2024 0:05,13.98,0,"","","",""
M5,5320,4/25/2024 0:10,14.03,0,"","","",""
M5,5321,4/25/2024 0:15,14.03,0,"","","",""
M5,5322,4/25/2024 0:20,14.03,0,"","","",""
M5,5323,4/25/2024 0:25,13.98,0,"","","",""
M5,5324,4/25/2024 0:30,14.03,0,"","","",""
M5,5325,4/25/2024 0:35,13.94,0,"","","",""
M5,5326,4/25/2024 0:40,13.98,0,"","","",""
M5,5327,4/25/2024 0:45,13.94,0,"","","",""
M5,5328,4/25/2024 0:50,13.98,0,"","","",""
M5,5329,4/25/2024 0:55,13.94,0,"","","",""
M5,5330,4/25/2024 1:00,13.98,0,"","","",""
M5,5331,4/25/2024 1:05,14.03,0,"","","",""
M5,5332,4/25/2024 1:10,13.94,0,"","","",""
M5,5333,4/25/2024 1:15,13.98,0,"","","",""
M5,5334,4/25/2024 1:20,13.98,0,"","","",""
M5,5335,4/25/2024 1:25,13.9,0,"","","",""
M5,5336,4/25/2024 1:30,13.94,0,"","","",""
M5,5427,4/25/2024 9:05,13.38,10342.4,"","","",""
M5,5428,4/25/2024 9:10,13.38,11898.88,"","","",""
M5,5429,4/25/2024 9:15,13.3,9052.16,"","","",""
M5,5430,4/25/2024 9:20,13.51,15488,"","","",""
M5,5431,4/25/2024 9:25,13.38,8243.2,"","","",""
M5,5432,4/25/2024 9:30,13.43,5752.32,"","","",""
M5,5433,4/25/2024 9:35,13.38,8890.88,"","","",""
M5,5434,4/25/2024 9:40,13.34,734.08,"","","",""
M5,5435,4/25/2024 9:45,13.3,6440.96,"","","",""
M5,5436,4/25/2024 9:50,13.47,14909.44,"","","",""
M5,5437,4/25/2024 9:55,13.34,10155.52,"","","",""
M5,5438,4/25/2024 10:00,13.38,7398.4,"","","",""
M5,5439,4/25/2024 10:05,13.47,7895.04,"","","",""
M5,5440,4/25/2024 10:10,13.47,18237.44,"","","",""
M5,5441,4/25/2024 10:15,13.64,16793.6,"","","",""
M5,5442,4/25/2024 10:20,13.51,15482.88,"","","",""
M5,5443,4/25/2024 10:25,13.6,19297.28,"","","",""
M5,5444,4/25/2024 10:30,13.81,23848.96,"","","",""
M5,5445,4/25/2024 10:35,13.81,25415.68,"","","",""
M5,5446,4/25/2024 10:40,13.9,28774.4,"","","",""
M5,5447,4/25/2024 10:45,13.9,26931.2,"","","",""
M5,5448,4/25/2024 10:50,13.98,24453.12,"","","",""
M5,5449,4/25/2024 10:55,14.03,35000.32,"","","",""
M5,5450,4/25/2024 11:00,14.11,33894.4,"","","",""
M5,5451,4/25/2024 11:05,14.15,9274.88,"","","",""
M5,5452,4/25/2024 11:10,14.24,5286.4,"","","",""
M5,5453,4/25/2024 11:15,14.2,34805.76,"","","",""
M5,5454,4/25/2024 11:20,14.28,15047.68,"","","",""
M5,5455,4/25/2024 11:25,14.63,53596.16,"","","",""
M5,5456,4/25/2024 11:30,14.93,66560,"","","",""
M5,5457,4/25/2024 11:35,14.24,22087.68,"","","",""
M5,5458,4/25/2024 11:40,14.88,68014.08,"","","",""
M5,5459,4/25/2024 11:45,15.27,58920.96,"","","",""
M5,5460,4/25/2024 11:50,15.23,80097.28,"","","",""
M5,5461,4/25/2024 11:55,15.36,77721.6,"","","",""
M5,5462,4/25/2024 12:00,15.36,101171.2,"","","",""
M5,5463,4/25/2024 12:05,15.23,34959.36,"","","",""
M5,5464,4/25/2024 12:10,15.4,30156.8,"","","",""
M5,5465,4/25/2024 12:15,15.44,72417.28,"","","",""
M5,5466,4/25/2024 12:20,15.61,66273.28,"","","",""
M5,5467,4/25/2024 12:25,15.53,83824.64,"","","",""
M5,5468,4/25/2024 12:30,15.7,79339.52,"","","",""
M5,5469,4/25/2024 12:35,15.66,64327.68,"","","",""
M5,5470,4/25/2024 12:40,15.53,13056,"","","",""
M5,5471,4/25/2024 12:45,15.96,72355.84,"","","",""
M5,5472,4/25/2024 12:50,16.13,34058.24,"","","",""
M5,5473,4/25/2024 12:55,15.57,39987.2,"","","",""
M5,5474,4/25/2024 13:00,15.57,29532.16,"","","",""
M5,5475,4/25/2024 13:05,15.91,67256.32,"","","",""
M5,5476,4/25/2024 13:10,16.26,48209.92,"","","",""
M5,5477,4/25/2024 13:15,16.43,62033.92,"","","",""
M5,5478,4/25/2024 13:20,16.86,83435.52,"","","",""
M5,5479,4/25/2024 13:25,16.17,74424.32,"","","",""
M5,5480,4/25/2024 13:30,16.73,66191.36,"","","",""
M5,5481,4/25/2024 13:35,16.64,45936.64,"","","",""
M5,5482,4/25/2024 13:40,16.77,51200,"","","",""
M5,5483,4/25/2024 13:45,16.99,57712.64,"","","",""
M5,5534,4/25/2024 18:00,16.34,2652.16,"","","",""
M5,5535,4/25/2024 18:05,15.96,3029.76,"","","",""
M5,5536,4/25/2024 18:10,15.74,5452.8,"","","",""
M5,5537,4/25/2024 18:15,15.31,6233.6,"","","",""
M5,5538,4/25/2024 18:20,15.18,2888.96,"","","",""
M5,5539,4/25/2024 18:25,15.18,3978.24,"","","",""
M5,5540,4/25/2024 18:30,15.1,3937.28,"","","",""
M5,5541,4/25/2024 18:35,15.1,3737.6,"","","",""
M5,5542,4/25/2024 18:40,15.06,3407.36,"","","",""
M5,5543,4/25/2024 18:45,14.97,1646.72,"","","",""
M5,5544,4/25/2024 18:50,14.97,2704.64,"","","",""
M5,5545,4/25/2024 18:55,14.93,2350.08,"","","",""
M5,5546,4/25/2024 19:00,14.88,2198.4,"","","",""
M5,5547,4/25/2024 19:05,14.84,1664,"","","",""
M5,5548,4/25/2024 19:10,14.88,113.64,"","","",""
M5,5549,4/25/2024 19:15,14.8,1298.88,"","","",""
M5,5550,4/25/2024 19:20,14.71,816,"","","",""
M5,5551,4/25/2024 19:25,14.58,581.92,"","","",""
M5,5552,4/25/2024 19:30,14.54,221.68,"","","",""
M5,5553,4/25/2024 19:35,14.54,166.4,"","","",""
M5,5554,4/25/2024 19:40,14.5,93.72,"","","",""
M5,5555,4/25/2024 19:45,14.45,10.89,"","","",""
M5,5556,4/25/2024 19:50,14.45,11.36,"","","",""
M5,5557,4/25/2024 19:55,14.37,3.05,"","","",""
M5,5558,4/25/2024 20:00,14.24,0.65,"","","",""
M5,5559,4/25/2024 20:05,14.28,0,"","","",""
M5,5560,4/25/2024 20:10,14.2,0,"","","",""
M5,5561,4/25/2024 20:15,14.11,0,"","","",""
M5,5562,4/25/2024 20:20,14.11,0,"","","",""
M5,5563,4/25/2024 20:25,14.15,0,"","","",""
M5,5564,4/25/2024 20:30,14.15,0,"","","",""
M5,5565,4/25/2024 20:35,14.24,0,"","","",""
M5,5566,4/25/2024 20:40,14.2,0,"","","",""
M5,5567,4/25/2024 20:45,14.07,0,"","","",""
M5,5568,4/25/2024 20:50,14.2,0,"","","",""
M5,5569,4/25/2024 20:55,14.11,0,"","","",""
M5,5570,4/25/2024 21:00,14.03,0,"","","",""
M5,5571,4/25/2024 21:05,14.07,0,"","","",""
M5,5572,4/25/2024 21:10,13.9,0,"","","",""
M5,5573,4/25/2024 21:15,14.03,0,"","","",""
M5,5574,4/25/2024 21:20,13.94,0,"","","",""
M5,5575,4/25/2024 21:25,13.94,0,"","","",""
M5,5576,4/25/2024 21:30,13.94,0,"","","",""
M5,5577,4/25/2024 21:35,13.9,0,"","","",""
M5,5578,4/25/2024 21:40,13.94,0,"","","",""
M5,5579,4/25/2024 21:45,13.98,0,"","","",""
M5,5580,4/25/2024 21:50,13.85,0,"","","",""
M5,5581,4/25/2024 21:55,13.9,0,"","","",""
M5,5582,4/25/2024 22:00,13.98,0,"","","",""
M5,5583,4/25/2024 22:05,13.9,0,"","","",""
M5,5584,4/25/2024 22:10,13.68,0,"","","",""
M5,5585,4/25/2024 22:15,13.64,0,"","","",""
M5,5586,4/25/2024 22:20,13.73,0,"","","",""
M5,5587,4/25/2024 22:25,13.68,0,"","","",""
M5,5588,4/25/2024 22:30,13.64,0,"","","",""
M5,5589,4/25/2024 22:35,13.55,0,"","","",""
M5,5590,4/25/2024 22:40,13.68,0,"","","",""
M5,5591,4/25/2024 22:45,13.77,0,"","","",""
M5,5592,4/25/2024 22:50,13.77,0,"","","",""
M5,5593,4/25/2024 22:55,13.64,0,"","","",""
M5,5594,4/25/2024 23:00,13.64,0,"","","",""
M5,5595,4/25/2024 23:05,13.68,0,"","","",""
M5,5596,4/25/2024 23:10,13.68,0,"","","",""
M5,5597,4/25/2024 23:15,13.6,0,"","","",""
M5,5598,4/25/2024 23:20,13.64,0,"","","",""
M5,5599,4/25/2024 23:25,13.55,0,"","","",""
M5,5600,4/25/2024 23:30,13.51,0,"","","",""
M5,5601,4/25/2024 23:35,13.55,0,"","","",""
M5,5602,4/25/2024 23:40,13.6,0,"","","",""
M5,5603,4/25/2024 23:45,13.6,0,"","","",""
M5,5604,4/25/2024 23:50,13.55,0,"","","",""
M5,5605,4/25/2024 23:55,13.64,0,"","","",""
M5,5606,4/26/2024 0:00,13.55,0,"","","",""
M5,5607,4/26/2024 0:05,13.6,0,"","","",""
M5,5608,4/26/2024 0:10,13.68,0,"","","",""
M5,5609,4/26/2024 0:15,13.68,0,"","","",""
M5,5610,4/26/2024 0:20,13.64,0,"","","",""
M5,5611,4/26/2024 0:25,13.73,0,"","","",""
M5,5612,4/26/2024 0:30,13.68,0,"","","",""
M5,5613,4/26/2024 0:35,13.73,0,"","","",""
M5,5614,4/26/2024 0:40,13.68,0,"","","",""
M5,5615,4/26/2024 0:45,13.77,0,"","","",""
M5,5616,4/26/2024 0:50,13.77,0,"","","",""
M5,5617,4/26/2024 0:55,13.73,0,"","","",""
M5,5618,4/26/2024 1:00,13.77,0,"","","",""
M5,5619,4/26/2024 1:05,13.77,0,"","","",""
M5,5620,4/26/2024 1:10,13.85,0,"","","",""
M5,5621,4/26/2024 1:15,13.85,0,"","","",""
M5,5622,4/26/2024 1:20,13.9,0,"","","",""
M5,5623,4/26/2024 1:25,13.9,0,"","","",""
M5,5624,4/26/2024 1:30,13.85,0,"","","",""
M5,5625,4/26/2024 1:35,13.9,0,"","","",""
M5,5626,4/26/2024 1:40,13.9,0,"","","",""
M5,5627,4/26/2024 1:45,13.9,0,"","","",""
M5,5628,4/26/2024 1:50,13.85,0,"","","",""
M5,5629,4/26/2024 1:55,13.9,0,"","","",""
M5,5630,4/26/2024 2:00,13.85,0,"","","",""
M5,1,4/27/2024 6:30,15.96,841.28,"","","",""
M5,2,4/27/2024 6:35,14.41,1248.96,"","","",""
M5,3,4/27/2024 6:40,13.55,1660.16,"","","",""
M5,4,4/27/2024 6:45,12.82,1802.88,"","","",""
M5,5,4/27/2024 6:50,12.44,2255.36,"","","",""
M5,6,4/27/2024 6:55,12.14,2485.76,"","","",""
M5,7,4/27/2024 7:00,12.05,2369.28,"","","",""
M5,8,4/27/2024 7:05,12.1,2626.56,"","","",""
M5,9,4/27/2024 7:10,12.18,2790.4,"","","",""
M5,10,4/27/2024 7:15,13.08,5411.84,"","","",""
M5,11,4/27/2024 7:20,13.85,5335.04,"","","",""
M5,12,4/27/2024 7:25,14.5,5739.52,"","","",""
M5,13,4/27/2024 7:30,14.63,5414.4,"","","",""
M5,14,4/27/2024 7:35,14.58,5509.12,"","","",""
M5,15,4/27/2024 7:40,14.75,6410.24,"","","",""
M5,16,4/27/2024 7:45,15.27,7063.04,"","","",""
M5,17,4/27/2024 7:50,15.61,8010.24,"","","",""
M5,18,4/27/2024 7:55,16.51,9241.6,"","","",""
M5,19,4/27/2024 8:00,16.73,8120.32,"","","",""
M5,20,4/27/2024 8:05,17.07,9702.4,"","","",""
M5,21,4/27/2024 8:10,17.33,11857.92,"","","",""
M5,22,4/27/2024 8:15,17.46,13496.32,"","","",""
M5,23,4/27/2024 8:20,20.8,29603.84,"","","",""
M5,24,4/27/2024 8:25,23.38,32696.32,"","","",""
M5,25,4/27/2024 8:30,25.35,32645.12,"","","",""
M5,26,4/27/2024 8:35,27.07,32573.44,"","","",""
M5,27,4/27/2024 8:40,28.48,32573.44,"","","",""
M5,28,4/27/2024 8:45,29.26,33034.24,"","","",""
M5,29,4/27/2024 8:50,30.46,33167.36,"","","",""
M5,30,4/27/2024 8:55,31.19,33566.72,"","","",""
M5,31,4/27/2024 9:00,31.7,34048,"","","",""
M5,32,4/27/2024 9:05,32.13,34426.88,"","","",""
M5,33,4/27/2024 9:10,32.34,34990.08,"","","",""
M5,34,4/27/2024 9:15,29.6,39915.52,"","","",""
M5,35,4/27/2024 9:20,25.44,41400.32,"","","",""
M5,36,4/27/2024 9:25,23.98,42598.4,"","","",""
M5,37,4/27/2024 9:30,26.17,43724.8,"","","",""
M5,38,4/27/2024 9:35,21.7,45137.92,"","","",""
M5,39,4/27/2024 9:40,21.23,46264.32,"","","",""
M5,40,4/27/2024 9:45,18.06,23193.6,"","","",""
M5,41,4/27/2024 9:50,17.97,48783.36,"","","",""
M5,42,4/27/2024 9:55,18.23,49725.44,"","","",""
M5,43,4/27/2024 10:00,17.24,51957.76,"","","",""
M5,44,4/27/2024 10:05,18.79,52715.52,"","","",""
M5,45,4/27/2024 10:10,16.69,27105.28,"","","",""
M5,46,4/27/2024 10:15,17.33,54865.92,"","","",""
M5,47,4/27/2024 10:20,16,23019.52,"","","",""
M5,48,4/27/2024 10:25,16.39,22753.28,"","","",""
M5,49,4/27/2024 10:30,15.23,56483.84,"","","",""
M5,50,4/27/2024 10:35,15.4,57384.96,"","","",""
M5,51,4/27/2024 10:40,15.4,59207.68,"","","",""
M5,52,4/27/2024 10:45,14.75,23019.52,"","","",""
M5,53,4/27/2024 10:50,15.31,60149.76,"","","",""
M5,54,4/27/2024 10:55,15.1,52756.48,"","","",""
M5,55,4/27/2024 11:00,15.14,36567.04,"","","",""
M5,56,4/27/2024 11:05,14.71,62074.88,"","","",""
M5,57,4/27/2024 11:10,14.84,18099.2,"","","",""
M5,58,4/27/2024 11:15,14.54,45629.44,"","","",""
M5,59,4/27/2024 11:20,14.97,34723.84,"","","",""
M5,60,4/27/2024 11:25,14.84,58798.08,"","","",""
M5,61,4/27/2024 11:30,14.58,58306.56,"","","",""
M5,62,4/27/2024 11:35,14.84,63836.16,"","","",""
M5,63,4/27/2024 11:40,14.63,51302.4,"","","",""
M5,64,4/27/2024 11:45,14.71,51036.16,"","","",""
M5,65,4/27/2024 11:50,14.67,10798.08,"","","",""
M5,66,4/27/2024 11:55,14.75,71761.92,"","","",""
M5,67,4/27/2024 12:00,14.63,28016.64,"","","",""
M5,68,4/27/2024 12:05,14.63,8732.16,"","","",""
M5,69,4/27/2024 12:10,14.84,50155.52,"","","",""
M5,70,4/27/2024 12:15,14.71,29757.44,"","","",""
M5,71,4/27/2024 12:20,14.8,6000.64,"","","",""
M5,72,4/27/2024 12:25,14.84,10603.52,"","","",""
M5,73,4/27/2024 12:30,14.93,32081.92,"","","",""
M5,74,4/27/2024 12:35,14.97,61440,"","","",""
M5,75,4/27/2024 12:40,14.97,53821.44,"","","",""
M5,76,4/27/2024 12:45,15.06,26490.88,"","","",""
M5,77,4/27/2024 12:50,15.14,31682.56,"","","",""
M5,78,4/27/2024 12:55,15.27,32204.8,"","","",""
M5,79,4/27/2024 13:00,15.18,19834.88,"","","",""
M5,80,4/27/2024 13:05,15.57,58101.76,"","","",""
M5,81,4/27/2024 13:10,15.4,31733.76,"","","",""
M5,82,4/27/2024 13:15,15.4,37754.88,"","","",""
M5,83,4/27/2024 13:20,15.44,36925.44,"","","",""
M5,84,4/27/2024 13:25,15.4,52162.56,"","","",""
M5,85,4/27/2024 13:30,15.4,35082.24,"","","",""
M5,86,4/27/2024 13:35,15.31,12979.2,"","","",""
M5,87,4/27/2024 13:40,15.4,30750.72,"","","",""
M5,88,4/27/2024 13:45,15.48,50565.12,"","","",""
M5,89,4/27/2024 13:50,15.48,56586.24,"","","",""
M5,90,4/27/2024 13:55,15.53,15877.12,"","","",""
M5,91,4/27/2024 14:00,15.61,7577.6,"","","",""
M5,92,4/27/2024 14:05,15.7,57671.68,"","","",""
M5,93,4/27/2024 14:10,15.61,58101.76,"","","",""
M5,94,4/27/2024 14:15,15.83,25477.12,"","","",""
M5,95,4/27/2024 14:20,15.87,47984.64,"","","",""
M5,96,4/27/2024 14:25,15.91,59023.36,"","","",""
M5,97,4/27/2024 14:30,15.87,21934.08,"","","",""
M5,98,4/27/2024 14:35,15.78,20684.8,"","","",""
M5,99,4/27/2024 14:40,16,26296.32,"","","",""
M5,100,4/27/2024 14:45,15.96,9779.2,"","","",""
M5,101,4/27/2024 14:50,16,36362.24,"","","",""
M5,102,4/27/2024 14:55,15.91,33495.04,"","","",""
M5,103,4/27/2024 15:00,16.13,18416.64,"","","",""
M5,104,4/27/2024 15:05,16,10736.64,"","","",""
M5,105,4/27/2024 15:10,16.04,24852.48,"","","",""
M5,106,4/27/2024 15:15,16.08,39731.2,"","","",""
M5,107,4/27/2024 15:20,15.96,10603.52,"","","",""
M5,108,4/27/2024 15:25,16.21,30627.84,"","","",""
M5,109,4/27/2024 15:30,15.91,26757.12,"","","",""
M5,110,4/27/2024 15:35,16.04,11381.76,"","","",""
M5,111,4/27/2024 15:40,16.08,38594.56,"","","",""
M5,112,4/27/2024 15:45,16.13,18867.2,"","","",""
M5,113,4/27/2024 15:50,16.34,20014.08,"","","",""
M5,114,4/27/2024 15:55,16.26,44032,"","","",""
M5,115,4/27/2024 16:00,16.39,27217.92,"","","",""
M5,116,4/27/2024 16:05,16.39,16496.64,"","","",""
M5,117,4/27/2024 16:10,16.6,39403.52,"","","",""
M5,118,4/27/2024 16:15,16.51,29644.8,"","","",""
M5,119,4/27/2024 16:20,16.3,33187.84,"","","",""
M5,120,4/27/2024 16:25,16.3,32972.8,"","","",""
M5,121,4/27/2024 16:30,16.6,34723.84,"","","",""
M5,122,4/27/2024 16:35,16.26,24197.12,"","","",""
M5,123,4/27/2024 16:40,16.26,29399.04,"","","",""
M5,124,4/27/2024 16:45,16.3,27688.96,"","","",""
M5,125,4/27/2024 16:50,16.47,16793.6,"","","",""
M5,126,4/27/2024 16:55,16.43,29286.4,"","","",""
M5,127,4/27/2024 17:00,16.13,25692.16,"","","",""
M5,128,4/27/2024 17:05,16.17,7052.8,"","","",""
M5,129,4/27/2024 17:10,16.26,8291.84,"","","",""
M5,130,4/27/2024 17:15,16.21,14059.52,"","","",""
M5,131,4/27/2024 17:20,16.13,7941.12,"","","",""
M5,132,4/27/2024 17:25,15.78,8168.96,"","","",""
M5,133,4/27/2024 17:30,15.96,21084.16,"","","",""
M5,134,4/27/2024 17:35,15.87,4149.76,"","","",""
M5,135,4/27/2024 17:40,15.74,10670.08,"","","",""
M5,136,4/27/2024 17:45,15.7,15027.2,"","","",""
M5,137,4/27/2024 17:50,15.66,4968.96,"","","",""
M5,138,4/27/2024 17:55,15.61,4830.72,"","","",""
M5,139,4/27/2024 18:00,15.57,6622.72,"","","",""
M5,140,4/27/2024 18:05,15.53,11207.68,"","","",""
M5,141,4/27/2024 18:10,15.4,2469.12,"","","",""
M5,142,4/27/2024 18:15,15.06,1587.2,"","","",""
M5,143,4/27/2024 18:20,14.97,1432.32,"","","",""
M5,144,4/27/2024 18:25,14.97,2327.68,"","","",""
M5,145,4/27/2024 18:30,14.97,2403.2,"","","",""
M5,146,4/27/2024 18:35,14.93,1284.48,"","","",""
M5,147,4/27/2024 18:40,14.88,1689.6,"","","",""
M5,148,4/27/2024 18:45,14.88,313.76,"","","",""
M5,149,4/27/2024 18:50,14.88,479.52,"","","",""
M5,150,4/27/2024 18:55,14.88,1138.88,"","","",""
M5,151,4/27/2024 19:00,14.84,790.4,"","","",""
M5,152,4/27/2024 19:05,14.84,1347.2,"","","",""
M5,153,4/27/2024 19:10,14.8,318.08,"","","",""
M5,154,4/27/2024 19:15,14.75,944.64,"","","",""
M5,155,4/27/2024 19:20,14.8,162.6,"","","",""
M5,156,4/27/2024 19:25,14.75,294.8,"","","",""
M5,157,4/27/2024 19:30,14.71,181.52,"","","",""
M5,158,4/27/2024 19:35,14.71,174,"","","",""
M5,159,4/27/2024 19:40,14.67,91.72,"","","",""
M5,160,4/27/2024 19:45,14.67,19.22,"","","",""
M5,161,4/27/2024 19:50,14.67,12.95,"","","",""
M5,162,4/27/2024 19:55,14.63,0.86,"","","",""
M5,163,4/27/2024 20:00,14.67,0.86,"","","",""
M5,164,4/27/2024 20:05,14.67,0.21,"","","",""
M5,165,4/27/2024 20:10,14.63,0,"","","",""
M5,166,4/27/2024 20:15,14.63,0,"","","",""
M5,167,4/27/2024 20:20,14.63,0,"","","",""
M5,168,4/27/2024 20:25,14.58,0,"","","",""
M5,169,4/27/2024 20:30,14.63,0,"","","",""
M5,170,4/27/2024 20:35,14.58,0,"","","",""
M5,171,4/27/2024 20:40,14.63,0,"","","",""
M5,172,4/27/2024 20:45,14.58,0,"","","",""
M5,173,4/27/2024 20:50,14.58,0,"","","",""
M5,174,4/27/2024 20:55,14.58,0,"","","",""
M5,175,4/27/2024 21:00,14.58,0,"","","",""
M5,176,4/27/2024 21:05,14.58,0,"","","",""
M5,177,4/27/2024 21:10,14.54,0,"","","",""
M5,178,4/27/2024 21:15,14.54,0,"","","",""
M5,179,4/27/2024 21:20,14.54,0,"","","",""
M5,180,4/27/2024 21:25,14.54,0,"","","",""
M5,181,4/27/2024 21:30,14.54,0,"","","",""
M5,182,4/27/2024 21:35,14.5,0,"","","",""
M5,183,4/27/2024 21:40,14.54,0,"","","",""
M5,184,4/27/2024 21:45,14.54,0,"","","",""
M5,185,4/27/2024 21:50,14.54,0,"","","",""
M5,186,4/27/2024 21:55,14.5,0,"","","",""
M5,187,4/27/2024 22:00,14.54,0,"","","",""
M5,188,4/27/2024 22:05,14.58,0,"","","",""
M5,189,4/27/2024 22:10,14.63,0,"","","",""
M5,190,4/27/2024 22:15,14.54,0,"","","",""
M5,191,4/27/2024 22:20,14.54,0,"","","",""
M5,192,4/27/2024 22:25,14.54,0,"","","",""
M5,193,4/27/2024 22:30,14.58,0,"","","",""
M5,194,4/27/2024 22:35,14.54,0,"","","",""
M5,195,4/27/2024 22:40,14.54,0,"","","",""
M5,196,4/27/2024 22:45,14.54,0,"","","",""
M5,197,4/27/2024 22:50,14.5,0,"","","",""
M5,198,4/27/2024 22:55,14.58,0,"","","",""
M5,199,4/27/2024 23:00,14.54,0,"","","",""
M5,200,4/27/2024 23:05,14.54,0,"","","",""
M5,201,4/27/2024 23:10,14.5,0,"","","",""
M5,202,4/27/2024 23:15,14.54,0,"","","",""
M5,203,4/27/2024 23:20,14.45,0,"","","",""
M5,204,4/27/2024 23:25,14.45,0,"","","",""
M5,205,4/27/2024 23:30,14.54,0,"","","",""
M5,206,4/27/2024 23:35,14.5,0,"","","",""
M5,207,4/27/2024 23:40,14.54,0,"","","",""
M5,208,4/27/2024 23:45,14.5,0,"","","",""
M5,209,4/27/2024 23:50,14.5,0,"","","",""
M5,210,4/27/2024 23:55,14.5,0,"","","",""
M5,211,4/28/2024 0:00,14.5,0,"","","",""
M5,212,4/28/2024 0:05,14.5,0,"","","",""
M5,213,4/28/2024 0:10,14.54,0,"","","",""
M5,214,4/28/2024 0:15,14.5,0,"","","",""
M5,215,4/28/2024 0:20,14.5,0,"","","",""
M5,216,4/28/2024 0:25,14.45,0,"","","",""
M5,217,4/28/2024 0:30,14.41,0,"","","",""
M5,218,4/28/2024 0:35,14.28,0,"","","",""
M5,219,4/28/2024 0:40,14.28,0,"","","",""
M5,220,4/28/2024 0:45,14.28,0,"","","",""
M5,221,4/28/2024 0:50,14.28,0,"","","",""
M5,222,4/28/2024 0:55,14.24,0,"","","",""
M5,223,4/28/2024 1:00,14.24,0,"","","",""
M5,224,4/28/2024 1:05,14.15,0,"","","",""
M5,225,4/28/2024 1:10,14.11,0,"","","",""
M5,226,4/28/2024 1:15,14.11,0,"","","",""
M5,227,4/28/2024 1:20,14.03,0,"","","",""
M5,228,4/28/2024 1:25,14.11,0,"","","",""
M5,229,4/28/2024 1:30,14.03,0,"","","",""
M5,230,4/28/2024 1:35,14.07,0,"","","",""
M5,231,4/28/2024 1:40,14.11,0,"","","",""
M5,232,4/28/2024 1:45,14.03,0,"","","",""
M5,233,4/28/2024 1:50,13.98,0,"","","",""
M5,234,4/28/2024 1:55,14.03,0,"","","",""
M5,235,4/28/2024 2:00,14.07,0,"","","",""
M5,236,4/28/2024 2:05,14.03,0,"","","",""
M5,237,4/28/2024 2:10,13.98,0,"","","",""
M5,238,4/28/2024 2:15,14.03,0,"","","",""
M5,239,4/28/2024 2:20,14.03,0,"","","",""
M5,240,4/28/2024 2:25,14.03,0,"","","",""
M5,241,4/28/2024 2:30,13.98,0,"","","",""
M5,242,4/28/2024 2:35,14.03,0,"","","",""
M5,243,4/28/2024 2:40,13.98,0,"","","",""
M5,244,4/28/2024 2:45,14.03,0,"","","",""
M5,245,4/28/2024 2:50,13.98,0,"","","",""
M5,246,4/28/2024 2:55,13.94,0,"","","",""
M5,247,4/28/2024 3:00,13.94,0,"","","",""
M5,248,4/28/2024 3:05,13.9,0,"","","",""
M5,249,4/28/2024 3:10,13.85,0,"","","",""
M5,250,4/28/2024 3:15,13.85,0,"","","",""
M5,251,4/28/2024 3:20,13.81,0,"","","",""
M5,252,4/28/2024 3:25,13.77,0,"","","",""
M5,253,4/28/2024 3:30,13.81,0,"","","",""
M5,254,4/28/2024 3:35,13.73,0,"","","",""
M5,255,4/28/2024 3:40,13.68,0,"","","",""
M5,256,4/28/2024 3:45,13.64,0,"","","",""
M5,257,4/28/2024 3:50,13.6,0,"","","",""
M5,258,4/28/2024 3:55,13.51,0,"","","",""
M5,259,4/28/2024 4:00,13.51,0,"","","",""
M5,260,4/28/2024 4:05,13.43,0,"","","",""
M5,261,4/28/2024 4:10,13.3,0,"","","",""
M5,262,4/28/2024 4:15,13.21,0,"","","",""
M5,263,4/28/2024 4:20,13,0,"","","",""
M5,264,4/28/2024 4:25,12.87,0,"","","",""
M5,265,4/28/2024 4:30,12.4,0,"","","",""
M5,266,4/28/2024 4:35,12.44,0,"","","",""
M5,267,4/28/2024 4:40,11.84,0,"","","",""
M5,268,4/28/2024 4:45,11.79,0,"","","",""
M5,269,4/28/2024 4:50,11.49,0,"","","",""
M5,270,4/28/2024 4:55,11.58,0,"","","",""
M5,271,4/28/2024 5:00,11.32,0,"","","",""
M5,272,4/28/2024 5:05,11.07,0,"","","",""
M5,273,4/28/2024 5:10,10.98,0,"","","",""
M5,274,4/28/2024 5:15,10.85,0,"","","",""
M5,275,4/28/2024 5:20,10.77,0,"","","",""
M5,276,4/28/2024 5:25,10.68,0,"","","",""
M5,277,4/28/2024 5:30,10.72,0,"","","",""
M5,278,4/28/2024 5:35,10.68,0.43,"","","",""
M5,279,4/28/2024 5:40,10.85,1.5,"","","",""
M5,280,4/28/2024 5:45,11.02,5.18,"","","",""
M5,281,4/28/2024 5:50,10.94,17.69,"","","",""
M5,282,4/28/2024 5:55,11.02,50.22,"","","",""
M5,283,4/28/2024 6:00,10.94,118.72,"","","",""
M5,284,4/28/2024 6:05,10.98,249.44,"","","",""
M5,285,4/28/2024 6:10,11.02,446.4,"","","",""
M5,286,4/28/2024 6:15,11.02,707.84,"","","",""
M5,287,4/28/2024 6:20,11.11,995.2,"","","",""
M5,288,4/28/2024 6:25,11.19,1400.32,"","","",""
M5,289,4/28/2024 6:30,11.45,1772.16,"","","",""
M5,290,4/28/2024 6:35,11.41,2076.8,"","","",""
M5,291,4/28/2024 6:40,11.49,2401.92,"","","",""
M5,292,4/28/2024 6:45,11.62,2585.6,"","","",""
M5,293,4/28/2024 6:50,11.97,3137.28,"","","",""
M5,294,4/28/2024 6:55,12.01,3225.6,"","","",""
M5,295,4/28/2024 7:00,12.14,3481.6,"","","",""
M5,296,4/28/2024 7:05,12.31,3746.56,"","","",""
M5,297,4/28/2024 7:10,12.44,3976.96,"","","",""
M5,298,4/28/2024 7:15,12.7,4280.32,"","","",""
M5,299,4/28/2024 7:20,12.87,4655.36,"","","",""
M5,300,4/28/2024 7:25,13.04,5158.4,"","","",""
M5,301,4/28/2024 7:30,13.25,5281.28,"","","",""
M5,302,4/28/2024 7:35,13.43,5158.4,"","","",""
M5,303,4/28/2024 7:40,13.73,6031.36,"","","",""
M5,304,4/28/2024 7:45,14.15,6502.4,"","","",""
M5,305,4/28/2024 7:50,14.71,6822.4,"","","",""
M5,306,4/28/2024 7:55,15.36,9889.28,"","","",""
M5,307,4/28/2024 8:00,16.26,14863.36,"","","",""
M5,308,4/28/2024 8:05,17.29,23654.4,"","","",""
M5,309,4/28/2024 8:10,18.74,28651.52,"","","",""
M5,310,4/28/2024 8:15,20.25,34037.76,"","","",""
M5,311,4/28/2024 8:20,21.88,46161.92,"","","",""
M5,312,4/28/2024 8:25,23.59,46592,"","","",""
M5,313,4/28/2024 8:30,24.92,46428.16,"","","",""
M5,314,4/28/2024 8:35,26.12,46837.76,"","","",""
M5,315,4/28/2024 8:40,27.11,47595.52,"","","",""
M5,316,4/28/2024 8:45,28.1,47841.28,"","","",""
M5,317,4/28/2024 8:50,28.91,45158.4,"","","",""
M5,318,4/28/2024 8:55,29.9,43663.36,"","","",""
M5,319,4/28/2024 9:00,30.89,42373.12,"","","",""
M5,320,4/28/2024 9:05,31.7,42946.56,"","","",""
M5,321,4/28/2024 9:10,32.43,43663.36,"","","",""
M5,322,4/28/2024 9:15,32.86,44072.96,"","","",""
M5,323,4/28/2024 9:20,33.07,44830.72,"","","",""
M5,324,4/28/2024 9:25,33.63,45424.64,"","","",""
M5,325,4/28/2024 9:30,33.8,46100.48,"","","",""
M5,326,4/28/2024 9:35,34.49,46796.8,"","","",""
M5,327,4/28/2024 9:40,34.53,47185.92,"","","",""
M5,328,4/28/2024 9:45,34.45,47636.48,"","","",""
M5,329,4/28/2024 9:50,34.19,48087.04,"","","",""
M5,330,4/28/2024 9:55,33.76,47042.56,"","","",""
M5,331,4/28/2024 10:00,32.99,49315.84,"","","",""
M5,332,4/28/2024 10:05,32.22,49971.2,"","","",""
M5,333,4/28/2024 10:10,27.2,61931.52,"","","",""
M5,334,4/28/2024 10:15,25.78,64880.64,"","","",""
M5,335,4/28/2024 10:20,26.81,65761.28,"","","",""
M5,336,4/28/2024 10:25,25.82,67215.36,"","","",""
M5,337,4/28/2024 10:30,25.74,67440.64,"","","",""
M5,338,4/28/2024 10:35,25.69,67358.72,"","","",""
M5,339,4/28/2024 10:40,23.72,68710.4,"","","",""
M5,340,4/28/2024 10:45,22.69,69304.32,"","","",""
M5,341,4/28/2024 10:50,22.99,70103.04,"","","",""
M5,342,4/28/2024 10:55,22.61,70328.32,"","","",""
M5,343,4/28/2024 11:00,21.58,70778.88,"","","",""
M5,344,4/28/2024 11:05,21.53,71577.6,"","","",""
M5,345,4/28/2024 11:10,21.19,72171.52,"","","",""
M5,346,4/28/2024 11:15,21.15,72069.12,"","","",""
M5,347,4/28/2024 11:20,20.16,72785.92,"","","",""
M5,348,4/28/2024 11:25,20.2,73175.04,"","","",""
M5,349,4/28/2024 11:30,19.82,73502.72,"","","",""
M5,350,4/28/2024 11:35,19.47,31559.68,"","","",""
M5,351,4/28/2024 11:40,19.47,36792.32,"","","",""
M5,352,4/28/2024 11:45,19.56,54579.2,"","","",""
M5,353,4/28/2024 11:50,19,67379.2,"","","",""
M5,354,4/28/2024 11:55,18.92,61419.52,"","","",""
M5,355,4/28/2024 12:00,18.92,60456.96,"","","",""
M5,356,4/28/2024 12:05,18.49,75386.88,"","","",""
M5,357,4/28/2024 12:10,18.27,36034.56,"","","",""
M5,358,4/28/2024 12:15,18.62,59678.72,"","","",""
M5,359,4/28/2024 12:20,18.79,75386.88,"","","",""
M5,360,4/28/2024 12:25,18.44,63856.64,"","","",""
M5,361,4/28/2024 12:30,18.4,74014.72,"","","",""
M5,362,4/28/2024 12:35,18.32,74792.96,"","","",""
M5,363,4/28/2024 12:40,18.23,28641.28,"","","",""
M5,364,4/28/2024 12:45,18.4,62976,"","","",""
M5,365,4/28/2024 12:50,18.44,6361.6,"","","",""
M5,366,4/28/2024 12:55,18.1,65925.12,"","","",""
M5,367,4/28/2024 13:00,18.23,66396.16,"","","",""
M5,368,4/28/2024 13:05,17.97,58593.28,"","","",""
M5,369,4/28/2024 13:10,18.1,69140.48,"","","",""
M5,370,4/28/2024 13:15,17.89,55869.44,"","","",""
M5,371,4/28/2024 13:20,17.89,9029.12,"","","",""
M5,372,4/28/2024 13:25,18.1,56586.24,"","","",""
M5,373,4/28/2024 13:30,17.93,24299.52,"","","",""
M5,374,4/28/2024 13:35,18.1,47349.76,"","","",""
M5,375,4/28/2024 13:40,18.27,62300.16,"","","",""
M5,376,4/28/2024 13:45,18.1,25753.6,"","","",""
M5,377,4/28/2024 13:50,17.93,47595.52,"","","",""
M5,378,4/28/2024 13:55,17.97,65228.8,"","","",""
M5,379,4/28/2024 14:00,18.06,35993.6,"","","",""
M5,380,4/28/2024 14:05,18.06,99983.36,"","","",""
M5,381,4/28/2024 14:10,18.06,56975.36,"","","",""
M5,382,4/28/2024 14:15,18.02,57303.04,"","","",""
M5,383,4/28/2024 14:20,18.1,57466.88,"","","",""
M5,384,4/28/2024 14:25,18.06,5990.4,"","","",""
M5,385,4/28/2024 14:30,17.93,23562.24,"","","",""
M5,386,4/28/2024 14:35,18.1,44441.6,"","","",""
M5,387,4/28/2024 14:40,18.36,10956.8,"","","",""
M5,388,4/28/2024 14:45,18.19,55582.72,"","","",""
M5,389,4/28/2024 14:50,18.19,32471.04,"","","",""
M5,390,4/28/2024 14:55,18.19,55132.16,"","","",""
M5,391,4/28/2024 15:00,18.36,16885.76,"","","",""
M5,392,4/28/2024 15:05,18.32,37007.36,"","","",""
M5,393,4/28/2024 15:10,18.49,56074.24,"","","",""
M5,394,4/28/2024 15:15,18.36,26245.12,"","","",""
M5,395,4/28/2024 15:20,18.4,38522.88,"","","",""
M5,396,4/28/2024 15:25,18.57,44707.84,"","","",""
M5,397,4/28/2024 15:30,18.57,34119.68,"","","",""
M5,398,4/28/2024 15:35,18.44,66826.24,"","","",""
M5,399,4/28/2024 15:40,18.4,53493.76,"","","",""
M5,400,4/28/2024 15:45,18.62,40683.52,"","","",""
M5,401,4/28/2024 15:50,18.23,17054.72,"","","",""
M5,402,4/28/2024 15:55,18.44,36372.48,"","","",""
M5,403,4/28/2024 16:00,18.19,20572.16,"","","",""
M5,404,4/28/2024 16:05,18.27,32010.24,"","","",""
M5,405,4/28/2024 16:10,18.32,26060.8,"","","",""
M5,406,4/28/2024 16:15,18.23,18314.24,"","","",""
M5,407,4/28/2024 16:20,18.19,23357.44,"","","",""
M5,408,4/28/2024 16:25,18.1,3939.84,"","","",""
M5,409,4/28/2024 16:30,18.19,19456,"","","",""
M5,410,4/28/2024 16:35,18.23,27156.48,"","","",""
M5,411,4/28/2024 16:40,18.14,6753.28,"","","",""
M5,412,4/28/2024 16:45,18.06,19696.64,"","","",""
M5,413,4/28/2024 16:50,18.02,21760,"","","",""
M5,414,4/28/2024 16:55,17.97,14382.08,"","","",""
M5,415,4/28/2024 17:00,18.06,10301.44,"","","",""
M5,416,4/28/2024 17:05,18.1,23910.4,"","","",""
M5,417,4/28/2024 17:10,18.06,10547.2,"","","",""
M5,418,4/28/2024 17:15,17.93,9937.92,"","","",""
M5,419,4/28/2024 17:20,18.02,5962.24,"","","",""
M5,420,4/28/2024 17:25,17.89,16102.4,"","","",""
M5,421,4/28/2024 17:30,17.72,13440,"","","",""
M5,422,4/28/2024 17:35,17.63,11115.52,"","","",""
M5,423,4/28/2024 17:40,17.67,12559.36,"","","",""
M5,424,4/28/2024 17:45,17.59,12400.64,"","","",""
M5,425,4/28/2024 17:50,17.54,6292.48,"","","",""
M5,426,4/28/2024 17:55,17.5,9812.48,"","","",""
M5,427,4/28/2024 18:00,17.37,4174.08,"","","",""
M5,428,4/28/2024 18:05,17.29,14766.08,"","","",""
M5,429,4/28/2024 18:10,17.24,5281.28,"","","",""
M5,430,4/28/2024 18:15,16.86,2736.64,"","","",""
M5,431,4/28/2024 18:20,16.81,2055.68,"","","",""
M5,432,4/28/2024 18:25,16.77,2762.24,"","","",""
M5,433,4/28/2024 18:30,16.77,2386.56,"","","",""
M5,434,4/28/2024 18:35,16.73,1617.92,"","","",""
M5,435,4/28/2024 18:40,16.73,1825.28,"","","",""
M5,436,4/28/2024 18:45,16.69,2446.72,"","","",""
M5,437,4/28/2024 18:50,16.64,1889.28,"","","",""
M5,438,4/28/2024 18:55,16.64,1290.24,"","","",""
M5,439,4/28/2024 19:00,16.56,1552,"","","",""
M5,440,4/28/2024 19:05,16.51,1207.68,"","","",""
M5,441,4/28/2024 19:10,16.51,1360,"","","",""
M5,442,4/28/2024 19:15,16.47,997.12,"","","",""
M5,443,4/28/2024 19:20,16.47,755.2,"","","",""
M5,444,4/28/2024 19:25,16.39,550.08,"","","",""
M5,445,4/28/2024 19:30,16.34,215.28,"","","",""
M5,446,4/28/2024 19:35,16.39,210.32,"","","",""
M5,447,4/28/2024 19:40,16.39,107.32,"","","",""
M5,448,4/28/2024 19:45,16.3,16.83,"","","",""
M5,449,4/28/2024 19:50,16.3,15.99,"","","",""
M5,450,4/28/2024 19:55,16.26,1.72,"","","",""
M5,451,4/28/2024 20:00,16.21,1.29,"","","",""
M5,452,4/28/2024 20:05,16.21,0,"","","",""
M5,453,4/28/2024 20:10,16.17,0,"","","",""
M5,454,4/28/2024 20:15,16.17,0,"","","",""
M5,455,4/28/2024 20:20,16.13,0,"","","",""
M5,456,4/28/2024 20:25,16.13,0,"","","",""
M5,457,4/28/2024 20:30,16.13,0,"","","",""
M5,458,4/28/2024 20:35,16.13,0,"","","",""
M5,459,4/28/2024 20:40,16.08,0,"","","",""
M5,460,4/28/2024 20:45,16.04,0,"","","",""
M5,461,4/28/2024 20:50,16,0,"","","",""
M5,462,4/28/2024 20:55,16,0,"","","",""
M5,463,4/28/2024 21:00,15.96,0,"","","",""
M5,464,4/28/2024 21:05,15.91,0,"","","",""
M5,465,4/28/2024 21:10,15.96,0,"","","",""
M5,466,4/28/2024 21:15,15.87,0,"","","",""
M5,467,4/28/2024 21:20,15.83,0,"","","",""
M5,468,4/28/2024 21:25,15.74,0,"","","",""
M5,469,4/28/2024 21:30,15.74,0,"","","",""
M5,470,4/28/2024 21:35,15.57,0,"","","",""
M5,471,4/28/2024 21:40,15.48,0,"","","",""
M5,472,4/28/2024 21:45,15.4,0,"","","",""
M5,473,4/28/2024 21:50,15.48,0,"","","",""
M5,474,4/28/2024 21:55,15.53,0,"","","",""
M5,475,4/28/2024 22:00,15.23,0,"","","",""
M5,476,4/28/2024 22:05,15.18,0,"","","",""
M5,477,4/28/2024 22:10,15.18,0,"","","",""
M5,478,4/28/2024 22:15,15.27,0,"","","",""
M5,479,4/28/2024 22:20,15.31,0,"","","",""
M5,480,4/28/2024 22:25,15.06,0.21,"","","",""
M5,481,4/28/2024 22:30,15.27,0,"","","",""
M5,482,4/28/2024 22:35,15.18,0,"","","",""
M5,483,4/28/2024 22:40,15.06,0,"","","",""
M5,484,4/28/2024 22:45,15.01,0,"","","",""
M5,485,4/28/2024 22:50,14.88,0,"","","",""
M5,486,4/28/2024 22:55,14.75,0,"","","",""
M5,487,4/28/2024 23:00,14.67,0,"","","",""
M5,488,4/28/2024 23:05,14.54,0,"","","",""
M5,489,4/28/2024 23:10,14.71,0,"","","",""
M5,490,4/28/2024 23:15,14.63,0,"","","",""
M5,491,4/28/2024 23:20,14.63,0,"","","",""
M5,492,4/28/2024 23:25,14.45,0,"","","",""
M5,493,4/28/2024 23:30,14.33,0,"","","",""
M5,494,4/28/2024 23:35,14.33,0,"","","",""
M5,495,4/28/2024 23:40,14.45,0,"","","",""
M5,496,4/28/2024 23:45,14.45,0,"","","",""
M5,497,4/28/2024 23:50,14.37,0,"","","",""
M5,498,4/28/2024 23:55,14.24,0,"","","",""
M5,499,4/29/2024 0:00,14.24,0,"","","",""
M5,500,4/29/2024 0:05,14.07,0,"","","",""
M5,501,4/29/2024 0:10,14.24,0,"","","",""
M5,502,4/29/2024 0:15,14.37,0,"","","",""
M5,503,4/29/2024 0:20,14.07,0,"","","",""
M5,504,4/29/2024 0:25,13.94,0,"","","",""
M5,505,4/29/2024 0:30,14.11,0,"","","",""
M5,506,4/29/2024 0:35,14.11,0,"","","",""
M5,507,4/29/2024 0:40,14.28,0,"","","",""
M5,508,4/29/2024 0:45,13.98,0,"","","",""
M5,509,4/29/2024 0:50,13.94,0,"","","",""
M5,510,4/29/2024 0:55,14.03,0,"","","",""
M5,511,4/29/2024 1:00,14.11,0,"","","",""
M5,512,4/29/2024 1:05,14.11,0,"","","",""
M5,513,4/29/2024 1:10,14.2,0,"","","",""
M5,514,4/29/2024 1:15,13.98,0,"","","",""
M5,515,4/29/2024 1:20,14.03,0,"","","",""
M5,516,4/29/2024 1:25,14.03,0,"","","",""
M5,517,4/29/2024 1:30,13.85,0,"","","",""
M5,518,4/29/2024 1:35,13.9,0,"","","",""
M5,519,4/29/2024 1:40,13.81,0,"","","",""
M5,520,4/29/2024 1:45,14.03,0,"","","",""
M5,521,4/29/2024 1:50,13.9,0,"","","",""
M5,522,4/29/2024 1:55,14.15,0,"","","",""
M5,523,4/29/2024 2:00,14.15,0,"","","",""
M5,524,4/29/2024 2:05,13.9,0,"","","",""
M5,525,4/29/2024 2:10,13.73,0,"","","",""
M5,526,4/29/2024 2:15,13.64,0,"","","",""
M5,527,4/29/2024 2:20,13.68,0,"","","",""
M5,528,4/29/2024 2:25,13.51,0,"","","",""
M5,529,4/29/2024 2:30,13.43,0,"","","",""
M5,530,4/29/2024 2:35,13.55,0,"","","",""
M5,531,4/29/2024 2:40,13.51,0,"","","",""
M5,532,4/29/2024 2:45,13.51,0,"","","",""
M5,533,4/29/2024 2:50,13.77,0,"","","",""
M5,534,4/29/2024 2:55,13.51,0,"","","",""
M5,535,4/29/2024 3:00,13.51,0,"","","",""
M5,536,4/29/2024 3:05,13.51,0,"","","",""
M5,537,4/29/2024 3:10,13.38,0,"","","",""
M5,538,4/29/2024 3:15,13.55,0,"","","",""
M5,539,4/29/2024 3:20,13.51,0,"","","",""
M5,540,4/29/2024 3:25,13.64,0,"","","",""
M5,541,4/29/2024 3:30,13.68,0,"","","",""
M5,542,4/29/2024 3:35,13.77,0,"","","",""
M5,543,4/29/2024 3:40,13.81,0,"","","",""
M5,544,4/29/2024 3:45,13.85,0,"","","",""
M5,545,4/29/2024 3:50,13.85,0,"","","",""
M5,546,4/29/2024 3:55,13.94,0,"","","",""
M5,547,4/29/2024 4:00,13.9,0,"","","",""
M5,548,4/29/2024 4:05,13.94,0,"","","",""
M5,549,4/29/2024 4:10,13.9,0,"","","",""
M5,550,4/29/2024 4:15,13.94,0,"","","",""
M5,551,4/29/2024 4:20,13.98,0,"","","",""
M5,552,4/29/2024 4:25,13.94,0,"","","",""
M5,553,4/29/2024 4:30,13.94,0,"","","",""
M5,554,4/29/2024 4:35,13.94,0,"","","",""
M5,555,4/29/2024 4:40,13.85,0,"","","",""
M5,556,4/29/2024 4:45,13.81,0,"","","",""
M5,557,4/29/2024 4:50,13.81,0,"","","",""
M5,558,4/29/2024 4:55,13.73,0,"","","",""
M5,559,4/29/2024 5:00,13.73,0,"","","",""
M5,560,4/29/2024 5:05,13.68,0,"","","",""
M5,561,4/29/2024 5:10,13.6,0,"","","",""
M5,562,4/29/2024 5:15,13.68,0,"","","",""
M5,563,4/29/2024 5:20,13.73,0,"","","",""
M5,564,4/29/2024 5:25,13.68,0,"","","",""
M5,565,4/29/2024 5:30,13.64,0,"","","",""
M5,566,4/29/2024 5:35,13.6,0.64,"","","",""
M5,567,4/29/2024 5:40,13.55,1.72,"","","",""
M5,568,4/29/2024 5:45,13.64,5.37,"","","",""
M5,569,4/29/2024 5:50,13.64,16.02,"","","",""
M5,570,4/29/2024 5:55,13.68,45,"","","",""
M5,571,4/29/2024 6:00,13.64,94.4,"","","",""
M5,572,4/29/2024 6:05,13.64,193.12,"","","",""
M5,573,4/29/2024 6:10,13.51,349.6,"","","",""
M5,574,4/29/2024 6:15,13.55,550.56,"","","",""
M5,575,4/29/2024 6:20,13.55,772.48,"","","",""
M5,576,4/29/2024 6:25,13.6,1025.28,"","","",""
M5,577,4/29/2024 6:30,13.68,1415.04,"","","",""
M5,578,4/29/2024 6:35,13.73,1635.84,"","","",""
M5,579,4/29/2024 6:40,13.85,2045.44,"","","",""
M5,580,4/29/2024 6:45,13.98,2549.76,"","","",""
M5,581,4/29/2024 6:50,14.15,2791.68,"","","",""
M5,582,4/29/2024 6:55,14.24,2959.36,"","","",""
M5,583,4/29/2024 7:00,14.37,3964.16,"","","",""
M5,584,4/29/2024 7:05,14.45,3688.96,"","","",""
M5,585,4/29/2024 7:10,14.71,5680.64,"","","",""
M5,586,4/29/2024 7:15,15.23,7631.36,"","","",""
M5,587,4/29/2024 7:20,15.57,7447.04,"","","",""
M5,588,4/29/2024 7:25,15.7,7383.04,"","","",""
M5,589,4/29/2024 7:30,15.83,6571.52,"","","",""
M5,590,4/29/2024 7:35,15.96,7452.16,"","","",""
M5,591,4/29/2024 7:40,16.08,8993.28,"","","",""
M5,592,4/29/2024 7:45,16.34,10040.32,"","","",""
M5,593,4/29/2024 7:50,16.56,10782.72,"","","",""
M5,594,4/29/2024 7:55,16.81,10385.92,"","","",""
M5,595,4/29/2024 8:00,16.94,9669.12,"","","",""
M5,596,4/29/2024 8:05,16.94,9958.4,"","","",""
M5,597,4/29/2024 8:10,17.63,18703.36,"","","",""
M5,598,4/29/2024 8:15,17.84,12057.6,"","","",""
M5,599,4/29/2024 8:20,18.44,18636.8,"","","",""
M5,600,4/29/2024 8:25,18.83,15523.84,"","","",""
M5,601,4/29/2024 8:30,18.83,16394.24,"","","",""
M5,602,4/29/2024 8:35,19.47,21258.24,"","","",""
M5,603,4/29/2024 8:40,20.55,23715.84,"","","",""
M5,604,4/29/2024 8:45,21.79,26429.44,"","","",""
M5,605,4/29/2024 8:50,23.25,36085.76,"","","",""
M5,606,4/29/2024 8:55,27.41,53370.88,"","","",""
M5,607,4/29/2024 9:00,27.93,42209.28,"","","",""
M5,608,4/29/2024 9:05,26.3,40345.6,"","","",""
M5,609,4/29/2024 9:10,25.31,39249.92,"","","",""
M5,610,4/29/2024 9:15,26.51,31016.96,"","","",""
M5,611,4/29/2024 9:20,26.77,39567.36,"","","",""
M5,612,4/29/2024 9:25,26.17,29532.16,"","","",""
M5,613,4/29/2024 9:30,26.17,35973.12,"","","",""
M5,614,4/29/2024 9:35,27.5,30689.28,"","","",""
M5,615,4/29/2024 9:40,27.88,30535.68,"","","",""
M5,616,4/29/2024 9:45,26.98,31272.96,"","","",""
M5,617,4/29/2024 9:50,27.5,33515.52,"","","",""
M5,618,4/29/2024 9:55,27.58,30289.92,"","","",""
M5,619,4/29/2024 10:00,27.41,31989.76,"","","",""
M5,620,4/29/2024 10:05,27.8,36608,"","","",""
M5,621,4/29/2024 10:10,28.44,35522.56,"","","",""
M5,622,4/29/2024 10:15,28.27,34447.36,"","","",""
M5,623,4/29/2024 10:20,30.2,60272.64,"","","",""
M5,624,4/29/2024 10:25,29.94,33095.68,"","","",""
M5,625,4/29/2024 10:30,28.14,35348.48,"","","",""
M5,626,4/29/2024 10:35,26.98,31068.16,"","","",""
M5,627,4/29/2024 10:40,25.95,31672.32,"","","",""
M5,628,4/29/2024 10:45,26.17,33832.96,"","","",""
M5,629,4/29/2024 10:50,27.28,38789.12,"","","",""
M5,630,4/29/2024 10:55,27.11,40345.6,"","","",""
M5,631,4/29/2024 11:00,26.81,36167.68,"","","",""
M5,632,4/29/2024 11:05,25.69,35973.12,"","","",""
M5,633,4/29/2024 11:10,26.72,49889.28,"","","",""
M5,634,4/29/2024 11:15,28.44,53555.2,"","","",""
M5,635,4/29/2024 11:20,28.44,65904.64,"","","",""
M5,636,4/29/2024 11:25,25.91,62586.88,"","","",""
M5,637,4/29/2024 11:30,26.21,79257.6,"","","",""
M5,638,4/29/2024 11:35,24.97,85975.04,"","","",""
M5,639,4/29/2024 11:40,24.58,78663.68,"","","",""
M5,640,4/29/2024 11:45,23.81,76861.44,"","","",""
M5,641,4/29/2024 11:50,22.48,78315.52,"","","",""
M5,642,4/29/2024 11:55,22.52,77271.04,"","","",""
M5,643,4/29/2024 12:00,21.88,69140.48,"","","",""
M5,644,4/29/2024 12:05,21.45,72253.44,"","","",""
M5,645,4/29/2024 12:10,21.32,67174.4,"","","",""
M5,646,4/29/2024 12:15,20.68,62341.12,"","","",""
M5,647,4/29/2024 12:20,20.72,65986.56,"","","",""
M5,648,4/29/2024 12:25,19.9,67256.32,"","","",""
M5,649,4/29/2024 12:30,20.03,69939.2,"","","",""
M5,650,4/29/2024 12:35,19.86,58327.04,"","","",""
M5,651,4/29/2024 12:40,20.16,72396.8,"","","",""
M5,652,4/29/2024 12:45,20.03,68710.4,"","","",""
M5,653,4/29/2024 12:50,19.77,31416.32,"","","",""
M5,654,4/29/2024 12:55,19.77,73666.56,"","","",""
M5,655,4/29/2024 13:00,19.05,42864.64,"","","",""
M5,656,4/29/2024 13:05,19.52,67297.28,"","","",""
M5,657,4/29/2024 13:10,18.7,46612.48,"","","",""
M5,658,4/29/2024 13:15,18.83,25384.96,"","","",""
M5,659,4/29/2024 13:20,18.74,40908.8,"","","",""
M5,660,4/29/2024 13:25,18.92,69099.52,"","","",""
M5,661,4/29/2024 13:30,18.44,20495.36,"","","",""
M5,662,4/29/2024 13:35,18.23,53063.68,"","","",""
M5,663,4/29/2024 13:40,18.4,37713.92,"","","",""
M5,664,4/29/2024 13:45,18.1,49070.08,"","","",""
M5,665,4/29/2024 13:50,18.19,47718.4,"","","",""
M5,666,4/29/2024 13:55,18.32,31191.04,"","","",""
M5,667,4/29/2024 14:00,18.66,37867.52,"","","",""
M5,668,4/29/2024 14:05,18.1,41072.64,"","","",""
M5,669,4/29/2024 14:10,18.36,33935.36,"","","",""
M5,670,4/29/2024 14:15,18.06,41082.88,"","","",""
M5,671,4/29/2024 14:20,18.19,25937.92,"","","",""
M5,672,4/29/2024 14:25,18.4,61992.96,"","","",""
M5,673,4/29/2024 14:30,18.4,51732.48,"","","",""
M5,674,4/29/2024 14:35,18.36,16783.36,"","","",""
M5,675,4/29/2024 14:40,18.14,39761.92,"","","",""
M5,676,4/29/2024 14:45,18.19,55767.04,"","","",""
M5,677,4/29/2024 14:50,18.14,44564.48,"","","",""
M5,678,4/29/2024 14:55,18.27,17582.08,"","","",""
M5,679,4/29/2024 15:00,18.4,50606.08,"","","",""
M5,680,4/29/2024 15:05,18.27,39710.72,"","","",""
M5,681,4/29/2024 15:10,18.27,51322.88,"","","",""
M5,682,4/29/2024 15:15,18.27,16655.36,"","","",""
M5,683,4/29/2024 15:20,18.27,51978.24,"","","",""
M5,684,4/29/2024 15:25,18.36,39086.08,"","","",""
M5,685,4/29/2024 15:30,18.14,28405.76,"","","",""
M5,686,4/29/2024 15:35,18.06,15226.88,"","","",""
M5,687,4/29/2024 15:40,18.06,44032,"","","",""
M5,688,4/29/2024 15:45,18.1,47513.6,"","","",""
M5,689,4/29/2024 15:50,18.1,18216.96,"","","",""
M5,690,4/29/2024 15:55,18.14,8030.72,"","","",""
M5,691,4/29/2024 16:00,18.1,38236.16,"","","",""
M5,692,4/29/2024 16:05,18.02,34846.72,"","","",""
M5,693,4/29/2024 16:10,17.97,14996.48,"","","",""
M5,694,4/29/2024 16:15,18.06,35809.28,"","","",""
M5,695,4/29/2024 16:20,17.97,25630.72,"","","",""
M5,696,4/29/2024 16:25,18.02,27648,"","","",""
M5,697,4/29/2024 16:30,17.84,15114.24,"","","",""
M5,698,4/29/2024 16:35,17.93,18380.8,"","","",""
M5,699,4/29/2024 16:40,17.97,1634.56,"","","",""
M5,700,4/29/2024 16:45,17.8,22026.24,"","","",""
M5,701,4/29/2024 16:50,17.89,22272,"","","",""
M5,702,4/29/2024 16:55,17.76,12482.56,"","","",""
M5,703,4/29/2024 17:00,17.72,19855.36,"","","",""
M5,704,4/29/2024 17:05,17.59,11776,"","","",""
M5,705,4/29/2024 17:10,17.63,22323.2,"","","",""
M5,706,4/29/2024 17:15,17.5,15923.2,"","","",""
M5,707,4/29/2024 17:20,17.59,24033.28,"","","",""
M5,708,4/29/2024 17:25,17.5,13122.56,"","","",""
M5,709,4/29/2024 17:30,17.5,15928.32,"","","",""
M5,710,4/29/2024 17:35,17.41,12129.28,"","","",""
M5,711,4/29/2024 17:40,17.37,10905.6,"","","",""
M5,712,4/29/2024 17:45,17.29,10411.52,"","","",""
M5,713,4/29/2024 17:50,17.2,11837.44,"","","",""
M5,714,4/29/2024 17:55,17.11,11376.64,"","","",""
M5,715,4/29/2024 18:00,17.11,11023.36,"","","",""
M5,716,4/29/2024 18:05,17.07,6650.88,"","","",""
M5,717,4/29/2024 18:10,17.07,5178.88,"","","",""
M5,718,4/29/2024 18:15,16.77,2350.08,"","","",""
M5,719,4/29/2024 18:20,16.86,1484.8,"","","",""
M5,720,4/29/2024 18:25,16.81,2291.84,"","","",""
M5,721,4/29/2024 18:30,16.73,1124.16,"","","",""
M5,722,4/29/2024 18:35,16.64,1528.32,"","","",""
M5,723,4/29/2024 18:40,16.64,2776.32,"","","",""
M5,724,4/29/2024 18:45,16.6,2272.64,"","","",""
M5,725,4/29/2024 18:50,16.56,1461.12,"","","",""
M5,726,4/29/2024 18:55,16.51,895.36,"","","",""
M5,727,4/29/2024 19:00,16.43,1645.44,"","","",""
M5,728,4/29/2024 19:05,16.43,1353.6,"","","",""
M5,729,4/29/2024 19:10,16.47,1345.28,"","","",""
M5,730,4/29/2024 19:15,16.34,36.24,"","","",""
M5,731,4/29/2024 19:20,16.34,457.6,"","","",""
M5,732,4/29/2024 19:25,16.39,345.76,"","","",""
M5,733,4/29/2024 19:30,16.3,387.52,"","","",""
M5,734,4/29/2024 19:35,16.21,210.32,"","","",""
M5,735,4/29/2024 19:40,16.17,116,"","","",""
M5,736,4/29/2024 19:45,16.17,23.76,"","","",""
M5,737,4/29/2024 19:50,16.13,11.02,"","","",""
M5,738,4/29/2024 19:55,16.08,3.44,"","","",""
M5,739,4/29/2024 20:00,16.04,0.64,"","","",""
M5,740,4/29/2024 20:05,16,0.43,"","","",""
M5,741,4/29/2024 20:10,15.96,0,"","","",""
M5,742,4/29/2024 20:15,15.96,0,"","","",""
M5,743,4/29/2024 20:20,15.91,0,"","","",""
M5,744,4/29/2024 20:25,15.87,0,"","","",""
M5,745,4/29/2024 20:30,15.87,0,"","","",""
M5,746,4/29/2024 20:35,15.83,0,"","","",""
M5,747,4/29/2024 20:40,15.78,0,"","","",""
M5,748,4/29/2024 20:45,15.78,0,"","","",""
M5,749,4/29/2024 20:50,15.74,0,"","","",""
M5,750,4/29/2024 20:55,15.7,0,"","","",""
M5,751,4/29/2024 21:00,15.66,0,"","","",""
M5,752,4/29/2024 21:05,15.61,0,"","","",""
M5,753,4/29/2024 21:10,15.66,0,"","","",""
M5,754,4/29/2024 21:15,15.57,0,"","","",""
M5,755,4/29/2024 21:20,15.57,0,"","","",""
M5,756,4/29/2024 21:25,15.57,0,"","","",""
M5,757,4/29/2024 21:30,15.53,0,"","","",""
M5,758,4/29/2024 21:35,15.53,0,"","","",""
M5,759,4/29/2024 21:40,15.48,0,"","","",""
M5,760,4/29/2024 21:45,15.44,0,"","","",""
M5,761,4/29/2024 21:50,15.44,0,"","","",""
M5,762,4/29/2024 21:55,15.44,0,"","","",""
M5,763,4/29/2024 22:00,15.44,0,"","","",""
M5,764,4/29/2024 22:05,15.4,0,"","","",""
M5,765,4/29/2024 22:10,15.36,0,"","","",""
M5,766,4/29/2024 22:15,15.36,0,"","","",""
M5,767,4/29/2024 22:20,15.36,0,"","","",""
M5,768,4/29/2024 22:25,15.27,0,"","","",""
M5,769,4/29/2024 22:30,15.31,0,"","","",""
M5,770,4/29/2024 22:35,15.27,0,"","","",""
M5,771,4/29/2024 22:40,15.27,0,"","","",""
M5,772,4/29/2024 22:45,15.27,0.21,"","","",""
M5,773,4/29/2024 22:50,15.23,0,"","","",""
M5,774,4/29/2024 22:55,15.23,0,"","","",""
M5,775,4/29/2024 23:00,15.18,0,"","","",""
M5,776,4/29/2024 23:05,15.18,0,"","","",""
M5,777,4/29/2024 23:10,15.14,0,"","","",""
M5,778,4/29/2024 23:15,15.1,0,"","","",""
M5,779,4/29/2024 23:20,15.14,0,"","","",""
M5,780,4/29/2024 23:25,15.06,0,"","","",""
M5,781,4/29/2024 23:30,15.01,0,"","","",""
M5,782,4/29/2024 23:35,15.01,0,"","","",""
M5,783,4/29/2024 23:40,15.01,0,"","","",""
M5,784,4/29/2024 23:45,15.06,0,"","","",""
M5,785,4/29/2024 23:50,14.97,0,"","","",""
M5,786,4/29/2024 23:55,14.97,0,"","","",""
M5,787,4/30/2024 0:00,14.93,0,"","","",""
M5,788,4/30/2024 0:05,14.93,0,"","","",""
M5,789,4/30/2024 0:10,14.93,0,"","","",""
M5,790,4/30/2024 0:15,14.97,0,"","","",""
M5,791,4/30/2024 0:20,14.93,0,"","","",""
M5,792,4/30/2024 0:25,14.88,0,"","","",""
M5,793,4/30/2024 0:30,14.84,0,"","","",""
M5,794,4/30/2024 0:35,14.8,0,"","","",""
M5,795,4/30/2024 0:40,14.8,0,"","","",""
M5,796,4/30/2024 0:45,14.8,0,"","","",""
M5,797,4/30/2024 0:50,14.75,0,"","","",""
M5,798,4/30/2024 0:55,14.84,0,"","","",""
M5,799,4/30/2024 1:00,14.84,0,"","","",""
M5,800,4/30/2024 1:05,14.84,0,"","","",""
M5,801,4/30/2024 1:10,14.75,0,"","","",""
M5,802,4/30/2024 1:15,14.8,0,"","","",""
M5,803,4/30/2024 1:20,14.75,0,"","","",""
M5,804,4/30/2024 1:25,14.75,0,"","","",""
M5,805,4/30/2024 1:30,14.71,0,"","","",""
M5,806,4/30/2024 1:35,14.71,0,"","","",""
M5,807,4/30/2024 1:40,14.67,0,"","","",""
M5,808,4/30/2024 1:45,14.67,0,"","","",""
M5,809,4/30/2024 1:50,14.67,0,"","","",""
M5,810,4/30/2024 1:55,14.58,0.21,"","","",""
M5,811,4/30/2024 2:00,14.58,0,"","","",""
M5,812,4/30/2024 2:05,14.63,0,"","","",""
M5,813,4/30/2024 2:10,14.63,0,"","","",""
M5,814,4/30/2024 2:15,14.58,0,"","","",""
M5,815,4/30/2024 2:20,14.67,0,"","","",""
M5,816,4/30/2024 2:25,14.67,0,"","","",""
M5,817,4/30/2024 2:30,14.58,0,"","","",""
M5,818,4/30/2024 2:35,14.58,0,"","","",""
M5,819,4/30/2024 2:40,14.58,0,"","","",""
M5,820,4/30/2024 2:45,14.58,0,"","","",""
M5,821,4/30/2024 2:50,14.63,0,"","","",""
M5,822,4/30/2024 2:55,14.54,0,"","","",""
M5,823,4/30/2024 3:00,14.54,0,"","","",""
M5,824,4/30/2024 3:05,14.58,0,"","","",""
M5,825,4/30/2024 3:10,14.54,0,"","","",""
M5,826,4/30/2024 3:15,14.5,0,"","","",""
M5,827,4/30/2024 3:20,14.5,0,"","","",""
M5,828,4/30/2024 3:25,14.54,0,"","","",""
M5,829,4/30/2024 3:30,14.58,0,"","","",""
M5,830,4/30/2024 3:35,14.5,0,"","","",""
M5,831,4/30/2024 3:40,14.5,0,"","","",""
M5,832,4/30/2024 3:45,14.5,0,"","","",""
M5,833,4/30/2024 3:50,14.45,0,"","","",""
M5,834,4/30/2024 3:55,14.41,0,"","","",""
M5,835,4/30/2024 4:00,14.45,0,"","","",""
M5,836,4/30/2024 4:05,14.41,0,"","","",""
M5,837,4/30/2024 4:10,14.37,0,"","","",""
M5,838,4/30/2024 4:15,14.41,0,"","","",""
M5,839,4/30/2024 4:20,14.41,0,"","","",""
M5,840,4/30/2024 4:25,14.37,0,"","","",""
M5,841,4/30/2024 4:30,14.37,0,"","","",""
M5,842,4/30/2024 4:35,14.37,0,"","","",""
M5,843,4/30/2024 4:40,14.37,0,"","","",""
M5,844,4/30/2024 4:45,14.33,0,"","","",""
M5,845,4/30/2024 4:50,14.37,0,"","","",""
M5,846,4/30/2024 4:55,14.33,0,"","","",""
M5,847,4/30/2024 5:00,14.28,0,"","","",""
M5,848,4/30/2024 5:05,14.28,0,"","","",""
M5,849,4/30/2024 5:10,14.28,0,"","","",""
M5,850,4/30/2024 5:15,14.24,0,"","","",""
M5,851,4/30/2024 5:20,14.28,0,"","","",""
M5,852,4/30/2024 5:25,14.28,0,"","","",""
M5,853,4/30/2024 5:30,14.28,0,"","","",""
M5,854,4/30/2024 5:35,14.24,0.21,"","","",""
M5,855,4/30/2024 5:40,14.24,1.93,"","","",""
M5,856,4/30/2024 5:45,14.2,6.04,"","","",""
M5,857,4/30/2024 5:50,14.2,12.34,"","","",""
M5,858,4/30/2024 5:55,14.2,53.66,"","","",""
M5,859,4/30/2024 6:00,14.2,100.44,"","","",""
M5,860,4/30/2024 6:05,14.15,148.92,"","","",""
M5,861,4/30/2024 6:10,14.15,220.64,"","","",""
M5,862,4/30/2024 6:15,14.15,274.16,"","","",""
M5,863,4/30/2024 6:20,14.15,616.32,"","","",""
M5,864,4/30/2024 6:25,14.2,941.76,"","","",""
M5,865,4/30/2024 6:30,14.2,1072.64,"","","",""
M5,866,4/30/2024 6:35,14.24,2021.76,"","","",""
M5,867,4/30/2024 6:40,14.28,2179.84,"","","",""
M5,868,4/30/2024 6:45,14.28,2225.92,"","","",""
M5,869,4/30/2024 6:50,14.37,2644.48,"","","",""
M5,870,4/30/2024 6:55,14.5,4080.64,"","","",""
M5,871,4/30/2024 7:00,14.58,4906.24,"","","",""
M5,872,4/30/2024 7:05,14.58,5278.72,"","","",""
M5,873,4/30/2024 7:10,14.8,6947.84,"","","",""
M5,874,4/30/2024 7:15,14.88,7728.64,"","","",""
M5,875,4/30/2024 7:20,15.14,8430.08,"","","",""
M5,876,4/30/2024 7:25,14.93,8348.16,"","","",""
M5,877,4/30/2024 7:30,15.01,8911.36,"","","",""
M5,878,4/30/2024 7:35,15.14,9126.4,"","","",""
M5,879,4/30/2024 7:40,15.27,10997.76,"","","",""
M5,880,4/30/2024 7:45,15.44,12549.12,"","","",""
M5,881,4/30/2024 7:50,16,13941.76,"","","",""
M5,882,4/30/2024 7:55,16.26,13265.92,"","","",""
M5,883,4/30/2024 8:00,16.39,12861.44,"","","",""
M5,884,4/30/2024 8:05,16.9,15800.32,"","","",""
M5,885,4/30/2024 8:10,17.33,16496.64,"","","",""
M5,886,4/30/2024 8:15,17.89,19123.2,"","","",""
M5,887,4/30/2024 8:20,19.52,25569.28,"","","",""
M5,888,4/30/2024 8:25,19.82,26122.24,"","","",""
M5,889,4/30/2024 8:30,21.79,41031.68,"","","",""
M5,890,4/30/2024 8:35,20.55,22169.6,"","","",""
M5,891,4/30/2024 8:40,21.19,26982.4,"","","",""
M5,892,4/30/2024 8:45,21.4,32276.48,"","","",""
M5,893,4/30/2024 8:50,23.38,36751.36,"","","",""
M5,894,4/30/2024 8:55,24.49,66949.12,"","","",""
M5,895,4/30/2024 9:00,25.91,36167.68,"","","",""
M5,896,4/30/2024 9:05,24.84,28989.44,"","","",""
M5,897,4/30/2024 9:10,25.95,29327.36,"","","",""
M5,898,4/30/2024 9:15,25.52,37386.24,"","","",""
M5,899,4/30/2024 9:20,26.04,38389.76,"","","",""
M5,900,4/30/2024 9:25,26.17,28968.96,"","","",""
M5,901,4/30/2024 9:30,27.02,29194.24,"","","",""
M5,902,4/30/2024 9:35,27.8,44298.24,"","","",""
M5,903,4/30/2024 9:40,27.75,34836.48,"","","",""
M5,904,4/30/2024 9:45,29.64,45199.36,"","","",""
M5,905,4/30/2024 9:50,29.77,43397.12,"","","",""
M5,906,4/30/2024 9:55,29.13,31170.56,"","","",""
M5,907,4/30/2024 10:00,28.91,29071.36,"","","",""
M5,908,4/30/2024 10:05,31.53,59453.44,"","","",""
M5,909,4/30/2024 10:10,32,39024.64,"","","",""
M5,910,4/30/2024 10:15,31.66,34037.76,"","","",""
M5,911,4/30/2024 10:20,31.53,50851.84,"","","",""
M5,912,4/30/2024 10:25,34.92,60702.72,"","","",""
M5,913,4/30/2024 10:30,36.59,58163.2,"","","",""
M5,914,4/30/2024 10:35,36.89,52633.6,"","","",""
M5,915,4/30/2024 10:40,35.73,40478.72,"","","",""
M5,916,4/30/2024 10:45,35.6,59658.24,"","","",""
M5,917,4/30/2024 10:50,36.33,66191.36,"","","",""
M5,918,4/30/2024 10:55,35.39,43233.28,"","","",""
M5,919,4/30/2024 11:00,35.48,56791.04,"","","",""
M5,920,4/30/2024 11:05,35.95,48025.6,"","","",""
M5,921,4/30/2024 11:10,36.68,59064.32,"","","",""
M5,922,4/30/2024 11:15,37.02,59678.72,"","","",""
M5,923,4/30/2024 11:20,37.45,59985.92,"","","",""
M5,924,4/30/2024 11:25,37.36,60313.6,"","","",""
M5,925,4/30/2024 11:30,37.15,60805.12,"","","",""
M5,926,4/30/2024 11:35,37.11,61112.32,"","","",""
M5,927,4/30/2024 11:40,36.46,61378.56,"","","",""
M5,928,4/30/2024 11:45,36.21,61706.24,"","","",""
M5,929,4/30/2024 11:50,35.9,61747.2,"","","",""
M5,930,4/30/2024 11:55,35.56,62074.88,"","","",""
M5,931,4/30/2024 12:00,35.52,62259.2,"","","",""
M5,932,4/30/2024 12:05,35.39,62382.08,"","","",""
M5,933,4/30/2024 12:10,35.35,62545.92,"","","",""
M5,934,4/30/2024 12:15,32.26,74711.04,"","","",""
M5,935,4/30/2024 12:20,28.05,75735.04,"","","",""
M5,936,4/30/2024 12:25,27.71,75857.92,"","","",""
M5,937,4/30/2024 12:30,26.51,76328.96,"","","",""
M5,938,4/30/2024 12:35,24.84,76021.76,"","","",""
M5,939,4/30/2024 12:40,24.66,72867.84,"","","",""
M5,940,4/30/2024 12:45,24.54,76308.48,"","","",""
M5,941,4/30/2024 12:50,22.69,76472.32,"","","",""
M5,942,4/30/2024 12:55,22.91,76226.56,"","","",""
M5,943,4/30/2024 13:00,22.65,75939.84,"","","",""
M5,944,4/30/2024 13:05,21.7,74588.16,"","","",""
M5,945,4/30/2024 13:10,21.23,75509.76,"","","",""
M5,946,4/30/2024 13:15,21.62,75038.72,"","","",""
M5,947,4/30/2024 13:20,21.23,16916.48,"","","",""
M5,948,4/30/2024 13:25,21.53,73973.76,"","","",""
M5,949,4/30/2024 13:30,21.28,73461.76,"","","",""
M5,950,4/30/2024 13:35,21.02,72785.92,"","","",""
M5,951,4/30/2024 13:40,21.45,72294.4,"","","",""
M5,952,4/30/2024 13:45,20.89,71127.04,"","","",""
M5,953,4/30/2024 13:50,20.72,56176.64,"","","",""
M5,954,4/30/2024 13:55,20.33,60497.92,"","","",""
M5,955,4/30/2024 14:00,20.5,26449.92,"","","",""
M5,956,4/30/2024 14:05,20.25,61870.08,"","","",""
M5,957,4/30/2024 14:10,19.95,69263.36,"","","",""
M5,958,4/30/2024 14:15,19.26,26122.24,"","","",""
M5,959,4/30/2024 14:20,19,57692.16,"","","",""
M5,960,4/30/2024 14:25,19.39,29696,"","","",""
M5,961,4/30/2024 14:30,19.39,57712.64,"","","",""
M5,962,4/30/2024 14:35,19.47,49602.56,"","","",""
M5,963,4/30/2024 14:40,19.35,59781.12,"","","",""
M5,964,4/30/2024 14:45,19.13,17658.88,"","","",""
M5,965,4/30/2024 14:50,19.09,57364.48,"","","",""
M5,966,4/30/2024 14:55,19.17,28692.48,"","","",""
M5,967,4/30/2024 15:00,19,29153.28,"","","",""
M5,968,4/30/2024 15:05,18.92,54415.36,"","","",""
M5,969,4/30/2024 15:10,18.92,19415.04,"","","",""
M5,970,4/30/2024 15:15,18.7,35870.72,"","","",""
M5,971,4/30/2024 15:20,18.74,26859.52,"","","",""
M5,972,4/30/2024 15:25,18.49,24432.64,"","","",""
M5,973,4/30/2024 15:30,18.57,20454.4,"","","",""
M5,974,4/30/2024 15:35,18.57,21913.6,"","","",""
M5,975,4/30/2024 15:40,18.57,15441.92,"","","",""
M5,976,4/30/2024 15:45,18.49,9303.04,"","","",""
M5,977,4/30/2024 15:50,18.62,38635.52,"","","",""
M5,978,4/30/2024 15:55,18.57,37273.6,"","","",""
M5,979,4/30/2024 16:00,18.53,15534.08,"","","",""
M5,980,4/30/2024 16:05,18.44,16261.12,"","","",""
M5,981,4/30/2024 16:10,18.49,11397.12,"","","",""
M5,982,4/30/2024 16:15,18.44,29736.96,"","","",""
M5,983,4/30/2024 16:20,18.44,24442.88,"","","",""
M5,984,4/30/2024 16:25,18.32,41185.28,"","","",""
M5,985,4/30/2024 16:30,18.27,32327.68,"","","",""
M5,986,4/30/2024 16:35,18.19,4290.56,"","","",""
M5,987,4/30/2024 16:40,18.14,14760.96,"","","",""
M5,988,4/30/2024 16:45,18.19,17095.68,"","","",""
M5,989,4/30/2024 16:50,18.36,23633.92,"","","",""
M5,990,4/30/2024 16:55,18.19,20551.68,"","","",""
M5,991,4/30/2024 17:00,18.1,15759.36,"","","",""
M5,992,4/30/2024 17:05,18.02,26992.64,"","","",""
M5,993,4/30/2024 17:10,17.89,18575.36,"","","",""
M5,994,4/30/2024 17:15,17.72,18355.2,"","","",""
M5,995,4/30/2024 17:20,17.67,14627.84,"","","",""
M5,996,4/30/2024 17:25,17.67,18944,"","","",""
M5,997,4/30/2024 17:30,17.72,6648.32,"","","",""
M5,998,4/30/2024 17:35,17.76,13102.08,"","","",""
M5,999,4/30/2024 17:40,17.72,8691.2,"","","",""
M5,1000,4/30/2024 17:45,17.72,9008.64,"","","",""
M5,1001,4/30/2024 17:50,17.54,12277.76,"","","",""
M5,1002,4/30/2024 17:55,17.54,8128,"","","",""
M5,1003,4/30/2024 18:00,17.54,3175.68,"","","",""
M5,1004,4/30/2024 18:05,17.37,5634.56,"","","",""
M5,1005,4/30/2024 18:10,17.33,1055.36,"","","",""
M5,1006,4/30/2024 18:15,17.2,1360.64,"","","",""
M5,1007,4/30/2024 18:20,17.16,3376.64,"","","",""
M5,1008,4/30/2024 18:25,17.11,2357.12,"","","",""
M5,1009,4/30/2024 18:30,16.99,2487.68,"","","",""
M5,1010,4/30/2024 18:35,16.9,1505.28,"","","",""
M5,1011,4/30/2024 18:40,16.86,1138.88,"","","",""
M5,1012,4/30/2024 18:45,16.81,1433.6,"","","",""
M5,1013,4/30/2024 18:50,16.86,2140.16,"","","",""
M5,1014,4/30/2024 18:55,16.81,1815.04,"","","",""
M5,1015,4/30/2024 19:00,16.81,2024.96,"","","",""
M5,1016,4/30/2024 19:05,16.73,1229.12,"","","",""
M5,1017,4/30/2024 19:10,16.73,1131.2,"","","",""
M5,1018,4/30/2024 19:15,16.73,867.2,"","","",""
M5,1019,4/30/2024 19:20,16.69,448.8,"","","",""
M5,1020,4/30/2024 19:25,16.73,466.88,"","","",""
M5,1021,4/30/2024 19:30,16.64,497.12,"","","",""
M5,1022,4/30/2024 19:35,16.6,228.4,"","","",""
M5,1023,4/30/2024 19:40,16.6,93.44,"","","",""
M5,1024,4/30/2024 19:45,16.56,55.38,"","","",""
M5,1025,4/30/2024 19:50,16.51,23.71,"","","",""
M5,1026,4/30/2024 19:55,16.43,7.12,"","","",""
M5,1027,4/30/2024 20:00,16.47,2.58,"","","",""
M5,1028,4/30/2024 20:05,16.47,0.64,"","","",""
M5,1029,4/30/2024 20:10,16.39,0.21,"","","",""
M5,1030,4/30/2024 20:15,16.39,0,"","","",""
M5,1031,4/30/2024 20:20,16.34,0,"","","",""
M5,1032,4/30/2024 20:25,16.39,0,"","","",""
M5,1033,4/30/2024 20:30,16.34,0,"","","",""
M5,1034,4/30/2024 20:35,16.3,0,"","","",""
M5,1035,4/30/2024 20:40,16.26,0,"","","",""
M5,1036,4/30/2024 20:45,16.21,0,"","","",""
M5,1037,4/30/2024 20:50,16.21,0,"","","",""
M5,1038,4/30/2024 20:55,16.17,0,"","","",""
M5,1039,4/30/2024 21:00,16.13,0,"","","",""
M5,1040,4/30/2024 21:05,16.13,0,"","","",""
M5,1041,4/30/2024 21:10,16.08,0,"","","",""
M5,1042,4/30/2024 21:15,16.08,0,"","","",""
M5,1043,4/30/2024 21:20,16.04,0,"","","",""
M5,1044,4/30/2024 21:25,16.04,0,"","","",""
M5,1045,4/30/2024 21:30,16,0,"","","",""
M5,1046,4/30/2024 21:35,16,0,"","","",""
M5,1047,4/30/2024 21:40,15.96,0,"","","",""
M5,1048,4/30/2024 21:45,15.96,0,"","","",""
M5,1049,4/30/2024 21:50,15.91,0,"","","",""
M5,1050,4/30/2024 21:55,15.96,0,"","","",""
M5,1051,4/30/2024 22:00,15.87,0,"","","",""
M5,1052,4/30/2024 22:05,15.87,0,"","","",""
M5,1053,4/30/2024 22:10,15.91,0,"","","",""
M5,1054,4/30/2024 22:15,15.83,0,"","","",""
M5,1055,4/30/2024 22:20,15.83,0,"","","",""
M5,1056,4/30/2024 22:25,15.83,0,"","","",""
M5,1057,4/30/2024 22:30,15.78,0,"","","",""
M5,1058,4/30/2024 22:35,15.74,0,"","","",""
M5,1059,4/30/2024 22:40,15.74,0,"","","",""
M5,1060,4/30/2024 22:45,15.74,0,"","","",""
M5,1061,4/30/2024 22:50,15.7,0,"","","",""
M5,1062,4/30/2024 22:55,15.7,0,"","","",""
M5,1063,4/30/2024 23:00,15.66,0,"","","",""
M5,1064,4/30/2024 23:05,15.66,0.21,"","","",""
M5,1065,4/30/2024 23:10,15.7,0,"","","",""
M5,1066,4/30/2024 23:15,15.66,0,"","","",""
M5,1067,4/30/2024 23:20,15.7,0,"","","",""
M5,1068,4/30/2024 23:25,15.66,0,"","","",""
M5,1069,4/30/2024 23:30,15.66,0,"","","",""
M5,1070,4/30/2024 23:35,15.57,0,"","","",""
M5,1071,4/30/2024 23:40,15.57,0,"","","",""
M5,1072,4/30/2024 23:45,15.57,0,"","","",""
M5,1073,4/30/2024 23:50,15.53,0,"","","",""
M5,1074,4/30/2024 23:55,15.57,0,"","","",""
M5,1075,5/1/2024 0:00,15.53,0,"","","",""
M5,1076,5/1/2024 0:05,15.53,0,"","","",""
M5,1077,5/1/2024 0:10,15.48,0,"","","",""
M5,1078,5/1/2024 0:15,15.53,0,"","","",""
M5,1079,5/1/2024 0:20,15.48,0,"","","",""
M5,1080,5/1/2024 0:25,15.48,0,"","","",""
M5,1081,5/1/2024 0:30,15.48,0,"","","",""
M5,1082,5/1/2024 0:35,15.44,0,"","","",""
M5,1083,5/1/2024 0:40,15.44,0,"","","",""
M5,1084,5/1/2024 0:45,15.44,0,"","","",""
M5,1085,5/1/2024 0:50,15.4,0,"","","",""
M5,1086,5/1/2024 0:55,15.4,0,"","","",""
M5,1087,5/1/2024 1:00,15.4,0,"","","",""
M5,1088,5/1/2024 1:05,15.36,0,"","","",""
M5,1089,5/1/2024 1:10,15.36,0,"","","",""
M5,1090,5/1/2024 1:15,15.36,0,"","","",""
M5,1091,5/1/2024 1:20,15.4,0,"","","",""
M5,1092,5/1/2024 1:25,15.36,0,"","","",""
M5,1093,5/1/2024 1:30,15.31,0,"","","",""
M5,1094,5/1/2024 1:35,15.31,0,"","","",""
M5,1095,5/1/2024 1:40,15.31,0,"","","",""
M5,1096,5/1/2024 1:45,15.31,0,"","","",""
M5,1097,5/1/2024 1:50,15.31,0,"","","",""
M5,1098,5/1/2024 1:55,15.27,0,"","","",""
M5,1099,5/1/2024 2:00,15.27,0,"","","",""
M5,1100,5/1/2024 2:05,15.36,0,"","","",""
M5,1101,5/1/2024 2:10,15.27,0,"","","",""
M5,1102,5/1/2024 2:15,15.27,0.21,"","","",""
M5,1103,5/1/2024 2:20,15.27,0,"","","",""
M5,1104,5/1/2024 2:25,15.27,0,"","","",""
M5,1105,5/1/2024 2:30,15.27,0,"","","",""
M5,1106,5/1/2024 2:35,15.27,0,"","","",""
M5,1107,5/1/2024 2:40,15.18,0,"","","",""
M5,1108,5/1/2024 2:45,15.18,0,"","","",""
M5,1109,5/1/2024 2:50,15.23,0,"","","",""
M5,1110,5/1/2024 2:55,15.18,0,"","","",""
M5,1111,5/1/2024 3:00,15.14,0,"","","",""
M5,1112,5/1/2024 3:05,15.18,0,"","","",""
M5,1113,5/1/2024 3:10,15.14,0,"","","",""
M5,1114,5/1/2024 3:15,15.06,0,"","","",""
M5,1115,5/1/2024 3:20,15.01,0,"","","",""
M5,1116,5/1/2024 3:25,15.06,0,"","","",""
M5,1117,5/1/2024 3:30,15.06,0,"","","",""
M5,1118,5/1/2024 3:35,15.06,0,"","","",""
M5,1119,5/1/2024 3:40,15.06,0,"","","",""
M5,1120,5/1/2024 3:45,15.06,0,"","","",""
M5,1121,5/1/2024 3:50,15.14,0,"","","",""
M5,1122,5/1/2024 3:55,15.1,0,"","","",""
M5,1123,5/1/2024 4:00,15.1,0,"","","",""
M5,1124,5/1/2024 4:05,15.01,0,"","","",""
M5,1125,5/1/2024 4:10,14.93,0,"","","",""
M5,1126,5/1/2024 4:15,14.93,0,"","","",""
M5,1127,5/1/2024 4:20,14.93,0,"","","",""
M5,1128,5/1/2024 4:25,14.97,0,"","","",""
M5,1129,5/1/2024 4:30,14.93,0,"","","",""
M5,1130,5/1/2024 4:35,14.88,0,"","","",""
M5,1131,5/1/2024 4:40,14.93,0,"","","",""
M5,1132,5/1/2024 4:45,14.93,0,"","","",""
M5,1133,5/1/2024 4:50,15.01,0,"","","",""
M5,1134,5/1/2024 4:55,14.93,0,"","","",""
M5,1135,5/1/2024 5:00,14.93,0,"","","",""
M5,1136,5/1/2024 5:05,14.93,0,"","","",""
M5,1137,5/1/2024 5:10,14.97,0,"","","",""
M5,1138,5/1/2024 5:15,14.88,0,"","","",""
M5,1139,5/1/2024 5:20,14.88,0,"","","",""
M5,1140,5/1/2024 5:25,14.84,0,"","","",""
M5,1141,5/1/2024 5:30,14.93,0,"","","",""
M5,1142,5/1/2024 5:35,14.88,0.43,"","","",""
M5,1143,5/1/2024 5:40,14.93,2.79,"","","",""
M5,1144,5/1/2024 5:45,14.88,6.26,"","","",""
M5,1145,5/1/2024 5:50,14.93,21.61,"","","",""
M5,1146,5/1/2024 5:55,14.88,28.55,"","","",""
M5,1147,5/1/2024 6:00,14.8,145.28,"","","",""
M5,1148,5/1/2024 6:05,14.84,173.76,"","","",""
M5,1149,5/1/2024 6:10,14.8,409.28,"","","",""
M5,1150,5/1/2024 6:15,14.8,588.32,"","","",""
M5,1151,5/1/2024 6:20,14.84,852.48,"","","",""
M5,1152,5/1/2024 6:25,14.88,1273.92,"","","",""
M5,1153,5/1/2024 6:30,14.93,1150.08,"","","",""
M5,1154,5/1/2024 6:35,14.84,869.76,"","","",""
M5,1155,5/1/2024 6:40,14.88,2430.72,"","","",""
M5,1156,5/1/2024 6:45,14.84,2936.32,"","","",""
M5,1157,5/1/2024 6:50,14.84,1459.84,"","","",""
M5,1158,5/1/2024 6:55,14.88,2899.2,"","","",""
M5,1159,5/1/2024 7:00,14.84,3740.16,"","","",""
M5,1160,5/1/2024 7:05,14.88,3110.4,"","","",""
M5,1161,5/1/2024 7:10,14.93,4714.24,"","","",""
M5,1162,5/1/2024 7:15,15.06,5271.04,"","","",""
M5,1163,5/1/2024 7:20,15.06,10767.36,"","","",""
M5,1164,5/1/2024 7:25,15.14,5016.32,"","","",""
M5,1165,5/1/2024 7:30,15.23,3265.28,"","","",""
M5,1166,5/1/2024 7:35,15.23,6010.88,"","","",""
M5,1167,5/1/2024 7:40,15.44,7631.36,"","","",""
M5,1168,5/1/2024 7:45,15.61,8140.8,"","","",""
M5,1169,5/1/2024 7:50,15.78,9571.84,"","","",""
M5,1170,5/1/2024 7:55,15.87,12497.92,"","","",""
M5,1171,5/1/2024 8:00,16.21,15534.08,"","","",""
M5,1172,5/1/2024 8:05,16.99,22671.36,"","","",""
M5,1173,5/1/2024 8:10,17.89,29153.28,"","","",""
M5,1174,5/1/2024 8:15,18.53,32153.6,"","","",""
M5,1175,5/1/2024 8:20,19.77,39075.84,"","","",""
M5,1176,5/1/2024 8:25,20.46,18017.28,"","","",""
M5,1177,5/1/2024 8:30,21.53,50831.36,"","","",""
M5,1178,5/1/2024 8:35,22.31,51425.28,"","","",""
M5,1179,5/1/2024 8:40,23.38,50667.52,"","","",""
M5,1180,5/1/2024 8:45,24.06,50565.12,"","","",""
M5,1181,5/1/2024 8:50,24.92,50524.16,"","","",""
M5,1182,5/1/2024 8:55,25.48,51261.44,"","","",""
M5,1183,5/1/2024 9:00,25.82,52899.84,"","","",""
M5,1184,5/1/2024 9:05,26.34,54026.24,"","","",""
M5,1185,5/1/2024 9:10,26.81,55275.52,"","","",""
M5,1186,5/1/2024 9:15,27.37,56299.52,"","","",""
M5,1187,5/1/2024 9:20,28.14,56627.2,"","","",""
M5,1188,5/1/2024 9:25,28.83,57610.24,"","","",""
M5,1189,5/1/2024 9:30,29.17,58060.8,"","","",""
M5,1190,5/1/2024 9:35,29.6,59473.92,"","","",""
M5,1191,5/1/2024 9:40,29.77,60252.16,"","","",""
M5,1192,5/1/2024 9:45,30.28,61132.8,"","","",""
M5,1193,5/1/2024 9:50,30.67,62791.68,"","","",""
M5,1194,5/1/2024 9:55,30.89,57139.2,"","","",""
M5,1195,5/1/2024 10:00,31.06,52142.08,"","","",""
M5,1196,5/1/2024 10:05,31.23,52838.4,"","","",""
M5,1197,5/1/2024 10:10,31.01,53248,"","","",""
M5,1198,5/1/2024 10:15,31.23,53903.36,"","","",""
M5,1199,5/1/2024 10:20,31.19,54312.96,"","","",""
M5,1200,5/1/2024 10:25,31.06,55685.12,"","","",""
M5,1201,5/1/2024 10:30,31.01,56197.12,"","","",""
M5,1202,5/1/2024 10:35,31.14,56360.96,"","","",""
M5,1203,5/1/2024 10:40,31.06,57139.2,"","","",""
M5,1204,5/1/2024 10:45,30.76,58060.8,"","","",""
M5,1205,5/1/2024 10:50,31.01,57999.36,"","","",""
M5,1206,5/1/2024 10:55,30.89,59125.76,"","","",""
M5,1207,5/1/2024 11:00,30.84,59269.12,"","","",""
M5,1208,5/1/2024 11:05,30.46,59699.2,"","","",""
M5,1209,5/1/2024 11:10,30.71,60579.84,"","","",""
M5,1210,5/1/2024 11:15,30.76,60702.72,"","","",""
M5,1211,5/1/2024 11:20,30.76,61050.88,"","","",""
M5,1212,5/1/2024 11:25,30.59,61603.84,"","","",""
M5,1213,5/1/2024 11:30,30.41,61788.16,"","","",""
M5,1214,5/1/2024 11:35,30.24,62238.72,"","","",""
M5,1215,5/1/2024 11:40,30.24,62504.96,"","","",""
M5,1216,5/1/2024 11:45,30.33,62668.8,"","","",""
M5,1217,5/1/2024 11:50,30.2,63426.56,"","","",""
M5,1218,5/1/2024 11:55,30.33,63385.6,"","","",""
M5,1219,5/1/2024 12:00,30.46,63467.52,"","","",""
M5,1220,5/1/2024 12:05,30.67,63754.24,"","","",""
M5,1221,5/1/2024 12:10,30.84,63672.32,"","","",""
M5,1222,5/1/2024 12:15,30.8,63815.68,"","","",""
M5,1223,5/1/2024 12:20,30.71,64020.48,"","","",""
M5,1224,5/1/2024 12:25,30.67,63836.16,"","","",""
M5,1225,5/1/2024 12:30,30.89,64225.28,"","","",""
M5,1226,5/1/2024 12:35,30.97,64512,"","","",""
M5,1227,5/1/2024 12:40,30.93,64573.44,"","","",""
M5,1228,5/1/2024 12:45,30.8,64901.12,"","","",""
M5,1229,5/1/2024 12:50,30.76,64655.36,"","","",""
M5,1230,5/1/2024 12:55,30.84,64573.44,"","","",""
M5,1231,5/1/2024 13:00,30.89,64389.12,"","","",""
M5,1232,5/1/2024 13:05,31.1,64061.44,"","","",""
M5,1233,5/1/2024 13:10,31.1,64061.44,"","","",""
M5,1234,5/1/2024 13:15,31.01,63549.44,"","","",""
M5,1235,5/1/2024 13:20,30.76,63467.52,"","","",""
M5,1236,5/1/2024 13:25,30.41,63037.44,"","","",""
M5,1237,5/1/2024 13:30,25.31,72622.08,"","","",""
M5,1238,5/1/2024 13:35,24.36,72253.44,"","","",""
M5,1239,5/1/2024 13:40,24.06,71987.2,"","","",""
M5,1240,5/1/2024 13:45,23.72,71536.64,"","","",""
M5,1241,5/1/2024 13:50,23.55,70737.92,"","","",""
M5,1242,5/1/2024 13:55,23.03,70225.92,"","","",""
M5,1243,5/1/2024 14:00,22.61,69468.16,"","","",""
M5,1244,5/1/2024 14:05,22.65,68648.96,"","","",""
M5,1245,5/1/2024 14:10,22.56,61992.96,"","","",""
M5,1246,5/1/2024 14:15,22.22,67194.88,"","","",""
M5,1247,5/1/2024 14:20,22.31,65351.68,"","","",""
M5,1248,5/1/2024 14:25,22.18,65351.68,"","","",""
M5,1249,5/1/2024 14:30,21.88,53698.56,"","","",""
M5,1250,5/1/2024 14:35,21.92,62668.8,"","","",""
M5,1251,5/1/2024 14:40,21.7,61931.52,"","","",""
M5,1252,5/1/2024 14:45,21.02,35266.56,"","","",""
M5,1253,5/1/2024 14:50,21.23,60231.68,"","","",""
M5,1254,5/1/2024 14:55,21.32,59576.32,"","","",""
M5,1255,5/1/2024 15:00,20.93,55664.64,"","","",""
M5,1256,5/1/2024 15:05,20.55,52715.52,"","","",""
M5,1257,5/1/2024 15:10,20.25,48783.36,"","","",""
M5,1258,5/1/2024 15:15,19.95,32675.84,"","","",""
M5,1259,5/1/2024 15:20,19.82,44462.08,"","","",""
M5,1260,5/1/2024 15:25,19.65,52592.64,"","","",""
M5,1261,5/1/2024 15:30,19.56,48599.04,"","","",""
M5,1262,5/1/2024 15:35,19.52,50257.92,"","","",""
M5,1263,5/1/2024 15:40,19.3,39321.6,"","","",""
M5,1264,5/1/2024 15:45,19.22,45322.24,"","","",""
M5,1265,5/1/2024 15:50,19.13,39761.92,"","","",""
M5,1266,5/1/2024 15:55,18.92,21534.72,"","","",""
M5,1267,5/1/2024 16:00,18.96,21237.76,"","","",""
M5,1268,5/1/2024 16:05,18.83,22661.12,"","","",""
M5,1269,5/1/2024 16:10,18.83,40151.04,"","","",""
M5,1270,5/1/2024 16:15,18.83,16916.48,"","","",""
M5,1271,5/1/2024 16:20,18.7,31918.08,"","","",""
M5,1272,5/1/2024 16:25,18.74,28108.8,"","","",""
M5,1273,5/1/2024 16:30,18.7,11909.12,"","","",""
M5,1274,5/1/2024 16:35,18.62,7577.6,"","","",""
M5,1275,5/1/2024 16:40,18.49,12200.96,"","","",""
M5,1276,5/1/2024 16:45,18.49,16865.28,"","","",""
M5,1277,5/1/2024 16:50,18.49,21596.16,"","","",""
M5,1278,5/1/2024 16:55,18.36,16348.16,"","","",""
M5,1279,5/1/2024 17:00,18.4,23111.68,"","","",""
M5,1280,5/1/2024 17:05,18.23,20884.48,"","","",""
M5,1281,5/1/2024 17:10,18.36,28334.08,"","","",""
M5,1282,5/1/2024 17:15,18.23,13184,"","","",""
M5,1283,5/1/2024 17:20,18.19,16035.84,"","","",""
M5,1284,5/1/2024 17:25,18.06,14863.36,"","","",""
M5,1285,5/1/2024 17:30,17.93,13696,"","","",""
M5,1286,5/1/2024 17:35,17.97,11136,"","","",""
M5,1287,5/1/2024 17:40,17.84,8811.52,"","","",""
M5,1288,5/1/2024 17:45,17.67,16993.28,"","","",""
M5,1289,5/1/2024 17:50,17.63,10296.32,"","","",""
M5,1290,5/1/2024 17:55,17.72,13020.16,"","","",""
M5,1291,5/1/2024 18:00,17.93,8396.8,"","","",""
M5,1292,5/1/2024 18:05,17.89,9146.88,"","","",""
M5,1293,5/1/2024 18:10,17.63,5790.72,"","","",""
M5,1294,5/1/2024 18:15,17.41,3678.72,"","","",""
M5,1295,5/1/2024 18:20,17.59,3265.28,"","","",""
M5,1296,5/1/2024 18:25,17.46,3550.72,"","","",""
M5,1297,5/1/2024 18:30,17.29,3180.8,"","","",""
M5,1298,5/1/2024 18:35,17.33,2926.08,"","","",""
M5,1299,5/1/2024 18:40,17.29,2956.8,"","","",""
M5,1300,5/1/2024 18:45,17.24,2520.32,"","","",""
M5,1301,5/1/2024 18:50,17.16,2195.2,"","","",""
M5,1302,5/1/2024 18:55,17.07,2219.52,"","","",""
M5,1303,5/1/2024 19:00,17.07,1883.52,"","","",""
M5,1304,5/1/2024 19:05,17.16,220.24,"","","",""
M5,1305,5/1/2024 19:10,17.2,1208.64,"","","",""
M5,1306,5/1/2024 19:15,17.07,964.16,"","","",""
M5,1307,5/1/2024 19:20,16.99,930.88,"","","",""
M5,1308,5/1/2024 19:25,16.94,607.36,"","","",""
M5,1309,5/1/2024 19:30,16.9,358.88,"","","",""
M5,1310,5/1/2024 19:35,17.03,229.2,"","","",""
M5,1311,5/1/2024 19:40,17.07,133.24,"","","",""
M5,1312,5/1/2024 19:45,16.94,5.8,"","","",""
M5,1313,5/1/2024 19:50,16.94,25.86,"","","",""
M5,1314,5/1/2024 19:55,17.03,5.8,"","","",""
M5,1315,5/1/2024 20:00,16.99,1.29,"","","",""
M5,1316,5/1/2024 20:05,16.94,0,"","","",""
M5,1317,5/1/2024 20:10,16.9,0.21,"","","",""
M5,1318,5/1/2024 20:15,16.94,0,"","","",""
M5,1319,5/1/2024 20:20,16.86,0,"","","",""
M5,1320,5/1/2024 20:25,16.86,0,"","","",""
M5,1321,5/1/2024 20:30,16.86,0.21,"","","",""
M5,1322,5/1/2024 20:35,16.86,0,"","","",""
M5,1323,5/1/2024 20:40,16.77,0,"","","",""
M5,1324,5/1/2024 20:45,16.86,0,"","","",""
M5,1325,5/1/2024 20:50,16.86,0,"","","",""
M5,1326,5/1/2024 20:55,16.77,0,"","","",""
M5,1327,5/1/2024 21:00,16.73,0,"","","",""
M5,1328,5/1/2024 21:05,16.77,0,"","","",""
M5,1329,5/1/2024 21:10,16.73,0,"","","",""
M5,1330,5/1/2024 21:15,16.73,0,"","","",""
M5,1331,5/1/2024 21:20,16.69,0,"","","",""
M5,1332,5/1/2024 21:25,16.73,0,"","","",""
M5,1333,5/1/2024 21:30,16.69,0,"","","",""
M5,1334,5/1/2024 21:35,16.69,0,"","","",""
M5,1335,5/1/2024 21:40,16.64,0,"","","",""
M5,1336,5/1/2024 21:45,16.64,0,"","","",""
M5,1337,5/1/2024 21:50,16.6,0,"","","",""
M5,1338,5/1/2024 21:55,16.56,0,"","","",""
M5,1339,5/1/2024 22:00,16.6,0,"","","",""
M5,1340,5/1/2024 22:05,16.51,0,"","","",""
M5,1341,5/1/2024 22:10,16.51,0,"","","",""
M5,1342,5/1/2024 22:15,16.47,0,"","","",""
M5,1343,5/1/2024 22:20,16.47,0,"","","",""
M5,1344,5/1/2024 22:25,16.43,0,"","","",""
M5,1345,5/1/2024 22:30,16.43,0,"","","",""
M5,1346,5/1/2024 22:35,16.34,0,"","","",""
M5,1347,5/1/2024 22:40,16.39,0,"","","",""
M5,1348,5/1/2024 22:45,16.34,0,"","","",""
M5,1349,5/1/2024 22:50,16.39,0,"","","",""
M5,1350,5/1/2024 22:55,16.3,0,"","","",""
M5,1351,5/1/2024 23:00,16.34,0,"","","",""
M5,1352,5/1/2024 23:05,16.26,0,"","","",""
M5,1353,5/1/2024 23:10,16.3,0,"","","",""
M5,1354,5/1/2024 23:15,16.21,0,"","","",""
M5,1355,5/1/2024 23:20,16.26,0,"","","",""
M5,1356,5/1/2024 23:25,16.26,0.21,"","","",""
M5,1357,5/1/2024 23:30,16.21,0,"","","",""
M5,1358,5/1/2024 23:35,16.21,0,"","","",""
M5,1359,5/1/2024 23:40,16.17,0,"","","",""
M5,1360,5/1/2024 23:45,16.21,0,"","","",""
M5,1361,5/1/2024 23:50,16.17,0,"","","",""
M5,1362,5/1/2024 23:55,16.08,0,"","","",""
M5,1363,5/2/2024 0:00,16.13,0,"","","",""
M5,1364,5/2/2024 0:05,16.13,0,"","","",""
M5,1365,5/2/2024 0:10,16.13,0,"","","",""
M5,1366,5/2/2024 0:15,16.08,0,"","","",""
M5,1367,5/2/2024 0:20,16.08,0,"","","",""
M5,1368,5/2/2024 0:25,16.04,0,"","","",""
M5,1369,5/2/2024 0:30,16.04,0,"","","",""
M5,1370,5/2/2024 0:35,16.04,0,"","","",""
M5,1371,5/2/2024 0:40,16.04,0,"","","",""
M5,1372,5/2/2024 0:45,16.04,0,"","","",""
M5,1373,5/2/2024 0:50,15.96,0,"","","",""
M5,1374,5/2/2024 0:55,16,0,"","","",""
M5,1375,5/2/2024 1:00,16,0,"","","",""
M5,1376,5/2/2024 1:05,15.96,0,"","","",""
M5,1377,5/2/2024 1:10,15.96,0,"","","",""
M5,1378,5/2/2024 1:15,15.91,0,"","","",""
M5,1379,5/2/2024 1:20,15.91,0,"","","",""
M5,1380,5/2/2024 1:25,15.91,0,"","","",""
M5,1381,5/2/2024 1:30,15.87,0,"","","",""
M5,1382,5/2/2024 1:35,15.83,0,"","","",""
M5,1383,5/2/2024 1:40,15.83,0,"","","",""
M5,1384,5/2/2024 1:45,15.83,0,"","","",""
M5,1385,5/2/2024 1:50,15.83,0,"","","",""
M5,1386,5/2/2024 1:55,15.78,0,"","","",""
M5,1387,5/2/2024 2:00,15.74,0,"","","",""
M5,1388,5/2/2024 2:05,15.74,0,"","","",""
M5,1389,5/2/2024 2:10,15.7,0,"","","",""
M5,1390,5/2/2024 2:15,15.74,0,"","","",""
M5,1391,5/2/2024 2:20,15.74,0,"","","",""
M5,1392,5/2/2024 2:25,15.74,0,"","","",""
M5,1393,5/2/2024 2:30,15.7,0,"","","",""
M5,1394,5/2/2024 2:35,15.7,0.21,"","","",""
M5,1395,5/2/2024 2:40,15.74,0,"","","",""
M5,1396,5/2/2024 2:45,15.66,0,"","","",""
M5,1397,5/2/2024 2:50,15.7,0,"","","",""
M5,1398,5/2/2024 2:55,15.7,0,"","","",""
M5,1399,5/2/2024 3:00,15.7,0,"","","",""
M5,1400,5/2/2024 3:05,15.7,0,"","","",""
M5,1401,5/2/2024 3:10,15.7,0,"","","",""
M5,1402,5/2/2024 3:15,15.74,0,"","","",""
M5,1403,5/2/2024 3:20,15.7,0,"","","",""
M5,1404,5/2/2024 3:25,15.66,0,"","","",""
M5,1405,5/2/2024 3:30,15.7,0,"","","",""
M5,1406,5/2/2024 3:35,15.7,0,"","","",""
M5,1407,5/2/2024 3:40,15.7,0,"","","",""
M5,1408,5/2/2024 3:45,15.66,0,"","","",""
M5,1409,5/2/2024 3:50,15.66,0,"","","",""
M5,1410,5/2/2024 3:55,15.66,0,"","","",""
M5,1411,5/2/2024 4:00,15.66,0,"","","",""
M5,1412,5/2/2024 4:05,15.61,0,"","","",""
M5,1413,5/2/2024 4:10,15.66,0,"","","",""
M5,1414,5/2/2024 4:15,15.57,0,"","","",""
M5,1415,5/2/2024 4:20,15.57,0,"","","",""
M5,1416,5/2/2024 4:25,15.53,0,"","","",""
M5,1417,5/2/2024 4:30,15.48,0,"","","",""
M5,1418,5/2/2024 4:35,15.48,0,"","","",""
M5,1419,5/2/2024 4:40,15.53,0,"","","",""
M5,1420,5/2/2024 4:45,15.53,0,"","","",""
M5,1421,5/2/2024 4:50,15.53,0,"","","",""
M5,1422,5/2/2024 4:55,15.53,0,"","","",""
M5,1423,5/2/2024 5:00,15.53,0,"","","",""
M5,1424,5/2/2024 5:05,15.53,0,"","","",""
M5,1425,5/2/2024 5:10,15.48,0,"","","",""
M5,1426,5/2/2024 5:15,15.53,0,"","","",""
M5,1427,5/2/2024 5:20,15.53,0,"","","",""
M5,1428,5/2/2024 5:25,15.48,0,"","","",""
M5,1429,5/2/2024 5:30,15.53,0.21,"","","",""
M5,1430,5/2/2024 5:35,15.53,0,"","","",""
M5,1431,5/2/2024 5:40,15.44,0.64,"","","",""
M5,1432,5/2/2024 5:45,15.44,1.93,"","","",""
M5,1433,5/2/2024 5:50,15.44,6.66,"","","",""
M5,1434,5/2/2024 5:55,15.44,7.98,"","","",""
M5,1435,5/2/2024 6:00,15.44,31.13,"","","",""
M5,1436,5/2/2024 6:05,15.44,57.1,"","","",""
M5,1437,5/2/2024 6:10,15.48,61.34,"","","",""
M5,1438,5/2/2024 6:15,15.44,62.26,"","","",""
M5,1439,5/2/2024 6:20,15.4,179.76,"","","",""
M5,1440,5/2/2024 6:25,15.4,269.04,"","","",""
M5,1441,5/2/2024 6:30,15.4,190.32,"","","",""
M5,1442,5/2/2024 6:35,15.4,276.8,"","","",""
M5,1443,5/2/2024 6:40,15.44,276.8,"","","",""
M5,1444,5/2/2024 6:45,15.44,496.32,"","","",""
M5,1445,5/2/2024 6:50,15.44,624.48,"","","",""
M5,1446,5/2/2024 6:55,15.44,567.36,"","","",""
M5,1447,5/2/2024 7:00,15.44,738.56,"","","",""
M5,1448,5/2/2024 7:05,15.48,502.72,"","","",""
M5,1449,5/2/2024 7:10,15.44,786.24,"","","",""
M5,1450,5/2/2024 7:15,15.44,1235.2,"","","",""
M5,1451,5/2/2024 7:20,15.44,1071.68,"","","",""
M5,1452,5/2/2024 7:25,15.4,1243.84,"","","",""
M5,1453,5/2/2024 7:30,15.44,762.88,"","","",""
M5,1454,5/2/2024 7:35,15.44,1800.32,"","","",""
M5,1455,5/2/2024 7:40,15.44,147,"","","",""
M5,1456,5/2/2024 7:45,15.44,2007.68,"","","",""
M5,1457,5/2/2024 7:50,15.44,2188.16,"","","",""
M5,1458,5/2/2024 7:55,15.48,1779.84,"","","",""
M5,1459,5/2/2024 8:00,15.48,3564.8,"","","",""
M5,1460,5/2/2024 8:05,15.53,828.8,"","","",""
M5,1461,5/2/2024 8:10,15.53,4153.6,"","","",""
M5,1462,5/2/2024 8:15,15.53,4593.92,"","","",""
M5,1463,5/2/2024 8:20,15.57,2417.28,"","","",""
M5,1464,5/2/2024 8:25,15.61,3833.6,"","","",""
M5,1465,5/2/2024 8:30,15.7,1480.32,"","","",""
M5,1466,5/2/2024 8:35,15.7,5629.44,"","","",""
M5,1467,5/2/2024 8:40,15.66,5329.92,"","","",""
M5,1468,5/2/2024 8:45,15.7,5205.76,"","","",""
M5,1469,5/2/2024 8:50,15.7,5514.24,"","","",""
M5,1470,5/2/2024 8:55,15.78,6259.2,"","","",""
M5,1471,5/2/2024 9:00,15.74,6481.92,"","","",""
M5,1472,5/2/2024 9:05,15.78,7260.16,"","","",""
M5,1473,5/2/2024 9:10,15.96,8573.44,"","","",""
M5,1474,5/2/2024 9:15,16.17,8883.2,"","","",""
M5,1475,5/2/2024 9:20,16.3,8719.36,"","","",""
M5,1476,5/2/2024 9:25,16.34,7859.2,"","","",""
M5,1477,5/2/2024 9:30,16.3,7418.88,"","","",""
M5,1478,5/2/2024 9:35,16.21,8286.72,"","","",""
M5,1479,5/2/2024 9:40,16.56,8642.56,"","","",""
M5,1480,5/2/2024 9:45,16.86,10101.76,"","","",""
M5,1481,5/2/2024 9:50,17.24,11868.16,"","","",""
M5,1482,5/2/2024 9:55,17.67,12538.88,"","","",""
M5,1483,5/2/2024 10:00,17.93,11381.76,"","","",""
M5,1484,5/2/2024 10:05,17.8,9896.96,"","","",""
M5,1485,5/2/2024 10:10,17.63,10150.4,"","","",""
M5,1486,5/2/2024 10:15,17.54,11069.44,"","","",""
M5,1487,5/2/2024 10:20,17.72,11566.08,"","","",""
M5,1488,5/2/2024 10:25,17.97,12707.84,"","","",""
M5,1489,5/2/2024 10:30,18.14,13306.88,"","","",""
M5,1490,5/2/2024 10:35,18.44,14243.84,"","","",""
M5,1491,5/2/2024 10:40,18.79,15462.4,"","","",""
M5,1492,5/2/2024 10:45,19.26,16839.68,"","","",""
M5,1493,5/2/2024 10:50,19.47,17285.12,"","","",""
M5,1494,5/2/2024 10:55,19.65,18519.04,"","","",""
M5,1495,5/2/2024 11:00,20.07,19855.36,"","","",""
M5,1496,5/2/2024 11:05,20.5,21422.08,"","","",""
M5,1497,5/2/2024 11:10,21.06,22435.84,"","","",""
M5,1498,5/2/2024 11:15,21.66,24033.28,"","","",""
M5,1499,5/2/2024 11:20,22.35,25733.12,"","","",""
M5,1500,5/2/2024 11:25,22.78,25610.24,"","","",""
M5,1501,5/2/2024 11:30,23.25,26705.92,"","","",""
M5,1502,5/2/2024 11:35,23.98,26890.24,"","","",""
M5,1503,5/2/2024 11:40,24.45,27535.36,"","","",""
M5,1504,5/2/2024 11:45,24.62,27002.88,"","","",""
M5,1505,5/2/2024 11:50,24.79,27013.12,"","","",""
M5,1506,5/2/2024 11:55,25.05,26931.2,"","","",""
M5,1507,5/2/2024 12:00,25.09,27392,"","","",""
M5,1508,5/2/2024 12:05,25.57,29122.56,"","","",""
M5,1509,5/2/2024 12:10,25.91,30689.28,"","","",""
M5,1510,5/2/2024 12:15,27.07,32051.2,"","","",""
M5,1511,5/2/2024 12:20,27.84,30853.12,"","","",""
M5,1512,5/2/2024 12:25,28.27,31201.28,"","","",""
M5,1513,5/2/2024 12:30,28.35,30320.64,"","","",""
M5,1514,5/2/2024 12:35,27.97,31293.44,"","","",""
M5,1515,5/2/2024 12:40,27.75,30248.96,"","","",""
M5,1516,5/2/2024 12:45,28.1,31395.84,"","","",""
M5,1517,5/2/2024 12:50,28.4,32133.12,"","","",""
M5,1518,5/2/2024 12:55,28.91,33597.44,"","","",""
M5,1519,5/2/2024 13:00,29.26,32348.16,"","","",""
M5,1520,5/2/2024 13:05,29.64,32747.52,"","","",""
M5,1521,5/2/2024 13:10,30.46,35328,"","","",""
M5,1522,5/2/2024 13:15,30.97,37847.04,"","","",""
M5,1523,5/2/2024 13:20,31.53,41410.56,"","","",""
M5,1524,5/2/2024 13:25,32.56,42598.4,"","","",""
M5,1525,5/2/2024 13:30,31.87,39464.96,"","","",""
M5,1526,5/2/2024 13:35,31.49,38881.28,"","","",""
M5,1527,5/2/2024 13:40,31.36,39331.84,"","","",""
M5,1528,5/2/2024 13:45,31.14,39321.6,"","","",""
M5,1529,5/2/2024 13:50,31.19,37672.96,"","","",""
M5,1530,5/2/2024 13:55,31.01,38307.84,"","","",""
M5,1531,5/2/2024 14:00,30.24,36229.12,"","","",""
M5,1532,5/2/2024 14:05,30.41,38400,"","","",""
M5,1533,5/2/2024 14:10,29.98,34641.92,"","","",""
M5,1534,5/2/2024 14:15,29.56,34734.08,"","","",""
M5,1535,5/2/2024 14:20,29.34,34375.68,"","","",""
M5,1536,5/2/2024 14:25,29.3,39147.52,"","","",""
M5,1537,5/2/2024 14:30,29.26,39075.84,"","","",""
M5,1538,5/2/2024 14:35,24.19,43479.04,"","","",""
M5,1539,5/2/2024 14:40,22.95,44707.84,"","","",""
M5,1540,5/2/2024 14:45,22.56,66478.08,"","","",""
M5,1541,5/2/2024 14:50,21.92,54824.96,"","","",""
M5,1542,5/2/2024 14:55,22.43,65576.96,"","","",""
M5,1543,5/2/2024 15:00,22.26,61378.56,"","","",""
M5,1544,5/2/2024 15:05,21.19,58654.72,"","","",""
M5,1545,5/2/2024 15:10,21.49,34467.84,"","","",""
M5,1546,5/2/2024 15:15,20.59,56565.76,"","","",""
M5,1547,5/2/2024 15:20,20.68,55930.88,"","","",""
M5,1548,5/2/2024 15:25,20.12,48537.6,"","","",""
M5,1549,5/2/2024 15:30,20.37,51589.12,"","","",""
M5,1550,5/2/2024 15:35,19.69,34600.96,"","","",""
M5,1551,5/2/2024 15:40,19.52,49725.44,"","","",""
M5,1552,5/2/2024 15:45,19.39,39608.32,"","","",""
M5,1553,5/2/2024 15:50,18.87,42434.56,"","","",""
M5,1554,5/2/2024 15:55,18.57,37652.48,"","","",""
M5,1555,5/2/2024 16:00,18.44,32512,"","","",""
M5,1556,5/2/2024 16:05,18.4,27125.76,"","","",""
M5,1557,5/2/2024 16:10,18.49,16844.8,"","","",""
M5,1558,5/2/2024 16:15,18.32,31651.84,"","","",""
M5,1559,5/2/2024 16:20,18.23,34170.88,"","","",""
M5,1560,5/2/2024 16:25,18.23,33443.84,"","","",""
M5,1561,5/2/2024 16:30,18.06,29952,"","","",""
M5,1562,5/2/2024 16:35,18.1,23367.68,"","","",""
M5,1563,5/2/2024 16:40,17.84,14428.16,"","","",""
M5,1564,5/2/2024 16:45,17.59,11965.44,"","","",""
M5,1565,5/2/2024 16:50,17.46,14597.12,"","","",""
M5,1566,5/2/2024 16:55,17.46,12288,"","","",""
M5,1567,5/2/2024 17:00,17.59,25845.76,"","","",""
M5,1568,5/2/2024 17:05,17.59,11258.88,"","","",""
M5,1569,5/2/2024 17:10,17.63,16445.44,"","","",""
M5,1570,5/2/2024 17:15,17.63,17367.04,"","","",""
M5,1571,5/2/2024 17:20,17.54,14842.88,"","","",""
M5,1572,5/2/2024 17:25,17.54,13347.84,"","","",""
M5,1573,5/2/2024 17:30,17.5,13864.96,"","","",""
M5,1574,5/2/2024 17:35,17.41,5312,"","","",""
M5,1575,5/2/2024 17:40,17.46,18206.72,"","","",""
M5,1576,5/2/2024 17:45,17.33,5350.4,"","","",""
M5,1577,5/2/2024 17:50,17.24,8706.56,"","","",""
M5,1578,5/2/2024 17:55,17.29,10977.28,"","","",""
M5,1579,5/2/2024 18:00,17.24,8327.68,"","","",""
M5,1580,5/2/2024 18:05,17.2,9062.4,"","","",""
M5,1581,5/2/2024 18:10,17.16,7308.8,"","","",""
M5,1582,5/2/2024 18:15,17.03,4115.2,"","","",""
M5,1583,5/2/2024 18:20,16.77,4304.64,"","","",""
M5,1584,5/2/2024 18:25,16.56,4194.56,"","","",""
M5,1585,5/2/2024 18:30,16.9,3253.76,"","","",""
M5,1586,5/2/2024 18:35,16.39,3406.08,"","","",""
M5,1587,5/2/2024 18:40,16.47,2465.28,"","","",""
M5,1588,5/2/2024 18:45,16.26,2615.04,"","","",""
M5,1589,5/2/2024 18:50,16.39,2609.92,"","","",""
M5,1590,5/2/2024 18:55,16.3,1265.28,"","","",""
M5,1591,5/2/2024 19:00,16.3,1847.68,"","","",""
M5,1592,5/2/2024 19:05,16.13,1882.24,"","","",""
M5,1593,5/2/2024 19:10,15.74,1550.72,"","","",""
M5,1594,5/2/2024 19:15,15.91,1128.64,"","","",""
M5,1595,5/2/2024 19:20,15.83,875.52,"","","",""
M5,1596,5/2/2024 19:25,15.87,666.56,"","","",""
M5,1597,5/2/2024 19:30,16.04,463.68,"","","",""
M5,1598,5/2/2024 19:35,15.83,194.4,"","","",""
M5,1599,5/2/2024 19:40,15.74,153.12,"","","",""
M5,1600,5/2/2024 19:45,15.66,71.34,"","","",""
M5,1601,5/2/2024 19:50,15.87,26.77,"","","",""
M5,1602,5/2/2024 19:55,15.96,10.78,"","","",""
M5,1603,5/2/2024 20:00,16.13,3.22,"","","",""
M5,1604,5/2/2024 20:05,16.08,1.07,"","","",""
M5,1605,5/2/2024 20:10,16.08,0.21,"","","",""
M5,1606,5/2/2024 20:15,16.08,0,"","","",""
M5,1607,5/2/2024 20:20,16.13,0,"","","",""
M5,1608,5/2/2024 20:25,16.3,0,"","","",""
M5,1609,5/2/2024 20:30,16.17,0,"","","",""
M5,1610,5/2/2024 20:35,16.13,0,"","","",""
M5,1611,5/2/2024 20:40,16.13,0,"","","",""
M5,1612,5/2/2024 20:45,16.21,0,"","","",""
M5,1613,5/2/2024 20:50,16.17,0.21,"","","",""
M5,1614,5/2/2024 20:55,16.08,0,"","","",""
M5,1615,5/2/2024 21:00,16.17,0,"","","",""
M5,1616,5/2/2024 21:05,16.17,0,"","","",""
M5,1617,5/2/2024 21:10,16.21,0,"","","",""
M5,1618,5/2/2024 21:15,16.17,0,"","","",""
M5,1619,5/2/2024 21:20,16.21,0,"","","",""
M5,1620,5/2/2024 21:25,16.17,0,"","","",""
M5,1621,5/2/2024 21:30,16.21,0,"","","",""
M5,1622,5/2/2024 21:35,16.21,0,"","","",""
M5,1623,5/2/2024 21:40,16.3,0,"","","",""
M5,1624,5/2/2024 21:45,16.3,0,"","","",""
M5,1625,5/2/2024 21:50,16.21,0,"","","",""
M5,1626,5/2/2024 21:55,16.26,0,"","","",""
M5,1627,5/2/2024 22:00,16.3,0,"","","",""
M5,1628,5/2/2024 22:05,16.26,0,"","","",""
M5,1629,5/2/2024 22:10,16.26,0,"","","",""
M5,1630,5/2/2024 22:15,16.3,0,"","","",""
M5,1631,5/2/2024 22:20,16.3,0,"","","",""
M5,1632,5/2/2024 22:25,16.3,0,"","","",""
M5,1633,5/2/2024 22:30,16.26,0,"","","",""
M5,1634,5/2/2024 22:35,16.26,0,"","","",""
M5,1635,5/2/2024 22:40,16.26,0,"","","",""
M5,1636,5/2/2024 22:45,16.26,0,"","","",""
M5,1637,5/2/2024 22:50,16.26,0,"","","",""
M5,1638,5/2/2024 22:55,16.26,0,"","","",""
M5,1639,5/2/2024 23:00,16.21,0,"","","",""
M5,1640,5/2/2024 23:05,16.17,0,"","","",""
M5,1641,5/2/2024 23:10,16.17,0,"","","",""
M5,1642,5/2/2024 23:15,16.17,0,"","","",""
M5,1643,5/2/2024 23:20,16.21,0,"","","",""
M5,1644,5/2/2024 23:25,16.21,0,"","","",""
M5,1645,5/2/2024 23:30,16.17,0,"","","",""
M5,1646,5/2/2024 23:35,16.21,0,"","","",""
M5,1647,5/2/2024 23:40,16.13,0,"","","",""
M5,1648,5/2/2024 23:45,16.17,0.21,"","","",""
M5,1649,5/2/2024 23:50,16.17,0,"","","",""
M5,1650,5/2/2024 23:55,16.17,0,"","","",""
M5,1651,5/3/2024 0:00,16.13,0,"","","",""
M5,1652,5/3/2024 0:05,16.13,0,"","","",""
M5,1653,5/3/2024 0:10,16.13,0,"","","",""
M5,1654,5/3/2024 0:15,16.13,0,"","","",""
M5,1655,5/3/2024 0:20,16.13,0,"","","",""
M5,1656,5/3/2024 0:25,16.04,0,"","","",""
M5,1657,5/3/2024 0:30,16.13,0,"","","",""
M5,1658,5/3/2024 0:35,16.13,0,"","","",""
M5,1659,5/3/2024 0:40,16.08,0,"","","",""
M5,1660,5/3/2024 0:45,16.04,0,"","","",""
M5,1661,5/3/2024 0:50,16.04,0,"","","",""
M5,1662,5/3/2024 0:55,16.08,0,"","","",""
M5,1663,5/3/2024 1:00,16.04,0,"","","",""
M5,1664,5/3/2024 1:05,16,0,"","","",""
M5,1665,5/3/2024 1:10,16.04,0,"","","",""
M5,1666,5/3/2024 1:15,16,0,"","","",""
M5,1667,5/3/2024 1:20,16.04,0,"","","",""
M5,1668,5/3/2024 1:25,16,0,"","","",""
M5,1669,5/3/2024 1:30,16.04,0,"","","",""
M5,1670,5/3/2024 1:35,16,0,"","","",""
M5,1671,5/3/2024 1:40,16,0,"","","",""
M5,1672,5/3/2024 1:45,16,0,"","","",""
M5,1673,5/3/2024 1:50,16,0,"","","",""
M5,1674,5/3/2024 1:55,16,0,"","","",""
M5,1675,5/3/2024 2:00,16.04,0,"","","",""
M5,1676,5/3/2024 2:05,16,0,"","","",""
M5,1677,5/3/2024 2:10,15.96,0,"","","",""
M5,1678,5/3/2024 2:15,15.96,0,"","","",""
M5,1679,5/3/2024 2:20,16.04,0,"","","",""
M5,1680,5/3/2024 2:25,16,0,"","","",""
M5,1681,5/3/2024 2:30,15.96,0,"","","",""
M5,1682,5/3/2024 2:35,16,0,"","","",""
M5,1683,5/3/2024 2:40,15.96,0,"","","",""
M5,1684,5/3/2024 2:45,15.96,0,"","","",""
M5,1685,5/3/2024 2:50,16,0,"","","",""
M5,1686,5/3/2024 2:55,15.91,0.21,"","","",""
M5,1687,5/3/2024 3:00,15.91,0,"","","",""
M5,1688,5/3/2024 3:05,15.91,0,"","","",""
M5,1689,5/3/2024 3:10,15.96,0,"","","",""
M5,1690,5/3/2024 3:15,15.91,0,"","","",""
M5,1691,5/3/2024 3:20,15.91,0,"","","",""
M5,1692,5/3/2024 3:25,15.87,0,"","","",""
M5,1693,5/3/2024 3:30,15.91,0,"","","",""
M5,1694,5/3/2024 3:35,15.96,0,"","","",""
M5,1695,5/3/2024 3:40,15.87,0,"","","",""
M5,1696,5/3/2024 3:45,15.91,0,"","","",""
M5,1697,5/3/2024 3:50,15.91,0,"","","",""
M5,1698,5/3/2024 3:55,15.87,0,"","","",""
M5,1699,5/3/2024 4:00,15.87,0,"","","",""
M5,1700,5/3/2024 4:05,15.87,0,"","","",""
M5,1701,5/3/2024 4:10,15.91,0,"","","",""
M5,1702,5/3/2024 4:15,15.87,0,"","","",""
M5,1703,5/3/2024 4:20,15.87,0,"","","",""
M5,1704,5/3/2024 4:25,15.87,0,"","","",""
M5,1705,5/3/2024 4:30,15.87,0,"","","",""
M5,1706,5/3/2024 4:35,15.91,0,"","","",""
M5,1707,5/3/2024 4:40,15.91,0,"","","",""
M5,1708,5/3/2024 4:45,15.91,0,"","","",""
M5,1709,5/3/2024 4:50,15.87,0,"","","",""
M5,1710,5/3/2024 4:55,15.91,0,"","","",""
M5,1711,5/3/2024 5:00,15.91,0,"","","",""
M5,1712,5/3/2024 5:05,15.87,0,"","","",""
M5,1713,5/3/2024 5:10,15.91,0,"","","",""
M5,1714,5/3/2024 5:15,15.87,0,"","","",""
M5,1715,5/3/2024 5:20,15.87,0,"","","",""
M5,1716,5/3/2024 5:25,15.91,0,"","","",""
M5,1717,5/3/2024 5:30,15.87,0.21,"","","",""
M5,1718,5/3/2024 5:35,15.87,0.43,"","","",""
M5,1719,5/3/2024 5:40,15.91,2.36,"","","",""
M5,1720,5/3/2024 5:45,15.87,4.94,"","","",""
M5,1721,5/3/2024 5:50,15.83,13.17,"","","",""
M5,1722,5/3/2024 5:55,15.91,25.91,"","","",""
M5,1723,5/3/2024 6:00,15.87,51.88,"","","",""
M5,1724,5/3/2024 6:05,15.87,83.88,"","","",""
M5,1725,5/3/2024 6:10,15.87,136.68,"","","",""
M5,1726,5/3/2024 6:15,15.87,221.28,"","","",""
M5,1727,5/3/2024 6:20,15.91,308.64,"","","",""
M5,1728,5/3/2024 6:25,15.91,229.2,"","","",""
M5,1729,5/3/2024 6:30,15.83,354.4,"","","",""
M5,1730,5/3/2024 6:35,15.87,561.28,"","","",""
M5,1731,5/3/2024 6:40,15.87,663.04,"","","",""
M5,1732,5/3/2024 6:45,15.87,816.32,"","","",""
M5,1733,5/3/2024 6:50,15.91,945.28,"","","",""
M5,1734,5/3/2024 6:55,15.91,1193.28,"","","",""
M5,1735,5/3/2024 7:00,15.91,1477.76,"","","",""
M5,1736,5/3/2024 7:05,15.91,1358.08,"","","",""
M5,1737,5/3/2024 7:10,15.91,1839.36,"","","",""
M5,1738,5/3/2024 7:15,15.91,1582.08,"","","",""
M5,1739,5/3/2024 7:20,15.91,1840.64,"","","",""
M5,1740,5/3/2024 7:25,15.87,1932.16,"","","",""
M5,1741,5/3/2024 7:30,15.96,2819.84,"","","",""
M5,1742,5/3/2024 7:35,15.96,3646.72,"","","",""
M5,1743,5/3/2024 7:40,15.96,3521.28,"","","",""
M5,1744,5/3/2024 7:45,16,4349.44,"","","",""
M5,1745,5/3/2024 7:50,16,2982.4,"","","",""
M5,1746,5/3/2024 7:55,16.04,5281.28,"","","",""
M5,1747,5/3/2024 8:00,16.08,5399.04,"","","",""
M5,1748,5/3/2024 8:05,16.04,6461.44,"","","",""
M5,1749,5/3/2024 8:10,16.08,6412.8,"","","",""
M5,1750,5/3/2024 8:15,16.13,7383.04,"","","",""
M5,1751,5/3/2024 8:20,16.13,5770.24,"","","",""
M5,1752,5/3/2024 8:25,16.08,8128,"","","",""
M5,1753,5/3/2024 8:30,16.17,8903.68,"","","",""
M5,1754,5/3/2024 8:35,16.17,8030.72,"","","",""
M5,1755,5/3/2024 8:40,16.26,11658.24,"","","",""
M5,1756,5/3/2024 8:45,16.3,11939.84,"","","",""
M5,1757,5/3/2024 8:50,16.34,14638.08,"","","",""
M5,1758,5/3/2024 8:55,16.39,5089.28,"","","",""
M5,1759,5/3/2024 9:00,16.47,13736.96,"","","",""
M5,1760,5/3/2024 9:05,16.51,13962.24,"","","",""
M5,1761,5/3/2024 9:10,16.6,17832.96,"","","",""
M5,1762,5/3/2024 9:15,16.9,14627.84,"","","",""
M5,1763,5/3/2024 9:20,16.81,16573.44,"","","",""
M5,1764,5/3/2024 9:25,17.33,27033.6,"","","",""
M5,1765,5/3/2024 9:30,17.41,26890.24,"","","",""
M5,1766,5/3/2024 9:35,17.8,8821.76,"","","",""
M5,1767,5/3/2024 9:40,17.8,29562.88,"","","",""
M5,1768,5/3/2024 9:45,18.14,28323.84,"","","",""
M5,1769,5/3/2024 9:50,18.14,27392,"","","",""
M5,1770,5/3/2024 9:55,18.06,25774.08,"","","",""
M5,1771,5/3/2024 10:00,18.44,25395.2,"","","",""
M5,1772,5/3/2024 10:05,18.92,28170.24,"","","",""
M5,1773,5/3/2024 10:10,19.99,31047.68,"","","",""
M5,1774,5/3/2024 10:15,22.18,49438.72,"","","",""
M5,1775,5/3/2024 10:20,23.59,44892.16,"","","",""
M5,1776,5/3/2024 10:25,22.69,37345.28,"","","",""
M5,1777,5/3/2024 10:30,22.91,36874.24,"","","",""
M5,1778,5/3/2024 10:35,22.99,46182.4,"","","",""
M5,1779,5/3/2024 10:40,24.45,47288.32,"","","",""
M5,1780,5/3/2024 10:45,24.15,39065.6,"","","",""
M5,1781,5/3/2024 10:50,24.19,41840.64,"","","",""
M5,1782,5/3/2024 10:55,24.71,42475.52,"","","",""
M5,1783,5/3/2024 11:00,25.39,49438.72,"","","",""
M5,1784,5/3/2024 11:05,26.42,49070.08,"","","",""
M5,1785,5/3/2024 11:10,28.35,62033.92,"","","",""
M5,1786,5/3/2024 11:15,28.18,53022.72,"","","",""
M5,1787,5/3/2024 11:20,28.31,56750.08,"","","",""
M5,1788,5/3/2024 11:25,28.7,57221.12,"","","",""
M5,1789,5/3/2024 11:30,28.78,57712.64,"","","",""
M5,1790,5/3/2024 11:35,29.6,68239.36,"","","",""
M5,1791,5/3/2024 11:40,29.68,45711.36,"","","",""
M5,1792,5/3/2024 11:45,30.89,54702.08,"","","",""
M5,1793,5/3/2024 11:50,30.93,59678.72,"","","",""
M5,1794,5/3/2024 11:55,31.66,55992.32,"","","",""
M5,1795,5/3/2024 12:00,32.9,71290.88,"","","",""
M5,1796,5/3/2024 12:05,33.25,68648.96,"","","",""
M5,1797,5/3/2024 12:10,33.03,62791.68,"","","",""
M5,1798,5/3/2024 12:15,33.37,63385.6,"","","",""
M5,1799,5/3/2024 12:20,34.1,51752.96,"","","",""
M5,1800,5/3/2024 12:25,32.82,49029.12,"","","",""
M5,1801,5/3/2024 12:30,32.17,54968.32,"","","",""
M5,1802,5/3/2024 12:35,32.77,64778.24,"","","",""
M5,1803,5/3/2024 12:40,30.37,41144.32,"","","",""
M5,1804,5/3/2024 12:45,32.22,67276.8,"","","",""
M5,1805,5/3/2024 12:50,32.94,65576.96,"","","",""
M5,1806,5/3/2024 12:55,33.29,63365.12,"","","",""
M5,1807,5/3/2024 13:00,32.22,54272,"","","",""
M5,1808,5/3/2024 13:05,31.19,54804.48,"","","",""
M5,1809,5/3/2024 13:10,32.22,60334.08,"","","",""
M5,1810,5/3/2024 13:15,32.3,63447.04,"","","",""
M5,1811,5/3/2024 13:20,33.2,63815.68,"","","",""
M5,1812,5/3/2024 13:25,33.16,59740.16,"","","",""
M5,1813,5/3/2024 13:30,33.03,48394.24,"","","",""
M5,1814,5/3/2024 13:35,33.25,63856.64,"","","",""
M5,1815,5/3/2024 13:40,32.77,64102.4,"","","",""
M5,1816,5/3/2024 13:45,32.82,63938.56,"","","",""
M5,1817,5/3/2024 13:50,32.73,62402.56,"","","",""
M5,1818,5/3/2024 13:55,32.77,61767.68,"","","",""
M5,1819,5/3/2024 14:00,32.56,60989.44,"","","",""
M5,1820,5/3/2024 14:05,32.9,59617.28,"","","",""
M5,1821,5/3/2024 14:10,32.73,60026.88,"","","",""
M5,1822,5/3/2024 14:15,32.09,61296.64,"","","",""
M5,1823,5/3/2024 14:20,32.17,59904,"","","",""
M5,1824,5/3/2024 14:25,32.22,52264.96,"","","",""
M5,1825,5/3/2024 14:30,31.49,40151.04,"","","",""
M5,1826,5/3/2024 14:35,30.67,60477.44,"","","",""
M5,1827,5/3/2024 14:40,29.51,54681.6,"","","",""
M5,1828,5/3/2024 14:45,27.97,53862.4,"","","",""
M5,1829,5/3/2024 14:50,25.35,60723.2,"","","",""
M5,1830,5/3/2024 14:55,24.97,59842.56,"","","",""
M5,1831,5/3/2024 15:00,23.81,59453.44,"","","",""
M5,1832,5/3/2024 15:05,23.64,49704.96,"","","",""
M5,1833,5/3/2024 15:10,23.12,57262.08,"","","",""
M5,1834,5/3/2024 15:15,23.16,56074.24,"","","",""
M5,1835,5/3/2024 15:20,22.65,54620.16,"","","",""
M5,1836,5/3/2024 15:25,22.35,53903.36,"","","",""
M5,1837,5/3/2024 15:30,22.09,52592.64,"","","",""
M5,1838,5/3/2024 15:35,21.88,51097.6,"","","",""
M5,1839,5/3/2024 15:40,21.66,49971.2,"","","",""
M5,1840,5/3/2024 15:45,21.36,48066.56,"","","",""
M5,1841,5/3/2024 15:50,20.55,46510.08,"","","",""
M5,1842,5/3/2024 15:55,20.37,44154.88,"","","",""
M5,1843,5/3/2024 16:00,20.37,45076.48,"","","",""
M5,1844,5/3/2024 16:05,19.86,38328.32,"","","",""
M5,1845,5/3/2024 16:10,19.69,18396.16,"","","",""
M5,1846,5/3/2024 16:15,19.65,30965.76,"","","",""
M5,1847,5/3/2024 16:20,19.47,27688.96,"","","",""
M5,1848,5/3/2024 16:25,19.26,20382.72,"","","",""
M5,1849,5/3/2024 16:30,19.22,17505.28,"","","",""
M5,1850,5/3/2024 16:35,19.09,27381.76,"","","",""
M5,1851,5/3/2024 16:40,19.09,18585.6,"","","",""
M5,1852,5/3/2024 16:45,19,25405.44,"","","",""
M5,1853,5/3/2024 16:50,18.96,28794.88,"","","",""
M5,1854,5/3/2024 16:55,18.87,20920.32,"","","",""
M5,1855,5/3/2024 17:00,18.7,5281.28,"","","",""
M5,1856,5/3/2024 17:05,18.7,22067.2,"","","",""
M5,1857,5/3/2024 17:10,18.62,17561.6,"","","",""
M5,1858,5/3/2024 17:15,18.53,19256.32,"","","",""
M5,1859,5/3/2024 17:20,18.49,23695.36,"","","",""
M5,1860,5/3/2024 17:25,18.36,9717.76,"","","",""
M5,1861,5/3/2024 17:30,18.32,18862.08,"","","",""
M5,1862,5/3/2024 17:35,18.32,15744,"","","",""
M5,1863,5/3/2024 17:40,18.19,13655.04,"","","",""
M5,1864,5/3/2024 17:45,18.27,12948.48,"","","",""
M5,1865,5/3/2024 17:50,18.19,13506.56,"","","",""
M5,1866,5/3/2024 17:55,18.36,9738.24,"","","",""
M5,1867,5/3/2024 18:00,18.19,10900.48,"","","",""
M5,1868,5/3/2024 18:05,18.02,8161.28,"","","",""
M5,1869,5/3/2024 18:10,17.89,7073.28,"","","",""
M5,1870,5/3/2024 18:15,17.72,4583.68,"","","",""
M5,1871,5/3/2024 18:20,17.76,4101.12,"","","",""
M5,1872,5/3/2024 18:25,17.8,3134.72,"","","",""
M5,1873,5/3/2024 18:30,17.76,3456,"","","",""
M5,1874,5/3/2024 18:35,17.67,3148.8,"","","",""
M5,1875,5/3/2024 18:40,17.76,2805.76,"","","",""
M5,1876,5/3/2024 18:45,17.67,2494.72,"","","",""
M5,1877,5/3/2024 18:50,17.76,2253.44,"","","",""
M5,1878,5/3/2024 18:55,17.5,2293.12,"","","",""
M5,1879,5/3/2024 19:00,17.5,1835.52,"","","",""
M5,1880,5/3/2024 19:05,17.41,1592.32,"","","",""
M5,1881,5/3/2024 19:10,17.59,1479.68,"","","",""
M5,1882,5/3/2024 19:15,17.46,999.68,"","","",""
M5,1883,5/3/2024 19:20,17.41,924.8,"","","",""
M5,1884,5/3/2024 19:25,17.33,686.4,"","","",""
M5,1885,5/3/2024 19:30,17.2,462.56,"","","",""
M5,1886,5/3/2024 19:35,17.07,280.24,"","","",""
M5,1887,5/3/2024 19:40,17.16,173.76,"","","",""
M5,1888,5/3/2024 19:45,17.11,69.56,"","","",""
M5,1889,5/3/2024 19:50,17.03,33.28,"","","",""
M5,1890,5/3/2024 19:55,17.03,10.78,"","","",""
M5,1891,5/3/2024 20:00,17.16,3.22,"","","",""
M5,1892,5/3/2024 20:05,16.81,1.07,"","","",""
M5,1893,5/3/2024 20:10,16.73,0.21,"","","",""
M5,1894,5/3/2024 20:15,16.43,0,"","","",""
M5,1895,5/3/2024 20:20,16.34,0,"","","",""
M5,1896,5/3/2024 20:25,16.43,0,"","","",""
M5,1897,5/3/2024 20:30,16.43,0,"","","",""
M5,1898,5/3/2024 20:35,16.39,0,"","","",""
M5,1899,5/3/2024 20:40,16.43,0,"","","",""
M5,1900,5/3/2024 20:45,16.34,0,"","","",""
M5,1901,5/3/2024 20:50,16.51,0,"","","",""
M5,1902,5/3/2024 20:55,16.47,0,"","","",""
M5,1903,5/3/2024 21:00,16.43,0,"","","",""
M5,1904,5/3/2024 21:05,16.69,0,"","","",""
M5,1905,5/3/2024 21:10,16.51,0.21,"","","",""
M5,1906,5/3/2024 21:15,16.51,0,"","","",""
M5,1907,5/3/2024 21:20,16.6,0,"","","",""
M5,1908,5/3/2024 21:25,16.6,0,"","","",""
M5,1909,5/3/2024 21:30,16.81,0,"","","",""
M5,1910,5/3/2024 21:35,16.73,0,"","","",""
M5,1911,5/3/2024 21:40,16.73,0,"","","",""
M5,1912,5/3/2024 21:45,16.73,0,"","","",""
M5,1913,5/3/2024 21:50,16.64,0,"","","",""
M5,1914,5/3/2024 21:55,16.64,0,"","","",""
M5,1915,5/3/2024 22:00,16.69,0,"","","",""
M5,1916,5/3/2024 22:05,16.69,0,"","","",""
M5,1917,5/3/2024 22:10,16.77,0,"","","",""
M5,1918,5/3/2024 22:15,16.86,0,"","","",""
M5,1919,5/3/2024 22:20,16.86,0,"","","",""
M5,1920,5/3/2024 22:25,16.86,0,"","","",""
M5,1921,5/3/2024 22:30,16.94,0,"","","",""
M5,1922,5/3/2024 22:35,16.86,0,"","","",""
M5,1923,5/3/2024 22:40,16.77,0,"","","",""
M5,1924,5/3/2024 22:45,16.86,0,"","","",""
M5,1925,5/3/2024 22:50,16.81,0,"","","",""
M5,1926,5/3/2024 22:55,16.81,0,"","","",""
M5,1927,5/3/2024 23:00,16.73,0,"","","",""
M5,1928,5/3/2024 23:05,16.69,0,"","","",""
M5,1929,5/3/2024 23:10,16.69,0,"","","",""
M5,1930,5/3/2024 23:15,16.69,0,"","","",""
M5,1931,5/3/2024 23:20,16.56,0,"","","",""
M5,1932,5/3/2024 23:25,16.56,0,"","","",""
M5,1933,5/3/2024 23:30,16.51,0,"","","",""
M5,1934,5/3/2024 23:35,16.56,0,"","","",""
M5,1935,5/3/2024 23:40,16.21,0,"","","",""
M5,1936,5/3/2024 23:45,16.26,0,"","","",""
M5,1937,5/3/2024 23:50,16.3,0,"","","",""
M5,1938,5/3/2024 23:55,16.3,0,"","","",""
M5,1939,5/4/2024 0:00,16.13,0,"","","",""
M5,1940,5/4/2024 0:05,16.26,0.21,"","","",""
M5,1941,5/4/2024 0:10,16.17,0,"","","",""
M5,1942,5/4/2024 0:15,15.74,0,"","","",""
M5,1943,5/4/2024 0:20,16.13,0,"","","",""
M5,1944,5/4/2024 0:25,15.96,0,"","","",""
M5,1945,5/4/2024 0:30,15.4,0,"","","",""
M5,1946,5/4/2024 0:35,15.14,0,"","","",""
M5,1947,5/4/2024 0:40,15.18,0,"","","",""
M5,1948,5/4/2024 0:45,15.23,0,"","","",""
M5,1949,5/4/2024 0:50,15.78,0,"","","",""
M5,1950,5/4/2024 0:55,15.83,0,"","","",""
M5,1951,5/4/2024 1:00,15.48,0,"","","",""
M5,1952,5/4/2024 1:05,15.48,0,"","","",""
M5,1953,5/4/2024 1:10,15.74,0,"","","",""
M5,1954,5/4/2024 1:15,15.48,0,"","","",""
M5,1955,5/4/2024 1:20,15.44,0,"","","",""
M5,1956,5/4/2024 1:25,15.57,0,"","","",""
M5,1957,5/4/2024 1:30,15.53,0,"","","",""
M5,1958,5/4/2024 1:35,15.87,0,"","","",""
M5,1959,5/4/2024 1:40,16,0,"","","",""
M5,1960,5/4/2024 1:45,15.7,0,"","","",""
M5,1961,5/4/2024 1:50,15.36,0,"","","",""
M5,1962,5/4/2024 1:55,15.48,0,"","","",""
M5,1963,5/4/2024 2:00,15.44,0,"","","",""
M5,1964,5/4/2024 2:05,15.74,0,"","","",""
M5,1965,5/4/2024 2:10,15.91,0,"","","",""
M5,1966,5/4/2024 2:15,15.78,0,"","","",""
M5,1967,5/4/2024 2:20,16.04,0,"","","",""
M5,1968,5/4/2024 2:25,15.96,0,"","","",""
M5,1969,5/4/2024 2:30,16.04,0,"","","",""
M5,1970,5/4/2024 2:35,16.26,0,"","","",""
M5,1971,5/4/2024 2:40,15.96,0,"","","",""
M5,1972,5/4/2024 2:45,15.96,0,"","","",""
M5,1973,5/4/2024 2:50,16,0,"","","",""
M5,1974,5/4/2024 2:55,16.21,0,"","","",""
M5,1975,5/4/2024 3:00,16.26,0,"","","",""
M5,1976,5/4/2024 3:05,16.3,0,"","","",""
M5,1977,5/4/2024 3:10,16.34,0,"","","",""
M5,1978,5/4/2024 3:15,16.34,0.21,"","","",""
M5,1979,5/4/2024 3:20,16.47,0,"","","",""
M5,1980,5/4/2024 3:25,16.47,0,"","","",""
M5,1981,5/4/2024 3:30,16.47,0,"","","",""
M5,1982,5/4/2024 3:35,16.47,0,"","","",""
M5,1983,5/4/2024 3:40,16.47,0,"","","",""
M5,1984,5/4/2024 3:45,16.51,0,"","","",""
M5,1985,5/4/2024 3:50,16.47,0,"","","",""
M5,1986,5/4/2024 3:55,16.51,0,"","","",""
M5,1987,5/4/2024 4:00,16.47,0,"","","",""
M5,1988,5/4/2024 4:05,16.51,0,"","","",""
M5,1989,5/4/2024 4:10,16.51,0,"","","",""
M5,1990,5/4/2024 4:15,16.47,0,"","","",""
M5,1991,5/4/2024 4:20,16.47,0,"","","",""
M5,1992,5/4/2024 4:25,16.47,0,"","","",""
M5,1993,5/4/2024 4:30,16.51,0,"","","",""
M5,1994,5/4/2024 4:35,16.47,0,"","","",""
M5,1995,5/4/2024 4:40,16.43,0,"","","",""
M5,1996,5/4/2024 4:45,16.43,0,"","","",""
M5,1997,5/4/2024 4:50,16.43,0,"","","",""
M5,1998,5/4/2024 4:55,16.34,0,"","","",""
M5,1999,5/4/2024 5:00,16.39,0,"","","",""
M5,2000,5/4/2024 5:05,16.3,0,"","","",""
M5,2001,5/4/2024 5:10,16.3,0,"","","",""
M5,2002,5/4/2024 5:15,16.26,0,"","","",""
M5,2003,5/4/2024 5:20,16.17,0,"","","",""
M5,2004,5/4/2024 5:25,16.17,0,"","","",""
M5,2005,5/4/2024 5:30,16.17,0,"","","",""
M5,2006,5/4/2024 5:35,16.17,0.43,"","","",""
M5,2007,5/4/2024 5:40,16.17,1.72,"","","",""
M5,2008,5/4/2024 5:45,16.13,5.59,"","","",""
M5,2009,5/4/2024 5:50,16.04,13.38,"","","",""
M5,2010,5/4/2024 5:55,16.08,34.14,"","","",""
M5,2011,5/4/2024 6:00,16.13,70.92,"","","",""
M5,2012,5/4/2024 6:05,16.13,152.16,"","","",""
M5,2013,5/4/2024 6:10,16.17,226.64,"","","",""
M5,2014,5/4/2024 6:15,16.13,180.56,"","","",""
M5,2015,5/4/2024 6:20,16.04,361.28,"","","",""
M5,2016,5/4/2024 6:25,16.04,453.12,"","","",""
M5,2017,5/4/2024 6:30,15.91,582.72,"","","",""
M5,2018,5/4/2024 6:35,15.87,446.08,"","","",""
M5,2019,5/4/2024 6:40,15.83,853.44,"","","",""
M5,2020,5/4/2024 6:45,15.78,966.72,"","","",""
M5,2021,5/4/2024 6:50,15.83,1132.8,"","","",""
M5,2022,5/4/2024 6:55,15.83,1292.8,"","","",""
M5,2023,5/4/2024 7:00,15.83,2021.76,"","","",""
M5,2024,5/4/2024 7:05,15.78,2716.16,"","","",""
M5,2025,5/4/2024 7:10,15.78,3077.12,"","","",""
M5,2026,5/4/2024 7:15,15.78,3939.84,"","","",""
M5,2027,5/4/2024 7:20,15.7,4094.72,"","","",""
M5,2028,5/4/2024 7:25,15.7,4335.36,"","","",""
M5,2029,5/4/2024 7:30,15.7,4661.76,"","","",""
M5,2030,5/4/2024 7:35,15.66,4879.36,"","","",""
M5,2031,5/4/2024 7:40,15.66,4655.36,"","","",""
M5,2032,5/4/2024 7:45,15.66,4741.12,"","","",""
M5,2033,5/4/2024 7:50,15.61,6522.88,"","","",""
M5,2034,5/4/2024 7:55,15.57,6371.84,"","","",""
M5,2035,5/4/2024 8:00,15.48,6420.48,"","","",""
M5,2036,5/4/2024 8:05,15.44,7040,"","","",""
M5,2037,5/4/2024 8:10,15.4,7349.76,"","","",""
M5,2038,5/4/2024 8:15,15.31,6681.6,"","","",""
M5,2039,5/4/2024 8:20,15.1,7467.52,"","","",""
M5,2040,5/4/2024 8:25,15.31,7349.76,"","","",""
M5,2041,5/4/2024 8:30,15.18,10232.32,"","","",""
M5,2042,5/4/2024 8:35,15.1,12124.16,"","","",""
M5,2043,5/4/2024 8:40,15.06,11601.92,"","","",""
M5,2044,5/4/2024 8:45,15.18,12902.4,"","","",""
M5,2045,5/4/2024 8:50,15.31,15897.6,"","","",""
M5,2046,5/4/2024 8:55,15.27,16967.68,"","","",""
M5,2047,5/4/2024 9:00,15.44,23900.16,"","","",""
M5,2048,5/4/2024 9:05,15.44,16542.72,"","","",""
M5,2049,5/4/2024 9:10,15.48,15580.16,"","","",""
M5,2050,5/4/2024 9:15,15.7,10467.84,"","","",""
M5,2051,5/4/2024 9:20,15.66,19619.84,"","","",""
M5,2052,5/4/2024 9:25,15.66,16926.72,"","","",""
M5,2053,5/4/2024 9:30,15.78,18805.76,"","","",""
M5,2054,5/4/2024 9:35,15.87,19901.44,"","","",""
M5,2055,5/4/2024 9:40,15.91,19066.88,"","","",""
M5,2056,5/4/2024 9:45,16,7347.2,"","","",""
M5,2057,5/4/2024 9:50,16.13,23572.48,"","","",""
M5,2058,5/4/2024 9:55,16.34,25477.12,"","","",""
M5,2059,5/4/2024 10:00,16.69,17525.76,"","","",""
M5,2060,5/4/2024 10:05,16.81,27832.32,"","","",""
M5,2061,5/4/2024 10:10,17.16,14515.2,"","","",""
M5,2062,5/4/2024 10:15,17.03,22138.88,"","","",""
M5,2063,5/4/2024 10:20,17.29,33853.44,"","","",""
M5,2064,5/4/2024 10:25,17.97,36311.04,"","","",""
M5,2065,5/4/2024 10:30,18.02,8373.76,"","","",""
M5,2066,5/4/2024 10:35,17.76,11402.24,"","","",""
M5,2067,5/4/2024 10:40,18.49,42311.68,"","","",""
M5,2068,5/4/2024 10:45,18.96,41144.32,"","","",""
M5,2069,5/4/2024 10:50,19.86,47882.24,"","","",""
M5,2070,5/4/2024 10:55,20.2,51363.84,"","","",""
M5,2071,5/4/2024 11:00,21.7,61849.6,"","","",""
M5,2072,5/4/2024 11:05,22.31,53780.48,"","","",""
M5,2073,5/4/2024 11:10,22.26,73216,"","","",""
M5,2074,5/4/2024 11:15,22.31,55541.76,"","","",""
M5,2075,5/4/2024 11:20,21.4,48742.4,"","","",""
M5,2076,5/4/2024 11:25,22.35,54435.84,"","","",""
M5,2077,5/4/2024 11:30,23.72,68710.4,"","","",""
M5,2078,5/4/2024 11:35,25.27,70553.6,"","","",""
M5,2079,5/4/2024 11:40,26.64,55480.32,"","","",""
M5,2080,5/4/2024 11:45,25.99,75141.12,"","","",""
M5,2081,5/4/2024 11:50,26.64,64737.28,"","","",""
M5,2082,5/4/2024 11:55,25.18,53944.32,"","","",""
M5,2083,5/4/2024 12:00,24.75,54292.48,"","","",""
M5,2084,5/4/2024 12:05,24.06,45916.16,"","","",""
M5,2085,5/4/2024 12:10,24.32,50647.04,"","","",""
M5,2086,5/4/2024 12:15,24.32,44707.84,"","","",""
M5,2087,5/4/2024 12:20,24.97,53841.92,"","","",""
M5,2088,5/4/2024 12:25,25.44,49213.44,"","","",""
M5,2089,5/4/2024 12:30,26.08,56483.84,"","","",""
M5,2090,5/4/2024 12:35,26.08,48701.44,"","","",""
M5,2091,5/4/2024 12:40,26.25,50995.2,"","","",""
M5,2092,5/4/2024 12:45,27.2,68464.64,"","","",""
M5,2093,5/4/2024 12:50,30.97,81203.2,"","","",""
M5,2094,5/4/2024 12:55,29.21,47247.36,"","","",""
M5,2095,5/4/2024 13:00,27.63,47124.48,"","","",""
M5,2096,5/4/2024 13:05,27.71,64143.36,"","","",""
M5,2097,5/4/2024 13:10,29.51,67747.84,"","","",""
M5,2098,5/4/2024 13:15,28.91,55152.64,"","","",""
M5,2099,5/4/2024 13:20,27.41,45670.4,"","","",""
M5,2100,5/4/2024 13:25,26.12,39372.8,"","","",""
M5,2101,5/4/2024 13:30,25.31,19737.6,"","","",""
M5,2102,5/4/2024 13:35,26.64,49029.12,"","","",""
M5,2103,5/4/2024 13:40,27.8,57344,"","","",""
M5,2104,5/4/2024 13:45,28.83,49254.4,"","","",""
M5,2105,5/4/2024 13:50,27.24,34693.12,"","","",""
M5,2106,5/4/2024 13:55,26.51,43950.08,"","","",""
M5,2107,5/4/2024 14:00,26.51,49049.6,"","","",""
M5,2108,5/4/2024 14:05,26.34,41584.64,"","","",""
M5,2109,5/4/2024 14:10,26.51,44994.56,"","","",""
M5,2110,5/4/2024 14:15,26.94,54272,"","","",""
M5,2111,5/4/2024 14:20,26.94,47308.8,"","","",""
M5,2112,5/4/2024 14:25,27.58,43171.84,"","","",""
M5,2113,5/4/2024 14:30,28.57,56483.84,"","","",""
M5,2114,5/4/2024 14:35,27.84,45117.44,"","","",""
M5,2115,5/4/2024 14:40,27.41,45895.68,"","","",""
M5,2116,5/4/2024 14:45,26.77,42229.76,"","","",""
M5,2117,5/4/2024 14:50,25.52,36126.72,"","","",""
M5,2118,5/4/2024 14:55,24.54,39516.16,"","","",""
M5,2119,5/4/2024 15:00,25.14,41984,"","","",""
M5,2120,5/4/2024 15:05,24.97,37908.48,"","","",""
M5,2121,5/4/2024 15:10,24.11,34600.96,"","","",""
M5,2122,5/4/2024 15:15,22.61,33269.76,"","","",""
M5,2123,5/4/2024 15:20,20.5,31948.8,"","","",""
M5,2124,5/4/2024 15:25,19.77,18355.2,"","","",""
M5,2125,5/4/2024 15:30,19.35,31610.88,"","","",""
M5,2126,5/4/2024 15:35,19.35,32010.24,"","","",""
M5,2127,5/4/2024 15:40,18.92,29450.24,"","","",""
M5,2128,5/4/2024 15:45,18.92,27658.24,"","","",""
M5,2129,5/4/2024 15:50,19,36321.28,"","","",""
M5,2130,5/4/2024 15:55,18.96,31846.4,"","","",""
M5,2131,5/4/2024 16:00,19,32368.64,"","","",""
M5,2132,5/4/2024 16:05,19.52,41850.88,"","","",""
M5,2133,5/4/2024 16:10,19.22,35031.04,"","","",""
M5,2134,5/4/2024 16:15,19.09,22538.24,"","","",""
M5,2135,5/4/2024 16:20,18.92,21893.12,"","","",""
M5,2136,5/4/2024 16:25,18.44,31764.48,"","","",""
M5,2137,5/4/2024 16:30,18.27,24074.24,"","","",""
M5,2138,5/4/2024 16:35,18.06,24883.2,"","","",""
M5,2139,5/4/2024 16:40,17.93,19353.6,"","","",""
M5,2140,5/4/2024 16:45,17.72,13603.84,"","","",""
M5,2141,5/4/2024 16:50,17.59,16343.04,"","","",""
M5,2142,5/4/2024 16:55,17.59,9738.24,"","","",""
M5,2143,5/4/2024 17:00,17.59,14402.56,"","","",""
M5,2144,5/4/2024 17:05,17.59,15098.88,"","","",""
M5,2145,5/4/2024 17:10,17.59,15165.44,"","","",""
M5,2146,5/4/2024 17:15,17.5,13608.96,"","","",""
M5,2147,5/4/2024 17:20,17.46,14443.52,"","","",""
M5,2148,5/4/2024 17:25,17.67,16153.6,"","","",""
M5,2149,5/4/2024 17:30,17.72,14940.16,"","","",""
M5,2150,5/4/2024 17:35,17.54,17479.68,"","","",""
M5,2151,5/4/2024 17:40,17.41,9523.2,"","","",""
M5,2152,5/4/2024 17:45,17.46,11002.88,"","","",""
M5,2153,5/4/2024 17:50,17.29,8174.08,"","","",""
M5,2154,5/4/2024 17:55,17.2,8079.36,"","","",""
M5,2155,5/4/2024 18:00,17.11,6279.68,"","","",""
M5,2156,5/4/2024 18:05,17.03,6172.16,"","","",""
M5,2157,5/4/2024 18:10,17.16,6709.76,"","","",""
M5,2158,5/4/2024 18:15,17.03,5793.28,"","","",""
M5,2159,5/4/2024 18:20,17.03,7093.76,"","","",""
M5,2160,5/4/2024 18:25,16.99,5006.08,"","","",""
M5,2161,5/4/2024 18:30,16.94,4686.08,"","","",""
M5,2162,5/4/2024 18:35,16.94,4053.76,"","","",""
M5,2163,5/4/2024 18:40,16.99,3678.72,"","","",""
M5,2164,5/4/2024 18:45,16.99,2780.16,"","","",""
M5,2165,5/4/2024 18:50,17.03,2856.96,"","","",""
M5,2166,5/4/2024 18:55,16.9,2057.6,"","","",""
M5,2167,5/4/2024 19:00,16.9,1585.92,"","","",""
M5,2168,5/4/2024 19:05,16.81,997.12,"","","",""
M5,2169,5/4/2024 19:10,16.77,599.2,"","","",""
M5,2170,5/4/2024 19:15,16.73,701.12,"","","",""
M5,2171,5/4/2024 19:20,16.81,530.72,"","","",""
M5,2172,5/4/2024 19:25,16.69,397.44,"","","",""
M5,2173,5/4/2024 19:30,16.81,277.44,"","","",""
M5,2174,5/4/2024 19:35,16.73,215.28,"","","",""
M5,2175,5/4/2024 19:40,16.69,121.84,"","","",""
M5,2176,5/4/2024 19:45,16.64,74.3,"","","",""
M5,2177,5/4/2024 19:50,16.56,30.64,"","","",""
M5,2178,5/4/2024 19:55,16.6,9.92,"","","",""
M5,2179,5/4/2024 20:00,16.39,3.44,"","","",""
M5,2180,5/4/2024 20:05,16.3,0.86,"","","",""
M5,2181,5/4/2024 20:10,16.34,0.21,"","","",""
M5,2182,5/4/2024 20:15,16.21,0,"","","",""
M5,2183,5/4/2024 20:20,15.78,0,"","","",""
M5,2184,5/4/2024 20:25,15.78,0,"","","",""
M5,2185,5/4/2024 20:30,15.83,0,"","","",""
M5,2186,5/4/2024 20:35,15.74,0,"","","",""
M5,2187,5/4/2024 20:40,15.57,0,"","","",""
M5,2188,5/4/2024 20:45,15.27,0,"","","",""
M5,2189,5/4/2024 20:50,15.14,0,"","","",""
M5,2190,5/4/2024 20:55,15.01,0,"","","",""
M5,2191,5/4/2024 21:00,15.27,0,"","","",""
M5,2192,5/4/2024 21:05,15.36,0,"","","",""
M5,2193,5/4/2024 21:10,15.27,0,"","","",""
M5,2194,5/4/2024 21:15,15.1,0,"","","",""
M5,2195,5/4/2024 21:20,14.88,0,"","","",""
M5,2196,5/4/2024 21:25,14.88,0,"","","",""
M5,2197,5/4/2024 21:30,14.75,0.21,"","","",""
M5,2198,5/4/2024 21:35,14.84,0,"","","",""
M5,2199,5/4/2024 21:40,14.8,0,"","","",""
M5,2200,5/4/2024 21:45,14.8,0,"","","",""
M5,2201,5/4/2024 21:50,14.58,0,"","","",""
M5,2202,5/4/2024 21:55,14.75,0,"","","",""
M5,2203,5/4/2024 22:00,14.8,0,"","","",""
M5,2204,5/4/2024 22:05,14.88,0,"","","",""
M5,2205,5/4/2024 22:10,14.97,0,"","","",""
M5,2206,5/4/2024 22:15,14.97,0,"","","",""
M5,2207,5/4/2024 22:20,14.97,0,"","","",""
M5,2208,5/4/2024 22:25,15.1,0,"","","",""
M5,2209,5/4/2024 22:30,15.01,0,"","","",""
M5,2210,5/4/2024 22:35,15.14,0,"","","",""
M5,2211,5/4/2024 22:40,15.18,0,"","","",""
M5,2212,5/4/2024 22:45,15.23,0,"","","",""
M5,2213,5/4/2024 22:50,15.27,0,"","","",""
M5,2214,5/4/2024 22:55,15.31,0,"","","",""
M5,2215,5/4/2024 23:00,15.31,0,"","","",""
M5,2216,5/4/2024 23:05,15.48,0,"","","",""
M5,2217,5/4/2024 23:10,15.48,0,"","","",""
M5,2218,5/4/2024 23:15,15.36,0,"","","",""
M5,2219,5/4/2024 23:20,15.36,0,"","","",""
M5,2220,5/4/2024 23:25,15.31,0,"","","",""
M5,2221,5/4/2024 23:30,15.27,0,"","","",""
M5,2222,5/4/2024 23:35,15.27,0,"","","",""
M5,2223,5/4/2024 23:40,14.93,0,"","","",""
M5,2224,5/4/2024 23:45,15.27,0,"","","",""
M5,2225,5/4/2024 23:50,15.1,0,"","","",""
M5,2226,5/4/2024 23:55,15.01,0,"","","",""
M5,2227,5/5/2024 0:00,14.97,0,"","","",""
M5,2228,5/5/2024 0:05,14.8,0,"","","",""
M5,2229,5/5/2024 0:10,14.71,0,"","","",""
M5,2230,5/5/2024 0:15,14.45,0,"","","",""
M5,2231,5/5/2024 0:20,14.33,0,"","","",""
M5,2232,5/5/2024 0:25,13.94,0,"","","",""
M5,2233,5/5/2024 0:30,13.85,0,"","","",""
M5,2234,5/5/2024 0:35,13.77,0,"","","",""
M5,2235,5/5/2024 0:40,13.77,0,"","","",""
M5,2236,5/5/2024 0:45,13.73,0,"","","",""
M5,2237,5/5/2024 0:50,13.77,0,"","","",""
M5,2238,5/5/2024 0:55,13.85,0,"","","",""
M5,2239,5/5/2024 1:00,13.85,0,"","","",""
M5,2240,5/5/2024 1:05,13.81,0,"","","",""
M5,2241,5/5/2024 1:10,13.6,0,"","","",""
M5,2242,5/5/2024 1:15,13.64,0,"","","",""
M5,2243,5/5/2024 1:20,13.81,0,"","","",""
M5,2244,5/5/2024 1:25,13.85,0,"","","",""
M5,2245,5/5/2024 1:30,13.9,0,"","","",""
M5,2246,5/5/2024 1:35,13.94,0,"","","",""
M5,2247,5/5/2024 1:40,13.9,0,"","","",""
M5,2248,5/5/2024 1:45,13.98,0,"","","",""
M5,2249,5/5/2024 1:50,14.07,0,"","","",""
M5,2250,5/5/2024 1:55,14.07,0,"","","",""
M5,2251,5/5/2024 2:00,14.03,0,"","","",""
M5,2252,5/5/2024 2:05,14.07,0,"","","",""
M5,2253,5/5/2024 2:10,13.98,0,"","","",""
M5,2254,5/5/2024 2:15,14.07,0,"","","",""
M5,2255,5/5/2024 2:20,14.11,0,"","","",""
M5,2256,5/5/2024 2:25,14.11,0,"","","",""
M5,2257,5/5/2024 2:30,14.07,0,"","","",""
M5,2258,5/5/2024 2:35,14.03,0,"","","",""
M5,2259,5/5/2024 2:40,14.07,0,"","","",""
M5,2260,5/5/2024 2:45,14.07,0,"","","",""
M5,2261,5/5/2024 2:50,14.11,0,"","","",""
M5,2262,5/5/2024 2:55,13.98,0,"","","",""
M5,2263,5/5/2024 3:00,13.77,0,"","","",""
M5,2264,5/5/2024 3:05,13.47,0,"","","",""
M5,2265,5/5/2024 3:10,13.3,0,"","","",""
M5,2266,5/5/2024 3:15,13.08,0,"","","",""
M5,2267,5/5/2024 3:20,13,0,"","","",""
M5,2268,5/5/2024 3:25,13.04,0,"","","",""
M5,2269,5/5/2024 3:30,12.87,0,"","","",""
M5,2270,5/5/2024 3:35,12.74,0,"","","",""
M5,2271,5/5/2024 3:40,12.74,0,"","","",""
M5,2272,5/5/2024 3:45,12.87,0,"","","",""
M5,2273,5/5/2024 3:50,12.78,0,"","","",""
M5,2274,5/5/2024 3:55,13,0,"","","",""
M5,2275,5/5/2024 4:00,12.91,0,"","","",""
M5,2276,5/5/2024 4:05,13.98,0,"","","",""
M5,2277,5/5/2024 4:10,14.11,0,"","","",""
M5,2278,5/5/2024 4:15,14.07,0,"","","",""
M5,2279,5/5/2024 4:20,14.28,0,"","","",""
M5,2280,5/5/2024 4:25,14.58,0,"","","",""
M5,2281,5/5/2024 4:30,14.5,0,"","","",""
M5,2282,5/5/2024 4:35,14.5,0,"","","",""
M5,2283,5/5/2024 4:40,14.63,0,"","","",""
M5,2284,5/5/2024 4:45,14.8,0,"","","",""
M5,2285,5/5/2024 4:50,14.71,0,"","","",""
M5,2286,5/5/2024 4:55,14.8,0,"","","",""
M5,2287,5/5/2024 5:00,14.93,0,"","","",""
M5,2288,5/5/2024 5:05,14.88,0,"","","",""
M5,2289,5/5/2024 5:10,14.84,0,"","","",""
M5,2290,5/5/2024 5:15,14.84,0,"","","",""
M5,2291,5/5/2024 5:20,14.84,0,"","","",""
M5,2292,5/5/2024 5:25,14.84,0,"","","",""
M5,2293,5/5/2024 5:30,14.84,0.64,"","","",""
M5,2294,5/5/2024 5:35,14.8,1.72,"","","",""
M5,2295,5/5/2024 5:40,14.8,4.94,"","","",""
M5,2296,5/5/2024 5:45,14.75,9.06,"","","",""
M5,2297,5/5/2024 5:50,14.75,54.02,"","","",""
M5,2298,5/5/2024 5:55,14.75,111.6,"","","",""
M5,2299,5/5/2024 6:00,14.84,159.88,"","","",""
M5,2300,5/5/2024 6:05,14.8,449.92,"","","",""
M5,2301,5/5/2024 6:10,14.84,273.36,"","","",""
M5,2302,5/5/2024 6:15,14.84,1206.08,"","","",""
M5,2303,5/5/2024 6:20,14.84,1411.2,"","","",""
M5,2304,5/5/2024 6:25,14.8,909.76,"","","",""
M5,2305,5/5/2024 6:30,14.84,1717.12,"","","",""
M5,2306,5/5/2024 6:35,14.88,2209.28,"","","",""
M5,2307,5/5/2024 6:40,14.84,2188.16,"","","",""
M5,2308,5/5/2024 6:45,14.8,7057.92,"","","",""
M5,2309,5/5/2024 6:50,14.88,3210.24,"","","",""
M5,2310,5/5/2024 6:55,14.88,6233.6,"","","",""
M5,2311,5/5/2024 7:00,14.8,7431.68,"","","",""
M5,2312,5/5/2024 7:05,14.93,3840,"","","",""
M5,2313,5/5/2024 7:10,14.84,5148.16,"","","",""
M5,2314,5/5/2024 7:15,14.93,7687.68,"","","",""
M5,2315,5/5/2024 7:20,14.88,5205.76,"","","",""
M5,2316,5/5/2024 7:25,15.01,11683.84,"","","",""
M5,2317,5/5/2024 7:30,14.97,8030.72,"","","",""
M5,2318,5/5/2024 7:35,15.06,12108.8,"","","",""
M5,2319,5/5/2024 7:40,15.1,12001.28,"","","",""
M5,2320,5/5/2024 7:45,15.1,14105.6,"","","",""
M5,2321,5/5/2024 7:50,15.06,13224.96,"","","",""
M5,2322,5/5/2024 7:55,15.1,19220.48,"","","",""
M5,2323,5/5/2024 8:00,15.1,18380.8,"","","",""
M5,2324,5/5/2024 8:05,15.14,10268.16,"","","",""
M5,2325,5/5/2024 8:10,14.97,11796.48,"","","",""
M5,2326,5/5/2024 8:15,15.06,10726.4,"","","",""
M5,2327,5/5/2024 8:20,15.14,14720,"","","",""
M5,2328,5/5/2024 8:25,15.1,20771.84,"","","",""
M5,2329,5/5/2024 8:30,15.1,5175.04,"","","",""
M5,2330,5/5/2024 8:35,15.01,17679.36,"","","",""
M5,2331,5/5/2024 8:40,15.06,18836.48,"","","",""
M5,2332,5/5/2024 8:45,15.06,23470.08,"","","",""
M5,2333,5/5/2024 8:50,15.06,14156.8,"","","",""
M5,2334,5/5/2024 8:55,15.06,16399.36,"","","",""
M5,2335,5/5/2024 9:00,15.1,26480.64,"","","",""
M5,2336,5/5/2024 9:05,15.06,21278.72,"","","",""
M5,2337,5/5/2024 9:10,15.01,32358.4,"","","",""
M5,2338,5/5/2024 9:15,15.1,23050.24,"","","",""
M5,2339,5/5/2024 9:20,14.97,12165.12,"","","",""
M5,2340,5/5/2024 9:25,15.06,18739.2,"","","",""
M5,2341,5/5/2024 9:30,15.06,6021.12,"","","",""
M5,2342,5/5/2024 9:35,14.97,2448,"","","",""
M5,2343,5/5/2024 9:40,14.88,12267.52,"","","",""
M5,2344,5/5/2024 9:45,15.01,13235.2,"","","",""
M5,2345,5/5/2024 9:50,15.1,36270.08,"","","",""
M5,2346,5/5/2024 9:55,14.84,28395.52,"","","",""
M5,2347,5/5/2024 10:00,15.1,36648.96,"","","",""
M5,2348,5/5/2024 10:05,15.01,47902.72,"","","",""
M5,2349,5/5/2024 10:10,15.01,16266.24,"","","",""
M5,2350,5/5/2024 10:15,15.01,5724.16,"","","",""
M5,2351,5/5/2024 10:20,15.1,36884.48,"","","",""
M5,2352,5/5/2024 10:25,15.14,27217.92,"","","",""
M5,2353,5/5/2024 10:30,15.4,20403.2,"","","",""
M5,2354,5/5/2024 10:35,15.31,32798.72,"","","",""
M5,2355,5/5/2024 10:40,15.53,54415.36,"","","",""
M5,2356,5/5/2024 10:45,15.66,28456.96,"","","",""
M5,2357,5/5/2024 10:50,16.3,70983.68,"","","",""
M5,2358,5/5/2024 10:55,16.34,54190.08,"","","",""
M5,2359,5/5/2024 11:00,16.43,76144.64,"","","",""
M5,2360,5/5/2024 11:05,16.3,75591.68,"","","",""
M5,2361,5/5/2024 11:10,17.76,28364.8,"","","",""
M5,2362,5/5/2024 11:15,17.24,73093.12,"","","",""
M5,2363,5/5/2024 11:20,17.37,76697.6,"","","",""
M5,2364,5/5/2024 11:25,18.14,78622.72,"","","",""
M5,2365,5/5/2024 11:30,18.62,66969.6,"","","",""
M5,2366,5/5/2024 11:35,18.87,79728.64,"","","",""
M5,2367,5/5/2024 11:40,19.13,79974.4,"","","",""
M5,2368,5/5/2024 11:45,19.26,80056.32,"","","",""
M5,2369,5/5/2024 11:50,19.17,80486.4,"","","",""
M5,2370,5/5/2024 11:55,19.56,80547.84,"","","",""
M5,2371,5/5/2024 12:00,19.6,80650.24,"","","",""
M5,2372,5/5/2024 12:05,20.25,80629.76,"","","",""
M5,2373,5/5/2024 12:10,19.99,80691.2,"","","",""
M5,2374,5/5/2024 12:15,20.16,81039.36,"","","",""
M5,2375,5/5/2024 12:20,20.42,81100.8,"","","",""
M5,2376,5/5/2024 12:25,20.98,81100.8,"","","",""
M5,2377,5/5/2024 12:30,21.62,81039.36,"","","",""
M5,2378,5/5/2024 12:35,22.18,81059.84,"","","",""
M5,2379,5/5/2024 12:40,22.65,80896,"","","",""
M5,2380,5/5/2024 12:45,23.03,81018.88,"","","",""
M5,2381,5/5/2024 12:50,23.42,80814.08,"","","",""
M5,2382,5/5/2024 12:55,23.68,80855.04,"","","",""
M5,2383,5/5/2024 13:00,24.15,80855.04,"","","",""
M5,2384,5/5/2024 13:05,24.54,80711.68,"","","",""
M5,2385,5/5/2024 13:10,24.97,77824,"","","",""
M5,2386,5/5/2024 13:15,25.18,72704,"","","",""
M5,2387,5/5/2024 13:20,25.65,71700.48,"","","",""
M5,2388,5/5/2024 13:25,25.74,71229.44,"","","",""
M5,2389,5/5/2024 13:30,26.04,70533.12,"","","",""
M5,2390,5/5/2024 13:35,26.08,70225.92,"","","",""
M5,2391,5/5/2024 13:40,26.21,69734.4,"","","",""
M5,2392,5/5/2024 13:45,26.21,69181.44,"","","",""
M5,2393,5/5/2024 13:50,26.08,68485.12,"","","",""
M5,2394,5/5/2024 13:55,26.17,67911.68,"","","",""
M5,2395,5/5/2024 14:00,26.25,67194.88,"","","",""
M5,2396,5/5/2024 14:05,26.51,66375.68,"","","",""
M5,2397,5/5/2024 14:10,26.68,65597.44,"","","",""
M5,2398,5/5/2024 14:15,26.81,64962.56,"","","",""
M5,2399,5/5/2024 14:20,26.9,64430.08,"","","",""
M5,2400,5/5/2024 14:25,27.2,63672.32,"","","",""
M5,2401,5/5/2024 14:30,27.2,61911.04,"","","",""
M5,2402,5/5/2024 14:35,27.28,59863.04,"","","",""
M5,2403,5/5/2024 14:40,27.11,60661.76,"","","",""
M5,2404,5/5/2024 14:45,27.28,59535.36,"","","",""
M5,2405,5/5/2024 14:50,27.32,60026.88,"","","",""
M5,2406,5/5/2024 14:55,27.11,57384.96,"","","",""
M5,2407,5/5/2024 15:00,27.02,56709.12,"","","",""
M5,2408,5/5/2024 15:05,26.94,55787.52,"","","",""
M5,2409,5/5/2024 15:10,26.6,54579.2,"","","",""
M5,2410,5/5/2024 15:15,26.12,53903.36,"","","",""
M5,2411,5/5/2024 15:20,25.65,53596.16,"","","",""
M5,2412,5/5/2024 15:25,25.31,51896.32,"","","",""
M5,2413,5/5/2024 15:30,22.69,54456.32,"","","",""
M5,2414,5/5/2024 15:35,21.06,52408.32,"","","",""
M5,2415,5/5/2024 15:40,20.59,49909.76,"","","",""
M5,2416,5/5/2024 15:45,19.6,49704.96,"","","",""
M5,2417,5/5/2024 15:50,19.65,48517.12,"","","",""
M5,2418,5/5/2024 15:55,19.39,47206.4,"","","",""
M5,2419,5/5/2024 16:00,18.79,46018.56,"","","",""
M5,2420,5/5/2024 16:05,18.44,28108.8,"","","",""
M5,2421,5/5/2024 16:10,17.8,43315.2,"","","",""
M5,2422,5/5/2024 16:15,17.72,18677.76,"","","",""
M5,2423,5/5/2024 16:20,17.54,31436.8,"","","",""
M5,2424,5/5/2024 16:25,17.29,39557.12,"","","",""
M5,2425,5/5/2024 16:30,16.77,7992.32,"","","",""
M5,2426,5/5/2024 16:35,16.69,22016,"","","",""
M5,2427,5/5/2024 16:40,16.6,28876.8,"","","",""
M5,2428,5/5/2024 16:45,16.26,11223.04,"","","",""
M5,2429,5/5/2024 16:50,16.26,18713.6,"","","",""
M5,2430,5/5/2024 16:55,16.13,18979.84,"","","",""
M5,2431,5/5/2024 17:00,15.91,18355.2,"","","",""
M5,2432,5/5/2024 17:05,15.96,3308.8,"","","",""
M5,2433,5/5/2024 17:10,15.78,16460.8,"","","",""
M5,2434,5/5/2024 17:15,15.7,10406.4,"","","",""
M5,2435,5/5/2024 17:20,15.53,4596.48,"","","",""
M5,2436,5/5/2024 17:25,15.48,10920.96,"","","",""
M5,2437,5/5/2024 17:30,15.53,17674.24,"","","",""
M5,2438,5/5/2024 17:35,15.36,8903.68,"","","",""
M5,2439,5/5/2024 17:40,15.31,16721.92,"","","",""
M5,2440,5/5/2024 17:45,15.23,13102.08,"","","",""
M5,2441,5/5/2024 17:50,15.1,6054.4,"","","",""
M5,2442,5/5/2024 17:55,15.06,10521.6,"","","",""
M5,2443,5/5/2024 18:00,14.93,5918.72,"","","",""
M5,2444,5/5/2024 18:05,14.8,4349.44,"","","",""
M5,2445,5/5/2024 18:10,14.84,955.52,"","","",""
M5,2446,5/5/2024 18:15,14.63,1885.44,"","","",""
M5,2447,5/5/2024 18:20,14.58,1226.56,"","","",""
M5,2448,5/5/2024 18:25,14.54,1296.32,"","","",""
M5,2449,5/5/2024 18:30,14.58,1379.84,"","","",""
M5,2450,5/5/2024 18:35,14.5,1299.84,"","","",""
M5,2451,5/5/2024 18:40,14.41,643.84,"","","",""
M5,2452,5/5/2024 18:45,14.45,1136.32,"","","",""
M5,2453,5/5/2024 18:50,14.41,1039.04,"","","",""
M5,2454,5/5/2024 18:55,14.37,744.96,"","","",""
M5,2455,5/5/2024 19:00,14.33,575.52,"","","",""
M5,2456,5/5/2024 19:05,14.28,889.28,"","","",""
M5,2457,5/5/2024 19:10,14.28,547.04,"","","",""
M5,2458,5/5/2024 19:15,14.28,661.76,"","","",""
M5,2459,5/5/2024 19:20,14.15,516.96,"","","",""
M5,2460,5/5/2024 19:25,14.07,301.76,"","","",""
M5,2461,5/5/2024 19:30,14.03,150.32,"","","",""
M5,2462,5/5/2024 19:35,14.11,113.24,"","","",""
M5,2463,5/5/2024 19:40,13.94,70.86,"","","",""
M5,2464,5/5/2024 19:45,13.9,41.5,"","","",""
M5,2465,5/5/2024 19:50,13.85,9.92,"","","",""
M5,2466,5/5/2024 19:55,13.68,6.23,"","","",""
M5,2467,5/5/2024 20:00,13.6,0.86,"","","",""
M5,2468,5/5/2024 20:05,13.47,0.43,"","","",""
M5,2469,5/5/2024 20:10,13.34,0,"","","",""
M5,2470,5/5/2024 20:15,13.34,0,"","","",""
M5,2471,5/5/2024 20:20,13.21,0,"","","",""
M5,2472,5/5/2024 20:25,13,0,"","","",""
M5,2473,5/5/2024 20:30,13,0,"","","",""
M5,2474,5/5/2024 20:35,12.91,0,"","","",""
M5,2475,5/5/2024 20:40,12.87,0,"","","",""
M5,2476,5/5/2024 20:45,13,0,"","","",""
M5,2477,5/5/2024 20:50,12.78,0,"","","",""
M5,2478,5/5/2024 20:55,12.61,0,"","","",""
M5,2479,5/5/2024 21:00,12.61,0,"","","",""
M5,2480,5/5/2024 21:05,12.52,0,"","","",""
M5,2481,5/5/2024 21:10,12.65,0,"","","",""
M5,2482,5/5/2024 21:15,12.44,0,"","","",""
M5,2483,5/5/2024 21:20,12.48,0,"","","",""
M5,2484,5/5/2024 21:25,12.35,0,"","","",""
M5,2485,5/5/2024 21:30,12.31,0,"","","",""
M5,2486,5/5/2024 21:35,12.31,0,"","","",""
M5,2487,5/5/2024 21:40,12.48,0,"","","",""
M5,2488,5/5/2024 21:45,12.27,0,"","","",""
M5,2489,5/5/2024 21:50,12.35,0,"","","",""
M5,2490,5/5/2024 21:55,12.44,0,"","","",""
M5,2491,5/5/2024 22:00,12.4,0,"","","",""
M5,2492,5/5/2024 22:05,12.52,0,"","","",""
M5,2493,5/5/2024 22:10,12.57,0,"","","",""
M5,2494,5/5/2024 22:15,12.52,0,"","","",""
M5,2495,5/5/2024 22:20,12.61,0,"","","",""
M5,2496,5/5/2024 22:25,12.57,0,"","","",""
M5,2497,5/5/2024 22:30,12.61,0,"","","",""
M5,2498,5/5/2024 22:35,12.61,0,"","","",""
M5,2499,5/5/2024 22:40,12.57,0,"","","",""
M5,2500,5/5/2024 22:45,12.57,0,"","","",""
M5,2501,5/5/2024 22:50,12.57,0,"","","",""
M5,2502,5/5/2024 22:55,12.61,0,"","","",""
M5,2503,5/5/2024 23:00,12.65,0,"","","",""
M5,2504,5/5/2024 23:05,12.65,0,"","","",""
M5,2505,5/5/2024 23:10,12.61,0,"","","",""
M5,2506,5/5/2024 23:15,12.57,0,"","","",""
M5,2507,5/5/2024 23:20,12.52,0,"","","",""
M5,2508,5/5/2024 23:25,12.52,0,"","","",""
M5,2509,5/5/2024 23:30,12.52,0,"","","",""
M5,2510,5/5/2024 23:35,12.44,0,"","","",""
M5,2511,5/5/2024 23:40,12.4,0,"","","",""
M5,2512,5/5/2024 23:45,12.4,0,"","","",""
M5,2513,5/5/2024 23:50,12.27,0,"","","",""
M5,2514,5/5/2024 23:55,12.22,0,"","","",""
M5,2515,5/6/2024 0:00,12.27,0,"","","",""
M5,2516,5/6/2024 0:05,12.05,0,"","","",""
M5,2517,5/6/2024 0:10,12.1,0,"","","",""
M5,2518,5/6/2024 0:15,11.75,0,"","","",""
M5,2519,5/6/2024 0:20,11.49,0,"","","",""
M5,2520,5/6/2024 0:25,11.71,0,"","","",""
M5,2521,5/6/2024 0:30,10.85,0,"","","",""
M5,2522,5/6/2024 0:35,10.25,0,"","","",""
M5,2523,5/6/2024 0:40,10.81,0,"","","",""
M5,2524,5/6/2024 0:45,10.72,0,"","","",""
M5,2525,5/6/2024 0:50,10.29,0,"","","",""
M5,2526,5/6/2024 0:55,9.74,0,"","","",""
M5,2527,5/6/2024 1:00,9.44,0.21,"","","",""
M5,2528,5/6/2024 1:05,9.22,0,"","","",""
M5,2529,5/6/2024 1:10,9.09,0,"","","",""
M5,2530,5/6/2024 1:15,9.22,0,"","","",""
M5,2531,5/6/2024 1:20,9.01,0,"","","",""
M5,2532,5/6/2024 1:25,8.71,0,"","","",""
M5,2533,5/6/2024 1:30,8.96,0,"","","",""
M5,2534,5/6/2024 1:35,9.22,0,"","","",""
M5,2535,5/6/2024 1:40,8.96,0,"","","",""
M5,2536,5/6/2024 1:45,8.79,0,"","","",""
M5,2537,5/6/2024 1:50,8.45,0,"","","",""
M5,2538,5/6/2024 1:55,8.58,0,"","","",""
M5,2539,5/6/2024 2:00,8.45,0,"","","",""
M5,2540,5/6/2024 2:05,8.45,0,"","","",""
M5,2541,5/6/2024 2:10,8.83,0,"","","",""
M5,2542,5/6/2024 2:15,9.01,0,"","","",""
M5,2543,5/6/2024 2:20,8.75,0,"","","",""
M5,2544,5/6/2024 2:25,8.75,0,"","","",""
M5,2545,5/6/2024 2:30,8.53,0,"","","",""
M5,2546,5/6/2024 2:35,8.75,0,"","","",""
M5,2547,5/6/2024 2:40,8.53,0,"","","",""
M5,2548,5/6/2024 2:45,8.92,0,"","","",""
M5,2549,5/6/2024 2:50,8.92,0,"","","",""
M5,2550,5/6/2024 2:55,8.79,0,"","","",""
M5,2551,5/6/2024 3:00,8.66,0,"","","",""
M5,2552,5/6/2024 3:05,8.53,0,"","","",""
M5,2553,5/6/2024 3:10,8.75,0,"","","",""
M5,2554,5/6/2024 3:15,8.92,0,"","","",""
M5,2555,5/6/2024 3:20,9.05,0,"","","",""
M5,2556,5/6/2024 3:25,9.09,0,"","","",""
M5,2557,5/6/2024 3:30,9.18,0,"","","",""
M5,2558,5/6/2024 3:35,9.22,0,"","","",""
M5,2559,5/6/2024 3:40,9.31,0,"","","",""
M5,2560,5/6/2024 3:45,9.35,0,"","","",""
M5,2561,5/6/2024 3:50,9.31,0,"","","",""
M5,2562,5/6/2024 3:55,9.31,0,"","","",""
M5,2563,5/6/2024 4:00,9.05,0,"","","",""
M5,2564,5/6/2024 4:05,8.88,0,"","","",""
M5,2565,5/6/2024 4:10,8.75,0.21,"","","",""
M5,2566,5/6/2024 4:15,8.53,0,"","","",""
M5,2567,5/6/2024 4:20,8.45,0,"","","",""
M5,2568,5/6/2024 4:25,8.66,0,"","","",""
M5,2569,5/6/2024 4:30,8.83,0,"","","",""
M5,2570,5/6/2024 4:35,9.01,0,"","","",""
M5,2571,5/6/2024 4:40,9.14,0,"","","",""
M5,2572,5/6/2024 4:45,9.22,0,"","","",""
M5,2573,5/6/2024 4:50,9.61,0,"","","",""
M5,2574,5/6/2024 4:55,10.04,0,"","","",""
M5,2575,5/6/2024 5:00,9.86,0,"","","",""
M5,2576,5/6/2024 5:05,10.21,0,"","","",""
M5,2577,5/6/2024 5:10,10.46,0,"","","",""
M5,2578,5/6/2024 5:15,10.72,0,"","","",""
M5,2579,5/6/2024 5:20,10.89,0,"","","",""
M5,2580,5/6/2024 5:25,10.98,0.21,"","","",""
M5,2581,5/6/2024 5:30,11.02,1.07,"","","",""
M5,2582,5/6/2024 5:35,11.07,3.87,"","","",""
M5,2583,5/6/2024 5:40,11.11,12.09,"","","",""
M5,2584,5/6/2024 5:45,11.19,35.91,"","","",""
M5,2585,5/6/2024 5:50,11.15,15.13,"","","",""
M5,2586,5/6/2024 5:55,11.19,178.24,"","","",""
M5,2587,5/6/2024 6:00,11.24,295.28,"","","",""
M5,2588,5/6/2024 6:05,11.24,372.16,"","","",""
M5,2589,5/6/2024 6:10,11.28,723.52,"","","",""
M5,2590,5/6/2024 6:15,11.19,664.32,"","","",""
M5,2591,5/6/2024 6:20,11.28,701.12,"","","",""
M5,2592,5/6/2024 6:25,11.28,397.76,"","","",""
M5,2593,5/6/2024 6:30,11.28,2640.64,"","","",""
M5,2594,5/6/2024 6:35,11.32,725.44,"","","",""
M5,2595,5/6/2024 6:40,11.37,2986.24,"","","",""
M5,2596,5/6/2024 6:45,11.37,3480.32,"","","",""
M5,2597,5/6/2024 6:50,11.32,622.88,"","","",""
M5,2598,5/6/2024 6:55,11.37,1857.28,"","","",""
M5,2599,5/6/2024 7:00,11.41,4021.76,"","","",""
M5,2600,5/6/2024 7:05,11.45,4710.4,"","","",""
M5,2601,5/6/2024 7:10,11.45,5299.2,"","","",""
M5,2602,5/6/2024 7:15,11.54,1870.72,"","","",""
M5,2603,5/6/2024 7:20,11.49,7900.16,"","","",""
M5,2604,5/6/2024 7:25,11.58,491.68,"","","",""
M5,2605,5/6/2024 7:30,11.67,10782.72,"","","",""
M5,2606,5/6/2024 7:35,11.67,2446.72,"","","",""
M5,2607,5/6/2024 7:40,11.71,9518.08,"","","",""
M5,2608,5/6/2024 7:45,11.75,10301.44,"","","",""
M5,2609,5/6/2024 7:50,11.79,6402.56,"","","",""
M5,2610,5/6/2024 7:55,11.84,7644.16,"","","",""
M5,2611,5/6/2024 8:00,11.97,10088.96,"","","",""
M5,2612,5/6/2024 8:05,12.05,16967.68,"","","",""
M5,2613,5/6/2024 8:10,12.27,18560,"","","",""
M5,2614,5/6/2024 8:15,12.44,16317.44,"","","",""
M5,2615,5/6/2024 8:20,12.52,23572.48,"","","",""
M5,2616,5/6/2024 8:25,12.52,18805.76,"","","",""
M5,2617,5/6/2024 8:30,12.7,22435.84,"","","",""
M5,2618,5/6/2024 8:35,12.82,25600,"","","",""
M5,2619,5/6/2024 8:40,12.87,22794.24,"","","",""
M5,2620,5/6/2024 8:45,12.87,22681.6,"","","",""
M5,2621,5/6/2024 8:50,12.91,28487.68,"","","",""
M5,2622,5/6/2024 8:55,12.91,20500.48,"","","",""
M5,2623,5/6/2024 9:00,13,7823.36,"","","",""
M5,2624,5/6/2024 9:05,12.95,21985.28,"","","",""
M5,2625,5/6/2024 9:10,13.12,27791.36,"","","",""
M5,2626,5/6/2024 9:15,13.17,30720,"","","",""
M5,2627,5/6/2024 9:20,13.21,37365.76,"","","",""
M5,2628,5/6/2024 9:25,13.25,50196.48,"","","",""
M5,2629,5/6/2024 9:30,13.25,13506.56,"","","",""
M5,2630,5/6/2024 9:35,13.34,7290.88,"","","",""
M5,2631,5/6/2024 9:40,13.38,37232.64,"","","",""
M5,2632,5/6/2024 9:45,13.43,48578.56,"","","",""
M5,2633,5/6/2024 9:50,13.51,44912.64,"","","",""
M5,2634,5/6/2024 9:55,13.51,47616,"","","",""
M5,2635,5/6/2024 10:00,13.55,27074.56,"","","",""
M5,2636,5/6/2024 10:05,13.68,59924.48,"","","",""
M5,2637,5/6/2024 10:10,13.6,18856.96,"","","",""
M5,2638,5/6/2024 10:15,13.73,55705.6,"","","",""
M5,2639,5/6/2024 10:20,13.77,43950.08,"","","",""
M5,2640,5/6/2024 10:25,13.73,23726.08,"","","",""
M5,2641,5/6/2024 10:30,13.81,59371.52,"","","",""
M5,2642,5/6/2024 10:35,13.9,43868.16,"","","",""
M5,2643,5/6/2024 10:40,13.9,66027.52,"","","",""
M5,2644,5/6/2024 10:45,13.94,58060.8,"","","",""
M5,2645,5/6/2024 10:50,14.07,18498.56,"","","",""
M5,2646,5/6/2024 10:55,14.07,34846.72,"","","",""
M5,2647,5/6/2024 11:00,14.07,34478.08,"","","",""
M5,2648,5/6/2024 11:05,14.2,38154.24,"","","",""
M5,2649,5/6/2024 11:10,14.28,51630.08,"","","",""
M5,2650,5/6/2024 11:15,14.5,34775.04,"","","",""
M5,2651,5/6/2024 11:20,14.54,61050.88,"","","",""
M5,2652,5/6/2024 11:25,14.63,56381.44,"","","",""
M5,2653,5/6/2024 11:30,14.71,58982.4,"","","",""
M5,2654,5/6/2024 11:35,14.88,39045.12,"","","",""
M5,2655,5/6/2024 11:40,15.01,59740.16,"","","",""
M5,2656,5/6/2024 11:45,15.36,35153.92,"","","",""
M5,2657,5/6/2024 11:50,15.96,35665.92,"","","",""
M5,2658,5/6/2024 11:55,16.26,80076.8,"","","",""
M5,2659,5/6/2024 12:00,16.6,73338.88,"","","",""
M5,2660,5/6/2024 12:05,16.51,31989.76,"","","",""
M5,2661,5/6/2024 12:10,17.11,77946.88,"","","",""
M5,2662,5/6/2024 12:15,16.64,46919.68,"","","",""
M5,2663,5/6/2024 12:20,18.4,81039.36,"","","",""
M5,2664,5/6/2024 12:25,18.32,80957.44,"","","",""
M5,2665,5/6/2024 12:30,19.09,80793.6,"","","",""
M5,2666,5/6/2024 12:35,18.87,80936.96,"","","",""
M5,2667,5/6/2024 12:40,19.26,63016.96,"","","",""
M5,2668,5/6/2024 12:45,19.52,80568.32,"","","",""
M5,2669,5/6/2024 12:50,20.33,80404.48,"","","",""
M5,2670,5/6/2024 12:55,20.12,80015.36,"","","",""
M5,2671,5/6/2024 13:00,20.03,79892.48,"","","",""
M5,2672,5/6/2024 13:05,20.76,79339.52,"","","",""
M5,2673,5/6/2024 13:10,20.98,78745.6,"","","",""
M5,2674,5/6/2024 13:10,,,Logged,Logged,"",""
M5,2675,5/6/2024 13:10,,,"","",Logged,Logged
