Plot,#,Date-Time (PDT),Ch:1 - Temperature   (°C),Ch:2 - Light   (lux),Button Down,Button Up,Host Connected,End of File
RW1,193,4/7/2024 5:55,6.78,0,"","","",""
RW1,194,4/7/2024 6:00,6.82,0.88,"","","",""
RW1,195,4/7/2024 6:05,6.82,2.64,"","","",""
RW1,196,4/7/2024 6:10,6.73,10.15,"","","",""
RW1,197,4/7/2024 6:15,7.98,33.68,"","","",""
RW1,198,4/7/2024 6:20,10.42,50.96,"","","",""
RW1,199,4/7/2024 6:25,11.58,39.95,"","","",""
RW1,200,4/7/2024 6:30,11.92,135.72,"","","",""
RW1,201,4/7/2024 6:35,12.4,247.44,"","","",""
RW1,202,4/7/2024 6:40,12.57,77.26,"","","",""
RW1,203,4/7/2024 6:45,12.61,122.28,"","","",""
RW1,204,4/7/2024 6:50,12.7,60.8,"","","",""
RW1,205,4/7/2024 6:55,12.74,744.32,"","","",""
RW1,206,4/7/2024 7:00,12.78,1314.56,"","","",""
RW1,207,4/7/2024 7:05,12.78,2951.68,"","","",""
RW1,208,4/7/2024 7:10,12.78,397.6,"","","",""
RW1,209,4/7/2024 7:15,12.82,2165.76,"","","",""
RW1,210,4/7/2024 7:20,12.91,5593.6,"","","",""
RW1,211,4/7/2024 7:25,12.91,1016.96,"","","",""
RW1,212,4/7/2024 7:30,13,1363.2,"","","",""
RW1,213,4/7/2024 7:35,13,7290.88,"","","",""
RW1,214,4/7/2024 7:40,13.08,7065.6,"","","",""
RW1,215,4/7/2024 7:45,13.04,1048.64,"","","",""
RW1,216,4/7/2024 7:50,13.04,67.52,"","","",""
RW1,217,4/7/2024 7:55,13.12,2708.48,"","","",""
RW1,218,4/7/2024 8:00,13.12,8586.24,"","","",""
RW1,219,4/7/2024 8:05,13.25,8389.12,"","","",""
RW1,220,4/7/2024 8:10,13.21,3965.44,"","","",""
RW1,221,4/7/2024 8:15,13.3,2946.56,"","","",""
RW1,222,4/7/2024 8:20,13.17,4828.16,"","","",""
RW1,223,4/7/2024 8:25,13.3,2298.24,"","","",""
RW1,224,4/7/2024 8:30,13.47,1505.28,"","","",""
RW1,225,4/7/2024 8:35,13.68,8296.96,"","","",""
RW1,226,4/7/2024 8:40,13.77,12579.84,"","","",""
RW1,227,4/7/2024 8:45,13.68,968.64,"","","",""
RW1,228,4/7/2024 8:50,13.9,5616.64,"","","",""
RW1,229,4/7/2024 8:55,13.9,642.72,"","","",""
RW1,230,4/7/2024 9:00,13.9,30044.16,"","","",""
RW1,231,4/7/2024 9:05,13.98,29736.96,"","","",""
RW1,232,4/7/2024 9:10,14.11,2277.12,"","","",""
RW1,233,4/7/2024 9:15,13.9,2282.24,"","","",""
RW1,234,4/7/2024 9:20,14.28,48230.4,"","","",""
RW1,235,4/7/2024 9:25,14.11,15559.68,"","","",""
RW1,236,4/7/2024 9:30,14.24,34723.84,"","","",""
RW1,237,4/7/2024 9:35,14.41,28221.44,"","","",""
RW1,238,4/7/2024 9:40,14.41,7098.88,"","","",""
RW1,239,4/7/2024 9:45,14.54,1788.16,"","","",""
RW1,240,4/7/2024 9:50,14.41,497.44,"","","",""
RW1,241,4/7/2024 9:55,14.67,27381.76,"","","",""
RW1,242,4/7/2024 10:00,14.88,21872.64,"","","",""
RW1,243,4/7/2024 10:05,14.84,42250.24,"","","",""
RW1,244,4/7/2024 10:10,15.1,15011.84,"","","",""
RW1,245,4/7/2024 10:15,15.1,27207.68,"","","",""
RW1,246,4/7/2024 10:20,15.14,19118.08,"","","",""
RW1,247,4/7/2024 10:25,15.27,187.28,"","","",""
RW1,248,4/7/2024 10:30,15.27,1768.96,"","","",""
RW1,249,4/7/2024 10:35,15.27,29777.92,"","","",""
RW1,250,4/7/2024 10:40,15.83,12426.24,"","","",""
RW1,251,4/7/2024 10:45,15.96,485.12,"","","",""
RW1,252,4/7/2024 10:50,15.48,170.8,"","","",""
RW1,253,4/7/2024 10:55,15.66,36782.08,"","","",""
RW1,254,4/7/2024 11:00,16.04,223.84,"","","",""
RW1,255,4/7/2024 11:05,15.96,409.92,"","","",""
RW1,256,4/7/2024 11:10,16.47,71536.64,"","","",""
RW1,257,4/7/2024 11:15,15.53,694.72,"","","",""
RW1,258,4/7/2024 11:20,18.79,70635.52,"","","",""
RW1,259,4/7/2024 11:25,19.73,8360.96,"","","",""
RW1,260,4/7/2024 11:30,21.45,10206.72,"","","",""
RW1,261,4/7/2024 11:35,22.99,14376.96,"","","",""
RW1,262,4/7/2024 11:40,24.92,19645.44,"","","",""
RW1,263,4/7/2024 11:45,26.34,24330.24,"","","",""
RW1,343,4/7/2024 18:25,13.81,7416.32,"","","",""
RW1,344,4/7/2024 18:30,13.34,6307.84,"","","",""
RW1,345,4/7/2024 18:35,13.21,6085.12,"","","",""
RW1,346,4/7/2024 18:40,14.75,3463.68,"","","",""
RW1,347,4/7/2024 18:45,15.14,1523.84,"","","",""
RW1,348,4/7/2024 18:50,15.18,189.6,"","","",""
RW1,349,4/7/2024 18:55,15.18,431.36,"","","",""
RW1,350,4/7/2024 19:00,15.18,14.2,"","","",""
RW1,351,4/7/2024 19:05,15.18,44.8,"","","",""
RW1,352,4/7/2024 19:10,15.23,315.44,"","","",""
RW1,353,4/7/2024 19:15,15.14,17.94,"","","",""
RW1,354,4/7/2024 19:20,15.1,82.44,"","","",""
RW1,355,4/7/2024 19:25,15.06,2.86,"","","",""
RW1,356,4/7/2024 19:30,15.06,0.66,"","","",""
RW1,357,4/7/2024 19:35,15.01,8.8,"","","",""
RW1,358,4/7/2024 19:40,14.93,0.88,"","","",""
RW1,359,4/7/2024 19:45,15.01,0,"","","",""
RW1,360,4/7/2024 19:50,14.93,0,"","","",""
RW1,361,4/7/2024 19:55,14.93,0,"","","",""
RW1,362,4/7/2024 20:00,14.88,0,"","","",""
RW1,363,4/7/2024 20:05,14.88,0,"","","",""
RW1,364,4/7/2024 20:10,14.84,0,"","","",""
RW1,365,4/7/2024 20:15,14.8,0,"","","",""
RW1,366,4/7/2024 20:20,14.75,0,"","","",""
RW1,367,4/7/2024 20:25,14.71,0,"","","",""
RW1,368,4/7/2024 20:30,14.71,0,"","","",""
RW1,369,4/7/2024 20:35,14.67,0,"","","",""
RW1,370,4/7/2024 20:40,14.63,0,"","","",""
RW1,371,4/7/2024 20:45,14.63,0,"","","",""
RW1,372,4/7/2024 20:50,14.63,0,"","","",""
RW1,373,4/7/2024 20:55,14.58,0,"","","",""
RW1,374,4/7/2024 21:00,14.58,0,"","","",""
RW1,375,4/7/2024 21:05,14.54,0,"","","",""
RW1,376,4/7/2024 21:10,14.5,0,"","","",""
RW1,377,4/7/2024 21:15,14.54,0,"","","",""
RW1,378,4/7/2024 21:20,14.54,0,"","","",""
RW1,379,4/7/2024 21:25,14.45,0,"","","",""
RW1,380,4/7/2024 21:30,14.45,0,"","","",""
RW1,381,4/7/2024 21:35,14.45,0,"","","",""
RW1,382,4/7/2024 21:40,14.37,0,"","","",""
RW1,383,4/7/2024 21:45,14.37,0,"","","",""
RW1,384,4/7/2024 21:50,14.41,0,"","","",""
RW1,385,4/7/2024 21:55,14.37,0,"","","",""
RW1,386,4/7/2024 22:00,14.37,0,"","","",""
RW1,387,4/7/2024 22:05,14.37,0,"","","",""
RW1,388,4/7/2024 22:10,14.37,0,"","","",""
RW1,389,4/7/2024 22:15,14.33,0,"","","",""
RW1,390,4/7/2024 22:20,14.37,0,"","","",""
RW1,391,4/7/2024 22:25,14.33,0,"","","",""
RW1,392,4/7/2024 22:30,14.28,0,"","","",""
RW1,393,4/7/2024 22:35,14.24,0,"","","",""
RW1,394,4/7/2024 22:40,14.28,0,"","","",""
RW1,395,4/7/2024 22:45,14.33,0,"","","",""
RW1,396,4/7/2024 22:50,14.28,0,"","","",""
RW1,397,4/7/2024 22:55,14.28,0,"","","",""
RW1,398,4/7/2024 23:00,14.24,0,"","","",""
RW1,399,4/7/2024 23:05,14.24,0,"","","",""
RW1,400,4/7/2024 23:10,14.28,0,"","","",""
RW1,401,4/7/2024 23:15,14.28,0,"","","",""
RW1,402,4/7/2024 23:20,14.28,0,"","","",""
RW1,403,4/7/2024 23:25,14.24,0,"","","",""
RW1,404,4/7/2024 23:30,14.28,0,"","","",""
RW1,405,4/7/2024 23:35,14.24,0,"","","",""
RW1,406,4/7/2024 23:40,14.24,0,"","","",""
RW1,407,4/7/2024 23:45,14.15,0,"","","",""
RW1,408,4/7/2024 23:50,14.2,0,"","","",""
RW1,409,4/7/2024 23:55,14.11,0,"","","",""
RW1,410,4/8/2024 0:00,14.07,0,"","","",""
RW1,411,4/8/2024 0:05,13.94,0,"","","",""
RW1,412,4/8/2024 0:10,13.51,0,"","","",""
RW1,413,4/8/2024 0:15,12.57,0,"","","",""
RW1,414,4/8/2024 0:20,12.4,0,"","","",""
RW1,492,4/8/2024 6:50,9.22,1380.48,"","","",""
RW1,493,4/8/2024 6:55,9.56,1838.72,"","","",""
RW1,494,4/8/2024 7:00,9.82,2294.4,"","","",""
RW1,495,4/8/2024 7:05,10.29,2792.96,"","","",""
RW1,496,4/8/2024 7:10,11.28,3909.12,"","","",""
RW1,497,4/8/2024 7:15,12.4,10403.84,"","","",""
RW1,498,4/8/2024 7:20,12.61,6571.52,"","","",""
RW1,499,4/8/2024 7:25,12.61,46.66,"","","",""
RW1,500,4/8/2024 7:30,12.7,4494.08,"","","",""
RW1,501,4/8/2024 7:35,12.74,9912.32,"","","",""
RW1,502,4/8/2024 7:40,12.78,1037.12,"","","",""
RW1,503,4/8/2024 7:45,12.87,10572.8,"","","",""
RW1,504,4/8/2024 7:50,12.91,88.72,"","","",""
RW1,505,4/8/2024 7:55,12.82,10255.36,"","","",""
RW1,506,4/8/2024 8:00,12.91,968.64,"","","",""
RW1,507,4/8/2024 8:05,13,5736.96,"","","",""
RW1,508,4/8/2024 8:10,13.04,1518.72,"","","",""
RW1,509,4/8/2024 8:15,13.12,10711.04,"","","",""
RW1,510,4/8/2024 8:20,13.08,17024,"","","",""
RW1,511,4/8/2024 8:25,13.25,781.44,"","","",""
RW1,512,4/8/2024 8:30,13.21,18298.88,"","","",""
RW1,513,4/8/2024 8:35,13.25,20454.4,"","","",""
RW1,514,4/8/2024 8:40,13.21,6353.92,"","","",""
RW1,515,4/8/2024 8:45,13.25,4472.32,"","","",""
RW1,516,4/8/2024 8:50,13.47,3796.48,"","","",""
RW1,517,4/8/2024 8:55,13.51,7564.8,"","","",""
RW1,518,4/8/2024 9:00,13.38,223.6,"","","",""
RW1,519,4/8/2024 9:05,13.47,3065.6,"","","",""
RW1,520,4/8/2024 9:10,13.6,18836.48,"","","",""
RW1,521,4/8/2024 9:15,13.51,5047.04,"","","",""
RW1,522,4/8/2024 9:20,13.51,3581.44,"","","",""
RW1,523,4/8/2024 9:25,13.64,1200,"","","",""
RW1,524,4/8/2024 9:30,13.77,1028.48,"","","",""
RW1,525,4/8/2024 9:35,13.77,17397.76,"","","",""
RW1,526,4/8/2024 9:40,13.98,5642.24,"","","",""
RW1,527,4/8/2024 9:45,13.94,28057.6,"","","",""
RW1,528,4/8/2024 9:50,14.33,31344.64,"","","",""
RW1,529,4/8/2024 9:55,14.15,3080.96,"","","",""
RW1,530,4/8/2024 10:00,14.33,7674.88,"","","",""
RW1,531,4/8/2024 10:05,14.41,6722.56,"","","",""
RW1,532,4/8/2024 10:10,14.54,3800.32,"","","",""
RW1,533,4/8/2024 10:15,14.45,30771.2,"","","",""
RW1,534,4/8/2024 10:20,14.93,2700.8,"","","",""
RW1,535,4/8/2024 10:25,14.93,3430.4,"","","",""
RW1,536,4/8/2024 10:30,14.75,322.24,"","","",""
RW1,537,4/8/2024 10:35,14.88,20111.36,"","","",""
RW1,538,4/8/2024 10:40,14.71,21309.44,"","","",""
RW1,539,4/8/2024 10:45,14.58,2952.96,"","","",""
RW1,540,4/8/2024 10:50,14.71,2768.64,"","","",""
RW1,541,4/8/2024 10:55,14.84,18913.28,"","","",""
RW1,542,4/8/2024 11:00,14.84,20930.56,"","","",""
RW1,543,4/8/2024 11:05,14.71,9172.48,"","","",""
RW1,544,4/8/2024 11:10,14.84,13107.2,"","","",""
RW1,545,4/8/2024 11:15,14.67,16798.72,"","","",""
RW1,546,4/8/2024 11:20,14.88,1405.44,"","","",""
RW1,547,4/8/2024 11:25,14.93,32440.32,"","","",""
RW1,548,4/8/2024 11:30,14.75,214.8,"","","",""
RW1,549,4/8/2024 11:35,15.01,1053.12,"","","",""
RW1,550,4/8/2024 11:40,15.31,16230.4,"","","",""
RW1,551,4/8/2024 11:45,15.61,6261.76,"","","",""
RW1,552,4/8/2024 11:50,15.7,50032.64,"","","",""
RW1,553,4/8/2024 11:55,16.43,1646.72,"","","",""
RW1,554,4/8/2024 12:00,16.73,59064.32,"","","",""
RW1,555,4/8/2024 12:05,15.66,1720.32,"","","",""
RW1,556,4/8/2024 12:10,15.96,1349.76,"","","",""
RW1,557,4/8/2024 12:15,17.33,7206.4,"","","",""
RW1,558,4/8/2024 12:20,18.7,6886.4,"","","",""
RW1,559,4/8/2024 12:25,19.9,6999.04,"","","",""
RW1,560,4/8/2024 12:30,20.93,6888.96,"","","",""
RW1,632,4/8/2024 18:30,14.67,1230.08,"","","",""
RW1,633,4/8/2024 18:35,14.67,1138.56,"","","",""
RW1,634,4/8/2024 18:40,14.63,1037.12,"","","",""
RW1,635,4/8/2024 18:45,14.63,1031.04,"","","",""
RW1,636,4/8/2024 18:50,15.01,361.6,"","","",""
RW1,637,4/8/2024 18:55,15.23,708.16,"","","",""
RW1,638,4/8/2024 19:00,15.36,914.88,"","","",""
RW1,639,4/8/2024 19:05,15.4,273.6,"","","",""
RW1,640,4/8/2024 19:10,15.36,654.24,"","","",""
RW1,641,4/8/2024 19:15,15.4,136.24,"","","",""
RW1,642,4/8/2024 19:20,15.4,77.44,"","","",""
RW1,643,4/8/2024 19:25,15.31,85.96,"","","",""
RW1,644,4/8/2024 19:30,15.23,5.5,"","","",""
RW1,645,4/8/2024 19:35,15.18,0.66,"","","",""
RW1,646,4/8/2024 19:40,15.1,1.76,"","","",""
RW1,647,4/8/2024 19:45,15.1,0.44,"","","",""
RW1,648,4/8/2024 19:50,14.97,0,"","","",""
RW1,649,4/8/2024 19:55,14.97,0,"","","",""
RW1,650,4/8/2024 20:00,15.01,0,"","","",""
RW1,651,4/8/2024 20:05,15.01,0,"","","",""
RW1,652,4/8/2024 20:10,14.97,0,"","","",""
RW1,653,4/8/2024 20:15,14.84,0,"","","",""
RW1,654,4/8/2024 20:20,14.75,0,"","","",""
RW1,655,4/8/2024 20:25,14.67,0,"","","",""
RW1,656,4/8/2024 20:30,14.63,0,"","","",""
RW1,657,4/8/2024 20:35,14.58,0,"","","",""
RW1,658,4/8/2024 20:40,14.63,0,"","","",""
RW1,659,4/8/2024 20:45,14.58,0,"","","",""
RW1,660,4/8/2024 20:50,14.58,0,"","","",""
RW1,661,4/8/2024 20:55,14.58,0,"","","",""
RW1,662,4/8/2024 21:00,14.54,0,"","","",""
RW1,663,4/8/2024 21:05,14.5,0,"","","",""
RW1,664,4/8/2024 21:10,14.5,0,"","","",""
RW1,665,4/8/2024 21:15,14.45,0,"","","",""
RW1,666,4/8/2024 21:20,14.41,0,"","","",""
RW1,667,4/8/2024 21:25,14.41,0,"","","",""
RW1,668,4/8/2024 21:30,14.41,0,"","","",""
RW1,669,4/8/2024 21:35,14.41,0,"","","",""
RW1,670,4/8/2024 21:40,14.41,0,"","","",""
RW1,671,4/8/2024 21:45,14.37,0,"","","",""
RW1,672,4/8/2024 21:50,14.37,0,"","","",""
RW1,673,4/8/2024 21:55,14.41,0,"","","",""
RW1,674,4/8/2024 22:00,14.41,0,"","","",""
RW1,675,4/8/2024 22:05,14.37,0,"","","",""
RW1,676,4/8/2024 22:10,14.41,0,"","","",""
RW1,677,4/8/2024 22:15,14.37,0,"","","",""
RW1,678,4/8/2024 22:20,14.33,0,"","","",""
RW1,679,4/8/2024 22:25,14.37,0,"","","",""
RW1,680,4/8/2024 22:30,14.37,0,"","","",""
RW1,681,4/8/2024 22:35,14.33,0,"","","",""
RW1,682,4/8/2024 22:40,14.33,0,"","","",""
RW1,683,4/8/2024 22:45,14.33,0,"","","",""
RW1,684,4/8/2024 22:50,14.41,0,"","","",""
RW1,685,4/8/2024 22:55,14.33,0,"","","",""
RW1,686,4/8/2024 23:00,14.28,0,"","","",""
RW1,687,4/8/2024 23:05,14.28,0,"","","",""
RW1,688,4/8/2024 23:10,14.24,0,"","","",""
RW1,689,4/8/2024 23:15,14.28,0,"","","",""
RW1,690,4/8/2024 23:20,14.28,0,"","","",""
RW1,691,4/8/2024 23:25,14.24,0,"","","",""
RW1,692,4/8/2024 23:30,14.2,0,"","","",""
RW1,693,4/8/2024 23:35,14.15,0,"","","",""
RW1,694,4/8/2024 23:40,14.15,0,"","","",""
RW1,695,4/8/2024 23:45,14.15,0,"","","",""
RW1,696,4/8/2024 23:50,14.15,0,"","","",""
RW1,697,4/8/2024 23:55,14.11,0,"","","",""
RW1,698,4/9/2024 0:00,14.11,0,"","","",""
RW1,699,4/9/2024 0:05,14.11,0,"","","",""
RW1,700,4/9/2024 0:10,14.07,0,"","","",""
RW1,701,4/9/2024 0:15,14.07,0,"","","",""
RW1,702,4/9/2024 0:20,14.03,0,"","","",""
RW1,703,4/9/2024 0:25,14.03,0,"","","",""
RW1,704,4/9/2024 0:30,13.98,0,"","","",""
RW1,705,4/9/2024 0:35,13.98,0,"","","",""
RW1,706,4/9/2024 0:40,13.85,0,"","","",""
RW1,707,4/9/2024 0:45,13.64,0,"","","",""
RW1,708,4/9/2024 0:50,13.55,0,"","","",""
RW1,709,4/9/2024 0:55,13.08,0,"","","",""
RW1,710,4/9/2024 1:00,12.82,0,"","","",""
RW1,795,4/9/2024 8:05,15.1,3673.6,"","","",""
RW1,796,4/9/2024 8:10,15.18,4677.12,"","","",""
RW1,797,4/9/2024 8:15,15.48,5754.88,"","","",""
RW1,798,4/9/2024 8:20,15.83,7685.12,"","","",""
RW1,799,4/9/2024 8:25,15.44,13204.48,"","","",""
RW1,800,4/9/2024 8:30,14.75,7244.8,"","","",""
RW1,801,4/9/2024 8:35,14.71,6223.36,"","","",""
RW1,802,4/9/2024 8:40,14.33,1133.12,"","","",""
RW1,803,4/9/2024 8:45,13.98,16404.48,"","","",""
RW1,804,4/9/2024 8:50,13.9,29009.92,"","","",""
RW1,805,4/9/2024 8:55,13.81,2364.8,"","","",""
RW1,806,4/9/2024 9:00,13.81,2782.72,"","","",""
RW1,807,4/9/2024 9:05,13.94,11648,"","","",""
RW1,808,4/9/2024 9:10,14.07,52121.6,"","","",""
RW1,809,4/9/2024 9:15,13.85,27494.4,"","","",""
RW1,810,4/9/2024 9:20,13.9,396.8,"","","",""
RW1,811,4/9/2024 9:25,14.15,6760.96,"","","",""
RW1,812,4/9/2024 9:30,14.11,26265.6,"","","",""
RW1,813,4/9/2024 9:35,14.24,231.76,"","","",""
RW1,814,4/9/2024 9:40,14.11,31416.32,"","","",""
RW1,815,4/9/2024 9:45,14.28,24586.24,"","","",""
RW1,816,4/9/2024 9:50,14.37,12380.16,"","","",""
RW1,817,4/9/2024 9:55,14.37,26572.8,"","","",""
RW1,818,4/9/2024 10:00,14.75,2350.72,"","","",""
RW1,819,4/9/2024 10:05,14.5,40898.56,"","","",""
RW1,820,4/9/2024 10:10,14.67,2150.4,"","","",""
RW1,821,4/9/2024 10:15,14.41,23572.48,"","","",""
RW1,822,4/9/2024 10:20,15.01,44728.32,"","","",""
RW1,823,4/9/2024 10:25,14.93,44769.28,"","","",""
RW1,824,4/9/2024 10:30,15.06,3891.2,"","","",""
RW1,825,4/9/2024 10:35,15.14,10874.88,"","","",""
RW1,826,4/9/2024 10:40,14.93,30617.6,"","","",""
RW1,827,4/9/2024 10:45,14.97,30822.4,"","","",""
RW1,828,4/9/2024 10:50,15.1,7994.88,"","","",""
RW1,829,4/9/2024 10:55,15.14,39239.68,"","","",""
RW1,830,4/9/2024 11:00,15.61,18355.2,"","","",""
RW1,831,4/9/2024 11:05,15.48,44830.72,"","","",""
RW1,832,4/9/2024 11:10,15.91,29624.32,"","","",""
RW1,833,4/9/2024 11:15,15.57,18764.8,"","","",""
RW1,834,4/9/2024 11:20,15.83,8706.56,"","","",""
RW1,835,4/9/2024 11:25,15.74,41646.08,"","","",""
RW1,836,4/9/2024 11:30,15.7,68976.64,"","","",""
RW1,837,4/9/2024 11:35,15.91,431.84,"","","",""
RW1,838,4/9/2024 11:40,15.78,6039.04,"","","",""
RW1,839,4/9/2024 11:45,16,316.8,"","","",""
RW1,840,4/9/2024 11:50,16.08,2685.44,"","","",""
RW1,841,4/9/2024 11:55,16.21,6423.04,"","","",""
RW1,842,4/9/2024 12:00,16.08,37775.36,"","","",""
RW1,843,4/9/2024 12:05,16.86,62095.36,"","","",""
RW1,844,4/9/2024 12:10,16.64,81203.2,"","","",""
RW1,845,4/9/2024 12:15,16.6,308.4,"","","",""
RW1,846,4/9/2024 12:20,16.81,1980.8,"","","",""
RW1,847,4/9/2024 12:25,17.46,1199.36,"","","",""
RW1,848,4/9/2024 12:30,16.9,692.48,"","","",""
RW1,849,4/9/2024 12:35,16.13,715.84,"","","",""
RW1,850,4/9/2024 12:40,20.93,84049.92,"","","",""
RW1,851,4/9/2024 12:45,26.04,109281.28,"","","",""
RW1,852,4/9/2024 12:50,29.08,107724.8,"","","",""
RW1,853,4/9/2024 12:55,32.43,108462.08,"","","",""
RW1,854,4/9/2024 13:00,34.06,109608.96,"","","",""
RW1,855,4/9/2024 13:05,34.83,110223.36,"","","",""
RW1,924,4/9/2024 18:50,15.31,4025.6,"","","",""
RW1,925,4/9/2024 18:55,15.18,3356.16,"","","",""
RW1,926,4/9/2024 19:00,15.06,2821.12,"","","",""
RW1,927,4/9/2024 19:05,14.93,2202.88,"","","",""
RW1,928,4/9/2024 19:10,14.88,879.04,"","","",""
RW1,929,4/9/2024 19:15,15.1,515.52,"","","",""
RW1,930,4/9/2024 19:20,15.23,319.84,"","","",""
RW1,931,4/9/2024 19:25,15.27,12.16,"","","",""
RW1,932,4/9/2024 19:30,15.23,0,"","","",""
RW1,933,4/9/2024 19:35,15.23,22.12,"","","",""
RW1,934,4/9/2024 19:40,15.23,0,"","","",""
RW1,935,4/9/2024 19:45,15.23,0.44,"","","",""
RW1,936,4/9/2024 19:50,15.14,0,"","","",""
RW1,937,4/9/2024 19:55,15.18,0,"","","",""
RW1,938,4/9/2024 20:00,15.1,0,"","","",""
RW1,939,4/9/2024 20:05,15.14,0,"","","",""
RW1,940,4/9/2024 20:10,15.1,0,"","","",""
RW1,941,4/9/2024 20:15,15.06,0,"","","",""
RW1,942,4/9/2024 20:20,15.06,0,"","","",""
RW1,943,4/9/2024 20:25,15.01,0,"","","",""
RW1,944,4/9/2024 20:30,15.01,0,"","","",""
RW1,945,4/9/2024 20:35,14.93,0,"","","",""
RW1,946,4/9/2024 20:40,14.93,0,"","","",""
RW1,947,4/9/2024 20:45,14.93,0,"","","",""
RW1,948,4/9/2024 20:50,14.88,0,"","","",""
RW1,949,4/9/2024 20:55,14.88,0,"","","",""
RW1,950,4/9/2024 21:00,14.84,0,"","","",""
RW1,951,4/9/2024 21:05,14.75,0,"","","",""
RW1,952,4/9/2024 21:10,14.8,0,"","","",""
RW1,953,4/9/2024 21:15,14.75,0,"","","",""
RW1,954,4/9/2024 21:20,14.71,0,"","","",""
RW1,955,4/9/2024 21:25,14.71,0,"","","",""
RW1,956,4/9/2024 21:30,14.67,0,"","","",""
RW1,957,4/9/2024 21:35,14.58,0,"","","",""
RW1,958,4/9/2024 21:40,14.63,0,"","","",""
RW1,959,4/9/2024 21:45,14.58,0,"","","",""
RW1,960,4/9/2024 21:50,14.58,0,"","","",""
RW1,961,4/9/2024 21:55,14.54,0,"","","",""
RW1,962,4/9/2024 22:00,14.54,0,"","","",""
RW1,963,4/9/2024 22:05,14.5,0,"","","",""
RW1,964,4/9/2024 22:10,14.41,0,"","","",""
RW1,965,4/9/2024 22:15,14.45,0,"","","",""
RW1,966,4/9/2024 22:20,14.37,0,"","","",""
RW1,967,4/9/2024 22:25,14.37,0,"","","",""
RW1,968,4/9/2024 22:30,14.24,0,"","","",""
RW1,969,4/9/2024 22:35,14.24,0,"","","",""
RW1,970,4/9/2024 22:40,14.24,0,"","","",""
RW1,971,4/9/2024 22:45,14.33,0,"","","",""
RW1,972,4/9/2024 22:50,14.28,0,"","","",""
RW1,973,4/9/2024 22:55,14.2,0,"","","",""
RW1,974,4/9/2024 23:00,14.2,0,"","","",""
RW1,975,4/9/2024 23:05,14.15,0,"","","",""
RW1,976,4/9/2024 23:10,14.24,0,"","","",""
RW1,977,4/9/2024 23:15,14.28,0,"","","",""
RW1,978,4/9/2024 23:20,14.24,0,"","","",""
RW1,979,4/9/2024 23:25,14.33,0,"","","",""
RW1,980,4/9/2024 23:30,14.28,0,"","","",""
RW1,981,4/9/2024 23:35,14.28,0,"","","",""
RW1,982,4/9/2024 23:40,14.28,0,"","","",""
RW1,983,4/9/2024 23:45,14.33,0,"","","",""
RW1,984,4/9/2024 23:50,14.24,0,"","","",""
RW1,985,4/9/2024 23:55,14.2,0,"","","",""
RW1,986,4/10/2024 0:00,14.11,0,"","","",""
RW1,987,4/10/2024 0:05,14.2,0,"","","",""
RW1,988,4/10/2024 0:10,14.2,0,"","","",""
RW1,989,4/10/2024 0:15,14.03,0,"","","",""
RW1,990,4/10/2024 0:20,13.98,0,"","","",""
RW1,991,4/10/2024 0:25,13.98,0,"","","",""
RW1,992,4/10/2024 0:30,14.03,0,"","","",""
RW1,993,4/10/2024 0:35,14.03,0,"","","",""
RW1,994,4/10/2024 0:40,13.98,0,"","","",""
RW1,995,4/10/2024 0:45,14.03,0,"","","",""
RW1,996,4/10/2024 0:50,13.94,0,"","","",""
RW1,997,4/10/2024 0:55,14.03,0,"","","",""
RW1,998,4/10/2024 1:00,13.98,0,"","","",""
RW1,999,4/10/2024 1:05,13.98,0,"","","",""
RW1,1000,4/10/2024 1:10,13.85,0,"","","",""
RW1,1001,4/10/2024 1:15,13.81,0,"","","",""
RW1,1002,4/10/2024 1:20,13.77,0,"","","",""
RW1,1003,4/10/2024 1:25,13.51,0,"","","",""
RW1,1004,4/10/2024 1:30,12.95,0,"","","",""
RW1,1005,4/10/2024 1:35,12.61,0,"","","",""
RW1,1006,4/10/2024 1:40,12.05,0,"","","",""
RW1,1007,4/10/2024 1:45,11.62,0,"","","",""
RW1,1098,4/10/2024 9:20,34.19,77537.28,"","","",""
RW1,1099,4/10/2024 9:25,34.88,78725.12,"","","",""
RW1,1100,4/10/2024 9:30,35.6,80384,"","","",""
RW1,1101,4/10/2024 9:35,36.59,82022.4,"","","",""
RW1,1102,4/10/2024 9:40,37.15,83681.28,"","","",""
RW1,1103,4/10/2024 9:45,29.3,83660.8,"","","",""
RW1,1104,4/10/2024 9:50,24.45,67031.04,"","","",""
RW1,1105,4/10/2024 9:55,22.91,86016,"","","",""
RW1,1106,4/10/2024 10:00,17.2,7198.72,"","","",""
RW1,1107,4/10/2024 10:05,16.17,87285.76,"","","",""
RW1,1108,4/10/2024 10:10,17.07,58736.64,"","","",""
RW1,1109,4/10/2024 10:15,16.13,4659.2,"","","",""
RW1,1110,4/10/2024 10:20,16.73,27361.28,"","","",""
RW1,1111,4/10/2024 10:25,16.56,5242.88,"","","",""
RW1,1112,4/10/2024 10:30,16.04,855.36,"","","",""
RW1,1113,4/10/2024 10:35,16.21,682.24,"","","",""
RW1,1114,4/10/2024 10:40,16.47,42270.72,"","","",""
RW1,1115,4/10/2024 10:45,16.26,4743.68,"","","",""
RW1,1116,4/10/2024 10:50,16.3,398.24,"","","",""
RW1,1117,4/10/2024 10:55,16.34,1107.52,"","","",""
RW1,1118,4/10/2024 11:00,16.26,12753.92,"","","",""
RW1,1119,4/10/2024 11:05,16.51,63037.44,"","","",""
RW1,1120,4/10/2024 11:10,16.51,79380.48,"","","",""
RW1,1121,4/10/2024 11:15,16.73,563.52,"","","",""
RW1,1122,4/10/2024 11:20,16.47,76697.6,"","","",""
RW1,1123,4/10/2024 11:25,16.81,23173.12,"","","",""
RW1,1124,4/10/2024 11:30,16.94,37488.64,"","","",""
RW1,1125,4/10/2024 11:35,16.6,6602.24,"","","",""
RW1,1126,4/10/2024 11:40,17.59,42557.44,"","","",""
RW1,1127,4/10/2024 11:45,16.73,715.84,"","","",""
RW1,1128,4/10/2024 11:50,17.03,52695.04,"","","",""
RW1,1129,4/10/2024 11:55,16.86,3061.76,"","","",""
RW1,1130,4/10/2024 12:00,17.24,26193.92,"","","",""
RW1,1131,4/10/2024 12:05,16.77,719.68,"","","",""
RW1,1132,4/10/2024 12:10,16.77,56913.92,"","","",""
RW1,1133,4/10/2024 12:15,16.86,1065.28,"","","",""
RW1,1134,4/10/2024 12:20,17.11,505.44,"","","",""
RW1,1135,4/10/2024 12:25,16.94,19696.64,"","","",""
RW1,1136,4/10/2024 12:30,17.37,29808.64,"","","",""
RW1,1137,4/10/2024 12:35,16.86,1516.16,"","","",""
RW1,1138,4/10/2024 12:40,17.46,40929.28,"","","",""
RW1,1139,4/10/2024 12:45,17.89,7106.56,"","","",""
RW1,1140,4/10/2024 12:50,17.33,63037.44,"","","",""
RW1,1141,4/10/2024 12:55,19.47,27422.72,"","","",""
RW1,1142,4/10/2024 13:00,17.63,861.12,"","","",""
RW1,1143,4/10/2024 13:05,17.07,4512,"","","",""
RW1,1144,4/10/2024 13:10,17.59,82616.32,"","","",""
RW1,1145,4/10/2024 13:15,25.09,80916.48,"","","",""
RW1,1146,4/10/2024 13:20,27.07,109076.48,"","","",""
RW1,1147,4/10/2024 13:25,27.88,103628.8,"","","",""
RW1,1148,4/10/2024 13:30,29.26,108257.28,"","","",""
RW1,1149,4/10/2024 13:35,29.73,106127.36,"","","",""
RW1,1150,4/10/2024 13:40,31.96,108093.44,"","","",""
RW1,1151,4/10/2024 13:45,32.99,107520,"","","",""
RW1,1152,4/10/2024 13:50,33.72,107110.4,"","","",""
RW1,1153,4/10/2024 13:55,34.1,107274.24,"","","",""
RW1,1214,4/10/2024 19:00,14.41,2923.52,"","","",""
RW1,1215,4/10/2024 19:05,14.28,2289.28,"","","",""
RW1,1216,4/10/2024 19:10,14.2,1665.92,"","","",""
RW1,1217,4/10/2024 19:15,14.15,1108.48,"","","",""
RW1,1218,4/10/2024 19:20,14.2,643.2,"","","",""
RW1,1219,4/10/2024 19:25,14.97,93.12,"","","",""
RW1,1220,4/10/2024 19:30,15.23,52.34,"","","",""
RW1,1221,4/10/2024 19:35,15.31,8.36,"","","",""
RW1,1222,4/10/2024 19:40,15.31,0.44,"","","",""
RW1,1223,4/10/2024 19:45,15.36,0,"","","",""
RW1,1224,4/10/2024 19:50,15.44,0,"","","",""
RW1,1225,4/10/2024 19:55,15.4,0,"","","",""
RW1,1226,4/10/2024 20:00,15.4,0,"","","",""
RW1,1227,4/10/2024 20:05,15.4,0,"","","",""
RW1,1228,4/10/2024 20:10,15.36,0,"","","",""
RW1,1229,4/10/2024 20:15,15.31,0,"","","",""
RW1,1230,4/10/2024 20:20,15.31,0,"","","",""
RW1,1231,4/10/2024 20:25,15.31,0,"","","",""
RW1,1232,4/10/2024 20:30,15.31,0,"","","",""
RW1,1233,4/10/2024 20:35,15.31,0,"","","",""
RW1,1234,4/10/2024 20:40,15.31,0,"","","",""
RW1,1235,4/10/2024 20:45,15.23,0,"","","",""
RW1,1236,4/10/2024 20:50,15.23,0,"","","",""
RW1,1237,4/10/2024 20:55,15.23,0,"","","",""
RW1,1238,4/10/2024 21:00,15.14,0,"","","",""
RW1,1239,4/10/2024 21:05,15.18,0,"","","",""
RW1,1240,4/10/2024 21:10,15.18,0,"","","",""
RW1,1241,4/10/2024 21:15,15.18,0,"","","",""
RW1,1242,4/10/2024 21:20,15.14,0,"","","",""
RW1,1243,4/10/2024 21:25,15.1,0,"","","",""
RW1,1244,4/10/2024 21:30,15.1,0,"","","",""
RW1,1245,4/10/2024 21:35,15.1,0,"","","",""
RW1,1246,4/10/2024 21:40,15.06,0,"","","",""
RW1,1247,4/10/2024 21:45,14.88,0,"","","",""
RW1,1248,4/10/2024 21:50,14.8,0,"","","",""
RW1,1249,4/10/2024 21:55,14.8,0,"","","",""
RW1,1250,4/10/2024 22:00,14.84,0,"","","",""
RW1,1251,4/10/2024 22:05,14.84,0,"","","",""
RW1,1252,4/10/2024 22:10,14.75,0,"","","",""
RW1,1253,4/10/2024 22:15,14.84,0,"","","",""
RW1,1254,4/10/2024 22:20,14.71,0,"","","",""
RW1,1255,4/10/2024 22:25,14.8,0,"","","",""
RW1,1256,4/10/2024 22:30,14.84,0,"","","",""
RW1,1257,4/10/2024 22:35,14.75,0,"","","",""
RW1,1258,4/10/2024 22:40,14.75,0,"","","",""
RW1,1259,4/10/2024 22:45,14.67,0,"","","",""
RW1,1260,4/10/2024 22:50,14.58,0,"","","",""
RW1,1261,4/10/2024 22:55,14.58,0,"","","",""
RW1,1262,4/10/2024 23:00,14.58,0,"","","",""
RW1,1263,4/10/2024 23:05,14.54,0,"","","",""
RW1,1264,4/10/2024 23:10,14.54,0,"","","",""
RW1,1265,4/10/2024 23:15,14.54,0,"","","",""
RW1,1266,4/10/2024 23:20,14.58,0,"","","",""
RW1,1267,4/10/2024 23:25,14.58,0,"","","",""
RW1,1268,4/10/2024 23:30,14.63,0,"","","",""
RW1,1269,4/10/2024 23:35,14.71,0,"","","",""
RW1,1270,4/10/2024 23:40,14.67,0,"","","",""
RW1,1271,4/10/2024 23:45,14.58,0,"","","",""
RW1,1272,4/10/2024 23:50,14.71,0,"","","",""
RW1,1273,4/10/2024 23:55,14.63,0,"","","",""
RW1,1274,4/11/2024 0:00,14.58,0,"","","",""
RW1,1275,4/11/2024 0:05,14.63,0,"","","",""
RW1,1276,4/11/2024 0:10,14.58,0,"","","",""
RW1,1277,4/11/2024 0:15,14.54,0,"","","",""
RW1,1278,4/11/2024 0:20,14.5,0,"","","",""
RW1,1279,4/11/2024 0:25,14.54,0,"","","",""
RW1,1280,4/11/2024 0:30,14.5,0,"","","",""
RW1,1281,4/11/2024 0:35,14.45,0,"","","",""
RW1,1282,4/11/2024 0:40,14.54,0,"","","",""
RW1,1283,4/11/2024 0:45,14.5,0,"","","",""
RW1,1284,4/11/2024 0:50,14.5,0,"","","",""
RW1,1285,4/11/2024 0:55,14.5,0,"","","",""
RW1,1286,4/11/2024 1:00,14.45,0,"","","",""
RW1,1287,4/11/2024 1:05,14.45,0,"","","",""
RW1,1288,4/11/2024 1:10,14.41,0,"","","",""
RW1,1289,4/11/2024 1:15,14.37,0,"","","",""
RW1,1290,4/11/2024 1:20,14.45,0,"","","",""
RW1,1291,4/11/2024 1:25,14.33,0,"","","",""
RW1,1292,4/11/2024 1:30,14.24,0,"","","",""
RW1,1293,4/11/2024 1:35,14.24,0,"","","",""
RW1,1294,4/11/2024 1:40,14.15,0,"","","",""
RW1,1295,4/11/2024 1:45,14.15,0,"","","",""
RW1,1296,4/11/2024 1:50,14.24,0,"","","",""
RW1,1297,4/11/2024 1:55,14.15,0,"","","",""
RW1,1298,4/11/2024 2:00,14.15,0,"","","",""
RW1,1299,4/11/2024 2:05,14.15,0,"","","",""
RW1,1300,4/11/2024 2:10,13.9,0,"","","",""
RW1,1301,4/11/2024 2:15,13.68,0,"","","",""
RW1,1302,4/11/2024 2:20,13.43,0,"","","",""
RW1,1303,4/11/2024 2:25,13.21,0,"","","",""
RW1,1304,4/11/2024 2:30,13.04,0,"","","",""
RW1,1400,4/11/2024 10:30,32.69,104939.52,"","","",""
RW1,1401,4/11/2024 10:35,33.97,78786.56,"","","",""
RW1,1402,4/11/2024 10:40,34.32,116121.6,"","","",""
RW1,1403,4/11/2024 10:45,33.93,103505.92,"","","",""
RW1,1404,4/11/2024 10:50,28.65,56565.76,"","","",""
RW1,1405,4/11/2024 10:55,27.75,84254.72,"","","",""
RW1,1406,4/11/2024 11:00,26.55,84787.2,"","","",""
RW1,1407,4/11/2024 11:05,25.57,83271.68,"","","",""
RW1,1408,4/11/2024 11:10,20.33,35543.04,"","","",""
RW1,1409,4/11/2024 11:15,20.33,49479.68,"","","",""
RW1,1410,4/11/2024 11:20,16.73,1061.12,"","","",""
RW1,1411,4/11/2024 11:25,16.69,7720.96,"","","",""
RW1,1412,4/11/2024 11:30,16.04,852.16,"","","",""
RW1,1413,4/11/2024 11:35,16.39,3202.56,"","","",""
RW1,1414,4/11/2024 11:40,16.3,1436.8,"","","",""
RW1,1415,4/11/2024 11:45,18.02,52428.8,"","","",""
RW1,1416,4/11/2024 11:50,17.16,12124.16,"","","",""
RW1,1417,4/11/2024 11:55,16.64,61399.04,"","","",""
RW1,1418,4/11/2024 12:00,16,31866.88,"","","",""
RW1,1419,4/11/2024 12:05,15.91,265.04,"","","",""
RW1,1420,4/11/2024 12:10,15.83,64040.96,"","","",""
RW1,1421,4/11/2024 12:15,15.96,3368.96,"","","",""
RW1,1422,4/11/2024 12:20,16.08,630.88,"","","",""
RW1,1423,4/11/2024 12:25,16.26,5480.96,"","","",""
RW1,1424,4/11/2024 12:30,16.04,516.48,"","","",""
RW1,1425,4/11/2024 12:35,16.26,792.96,"","","",""
RW1,1426,4/11/2024 12:40,16.08,761.92,"","","",""
RW1,1427,4/11/2024 12:45,15.78,7191.04,"","","",""
RW1,1428,4/11/2024 12:50,16.43,3544.32,"","","",""
RW1,1429,4/11/2024 12:55,16.17,10670.08,"","","",""
RW1,1430,4/11/2024 13:00,16.69,2087.04,"","","",""
RW1,1431,4/11/2024 13:05,16.3,5075.2,"","","",""
RW1,1432,4/11/2024 13:10,16,6233.6,"","","",""
RW1,1433,4/11/2024 13:15,17.41,26245.12,"","","",""
RW1,1434,4/11/2024 13:20,16.47,10327.04,"","","",""
RW1,1435,4/11/2024 13:25,16.64,627.84,"","","",""
RW1,1436,4/11/2024 13:30,17.5,9031.68,"","","",""
RW1,1437,4/11/2024 13:35,17.03,66293.76,"","","",""
RW1,1438,4/11/2024 13:40,16.69,6161.92,"","","",""
RW1,1439,4/11/2024 13:45,16.73,12405.76,"","","",""
RW1,1440,4/11/2024 13:50,17.54,16245.76,"","","",""
RW1,1441,4/11/2024 13:55,19,20398.08,"","","",""
RW1,1442,4/11/2024 14:00,20.76,60866.56,"","","",""
RW1,1443,4/11/2024 14:05,21.79,70799.36,"","","",""
RW1,1444,4/11/2024 14:10,24.19,100229.12,"","","",""
RW1,1445,4/11/2024 14:15,25.31,80076.8,"","","",""
RW1,1446,4/11/2024 14:20,25.27,34908.16,"","","",""
RW1,1447,4/11/2024 14:25,27.75,99737.6,"","","",""
RW1,1448,4/11/2024 14:30,25.57,78602.24,"","","",""
RW1,1449,4/11/2024 14:35,23.85,94699.52,"","","",""
RW1,1450,4/11/2024 14:40,26.3,102195.2,"","","",""
RW1,1451,4/11/2024 14:45,27.93,94085.12,"","","",""
RW1,1452,4/11/2024 14:50,29.13,94658.56,"","","",""
RW1,1453,4/11/2024 14:55,28.14,76308.48,"","","",""
RW1,1454,4/11/2024 15:00,29.51,77148.16,"","","",""
RW1,1455,4/11/2024 15:05,29.38,87654.4,"","","",""
RW1,1500,4/11/2024 18:50,12.78,3659.52,"","","",""
RW1,1501,4/11/2024 18:55,12.7,2949.12,"","","",""
RW1,1502,4/11/2024 19:00,12.61,2528.64,"","","",""
RW1,1503,4/11/2024 19:05,12.44,1825.92,"","","",""
RW1,1504,4/11/2024 19:10,12.52,1159.68,"","","",""
RW1,1505,4/11/2024 19:15,12.61,747.52,"","","",""
RW1,1506,4/11/2024 19:20,13.43,376.64,"","","",""
RW1,1507,4/11/2024 19:25,13.43,125.8,"","","",""
RW1,1508,4/11/2024 19:30,14.15,23.47,"","","",""
RW1,1509,4/11/2024 19:35,14.2,5.06,"","","",""
RW1,1510,4/11/2024 19:40,14.33,0.44,"","","",""
RW1,1511,4/11/2024 19:45,14.41,2.64,"","","",""
RW1,1512,4/11/2024 19:50,14.5,0,"","","",""
RW1,1513,4/11/2024 19:55,14.5,0,"","","",""
RW1,1514,4/11/2024 20:00,14.5,0,"","","",""
RW1,1515,4/11/2024 20:05,14.5,0,"","","",""
RW1,1516,4/11/2024 20:10,14.45,0,"","","",""
RW1,1517,4/11/2024 20:15,14.45,0,"","","",""
RW1,1518,4/11/2024 20:20,14.5,0,"","","",""
RW1,1519,4/11/2024 20:25,14.5,0,"","","",""
RW1,1520,4/11/2024 20:30,14.41,0,"","","",""
RW1,1521,4/11/2024 20:35,14.45,0,"","","",""
RW1,1522,4/11/2024 20:40,14.41,0,"","","",""
RW1,1523,4/11/2024 20:45,14.41,0,"","","",""
RW1,1524,4/11/2024 20:50,14.41,0,"","","",""
RW1,1525,4/11/2024 20:55,14.45,0,"","","",""
RW1,1526,4/11/2024 21:00,14.41,0,"","","",""
RW1,1527,4/11/2024 21:05,14.37,0,"","","",""
RW1,1528,4/11/2024 21:10,14.37,0,"","","",""
RW1,1529,4/11/2024 21:15,14.33,0,"","","",""
RW1,1530,4/11/2024 21:20,14.33,0,"","","",""
RW1,1531,4/11/2024 21:25,14.33,0,"","","",""
RW1,1532,4/11/2024 21:30,14.28,0,"","","",""
RW1,1533,4/11/2024 21:35,14.28,0,"","","",""
RW1,1534,4/11/2024 21:40,14.24,0,"","","",""
RW1,1535,4/11/2024 21:45,14.24,0,"","","",""
RW1,1536,4/11/2024 21:50,14.24,0,"","","",""
RW1,1537,4/11/2024 21:55,14.24,0,"","","",""
RW1,1538,4/11/2024 22:00,14.2,0,"","","",""
RW1,1539,4/11/2024 22:05,14.15,0,"","","",""
RW1,1540,4/11/2024 22:10,14.15,0,"","","",""
RW1,1541,4/11/2024 22:15,14.15,0,"","","",""
RW1,1542,4/11/2024 22:20,14.15,0,"","","",""
RW1,1543,4/11/2024 22:25,14.11,0,"","","",""
RW1,1544,4/11/2024 22:30,14.11,0,"","","",""
RW1,1545,4/11/2024 22:35,14.07,0,"","","",""
RW1,1546,4/11/2024 22:40,14.03,0,"","","",""
RW1,1547,4/11/2024 22:45,14.03,0,"","","",""
RW1,1548,4/11/2024 22:50,14.03,0,"","","",""
RW1,1549,4/11/2024 22:55,14.07,0,"","","",""
RW1,1550,4/11/2024 23:00,14.03,0,"","","",""
RW1,1551,4/11/2024 23:05,14.03,0,"","","",""
RW1,1552,4/11/2024 23:10,14.03,0,"","","",""
RW1,1553,4/11/2024 23:15,14.03,0,"","","",""
RW1,1554,4/11/2024 23:20,13.98,0,"","","",""
RW1,1555,4/11/2024 23:25,13.98,0,"","","",""
RW1,1556,4/11/2024 23:30,13.98,0,"","","",""
RW1,1557,4/11/2024 23:35,13.94,0,"","","",""
RW1,1558,4/11/2024 23:40,13.94,0,"","","",""
RW1,1559,4/11/2024 23:45,13.98,0,"","","",""
RW1,1560,4/11/2024 23:50,13.9,0,"","","",""
RW1,1561,4/11/2024 23:55,13.81,0,"","","",""
RW1,1562,4/12/2024 0:00,13.9,0,"","","",""
RW1,1563,4/12/2024 0:05,13.85,0,"","","",""
RW1,1564,4/12/2024 0:10,13.85,0,"","","",""
RW1,1565,4/12/2024 0:15,13.85,0,"","","",""
RW1,1566,4/12/2024 0:20,13.81,0,"","","",""
RW1,1567,4/12/2024 0:25,13.81,0,"","","",""
RW1,1568,4/12/2024 0:30,13.81,0,"","","",""
RW1,1569,4/12/2024 0:35,13.85,0,"","","",""
RW1,1570,4/12/2024 0:40,13.85,0,"","","",""
RW1,1571,4/12/2024 0:45,13.85,0,"","","",""
RW1,1572,4/12/2024 0:50,13.85,0,"","","",""
RW1,1573,4/12/2024 0:55,13.85,0,"","","",""
RW1,1574,4/12/2024 1:00,13.81,0,"","","",""
RW1,1575,4/12/2024 1:05,13.81,0,"","","",""
RW1,1576,4/12/2024 1:10,13.81,0,"","","",""
RW1,1577,4/12/2024 1:15,13.77,0,"","","",""
RW1,1578,4/12/2024 1:20,13.77,0,"","","",""
RW1,1579,4/12/2024 1:25,13.77,0,"","","",""
RW1,1580,4/12/2024 1:30,13.73,0,"","","",""
RW1,1581,4/12/2024 1:35,13.77,0,"","","",""
RW1,1582,4/12/2024 1:40,13.73,0,"","","",""
RW1,1583,4/12/2024 1:45,13.73,0,"","","",""
RW1,1584,4/12/2024 1:50,13.77,0,"","","",""
RW1,1585,4/12/2024 1:55,13.81,0,"","","",""
RW1,1586,4/12/2024 2:00,13.81,0,"","","",""
RW1,1587,4/12/2024 2:05,13.73,0,"","","",""
RW1,1588,4/12/2024 2:10,13.77,0,"","","",""
RW1,1589,4/12/2024 2:15,13.73,0,"","","",""
RW1,1590,4/12/2024 2:20,13.73,0,"","","",""
RW1,1591,4/12/2024 2:25,13.77,0,"","","",""
RW1,1592,4/12/2024 2:30,13.77,0,"","","",""
RW1,1593,4/12/2024 2:35,13.77,0,"","","",""
RW1,1594,4/12/2024 2:40,13.73,0,"","","",""
RW1,1595,4/12/2024 2:45,13.73,0,"","","",""
RW1,1596,4/12/2024 2:50,13.73,0,"","","",""
RW1,1597,4/12/2024 2:55,13.68,0,"","","",""
RW1,1598,4/12/2024 3:00,13.68,0,"","","",""
RW1,1599,4/12/2024 3:05,13.64,0,"","","",""
RW1,1600,4/12/2024 3:10,13.51,0,"","","",""
RW1,1601,4/12/2024 3:15,13.51,0,"","","",""
RW1,1602,4/12/2024 3:20,13.51,0,"","","",""
RW1,1603,4/12/2024 3:25,13.34,0,"","","",""
RW1,1604,4/12/2024 3:30,13.21,0,"","","",""
RW1,1705,4/12/2024 11:55,18.7,12712.96,"","","",""
RW1,1706,4/12/2024 12:00,18.14,11233.28,"","","",""
RW1,1707,4/12/2024 12:05,18.23,9973.76,"","","",""
RW1,1708,4/12/2024 12:10,17.97,9172.48,"","","",""
RW1,1709,4/12/2024 12:15,17.59,7641.6,"","","",""
RW1,1710,4/12/2024 12:20,17.07,6981.12,"","","",""
RW1,1711,4/12/2024 12:25,16.3,8798.72,"","","",""
RW1,1712,4/12/2024 12:30,16.21,9820.16,"","","",""
RW1,1713,4/12/2024 12:35,16.73,12354.56,"","","",""
RW1,1714,4/12/2024 12:40,16.39,11243.52,"","","",""
RW1,1715,4/12/2024 12:45,16.21,10114.56,"","","",""
RW1,1716,4/12/2024 12:50,15.57,6120.96,"","","",""
RW1,1717,4/12/2024 12:55,15.44,7500.8,"","","",""
RW1,1718,4/12/2024 13:00,15.01,666.56,"","","",""
RW1,1719,4/12/2024 13:05,15.61,16527.36,"","","",""
RW1,1720,4/12/2024 13:10,15.96,7303.68,"","","",""
RW1,1721,4/12/2024 13:15,15.01,7472.64,"","","",""
RW1,1722,4/12/2024 13:20,14.97,1045.12,"","","",""
RW1,1723,4/12/2024 13:25,14.84,6085.12,"","","",""
RW1,1724,4/12/2024 13:30,15.14,15477.76,"","","",""
RW1,1725,4/12/2024 13:35,16.04,29132.8,"","","",""
RW1,1726,4/12/2024 13:40,15.83,6712.32,"","","",""
RW1,1727,4/12/2024 13:45,14.58,523.52,"","","",""
RW1,1728,4/12/2024 13:50,14.84,17080.32,"","","",""
RW1,1729,4/12/2024 13:55,15.06,21647.36,"","","",""
RW1,1730,4/12/2024 14:00,14.84,12861.44,"","","",""
RW1,1731,4/12/2024 14:05,15.87,27176.96,"","","",""
RW1,1732,4/12/2024 14:10,14.71,1457.92,"","","",""
RW1,1733,4/12/2024 14:15,14.71,8276.48,"","","",""
RW1,1734,4/12/2024 14:20,15.23,13143.04,"","","",""
RW1,1735,4/12/2024 14:25,14.88,123.28,"","","",""
RW1,1736,4/12/2024 14:30,14.93,12697.6,"","","",""
RW1,1737,4/12/2024 14:35,14.45,462.72,"","","",""
RW1,1738,4/12/2024 14:40,14.93,6732.8,"","","",""
RW1,1739,4/12/2024 14:45,14.54,278.88,"","","",""
RW1,1740,4/12/2024 14:50,14.58,3502.08,"","","",""
RW1,1741,4/12/2024 14:55,14.75,2625.28,"","","",""
RW1,1742,4/12/2024 15:00,14.71,731.2,"","","",""
RW1,1743,4/12/2024 15:05,15.27,13276.16,"","","",""
RW1,1744,4/12/2024 15:10,15.31,2887.68,"","","",""
RW1,1745,4/12/2024 15:15,15.06,5959.68,"","","",""
RW1,1746,4/12/2024 15:20,15.48,5898.24,"","","",""
RW1,1747,4/12/2024 15:25,15.57,6213.12,"","","",""
RW1,1748,4/12/2024 15:30,16.3,14356.48,"","","",""
RW1,1749,4/12/2024 15:35,16.47,10757.12,"","","",""
RW1,1750,4/12/2024 15:40,16.77,16215.04,"","","",""
RW1,1751,4/12/2024 15:45,18.02,27811.84,"","","",""
RW1,1752,4/12/2024 15:50,18.87,28620.8,"","","",""
RW1,1753,4/12/2024 15:55,19.3,28661.76,"","","",""
RW1,1754,4/12/2024 16:00,19.82,28375.04,"","","",""
RW1,1755,4/12/2024 16:05,20.2,28446.72,"","","",""
RW1,1756,4/12/2024 16:10,19.95,26429.44,"","","",""
RW1,1757,4/12/2024 16:15,20.16,25149.44,"","","",""
RW1,1758,4/12/2024 16:20,20.03,25477.12,"","","",""
RW1,1759,4/12/2024 16:25,19.65,23162.88,"","","",""
RW1,1760,4/12/2024 16:30,19.35,21329.92,"","","",""
RW1,1761,4/12/2024 16:35,19.22,22108.16,"","","",""
RW1,1783,4/12/2024 18:25,14.63,1413.12,"","","",""
RW1,1784,4/12/2024 18:30,14.58,1305.92,"","","",""
RW1,1785,4/12/2024 18:35,14.54,1120.96,"","","",""
RW1,1786,4/12/2024 18:40,14.45,1055.68,"","","",""
RW1,1787,4/12/2024 18:45,14.41,1000.32,"","","",""
RW1,1788,4/12/2024 18:50,14.33,782.72,"","","",""
RW1,1789,4/12/2024 18:55,14.28,735.68,"","","",""
RW1,1790,4/12/2024 19:00,14.24,566.24,"","","",""
RW1,1791,4/12/2024 19:05,14.2,379.2,"","","",""
RW1,1792,4/12/2024 19:10,14.11,69.56,"","","",""
RW1,1793,4/12/2024 19:15,13.98,56.24,"","","",""
RW1,1794,4/12/2024 19:20,13.98,35.94,"","","",""
RW1,1795,4/12/2024 19:25,13.98,33.73,"","","",""
RW1,1796,4/12/2024 19:30,14.03,12.38,"","","",""
RW1,1797,4/12/2024 19:35,13.98,8.39,"","","",""
RW1,1798,4/12/2024 19:40,14.03,0,"","","",""
RW1,1799,4/12/2024 19:45,13.94,0,"","","",""
RW1,1800,4/12/2024 19:50,13.94,0,"","","",""
RW1,1801,4/12/2024 19:55,13.9,0,"","","",""
RW1,1802,4/12/2024 20:00,13.9,0,"","","",""
RW1,1803,4/12/2024 20:05,13.94,0,"","","",""
RW1,1804,4/12/2024 20:10,13.85,0,"","","",""
RW1,1805,4/12/2024 20:15,13.81,0,"","","",""
RW1,1806,4/12/2024 20:20,13.9,0,"","","",""
RW1,1807,4/12/2024 20:25,13.85,0,"","","",""
RW1,1808,4/12/2024 20:30,13.85,0,"","","",""
RW1,1809,4/12/2024 20:35,13.9,0,"","","",""
RW1,1810,4/12/2024 20:40,13.85,0,"","","",""
RW1,1811,4/12/2024 20:45,13.85,0,"","","",""
RW1,1812,4/12/2024 20:50,13.85,0,"","","",""
RW1,1813,4/12/2024 20:55,13.9,0,"","","",""
RW1,1814,4/12/2024 21:00,13.85,0,"","","",""
RW1,1815,4/12/2024 21:05,13.85,0,"","","",""
RW1,1816,4/12/2024 21:10,13.85,0,"","","",""
RW1,1817,4/12/2024 21:15,13.81,0,"","","",""
RW1,1818,4/12/2024 21:20,13.85,0,"","","",""
RW1,1819,4/12/2024 21:25,13.85,0,"","","",""
RW1,1820,4/12/2024 21:30,13.85,0,"","","",""
RW1,1821,4/12/2024 21:35,13.85,0,"","","",""
RW1,1822,4/12/2024 21:40,13.85,0,"","","",""
RW1,1823,4/12/2024 21:45,13.85,0,"","","",""
RW1,1824,4/12/2024 21:50,13.85,0,"","","",""
RW1,1825,4/12/2024 21:55,13.85,0,"","","",""
RW1,1826,4/12/2024 22:00,13.85,0,"","","",""
RW1,1827,4/12/2024 22:05,13.81,0,"","","",""
RW1,1828,4/12/2024 22:10,13.81,0,"","","",""
RW1,1829,4/12/2024 22:15,13.81,0,"","","",""
RW1,1830,4/12/2024 22:20,13.81,0,"","","",""
RW1,1831,4/12/2024 22:25,13.85,0,"","","",""
RW1,1832,4/12/2024 22:30,13.81,0,"","","",""
RW1,1833,4/12/2024 22:35,13.85,0,"","","",""
RW1,1834,4/12/2024 22:40,13.81,0,"","","",""
RW1,1835,4/12/2024 22:45,13.85,0,"","","",""
RW1,1836,4/12/2024 22:50,13.85,0,"","","",""
RW1,1837,4/12/2024 22:55,13.81,0,"","","",""
RW1,1838,4/12/2024 23:00,13.85,0,"","","",""
RW1,1839,4/12/2024 23:05,13.77,0,"","","",""
RW1,1840,4/12/2024 23:10,13.85,0,"","","",""
RW1,1841,4/12/2024 23:15,13.81,0,"","","",""
RW1,1842,4/12/2024 23:20,13.81,0,"","","",""
RW1,1843,4/12/2024 23:25,13.9,0,"","","",""
RW1,1844,4/12/2024 23:30,13.85,0,"","","",""
RW1,1845,4/12/2024 23:35,13.9,0,"","","",""
RW1,1846,4/12/2024 23:40,13.85,0,"","","",""
RW1,1847,4/12/2024 23:45,13.85,0,"","","",""
RW1,1848,4/12/2024 23:50,13.9,0,"","","",""
RW1,1849,4/12/2024 23:55,13.85,0,"","","",""
RW1,1850,4/13/2024 0:00,13.9,0,"","","",""
RW1,1851,4/13/2024 0:05,13.85,0,"","","",""
RW1,1852,4/13/2024 0:10,13.81,0,"","","",""
RW1,1853,4/13/2024 0:15,13.9,0,"","","",""
RW1,1854,4/13/2024 0:20,13.85,0,"","","",""
RW1,1855,4/13/2024 0:25,13.81,0,"","","",""
RW1,1856,4/13/2024 0:30,13.85,0,"","","",""
RW1,1857,4/13/2024 0:35,13.85,0,"","","",""
RW1,1858,4/13/2024 0:40,13.85,0,"","","",""
RW1,1859,4/13/2024 0:45,13.85,0,"","","",""
RW1,1860,4/13/2024 0:50,13.85,0,"","","",""
RW1,1861,4/13/2024 0:55,13.85,0,"","","",""
RW1,1862,4/13/2024 1:00,13.9,0,"","","",""
RW1,1863,4/13/2024 1:05,13.9,0,"","","",""
RW1,1864,4/13/2024 1:10,13.9,0,"","","",""
RW1,1865,4/13/2024 1:15,13.85,0,"","","",""
RW1,1866,4/13/2024 1:20,13.85,0,"","","",""
RW1,1867,4/13/2024 1:25,13.85,0,"","","",""
RW1,1868,4/13/2024 1:30,13.85,0,"","","",""
RW1,1869,4/13/2024 1:35,13.9,0,"","","",""
RW1,1870,4/13/2024 1:40,13.85,0,"","","",""
RW1,1871,4/13/2024 1:45,13.85,0,"","","",""
RW1,1872,4/13/2024 1:50,13.85,0,"","","",""
RW1,1873,4/13/2024 1:55,13.9,0,"","","",""
RW1,1874,4/13/2024 2:00,13.85,0,"","","",""
RW1,1875,4/13/2024 2:05,13.9,0,"","","",""
RW1,1876,4/13/2024 2:10,13.85,0,"","","",""
RW1,1877,4/13/2024 2:15,13.85,0,"","","",""
RW1,1878,4/13/2024 2:20,13.9,0,"","","",""
RW1,1879,4/13/2024 2:25,13.85,0,"","","",""
RW1,1880,4/13/2024 2:30,13.9,0,"","","",""
RW1,1881,4/13/2024 2:35,13.85,0,"","","",""
RW1,1882,4/13/2024 2:40,13.9,0,"","","",""
RW1,1883,4/13/2024 2:45,13.85,0,"","","",""
RW1,1884,4/13/2024 2:50,13.85,0,"","","",""
RW1,1885,4/13/2024 2:55,13.9,0,"","","",""
RW1,1886,4/13/2024 3:00,13.9,0,"","","",""
RW1,1887,4/13/2024 3:05,13.85,0,"","","",""
RW1,1888,4/13/2024 3:10,13.85,0,"","","",""
RW1,1889,4/13/2024 3:15,13.9,0,"","","",""
RW1,1890,4/13/2024 3:20,13.9,0,"","","",""
RW1,1891,4/13/2024 3:25,13.85,0,"","","",""
RW1,1892,4/13/2024 3:30,13.85,0,"","","",""
RW1,1893,4/13/2024 3:35,13.9,0,"","","",""
RW1,1894,4/13/2024 3:40,13.81,0,"","","",""
RW1,1895,4/13/2024 3:45,13.9,0,"","","",""
RW1,1896,4/13/2024 3:50,13.85,0,"","","",""
RW1,1897,4/13/2024 3:55,13.81,0,"","","",""
RW1,1898,4/13/2024 4:00,13.81,0,"","","",""
RW1,1899,4/13/2024 4:05,13.81,0,"","","",""
RW1,1900,4/13/2024 4:10,13.77,0,"","","",""
RW1,1901,4/13/2024 4:15,13.77,0,"","","",""
RW1,1902,4/13/2024 4:20,13.64,0,"","","",""
RW1,2016,4/13/2024 13:50,16.69,1314.56,"","","",""
RW1,2017,4/13/2024 13:55,16.21,1181.76,"","","",""
RW1,2018,4/13/2024 14:00,16.47,1351.68,"","","",""
RW1,2019,4/13/2024 14:05,16.51,6766.08,"","","",""
RW1,2020,4/13/2024 14:10,17.11,6635.52,"","","",""
RW1,2021,4/13/2024 14:15,16.6,4307.2,"","","",""
RW1,2022,4/13/2024 14:20,16.17,6758.4,"","","",""
RW1,2023,4/13/2024 14:25,16.04,6648.32,"","","",""
RW1,2024,4/13/2024 14:30,15.66,9466.88,"","","",""
RW1,2025,4/13/2024 14:35,15.61,9228.8,"","","",""
RW1,2026,4/13/2024 14:40,15.01,3118.08,"","","",""
RW1,2027,4/13/2024 14:45,14.84,3786.24,"","","",""
RW1,2028,4/13/2024 14:50,14.97,3287.04,"","","",""
RW1,2029,4/13/2024 14:55,14.88,737.92,"","","",""
RW1,2030,4/13/2024 15:00,14.88,430.08,"","","",""
RW1,2031,4/13/2024 15:05,14.88,15088.64,"","","",""
RW1,2032,4/13/2024 15:10,15.36,1473.92,"","","",""
RW1,2033,4/13/2024 15:15,15.31,678.08,"","","",""
RW1,2034,4/13/2024 15:20,15.18,1080.32,"","","",""
RW1,2035,4/13/2024 15:25,15.18,5145.6,"","","",""
RW1,2036,4/13/2024 15:30,14.97,12912.64,"","","",""
RW1,2037,4/13/2024 15:35,14.8,1582.08,"","","",""
RW1,2038,4/13/2024 15:40,14.71,4081.92,"","","",""
RW1,2039,4/13/2024 15:45,14.67,1645.44,"","","",""
RW1,2040,4/13/2024 15:50,14.67,210.4,"","","",""
RW1,2041,4/13/2024 15:55,14.63,2731.52,"","","",""
RW1,2042,4/13/2024 16:00,14.54,582.4,"","","",""
RW1,2043,4/13/2024 16:05,14.63,1331.2,"","","",""
RW1,2044,4/13/2024 16:10,14.63,4723.2,"","","",""
RW1,2045,4/13/2024 16:15,14.58,1321.6,"","","",""
RW1,2046,4/13/2024 16:20,14.54,242.16,"","","",""
RW1,2047,4/13/2024 16:25,14.5,6525.44,"","","",""
RW1,2048,4/13/2024 16:30,14.58,87.4,"","","",""
RW1,2049,4/13/2024 16:35,14.58,746.56,"","","",""
RW1,2050,4/13/2024 16:40,14.58,134.16,"","","",""
RW1,2051,4/13/2024 16:45,14.54,783.04,"","","",""
RW1,2052,4/13/2024 16:50,14.63,993.92,"","","",""
RW1,2053,4/13/2024 16:55,14.71,1150.08,"","","",""
RW1,2054,4/13/2024 17:00,14.58,1921.28,"","","",""
RW1,2055,4/13/2024 17:05,14.45,167.68,"","","",""
RW1,2056,4/13/2024 17:10,14.41,59.7,"","","",""
RW1,2057,4/13/2024 17:15,14.5,458.56,"","","",""
RW1,2058,4/13/2024 17:20,14.41,2122.24,"","","",""
RW1,2059,4/13/2024 17:25,14.45,130.08,"","","",""
RW1,2060,4/13/2024 17:30,14.5,139.44,"","","",""
RW1,2061,4/13/2024 17:35,14.37,44.4,"","","",""
RW1,2062,4/13/2024 17:40,14.28,3187.2,"","","",""
RW1,2063,4/13/2024 17:45,14.24,1710.08,"","","",""
RW1,2064,4/13/2024 17:50,14.33,3408.64,"","","",""
RW1,2065,4/13/2024 17:55,14.33,182.56,"","","",""
RW1,2066,4/13/2024 18:00,14.2,157.28,"","","",""
RW1,2067,4/13/2024 18:05,14.24,2357.76,"","","",""
RW1,2068,4/13/2024 18:10,14.28,82.88,"","","",""
RW1,2069,4/13/2024 18:15,14.28,1623.68,"","","",""
RW1,2070,4/13/2024 18:20,14.24,311.68,"","","",""
RW1,2071,4/13/2024 18:25,14.33,117,"","","",""
RW1,2072,4/13/2024 18:30,14.33,1267.84,"","","",""
RW1,2073,4/13/2024 18:35,14.33,2268.16,"","","",""
RW1,2074,4/13/2024 18:40,14.28,23.58,"","","",""
RW1,2075,4/13/2024 18:45,14.2,863.68,"","","",""
RW1,2076,4/13/2024 18:50,14.2,418.24,"","","",""
RW1,2077,4/13/2024 18:55,14.15,116.32,"","","",""
RW1,2078,4/13/2024 19:00,14.15,128.56,"","","",""
RW1,2079,4/13/2024 19:05,14.15,107.4,"","","",""
RW1,2080,4/13/2024 19:10,14.11,52.34,"","","",""
RW1,2081,4/13/2024 19:15,14.11,87.84,"","","",""
RW1,2082,4/13/2024 19:20,14.07,34.61,"","","",""
RW1,2083,4/13/2024 19:25,14.03,0.66,"","","",""
RW1,2084,4/13/2024 19:30,14.07,1.32,"","","",""
RW1,2085,4/13/2024 19:35,14.07,0,"","","",""
RW1,2086,4/13/2024 19:40,14.07,0.88,"","","",""
RW1,2087,4/13/2024 19:45,14.07,1.54,"","","",""
RW1,2088,4/13/2024 19:50,14.03,0,"","","",""
RW1,2089,4/13/2024 19:55,14.03,0,"","","",""
RW1,2090,4/13/2024 20:00,14.07,0,"","","",""
RW1,2091,4/13/2024 20:05,14.03,0,"","","",""
RW1,2092,4/13/2024 20:10,14.03,0,"","","",""
RW1,2093,4/13/2024 20:15,14.03,0,"","","",""
RW1,2094,4/13/2024 20:20,14.07,0,"","","",""
RW1,2095,4/13/2024 20:25,14.07,0,"","","",""
RW1,2096,4/13/2024 20:30,14.03,0,"","","",""
RW1,2097,4/13/2024 20:35,14.03,0,"","","",""
RW1,2098,4/13/2024 20:40,14.03,0,"","","",""
RW1,2099,4/13/2024 20:45,14.03,0,"","","",""
RW1,2100,4/13/2024 20:50,14.03,0,"","","",""
RW1,2101,4/13/2024 20:55,14.03,0,"","","",""
RW1,2102,4/13/2024 21:00,14.03,0,"","","",""
RW1,2103,4/13/2024 21:05,13.94,0,"","","",""
RW1,2104,4/13/2024 21:10,13.94,0,"","","",""
RW1,2105,4/13/2024 21:15,13.94,0,"","","",""
RW1,2106,4/13/2024 21:20,13.98,0,"","","",""
RW1,2107,4/13/2024 21:25,13.94,0,"","","",""
RW1,2108,4/13/2024 21:30,13.94,0,"","","",""
RW1,2109,4/13/2024 21:35,13.94,0,"","","",""
RW1,2110,4/13/2024 21:40,13.94,0,"","","",""
RW1,2111,4/13/2024 21:45,13.94,0,"","","",""
RW1,2112,4/13/2024 21:50,13.94,0,"","","",""
RW1,2113,4/13/2024 21:55,13.9,0,"","","",""
RW1,2114,4/13/2024 22:00,13.94,0,"","","",""
RW1,2115,4/13/2024 22:05,13.94,0,"","","",""
RW1,2116,4/13/2024 22:10,13.9,0,"","","",""
RW1,2117,4/13/2024 22:15,13.98,0,"","","",""
RW1,2118,4/13/2024 22:20,13.94,0,"","","",""
RW1,2119,4/13/2024 22:25,13.94,0,"","","",""
RW1,2120,4/13/2024 22:30,13.94,0,"","","",""
RW1,2121,4/13/2024 22:35,13.94,0,"","","",""
RW1,2122,4/13/2024 22:40,13.94,0,"","","",""
RW1,2123,4/13/2024 22:45,13.9,0,"","","",""
RW1,2124,4/13/2024 22:50,13.9,0,"","","",""
RW1,2125,4/13/2024 22:55,13.9,0,"","","",""
RW1,2126,4/13/2024 23:00,13.9,0,"","","",""
RW1,2127,4/13/2024 23:05,13.9,0,"","","",""
RW1,2128,4/13/2024 23:10,13.9,0,"","","",""
RW1,2129,4/13/2024 23:15,13.85,0,"","","",""
RW1,2130,4/13/2024 23:20,13.9,0,"","","",""
RW1,2131,4/13/2024 23:25,13.94,0,"","","",""
RW1,2132,4/13/2024 23:30,13.9,0,"","","",""
RW1,2133,4/13/2024 23:35,13.85,0,"","","",""
RW1,2134,4/13/2024 23:40,13.85,0,"","","",""
RW1,2135,4/13/2024 23:45,13.9,0,"","","",""
RW1,2136,4/13/2024 23:50,13.81,0,"","","",""
RW1,2137,4/13/2024 23:55,13.85,0,"","","",""
RW1,2138,4/14/2024 0:00,13.85,0,"","","",""
RW1,2139,4/14/2024 0:05,13.85,0,"","","",""
RW1,2140,4/14/2024 0:10,13.81,0,"","","",""
RW1,2141,4/14/2024 0:15,13.85,0,"","","",""
RW1,2142,4/14/2024 0:20,13.81,0,"","","",""
RW1,2143,4/14/2024 0:25,13.81,0,"","","",""
RW1,2144,4/14/2024 0:30,13.85,0,"","","",""
RW1,2145,4/14/2024 0:35,13.81,0,"","","",""
RW1,2146,4/14/2024 0:40,13.85,0,"","","",""
RW1,2147,4/14/2024 0:45,13.81,0,"","","",""
RW1,2148,4/14/2024 0:50,13.81,0,"","","",""
RW1,2149,4/14/2024 0:55,13.85,0,"","","",""
RW1,2150,4/14/2024 1:00,13.85,0,"","","",""
RW1,2151,4/14/2024 1:05,13.9,0,"","","",""
RW1,2152,4/14/2024 1:10,13.85,0,"","","",""
RW1,2153,4/14/2024 1:15,13.81,0,"","","",""
RW1,2154,4/14/2024 1:20,13.85,0,"","","",""
RW1,2155,4/14/2024 1:25,13.85,0,"","","",""
RW1,2156,4/14/2024 1:30,13.9,0,"","","",""
RW1,2157,4/14/2024 1:35,13.85,0,"","","",""
RW1,2158,4/14/2024 1:40,13.9,0,"","","",""
RW1,2159,4/14/2024 1:45,13.85,0,"","","",""
RW1,2160,4/14/2024 1:50,13.9,0,"","","",""
RW1,2161,4/14/2024 1:55,13.9,0,"","","",""
RW1,2162,4/14/2024 2:00,13.85,0,"","","",""
RW1,2163,4/14/2024 2:05,13.85,0,"","","",""
RW1,2164,4/14/2024 2:10,13.81,0,"","","",""
RW1,2165,4/14/2024 2:15,13.81,0,"","","",""
RW1,2166,4/14/2024 2:20,13.81,0,"","","",""
RW1,2167,4/14/2024 2:25,13.85,0,"","","",""
RW1,2168,4/14/2024 2:30,13.85,0,"","","",""
RW1,2169,4/14/2024 2:35,13.85,0,"","","",""
RW1,2170,4/14/2024 2:40,13.85,0,"","","",""
RW1,2171,4/14/2024 2:45,13.85,0,"","","",""
RW1,2172,4/14/2024 2:50,13.85,0,"","","",""
RW1,2173,4/14/2024 2:55,13.85,0,"","","",""
RW1,2174,4/14/2024 3:00,13.85,0,"","","",""
RW1,2175,4/14/2024 3:05,13.85,0,"","","",""
RW1,2176,4/14/2024 3:10,13.85,0,"","","",""
RW1,2177,4/14/2024 3:15,13.85,0,"","","",""
RW1,2178,4/14/2024 3:20,13.81,0,"","","",""
RW1,2179,4/14/2024 3:25,13.85,0,"","","",""
RW1,2180,4/14/2024 3:30,13.85,0,"","","",""
RW1,2181,4/14/2024 3:35,13.77,0,"","","",""
RW1,2182,4/14/2024 3:40,13.81,0,"","","",""
RW1,2183,4/14/2024 3:45,13.77,0,"","","",""
RW1,2184,4/14/2024 3:50,13.81,0,"","","",""
RW1,2185,4/14/2024 3:55,13.81,0,"","","",""
RW1,2186,4/14/2024 4:00,13.81,0,"","","",""
RW1,2187,4/14/2024 4:05,13.81,0,"","","",""
RW1,2188,4/14/2024 4:10,13.81,0,"","","",""
RW1,2189,4/14/2024 4:15,13.81,0,"","","",""
RW1,2190,4/14/2024 4:20,13.81,0,"","","",""
RW1,2191,4/14/2024 4:25,13.73,0,"","","",""
RW1,2192,4/14/2024 4:30,13.73,0,"","","",""
RW1,2193,4/14/2024 4:35,13.73,0,"","","",""
RW1,2194,4/14/2024 4:40,13.64,0,"","","",""
RW1,2195,4/14/2024 4:45,13.64,0,"","","",""
RW1,2196,4/14/2024 4:50,13.64,0,"","","",""
RW1,2197,4/14/2024 4:55,13.68,0,"","","",""
RW1,2198,4/14/2024 5:00,13.64,0,"","","",""
RW1,2199,4/14/2024 5:05,13.47,0,"","","",""
RW1,2200,4/14/2024 5:10,13.43,0,"","","",""
RW1,2201,4/14/2024 5:15,13.34,0,"","","",""
RW1,2202,4/14/2024 5:20,13,0,"","","",""
RW1,2322,4/14/2024 15:20,20.33,34375.68,"","","",""
RW1,2323,4/14/2024 15:25,19.13,28385.28,"","","",""
RW1,2324,4/14/2024 15:30,16.6,3740.16,"","","",""
RW1,2325,4/14/2024 15:35,16.17,516,"","","",""
RW1,2326,4/14/2024 15:40,16.17,9684.48,"","","",""
RW1,2327,4/14/2024 15:45,16.08,4462.08,"","","",""
RW1,2328,4/14/2024 15:50,15.78,11704.32,"","","",""
RW1,2329,4/14/2024 15:55,15.91,656.32,"","","",""
RW1,2330,4/14/2024 16:00,15.66,1842.56,"","","",""
RW1,2331,4/14/2024 16:05,15.44,953.6,"","","",""
RW1,2332,4/14/2024 16:10,15.31,795.84,"","","",""
RW1,2333,4/14/2024 16:15,15.36,3476.48,"","","",""
RW1,2334,4/14/2024 16:20,15.44,2101.12,"","","",""
RW1,2335,4/14/2024 16:25,15.44,2037.76,"","","",""
RW1,2336,4/14/2024 16:30,15.48,157.52,"","","",""
RW1,2337,4/14/2024 16:35,15.74,2204.8,"","","",""
RW1,2338,4/14/2024 16:40,15.7,852.16,"","","",""
RW1,2339,4/14/2024 16:45,15.66,8903.68,"","","",""
RW1,2340,4/14/2024 16:50,15.87,18068.48,"","","",""
RW1,2341,4/14/2024 16:55,16.26,2667.52,"","","",""
RW1,2342,4/14/2024 17:00,15.87,287.28,"","","",""
RW1,2343,4/14/2024 17:05,15.48,11151.36,"","","",""
RW1,2344,4/14/2024 17:10,15.4,1173.76,"","","",""
RW1,2345,4/14/2024 17:15,15.44,3930.88,"","","",""
RW1,2346,4/14/2024 17:20,15.31,16583.68,"","","",""
RW1,2347,4/14/2024 17:25,15.61,8235.52,"","","",""
RW1,2348,4/14/2024 17:30,15.4,1082.88,"","","",""
RW1,2349,4/14/2024 17:35,15.14,710.08,"","","",""
RW1,2350,4/14/2024 17:40,15.1,237.04,"","","",""
RW1,2351,4/14/2024 17:45,15.01,372,"","","",""
RW1,2352,4/14/2024 17:50,15.01,749.76,"","","",""
RW1,2353,4/14/2024 17:55,14.93,113.48,"","","",""
RW1,2354,4/14/2024 18:00,14.88,92.56,"","","",""
RW1,2355,4/14/2024 18:05,14.88,1813.76,"","","",""
RW1,2356,4/14/2024 18:10,14.84,353.28,"","","",""
RW1,2357,4/14/2024 18:15,14.88,23.36,"","","",""
RW1,2358,4/14/2024 18:20,14.8,163.84,"","","",""
RW1,2359,4/14/2024 18:25,14.8,1907.2,"","","",""
RW1,2360,4/14/2024 18:30,14.75,964.16,"","","",""
RW1,2361,4/14/2024 18:35,14.8,155.2,"","","",""
RW1,2362,4/14/2024 18:40,14.71,2469.12,"","","",""
RW1,2363,4/14/2024 18:45,14.71,1178.24,"","","",""
RW1,2364,4/14/2024 18:50,14.71,109.08,"","","",""
RW1,2365,4/14/2024 18:55,14.67,620.8,"","","",""
RW1,2366,4/14/2024 19:00,14.67,155.08,"","","",""
RW1,2367,4/14/2024 19:05,14.67,200.32,"","","",""
RW1,2368,4/14/2024 19:10,14.58,60.86,"","","",""
RW1,2369,4/14/2024 19:15,14.63,4.18,"","","",""
RW1,2370,4/14/2024 19:20,14.63,26.8,"","","",""
RW1,2371,4/14/2024 19:25,14.63,2.42,"","","",""
RW1,2372,4/14/2024 19:30,14.54,16.62,"","","",""
RW1,2373,4/14/2024 19:35,14.58,5.5,"","","",""
RW1,2374,4/14/2024 19:40,14.58,2.86,"","","",""
RW1,2375,4/14/2024 19:45,14.54,2.2,"","","",""
RW1,2376,4/14/2024 19:50,14.54,0,"","","",""
RW1,2377,4/14/2024 19:55,14.54,0,"","","",""
RW1,2378,4/14/2024 20:00,14.5,0,"","","",""
RW1,2379,4/14/2024 20:05,14.45,0,"","","",""
RW1,2380,4/14/2024 20:10,14.5,0,"","","",""
RW1,2381,4/14/2024 20:15,14.5,0,"","","",""
RW1,2382,4/14/2024 20:20,14.5,0,"","","",""
RW1,2383,4/14/2024 20:25,14.45,0,"","","",""
RW1,2384,4/14/2024 20:30,14.45,0,"","","",""
RW1,2385,4/14/2024 20:35,14.41,0,"","","",""
RW1,2386,4/14/2024 20:40,14.45,0,"","","",""
RW1,2387,4/14/2024 20:45,14.41,0,"","","",""
RW1,2388,4/14/2024 20:50,14.41,0,"","","",""
RW1,2389,4/14/2024 20:55,14.41,0,"","","",""
RW1,2390,4/14/2024 21:00,14.37,0,"","","",""
RW1,2391,4/14/2024 21:05,14.41,0,"","","",""
RW1,2392,4/14/2024 21:10,14.41,0,"","","",""
RW1,2393,4/14/2024 21:15,14.41,0,"","","",""
RW1,2394,4/14/2024 21:20,14.37,0,"","","",""
RW1,2395,4/14/2024 21:25,14.37,0,"","","",""
RW1,2396,4/14/2024 21:30,14.41,0,"","","",""
RW1,2397,4/14/2024 21:35,14.41,0,"","","",""
RW1,2398,4/14/2024 21:40,14.37,0,"","","",""
RW1,2399,4/14/2024 21:45,14.33,0,"","","",""
RW1,2400,4/14/2024 21:50,14.33,0,"","","",""
RW1,2401,4/14/2024 21:55,14.37,0,"","","",""
RW1,2402,4/14/2024 22:00,14.33,0,"","","",""
RW1,2403,4/14/2024 22:05,14.28,0,"","","",""
RW1,2404,4/14/2024 22:10,14.33,0,"","","",""
RW1,2405,4/14/2024 22:15,14.28,0,"","","",""
RW1,2406,4/14/2024 22:20,14.33,0,"","","",""
RW1,2407,4/14/2024 22:25,14.33,0,"","","",""
RW1,2408,4/14/2024 22:30,14.28,0,"","","",""
RW1,2409,4/14/2024 22:35,14.33,0,"","","",""
RW1,2410,4/14/2024 22:40,14.28,0,"","","",""
RW1,2411,4/14/2024 22:45,14.33,0,"","","",""
RW1,2412,4/14/2024 22:50,14.33,0,"","","",""
RW1,2413,4/14/2024 22:55,14.33,0,"","","",""
RW1,2414,4/14/2024 23:00,14.28,0,"","","",""
RW1,2415,4/14/2024 23:05,14.28,0,"","","",""
RW1,2416,4/14/2024 23:10,14.28,0,"","","",""
RW1,2417,4/14/2024 23:15,14.28,0,"","","",""
RW1,2418,4/14/2024 23:20,14.28,0,"","","",""
RW1,2419,4/14/2024 23:25,14.24,0,"","","",""
RW1,2420,4/14/2024 23:30,14.33,0,"","","",""
RW1,2421,4/14/2024 23:35,14.24,0,"","","",""
RW1,2422,4/14/2024 23:40,14.28,0,"","","",""
RW1,2423,4/14/2024 23:45,14.28,0,"","","",""
RW1,2424,4/14/2024 23:50,14.28,0,"","","",""
RW1,2425,4/14/2024 23:55,14.33,0,"","","",""
RW1,2426,4/15/2024 0:00,14.24,0,"","","",""
RW1,2427,4/15/2024 0:05,14.28,0,"","","",""
RW1,2428,4/15/2024 0:10,14.28,0,"","","",""
RW1,2429,4/15/2024 0:15,14.28,0,"","","",""
RW1,2430,4/15/2024 0:20,14.33,0,"","","",""
RW1,2431,4/15/2024 0:25,14.33,0,"","","",""
RW1,2432,4/15/2024 0:30,14.28,0,"","","",""
RW1,2433,4/15/2024 0:35,14.24,0,"","","",""
RW1,2434,4/15/2024 0:40,14.28,0,"","","",""
RW1,2435,4/15/2024 0:45,14.28,0,"","","",""
RW1,2436,4/15/2024 0:50,14.28,0,"","","",""
RW1,2437,4/15/2024 0:55,14.28,0,"","","",""
RW1,2438,4/15/2024 1:00,14.28,0,"","","",""
RW1,2439,4/15/2024 1:05,14.28,0,"","","",""
RW1,2440,4/15/2024 1:10,14.28,0,"","","",""
RW1,2441,4/15/2024 1:15,14.28,0,"","","",""
RW1,2442,4/15/2024 1:20,14.28,0,"","","",""
RW1,2443,4/15/2024 1:25,14.24,0,"","","",""
RW1,2444,4/15/2024 1:30,14.28,0,"","","",""
RW1,2445,4/15/2024 1:35,14.24,0,"","","",""
RW1,2446,4/15/2024 1:40,14.24,0,"","","",""
RW1,2447,4/15/2024 1:45,14.28,0,"","","",""
RW1,2448,4/15/2024 1:50,14.28,0,"","","",""
RW1,2449,4/15/2024 1:55,14.24,0,"","","",""
RW1,2450,4/15/2024 2:00,14.24,0,"","","",""
RW1,2451,4/15/2024 2:05,14.28,0,"","","",""
RW1,2452,4/15/2024 2:10,14.24,0,"","","",""
RW1,2453,4/15/2024 2:15,14.24,0,"","","",""
RW1,2454,4/15/2024 2:20,14.28,0,"","","",""
RW1,2455,4/15/2024 2:25,14.28,0,"","","",""
RW1,2456,4/15/2024 2:30,14.28,0,"","","",""
RW1,2457,4/15/2024 2:35,14.24,0,"","","",""
RW1,2458,4/15/2024 2:40,14.24,0,"","","",""
RW1,2459,4/15/2024 2:45,14.24,0,"","","",""
RW1,2460,4/15/2024 2:50,14.24,0,"","","",""
RW1,2461,4/15/2024 2:55,14.24,0,"","","",""
RW1,2462,4/15/2024 3:00,14.24,0,"","","",""
RW1,2463,4/15/2024 3:05,14.2,0,"","","",""
RW1,2464,4/15/2024 3:10,14.15,0,"","","",""
RW1,2465,4/15/2024 3:15,14.24,0,"","","",""
RW1,2466,4/15/2024 3:20,14.2,0,"","","",""
RW1,2467,4/15/2024 3:25,14.2,0,"","","",""
RW1,2468,4/15/2024 3:30,14.11,0,"","","",""
RW1,2469,4/15/2024 3:35,14.11,0,"","","",""
RW1,2470,4/15/2024 3:40,14.15,0,"","","",""
RW1,2471,4/15/2024 3:45,14.15,0,"","","",""
RW1,2472,4/15/2024 3:50,14.11,0,"","","",""
RW1,2473,4/15/2024 3:55,14.15,0,"","","",""
RW1,2474,4/15/2024 4:00,14.15,0,"","","",""
RW1,2475,4/15/2024 4:05,14.11,0,"","","",""
RW1,2476,4/15/2024 4:10,14.11,0,"","","",""
RW1,2477,4/15/2024 4:15,14.11,0,"","","",""
RW1,2478,4/15/2024 4:20,14.11,0,"","","",""
RW1,2479,4/15/2024 4:25,14.07,0,"","","",""
RW1,2480,4/15/2024 4:30,14.03,0,"","","",""
RW1,2481,4/15/2024 4:35,14.03,0,"","","",""
RW1,2482,4/15/2024 4:40,14.03,0,"","","",""
RW1,2483,4/15/2024 4:45,14.03,0,"","","",""
RW1,2484,4/15/2024 4:50,13.98,0,"","","",""
RW1,2485,4/15/2024 4:55,13.98,0,"","","",""
RW1,2486,4/15/2024 5:00,14.03,0,"","","",""
RW1,2487,4/15/2024 5:05,14.07,0,"","","",""
RW1,2488,4/15/2024 5:10,14.03,0,"","","",""
RW1,2489,4/15/2024 5:15,13.98,0,"","","",""
RW1,2490,4/15/2024 5:20,13.94,0,"","","",""
RW1,2491,4/15/2024 5:25,13.98,0,"","","",""
RW1,2492,4/15/2024 5:30,13.9,0,"","","",""
RW1,2493,4/15/2024 5:35,13.94,0,"","","",""
RW1,2494,4/15/2024 5:40,13.85,0,"","","",""
RW1,2495,4/15/2024 5:45,13.85,0,"","","",""
RW1,2496,4/15/2024 5:50,13.77,0,"","","",""
RW1,2497,4/15/2024 5:55,13.81,0,"","","",""
RW1,2498,4/15/2024 6:00,13.77,0,"","","",""
RW1,2499,4/15/2024 6:05,13.73,4.87,"","","",""
RW1,2500,4/15/2024 6:10,13.64,1.54,"","","",""
RW1,2501,4/15/2024 6:15,13.55,144.64,"","","",""
RW1,2502,4/15/2024 6:20,13.51,172.16,"","","",""
RW1,2503,4/15/2024 6:25,12.91,579.36,"","","",""
RW1,2504,4/15/2024 6:30,12.22,1515.52,"","","",""
RW1,2619,4/15/2024 16:05,24.19,60641.28,"","","",""
RW1,2620,4/15/2024 16:10,24.15,59760.64,"","","",""
RW1,2621,4/15/2024 16:15,23.94,59228.16,"","","",""
RW1,2622,4/15/2024 16:20,23.81,58101.76,"","","",""
RW1,2623,4/15/2024 16:25,23.29,56401.92,"","","",""
RW1,2624,4/15/2024 16:30,20.98,53760,"","","",""
RW1,2625,4/15/2024 16:35,18.96,17203.2,"","","",""
RW1,2626,4/15/2024 16:40,18.32,27320.32,"","","",""
RW1,2627,4/15/2024 16:45,18.92,14617.6,"","","",""
RW1,2628,4/15/2024 16:50,19.35,53043.2,"","","",""
RW1,2629,4/15/2024 16:55,18.1,1088.32,"","","",""
RW1,2630,4/15/2024 17:00,18.23,2492.16,"","","",""
RW1,2631,4/15/2024 17:05,17.46,354.08,"","","",""
RW1,2632,4/15/2024 17:10,17.5,255.12,"","","",""
RW1,2633,4/15/2024 17:15,17.46,271.2,"","","",""
RW1,2634,4/15/2024 17:20,17.54,6461.44,"","","",""
RW1,2635,4/15/2024 17:25,17.29,16614.4,"","","",""
RW1,2636,4/15/2024 17:30,17.24,3027.2,"","","",""
RW1,2637,4/15/2024 17:35,17.24,1079.36,"","","",""
RW1,2638,4/15/2024 17:40,16.86,2506.24,"","","",""
RW1,2639,4/15/2024 17:45,16.77,442.88,"","","",""
RW1,2640,4/15/2024 17:50,16.69,1244.16,"","","",""
RW1,2641,4/15/2024 17:55,16.64,109,"","","",""
RW1,2642,4/15/2024 18:00,16.56,546.4,"","","",""
RW1,2643,4/15/2024 18:05,16.51,2284.16,"","","",""
RW1,2644,4/15/2024 18:10,16.43,29.33,"","","",""
RW1,2645,4/15/2024 18:15,16.39,154.08,"","","",""
RW1,2646,4/15/2024 18:20,16.34,245.44,"","","",""
RW1,2647,4/15/2024 18:25,16.26,931.52,"","","",""
RW1,2648,4/15/2024 18:30,16.26,18.38,"","","",""
RW1,2649,4/15/2024 18:35,16.17,1438.72,"","","",""
RW1,2650,4/15/2024 18:40,16.17,549.92,"","","",""
RW1,2651,4/15/2024 18:45,16,380.8,"","","",""
RW1,2652,4/15/2024 18:50,16,80.08,"","","",""
RW1,2653,4/15/2024 18:55,15.91,441.12,"","","",""
RW1,2654,4/15/2024 19:00,15.87,391.36,"","","",""
RW1,2655,4/15/2024 19:05,15.83,435.84,"","","",""
RW1,2656,4/15/2024 19:10,15.7,13.7,"","","",""
RW1,2657,4/15/2024 19:15,15.7,602.72,"","","",""
RW1,2658,4/15/2024 19:20,15.66,357.92,"","","",""
RW1,2659,4/15/2024 19:25,15.7,86.84,"","","",""
RW1,2660,4/15/2024 19:30,15.61,0.66,"","","",""
RW1,2661,4/15/2024 19:35,15.61,4.18,"","","",""
RW1,2662,4/15/2024 19:40,15.57,0,"","","",""
RW1,2663,4/15/2024 19:45,15.53,0,"","","",""
RW1,2664,4/15/2024 19:50,15.48,0,"","","",""
RW1,2665,4/15/2024 19:55,15.48,0,"","","",""
RW1,2666,4/15/2024 20:00,15.48,0,"","","",""
RW1,2667,4/15/2024 20:05,15.4,0,"","","",""
RW1,2668,4/15/2024 20:10,15.4,0,"","","",""
RW1,2669,4/15/2024 20:15,15.36,0,"","","",""
RW1,2670,4/15/2024 20:20,15.36,0,"","","",""
RW1,2671,4/15/2024 20:25,15.31,0,"","","",""
RW1,2672,4/15/2024 20:30,15.31,0,"","","",""
RW1,2673,4/15/2024 20:35,15.31,0,"","","",""
RW1,2674,4/15/2024 20:40,15.27,0,"","","",""
RW1,2675,4/15/2024 20:45,15.23,0,"","","",""
RW1,2676,4/15/2024 20:50,15.23,0,"","","",""
RW1,2677,4/15/2024 20:55,15.18,0,"","","",""
RW1,2678,4/15/2024 21:00,15.14,0,"","","",""
RW1,2679,4/15/2024 21:05,15.14,0,"","","",""
RW1,2680,4/15/2024 21:10,15.14,0,"","","",""
RW1,2681,4/15/2024 21:15,15.1,0,"","","",""
RW1,2682,4/15/2024 21:20,15.1,0,"","","",""
RW1,2683,4/15/2024 21:25,15.1,0,"","","",""
RW1,2684,4/15/2024 21:30,15.06,0,"","","",""
RW1,2685,4/15/2024 21:35,15.06,0,"","","",""
RW1,2686,4/15/2024 21:40,15.01,0,"","","",""
RW1,2687,4/15/2024 21:45,15.06,0,"","","",""
RW1,2688,4/15/2024 21:50,15.01,0,"","","",""
RW1,2689,4/15/2024 21:55,14.93,0,"","","",""
RW1,2690,4/15/2024 22:00,14.97,0,"","","",""
RW1,2691,4/15/2024 22:05,14.93,0,"","","",""
RW1,2692,4/15/2024 22:10,14.93,0,"","","",""
RW1,2693,4/15/2024 22:15,14.93,0,"","","",""
RW1,2694,4/15/2024 22:20,14.88,0,"","","",""
RW1,2695,4/15/2024 22:25,14.8,0,"","","",""
RW1,2696,4/15/2024 22:30,14.84,0,"","","",""
RW1,2697,4/15/2024 22:35,14.84,0,"","","",""
RW1,2698,4/15/2024 22:40,14.75,0,"","","",""
RW1,2699,4/15/2024 22:45,14.88,0,"","","",""
RW1,2700,4/15/2024 22:50,14.8,0,"","","",""
RW1,2701,4/15/2024 22:55,14.71,0,"","","",""
RW1,2702,4/15/2024 23:00,14.75,0,"","","",""
RW1,2703,4/15/2024 23:05,14.75,0,"","","",""
RW1,2704,4/15/2024 23:10,14.8,0,"","","",""
RW1,2705,4/15/2024 23:15,14.71,0,"","","",""
RW1,2706,4/15/2024 23:20,14.67,0,"","","",""
RW1,2707,4/15/2024 23:25,14.67,0,"","","",""
RW1,2708,4/15/2024 23:30,14.58,0,"","","",""
RW1,2709,4/15/2024 23:35,14.67,0,"","","",""
RW1,2710,4/15/2024 23:40,14.5,0,"","","",""
RW1,2711,4/15/2024 23:45,14.5,0,"","","",""
RW1,2712,4/15/2024 23:50,14.58,0,"","","",""
RW1,2713,4/15/2024 23:55,14.54,0,"","","",""
RW1,2714,4/16/2024 0:00,14.71,0,"","","",""
RW1,2715,4/16/2024 0:05,14.58,0,"","","",""
RW1,2716,4/16/2024 0:10,14.63,0,"","","",""
RW1,2717,4/16/2024 0:15,14.71,0,"","","",""
RW1,2718,4/16/2024 0:20,14.71,0,"","","",""
RW1,2719,4/16/2024 0:25,14.67,0,"","","",""
RW1,2720,4/16/2024 0:30,14.71,0,"","","",""
RW1,2721,4/16/2024 0:35,14.71,0,"","","",""
RW1,2722,4/16/2024 0:40,14.75,0,"","","",""
RW1,2723,4/16/2024 0:45,14.71,0,"","","",""
RW1,2724,4/16/2024 0:50,14.71,0,"","","",""
RW1,2725,4/16/2024 0:55,14.71,0,"","","",""
RW1,2726,4/16/2024 1:00,14.67,0,"","","",""
RW1,2727,4/16/2024 1:05,14.67,0,"","","",""
RW1,2728,4/16/2024 1:10,14.71,0,"","","",""
RW1,2729,4/16/2024 1:15,14.71,0,"","","",""
RW1,2730,4/16/2024 1:20,14.67,0,"","","",""
RW1,2731,4/16/2024 1:25,14.67,0,"","","",""
RW1,2732,4/16/2024 1:30,14.67,0,"","","",""
RW1,2733,4/16/2024 1:35,14.67,0,"","","",""
RW1,2734,4/16/2024 1:40,14.71,0,"","","",""
RW1,2735,4/16/2024 1:45,14.67,0,"","","",""
RW1,2736,4/16/2024 1:50,14.71,0,"","","",""
RW1,2737,4/16/2024 1:55,14.71,0,"","","",""
RW1,2738,4/16/2024 2:00,14.67,0,"","","",""
RW1,2739,4/16/2024 2:05,14.71,0,"","","",""
RW1,2740,4/16/2024 2:10,14.71,0,"","","",""
RW1,2741,4/16/2024 2:15,14.71,0,"","","",""
RW1,2742,4/16/2024 2:20,14.71,0,"","","",""
RW1,2743,4/16/2024 2:25,14.67,0,"","","",""
RW1,2744,4/16/2024 2:30,14.63,0,"","","",""
RW1,2745,4/16/2024 2:35,14.63,0,"","","",""
RW1,2746,4/16/2024 2:40,14.58,0,"","","",""
RW1,2747,4/16/2024 2:45,14.67,0,"","","",""
RW1,2748,4/16/2024 2:50,14.58,0,"","","",""
RW1,2749,4/16/2024 2:55,14.67,0,"","","",""
RW1,2750,4/16/2024 3:00,14.54,0,"","","",""
RW1,2751,4/16/2024 3:05,14.58,0,"","","",""
RW1,2752,4/16/2024 3:10,14.58,0,"","","",""
RW1,2753,4/16/2024 3:15,14.58,0,"","","",""
RW1,2754,4/16/2024 3:20,14.58,0,"","","",""
RW1,2755,4/16/2024 3:25,14.54,0,"","","",""
RW1,2756,4/16/2024 3:30,14.58,0,"","","",""
RW1,2757,4/16/2024 3:35,14.58,0,"","","",""
RW1,2758,4/16/2024 3:40,14.54,0,"","","",""
RW1,2759,4/16/2024 3:45,14.5,0,"","","",""
RW1,2760,4/16/2024 3:50,14.54,0,"","","",""
RW1,2761,4/16/2024 3:55,14.5,0,"","","",""
RW1,2762,4/16/2024 4:00,14.5,0,"","","",""
RW1,2763,4/16/2024 4:05,14.5,0,"","","",""
RW1,2764,4/16/2024 4:10,14.54,0,"","","",""
RW1,2765,4/16/2024 4:15,14.5,0,"","","",""
RW1,2766,4/16/2024 4:20,14.5,0,"","","",""
RW1,2767,4/16/2024 4:25,14.45,0,"","","",""
RW1,2768,4/16/2024 4:30,14.5,0,"","","",""
RW1,2769,4/16/2024 4:35,14.5,0,"","","",""
RW1,2770,4/16/2024 4:40,14.45,0,"","","",""
RW1,2771,4/16/2024 4:45,14.45,0,"","","",""
RW1,2772,4/16/2024 4:50,14.41,0,"","","",""
RW1,2773,4/16/2024 4:55,14.45,0,"","","",""
RW1,2774,4/16/2024 5:00,14.45,0,"","","",""
RW1,2775,4/16/2024 5:05,14.41,0,"","","",""
RW1,2776,4/16/2024 5:10,14.41,0,"","","",""
RW1,2777,4/16/2024 5:15,14.45,0,"","","",""
RW1,2778,4/16/2024 5:20,14.41,0,"","","",""
RW1,2779,4/16/2024 5:25,14.41,0,"","","",""
RW1,2780,4/16/2024 5:30,14.41,0,"","","",""
RW1,2781,4/16/2024 5:35,14.41,0,"","","",""
RW1,2782,4/16/2024 5:40,14.41,0,"","","",""
RW1,2783,4/16/2024 5:45,14.33,0,"","","",""
RW1,2784,4/16/2024 5:50,14.37,0,"","","",""
RW1,2785,4/16/2024 5:55,14.33,0,"","","",""
RW1,2786,4/16/2024 6:00,14.37,4.62,"","","",""
RW1,2787,4/16/2024 6:05,14.33,20.8,"","","",""
RW1,2788,4/16/2024 6:10,14.33,16.81,"","","",""
RW1,2789,4/16/2024 6:15,14.33,22.37,"","","",""
RW1,2790,4/16/2024 6:20,14.33,6.43,"","","",""
RW1,2791,4/16/2024 6:25,14.33,478.08,"","","",""
RW1,2792,4/16/2024 6:30,14.33,577.6,"","","",""
RW1,2793,4/16/2024 6:35,14.33,408.16,"","","",""
RW1,2794,4/16/2024 6:40,14.28,26.41,"","","",""
RW1,2795,4/16/2024 6:45,14.28,696.32,"","","",""
RW1,2796,4/16/2024 6:50,14.28,181.36,"","","",""
RW1,2797,4/16/2024 6:55,14.41,2748.16,"","","",""
RW1,2798,4/16/2024 7:00,14.45,208.24,"","","",""
RW1,2799,4/16/2024 7:05,14.41,343.52,"","","",""
RW1,2800,4/16/2024 7:10,14.58,3637.76,"","","",""
RW1,2801,4/16/2024 7:15,14.63,4695.04,"","","",""
RW1,2802,4/16/2024 7:20,14.67,876.16,"","","",""
RW1,2803,4/16/2024 7:25,14.71,529.12,"","","",""
RW1,2804,4/16/2024 7:30,14.8,1061.76,"","","",""
RW1,2805,4/16/2024 7:35,15.57,8043.52,"","","",""
RW1,2806,4/16/2024 7:40,16.43,10961.92,"","","",""
RW1,2807,4/16/2024 7:45,17.33,11919.36,"","","",""
RW1,2808,4/16/2024 7:50,17.76,11832.32,"","","",""
RW1,2911,4/16/2024 16:25,27.32,69406.72,"","","",""
RW1,2912,4/16/2024 16:30,26.9,67420.16,"","","",""
RW1,2913,4/16/2024 16:35,26.55,65331.2,"","","",""
RW1,2914,4/16/2024 16:40,25.22,62484.48,"","","",""
RW1,2915,4/16/2024 16:45,22.26,52613.12,"","","",""
RW1,2916,4/16/2024 16:50,21.62,55746.56,"","","",""
RW1,2917,4/16/2024 16:55,21.36,40407.04,"","","",""
RW1,2918,4/16/2024 17:00,21.36,45363.2,"","","",""
RW1,2919,4/16/2024 17:05,19.09,189.76,"","","",""
RW1,2920,4/16/2024 17:10,19.13,22272,"","","",""
RW1,2921,4/16/2024 17:15,18.14,267.68,"","","",""
RW1,2922,4/16/2024 17:20,18.23,22097.92,"","","",""
RW1,2923,4/16/2024 17:25,18.02,24176.64,"","","",""
RW1,2924,4/16/2024 17:30,17.8,384.48,"","","",""
RW1,2925,4/16/2024 17:35,17.72,1197.44,"","","",""
RW1,2926,4/16/2024 17:40,17.41,4673.28,"","","",""
RW1,2927,4/16/2024 17:45,17.37,1838.72,"","","",""
RW1,2928,4/16/2024 17:50,17.37,3389.44,"","","",""
RW1,2929,4/16/2024 17:55,17.33,27.57,"","","",""
RW1,2930,4/16/2024 18:00,17.41,453.44,"","","",""
RW1,2931,4/16/2024 18:05,17.37,2690.56,"","","",""
RW1,2932,4/16/2024 18:10,17.2,2974.72,"","","",""
RW1,2933,4/16/2024 18:15,17.24,13.75,"","","",""
RW1,2934,4/16/2024 18:20,17.11,178.8,"","","",""
RW1,2935,4/16/2024 18:25,16.99,32.77,"","","",""
RW1,2936,4/16/2024 18:30,17.07,756.8,"","","",""
RW1,2937,4/16/2024 18:35,17.03,2095.36,"","","",""
RW1,2938,4/16/2024 18:40,17.11,517.76,"","","",""
RW1,2939,4/16/2024 18:45,17.16,80.68,"","","",""
RW1,2940,4/16/2024 18:50,17.03,1548.8,"","","",""
RW1,2941,4/16/2024 18:55,16.94,623.84,"","","",""
RW1,2942,4/16/2024 19:00,16.94,1555.84,"","","",""
RW1,2943,4/16/2024 19:05,16.86,1172.8,"","","",""
RW1,2944,4/16/2024 19:10,16.81,911.36,"","","",""
RW1,2945,4/16/2024 19:15,16.77,500.96,"","","",""
RW1,2946,4/16/2024 19:20,16.73,100.16,"","","",""
RW1,2947,4/16/2024 19:25,16.73,2.42,"","","",""
RW1,2948,4/16/2024 19:30,16.6,10.15,"","","",""
RW1,2949,4/16/2024 19:35,16.6,7.7,"","","",""
RW1,2950,4/16/2024 19:40,16.6,0,"","","",""
RW1,2951,4/16/2024 19:45,16.39,0,"","","",""
RW1,2952,4/16/2024 19:50,16.47,0,"","","",""
RW1,2953,4/16/2024 19:55,16.43,0,"","","",""
RW1,2954,4/16/2024 20:00,16.43,0,"","","",""
RW1,2955,4/16/2024 20:05,16.34,0,"","","",""
RW1,2956,4/16/2024 20:10,16.26,0,"","","",""
RW1,2957,4/16/2024 20:15,16.3,0,"","","",""
RW1,2958,4/16/2024 20:20,16.3,0,"","","",""
RW1,2959,4/16/2024 20:25,16.3,0,"","","",""
RW1,2960,4/16/2024 20:30,16.3,0,"","","",""
RW1,2961,4/16/2024 20:35,16.21,0,"","","",""
RW1,2962,4/16/2024 20:40,16.17,0,"","","",""
RW1,2963,4/16/2024 20:45,16.13,0,"","","",""
RW1,2964,4/16/2024 20:50,16.08,0,"","","",""
RW1,2965,4/16/2024 20:55,15.96,0,"","","",""
RW1,2966,4/16/2024 21:00,15.91,0,"","","",""
RW1,2967,4/16/2024 21:05,15.96,0,"","","",""
RW1,2968,4/16/2024 21:10,15.87,0,"","","",""
RW1,2969,4/16/2024 21:15,15.96,0,"","","",""
RW1,2970,4/16/2024 21:20,15.96,0,"","","",""
RW1,2971,4/16/2024 21:25,15.91,0,"","","",""
RW1,2972,4/16/2024 21:30,15.87,0,"","","",""
RW1,2973,4/16/2024 21:35,15.87,0,"","","",""
RW1,2974,4/16/2024 21:40,15.83,0,"","","",""
RW1,2975,4/16/2024 21:45,15.83,0,"","","",""
RW1,2976,4/16/2024 21:50,15.78,0,"","","",""
RW1,2977,4/16/2024 21:55,15.66,0,"","","",""
RW1,2978,4/16/2024 22:00,15.61,0,"","","",""
RW1,2979,4/16/2024 22:05,15.57,0,"","","",""
RW1,2980,4/16/2024 22:10,15.57,0,"","","",""
RW1,2981,4/16/2024 22:15,15.4,0,"","","",""
RW1,2982,4/16/2024 22:20,15.4,0,"","","",""
RW1,2983,4/16/2024 22:25,15.53,0,"","","",""
RW1,2984,4/16/2024 22:30,15.44,0,"","","",""
RW1,2985,4/16/2024 22:35,15.48,0,"","","",""
RW1,2986,4/16/2024 22:40,15.48,0,"","","",""
RW1,2987,4/16/2024 22:45,15.4,0,"","","",""
RW1,2988,4/16/2024 22:50,15.44,0,"","","",""
RW1,2989,4/16/2024 22:55,15.23,0,"","","",""
RW1,2990,4/16/2024 23:00,15.27,0,"","","",""
RW1,2991,4/16/2024 23:05,15.27,0,"","","",""
RW1,2992,4/16/2024 23:10,15.01,0,"","","",""
RW1,2993,4/16/2024 23:15,14.8,0,"","","",""
RW1,2994,4/16/2024 23:20,15.1,0,"","","",""
RW1,2995,4/16/2024 23:25,14.71,0,"","","",""
RW1,2996,4/16/2024 23:30,14.2,0,"","","",""
RW1,2997,4/16/2024 23:35,13.98,0,"","","",""
RW1,2998,4/16/2024 23:40,13.68,0,"","","",""
RW1,2999,4/16/2024 23:45,13.51,0,"","","",""
RW1,3000,4/16/2024 23:50,13.43,0,"","","",""
RW1,3001,4/16/2024 23:55,13.47,0,"","","",""
RW1,3002,4/17/2024 0:00,13.64,0,"","","",""
RW1,3003,4/17/2024 0:05,14.03,0,"","","",""
RW1,3004,4/17/2024 0:10,14.15,0,"","","",""
RW1,3005,4/17/2024 0:15,14.24,0,"","","",""
RW1,3006,4/17/2024 0:20,14.28,0,"","","",""
RW1,3007,4/17/2024 0:25,14.28,0,"","","",""
RW1,3008,4/17/2024 0:30,14.28,0,"","","",""
RW1,3009,4/17/2024 0:35,14.28,0,"","","",""
RW1,3010,4/17/2024 0:40,14.24,0,"","","",""
RW1,3011,4/17/2024 0:45,14.2,0,"","","",""
RW1,3012,4/17/2024 0:50,14.45,0,"","","",""
RW1,3013,4/17/2024 0:55,14.41,0,"","","",""
RW1,3014,4/17/2024 1:00,14.33,0,"","","",""
RW1,3015,4/17/2024 1:05,14.28,0,"","","",""
RW1,3016,4/17/2024 1:10,14.28,0,"","","",""
RW1,3017,4/17/2024 1:15,14.2,0,"","","",""
RW1,3018,4/17/2024 1:20,14.24,0,"","","",""
RW1,3019,4/17/2024 1:25,14.2,0,"","","",""
RW1,3020,4/17/2024 1:30,14.2,0,"","","",""
RW1,3021,4/17/2024 1:35,14.2,0,"","","",""
RW1,3022,4/17/2024 1:40,14.2,0,"","","",""
RW1,3023,4/17/2024 1:45,14.54,0,"","","",""
RW1,3024,4/17/2024 1:50,14.41,0,"","","",""
RW1,3025,4/17/2024 1:55,14.63,0,"","","",""
RW1,3026,4/17/2024 2:00,14.75,0,"","","",""
RW1,3027,4/17/2024 2:05,14.58,0,"","","",""
RW1,3028,4/17/2024 2:10,14.28,0,"","","",""
RW1,3029,4/17/2024 2:15,14.58,0,"","","",""
RW1,3030,4/17/2024 2:20,14.5,0,"","","",""
RW1,3031,4/17/2024 2:25,14.58,0,"","","",""
RW1,3032,4/17/2024 2:30,14.71,0,"","","",""
RW1,3033,4/17/2024 2:35,14.75,0,"","","",""
RW1,3034,4/17/2024 2:40,14.84,0,"","","",""
RW1,3035,4/17/2024 2:45,14.75,0,"","","",""
RW1,3036,4/17/2024 2:50,14.8,0,"","","",""
RW1,3037,4/17/2024 2:55,14.84,0,"","","",""
RW1,3038,4/17/2024 3:00,14.8,0,"","","",""
RW1,3039,4/17/2024 3:05,14.75,0,"","","",""
RW1,3040,4/17/2024 3:10,14.84,0,"","","",""
RW1,3041,4/17/2024 3:15,14.84,0,"","","",""
RW1,3042,4/17/2024 3:20,14.71,0,"","","",""
RW1,3043,4/17/2024 3:25,14.75,0,"","","",""
RW1,3044,4/17/2024 3:30,14.75,0,"","","",""
RW1,3045,4/17/2024 3:35,14.75,0,"","","",""
RW1,3046,4/17/2024 3:40,14.8,0,"","","",""
RW1,3047,4/17/2024 3:45,14.8,0,"","","",""
RW1,3048,4/17/2024 3:50,14.75,0,"","","",""
RW1,3049,4/17/2024 3:55,14.8,0,"","","",""
RW1,3050,4/17/2024 4:00,14.75,0,"","","",""
RW1,3051,4/17/2024 4:05,14.75,0,"","","",""
RW1,3052,4/17/2024 4:10,14.71,0,"","","",""
RW1,3053,4/17/2024 4:15,14.71,0,"","","",""
RW1,3054,4/17/2024 4:20,14.67,0,"","","",""
RW1,3055,4/17/2024 4:25,14.71,0,"","","",""
RW1,3056,4/17/2024 4:30,14.67,0,"","","",""
RW1,3057,4/17/2024 4:35,14.58,0,"","","",""
RW1,3058,4/17/2024 4:40,14.58,0,"","","",""
RW1,3059,4/17/2024 4:45,14.54,0,"","","",""
RW1,3060,4/17/2024 4:50,14.5,0,"","","",""
RW1,3061,4/17/2024 4:55,14.54,0,"","","",""
RW1,3062,4/17/2024 5:00,14.45,0,"","","",""
RW1,3063,4/17/2024 5:05,14.5,0,"","","",""
RW1,3064,4/17/2024 5:10,14.5,0,"","","",""
RW1,3065,4/17/2024 5:15,14.41,0,"","","",""
RW1,3066,4/17/2024 5:20,14.45,0,"","","",""
RW1,3067,4/17/2024 5:25,14.45,0,"","","",""
RW1,3068,4/17/2024 5:30,14.45,0,"","","",""
RW1,3069,4/17/2024 5:35,14.45,0,"","","",""
RW1,3070,4/17/2024 5:40,14.45,0,"","","",""
RW1,3071,4/17/2024 5:45,14.41,0,"","","",""
RW1,3072,4/17/2024 5:50,14.41,0,"","","",""
RW1,3073,4/17/2024 5:55,14.45,0.44,"","","",""
RW1,3074,4/17/2024 6:00,14.37,0,"","","",""
RW1,3075,4/17/2024 6:05,14.33,11.69,"","","",""
RW1,3076,4/17/2024 6:10,14.41,12.57,"","","",""
RW1,3077,4/17/2024 6:15,14.37,22.12,"","","",""
RW1,3078,4/17/2024 6:20,14.33,4.84,"","","",""
RW1,3079,4/17/2024 6:25,14.41,94.76,"","","",""
RW1,3080,4/17/2024 6:30,14.41,442.4,"","","",""
RW1,3081,4/17/2024 6:35,14.41,59.26,"","","",""
RW1,3082,4/17/2024 6:40,14.45,128.44,"","","",""
RW1,3083,4/17/2024 6:45,14.45,93.12,"","","",""
RW1,3084,4/17/2024 6:50,14.41,453.92,"","","",""
RW1,3085,4/17/2024 6:55,14.41,166.48,"","","",""
RW1,3086,4/17/2024 7:00,14.45,330.56,"","","",""
RW1,3087,4/17/2024 7:05,14.41,2186.88,"","","",""
RW1,3088,4/17/2024 7:10,14.45,1863.04,"","","",""
RW1,3089,4/17/2024 7:15,14.45,531.36,"","","",""
RW1,3090,4/17/2024 7:20,14.45,3989.76,"","","",""
RW1,3091,4/17/2024 7:25,14.5,2176.64,"","","",""
RW1,3092,4/17/2024 7:30,14.54,3979.52,"","","",""
RW1,3093,4/17/2024 7:35,14.58,57.94,"","","",""
RW1,3094,4/17/2024 7:40,14.54,661.12,"","","",""
RW1,3095,4/17/2024 7:45,14.58,8207.36,"","","",""
RW1,3096,4/17/2024 7:50,14.58,662.08,"","","",""
RW1,3097,4/17/2024 7:55,14.63,936,"","","",""
RW1,3098,4/17/2024 8:00,14.63,1250.24,"","","",""
RW1,3099,4/17/2024 8:05,14.58,367.84,"","","",""
RW1,3100,4/17/2024 8:10,14.63,104.44,"","","",""
RW1,3101,4/17/2024 8:15,14.8,673.92,"","","",""
RW1,3102,4/17/2024 8:20,14.93,777.28,"","","",""
RW1,3103,4/17/2024 8:25,15.4,3585.28,"","","",""
RW1,3104,4/17/2024 8:30,16.17,11453.44,"","","",""
RW1,3105,4/17/2024 8:35,16.81,20341.76,"","","",""
RW1,3106,4/17/2024 8:40,16.08,5276.16,"","","",""
RW1,3107,4/17/2024 8:45,15.66,5345.28,"","","",""
RW1,3108,4/17/2024 8:50,16.13,5690.88,"","","",""
RW1,3109,4/17/2024 8:55,16.21,4892.16,"","","",""
RW1,3202,4/17/2024 16:40,18.14,7375.36,"","","",""
RW1,3203,4/17/2024 16:45,18.14,8235.52,"","","",""
RW1,3204,4/17/2024 16:50,18.14,8980.48,"","","",""
RW1,3205,4/17/2024 16:55,18.36,16501.76,"","","",""
RW1,3206,4/17/2024 17:00,17.07,7040,"","","",""
RW1,3207,4/17/2024 17:05,17.11,8156.16,"","","",""
RW1,3208,4/17/2024 17:10,16.99,1324.16,"","","",""
RW1,3209,4/17/2024 17:15,16.94,329.12,"","","",""
RW1,3210,4/17/2024 17:20,17.03,972.8,"","","",""
RW1,3211,4/17/2024 17:25,17.03,938.56,"","","",""
RW1,3212,4/17/2024 17:30,16.94,20075.52,"","","",""
RW1,3213,4/17/2024 17:35,16.9,2333.44,"","","",""
RW1,3214,4/17/2024 17:40,16.64,159.04,"","","",""
RW1,3215,4/17/2024 17:45,16.56,5406.72,"","","",""
RW1,3216,4/17/2024 17:50,16.47,1003.84,"","","",""
RW1,3217,4/17/2024 17:55,16.43,233.12,"","","",""
RW1,3218,4/17/2024 18:00,16.47,31.26,"","","",""
RW1,3219,4/17/2024 18:05,16.47,2222.08,"","","",""
RW1,3220,4/17/2024 18:10,16.47,416.96,"","","",""
RW1,3221,4/17/2024 18:15,16.43,304.8,"","","",""
RW1,3222,4/17/2024 18:20,16.43,48.54,"","","",""
RW1,3223,4/17/2024 18:25,16.34,814.72,"","","",""
RW1,3224,4/17/2024 18:30,16.34,3712,"","","",""
RW1,3225,4/17/2024 18:35,16.3,19.51,"","","",""
RW1,3226,4/17/2024 18:40,16.3,1011.84,"","","",""
RW1,3227,4/17/2024 18:45,16.21,58.5,"","","",""
RW1,3228,4/17/2024 18:50,16.21,8.44,"","","",""
RW1,3229,4/17/2024 18:55,16.17,586.4,"","","",""
RW1,3230,4/17/2024 19:00,16.21,409.92,"","","",""
RW1,3231,4/17/2024 19:05,16.17,312.56,"","","",""
RW1,3232,4/17/2024 19:10,16.08,91.12,"","","",""
RW1,3233,4/17/2024 19:15,16.13,16.78,"","","",""
RW1,3234,4/17/2024 19:20,16.04,9.49,"","","",""
RW1,3235,4/17/2024 19:25,16,68.08,"","","",""
RW1,3236,4/17/2024 19:30,15.96,19.64,"","","",""
RW1,3237,4/17/2024 19:35,15.96,47.38,"","","",""
RW1,3238,4/17/2024 19:40,15.91,17.44,"","","",""
RW1,3239,4/17/2024 19:45,15.83,1.76,"","","",""
RW1,3240,4/17/2024 19:50,15.74,0.88,"","","",""
RW1,3241,4/17/2024 19:55,15.7,0,"","","",""
RW1,3242,4/17/2024 20:00,15.74,0,"","","",""
RW1,3243,4/17/2024 20:05,15.66,0,"","","",""
RW1,3244,4/17/2024 20:10,15.78,0,"","","",""
RW1,3245,4/17/2024 20:15,15.7,0,"","","",""
RW1,3246,4/17/2024 20:20,15.74,0,"","","",""
RW1,3247,4/17/2024 20:25,15.78,0,"","","",""
RW1,3248,4/17/2024 20:30,15.74,0,"","","",""
RW1,3249,4/17/2024 20:35,15.66,0,"","","",""
RW1,3250,4/17/2024 20:40,15.7,0,"","","",""
RW1,3251,4/17/2024 20:45,15.7,0,"","","",""
RW1,3252,4/17/2024 20:50,15.66,0,"","","",""
RW1,3253,4/17/2024 20:55,15.66,0,"","","",""
RW1,3254,4/17/2024 21:00,15.61,0,"","","",""
RW1,3255,4/17/2024 21:05,15.57,0,"","","",""
RW1,3256,4/17/2024 21:10,15.57,0,"","","",""
RW1,3257,4/17/2024 21:15,15.53,0,"","","",""
RW1,3258,4/17/2024 21:20,15.57,0,"","","",""
RW1,3259,4/17/2024 21:25,15.53,0,"","","",""
RW1,3260,4/17/2024 21:30,15.48,0,"","","",""
RW1,3261,4/17/2024 21:35,15.48,0,"","","",""
RW1,3262,4/17/2024 21:40,15.44,0,"","","",""
RW1,3263,4/17/2024 21:45,15.4,0,"","","",""
RW1,3264,4/17/2024 21:50,15.36,0,"","","",""
RW1,3265,4/17/2024 21:55,15.31,0,"","","",""
RW1,3266,4/17/2024 22:00,15.31,0,"","","",""
RW1,3267,4/17/2024 22:05,15.31,0,"","","",""
RW1,3268,4/17/2024 22:10,15.31,0,"","","",""
RW1,3269,4/17/2024 22:15,15.23,0,"","","",""
RW1,3270,4/17/2024 22:20,15.18,0,"","","",""
RW1,3271,4/17/2024 22:25,15.18,0,"","","",""
RW1,3272,4/17/2024 22:30,15.14,0,"","","",""
RW1,3273,4/17/2024 22:35,15.1,0,"","","",""
RW1,3274,4/17/2024 22:40,15.23,0,"","","",""
RW1,3275,4/17/2024 22:45,15.14,0,"","","",""
RW1,3276,4/17/2024 22:50,15.14,0,"","","",""
RW1,3277,4/17/2024 22:55,14.88,0,"","","",""
RW1,3278,4/17/2024 23:00,14.37,0,"","","",""
RW1,3279,4/17/2024 23:05,14.54,0,"","","",""
RW1,3280,4/17/2024 23:10,14.93,0,"","","",""
RW1,3281,4/17/2024 23:15,14.97,0,"","","",""
RW1,3282,4/17/2024 23:20,14.41,0,"","","",""
RW1,3283,4/17/2024 23:25,14.03,0,"","","",""
RW1,3284,4/17/2024 23:30,13.94,0,"","","",""
RW1,3325,4/18/2024 2:55,12.95,0,"","","",""
RW1,3326,4/18/2024 3:00,13.34,0,"","","",""
RW1,3327,4/18/2024 3:05,13.55,0,"","","",""
RW1,3328,4/18/2024 3:10,13.43,0,"","","",""
RW1,3329,4/18/2024 3:15,13.68,0,"","","",""
RW1,3330,4/18/2024 3:20,14.03,0,"","","",""
RW1,3331,4/18/2024 3:25,14.11,0,"","","",""
RW1,3332,4/18/2024 3:30,14.2,0,"","","",""
RW1,3333,4/18/2024 3:35,14.33,0,"","","",""
RW1,3334,4/18/2024 3:40,14.41,0,"","","",""
RW1,3335,4/18/2024 3:45,14.45,0,"","","",""
RW1,3336,4/18/2024 3:50,14.45,0,"","","",""
RW1,3337,4/18/2024 3:55,14.41,0,"","","",""
RW1,3338,4/18/2024 4:00,14.45,0,"","","",""
RW1,3339,4/18/2024 4:05,14.45,0,"","","",""
RW1,3340,4/18/2024 4:10,14.45,0,"","","",""
RW1,3341,4/18/2024 4:15,14.5,0,"","","",""
RW1,3342,4/18/2024 4:20,14.45,0,"","","",""
RW1,3343,4/18/2024 4:25,14.41,0,"","","",""
RW1,3344,4/18/2024 4:30,14.37,0,"","","",""
RW1,3345,4/18/2024 4:35,14.45,0,"","","",""
RW1,3346,4/18/2024 4:40,14.41,0,"","","",""
RW1,3347,4/18/2024 4:45,14.45,0,"","","",""
RW1,3348,4/18/2024 4:50,14.41,0,"","","",""
RW1,3349,4/18/2024 4:55,14.45,0,"","","",""
RW1,3350,4/18/2024 5:00,14.45,0,"","","",""
RW1,3351,4/18/2024 5:05,14.41,0,"","","",""
RW1,3352,4/18/2024 5:10,14.37,0,"","","",""
RW1,3353,4/18/2024 5:15,14.37,0,"","","",""
RW1,3354,4/18/2024 5:20,14.41,0,"","","",""
RW1,3355,4/18/2024 5:25,14.37,0,"","","",""
RW1,3356,4/18/2024 5:30,14.37,0,"","","",""
RW1,3357,4/18/2024 5:35,14.33,0,"","","",""
RW1,3358,4/18/2024 5:40,14.37,0,"","","",""
RW1,3359,4/18/2024 5:45,14.28,0,"","","",""
RW1,3360,4/18/2024 5:50,14.33,0,"","","",""
RW1,3361,4/18/2024 5:55,14.28,0,"","","",""
RW1,3362,4/18/2024 6:00,14.28,6.16,"","","",""
RW1,3363,4/18/2024 6:05,14.28,23,"","","",""
RW1,3364,4/18/2024 6:10,14.24,6.6,"","","",""
RW1,3365,4/18/2024 6:15,14.24,61.42,"","","",""
RW1,3366,4/18/2024 6:20,14.28,7.73,"","","",""
RW1,3367,4/18/2024 6:25,14.28,53.7,"","","",""
RW1,3368,4/18/2024 6:30,14.28,132.08,"","","",""
RW1,3369,4/18/2024 6:35,14.28,35.11,"","","",""
RW1,3370,4/18/2024 6:40,14.28,677.44,"","","",""
RW1,3371,4/18/2024 6:45,14.28,74.4,"","","",""
RW1,3372,4/18/2024 6:50,14.33,1568,"","","",""
RW1,3373,4/18/2024 6:55,14.33,1145.6,"","","",""
RW1,3374,4/18/2024 7:00,14.37,1546.24,"","","",""
RW1,3375,4/18/2024 7:05,14.33,2442.24,"","","",""
RW1,3376,4/18/2024 7:10,14.33,1773.44,"","","",""
RW1,3377,4/18/2024 7:15,14.41,1571.84,"","","",""
RW1,3378,4/18/2024 7:20,14.41,2831.36,"","","",""
RW1,3379,4/18/2024 7:25,14.41,2209.92,"","","",""
RW1,3380,4/18/2024 7:30,14.37,3284.48,"","","",""
RW1,3381,4/18/2024 7:35,14.41,224.56,"","","",""
RW1,3382,4/18/2024 7:40,14.37,4952.32,"","","",""
RW1,3383,4/18/2024 7:45,14.37,1212.48,"","","",""
RW1,3384,4/18/2024 7:50,14.37,3266.56,"","","",""
RW1,3385,4/18/2024 7:55,14.41,5711.36,"","","",""
RW1,3386,4/18/2024 8:00,14.41,65.88,"","","",""
RW1,3387,4/18/2024 8:05,14.41,3997.44,"","","",""
RW1,3388,4/18/2024 8:10,14.5,215.92,"","","",""
RW1,3389,4/18/2024 8:15,14.5,9044.48,"","","",""
RW1,3390,4/18/2024 8:20,14.45,458.88,"","","",""
RW1,3391,4/18/2024 8:25,14.45,352.32,"","","",""
RW1,3392,4/18/2024 8:30,14.5,2026.88,"","","",""
RW1,3393,4/18/2024 8:35,14.54,3944.96,"","","",""
RW1,3394,4/18/2024 8:40,14.5,3338.24,"","","",""
RW1,3395,4/18/2024 8:45,14.54,16215.04,"","","",""
RW1,3396,4/18/2024 8:50,14.75,1300.48,"","","",""
RW1,3397,4/18/2024 8:55,14.58,164.72,"","","",""
RW1,3398,4/18/2024 9:00,14.71,939.52,"","","",""
RW1,3399,4/18/2024 9:05,14.84,2116.48,"","","",""
RW1,3400,4/18/2024 9:10,14.84,1020.48,"","","",""
RW1,3401,4/18/2024 9:15,14.93,2478.08,"","","",""
RW1,3402,4/18/2024 9:20,14.88,2307.2,"","","",""
RW1,3403,4/18/2024 9:25,14.88,521.28,"","","",""
RW1,3404,4/18/2024 9:30,15.1,1204.48,"","","",""
RW1,3405,4/18/2024 9:35,16.04,5496.32,"","","",""
RW1,3406,4/18/2024 9:40,15.7,345.76,"","","",""
RW1,3407,4/18/2024 9:45,16.13,638.88,"","","",""
RW1,3408,4/18/2024 9:50,16.73,411.36,"","","",""
RW1,3409,4/18/2024 9:55,17.03,467.36,"","","",""
RW1,3495,4/18/2024 17:05,17.2,366.88,"","","",""
RW1,3496,4/18/2024 17:10,17.07,355.84,"","","",""
RW1,3497,4/18/2024 17:15,17.5,330.08,"","","",""
RW1,3498,4/18/2024 17:20,17.59,313.04,"","","",""
RW1,3499,4/18/2024 17:25,17.29,866.88,"","","",""
RW1,3500,4/18/2024 17:30,17.37,2451.2,"","","",""
RW1,3501,4/18/2024 17:35,16.81,284,"","","",""
RW1,3502,4/18/2024 17:40,16.73,307.76,"","","",""
RW1,3503,4/18/2024 17:45,16.64,78.14,"","","",""
RW1,3504,4/18/2024 17:50,16.56,594.72,"","","",""
RW1,3505,4/18/2024 17:55,16.56,11.99,"","","",""
RW1,3506,4/18/2024 18:00,16.56,3744,"","","",""
RW1,3507,4/18/2024 18:05,16.47,152.32,"","","",""
RW1,3508,4/18/2024 18:10,16.43,278,"","","",""
RW1,3509,4/18/2024 18:15,16.43,1787.52,"","","",""
RW1,3510,4/18/2024 18:20,16.39,146.04,"","","",""
RW1,3511,4/18/2024 18:25,16.34,1928.32,"","","",""
RW1,3512,4/18/2024 18:30,16.3,854.08,"","","",""
RW1,3513,4/18/2024 18:35,16.34,150.56,"","","",""
RW1,3514,4/18/2024 18:40,16.3,39.84,"","","",""
RW1,3515,4/18/2024 18:45,16.3,656.64,"","","",""
RW1,3516,4/18/2024 18:50,16.3,804.8,"","","",""
RW1,3517,4/18/2024 18:55,16.26,583.36,"","","",""
RW1,3518,4/18/2024 19:00,16.21,1215.04,"","","",""
RW1,3519,4/18/2024 19:05,16.26,117.64,"","","",""
RW1,3520,4/18/2024 19:10,16.21,58,"","","",""
RW1,3521,4/18/2024 19:15,16.04,728.96,"","","",""
RW1,3522,4/18/2024 19:20,16.08,31.42,"","","",""
RW1,3523,4/18/2024 19:25,16.13,15.9,"","","",""
RW1,3524,4/18/2024 19:30,16.08,126.48,"","","",""
RW1,3525,4/18/2024 19:35,16,1.54,"","","",""
RW1,3526,4/18/2024 19:40,15.96,4.84,"","","",""
RW1,3527,4/18/2024 19:45,15.83,8.14,"","","",""
RW1,3528,4/18/2024 19:50,15.83,0,"","","",""
RW1,3529,4/18/2024 19:55,15.87,0,"","","",""
RW1,3530,4/18/2024 20:00,15.83,0,"","","",""
RW1,3531,4/18/2024 20:05,15.78,0,"","","",""
RW1,3532,4/18/2024 20:10,15.74,0,"","","",""
RW1,3533,4/18/2024 20:15,15.74,0,"","","",""
RW1,3534,4/18/2024 20:20,15.66,0,"","","",""
RW1,3535,4/18/2024 20:25,15.57,0,"","","",""
RW1,3536,4/18/2024 20:30,15.61,0,"","","",""
RW1,3537,4/18/2024 20:35,15.57,0,"","","",""
RW1,3538,4/18/2024 20:40,15.48,0,"","","",""
RW1,3539,4/18/2024 20:45,15.57,0,"","","",""
RW1,3540,4/18/2024 20:50,15.53,0,"","","",""
RW1,3541,4/18/2024 20:55,15.53,0,"","","",""
RW1,3542,4/18/2024 21:00,15.44,0,"","","",""
RW1,3543,4/18/2024 21:05,15.53,0,"","","",""
RW1,3544,4/18/2024 21:10,15.44,0,"","","",""
RW1,3545,4/18/2024 21:15,15.44,0,"","","",""
RW1,3546,4/18/2024 21:20,15.4,0,"","","",""
RW1,3547,4/18/2024 21:25,15.31,0,"","","",""
RW1,3548,4/18/2024 21:30,15.31,0,"","","",""
RW1,3549,4/18/2024 21:35,15.23,0,"","","",""
RW1,3550,4/18/2024 21:40,15.18,0,"","","",""
RW1,3551,4/18/2024 21:45,15.18,0,"","","",""
RW1,3552,4/18/2024 21:50,15.23,0,"","","",""
RW1,3553,4/18/2024 21:55,15.27,0,"","","",""
RW1,3554,4/18/2024 22:00,15.23,0,"","","",""
RW1,3555,4/18/2024 22:05,15.23,0,"","","",""
RW1,3556,4/18/2024 22:10,15.23,0,"","","",""
RW1,3557,4/18/2024 22:15,15.14,0,"","","",""
RW1,3558,4/18/2024 22:20,15.1,0,"","","",""
RW1,3559,4/18/2024 22:25,15.1,0,"","","",""
RW1,3560,4/18/2024 22:30,15.1,0,"","","",""
RW1,3561,4/18/2024 22:35,15.18,0,"","","",""
RW1,3562,4/18/2024 22:40,15.14,0,"","","",""
RW1,3563,4/18/2024 22:45,15.14,0,"","","",""
RW1,3564,4/18/2024 22:50,15.06,0,"","","",""
RW1,3565,4/18/2024 22:55,14.97,0,"","","",""
RW1,3566,4/18/2024 23:00,14.97,0,"","","",""
RW1,3567,4/18/2024 23:05,14.93,0,"","","",""
RW1,3568,4/18/2024 23:10,14.93,0,"","","",""
RW1,3569,4/18/2024 23:15,14.97,0,"","","",""
RW1,3570,4/18/2024 23:20,14.58,0,"","","",""
RW1,3571,4/18/2024 23:25,14.11,0,"","","",""
RW1,3627,4/19/2024 4:05,13.64,0,"","","",""
RW1,3628,4/19/2024 4:10,13.64,0,"","","",""
RW1,3629,4/19/2024 4:15,13.68,0,"","","",""
RW1,3630,4/19/2024 4:20,13.64,0,"","","",""
RW1,3631,4/19/2024 4:25,13.98,0,"","","",""
RW1,3632,4/19/2024 4:30,14.28,0,"","","",""
RW1,3633,4/19/2024 4:35,14.33,0,"","","",""
RW1,3634,4/19/2024 4:40,14.5,0,"","","",""
RW1,3635,4/19/2024 4:45,14.58,0,"","","",""
RW1,3636,4/19/2024 4:50,14.67,0,"","","",""
RW1,3637,4/19/2024 4:55,14.58,0,"","","",""
RW1,3638,4/19/2024 5:00,14.67,0,"","","",""
RW1,3639,4/19/2024 5:05,14.63,0,"","","",""
RW1,3640,4/19/2024 5:10,14.71,0,"","","",""
RW1,3641,4/19/2024 5:15,14.67,0,"","","",""
RW1,3642,4/19/2024 5:20,14.63,0,"","","",""
RW1,3643,4/19/2024 5:25,14.67,0,"","","",""
RW1,3644,4/19/2024 5:30,14.67,0,"","","",""
RW1,3645,4/19/2024 5:35,14.67,0,"","","",""
RW1,3646,4/19/2024 5:40,14.67,0,"","","",""
RW1,3647,4/19/2024 5:45,14.67,0,"","","",""
RW1,3648,4/19/2024 5:50,14.67,0,"","","",""
RW1,3649,4/19/2024 5:55,14.67,0,"","","",""
RW1,3650,4/19/2024 6:00,14.63,0,"","","",""
RW1,3651,4/19/2024 6:05,14.67,0.66,"","","",""
RW1,3652,4/19/2024 6:10,14.63,21.02,"","","",""
RW1,3653,4/19/2024 6:15,14.63,86.72,"","","",""
RW1,3654,4/19/2024 6:20,14.63,33.62,"","","",""
RW1,3655,4/19/2024 6:25,14.63,2.64,"","","",""
RW1,3656,4/19/2024 6:30,14.58,115.88,"","","",""
RW1,3657,4/19/2024 6:35,14.63,262.4,"","","",""
RW1,3658,4/19/2024 6:40,14.63,922.88,"","","",""
RW1,3659,4/19/2024 6:45,14.63,210,"","","",""
RW1,3660,4/19/2024 6:50,14.63,32.03,"","","",""
RW1,3661,4/19/2024 6:55,14.63,452.64,"","","",""
RW1,3662,4/19/2024 7:00,14.63,333.28,"","","",""
RW1,3663,4/19/2024 7:05,14.71,535.36,"","","",""
RW1,3664,4/19/2024 7:10,14.67,43.08,"","","",""
RW1,3665,4/19/2024 7:15,14.67,268.32,"","","",""
RW1,3666,4/19/2024 7:20,14.63,280.88,"","","",""
RW1,3667,4/19/2024 7:25,14.63,42.6,"","","",""
RW1,3668,4/19/2024 7:30,14.67,1021.44,"","","",""
RW1,3669,4/19/2024 7:35,14.67,1803.52,"","","",""
RW1,3670,4/19/2024 7:40,14.71,2352.64,"","","",""
RW1,3671,4/19/2024 7:45,14.71,93.88,"","","",""
RW1,3672,4/19/2024 7:50,14.71,1972.48,"","","",""
RW1,3673,4/19/2024 7:55,14.71,5342.72,"","","",""
RW1,3674,4/19/2024 8:00,14.75,286.16,"","","",""
RW1,3675,4/19/2024 8:05,14.75,1463.04,"","","",""
RW1,3676,4/19/2024 8:10,14.71,235.12,"","","",""
RW1,3677,4/19/2024 8:15,14.75,494.4,"","","",""
RW1,3678,4/19/2024 8:20,14.88,858.56,"","","",""
RW1,3679,4/19/2024 8:25,14.67,1235.52,"","","",""
RW1,3680,4/19/2024 8:30,14.75,9233.92,"","","",""
RW1,3681,4/19/2024 8:35,14.75,106,"","","",""
RW1,3682,4/19/2024 8:40,14.84,58.44,"","","",""
RW1,3683,4/19/2024 8:45,14.84,1310.72,"","","",""
RW1,3684,4/19/2024 8:50,14.84,746.56,"","","",""
RW1,3685,4/19/2024 8:55,14.84,371.84,"","","",""
RW1,3686,4/19/2024 9:00,14.93,575.36,"","","",""
RW1,3687,4/19/2024 9:05,15.01,99.28,"","","",""
RW1,3688,4/19/2024 9:10,15.01,142.32,"","","",""
RW1,3689,4/19/2024 9:15,14.97,101.04,"","","",""
RW1,3690,4/19/2024 9:20,15.06,76.38,"","","",""
RW1,3691,4/19/2024 9:25,15.1,1489.92,"","","",""
RW1,3692,4/19/2024 9:30,15.01,183.76,"","","",""
RW1,3693,4/19/2024 9:35,15.1,2000.64,"","","",""
RW1,3694,4/19/2024 9:40,15.14,200.4,"","","",""
RW1,3695,4/19/2024 9:45,15.14,211.28,"","","",""
RW1,3696,4/19/2024 9:50,15.27,12298.24,"","","",""
RW1,3697,4/19/2024 9:55,15.57,24514.56,"","","",""
RW1,3698,4/19/2024 10:00,15.61,4296.96,"","","",""
RW1,3699,4/19/2024 10:05,16.51,13516.8,"","","",""
RW1,3700,4/19/2024 10:10,17.97,12200.96,"","","",""
RW1,3701,4/19/2024 10:15,18.02,20357.12,"","","",""
RW1,3702,4/19/2024 10:20,21.4,30668.8,"","","",""
RW1,3703,4/19/2024 10:25,22.13,14627.84,"","","",""
RW1,3704,4/19/2024 10:30,22.26,11356.16,"","","",""
RW1,3705,4/19/2024 10:35,25.27,12072.96,"","","",""
RW1,3786,4/19/2024 17:20,20.59,8988.16,"","","",""
RW1,3787,4/19/2024 17:25,20.12,9297.92,"","","",""
RW1,3788,4/19/2024 17:30,18.23,6502.4,"","","",""
RW1,3789,4/19/2024 17:35,17.54,6507.52,"","","",""
RW1,3790,4/19/2024 17:40,17.03,5793.28,"","","",""
RW1,3791,4/19/2024 17:45,16.99,5184,"","","",""
RW1,3792,4/19/2024 17:50,17.16,2282.24,"","","",""
RW1,3793,4/19/2024 17:55,17.03,1519.36,"","","",""
RW1,3794,4/19/2024 18:00,17.03,152.44,"","","",""
RW1,3795,4/19/2024 18:05,16.94,712.32,"","","",""
RW1,3796,4/19/2024 18:10,16.94,2474.24,"","","",""
RW1,3797,4/19/2024 18:15,16.86,77.16,"","","",""
RW1,3798,4/19/2024 18:20,16.94,352.64,"","","",""
RW1,3799,4/19/2024 18:25,16.86,3772.16,"","","",""
RW1,3800,4/19/2024 18:30,16.81,1495.68,"","","",""
RW1,3801,4/19/2024 18:35,16.77,24.79,"","","",""
RW1,3802,4/19/2024 18:40,16.77,1411.2,"","","",""
RW1,3803,4/19/2024 18:45,16.73,118.64,"","","",""
RW1,3804,4/19/2024 18:50,16.73,766.4,"","","",""
RW1,3805,4/19/2024 18:55,16.77,1347.84,"","","",""
RW1,3806,4/19/2024 19:00,16.77,1236.16,"","","",""
RW1,3807,4/19/2024 19:05,16.64,740.48,"","","",""
RW1,3808,4/19/2024 19:10,16.6,940.48,"","","",""
RW1,3809,4/19/2024 19:15,16.6,753.28,"","","",""
RW1,3810,4/19/2024 19:20,16.56,266.56,"","","",""
RW1,3811,4/19/2024 19:25,16.43,289.44,"","","",""
RW1,3812,4/19/2024 19:30,16.51,4.84,"","","",""
RW1,3813,4/19/2024 19:35,16.47,5.06,"","","",""
RW1,3814,4/19/2024 19:40,16.39,5.72,"","","",""
RW1,3815,4/19/2024 19:45,16.3,1.54,"","","",""
RW1,3816,4/19/2024 19:50,16.34,0.88,"","","",""
RW1,3817,4/19/2024 19:55,16.34,0,"","","",""
RW1,3818,4/19/2024 20:00,16.17,0,"","","",""
RW1,3819,4/19/2024 20:05,16.34,0,"","","",""
RW1,3820,4/19/2024 20:10,16.34,0,"","","",""
RW1,3821,4/19/2024 20:15,16.34,0,"","","",""
RW1,3822,4/19/2024 20:20,16.26,0,"","","",""
RW1,3823,4/19/2024 20:25,16.21,0,"","","",""
RW1,3824,4/19/2024 20:30,16.17,0,"","","",""
RW1,3825,4/19/2024 20:35,16.08,0,"","","",""
RW1,3826,4/19/2024 20:40,15.87,0,"","","",""
RW1,3827,4/19/2024 20:45,15.87,0,"","","",""
RW1,3828,4/19/2024 20:50,15.87,0,"","","",""
RW1,3829,4/19/2024 20:55,16,0,"","","",""
RW1,3830,4/19/2024 21:00,15.91,0,"","","",""
RW1,3831,4/19/2024 21:05,15.87,0,"","","",""
RW1,3832,4/19/2024 21:10,15.91,0,"","","",""
RW1,3833,4/19/2024 21:15,15.78,0,"","","",""
RW1,3834,4/19/2024 21:20,15.83,0,"","","",""
RW1,3835,4/19/2024 21:25,15.83,0,"","","",""
RW1,3836,4/19/2024 21:30,15.74,0,"","","",""
RW1,3837,4/19/2024 21:35,15.74,0,"","","",""
RW1,3838,4/19/2024 21:40,15.78,0,"","","",""
RW1,3839,4/19/2024 21:45,15.66,0,"","","",""
RW1,3840,4/19/2024 21:50,15.57,0,"","","",""
RW1,3841,4/19/2024 21:55,15.48,0,"","","",""
RW1,3842,4/19/2024 22:00,15.4,0,"","","",""
RW1,3843,4/19/2024 22:05,15.44,0,"","","",""
RW1,3844,4/19/2024 22:10,15.53,0,"","","",""
RW1,3845,4/19/2024 22:15,15.44,0,"","","",""
RW1,3846,4/19/2024 22:20,15.36,0,"","","",""
RW1,3847,4/19/2024 22:25,15.36,0,"","","",""
RW1,3848,4/19/2024 22:30,15.31,0,"","","",""
RW1,3849,4/19/2024 22:35,15.23,0,"","","",""
RW1,3850,4/19/2024 22:40,15.23,0,"","","",""
RW1,3851,4/19/2024 22:45,15.14,0,"","","",""
RW1,3852,4/19/2024 22:50,15.23,0,"","","",""
RW1,3853,4/19/2024 22:55,15.1,0,"","","",""
RW1,3854,4/19/2024 23:00,15.06,0,"","","",""
RW1,3855,4/19/2024 23:05,14.97,0,"","","",""
RW1,3856,4/19/2024 23:10,14.93,0,"","","",""
RW1,3857,4/19/2024 23:15,14.67,0,"","","",""
RW1,3858,4/19/2024 23:20,14.8,0,"","","",""
RW1,3859,4/19/2024 23:25,14.63,0,"","","",""
RW1,3860,4/19/2024 23:30,14.2,0,"","","",""
RW1,3861,4/19/2024 23:35,13.9,0,"","","",""
RW1,3928,4/20/2024 5:10,13.98,0,"","","",""
RW1,3929,4/20/2024 5:15,13.9,0,"","","",""
RW1,3930,4/20/2024 5:20,13.85,0,"","","",""
RW1,3931,4/20/2024 5:25,14.07,0,"","","",""
RW1,3932,4/20/2024 5:30,14.37,0,"","","",""
RW1,3933,4/20/2024 5:35,14.5,0,"","","",""
RW1,3934,4/20/2024 5:40,14.45,0,"","","",""
RW1,3935,4/20/2024 5:45,14.5,0,"","","",""
RW1,3936,4/20/2024 5:50,14.5,0,"","","",""
RW1,3937,4/20/2024 5:55,14.5,0,"","","",""
RW1,3938,4/20/2024 6:00,14.5,0,"","","",""
RW1,3939,4/20/2024 6:05,14.5,0.66,"","","",""
RW1,3940,4/20/2024 6:10,14.45,61.96,"","","",""
RW1,3941,4/20/2024 6:15,14.45,7.29,"","","",""
RW1,3942,4/20/2024 6:20,14.5,4.18,"","","",""
RW1,3943,4/20/2024 6:25,14.5,163,"","","",""
RW1,3944,4/20/2024 6:30,14.5,312.56,"","","",""
RW1,3945,4/20/2024 6:35,14.5,13.48,"","","",""
RW1,3946,4/20/2024 6:40,14.5,269.2,"","","",""
RW1,3947,4/20/2024 6:45,14.5,361.44,"","","",""
RW1,3948,4/20/2024 6:50,14.5,34.53,"","","",""
RW1,3949,4/20/2024 6:55,14.5,980.8,"","","",""
RW1,3950,4/20/2024 7:00,14.54,236.64,"","","",""
RW1,3951,4/20/2024 7:05,14.54,741.44,"","","",""
RW1,3952,4/20/2024 7:10,14.5,998.4,"","","",""
RW1,3953,4/20/2024 7:15,14.5,124.92,"","","",""
RW1,3954,4/20/2024 7:20,14.5,841.28,"","","",""
RW1,3955,4/20/2024 7:25,14.5,1096.32,"","","",""
RW1,3956,4/20/2024 7:30,14.5,1806.72,"","","",""
RW1,3957,4/20/2024 7:35,14.5,2040.96,"","","",""
RW1,3958,4/20/2024 7:40,14.54,4430.08,"","","",""
RW1,3959,4/20/2024 7:45,14.54,1032,"","","",""
RW1,3960,4/20/2024 7:50,14.5,4634.88,"","","",""
RW1,3961,4/20/2024 7:55,14.58,4232.96,"","","",""
RW1,3962,4/20/2024 8:00,14.58,5304.32,"","","",""
RW1,3963,4/20/2024 8:05,14.54,5795.84,"","","",""
RW1,3964,4/20/2024 8:10,14.63,3768.32,"","","",""
RW1,3965,4/20/2024 8:15,14.58,2261.12,"","","",""
RW1,3966,4/20/2024 8:20,14.58,4536.32,"","","",""
RW1,3967,4/20/2024 8:25,14.63,6609.92,"","","",""
RW1,3968,4/20/2024 8:30,14.63,4878.08,"","","",""
RW1,3969,4/20/2024 8:35,14.67,8747.52,"","","",""
RW1,3970,4/20/2024 8:40,14.71,3407.36,"","","",""
RW1,3971,4/20/2024 8:45,14.71,6282.24,"","","",""
RW1,3972,4/20/2024 8:50,14.75,3719.68,"","","",""
RW1,3973,4/20/2024 8:55,14.71,9418.24,"","","",""
RW1,3974,4/20/2024 9:00,14.75,213.76,"","","",""
RW1,3975,4/20/2024 9:05,14.75,114.8,"","","",""
RW1,3976,4/20/2024 9:10,14.75,62.34,"","","",""
RW1,3977,4/20/2024 9:15,14.93,3042.56,"","","",""
RW1,3978,4/20/2024 9:20,14.75,353.92,"","","",""
RW1,3979,4/20/2024 9:25,14.84,10833.92,"","","",""
RW1,3980,4/20/2024 9:30,14.84,601.44,"","","",""
RW1,3981,4/20/2024 9:35,14.88,2527.36,"","","",""
RW1,3982,4/20/2024 9:40,15.01,7833.6,"","","",""
RW1,3983,4/20/2024 9:45,15.06,5309.44,"","","",""
RW1,3984,4/20/2024 9:50,15.1,6881.28,"","","",""
RW1,3985,4/20/2024 9:55,15.27,14883.84,"","","",""
RW1,3986,4/20/2024 10:00,15.18,5111.04,"","","",""
RW1,3987,4/20/2024 10:05,15.06,13148.16,"","","",""
RW1,3988,4/20/2024 10:10,15.18,2544.64,"","","",""
RW1,3989,4/20/2024 10:15,15.27,1532.16,"","","",""
RW1,3990,4/20/2024 10:20,15.23,439.84,"","","",""
RW1,3991,4/20/2024 10:25,15.4,109.52,"","","",""
RW1,3992,4/20/2024 10:30,15.23,209.2,"","","",""
RW1,3993,4/20/2024 10:35,15.87,15703.04,"","","",""
RW1,3994,4/20/2024 10:40,17.07,30525.44,"","","",""
RW1,3995,4/20/2024 10:45,16.39,3874.56,"","","",""
RW1,3996,4/20/2024 10:50,16.26,758.4,"","","",""
RW1,3997,4/20/2024 10:55,16.13,1614.08,"","","",""
RW1,3998,4/20/2024 11:00,16.56,1589.12,"","","",""
RW1,4077,4/20/2024 17:35,16.6,1210.56,"","","",""
RW1,4078,4/20/2024 17:40,15.96,1297.92,"","","",""
RW1,4079,4/20/2024 17:45,15.53,450.4,"","","",""
RW1,4080,4/20/2024 17:50,15.74,1425.28,"","","",""
RW1,4081,4/20/2024 17:55,16.39,5959.68,"","","",""
RW1,4082,4/20/2024 18:00,16.56,479.36,"","","",""
RW1,4083,4/20/2024 18:05,16.51,1054.08,"","","",""
RW1,4084,4/20/2024 18:10,16.47,320.48,"","","",""
RW1,4085,4/20/2024 18:15,16.47,3697.92,"","","",""
RW1,4086,4/20/2024 18:20,16.43,2176.64,"","","",""
RW1,4087,4/20/2024 18:25,16.39,682.88,"","","",""
RW1,4088,4/20/2024 18:30,16.34,3187.2,"","","",""
RW1,4089,4/20/2024 18:35,16.34,687.04,"","","",""
RW1,4090,4/20/2024 18:40,16.39,726.72,"","","",""
RW1,4091,4/20/2024 18:45,16.39,169.92,"","","",""
RW1,4092,4/20/2024 18:50,16.3,479.84,"","","",""
RW1,4093,4/20/2024 18:55,16.34,270.96,"","","",""
RW1,4094,4/20/2024 19:00,16.26,790.08,"","","",""
RW1,4095,4/20/2024 19:05,16.26,495.2,"","","",""
RW1,4096,4/20/2024 19:10,16.26,911.36,"","","",""
RW1,4097,4/20/2024 19:15,16.13,8.39,"","","",""
RW1,4098,4/20/2024 19:20,16.13,15.49,"","","",""
RW1,4099,4/20/2024 19:25,16.13,199.2,"","","",""
RW1,4100,4/20/2024 19:30,16.13,50.46,"","","",""
RW1,4101,4/20/2024 19:35,16.17,54.92,"","","",""
RW1,4102,4/20/2024 19:40,16.17,20.77,"","","",""
RW1,4103,4/20/2024 19:45,16.17,3.52,"","","",""
RW1,4104,4/20/2024 19:50,15.96,0,"","","",""
RW1,4105,4/20/2024 19:55,15.91,0,"","","",""
RW1,4106,4/20/2024 20:00,15.87,0,"","","",""
RW1,4107,4/20/2024 20:05,16.04,0,"","","",""
RW1,4108,4/20/2024 20:10,16,0,"","","",""
RW1,4109,4/20/2024 20:15,15.91,0,"","","",""
RW1,4110,4/20/2024 20:20,15.87,0,"","","",""
RW1,4111,4/20/2024 20:25,15.87,0,"","","",""
RW1,4112,4/20/2024 20:30,15.87,0,"","","",""
RW1,4113,4/20/2024 20:35,15.83,0,"","","",""
RW1,4114,4/20/2024 20:40,15.7,0,"","","",""
RW1,4115,4/20/2024 20:45,15.74,0,"","","",""
RW1,4116,4/20/2024 20:50,15.57,0,"","","",""
RW1,4117,4/20/2024 20:55,15.57,0,"","","",""
RW1,4118,4/20/2024 21:00,15.66,0,"","","",""
RW1,4119,4/20/2024 21:05,15.7,0,"","","",""
RW1,4120,4/20/2024 21:10,15.48,0,"","","",""
RW1,4121,4/20/2024 21:15,15.57,0,"","","",""
RW1,4122,4/20/2024 21:20,15.31,0,"","","",""
RW1,4123,4/20/2024 21:25,15.36,0,"","","",""
RW1,4124,4/20/2024 21:30,15.4,0,"","","",""
RW1,4125,4/20/2024 21:35,15.4,0,"","","",""
RW1,4126,4/20/2024 21:40,15.36,0,"","","",""
RW1,4127,4/20/2024 21:45,15.31,0,"","","",""
RW1,4128,4/20/2024 21:50,15.31,0,"","","",""
RW1,4129,4/20/2024 21:55,15.31,0,"","","",""
RW1,4130,4/20/2024 22:00,15.36,0,"","","",""
RW1,4131,4/20/2024 22:05,15.27,0,"","","",""
RW1,4132,4/20/2024 22:10,15.23,0,"","","",""
RW1,4133,4/20/2024 22:15,15.18,0,"","","",""
RW1,4134,4/20/2024 22:20,15.23,0,"","","",""
RW1,4135,4/20/2024 22:25,15.18,0,"","","",""
RW1,4136,4/20/2024 22:30,15.1,0,"","","",""
RW1,4137,4/20/2024 22:35,15.01,0,"","","",""
RW1,4138,4/20/2024 22:40,15.06,0,"","","",""
RW1,4139,4/20/2024 22:45,14.97,0,"","","",""
RW1,4140,4/20/2024 22:50,15.01,0,"","","",""
RW1,4141,4/20/2024 22:55,14.93,0,"","","",""
RW1,4142,4/20/2024 23:00,14.88,0,"","","",""
RW1,4143,4/20/2024 23:05,14.88,0,"","","",""
RW1,4144,4/20/2024 23:10,14.75,0,"","","",""
RW1,4145,4/20/2024 23:15,14.67,0,"","","",""
RW1,4146,4/20/2024 23:20,14.58,0,"","","",""
RW1,4147,4/20/2024 23:25,14.58,0,"","","",""
RW1,4148,4/20/2024 23:30,14.37,0,"","","",""
RW1,4149,4/20/2024 23:35,14.15,0,"","","",""
RW1,4150,4/20/2024 23:40,13.68,0,"","","",""
RW1,4151,4/20/2024 23:45,13.43,0,"","","",""
RW1,4152,4/20/2024 23:50,13.34,0,"","","",""
RW1,4226,4/21/2024 6:00,13.9,7.51,"","","",""
RW1,4227,4/21/2024 6:05,13.94,19.26,"","","",""
RW1,4228,4/21/2024 6:10,13.9,43.8,"","","",""
RW1,4229,4/21/2024 6:15,13.94,78.92,"","","",""
RW1,4230,4/21/2024 6:20,14.24,85.2,"","","",""
RW1,4231,4/21/2024 6:25,14.28,61.24,"","","",""
RW1,4232,4/21/2024 6:30,14.28,30.71,"","","",""
RW1,4233,4/21/2024 6:35,14.33,383.68,"","","",""
RW1,4234,4/21/2024 6:40,14.28,18.46,"","","",""
RW1,4235,4/21/2024 6:45,14.28,61.74,"","","",""
RW1,4236,4/21/2024 6:50,14.28,156.96,"","","",""
RW1,4237,4/21/2024 6:55,14.33,889.6,"","","",""
RW1,4238,4/21/2024 7:00,14.28,33.24,"","","",""
RW1,4239,4/21/2024 7:05,14.33,498.4,"","","",""
RW1,4240,4/21/2024 7:10,14.28,164,"","","",""
RW1,4241,4/21/2024 7:15,14.28,15.16,"","","",""
RW1,4242,4/21/2024 7:20,14.28,877.76,"","","",""
RW1,4243,4/21/2024 7:25,14.37,4176.64,"","","",""
RW1,4244,4/21/2024 7:30,14.41,4698.88,"","","",""
RW1,4245,4/21/2024 7:35,14.37,698.24,"","","",""
RW1,4246,4/21/2024 7:40,14.37,354.88,"","","",""
RW1,4247,4/21/2024 7:45,14.41,487.2,"","","",""
RW1,4248,4/21/2024 7:50,14.37,1762.56,"","","",""
RW1,4249,4/21/2024 7:55,14.45,3272.96,"","","",""
RW1,4250,4/21/2024 8:00,14.45,2850.56,"","","",""
RW1,4251,4/21/2024 8:05,14.5,7923.2,"","","",""
RW1,4252,4/21/2024 8:10,14.54,4624.64,"","","",""
RW1,4253,4/21/2024 8:15,14.58,898.88,"","","",""
RW1,4254,4/21/2024 8:20,14.58,745.6,"","","",""
RW1,4255,4/21/2024 8:25,14.58,11489.28,"","","",""
RW1,4256,4/21/2024 8:30,14.58,630.08,"","","",""
RW1,4257,4/21/2024 8:35,14.58,9797.12,"","","",""
RW1,4258,4/21/2024 8:40,14.63,6382.08,"","","",""
RW1,4259,4/21/2024 8:45,14.67,13276.16,"","","",""
RW1,4260,4/21/2024 8:50,14.71,5416.96,"","","",""
RW1,4261,4/21/2024 8:55,14.71,13726.72,"","","",""
RW1,4262,4/21/2024 9:00,14.67,11432.96,"","","",""
RW1,4263,4/21/2024 9:05,14.67,10242.56,"","","",""
RW1,4264,4/21/2024 9:10,14.8,556.96,"","","",""
RW1,4265,4/21/2024 9:15,14.8,10823.68,"","","",""
RW1,4266,4/21/2024 9:20,14.88,18432,"","","",""
RW1,4267,4/21/2024 9:25,14.84,5836.8,"","","",""
RW1,4268,4/21/2024 9:30,14.93,1292.48,"","","",""
RW1,4269,4/21/2024 9:35,14.97,5141.76,"","","",""
RW1,4270,4/21/2024 9:40,15.06,3328,"","","",""
RW1,4271,4/21/2024 9:45,15.27,405.44,"","","",""
RW1,4272,4/21/2024 9:50,15.23,29542.4,"","","",""
RW1,4273,4/21/2024 9:55,15.44,8002.56,"","","",""
RW1,4274,4/21/2024 10:00,15.74,44605.44,"","","",""
RW1,4275,4/21/2024 10:05,15.83,2426.88,"","","",""
RW1,4276,4/21/2024 10:10,16.04,7810.56,"","","",""
RW1,4277,4/21/2024 10:15,16.21,51077.12,"","","",""
RW1,4278,4/21/2024 10:20,16.77,5173.76,"","","",""
RW1,4279,4/21/2024 10:25,16.13,50257.92,"","","",""
RW1,4280,4/21/2024 10:30,16.47,22394.88,"","","",""
RW1,4281,4/21/2024 10:35,16.43,20674.56,"","","",""
RW1,4282,4/21/2024 10:40,16.51,62320.64,"","","",""
RW1,4283,4/21/2024 10:45,17.03,1438.72,"","","",""
RW1,4284,4/21/2024 10:50,16.81,5509.12,"","","",""
RW1,4285,4/21/2024 10:55,17.59,63528.96,"","","",""
RW1,4286,4/21/2024 11:00,16.81,1304,"","","",""
RW1,4287,4/21/2024 11:05,17.97,2976,"","","",""
RW1,4288,4/21/2024 11:10,16.64,1022.4,"","","",""
RW1,4289,4/21/2024 11:15,17.24,12334.08,"","","",""
RW1,4290,4/21/2024 11:20,19.22,6392.32,"","","",""
RW1,4291,4/21/2024 11:25,19.9,13081.6,"","","",""
RW1,4292,4/21/2024 11:30,21.49,11786.24,"","","",""
RW1,4293,4/21/2024 11:35,22.65,12554.24,"","","",""
RW1,4365,4/21/2024 17:35,16.69,3712,"","","",""
RW1,4366,4/21/2024 17:40,16.47,3275.52,"","","",""
RW1,4367,4/21/2024 17:45,15.91,2014.72,"","","",""
RW1,4368,4/21/2024 17:50,15.91,2616.96,"","","",""
RW1,4369,4/21/2024 17:55,16.43,4779.52,"","","",""
RW1,4370,4/21/2024 18:00,16.51,70.06,"","","",""
RW1,4371,4/21/2024 18:05,16.43,2460.16,"","","",""
RW1,4372,4/21/2024 18:10,16.43,3106.56,"","","",""
RW1,4373,4/21/2024 18:15,16.39,87.16,"","","",""
RW1,4374,4/21/2024 18:20,16.39,4039.68,"","","",""
RW1,4375,4/21/2024 18:25,16.39,1399.04,"","","",""
RW1,4376,4/21/2024 18:30,16.34,86.16,"","","",""
RW1,4377,4/21/2024 18:35,16.3,20.25,"","","",""
RW1,4378,4/21/2024 18:40,16.3,604,"","","",""
RW1,4379,4/21/2024 18:45,16.26,622.56,"","","",""
RW1,4380,4/21/2024 18:50,16.26,1444.48,"","","",""
RW1,4381,4/21/2024 18:55,16.26,722.88,"","","",""
RW1,4382,4/21/2024 19:00,16.21,1105.92,"","","",""
RW1,4383,4/21/2024 19:05,16.21,7.29,"","","",""
RW1,4384,4/21/2024 19:10,16.21,29.63,"","","",""
RW1,4385,4/21/2024 19:15,16.17,221.44,"","","",""
RW1,4386,4/21/2024 19:20,16.08,78.8,"","","",""
RW1,4387,4/21/2024 19:25,16.08,80.02,"","","",""
RW1,4388,4/21/2024 19:30,16.08,47.82,"","","",""
RW1,4389,4/21/2024 19:35,16,1.32,"","","",""
RW1,4390,4/21/2024 19:40,15.96,0,"","","",""
RW1,4391,4/21/2024 19:45,15.96,1.32,"","","",""
RW1,4392,4/21/2024 19:50,15.87,0.66,"","","",""
RW1,4393,4/21/2024 19:55,15.96,0,"","","",""
RW1,4394,4/21/2024 20:00,15.87,0,"","","",""
RW1,4395,4/21/2024 20:05,15.83,0,"","","",""
RW1,4396,4/21/2024 20:10,15.83,0,"","","",""
RW1,4397,4/21/2024 20:15,15.83,0,"","","",""
RW1,4398,4/21/2024 20:20,15.83,0,"","","",""
RW1,4399,4/21/2024 20:25,15.74,0,"","","",""
RW1,4400,4/21/2024 20:30,15.78,0,"","","",""
RW1,4401,4/21/2024 20:35,15.74,0,"","","",""
RW1,4402,4/21/2024 20:40,15.78,0,"","","",""
RW1,4403,4/21/2024 20:45,15.7,0,"","","",""
RW1,4404,4/21/2024 20:50,15.7,0,"","","",""
RW1,4405,4/21/2024 20:55,15.66,0,"","","",""
RW1,4406,4/21/2024 21:00,15.66,0,"","","",""
RW1,4407,4/21/2024 21:05,15.66,0,"","","",""
RW1,4408,4/21/2024 21:10,15.53,0,"","","",""
RW1,4409,4/21/2024 21:15,15.4,0,"","","",""
RW1,4410,4/21/2024 21:20,15.48,0,"","","",""
RW1,4411,4/21/2024 21:25,15.48,0,"","","",""
RW1,4412,4/21/2024 21:30,15.44,0,"","","",""
RW1,4413,4/21/2024 21:35,15.4,0,"","","",""
RW1,4414,4/21/2024 21:40,15.06,0,"","","",""
RW1,4415,4/21/2024 21:45,14.84,0,"","","",""
RW1,4416,4/21/2024 21:50,14.93,0,"","","",""
RW1,4417,4/21/2024 21:55,14.93,0,"","","",""
RW1,4418,4/21/2024 22:00,14.88,0,"","","",""
RW1,4419,4/21/2024 22:05,14.93,0,"","","",""
RW1,4420,4/21/2024 22:10,14.88,0,"","","",""
RW1,4421,4/21/2024 22:15,14.88,0,"","","",""
RW1,4422,4/21/2024 22:20,14.84,0,"","","",""
RW1,4423,4/21/2024 22:25,14.93,0,"","","",""
RW1,4424,4/21/2024 22:30,14.84,0,"","","",""
RW1,4425,4/21/2024 22:35,14.84,0,"","","",""
RW1,4426,4/21/2024 22:40,14.88,0,"","","",""
RW1,4427,4/21/2024 22:45,14.75,0,"","","",""
RW1,4428,4/21/2024 22:50,14.75,0,"","","",""
RW1,4429,4/21/2024 22:55,14.75,0,"","","",""
RW1,4430,4/21/2024 23:00,14.67,0,"","","",""
RW1,4431,4/21/2024 23:05,14.71,0,"","","",""
RW1,4432,4/21/2024 23:10,14.71,0,"","","",""
RW1,4433,4/21/2024 23:15,14.71,0,"","","",""
RW1,4434,4/21/2024 23:20,14.71,0,"","","",""
RW1,4435,4/21/2024 23:25,14.67,0,"","","",""
RW1,4436,4/21/2024 23:30,14.63,0,"","","",""
RW1,4437,4/21/2024 23:35,14.58,0,"","","",""
RW1,4438,4/21/2024 23:40,14.58,0,"","","",""
RW1,4439,4/21/2024 23:45,14.5,0,"","","",""
RW1,4440,4/21/2024 23:50,14.45,0,"","","",""
RW1,4441,4/21/2024 23:55,14.41,0,"","","",""
RW1,4442,4/22/2024 0:00,14.33,0,"","","",""
RW1,4443,4/22/2024 0:05,14.33,0,"","","",""
RW1,4444,4/22/2024 0:10,14.2,0,"","","",""
RW1,4445,4/22/2024 0:15,14.07,0,"","","",""
RW1,4521,4/22/2024 6:35,14.11,107.32,"","","",""
RW1,4522,4/22/2024 6:40,14.15,144.64,"","","",""
RW1,4523,4/22/2024 6:45,14.2,196.16,"","","",""
RW1,4524,4/22/2024 6:50,14.24,250.24,"","","",""
RW1,4525,4/22/2024 6:55,14.28,204.96,"","","",""
RW1,4526,4/22/2024 7:00,14.07,112.8,"","","",""
RW1,4527,4/22/2024 7:05,14.03,31.31,"","","",""
RW1,4528,4/22/2024 7:10,13.9,73.3,"","","",""
RW1,4529,4/22/2024 7:15,13.94,1732.48,"","","",""
RW1,4530,4/22/2024 7:20,13.9,23.44,"","","",""
RW1,4531,4/22/2024 7:25,13.9,503.68,"","","",""
RW1,4532,4/22/2024 7:30,13.9,349.92,"","","",""
RW1,4533,4/22/2024 7:35,13.9,191.28,"","","",""
RW1,4534,4/22/2024 7:40,13.94,3261.44,"","","",""
RW1,4535,4/22/2024 7:45,13.9,835.52,"","","",""
RW1,4536,4/22/2024 7:50,13.94,3961.6,"","","",""
RW1,4537,4/22/2024 7:55,13.94,24.93,"","","",""
RW1,4538,4/22/2024 8:00,14.03,3659.52,"","","",""
RW1,4539,4/22/2024 8:05,14.07,2639.36,"","","",""
RW1,4540,4/22/2024 8:10,14.07,337.28,"","","",""
RW1,4541,4/22/2024 8:15,14.07,58.34,"","","",""
RW1,4542,4/22/2024 8:20,14.07,4860.16,"","","",""
RW1,4543,4/22/2024 8:25,14.07,2116.48,"","","",""
RW1,4544,4/22/2024 8:30,14.07,1455.36,"","","",""
RW1,4545,4/22/2024 8:35,14.07,4029.44,"","","",""
RW1,4546,4/22/2024 8:40,14.15,45.12,"","","",""
RW1,4547,4/22/2024 8:45,14.15,3987.2,"","","",""
RW1,4548,4/22/2024 8:50,14.24,1977.6,"","","",""
RW1,4549,4/22/2024 8:55,14.24,339.36,"","","",""
RW1,4550,4/22/2024 9:00,14.2,564.48,"","","",""
RW1,4551,4/22/2024 9:05,14.24,343.36,"","","",""
RW1,4552,4/22/2024 9:10,14.37,1540.48,"","","",""
RW1,4553,4/22/2024 9:15,14.33,765.44,"","","",""
RW1,4554,4/22/2024 9:20,14.24,5212.16,"","","",""
RW1,4555,4/22/2024 9:25,14.24,1186.88,"","","",""
RW1,4556,4/22/2024 9:30,14.24,1667.84,"","","",""
RW1,4557,4/22/2024 9:35,14.24,3256.32,"","","",""
RW1,4558,4/22/2024 9:40,14.24,3111.68,"","","",""
RW1,4559,4/22/2024 9:45,14.33,166.08,"","","",""
RW1,4560,4/22/2024 9:50,14.5,1644.8,"","","",""
RW1,4561,4/22/2024 9:55,14.54,8494.08,"","","",""
RW1,4562,4/22/2024 10:00,14.45,336.32,"","","",""
RW1,4563,4/22/2024 10:05,14.41,634.4,"","","",""
RW1,4564,4/22/2024 10:10,14.5,3065.6,"","","",""
RW1,4565,4/22/2024 10:15,14.54,1392.64,"","","",""
RW1,4566,4/22/2024 10:20,14.58,4673.28,"","","",""
RW1,4567,4/22/2024 10:25,14.5,251.84,"","","",""
RW1,4568,4/22/2024 10:30,14.5,2942.72,"","","",""
RW1,4569,4/22/2024 10:35,14.41,8586.24,"","","",""
RW1,4570,4/22/2024 10:40,14.45,912.96,"","","",""
RW1,4571,4/22/2024 10:45,14.5,7301.12,"","","",""
RW1,4572,4/22/2024 10:50,14.54,128.68,"","","",""
RW1,4573,4/22/2024 10:55,14.54,1012.48,"","","",""
RW1,4574,4/22/2024 11:00,14.58,8657.92,"","","",""
RW1,4575,4/22/2024 11:05,14.58,2125.44,"","","",""
RW1,4576,4/22/2024 11:10,14.58,2092.16,"","","",""
RW1,4577,4/22/2024 11:15,14.71,349.12,"","","",""
RW1,4578,4/22/2024 11:20,14.71,4458.24,"","","",""
RW1,4579,4/22/2024 11:25,14.67,329.28,"","","",""
RW1,4580,4/22/2024 11:30,14.71,220.32,"","","",""
RW1,4581,4/22/2024 11:35,14.84,1101.44,"","","",""
RW1,4582,4/22/2024 11:40,14.84,759.68,"","","",""
RW1,4583,4/22/2024 11:45,15.01,776,"","","",""
RW1,4584,4/22/2024 11:50,14.84,277.76,"","","",""
RW1,4585,4/22/2024 11:55,14.93,603.2,"","","",""
RW1,4586,4/22/2024 12:00,15.06,554.24,"","","",""
RW1,4587,4/22/2024 12:05,15.23,361.44,"","","",""
RW1,4588,4/22/2024 12:10,15.4,628.32,"","","",""
RW1,4589,4/22/2024 12:15,15.66,595.2,"","","",""
RW1,4590,4/22/2024 12:20,15.61,575.36,"","","",""
RW1,4653,4/22/2024 17:35,16.04,198.32,"","","",""
RW1,4654,4/22/2024 17:40,16.04,171.68,"","","",""
RW1,4655,4/22/2024 17:45,15.96,154.76,"","","",""
RW1,4656,4/22/2024 17:50,16,139.56,"","","",""
RW1,4657,4/22/2024 17:55,15.66,43.8,"","","",""
RW1,4658,4/22/2024 18:00,15.53,61.8,"","","",""
RW1,4659,4/22/2024 18:05,15.4,217.44,"","","",""
RW1,4660,4/22/2024 18:10,15.4,197.04,"","","",""
RW1,4661,4/22/2024 18:15,15.27,1749.76,"","","",""
RW1,4662,4/22/2024 18:20,15.23,700.48,"","","",""
RW1,4663,4/22/2024 18:25,15.14,110.88,"","","",""
RW1,4664,4/22/2024 18:30,15.14,278.24,"","","",""
RW1,4665,4/22/2024 18:35,15.18,958.72,"","","",""
RW1,4666,4/22/2024 18:40,15.14,1121.92,"","","",""
RW1,4667,4/22/2024 18:45,15.1,123.92,"","","",""
RW1,4668,4/22/2024 18:50,15.06,50.4,"","","",""
RW1,4669,4/22/2024 18:55,15.06,162.12,"","","",""
RW1,4670,4/22/2024 19:00,15.06,75.18,"","","",""
RW1,4671,4/22/2024 19:05,15.06,260.4,"","","",""
RW1,4672,4/22/2024 19:10,15.01,83.2,"","","",""
RW1,4673,4/22/2024 19:15,15.06,20.3,"","","",""
RW1,4674,4/22/2024 19:20,15.01,0.66,"","","",""
RW1,4675,4/22/2024 19:25,15.01,10.56,"","","",""
RW1,4676,4/22/2024 19:30,15.01,49.58,"","","",""
RW1,4677,4/22/2024 19:35,15.01,4.62,"","","",""
RW1,4678,4/22/2024 19:40,14.97,0,"","","",""
RW1,4679,4/22/2024 19:45,15.01,0.88,"","","",""
RW1,4680,4/22/2024 19:50,15.01,0,"","","",""
RW1,4681,4/22/2024 19:55,14.97,0,"","","",""
RW1,4682,4/22/2024 20:00,14.97,0,"","","",""
RW1,4683,4/22/2024 20:05,14.97,0,"","","",""
RW1,4684,4/22/2024 20:10,14.97,0,"","","",""
RW1,4685,4/22/2024 20:15,14.93,0,"","","",""
RW1,4686,4/22/2024 20:20,14.97,0,"","","",""
RW1,4687,4/22/2024 20:25,14.93,0,"","","",""
RW1,4688,4/22/2024 20:30,14.93,0,"","","",""
RW1,4689,4/22/2024 20:35,14.93,0,"","","",""
RW1,4690,4/22/2024 20:40,14.93,0,"","","",""
RW1,4691,4/22/2024 20:45,14.93,0,"","","",""
RW1,4692,4/22/2024 20:50,14.93,0,"","","",""
RW1,4693,4/22/2024 20:55,14.88,0,"","","",""
RW1,4694,4/22/2024 21:00,14.93,0,"","","",""
RW1,4695,4/22/2024 21:05,14.88,0,"","","",""
RW1,4696,4/22/2024 21:10,14.88,0,"","","",""
RW1,4697,4/22/2024 21:15,14.88,0,"","","",""
RW1,4698,4/22/2024 21:20,14.88,0,"","","",""
RW1,4699,4/22/2024 21:25,14.93,0,"","","",""
RW1,4700,4/22/2024 21:30,14.84,0,"","","",""
RW1,4701,4/22/2024 21:35,14.84,0,"","","",""
RW1,4702,4/22/2024 21:40,14.84,0,"","","",""
RW1,4703,4/22/2024 21:45,14.88,0,"","","",""
RW1,4704,4/22/2024 21:50,14.84,0,"","","",""
RW1,4705,4/22/2024 21:55,14.88,0,"","","",""
RW1,4706,4/22/2024 22:00,14.84,0,"","","",""
RW1,4707,4/22/2024 22:05,14.84,0,"","","",""
RW1,4708,4/22/2024 22:10,14.88,0,"","","",""
RW1,4709,4/22/2024 22:15,14.88,0,"","","",""
RW1,4710,4/22/2024 22:20,14.84,0,"","","",""
RW1,4711,4/22/2024 22:25,14.88,0,"","","",""
RW1,4712,4/22/2024 22:30,14.88,0,"","","",""
RW1,4713,4/22/2024 22:35,14.84,0,"","","",""
RW1,4714,4/22/2024 22:40,14.88,0,"","","",""
RW1,4715,4/22/2024 22:45,14.88,0,"","","",""
RW1,4716,4/22/2024 22:50,14.88,0,"","","",""
RW1,4717,4/22/2024 22:55,14.84,0,"","","",""
RW1,4718,4/22/2024 23:00,14.84,0,"","","",""
RW1,4719,4/22/2024 23:05,14.88,0,"","","",""
RW1,4720,4/22/2024 23:10,14.84,0,"","","",""
RW1,4721,4/22/2024 23:15,14.88,0,"","","",""
RW1,4722,4/22/2024 23:20,14.84,0,"","","",""
RW1,4723,4/22/2024 23:25,14.88,0,"","","",""
RW1,4724,4/22/2024 23:30,14.84,0,"","","",""
RW1,4725,4/22/2024 23:35,14.88,0,"","","",""
RW1,4726,4/22/2024 23:40,14.88,0,"","","",""
RW1,4727,4/22/2024 23:45,14.88,0,"","","",""
RW1,4728,4/22/2024 23:50,14.88,0,"","","",""
RW1,4729,4/22/2024 23:55,14.84,0,"","","",""
RW1,4730,4/23/2024 0:00,14.88,0,"","","",""
RW1,4731,4/23/2024 0:05,14.84,0,"","","",""
RW1,4732,4/23/2024 0:10,14.88,0,"","","",""
RW1,4733,4/23/2024 0:15,14.84,0,"","","",""
RW1,4734,4/23/2024 0:20,14.71,0,"","","",""
RW1,4735,4/23/2024 0:25,14.75,0,"","","",""
RW1,4736,4/23/2024 0:30,14.58,0,"","","",""
RW1,4737,4/23/2024 0:35,14.5,0,"","","",""
RW1,4820,4/23/2024 7:30,15.27,10101.76,"","","",""
RW1,4821,4/23/2024 7:35,15.4,10905.6,"","","",""
RW1,4822,4/23/2024 7:40,15.31,10849.28,"","","",""
RW1,4823,4/23/2024 7:45,15.27,10065.92,"","","",""
RW1,4824,4/23/2024 7:50,15.18,5570.56,"","","",""
RW1,4825,4/23/2024 7:55,14.8,100.8,"","","",""
RW1,4826,4/23/2024 8:00,15.36,12067.84,"","","",""
RW1,4827,4/23/2024 8:05,14.93,3074.56,"","","",""
RW1,4828,4/23/2024 8:10,15.01,4878.08,"","","",""
RW1,4829,4/23/2024 8:15,15.48,6440.96,"","","",""
RW1,4830,4/23/2024 8:20,15.36,27883.52,"","","",""
RW1,4831,4/23/2024 8:25,15.48,141.44,"","","",""
RW1,4832,4/23/2024 8:30,15.23,3790.08,"","","",""
RW1,4833,4/23/2024 8:35,15.23,1773.44,"","","",""
RW1,4834,4/23/2024 8:40,15.23,11105.28,"","","",""
RW1,4835,4/23/2024 8:45,15.1,12743.68,"","","",""
RW1,4836,4/23/2024 8:50,15.27,11084.8,"","","",""
RW1,4837,4/23/2024 8:55,15.36,10726.4,"","","",""
RW1,4838,4/23/2024 9:00,15.36,3577.6,"","","",""
RW1,4839,4/23/2024 9:05,15.36,5149.44,"","","",""
RW1,4840,4/23/2024 9:10,15.48,14356.48,"","","",""
RW1,4841,4/23/2024 9:15,15.57,405.92,"","","",""
RW1,4842,4/23/2024 9:20,15.27,163.12,"","","",""
RW1,4843,4/23/2024 9:25,15.44,523.68,"","","",""
RW1,4844,4/23/2024 9:30,15.36,4427.52,"","","",""
RW1,4845,4/23/2024 9:35,15.44,8330.24,"","","",""
RW1,4846,4/23/2024 9:40,15.48,15974.4,"","","",""
RW1,4847,4/23/2024 9:45,15.48,4856.32,"","","",""
RW1,4848,4/23/2024 9:50,15.87,16445.44,"","","",""
RW1,4849,4/23/2024 9:55,15.4,2520.32,"","","",""
RW1,4850,4/23/2024 10:00,15.48,24289.28,"","","",""
RW1,4851,4/23/2024 10:05,15.74,439.2,"","","",""
RW1,4852,4/23/2024 10:10,15.74,23480.32,"","","",""
RW1,4853,4/23/2024 10:15,15.78,392.64,"","","",""
RW1,4854,4/23/2024 10:20,15.78,5547.52,"","","",""
RW1,4855,4/23/2024 10:25,15.53,8332.8,"","","",""
RW1,4856,4/23/2024 10:30,16,6215.68,"","","",""
RW1,4857,4/23/2024 10:35,16,16650.24,"","","",""
RW1,4858,4/23/2024 10:40,16.26,9735.68,"","","",""
RW1,4859,4/23/2024 10:45,16.3,214.64,"","","",""
RW1,4860,4/23/2024 10:50,16.64,998.4,"","","",""
RW1,4861,4/23/2024 10:55,16.86,3543.04,"","","",""
RW1,4862,4/23/2024 11:00,16.64,21227.52,"","","",""
RW1,4863,4/23/2024 11:05,17.24,9515.52,"","","",""
RW1,4864,4/23/2024 11:10,16.94,701.76,"","","",""
RW1,4865,4/23/2024 11:15,17.03,47022.08,"","","",""
RW1,4866,4/23/2024 11:20,16.99,3992.32,"","","",""
RW1,4867,4/23/2024 11:25,16.81,1648,"","","",""
RW1,4868,4/23/2024 11:30,18.14,46346.24,"","","",""
RW1,4869,4/23/2024 11:35,17.63,2590.72,"","","",""
RW1,4870,4/23/2024 11:40,17.89,52469.76,"","","",""
RW1,4871,4/23/2024 11:45,17.16,15129.6,"","","",""
RW1,4872,4/23/2024 11:50,17.89,489.6,"","","",""
RW1,4873,4/23/2024 11:55,17.29,13173.76,"","","",""
RW1,4874,4/23/2024 12:00,17.97,68321.28,"","","",""
RW1,4875,4/23/2024 12:05,17.41,2965.76,"","","",""
RW1,4876,4/23/2024 12:10,17.72,1164.8,"","","",""
RW1,4877,4/23/2024 12:15,17.84,1717.76,"","","",""
RW1,4878,4/23/2024 12:20,18.14,2497.28,"","","",""
RW1,4879,4/23/2024 12:25,18.57,3637.76,"","","",""
RW1,4880,4/23/2024 12:30,18.06,1161.28,"","","",""
RW1,4945,4/23/2024 17:55,15.36,285.76,"","","",""
RW1,4946,4/23/2024 18:00,15.18,237.92,"","","",""
RW1,4947,4/23/2024 18:05,15.57,1980.8,"","","",""
RW1,4948,4/23/2024 18:10,15.66,3146.24,"","","",""
RW1,4949,4/23/2024 18:15,15.83,87.16,"","","",""
RW1,4950,4/23/2024 18:20,16,740.16,"","","",""
RW1,4951,4/23/2024 18:25,16.04,2233.6,"","","",""
RW1,4952,4/23/2024 18:30,16.04,292.56,"","","",""
RW1,4953,4/23/2024 18:35,16.04,1760,"","","",""
RW1,4954,4/23/2024 18:40,16.08,586.4,"","","",""
RW1,4955,4/23/2024 18:45,16.08,1419.52,"","","",""
RW1,4956,4/23/2024 18:50,16,2762.24,"","","",""
RW1,4957,4/23/2024 18:55,16.04,1767.68,"","","",""
RW1,4958,4/23/2024 19:00,16,631.36,"","","",""
RW1,4959,4/23/2024 19:05,16.04,1686.4,"","","",""
RW1,4960,4/23/2024 19:10,16.04,21.24,"","","",""
RW1,4961,4/23/2024 19:15,15.91,136.24,"","","",""
RW1,4962,4/23/2024 19:20,15.91,9.05,"","","",""
RW1,4963,4/23/2024 19:25,15.87,431.84,"","","",""
RW1,4964,4/23/2024 19:30,15.91,154,"","","",""
RW1,4965,4/23/2024 19:35,15.78,13.23,"","","",""
RW1,4966,4/23/2024 19:40,15.78,14.11,"","","",""
RW1,4967,4/23/2024 19:45,15.7,22.09,"","","",""
RW1,4968,4/23/2024 19:50,15.7,2.42,"","","",""
RW1,4969,4/23/2024 19:55,15.66,0.66,"","","",""
RW1,4970,4/23/2024 20:00,15.61,0,"","","",""
RW1,4971,4/23/2024 20:05,15.57,0,"","","",""
RW1,4972,4/23/2024 20:10,15.53,0,"","","",""
RW1,4973,4/23/2024 20:15,15.44,0,"","","",""
RW1,4974,4/23/2024 20:20,15.44,0,"","","",""
RW1,4975,4/23/2024 20:25,15.4,0,"","","",""
RW1,4976,4/23/2024 20:30,15.36,0,"","","",""
RW1,4977,4/23/2024 20:35,15.27,0,"","","",""
RW1,4978,4/23/2024 20:40,15.23,0,"","","",""
RW1,4979,4/23/2024 20:45,15.18,0,"","","",""
RW1,4980,4/23/2024 20:50,15.23,0,"","","",""
RW1,4981,4/23/2024 20:55,15.18,0,"","","",""
RW1,4982,4/23/2024 21:00,15.1,0,"","","",""
RW1,4983,4/23/2024 21:05,15.14,0,"","","",""
RW1,4984,4/23/2024 21:10,15.1,0,"","","",""
RW1,4985,4/23/2024 21:15,15.06,0,"","","",""
RW1,4986,4/23/2024 21:20,15.1,0,"","","",""
RW1,4987,4/23/2024 21:25,14.93,0,"","","",""
RW1,4988,4/23/2024 21:30,14.97,0,"","","",""
RW1,4989,4/23/2024 21:35,15.01,0,"","","",""
RW1,4990,4/23/2024 21:40,14.93,0,"","","",""
RW1,4991,4/23/2024 21:45,14.84,0,"","","",""
RW1,4992,4/23/2024 21:50,14.84,0,"","","",""
RW1,4993,4/23/2024 21:55,14.75,0,"","","",""
RW1,4994,4/23/2024 22:00,14.71,0,"","","",""
RW1,4995,4/23/2024 22:05,14.8,0,"","","",""
RW1,4996,4/23/2024 22:10,14.75,0,"","","",""
RW1,4997,4/23/2024 22:15,14.71,0,"","","",""
RW1,4998,4/23/2024 22:20,14.58,0,"","","",""
RW1,4999,4/23/2024 22:25,14.63,0,"","","",""
RW1,5000,4/23/2024 22:30,14.58,0,"","","",""
RW1,5001,4/23/2024 22:35,14.58,0,"","","",""
RW1,5002,4/23/2024 22:40,14.54,0,"","","",""
RW1,5003,4/23/2024 22:45,14.58,0,"","","",""
RW1,5004,4/23/2024 22:50,14.54,0,"","","",""
RW1,5005,4/23/2024 22:55,14.5,0,"","","",""
RW1,5006,4/23/2024 23:00,14.37,0,"","","",""
RW1,5007,4/23/2024 23:05,14.45,0,"","","",""
RW1,5008,4/23/2024 23:10,14.54,0,"","","",""
RW1,5009,4/23/2024 23:15,14.5,0,"","","",""
RW1,5010,4/23/2024 23:20,14.45,0,"","","",""
RW1,5011,4/23/2024 23:25,14.41,0,"","","",""
RW1,5012,4/23/2024 23:30,14.41,0,"","","",""
RW1,5013,4/23/2024 23:35,14.41,0,"","","",""
RW1,5014,4/23/2024 23:40,14.37,0,"","","",""
RW1,5015,4/23/2024 23:45,14.37,0,"","","",""
RW1,5016,4/23/2024 23:50,14.37,0,"","","",""
RW1,5017,4/23/2024 23:55,14.33,0,"","","",""
RW1,5018,4/24/2024 0:00,14.28,0,"","","",""
RW1,5019,4/24/2024 0:05,14.28,0,"","","",""
RW1,5020,4/24/2024 0:10,14.24,0,"","","",""
RW1,5021,4/24/2024 0:15,14.28,0,"","","",""
RW1,5022,4/24/2024 0:20,14.2,0,"","","",""
RW1,5023,4/24/2024 0:25,14.24,0,"","","",""
RW1,5024,4/24/2024 0:30,14.15,0,"","","",""
RW1,5025,4/24/2024 0:35,14.11,0,"","","",""
RW1,5026,4/24/2024 0:40,14.03,0,"","","",""
RW1,5027,4/24/2024 0:45,13.55,0,"","","",""
RW1,5028,4/24/2024 0:50,13.3,0,"","","",""
RW1,5029,4/24/2024 0:55,13.08,0,"","","",""
RW1,5119,4/24/2024 8:25,21.79,33638.4,"","","",""
RW1,5120,4/24/2024 8:30,21.79,38092.8,"","","",""
RW1,5121,4/24/2024 8:35,20.98,49029.12,"","","",""
RW1,5122,4/24/2024 8:40,21.75,44871.68,"","","",""
RW1,5123,4/24/2024 8:45,21.88,59064.32,"","","",""
RW1,5124,4/24/2024 8:50,16.47,5040.64,"","","",""
RW1,5125,4/24/2024 8:55,15.27,723.2,"","","",""
RW1,5126,4/24/2024 9:00,15.1,407.68,"","","",""
RW1,5127,4/24/2024 9:05,17.84,54620.16,"","","",""
RW1,5128,4/24/2024 9:10,15.14,9651.2,"","","",""
RW1,5129,4/24/2024 9:15,15.53,3144.96,"","","",""
RW1,5130,4/24/2024 9:20,15.23,59596.8,"","","",""
RW1,5131,4/24/2024 9:25,15.4,34713.6,"","","",""
RW1,5132,4/24/2024 9:30,15.74,1921.28,"","","",""
RW1,5133,4/24/2024 9:35,15.31,15385.6,"","","",""
RW1,5134,4/24/2024 9:40,15.27,718.72,"","","",""
RW1,5135,4/24/2024 9:45,15.36,6568.96,"","","",""
RW1,5136,4/24/2024 9:50,15.61,87244.8,"","","",""
RW1,5137,4/24/2024 9:55,15.44,3046.4,"","","",""
RW1,5138,4/24/2024 10:00,15.66,16706.56,"","","",""
RW1,5139,4/24/2024 10:05,15.87,51200,"","","",""
RW1,5140,4/24/2024 10:10,15.44,5972.48,"","","",""
RW1,5141,4/24/2024 10:15,15.57,7495.68,"","","",""
RW1,5142,4/24/2024 10:20,16.13,1252.16,"","","",""
RW1,5143,4/24/2024 10:25,16.04,10777.6,"","","",""
RW1,5144,4/24/2024 10:30,15.31,429.28,"","","",""
RW1,5145,4/24/2024 10:35,15.66,341.76,"","","",""
RW1,5146,4/24/2024 10:40,15.83,1110.4,"","","",""
RW1,5147,4/24/2024 10:45,15.57,2116.48,"","","",""
RW1,5148,4/24/2024 10:50,15.91,34928.64,"","","",""
RW1,5149,4/24/2024 10:55,16.08,4194.56,"","","",""
RW1,5150,4/24/2024 11:00,16.17,59392,"","","",""
RW1,5151,4/24/2024 11:05,16.3,1287.36,"","","",""
RW1,5152,4/24/2024 11:10,16.13,8960,"","","",""
RW1,5153,4/24/2024 11:15,16.17,480.32,"","","",""
RW1,5154,4/24/2024 11:20,15.96,1234.56,"","","",""
RW1,5155,4/24/2024 11:25,16.3,36362.24,"","","",""
RW1,5156,4/24/2024 11:30,16.04,8163.84,"","","",""
RW1,5157,4/24/2024 11:35,16.6,523.04,"","","",""
RW1,5158,4/24/2024 11:40,16.64,2289.28,"","","",""
RW1,5159,4/24/2024 11:45,17.2,63590.4,"","","",""
RW1,5160,4/24/2024 11:50,16.69,931.2,"","","",""
RW1,5161,4/24/2024 11:55,16.21,1621.76,"","","",""
RW1,5162,4/24/2024 12:00,16.34,1288.96,"","","",""
RW1,5163,4/24/2024 12:05,17.24,89579.52,"","","",""
RW1,5164,4/24/2024 12:10,20.37,66908.16,"","","",""
RW1,5165,4/24/2024 12:15,21.32,83537.92,"","","",""
RW1,5166,4/24/2024 12:20,22.18,46448.64,"","","",""
RW1,5167,4/24/2024 12:25,19.99,102031.36,"","","",""
RW1,5168,4/24/2024 12:30,23.94,86999.04,"","","",""
RW1,5169,4/24/2024 12:35,25.82,81592.32,"","","",""
RW1,5170,4/24/2024 12:40,19,14822.4,"","","",""
RW1,5171,4/24/2024 12:45,17.63,1003.84,"","","",""
RW1,5172,4/24/2024 12:50,17.72,1047.68,"","","",""
RW1,5173,4/24/2024 12:55,17.93,1155.2,"","","",""
RW1,5174,4/24/2024 13:00,18.14,1292.48,"","","",""
RW1,5235,4/24/2024 18:05,14.28,132.28,"","","",""
RW1,5236,4/24/2024 18:10,14.93,313.28,"","","",""
RW1,5237,4/24/2024 18:15,14.5,300.72,"","","",""
RW1,5238,4/24/2024 18:20,14.63,211.28,"","","",""
RW1,5239,4/24/2024 18:25,14.97,272.32,"","","",""
RW1,5240,4/24/2024 18:30,15.06,298.24,"","","",""
RW1,5241,4/24/2024 18:35,15.27,197.92,"","","",""
RW1,5242,4/24/2024 18:40,15.36,2923.52,"","","",""
RW1,5243,4/24/2024 18:45,15.44,1205.44,"","","",""
RW1,5244,4/24/2024 18:50,15.36,2357.76,"","","",""
RW1,5245,4/24/2024 18:55,15.36,43.48,"","","",""
RW1,5246,4/24/2024 19:00,15.36,10.26,"","","",""
RW1,5247,4/24/2024 19:05,15.36,49.14,"","","",""
RW1,5248,4/24/2024 19:10,15.31,968.64,"","","",""
RW1,5249,4/24/2024 19:15,15.31,718.08,"","","",""
RW1,5250,4/24/2024 19:20,15.27,681.6,"","","",""
RW1,5251,4/24/2024 19:25,15.27,21.74,"","","",""
RW1,5252,4/24/2024 19:30,15.23,280.64,"","","",""
RW1,5253,4/24/2024 19:35,15.27,10.34,"","","",""
RW1,5254,4/24/2024 19:40,15.23,10.59,"","","",""
RW1,5255,4/24/2024 19:45,15.27,4.84,"","","",""
RW1,5256,4/24/2024 19:50,15.23,1.98,"","","",""
RW1,5257,4/24/2024 19:55,15.18,0,"","","",""
RW1,5258,4/24/2024 20:00,15.18,0,"","","",""
RW1,5259,4/24/2024 20:05,15.1,0,"","","",""
RW1,5260,4/24/2024 20:10,15.1,0,"","","",""
RW1,5261,4/24/2024 20:15,15.06,0,"","","",""
RW1,5262,4/24/2024 20:20,14.97,0,"","","",""
RW1,5263,4/24/2024 20:25,15.01,0,"","","",""
RW1,5264,4/24/2024 20:30,14.93,0,"","","",""
RW1,5265,4/24/2024 20:35,14.93,0,"","","",""
RW1,5266,4/24/2024 20:40,14.84,0,"","","",""
RW1,5267,4/24/2024 20:45,14.84,0,"","","",""
RW1,5268,4/24/2024 20:50,14.8,0,"","","",""
RW1,5269,4/24/2024 20:55,14.8,0,"","","",""
RW1,5270,4/24/2024 21:00,14.75,0,"","","",""
RW1,5271,4/24/2024 21:05,14.71,0,"","","",""
RW1,5272,4/24/2024 21:10,14.71,0,"","","",""
RW1,5273,4/24/2024 21:15,14.63,0,"","","",""
RW1,5274,4/24/2024 21:20,14.58,0,"","","",""
RW1,5275,4/24/2024 21:25,14.58,0,"","","",""
RW1,5276,4/24/2024 21:30,14.58,0,"","","",""
RW1,5277,4/24/2024 21:35,14.5,0,"","","",""
RW1,5278,4/24/2024 21:40,14.5,0,"","","",""
RW1,5279,4/24/2024 21:45,14.5,0,"","","",""
RW1,5280,4/24/2024 21:50,14.45,0,"","","",""
RW1,5281,4/24/2024 21:55,14.37,0,"","","",""
RW1,5282,4/24/2024 22:00,14.37,0,"","","",""
RW1,5283,4/24/2024 22:05,14.33,0,"","","",""
RW1,5284,4/24/2024 22:10,14.37,0,"","","",""
RW1,5285,4/24/2024 22:15,14.28,0,"","","",""
RW1,5286,4/24/2024 22:20,14.28,0,"","","",""
RW1,5287,4/24/2024 22:25,14.24,0,"","","",""
RW1,5288,4/24/2024 22:30,14.2,0,"","","",""
RW1,5289,4/24/2024 22:35,14.2,0,"","","",""
RW1,5290,4/24/2024 22:40,14.15,0,"","","",""
RW1,5291,4/24/2024 22:45,14.15,0,"","","",""
RW1,5292,4/24/2024 22:50,14.15,0,"","","",""
RW1,5293,4/24/2024 22:55,14.15,0,"","","",""
RW1,5294,4/24/2024 23:00,14.11,0,"","","",""
RW1,5295,4/24/2024 23:05,14.2,0,"","","",""
RW1,5296,4/24/2024 23:10,14.15,0,"","","",""
RW1,5297,4/24/2024 23:15,14.15,0,"","","",""
RW1,5298,4/24/2024 23:20,14.07,0,"","","",""
RW1,5299,4/24/2024 23:25,14.11,0,"","","",""
RW1,5300,4/24/2024 23:30,14.11,0,"","","",""
RW1,5301,4/24/2024 23:35,14.07,0,"","","",""
RW1,5302,4/24/2024 23:40,14.11,0,"","","",""
RW1,5303,4/24/2024 23:45,14.07,0,"","","",""
RW1,5304,4/24/2024 23:50,14.11,0,"","","",""
RW1,5305,4/24/2024 23:55,14.03,0,"","","",""
RW1,5306,4/25/2024 0:00,14.07,0,"","","",""
RW1,5307,4/25/2024 0:05,14.07,0,"","","",""
RW1,5308,4/25/2024 0:10,14.07,0,"","","",""
RW1,5309,4/25/2024 0:15,14.07,0,"","","",""
RW1,5310,4/25/2024 0:20,14.07,0,"","","",""
RW1,5311,4/25/2024 0:25,14.03,0,"","","",""
RW1,5312,4/25/2024 0:30,14.07,0,"","","",""
RW1,5313,4/25/2024 0:35,14.03,0,"","","",""
RW1,5314,4/25/2024 0:40,14.03,0,"","","",""
RW1,5315,4/25/2024 0:45,14.03,0,"","","",""
RW1,5316,4/25/2024 0:50,13.94,0,"","","",""
RW1,5317,4/25/2024 0:55,13.85,0,"","","",""
RW1,5318,4/25/2024 1:00,13.81,0,"","","",""
RW1,5319,4/25/2024 1:05,13.6,0,"","","",""
RW1,5320,4/25/2024 1:10,13.73,0,"","","",""
RW1,5321,4/25/2024 1:15,13.51,0,"","","",""
RW1,5322,4/25/2024 1:20,13.51,0,"","","",""
RW1,5418,4/25/2024 9:20,14.97,2400,"","","",""
RW1,5419,4/25/2024 9:25,14.84,2569.6,"","","",""
RW1,5420,4/25/2024 9:30,14.88,2384.64,"","","",""
RW1,5421,4/25/2024 9:35,14.88,2234.88,"","","",""
RW1,5422,4/25/2024 9:40,14.88,2064,"","","",""
RW1,5423,4/25/2024 9:45,14.15,484.64,"","","",""
RW1,5424,4/25/2024 9:50,14.15,544.64,"","","",""
RW1,5425,4/25/2024 9:55,13.98,218.16,"","","",""
RW1,5426,4/25/2024 10:00,13.77,849.6,"","","",""
RW1,5427,4/25/2024 10:05,13.9,792.96,"","","",""
RW1,5428,4/25/2024 10:10,13.81,2282.24,"","","",""
RW1,5429,4/25/2024 10:15,13.9,1430.4,"","","",""
RW1,5430,4/25/2024 10:20,13.6,141.88,"","","",""
RW1,5431,4/25/2024 10:25,13.6,275.12,"","","",""
RW1,5432,4/25/2024 10:30,13.73,641.92,"","","",""
RW1,5433,4/25/2024 10:35,13.85,386.88,"","","",""
RW1,5434,4/25/2024 10:40,14.15,1050.56,"","","",""
RW1,5435,4/25/2024 10:45,14.54,31037.44,"","","",""
RW1,5436,4/25/2024 10:50,14.33,8404.48,"","","",""
RW1,5437,4/25/2024 10:55,14.41,11043.84,"","","",""
RW1,5438,4/25/2024 11:00,14.58,8222.72,"","","",""
RW1,5439,4/25/2024 11:05,14.5,8565.76,"","","",""
RW1,5440,4/25/2024 11:10,14.67,906.88,"","","",""
RW1,5441,4/25/2024 11:15,14.45,14177.28,"","","",""
RW1,5442,4/25/2024 11:20,14.37,39249.92,"","","",""
RW1,5443,4/25/2024 11:25,15.53,10250.24,"","","",""
RW1,5444,4/25/2024 11:30,17.07,75120.64,"","","",""
RW1,5445,4/25/2024 11:35,14.75,882.56,"","","",""
RW1,5446,4/25/2024 11:40,15.66,9290.24,"","","",""
RW1,5447,4/25/2024 11:45,15.83,3964.16,"","","",""
RW1,5448,4/25/2024 11:50,16.6,32471.04,"","","",""
RW1,5449,4/25/2024 11:55,16.81,14141.44,"","","",""
RW1,5450,4/25/2024 12:00,16.3,1269.76,"","","",""
RW1,5451,4/25/2024 12:05,16.94,83087.36,"","","",""
RW1,5452,4/25/2024 12:10,16,3335.68,"","","",""
RW1,5453,4/25/2024 12:15,17.46,3363.84,"","","",""
RW1,5454,4/25/2024 12:20,19.43,2151.04,"","","",""
RW1,5455,4/25/2024 12:25,18.06,7065.6,"","","",""
RW1,5456,4/25/2024 12:30,18.14,10869.76,"","","",""
RW1,5457,4/25/2024 12:35,20.12,34252.8,"","","",""
RW1,5458,4/25/2024 12:40,17.2,4106.24,"","","",""
RW1,5459,4/25/2024 12:45,17.84,29952,"","","",""
RW1,5460,4/25/2024 12:50,19.22,8248.32,"","","",""
RW1,5461,4/25/2024 12:55,18.92,9487.36,"","","",""
RW1,5462,4/25/2024 13:00,17.76,3317.76,"","","",""
RW1,5463,4/25/2024 13:05,18.02,4427.52,"","","",""
RW1,5464,4/25/2024 13:10,19.73,3208.96,"","","",""
RW1,5465,4/25/2024 13:15,22.99,100433.92,"","","",""
RW1,5466,4/25/2024 13:20,28.53,98467.84,"","","",""
RW1,5467,4/25/2024 13:25,26.77,68239.36,"","","",""
RW1,5526,4/25/2024 18:20,14.63,3354.88,"","","",""
RW1,5527,4/25/2024 18:25,14.5,3429.12,"","","",""
RW1,5528,4/25/2024 18:30,14.84,40.12,"","","",""
RW1,5529,4/25/2024 18:35,14.88,516.48,"","","",""
RW1,5530,4/25/2024 18:40,14.97,1349.76,"","","",""
RW1,5531,4/25/2024 18:45,15.01,1169.28,"","","",""
RW1,5532,4/25/2024 18:50,15.01,503.2,"","","",""
RW1,5533,4/25/2024 18:55,14.97,62.62,"","","",""
RW1,5534,4/25/2024 19:00,14.97,340.96,"","","",""
RW1,5535,4/25/2024 19:05,14.93,80.68,"","","",""
RW1,5536,4/25/2024 19:10,14.93,88.72,"","","",""
RW1,5537,4/25/2024 19:15,14.88,7.98,"","","",""
RW1,5538,4/25/2024 19:20,14.93,37.7,"","","",""
RW1,5539,4/25/2024 19:25,14.84,680.96,"","","",""
RW1,5540,4/25/2024 19:30,14.8,53.22,"","","",""
RW1,5541,4/25/2024 19:35,14.75,115.88,"","","",""
RW1,5542,4/25/2024 19:40,14.75,5.06,"","","",""
RW1,5543,4/25/2024 19:45,14.71,10.59,"","","",""
RW1,5544,4/25/2024 19:50,14.71,0,"","","",""
RW1,5545,4/25/2024 19:55,14.67,0.88,"","","",""
RW1,5546,4/25/2024 20:00,14.63,0,"","","",""
RW1,5547,4/25/2024 20:05,14.54,0,"","","",""
RW1,5548,4/25/2024 20:10,14.54,0,"","","",""
RW1,5549,4/25/2024 20:15,14.54,0,"","","",""
RW1,5550,4/25/2024 20:20,14.54,0,"","","",""
RW1,5551,4/25/2024 20:25,14.5,0,"","","",""
RW1,5552,4/25/2024 20:30,14.54,0,"","","",""
RW1,5553,4/25/2024 20:35,14.5,0,"","","",""
RW1,5554,4/25/2024 20:40,14.37,0,"","","",""
RW1,5555,4/25/2024 20:45,14.41,0,"","","",""
RW1,5556,4/25/2024 20:50,14.24,0,"","","",""
RW1,5557,4/25/2024 20:55,14.45,0,"","","",""
RW1,5558,4/25/2024 21:00,14.5,0,"","","",""
RW1,5559,4/25/2024 21:05,14.5,0,"","","",""
RW1,5560,4/25/2024 21:10,14.45,0,"","","",""
RW1,5561,4/25/2024 21:15,14.15,0,"","","",""
RW1,5562,4/25/2024 21:20,14.33,0,"","","",""
RW1,5563,4/25/2024 21:25,14.28,0,"","","",""
RW1,5564,4/25/2024 21:30,14.45,0,"","","",""
RW1,5565,4/25/2024 21:35,14.41,0,"","","",""
RW1,5566,4/25/2024 21:40,14.45,0,"","","",""
RW1,5567,4/25/2024 21:45,14.37,0,"","","",""
RW1,5568,4/25/2024 21:50,14.37,0,"","","",""
RW1,5569,4/25/2024 21:55,14.07,0,"","","",""
RW1,5570,4/25/2024 22:00,13.94,0,"","","",""
RW1,5571,4/25/2024 22:05,14.03,0,"","","",""
RW1,5572,4/25/2024 22:10,14.11,0,"","","",""
RW1,5573,4/25/2024 22:15,14.28,0,"","","",""
RW1,5574,4/25/2024 22:20,14.33,0,"","","",""
RW1,5575,4/25/2024 22:25,14.2,0,"","","",""
RW1,5576,4/25/2024 22:30,14.07,0,"","","",""
RW1,5577,4/25/2024 22:35,14.15,0,"","","",""
RW1,5578,4/25/2024 22:40,14.11,0,"","","",""
RW1,5579,4/25/2024 22:45,13.9,0,"","","",""
RW1,5580,4/25/2024 22:50,13.94,0,"","","",""
RW1,5581,4/25/2024 22:55,13.98,0,"","","",""
RW1,5582,4/25/2024 23:00,13.9,0,"","","",""
RW1,5583,4/25/2024 23:05,13.94,0,"","","",""
RW1,5584,4/25/2024 23:10,13.9,0,"","","",""
RW1,5585,4/25/2024 23:15,13.98,0,"","","",""
RW1,5586,4/25/2024 23:20,13.94,0,"","","",""
RW1,5587,4/25/2024 23:25,13.98,0,"","","",""
RW1,5588,4/25/2024 23:30,13.9,0,"","","",""
RW1,5589,4/25/2024 23:35,13.9,0,"","","",""
RW1,5590,4/25/2024 23:40,13.94,0,"","","",""
RW1,5591,4/25/2024 23:45,13.9,0,"","","",""
RW1,5592,4/25/2024 23:50,13.9,0,"","","",""
RW1,5593,4/25/2024 23:55,13.85,0,"","","",""
RW1,5594,4/26/2024 0:00,13.9,0,"","","",""
RW1,5595,4/26/2024 0:05,13.9,0,"","","",""
RW1,5596,4/26/2024 0:10,13.9,0,"","","",""
RW1,5597,4/26/2024 0:15,13.98,0,"","","",""
RW1,5598,4/26/2024 0:20,13.98,0,"","","",""
RW1,5599,4/26/2024 0:25,13.98,0,"","","",""
RW1,5600,4/26/2024 0:30,13.98,0,"","","",""
RW1,5601,4/26/2024 0:35,13.98,0,"","","",""
RW1,5602,4/26/2024 0:40,13.94,0,"","","",""
RW1,5603,4/26/2024 0:45,13.9,0,"","","",""
RW1,5604,4/26/2024 0:50,13.94,0,"","","",""
RW1,5605,4/26/2024 0:55,13.9,0,"","","",""
RW1,5606,4/26/2024 1:00,13.94,0,"","","",""
RW1,5607,4/26/2024 1:05,13.9,0,"","","",""
RW1,5608,4/26/2024 1:10,13.9,0,"","","",""
RW1,5609,4/26/2024 1:15,13.9,0,"","","",""
RW1,5610,4/26/2024 1:20,13.94,0,"","","",""
RW1,5611,4/26/2024 1:25,13.85,0,"","","",""
RW1,5612,4/26/2024 1:30,13.81,0,"","","",""
RW1,5613,4/26/2024 1:35,13.81,0,"","","",""
RW1,5614,4/26/2024 1:40,13.68,0,"","","",""
RW1,5615,4/26/2024 1:45,13.73,0,"","","",""
RW1,5616,4/26/2024 1:50,13.6,0,"","","",""
RW1,5617,4/26/2024 1:55,13.43,0,"","","",""
