Plot,#,Date-Time (PDT),Ch:1 - Temperature   (°C),Ch:2 - Light   (lux),Button Down,Button Up,Host Connected,End of File
RW2,196,4/7/2024 6:10,6.73,11.74,"","","",""
RW2,197,4/7/2024 6:15,6.6,37.55,"","","",""
RW2,198,4/7/2024 6:20,6.39,106.68,"","","",""
RW2,199,4/7/2024 6:25,8.02,260.64,"","","",""
RW2,200,4/7/2024 6:30,10.04,512.16,"","","",""
RW2,201,4/7/2024 6:35,12.18,527.36,"","","",""
RW2,202,4/7/2024 6:40,12.48,246.72,"","","",""
RW2,203,4/7/2024 6:45,12.65,11.69,"","","",""
RW2,204,4/7/2024 6:50,12.7,29.62,"","","",""
RW2,205,4/7/2024 6:55,12.78,68.36,"","","",""
RW2,206,4/7/2024 7:00,12.78,1276.16,"","","",""
RW2,207,4/7/2024 7:05,12.7,5.23,"","","",""
RW2,208,4/7/2024 7:10,12.78,82.68,"","","",""
RW2,209,4/7/2024 7:15,12.87,1238.72,"","","",""
RW2,210,4/7/2024 7:20,12.91,43.4,"","","",""
RW2,211,4/7/2024 7:25,12.91,35.86,"","","",""
RW2,212,4/7/2024 7:30,12.91,23.9,"","","",""
RW2,213,4/7/2024 7:35,12.95,4719.36,"","","",""
RW2,214,4/7/2024 7:40,12.95,1972.48,"","","",""
RW2,215,4/7/2024 7:45,13,218.56,"","","",""
RW2,216,4/7/2024 7:50,13,879.68,"","","",""
RW2,217,4/7/2024 7:55,13,45.14,"","","",""
RW2,218,4/7/2024 8:00,13.08,2732.8,"","","",""
RW2,219,4/7/2024 8:05,13.04,873.28,"","","",""
RW2,220,4/7/2024 8:10,13.08,50.02,"","","",""
RW2,221,4/7/2024 8:15,13.12,741.44,"","","",""
RW2,222,4/7/2024 8:20,13.08,1783.04,"","","",""
RW2,223,4/7/2024 8:25,13.17,1625.6,"","","",""
RW2,224,4/7/2024 8:30,13.21,841.92,"","","",""
RW2,225,4/7/2024 8:35,13.34,433.12,"","","",""
RW2,226,4/7/2024 8:40,13.34,155.48,"","","",""
RW2,227,4/7/2024 8:45,13.51,1333.12,"","","",""
RW2,228,4/7/2024 8:50,13.43,8138.24,"","","",""
RW2,229,4/7/2024 8:55,13.6,620.32,"","","",""
RW2,230,4/7/2024 9:00,13.51,4482.56,"","","",""
RW2,231,4/7/2024 9:05,13.55,44.44,"","","",""
RW2,232,4/7/2024 9:10,13.6,38.14,"","","",""
RW2,233,4/7/2024 9:15,13.64,740.48,"","","",""
RW2,234,4/7/2024 9:20,13.73,2289.92,"","","",""
RW2,235,4/7/2024 9:25,13.77,4263.68,"","","",""
RW2,236,4/7/2024 9:30,13.81,6059.52,"","","",""
RW2,237,4/7/2024 9:35,13.94,5882.88,"","","",""
RW2,238,4/7/2024 9:40,13.9,4052.48,"","","",""
RW2,239,4/7/2024 9:45,13.98,288.88,"","","",""
RW2,240,4/7/2024 9:50,13.98,2737.92,"","","",""
RW2,241,4/7/2024 9:55,13.98,33249.28,"","","",""
RW2,242,4/7/2024 10:00,14.11,9326.08,"","","",""
RW2,243,4/7/2024 10:05,14.28,4079.36,"","","",""
RW2,244,4/7/2024 10:10,14.33,28651.52,"","","",""
RW2,245,4/7/2024 10:15,14.41,14341.12,"","","",""
RW2,246,4/7/2024 10:20,14.33,259.52,"","","",""
RW2,247,4/7/2024 10:25,15.06,547.36,"","","",""
RW2,248,4/7/2024 10:30,14.63,8883.2,"","","",""
RW2,249,4/7/2024 10:35,14.58,58.7,"","","",""
RW2,250,4/7/2024 10:40,14.97,21309.44,"","","",""
RW2,251,4/7/2024 10:45,15.31,34027.52,"","","",""
RW2,252,4/7/2024 10:50,15.1,6333.44,"","","",""
RW2,253,4/7/2024 10:55,15.06,1053.12,"","","",""
RW2,254,4/7/2024 11:00,16.47,2077.44,"","","",""
RW2,255,4/7/2024 11:05,18.14,7534.08,"","","",""
RW2,256,4/7/2024 11:10,21.66,75386.88,"","","",""
RW2,257,4/7/2024 11:15,24.15,80424.96,"","","",""
RW2,258,4/7/2024 11:20,26.77,111083.52,"","","",""
RW2,259,4/7/2024 11:25,27.8,106659.84,"","","",""
RW2,260,4/7/2024 11:30,30.46,109813.76,"","","",""
RW2,344,4/7/2024 18:30,13.77,6988.8,"","","",""
RW2,345,4/7/2024 18:35,13.55,6696.96,"","","",""
RW2,346,4/7/2024 18:40,13.73,6556.16,"","","",""
RW2,347,4/7/2024 18:45,14.33,5621.76,"","","",""
RW2,348,4/7/2024 18:50,14.97,2360.96,"","","",""
RW2,349,4/7/2024 18:55,15.27,286.24,"","","",""
RW2,350,4/7/2024 19:00,15.31,94.6,"","","",""
RW2,351,4/7/2024 19:05,15.27,652.32,"","","",""
RW2,352,4/7/2024 19:10,15.27,2.17,"","","",""
RW2,353,4/7/2024 19:15,15.23,31.03,"","","",""
RW2,354,4/7/2024 19:20,15.18,18.31,"","","",""
RW2,355,4/7/2024 19:25,15.1,0,"","","",""
RW2,356,4/7/2024 19:30,15.1,1.51,"","","",""
RW2,357,4/7/2024 19:35,15.06,0.86,"","","",""
RW2,358,4/7/2024 19:40,15.06,0.21,"","","",""
RW2,359,4/7/2024 19:45,15.06,0,"","","",""
RW2,360,4/7/2024 19:50,15.01,0,"","","",""
RW2,361,4/7/2024 19:55,14.97,0,"","","",""
RW2,362,4/7/2024 20:00,14.97,0,"","","",""
RW2,363,4/7/2024 20:05,14.93,0,"","","",""
RW2,364,4/7/2024 20:10,14.88,0,"","","",""
RW2,365,4/7/2024 20:15,14.93,0,"","","",""
RW2,366,4/7/2024 20:20,14.84,0,"","","",""
RW2,367,4/7/2024 20:25,14.84,0,"","","",""
RW2,368,4/7/2024 20:30,14.75,0,"","","",""
RW2,369,4/7/2024 20:35,14.75,0,"","","",""
RW2,370,4/7/2024 20:40,14.75,0,"","","",""
RW2,371,4/7/2024 20:45,14.75,0,"","","",""
RW2,372,4/7/2024 20:50,14.67,0,"","","",""
RW2,373,4/7/2024 20:55,14.71,0,"","","",""
RW2,374,4/7/2024 21:00,14.63,0,"","","",""
RW2,375,4/7/2024 21:05,14.63,0,"","","",""
RW2,376,4/7/2024 21:10,14.58,0,"","","",""
RW2,377,4/7/2024 21:15,14.58,0,"","","",""
RW2,378,4/7/2024 21:20,14.58,0,"","","",""
RW2,379,4/7/2024 21:25,14.54,0,"","","",""
RW2,380,4/7/2024 21:30,14.5,0,"","","",""
RW2,381,4/7/2024 21:35,14.54,0,"","","",""
RW2,382,4/7/2024 21:40,14.5,0,"","","",""
RW2,383,4/7/2024 21:45,14.41,0,"","","",""
RW2,384,4/7/2024 21:50,14.45,0,"","","",""
RW2,385,4/7/2024 21:55,14.45,0,"","","",""
RW2,386,4/7/2024 22:00,14.41,0,"","","",""
RW2,387,4/7/2024 22:05,14.45,0,"","","",""
RW2,388,4/7/2024 22:10,14.45,0,"","","",""
RW2,389,4/7/2024 22:15,14.37,0,"","","",""
RW2,390,4/7/2024 22:20,14.41,0,"","","",""
RW2,391,4/7/2024 22:25,14.41,0,"","","",""
RW2,392,4/7/2024 22:30,14.37,0,"","","",""
RW2,393,4/7/2024 22:35,14.41,0,"","","",""
RW2,394,4/7/2024 22:40,14.37,0,"","","",""
RW2,395,4/7/2024 22:45,14.37,0,"","","",""
RW2,396,4/7/2024 22:50,14.33,0,"","","",""
RW2,397,4/7/2024 22:55,14.37,0,"","","",""
RW2,398,4/7/2024 23:00,14.33,0,"","","",""
RW2,399,4/7/2024 23:05,14.33,0,"","","",""
RW2,400,4/7/2024 23:10,14.37,0,"","","",""
RW2,401,4/7/2024 23:15,14.33,0,"","","",""
RW2,402,4/7/2024 23:20,14.37,0,"","","",""
RW2,403,4/7/2024 23:25,14.28,0,"","","",""
RW2,404,4/7/2024 23:30,14.33,0,"","","",""
RW2,405,4/7/2024 23:35,14.24,0,"","","",""
RW2,406,4/7/2024 23:40,14.28,0,"","","",""
RW2,407,4/7/2024 23:45,14.24,0,"","","",""
RW2,408,4/7/2024 23:50,14.2,0,"","","",""
RW2,409,4/7/2024 23:55,14.03,0,"","","",""
RW2,410,4/8/2024 0:00,13.68,0,"","","",""
RW2,411,4/8/2024 0:05,12.7,0,"","","",""
RW2,496,4/8/2024 7:10,11.28,14074.88,"","","",""
RW2,497,4/8/2024 7:15,12.05,17387.52,"","","",""
RW2,498,4/8/2024 7:20,13.38,18641.92,"","","",""
RW2,499,4/8/2024 7:25,13.85,13276.16,"","","",""
RW2,500,4/8/2024 7:30,13.55,6264.32,"","","",""
RW2,501,4/8/2024 7:35,13.34,3552,"","","",""
RW2,502,4/8/2024 7:40,12.95,1047.68,"","","",""
RW2,503,4/8/2024 7:45,12.87,3784.96,"","","",""
RW2,504,4/8/2024 7:50,12.78,1198.08,"","","",""
RW2,505,4/8/2024 7:55,12.78,717.76,"","","",""
RW2,506,4/8/2024 8:00,12.87,93.64,"","","",""
RW2,507,4/8/2024 8:05,12.95,4760.32,"","","",""
RW2,508,4/8/2024 8:10,12.95,999.04,"","","",""
RW2,509,4/8/2024 8:15,12.95,94.72,"","","",""
RW2,510,4/8/2024 8:20,12.91,678.72,"","","",""
RW2,511,4/8/2024 8:25,13,1480.96,"","","",""
RW2,512,4/8/2024 8:30,13.08,3402.24,"","","",""
RW2,513,4/8/2024 8:35,13.04,1049.6,"","","",""
RW2,514,4/8/2024 8:40,13.08,2399.36,"","","",""
RW2,515,4/8/2024 8:45,13.08,414.24,"","","",""
RW2,516,4/8/2024 8:50,13.08,710.08,"","","",""
RW2,517,4/8/2024 8:55,13.12,267.36,"","","",""
RW2,518,4/8/2024 9:00,13.12,1043.52,"","","",""
RW2,519,4/8/2024 9:05,13.17,162.88,"","","",""
RW2,520,4/8/2024 9:10,13.17,1163.2,"","","",""
RW2,521,4/8/2024 9:15,13.25,2111.36,"","","",""
RW2,522,4/8/2024 9:20,13.34,3639.04,"","","",""
RW2,523,4/8/2024 9:25,13.34,341.76,"","","",""
RW2,524,4/8/2024 9:30,13.38,2923.52,"","","",""
RW2,525,4/8/2024 9:35,13.38,5877.76,"","","",""
RW2,526,4/8/2024 9:40,13.43,3303.68,"","","",""
RW2,527,4/8/2024 9:45,13.51,243.92,"","","",""
RW2,528,4/8/2024 9:50,13.51,13194.24,"","","",""
RW2,529,4/8/2024 9:55,13.64,9152,"","","",""
RW2,530,4/8/2024 10:00,13.73,816,"","","",""
RW2,531,4/8/2024 10:05,13.81,5427.2,"","","",""
RW2,532,4/8/2024 10:10,13.85,415.84,"","","",""
RW2,533,4/8/2024 10:15,13.85,9612.8,"","","",""
RW2,534,4/8/2024 10:20,14.03,1505.92,"","","",""
RW2,535,4/8/2024 10:25,14.11,437.44,"","","",""
RW2,536,4/8/2024 10:30,14.15,3726.08,"","","",""
RW2,537,4/8/2024 10:35,14.11,43.72,"","","",""
RW2,538,4/8/2024 10:40,14.2,10334.72,"","","",""
RW2,539,4/8/2024 10:45,14.2,3365.12,"","","",""
RW2,540,4/8/2024 10:50,14.2,10772.48,"","","",""
RW2,541,4/8/2024 10:55,14.15,6837.76,"","","",""
RW2,542,4/8/2024 11:00,14.33,5066.24,"","","",""
RW2,543,4/8/2024 11:05,14.28,354.88,"","","",""
RW2,544,4/8/2024 11:10,14.33,4721.92,"","","",""
RW2,545,4/8/2024 11:15,14.33,9098.24,"","","",""
RW2,546,4/8/2024 11:20,14.24,131.96,"","","",""
RW2,547,4/8/2024 11:25,14.54,1620.48,"","","",""
RW2,548,4/8/2024 11:30,14.5,167.6,"","","",""
RW2,549,4/8/2024 11:35,14.8,579.52,"","","",""
RW2,550,4/8/2024 11:40,14.5,56.04,"","","",""
RW2,551,4/8/2024 11:45,15.36,15882.24,"","","",""
RW2,552,4/8/2024 11:50,15.96,415.36,"","","",""
RW2,553,4/8/2024 11:55,17.37,50688,"","","",""
RW2,554,4/8/2024 12:00,20.98,87367.68,"","","",""
RW2,555,4/8/2024 12:05,21.96,93306.88,"","","",""
RW2,556,4/8/2024 12:10,24.19,97116.16,"","","",""
RW2,557,4/8/2024 12:15,26.25,100761.6,"","","",""
RW2,558,4/8/2024 12:20,27.67,102277.12,"","","",""
RW2,634,4/8/2024 18:40,15.31,4624.64,"","","",""
RW2,635,4/8/2024 18:45,15.23,4131.84,"","","",""
RW2,636,4/8/2024 18:50,14.5,3585.28,"","","",""
RW2,637,4/8/2024 18:55,14.71,3220.48,"","","",""
RW2,638,4/8/2024 19:00,15.23,1316.48,"","","",""
RW2,639,4/8/2024 19:05,15.36,975.68,"","","",""
RW2,640,4/8/2024 19:10,15.44,24.09,"","","",""
RW2,641,4/8/2024 19:15,15.44,172.08,"","","",""
RW2,642,4/8/2024 19:20,15.44,64.12,"","","",""
RW2,643,4/8/2024 19:25,15.4,18.74,"","","",""
RW2,644,4/8/2024 19:30,15.27,0,"","","",""
RW2,645,4/8/2024 19:35,15.27,0,"","","",""
RW2,646,4/8/2024 19:40,15.18,1.08,"","","",""
RW2,647,4/8/2024 19:45,15.14,0,"","","",""
RW2,648,4/8/2024 19:50,15.06,0,"","","",""
RW2,649,4/8/2024 19:55,14.97,0,"","","",""
RW2,650,4/8/2024 20:00,15.06,0,"","","",""
RW2,651,4/8/2024 20:05,15.01,0,"","","",""
RW2,652,4/8/2024 20:10,14.97,0,"","","",""
RW2,653,4/8/2024 20:15,14.88,0,"","","",""
RW2,654,4/8/2024 20:20,14.71,0,"","","",""
RW2,655,4/8/2024 20:25,14.75,0,"","","",""
RW2,656,4/8/2024 20:30,14.67,0,"","","",""
RW2,657,4/8/2024 20:35,14.67,0,"","","",""
RW2,658,4/8/2024 20:40,14.67,0,"","","",""
RW2,659,4/8/2024 20:45,14.67,0,"","","",""
RW2,660,4/8/2024 20:50,14.63,0,"","","",""
RW2,661,4/8/2024 20:55,14.63,0,"","","",""
RW2,662,4/8/2024 21:00,14.58,0,"","","",""
RW2,663,4/8/2024 21:05,14.54,0,"","","",""
RW2,664,4/8/2024 21:10,14.54,0,"","","",""
RW2,665,4/8/2024 21:15,14.5,0,"","","",""
RW2,666,4/8/2024 21:20,14.5,0,"","","",""
RW2,667,4/8/2024 21:25,14.45,0,"","","",""
RW2,668,4/8/2024 21:30,14.45,0,"","","",""
RW2,669,4/8/2024 21:35,14.41,0,"","","",""
RW2,670,4/8/2024 21:40,14.41,0,"","","",""
RW2,671,4/8/2024 21:45,14.41,0,"","","",""
RW2,672,4/8/2024 21:50,14.41,0,"","","",""
RW2,673,4/8/2024 21:55,14.45,0,"","","",""
RW2,674,4/8/2024 22:00,14.45,0,"","","",""
RW2,675,4/8/2024 22:05,14.41,0,"","","",""
RW2,676,4/8/2024 22:10,14.5,0,"","","",""
RW2,677,4/8/2024 22:15,14.41,0,"","","",""
RW2,678,4/8/2024 22:20,14.41,0,"","","",""
RW2,679,4/8/2024 22:25,14.41,0,"","","",""
RW2,680,4/8/2024 22:30,14.41,0,"","","",""
RW2,681,4/8/2024 22:35,14.37,0,"","","",""
RW2,682,4/8/2024 22:40,14.37,0,"","","",""
RW2,683,4/8/2024 22:45,14.37,0,"","","",""
RW2,684,4/8/2024 22:50,14.41,0,"","","",""
RW2,685,4/8/2024 22:55,14.41,0,"","","",""
RW2,686,4/8/2024 23:00,14.33,0,"","","",""
RW2,687,4/8/2024 23:05,14.33,0,"","","",""
RW2,688,4/8/2024 23:10,14.28,0,"","","",""
RW2,689,4/8/2024 23:15,14.33,0,"","","",""
RW2,690,4/8/2024 23:20,14.33,0,"","","",""
RW2,691,4/8/2024 23:25,14.33,0,"","","",""
RW2,692,4/8/2024 23:30,14.28,0,"","","",""
RW2,693,4/8/2024 23:35,14.24,0,"","","",""
RW2,694,4/8/2024 23:40,14.28,0,"","","",""
RW2,695,4/8/2024 23:45,14.24,0,"","","",""
RW2,696,4/8/2024 23:50,14.2,0,"","","",""
RW2,697,4/8/2024 23:55,14.2,0,"","","",""
RW2,698,4/9/2024 0:00,14.2,0,"","","",""
RW2,699,4/9/2024 0:05,14.15,0,"","","",""
RW2,700,4/9/2024 0:10,14.11,0,"","","",""
RW2,701,4/9/2024 0:15,14.15,0,"","","",""
RW2,702,4/9/2024 0:20,14.15,0,"","","",""
RW2,703,4/9/2024 0:25,14.07,0,"","","",""
RW2,704,4/9/2024 0:30,14.03,0,"","","",""
RW2,705,4/9/2024 0:35,13.85,0,"","","",""
RW2,706,4/9/2024 0:40,13.34,0,"","","",""
RW2,707,4/9/2024 0:45,13,0,"","","",""
RW2,708,4/9/2024 0:50,12.82,0,"","","",""
RW2,798,4/9/2024 8:20,17.16,9082.88,"","","",""
RW2,799,4/9/2024 8:25,17.41,10880,"","","",""
RW2,800,4/9/2024 8:30,17.5,12830.72,"","","",""
RW2,801,4/9/2024 8:35,17.33,14745.6,"","","",""
RW2,802,4/9/2024 8:40,14.75,16752.64,"","","",""
RW2,803,4/9/2024 8:45,14.88,22988.8,"","","",""
RW2,804,4/9/2024 8:50,14.24,29685.76,"","","",""
RW2,805,4/9/2024 8:55,13.85,11484.16,"","","",""
RW2,806,4/9/2024 9:00,14.15,9374.72,"","","",""
RW2,807,4/9/2024 9:05,13.64,270,"","","",""
RW2,808,4/9/2024 9:10,13.55,1344.64,"","","",""
RW2,809,4/9/2024 9:15,13.51,61.96,"","","",""
RW2,810,4/9/2024 9:20,13.34,180.96,"","","",""
RW2,811,4/9/2024 9:25,13.38,259.36,"","","",""
RW2,812,4/9/2024 9:30,13.47,5713.92,"","","",""
RW2,813,4/9/2024 9:35,13.55,1702.4,"","","",""
RW2,814,4/9/2024 9:40,13.47,2106.24,"","","",""
RW2,815,4/9/2024 9:45,13.34,1043.52,"","","",""
RW2,816,4/9/2024 9:50,13.47,1188.48,"","","",""
RW2,817,4/9/2024 9:55,13.6,2087.68,"","","",""
RW2,818,4/9/2024 10:00,13.47,616.8,"","","",""
RW2,819,4/9/2024 10:05,13.6,1909.76,"","","",""
RW2,820,4/9/2024 10:10,13.64,17141.76,"","","",""
RW2,821,4/9/2024 10:15,13.68,2345.6,"","","",""
RW2,822,4/9/2024 10:20,13.81,15349.76,"","","",""
RW2,823,4/9/2024 10:25,13.85,5662.72,"","","",""
RW2,824,4/9/2024 10:30,13.94,544.32,"","","",""
RW2,825,4/9/2024 10:35,13.94,78.56,"","","",""
RW2,826,4/9/2024 10:40,14.03,7472.64,"","","",""
RW2,827,4/9/2024 10:45,14.11,3059.2,"","","",""
RW2,828,4/9/2024 10:50,14.24,830.4,"","","",""
RW2,829,4/9/2024 10:55,14.07,130,"","","",""
RW2,830,4/9/2024 11:00,14.37,649.28,"","","",""
RW2,831,4/9/2024 11:05,14.28,1767.68,"","","",""
RW2,832,4/9/2024 11:10,14.28,114.8,"","","",""
RW2,833,4/9/2024 11:15,14.37,1605.12,"","","",""
RW2,834,4/9/2024 11:20,14.75,1887.36,"","","",""
RW2,835,4/9/2024 11:25,14.67,68.86,"","","",""
RW2,836,4/9/2024 11:30,14.93,50073.6,"","","",""
RW2,837,4/9/2024 11:35,14.67,2194.56,"","","",""
RW2,838,4/9/2024 11:40,14.71,1090.24,"","","",""
RW2,839,4/9/2024 11:45,14.88,97.64,"","","",""
RW2,840,4/9/2024 11:50,14.97,7705.6,"","","",""
RW2,841,4/9/2024 11:55,15.74,25384.96,"","","",""
RW2,842,4/9/2024 12:00,15.53,2392.32,"","","",""
RW2,843,4/9/2024 12:05,16.21,13875.2,"","","",""
RW2,844,4/9/2024 12:10,16.6,54763.52,"","","",""
RW2,845,4/9/2024 12:15,17.24,428.32,"","","",""
RW2,846,4/9/2024 12:20,18.44,32112.64,"","","",""
RW2,847,4/9/2024 12:25,16.77,497.44,"","","",""
RW2,848,4/9/2024 12:30,19.3,11095.04,"","","",""
RW2,849,4/9/2024 12:35,22.43,49111.04,"","","",""
RW2,850,4/9/2024 12:40,23.76,54046.72,"","","",""
RW2,851,4/9/2024 12:45,26.34,56504.32,"","","",""
RW2,852,4/9/2024 12:50,28.18,58859.52,"","","",""
RW2,853,4/9/2024 12:55,29.26,61091.84,"","","",""
RW2,926,4/9/2024 19:00,15.74,1420.8,"","","",""
RW2,927,4/9/2024 19:05,15.61,1100.8,"","","",""
RW2,928,4/9/2024 19:10,15.4,793.92,"","","",""
RW2,929,4/9/2024 19:15,14.71,479.68,"","","",""
RW2,930,4/9/2024 19:20,14.97,158.96,"","","",""
RW2,931,4/9/2024 19:25,15.23,172.96,"","","",""
RW2,932,4/9/2024 19:30,15.23,32.28,"","","",""
RW2,933,4/9/2024 19:35,15.31,3.03,"","","",""
RW2,934,4/9/2024 19:40,15.27,0,"","","",""
RW2,935,4/9/2024 19:45,15.27,0,"","","",""
RW2,936,4/9/2024 19:50,15.23,0,"","","",""
RW2,937,4/9/2024 19:55,15.18,0,"","","",""
RW2,938,4/9/2024 20:00,15.18,0,"","","",""
RW2,939,4/9/2024 20:05,15.18,0,"","","",""
RW2,940,4/9/2024 20:10,15.14,0,"","","",""
RW2,941,4/9/2024 20:15,15.14,0,"","","",""
RW2,942,4/9/2024 20:20,15.1,0,"","","",""
RW2,943,4/9/2024 20:25,15.1,0,"","","",""
RW2,944,4/9/2024 20:30,15.06,0,"","","",""
RW2,945,4/9/2024 20:35,15.01,0,"","","",""
RW2,946,4/9/2024 20:40,15.01,0,"","","",""
RW2,947,4/9/2024 20:45,15.01,0,"","","",""
RW2,948,4/9/2024 20:50,14.93,0,"","","",""
RW2,949,4/9/2024 20:55,14.88,0,"","","",""
RW2,950,4/9/2024 21:00,14.88,0,"","","",""
RW2,951,4/9/2024 21:05,14.8,0,"","","",""
RW2,952,4/9/2024 21:10,14.84,0,"","","",""
RW2,953,4/9/2024 21:15,14.75,0,"","","",""
RW2,954,4/9/2024 21:20,14.75,0,"","","",""
RW2,955,4/9/2024 21:25,14.8,0,"","","",""
RW2,956,4/9/2024 21:30,14.8,0,"","","",""
RW2,957,4/9/2024 21:35,14.71,0,"","","",""
RW2,958,4/9/2024 21:40,14.63,0,"","","",""
RW2,959,4/9/2024 21:45,14.63,0,"","","",""
RW2,960,4/9/2024 21:50,14.63,0,"","","",""
RW2,961,4/9/2024 21:55,14.63,0,"","","",""
RW2,962,4/9/2024 22:00,14.67,0,"","","",""
RW2,963,4/9/2024 22:05,14.63,0,"","","",""
RW2,964,4/9/2024 22:10,14.58,0,"","","",""
RW2,965,4/9/2024 22:15,14.58,0,"","","",""
RW2,966,4/9/2024 22:20,14.5,0,"","","",""
RW2,967,4/9/2024 22:25,14.5,0,"","","",""
RW2,968,4/9/2024 22:30,14.33,0,"","","",""
RW2,969,4/9/2024 22:35,14.41,0,"","","",""
RW2,970,4/9/2024 22:40,14.33,0,"","","",""
RW2,971,4/9/2024 22:45,14.41,0,"","","",""
RW2,972,4/9/2024 22:50,14.41,0,"","","",""
RW2,973,4/9/2024 22:55,14.33,0,"","","",""
RW2,974,4/9/2024 23:00,14.24,0,"","","",""
RW2,975,4/9/2024 23:05,14.24,0,"","","",""
RW2,976,4/9/2024 23:10,14.28,0,"","","",""
RW2,977,4/9/2024 23:15,14.37,0,"","","",""
RW2,978,4/9/2024 23:20,14.37,0,"","","",""
RW2,979,4/9/2024 23:25,14.41,0,"","","",""
RW2,980,4/9/2024 23:30,14.41,0,"","","",""
RW2,981,4/9/2024 23:35,14.41,0,"","","",""
RW2,982,4/9/2024 23:40,14.37,0,"","","",""
RW2,983,4/9/2024 23:45,14.37,0,"","","",""
RW2,984,4/9/2024 23:50,14.33,0,"","","",""
RW2,985,4/9/2024 23:55,14.33,0,"","","",""
RW2,986,4/10/2024 0:00,14.33,0,"","","",""
RW2,987,4/10/2024 0:05,14.33,0,"","","",""
RW2,988,4/10/2024 0:10,14.33,0,"","","",""
RW2,989,4/10/2024 0:15,14.24,0,"","","",""
RW2,990,4/10/2024 0:20,14.15,0,"","","",""
RW2,991,4/10/2024 0:25,14.07,0,"","","",""
RW2,992,4/10/2024 0:30,14.15,0,"","","",""
RW2,993,4/10/2024 0:35,14.15,0,"","","",""
RW2,994,4/10/2024 0:40,14.07,0,"","","",""
RW2,995,4/10/2024 0:45,14.2,0,"","","",""
RW2,996,4/10/2024 0:50,14.15,0,"","","",""
RW2,997,4/10/2024 0:55,14.11,0,"","","",""
RW2,998,4/10/2024 1:00,14.11,0,"","","",""
RW2,999,4/10/2024 1:05,14.07,0,"","","",""
RW2,1000,4/10/2024 1:10,13.94,0,"","","",""
RW2,1001,4/10/2024 1:15,13.85,0,"","","",""
RW2,1002,4/10/2024 1:20,13.47,0,"","","",""
RW2,1003,4/10/2024 1:25,12.61,0,"","","",""
RW2,1004,4/10/2024 1:30,12.1,0,"","","",""
RW2,1101,4/10/2024 9:35,27.93,29388.8,"","","",""
RW2,1102,4/10/2024 9:40,29.08,31959.04,"","","",""
RW2,1103,4/10/2024 9:45,29.81,34140.16,"","","",""
RW2,1104,4/10/2024 9:50,30.33,37498.88,"","","",""
RW2,1105,4/10/2024 9:55,28.35,40581.12,"","","",""
RW2,1106,4/10/2024 10:00,23.51,46223.36,"","","",""
RW2,1107,4/10/2024 10:05,21.36,26828.8,"","","",""
RW2,1108,4/10/2024 10:10,20.03,1450.24,"","","",""
RW2,1109,4/10/2024 10:15,18.62,26204.16,"","","",""
RW2,1110,4/10/2024 10:20,19.86,58839.04,"","","",""
RW2,1111,4/10/2024 10:25,18.49,30720,"","","",""
RW2,1112,4/10/2024 10:30,16.26,15037.44,"","","",""
RW2,1113,4/10/2024 10:35,16.3,44462.08,"","","",""
RW2,1114,4/10/2024 10:40,16.39,2220.8,"","","",""
RW2,1115,4/10/2024 10:45,16.13,1556.48,"","","",""
RW2,1116,4/10/2024 10:50,15.87,29102.08,"","","",""
RW2,1117,4/10/2024 10:55,15.78,6760.96,"","","",""
RW2,1118,4/10/2024 11:00,15.57,146.92,"","","",""
RW2,1119,4/10/2024 11:05,15.36,1127.68,"","","",""
RW2,1120,4/10/2024 11:10,15.91,5422.08,"","","",""
RW2,1121,4/10/2024 11:15,15.57,164.4,"","","",""
RW2,1122,4/10/2024 11:20,15.87,19752.96,"","","",""
RW2,1123,4/10/2024 11:25,15.7,52285.44,"","","",""
RW2,1124,4/10/2024 11:30,15.87,279.12,"","","",""
RW2,1125,4/10/2024 11:35,15.91,18554.88,"","","",""
RW2,1126,4/10/2024 11:40,16.34,3493.12,"","","",""
RW2,1127,4/10/2024 11:45,15.87,3211.52,"","","",""
RW2,1128,4/10/2024 11:50,15.87,17822.72,"","","",""
RW2,1129,4/10/2024 11:55,15.91,370.4,"","","",""
RW2,1130,4/10/2024 12:00,16.51,1544.32,"","","",""
RW2,1131,4/10/2024 12:05,16.13,1065.92,"","","",""
RW2,1132,4/10/2024 12:10,16.13,1995.52,"","","",""
RW2,1133,4/10/2024 12:15,16.17,35266.56,"","","",""
RW2,1134,4/10/2024 12:20,16.17,376.8,"","","",""
RW2,1135,4/10/2024 12:25,17.07,4302.08,"","","",""
RW2,1136,4/10/2024 12:30,17.03,12369.92,"","","",""
RW2,1137,4/10/2024 12:35,17.11,6218.24,"","","",""
RW2,1138,4/10/2024 12:40,17.46,46551.04,"","","",""
RW2,1139,4/10/2024 12:45,21.1,43868.16,"","","",""
RW2,1140,4/10/2024 12:50,17.8,5936.64,"","","",""
RW2,1141,4/10/2024 12:55,23.68,60661.76,"","","",""
RW2,1142,4/10/2024 13:00,21.83,71966.72,"","","",""
RW2,1143,4/10/2024 13:05,24.97,98590.72,"","","",""
RW2,1144,4/10/2024 13:10,24.54,62996.48,"","","",""
RW2,1145,4/10/2024 13:15,27.37,97812.48,"","","",""
RW2,1146,4/10/2024 13:20,29.34,97730.56,"","","",""
RW2,1147,4/10/2024 13:25,29.04,97075.2,"","","",""
RW2,1218,4/10/2024 19:20,14.41,414.88,"","","",""
RW2,1219,4/10/2024 19:25,14.5,243.68,"","","",""
RW2,1220,4/10/2024 19:30,14.54,108.28,"","","",""
RW2,1221,4/10/2024 19:35,14.75,26.83,"","","",""
RW2,1222,4/10/2024 19:40,15.01,13.48,"","","",""
RW2,1223,4/10/2024 19:45,15.31,0.86,"","","",""
RW2,1224,4/10/2024 19:50,15.44,0,"","","",""
RW2,1225,4/10/2024 19:55,15.44,0,"","","",""
RW2,1226,4/10/2024 20:00,15.4,0,"","","",""
RW2,1227,4/10/2024 20:05,15.44,0,"","","",""
RW2,1228,4/10/2024 20:10,15.4,0,"","","",""
RW2,1229,4/10/2024 20:15,15.44,0,"","","",""
RW2,1230,4/10/2024 20:20,15.4,0,"","","",""
RW2,1231,4/10/2024 20:25,15.36,0,"","","",""
RW2,1232,4/10/2024 20:30,15.36,0,"","","",""
RW2,1233,4/10/2024 20:35,15.36,0,"","","",""
RW2,1234,4/10/2024 20:40,15.36,0,"","","",""
RW2,1235,4/10/2024 20:45,15.31,0,"","","",""
RW2,1236,4/10/2024 20:50,15.27,0,"","","",""
RW2,1237,4/10/2024 20:55,15.27,0,"","","",""
RW2,1238,4/10/2024 21:00,15.23,0,"","","",""
RW2,1239,4/10/2024 21:05,15.18,0,"","","",""
RW2,1240,4/10/2024 21:10,15.23,0,"","","",""
RW2,1241,4/10/2024 21:15,15.23,0,"","","",""
RW2,1242,4/10/2024 21:20,15.23,0,"","","",""
RW2,1243,4/10/2024 21:25,15.18,0,"","","",""
RW2,1244,4/10/2024 21:30,15.14,0,"","","",""
RW2,1245,4/10/2024 21:35,15.23,0,"","","",""
RW2,1246,4/10/2024 21:40,15.14,0,"","","",""
RW2,1247,4/10/2024 21:45,15.14,0,"","","",""
RW2,1248,4/10/2024 21:50,15.06,0,"","","",""
RW2,1249,4/10/2024 21:55,14.97,0,"","","",""
RW2,1250,4/10/2024 22:00,15.01,0,"","","",""
RW2,1251,4/10/2024 22:05,14.97,0,"","","",""
RW2,1252,4/10/2024 22:10,14.88,0,"","","",""
RW2,1253,4/10/2024 22:15,14.93,0,"","","",""
RW2,1254,4/10/2024 22:20,14.88,0,"","","",""
RW2,1255,4/10/2024 22:25,14.93,0,"","","",""
RW2,1256,4/10/2024 22:30,14.88,0,"","","",""
RW2,1257,4/10/2024 22:35,14.93,0,"","","",""
RW2,1258,4/10/2024 22:40,14.88,0,"","","",""
RW2,1259,4/10/2024 22:45,14.84,0,"","","",""
RW2,1260,4/10/2024 22:50,14.75,0,"","","",""
RW2,1261,4/10/2024 22:55,14.63,0,"","","",""
RW2,1262,4/10/2024 23:00,14.63,0,"","","",""
RW2,1263,4/10/2024 23:05,14.63,0,"","","",""
RW2,1264,4/10/2024 23:10,14.63,0,"","","",""
RW2,1265,4/10/2024 23:15,14.63,0,"","","",""
RW2,1266,4/10/2024 23:20,14.67,0,"","","",""
RW2,1267,4/10/2024 23:25,14.67,0,"","","",""
RW2,1268,4/10/2024 23:30,14.75,0,"","","",""
RW2,1269,4/10/2024 23:35,14.75,0,"","","",""
RW2,1270,4/10/2024 23:40,14.71,0,"","","",""
RW2,1271,4/10/2024 23:45,14.71,0,"","","",""
RW2,1272,4/10/2024 23:50,14.75,0,"","","",""
RW2,1273,4/10/2024 23:55,14.75,0,"","","",""
RW2,1274,4/11/2024 0:00,14.71,0,"","","",""
RW2,1275,4/11/2024 0:05,14.71,0,"","","",""
RW2,1276,4/11/2024 0:10,14.71,0,"","","",""
RW2,1277,4/11/2024 0:15,14.67,0,"","","",""
RW2,1278,4/11/2024 0:20,14.67,0,"","","",""
RW2,1279,4/11/2024 0:25,14.63,0,"","","",""
RW2,1280,4/11/2024 0:30,14.58,0,"","","",""
RW2,1281,4/11/2024 0:35,14.58,0,"","","",""
RW2,1282,4/11/2024 0:40,14.63,0,"","","",""
RW2,1283,4/11/2024 0:45,14.63,0,"","","",""
RW2,1284,4/11/2024 0:50,14.63,0,"","","",""
RW2,1285,4/11/2024 0:55,14.63,0,"","","",""
RW2,1286,4/11/2024 1:00,14.54,0,"","","",""
RW2,1287,4/11/2024 1:05,14.54,0,"","","",""
RW2,1288,4/11/2024 1:10,14.58,0,"","","",""
RW2,1289,4/11/2024 1:15,14.58,0,"","","",""
RW2,1290,4/11/2024 1:20,14.5,0,"","","",""
RW2,1291,4/11/2024 1:25,14.45,0,"","","",""
RW2,1292,4/11/2024 1:30,14.41,0,"","","",""
RW2,1293,4/11/2024 1:35,14.41,0,"","","",""
RW2,1294,4/11/2024 1:40,14.24,0,"","","",""
RW2,1295,4/11/2024 1:45,14.28,0,"","","",""
RW2,1296,4/11/2024 1:50,14.41,0,"","","",""
RW2,1297,4/11/2024 1:55,14.28,0,"","","",""
RW2,1298,4/11/2024 2:00,14.2,0,"","","",""
RW2,1299,4/11/2024 2:05,13.94,0,"","","",""
RW2,1300,4/11/2024 2:10,13.68,0,"","","",""
RW2,1301,4/11/2024 2:15,13.38,0,"","","",""
RW2,1404,4/11/2024 10:50,25.44,63119.36,"","","",""
RW2,1405,4/11/2024 10:55,25.35,56852.48,"","","",""
RW2,1406,4/11/2024 11:00,24.71,59002.88,"","","",""
RW2,1407,4/11/2024 11:05,24.84,62361.6,"","","",""
RW2,1408,4/11/2024 11:10,24.45,63057.92,"","","",""
RW2,1409,4/11/2024 11:15,23.34,62853.12,"","","",""
RW2,1410,4/11/2024 11:20,21.4,48107.52,"","","",""
RW2,1411,4/11/2024 11:25,19.73,21411.84,"","","",""
RW2,1412,4/11/2024 11:30,21.1,83333.12,"","","",""
RW2,1413,4/11/2024 11:35,22.91,83804.16,"","","",""
RW2,1414,4/11/2024 11:40,22.01,88023.04,"","","",""
RW2,1415,4/11/2024 11:45,19.6,46714.88,"","","",""
RW2,1416,4/11/2024 11:50,20.46,38348.8,"","","",""
RW2,1417,4/11/2024 11:55,19.65,22149.12,"","","",""
RW2,1418,4/11/2024 12:00,17.63,2284.8,"","","",""
RW2,1419,4/11/2024 12:05,18.14,56688.64,"","","",""
RW2,1420,4/11/2024 12:10,16.94,18447.36,"","","",""
RW2,1421,4/11/2024 12:15,17.41,53575.68,"","","",""
RW2,1422,4/11/2024 12:20,17.24,29972.48,"","","",""
RW2,1423,4/11/2024 12:25,19,62136.32,"","","",""
RW2,1424,4/11/2024 12:30,16.56,449.6,"","","",""
RW2,1425,4/11/2024 12:35,15.96,9049.6,"","","",""
RW2,1426,4/11/2024 12:40,16.3,1456.64,"","","",""
RW2,1427,4/11/2024 12:45,18.83,82165.76,"","","",""
RW2,1428,4/11/2024 12:50,16.47,671.36,"","","",""
RW2,1429,4/11/2024 12:55,18.36,56770.56,"","","",""
RW2,1430,4/11/2024 13:00,20.42,66232.32,"","","",""
RW2,1431,4/11/2024 13:05,17.5,32808.96,"","","",""
RW2,1432,4/11/2024 13:10,17.16,8688.64,"","","",""
RW2,1433,4/11/2024 13:15,21.58,26122.24,"","","",""
RW2,1434,4/11/2024 13:20,23.25,95682.56,"","","",""
RW2,1435,4/11/2024 13:25,21.58,52736,"","","",""
RW2,1436,4/11/2024 13:30,22.52,91996.16,"","","",""
RW2,1437,4/11/2024 13:35,23.94,94208,"","","",""
RW2,1438,4/11/2024 13:40,22.73,76247.04,"","","",""
RW2,1439,4/11/2024 13:45,24.15,62976,"","","",""
RW2,1440,4/11/2024 13:50,24.24,68464.64,"","","",""
RW2,1441,4/11/2024 13:55,24.66,75059.2,"","","",""
RW2,1442,4/11/2024 14:00,24.24,42987.52,"","","",""
RW2,1443,4/11/2024 14:05,25.01,70021.12,"","","",""
RW2,1444,4/11/2024 14:10,24.92,69242.88,"","","",""
RW2,1445,4/11/2024 14:15,26.08,69447.68,"","","",""
RW2,1446,4/11/2024 14:20,26.55,69632,"","","",""
RW2,1447,4/11/2024 14:25,27.07,69038.08,"","","",""
RW2,1507,4/11/2024 19:25,12.95,148.44,"","","",""
RW2,1508,4/11/2024 19:30,13.21,47.58,"","","",""
RW2,1509,4/11/2024 19:35,13.25,29.19,"","","",""
RW2,1510,4/11/2024 19:40,13.43,13.48,"","","",""
RW2,1511,4/11/2024 19:45,13.94,1.51,"","","",""
RW2,1512,4/11/2024 19:50,14.41,0,"","","",""
RW2,1513,4/11/2024 19:55,14.45,0,"","","",""
RW2,1514,4/11/2024 20:00,14.5,0,"","","",""
RW2,1515,4/11/2024 20:05,14.5,0,"","","",""
RW2,1516,4/11/2024 20:10,14.54,0,"","","",""
RW2,1517,4/11/2024 20:15,14.5,0,"","","",""
RW2,1518,4/11/2024 20:20,14.5,0,"","","",""
RW2,1519,4/11/2024 20:25,14.54,0,"","","",""
RW2,1520,4/11/2024 20:30,14.54,0,"","","",""
RW2,1521,4/11/2024 20:35,14.54,0,"","","",""
RW2,1522,4/11/2024 20:40,14.5,0,"","","",""
RW2,1523,4/11/2024 20:45,14.5,0,"","","",""
RW2,1524,4/11/2024 20:50,14.5,0,"","","",""
RW2,1525,4/11/2024 20:55,14.45,0,"","","",""
RW2,1526,4/11/2024 21:00,14.45,0,"","","",""
RW2,1527,4/11/2024 21:05,14.41,0,"","","",""
RW2,1528,4/11/2024 21:10,14.41,0,"","","",""
RW2,1529,4/11/2024 21:15,14.41,0,"","","",""
RW2,1530,4/11/2024 21:20,14.37,0,"","","",""
RW2,1531,4/11/2024 21:25,14.41,0,"","","",""
RW2,1532,4/11/2024 21:30,14.41,0,"","","",""
RW2,1533,4/11/2024 21:35,14.33,0,"","","",""
RW2,1534,4/11/2024 21:40,14.37,0,"","","",""
RW2,1535,4/11/2024 21:45,14.28,0,"","","",""
RW2,1536,4/11/2024 21:50,14.28,0,"","","",""
RW2,1537,4/11/2024 21:55,14.28,0,"","","",""
RW2,1538,4/11/2024 22:00,14.28,0,"","","",""
RW2,1539,4/11/2024 22:05,14.28,0,"","","",""
RW2,1540,4/11/2024 22:10,14.24,0,"","","",""
RW2,1541,4/11/2024 22:15,14.2,0,"","","",""
RW2,1542,4/11/2024 22:20,14.2,0,"","","",""
RW2,1543,4/11/2024 22:25,14.15,0,"","","",""
RW2,1544,4/11/2024 22:30,14.15,0,"","","",""
RW2,1545,4/11/2024 22:35,14.11,0,"","","",""
RW2,1546,4/11/2024 22:40,14.15,0,"","","",""
RW2,1547,4/11/2024 22:45,14.11,0,"","","",""
RW2,1548,4/11/2024 22:50,14.11,0,"","","",""
RW2,1549,4/11/2024 22:55,14.11,0,"","","",""
RW2,1550,4/11/2024 23:00,14.15,0,"","","",""
RW2,1551,4/11/2024 23:05,14.11,0,"","","",""
RW2,1552,4/11/2024 23:10,14.07,0,"","","",""
RW2,1553,4/11/2024 23:15,14.07,0,"","","",""
RW2,1554,4/11/2024 23:20,14.07,0,"","","",""
RW2,1555,4/11/2024 23:25,14.07,0,"","","",""
RW2,1556,4/11/2024 23:30,14.11,0,"","","",""
RW2,1557,4/11/2024 23:35,14.03,0,"","","",""
RW2,1558,4/11/2024 23:40,14.03,0,"","","",""
RW2,1559,4/11/2024 23:45,14.03,0,"","","",""
RW2,1560,4/11/2024 23:50,13.94,0,"","","",""
RW2,1561,4/11/2024 23:55,13.94,0,"","","",""
RW2,1562,4/12/2024 0:00,13.94,0,"","","",""
RW2,1563,4/12/2024 0:05,14.03,0,"","","",""
RW2,1564,4/12/2024 0:10,13.9,0,"","","",""
RW2,1565,4/12/2024 0:15,13.94,0,"","","",""
RW2,1566,4/12/2024 0:20,13.85,0,"","","",""
RW2,1567,4/12/2024 0:25,13.9,0,"","","",""
RW2,1568,4/12/2024 0:30,13.94,0,"","","",""
RW2,1569,4/12/2024 0:35,13.94,0,"","","",""
RW2,1570,4/12/2024 0:40,13.94,0,"","","",""
RW2,1571,4/12/2024 0:45,13.94,0,"","","",""
RW2,1572,4/12/2024 0:50,13.9,0,"","","",""
RW2,1573,4/12/2024 0:55,13.85,0,"","","",""
RW2,1574,4/12/2024 1:00,13.9,0,"","","",""
RW2,1575,4/12/2024 1:05,13.85,0,"","","",""
RW2,1576,4/12/2024 1:10,13.9,0,"","","",""
RW2,1577,4/12/2024 1:15,13.85,0,"","","",""
RW2,1578,4/12/2024 1:20,13.77,0,"","","",""
RW2,1579,4/12/2024 1:25,13.81,0,"","","",""
RW2,1580,4/12/2024 1:30,13.85,0,"","","",""
RW2,1581,4/12/2024 1:35,13.85,0,"","","",""
RW2,1582,4/12/2024 1:40,13.85,0,"","","",""
RW2,1583,4/12/2024 1:45,13.81,0,"","","",""
RW2,1584,4/12/2024 1:50,13.81,0,"","","",""
RW2,1585,4/12/2024 1:55,13.85,0,"","","",""
RW2,1586,4/12/2024 2:00,13.85,0,"","","",""
RW2,1587,4/12/2024 2:05,13.85,0,"","","",""
RW2,1588,4/12/2024 2:10,13.85,0,"","","",""
RW2,1589,4/12/2024 2:15,13.85,0,"","","",""
RW2,1590,4/12/2024 2:20,13.85,0,"","","",""
RW2,1591,4/12/2024 2:25,13.9,0,"","","",""
RW2,1592,4/12/2024 2:30,13.81,0,"","","",""
RW2,1593,4/12/2024 2:35,13.81,0,"","","",""
RW2,1594,4/12/2024 2:40,13.81,0,"","","",""
RW2,1595,4/12/2024 2:45,13.77,0,"","","",""
RW2,1596,4/12/2024 2:50,13.77,0,"","","",""
RW2,1597,4/12/2024 2:55,13.68,0,"","","",""
RW2,1598,4/12/2024 3:00,13.55,0,"","","",""
RW2,1599,4/12/2024 3:05,13.47,0,"","","",""
RW2,1600,4/12/2024 3:10,13.21,0,"","","",""
RW2,1601,4/12/2024 3:15,13.12,0,"","","",""
RW2,1712,4/12/2024 12:30,19.56,16389.12,"","","",""
RW2,1713,4/12/2024 12:35,19.82,19937.28,"","","",""
RW2,1714,4/12/2024 12:40,20.89,25620.48,"","","",""
RW2,1715,4/12/2024 12:45,21.23,24074.24,"","","",""
RW2,1716,4/12/2024 12:50,21.28,25303.04,"","","",""
RW2,1717,4/12/2024 12:55,20.03,28968.96,"","","",""
RW2,1718,4/12/2024 13:00,19,30320.64,"","","",""
RW2,1719,4/12/2024 13:05,19.82,31907.84,"","","",""
RW2,1720,4/12/2024 13:10,19.86,27228.16,"","","",""
RW2,1721,4/12/2024 13:15,17.93,27258.88,"","","",""
RW2,1722,4/12/2024 13:20,17.84,26030.08,"","","",""
RW2,1723,4/12/2024 13:25,17.84,27801.6,"","","",""
RW2,1724,4/12/2024 13:30,18.02,25948.16,"","","",""
RW2,1725,4/12/2024 13:35,18.23,29788.16,"","","",""
RW2,1726,4/12/2024 13:40,18.49,18544.64,"","","",""
RW2,1727,4/12/2024 13:45,16.9,23255.04,"","","",""
RW2,1728,4/12/2024 13:50,17.16,20377.6,"","","",""
RW2,1729,4/12/2024 13:55,16.69,25149.44,"","","",""
RW2,1730,4/12/2024 14:00,16.73,17090.56,"","","",""
RW2,1731,4/12/2024 14:05,16.73,26695.68,"","","",""
RW2,1732,4/12/2024 14:10,16.3,8819.2,"","","",""
RW2,1733,4/12/2024 14:15,16.64,21196.8,"","","",""
RW2,1734,4/12/2024 14:20,17.72,24750.08,"","","",""
RW2,1735,4/12/2024 14:25,17.2,26378.24,"","","",""
RW2,1736,4/12/2024 14:30,16.81,23613.44,"","","",""
RW2,1737,4/12/2024 14:35,16.39,23726.08,"","","",""
RW2,1738,4/12/2024 14:40,17.2,26552.32,"","","",""
RW2,1739,4/12/2024 14:45,16.86,21432.32,"","","",""
RW2,1740,4/12/2024 14:50,16.94,25077.76,"","","",""
RW2,1741,4/12/2024 14:55,16.86,21196.8,"","","",""
RW2,1742,4/12/2024 15:00,16.77,22650.88,"","","",""
RW2,1743,4/12/2024 15:05,16.47,20807.68,"","","",""
RW2,1744,4/12/2024 15:10,17.37,23439.36,"","","",""
RW2,1745,4/12/2024 15:15,18.19,22814.72,"","","",""
RW2,1746,4/12/2024 15:20,18.57,22835.2,"","","",""
RW2,1747,4/12/2024 15:25,19.22,23203.84,"","","",""
RW2,1748,4/12/2024 15:30,19.17,22169.6,"","","",""
RW2,1749,4/12/2024 15:35,19.3,22528,"","","",""
RW2,1795,4/12/2024 19:25,13.9,83.76,"","","",""
RW2,1796,4/12/2024 19:30,13.85,24.85,"","","",""
RW2,1797,4/12/2024 19:35,13.81,9.76,"","","",""
RW2,1798,4/12/2024 19:40,13.81,3.9,"","","",""
RW2,1799,4/12/2024 19:45,13.85,1.08,"","","",""
RW2,1800,4/12/2024 19:50,13.9,0.21,"","","",""
RW2,1801,4/12/2024 19:55,13.9,0,"","","",""
RW2,1802,4/12/2024 20:00,13.94,0,"","","",""
RW2,1803,4/12/2024 20:05,13.94,0,"","","",""
RW2,1804,4/12/2024 20:10,13.94,0,"","","",""
RW2,1805,4/12/2024 20:15,13.94,0,"","","",""
RW2,1806,4/12/2024 20:20,13.94,0,"","","",""
RW2,1807,4/12/2024 20:25,13.94,0,"","","",""
RW2,1808,4/12/2024 20:30,13.94,0,"","","",""
RW2,1809,4/12/2024 20:35,14.03,0,"","","",""
RW2,1810,4/12/2024 20:40,13.94,0,"","","",""
RW2,1811,4/12/2024 20:45,13.94,0,"","","",""
RW2,1812,4/12/2024 20:50,13.94,0,"","","",""
RW2,1813,4/12/2024 20:55,13.94,0,"","","",""
RW2,1814,4/12/2024 21:00,13.98,0,"","","",""
RW2,1815,4/12/2024 21:05,13.9,0,"","","",""
RW2,1816,4/12/2024 21:10,13.9,0,"","","",""
RW2,1817,4/12/2024 21:15,13.9,0,"","","",""
RW2,1818,4/12/2024 21:20,13.94,0,"","","",""
RW2,1819,4/12/2024 21:25,13.94,0,"","","",""
RW2,1820,4/12/2024 21:30,13.9,0,"","","",""
RW2,1821,4/12/2024 21:35,13.9,0,"","","",""
RW2,1822,4/12/2024 21:40,13.9,0,"","","",""
RW2,1823,4/12/2024 21:45,13.85,0,"","","",""
RW2,1824,4/12/2024 21:50,13.9,0,"","","",""
RW2,1825,4/12/2024 21:55,13.85,0,"","","",""
RW2,1826,4/12/2024 22:00,13.94,0,"","","",""
RW2,1827,4/12/2024 22:05,13.9,0,"","","",""
RW2,1828,4/12/2024 22:10,13.9,0,"","","",""
RW2,1829,4/12/2024 22:15,13.9,0,"","","",""
RW2,1830,4/12/2024 22:20,13.9,0,"","","",""
RW2,1831,4/12/2024 22:25,13.9,0,"","","",""
RW2,1832,4/12/2024 22:30,13.9,0,"","","",""
RW2,1833,4/12/2024 22:35,13.85,0,"","","",""
RW2,1834,4/12/2024 22:40,13.9,0,"","","",""
RW2,1835,4/12/2024 22:45,13.9,0,"","","",""
RW2,1836,4/12/2024 22:50,13.85,0,"","","",""
RW2,1837,4/12/2024 22:55,13.85,0,"","","",""
RW2,1838,4/12/2024 23:00,13.9,0,"","","",""
RW2,1839,4/12/2024 23:05,13.85,0,"","","",""
RW2,1840,4/12/2024 23:10,13.9,0,"","","",""
RW2,1841,4/12/2024 23:15,13.9,0,"","","",""
RW2,1842,4/12/2024 23:20,13.9,0,"","","",""
RW2,1843,4/12/2024 23:25,13.9,0,"","","",""
RW2,1844,4/12/2024 23:30,13.9,0,"","","",""
RW2,1845,4/12/2024 23:35,13.9,0,"","","",""
RW2,1846,4/12/2024 23:40,13.85,0,"","","",""
RW2,1847,4/12/2024 23:45,13.94,0,"","","",""
RW2,1848,4/12/2024 23:50,13.94,0,"","","",""
RW2,1849,4/12/2024 23:55,13.9,0,"","","",""
RW2,1850,4/13/2024 0:00,13.94,0,"","","",""
RW2,1851,4/13/2024 0:05,13.94,0,"","","",""
RW2,1852,4/13/2024 0:10,13.9,0,"","","",""
RW2,1853,4/13/2024 0:15,13.98,0,"","","",""
RW2,1854,4/13/2024 0:20,13.9,0,"","","",""
RW2,1855,4/13/2024 0:25,13.94,0,"","","",""
RW2,1856,4/13/2024 0:30,13.9,0,"","","",""
RW2,1857,4/13/2024 0:35,13.9,0,"","","",""
RW2,1858,4/13/2024 0:40,13.94,0,"","","",""
RW2,1859,4/13/2024 0:45,13.9,0,"","","",""
RW2,1860,4/13/2024 0:50,13.94,0,"","","",""
RW2,1861,4/13/2024 0:55,13.94,0,"","","",""
RW2,1862,4/13/2024 1:00,13.94,0,"","","",""
RW2,1863,4/13/2024 1:05,13.94,0,"","","",""
RW2,1864,4/13/2024 1:10,13.94,0,"","","",""
RW2,1865,4/13/2024 1:15,13.94,0,"","","",""
RW2,1866,4/13/2024 1:20,13.94,0,"","","",""
RW2,1867,4/13/2024 1:25,13.9,0,"","","",""
RW2,1868,4/13/2024 1:30,13.9,0,"","","",""
RW2,1869,4/13/2024 1:35,13.94,0,"","","",""
RW2,1870,4/13/2024 1:40,13.94,0,"","","",""
RW2,1871,4/13/2024 1:45,13.94,0,"","","",""
RW2,1872,4/13/2024 1:50,13.94,0,"","","",""
RW2,1873,4/13/2024 1:55,13.9,0,"","","",""
RW2,1874,4/13/2024 2:00,13.94,0,"","","",""
RW2,1875,4/13/2024 2:05,13.94,0,"","","",""
RW2,1876,4/13/2024 2:10,13.9,0,"","","",""
RW2,1877,4/13/2024 2:15,13.94,0,"","","",""
RW2,1878,4/13/2024 2:20,13.94,0,"","","",""
RW2,1879,4/13/2024 2:25,13.98,0,"","","",""
RW2,1880,4/13/2024 2:30,13.94,0,"","","",""
RW2,1881,4/13/2024 2:35,13.94,0,"","","",""
RW2,1882,4/13/2024 2:40,13.9,0,"","","",""
RW2,1883,4/13/2024 2:45,13.9,0,"","","",""
RW2,1884,4/13/2024 2:50,13.98,0,"","","",""
RW2,1885,4/13/2024 2:55,13.9,0,"","","",""
RW2,1886,4/13/2024 3:00,13.94,0,"","","",""
RW2,1887,4/13/2024 3:05,13.9,0,"","","",""
RW2,1888,4/13/2024 3:10,13.94,0,"","","",""
RW2,1889,4/13/2024 3:15,13.94,0,"","","",""
RW2,1890,4/13/2024 3:20,13.94,0,"","","",""
RW2,1891,4/13/2024 3:25,13.94,0,"","","",""
RW2,1892,4/13/2024 3:30,13.94,0,"","","",""
RW2,1893,4/13/2024 3:35,13.9,0,"","","",""
RW2,1894,4/13/2024 3:40,13.9,0,"","","",""
RW2,1895,4/13/2024 3:45,13.9,0,"","","",""
RW2,1896,4/13/2024 3:50,13.77,0,"","","",""
RW2,1897,4/13/2024 3:55,13.68,0,"","","",""
RW2,1898,4/13/2024 4:00,13.81,0,"","","",""
RW2,2026,4/13/2024 14:40,15.1,8478.72,"","","",""
RW2,2027,4/13/2024 14:45,15.87,18498.56,"","","",""
RW2,2028,4/13/2024 14:50,16.21,18104.32,"","","",""
RW2,2029,4/13/2024 14:55,16,11571.2,"","","",""
RW2,2030,4/13/2024 15:00,16.26,20106.24,"","","",""
RW2,2031,4/13/2024 15:05,15.91,16578.56,"","","",""
RW2,2032,4/13/2024 15:10,18.74,51957.76,"","","",""
RW2,2033,4/13/2024 15:15,18.7,30597.12,"","","",""
RW2,2034,4/13/2024 15:20,16.21,4899.84,"","","",""
RW2,2035,4/13/2024 15:25,16.08,16445.44,"","","",""
RW2,2036,4/13/2024 15:30,15.57,1797.12,"","","",""
RW2,2037,4/13/2024 15:35,14.97,3770.88,"","","",""
RW2,2038,4/13/2024 15:40,15.44,15242.24,"","","",""
RW2,2039,4/13/2024 15:45,15.66,12533.76,"","","",""
RW2,2040,4/13/2024 15:50,15.1,6891.52,"","","",""
RW2,2041,4/13/2024 15:55,15.01,6238.72,"","","",""
RW2,2042,4/13/2024 16:00,14.8,1857.92,"","","",""
RW2,2043,4/13/2024 16:05,15.18,7669.76,"","","",""
RW2,2044,4/13/2024 16:10,15.1,12728.32,"","","",""
RW2,2045,4/13/2024 16:15,14.67,2440.96,"","","",""
RW2,2046,4/13/2024 16:20,14.67,896.32,"","","",""
RW2,2047,4/13/2024 16:25,14.58,109.36,"","","",""
RW2,2048,4/13/2024 16:30,14.93,3920.64,"","","",""
RW2,2049,4/13/2024 16:35,14.8,2540.16,"","","",""
RW2,2050,4/13/2024 16:40,14.54,53.92,"","","",""
RW2,2051,4/13/2024 16:45,14.75,4934.4,"","","",""
RW2,2052,4/13/2024 16:50,14.84,7070.72,"","","",""
RW2,2053,4/13/2024 16:55,14.67,2282.88,"","","",""
RW2,2054,4/13/2024 17:00,14.58,870.72,"","","",""
RW2,2055,4/13/2024 17:05,14.5,119.24,"","","",""
RW2,2056,4/13/2024 17:10,14.54,655.68,"","","",""
RW2,2057,4/13/2024 17:15,14.58,1965.44,"","","",""
RW2,2058,4/13/2024 17:20,14.54,204.64,"","","",""
RW2,2059,4/13/2024 17:25,14.54,1784.96,"","","",""
RW2,2060,4/13/2024 17:30,14.58,854.72,"","","",""
RW2,2061,4/13/2024 17:35,13.85,1000,"","","",""
RW2,2062,4/13/2024 17:40,13.68,669.44,"","","",""
RW2,2063,4/13/2024 17:45,13.98,4833.28,"","","",""
RW2,2065,4/13/2024 17:55,14.07,1956.48,"","","",""
RW2,2066,4/13/2024 18:00,13.94,14.62,"","","",""
RW2,2067,4/13/2024 18:05,14.15,12.83,"","","",""
RW2,2068,4/13/2024 18:10,14.03,2992.64,"","","",""
RW2,2069,4/13/2024 18:15,13.85,855.04,"","","",""
RW2,2070,4/13/2024 18:20,13.64,2800.64,"","","",""
RW2,2071,4/13/2024 18:25,14.15,4472.32,"","","",""
RW2,2072,4/13/2024 18:30,14.33,1780.48,"","","",""
RW2,2077,4/13/2024 18:55,14.11,28.54,"","","",""
RW2,2078,4/13/2024 19:00,14.07,40.37,"","","",""
RW2,2079,4/13/2024 19:05,14.11,21.67,"","","",""
RW2,2080,4/13/2024 19:10,13.94,131.08,"","","",""
RW2,2081,4/13/2024 19:15,14.11,72.6,"","","",""
RW2,2082,4/13/2024 19:20,13.6,112.72,"","","",""
RW2,2083,4/13/2024 19:25,13.98,19.18,"","","",""
RW2,2084,4/13/2024 19:30,13.98,22.03,"","","",""
RW2,2085,4/13/2024 19:35,14.03,17.01,"","","",""
RW2,2086,4/13/2024 19:40,14.07,3.03,"","","",""
RW2,2087,4/13/2024 19:45,13.77,1.3,"","","",""
RW2,2088,4/13/2024 19:50,13.98,0.21,"","","",""
RW2,2089,4/13/2024 19:55,13.81,0,"","","",""
RW2,2090,4/13/2024 20:00,13.98,0,"","","",""
RW2,2091,4/13/2024 20:05,13.94,0,"","","",""
RW2,2092,4/13/2024 20:10,13.98,0,"","","",""
RW2,2093,4/13/2024 20:15,14.03,0,"","","",""
RW2,2094,4/13/2024 20:20,14.07,0,"","","",""
RW2,2095,4/13/2024 20:25,13.94,0,"","","",""
RW2,2096,4/13/2024 20:30,13.98,0,"","","",""
RW2,2097,4/13/2024 20:35,14.03,0,"","","",""
RW2,2098,4/13/2024 20:40,14.07,0,"","","",""
RW2,2099,4/13/2024 20:45,14.03,0,"","","",""
RW2,2100,4/13/2024 20:50,14.11,0,"","","",""
RW2,2101,4/13/2024 20:55,14.03,0,"","","",""
RW2,2102,4/13/2024 21:00,14.07,0,"","","",""
RW2,2103,4/13/2024 21:05,13.98,0,"","","",""
RW2,2104,4/13/2024 21:10,14.03,0,"","","",""
RW2,2105,4/13/2024 21:15,14.03,0,"","","",""
RW2,2106,4/13/2024 21:20,14.07,0,"","","",""
RW2,2107,4/13/2024 21:25,13.94,0,"","","",""
RW2,2108,4/13/2024 21:30,13.98,0,"","","",""
RW2,2109,4/13/2024 21:35,13.98,0,"","","",""
RW2,2110,4/13/2024 21:40,14.03,0,"","","",""
RW2,2111,4/13/2024 21:45,13.98,0,"","","",""
RW2,2112,4/13/2024 21:50,13.94,0,"","","",""
RW2,2113,4/13/2024 21:55,13.98,0,"","","",""
RW2,2114,4/13/2024 22:00,13.98,0,"","","",""
RW2,2115,4/13/2024 22:05,14.03,0,"","","",""
RW2,2116,4/13/2024 22:10,13.98,0,"","","",""
RW2,2117,4/13/2024 22:15,13.98,0,"","","",""
RW2,2118,4/13/2024 22:20,14.03,0,"","","",""
RW2,2119,4/13/2024 22:25,13.98,0,"","","",""
RW2,2120,4/13/2024 22:30,13.98,0,"","","",""
RW2,2121,4/13/2024 22:35,13.98,0,"","","",""
RW2,2122,4/13/2024 22:40,14.03,0,"","","",""
RW2,2123,4/13/2024 22:45,13.94,0,"","","",""
RW2,2124,4/13/2024 22:50,13.98,0,"","","",""
RW2,2125,4/13/2024 22:55,13.98,0,"","","",""
RW2,2126,4/13/2024 23:00,13.98,0,"","","",""
RW2,2127,4/13/2024 23:05,13.94,0,"","","",""
RW2,2128,4/13/2024 23:10,13.98,0,"","","",""
RW2,2129,4/13/2024 23:15,13.94,0,"","","",""
RW2,2130,4/13/2024 23:20,13.94,0,"","","",""
RW2,2131,4/13/2024 23:25,13.94,0,"","","",""
RW2,2132,4/13/2024 23:30,13.94,0,"","","",""
RW2,2133,4/13/2024 23:35,13.9,0,"","","",""
RW2,2134,4/13/2024 23:40,13.9,0,"","","",""
RW2,2135,4/13/2024 23:45,13.94,0,"","","",""
RW2,2136,4/13/2024 23:50,13.9,0,"","","",""
RW2,2137,4/13/2024 23:55,13.9,0,"","","",""
RW2,2138,4/14/2024 0:00,13.98,0,"","","",""
RW2,2139,4/14/2024 0:05,13.94,0,"","","",""
RW2,2140,4/14/2024 0:10,13.9,0,"","","",""
RW2,2141,4/14/2024 0:15,13.9,0,"","","",""
RW2,2142,4/14/2024 0:20,13.85,0,"","","",""
RW2,2143,4/14/2024 0:25,13.85,0,"","","",""
RW2,2144,4/14/2024 0:30,13.85,0,"","","",""
RW2,2145,4/14/2024 0:35,13.9,0,"","","",""
RW2,2146,4/14/2024 0:40,13.9,0,"","","",""
RW2,2147,4/14/2024 0:45,13.94,0,"","","",""
RW2,2148,4/14/2024 0:50,13.9,0,"","","",""
RW2,2149,4/14/2024 0:55,13.9,0,"","","",""
RW2,2150,4/14/2024 1:00,13.9,0,"","","",""
RW2,2151,4/14/2024 1:05,13.9,0,"","","",""
RW2,2152,4/14/2024 1:10,13.9,0,"","","",""
RW2,2153,4/14/2024 1:15,13.85,0,"","","",""
RW2,2154,4/14/2024 1:20,13.9,0,"","","",""
RW2,2155,4/14/2024 1:25,13.9,0,"","","",""
RW2,2156,4/14/2024 1:30,13.94,0,"","","",""
RW2,2157,4/14/2024 1:35,13.9,0,"","","",""
RW2,2158,4/14/2024 1:40,13.9,0,"","","",""
RW2,2159,4/14/2024 1:45,13.9,0,"","","",""
RW2,2160,4/14/2024 1:50,13.9,0,"","","",""
RW2,2161,4/14/2024 1:55,13.9,0,"","","",""
RW2,2162,4/14/2024 2:00,13.9,0,"","","",""
RW2,2163,4/14/2024 2:05,13.9,0,"","","",""
RW2,2164,4/14/2024 2:10,13.85,0,"","","",""
RW2,2165,4/14/2024 2:15,13.9,0,"","","",""
RW2,2166,4/14/2024 2:20,13.9,0,"","","",""
RW2,2167,4/14/2024 2:25,13.94,0,"","","",""
RW2,2168,4/14/2024 2:30,13.9,0,"","","",""
RW2,2169,4/14/2024 2:35,13.9,0,"","","",""
RW2,2170,4/14/2024 2:40,13.9,0,"","","",""
RW2,2171,4/14/2024 2:45,13.94,0,"","","",""
RW2,2172,4/14/2024 2:50,13.9,0,"","","",""
RW2,2173,4/14/2024 2:55,13.9,0,"","","",""
RW2,2174,4/14/2024 3:00,13.94,0,"","","",""
RW2,2175,4/14/2024 3:05,13.94,0,"","","",""
RW2,2176,4/14/2024 3:10,13.94,0,"","","",""
RW2,2177,4/14/2024 3:15,13.85,0,"","","",""
RW2,2178,4/14/2024 3:20,13.9,0,"","","",""
RW2,2179,4/14/2024 3:25,13.94,0,"","","",""
RW2,2180,4/14/2024 3:30,13.9,0,"","","",""
RW2,2181,4/14/2024 3:35,13.77,0,"","","",""
RW2,2182,4/14/2024 3:40,13.81,0,"","","",""
RW2,2183,4/14/2024 3:45,13.81,0,"","","",""
RW2,2184,4/14/2024 3:50,13.9,0,"","","",""
RW2,2185,4/14/2024 3:55,13.85,0,"","","",""
RW2,2186,4/14/2024 4:00,13.85,0,"","","",""
RW2,2187,4/14/2024 4:05,13.85,0,"","","",""
RW2,2188,4/14/2024 4:10,13.85,0,"","","",""
RW2,2189,4/14/2024 4:15,13.85,0,"","","",""
RW2,2190,4/14/2024 4:20,13.85,0,"","","",""
RW2,2191,4/14/2024 4:25,13.85,0,"","","",""
RW2,2192,4/14/2024 4:30,13.77,0,"","","",""
RW2,2193,4/14/2024 4:35,13.73,0,"","","",""
RW2,2194,4/14/2024 4:40,13.55,0,"","","",""
RW2,2195,4/14/2024 4:45,13.64,0,"","","",""
RW2,2196,4/14/2024 4:50,13.55,0,"","","",""
RW2,2197,4/14/2024 4:55,13.68,0,"","","",""
RW2,2198,4/14/2024 5:00,13.55,0,"","","",""
RW2,2330,4/14/2024 16:00,16.13,17070.08,"","","",""
RW2,2331,4/14/2024 16:05,15.31,13506.56,"","","",""
RW2,2332,4/14/2024 16:10,16.34,23859.2,"","","",""
RW2,2333,4/14/2024 16:15,15.48,931.52,"","","",""
RW2,2334,4/14/2024 16:20,16.73,20951.04,"","","",""
RW2,2335,4/14/2024 16:25,16.56,5498.88,"","","",""
RW2,2336,4/14/2024 16:30,16.77,12298.24,"","","",""
RW2,2337,4/14/2024 16:35,20.33,68055.04,"","","",""
RW2,2338,4/14/2024 16:40,18.66,32071.68,"","","",""
RW2,2339,4/14/2024 16:45,17.67,20981.76,"","","",""
RW2,2340,4/14/2024 16:50,17.76,26050.56,"","","",""
RW2,2341,4/14/2024 16:55,17.63,19968,"","","",""
RW2,2342,4/14/2024 17:00,17.46,28293.12,"","","",""
RW2,2343,4/14/2024 17:05,16.77,22835.2,"","","",""
RW2,2344,4/14/2024 17:10,16.56,9223.68,"","","",""
RW2,2345,4/14/2024 17:15,16.3,76.62,"","","",""
RW2,2346,4/14/2024 17:20,16.04,74.22,"","","",""
RW2,2347,4/14/2024 17:25,16.9,26316.8,"","","",""
RW2,2348,4/14/2024 17:30,17.37,30945.28,"","","",""
RW2,2349,4/14/2024 17:35,16,20090.88,"","","",""
RW2,2350,4/14/2024 17:40,15.53,1997.44,"","","",""
RW2,2351,4/14/2024 17:45,15.1,1409.92,"","","",""
RW2,2352,4/14/2024 17:50,15.1,2923.52,"","","",""
RW2,2353,4/14/2024 17:55,15.1,6556.16,"","","",""
RW2,2354,4/14/2024 18:00,15.01,4527.36,"","","",""
RW2,2355,4/14/2024 18:05,15.01,625.44,"","","",""
RW2,2356,4/14/2024 18:10,14.97,3600.64,"","","",""
RW2,2357,4/14/2024 18:15,14.97,2067.84,"","","",""
RW2,2358,4/14/2024 18:20,14.93,1894.4,"","","",""
RW2,2359,4/14/2024 18:25,14.84,404,"","","",""
RW2,2360,4/14/2024 18:30,14.88,501.28,"","","",""
RW2,2361,4/14/2024 18:35,14.8,36.03,"","","",""
RW2,2362,4/14/2024 18:40,14.8,88.44,"","","",""
RW2,2363,4/14/2024 18:45,14.84,2338.56,"","","",""
RW2,2364,4/14/2024 18:50,14.71,22.19,"","","",""
RW2,2365,4/14/2024 18:55,14.67,11.47,"","","",""
RW2,2366,4/14/2024 19:00,14.67,1336.96,"","","",""
RW2,2367,4/14/2024 19:05,14.71,128.68,"","","",""
RW2,2368,4/14/2024 19:10,14.67,1126.72,"","","",""
RW2,2369,4/14/2024 19:15,14.67,5.88,"","","",""
RW2,2370,4/14/2024 19:20,14.67,22.54,"","","",""
RW2,2371,4/14/2024 19:25,14.67,110.88,"","","",""
RW2,2372,4/14/2024 19:30,14.63,67.76,"","","",""
RW2,2373,4/14/2024 19:35,14.54,12.61,"","","",""
RW2,2374,4/14/2024 19:40,14.58,2.38,"","","",""
RW2,2375,4/14/2024 19:45,14.54,0,"","","",""
RW2,2376,4/14/2024 19:50,14.54,1.51,"","","",""
RW2,2377,4/14/2024 19:55,14.58,0,"","","",""
RW2,2378,4/14/2024 20:00,14.5,0,"","","",""
RW2,2379,4/14/2024 20:05,14.5,0,"","","",""
RW2,2380,4/14/2024 20:10,14.5,0,"","","",""
RW2,2381,4/14/2024 20:15,14.5,0,"","","",""
RW2,2382,4/14/2024 20:20,14.5,0,"","","",""
RW2,2383,4/14/2024 20:25,14.5,0,"","","",""
RW2,2384,4/14/2024 20:30,14.45,0,"","","",""
RW2,2385,4/14/2024 20:35,14.45,0,"","","",""
RW2,2386,4/14/2024 20:40,14.41,0,"","","",""
RW2,2387,4/14/2024 20:45,14.5,0,"","","",""
RW2,2388,4/14/2024 20:50,14.41,0,"","","",""
RW2,2389,4/14/2024 20:55,14.45,0,"","","",""
RW2,2390,4/14/2024 21:00,14.45,0,"","","",""
RW2,2391,4/14/2024 21:05,14.41,0,"","","",""
RW2,2392,4/14/2024 21:10,14.45,0,"","","",""
RW2,2393,4/14/2024 21:15,14.5,0,"","","",""
RW2,2394,4/14/2024 21:20,14.41,0,"","","",""
RW2,2395,4/14/2024 21:25,14.45,0,"","","",""
RW2,2396,4/14/2024 21:30,14.45,0,"","","",""
RW2,2397,4/14/2024 21:35,14.45,0,"","","",""
RW2,2398,4/14/2024 21:40,14.41,0,"","","",""
RW2,2399,4/14/2024 21:45,14.41,0,"","","",""
RW2,2400,4/14/2024 21:50,14.37,0,"","","",""
RW2,2401,4/14/2024 21:55,14.24,0,"","","",""
RW2,2402,4/14/2024 22:00,14.33,0,"","","",""
RW2,2403,4/14/2024 22:05,14.37,0,"","","",""
RW2,2404,4/14/2024 22:10,14.37,0,"","","",""
RW2,2405,4/14/2024 22:15,14.37,0,"","","",""
RW2,2406,4/14/2024 22:20,14.33,0,"","","",""
RW2,2407,4/14/2024 22:25,14.33,0,"","","",""
RW2,2408,4/14/2024 22:30,14.37,0,"","","",""
RW2,2409,4/14/2024 22:35,14.37,0,"","","",""
RW2,2410,4/14/2024 22:40,14.33,0,"","","",""
RW2,2411,4/14/2024 22:45,14.37,0,"","","",""
RW2,2412,4/14/2024 22:50,14.33,0,"","","",""
RW2,2413,4/14/2024 22:55,14.37,0,"","","",""
RW2,2414,4/14/2024 23:00,14.37,0,"","","",""
RW2,2415,4/14/2024 23:05,14.33,0,"","","",""
RW2,2416,4/14/2024 23:10,14.28,0,"","","",""
RW2,2417,4/14/2024 23:15,14.37,0,"","","",""
RW2,2418,4/14/2024 23:20,14.33,0,"","","",""
RW2,2419,4/14/2024 23:25,14.33,0,"","","",""
RW2,2420,4/14/2024 23:30,14.37,0,"","","",""
RW2,2421,4/14/2024 23:35,14.37,0,"","","",""
RW2,2422,4/14/2024 23:40,14.33,0,"","","",""
RW2,2423,4/14/2024 23:45,14.33,0,"","","",""
RW2,2424,4/14/2024 23:50,14.33,0,"","","",""
RW2,2425,4/14/2024 23:55,14.33,0,"","","",""
RW2,2426,4/15/2024 0:00,14.37,0,"","","",""
RW2,2427,4/15/2024 0:05,14.37,0,"","","",""
RW2,2428,4/15/2024 0:10,14.33,0,"","","",""
RW2,2429,4/15/2024 0:15,14.37,0,"","","",""
RW2,2430,4/15/2024 0:20,14.33,0,"","","",""
RW2,2431,4/15/2024 0:25,14.37,0,"","","",""
RW2,2432,4/15/2024 0:30,14.37,0,"","","",""
RW2,2433,4/15/2024 0:35,14.37,0,"","","",""
RW2,2434,4/15/2024 0:40,14.33,0,"","","",""
RW2,2435,4/15/2024 0:45,14.33,0,"","","",""
RW2,2436,4/15/2024 0:50,14.37,0,"","","",""
RW2,2437,4/15/2024 0:55,14.37,0,"","","",""
RW2,2438,4/15/2024 1:00,14.33,0,"","","",""
RW2,2439,4/15/2024 1:05,14.33,0,"","","",""
RW2,2440,4/15/2024 1:10,14.37,0,"","","",""
RW2,2441,4/15/2024 1:15,14.33,0,"","","",""
RW2,2442,4/15/2024 1:20,14.28,0,"","","",""
RW2,2443,4/15/2024 1:25,14.33,0,"","","",""
RW2,2444,4/15/2024 1:30,14.33,0,"","","",""
RW2,2445,4/15/2024 1:35,14.33,0,"","","",""
RW2,2446,4/15/2024 1:40,14.28,0,"","","",""
RW2,2447,4/15/2024 1:45,14.33,0,"","","",""
RW2,2448,4/15/2024 1:50,14.33,0,"","","",""
RW2,2449,4/15/2024 1:55,14.33,0,"","","",""
RW2,2450,4/15/2024 2:00,14.28,0,"","","",""
RW2,2451,4/15/2024 2:05,14.28,0,"","","",""
RW2,2452,4/15/2024 2:10,14.33,0,"","","",""
RW2,2453,4/15/2024 2:15,14.28,0,"","","",""
RW2,2454,4/15/2024 2:20,14.37,0,"","","",""
RW2,2455,4/15/2024 2:25,14.33,0,"","","",""
RW2,2456,4/15/2024 2:30,14.33,0,"","","",""
RW2,2457,4/15/2024 2:35,14.28,0,"","","",""
RW2,2458,4/15/2024 2:40,14.28,0,"","","",""
RW2,2459,4/15/2024 2:45,14.33,0,"","","",""
RW2,2460,4/15/2024 2:50,14.28,0,"","","",""
RW2,2461,4/15/2024 2:55,14.28,0,"","","",""
RW2,2462,4/15/2024 3:00,14.28,0,"","","",""
RW2,2463,4/15/2024 3:05,14.28,0,"","","",""
RW2,2464,4/15/2024 3:10,14.24,0,"","","",""
RW2,2465,4/15/2024 3:15,14.24,0,"","","",""
RW2,2466,4/15/2024 3:20,14.28,0,"","","",""
RW2,2467,4/15/2024 3:25,14.24,0,"","","",""
RW2,2468,4/15/2024 3:30,14.2,0,"","","",""
RW2,2469,4/15/2024 3:35,14.2,0,"","","",""
RW2,2470,4/15/2024 3:40,14.11,0,"","","",""
RW2,2471,4/15/2024 3:45,14.2,0,"","","",""
RW2,2472,4/15/2024 3:50,14.15,0,"","","",""
RW2,2473,4/15/2024 3:55,14.15,0,"","","",""
RW2,2474,4/15/2024 4:00,14.24,0,"","","",""
RW2,2475,4/15/2024 4:05,14.2,0,"","","",""
RW2,2476,4/15/2024 4:10,14.2,0,"","","",""
RW2,2477,4/15/2024 4:15,14.15,0,"","","",""
RW2,2478,4/15/2024 4:20,14.11,0,"","","",""
RW2,2479,4/15/2024 4:25,14.11,0,"","","",""
RW2,2480,4/15/2024 4:30,14.11,0,"","","",""
RW2,2481,4/15/2024 4:35,14.03,0,"","","",""
RW2,2482,4/15/2024 4:40,14.11,0,"","","",""
RW2,2483,4/15/2024 4:45,14.07,0,"","","",""
RW2,2484,4/15/2024 4:50,14.03,0,"","","",""
RW2,2485,4/15/2024 4:55,14.03,0,"","","",""
RW2,2486,4/15/2024 5:00,14.07,0,"","","",""
RW2,2487,4/15/2024 5:05,14.11,0,"","","",""
RW2,2488,4/15/2024 5:10,14.07,0,"","","",""
RW2,2489,4/15/2024 5:15,14.07,0,"","","",""
RW2,2490,4/15/2024 5:20,13.94,0,"","","",""
RW2,2491,4/15/2024 5:25,14.03,0,"","","",""
RW2,2492,4/15/2024 5:30,13.94,0,"","","",""
RW2,2493,4/15/2024 5:35,13.98,0,"","","",""
RW2,2494,4/15/2024 5:40,13.77,0,"","","",""
RW2,2495,4/15/2024 5:45,13.81,0,"","","",""
RW2,2496,4/15/2024 5:50,13.64,0,"","","",""
RW2,2497,4/15/2024 5:55,13.55,1.3,"","","",""
RW2,2498,4/15/2024 6:00,13.51,10.44,"","","",""
RW2,2499,4/15/2024 6:05,13.21,20.07,"","","",""
RW2,2500,4/15/2024 6:10,13.12,41.94,"","","",""
RW2,2501,4/15/2024 6:15,12.74,207.28,"","","",""
RW2,2624,4/15/2024 16:30,26.55,57978.88,"","","",""
RW2,2625,4/15/2024 16:35,26.08,55050.24,"","","",""
RW2,2626,4/15/2024 16:40,24.54,14965.76,"","","",""
RW2,2627,4/15/2024 16:45,20.63,19251.2,"","","",""
RW2,2628,4/15/2024 16:50,20.2,19000.32,"","","",""
RW2,2629,4/15/2024 16:55,21.66,42393.6,"","","",""
RW2,2630,4/15/2024 17:00,21.4,40796.16,"","","",""
RW2,2631,4/15/2024 17:05,21.45,26562.56,"","","",""
RW2,2632,4/15/2024 17:10,19.47,11632.64,"","","",""
RW2,2633,4/15/2024 17:15,19.22,14612.48,"","","",""
RW2,2634,4/15/2024 17:20,18.53,3522.56,"","","",""
RW2,2635,4/15/2024 17:25,18.53,10920.96,"","","",""
RW2,2636,4/15/2024 17:30,19.13,7825.92,"","","",""
RW2,2637,4/15/2024 17:35,18.66,12380.16,"","","",""
RW2,2638,4/15/2024 17:40,17.41,6361.6,"","","",""
RW2,2639,4/15/2024 17:45,16.81,1907.84,"","","",""
RW2,2640,4/15/2024 17:50,16.6,2116.48,"","","",""
RW2,2641,4/15/2024 17:55,16.51,1413.12,"","","",""
RW2,2642,4/15/2024 18:00,16.6,1744.64,"","","",""
RW2,2643,4/15/2024 18:05,16.43,1187.52,"","","",""
RW2,2644,4/15/2024 18:10,16.51,3541.76,"","","",""
RW2,2645,4/15/2024 18:15,16.47,146.72,"","","",""
RW2,2646,4/15/2024 18:20,16.34,966.08,"","","",""
RW2,2647,4/15/2024 18:25,16.26,187.04,"","","",""
RW2,2648,4/15/2024 18:30,16.21,1452.8,"","","",""
RW2,2649,4/15/2024 18:35,16.21,661.76,"","","",""
RW2,2650,4/15/2024 18:40,16.13,879.68,"","","",""
RW2,2651,4/15/2024 18:45,16.08,950.4,"","","",""
RW2,2652,4/15/2024 18:50,16.04,426.24,"","","",""
RW2,2653,4/15/2024 18:55,15.96,88.12,"","","",""
RW2,2654,4/15/2024 19:00,15.91,389.28,"","","",""
RW2,2655,4/15/2024 19:05,15.87,13.51,"","","",""
RW2,2656,4/15/2024 19:10,15.78,29.24,"","","",""
RW2,2657,4/15/2024 19:15,15.78,29.46,"","","",""
RW2,2658,4/15/2024 19:20,15.74,18.55,"","","",""
RW2,2659,4/15/2024 19:25,15.74,10.01,"","","",""
RW2,2660,4/15/2024 19:30,15.66,57.18,"","","",""
RW2,2661,4/15/2024 19:35,15.61,0.43,"","","",""
RW2,2662,4/15/2024 19:40,15.61,7.59,"","","",""
RW2,2663,4/15/2024 19:45,15.57,0,"","","",""
RW2,2664,4/15/2024 19:50,15.57,0,"","","",""
RW2,2665,4/15/2024 19:55,15.44,0,"","","",""
RW2,2666,4/15/2024 20:00,15.44,0,"","","",""
RW2,2667,4/15/2024 20:05,15.48,0,"","","",""
RW2,2668,4/15/2024 20:10,15.4,0,"","","",""
RW2,2669,4/15/2024 20:15,15.31,0,"","","",""
RW2,2670,4/15/2024 20:20,15.31,0,"","","",""
RW2,2671,4/15/2024 20:25,15.18,0,"","","",""
RW2,2672,4/15/2024 20:30,15.31,0,"","","",""
RW2,2673,4/15/2024 20:35,15.18,0,"","","",""
RW2,2674,4/15/2024 20:40,15.23,0,"","","",""
RW2,2675,4/15/2024 20:45,15.18,0,"","","",""
RW2,2676,4/15/2024 20:50,15.18,0,"","","",""
RW2,2677,4/15/2024 20:55,15.23,0,"","","",""
RW2,2678,4/15/2024 21:00,14.88,0,"","","",""
RW2,2679,4/15/2024 21:05,15.1,0,"","","",""
RW2,2680,4/15/2024 21:10,15.01,0,"","","",""
RW2,2681,4/15/2024 21:15,14.93,0,"","","",""
RW2,2682,4/15/2024 21:20,14.97,0,"","","",""
RW2,2683,4/15/2024 21:25,14.71,0,"","","",""
RW2,2684,4/15/2024 21:30,14.75,0,"","","",""
RW2,2685,4/15/2024 21:35,14.88,0,"","","",""
RW2,2686,4/15/2024 21:40,14.8,0,"","","",""
RW2,2687,4/15/2024 21:45,14.63,0,"","","",""
RW2,2688,4/15/2024 21:50,14.63,0,"","","",""
RW2,2689,4/15/2024 21:55,14.54,0,"","","",""
RW2,2690,4/15/2024 22:00,14.58,0,"","","",""
RW2,2691,4/15/2024 22:05,14.58,0,"","","",""
RW2,2692,4/15/2024 22:10,14.8,0,"","","",""
RW2,2693,4/15/2024 22:15,14.58,0,"","","",""
RW2,2694,4/15/2024 22:20,14.54,0,"","","",""
RW2,2695,4/15/2024 22:25,14.37,0,"","","",""
RW2,2696,4/15/2024 22:30,14.2,0,"","","",""
RW2,2697,4/15/2024 22:35,14.5,0,"","","",""
RW2,2698,4/15/2024 22:40,13.98,0,"","","",""
RW2,2699,4/15/2024 22:45,14.71,0,"","","",""
RW2,2700,4/15/2024 22:50,14.11,0,"","","",""
RW2,2701,4/15/2024 22:55,14.15,0,"","","",""
RW2,2702,4/15/2024 23:00,14.28,0,"","","",""
RW2,2703,4/15/2024 23:05,14.15,0,"","","",""
RW2,2704,4/15/2024 23:10,13.9,0,"","","",""
RW2,2705,4/15/2024 23:15,13.85,0,"","","",""
RW2,2706,4/15/2024 23:20,13.64,0,"","","",""
RW2,2707,4/15/2024 23:25,13.55,0,"","","",""
RW2,2708,4/15/2024 23:30,13.55,0,"","","",""
RW2,2709,4/15/2024 23:35,13.55,0,"","","",""
RW2,2710,4/15/2024 23:40,13.3,0,"","","",""
RW2,2711,4/15/2024 23:45,13.08,0,"","","",""
RW2,2712,4/15/2024 23:50,13,0,"","","",""
RW2,2713,4/15/2024 23:55,13.43,0,"","","",""
RW2,2714,4/16/2024 0:00,13.94,0,"","","",""
RW2,2715,4/16/2024 0:05,13.77,0,"","","",""
RW2,2716,4/16/2024 0:10,13.94,0,"","","",""
RW2,2717,4/16/2024 0:15,14.07,0,"","","",""
RW2,2718,4/16/2024 0:20,14.2,0,"","","",""
RW2,2719,4/16/2024 0:25,14.15,0,"","","",""
RW2,2720,4/16/2024 0:30,14.33,0,"","","",""
RW2,2721,4/16/2024 0:35,14.45,0,"","","",""
RW2,2722,4/16/2024 0:40,14.5,0,"","","",""
RW2,2723,4/16/2024 0:45,14.71,0,"","","",""
RW2,2724,4/16/2024 0:50,14.58,0,"","","",""
RW2,2725,4/16/2024 0:55,14.54,0,"","","",""
RW2,2726,4/16/2024 1:00,14.54,0,"","","",""
RW2,2727,4/16/2024 1:05,14.67,0,"","","",""
RW2,2728,4/16/2024 1:10,14.75,0,"","","",""
RW2,2729,4/16/2024 1:15,14.71,0,"","","",""
RW2,2730,4/16/2024 1:20,14.67,0,"","","",""
RW2,2731,4/16/2024 1:25,14.71,0,"","","",""
RW2,2732,4/16/2024 1:30,14.71,0,"","","",""
RW2,2733,4/16/2024 1:35,14.71,0,"","","",""
RW2,2734,4/16/2024 1:40,14.71,0,"","","",""
RW2,2735,4/16/2024 1:45,14.71,0,"","","",""
RW2,2736,4/16/2024 1:50,14.71,0,"","","",""
RW2,2737,4/16/2024 1:55,14.75,0,"","","",""
RW2,2738,4/16/2024 2:00,14.71,0,"","","",""
RW2,2739,4/16/2024 2:05,14.71,0,"","","",""
RW2,2740,4/16/2024 2:10,14.75,0,"","","",""
RW2,2741,4/16/2024 2:15,14.75,0,"","","",""
RW2,2742,4/16/2024 2:20,14.71,0,"","","",""
RW2,2743,4/16/2024 2:25,14.67,0,"","","",""
RW2,2744,4/16/2024 2:30,14.67,0,"","","",""
RW2,2745,4/16/2024 2:35,14.67,0,"","","",""
RW2,2746,4/16/2024 2:40,14.71,0,"","","",""
RW2,2747,4/16/2024 2:45,14.67,0,"","","",""
RW2,2748,4/16/2024 2:50,14.67,0,"","","",""
RW2,2749,4/16/2024 2:55,14.67,0,"","","",""
RW2,2750,4/16/2024 3:00,14.67,0,"","","",""
RW2,2751,4/16/2024 3:05,14.63,0,"","","",""
RW2,2752,4/16/2024 3:10,14.63,0,"","","",""
RW2,2753,4/16/2024 3:15,14.67,0,"","","",""
RW2,2754,4/16/2024 3:20,14.63,0,"","","",""
RW2,2755,4/16/2024 3:25,14.63,0,"","","",""
RW2,2756,4/16/2024 3:30,14.63,0,"","","",""
RW2,2757,4/16/2024 3:35,14.63,0,"","","",""
RW2,2758,4/16/2024 3:40,14.63,0,"","","",""
RW2,2759,4/16/2024 3:45,14.54,0,"","","",""
RW2,2760,4/16/2024 3:50,14.58,0,"","","",""
RW2,2761,4/16/2024 3:55,14.58,0,"","","",""
RW2,2762,4/16/2024 4:00,14.58,0,"","","",""
RW2,2763,4/16/2024 4:05,14.58,0,"","","",""
RW2,2764,4/16/2024 4:10,14.58,0,"","","",""
RW2,2765,4/16/2024 4:15,14.58,0,"","","",""
RW2,2766,4/16/2024 4:20,14.54,0,"","","",""
RW2,2767,4/16/2024 4:25,14.54,0,"","","",""
RW2,2768,4/16/2024 4:30,14.54,0,"","","",""
RW2,2769,4/16/2024 4:35,14.54,0,"","","",""
RW2,2770,4/16/2024 4:40,14.54,0,"","","",""
RW2,2771,4/16/2024 4:45,14.54,0,"","","",""
RW2,2772,4/16/2024 4:50,14.5,0,"","","",""
RW2,2773,4/16/2024 4:55,14.5,0,"","","",""
RW2,2774,4/16/2024 5:00,14.5,0,"","","",""
RW2,2775,4/16/2024 5:05,14.45,0,"","","",""
RW2,2776,4/16/2024 5:10,14.5,0,"","","",""
RW2,2777,4/16/2024 5:15,14.5,0,"","","",""
RW2,2778,4/16/2024 5:20,14.5,0,"","","",""
RW2,2779,4/16/2024 5:25,14.5,0,"","","",""
RW2,2780,4/16/2024 5:30,14.45,0,"","","",""
RW2,2781,4/16/2024 5:35,14.5,0,"","","",""
RW2,2782,4/16/2024 5:40,14.45,0,"","","",""
RW2,2783,4/16/2024 5:45,14.41,0,"","","",""
RW2,2784,4/16/2024 5:50,14.41,0,"","","",""
RW2,2785,4/16/2024 5:55,14.41,0,"","","",""
RW2,2786,4/16/2024 6:00,14.45,0,"","","",""
RW2,2787,4/16/2024 6:05,14.41,0.21,"","","",""
RW2,2788,4/16/2024 6:10,14.37,4.99,"","","",""
RW2,2789,4/16/2024 6:15,14.45,0.65,"","","",""
RW2,2790,4/16/2024 6:20,14.37,114.48,"","","",""
RW2,2791,4/16/2024 6:25,14.37,34.94,"","","",""
RW2,2792,4/16/2024 6:30,14.41,59.46,"","","",""
RW2,2793,4/16/2024 6:35,14.37,208.8,"","","",""
RW2,2794,4/16/2024 6:40,14.41,1672.96,"","","",""
RW2,2795,4/16/2024 6:45,14.54,299.28,"","","",""
RW2,2796,4/16/2024 6:50,14.5,775.04,"","","",""
RW2,2797,4/16/2024 6:55,14.54,2946.56,"","","",""
RW2,2798,4/16/2024 7:00,14.75,4409.6,"","","",""
RW2,2799,4/16/2024 7:05,15.14,8834.56,"","","",""
RW2,2800,4/16/2024 7:10,14.97,10071.04,"","","",""
RW2,2801,4/16/2024 7:15,15.57,4879.36,"","","",""
RW2,2802,4/16/2024 7:20,15.53,11202.56,"","","",""
RW2,2803,4/16/2024 7:25,15.78,18728.96,"","","",""
RW2,2804,4/16/2024 7:30,16.21,20659.2,"","","",""
RW2,2916,4/16/2024 16:50,24.06,26961.92,"","","",""
RW2,2917,4/16/2024 16:55,21.28,18785.28,"","","",""
RW2,2918,4/16/2024 17:00,20.46,21463.04,"","","",""
RW2,2919,4/16/2024 17:05,20.29,20218.88,"","","",""
RW2,2920,4/16/2024 17:10,20.37,19486.72,"","","",""
RW2,2921,4/16/2024 17:15,19.6,31139.84,"","","",""
RW2,2922,4/16/2024 17:20,18.1,9169.92,"","","",""
RW2,2923,4/16/2024 17:25,19.3,5434.88,"","","",""
RW2,2924,4/16/2024 17:30,19.43,11105.28,"","","",""
RW2,2925,4/16/2024 17:35,18.62,125.92,"","","",""
RW2,2926,4/16/2024 17:40,17.67,7505.92,"","","",""
RW2,2927,4/16/2024 17:45,17.46,1822.72,"","","",""
RW2,2928,4/16/2024 17:50,17.41,285.6,"","","",""
RW2,2929,4/16/2024 17:55,17.37,214.16,"","","",""
RW2,2930,4/16/2024 18:00,17.41,153.88,"","","",""
RW2,2931,4/16/2024 18:05,17.37,14.67,"","","",""
RW2,2932,4/16/2024 18:10,17.29,895.04,"","","",""
RW2,2933,4/16/2024 18:15,17.24,498.72,"","","",""
RW2,2934,4/16/2024 18:20,17.11,637.12,"","","",""
RW2,2935,4/16/2024 18:25,17.11,1767.68,"","","",""
RW2,2936,4/16/2024 18:30,17.16,824.64,"","","",""
RW2,2937,4/16/2024 18:35,17.11,627.68,"","","",""
RW2,2938,4/16/2024 18:40,17.2,138.04,"","","",""
RW2,2939,4/16/2024 18:45,17.16,1080.64,"","","",""
RW2,2940,4/16/2024 18:50,17.11,264.32,"","","",""
RW2,2941,4/16/2024 18:55,17.07,358.72,"","","",""
RW2,2942,4/16/2024 19:00,16.99,244.4,"","","",""
RW2,2943,4/16/2024 19:05,16.94,240.64,"","","",""
RW2,2944,4/16/2024 19:10,16.9,22.03,"","","",""
RW2,2945,4/16/2024 19:15,16.9,5.67,"","","",""
RW2,2946,4/16/2024 19:20,16.81,193.76,"","","",""
RW2,2947,4/16/2024 19:25,16.86,1.73,"","","",""
RW2,2948,4/16/2024 19:30,16.69,9.14,"","","",""
RW2,2949,4/16/2024 19:35,16.69,0,"","","",""
RW2,2950,4/16/2024 19:40,16.64,0.43,"","","",""
RW2,2951,4/16/2024 19:45,16.51,0,"","","",""
RW2,2952,4/16/2024 19:50,16.6,0,"","","",""
RW2,2953,4/16/2024 19:55,16.47,0,"","","",""
RW2,2954,4/16/2024 20:00,16.47,0,"","","",""
RW2,2955,4/16/2024 20:05,16.39,0,"","","",""
RW2,2956,4/16/2024 20:10,16.39,0,"","","",""
RW2,2957,4/16/2024 20:15,16.39,0,"","","",""
RW2,2958,4/16/2024 20:20,16.39,0,"","","",""
RW2,2959,4/16/2024 20:25,16.3,0,"","","",""
RW2,2960,4/16/2024 20:30,16.34,0,"","","",""
RW2,2961,4/16/2024 20:35,16.3,0,"","","",""
RW2,2962,4/16/2024 20:40,16.26,0,"","","",""
RW2,2963,4/16/2024 20:45,16.21,0,"","","",""
RW2,2964,4/16/2024 20:50,16.21,0,"","","",""
RW2,2965,4/16/2024 20:55,16.04,0,"","","",""
RW2,2966,4/16/2024 21:00,16.08,0,"","","",""
RW2,2967,4/16/2024 21:05,16,0,"","","",""
RW2,2968,4/16/2024 21:10,15.96,0,"","","",""
RW2,2969,4/16/2024 21:15,16.04,0,"","","",""
RW2,2970,4/16/2024 21:20,16,0,"","","",""
RW2,2971,4/16/2024 21:25,15.91,0,"","","",""
RW2,2972,4/16/2024 21:30,15.87,0,"","","",""
RW2,2973,4/16/2024 21:35,15.91,0,"","","",""
RW2,2974,4/16/2024 21:40,15.83,0,"","","",""
RW2,2975,4/16/2024 21:45,15.66,0,"","","",""
RW2,2976,4/16/2024 21:50,15.78,0,"","","",""
RW2,2977,4/16/2024 21:55,15.48,0,"","","",""
RW2,2978,4/16/2024 22:00,15.23,0,"","","",""
RW2,2979,4/16/2024 22:05,15.06,0,"","","",""
RW2,2980,4/16/2024 22:10,14.88,0,"","","",""
RW2,2981,4/16/2024 22:15,14.8,0,"","","",""
RW2,2982,4/16/2024 22:20,14.8,0,"","","",""
RW2,2983,4/16/2024 22:25,15.01,0,"","","",""
RW2,2984,4/16/2024 22:30,14.45,0,"","","",""
RW2,2985,4/16/2024 22:35,14.58,0,"","","",""
RW2,2986,4/16/2024 22:40,14.71,0,"","","",""
RW2,2987,4/16/2024 22:45,14.28,0,"","","",""
RW2,2988,4/16/2024 22:50,14.33,0,"","","",""
RW2,3026,4/17/2024 2:00,14.28,0,"","","",""
RW2,3027,4/17/2024 2:05,13.94,0,"","","",""
RW2,3028,4/17/2024 2:10,13.94,0,"","","",""
RW2,3029,4/17/2024 2:15,14.11,0,"","","",""
RW2,3030,4/17/2024 2:20,14.11,0,"","","",""
RW2,3031,4/17/2024 2:25,14.03,0,"","","",""
RW2,3032,4/17/2024 2:30,14.28,0,"","","",""
RW2,3033,4/17/2024 2:35,14.15,0,"","","",""
RW2,3034,4/17/2024 2:40,14.41,0,"","","",""
RW2,3035,4/17/2024 2:45,14.33,0,"","","",""
RW2,3036,4/17/2024 2:50,14.54,0,"","","",""
RW2,3037,4/17/2024 2:55,14.5,0,"","","",""
RW2,3038,4/17/2024 3:00,14.54,0,"","","",""
RW2,3039,4/17/2024 3:05,14.67,0,"","","",""
RW2,3040,4/17/2024 3:10,14.75,0,"","","",""
RW2,3041,4/17/2024 3:15,14.84,0,"","","",""
RW2,3042,4/17/2024 3:20,14.8,0,"","","",""
RW2,3043,4/17/2024 3:25,14.84,0,"","","",""
RW2,3044,4/17/2024 3:30,14.8,0,"","","",""
RW2,3045,4/17/2024 3:35,14.8,0,"","","",""
RW2,3046,4/17/2024 3:40,14.84,0,"","","",""
RW2,3047,4/17/2024 3:45,14.88,0,"","","",""
RW2,3048,4/17/2024 3:50,14.8,0,"","","",""
RW2,3049,4/17/2024 3:55,14.8,0,"","","",""
RW2,3050,4/17/2024 4:00,14.84,0,"","","",""
RW2,3051,4/17/2024 4:05,14.8,0,"","","",""
RW2,3052,4/17/2024 4:10,14.8,0,"","","",""
RW2,3053,4/17/2024 4:15,14.75,0,"","","",""
RW2,3054,4/17/2024 4:20,14.75,0,"","","",""
RW2,3055,4/17/2024 4:25,14.71,0,"","","",""
RW2,3056,4/17/2024 4:30,14.71,0,"","","",""
RW2,3057,4/17/2024 4:35,14.63,0,"","","",""
RW2,3058,4/17/2024 4:40,14.63,0,"","","",""
RW2,3059,4/17/2024 4:45,14.58,0,"","","",""
RW2,3060,4/17/2024 4:50,14.58,0,"","","",""
RW2,3061,4/17/2024 4:55,14.58,0,"","","",""
RW2,3062,4/17/2024 5:00,14.5,0,"","","",""
RW2,3063,4/17/2024 5:05,14.54,0,"","","",""
RW2,3064,4/17/2024 5:10,14.54,0,"","","",""
RW2,3065,4/17/2024 5:15,14.5,0,"","","",""
RW2,3066,4/17/2024 5:20,14.58,0,"","","",""
RW2,3067,4/17/2024 5:25,14.5,0,"","","",""
RW2,3068,4/17/2024 5:30,14.58,0,"","","",""
RW2,3069,4/17/2024 5:35,14.54,0,"","","",""
RW2,3070,4/17/2024 5:40,14.5,0,"","","",""
RW2,3071,4/17/2024 5:45,14.54,0,"","","",""
RW2,3072,4/17/2024 5:50,14.5,0,"","","",""
RW2,3073,4/17/2024 5:55,14.5,0,"","","",""
RW2,3074,4/17/2024 6:00,14.41,0,"","","",""
RW2,3075,4/17/2024 6:05,14.5,0,"","","",""
RW2,3076,4/17/2024 6:10,14.5,2.17,"","","",""
RW2,3077,4/17/2024 6:15,14.41,5.64,"","","",""
RW2,3078,4/17/2024 6:20,14.45,57.12,"","","",""
RW2,3079,4/17/2024 6:25,14.5,3.03,"","","",""
RW2,3080,4/17/2024 6:30,14.5,3.9,"","","",""
RW2,3081,4/17/2024 6:35,14.45,47.52,"","","",""
RW2,3082,4/17/2024 6:40,14.45,10.44,"","","",""
RW2,3083,4/17/2024 6:45,14.5,12.48,"","","",""
RW2,3084,4/17/2024 6:50,14.41,243.52,"","","",""
RW2,3085,4/17/2024 6:55,14.45,37.22,"","","",""
RW2,3086,4/17/2024 7:00,14.5,54.9,"","","",""
RW2,3087,4/17/2024 7:05,14.45,17.74,"","","",""
RW2,3088,4/17/2024 7:10,14.5,15.3,"","","",""
RW2,3089,4/17/2024 7:15,14.5,13.21,"","","",""
RW2,3090,4/17/2024 7:20,14.54,1281.28,"","","",""
RW2,3091,4/17/2024 7:25,14.54,10.55,"","","",""
RW2,3092,4/17/2024 7:30,14.58,375.36,"","","",""
RW2,3093,4/17/2024 7:35,14.63,745.92,"","","",""
RW2,3094,4/17/2024 7:40,14.71,2385.28,"","","",""
RW2,3095,4/17/2024 7:45,14.75,1021.76,"","","",""
RW2,3096,4/17/2024 7:50,14.67,3411.2,"","","",""
RW2,3097,4/17/2024 7:55,15.14,1075.52,"","","",""
RW2,3098,4/17/2024 8:00,14.75,552.96,"","","",""
RW2,3099,4/17/2024 8:05,15.48,13798.4,"","","",""
RW2,3100,4/17/2024 8:10,15.01,2602.88,"","","",""
RW2,3101,4/17/2024 8:15,16.17,18242.56,"","","",""
RW2,3102,4/17/2024 8:20,15.57,1358.72,"","","",""
RW2,3103,4/17/2024 8:25,15.57,1706.88,"","","",""
RW2,3104,4/17/2024 8:30,15.57,2060.8,"","","",""
RW2,3105,4/17/2024 8:35,15.66,2062.72,"","","",""
RW2,3207,4/17/2024 17:05,18.66,14464,"","","",""
RW2,3208,4/17/2024 17:10,18.87,16506.88,"","","",""
RW2,3209,4/17/2024 17:15,20.42,23654.4,"","","",""
RW2,3210,4/17/2024 17:20,21.49,46899.2,"","","",""
RW2,3211,4/17/2024 17:25,18.92,8826.88,"","","",""
RW2,3212,4/17/2024 17:30,19.3,10201.6,"","","",""
RW2,3213,4/17/2024 17:35,17.46,9925.12,"","","",""
RW2,3214,4/17/2024 17:40,16.99,7987.2,"","","",""
RW2,3215,4/17/2024 17:45,16.69,274.56,"","","",""
RW2,3216,4/17/2024 17:50,16.43,27.89,"","","",""
RW2,3217,4/17/2024 17:55,16.43,753.92,"","","",""
RW2,3218,4/17/2024 18:00,16.56,4910.08,"","","",""
RW2,3219,4/17/2024 18:05,16.6,1706.88,"","","",""
RW2,3220,4/17/2024 18:10,16.51,1320.32,"","","",""
RW2,3221,4/17/2024 18:15,16.43,1182.4,"","","",""
RW2,3222,4/17/2024 18:20,16.51,345.28,"","","",""
RW2,3223,4/17/2024 18:25,16.43,45.02,"","","",""
RW2,3224,4/17/2024 18:30,16.39,31.96,"","","",""
RW2,3225,4/17/2024 18:35,16.34,5.69,"","","",""
RW2,3226,4/17/2024 18:40,16.34,13.62,"","","",""
RW2,3227,4/17/2024 18:45,16.3,55.12,"","","",""
RW2,3228,4/17/2024 18:50,16.26,94.28,"","","",""
RW2,3229,4/17/2024 18:55,16.26,194.24,"","","",""
RW2,3230,4/17/2024 19:00,16.21,10.31,"","","",""
RW2,3231,4/17/2024 19:05,16.21,24.63,"","","",""
RW2,3232,4/17/2024 19:10,16.17,263.44,"","","",""
RW2,3233,4/17/2024 19:15,16.17,5.2,"","","",""
RW2,3234,4/17/2024 19:20,16.08,10.9,"","","",""
RW2,3235,4/17/2024 19:25,16.08,76.72,"","","",""
RW2,3236,4/17/2024 19:30,16.04,0,"","","",""
RW2,3237,4/17/2024 19:35,16,27.67,"","","",""
RW2,3238,4/17/2024 19:40,16,0.43,"","","",""
RW2,3239,4/17/2024 19:45,15.96,0,"","","",""
RW2,3240,4/17/2024 19:50,15.83,0,"","","",""
RW2,3241,4/17/2024 19:55,15.83,0,"","","",""
RW2,3242,4/17/2024 20:00,15.83,0,"","","",""
RW2,3243,4/17/2024 20:05,15.74,0,"","","",""
RW2,3244,4/17/2024 20:10,15.83,0,"","","",""
RW2,3245,4/17/2024 20:15,15.78,0,"","","",""
RW2,3246,4/17/2024 20:20,15.83,0,"","","",""
RW2,3247,4/17/2024 20:25,15.83,0,"","","",""
RW2,3248,4/17/2024 20:30,15.83,0,"","","",""
RW2,3249,4/17/2024 20:35,15.78,0,"","","",""
RW2,3250,4/17/2024 20:40,15.74,0,"","","",""
RW2,3251,4/17/2024 20:45,15.74,0,"","","",""
RW2,3252,4/17/2024 20:50,15.74,0,"","","",""
RW2,3253,4/17/2024 20:55,15.7,0,"","","",""
RW2,3254,4/17/2024 21:00,15.66,0,"","","",""
RW2,3255,4/17/2024 21:05,15.7,0,"","","",""
RW2,3256,4/17/2024 21:10,15.57,0,"","","",""
RW2,3257,4/17/2024 21:15,15.61,0,"","","",""
RW2,3258,4/17/2024 21:20,15.61,0,"","","",""
RW2,3259,4/17/2024 21:25,15.61,0,"","","",""
RW2,3260,4/17/2024 21:30,15.57,0,"","","",""
RW2,3261,4/17/2024 21:35,15.53,0,"","","",""
RW2,3262,4/17/2024 21:40,15.48,0,"","","",""
RW2,3263,4/17/2024 21:45,15.48,0,"","","",""
RW2,3264,4/17/2024 21:50,15.27,0,"","","",""
RW2,3265,4/17/2024 21:55,15.4,0,"","","",""
RW2,3266,4/17/2024 22:00,15.36,0,"","","",""
RW2,3267,4/17/2024 22:05,15.4,0,"","","",""
RW2,3268,4/17/2024 22:10,15.18,0,"","","",""
RW2,3269,4/17/2024 22:15,15.06,0,"","","",""
RW2,3270,4/17/2024 22:20,15.01,0,"","","",""
RW2,3271,4/17/2024 22:25,15.1,0,"","","",""
RW2,3272,4/17/2024 22:30,14.97,0,"","","",""
RW2,3273,4/17/2024 22:35,15.01,0,"","","",""
RW2,3274,4/17/2024 22:40,14.88,0,"","","",""
RW2,3275,4/17/2024 22:45,14.71,0,"","","",""
RW2,3276,4/17/2024 22:50,14.93,0,"","","",""
RW2,3277,4/17/2024 22:55,14.58,0,"","","",""
RW2,3331,4/18/2024 3:25,13.6,0,"","","",""
RW2,3332,4/18/2024 3:30,13.55,0,"","","",""
RW2,3333,4/18/2024 3:35,13.81,0,"","","",""
RW2,3334,4/18/2024 3:40,13.94,0,"","","",""
RW2,3335,4/18/2024 3:45,14.28,0,"","","",""
RW2,3336,4/18/2024 3:50,14.45,0,"","","",""
RW2,3337,4/18/2024 3:55,14.5,0,"","","",""
RW2,3338,4/18/2024 4:00,14.5,0,"","","",""
RW2,3339,4/18/2024 4:05,14.54,0,"","","",""
RW2,3340,4/18/2024 4:10,14.58,0,"","","",""
RW2,3341,4/18/2024 4:15,14.5,0,"","","",""
RW2,3342,4/18/2024 4:20,14.45,0,"","","",""
RW2,3343,4/18/2024 4:25,14.5,0,"","","",""
RW2,3344,4/18/2024 4:30,14.45,0,"","","",""
RW2,3345,4/18/2024 4:35,14.5,0,"","","",""
RW2,3346,4/18/2024 4:40,14.5,0,"","","",""
RW2,3347,4/18/2024 4:45,14.5,0,"","","",""
RW2,3348,4/18/2024 4:50,14.54,0,"","","",""
RW2,3349,4/18/2024 4:55,14.5,0,"","","",""
RW2,3350,4/18/2024 5:00,14.54,0,"","","",""
RW2,3351,4/18/2024 5:05,14.5,0,"","","",""
RW2,3352,4/18/2024 5:10,14.5,0,"","","",""
RW2,3353,4/18/2024 5:15,14.5,0,"","","",""
RW2,3354,4/18/2024 5:20,14.45,0,"","","",""
RW2,3355,4/18/2024 5:25,14.41,0,"","","",""
RW2,3356,4/18/2024 5:30,14.41,0,"","","",""
RW2,3357,4/18/2024 5:35,14.45,0,"","","",""
RW2,3358,4/18/2024 5:40,14.37,0,"","","",""
RW2,3359,4/18/2024 5:45,14.37,0,"","","",""
RW2,3360,4/18/2024 5:50,14.37,0,"","","",""
RW2,3361,4/18/2024 5:55,14.37,0,"","","",""
RW2,3362,4/18/2024 6:00,14.37,0,"","","",""
RW2,3363,4/18/2024 6:05,14.37,3.25,"","","",""
RW2,3364,4/18/2024 6:10,14.37,16.08,"","","",""
RW2,3365,4/18/2024 6:15,14.37,26.56,"","","",""
RW2,3366,4/18/2024 6:20,14.33,7.18,"","","",""
RW2,3367,4/18/2024 6:25,14.33,340.32,"","","",""
RW2,3368,4/18/2024 6:30,14.33,14.48,"","","",""
RW2,3369,4/18/2024 6:35,14.37,45.52,"","","",""
RW2,3370,4/18/2024 6:40,14.33,1464.32,"","","",""
RW2,3371,4/18/2024 6:45,14.33,58.86,"","","",""
RW2,3372,4/18/2024 6:50,14.37,1949.44,"","","",""
RW2,3373,4/18/2024 6:55,14.37,15.6,"","","",""
RW2,3374,4/18/2024 7:00,14.33,153.24,"","","",""
RW2,3375,4/18/2024 7:05,14.33,105.8,"","","",""
RW2,3376,4/18/2024 7:10,14.37,20.21,"","","",""
RW2,3377,4/18/2024 7:15,14.41,430.72,"","","",""
RW2,3378,4/18/2024 7:20,14.33,584.64,"","","",""
RW2,3379,4/18/2024 7:25,14.41,1389.44,"","","",""
RW2,3380,4/18/2024 7:30,14.41,34.13,"","","",""
RW2,3381,4/18/2024 7:35,14.37,35.97,"","","",""
RW2,3382,4/18/2024 7:40,14.41,59.58,"","","",""
RW2,3383,4/18/2024 7:45,14.37,1196.16,"","","",""
RW2,3384,4/18/2024 7:50,14.37,172.08,"","","",""
RW2,3385,4/18/2024 7:55,14.41,832,"","","",""
RW2,3386,4/18/2024 8:00,14.37,131.96,"","","",""
RW2,3387,4/18/2024 8:05,14.41,301.44,"","","",""
RW2,3388,4/18/2024 8:10,14.37,200.88,"","","",""
RW2,3389,4/18/2024 8:15,14.37,20.15,"","","",""
RW2,3390,4/18/2024 8:20,14.45,940.16,"","","",""
RW2,3391,4/18/2024 8:25,14.41,1264.96,"","","",""
RW2,3392,4/18/2024 8:30,14.45,581.12,"","","",""
RW2,3393,4/18/2024 8:35,14.58,8936.96,"","","",""
RW2,3394,4/18/2024 8:40,14.54,168.16,"","","",""
RW2,3395,4/18/2024 8:45,14.8,308.64,"","","",""
RW2,3396,4/18/2024 8:50,14.88,4812.8,"","","",""
RW2,3397,4/18/2024 8:55,14.8,493.92,"","","",""
RW2,3398,4/18/2024 9:00,14.71,76.4,"","","",""
RW2,3399,4/18/2024 9:05,15.27,7895.04,"","","",""
RW2,3400,4/18/2024 9:10,15.7,7966.72,"","","",""
RW2,3401,4/18/2024 9:15,15.78,5169.92,"","","",""
RW2,3402,4/18/2024 9:20,14.97,1196.16,"","","",""
RW2,3403,4/18/2024 9:25,16.13,20008.96,"","","",""
RW2,3404,4/18/2024 9:30,16.34,5475.84,"","","",""
RW2,3498,4/18/2024 17:20,19.69,10772.48,"","","",""
RW2,3499,4/18/2024 17:25,18.19,9994.24,"","","",""
RW2,3500,4/18/2024 17:30,17.41,2773.76,"","","",""
RW2,3501,4/18/2024 17:35,17.16,4573.44,"","","",""
RW2,3502,4/18/2024 17:40,16.21,4847.36,"","","",""
RW2,3503,4/18/2024 17:45,16.26,2034.56,"","","",""
RW2,3504,4/18/2024 17:50,16.43,2856.96,"","","",""
RW2,3505,4/18/2024 17:55,16.56,102.44,"","","",""
RW2,3506,4/18/2024 18:00,16.56,38.14,"","","",""
RW2,3507,4/18/2024 18:05,16.51,251.76,"","","",""
RW2,3508,4/18/2024 18:10,16.34,767.36,"","","",""
RW2,3509,4/18/2024 18:15,16.43,66.4,"","","",""
RW2,3510,4/18/2024 18:20,16.47,60.44,"","","",""
RW2,3511,4/18/2024 18:25,16.39,474.88,"","","",""
RW2,3512,4/18/2024 18:30,16.34,95.16,"","","",""
RW2,3513,4/18/2024 18:35,16.39,3.9,"","","",""
RW2,3514,4/18/2024 18:40,16.34,10.9,"","","",""
RW2,3515,4/18/2024 18:45,16.3,61.48,"","","",""
RW2,3516,4/18/2024 18:50,16.34,51.1,"","","",""
RW2,3517,4/18/2024 18:55,16.26,26.42,"","","",""
RW2,3518,4/18/2024 19:00,16.3,721.92,"","","",""
RW2,3519,4/18/2024 19:05,16.3,42.32,"","","",""
RW2,3520,4/18/2024 19:10,16.26,32.72,"","","",""
RW2,3521,4/18/2024 19:15,16.13,129,"","","",""
RW2,3522,4/18/2024 19:20,16.08,21.78,"","","",""
RW2,3523,4/18/2024 19:25,16.21,7.84,"","","",""
RW2,3524,4/18/2024 19:30,16.13,16.3,"","","",""
RW2,3525,4/18/2024 19:35,16.08,13.7,"","","",""
RW2,3526,4/18/2024 19:40,16,0,"","","",""
RW2,3527,4/18/2024 19:45,15.91,0,"","","",""
RW2,3528,4/18/2024 19:50,15.91,0,"","","",""
RW2,3529,4/18/2024 19:55,15.87,0,"","","",""
RW2,3530,4/18/2024 20:00,15.87,0,"","","",""
RW2,3531,4/18/2024 20:05,15.83,0,"","","",""
RW2,3532,4/18/2024 20:10,15.83,0,"","","",""
RW2,3533,4/18/2024 20:15,15.83,0,"","","",""
RW2,3534,4/18/2024 20:20,15.74,0,"","","",""
RW2,3535,4/18/2024 20:25,15.66,0,"","","",""
RW2,3536,4/18/2024 20:30,15.7,0,"","","",""
RW2,3537,4/18/2024 20:35,15.66,0,"","","",""
RW2,3538,4/18/2024 20:40,15.61,0,"","","",""
RW2,3539,4/18/2024 20:45,15.61,0,"","","",""
RW2,3540,4/18/2024 20:50,15.61,0,"","","",""
RW2,3541,4/18/2024 20:55,15.57,0,"","","",""
RW2,3542,4/18/2024 21:00,15.57,0,"","","",""
RW2,3543,4/18/2024 21:05,15.57,0,"","","",""
RW2,3544,4/18/2024 21:10,15.53,0,"","","",""
RW2,3545,4/18/2024 21:15,15.53,0,"","","",""
RW2,3546,4/18/2024 21:20,15.48,0,"","","",""
RW2,3547,4/18/2024 21:25,15.4,0,"","","",""
RW2,3548,4/18/2024 21:30,15.36,0,"","","",""
RW2,3549,4/18/2024 21:35,15.36,0,"","","",""
RW2,3550,4/18/2024 21:40,15.31,0,"","","",""
RW2,3551,4/18/2024 21:45,15.23,0,"","","",""
RW2,3552,4/18/2024 21:50,15.36,0,"","","",""
RW2,3553,4/18/2024 21:55,15.31,0,"","","",""
RW2,3554,4/18/2024 22:00,15.36,0,"","","",""
RW2,3555,4/18/2024 22:05,15.27,0,"","","",""
RW2,3556,4/18/2024 22:10,15.27,0,"","","",""
RW2,3557,4/18/2024 22:15,15.18,0,"","","",""
RW2,3558,4/18/2024 22:20,15.14,0,"","","",""
RW2,3559,4/18/2024 22:25,15.14,0,"","","",""
RW2,3560,4/18/2024 22:30,15.23,0,"","","",""
RW2,3561,4/18/2024 22:35,15.06,0,"","","",""
RW2,3562,4/18/2024 22:40,15.01,0,"","","",""
RW2,3563,4/18/2024 22:45,14.93,0,"","","",""
RW2,3564,4/18/2024 22:50,14.93,0,"","","",""
RW2,3565,4/18/2024 22:55,14.37,0,"","","",""
RW2,3566,4/18/2024 23:00,14.24,0,"","","",""
RW2,3632,4/19/2024 4:30,14.07,0,"","","",""
RW2,3633,4/19/2024 4:35,14.07,0,"","","",""
RW2,3634,4/19/2024 4:40,14.03,0,"","","",""
RW2,3635,4/19/2024 4:45,14.24,0,"","","",""
RW2,3636,4/19/2024 4:50,14.58,0,"","","",""
RW2,3637,4/19/2024 4:55,14.54,0,"","","",""
RW2,3638,4/19/2024 5:00,14.67,0,"","","",""
RW2,3639,4/19/2024 5:05,14.71,0,"","","",""
RW2,3640,4/19/2024 5:10,14.71,0,"","","",""
RW2,3641,4/19/2024 5:15,14.71,0,"","","",""
RW2,3642,4/19/2024 5:20,14.75,0,"","","",""
RW2,3643,4/19/2024 5:25,14.71,0,"","","",""
RW2,3644,4/19/2024 5:30,14.67,0,"","","",""
RW2,3645,4/19/2024 5:35,14.75,0,"","","",""
RW2,3646,4/19/2024 5:40,14.75,0,"","","",""
RW2,3647,4/19/2024 5:45,14.71,0,"","","",""
RW2,3648,4/19/2024 5:50,14.71,0,"","","",""
RW2,3649,4/19/2024 5:55,14.75,0,"","","",""
RW2,3650,4/19/2024 6:00,14.71,0,"","","",""
RW2,3651,4/19/2024 6:05,14.71,6.94,"","","",""
RW2,3652,4/19/2024 6:10,14.71,45.74,"","","",""
RW2,3653,4/19/2024 6:15,14.71,9.55,"","","",""
RW2,3654,4/19/2024 6:20,14.71,4.34,"","","",""
RW2,3655,4/19/2024 6:25,14.71,0.86,"","","",""
RW2,3656,4/19/2024 6:30,14.71,3.47,"","","",""
RW2,3657,4/19/2024 6:35,14.63,3.47,"","","",""
RW2,3658,4/19/2024 6:40,14.67,17.06,"","","",""
RW2,3659,4/19/2024 6:45,14.71,147.56,"","","",""
RW2,3660,4/19/2024 6:50,14.67,515.68,"","","",""
RW2,3661,4/19/2024 6:55,14.67,688.64,"","","",""
RW2,3662,4/19/2024 7:00,14.71,54.3,"","","",""
RW2,3663,4/19/2024 7:05,14.71,4.12,"","","",""
RW2,3664,4/19/2024 7:10,14.67,106.56,"","","",""
RW2,3665,4/19/2024 7:15,14.71,1034.88,"","","",""
RW2,3666,4/19/2024 7:20,14.67,29.68,"","","",""
RW2,3667,4/19/2024 7:25,14.67,18.47,"","","",""
RW2,3668,4/19/2024 7:30,14.67,48.44,"","","",""
RW2,3669,4/19/2024 7:35,14.71,17.01,"","","",""
RW2,3670,4/19/2024 7:40,14.71,8.13,"","","",""
RW2,3671,4/19/2024 7:45,14.67,690.56,"","","",""
RW2,3672,4/19/2024 7:50,14.67,31.9,"","","",""
RW2,3673,4/19/2024 7:55,14.71,3609.6,"","","",""
RW2,3674,4/19/2024 8:00,14.67,69.82,"","","",""
RW2,3675,4/19/2024 8:05,14.67,22.3,"","","",""
RW2,3676,4/19/2024 8:10,14.71,42.36,"","","",""
RW2,3677,4/19/2024 8:15,14.67,802.88,"","","",""
RW2,3678,4/19/2024 8:20,14.71,887.68,"","","",""
RW2,3679,4/19/2024 8:25,14.71,234.16,"","","",""
RW2,3680,4/19/2024 8:30,14.71,29.84,"","","",""
RW2,3681,4/19/2024 8:35,14.8,1025.92,"","","",""
RW2,3682,4/19/2024 8:40,14.75,292.8,"","","",""
RW2,3683,4/19/2024 8:45,14.75,182.32,"","","",""
RW2,3684,4/19/2024 8:50,14.71,158.32,"","","",""
RW2,3685,4/19/2024 8:55,14.75,223.2,"","","",""
RW2,3686,4/19/2024 9:00,14.8,820.16,"","","",""
RW2,3687,4/19/2024 9:05,14.84,4816.64,"","","",""
RW2,3688,4/19/2024 9:10,14.93,994.88,"","","",""
RW2,3689,4/19/2024 9:15,14.97,773.76,"","","",""
RW2,3690,4/19/2024 9:20,14.97,171.76,"","","",""
RW2,3691,4/19/2024 9:25,15.01,35.48,"","","",""
RW2,3692,4/19/2024 9:30,15.1,1149.44,"","","",""
RW2,3693,4/19/2024 9:35,15.14,434.4,"","","",""
RW2,3694,4/19/2024 9:40,15.06,309.28,"","","",""
RW2,3695,4/19/2024 9:45,15.61,6517.76,"","","",""
RW2,3696,4/19/2024 9:50,15.27,353.28,"","","",""
RW2,3697,4/19/2024 9:55,15.91,1704.96,"","","",""
RW2,3698,4/19/2024 10:00,18.4,37765.12,"","","",""
RW2,3699,4/19/2024 10:05,17.89,9687.04,"","","",""
RW2,3700,4/19/2024 10:10,18.57,11791.36,"","","",""
RW2,3701,4/19/2024 10:15,21.96,23828.48,"","","",""
RW2,3789,4/19/2024 17:35,19.35,9735.68,"","","",""
RW2,3790,4/19/2024 17:40,16.47,4774.4,"","","",""
RW2,3791,4/19/2024 17:45,16.3,6312.96,"","","",""
RW2,3792,4/19/2024 17:50,16.34,5580.8,"","","",""
RW2,3793,4/19/2024 17:55,16.34,3449.6,"","","",""
RW2,3794,4/19/2024 18:00,16.69,487.36,"","","",""
RW2,3795,4/19/2024 18:05,16.86,806.08,"","","",""
RW2,3796,4/19/2024 18:10,16.86,199.44,"","","",""
RW2,3797,4/19/2024 18:15,16.9,1140.16,"","","",""
RW2,3798,4/19/2024 18:20,16.94,36.13,"","","",""
RW2,3799,4/19/2024 18:25,16.9,14.4,"","","",""
RW2,3800,4/19/2024 18:30,16.81,161.16,"","","",""
RW2,3801,4/19/2024 18:35,16.86,117.2,"","","",""
RW2,3802,4/19/2024 18:40,16.77,3.03,"","","",""
RW2,3803,4/19/2024 18:45,16.73,322.08,"","","",""
RW2,3804,4/19/2024 18:50,16.77,128.32,"","","",""
RW2,3805,4/19/2024 18:55,16.86,183.36,"","","",""
RW2,3806,4/19/2024 19:00,16.81,164.08,"","","",""
RW2,3807,4/19/2024 19:05,16.73,1.3,"","","",""
RW2,3808,4/19/2024 19:10,16.69,7.84,"","","",""
RW2,3809,4/19/2024 19:15,16.56,444.96,"","","",""
RW2,3810,4/19/2024 19:20,16.64,268.64,"","","",""
RW2,3811,4/19/2024 19:25,16.51,18.28,"","","",""
RW2,3812,4/19/2024 19:30,16.56,4.12,"","","",""
RW2,3813,4/19/2024 19:35,16.56,0,"","","",""
RW2,3814,4/19/2024 19:40,16.51,0,"","","",""
RW2,3815,4/19/2024 19:45,16.43,0.43,"","","",""
RW2,3816,4/19/2024 19:50,16.43,0,"","","",""
RW2,3817,4/19/2024 19:55,16.47,0,"","","",""
RW2,3818,4/19/2024 20:00,16.39,0,"","","",""
RW2,3819,4/19/2024 20:05,16.43,0,"","","",""
RW2,3820,4/19/2024 20:10,16.43,0,"","","",""
RW2,3821,4/19/2024 20:15,16.43,0,"","","",""
RW2,3822,4/19/2024 20:20,16.39,0,"","","",""
RW2,3823,4/19/2024 20:25,16.3,0,"","","",""
RW2,3824,4/19/2024 20:30,16.3,0,"","","",""
RW2,3825,4/19/2024 20:35,16.21,0,"","","",""
RW2,3826,4/19/2024 20:40,16.04,0,"","","",""
RW2,3827,4/19/2024 20:45,16.04,0,"","","",""
RW2,3828,4/19/2024 20:50,15.96,0,"","","",""
RW2,3829,4/19/2024 20:55,16.04,0,"","","",""
RW2,3830,4/19/2024 21:00,15.96,0,"","","",""
RW2,3831,4/19/2024 21:05,15.96,0,"","","",""
RW2,3832,4/19/2024 21:10,15.96,0,"","","",""
RW2,3833,4/19/2024 21:15,16,0,"","","",""
RW2,3834,4/19/2024 21:20,15.91,0,"","","",""
RW2,3835,4/19/2024 21:25,15.91,0,"","","",""
RW2,3836,4/19/2024 21:30,15.91,0,"","","",""
RW2,3837,4/19/2024 21:35,15.91,0,"","","",""
RW2,3838,4/19/2024 21:40,15.91,0,"","","",""
RW2,3839,4/19/2024 21:45,15.74,0,"","","",""
RW2,3840,4/19/2024 21:50,15.66,0,"","","",""
RW2,3841,4/19/2024 21:55,15.53,0,"","","",""
RW2,3842,4/19/2024 22:00,15.48,0,"","","",""
RW2,3843,4/19/2024 22:05,15.57,0,"","","",""
RW2,3844,4/19/2024 22:10,15.66,0,"","","",""
RW2,3845,4/19/2024 22:15,15.57,0,"","","",""
RW2,3846,4/19/2024 22:20,15.48,0,"","","",""
RW2,3847,4/19/2024 22:25,15.48,0,"","","",""
RW2,3848,4/19/2024 22:30,15.4,0,"","","",""
RW2,3849,4/19/2024 22:35,15.36,0,"","","",""
RW2,3850,4/19/2024 22:40,15.36,0,"","","",""
RW2,3851,4/19/2024 22:45,15.27,0,"","","",""
RW2,3852,4/19/2024 22:50,15.23,0,"","","",""
RW2,3853,4/19/2024 22:55,14.84,0,"","","",""
RW2,3854,4/19/2024 23:00,14.97,0,"","","",""
RW2,3855,4/19/2024 23:05,14.24,0,"","","",""
RW2,3856,4/19/2024 23:10,14.37,0,"","","",""
RW2,3857,4/19/2024 23:15,14.03,0,"","","",""
RW2,3932,4/20/2024 5:30,13.6,0,"","","",""
RW2,3933,4/20/2024 5:35,13.73,0,"","","",""
RW2,3934,4/20/2024 5:40,13.9,0,"","","",""
RW2,3935,4/20/2024 5:45,14.37,0,"","","",""
RW2,3936,4/20/2024 5:50,14.37,0.21,"","","",""
RW2,3937,4/20/2024 5:55,14.5,0,"","","",""
RW2,3938,4/20/2024 6:00,14.45,0,"","","",""
RW2,3939,4/20/2024 6:05,14.5,11.53,"","","",""
RW2,3940,4/20/2024 6:10,14.54,11.99,"","","",""
RW2,3941,4/20/2024 6:15,14.5,29,"","","",""
RW2,3942,4/20/2024 6:20,14.5,1.08,"","","",""
RW2,3943,4/20/2024 6:25,14.5,2.17,"","","",""
RW2,3944,4/20/2024 6:30,14.5,1.95,"","","",""
RW2,3945,4/20/2024 6:35,14.5,87.24,"","","",""
RW2,3946,4/20/2024 6:40,14.5,4.55,"","","",""
RW2,3947,4/20/2024 6:45,14.54,22.32,"","","",""
RW2,3948,4/20/2024 6:50,14.54,158.96,"","","",""
RW2,3949,4/20/2024 6:55,14.5,25.85,"","","",""
RW2,3950,4/20/2024 7:00,14.54,106.76,"","","",""
RW2,3951,4/20/2024 7:05,14.54,116.32,"","","",""
RW2,3952,4/20/2024 7:10,14.54,12.67,"","","",""
RW2,3953,4/20/2024 7:15,14.5,1005.12,"","","",""
RW2,3954,4/20/2024 7:20,14.45,810.56,"","","",""
RW2,3955,4/20/2024 7:25,14.54,1838.72,"","","",""
RW2,3956,4/20/2024 7:30,14.45,36.08,"","","",""
RW2,3957,4/20/2024 7:35,14.5,20.86,"","","",""
RW2,3958,4/20/2024 7:40,14.5,97.48,"","","",""
RW2,3959,4/20/2024 7:45,14.54,25.42,"","","",""
RW2,3960,4/20/2024 7:50,14.5,119.68,"","","",""
RW2,3961,4/20/2024 7:55,14.54,52.52,"","","",""
RW2,3962,4/20/2024 8:00,14.58,2366.72,"","","",""
RW2,3963,4/20/2024 8:05,14.54,345.92,"","","",""
RW2,3964,4/20/2024 8:10,14.5,15.76,"","","",""
RW2,3965,4/20/2024 8:15,14.5,179.68,"","","",""
RW2,3966,4/20/2024 8:20,14.5,84.84,"","","",""
RW2,3967,4/20/2024 8:25,14.54,157.36,"","","",""
RW2,3968,4/20/2024 8:30,14.58,1193.6,"","","",""
RW2,3969,4/20/2024 8:35,14.58,364.96,"","","",""
RW2,3970,4/20/2024 8:40,14.58,466.56,"","","",""
RW2,3971,4/20/2024 8:45,14.58,86.8,"","","",""
RW2,3972,4/20/2024 8:50,14.67,1030.4,"","","",""
RW2,3973,4/20/2024 8:55,14.63,69.88,"","","",""
RW2,3974,4/20/2024 9:00,14.63,1177.92,"","","",""
RW2,3975,4/20/2024 9:05,14.67,5629.44,"","","",""
RW2,3976,4/20/2024 9:10,14.63,329.6,"","","",""
RW2,3977,4/20/2024 9:15,14.67,993.6,"","","",""
RW2,3978,4/20/2024 9:20,14.71,2048,"","","",""
RW2,3979,4/20/2024 9:25,14.75,513.44,"","","",""
RW2,3980,4/20/2024 9:30,14.71,463.52,"","","",""
RW2,3981,4/20/2024 9:35,14.75,1629.44,"","","",""
RW2,3982,4/20/2024 9:40,14.88,1578.24,"","","",""
RW2,3983,4/20/2024 9:45,14.93,904.64,"","","",""
RW2,3984,4/20/2024 9:50,14.93,326,"","","",""
RW2,3985,4/20/2024 9:55,15.18,17940.48,"","","",""
RW2,3986,4/20/2024 10:00,15.14,200.96,"","","",""
RW2,3987,4/20/2024 10:05,15.27,4156.16,"","","",""
RW2,3988,4/20/2024 10:10,15.18,2090.24,"","","",""
RW2,3989,4/20/2024 10:15,15.74,8814.08,"","","",""
RW2,3990,4/20/2024 10:20,15.78,12277.76,"","","",""
RW2,3991,4/20/2024 10:25,15.7,3069.44,"","","",""
RW2,3992,4/20/2024 10:30,18.14,39208.96,"","","",""
RW2,3993,4/20/2024 10:35,19.05,40376.32,"","","",""
RW2,3994,4/20/2024 10:40,19.35,38451.2,"","","",""
RW2,3995,4/20/2024 10:45,20.55,43806.72,"","","",""
RW2,3996,4/20/2024 10:50,21.62,49152,"","","",""
RW2,4080,4/20/2024 17:50,16.47,10424.32,"","","",""
RW2,4081,4/20/2024 17:55,16.17,10265.6,"","","",""
RW2,4082,4/20/2024 18:00,16.13,9812.48,"","","",""
RW2,4083,4/20/2024 18:05,16,3512.32,"","","",""
RW2,4084,4/20/2024 18:10,16.3,893.12,"","","",""
RW2,4085,4/20/2024 18:15,16.47,1948.16,"","","",""
RW2,4086,4/20/2024 18:20,16.43,7403.52,"","","",""
RW2,4087,4/20/2024 18:25,16.39,314,"","","",""
RW2,4088,4/20/2024 18:30,16.47,40.15,"","","",""
RW2,4089,4/20/2024 18:35,16.43,1016.64,"","","",""
RW2,4090,4/20/2024 18:40,16.39,146.72,"","","",""
RW2,4091,4/20/2024 18:45,16.43,1189.44,"","","",""
RW2,4092,4/20/2024 18:50,16.43,23.82,"","","",""
RW2,4093,4/20/2024 18:55,16.39,32.66,"","","",""
RW2,4094,4/20/2024 19:00,16.3,430.08,"","","",""
RW2,4095,4/20/2024 19:05,16.34,168.32,"","","",""
RW2,4096,4/20/2024 19:10,16.34,16.33,"","","",""
RW2,4097,4/20/2024 19:15,16.3,54.2,"","","",""
RW2,4098,4/20/2024 19:20,16.21,34.21,"","","",""
RW2,4099,4/20/2024 19:25,16.17,66.24,"","","",""
RW2,4100,4/20/2024 19:30,16.21,6.29,"","","",""
RW2,4101,4/20/2024 19:35,16.21,0.65,"","","",""
RW2,4102,4/20/2024 19:40,16.26,12.83,"","","",""
RW2,4103,4/20/2024 19:45,16.21,0.65,"","","",""
RW2,4104,4/20/2024 19:50,16.08,0.21,"","","",""
RW2,4105,4/20/2024 19:55,16.04,0,"","","",""
RW2,4106,4/20/2024 20:00,16.08,0,"","","",""
RW2,4107,4/20/2024 20:05,16.08,0,"","","",""
RW2,4108,4/20/2024 20:10,16.13,0,"","","",""
RW2,4109,4/20/2024 20:15,16,0,"","","",""
RW2,4110,4/20/2024 20:20,16,0,"","","",""
RW2,4111,4/20/2024 20:25,15.96,0,"","","",""
RW2,4112,4/20/2024 20:30,15.96,0,"","","",""
RW2,4113,4/20/2024 20:35,15.96,0,"","","",""
RW2,4114,4/20/2024 20:40,15.83,0,"","","",""
RW2,4115,4/20/2024 20:45,15.83,0,"","","",""
RW2,4116,4/20/2024 20:50,15.74,0,"","","",""
RW2,4117,4/20/2024 20:55,15.74,0,"","","",""
RW2,4118,4/20/2024 21:00,15.83,0,"","","",""
RW2,4119,4/20/2024 21:05,15.83,0,"","","",""
RW2,4120,4/20/2024 21:10,15.7,0,"","","",""
RW2,4121,4/20/2024 21:15,15.7,0,"","","",""
RW2,4122,4/20/2024 21:20,15.44,0,"","","",""
RW2,4123,4/20/2024 21:25,15.44,0,"","","",""
RW2,4124,4/20/2024 21:30,15.48,0,"","","",""
RW2,4125,4/20/2024 21:35,15.53,0,"","","",""
RW2,4126,4/20/2024 21:40,15.53,0,"","","",""
RW2,4127,4/20/2024 21:45,15.4,0,"","","",""
RW2,4128,4/20/2024 21:50,15.4,0,"","","",""
RW2,4129,4/20/2024 21:55,15.44,0,"","","",""
RW2,4130,4/20/2024 22:00,15.44,0,"","","",""
RW2,4131,4/20/2024 22:05,15.36,0,"","","",""
RW2,4132,4/20/2024 22:10,15.36,0,"","","",""
RW2,4133,4/20/2024 22:15,15.31,0,"","","",""
RW2,4134,4/20/2024 22:20,15.31,0,"","","",""
RW2,4135,4/20/2024 22:25,15.23,0,"","","",""
RW2,4136,4/20/2024 22:30,15.23,0,"","","",""
RW2,4137,4/20/2024 22:35,15.18,0,"","","",""
RW2,4138,4/20/2024 22:40,15.14,0,"","","",""
RW2,4139,4/20/2024 22:45,15.1,0,"","","",""
RW2,4140,4/20/2024 22:50,15.14,0,"","","",""
RW2,4141,4/20/2024 22:55,15.06,0,"","","",""
RW2,4142,4/20/2024 23:00,14.93,0,"","","",""
RW2,4143,4/20/2024 23:05,14.93,0,"","","",""
RW2,4144,4/20/2024 23:10,14.75,0,"","","",""
RW2,4145,4/20/2024 23:15,14.33,0,"","","",""
RW2,4146,4/20/2024 23:20,14.24,0,"","","",""
RW2,4147,4/20/2024 23:25,14.24,0,"","","",""
RW2,4230,4/21/2024 6:20,13.73,407.04,"","","",""
RW2,4231,4/21/2024 6:25,14.07,653.28,"","","",""
RW2,4232,4/21/2024 6:30,14.24,708.16,"","","",""
RW2,4233,4/21/2024 6:35,14.28,643.68,"","","",""
RW2,4234,4/21/2024 6:40,14.37,1196.16,"","","",""
RW2,4235,4/21/2024 6:45,14.37,983.68,"","","",""
RW2,4236,4/21/2024 6:50,14.37,599.36,"","","",""
RW2,4237,4/21/2024 6:55,14.33,5.45,"","","",""
RW2,4238,4/21/2024 7:00,14.37,615.04,"","","",""
RW2,4239,4/21/2024 7:05,14.37,16.55,"","","",""
RW2,4240,4/21/2024 7:10,14.37,2380.16,"","","",""
RW2,4241,4/21/2024 7:15,14.37,514.72,"","","",""
RW2,4242,4/21/2024 7:20,14.37,19.99,"","","",""
RW2,4243,4/21/2024 7:25,14.33,38.85,"","","",""
RW2,4244,4/21/2024 7:30,14.37,17.63,"","","",""
RW2,4245,4/21/2024 7:35,14.41,505.6,"","","",""
RW2,4246,4/21/2024 7:40,14.37,2462.08,"","","",""
RW2,4247,4/21/2024 7:45,14.41,7.92,"","","",""
RW2,4248,4/21/2024 7:50,14.41,118.72,"","","",""
RW2,4249,4/21/2024 7:55,14.41,1085.12,"","","",""
RW2,4250,4/21/2024 8:00,14.37,62.28,"","","",""
RW2,4251,4/21/2024 8:05,14.45,1712,"","","",""
RW2,4252,4/21/2024 8:10,14.5,68.52,"","","",""
RW2,4253,4/21/2024 8:15,14.41,121.08,"","","",""
RW2,4254,4/21/2024 8:20,14.45,214.4,"","","",""
RW2,4255,4/21/2024 8:25,14.5,54.9,"","","",""
RW2,4256,4/21/2024 8:30,14.45,40.1,"","","",""
RW2,4257,4/21/2024 8:35,14.5,369.6,"","","",""
RW2,4258,4/21/2024 8:40,14.54,554.72,"","","",""
RW2,4259,4/21/2024 8:45,14.5,3194.88,"","","",""
RW2,4260,4/21/2024 8:50,14.54,282.16,"","","",""
RW2,4261,4/21/2024 8:55,14.58,3813.12,"","","",""
RW2,4262,4/21/2024 9:00,14.58,37.71,"","","",""
RW2,4263,4/21/2024 9:05,14.54,783.36,"","","",""
RW2,4264,4/21/2024 9:10,14.63,1152,"","","",""
RW2,4265,4/21/2024 9:15,14.58,538.72,"","","",""
RW2,4266,4/21/2024 9:20,14.63,193.76,"","","",""
RW2,4267,4/21/2024 9:25,14.67,2250.24,"","","",""
RW2,4268,4/21/2024 9:30,14.63,2121.6,"","","",""
RW2,4269,4/21/2024 9:35,14.75,8483.84,"","","",""
RW2,4270,4/21/2024 9:40,14.8,1302.08,"","","",""
RW2,4271,4/21/2024 9:45,14.88,2841.6,"","","",""
RW2,4272,4/21/2024 9:50,14.88,17111.04,"","","",""
RW2,4273,4/21/2024 9:55,15.06,1346.56,"","","",""
RW2,4274,4/21/2024 10:00,15.27,4739.84,"","","",""
RW2,4275,4/21/2024 10:05,15.14,1054.72,"","","",""
RW2,4276,4/21/2024 10:10,15.36,524.8,"","","",""
RW2,4277,4/21/2024 10:15,15.48,6254.08,"","","",""
RW2,4278,4/21/2024 10:20,15.91,770.24,"","","",""
RW2,4279,4/21/2024 10:25,15.96,647.2,"","","",""
RW2,4280,4/21/2024 10:30,15.91,2067.84,"","","",""
RW2,4281,4/21/2024 10:35,16.51,3206.4,"","","",""
RW2,4282,4/21/2024 10:40,16.43,7214.08,"","","",""
RW2,4283,4/21/2024 10:45,16.73,47452.16,"","","",""
RW2,4284,4/21/2024 10:50,16.34,180.24,"","","",""
RW2,4285,4/21/2024 10:55,19.52,15139.84,"","","",""
RW2,4286,4/21/2024 11:00,22.13,101294.08,"","","",""
RW2,4287,4/21/2024 11:05,22.82,73338.88,"","","",""
RW2,4288,4/21/2024 11:10,25.05,115384.32,"","","",""
RW2,4289,4/21/2024 11:15,26.21,81121.28,"","","",""
RW2,4369,4/21/2024 17:55,16.17,10803.2,"","","",""
RW2,4370,4/21/2024 18:00,16.26,11514.88,"","","",""
RW2,4371,4/21/2024 18:05,15.87,5962.24,"","","",""
RW2,4372,4/21/2024 18:10,16.34,4358.4,"","","",""
RW2,4373,4/21/2024 18:15,16.26,2763.52,"","","",""
RW2,4374,4/21/2024 18:20,16.56,3031.04,"","","",""
RW2,4375,4/21/2024 18:25,16.34,34.02,"","","",""
RW2,4376,4/21/2024 18:30,16.39,90.6,"","","",""
RW2,4377,4/21/2024 18:35,16.39,495.2,"","","",""
RW2,4378,4/21/2024 18:40,16.34,12.91,"","","",""
RW2,4379,4/21/2024 18:45,16.3,175.76,"","","",""
RW2,4380,4/21/2024 18:50,16.3,91.56,"","","",""
RW2,4381,4/21/2024 18:55,16.3,31.36,"","","",""
RW2,4382,4/21/2024 19:00,16.3,102.96,"","","",""
RW2,4383,4/21/2024 19:05,16.3,106.56,"","","",""
RW2,4384,4/21/2024 19:10,16.26,3.47,"","","",""
RW2,4385,4/21/2024 19:15,16.26,242.64,"","","",""
RW2,4386,4/21/2024 19:20,16.17,99.48,"","","",""
RW2,4387,4/21/2024 19:25,16.17,53.16,"","","",""
RW2,4388,4/21/2024 19:30,16.13,1.95,"","","",""
RW2,4389,4/21/2024 19:35,16.08,22.43,"","","",""
RW2,4390,4/21/2024 19:40,16.04,0,"","","",""
RW2,4391,4/21/2024 19:45,16.04,0,"","","",""
RW2,4392,4/21/2024 19:50,15.96,0,"","","",""
RW2,4393,4/21/2024 19:55,16,0,"","","",""
RW2,4394,4/21/2024 20:00,15.91,0,"","","",""
RW2,4395,4/21/2024 20:05,15.91,0,"","","",""
RW2,4396,4/21/2024 20:10,15.87,0,"","","",""
RW2,4397,4/21/2024 20:15,15.91,0,"","","",""
RW2,4398,4/21/2024 20:20,15.87,0,"","","",""
RW2,4399,4/21/2024 20:25,15.87,0,"","","",""
RW2,4400,4/21/2024 20:30,15.87,0,"","","",""
RW2,4401,4/21/2024 20:35,15.87,0,"","","",""
RW2,4402,4/21/2024 20:40,15.83,0,"","","",""
RW2,4403,4/21/2024 20:45,15.83,0,"","","",""
RW2,4404,4/21/2024 20:50,15.78,0,"","","",""
RW2,4405,4/21/2024 20:55,15.74,0,"","","",""
RW2,4406,4/21/2024 21:00,15.66,0,"","","",""
RW2,4407,4/21/2024 21:05,15.66,0,"","","",""
RW2,4408,4/21/2024 21:10,15.61,0,"","","",""
RW2,4409,4/21/2024 21:15,15.57,0,"","","",""
RW2,4410,4/21/2024 21:20,15.57,0,"","","",""
RW2,4411,4/21/2024 21:25,15.53,0,"","","",""
RW2,4412,4/21/2024 21:30,15.53,0,"","","",""
RW2,4413,4/21/2024 21:35,15.48,0,"","","",""
RW2,4414,4/21/2024 21:40,15.23,0,"","","",""
RW2,4415,4/21/2024 21:45,15.01,0,"","","",""
RW2,4416,4/21/2024 21:50,15.1,0,"","","",""
RW2,4417,4/21/2024 21:55,15.01,0,"","","",""
RW2,4418,4/21/2024 22:00,15.01,0,"","","",""
RW2,4419,4/21/2024 22:05,15.01,0,"","","",""
RW2,4420,4/21/2024 22:10,14.97,0,"","","",""
RW2,4421,4/21/2024 22:15,14.97,0,"","","",""
RW2,4422,4/21/2024 22:20,15.01,0,"","","",""
RW2,4423,4/21/2024 22:25,15.06,0,"","","",""
RW2,4424,4/21/2024 22:30,14.93,0,"","","",""
RW2,4425,4/21/2024 22:35,14.93,0,"","","",""
RW2,4426,4/21/2024 22:40,14.97,0,"","","",""
RW2,4427,4/21/2024 22:45,14.93,0,"","","",""
RW2,4428,4/21/2024 22:50,14.88,0,"","","",""
RW2,4429,4/21/2024 22:55,14.88,0,"","","",""
RW2,4430,4/21/2024 23:00,14.8,0,"","","",""
RW2,4431,4/21/2024 23:05,14.84,0,"","","",""
RW2,4432,4/21/2024 23:10,14.84,0,"","","",""
RW2,4433,4/21/2024 23:15,14.8,0,"","","",""
RW2,4434,4/21/2024 23:20,14.8,0,"","","",""
RW2,4435,4/21/2024 23:25,14.8,0,"","","",""
RW2,4436,4/21/2024 23:30,14.75,0,"","","",""
RW2,4437,4/21/2024 23:35,14.67,0,"","","",""
RW2,4438,4/21/2024 23:40,14.63,0,"","","",""
RW2,4439,4/21/2024 23:45,14.67,0,"","","",""
RW2,4440,4/21/2024 23:50,14.54,0,"","","",""
RW2,4441,4/21/2024 23:55,14.45,0,"","","",""
RW2,4525,4/22/2024 6:55,13.81,953.28,"","","",""
RW2,4526,4/22/2024 7:00,14.03,1032,"","","",""
RW2,4527,4/22/2024 7:05,13.94,290.56,"","","",""
RW2,4528,4/22/2024 7:10,14.07,1866.24,"","","",""
RW2,4529,4/22/2024 7:15,14.11,1738.88,"","","",""
RW2,4530,4/22/2024 7:20,14.03,802.56,"","","",""
RW2,4531,4/22/2024 7:25,13.98,56.8,"","","",""
RW2,4532,4/22/2024 7:30,14.11,1956.48,"","","",""
RW2,4533,4/22/2024 7:35,14.03,834.56,"","","",""
RW2,4534,4/22/2024 7:40,14.03,519.36,"","","",""
RW2,4535,4/22/2024 7:45,13.98,33.2,"","","",""
RW2,4536,4/22/2024 7:50,13.98,1481.6,"","","",""
RW2,4537,4/22/2024 7:55,13.98,48.44,"","","",""
RW2,4538,4/22/2024 8:00,13.98,3080.96,"","","",""
RW2,4539,4/22/2024 8:05,14.03,165.36,"","","",""
RW2,4540,4/22/2024 8:10,13.98,22.81,"","","",""
RW2,4541,4/22/2024 8:15,14.03,189.2,"","","",""
RW2,4542,4/22/2024 8:20,14.03,116.44,"","","",""
RW2,4543,4/22/2024 8:25,14.03,14.86,"","","",""
RW2,4544,4/22/2024 8:30,14.11,888,"","","",""
RW2,4545,4/22/2024 8:35,14.07,12.5,"","","",""
RW2,4546,4/22/2024 8:40,14.07,291.04,"","","",""
RW2,4547,4/22/2024 8:45,14.11,125.88,"","","",""
RW2,4548,4/22/2024 8:50,14.15,197.6,"","","",""
RW2,4549,4/22/2024 8:55,14.11,566.88,"","","",""
RW2,4550,4/22/2024 9:00,14.15,177.92,"","","",""
RW2,4551,4/22/2024 9:05,14.11,57.56,"","","",""
RW2,4552,4/22/2024 9:10,14.2,112,"","","",""
RW2,4553,4/22/2024 9:15,14.24,6108.16,"","","",""
RW2,4554,4/22/2024 9:20,14.2,33.8,"","","",""
RW2,4555,4/22/2024 9:25,14.2,651.04,"","","",""
RW2,4556,4/22/2024 9:30,14.24,1515.52,"","","",""
RW2,4557,4/22/2024 9:35,14.2,215.68,"","","",""
RW2,4558,4/22/2024 9:40,14.24,464.8,"","","",""
RW2,4559,4/22/2024 9:45,14.24,752,"","","",""
RW2,4560,4/22/2024 9:50,14.33,420.64,"","","",""
RW2,4561,4/22/2024 9:55,14.37,919.36,"","","",""
RW2,4562,4/22/2024 10:00,14.28,2057.6,"","","",""
RW2,4563,4/22/2024 10:05,14.37,2615.04,"","","",""
RW2,4564,4/22/2024 10:10,14.37,35.37,"","","",""
RW2,4565,4/22/2024 10:15,14.41,178.56,"","","",""
RW2,4566,4/22/2024 10:20,14.41,6896.64,"","","",""
RW2,4567,4/22/2024 10:25,14.41,20.53,"","","",""
RW2,4568,4/22/2024 10:30,14.41,1074.56,"","","",""
RW2,4569,4/22/2024 10:35,14.41,3383.04,"","","",""
RW2,4570,4/22/2024 10:40,14.45,920.96,"","","",""
RW2,4571,4/22/2024 10:45,14.37,32.5,"","","",""
RW2,4572,4/22/2024 10:50,14.54,30.49,"","","",""
RW2,4573,4/22/2024 10:55,14.54,186.64,"","","",""
RW2,4574,4/22/2024 11:00,14.58,199.36,"","","",""
RW2,4575,4/22/2024 11:05,14.54,19.5,"","","",""
RW2,4576,4/22/2024 11:10,14.67,70.2,"","","",""
RW2,4577,4/22/2024 11:15,14.71,1953.28,"","","",""
RW2,4578,4/22/2024 11:20,14.84,674.88,"","","",""
RW2,4579,4/22/2024 11:25,15.18,10542.08,"","","",""
RW2,4580,4/22/2024 11:30,15.91,18124.8,"","","",""
RW2,4581,4/22/2024 11:35,15.74,5100.8,"","","",""
RW2,4582,4/22/2024 11:40,16.69,14336,"","","",""
RW2,4583,4/22/2024 11:45,16.34,18216.96,"","","",""
RW2,4584,4/22/2024 11:50,15.36,3056.64,"","","",""
RW2,4585,4/22/2024 11:55,15.27,1790.72,"","","",""
RW2,4657,4/22/2024 17:55,15.48,168.4,"","","",""
RW2,4658,4/22/2024 18:00,15.23,167.52,"","","",""
RW2,4659,4/22/2024 18:05,15.23,704,"","","",""
RW2,4660,4/22/2024 18:10,15.23,1138.88,"","","",""
RW2,4661,4/22/2024 18:15,15.27,1072.96,"","","",""
RW2,4662,4/22/2024 18:20,15.27,801.28,"","","",""
RW2,4663,4/22/2024 18:25,15.27,134.88,"","","",""
RW2,4664,4/22/2024 18:30,15.23,66.68,"","","",""
RW2,4665,4/22/2024 18:35,15.23,41.82,"","","",""
RW2,4666,4/22/2024 18:40,15.18,7.4,"","","",""
RW2,4667,4/22/2024 18:45,15.18,121.44,"","","",""
RW2,4668,4/22/2024 18:50,15.14,0.43,"","","",""
RW2,4669,4/22/2024 18:55,15.14,64.68,"","","",""
RW2,4670,4/22/2024 19:00,15.18,20.51,"","","",""
RW2,4671,4/22/2024 19:05,15.1,16.57,"","","",""
RW2,4672,4/22/2024 19:10,15.1,49.64,"","","",""
RW2,4673,4/22/2024 19:15,15.06,35.7,"","","",""
RW2,4674,4/22/2024 19:20,15.06,8.03,"","","",""
RW2,4675,4/22/2024 19:25,15.06,23.98,"","","",""
RW2,4676,4/22/2024 19:30,15.06,32.23,"","","",""
RW2,4677,4/22/2024 19:35,15.06,0,"","","",""
RW2,4678,4/22/2024 19:40,15.1,0,"","","",""
RW2,4679,4/22/2024 19:45,15.01,0,"","","",""
RW2,4680,4/22/2024 19:50,15.01,0,"","","",""
RW2,4681,4/22/2024 19:55,15.01,0,"","","",""
RW2,4682,4/22/2024 20:00,15.01,0,"","","",""
RW2,4683,4/22/2024 20:05,15.01,0,"","","",""
RW2,4684,4/22/2024 20:10,15.06,0,"","","",""
RW2,4685,4/22/2024 20:15,15.01,0,"","","",""
RW2,4686,4/22/2024 20:20,15.01,0,"","","",""
RW2,4687,4/22/2024 20:25,14.93,0,"","","",""
RW2,4688,4/22/2024 20:30,14.97,0,"","","",""
RW2,4689,4/22/2024 20:35,14.97,0,"","","",""
RW2,4690,4/22/2024 20:40,14.97,0,"","","",""
RW2,4691,4/22/2024 20:45,14.97,0,"","","",""
RW2,4692,4/22/2024 20:50,15.01,0,"","","",""
RW2,4693,4/22/2024 20:55,14.97,0,"","","",""
RW2,4694,4/22/2024 21:00,14.93,0,"","","",""
RW2,4695,4/22/2024 21:05,14.93,0,"","","",""
RW2,4696,4/22/2024 21:10,14.97,0,"","","",""
RW2,4697,4/22/2024 21:15,14.93,0,"","","",""
RW2,4698,4/22/2024 21:20,14.93,0,"","","",""
RW2,4699,4/22/2024 21:25,14.97,0,"","","",""
RW2,4700,4/22/2024 21:30,14.93,0,"","","",""
RW2,4701,4/22/2024 21:35,14.93,0,"","","",""
RW2,4702,4/22/2024 21:40,14.93,0,"","","",""
RW2,4703,4/22/2024 21:45,14.93,0,"","","",""
RW2,4704,4/22/2024 21:50,14.93,0,"","","",""
RW2,4705,4/22/2024 21:55,14.93,0,"","","",""
RW2,4706,4/22/2024 22:00,14.93,0,"","","",""
RW2,4707,4/22/2024 22:05,14.93,0,"","","",""
RW2,4708,4/22/2024 22:10,14.93,0,"","","",""
RW2,4709,4/22/2024 22:15,14.88,0,"","","",""
RW2,4710,4/22/2024 22:20,14.93,0,"","","",""
RW2,4711,4/22/2024 22:25,14.93,0,"","","",""
RW2,4712,4/22/2024 22:30,14.97,0,"","","",""
RW2,4713,4/22/2024 22:35,14.93,0,"","","",""
RW2,4714,4/22/2024 22:40,14.88,0,"","","",""
RW2,4715,4/22/2024 22:45,14.88,0,"","","",""
RW2,4716,4/22/2024 22:50,14.93,0,"","","",""
RW2,4717,4/22/2024 22:55,14.93,0,"","","",""
RW2,4718,4/22/2024 23:00,14.93,0,"","","",""
RW2,4719,4/22/2024 23:05,14.93,0,"","","",""
RW2,4720,4/22/2024 23:10,14.88,0,"","","",""
RW2,4721,4/22/2024 23:15,14.93,0,"","","",""
RW2,4722,4/22/2024 23:20,14.93,0,"","","",""
RW2,4723,4/22/2024 23:25,14.93,0,"","","",""
RW2,4724,4/22/2024 23:30,14.88,0,"","","",""
RW2,4725,4/22/2024 23:35,14.93,0,"","","",""
RW2,4726,4/22/2024 23:40,14.88,0,"","","",""
RW2,4727,4/22/2024 23:45,14.93,0,"","","",""
RW2,4728,4/22/2024 23:50,14.97,0,"","","",""
RW2,4729,4/22/2024 23:55,14.88,0,"","","",""
RW2,4730,4/23/2024 0:00,14.88,0,"","","",""
RW2,4731,4/23/2024 0:05,14.75,0,"","","",""
RW2,4732,4/23/2024 0:10,14.84,0,"","","",""
RW2,4733,4/23/2024 0:15,14.84,0,"","","",""
RW2,4734,4/23/2024 0:20,14.58,0,"","","",""
RW2,4824,4/23/2024 7:50,15.53,14238.72,"","","",""
RW2,4825,4/23/2024 7:55,15.57,9681.92,"","","",""
RW2,4826,4/23/2024 8:00,15.83,10716.16,"","","",""
RW2,4827,4/23/2024 8:05,15.18,207.04,"","","",""
RW2,4828,4/23/2024 8:10,15.31,6604.8,"","","",""
RW2,4829,4/23/2024 8:15,16.26,12687.36,"","","",""
RW2,4830,4/23/2024 8:20,15.61,4399.36,"","","",""
RW2,4831,4/23/2024 8:25,15.74,6423.04,"","","",""
RW2,4832,4/23/2024 8:30,15.53,38.85,"","","",""
RW2,4833,4/23/2024 8:35,15.27,22169.6,"","","",""
RW2,4834,4/23/2024 8:40,15.14,52.68,"","","",""
RW2,4835,4/23/2024 8:45,15.23,29.51,"","","",""
RW2,4836,4/23/2024 8:50,15.27,1831.68,"","","",""
RW2,4837,4/23/2024 8:55,15.23,981.76,"","","",""
RW2,4838,4/23/2024 9:00,15.1,1592.96,"","","",""
RW2,4839,4/23/2024 9:05,15.14,435.04,"","","",""
RW2,4840,4/23/2024 9:10,15.23,847.36,"","","",""
RW2,4841,4/23/2024 9:15,15.27,483.04,"","","",""
RW2,4842,4/23/2024 9:20,15.18,239.04,"","","",""
RW2,4843,4/23/2024 9:25,15.18,2048,"","","",""
RW2,4844,4/23/2024 9:30,15.14,195.52,"","","",""
RW2,4845,4/23/2024 9:35,15.14,984.32,"","","",""
RW2,4846,4/23/2024 9:40,15.18,196.64,"","","",""
RW2,4847,4/23/2024 9:45,15.27,253.28,"","","",""
RW2,4848,4/23/2024 9:50,15.36,50.3,"","","",""
RW2,4849,4/23/2024 9:55,15.23,247.44,"","","",""
RW2,4850,4/23/2024 10:00,15.18,370.72,"","","",""
RW2,4851,4/23/2024 10:05,15.27,109.28,"","","",""
RW2,4852,4/23/2024 10:10,15.31,63.36,"","","",""
RW2,4853,4/23/2024 10:15,15.53,1096.32,"","","",""
RW2,4854,4/23/2024 10:20,15.53,2347.52,"","","",""
RW2,4855,4/23/2024 10:25,15.4,72.48,"","","",""
RW2,4856,4/23/2024 10:30,15.66,2071.04,"","","",""
RW2,4857,4/23/2024 10:35,15.57,359.84,"","","",""
RW2,4858,4/23/2024 10:40,16.3,2982.4,"","","",""
RW2,4859,4/23/2024 10:45,15.7,1037.44,"","","",""
RW2,4860,4/23/2024 10:50,16.04,16179.2,"","","",""
RW2,4861,4/23/2024 10:55,15.87,728.64,"","","",""
RW2,4862,4/23/2024 11:00,16.17,523.52,"","","",""
RW2,4863,4/23/2024 11:05,17.11,2131.84,"","","",""
RW2,4864,4/23/2024 11:10,17.41,9313.28,"","","",""
RW2,4865,4/23/2024 11:15,16.77,428,"","","",""
RW2,4866,4/23/2024 11:20,17.67,2106.24,"","","",""
RW2,4867,4/23/2024 11:25,20.07,74506.24,"","","",""
RW2,4868,4/23/2024 11:30,17.93,370.4,"","","",""
RW2,4869,4/23/2024 11:35,21.49,119275.52,"","","",""
RW2,4870,4/23/2024 11:40,23.55,94904.32,"","","",""
RW2,4871,4/23/2024 11:45,18.57,13194.24,"","","",""
RW2,4872,4/23/2024 11:50,24.32,91955.2,"","","",""
RW2,4873,4/23/2024 11:55,18.96,9868.8,"","","",""
RW2,4874,4/23/2024 12:00,25.65,75120.64,"","","",""
RW2,4875,4/23/2024 12:05,22.18,25272.32,"","","",""
RW2,4876,4/23/2024 12:10,24.49,55705.6,"","","",""
RW2,4877,4/23/2024 12:15,24.49,56320,"","","",""
RW2,4948,4/23/2024 18:10,15.01,8312.32,"","","",""
RW2,4949,4/23/2024 18:15,14.8,7951.36,"","","",""
RW2,4950,4/23/2024 18:20,15.36,3239.68,"","","",""
RW2,4951,4/23/2024 18:25,15.18,7464.96,"","","",""
RW2,4952,4/23/2024 18:30,15.7,1140.8,"","","",""
RW2,4953,4/23/2024 18:35,15.91,28.59,"","","",""
RW2,4954,4/23/2024 18:40,16.13,2404.48,"","","",""
RW2,4955,4/23/2024 18:45,16.08,1444.48,"","","",""
RW2,4956,4/23/2024 18:50,16.04,1269.12,"","","",""
RW2,4957,4/23/2024 18:55,16.08,621.12,"","","",""
RW2,4958,4/23/2024 19:00,16.08,1270.08,"","","",""
RW2,4959,4/23/2024 19:05,16.04,144.12,"","","",""
RW2,4960,4/23/2024 19:10,16.04,49.74,"","","",""
RW2,4961,4/23/2024 19:15,16,27.29,"","","",""
RW2,4962,4/23/2024 19:20,15.96,37.6,"","","",""
RW2,4963,4/23/2024 19:25,15.91,102.12,"","","",""
RW2,4964,4/23/2024 19:30,15.96,126.52,"","","",""
RW2,4965,4/23/2024 19:35,15.91,122.96,"","","",""
RW2,4966,4/23/2024 19:40,15.78,0.21,"","","",""
RW2,4967,4/23/2024 19:45,15.78,3.25,"","","",""
RW2,4968,4/23/2024 19:50,15.74,0,"","","",""
RW2,4969,4/23/2024 19:55,15.7,0,"","","",""
RW2,4970,4/23/2024 20:00,15.66,0,"","","",""
RW2,4971,4/23/2024 20:05,15.61,0,"","","",""
RW2,4972,4/23/2024 20:10,15.57,0,"","","",""
RW2,4973,4/23/2024 20:15,15.44,0,"","","",""
RW2,4974,4/23/2024 20:20,15.53,0,"","","",""
RW2,4975,4/23/2024 20:25,15.44,0,"","","",""
RW2,4976,4/23/2024 20:30,15.44,0,"","","",""
RW2,4977,4/23/2024 20:35,15.36,0,"","","",""
RW2,4978,4/23/2024 20:40,15.31,0,"","","",""
RW2,4979,4/23/2024 20:45,15.31,0,"","","",""
RW2,4980,4/23/2024 20:50,15.31,0,"","","",""
RW2,4981,4/23/2024 20:55,15.23,0,"","","",""
RW2,4982,4/23/2024 21:00,15.18,0,"","","",""
RW2,4983,4/23/2024 21:05,15.23,0,"","","",""
RW2,4984,4/23/2024 21:10,15.18,0,"","","",""
RW2,4985,4/23/2024 21:15,15.14,0,"","","",""
RW2,4986,4/23/2024 21:20,15.1,0,"","","",""
RW2,4987,4/23/2024 21:25,15.1,0,"","","",""
RW2,4988,4/23/2024 21:30,15.06,0,"","","",""
RW2,4989,4/23/2024 21:35,15.01,0,"","","",""
RW2,4990,4/23/2024 21:40,15.06,0,"","","",""
RW2,4991,4/23/2024 21:45,14.97,0,"","","",""
RW2,4992,4/23/2024 21:50,14.93,0,"","","",""
RW2,4993,4/23/2024 21:55,14.88,0,"","","",""
RW2,4994,4/23/2024 22:00,14.88,0,"","","",""
RW2,4995,4/23/2024 22:05,14.88,0,"","","",""
RW2,4996,4/23/2024 22:10,14.8,0,"","","",""
RW2,4997,4/23/2024 22:15,14.75,0,"","","",""
RW2,4998,4/23/2024 22:20,14.75,0,"","","",""
RW2,4999,4/23/2024 22:25,14.75,0,"","","",""
RW2,5000,4/23/2024 22:30,14.71,0,"","","",""
RW2,5001,4/23/2024 22:35,14.63,0,"","","",""
RW2,5002,4/23/2024 22:40,14.63,0,"","","",""
RW2,5003,4/23/2024 22:45,14.67,0,"","","",""
RW2,5004,4/23/2024 22:50,14.63,0,"","","",""
RW2,5005,4/23/2024 22:55,14.63,0,"","","",""
RW2,5006,4/23/2024 23:00,14.5,0,"","","",""
RW2,5007,4/23/2024 23:05,14.54,0,"","","",""
RW2,5008,4/23/2024 23:10,14.54,0,"","","",""
RW2,5009,4/23/2024 23:15,14.54,0,"","","",""
RW2,5010,4/23/2024 23:20,14.5,0,"","","",""
RW2,5011,4/23/2024 23:25,14.5,0,"","","",""
RW2,5012,4/23/2024 23:30,14.5,0,"","","",""
RW2,5013,4/23/2024 23:35,14.5,0,"","","",""
RW2,5014,4/23/2024 23:40,14.41,0,"","","",""
RW2,5015,4/23/2024 23:45,14.41,0,"","","",""
RW2,5016,4/23/2024 23:50,14.45,0,"","","",""
RW2,5017,4/23/2024 23:55,14.41,0,"","","",""
RW2,5018,4/24/2024 0:00,14.37,0,"","","",""
RW2,5019,4/24/2024 0:05,14.37,0,"","","",""
RW2,5020,4/24/2024 0:10,14.33,0,"","","",""
RW2,5021,4/24/2024 0:15,14.33,0,"","","",""
RW2,5022,4/24/2024 0:20,14.28,0,"","","",""
RW2,5023,4/24/2024 0:25,14.28,0,"","","",""
RW2,5024,4/24/2024 0:30,14.15,0,"","","",""
RW2,5025,4/24/2024 0:35,13.9,0,"","","",""
RW2,5026,4/24/2024 0:40,13.68,0,"","","",""
RW2,5027,4/24/2024 0:45,13.21,0,"","","",""
RW2,5124,4/24/2024 8:50,23.21,52756.48,"","","",""
RW2,5125,4/24/2024 8:55,19.82,23285.76,"","","",""
RW2,5126,4/24/2024 9:00,18.83,12467.2,"","","",""
RW2,5127,4/24/2024 9:05,20.55,37765.12,"","","",""
RW2,5128,4/24/2024 9:10,19.13,1207.68,"","","",""
RW2,5129,4/24/2024 9:15,17.63,25733.12,"","","",""
RW2,5130,4/24/2024 9:20,19.22,26419.2,"","","",""
RW2,5131,4/24/2024 9:25,16.6,20541.44,"","","",""
RW2,5132,4/24/2024 9:30,15.78,20853.76,"","","",""
RW2,5133,4/24/2024 9:35,16.47,49418.24,"","","",""
RW2,5134,4/24/2024 9:40,16.43,1944.32,"","","",""
RW2,5135,4/24/2024 9:45,15.7,343.04,"","","",""
RW2,5136,4/24/2024 9:50,15.87,24207.36,"","","",""
RW2,5137,4/24/2024 9:55,15.57,1025.28,"","","",""
RW2,5138,4/24/2024 10:00,15.57,50647.04,"","","",""
RW2,5139,4/24/2024 10:05,15.31,365.6,"","","",""
RW2,5140,4/24/2024 10:10,15.53,1365.12,"","","",""
RW2,5141,4/24/2024 10:15,16.13,1374.72,"","","",""
RW2,5142,4/24/2024 10:20,15.66,4986.88,"","","",""
RW2,5143,4/24/2024 10:25,15.44,903.68,"","","",""
RW2,5144,4/24/2024 10:30,15.53,16972.8,"","","",""
RW2,5145,4/24/2024 10:35,15.57,2187.52,"","","",""
RW2,5146,4/24/2024 10:40,16.43,5212.16,"","","",""
RW2,5147,4/24/2024 10:45,15.83,286.88,"","","",""
RW2,5148,4/24/2024 10:50,15.87,9536,"","","",""
RW2,5149,4/24/2024 10:55,15.83,3892.48,"","","",""
RW2,5150,4/24/2024 11:00,16.51,4579.84,"","","",""
RW2,5151,4/24/2024 11:05,16.34,10257.92,"","","",""
RW2,5152,4/24/2024 11:10,17.03,43479.04,"","","",""
RW2,5153,4/24/2024 11:15,15.61,565.92,"","","",""
RW2,5154,4/24/2024 11:20,16.56,2616.32,"","","",""
RW2,5155,4/24/2024 11:25,19.69,1399.04,"","","",""
RW2,5156,4/24/2024 11:30,16.47,3746.56,"","","",""
RW2,5157,4/24/2024 11:35,16.56,567.36,"","","",""
RW2,5158,4/24/2024 11:40,17.41,7715.84,"","","",""
RW2,5159,4/24/2024 11:45,22.31,106209.28,"","","",""
RW2,5160,4/24/2024 11:50,19.9,3133.44,"","","",""
RW2,5161,4/24/2024 11:55,21.36,97239.04,"","","",""
RW2,5162,4/24/2024 12:00,19,61419.52,"","","",""
RW2,5163,4/24/2024 12:05,22.91,33013.76,"","","",""
RW2,5164,4/24/2024 12:10,21.79,65249.28,"","","",""
RW2,5165,4/24/2024 12:15,25.82,86917.12,"","","",""
RW2,5166,4/24/2024 12:20,26.55,102891.52,"","","",""
RW2,5167,4/24/2024 12:25,27.58,110182.4,"","","",""
RW2,5168,4/24/2024 12:30,28.7,109240.32,"","","",""
RW2,5169,4/24/2024 12:35,29.26,109117.44,"","","",""
RW2,5239,4/24/2024 18:25,14.33,7168,"","","",""
RW2,5240,4/24/2024 18:30,14.24,6750.72,"","","",""
RW2,5241,4/24/2024 18:35,14.75,6627.84,"","","",""
RW2,5242,4/24/2024 18:40,15.23,4225.28,"","","",""
RW2,5243,4/24/2024 18:45,15.27,286.88,"","","",""
RW2,5244,4/24/2024 18:50,15.31,1230.08,"","","",""
RW2,5245,4/24/2024 18:55,15.31,689.6,"","","",""
RW2,5246,4/24/2024 19:00,15.4,163.84,"","","",""
RW2,5247,4/24/2024 19:05,15.4,277.6,"","","",""
RW2,5248,4/24/2024 19:10,15.4,142.36,"","","",""
RW2,5249,4/24/2024 19:15,15.36,154.52,"","","",""
RW2,5250,4/24/2024 19:20,15.36,39.47,"","","",""
RW2,5251,4/24/2024 19:25,15.36,180.56,"","","",""
RW2,5252,4/24/2024 19:30,15.31,36.57,"","","",""
RW2,5253,4/24/2024 19:35,15.31,65,"","","",""
RW2,5254,4/24/2024 19:40,15.31,7.16,"","","",""
RW2,5255,4/24/2024 19:45,15.31,16.3,"","","",""
RW2,5256,4/24/2024 19:50,15.23,0,"","","",""
RW2,5257,4/24/2024 19:55,15.23,1.3,"","","",""
RW2,5258,4/24/2024 20:00,15.18,0,"","","",""
RW2,5259,4/24/2024 20:05,15.18,0,"","","",""
RW2,5260,4/24/2024 20:10,15.18,0,"","","",""
RW2,5261,4/24/2024 20:15,15.14,0,"","","",""
RW2,5262,4/24/2024 20:20,15.06,0,"","","",""
RW2,5263,4/24/2024 20:25,15.06,0,"","","",""
RW2,5264,4/24/2024 20:30,15.06,0,"","","",""
RW2,5265,4/24/2024 20:35,14.97,0,"","","",""
RW2,5266,4/24/2024 20:40,14.93,0,"","","",""
RW2,5267,4/24/2024 20:45,14.88,0,"","","",""
RW2,5268,4/24/2024 20:50,14.88,0,"","","",""
RW2,5269,4/24/2024 20:55,14.84,0,"","","",""
RW2,5270,4/24/2024 21:00,14.84,0,"","","",""
RW2,5271,4/24/2024 21:05,14.8,0,"","","",""
RW2,5272,4/24/2024 21:10,14.75,0,"","","",""
RW2,5273,4/24/2024 21:15,14.71,0,"","","",""
RW2,5274,4/24/2024 21:20,14.67,0,"","","",""
RW2,5275,4/24/2024 21:25,14.67,0,"","","",""
RW2,5276,4/24/2024 21:30,14.63,0,"","","",""
RW2,5277,4/24/2024 21:35,14.63,0,"","","",""
RW2,5278,4/24/2024 21:40,14.58,0,"","","",""
RW2,5279,4/24/2024 21:45,14.58,0,"","","",""
RW2,5280,4/24/2024 21:50,14.45,0,"","","",""
RW2,5281,4/24/2024 21:55,14.41,0,"","","",""
RW2,5282,4/24/2024 22:00,14.41,0,"","","",""
RW2,5283,4/24/2024 22:05,14.41,0,"","","",""
RW2,5284,4/24/2024 22:10,14.41,0,"","","",""
RW2,5285,4/24/2024 22:15,14.37,0,"","","",""
RW2,5286,4/24/2024 22:20,14.33,0,"","","",""
RW2,5287,4/24/2024 22:25,14.28,0,"","","",""
RW2,5288,4/24/2024 22:30,14.28,0,"","","",""
RW2,5289,4/24/2024 22:35,14.2,0,"","","",""
RW2,5290,4/24/2024 22:40,14.2,0,"","","",""
RW2,5291,4/24/2024 22:45,14.2,0,"","","",""
RW2,5292,4/24/2024 22:50,14.2,0,"","","",""
RW2,5293,4/24/2024 22:55,14.2,0,"","","",""
RW2,5294,4/24/2024 23:00,14.2,0,"","","",""
RW2,5295,4/24/2024 23:05,14.24,0,"","","",""
RW2,5296,4/24/2024 23:10,14.24,0,"","","",""
RW2,5297,4/24/2024 23:15,14.2,0,"","","",""
RW2,5298,4/24/2024 23:20,14.15,0,"","","",""
RW2,5299,4/24/2024 23:25,14.15,0,"","","",""
RW2,5300,4/24/2024 23:30,14.15,0,"","","",""
RW2,5301,4/24/2024 23:35,14.15,0,"","","",""
RW2,5302,4/24/2024 23:40,14.15,0,"","","",""
RW2,5303,4/24/2024 23:45,14.15,0,"","","",""
RW2,5304,4/24/2024 23:50,14.15,0,"","","",""
RW2,5305,4/24/2024 23:55,14.15,0,"","","",""
RW2,5306,4/25/2024 0:00,14.2,0,"","","",""
RW2,5307,4/25/2024 0:05,14.2,0,"","","",""
RW2,5308,4/25/2024 0:10,14.15,0,"","","",""
RW2,5309,4/25/2024 0:15,14.15,0,"","","",""
RW2,5310,4/25/2024 0:20,14.15,0,"","","",""
RW2,5311,4/25/2024 0:25,14.11,0,"","","",""
RW2,5312,4/25/2024 0:30,14.11,0,"","","",""
RW2,5313,4/25/2024 0:35,14.07,0,"","","",""
RW2,5314,4/25/2024 0:40,14.07,0,"","","",""
RW2,5315,4/25/2024 0:45,13.94,0,"","","",""
RW2,5316,4/25/2024 0:50,13.77,0,"","","",""
RW2,5317,4/25/2024 0:55,13.43,0,"","","",""
RW2,5318,4/25/2024 1:00,13.38,0,"","","",""
RW2,5319,4/25/2024 1:05,13.38,0,"","","",""
RW2,5425,4/25/2024 9:55,14.71,3687.68,"","","",""
RW2,5426,4/25/2024 10:00,14.8,4538.88,"","","",""
RW2,5427,4/25/2024 10:05,15.31,5524.48,"","","",""
RW2,5428,4/25/2024 10:10,14.97,11555.84,"","","",""
RW2,5429,4/25/2024 10:15,15.31,21544.96,"","","",""
RW2,5430,4/25/2024 10:20,15.14,18570.24,"","","",""
RW2,5431,4/25/2024 10:25,15.48,25016.32,"","","",""
RW2,5432,4/25/2024 10:30,15.96,19870.72,"","","",""
RW2,5433,4/25/2024 10:35,17.03,32112.64,"","","",""
RW2,5434,4/25/2024 10:40,16.47,24780.8,"","","",""
RW2,5435,4/25/2024 10:45,16.64,20776.96,"","","",""
RW2,5436,4/25/2024 10:50,16.9,32276.48,"","","",""
RW2,5437,4/25/2024 10:55,15.31,5406.72,"","","",""
RW2,5438,4/25/2024 11:00,15.14,38727.68,"","","",""
RW2,5439,4/25/2024 11:05,15.18,12876.8,"","","",""
RW2,5440,4/25/2024 11:10,15.27,18216.96,"","","",""
RW2,5441,4/25/2024 11:15,15.14,655.36,"","","",""
RW2,5442,4/25/2024 11:20,16.3,24545.28,"","","",""
RW2,5443,4/25/2024 11:25,17.54,21309.44,"","","",""
RW2,5444,4/25/2024 11:30,20.59,97566.72,"","","",""
RW2,5445,4/25/2024 11:35,14.97,1675.52,"","","",""
RW2,5446,4/25/2024 11:40,16.3,4079.36,"","","",""
RW2,5447,4/25/2024 11:45,23.29,92037.12,"","","",""
RW2,5448,4/25/2024 11:50,22.48,40181.76,"","","",""
RW2,5449,4/25/2024 11:55,17.93,1688.96,"","","",""
RW2,5450,4/25/2024 12:00,18.53,27310.08,"","","",""
RW2,5451,4/25/2024 12:05,22.56,52613.12,"","","",""
RW2,5452,4/25/2024 12:10,26.6,113909.76,"","","",""
RW2,5453,4/25/2024 12:15,25.22,110878.72,"","","",""
RW2,5454,4/25/2024 12:20,24.41,37345.28,"","","",""
RW2,5455,4/25/2024 12:25,23.76,54661.12,"","","",""
RW2,5456,4/25/2024 12:30,25.18,111083.52,"","","",""
RW2,5457,4/25/2024 12:35,25.69,77557.76,"","","",""
RW2,5458,4/25/2024 12:40,24.97,100188.16,"","","",""
RW2,5459,4/25/2024 12:45,23.81,92405.76,"","","",""
RW2,5460,4/25/2024 12:50,26.9,96092.16,"","","",""
RW2,5529,4/25/2024 18:35,14.41,6579.2,"","","",""
RW2,5530,4/25/2024 18:40,14.41,4476.16,"","","",""
RW2,5531,4/25/2024 18:45,14.75,5736.96,"","","",""
RW2,5532,4/25/2024 18:50,14.84,802.88,"","","",""
RW2,5533,4/25/2024 18:55,14.93,1907.84,"","","",""
RW2,5534,4/25/2024 19:00,14.97,231.76,"","","",""
RW2,5535,4/25/2024 19:05,14.84,61.86,"","","",""
RW2,5536,4/25/2024 19:10,14.97,892.8,"","","",""
RW2,5537,4/25/2024 19:15,14.93,24.47,"","","",""
RW2,5538,4/25/2024 19:20,14.88,184.24,"","","",""
RW2,5539,4/25/2024 19:25,14.88,47.3,"","","",""
RW2,5540,4/25/2024 19:30,14.88,42.8,"","","",""
RW2,5541,4/25/2024 19:35,14.84,11.09,"","","",""
RW2,5542,4/25/2024 19:40,14.8,15.87,"","","",""
RW2,5543,4/25/2024 19:45,14.75,26.56,"","","",""
RW2,5544,4/25/2024 19:50,14.8,0,"","","",""
RW2,5545,4/25/2024 19:55,14.8,0,"","","",""
RW2,5546,4/25/2024 20:00,14.71,0,"","","",""
RW2,5547,4/25/2024 20:05,14.67,0,"","","",""
RW2,5548,4/25/2024 20:10,14.58,0,"","","",""
RW2,5549,4/25/2024 20:15,14.58,0,"","","",""
RW2,5550,4/25/2024 20:20,14.63,0,"","","",""
RW2,5551,4/25/2024 20:25,14.63,0,"","","",""
RW2,5552,4/25/2024 20:30,14.63,0,"","","",""
RW2,5553,4/25/2024 20:35,14.54,0,"","","",""
RW2,5554,4/25/2024 20:40,14.45,0,"","","",""
RW2,5555,4/25/2024 20:45,14.54,0,"","","",""
RW2,5556,4/25/2024 20:50,14.45,0,"","","",""
RW2,5557,4/25/2024 20:55,14.54,0,"","","",""
RW2,5558,4/25/2024 21:00,14.58,0,"","","",""
RW2,5559,4/25/2024 21:05,14.58,0,"","","",""
RW2,5560,4/25/2024 21:10,14.5,0,"","","",""
RW2,5561,4/25/2024 21:15,14.37,0,"","","",""
RW2,5562,4/25/2024 21:20,14.45,0,"","","",""
RW2,5563,4/25/2024 21:25,14.37,0,"","","",""
RW2,5564,4/25/2024 21:30,14.45,0,"","","",""
RW2,5565,4/25/2024 21:35,14.5,0,"","","",""
RW2,5566,4/25/2024 21:40,14.5,0,"","","",""
RW2,5567,4/25/2024 21:45,14.5,0,"","","",""
RW2,5568,4/25/2024 21:50,14.45,0,"","","",""
RW2,5569,4/25/2024 21:55,14.28,0,"","","",""
RW2,5570,4/25/2024 22:00,14.07,0,"","","",""
RW2,5571,4/25/2024 22:05,14.15,0,"","","",""
RW2,5572,4/25/2024 22:10,14.28,0,"","","",""
RW2,5573,4/25/2024 22:15,14.41,0,"","","",""
RW2,5574,4/25/2024 22:20,14.37,0,"","","",""
RW2,5575,4/25/2024 22:25,14.24,0,"","","",""
RW2,5576,4/25/2024 22:30,14.24,0,"","","",""
RW2,5577,4/25/2024 22:35,14.28,0,"","","",""
RW2,5578,4/25/2024 22:40,14.33,0,"","","",""
RW2,5579,4/25/2024 22:45,14.07,0,"","","",""
RW2,5580,4/25/2024 22:50,14.15,0,"","","",""
RW2,5581,4/25/2024 22:55,14.11,0,"","","",""
RW2,5582,4/25/2024 23:00,14.07,0,"","","",""
RW2,5583,4/25/2024 23:05,14.07,0,"","","",""
RW2,5584,4/25/2024 23:10,14.03,0,"","","",""
RW2,5585,4/25/2024 23:15,14.03,0,"","","",""
RW2,5586,4/25/2024 23:20,14.11,0,"","","",""
RW2,5587,4/25/2024 23:25,14.07,0,"","","",""
RW2,5588,4/25/2024 23:30,14.03,0,"","","",""
RW2,5589,4/25/2024 23:35,13.98,0,"","","",""
RW2,5590,4/25/2024 23:40,14.03,0,"","","",""
RW2,5591,4/25/2024 23:45,14.03,0,"","","",""
RW2,5592,4/25/2024 23:50,13.98,0,"","","",""
RW2,5593,4/25/2024 23:55,13.94,0,"","","",""
RW2,5594,4/26/2024 0:00,13.98,0,"","","",""
RW2,5595,4/26/2024 0:05,13.94,0,"","","",""
RW2,5596,4/26/2024 0:10,14.03,0,"","","",""
RW2,5597,4/26/2024 0:15,14.03,0,"","","",""
RW2,5598,4/26/2024 0:20,14.03,0,"","","",""
RW2,5599,4/26/2024 0:25,14.03,0,"","","",""
RW2,5600,4/26/2024 0:30,13.98,0,"","","",""
RW2,5601,4/26/2024 0:35,14.03,0,"","","",""
RW2,5602,4/26/2024 0:40,14.03,0,"","","",""
RW2,5603,4/26/2024 0:45,13.98,0,"","","",""
RW2,5604,4/26/2024 0:50,13.98,0,"","","",""
RW2,5605,4/26/2024 0:55,13.98,0,"","","",""
RW2,5606,4/26/2024 1:00,13.98,0,"","","",""
RW2,5607,4/26/2024 1:05,13.98,0,"","","",""
RW2,5608,4/26/2024 1:10,13.98,0,"","","",""
RW2,5609,4/26/2024 1:15,13.94,0,"","","",""
RW2,5610,4/26/2024 1:20,13.94,0,"","","",""
RW2,5611,4/26/2024 1:25,13.81,0,"","","",""
RW2,5612,4/26/2024 1:30,13.77,0,"","","",""
RW2,5613,4/26/2024 1:35,13.51,0,"","","",""
RW2,1,4/27/2024 8:55,29.94,65576.96,"","","",""
RW2,2,4/27/2024 9:00,34.06,66723.84,"","","",""
RW2,3,4/27/2024 9:05,36.08,67768.32,"","","",""
RW2,4,4/27/2024 9:10,37.49,68997.12,"","","",""
RW2,5,4/27/2024 9:15,38.18,70123.52,"","","",""
RW2,6,4/27/2024 9:20,38.65,71188.48,"","","",""
RW2,7,4/27/2024 9:25,39.34,72417.28,"","","",""
RW2,8,4/27/2024 9:30,39.29,73502.72,"","","",""
RW2,9,4/27/2024 9:35,39.72,74649.6,"","","",""
RW2,10,4/27/2024 9:40,40.5,75632.64,"","","",""
RW2,11,4/27/2024 9:45,40.8,76615.68,"","","",""
RW2,12,4/27/2024 9:50,41.27,77496.32,"","","",""
RW2,13,4/27/2024 9:55,41.61,78499.84,"","","",""
RW2,14,4/27/2024 10:00,42.38,79257.6,"","","",""
RW2,15,4/27/2024 10:05,42.51,80035.84,"","","",""
RW2,16,4/27/2024 10:10,42.51,80793.6,"","","",""
RW2,17,4/27/2024 10:15,42.51,81510.4,"","","",""
RW2,18,4/27/2024 10:20,42.77,82288.64,"","","",""
RW2,19,4/27/2024 10:25,42.98,83046.4,"","","",""
RW2,20,4/27/2024 10:30,42.81,83968,"","","",""
RW2,21,4/27/2024 10:35,42.73,84418.56,"","","",""
RW2,22,4/27/2024 10:40,42.64,84951.04,"","","",""
RW2,23,4/27/2024 10:45,42.6,85565.44,"","","",""
RW2,24,4/27/2024 10:50,42.6,86138.88,"","","",""
RW2,25,4/27/2024 10:55,42.51,86712.32,"","","",""
RW2,26,4/27/2024 11:00,42.38,87285.76,"","","",""
RW2,27,4/27/2024 11:05,42.77,87408.64,"","","",""
RW2,28,4/27/2024 11:10,42.43,87859.2,"","","",""
RW2,29,4/27/2024 11:15,42.17,88186.88,"","","",""
RW2,30,4/27/2024 11:20,42.3,88801.28,"","","",""
RW2,31,4/27/2024 11:25,41.7,88883.2,"","","",""
RW2,32,4/27/2024 11:30,40.97,89169.92,"","","",""
RW2,33,4/27/2024 11:35,40.54,89456.64,"","","",""
RW2,34,4/27/2024 11:40,40.15,89743.36,"","","",""
RW2,35,4/27/2024 11:45,39.72,89743.36,"","","",""
RW2,36,4/27/2024 11:50,39.25,90112,"","","",""
RW2,37,4/27/2024 11:55,37.75,89784.32,"","","",""
RW2,38,4/27/2024 12:00,36.55,89784.32,"","","",""
RW2,39,4/27/2024 12:05,34.75,89825.28,"","","",""
RW2,40,4/27/2024 12:10,33.67,89661.44,"","","",""
RW2,41,4/27/2024 12:15,33.63,89333.76,"","","",""
RW2,42,4/27/2024 12:20,33.63,89251.84,"","","",""
RW2,43,4/27/2024 12:25,34.02,88965.12,"","","",""
RW2,44,4/27/2024 12:30,33.85,88760.32,"","","",""
RW2,45,4/27/2024 12:35,29.86,85893.12,"","","",""
RW2,46,4/27/2024 12:40,27.75,85442.56,"","","",""
RW2,47,4/27/2024 12:45,27.24,85524.48,"","","",""
RW2,48,4/27/2024 12:50,28.91,85319.68,"","","",""
RW2,49,4/27/2024 12:55,29.26,85401.6,"","","",""
RW2,50,4/27/2024 13:00,29.26,85073.92,"","","",""
RW2,51,4/27/2024 13:05,28.4,84787.2,"","","",""
RW2,52,4/27/2024 13:10,30.67,83886.08,"","","",""
RW2,53,4/27/2024 13:15,28.4,82124.8,"","","",""
RW2,54,4/27/2024 13:20,29.68,81100.8,"","","",""
RW2,55,4/27/2024 13:25,30.41,80773.12,"","","",""
RW2,56,4/27/2024 13:30,31.1,80035.84,"","","",""
RW2,57,4/27/2024 13:35,31.79,78950.4,"","","",""
RW2,58,4/27/2024 13:40,30.37,78725.12,"","","",""
RW2,59,4/27/2024 13:45,31.1,77885.44,"","","",""
RW2,60,4/27/2024 13:50,28.48,77025.28,"","","",""
RW2,61,4/27/2024 13:55,29.9,76206.08,"","","",""
RW2,62,4/27/2024 14:00,30.8,75100.16,"","","",""
RW2,63,4/27/2024 14:05,31.36,74506.24,"","","",""
RW2,64,4/27/2024 14:10,31.7,73973.76,"","","",""
RW2,65,4/27/2024 14:15,31.96,73175.04,"","","",""
RW2,66,4/27/2024 14:20,32.04,71925.76,"","","",""
RW2,67,4/27/2024 14:25,32.09,67194.88,"","","",""
RW2,68,4/27/2024 14:30,32.22,69038.08,"","","",""
RW2,69,4/27/2024 14:35,32.22,67952.64,"","","",""
RW2,70,4/27/2024 14:40,32.47,66682.88,"","","",""
RW2,71,4/27/2024 14:45,32.52,65310.72,"","","",""
RW2,72,4/27/2024 14:50,32.64,64040.96,"","","",""
RW2,73,4/27/2024 14:55,32.6,62545.92,"","","",""
RW2,74,4/27/2024 15:00,32.56,61235.2,"","","",""
RW2,75,4/27/2024 15:05,32.39,59863.04,"","","",""
RW2,76,4/27/2024 15:10,32.09,43089.92,"","","",""
RW2,77,4/27/2024 15:15,32,57118.72,"","","",""
RW2,78,4/27/2024 15:20,31.66,55664.64,"","","",""
RW2,79,4/27/2024 15:25,31.92,54149.12,"","","",""
RW2,80,4/27/2024 15:30,32,52674.56,"","","",""
RW2,81,4/27/2024 15:35,32.69,50974.72,"","","",""
RW2,82,4/27/2024 15:40,32.94,49336.32,"","","",""
RW2,83,4/27/2024 15:45,33.07,47882.24,"","","",""
RW2,84,4/27/2024 15:50,33.07,46428.16,"","","",""
RW2,85,4/27/2024 15:55,32.73,44974.08,"","","",""
RW2,86,4/27/2024 16:00,31.92,43479.04,"","","",""
RW2,87,4/27/2024 16:05,31.83,42127.36,"","","",""
RW2,88,4/27/2024 16:10,31.74,40591.36,"","","",""
RW2,89,4/27/2024 16:15,31.57,39270.4,"","","",""
RW2,90,4/27/2024 16:20,31.4,37969.92,"","","",""
RW2,91,4/27/2024 16:25,31.01,36515.84,"","","",""
RW2,92,4/27/2024 16:30,30.8,35205.12,"","","",""
RW2,93,4/27/2024 16:35,30.54,33792,"","","",""
RW2,94,4/27/2024 16:40,30.24,32471.04,"","","",""
RW2,95,4/27/2024 16:45,30.2,31047.68,"","","",""
RW2,96,4/27/2024 16:50,30.24,29655.04,"","","",""
RW2,97,4/27/2024 16:55,29.98,28211.2,"","","",""
RW2,98,4/27/2024 17:00,29.47,26798.08,"","","",""
RW2,99,4/27/2024 17:05,28.61,33863.68,"","","",""
RW2,100,4/27/2024 17:10,27.37,31856.64,"","","",""
RW2,101,4/27/2024 17:15,26.25,30013.44,"","","",""
RW2,102,4/27/2024 17:20,25.74,28200.96,"","","",""
RW2,103,4/27/2024 17:25,25.14,26378.24,"","","",""
RW2,104,4/27/2024 17:30,24.97,22026.24,"","","",""
RW2,105,4/27/2024 17:35,21.15,6085.12,"","","",""
RW2,106,4/27/2024 17:40,18.53,5905.92,"","","",""
RW2,107,4/27/2024 17:45,17.59,5281.28,"","","",""
RW2,108,4/27/2024 17:50,16.6,5616.64,"","","",""
RW2,109,4/27/2024 17:55,16.13,5496.32,"","","",""
RW2,110,4/27/2024 18:00,15.83,5396.48,"","","",""
RW2,111,4/27/2024 18:05,15.53,5294.08,"","","",""
RW2,112,4/27/2024 18:10,15.31,5132.8,"","","",""
RW2,113,4/27/2024 18:15,15.1,4986.88,"","","",""
RW2,114,4/27/2024 18:20,14.97,4823.04,"","","",""
RW2,115,4/27/2024 18:25,14.8,4651.52,"","","",""
RW2,116,4/27/2024 18:30,14.67,4487.68,"","","",""
RW2,117,4/27/2024 18:35,14.41,4285.44,"","","",""
RW2,118,4/27/2024 18:40,14.28,4062.72,"","","",""
RW2,119,4/27/2024 18:45,14.15,3824.64,"","","",""
RW2,120,4/27/2024 18:50,14.15,3491.84,"","","",""
RW2,121,4/27/2024 18:55,14.07,3196.16,"","","",""
RW2,122,4/27/2024 19:00,14.03,2868.48,"","","",""
RW2,123,4/27/2024 19:05,14.58,6.86,"","","",""
RW2,124,4/27/2024 19:10,14.88,6.64,"","","",""
RW2,125,4/27/2024 19:15,14.88,6.18,"","","",""
RW2,126,4/27/2024 19:20,14.93,4.87,"","","",""
RW2,127,4/27/2024 19:25,14.84,373.76,"","","",""
RW2,128,4/27/2024 19:30,14.8,638.56,"","","",""
RW2,129,4/27/2024 19:35,14.75,376.32,"","","",""
RW2,130,4/27/2024 19:40,14.75,122.8,"","","",""
RW2,131,4/27/2024 19:45,14.84,39.45,"","","",""
RW2,132,4/27/2024 19:50,14.88,0,"","","",""
RW2,133,4/27/2024 19:55,14.84,1.3,"","","",""
RW2,134,4/27/2024 20:00,14.84,0,"","","",""
RW2,135,4/27/2024 20:05,14.84,0,"","","",""
RW2,136,4/27/2024 20:10,14.8,0,"","","",""
RW2,137,4/27/2024 20:15,14.8,0,"","","",""
RW2,138,4/27/2024 20:20,14.8,0,"","","",""
RW2,139,4/27/2024 20:25,14.75,0,"","","",""
RW2,140,4/27/2024 20:30,14.67,0,"","","",""
RW2,141,4/27/2024 20:35,14.71,0,"","","",""
RW2,142,4/27/2024 20:40,14.71,0,"","","",""
RW2,143,4/27/2024 20:45,14.71,0,"","","",""
RW2,144,4/27/2024 20:50,14.71,0,"","","",""
RW2,145,4/27/2024 20:55,14.67,0,"","","",""
RW2,146,4/27/2024 21:00,14.67,0,"","","",""
RW2,147,4/27/2024 21:05,14.63,0,"","","",""
RW2,148,4/27/2024 21:10,14.63,0,"","","",""
RW2,149,4/27/2024 21:15,14.67,0,"","","",""
RW2,150,4/27/2024 21:20,14.63,0,"","","",""
RW2,151,4/27/2024 21:25,14.63,0,"","","",""
RW2,152,4/27/2024 21:30,14.63,0,"","","",""
RW2,153,4/27/2024 21:35,14.63,0,"","","",""
RW2,154,4/27/2024 21:40,14.63,0,"","","",""
RW2,155,4/27/2024 21:45,14.58,0,"","","",""
RW2,156,4/27/2024 21:50,14.58,0,"","","",""
RW2,157,4/27/2024 21:55,14.63,0,"","","",""
RW2,158,4/27/2024 22:00,14.58,0,"","","",""
RW2,159,4/27/2024 22:05,14.63,0,"","","",""
RW2,160,4/27/2024 22:10,14.58,0,"","","",""
RW2,161,4/27/2024 22:15,14.58,0,"","","",""
RW2,162,4/27/2024 22:20,14.54,0,"","","",""
RW2,163,4/27/2024 22:25,14.54,0,"","","",""
RW2,164,4/27/2024 22:30,14.54,0,"","","",""
RW2,165,4/27/2024 22:35,14.54,0,"","","",""
RW2,166,4/27/2024 22:40,14.54,0,"","","",""
RW2,167,4/27/2024 22:45,14.54,0,"","","",""
RW2,168,4/27/2024 22:50,14.54,0,"","","",""
RW2,169,4/27/2024 22:55,14.58,0,"","","",""
RW2,170,4/27/2024 23:00,14.54,0,"","","",""
RW2,171,4/27/2024 23:05,14.54,0,"","","",""
RW2,172,4/27/2024 23:10,14.54,0,"","","",""
RW2,173,4/27/2024 23:15,14.54,0,"","","",""
RW2,174,4/27/2024 23:20,14.5,0,"","","",""
RW2,175,4/27/2024 23:25,14.54,0,"","","",""
RW2,176,4/27/2024 23:30,14.5,0,"","","",""
RW2,177,4/27/2024 23:35,14.5,0,"","","",""
RW2,178,4/27/2024 23:40,14.54,0,"","","",""
RW2,179,4/27/2024 23:45,14.54,0,"","","",""
RW2,180,4/27/2024 23:50,14.54,0,"","","",""
RW2,181,4/27/2024 23:55,14.5,0,"","","",""
RW2,182,4/28/2024 0:00,14.5,0,"","","",""
RW2,183,4/28/2024 0:05,14.5,0,"","","",""
RW2,184,4/28/2024 0:10,14.5,0,"","","",""
RW2,185,4/28/2024 0:15,14.5,0,"","","",""
RW2,186,4/28/2024 0:20,14.45,0,"","","",""
RW2,187,4/28/2024 0:25,14.41,0,"","","",""
RW2,188,4/28/2024 0:30,14.45,0,"","","",""
RW2,189,4/28/2024 0:35,14.45,0,"","","",""
RW2,190,4/28/2024 0:40,14.45,0,"","","",""
RW2,191,4/28/2024 0:45,14.41,0,"","","",""
RW2,192,4/28/2024 0:50,14.37,0,"","","",""
RW2,193,4/28/2024 0:55,14.41,0,"","","",""
RW2,194,4/28/2024 1:00,14.41,0,"","","",""
RW2,195,4/28/2024 1:05,14.41,0,"","","",""
RW2,196,4/28/2024 1:10,14.45,0,"","","",""
RW2,197,4/28/2024 1:15,14.41,0,"","","",""
RW2,198,4/28/2024 1:20,14.37,0,"","","",""
RW2,199,4/28/2024 1:25,14.33,0,"","","",""
RW2,200,4/28/2024 1:30,14.33,0,"","","",""
RW2,201,4/28/2024 1:35,14.33,0,"","","",""
RW2,202,4/28/2024 1:40,14.28,0,"","","",""
RW2,203,4/28/2024 1:45,14.28,0,"","","",""
RW2,204,4/28/2024 1:50,14.24,0,"","","",""
RW2,205,4/28/2024 1:55,14.28,0,"","","",""
RW2,206,4/28/2024 2:00,14.2,0,"","","",""
RW2,207,4/28/2024 2:05,14.2,0,"","","",""
RW2,208,4/28/2024 2:10,14.2,0,"","","",""
RW2,209,4/28/2024 2:15,14.11,0,"","","",""
RW2,210,4/28/2024 2:20,14.15,0,"","","",""
RW2,211,4/28/2024 2:25,14.15,0,"","","",""
RW2,212,4/28/2024 2:30,14.03,0,"","","",""
RW2,213,4/28/2024 2:35,14.03,0,"","","",""
RW2,214,4/28/2024 2:40,13.94,0,"","","",""
RW2,215,4/28/2024 2:45,13.85,0,"","","",""
RW2,216,4/28/2024 2:50,13.55,0,"","","",""
RW2,217,4/28/2024 2:55,13.17,0,"","","",""
RW2,218,4/28/2024 3:00,12.61,0,"","","",""
RW2,219,4/28/2024 3:05,12.14,0,"","","",""
RW2,220,4/28/2024 3:10,11.58,0,"","","",""
RW2,221,4/28/2024 3:15,11.19,0,"","","",""
RW2,222,4/28/2024 3:20,11.02,0,"","","",""
RW2,223,4/28/2024 3:25,10.46,0.21,"","","",""
RW2,224,4/28/2024 3:30,10.04,0,"","","",""
RW2,225,4/28/2024 3:35,9.91,0,"","","",""
RW2,226,4/28/2024 3:40,10.16,0,"","","",""
RW2,227,4/28/2024 3:45,10.08,0,"","","",""
RW2,228,4/28/2024 3:50,10.04,0,"","","",""
RW2,229,4/28/2024 3:55,9.65,0,"","","",""
RW2,230,4/28/2024 4:00,9.39,0,"","","",""
RW2,231,4/28/2024 4:05,9.56,0,"","","",""
RW2,232,4/28/2024 4:10,9.61,0,"","","",""
RW2,233,4/28/2024 4:15,9.61,0,"","","",""
RW2,234,4/28/2024 4:20,9.61,0,"","","",""
RW2,235,4/28/2024 4:25,9.74,0,"","","",""
RW2,236,4/28/2024 4:30,9.91,0,"","","",""
RW2,237,4/28/2024 4:35,9.95,0,"","","",""
RW2,238,4/28/2024 4:40,9.99,0,"","","",""
RW2,239,4/28/2024 4:45,10.08,0,"","","",""
RW2,240,4/28/2024 4:50,10.04,0,"","","",""
RW2,241,4/28/2024 4:55,10.08,0,"","","",""
RW2,242,4/28/2024 5:00,10.08,0,"","","",""
RW2,243,4/28/2024 5:05,9.95,0,"","","",""
RW2,244,4/28/2024 5:10,9.86,0,"","","",""
RW2,245,4/28/2024 5:15,9.86,0,"","","",""
RW2,246,4/28/2024 5:20,9.99,0,"","","",""
RW2,247,4/28/2024 5:25,10.16,0,"","","",""
RW2,248,4/28/2024 5:30,10.42,0,"","","",""
RW2,249,4/28/2024 5:35,10.46,0.87,"","","",""
RW2,250,4/28/2024 5:40,10.59,3.26,"","","",""
RW2,251,4/28/2024 5:45,10.77,10.49,"","","",""
RW2,252,4/28/2024 5:50,10.89,32.91,"","","",""
RW2,253,4/28/2024 5:55,10.89,92.96,"","","",""
RW2,254,4/28/2024 6:00,10.81,211.36,"","","",""
RW2,255,4/28/2024 6:05,10.85,427.2,"","","",""
RW2,256,4/28/2024 6:10,10.85,741.76,"","","",""
RW2,257,4/28/2024 6:15,10.89,1218.88,"","","",""
RW2,258,4/28/2024 6:20,11.02,2020.48,"","","",""
RW2,259,4/28/2024 6:25,11.58,3379.2,"","","",""
RW2,260,4/28/2024 6:30,12.4,4930.56,"","","",""
RW2,261,4/28/2024 6:35,13.08,6423.04,"","","",""
RW2,262,4/28/2024 6:40,13.77,8207.36,"","","",""
RW2,263,4/28/2024 6:45,14.67,10188.8,"","","",""
RW2,264,4/28/2024 6:50,15.4,12216.32,"","","",""
RW2,265,4/28/2024 6:55,16.21,13675.52,"","","",""
RW2,266,4/28/2024 7:00,17.2,15718.4,"","","",""
RW2,267,4/28/2024 7:05,17.93,17751.04,"","","",""
RW2,268,4/28/2024 7:10,18.74,19578.88,"","","",""
RW2,269,4/28/2024 7:15,19.47,21637.12,"","","",""
RW2,270,4/28/2024 7:20,20.42,23449.6,"","","",""
RW2,271,4/28/2024 7:25,20.25,25856,"","","",""
RW2,272,4/28/2024 7:30,20.63,14694.4,"","","",""
RW2,273,4/28/2024 7:35,22.18,30699.52,"","","",""
RW2,274,4/28/2024 7:40,22.99,33187.84,"","","",""
RW2,275,4/28/2024 7:45,22.73,35891.2,"","","",""
RW2,276,4/28/2024 7:50,24.06,37601.28,"","","",""
RW2,277,4/28/2024 7:55,24.92,39362.56,"","","",""
RW2,278,4/28/2024 8:00,25.65,40939.52,"","","",""
RW2,279,4/28/2024 8:05,26.3,41912.32,"","","",""
RW2,280,4/28/2024 8:10,27.07,43540.48,"","","",""
RW2,281,4/28/2024 8:15,27.88,44933.12,"","","",""
RW2,282,4/28/2024 8:20,28.87,46653.44,"","","",""
RW2,283,4/28/2024 8:25,29.9,48066.56,"","","",""
RW2,284,4/28/2024 8:30,30.89,49397.76,"","","",""
RW2,285,4/28/2024 8:35,31.92,50790.4,"","","",""
RW2,286,4/28/2024 8:40,32.52,52572.16,"","","",""
RW2,287,4/28/2024 8:45,33.07,54231.04,"","","",""
RW2,288,4/28/2024 8:50,33.37,55644.16,"","","",""
RW2,289,4/28/2024 8:55,33.46,57528.32,"","","",""
RW2,290,4/28/2024 9:00,33.59,58920.96,"","","",""
RW2,291,4/28/2024 9:05,33.89,60416,"","","",""
RW2,292,4/28/2024 9:10,34.32,62013.44,"","","",""
RW2,293,4/28/2024 9:15,34.32,63242.24,"","","",""
RW2,294,4/28/2024 9:20,35.48,64778.24,"","","",""
RW2,295,4/28/2024 9:25,36.25,66191.36,"","","",""
RW2,296,4/28/2024 9:30,36.85,67706.88,"","","",""
RW2,297,4/28/2024 9:35,37.45,69160.96,"","","",""
RW2,298,4/28/2024 9:40,38.14,70615.04,"","","",""
RW2,299,4/28/2024 9:45,38.31,72171.52,"","","",""
RW2,300,4/28/2024 9:50,38.69,73093.12,"","","",""
RW2,301,4/28/2024 9:55,39.25,74588.16,"","","",""
RW2,302,4/28/2024 10:00,39.42,75939.84,"","","",""
RW2,303,4/28/2024 10:05,39.94,77209.6,"","","",""
RW2,304,4/28/2024 10:10,40.02,78274.56,"","","",""
RW2,305,4/28/2024 10:15,40.41,79257.6,"","","",""
RW2,306,4/28/2024 10:20,40.62,80568.32,"","","",""
RW2,307,4/28/2024 10:25,40.88,81735.68,"","","",""
RW2,308,4/28/2024 10:30,41.14,82903.04,"","","",""
RW2,309,4/28/2024 10:35,41.22,83783.68,"","","",""
RW2,310,4/28/2024 10:40,41.4,84746.24,"","","",""
RW2,311,4/28/2024 10:45,41.35,85729.28,"","","",""
RW2,312,4/28/2024 10:50,41.52,86712.32,"","","",""
RW2,313,4/28/2024 10:55,41.74,87613.44,"","","",""
RW2,314,4/28/2024 11:00,41.83,88391.68,"","","",""
RW2,315,4/28/2024 11:05,42.08,89374.72,"","","",""
RW2,316,4/28/2024 11:10,42.17,90112,"","","",""
RW2,317,4/28/2024 11:15,42,90726.4,"","","",""
RW2,318,4/28/2024 11:20,41.83,91422.72,"","","",""
RW2,319,4/28/2024 11:25,41.65,91955.2,"","","",""
RW2,320,4/28/2024 11:30,41.74,92569.6,"","","",""
RW2,321,4/28/2024 11:35,41.65,93143.04,"","","",""
RW2,322,4/28/2024 11:40,41.7,93552.64,"","","",""
RW2,323,4/28/2024 11:45,41.57,93962.24,"","","",""
RW2,324,4/28/2024 11:50,41.44,94412.8,"","","",""
RW2,325,4/28/2024 11:55,41.35,94740.48,"","","",""
RW2,326,4/28/2024 12:00,41.57,95027.2,"","","",""
RW2,327,4/28/2024 12:05,40.8,95232,"","","",""
RW2,328,4/28/2024 12:10,40.45,95354.88,"","","",""
RW2,329,4/28/2024 12:15,40.19,95559.68,"","","",""
RW2,330,4/28/2024 12:20,39.85,95559.68,"","","",""
RW2,331,4/28/2024 12:25,39.51,95477.76,"","","",""
RW2,332,4/28/2024 12:30,39.29,95518.72,"","","",""
RW2,333,4/28/2024 12:35,38.95,95354.88,"","","",""
RW2,334,4/28/2024 12:40,38.39,95272.96,"","","",""
RW2,335,4/28/2024 12:45,38.22,95272.96,"","","",""
RW2,336,4/28/2024 12:50,37.96,94945.28,"","","",""
RW2,337,4/28/2024 12:55,37.96,94781.44,"","","",""
RW2,338,4/28/2024 13:00,37.75,94289.92,"","","",""
RW2,339,4/28/2024 13:05,37.32,94003.2,"","","",""
RW2,340,4/28/2024 13:10,36.89,93511.68,"","","",""
RW2,341,4/28/2024 13:15,36.08,93102.08,"","","",""
RW2,342,4/28/2024 13:20,35.56,92733.44,"","","",""
RW2,343,4/28/2024 13:25,35.13,92119.04,"","","",""
RW2,344,4/28/2024 13:30,33.5,90767.36,"","","",""
RW2,345,4/28/2024 13:35,33.07,89989.12,"","","",""
RW2,346,4/28/2024 13:40,32.94,89415.68,"","","",""
RW2,347,4/28/2024 13:45,32.86,88637.44,"","","",""
RW2,348,4/28/2024 13:50,32.94,87695.36,"","","",""
RW2,349,4/28/2024 13:55,32.73,86999.04,"","","",""
RW2,350,4/28/2024 14:00,32.39,85975.04,"","","",""
RW2,351,4/28/2024 14:05,32.13,85114.88,"","","",""
RW2,352,4/28/2024 14:10,31.79,84213.76,"","","",""
RW2,353,4/28/2024 14:15,31.4,83087.36,"","","",""
RW2,354,4/28/2024 14:20,31.06,81776.64,"","","",""
RW2,355,4/28/2024 14:25,29.77,82472.96,"","","",""
RW2,356,4/28/2024 14:30,29.47,81285.12,"","","",""
RW2,357,4/28/2024 14:35,29.38,79872,"","","",""
RW2,358,4/28/2024 14:40,29.56,78643.2,"","","",""
RW2,359,4/28/2024 14:45,29.51,77557.76,"","","",""
RW2,360,4/28/2024 14:50,29.56,76247.04,"","","",""
RW2,361,4/28/2024 14:55,29.56,74977.28,"","","",""
RW2,362,4/28/2024 15:00,29.43,73666.56,"","","",""
RW2,363,4/28/2024 15:05,29.3,72314.88,"","","",""
RW2,364,4/28/2024 15:10,29.26,70860.8,"","","",""
RW2,365,4/28/2024 15:15,29.13,69427.2,"","","",""
RW2,366,4/28/2024 15:20,29.08,68198.4,"","","",""
RW2,367,4/28/2024 15:25,29.08,66416.64,"","","",""
RW2,368,4/28/2024 15:30,29.08,64921.6,"","","",""
RW2,369,4/28/2024 15:35,28.83,63426.56,"","","",""
RW2,370,4/28/2024 15:40,28.83,62033.92,"","","",""
RW2,371,4/28/2024 15:45,28.78,60600.32,"","","",""
RW2,372,4/28/2024 15:50,28.65,58880,"","","",""
RW2,373,4/28/2024 15:55,28.48,57262.08,"","","",""
RW2,374,4/28/2024 16:00,28.35,55992.32,"","","",""
RW2,375,4/28/2024 16:05,28.27,54333.44,"","","",""
RW2,376,4/28/2024 16:10,28.23,52838.4,"","","",""
RW2,377,4/28/2024 16:15,28.1,51240.96,"","","",""
RW2,378,4/28/2024 16:20,28.01,49909.76,"","","",""
RW2,379,4/28/2024 16:25,27.8,48517.12,"","","",""
RW2,380,4/28/2024 16:30,27.71,47390.72,"","","",""
RW2,381,4/28/2024 16:35,27.41,45957.12,"","","",""
RW2,382,4/28/2024 16:40,27.2,44666.88,"","","",""
RW2,383,4/28/2024 16:45,26.81,43233.28,"","","",""
RW2,384,4/28/2024 16:50,26.55,41779.2,"","","",""
RW2,385,4/28/2024 16:55,26.25,40519.68,"","","",""
RW2,386,4/28/2024 17:00,26.04,39137.28,"","","",""
RW2,387,4/28/2024 17:05,25.69,37509.12,"","","",""
RW2,388,4/28/2024 17:10,25.61,35481.6,"","","",""
RW2,389,4/28/2024 17:15,25.35,33710.08,"","","",""
RW2,390,4/28/2024 17:20,25.22,31784.96,"","","",""
RW2,391,4/28/2024 17:25,24.88,30310.4,"","","",""
RW2,392,4/28/2024 17:30,24.19,22855.68,"","","",""
RW2,393,4/28/2024 17:35,19.65,7685.12,"","","",""
RW2,394,4/28/2024 17:40,17.89,7454.72,"","","",""
RW2,395,4/28/2024 17:45,17.11,7232,"","","",""
RW2,396,4/28/2024 17:50,16.81,7037.44,"","","",""
RW2,397,4/28/2024 17:55,16.56,6835.2,"","","",""
RW2,398,4/28/2024 18:00,16.34,6650.88,"","","",""
RW2,399,4/28/2024 18:05,16.26,6458.88,"","","",""
RW2,400,4/28/2024 18:10,16.17,6282.24,"","","",""
RW2,401,4/28/2024 18:15,16.13,6095.36,"","","",""
RW2,402,4/28/2024 18:20,15.96,5949.44,"","","",""
RW2,403,4/28/2024 18:25,15.96,5736.96,"","","",""
RW2,404,4/28/2024 18:30,15.83,5516.8,"","","",""
RW2,405,4/28/2024 18:35,15.78,5271.04,"","","",""
RW2,406,4/28/2024 18:40,15.66,5017.6,"","","",""
RW2,407,4/28/2024 18:45,15.57,4700.16,"","","",""
RW2,408,4/28/2024 18:50,15.48,4380.16,"","","",""
RW2,409,4/28/2024 18:55,15.48,4016.64,"","","",""
RW2,410,4/28/2024 19:00,15.4,3595.52,"","","",""
RW2,411,4/28/2024 19:05,15.57,3063.04,"","","",""
RW2,412,4/28/2024 19:10,15.27,2601.6,"","","",""
RW2,413,4/28/2024 19:15,15.57,2142.72,"","","",""
RW2,414,4/28/2024 19:20,15.27,1639.68,"","","",""
RW2,415,4/28/2024 19:25,15.4,1178.56,"","","",""
RW2,416,4/28/2024 19:30,15.27,761.92,"","","",""
RW2,417,4/28/2024 19:35,15.66,441.92,"","","",""
RW2,418,4/28/2024 19:40,15.48,18.63,"","","",""
RW2,419,4/28/2024 19:45,15.57,96.44,"","","",""
RW2,420,4/28/2024 19:50,15.96,33.73,"","","",""
RW2,421,4/28/2024 19:55,16.08,10.49,"","","",""
RW2,422,4/28/2024 20:00,16.08,3.26,"","","",""
RW2,423,4/28/2024 20:05,16.21,0,"","","",""
RW2,424,4/28/2024 20:10,16.17,0,"","","",""
RW2,425,4/28/2024 20:15,16.13,0,"","","",""
RW2,426,4/28/2024 20:20,16.17,0,"","","",""
RW2,427,4/28/2024 20:25,16.21,0,"","","",""
RW2,428,4/28/2024 20:30,16.21,0,"","","",""
RW2,429,4/28/2024 20:35,16.13,0,"","","",""
RW2,430,4/28/2024 20:40,16.13,0,"","","",""
RW2,431,4/28/2024 20:45,16.13,0,"","","",""
RW2,432,4/28/2024 20:50,16.13,0,"","","",""
RW2,433,4/28/2024 20:55,16.04,0,"","","",""
RW2,434,4/28/2024 21:00,16.04,0,"","","",""
RW2,435,4/28/2024 21:05,16,0,"","","",""
RW2,436,4/28/2024 21:10,16.04,0,"","","",""
RW2,437,4/28/2024 21:15,15.96,0,"","","",""
RW2,438,4/28/2024 21:20,16,0,"","","",""
RW2,439,4/28/2024 21:25,16,0,"","","",""
RW2,440,4/28/2024 21:30,16,0,"","","",""
RW2,441,4/28/2024 21:35,15.96,0,"","","",""
RW2,442,4/28/2024 21:40,15.91,0,"","","",""
RW2,443,4/28/2024 21:45,15.91,0,"","","",""
RW2,444,4/28/2024 21:50,15.91,0,"","","",""
RW2,445,4/28/2024 21:55,15.91,0,"","","",""
RW2,446,4/28/2024 22:00,15.91,0,"","","",""
RW2,447,4/28/2024 22:05,15.87,0,"","","",""
RW2,448,4/28/2024 22:10,15.87,0,"","","",""
RW2,449,4/28/2024 22:15,15.83,0,"","","",""
RW2,450,4/28/2024 22:20,15.83,0,"","","",""
RW2,451,4/28/2024 22:25,15.83,0,"","","",""
RW2,452,4/28/2024 22:30,15.78,0,"","","",""
RW2,453,4/28/2024 22:35,15.74,0,"","","",""
RW2,454,4/28/2024 22:40,15.7,0,"","","",""
RW2,455,4/28/2024 22:45,15.7,0,"","","",""
RW2,456,4/28/2024 22:50,15.7,0,"","","",""
RW2,457,4/28/2024 22:55,15.7,0,"","","",""
RW2,458,4/28/2024 23:00,15.7,0,"","","",""
RW2,459,4/28/2024 23:05,15.66,0,"","","",""
RW2,460,4/28/2024 23:10,15.61,0,"","","",""
RW2,461,4/28/2024 23:15,15.61,0,"","","",""
RW2,462,4/28/2024 23:20,15.66,0,"","","",""
RW2,463,4/28/2024 23:25,15.53,0,"","","",""
RW2,464,4/28/2024 23:30,15.48,0,"","","",""
RW2,465,4/28/2024 23:35,15.48,0,"","","",""
RW2,466,4/28/2024 23:40,15.48,0,"","","",""
RW2,467,4/28/2024 23:45,15.48,0,"","","",""
RW2,468,4/28/2024 23:50,15.44,0,"","","",""
RW2,469,4/28/2024 23:55,15.44,0,"","","",""
RW2,470,4/29/2024 0:00,15.36,0,"","","",""
RW2,471,4/29/2024 0:05,15.4,0,"","","",""
RW2,472,4/29/2024 0:10,15.4,0,"","","",""
RW2,473,4/29/2024 0:15,15.44,0,"","","",""
RW2,474,4/29/2024 0:20,15.36,0,"","","",""
RW2,475,4/29/2024 0:25,15.36,0,"","","",""
RW2,476,4/29/2024 0:30,15.31,0,"","","",""
RW2,477,4/29/2024 0:35,15.27,0,"","","",""
RW2,478,4/29/2024 0:40,15.23,0,"","","",""
RW2,479,4/29/2024 0:45,15.18,0,"","","",""
RW2,480,4/29/2024 0:50,15.23,0,"","","",""
RW2,481,4/29/2024 0:55,15.18,0,"","","",""
RW2,482,4/29/2024 1:00,15.18,0,"","","",""
RW2,483,4/29/2024 1:05,15.14,0,"","","",""
RW2,484,4/29/2024 1:10,15.1,0,"","","",""
RW2,485,4/29/2024 1:15,15.06,0,"","","",""
RW2,486,4/29/2024 1:20,15.06,0,"","","",""
RW2,487,4/29/2024 1:25,15.06,0,"","","",""
RW2,488,4/29/2024 1:30,15.01,0,"","","",""
RW2,489,4/29/2024 1:35,14.97,0,"","","",""
RW2,490,4/29/2024 1:40,14.93,0,"","","",""
RW2,491,4/29/2024 1:45,14.97,0,"","","",""
RW2,492,4/29/2024 1:50,14.93,0,"","","",""
RW2,493,4/29/2024 1:55,14.93,0,"","","",""
RW2,494,4/29/2024 2:00,14.88,0,"","","",""
RW2,495,4/29/2024 2:05,14.8,0,"","","",""
RW2,496,4/29/2024 2:10,14.75,0,"","","",""
RW2,497,4/29/2024 2:15,14.75,0,"","","",""
RW2,498,4/29/2024 2:20,14.71,0,"","","",""
RW2,499,4/29/2024 2:25,14.67,0,"","","",""
RW2,500,4/29/2024 2:30,14.67,0,"","","",""
RW2,501,4/29/2024 2:35,14.67,0,"","","",""
RW2,502,4/29/2024 2:40,14.67,0,"","","",""
RW2,503,4/29/2024 2:45,14.63,0,"","","",""
RW2,504,4/29/2024 2:50,14.63,0,"","","",""
RW2,505,4/29/2024 2:55,14.67,0,"","","",""
RW2,506,4/29/2024 3:00,14.63,0,"","","",""
RW2,507,4/29/2024 3:05,14.63,0,"","","",""
RW2,508,4/29/2024 3:10,14.63,0,"","","",""
RW2,509,4/29/2024 3:15,14.54,0,"","","",""
RW2,510,4/29/2024 3:20,14.5,0,"","","",""
RW2,511,4/29/2024 3:25,14.45,0,"","","",""
RW2,512,4/29/2024 3:30,14.41,0,"","","",""
RW2,513,4/29/2024 3:35,14.07,0,"","","",""
RW2,514,4/29/2024 3:40,14.11,0,"","","",""
RW2,515,4/29/2024 3:45,13.94,0,"","","",""
RW2,516,4/29/2024 3:50,13.25,0,"","","",""
RW2,517,4/29/2024 3:55,13.12,0,"","","",""
RW2,518,4/29/2024 4:00,12.48,0,"","","",""
RW2,519,4/29/2024 4:05,12.14,0,"","","",""
RW2,520,4/29/2024 4:10,11.79,0,"","","",""
RW2,521,4/29/2024 4:15,11.62,0,"","","",""
RW2,522,4/29/2024 4:20,11.62,0,"","","",""
RW2,523,4/29/2024 4:25,11.67,0,"","","",""
RW2,524,4/29/2024 4:30,11.71,0,"","","",""
RW2,525,4/29/2024 4:35,11.75,0,"","","",""
RW2,526,4/29/2024 4:40,11.71,0,"","","",""
RW2,527,4/29/2024 4:45,11.71,0,"","","",""
RW2,528,4/29/2024 4:50,11.67,0,"","","",""
RW2,529,4/29/2024 4:55,11.54,0,"","","",""
RW2,530,4/29/2024 5:00,11.49,0,"","","",""
RW2,531,4/29/2024 5:05,11.45,0,"","","",""
RW2,532,4/29/2024 5:10,11.49,0,"","","",""
RW2,533,4/29/2024 5:15,11.97,0,"","","",""
RW2,534,4/29/2024 5:20,12.4,0,"","","",""
RW2,535,4/29/2024 5:25,12.48,0,"","","",""
RW2,536,4/29/2024 5:30,12.52,0,"","","",""
RW2,537,4/29/2024 5:35,12.65,0.65,"","","",""
RW2,538,4/29/2024 5:40,12.74,2.39,"","","",""
RW2,539,4/29/2024 5:45,12.95,7.41,"","","",""
RW2,540,4/29/2024 5:50,13.17,22.34,"","","",""
RW2,541,4/29/2024 5:55,13.21,60.48,"","","",""
RW2,542,4/29/2024 6:00,13.3,128.04,"","","",""
RW2,543,4/29/2024 6:05,13.38,259.6,"","","",""
RW2,544,4/29/2024 6:10,13.38,470.08,"","","",""
RW2,545,4/29/2024 6:15,13.47,737.6,"","","",""
RW2,546,4/29/2024 6:20,13.55,1038.4,"","","",""
RW2,547,4/29/2024 6:25,13.64,1379.84,"","","",""
RW2,548,4/29/2024 6:30,13.77,1893.76,"","","",""
RW2,549,4/29/2024 6:35,13.9,2177.92,"","","",""
RW2,550,4/29/2024 6:40,14.03,2754.56,"","","",""
RW2,551,4/29/2024 6:45,14.24,3360,"","","",""
RW2,552,4/29/2024 6:50,14.45,3723.52,"","","",""
RW2,553,4/29/2024 6:55,14.5,3937.28,"","","",""
RW2,554,4/29/2024 7:00,14.84,5422.08,"","","",""
RW2,555,4/29/2024 7:05,14.88,4928,"","","",""
RW2,556,4/29/2024 7:10,15.23,7523.84,"","","",""
RW2,557,4/29/2024 7:15,15.83,10216.96,"","","",""
RW2,558,4/29/2024 7:20,16.26,10293.76,"","","",""
RW2,559,4/29/2024 7:25,16.43,10132.48,"","","",""
RW2,560,4/29/2024 7:30,16.47,8913.92,"","","",""
RW2,561,4/29/2024 7:35,16.6,10078.72,"","","",""
RW2,562,4/29/2024 7:40,16.9,12262.4,"","","",""
RW2,563,4/29/2024 7:45,17.33,13675.52,"","","",""
RW2,564,4/29/2024 7:50,17.59,14412.8,"","","",""
RW2,565,4/29/2024 7:55,17.76,14172.16,"","","",""
RW2,566,4/29/2024 8:00,17.93,13122.56,"","","",""
RW2,567,4/29/2024 8:05,17.97,13516.8,"","","",""
RW2,568,4/29/2024 8:10,18.79,23572.48,"","","",""
RW2,569,4/29/2024 8:15,19.13,16189.44,"","","",""
RW2,570,4/29/2024 8:20,19.69,23982.08,"","","",""
RW2,571,4/29/2024 8:25,20.12,20357.12,"","","",""
RW2,572,4/29/2024 8:30,20.37,21975.04,"","","",""
RW2,573,4/29/2024 8:35,21.58,28436.48,"","","",""
RW2,574,4/29/2024 8:40,23.21,31897.6,"","","",""
RW2,575,4/29/2024 8:45,24.92,36986.88,"","","",""
RW2,576,4/29/2024 8:50,26.42,45690.88,"","","",""
RW2,577,4/29/2024 8:55,29.6,64409.6,"","","",""
RW2,578,4/29/2024 9:00,31.36,49438.72,"","","",""
RW2,579,4/29/2024 9:05,30.71,52224,"","","",""
RW2,580,4/29/2024 9:10,30.2,53207.04,"","","",""
RW2,581,4/29/2024 9:15,31.83,39628.8,"","","",""
RW2,582,4/29/2024 9:20,31.57,54210.56,"","","",""
RW2,583,4/29/2024 9:25,30.97,42352.64,"","","",""
RW2,584,4/29/2024 9:30,30.63,49725.44,"","","",""
RW2,585,4/29/2024 9:35,32.26,48046.08,"","","",""
RW2,586,4/29/2024 9:40,33.03,57876.48,"","","",""
RW2,587,4/29/2024 9:45,32.34,49991.68,"","","",""
RW2,588,4/29/2024 9:50,32.9,54681.6,"","","",""
RW2,589,4/29/2024 9:55,32.77,48168.96,"","","",""
RW2,590,4/29/2024 10:00,32.34,50933.76,"","","",""
RW2,591,4/29/2024 10:05,32.52,57384.96,"","","",""
RW2,592,4/29/2024 10:10,33.2,57999.36,"","","",""
RW2,593,4/29/2024 10:15,32.86,55070.72,"","","",""
RW2,594,4/29/2024 10:20,34.1,85196.8,"","","",""
RW2,595,4/29/2024 10:25,34.83,53084.16,"","","",""
RW2,596,4/29/2024 10:30,32.86,56995.84,"","","",""
RW2,597,4/29/2024 10:35,31.53,48680.96,"","","",""
RW2,598,4/29/2024 10:40,30.24,51875.84,"","","",""
RW2,599,4/29/2024 10:45,30.54,54312.96,"","","",""
RW2,600,4/29/2024 10:50,31.49,58757.12,"","","",""
RW2,601,4/29/2024 10:55,31.87,63467.52,"","","",""
RW2,602,4/29/2024 11:00,31.4,58634.24,"","","",""
RW2,603,4/29/2024 11:05,29.81,59699.2,"","","",""
RW2,604,4/29/2024 11:10,31.44,84172.8,"","","",""
RW2,605,4/29/2024 11:15,33.07,78561.28,"","","",""
RW2,606,4/29/2024 11:20,33.76,92446.72,"","","",""
RW2,607,4/29/2024 11:25,34.19,89661.44,"","","",""
RW2,608,4/29/2024 11:30,34.7,105881.6,"","","",""
RW2,609,4/29/2024 11:35,36.16,99901.44,"","","",""
RW2,610,4/29/2024 11:40,35.56,99573.76,"","","",""
RW2,611,4/29/2024 11:45,34.83,96337.92,"","","",""
RW2,612,4/29/2024 11:50,34.4,105594.88,"","","",""
RW2,613,4/29/2024 11:55,34.15,98426.88,"","","",""
RW2,614,4/29/2024 12:00,33.93,101048.32,"","","",""
RW2,615,4/29/2024 12:05,33.46,96870.4,"","","",""
RW2,616,4/29/2024 12:10,33.85,102973.44,"","","",""
RW2,617,4/29/2024 12:15,33.25,77742.08,"","","",""
RW2,618,4/29/2024 12:20,32.69,95395.84,"","","",""
RW2,619,4/29/2024 12:25,32.43,81981.44,"","","",""
RW2,620,4/29/2024 12:30,32.13,85606.4,"","","",""
RW2,621,4/29/2024 12:35,31.96,71393.28,"","","",""
RW2,622,4/29/2024 12:40,33.03,97075.2,"","","",""
RW2,623,4/29/2024 12:45,32.99,108298.24,"","","",""
RW2,624,4/29/2024 12:50,33.42,89743.36,"","","",""
RW2,625,4/29/2024 12:55,33.29,84336.64,"","","",""
RW2,626,4/29/2024 13:00,31.83,69959.68,"","","",""
RW2,627,4/29/2024 13:05,31.1,89784.32,"","","",""
RW2,628,4/29/2024 13:10,31.01,84623.36,"","","",""
RW2,629,4/29/2024 13:15,30.54,75427.84,"","","",""
RW2,630,4/29/2024 13:20,29.86,71106.56,"","","",""
RW2,631,4/29/2024 13:25,29.86,81367.04,"","","",""
RW2,632,4/29/2024 13:30,29.73,101335.04,"","","",""
RW2,633,4/29/2024 13:35,29.51,73359.36,"","","",""
RW2,634,4/29/2024 13:40,29.04,71229.44,"","","",""
RW2,635,4/29/2024 13:45,28.87,66375.68,"","","",""
RW2,636,4/29/2024 13:50,29.47,71659.52,"","","",""
RW2,637,4/29/2024 13:55,29.47,76103.68,"","","",""
RW2,638,4/29/2024 14:00,29.43,64245.76,"","","",""
RW2,639,4/29/2024 14:05,28.95,81592.32,"","","",""
RW2,640,4/29/2024 14:10,29.64,66560,"","","",""
RW2,641,4/29/2024 14:15,28.74,64880.64,"","","",""
RW2,642,4/29/2024 14:20,29,86179.84,"","","",""
RW2,643,4/29/2024 14:25,29.21,84910.08,"","","",""
RW2,644,4/29/2024 14:30,29.08,82903.04,"","","",""
RW2,645,4/29/2024 14:35,28.83,81510.4,"","","",""
RW2,646,4/29/2024 14:40,28.7,80158.72,"","","",""
RW2,647,4/29/2024 14:45,28.65,78725.12,"","","",""
RW2,648,4/29/2024 14:50,28.7,77393.92,"","","",""
RW2,649,4/29/2024 14:55,28.61,76083.2,"","","",""
RW2,650,4/29/2024 15:00,28.78,74977.28,"","","",""
RW2,651,4/29/2024 15:05,28.74,74199.04,"","","",""
RW2,652,4/29/2024 15:10,27.41,64532.48,"","","",""
RW2,653,4/29/2024 15:15,27.37,67502.08,"","","",""
RW2,654,4/29/2024 15:20,27.63,69406.72,"","","",""
RW2,655,4/29/2024 15:25,26.6,67993.6,"","","",""
RW2,656,4/29/2024 15:30,26.77,66396.16,"","","",""
RW2,657,4/29/2024 15:35,26.81,65146.88,"","","",""
RW2,658,4/29/2024 15:40,25.87,63733.76,"","","",""
RW2,659,4/29/2024 15:45,26.12,62074.88,"","","",""
RW2,660,4/29/2024 15:50,26.77,60682.24,"","","",""
RW2,661,4/29/2024 15:55,25.61,59392,"","","",""
RW2,662,4/29/2024 16:00,26.3,57712.64,"","","",""
RW2,663,4/29/2024 16:05,26.72,56258.56,"","","",""
RW2,664,4/29/2024 16:10,26.9,54743.04,"","","",""
RW2,665,4/29/2024 16:15,26.94,53207.04,"","","",""
RW2,666,4/29/2024 16:20,25.09,51855.36,"","","",""
RW2,667,4/29/2024 16:25,21.7,6530.56,"","","",""
RW2,668,4/29/2024 16:30,22.18,49602.56,"","","",""
RW2,669,4/29/2024 16:35,24.02,48332.8,"","","",""
RW2,670,4/29/2024 16:40,23.55,47329.28,"","","",""
RW2,671,4/29/2024 16:45,22.43,32573.44,"","","",""
RW2,672,4/29/2024 16:50,23.46,25661.44,"","","",""
RW2,673,4/29/2024 16:55,23.25,42536.96,"","","",""
RW2,674,4/29/2024 17:00,22.35,37672.96,"","","",""
RW2,675,4/29/2024 17:05,22.73,37693.44,"","","",""
RW2,676,4/29/2024 17:10,22.78,34703.36,"","","",""
RW2,677,4/29/2024 17:15,22.52,36403.2,"","","",""
RW2,678,4/29/2024 17:20,22.43,34539.52,"","","",""
RW2,679,4/29/2024 17:25,20.68,30156.8,"","","",""
RW2,680,4/29/2024 17:30,20.12,19005.44,"","","",""
RW2,681,4/29/2024 17:35,17.41,3951.36,"","","",""
RW2,682,4/29/2024 17:40,16.73,6991.36,"","","",""
RW2,683,4/29/2024 17:45,16.39,6499.84,"","","",""
RW2,684,4/29/2024 17:50,16.26,6627.84,"","","",""
RW2,685,4/29/2024 17:55,16.3,5547.52,"","","",""
RW2,686,4/29/2024 18:00,16.21,6576.64,"","","",""
RW2,687,4/29/2024 18:05,16.47,6599.68,"","","",""
RW2,688,4/29/2024 18:10,16.26,6412.8,"","","",""
RW2,689,4/29/2024 18:15,16.13,6195.2,"","","",""
RW2,690,4/29/2024 18:20,15.96,5911.04,"","","",""
RW2,691,4/29/2024 18:25,16.26,5544.96,"","","",""
RW2,692,4/29/2024 18:30,16.08,5516.8,"","","",""
RW2,693,4/29/2024 18:35,15.96,5250.56,"","","",""
RW2,694,4/29/2024 18:40,16.13,4512,"","","",""
RW2,695,4/29/2024 18:45,16,3508.48,"","","",""
RW2,696,4/29/2024 18:50,16.26,4281.6,"","","",""
RW2,697,4/29/2024 18:55,16,2573.44,"","","",""
RW2,698,4/29/2024 19:00,16.26,3557.12,"","","",""
RW2,699,4/29/2024 19:05,16.17,2977.28,"","","",""
RW2,700,4/29/2024 19:10,16.21,1704.96,"","","",""
RW2,701,4/29/2024 19:15,15.91,2128.64,"","","",""
RW2,702,4/29/2024 19:20,16.13,1648.64,"","","",""
RW2,703,4/29/2024 19:25,15.91,431.36,"","","",""
RW2,704,4/29/2024 19:30,16.17,36.56,"","","",""
RW2,705,4/29/2024 19:35,15.87,471.04,"","","",""
RW2,706,4/29/2024 19:40,15.91,14.49,"","","",""
RW2,707,4/29/2024 19:45,16,49.14,"","","",""
RW2,708,4/29/2024 19:50,16.04,4.35,"","","",""
RW2,709,4/29/2024 19:55,16.08,8.71,"","","",""
RW2,710,4/29/2024 20:00,16.08,0.43,"","","",""
RW2,711,4/29/2024 20:05,16,0,"","","",""
RW2,712,4/29/2024 20:10,15.91,0,"","","",""
RW2,713,4/29/2024 20:15,15.96,0,"","","",""
RW2,714,4/29/2024 20:20,15.96,0,"","","",""
RW2,715,4/29/2024 20:25,15.91,0,"","","",""
RW2,716,4/29/2024 20:30,15.91,0,"","","",""
RW2,717,4/29/2024 20:35,15.91,0,"","","",""
RW2,718,4/29/2024 20:40,15.83,0,"","","",""
RW2,719,4/29/2024 20:45,15.78,0,"","","",""
RW2,720,4/29/2024 20:50,15.78,0,"","","",""
RW2,721,4/29/2024 20:55,15.74,0,"","","",""
RW2,722,4/29/2024 21:00,15.74,0,"","","",""
RW2,723,4/29/2024 21:05,15.66,0,"","","",""
RW2,724,4/29/2024 21:10,15.66,0,"","","",""
RW2,725,4/29/2024 21:15,15.66,0,"","","",""
RW2,726,4/29/2024 21:20,15.61,0,"","","",""
RW2,727,4/29/2024 21:25,15.57,0,"","","",""
RW2,728,4/29/2024 21:30,15.57,0,"","","",""
RW2,729,4/29/2024 21:35,15.57,0,"","","",""
RW2,730,4/29/2024 21:40,15.53,0,"","","",""
RW2,731,4/29/2024 21:45,15.57,0,"","","",""
RW2,732,4/29/2024 21:50,15.57,0,"","","",""
RW2,733,4/29/2024 21:55,15.48,0,"","","",""
RW2,734,4/29/2024 22:00,15.48,0,"","","",""
RW2,735,4/29/2024 22:05,15.48,0,"","","",""
RW2,736,4/29/2024 22:10,15.48,0,"","","",""
RW2,737,4/29/2024 22:15,15.44,0,"","","",""
RW2,738,4/29/2024 22:20,15.44,0,"","","",""
RW2,739,4/29/2024 22:25,15.44,0,"","","",""
RW2,740,4/29/2024 22:30,15.4,0,"","","",""
RW2,741,4/29/2024 22:35,15.4,0,"","","",""
RW2,742,4/29/2024 22:40,15.31,0,"","","",""
RW2,743,4/29/2024 22:45,15.36,0,"","","",""
RW2,744,4/29/2024 22:50,15.31,0,"","","",""
RW2,745,4/29/2024 22:55,15.31,0,"","","",""
RW2,746,4/29/2024 23:00,15.23,0,"","","",""
RW2,747,4/29/2024 23:05,15.27,0,"","","",""
RW2,748,4/29/2024 23:10,15.27,0,"","","",""
RW2,749,4/29/2024 23:15,15.23,0,"","","",""
RW2,750,4/29/2024 23:20,15.14,0,"","","",""
RW2,751,4/29/2024 23:25,15.14,0,"","","",""
RW2,752,4/29/2024 23:30,15.14,0,"","","",""
RW2,753,4/29/2024 23:35,15.14,0,"","","",""
RW2,754,4/29/2024 23:40,15.14,0,"","","",""
RW2,755,4/29/2024 23:45,15.14,0,"","","",""
RW2,756,4/29/2024 23:50,15.1,0,"","","",""
RW2,757,4/29/2024 23:55,15.1,0,"","","",""
RW2,758,4/30/2024 0:00,15.1,0,"","","",""
RW2,759,4/30/2024 0:05,15.14,0,"","","",""
RW2,760,4/30/2024 0:10,15.06,0,"","","",""
RW2,761,4/30/2024 0:15,15.06,0,"","","",""
RW2,762,4/30/2024 0:20,15.1,0,"","","",""
RW2,763,4/30/2024 0:25,15.1,0,"","","",""
RW2,764,4/30/2024 0:30,15.06,0,"","","",""
RW2,765,4/30/2024 0:35,15.1,0,"","","",""
RW2,766,4/30/2024 0:40,15.01,0,"","","",""
RW2,767,4/30/2024 0:45,15.01,0,"","","",""
RW2,768,4/30/2024 0:50,15.06,0,"","","",""
RW2,769,4/30/2024 0:55,15.06,0,"","","",""
RW2,770,4/30/2024 1:00,15.01,0,"","","",""
RW2,771,4/30/2024 1:05,15.01,0,"","","",""
RW2,772,4/30/2024 1:10,14.97,0,"","","",""
RW2,773,4/30/2024 1:15,15.01,0,"","","",""
RW2,774,4/30/2024 1:20,14.93,0,"","","",""
RW2,775,4/30/2024 1:25,14.93,0,"","","",""
RW2,776,4/30/2024 1:30,14.93,0,"","","",""
RW2,777,4/30/2024 1:35,14.93,0,"","","",""
RW2,778,4/30/2024 1:40,14.93,0,"","","",""
RW2,779,4/30/2024 1:45,14.88,0,"","","",""
RW2,780,4/30/2024 1:50,14.88,0,"","","",""
RW2,781,4/30/2024 1:55,14.88,0,"","","",""
RW2,782,4/30/2024 2:00,14.88,0,"","","",""
RW2,783,4/30/2024 2:05,14.88,0,"","","",""
RW2,784,4/30/2024 2:10,14.84,0,"","","",""
RW2,785,4/30/2024 2:15,14.84,0,"","","",""
RW2,786,4/30/2024 2:20,14.84,0,"","","",""
RW2,787,4/30/2024 2:25,14.84,0,"","","",""
RW2,788,4/30/2024 2:30,14.75,0,"","","",""
RW2,789,4/30/2024 2:35,14.71,0,"","","",""
RW2,790,4/30/2024 2:40,14.71,0,"","","",""
RW2,791,4/30/2024 2:45,14.75,0,"","","",""
RW2,792,4/30/2024 2:50,14.71,0,"","","",""
RW2,793,4/30/2024 2:55,14.67,0,"","","",""
RW2,794,4/30/2024 3:00,14.71,0,"","","",""
RW2,795,4/30/2024 3:05,14.67,0,"","","",""
RW2,796,4/30/2024 3:10,14.71,0,"","","",""
RW2,797,4/30/2024 3:15,14.63,0,"","","",""
RW2,798,4/30/2024 3:20,14.67,0,"","","",""
RW2,799,4/30/2024 3:25,14.63,0,"","","",""
RW2,800,4/30/2024 3:30,14.67,0,"","","",""
RW2,801,4/30/2024 3:35,14.63,0,"","","",""
RW2,802,4/30/2024 3:40,14.58,0,"","","",""
RW2,803,4/30/2024 3:45,14.58,0,"","","",""
RW2,804,4/30/2024 3:50,14.54,0,"","","",""
RW2,805,4/30/2024 3:55,14.58,0,"","","",""
RW2,806,4/30/2024 4:00,14.54,0,"","","",""
RW2,807,4/30/2024 4:05,14.54,0,"","","",""
RW2,808,4/30/2024 4:10,14.5,0,"","","",""
RW2,809,4/30/2024 4:15,14.5,0,"","","",""
RW2,810,4/30/2024 4:20,14.5,0,"","","",""
RW2,811,4/30/2024 4:25,14.5,0,"","","",""
RW2,812,4/30/2024 4:30,14.5,0,"","","",""
RW2,813,4/30/2024 4:35,14.45,0,"","","",""
RW2,814,4/30/2024 4:40,14.5,0,"","","",""
RW2,815,4/30/2024 4:45,14.41,0,"","","",""
RW2,816,4/30/2024 4:50,14.45,0,"","","",""
RW2,817,4/30/2024 4:55,14.37,0,"","","",""
RW2,818,4/30/2024 5:00,14.33,0,"","","",""
RW2,819,4/30/2024 5:05,14.15,0,"","","",""
RW2,820,4/30/2024 5:10,14.24,0,"","","",""
RW2,821,4/30/2024 5:15,14.11,0,"","","",""
RW2,822,4/30/2024 5:20,14.07,0,"","","",""
RW2,823,4/30/2024 5:25,13.98,0,"","","",""
RW2,824,4/30/2024 5:30,13.98,0,"","","",""
RW2,825,4/30/2024 5:35,13.94,0.65,"","","",""
RW2,826,4/30/2024 5:40,13.9,3.05,"","","",""
RW2,827,4/30/2024 5:45,13.94,8.74,"","","",""
RW2,828,4/30/2024 5:50,13.98,25.88,"","","",""
RW2,829,4/30/2024 5:55,14.03,71.86,"","","",""
RW2,830,4/30/2024 6:00,14.03,158.68,"","","",""
RW2,831,4/30/2024 6:05,13.98,317.52,"","","",""
RW2,832,4/30/2024 6:10,13.9,517.44,"","","",""
RW2,833,4/30/2024 6:15,13.98,676.8,"","","",""
RW2,834,4/30/2024 6:20,14.15,952.96,"","","",""
RW2,835,4/30/2024 6:25,14.28,1254.4,"","","",""
RW2,836,4/30/2024 6:30,14.41,1505.28,"","","",""
RW2,837,4/30/2024 6:35,14.63,2616.96,"","","",""
RW2,838,4/30/2024 6:40,14.67,2849.28,"","","",""
RW2,839,4/30/2024 6:45,14.84,2993.92,"","","",""
RW2,840,4/30/2024 6:50,14.93,3532.8,"","","",""
RW2,841,4/30/2024 6:55,15.27,5422.08,"","","",""
RW2,842,4/30/2024 7:00,15.53,6576.64,"","","",""
RW2,843,4/30/2024 7:05,15.61,6883.84,"","","",""
RW2,844,4/30/2024 7:10,16.08,9456.64,"","","",""
RW2,845,4/30/2024 7:15,17.03,11929.6,"","","",""
RW2,846,4/30/2024 7:20,18.57,14730.24,"","","",""
RW2,847,4/30/2024 7:25,17.8,16890.88,"","","",""
RW2,848,4/30/2024 7:30,18.57,16189.44,"","","",""
RW2,849,4/30/2024 7:35,19.56,15728.64,"","","",""
RW2,850,4/30/2024 7:40,19.47,18780.16,"","","",""
RW2,851,4/30/2024 7:45,18.7,16942.08,"","","",""
RW2,852,4/30/2024 7:50,19.56,19450.88,"","","",""
RW2,853,4/30/2024 7:55,19.82,18165.76,"","","",""
RW2,854,4/30/2024 8:00,19.95,17259.52,"","","",""
RW2,855,4/30/2024 8:05,20.29,21227.52,"","","",""
RW2,856,4/30/2024 8:10,20.85,22394.88,"","","",""
RW2,857,4/30/2024 8:15,21.88,25958.4,"","","",""
RW2,858,4/30/2024 8:20,24.41,35819.52,"","","",""
RW2,859,4/30/2024 8:25,24.75,37693.44,"","","",""
RW2,860,4/30/2024 8:30,27.11,50442.24,"","","",""
RW2,861,4/30/2024 8:35,26.21,30033.92,"","","",""
RW2,862,4/30/2024 8:40,26.81,35174.4,"","","",""
RW2,863,4/30/2024 8:45,26.77,36208.64,"","","",""
RW2,864,4/30/2024 8:50,28.35,53596.16,"","","",""
RW2,865,4/30/2024 8:55,28.78,57548.8,"","","",""
RW2,866,4/30/2024 9:00,31.23,43765.76,"","","",""
RW2,867,4/30/2024 9:05,30.67,38410.24,"","","",""
RW2,868,4/30/2024 9:10,31.4,38819.84,"","","",""
RW2,869,4/30/2024 9:15,31.06,46530.56,"","","",""
RW2,870,4/30/2024 9:20,31.57,45199.36,"","","",""
RW2,871,4/30/2024 9:25,31.79,38809.6,"","","",""
RW2,872,4/30/2024 9:30,32,38133.76,"","","",""
RW2,873,4/30/2024 9:35,31.92,55910.4,"","","",""
RW2,874,4/30/2024 9:40,31.44,44011.52,"","","",""
RW2,875,4/30/2024 9:45,32.69,54927.36,"","","",""
RW2,876,4/30/2024 9:50,32.77,72110.08,"","","",""
RW2,877,4/30/2024 9:55,32.69,46325.76,"","","",""
RW2,878,4/30/2024 10:00,33.25,45240.32,"","","",""
RW2,879,4/30/2024 10:05,34.92,73277.44,"","","",""
RW2,880,4/30/2024 10:10,34.88,76103.68,"","","",""
RW2,881,4/30/2024 10:15,34.75,53760,"","","",""
RW2,882,4/30/2024 10:20,35,68423.68,"","","",""
RW2,883,4/30/2024 10:25,39.08,94126.08,"","","",""
RW2,884,4/30/2024 10:30,40.41,90030.08,"","","",""
RW2,885,4/30/2024 10:35,40.15,75714.56,"","","",""
RW2,886,4/30/2024 10:40,39.55,73543.68,"","","",""
RW2,887,4/30/2024 10:45,39.38,116367.36,"","","",""
RW2,888,4/30/2024 10:50,39.34,117432.32,"","","",""
RW2,889,4/30/2024 10:55,38.86,81817.6,"","","",""
RW2,890,4/30/2024 11:00,38.44,89333.76,"","","",""
RW2,891,4/30/2024 11:05,39.25,74813.44,"","","",""
RW2,892,4/30/2024 11:10,40.02,89866.24,"","","",""
RW2,893,4/30/2024 11:15,40.24,90521.6,"","","",""
RW2,894,4/30/2024 11:20,40.84,90931.2,"","","",""
RW2,895,4/30/2024 11:25,41.4,91504.64,"","","",""
RW2,896,4/30/2024 11:30,41.18,92323.84,"","","",""
RW2,897,4/30/2024 11:35,41.65,92692.48,"","","",""
RW2,898,4/30/2024 11:40,41.44,92979.2,"","","",""
RW2,899,4/30/2024 11:45,41.57,93470.72,"","","",""
RW2,900,4/30/2024 11:50,41.22,93675.52,"","","",""
RW2,901,4/30/2024 11:55,40.88,94126.08,"","","",""
RW2,902,4/30/2024 12:00,40.45,94494.72,"","","",""
RW2,903,4/30/2024 12:05,39.72,94822.4,"","","",""
RW2,904,4/30/2024 12:10,39.34,94945.28,"","","",""
RW2,905,4/30/2024 12:15,39.08,94945.28,"","","",""
RW2,906,4/30/2024 12:20,39.38,95191.04,"","","",""
RW2,907,4/30/2024 12:25,39.47,95272.96,"","","",""
RW2,908,4/30/2024 12:30,39.42,95395.84,"","","",""
RW2,909,4/30/2024 12:35,39.51,95436.8,"","","",""
RW2,910,4/30/2024 12:40,39.51,95272.96,"","","",""
RW2,911,4/30/2024 12:45,39.17,95272.96,"","","",""
RW2,912,4/30/2024 12:50,38.69,95150.08,"","","",""
RW2,913,4/30/2024 12:55,38.18,94863.36,"","","",""
RW2,914,4/30/2024 13:00,37.75,94658.56,"","","",""
RW2,915,4/30/2024 13:05,37.28,94289.92,"","","",""
RW2,916,4/30/2024 13:10,37.02,94085.12,"","","",""
RW2,917,4/30/2024 13:15,36.81,93634.56,"","","",""
RW2,918,4/30/2024 13:20,36.68,92979.2,"","","",""
RW2,919,4/30/2024 13:25,36.51,92446.72,"","","",""
RW2,920,4/30/2024 13:30,36.21,91750.4,"","","",""
RW2,921,4/30/2024 13:35,35.95,91176.96,"","","",""
RW2,922,4/30/2024 13:40,35.3,90275.84,"","","",""
RW2,923,4/30/2024 13:45,35.3,89866.24,"","","",""
RW2,924,4/30/2024 13:50,34.75,89128.96,"","","",""
RW2,925,4/30/2024 13:55,34.27,88268.8,"","","",""
RW2,926,4/30/2024 14:00,33.59,87695.36,"","","",""
RW2,927,4/30/2024 14:05,33.8,86548.48,"","","",""
RW2,928,4/30/2024 14:10,33.29,85442.56,"","","",""
RW2,929,4/30/2024 14:15,33.42,84705.28,"","","",""
RW2,930,4/30/2024 14:20,33.16,83742.72,"","","",""
RW2,931,4/30/2024 14:25,32.86,82903.04,"","","",""
RW2,932,4/30/2024 14:30,32.6,81715.2,"","","",""
RW2,933,4/30/2024 14:35,32.22,80568.32,"","","",""
RW2,934,4/30/2024 14:40,32.04,79503.36,"","","",""
RW2,935,4/30/2024 14:45,31.61,78417.92,"","","",""
RW2,936,4/30/2024 14:50,31.36,77250.56,"","","",""
RW2,937,4/30/2024 14:55,31.01,75857.92,"","","",""
RW2,938,4/30/2024 15:00,30.8,74813.44,"","","",""
RW2,939,4/30/2024 15:05,30.37,73646.08,"","","",""
RW2,940,4/30/2024 15:10,30.16,72458.24,"","","",""
RW2,941,4/30/2024 15:15,29.68,71086.08,"","","",""
RW2,942,4/30/2024 15:20,29.38,69406.72,"","","",""
RW2,943,4/30/2024 15:25,29.21,68300.8,"","","",""
RW2,944,4/30/2024 15:30,29.21,66805.76,"","","",""
RW2,945,4/30/2024 15:35,28.7,65556.48,"","","",""
RW2,946,4/30/2024 15:40,22.61,2360.96,"","","",""
RW2,947,4/30/2024 15:45,21.28,2090.24,"","","",""
RW2,948,4/30/2024 15:50,20.89,2533.12,"","","",""
RW2,949,4/30/2024 15:55,20.2,2657.28,"","","",""
RW2,950,4/30/2024 16:00,19.69,1525.76,"","","",""
RW2,951,4/30/2024 16:05,19.09,1120.96,"","","",""
RW2,952,4/30/2024 16:10,22.61,49991.68,"","","",""
RW2,953,4/30/2024 16:15,22.86,49459.2,"","","",""
RW2,954,4/30/2024 16:20,22.01,25866.24,"","","",""
RW2,955,4/30/2024 16:25,21.79,50790.4,"","","",""
RW2,956,4/30/2024 16:30,21.83,34959.36,"","","",""
RW2,957,4/30/2024 16:35,22.26,46653.44,"","","",""
RW2,958,4/30/2024 16:40,20.76,32133.12,"","","",""
RW2,959,4/30/2024 16:45,21.88,46407.68,"","","",""
RW2,960,4/30/2024 16:50,19.77,10255.36,"","","",""
RW2,961,4/30/2024 16:55,20.42,37048.32,"","","",""
RW2,962,4/30/2024 17:00,19.73,11571.2,"","","",""
RW2,963,4/30/2024 17:05,19.35,5818.88,"","","",""
RW2,964,4/30/2024 17:10,20.42,37273.6,"","","",""
RW2,965,4/30/2024 17:15,19.6,17203.2,"","","",""
RW2,966,4/30/2024 17:20,19.39,22241.28,"","","",""
RW2,967,4/30/2024 17:25,18.92,2172.16,"","","",""
RW2,968,4/30/2024 17:30,18.96,8097.28,"","","",""
RW2,969,4/30/2024 17:35,18.1,7490.56,"","","",""
RW2,970,4/30/2024 17:40,17.93,3745.28,"","","",""
RW2,971,4/30/2024 17:45,17.8,128.8,"","","",""
RW2,972,4/30/2024 17:50,17.67,4791.04,"","","",""
RW2,973,4/30/2024 17:55,17.76,2714.88,"","","",""
RW2,974,4/30/2024 18:00,17.67,1475.84,"","","",""
RW2,975,4/30/2024 18:05,17.54,3452.16,"","","",""
RW2,976,4/30/2024 18:10,17.63,6423.04,"","","",""
RW2,977,4/30/2024 18:15,17.33,4279.04,"","","",""
RW2,978,4/30/2024 18:20,17.41,5025.28,"","","",""
RW2,979,4/30/2024 18:25,17.33,3328,"","","",""
RW2,980,4/30/2024 18:30,17.16,3554.56,"","","",""
RW2,981,4/30/2024 18:35,17.16,1207.36,"","","",""
RW2,982,4/30/2024 18:40,17.03,122.36,"","","",""
RW2,983,4/30/2024 18:45,17.03,2416.64,"","","",""
RW2,984,4/30/2024 18:50,16.94,4323.84,"","","",""
RW2,985,4/30/2024 18:55,16.9,2273.92,"","","",""
RW2,986,4/30/2024 19:00,16.81,1680.64,"","","",""
RW2,987,4/30/2024 19:05,16.73,3159.04,"","","",""
RW2,988,4/30/2024 19:10,16.86,1610.88,"","","",""
RW2,989,4/30/2024 19:15,16.64,2238.72,"","","",""
RW2,990,4/30/2024 19:20,16.69,518.72,"","","",""
RW2,991,4/30/2024 19:25,16.6,1234.56,"","","",""
RW2,992,4/30/2024 19:30,16.47,234.48,"","","",""
RW2,993,4/30/2024 19:35,16.26,245.6,"","","",""
RW2,994,4/30/2024 19:40,16.43,265.68,"","","",""
RW2,995,4/30/2024 19:45,16.39,120.96,"","","",""
RW2,996,4/30/2024 19:50,16.47,19.72,"","","",""
RW2,997,4/30/2024 19:55,16.04,15.31,"","","",""
RW2,998,4/30/2024 20:00,16.17,1.96,"","","",""
RW2,999,4/30/2024 20:05,16.13,0,"","","",""
RW2,1000,4/30/2024 20:10,16.04,0.43,"","","",""
RW2,1001,4/30/2024 20:15,15.7,0,"","","",""
RW2,1002,4/30/2024 20:20,15.87,0,"","","",""
RW2,1003,4/30/2024 20:25,15.78,0,"","","",""
RW2,1004,4/30/2024 20:30,15.87,0,"","","",""
RW2,1005,4/30/2024 20:35,15.74,0,"","","",""
RW2,1006,4/30/2024 20:40,15.61,0,"","","",""
RW2,1007,4/30/2024 20:45,15.83,0,"","","",""
RW2,1008,4/30/2024 20:50,15.83,0,"","","",""
RW2,1009,4/30/2024 20:55,15.7,0,"","","",""
RW2,1010,4/30/2024 21:00,15.7,0,"","","",""
RW2,1011,4/30/2024 21:05,15.61,0,"","","",""
RW2,1012,4/30/2024 21:10,15.44,0,"","","",""
RW2,1013,4/30/2024 21:15,15.83,0,"","","",""
RW2,1014,4/30/2024 21:20,15.53,0,"","","",""
RW2,1015,4/30/2024 21:25,15.78,0,"","","",""
RW2,1016,4/30/2024 21:30,15.66,0,"","","",""
RW2,1017,4/30/2024 21:35,15.74,0,"","","",""
RW2,1018,4/30/2024 21:40,15.87,0,"","","",""
RW2,1019,4/30/2024 21:45,15.87,0,"","","",""
RW2,1020,4/30/2024 21:50,15.78,0,"","","",""
RW2,1021,4/30/2024 21:55,15.87,0,"","","",""
RW2,1022,4/30/2024 22:00,15.7,0,"","","",""
RW2,1023,4/30/2024 22:05,15.83,0,"","","",""
RW2,1024,4/30/2024 22:10,15.83,0,"","","",""
RW2,1025,4/30/2024 22:15,15.83,0,"","","",""
RW2,1026,4/30/2024 22:20,15.78,0,"","","",""
RW2,1027,4/30/2024 22:25,15.83,0,"","","",""
RW2,1028,4/30/2024 22:30,15.83,0,"","","",""
RW2,1029,4/30/2024 22:35,15.87,0,"","","",""
RW2,1030,4/30/2024 22:40,15.83,0,"","","",""
RW2,1031,4/30/2024 22:45,15.83,0,"","","",""
RW2,1032,4/30/2024 22:50,15.83,0,"","","",""
RW2,1033,4/30/2024 22:55,15.83,0,"","","",""
RW2,1034,4/30/2024 23:00,15.78,0,"","","",""
RW2,1035,4/30/2024 23:05,15.83,0,"","","",""
RW2,1036,4/30/2024 23:10,15.83,0,"","","",""
RW2,1037,4/30/2024 23:15,15.78,0,"","","",""
RW2,1038,4/30/2024 23:20,15.78,0,"","","",""
RW2,1039,4/30/2024 23:25,15.78,0,"","","",""
RW2,1040,4/30/2024 23:30,15.74,0,"","","",""
RW2,1041,4/30/2024 23:35,15.78,0,"","","",""
RW2,1042,4/30/2024 23:40,15.78,0,"","","",""
RW2,1043,4/30/2024 23:45,15.74,0,"","","",""
RW2,1044,4/30/2024 23:50,15.7,0,"","","",""
RW2,1045,4/30/2024 23:55,15.7,0,"","","",""
RW2,1046,5/1/2024 0:00,15.74,0,"","","",""
RW2,1047,5/1/2024 0:05,15.66,0,"","","",""
RW2,1048,5/1/2024 0:10,15.7,0,"","","",""
RW2,1049,5/1/2024 0:15,15.66,0,"","","",""
RW2,1050,5/1/2024 0:20,15.66,0,"","","",""
RW2,1051,5/1/2024 0:25,15.7,0,"","","",""
RW2,1052,5/1/2024 0:30,15.66,0,"","","",""
RW2,1053,5/1/2024 0:35,15.66,0,"","","",""
RW2,1054,5/1/2024 0:40,15.7,0,"","","",""
RW2,1055,5/1/2024 0:45,15.66,0,"","","",""
RW2,1056,5/1/2024 0:50,15.61,0,"","","",""
RW2,1057,5/1/2024 0:55,15.61,0,"","","",""
RW2,1058,5/1/2024 1:00,15.66,0,"","","",""
RW2,1059,5/1/2024 1:05,15.61,0,"","","",""
RW2,1060,5/1/2024 1:10,15.61,0,"","","",""
RW2,1061,5/1/2024 1:15,15.61,0,"","","",""
RW2,1062,5/1/2024 1:20,15.57,0,"","","",""
RW2,1063,5/1/2024 1:25,15.57,0,"","","",""
RW2,1064,5/1/2024 1:30,15.57,0,"","","",""
RW2,1065,5/1/2024 1:35,15.53,0,"","","",""
RW2,1066,5/1/2024 1:40,15.48,0,"","","",""
RW2,1067,5/1/2024 1:45,15.48,0,"","","",""
RW2,1068,5/1/2024 1:50,15.53,0,"","","",""
RW2,1069,5/1/2024 1:55,15.44,0,"","","",""
RW2,1070,5/1/2024 2:00,15.44,0,"","","",""
RW2,1071,5/1/2024 2:05,15.44,0,"","","",""
RW2,1072,5/1/2024 2:10,15.44,0,"","","",""
RW2,1073,5/1/2024 2:15,15.4,0,"","","",""
RW2,1074,5/1/2024 2:20,15.36,0,"","","",""
RW2,1075,5/1/2024 2:25,15.36,0,"","","",""
RW2,1076,5/1/2024 2:30,15.36,0,"","","",""
RW2,1077,5/1/2024 2:35,15.36,0,"","","",""
RW2,1078,5/1/2024 2:40,15.36,0,"","","",""
RW2,1079,5/1/2024 2:45,15.31,0,"","","",""
RW2,1080,5/1/2024 2:50,15.27,0,"","","",""
RW2,1081,5/1/2024 2:55,15.27,0,"","","",""
RW2,1082,5/1/2024 3:00,15.27,0,"","","",""
RW2,1083,5/1/2024 3:05,15.23,0,"","","",""
RW2,1084,5/1/2024 3:10,15.14,0,"","","",""
RW2,1085,5/1/2024 3:15,15.06,0,"","","",""
RW2,1086,5/1/2024 3:20,15.1,0,"","","",""
RW2,1087,5/1/2024 3:25,15.06,0,"","","",""
RW2,1088,5/1/2024 3:30,15.06,0,"","","",""
RW2,1089,5/1/2024 3:35,15.06,0,"","","",""
RW2,1090,5/1/2024 3:40,15.06,0,"","","",""
RW2,1091,5/1/2024 3:45,15.06,0,"","","",""
RW2,1092,5/1/2024 3:50,15.1,0,"","","",""
RW2,1093,5/1/2024 3:55,15.06,0,"","","",""
RW2,1094,5/1/2024 4:00,15.06,0,"","","",""
RW2,1095,5/1/2024 4:05,15.01,0,"","","",""
RW2,1096,5/1/2024 4:10,15.01,0,"","","",""
RW2,1097,5/1/2024 4:15,14.93,0,"","","",""
RW2,1098,5/1/2024 4:20,14.97,0,"","","",""
RW2,1099,5/1/2024 4:25,14.97,0,"","","",""
RW2,1100,5/1/2024 4:30,14.88,0,"","","",""
RW2,1101,5/1/2024 4:35,14.84,0,"","","",""
RW2,1102,5/1/2024 4:40,14.88,0,"","","",""
RW2,1103,5/1/2024 4:45,14.84,0,"","","",""
RW2,1104,5/1/2024 4:50,14.84,0,"","","",""
RW2,1105,5/1/2024 4:55,14.88,0,"","","",""
RW2,1106,5/1/2024 5:00,14.84,0,"","","",""
RW2,1107,5/1/2024 5:05,14.88,0,"","","",""
RW2,1108,5/1/2024 5:10,14.84,0,"","","",""
RW2,1109,5/1/2024 5:15,14.84,0,"","","",""
RW2,1110,5/1/2024 5:20,14.84,0,"","","",""
RW2,1111,5/1/2024 5:25,14.84,0,"","","",""
RW2,1112,5/1/2024 5:30,14.88,0,"","","",""
RW2,1113,5/1/2024 5:35,14.84,1.08,"","","",""
RW2,1114,5/1/2024 5:40,14.88,0.65,"","","",""
RW2,1115,5/1/2024 5:45,14.84,1.3,"","","",""
RW2,1116,5/1/2024 5:50,14.8,13.16,"","","",""
RW2,1117,5/1/2024 5:55,14.8,64.9,"","","",""
RW2,1118,5/1/2024 6:00,14.71,330.56,"","","",""
RW2,1119,5/1/2024 6:05,14.63,596.32,"","","",""
RW2,1120,5/1/2024 6:10,14.54,967.68,"","","",""
RW2,1121,5/1/2024 6:15,14.63,692.16,"","","",""
RW2,1122,5/1/2024 6:20,14.54,2311.68,"","","",""
RW2,1123,5/1/2024 6:25,14.54,3221.76,"","","",""
RW2,1124,5/1/2024 6:30,14.45,4445.44,"","","",""
RW2,1125,5/1/2024 6:35,14.63,5954.56,"","","",""
RW2,1126,5/1/2024 6:40,15.23,7664.64,"","","",""
RW2,1127,5/1/2024 6:45,15.87,9500.16,"","","",""
RW2,1128,5/1/2024 6:50,16.73,11473.92,"","","",""
RW2,1129,5/1/2024 6:55,17.5,13132.8,"","","",""
RW2,1130,5/1/2024 7:00,18.44,15631.36,"","","",""
RW2,1131,5/1/2024 7:05,19.3,17520.64,"","","",""
RW2,1132,5/1/2024 7:10,20.2,19717.12,"","","",""
RW2,1133,5/1/2024 7:15,21.23,22026.24,"","","",""
RW2,1134,5/1/2024 7:20,22.18,23859.2,"","","",""
RW2,1135,5/1/2024 7:25,23.16,25856,"","","",""
RW2,1136,5/1/2024 7:30,24.06,27955.2,"","","",""
RW2,1137,5/1/2024 7:35,24.92,29736.96,"","","",""
RW2,1138,5/1/2024 7:40,25.87,32235.52,"","","",""
RW2,1139,5/1/2024 7:45,26.77,34191.36,"","","",""
RW2,1140,5/1/2024 7:50,27.67,36311.04,"","","",""
RW2,1141,5/1/2024 7:55,28.53,38021.12,"","","",""
RW2,1142,5/1/2024 8:00,29.38,39270.4,"","","",""
RW2,1143,5/1/2024 8:05,30.11,40509.44,"","","",""
RW2,1144,5/1/2024 8:10,31.06,42065.92,"","","",""
RW2,1145,5/1/2024 8:15,31.79,43397.12,"","","",""
RW2,1146,5/1/2024 8:20,32.17,44707.84,"","","",""
RW2,1147,5/1/2024 8:25,32.47,46817.28,"","","",""
RW2,1148,5/1/2024 8:30,32.73,48025.6,"","","",""
RW2,1149,5/1/2024 8:35,32.86,49889.28,"","","",""
RW2,1150,5/1/2024 8:40,33.03,51220.48,"","","",""
RW2,1151,5/1/2024 8:45,33.16,53841.92,"","","",""
RW2,1152,5/1/2024 8:50,33.5,54968.32,"","","",""
RW2,1153,5/1/2024 8:55,33.59,56545.28,"","","",""
RW2,1154,5/1/2024 9:00,33.5,58490.88,"","","",""
RW2,1155,5/1/2024 9:05,33.42,59760.64,"","","",""
RW2,1156,5/1/2024 9:10,33.5,61603.84,"","","",""
RW2,1157,5/1/2024 9:15,33.63,62955.52,"","","",""
RW2,1158,5/1/2024 9:20,33.67,64163.84,"","","",""
RW2,1159,5/1/2024 9:25,33.93,65495.04,"","","",""
RW2,1160,5/1/2024 9:30,34.19,67235.84,"","","",""
RW2,1161,5/1/2024 9:35,34.32,68341.76,"","","",""
RW2,1162,5/1/2024 9:40,34.36,69693.44,"","","",""
RW2,1163,5/1/2024 9:45,34.66,71127.04,"","","",""
RW2,1164,5/1/2024 9:50,35.09,73543.68,"","","",""
RW2,1165,5/1/2024 9:55,35.26,74465.28,"","","",""
RW2,1166,5/1/2024 10:00,35.09,75571.2,"","","",""
RW2,1167,5/1/2024 10:05,35.18,77250.56,"","","",""
RW2,1168,5/1/2024 10:10,35.22,78192.64,"","","",""
RW2,1169,5/1/2024 10:15,35.39,79196.16,"","","",""
RW2,1170,5/1/2024 10:20,35.18,80158.72,"","","",""
RW2,1171,5/1/2024 10:25,34.96,82042.88,"","","",""
RW2,1172,5/1/2024 10:30,35.09,82903.04,"","","",""
RW2,1173,5/1/2024 10:35,35.22,83333.12,"","","",""
RW2,1174,5/1/2024 10:40,35.22,84828.16,"","","",""
RW2,1175,5/1/2024 10:45,35.26,86220.8,"","","",""
RW2,1176,5/1/2024 10:50,35.26,85934.08,"","","",""
RW2,1177,5/1/2024 10:55,35.13,87654.4,"","","",""
RW2,1178,5/1/2024 11:00,35.26,88678.4,"","","",""
RW2,1179,5/1/2024 11:05,35.22,89169.92,"","","",""
RW2,1180,5/1/2024 11:10,35.3,90112,"","","",""
RW2,1181,5/1/2024 11:15,35.05,90275.84,"","","",""
RW2,1182,5/1/2024 11:20,34.92,91095.04,"","","",""
RW2,1183,5/1/2024 11:25,34.92,91914.24,"","","",""
RW2,1184,5/1/2024 11:30,34.83,92078.08,"","","",""
RW2,1185,5/1/2024 11:35,34.57,92897.28,"","","",""
RW2,1186,5/1/2024 11:40,34.79,93470.72,"","","",""
RW2,1187,5/1/2024 11:45,34.79,93470.72,"","","",""
RW2,1188,5/1/2024 11:50,34.4,94494.72,"","","",""
RW2,1189,5/1/2024 11:55,34.62,94658.56,"","","",""
RW2,1190,5/1/2024 12:00,34.88,94535.68,"","","",""
RW2,1191,5/1/2024 12:05,34.88,95109.12,"","","",""
RW2,1192,5/1/2024 12:10,34.92,95027.2,"","","",""
RW2,1193,5/1/2024 12:15,34.7,95313.92,"","","",""
RW2,1194,5/1/2024 12:20,34.53,95600.64,"","","",""
RW2,1195,5/1/2024 12:25,34.53,95027.2,"","","",""
RW2,1196,5/1/2024 12:30,34.4,95272.96,"","","",""
RW2,1197,5/1/2024 12:35,34.19,95232,"","","",""
RW2,1198,5/1/2024 12:40,34.32,95027.2,"","","",""
RW2,1199,5/1/2024 12:45,34.19,95313.92,"","","",""
RW2,1200,5/1/2024 12:50,34.06,94863.36,"","","",""
RW2,1201,5/1/2024 12:55,34.15,94576.64,"","","",""
RW2,1202,5/1/2024 13:00,34.06,94248.96,"","","",""
RW2,1203,5/1/2024 13:05,34.15,93634.56,"","","",""
RW2,1204,5/1/2024 13:10,34.06,93306.88,"","","",""
RW2,1205,5/1/2024 13:15,34.15,92487.68,"","","",""
RW2,1206,5/1/2024 13:20,34.02,92037.12,"","","",""
RW2,1207,5/1/2024 13:25,34.19,91258.88,"","","",""
RW2,1208,5/1/2024 13:30,33.85,90767.36,"","","",""
RW2,1209,5/1/2024 13:35,33.93,89784.32,"","","",""
RW2,1210,5/1/2024 13:40,33.8,89169.92,"","","",""
RW2,1211,5/1/2024 13:45,33.89,88473.6,"","","",""
RW2,1212,5/1/2024 13:50,33.89,87572.48,"","","",""
RW2,1213,5/1/2024 13:55,33.76,86876.16,"","","",""
RW2,1214,5/1/2024 14:00,33.55,86016,"","","",""
RW2,1215,5/1/2024 14:05,33.46,85073.92,"","","",""
RW2,1216,5/1/2024 14:10,33.5,83804.16,"","","",""
RW2,1217,5/1/2024 14:15,33.2,82862.08,"","","",""
RW2,1218,5/1/2024 14:20,33.2,81797.12,"","","",""
RW2,1219,5/1/2024 14:25,33.16,80670.72,"","","",""
RW2,1220,5/1/2024 14:30,33.07,79503.36,"","","",""
RW2,1221,5/1/2024 14:35,32.9,78336,"","","",""
RW2,1222,5/1/2024 14:40,32.77,77004.8,"","","",""
RW2,1223,5/1/2024 14:45,32.69,75796.48,"","","",""
RW2,1224,5/1/2024 14:50,32.52,74403.84,"","","",""
RW2,1225,5/1/2024 14:55,32.52,73318.4,"","","",""
RW2,1226,5/1/2024 15:00,32.52,72110.08,"","","",""
RW2,1227,5/1/2024 15:05,32.17,70778.88,"","","",""
RW2,1228,5/1/2024 15:10,31.96,69488.64,"","","",""
RW2,1229,5/1/2024 15:15,31.61,67850.24,"","","",""
RW2,1230,5/1/2024 15:20,31.27,66478.08,"","","",""
RW2,1231,5/1/2024 15:25,31.06,64942.08,"","","",""
RW2,1232,5/1/2024 15:30,30.84,63406.08,"","","",""
RW2,1233,5/1/2024 15:35,30.63,62115.84,"","","",""
RW2,1234,5/1/2024 15:40,30.54,60600.32,"","","",""
RW2,1235,5/1/2024 15:45,30.28,59166.72,"","","",""
RW2,1236,5/1/2024 15:50,30.03,57630.72,"","","",""
RW2,1237,5/1/2024 15:55,29.21,56156.16,"","","",""
RW2,1238,5/1/2024 16:00,26.85,53227.52,"","","",""
RW2,1239,5/1/2024 16:05,23.34,12830.72,"","","",""
RW2,1240,5/1/2024 16:10,20.25,2172.16,"","","",""
RW2,1241,5/1/2024 16:15,19,421.92,"","","",""
RW2,1242,5/1/2024 16:20,18.96,811.2,"","","",""
RW2,1243,5/1/2024 16:25,18.74,142.44,"","","",""
RW2,1244,5/1/2024 16:30,19.69,15252.48,"","","",""
RW2,1245,5/1/2024 16:35,19.22,440,"","","",""
RW2,1246,5/1/2024 16:40,21.06,8404.48,"","","",""
RW2,1247,5/1/2024 16:45,22.18,44298.24,"","","",""
RW2,1248,5/1/2024 16:50,20.03,511.68,"","","",""
RW2,1249,5/1/2024 16:55,20.03,28057.6,"","","",""
RW2,1250,5/1/2024 17:00,19.6,1326.08,"","","",""
RW2,1251,5/1/2024 17:05,19.22,11960.32,"","","",""
RW2,1252,5/1/2024 17:10,19.22,21104.64,"","","",""
RW2,1253,5/1/2024 17:15,18.92,1431.04,"","","",""
RW2,1254,5/1/2024 17:20,19.05,9925.12,"","","",""
RW2,1255,5/1/2024 17:25,18.79,10920.96,"","","",""
RW2,1256,5/1/2024 17:30,18.62,17.81,"","","",""
RW2,1257,5/1/2024 17:35,18.49,5931.52,"","","",""
RW2,1258,5/1/2024 17:40,18.44,4697.6,"","","",""
RW2,1259,5/1/2024 17:45,18.49,408.64,"","","",""
RW2,1260,5/1/2024 17:50,18.53,338.24,"","","",""
RW2,1261,5/1/2024 17:55,18.49,3086.08,"","","",""
RW2,1262,5/1/2024 18:00,18.4,745.28,"","","",""
RW2,1263,5/1/2024 18:05,18.32,1198.72,"","","",""
RW2,1264,5/1/2024 18:10,18.19,220.32,"","","",""
RW2,1265,5/1/2024 18:15,18.14,546.56,"","","",""
RW2,1266,5/1/2024 18:20,18.1,463.04,"","","",""
RW2,1267,5/1/2024 18:25,18.06,857.92,"","","",""
RW2,1268,5/1/2024 18:30,17.97,57.32,"","","",""
RW2,1269,5/1/2024 18:35,17.97,115.96,"","","",""
RW2,1270,5/1/2024 18:40,17.97,552.32,"","","",""
RW2,1271,5/1/2024 18:45,17.89,159.76,"","","",""
RW2,1272,5/1/2024 18:50,17.84,50.18,"","","",""
RW2,1273,5/1/2024 18:55,17.84,560.16,"","","",""
RW2,1274,5/1/2024 19:00,17.8,6.18,"","","",""
RW2,1275,5/1/2024 19:05,17.76,706.56,"","","",""
RW2,1276,5/1/2024 19:10,17.67,28.6,"","","",""
RW2,1277,5/1/2024 19:15,17.63,18.69,"","","",""
RW2,1278,5/1/2024 19:20,17.54,200.96,"","","",""
RW2,1279,5/1/2024 19:25,17.5,28.28,"","","",""
RW2,1280,5/1/2024 19:30,17.46,212.08,"","","",""
RW2,1281,5/1/2024 19:35,17.41,10.08,"","","",""
RW2,1282,5/1/2024 19:40,17.37,170.96,"","","",""
RW2,1283,5/1/2024 19:45,17.33,21.47,"","","",""
RW2,1284,5/1/2024 19:50,17.29,15.74,"","","",""
RW2,1285,5/1/2024 19:55,17.24,0.43,"","","",""
RW2,1286,5/1/2024 20:00,17.16,0,"","","",""
RW2,1287,5/1/2024 20:05,17.11,0,"","","",""
RW2,1288,5/1/2024 20:10,17.11,0,"","","",""
RW2,1289,5/1/2024 20:15,17.07,0,"","","",""
RW2,1290,5/1/2024 20:20,16.99,0,"","","",""
RW2,1291,5/1/2024 20:25,16.9,0,"","","",""
RW2,1292,5/1/2024 20:30,16.81,0,"","","",""
RW2,1293,5/1/2024 20:35,16.86,0,"","","",""
RW2,1294,5/1/2024 20:40,16.86,0,"","","",""
RW2,1295,5/1/2024 20:45,16.73,0,"","","",""
RW2,1296,5/1/2024 20:50,16.64,0,"","","",""
RW2,1297,5/1/2024 20:55,16.56,0,"","","",""
RW2,1298,5/1/2024 21:00,16.04,0,"","","",""
RW2,1299,5/1/2024 21:05,16.08,0,"","","",""
RW2,1300,5/1/2024 21:10,16.26,0,"","","",""
RW2,1301,5/1/2024 21:15,16.04,0,"","","",""
RW2,1302,5/1/2024 21:20,15.78,0,"","","",""
RW2,1303,5/1/2024 21:25,15.78,0,"","","",""
RW2,1304,5/1/2024 21:30,15.36,0,"","","",""
RW2,1305,5/1/2024 21:35,15.14,0,"","","",""
RW2,1306,5/1/2024 21:40,15.4,0,"","","",""
RW2,1307,5/1/2024 21:45,15.44,0,"","","",""
RW2,1308,5/1/2024 21:50,14.8,0,"","","",""
RW2,1309,5/1/2024 21:55,14.2,0,"","","",""
RW2,1310,5/1/2024 22:00,13.85,0,"","","",""
RW2,1311,5/1/2024 22:05,13.77,0,"","","",""
RW2,1312,5/1/2024 22:10,13.55,0,"","","",""
RW2,1313,5/1/2024 22:15,13.43,0,"","","",""
RW2,1314,5/1/2024 22:20,13.25,0,"","","",""
RW2,1315,5/1/2024 22:25,13.08,0,"","","",""
RW2,1316,5/1/2024 22:30,12.91,0,"","","",""
RW2,1317,5/1/2024 22:35,12.95,0,"","","",""
RW2,1318,5/1/2024 22:40,12.4,0,"","","",""
RW2,1319,5/1/2024 22:45,12.35,0,"","","",""
RW2,1320,5/1/2024 22:50,12.35,0,"","","",""
RW2,1321,5/1/2024 22:55,12.22,0,"","","",""
RW2,1322,5/1/2024 23:00,12.01,0,"","","",""
RW2,1323,5/1/2024 23:05,11.97,0,"","","",""
RW2,1324,5/1/2024 23:10,12.18,0,"","","",""
RW2,1325,5/1/2024 23:15,13.3,0,"","","",""
RW2,1326,5/1/2024 23:20,13.51,0,"","","",""
RW2,1327,5/1/2024 23:25,13.12,0,"","","",""
RW2,1328,5/1/2024 23:30,13.38,0,"","","",""
RW2,1329,5/1/2024 23:35,13.08,0,"","","",""
RW2,1330,5/1/2024 23:40,12.95,0,"","","",""
RW2,1331,5/1/2024 23:45,12.7,0,"","","",""
RW2,1332,5/1/2024 23:50,12.82,0,"","","",""
RW2,1333,5/1/2024 23:55,13.17,0,"","","",""
RW2,1334,5/2/2024 0:00,13.64,0,"","","",""
RW2,1335,5/2/2024 0:05,14.11,0,"","","",""
RW2,1336,5/2/2024 0:10,14.45,0,"","","",""
RW2,1337,5/2/2024 0:15,14.84,0,"","","",""
RW2,1338,5/2/2024 0:20,14.88,0,"","","",""
RW2,1339,5/2/2024 0:25,15.44,0,"","","",""
RW2,1340,5/2/2024 0:30,15.31,0,"","","",""
RW2,1341,5/2/2024 0:35,15.36,0,"","","",""
RW2,1342,5/2/2024 0:40,15.48,0,"","","",""
RW2,1343,5/2/2024 0:45,15.27,0,"","","",""
RW2,1344,5/2/2024 0:50,15.74,0,"","","",""
RW2,1345,5/2/2024 0:55,15.66,0,"","","",""
RW2,1346,5/2/2024 1:00,15.83,0,"","","",""
RW2,1347,5/2/2024 1:05,15.96,0,"","","",""
RW2,1348,5/2/2024 1:10,16.04,0,"","","",""
RW2,1349,5/2/2024 1:15,15.96,0,"","","",""
RW2,1350,5/2/2024 1:20,16.04,0,"","","",""
RW2,1351,5/2/2024 1:25,16.04,0,"","","",""
RW2,1352,5/2/2024 1:30,16.04,0,"","","",""
RW2,1353,5/2/2024 1:35,16.04,0,"","","",""
RW2,1354,5/2/2024 1:40,16,0,"","","",""
RW2,1355,5/2/2024 1:45,16,0,"","","",""
RW2,1356,5/2/2024 1:50,16,0,"","","",""
RW2,1357,5/2/2024 1:55,16,0,"","","",""
RW2,1358,5/2/2024 2:00,16,0,"","","",""
RW2,1359,5/2/2024 2:05,15.96,0,"","","",""
RW2,1360,5/2/2024 2:10,15.91,0,"","","",""
RW2,1361,5/2/2024 2:15,15.96,0,"","","",""
RW2,1362,5/2/2024 2:20,15.91,0,"","","",""
RW2,1363,5/2/2024 2:25,15.91,0,"","","",""
RW2,1364,5/2/2024 2:30,15.91,0,"","","",""
RW2,1365,5/2/2024 2:35,15.91,0,"","","",""
RW2,1366,5/2/2024 2:40,15.87,0,"","","",""
RW2,1367,5/2/2024 2:45,15.87,0,"","","",""
RW2,1368,5/2/2024 2:50,15.91,0,"","","",""
RW2,1369,5/2/2024 2:55,15.96,0,"","","",""
RW2,1370,5/2/2024 3:00,15.87,0,"","","",""
RW2,1371,5/2/2024 3:05,15.91,0,"","","",""
RW2,1372,5/2/2024 3:10,15.87,0,"","","",""
RW2,1373,5/2/2024 3:15,15.87,0,"","","",""
RW2,1374,5/2/2024 3:20,15.87,0,"","","",""
RW2,1375,5/2/2024 3:25,15.87,0,"","","",""
RW2,1376,5/2/2024 3:30,15.87,0,"","","",""
RW2,1377,5/2/2024 3:35,15.83,0,"","","",""
RW2,1378,5/2/2024 3:40,15.83,0,"","","",""
RW2,1379,5/2/2024 3:45,15.83,0,"","","",""
RW2,1380,5/2/2024 3:50,15.78,0,"","","",""
RW2,1381,5/2/2024 3:55,15.83,0,"","","",""
RW2,1382,5/2/2024 4:00,15.83,0,"","","",""
RW2,1383,5/2/2024 4:05,15.83,0,"","","",""
RW2,1384,5/2/2024 4:10,15.78,0,"","","",""
RW2,1385,5/2/2024 4:15,15.78,0,"","","",""
RW2,1386,5/2/2024 4:20,15.78,0,"","","",""
RW2,1387,5/2/2024 4:25,15.78,0,"","","",""
RW2,1388,5/2/2024 4:30,15.83,0,"","","",""
RW2,1389,5/2/2024 4:35,15.78,0,"","","",""
RW2,1390,5/2/2024 4:40,15.7,0,"","","",""
RW2,1391,5/2/2024 4:45,15.7,0,"","","",""
RW2,1392,5/2/2024 4:50,15.74,0,"","","",""
RW2,1393,5/2/2024 4:55,15.66,0,"","","",""
RW2,1394,5/2/2024 5:00,15.66,0,"","","",""
RW2,1395,5/2/2024 5:05,15.66,0,"","","",""
RW2,1396,5/2/2024 5:10,15.66,0,"","","",""
RW2,1397,5/2/2024 5:15,15.66,0,"","","",""
RW2,1398,5/2/2024 5:20,15.61,0,"","","",""
RW2,1399,5/2/2024 5:25,15.61,0,"","","",""
RW2,1400,5/2/2024 5:30,15.57,0,"","","",""
RW2,1401,5/2/2024 5:35,15.57,0,"","","",""
RW2,1402,5/2/2024 5:40,15.57,0,"","","",""
RW2,1403,5/2/2024 5:45,15.57,0.43,"","","",""
RW2,1404,5/2/2024 5:50,15.53,1.96,"","","",""
RW2,1405,5/2/2024 5:55,15.53,5.01,"","","",""
RW2,1406,5/2/2024 6:00,15.53,10.46,"","","",""
RW2,1407,5/2/2024 6:05,15.53,20.32,"","","",""
RW2,1408,5/2/2024 6:10,15.53,0.43,"","","",""
RW2,1409,5/2/2024 6:15,15.48,2.17,"","","",""
RW2,1410,5/2/2024 6:20,15.48,146.36,"","","",""
RW2,1411,5/2/2024 6:25,15.48,10.49,"","","",""
RW2,1412,5/2/2024 6:30,15.53,4.38,"","","",""
RW2,1413,5/2/2024 6:35,15.48,64.08,"","","",""
RW2,1414,5/2/2024 6:40,15.48,278.08,"","","",""
RW2,1415,5/2/2024 6:45,15.48,428.96,"","","",""
RW2,1416,5/2/2024 6:50,15.53,1120.32,"","","",""
RW2,1417,5/2/2024 6:55,15.53,736.64,"","","",""
RW2,1418,5/2/2024 7:00,15.48,697.28,"","","",""
RW2,1419,5/2/2024 7:05,15.53,1500.8,"","","",""
RW2,1420,5/2/2024 7:10,15.48,1713.28,"","","",""
RW2,1421,5/2/2024 7:15,15.48,1996.16,"","","",""
RW2,1422,5/2/2024 7:20,15.48,1989.12,"","","",""
RW2,1423,5/2/2024 7:25,15.36,2277.12,"","","",""
RW2,1424,5/2/2024 7:30,15.36,2690.56,"","","",""
RW2,1425,5/2/2024 7:35,15.4,3100.16,"","","",""
RW2,1426,5/2/2024 7:40,15.57,3390.72,"","","",""
RW2,1427,5/2/2024 7:45,15.57,3688.96,"","","",""
RW2,1428,5/2/2024 7:50,15.7,4264.96,"","","",""
RW2,1429,5/2/2024 7:55,15.91,4920.32,"","","",""
RW2,1430,5/2/2024 8:00,16,5496.32,"","","",""
RW2,1431,5/2/2024 8:05,16.13,5404.16,"","","",""
RW2,1432,5/2/2024 8:10,16.17,5460.48,"","","",""
RW2,1433,5/2/2024 8:15,16.39,6205.44,"","","",""
RW2,1434,5/2/2024 8:20,16.51,6597.12,"","","",""
RW2,1435,5/2/2024 8:25,16.73,7426.56,"","","",""
RW2,1436,5/2/2024 8:30,16.77,7183.36,"","","",""
RW2,1437,5/2/2024 8:35,16.86,7147.52,"","","",""
RW2,1438,5/2/2024 8:40,16.94,6796.8,"","","",""
RW2,1439,5/2/2024 8:45,16.94,6748.16,"","","",""
RW2,1440,5/2/2024 8:50,17.03,7127.04,"","","",""
RW2,1441,5/2/2024 8:55,17.2,7992.32,"","","",""
RW2,1442,5/2/2024 9:00,17.37,8368.64,"","","",""
RW2,1443,5/2/2024 9:05,17.59,9310.72,"","","",""
RW2,1444,5/2/2024 9:10,17.8,10844.16,"","","",""
RW2,1445,5/2/2024 9:15,18.23,11366.4,"","","",""
RW2,1446,5/2/2024 9:20,18.49,11023.36,"","","",""
RW2,1447,5/2/2024 9:25,18.62,10042.88,"","","",""
RW2,1448,5/2/2024 9:30,18.49,9548.8,"","","",""
RW2,1449,5/2/2024 9:35,18.57,10654.72,"","","",""
RW2,1450,5/2/2024 9:40,18.66,11540.48,"","","",""
RW2,1451,5/2/2024 9:45,18.87,12963.84,"","","",""
RW2,1452,5/2/2024 9:50,19.26,15037.44,"","","",""
RW2,1453,5/2/2024 9:55,19.82,15831.04,"","","",""
RW2,1454,5/2/2024 10:00,20.16,14561.28,"","","",""
RW2,1455,5/2/2024 10:05,20.12,12810.24,"","","",""
RW2,1456,5/2/2024 10:10,19.99,13199.36,"","","",""
RW2,1457,5/2/2024 10:15,19.99,14387.2,"","","",""
RW2,1458,5/2/2024 10:20,20.25,15349.76,"","","",""
RW2,1459,5/2/2024 10:25,20.5,16312.32,"","","",""
RW2,1460,5/2/2024 10:30,20.76,17059.84,"","","",""
RW2,1461,5/2/2024 10:35,21.06,18273.28,"","","",""
RW2,1462,5/2/2024 10:40,21.4,19834.88,"","","",""
RW2,1463,5/2/2024 10:45,21.96,21596.16,"","","",""
RW2,1464,5/2/2024 10:50,22.35,22108.16,"","","",""
RW2,1465,5/2/2024 10:55,22.78,23603.2,"","","",""
RW2,1466,5/2/2024 11:00,23.16,25282.56,"","","",""
RW2,1467,5/2/2024 11:05,23.68,27289.6,"","","",""
RW2,1468,5/2/2024 11:10,24.32,28538.88,"","","",""
RW2,1469,5/2/2024 11:15,25.05,30515.2,"","","",""
RW2,1470,5/2/2024 11:20,25.61,32768,"","","",""
RW2,1471,5/2/2024 11:25,25.74,32624.64,"","","",""
RW2,1472,5/2/2024 11:30,26.12,33925.12,"","","",""
RW2,1473,5/2/2024 11:35,26.72,34273.28,"","","",""
RW2,1474,5/2/2024 11:40,27.41,34938.88,"","","",""
RW2,1475,5/2/2024 11:45,27.67,34385.92,"","","",""
RW2,1476,5/2/2024 11:50,27.88,34734.08,"","","",""
RW2,1477,5/2/2024 11:55,28.01,34344.96,"","","",""
RW2,1478,5/2/2024 12:00,27.97,34969.6,"","","",""
RW2,1479,5/2/2024 12:05,28.35,37488.64,"","","",""
RW2,1480,5/2/2024 12:10,28.91,40816.64,"","","",""
RW2,1481,5/2/2024 12:15,30.11,45240.32,"","","",""
RW2,1482,5/2/2024 12:20,30.97,45813.76,"","","",""
RW2,1483,5/2/2024 12:25,31.27,47022.08,"","","",""
RW2,1484,5/2/2024 12:30,31.36,45793.28,"","","",""
RW2,1485,5/2/2024 12:35,31.06,47144.96,"","","",""
RW2,1486,5/2/2024 12:40,31.14,45568,"","","",""
RW2,1487,5/2/2024 12:45,31.49,47329.28,"","","",""
RW2,1488,5/2/2024 12:50,31.57,48455.68,"","","",""
RW2,1489,5/2/2024 12:55,32.3,50647.04,"","","",""
RW2,1490,5/2/2024 13:00,32.73,48947.2,"","","",""
RW2,1491,5/2/2024 13:05,32.99,49643.52,"","","",""
RW2,1492,5/2/2024 13:10,33.59,53800.96,"","","",""
RW2,1493,5/2/2024 13:15,34.1,57835.52,"","","",""
RW2,1494,5/2/2024 13:20,35.09,62484.48,"","","",""
RW2,1495,5/2/2024 13:25,36.25,65167.36,"","","",""
RW2,1496,5/2/2024 13:30,36.29,59801.6,"","","",""
RW2,1497,5/2/2024 13:35,35.39,59002.88,"","","",""
RW2,1498,5/2/2024 13:40,35.43,60456.96,"","","",""
RW2,1499,5/2/2024 13:45,35.39,60764.16,"","","",""
RW2,1500,5/2/2024 13:50,35.09,57692.16,"","","",""
RW2,1501,5/2/2024 13:55,34.66,58265.6,"","","",""
RW2,1502,5/2/2024 14:00,33.76,54988.8,"","","",""
RW2,1503,5/2/2024 14:05,33.63,57856,"","","",""
RW2,1504,5/2/2024 14:10,33.07,52449.28,"","","",""
RW2,1505,5/2/2024 14:15,32.69,53145.6,"","","",""
RW2,1506,5/2/2024 14:20,32.64,53022.72,"","","",""
RW2,1507,5/2/2024 14:25,32.86,59064.32,"","","",""
RW2,1508,5/2/2024 14:30,32.9,62853.12,"","","",""
RW2,1509,5/2/2024 14:35,33.16,57036.8,"","","",""
RW2,1510,5/2/2024 14:40,33.63,61337.6,"","","",""
RW2,1511,5/2/2024 14:45,35.13,78622.72,"","","",""
RW2,1512,5/2/2024 14:50,34.4,69713.92,"","","",""
RW2,1513,5/2/2024 14:55,35.95,83722.24,"","","",""
RW2,1514,5/2/2024 15:00,36.25,78581.76,"","","",""
RW2,1515,5/2/2024 15:05,35.43,74158.08,"","","",""
RW2,1516,5/2/2024 15:10,35.05,72253.44,"","","",""
RW2,1517,5/2/2024 15:15,34.92,72253.44,"","","",""
RW2,1518,5/2/2024 15:20,34.62,71188.48,"","","",""
RW2,1519,5/2/2024 15:25,34.19,70307.84,"","","",""
RW2,1520,5/2/2024 15:30,33.76,67788.8,"","","",""
RW2,1521,5/2/2024 15:35,32.94,65925.12,"","","",""
RW2,1522,5/2/2024 15:40,32.6,64266.24,"","","",""
RW2,1523,5/2/2024 15:45,32.26,62013.44,"","","",""
RW2,1524,5/2/2024 15:50,31.79,61296.64,"","","",""
RW2,1525,5/2/2024 15:55,31.4,59760.64,"","","",""
RW2,1526,5/2/2024 16:00,31.01,57712.64,"","","",""
RW2,1527,5/2/2024 16:05,30.46,56606.72,"","","",""
RW2,1528,5/2/2024 16:10,29.94,54906.88,"","","",""
RW2,1529,5/2/2024 16:15,29.73,53698.56,"","","",""
RW2,1530,5/2/2024 16:20,28.1,51916.8,"","","",""
RW2,1531,5/2/2024 16:25,26.72,50135.04,"","","",""
RW2,1532,5/2/2024 16:30,24.32,49643.52,"","","",""
RW2,1533,5/2/2024 16:35,23.25,48046.08,"","","",""
RW2,1534,5/2/2024 16:40,21.1,35829.76,"","","",""
RW2,1535,5/2/2024 16:45,19.39,20290.56,"","","",""
RW2,1536,5/2/2024 16:50,18.62,3745.28,"","","",""
RW2,1537,5/2/2024 16:55,18.19,10370.56,"","","",""
RW2,1538,5/2/2024 17:00,18.36,4016.64,"","","",""
RW2,1539,5/2/2024 17:05,18.36,2812.16,"","","",""
RW2,1540,5/2/2024 17:10,17.97,748.48,"","","",""
RW2,1541,5/2/2024 17:15,17.89,956.16,"","","",""
RW2,1542,5/2/2024 17:20,17.8,177.68,"","","",""
RW2,1543,5/2/2024 17:25,17.8,3134.72,"","","",""
RW2,1544,5/2/2024 17:30,17.72,12334.08,"","","",""
RW2,1545,5/2/2024 17:35,17.59,36.89,"","","",""
RW2,1546,5/2/2024 17:40,17.67,688.64,"","","",""
RW2,1547,5/2/2024 17:45,17.63,5885.44,"","","",""
RW2,1548,5/2/2024 17:50,17.59,62.88,"","","",""
RW2,1549,5/2/2024 17:55,17.59,353.44,"","","",""
RW2,1550,5/2/2024 18:00,17.63,753.28,"","","",""
RW2,1551,5/2/2024 18:05,17.59,4.6,"","","",""
RW2,1552,5/2/2024 18:10,17.59,668.16,"","","",""
RW2,1553,5/2/2024 18:15,17.63,6.83,"","","",""
RW2,1554,5/2/2024 18:20,17.63,8.8,"","","",""
RW2,1555,5/2/2024 18:25,17.59,199.2,"","","",""
RW2,1556,5/2/2024 18:30,17.63,223.6,"","","",""
RW2,1557,5/2/2024 18:35,17.5,10.76,"","","",""
RW2,1558,5/2/2024 18:40,17.46,64.94,"","","",""
RW2,1559,5/2/2024 18:45,17.41,1362.56,"","","",""
RW2,1560,5/2/2024 18:50,17.37,1504,"","","",""
RW2,1561,5/2/2024 18:55,17.37,950.08,"","","",""
RW2,1562,5/2/2024 19:00,17.29,170.88,"","","",""
RW2,1563,5/2/2024 19:05,17.24,1.52,"","","",""
RW2,1564,5/2/2024 19:10,17.2,45.6,"","","",""
RW2,1565,5/2/2024 19:15,17.16,7.65,"","","",""
RW2,1566,5/2/2024 19:20,17.03,113.88,"","","",""
RW2,1567,5/2/2024 19:25,16.94,13.13,"","","",""
RW2,1568,5/2/2024 19:30,16.99,150.6,"","","",""
RW2,1569,5/2/2024 19:35,16.9,0,"","","",""
RW2,1570,5/2/2024 19:40,16.94,64.94,"","","",""
RW2,1571,5/2/2024 19:45,16.94,0,"","","",""
RW2,1572,5/2/2024 19:50,16.86,7.19,"","","",""
RW2,1573,5/2/2024 19:55,16.94,0.21,"","","",""
RW2,1574,5/2/2024 20:00,16.9,0,"","","",""
RW2,1575,5/2/2024 20:05,16.86,0,"","","",""
RW2,1576,5/2/2024 20:10,16.77,0,"","","",""
RW2,1577,5/2/2024 20:15,16.77,0,"","","",""
RW2,1578,5/2/2024 20:20,16.81,0,"","","",""
RW2,1579,5/2/2024 20:25,16.77,0,"","","",""
RW2,1580,5/2/2024 20:30,16.73,0,"","","",""
RW2,1581,5/2/2024 20:35,16.73,0,"","","",""
RW2,1582,5/2/2024 20:40,16.73,0,"","","",""
RW2,1583,5/2/2024 20:45,16.69,0,"","","",""
RW2,1584,5/2/2024 20:50,16.69,0,"","","",""
RW2,1585,5/2/2024 20:55,16.56,0,"","","",""
RW2,1586,5/2/2024 21:00,16.6,0,"","","",""
RW2,1587,5/2/2024 21:05,16.56,0,"","","",""
RW2,1588,5/2/2024 21:10,16.3,0,"","","",""
RW2,1589,5/2/2024 21:15,16.08,0,"","","",""
RW2,1590,5/2/2024 21:20,16.17,0,"","","",""
RW2,1591,5/2/2024 21:25,15.7,0,"","","",""
RW2,1592,5/2/2024 21:30,15.74,0,"","","",""
RW2,1593,5/2/2024 21:35,15.57,0,"","","",""
RW2,1594,5/2/2024 21:40,15.61,0,"","","",""
RW2,1595,5/2/2024 21:45,15.18,0,"","","",""
RW2,1596,5/2/2024 21:50,14.93,0,"","","",""
RW2,1597,5/2/2024 21:55,14.8,0,"","","",""
RW2,1598,5/2/2024 22:00,14.71,0,"","","",""
RW2,1599,5/2/2024 22:05,14.37,0,"","","",""
RW2,1600,5/2/2024 22:10,14.41,0,"","","",""
RW2,1601,5/2/2024 22:15,14.33,0,"","","",""
RW2,1602,5/2/2024 22:20,14.41,0,"","","",""
RW2,1603,5/2/2024 22:25,14.41,0,"","","",""
RW2,1604,5/2/2024 22:30,14.45,0,"","","",""
RW2,1605,5/2/2024 22:35,14.5,0,"","","",""
RW2,1606,5/2/2024 22:40,14.58,0,"","","",""
RW2,1607,5/2/2024 22:45,14.63,0,"","","",""
RW2,1608,5/2/2024 22:50,14.67,0,"","","",""
RW2,1609,5/2/2024 22:55,14.75,0,"","","",""
RW2,1610,5/2/2024 23:00,14.71,0,"","","",""
RW2,1611,5/2/2024 23:05,14.8,0,"","","",""
RW2,1612,5/2/2024 23:10,14.8,0,"","","",""
RW2,1613,5/2/2024 23:15,14.8,0,"","","",""
RW2,1614,5/2/2024 23:20,14.84,0,"","","",""
RW2,1615,5/2/2024 23:25,14.93,0,"","","",""
RW2,1616,5/2/2024 23:30,14.88,0,"","","",""
RW2,1617,5/2/2024 23:35,14.93,0,"","","",""
RW2,1618,5/2/2024 23:40,14.93,0,"","","",""
RW2,1619,5/2/2024 23:45,14.93,0,"","","",""
RW2,1620,5/2/2024 23:50,14.93,0,"","","",""
RW2,1621,5/2/2024 23:55,14.97,0,"","","",""
RW2,1622,5/3/2024 0:00,14.97,0,"","","",""
RW2,1623,5/3/2024 0:05,15.01,0,"","","",""
RW2,1624,5/3/2024 0:10,15.01,0,"","","",""
RW2,1625,5/3/2024 0:15,15.06,0,"","","",""
RW2,1626,5/3/2024 0:20,15.06,0,"","","",""
RW2,1627,5/3/2024 0:25,15.06,0,"","","",""
RW2,1628,5/3/2024 0:30,15.06,0,"","","",""
RW2,1629,5/3/2024 0:35,15.1,0,"","","",""
RW2,1630,5/3/2024 0:40,15.18,0,"","","",""
RW2,1631,5/3/2024 0:45,15.1,0,"","","",""
RW2,1632,5/3/2024 0:50,15.23,0,"","","",""
RW2,1633,5/3/2024 0:55,15.18,0,"","","",""
RW2,1634,5/3/2024 1:00,15.23,0,"","","",""
RW2,1635,5/3/2024 1:05,15.23,0,"","","",""
RW2,1636,5/3/2024 1:10,15.27,0,"","","",""
RW2,1637,5/3/2024 1:15,15.27,0,"","","",""
RW2,1638,5/3/2024 1:20,15.23,0,"","","",""
RW2,1639,5/3/2024 1:25,15.27,0,"","","",""
RW2,1640,5/3/2024 1:30,15.23,0,"","","",""
RW2,1641,5/3/2024 1:35,15.23,0,"","","",""
RW2,1642,5/3/2024 1:40,15.23,0,"","","",""
RW2,1643,5/3/2024 1:45,15.23,0,"","","",""
RW2,1644,5/3/2024 1:50,15.31,0,"","","",""
RW2,1645,5/3/2024 1:55,15.36,0,"","","",""
RW2,1646,5/3/2024 2:00,15.31,0,"","","",""
RW2,1647,5/3/2024 2:05,15.27,0,"","","",""
RW2,1648,5/3/2024 2:10,15.27,0,"","","",""
RW2,1649,5/3/2024 2:15,15.27,0,"","","",""
RW2,1650,5/3/2024 2:20,15.31,0,"","","",""
RW2,1651,5/3/2024 2:25,15.27,0,"","","",""
RW2,1652,5/3/2024 2:30,15.27,0,"","","",""
RW2,1653,5/3/2024 2:35,15.27,0,"","","",""
RW2,1654,5/3/2024 2:40,15.31,0,"","","",""
RW2,1655,5/3/2024 2:45,15.31,0,"","","",""
RW2,1656,5/3/2024 2:50,15.31,0,"","","",""
RW2,1657,5/3/2024 2:55,15.31,0,"","","",""
RW2,1658,5/3/2024 3:00,15.74,0,"","","",""
RW2,1659,5/3/2024 3:05,15.83,0,"","","",""
RW2,1660,5/3/2024 3:10,15.78,0,"","","",""
RW2,1661,5/3/2024 3:15,15.91,0,"","","",""
RW2,1662,5/3/2024 3:20,15.96,0,"","","",""
RW2,1663,5/3/2024 3:25,16,0,"","","",""
RW2,1664,5/3/2024 3:30,15.96,0,"","","",""
RW2,1665,5/3/2024 3:35,16,0,"","","",""
RW2,1666,5/3/2024 3:40,16,0,"","","",""
RW2,1667,5/3/2024 3:45,16.04,0,"","","",""
RW2,1668,5/3/2024 3:50,16,0,"","","",""
RW2,1669,5/3/2024 3:55,16,0,"","","",""
RW2,1670,5/3/2024 4:00,16,0,"","","",""
RW2,1671,5/3/2024 4:05,16,0,"","","",""
RW2,1672,5/3/2024 4:10,15.96,0,"","","",""
RW2,1673,5/3/2024 4:15,16,0,"","","",""
RW2,1674,5/3/2024 4:20,16,0,"","","",""
RW2,1675,5/3/2024 4:25,15.96,0,"","","",""
RW2,1676,5/3/2024 4:30,15.96,0,"","","",""
RW2,1677,5/3/2024 4:35,15.91,0,"","","",""
RW2,1678,5/3/2024 4:40,16,0,"","","",""
RW2,1679,5/3/2024 4:45,16,0,"","","",""
RW2,1680,5/3/2024 4:50,16,0,"","","",""
RW2,1681,5/3/2024 4:55,15.96,0,"","","",""
RW2,1682,5/3/2024 5:00,15.96,0,"","","",""
RW2,1683,5/3/2024 5:05,16,0,"","","",""
RW2,1684,5/3/2024 5:10,15.96,0,"","","",""
RW2,1685,5/3/2024 5:15,16,0,"","","",""
RW2,1686,5/3/2024 5:20,15.96,0,"","","",""
RW2,1687,5/3/2024 5:25,16,0,"","","",""
RW2,1688,5/3/2024 5:30,15.96,0,"","","",""
RW2,1689,5/3/2024 5:35,16,0,"","","",""
RW2,1690,5/3/2024 5:40,16,0,"","","",""
RW2,1691,5/3/2024 5:45,15.96,0,"","","",""
RW2,1692,5/3/2024 5:50,16,0,"","","",""
RW2,1693,5/3/2024 5:55,15.96,5.44,"","","",""
RW2,1694,5/3/2024 6:00,15.96,1.52,"","","",""
RW2,1695,5/3/2024 6:05,15.96,1.96,"","","",""
RW2,1696,5/3/2024 6:10,16,4.35,"","","",""
RW2,1697,5/3/2024 6:15,16,82.28,"","","",""
RW2,1698,5/3/2024 6:20,15.96,6.75,"","","",""
RW2,1699,5/3/2024 6:25,15.96,11.14,"","","",""
RW2,1700,5/3/2024 6:30,15.96,184.8,"","","",""
RW2,1701,5/3/2024 6:35,15.96,1.3,"","","",""
RW2,1702,5/3/2024 6:40,16,4.14,"","","",""
RW2,1703,5/3/2024 6:45,16,5.47,"","","",""
RW2,1704,5/3/2024 6:50,15.96,310.32,"","","",""
RW2,1705,5/3/2024 6:55,16,1083.52,"","","",""
RW2,1706,5/3/2024 7:00,15.96,14.03,"","","",""
RW2,1707,5/3/2024 7:05,15.96,112.36,"","","",""
RW2,1708,5/3/2024 7:10,15.96,991.04,"","","",""
RW2,1709,5/3/2024 7:15,15.96,9.07,"","","",""
RW2,1710,5/3/2024 7:20,15.96,7.73,"","","",""
RW2,1711,5/3/2024 7:25,16,248.48,"","","",""
RW2,1712,5/3/2024 7:30,16,552.32,"","","",""
RW2,1713,5/3/2024 7:35,16,51.86,"","","",""
RW2,1714,5/3/2024 7:40,16.04,174.8,"","","",""
RW2,1715,5/3/2024 7:45,16.08,211.52,"","","",""
RW2,1716,5/3/2024 7:50,16.08,922.24,"","","",""
RW2,1717,5/3/2024 7:55,16.13,179.12,"","","",""
RW2,1718,5/3/2024 8:00,16.17,159.64,"","","",""
RW2,1719,5/3/2024 8:05,16.21,4010.24,"","","",""
RW2,1720,5/3/2024 8:10,16.34,7831.04,"","","",""
RW2,1721,5/3/2024 8:15,16.56,13388.8,"","","",""
RW2,1722,5/3/2024 8:20,16.94,14208,"","","",""
RW2,1723,5/3/2024 8:25,16.94,12963.84,"","","",""
RW2,1724,5/3/2024 8:30,17.16,15600.64,"","","",""
RW2,1725,5/3/2024 8:35,17.46,11555.84,"","","",""
RW2,1726,5/3/2024 8:40,18.19,12769.28,"","","",""
RW2,1727,5/3/2024 8:45,19.43,16670.72,"","","",""
RW2,1728,5/3/2024 8:50,20.16,15580.16,"","","",""
RW2,1729,5/3/2024 8:55,20.59,14873.6,"","","",""
RW2,1730,5/3/2024 9:00,21.28,16291.84,"","","",""
RW2,1731,5/3/2024 9:05,21.83,16906.24,"","","",""
RW2,1732,5/3/2024 9:10,22.56,24852.48,"","","",""
RW2,1733,5/3/2024 9:15,23.85,21606.4,"","","",""
RW2,1734,5/3/2024 9:20,24.45,23623.68,"","","",""
RW2,1735,5/3/2024 9:25,25.99,33689.6,"","","",""
RW2,1736,5/3/2024 9:30,25.82,25139.2,"","","",""
RW2,1737,5/3/2024 9:35,26.34,27463.68,"","","",""
RW2,1738,5/3/2024 9:40,26.9,24985.6,"","","",""
RW2,1739,5/3/2024 9:45,25.87,26613.76,"","","",""
RW2,1740,5/3/2024 9:50,25.27,10078.72,"","","",""
RW2,1741,5/3/2024 9:55,24.02,9674.24,"","","",""
RW2,1742,5/3/2024 10:00,23.21,9617.92,"","","",""
RW2,1743,5/3/2024 10:05,22.99,10900.48,"","","",""
RW2,1744,5/3/2024 10:10,23.16,11658.24,"","","",""
RW2,1745,5/3/2024 10:15,24.02,16363.52,"","","",""
RW2,1746,5/3/2024 10:20,25.09,15662.08,"","","",""
RW2,1747,5/3/2024 10:25,26.04,14750.72,"","","",""
RW2,1748,5/3/2024 10:30,26.38,13987.84,"","","",""
RW2,1749,5/3/2024 10:35,26.81,17597.44,"","","",""
RW2,1750,5/3/2024 10:40,27.75,18135.04,"","","",""
RW2,1751,5/3/2024 10:45,27.5,15728.64,"","","",""
RW2,1752,5/3/2024 10:50,27.37,15831.04,"","","",""
RW2,1753,5/3/2024 10:55,27.41,16215.04,"","","",""
RW2,1754,5/3/2024 11:00,27.58,17582.08,"","","",""
RW2,1755,5/3/2024 11:05,28.01,17157.12,"","","",""
RW2,1756,5/3/2024 11:10,29.21,19937.28,"","","",""
RW2,1757,5/3/2024 11:15,29.04,18396.16,"","","",""
RW2,1758,5/3/2024 11:20,29.08,19415.04,"","","",""
RW2,1759,5/3/2024 11:25,29.26,19722.24,"","","",""
RW2,1760,5/3/2024 11:30,28.74,21790.72,"","","",""
RW2,1761,5/3/2024 11:35,29.13,23193.6,"","","",""
RW2,1762,5/3/2024 11:40,29.08,22650.88,"","","",""
RW2,1763,5/3/2024 11:45,30.11,26880,"","","",""
RW2,1764,5/3/2024 11:50,30.5,32522.24,"","","",""
RW2,1765,5/3/2024 11:55,31.19,34150.4,"","","",""
RW2,1766,5/3/2024 12:00,32.17,47452.16,"","","",""
RW2,1767,5/3/2024 12:05,33.07,55685.12,"","","",""
RW2,1768,5/3/2024 12:10,32.73,45998.08,"","","",""
RW2,1769,5/3/2024 12:15,32.86,51671.04,"","","",""
RW2,1770,5/3/2024 12:20,33.37,45998.08,"","","",""
RW2,1771,5/3/2024 12:25,32.26,44810.24,"","","",""
RW2,1772,5/3/2024 12:30,32,54210.56,"","","",""
RW2,1773,5/3/2024 12:35,32.43,71127.04,"","","",""
RW2,1774,5/3/2024 12:40,30.63,47472.64,"","","",""
RW2,1775,5/3/2024 12:45,32.34,78233.6,"","","",""
RW2,1776,5/3/2024 12:50,33.03,76001.28,"","","",""
RW2,1777,5/3/2024 12:55,33.67,78233.6,"","","",""
RW2,1778,5/3/2024 13:00,33.29,59883.52,"","","",""
RW2,1779,5/3/2024 13:05,32.47,65085.44,"","","",""
RW2,1780,5/3/2024 13:10,32.94,59248.64,"","","",""
RW2,1781,5/3/2024 13:15,32.77,67399.68,"","","",""
RW2,1782,5/3/2024 13:20,33.29,69406.72,"","","",""
RW2,1783,5/3/2024 13:25,33.25,63918.08,"","","",""
RW2,1784,5/3/2024 13:30,32.64,70717.44,"","","",""
RW2,1785,5/3/2024 13:35,32.86,76410.88,"","","",""
RW2,1786,5/3/2024 13:40,32.77,77885.44,"","","",""
RW2,1787,5/3/2024 13:45,32.69,77352.96,"","","",""
RW2,1788,5/3/2024 13:50,32.39,76615.68,"","","",""
RW2,1789,5/3/2024 13:55,32.52,75427.84,"","","",""
RW2,1790,5/3/2024 14:00,32.34,74342.4,"","","",""
RW2,1791,5/3/2024 14:05,32.09,74588.16,"","","",""
RW2,1792,5/3/2024 14:10,31.79,73666.56,"","","",""
RW2,1793,5/3/2024 14:15,31.87,75427.84,"","","",""
RW2,1794,5/3/2024 14:20,32.13,71925.76,"","","",""
RW2,1795,5/3/2024 14:25,32.34,71700.48,"","","",""
RW2,1796,5/3/2024 14:30,31.57,55521.28,"","","",""
RW2,1797,5/3/2024 14:35,32.82,77127.68,"","","",""
RW2,1798,5/3/2024 14:40,32.09,70041.6,"","","",""
RW2,1799,5/3/2024 14:45,31.23,68546.56,"","","",""
RW2,1800,5/3/2024 14:50,30.76,68730.88,"","","",""
RW2,1801,5/3/2024 14:55,30.71,68259.84,"","","",""
RW2,1802,5/3/2024 15:00,30.63,67624.96,"","","",""
RW2,1803,5/3/2024 15:05,30.63,66396.16,"","","",""
RW2,1804,5/3/2024 15:10,30.37,65474.56,"","","",""
RW2,1805,5/3/2024 15:15,30.33,64409.6,"","","",""
RW2,1806,5/3/2024 15:20,30.11,62853.12,"","","",""
RW2,1807,5/3/2024 15:25,29.94,62074.88,"","","",""
RW2,1808,5/3/2024 15:30,29.9,60620.8,"","","",""
RW2,1809,5/3/2024 15:35,29.73,59371.52,"","","",""
RW2,1810,5/3/2024 15:40,29.56,58183.68,"","","",""
RW2,1811,5/3/2024 15:45,29.43,56791.04,"","","",""
RW2,1812,5/3/2024 15:50,29.26,55357.44,"","","",""
RW2,1813,5/3/2024 15:55,29,54026.24,"","","",""
RW2,1814,5/3/2024 16:00,28.78,52633.6,"","","",""
RW2,1815,5/3/2024 16:05,28.57,50831.36,"","","",""
RW2,1816,5/3/2024 16:10,28.48,49254.4,"","","",""
RW2,1817,5/3/2024 16:15,28.4,48128,"","","",""
RW2,1818,5/3/2024 16:20,27.97,46592,"","","",""
RW2,1819,5/3/2024 16:25,27.58,45363.2,"","","",""
RW2,1820,5/3/2024 16:30,27.24,44032,"","","",""
RW2,1821,5/3/2024 16:35,26.81,43008,"","","",""
RW2,1822,5/3/2024 16:40,23.89,34897.92,"","","",""
RW2,1823,5/3/2024 16:45,23.08,44011.52,"","","",""
RW2,1824,5/3/2024 16:50,22.31,45670.4,"","","",""
RW2,1825,5/3/2024 16:55,21.1,9986.56,"","","",""
RW2,1826,5/3/2024 17:00,19.69,2931.2,"","","",""
RW2,1827,5/3/2024 17:05,19.6,7902.72,"","","",""
RW2,1828,5/3/2024 17:10,19.3,2005.76,"","","",""
RW2,1829,5/3/2024 17:15,19.05,352.16,"","","",""
RW2,1830,5/3/2024 17:20,19,402.24,"","","",""
RW2,1831,5/3/2024 17:25,18.96,4742.4,"","","",""
RW2,1832,5/3/2024 17:30,18.87,5352.96,"","","",""
RW2,1833,5/3/2024 17:35,18.74,1018.24,"","","",""
RW2,1834,5/3/2024 17:40,18.79,1055.68,"","","",""
RW2,1835,5/3/2024 17:45,18.79,1170.88,"","","",""
RW2,1836,5/3/2024 17:50,18.74,857.92,"","","",""
RW2,1837,5/3/2024 17:55,18.79,359.36,"","","",""
RW2,1838,5/3/2024 18:00,18.66,1375.36,"","","",""
RW2,1839,5/3/2024 18:05,18.57,2017.28,"","","",""
RW2,1840,5/3/2024 18:10,18.53,9.42,"","","",""
RW2,1841,5/3/2024 18:15,18.49,1468.8,"","","",""
RW2,1842,5/3/2024 18:20,18.44,1905.92,"","","",""
RW2,1843,5/3/2024 18:25,18.4,18.69,"","","",""
RW2,1844,5/3/2024 18:30,18.49,3.05,"","","",""
RW2,1845,5/3/2024 18:35,18.36,500.8,"","","",""
RW2,1846,5/3/2024 18:40,18.36,77.16,"","","",""
RW2,1847,5/3/2024 18:45,18.4,557.44,"","","",""
RW2,1848,5/3/2024 18:50,18.36,4.79,"","","",""
RW2,1849,5/3/2024 18:55,18.32,75.8,"","","",""
RW2,1850,5/3/2024 19:00,18.23,479.2,"","","",""
RW2,1851,5/3/2024 19:05,18.23,180.48,"","","",""
RW2,1852,5/3/2024 19:10,18.27,497.76,"","","",""
RW2,1853,5/3/2024 19:15,18.19,137.52,"","","",""
RW2,1854,5/3/2024 19:20,18.19,40.27,"","","",""
RW2,1855,5/3/2024 19:25,18.19,110.28,"","","",""
RW2,1856,5/3/2024 19:30,18.1,21,"","","",""
RW2,1857,5/3/2024 19:35,18.06,11.79,"","","",""
RW2,1858,5/3/2024 19:40,17.97,99.8,"","","",""
RW2,1859,5/3/2024 19:45,17.89,12.45,"","","",""
RW2,1860,5/3/2024 19:50,17.97,7.19,"","","",""
RW2,1861,5/3/2024 19:55,17.93,0,"","","",""
RW2,1862,5/3/2024 20:00,17.89,0,"","","",""
RW2,1863,5/3/2024 20:05,17.76,0,"","","",""
RW2,1864,5/3/2024 20:10,17.76,0,"","","",""
RW2,1865,5/3/2024 20:15,17.76,0,"","","",""
RW2,1866,5/3/2024 20:20,17.76,0,"","","",""
RW2,1867,5/3/2024 20:25,17.72,0,"","","",""
RW2,1868,5/3/2024 20:30,17.72,0,"","","",""
RW2,1869,5/3/2024 20:35,17.59,0,"","","",""
RW2,1870,5/3/2024 20:40,17.5,0,"","","",""
RW2,1871,5/3/2024 20:45,17.5,0,"","","",""
RW2,1872,5/3/2024 20:50,17.5,0,"","","",""
RW2,1873,5/3/2024 20:55,17.5,0,"","","",""
RW2,1874,5/3/2024 21:00,17.5,0,"","","",""
RW2,1875,5/3/2024 21:05,17.5,0,"","","",""
RW2,1876,5/3/2024 21:10,17.46,0,"","","",""
RW2,1877,5/3/2024 21:15,17.46,0,"","","",""
RW2,1878,5/3/2024 21:20,17.46,0,"","","",""
RW2,1879,5/3/2024 21:25,17.37,0,"","","",""
RW2,1880,5/3/2024 21:30,17.37,0,"","","",""
RW2,1881,5/3/2024 21:35,17.24,0,"","","",""
RW2,1882,5/3/2024 21:40,17.11,0,"","","",""
RW2,1883,5/3/2024 21:45,17.11,0,"","","",""
RW2,1884,5/3/2024 21:50,16.9,0,"","","",""
RW2,1885,5/3/2024 21:55,16.77,0,"","","",""
RW2,1886,5/3/2024 22:00,16.34,0,"","","",""
RW2,1887,5/3/2024 22:05,16.17,0,"","","",""
RW2,1888,5/3/2024 22:10,15.27,0,"","","",""
RW2,1889,5/3/2024 22:15,15.27,0,"","","",""
RW2,1890,5/3/2024 22:20,14.8,0,"","","",""
RW2,1891,5/3/2024 22:25,14.45,0,"","","",""
RW2,1892,5/3/2024 22:30,14.41,0,"","","",""
RW2,1893,5/3/2024 22:35,14.37,0,"","","",""
RW2,1894,5/3/2024 22:40,14.28,0,"","","",""
RW2,1895,5/3/2024 22:45,14.24,0,"","","",""
RW2,1896,5/3/2024 22:50,14.2,0,"","","",""
RW2,1897,5/3/2024 22:55,14.11,0,"","","",""
RW2,1898,5/3/2024 23:00,14.24,0,"","","",""
RW2,1899,5/3/2024 23:05,14.33,0,"","","",""
RW2,1900,5/3/2024 23:10,14.41,0,"","","",""
RW2,1901,5/3/2024 23:15,14.37,0,"","","",""
RW2,1902,5/3/2024 23:20,14.5,0,"","","",""
RW2,1903,5/3/2024 23:25,14.54,0,"","","",""
RW2,1904,5/3/2024 23:30,14.54,0,"","","",""
RW2,1905,5/3/2024 23:35,14.54,0,"","","",""
RW2,1906,5/3/2024 23:40,14.54,0,"","","",""
RW2,1907,5/3/2024 23:45,14.63,0,"","","",""
RW2,1908,5/3/2024 23:50,14.54,0,"","","",""
RW2,1909,5/3/2024 23:55,14.58,0,"","","",""
RW2,1910,5/4/2024 0:00,14.58,0,"","","",""
RW2,1911,5/4/2024 0:05,14.58,0,"","","",""
RW2,1912,5/4/2024 0:10,14.63,0,"","","",""
RW2,1913,5/4/2024 0:15,14.58,0,"","","",""
RW2,1914,5/4/2024 0:20,14.63,0,"","","",""
RW2,1915,5/4/2024 0:25,14.58,0,"","","",""
RW2,1916,5/4/2024 0:30,14.58,0,"","","",""
RW2,1917,5/4/2024 0:35,14.58,0.21,"","","",""
RW2,1918,5/4/2024 0:40,14.54,0,"","","",""
RW2,1919,5/4/2024 0:45,14.58,0,"","","",""
RW2,1920,5/4/2024 0:50,14.58,0,"","","",""
RW2,1921,5/4/2024 0:55,14.58,0,"","","",""
RW2,1922,5/4/2024 1:00,14.58,0,"","","",""
RW2,1923,5/4/2024 1:05,14.63,0,"","","",""
RW2,1924,5/4/2024 1:10,14.67,0,"","","",""
RW2,1925,5/4/2024 1:15,14.67,0,"","","",""
RW2,1926,5/4/2024 1:20,14.67,0,"","","",""
RW2,1927,5/4/2024 1:25,14.67,0,"","","",""
RW2,1928,5/4/2024 1:30,14.71,0,"","","",""
RW2,1929,5/4/2024 1:35,14.71,0,"","","",""
RW2,1930,5/4/2024 1:40,14.67,0,"","","",""
RW2,1931,5/4/2024 1:45,14.63,0,"","","",""
RW2,1932,5/4/2024 1:50,14.63,0,"","","",""
RW2,1933,5/4/2024 1:55,14.63,0,"","","",""
RW2,1934,5/4/2024 2:00,14.63,0,"","","",""
RW2,1935,5/4/2024 2:05,14.67,0,"","","",""
RW2,1936,5/4/2024 2:10,14.63,0,"","","",""
RW2,1937,5/4/2024 2:15,14.63,0,"","","",""
RW2,1938,5/4/2024 2:20,14.63,0,"","","",""
RW2,1939,5/4/2024 2:25,14.58,0,"","","",""
RW2,1940,5/4/2024 2:30,14.54,0,"","","",""
RW2,1941,5/4/2024 2:35,14.54,0,"","","",""
RW2,1942,5/4/2024 2:40,14.54,0,"","","",""
RW2,1943,5/4/2024 2:45,14.54,0,"","","",""
RW2,1944,5/4/2024 2:50,14.54,0,"","","",""
RW2,1945,5/4/2024 2:55,14.58,0,"","","",""
RW2,1946,5/4/2024 3:00,14.58,0,"","","",""
RW2,1947,5/4/2024 3:05,14.63,0,"","","",""
RW2,1948,5/4/2024 3:10,14.63,0,"","","",""
RW2,1949,5/4/2024 3:15,14.58,0,"","","",""
RW2,1950,5/4/2024 3:20,14.58,0,"","","",""
RW2,1951,5/4/2024 3:25,14.63,0,"","","",""
RW2,1952,5/4/2024 3:30,14.58,0,"","","",""
RW2,1953,5/4/2024 3:35,14.63,0,"","","",""
RW2,1954,5/4/2024 3:40,14.63,0,"","","",""
RW2,1955,5/4/2024 3:45,14.63,0,"","","",""
RW2,1956,5/4/2024 3:50,14.67,0,"","","",""
RW2,1957,5/4/2024 3:55,14.71,0,"","","",""
RW2,1958,5/4/2024 4:00,14.75,0,"","","",""
RW2,1959,5/4/2024 4:05,14.8,0,"","","",""
RW2,1960,5/4/2024 4:10,14.8,0,"","","",""
RW2,1961,5/4/2024 4:15,14.88,0,"","","",""
RW2,1962,5/4/2024 4:20,15.14,0,"","","",""
RW2,1963,5/4/2024 4:25,15.74,0,"","","",""
RW2,1964,5/4/2024 4:30,16.08,0,"","","",""
RW2,1965,5/4/2024 4:35,16.34,0,"","","",""
RW2,1966,5/4/2024 4:40,16.43,0,"","","",""
RW2,1967,5/4/2024 4:45,16.47,0,"","","",""
RW2,1968,5/4/2024 4:50,16.47,0,"","","",""
RW2,1969,5/4/2024 4:55,16.47,0,"","","",""
RW2,1970,5/4/2024 5:00,16.51,0,"","","",""
RW2,1971,5/4/2024 5:05,16.56,0,"","","",""
RW2,1972,5/4/2024 5:10,16.51,0,"","","",""
RW2,1973,5/4/2024 5:15,16.47,0,"","","",""
RW2,1974,5/4/2024 5:20,16.47,0,"","","",""
RW2,1975,5/4/2024 5:25,16.51,0,"","","",""
RW2,1976,5/4/2024 5:30,16.47,0,"","","",""
RW2,1977,5/4/2024 5:35,16.47,0,"","","",""
RW2,1978,5/4/2024 5:40,16.47,0,"","","",""
RW2,1979,5/4/2024 5:45,16.43,1.3,"","","",""
RW2,1980,5/4/2024 5:50,16.43,0,"","","",""
RW2,1981,5/4/2024 5:55,16.43,0,"","","",""
RW2,1982,5/4/2024 6:00,16.39,1.96,"","","",""
RW2,1983,5/4/2024 6:05,16.39,0,"","","",""
RW2,1984,5/4/2024 6:10,16.39,0,"","","",""
RW2,1985,5/4/2024 6:15,16.39,10.05,"","","",""
RW2,1986,5/4/2024 6:20,16.39,35.03,"","","",""
RW2,1987,5/4/2024 6:25,16.39,0,"","","",""
RW2,1988,5/4/2024 6:30,16.34,56.12,"","","",""
RW2,1989,5/4/2024 6:35,16.34,82.36,"","","",""
RW2,1990,5/4/2024 6:40,16.26,934.4,"","","",""
RW2,1991,5/4/2024 6:45,16.26,34.16,"","","",""
RW2,1992,5/4/2024 6:50,16.3,3.26,"","","",""
RW2,1993,5/4/2024 6:55,16.17,230.56,"","","",""
RW2,1994,5/4/2024 7:00,16.21,1667.84,"","","",""
RW2,1995,5/4/2024 7:05,16.17,94.6,"","","",""
RW2,1996,5/4/2024 7:10,16.21,196.32,"","","",""
RW2,1997,5/4/2024 7:15,16.21,247.36,"","","",""
RW2,1998,5/4/2024 7:20,16.13,595.36,"","","",""
RW2,1999,5/4/2024 7:25,16.17,2519.68,"","","",""
RW2,2000,5/4/2024 7:30,16.17,371.2,"","","",""
RW2,2001,5/4/2024 7:35,16.17,18.9,"","","",""
RW2,2002,5/4/2024 7:40,16.13,41.24,"","","",""
RW2,2003,5/4/2024 7:45,16.13,34.65,"","","",""
RW2,2004,5/4/2024 7:50,16.13,13.32,"","","",""
RW2,2005,5/4/2024 7:55,16.04,4421.12,"","","",""
RW2,2006,5/4/2024 8:00,16.08,885.12,"","","",""
RW2,2007,5/4/2024 8:05,16.13,619.84,"","","",""
RW2,2008,5/4/2024 8:10,16.13,9.04,"","","",""
RW2,2009,5/4/2024 8:15,16.04,258.24,"","","",""
RW2,2010,5/4/2024 8:20,16.08,193.28,"","","",""
RW2,2011,5/4/2024 8:25,16.13,31.17,"","","",""
RW2,2012,5/4/2024 8:30,16.21,305.6,"","","",""
RW2,2013,5/4/2024 8:35,16.08,1083.52,"","","",""
RW2,2014,5/4/2024 8:40,16.17,8417.28,"","","",""
RW2,2015,5/4/2024 8:45,16.17,1584,"","","",""
RW2,2016,5/4/2024 8:50,16.26,11514.88,"","","",""
RW2,2017,5/4/2024 8:55,16.3,1020.8,"","","",""
RW2,2018,5/4/2024 9:00,16.39,10357.76,"","","",""
RW2,2019,5/4/2024 9:05,16.34,537.92,"","","",""
RW2,2020,5/4/2024 9:10,16.86,9533.44,"","","",""
RW2,2021,5/4/2024 9:15,17.33,5296.64,"","","",""
RW2,2022,5/4/2024 9:20,17.89,32972.8,"","","",""
RW2,2023,5/4/2024 9:25,18.7,32378.88,"","","",""
RW2,2024,5/4/2024 9:30,19.26,31498.24,"","","",""
RW2,2025,5/4/2024 9:35,18.87,12098.56,"","","",""
RW2,2026,5/4/2024 9:40,19.47,12446.72,"","","",""
RW2,2027,5/4/2024 9:45,19.99,12999.68,"","","",""
RW2,2028,5/4/2024 9:50,20.59,13696,"","","",""
RW2,2029,5/4/2024 9:55,21.19,14218.24,"","","",""
RW2,2030,5/4/2024 10:00,21.53,14044.16,"","","",""
RW2,2031,5/4/2024 10:05,21.96,15641.6,"","","",""
RW2,2032,5/4/2024 10:10,23.25,40622.08,"","","",""
RW2,2033,5/4/2024 10:15,24.41,40488.96,"","","",""
RW2,2034,5/4/2024 10:20,24.41,40929.28,"","","",""
RW2,2035,5/4/2024 10:25,24.92,41830.4,"","","",""
RW2,2036,5/4/2024 10:30,24.79,42905.6,"","","",""
RW2,2037,5/4/2024 10:35,25.05,45178.88,"","","",""
RW2,2038,5/4/2024 10:40,25.91,52121.6,"","","",""
RW2,2039,5/4/2024 10:45,26.47,50913.28,"","","",""
RW2,2040,5/4/2024 10:50,27.5,59084.8,"","","",""
RW2,2041,5/4/2024 10:55,28.4,63856.64,"","","",""
RW2,2042,5/4/2024 11:00,30.33,77127.68,"","","",""
RW2,2043,5/4/2024 11:05,31.57,67092.48,"","","",""
RW2,2044,5/4/2024 11:10,30.93,84336.64,"","","",""
RW2,2045,5/4/2024 11:15,31.06,71045.12,"","","",""
RW2,2046,5/4/2024 11:20,30.11,62074.88,"","","",""
RW2,2047,5/4/2024 11:25,30.54,71270.4,"","","",""
RW2,2048,5/4/2024 11:30,31.27,85278.72,"","","",""
RW2,2049,5/4/2024 11:35,32.82,84090.88,"","","",""
RW2,2050,5/4/2024 11:40,35.43,79114.24,"","","",""
RW2,2051,5/4/2024 11:45,33.37,89251.84,"","","",""
RW2,2052,5/4/2024 11:50,33.25,75120.64,"","","",""
RW2,2053,5/4/2024 11:55,31.4,65884.16,"","","",""
RW2,2054,5/4/2024 12:00,30.59,66416.64,"","","",""
RW2,2055,5/4/2024 12:05,29.43,57692.16,"","","",""
RW2,2056,5/4/2024 12:10,29.26,63221.76,"","","",""
RW2,2057,5/4/2024 12:15,28.91,57016.32,"","","",""
RW2,2058,5/4/2024 12:20,29.13,66375.68,"","","",""
RW2,2059,5/4/2024 12:25,29.47,62115.84,"","","",""
RW2,2060,5/4/2024 12:30,29.68,68485.12,"","","",""
RW2,2061,5/4/2024 12:35,29.77,61726.72,"","","",""
RW2,2062,5/4/2024 12:40,29.6,64266.24,"","","",""
RW2,2063,5/4/2024 12:45,30.5,83169.28,"","","",""
RW2,2064,5/4/2024 12:50,36.12,124641.28,"","","",""
RW2,2065,5/4/2024 12:55,33.07,64942.08,"","","",""
RW2,2066,5/4/2024 13:00,31.01,65474.56,"","","",""
RW2,2067,5/4/2024 13:05,31.1,81059.84,"","","",""
RW2,2068,5/4/2024 13:10,32.77,87244.8,"","","",""
RW2,2069,5/4/2024 13:15,32.82,87654.4,"","","",""
RW2,2070,5/4/2024 13:20,32.39,73564.16,"","","",""
RW2,2071,5/4/2024 13:25,32.22,82780.16,"","","",""
RW2,2072,5/4/2024 13:30,32.82,89784.32,"","","",""
RW2,2073,5/4/2024 13:35,32.04,68300.8,"","","",""
RW2,2074,5/4/2024 13:40,33.07,94208,"","","",""
RW2,2075,5/4/2024 13:45,33.67,76431.36,"","","",""
RW2,2076,5/4/2024 13:50,31.19,48906.24,"","","",""
RW2,2077,5/4/2024 13:55,29.94,61091.84,"","","",""
RW2,2078,5/4/2024 14:00,29.56,69509.12,"","","",""
RW2,2079,5/4/2024 14:05,29.17,59105.28,"","","",""
RW2,2080,5/4/2024 14:10,29.47,64143.36,"","","",""
RW2,2081,5/4/2024 14:15,30.03,75468.8,"","","",""
RW2,2082,5/4/2024 14:20,29.9,66764.8,"","","",""
RW2,2083,5/4/2024 14:25,30.54,61071.36,"","","",""
RW2,2084,5/4/2024 14:30,31.7,79011.84,"","","",""
RW2,2085,5/4/2024 14:35,30.59,64409.6,"","","",""
RW2,2086,5/4/2024 14:40,30.2,64245.76,"","","",""
RW2,2087,5/4/2024 14:45,29.51,60006.4,"","","",""
RW2,2088,5/4/2024 14:50,27.93,50810.88,"","","",""
RW2,2089,5/4/2024 14:55,26.98,54804.48,"","","",""
RW2,2090,5/4/2024 15:00,27.67,58859.52,"","","",""
RW2,2091,5/4/2024 15:05,27.41,53288.96,"","","",""
RW2,2092,5/4/2024 15:10,26.47,48271.36,"","","",""
RW2,2093,5/4/2024 15:15,25.52,43048.96,"","","",""
RW2,2094,5/4/2024 15:20,24.62,41349.12,"","","",""
RW2,2095,5/4/2024 15:25,24.41,41984,"","","",""
RW2,2096,5/4/2024 15:30,24.02,40642.56,"","","",""
RW2,2097,5/4/2024 15:35,24.06,40898.56,"","","",""
RW2,2098,5/4/2024 15:40,23.46,38021.12,"","","",""
RW2,2099,5/4/2024 15:45,23.12,36679.68,"","","",""
RW2,2100,5/4/2024 15:50,24.24,45137.92,"","","",""
RW2,2101,5/4/2024 15:55,23.59,41349.12,"","","",""
RW2,2102,5/4/2024 16:00,24.45,45035.52,"","","",""
RW2,2103,5/4/2024 16:05,24.79,54681.6,"","","",""
RW2,2104,5/4/2024 16:10,26.17,55500.8,"","","",""
RW2,2105,5/4/2024 16:15,25.35,41256.96,"","","",""
RW2,2106,5/4/2024 16:20,24.88,38307.84,"","","",""
RW2,2107,5/4/2024 16:25,24.41,48025.6,"","","",""
RW2,2108,5/4/2024 16:30,24.02,36730.88,"","","",""
RW2,2109,5/4/2024 16:35,23.12,36280.32,"","","",""
RW2,2110,5/4/2024 16:40,22.22,30167.04,"","","",""
RW2,2111,5/4/2024 16:45,19.73,25835.52,"","","",""
RW2,2112,5/4/2024 16:50,18.96,26480.64,"","","",""
RW2,2113,5/4/2024 16:55,18.49,17105.92,"","","",""
RW2,2114,5/4/2024 17:00,18.49,23930.88,"","","",""
RW2,2115,5/4/2024 17:05,18.27,18083.84,"","","",""
RW2,2116,5/4/2024 17:10,17.89,48.28,"","","",""
RW2,2117,5/4/2024 17:15,17.93,3283.2,"","","",""
RW2,2118,5/4/2024 17:20,17.72,11801.6,"","","",""
RW2,2119,5/4/2024 17:25,17.72,2165.76,"","","",""
RW2,2120,5/4/2024 17:30,17.67,198.24,"","","",""
RW2,2121,5/4/2024 17:35,17.54,1942.4,"","","",""
RW2,2122,5/4/2024 17:40,17.54,46.52,"","","",""
RW2,2123,5/4/2024 17:45,17.59,25.42,"","","",""
RW2,2124,5/4/2024 17:50,17.5,86.28,"","","",""
RW2,2125,5/4/2024 17:55,17.54,1535.36,"","","",""
RW2,2126,5/4/2024 18:00,17.46,296.88,"","","",""
RW2,2127,5/4/2024 18:05,17.37,1408,"","","",""
RW2,2128,5/4/2024 18:10,17.41,4320,"","","",""
RW2,2129,5/4/2024 18:15,17.37,307.12,"","","",""
RW2,2130,5/4/2024 18:20,17.33,1275.52,"","","",""
RW2,2131,5/4/2024 18:25,17.29,426.08,"","","",""
RW2,2132,5/4/2024 18:30,17.29,842.88,"","","",""
RW2,2133,5/4/2024 18:35,17.37,254.32,"","","",""
RW2,2134,5/4/2024 18:40,17.37,14.76,"","","",""
RW2,2135,5/4/2024 18:45,17.37,658.88,"","","",""
RW2,2136,5/4/2024 18:50,17.33,137.64,"","","",""
RW2,2137,5/4/2024 18:55,17.29,12.91,"","","",""
RW2,2138,5/4/2024 19:00,17.29,3.7,"","","",""
RW2,2139,5/4/2024 19:05,17.24,22.75,"","","",""
RW2,2140,5/4/2024 19:10,17.24,3.05,"","","",""
RW2,2141,5/4/2024 19:15,17.16,0.43,"","","",""
RW2,2142,5/4/2024 19:20,17.11,6.75,"","","",""
RW2,2143,5/4/2024 19:25,17.11,7.19,"","","",""
RW2,2144,5/4/2024 19:30,17.11,0,"","","",""
RW2,2145,5/4/2024 19:35,17.11,16.83,"","","",""
RW2,2146,5/4/2024 19:40,17.03,0,"","","",""
RW2,2147,5/4/2024 19:45,16.99,5.01,"","","",""
RW2,2148,5/4/2024 19:50,17.07,6.32,"","","",""
RW2,2149,5/4/2024 19:55,17.03,6.1,"","","",""
RW2,2150,5/4/2024 20:00,17.03,0,"","","",""
RW2,2151,5/4/2024 20:05,17.03,0,"","","",""
RW2,2152,5/4/2024 20:10,17.03,0,"","","",""
RW2,2153,5/4/2024 20:15,16.94,0,"","","",""
RW2,2154,5/4/2024 20:20,16.86,0,"","","",""
RW2,2155,5/4/2024 20:25,16.99,0,"","","",""
RW2,2156,5/4/2024 20:30,16.9,0,"","","",""
RW2,2157,5/4/2024 20:35,16.77,0,"","","",""
RW2,2158,5/4/2024 20:40,16.69,0,"","","",""
RW2,2159,5/4/2024 20:45,16.51,0,"","","",""
RW2,2160,5/4/2024 20:50,16.56,0,"","","",""
RW2,2161,5/4/2024 20:55,16.43,0,"","","",""
RW2,2162,5/4/2024 21:00,16.47,0,"","","",""
RW2,2163,5/4/2024 21:05,16.34,0,"","","",""
RW2,2164,5/4/2024 21:10,16.13,0,"","","",""
RW2,2165,5/4/2024 21:15,16.3,0,"","","",""
RW2,2166,5/4/2024 21:20,16.17,0,"","","",""
RW2,2167,5/4/2024 21:25,16.21,0,"","","",""
RW2,2168,5/4/2024 21:30,16.21,0,"","","",""
RW2,2169,5/4/2024 21:35,16.17,0,"","","",""
RW2,2170,5/4/2024 21:40,16.13,0,"","","",""
RW2,2171,5/4/2024 21:45,16.21,0,"","","",""
RW2,2172,5/4/2024 21:50,16.08,0,"","","",""
RW2,2173,5/4/2024 21:55,16.21,0,"","","",""
RW2,2174,5/4/2024 22:00,16.17,0,"","","",""
RW2,2175,5/4/2024 22:05,16.21,0,"","","",""
RW2,2176,5/4/2024 22:10,16.13,0,"","","",""
RW2,2177,5/4/2024 22:15,15.96,0,"","","",""
RW2,2178,5/4/2024 22:20,15.91,0,"","","",""
RW2,2179,5/4/2024 22:25,15.66,0,"","","",""
RW2,2180,5/4/2024 22:30,15.57,0,"","","",""
RW2,2181,5/4/2024 22:35,15.57,0,"","","",""
RW2,2182,5/4/2024 22:40,14.93,0,"","","",""
RW2,2183,5/4/2024 22:45,14.58,0,"","","",""
RW2,2184,5/4/2024 22:50,14.37,0,"","","",""
RW2,2185,5/4/2024 22:55,14.24,0,"","","",""
RW2,2186,5/4/2024 23:00,14.11,0,"","","",""
RW2,2187,5/4/2024 23:05,14.11,0,"","","",""
RW2,2188,5/4/2024 23:10,14.11,0,"","","",""
RW2,2189,5/4/2024 23:15,14.11,0,"","","",""
RW2,2190,5/4/2024 23:20,14.07,0,"","","",""
RW2,2191,5/4/2024 23:25,13.9,0,"","","",""
RW2,2192,5/4/2024 23:30,13.98,0,"","","",""
RW2,2193,5/4/2024 23:35,13.94,0,"","","",""
RW2,2194,5/4/2024 23:40,13.81,0,"","","",""
RW2,2195,5/4/2024 23:45,13.77,0,"","","",""
RW2,2196,5/4/2024 23:50,13.6,0,"","","",""
RW2,2197,5/4/2024 23:55,13.47,0,"","","",""
RW2,2198,5/5/2024 0:00,13.43,0,"","","",""
RW2,2199,5/5/2024 0:05,13.64,0,"","","",""
RW2,2200,5/5/2024 0:10,13.73,0,"","","",""
RW2,2201,5/5/2024 0:15,13.81,0,"","","",""
RW2,2202,5/5/2024 0:20,13.6,0,"","","",""
RW2,2203,5/5/2024 0:25,13.47,0,"","","",""
RW2,2204,5/5/2024 0:30,13.38,0,"","","",""
RW2,2205,5/5/2024 0:35,13.34,0,"","","",""
RW2,2206,5/5/2024 0:40,13.47,0,"","","",""
RW2,2207,5/5/2024 0:45,13.6,0,"","","",""
RW2,2208,5/5/2024 0:50,13.64,0,"","","",""
RW2,2209,5/5/2024 0:55,13.77,0.21,"","","",""
RW2,2210,5/5/2024 1:00,13.73,0,"","","",""
RW2,2211,5/5/2024 1:05,13.68,0,"","","",""
RW2,2212,5/5/2024 1:10,13.51,0,"","","",""
RW2,2213,5/5/2024 1:15,13.51,0,"","","",""
RW2,2214,5/5/2024 1:20,13.68,0,"","","",""
RW2,2215,5/5/2024 1:25,13.77,0,"","","",""
RW2,2216,5/5/2024 1:30,13.9,0,"","","",""
RW2,2217,5/5/2024 1:35,13.9,0,"","","",""
RW2,2218,5/5/2024 1:40,13.94,0,"","","",""
RW2,2219,5/5/2024 1:45,13.98,0,"","","",""
RW2,2220,5/5/2024 1:50,14.07,0,"","","",""
RW2,2221,5/5/2024 1:55,14.07,0,"","","",""
RW2,2222,5/5/2024 2:00,14.07,0,"","","",""
RW2,2223,5/5/2024 2:05,14.11,0,"","","",""
RW2,2224,5/5/2024 2:10,14.07,0,"","","",""
RW2,2225,5/5/2024 2:15,14.11,0,"","","",""
RW2,2226,5/5/2024 2:20,14.15,0,"","","",""
RW2,2227,5/5/2024 2:25,14.15,0,"","","",""
RW2,2228,5/5/2024 2:30,14.11,0,"","","",""
RW2,2229,5/5/2024 2:35,14.11,0,"","","",""
RW2,2230,5/5/2024 2:40,14.15,0,"","","",""
RW2,2231,5/5/2024 2:45,14.11,0,"","","",""
RW2,2232,5/5/2024 2:50,14.15,0,"","","",""
RW2,2233,5/5/2024 2:55,13.98,0,"","","",""
RW2,2234,5/5/2024 3:00,13.81,0,"","","",""
RW2,2235,5/5/2024 3:05,13.6,0,"","","",""
RW2,2236,5/5/2024 3:10,13.38,0,"","","",""
RW2,2237,5/5/2024 3:15,13.17,0,"","","",""
RW2,2238,5/5/2024 3:20,13,0,"","","",""
RW2,2239,5/5/2024 3:25,12.87,0,"","","",""
RW2,2240,5/5/2024 3:30,12.74,0,"","","",""
RW2,2241,5/5/2024 3:35,12.48,0,"","","",""
RW2,2242,5/5/2024 3:40,12.27,0,"","","",""
RW2,2243,5/5/2024 3:45,12.18,0,"","","",""
RW2,2244,5/5/2024 3:50,12.22,0,"","","",""
RW2,2245,5/5/2024 3:55,12.18,0,"","","",""
RW2,2246,5/5/2024 4:00,12.27,0,"","","",""
RW2,2247,5/5/2024 4:05,12.18,0.21,"","","",""
RW2,2248,5/5/2024 4:10,12.22,0,"","","",""
RW2,2249,5/5/2024 4:15,12.1,0,"","","",""
RW2,2250,5/5/2024 4:20,12.01,0,"","","",""
RW2,2251,5/5/2024 4:25,12.1,0,"","","",""
RW2,2252,5/5/2024 4:30,12.31,0,"","","",""
RW2,2253,5/5/2024 4:35,12.4,0,"","","",""
RW2,2254,5/5/2024 4:40,12.57,0,"","","",""
RW2,2255,5/5/2024 4:45,12.31,0,"","","",""
RW2,2256,5/5/2024 4:50,12.22,0,"","","",""
RW2,2257,5/5/2024 4:55,12.18,0,"","","",""
RW2,2258,5/5/2024 5:00,11.75,0,"","","",""
RW2,2259,5/5/2024 5:05,11.54,0,"","","",""
RW2,2260,5/5/2024 5:10,11.49,0,"","","",""
RW2,2261,5/5/2024 5:15,11.54,0,"","","",""
RW2,2262,5/5/2024 5:20,11.54,0,"","","",""
RW2,2263,5/5/2024 5:25,11.49,0.21,"","","",""
RW2,2264,5/5/2024 5:30,11.49,1.3,"","","",""
RW2,2265,5/5/2024 5:35,12.1,5.23,"","","",""
RW2,2266,5/5/2024 5:40,13.73,16.86,"","","",""
RW2,2267,5/5/2024 5:45,14.28,9.83,"","","",""
RW2,2268,5/5/2024 5:50,14.58,68.32,"","","",""
RW2,2269,5/5/2024 5:55,14.58,8.52,"","","",""
RW2,2270,5/5/2024 6:00,14.58,1.08,"","","",""
RW2,2271,5/5/2024 6:05,14.63,29.86,"","","",""
RW2,2272,5/5/2024 6:10,14.63,124.56,"","","",""
RW2,2273,5/5/2024 6:15,14.63,3.51,"","","",""
RW2,2274,5/5/2024 6:20,14.63,46.1,"","","",""
RW2,2275,5/5/2024 6:25,14.58,3.07,"","","",""
RW2,2276,5/5/2024 6:30,14.63,64.94,"","","",""
RW2,2277,5/5/2024 6:35,14.63,2404.48,"","","",""
RW2,2278,5/5/2024 6:40,14.58,137.32,"","","",""
RW2,2279,5/5/2024 6:45,14.58,1494.4,"","","",""
RW2,2280,5/5/2024 6:50,14.58,43.26,"","","",""
RW2,2281,5/5/2024 6:55,14.58,84.44,"","","",""
RW2,2282,5/5/2024 7:00,14.63,2500.48,"","","",""
RW2,2283,5/5/2024 7:05,14.63,3508.48,"","","",""
RW2,2284,5/5/2024 7:10,14.58,787.2,"","","",""
RW2,2285,5/5/2024 7:15,14.54,50.78,"","","",""
RW2,2286,5/5/2024 7:20,14.54,836.8,"","","",""
RW2,2287,5/5/2024 7:25,14.58,395.52,"","","",""
RW2,2288,5/5/2024 7:30,14.58,788.16,"","","",""
RW2,2289,5/5/2024 7:35,14.54,2961.92,"","","",""
RW2,2290,5/5/2024 7:40,14.54,1000,"","","",""
RW2,2291,5/5/2024 7:45,14.5,872.64,"","","",""
RW2,2292,5/5/2024 7:50,14.5,70.62,"","","",""
RW2,2293,5/5/2024 7:55,14.54,885.76,"","","",""
RW2,2294,5/5/2024 8:00,14.5,1067.84,"","","",""
RW2,2295,5/5/2024 8:05,14.5,7818.24,"","","",""
RW2,2296,5/5/2024 8:10,14.54,859.52,"","","",""
RW2,2297,5/5/2024 8:15,14.54,305.76,"","","",""
RW2,2298,5/5/2024 8:20,14.54,9694.72,"","","",""
RW2,2299,5/5/2024 8:25,14.58,4732.16,"","","",""
RW2,2300,5/5/2024 8:30,14.58,270.48,"","","",""
RW2,2301,5/5/2024 8:35,14.58,12794.88,"","","",""
RW2,2302,5/5/2024 8:40,14.67,13614.08,"","","",""
RW2,2303,5/5/2024 8:45,14.67,1066.24,"","","",""
RW2,2304,5/5/2024 8:50,14.63,8409.6,"","","",""
RW2,2305,5/5/2024 8:55,14.67,7301.12,"","","",""
RW2,2306,5/5/2024 9:00,14.71,813.76,"","","",""
RW2,2307,5/5/2024 9:05,14.71,775.36,"","","",""
RW2,2308,5/5/2024 9:10,14.75,21985.28,"","","",""
RW2,2309,5/5/2024 9:15,14.75,3482.88,"","","",""
RW2,2310,5/5/2024 9:20,14.88,723.52,"","","",""
RW2,2311,5/5/2024 9:25,14.8,75.96,"","","",""
RW2,2312,5/5/2024 9:30,14.8,2010.24,"","","",""
RW2,2313,5/5/2024 9:35,14.75,752.64,"","","",""
RW2,2314,5/5/2024 9:40,14.97,30351.36,"","","",""
RW2,2315,5/5/2024 9:45,14.97,7628.8,"","","",""
RW2,2316,5/5/2024 9:50,15.18,22497.28,"","","",""
RW2,2317,5/5/2024 9:55,15.27,27535.36,"","","",""
RW2,2318,5/5/2024 10:00,15.53,180.24,"","","",""
RW2,2319,5/5/2024 10:05,16,8284.16,"","","",""
RW2,2320,5/5/2024 10:10,16.94,55951.36,"","","",""
RW2,2321,5/5/2024 10:15,18.92,82083.84,"","","",""
RW2,2322,5/5/2024 10:20,19.22,82944,"","","",""
RW2,2323,5/5/2024 10:25,20.2,83415.04,"","","",""
RW2,2324,5/5/2024 10:30,21.4,83968,"","","",""
RW2,2325,5/5/2024 10:35,22.09,83333.12,"","","",""
RW2,2326,5/5/2024 10:40,23.21,85196.8,"","","",""
RW2,2327,5/5/2024 10:45,24.15,85729.28,"","","",""
RW2,2328,5/5/2024 10:50,24.49,87654.4,"","","",""
RW2,2329,5/5/2024 10:55,25.22,87941.12,"","","",""
RW2,2330,5/5/2024 11:00,25.82,89006.08,"","","",""
RW2,2331,5/5/2024 11:05,26.12,90112,"","","",""
RW2,2332,5/5/2024 11:10,26.6,91054.08,"","","",""
RW2,2333,5/5/2024 11:15,26.6,91013.12,"","","",""
RW2,2334,5/5/2024 11:20,26.77,91176.96,"","","",""
RW2,2335,5/5/2024 11:25,26.94,92405.76,"","","",""
RW2,2336,5/5/2024 11:30,27.15,92897.28,"","","",""
RW2,2337,5/5/2024 11:35,27.45,93839.36,"","","",""
RW2,2338,5/5/2024 11:40,28.1,94248.96,"","","",""
RW2,2339,5/5/2024 11:45,28.65,94781.44,"","","",""
RW2,2340,5/5/2024 11:50,28.7,95191.04,"","","",""
RW2,2341,5/5/2024 11:55,28.57,95559.68,"","","",""
RW2,2342,5/5/2024 12:00,28.65,95846.4,"","","",""
RW2,2343,5/5/2024 12:05,28.57,96133.12,"","","",""
RW2,2344,5/5/2024 12:10,28.48,96174.08,"","","",""
RW2,2345,5/5/2024 12:15,28.65,96542.72,"","","",""
RW2,2346,5/5/2024 12:20,28.91,96542.72,"","","",""
RW2,2347,5/5/2024 12:25,29.13,96665.6,"","","",""
RW2,2348,5/5/2024 12:30,29.26,96665.6,"","","",""
RW2,2349,5/5/2024 12:35,29.13,96747.52,"","","",""
RW2,2350,5/5/2024 12:40,29.17,96583.68,"","","",""
RW2,2351,5/5/2024 12:45,29.04,96419.84,"","","",""
RW2,2352,5/5/2024 12:50,29.17,96337.92,"","","",""
RW2,2353,5/5/2024 12:55,28.91,96092.16,"","","",""
RW2,2354,5/5/2024 13:00,29.08,95723.52,"","","",""
RW2,2355,5/5/2024 13:05,29.08,95313.92,"","","",""
RW2,2356,5/5/2024 13:10,28.87,94740.48,"","","",""
RW2,2357,5/5/2024 13:15,28.78,94330.88,"","","",""
RW2,2358,5/5/2024 13:20,29.04,93675.52,"","","",""
RW2,2359,5/5/2024 13:25,28.91,93184,"","","",""
RW2,2360,5/5/2024 13:30,29.08,92487.68,"","","",""
RW2,2361,5/5/2024 13:35,29.26,92200.96,"","","",""
RW2,2362,5/5/2024 13:40,29.13,91504.64,"","","",""
RW2,2363,5/5/2024 13:45,29.21,90808.32,"","","",""
RW2,2364,5/5/2024 13:50,29.13,89948.16,"","","",""
RW2,2365,5/5/2024 13:55,29.26,89169.92,"","","",""
RW2,2366,5/5/2024 14:00,29.51,88350.72,"","","",""
RW2,2367,5/5/2024 14:05,29.64,87613.44,"","","",""
RW2,2368,5/5/2024 14:10,29.47,86671.36,"","","",""
RW2,2369,5/5/2024 14:15,29.47,85852.16,"","","",""
RW2,2370,5/5/2024 14:20,29.68,85114.88,"","","",""
RW2,2371,5/5/2024 14:25,29.68,84213.76,"","","",""
RW2,2372,5/5/2024 14:30,29.68,82042.88,"","","",""
RW2,2373,5/5/2024 14:35,29.77,79339.52,"","","",""
RW2,2374,5/5/2024 14:40,29.73,80588.8,"","","",""
RW2,2375,5/5/2024 14:45,29.77,79196.16,"","","",""
RW2,2376,5/5/2024 14:50,29.64,78336,"","","",""
RW2,2377,5/5/2024 14:55,29.64,76267.52,"","","",""
RW2,2378,5/5/2024 15:00,29.51,75632.64,"","","",""
RW2,2379,5/5/2024 15:05,29.38,74035.2,"","","",""
RW2,2380,5/5/2024 15:10,29.34,72765.44,"","","",""
RW2,2381,5/5/2024 15:15,28.87,71700.48,"","","",""
RW2,2382,5/5/2024 15:20,28.95,71127.04,"","","",""
RW2,2383,5/5/2024 15:25,28.91,68935.68,"","","",""
RW2,2384,5/5/2024 15:30,28.7,67235.84,"","","",""
RW2,2385,5/5/2024 15:35,28.4,65556.48,"","","",""
RW2,2386,5/5/2024 15:40,28.18,62545.92,"","","",""
RW2,2387,5/5/2024 15:45,28.1,61685.76,"","","",""
RW2,2388,5/5/2024 15:50,27.93,60395.52,"","","",""
RW2,2389,5/5/2024 15:55,27.97,58777.6,"","","",""
RW2,2390,5/5/2024 16:00,27.93,57241.6,"","","",""
RW2,2391,5/5/2024 16:05,27.67,55787.52,"","","",""
RW2,2392,5/5/2024 16:10,27.15,54272,"","","",""
RW2,2393,5/5/2024 16:15,27.11,52756.48,"","","",""
RW2,2394,5/5/2024 16:20,25.95,41093.12,"","","",""
RW2,2395,5/5/2024 16:25,25.48,42659.84,"","","",""
RW2,2396,5/5/2024 16:30,25.14,41543.68,"","","",""
RW2,2397,5/5/2024 16:35,24.32,36935.68,"","","",""
RW2,2398,5/5/2024 16:40,24.11,39741.44,"","","",""
RW2,2399,5/5/2024 16:45,23.59,38440.96,"","","",""
RW2,2400,5/5/2024 16:50,22.95,36730.88,"","","",""
RW2,2401,5/5/2024 16:55,20.33,36679.68,"","","",""
RW2,2402,5/5/2024 17:00,19.3,43438.08,"","","",""
RW2,2403,5/5/2024 17:05,18.92,20177.92,"","","",""
RW2,2404,5/5/2024 17:10,18.83,30156.8,"","","",""
RW2,2405,5/5/2024 17:15,17.11,8696.32,"","","",""
RW2,2406,5/5/2024 17:20,16.56,5534.72,"","","",""
RW2,2407,5/5/2024 17:25,16.08,24.57,"","","",""
RW2,2408,5/5/2024 17:30,15.78,36.94,"","","",""
RW2,2409,5/5/2024 17:35,15.48,623.36,"","","",""
RW2,2410,5/5/2024 17:40,15.31,907.52,"","","",""
RW2,2411,5/5/2024 17:45,15.14,248.24,"","","",""
RW2,2412,5/5/2024 17:50,15.01,918.08,"","","",""
RW2,2413,5/5/2024 17:55,14.84,239.28,"","","",""
RW2,2414,5/5/2024 18:00,14.75,1094.08,"","","",""
RW2,2415,5/5/2024 18:05,14.71,1015.68,"","","",""
RW2,2416,5/5/2024 18:10,14.63,352.16,"","","",""
RW2,2417,5/5/2024 18:15,14.5,414.56,"","","",""
RW2,2418,5/5/2024 18:20,14.45,48.16,"","","",""
RW2,2419,5/5/2024 18:25,14.37,12.26,"","","",""
RW2,2420,5/5/2024 18:30,14.37,101.56,"","","",""
RW2,2421,5/5/2024 18:35,14.28,2.83,"","","",""
RW2,2422,5/5/2024 18:40,14.15,34.6,"","","",""
RW2,2423,5/5/2024 18:45,14.11,424.16,"","","",""
RW2,2424,5/5/2024 18:50,14.11,430.72,"","","",""
RW2,2425,5/5/2024 18:55,14.03,12.66,"","","",""
RW2,2426,5/5/2024 19:00,14.03,155.96,"","","",""
RW2,2427,5/5/2024 19:05,13.94,104.16,"","","",""
RW2,2428,5/5/2024 19:10,13.94,0.87,"","","",""
RW2,2429,5/5/2024 19:15,13.9,14.63,"","","",""
RW2,2430,5/5/2024 19:20,13.9,10.24,"","","",""
RW2,2431,5/5/2024 19:25,13.77,12.45,"","","",""
RW2,2432,5/5/2024 19:30,13.85,8.93,"","","",""
RW2,2433,5/5/2024 19:35,13.73,0.21,"","","",""
RW2,2434,5/5/2024 19:40,13.77,6.1,"","","",""
RW2,2435,5/5/2024 19:45,13.68,13.54,"","","",""
RW2,2436,5/5/2024 19:50,13.6,1.08,"","","",""
RW2,2437,5/5/2024 19:55,13.6,0,"","","",""
RW2,2438,5/5/2024 20:00,13.6,0,"","","",""
RW2,2439,5/5/2024 20:05,13.6,0,"","","",""
RW2,2440,5/5/2024 20:10,13.6,0,"","","",""
RW2,2441,5/5/2024 20:15,13.6,0,"","","",""
RW2,2442,5/5/2024 20:20,13.51,0,"","","",""
RW2,2443,5/5/2024 20:25,13.47,0,"","","",""
RW2,2444,5/5/2024 20:30,13.43,0,"","","",""
RW2,2445,5/5/2024 20:35,13.43,0,"","","",""
RW2,2446,5/5/2024 20:40,13.47,0,"","","",""
RW2,2447,5/5/2024 20:45,13.43,0,"","","",""
RW2,2448,5/5/2024 20:50,13.43,0,"","","",""
RW2,2449,5/5/2024 20:55,13.38,0,"","","",""
RW2,2450,5/5/2024 21:00,13.38,0,"","","",""
RW2,2451,5/5/2024 21:05,13.34,0,"","","",""
RW2,2452,5/5/2024 21:10,13.38,0,"","","",""
RW2,2453,5/5/2024 21:15,13.3,0,"","","",""
RW2,2454,5/5/2024 21:20,13.34,0,"","","",""
RW2,2455,5/5/2024 21:25,13.3,0,"","","",""
RW2,2456,5/5/2024 21:30,13.17,0,"","","",""
RW2,2457,5/5/2024 21:35,13.17,0,"","","",""
RW2,2458,5/5/2024 21:40,13.21,0,"","","",""
RW2,2459,5/5/2024 21:45,13.25,0,"","","",""
RW2,2460,5/5/2024 21:50,13.17,0,"","","",""
RW2,2461,5/5/2024 21:55,13.08,0,"","","",""
RW2,2462,5/5/2024 22:00,13.08,0,"","","",""
RW2,2463,5/5/2024 22:05,13.04,0,"","","",""
RW2,2464,5/5/2024 22:10,13,0,"","","",""
RW2,2465,5/5/2024 22:15,12.91,0,"","","",""
RW2,2466,5/5/2024 22:20,12.91,0,"","","",""
RW2,2467,5/5/2024 22:25,12.91,0,"","","",""
RW2,2468,5/5/2024 22:30,12.91,0,"","","",""
RW2,2469,5/5/2024 22:35,12.91,0,"","","",""
RW2,2470,5/5/2024 22:40,12.82,0,"","","",""
RW2,2471,5/5/2024 22:45,12.78,0,"","","",""
RW2,2472,5/5/2024 22:50,12.78,0,"","","",""
RW2,2473,5/5/2024 22:55,12.74,0,"","","",""
RW2,2474,5/5/2024 23:00,12.61,0,"","","",""
RW2,2475,5/5/2024 23:05,12.44,0,"","","",""
RW2,2476,5/5/2024 23:10,12.22,0,"","","",""
RW2,2477,5/5/2024 23:15,11.54,0,"","","",""
RW2,2478,5/5/2024 23:20,11.02,0,"","","",""
RW2,2479,5/5/2024 23:25,9.99,0,"","","",""
RW2,2480,5/5/2024 23:30,9.26,0,"","","",""
RW2,2481,5/5/2024 23:35,8.75,0,"","","",""
RW2,2482,5/5/2024 23:40,8.53,0,"","","",""
RW2,2483,5/5/2024 23:45,8.28,0,"","","",""
RW2,2484,5/5/2024 23:50,8.11,0,"","","",""
RW2,2485,5/5/2024 23:55,7.85,0,"","","",""
RW2,2486,5/6/2024 0:00,7.68,0,"","","",""
RW2,2487,5/6/2024 0:05,7.5,0,"","","",""
RW2,2488,5/6/2024 0:10,7.2,0,"","","",""
RW2,2489,5/6/2024 0:15,7.42,0,"","","",""
RW2,2490,5/6/2024 0:20,7.81,0,"","","",""
RW2,2491,5/6/2024 0:25,7.81,0,"","","",""
RW2,2492,5/6/2024 0:30,7.63,0,"","","",""
RW2,2493,5/6/2024 0:35,7.55,0,"","","",""
RW2,2494,5/6/2024 0:40,7.59,0,"","","",""
RW2,2495,5/6/2024 0:45,7.33,0,"","","",""
RW2,2496,5/6/2024 0:50,7.38,0,"","","",""
RW2,2497,5/6/2024 0:55,7.33,0,"","","",""
RW2,2498,5/6/2024 1:00,7.55,0,"","","",""
RW2,2499,5/6/2024 1:05,7.59,0,"","","",""
RW2,2500,5/6/2024 1:10,7.59,0,"","","",""
RW2,2501,5/6/2024 1:15,7.42,0,"","","",""
RW2,2502,5/6/2024 1:20,7.12,0,"","","",""
RW2,2503,5/6/2024 1:25,6.95,0,"","","",""
RW2,2504,5/6/2024 1:30,7.08,0,"","","",""
RW2,2505,5/6/2024 1:35,7.25,0,"","","",""
RW2,2506,5/6/2024 1:40,6.95,0,"","","",""
RW2,2507,5/6/2024 1:45,6.82,0.21,"","","",""
RW2,2508,5/6/2024 1:50,6.82,0,"","","",""
RW2,2509,5/6/2024 1:55,6.99,0,"","","",""
RW2,2510,5/6/2024 2:00,6.65,0,"","","",""
RW2,2511,5/6/2024 2:05,6.69,0,"","","",""
RW2,2512,5/6/2024 2:10,6.86,0,"","","",""
RW2,2513,5/6/2024 2:15,7.03,0,"","","",""
RW2,2514,5/6/2024 2:20,7.08,0,"","","",""
RW2,2515,5/6/2024 2:25,7.08,0,"","","",""
RW2,2516,5/6/2024 2:30,7.42,0,"","","",""
RW2,2517,5/6/2024 2:35,7.25,0,"","","",""
RW2,2518,5/6/2024 2:40,6.95,0,"","","",""
RW2,2519,5/6/2024 2:45,7.03,0,"","","",""
RW2,2520,5/6/2024 2:50,6.95,0,"","","",""
RW2,2521,5/6/2024 2:55,7.08,0,"","","",""
RW2,2522,5/6/2024 3:00,6.78,0,"","","",""
RW2,2523,5/6/2024 3:05,6.9,0,"","","",""
RW2,2524,5/6/2024 3:10,6.82,0,"","","",""
RW2,2525,5/6/2024 3:15,7.08,0,"","","",""
RW2,2526,5/6/2024 3:20,7.85,0,"","","",""
RW2,2527,5/6/2024 3:25,8.32,0,"","","",""
RW2,2528,5/6/2024 3:30,8.71,0,"","","",""
RW2,2529,5/6/2024 3:35,8.58,0,"","","",""
RW2,2530,5/6/2024 3:40,8.36,0,"","","",""
RW2,2531,5/6/2024 3:45,7.98,0,"","","",""
RW2,2532,5/6/2024 3:50,7.85,0,"","","",""
RW2,2533,5/6/2024 3:55,7.85,0,"","","",""
RW2,2534,5/6/2024 4:00,7.93,0,"","","",""
RW2,2535,5/6/2024 4:05,7.85,0,"","","",""
RW2,2536,5/6/2024 4:10,8.11,0,"","","",""
RW2,2537,5/6/2024 4:15,7.98,0,"","","",""
RW2,2538,5/6/2024 4:20,7.29,0,"","","",""
RW2,2539,5/6/2024 4:25,7.08,0,"","","",""
RW2,2540,5/6/2024 4:30,6.82,0,"","","",""
RW2,2541,5/6/2024 4:35,7.46,0,"","","",""
RW2,2542,5/6/2024 4:40,8.11,0,"","","",""
RW2,2543,5/6/2024 4:45,8.41,0,"","","",""
RW2,2544,5/6/2024 4:50,8.62,0,"","","",""
RW2,2545,5/6/2024 4:55,8.92,0,"","","",""
RW2,2546,5/6/2024 5:00,8.83,0,"","","",""
RW2,2547,5/6/2024 5:05,9.18,0,"","","",""
RW2,2548,5/6/2024 5:10,9.52,0.21,"","","",""
RW2,2549,5/6/2024 5:15,9.65,0,"","","",""
RW2,2550,5/6/2024 5:20,9.69,0,"","","",""
RW2,2551,5/6/2024 5:25,9.78,0.43,"","","",""
RW2,2552,5/6/2024 5:30,9.78,2.17,"","","",""
RW2,2553,5/6/2024 5:35,9.78,7.41,"","","",""
RW2,2554,5/6/2024 5:40,9.65,23.18,"","","",""
RW2,2555,5/6/2024 5:45,9.56,66.64,"","","",""
RW2,2556,5/6/2024 5:50,9.61,158.76,"","","",""
RW2,2557,5/6/2024 5:55,9.56,333.44,"","","",""
RW2,2558,5/6/2024 6:00,9.44,599.36,"","","",""
RW2,2559,5/6/2024 6:05,9.44,986.88,"","","",""
RW2,2560,5/6/2024 6:10,9.52,1507.2,"","","",""
RW2,2561,5/6/2024 6:15,9.82,2545.92,"","","",""
RW2,2562,5/6/2024 6:20,10.25,3975.68,"","","",""
RW2,2563,5/6/2024 6:25,10.77,5237.76,"","","",""
RW2,2564,5/6/2024 6:30,11.07,5980.16,"","","",""
RW2,2565,5/6/2024 6:35,11.11,7040,"","","",""
RW2,2566,5/6/2024 6:40,12.22,8153.6,"","","",""
RW2,2567,5/6/2024 6:45,12.65,11095.04,"","","",""
RW2,2568,5/6/2024 6:50,13,13772.8,"","","",""
RW2,2569,5/6/2024 6:55,12.7,4024.32,"","","",""
RW2,2570,5/6/2024 7:00,12.31,788.8,"","","",""
RW2,2571,5/6/2024 7:05,12.14,22272,"","","",""
RW2,2572,5/6/2024 7:10,11.75,2613.76,"","","",""
RW2,2573,5/6/2024 7:15,11.75,639.84,"","","",""
RW2,2574,5/6/2024 7:20,11.67,673.92,"","","",""
RW2,2575,5/6/2024 7:25,11.67,1384.32,"","","",""
RW2,2576,5/6/2024 7:30,11.67,519.52,"","","",""
RW2,2577,5/6/2024 7:35,11.67,29.37,"","","",""
RW2,2578,5/6/2024 7:40,11.71,5213.44,"","","",""
RW2,2579,5/6/2024 7:45,11.71,5112.32,"","","",""
RW2,2580,5/6/2024 7:50,11.71,4208.64,"","","",""
RW2,2581,5/6/2024 7:55,11.71,26.97,"","","",""
RW2,2582,5/6/2024 8:00,11.79,2240.64,"","","",""
RW2,2583,5/6/2024 8:05,11.79,6960.64,"","","",""
RW2,2584,5/6/2024 8:10,11.84,229.92,"","","",""
RW2,2585,5/6/2024 8:15,11.84,87.28,"","","",""
RW2,2586,5/6/2024 8:20,11.92,128.6,"","","",""
RW2,2587,5/6/2024 8:25,11.92,6451.2,"","","",""
RW2,2588,5/6/2024 8:30,11.97,171.04,"","","",""
RW2,2589,5/6/2024 8:35,12.05,290.32,"","","",""
RW2,2590,5/6/2024 8:40,12.14,8657.92,"","","",""
RW2,2591,5/6/2024 8:45,12.18,4634.88,"","","",""
RW2,2592,5/6/2024 8:50,12.14,4693.76,"","","",""
RW2,2593,5/6/2024 8:55,12.22,10772.48,"","","",""
RW2,2594,5/6/2024 9:00,12.27,1851.52,"","","",""
RW2,2595,5/6/2024 9:05,12.31,82.6,"","","",""
RW2,2596,5/6/2024 9:10,12.31,975.36,"","","",""
RW2,2597,5/6/2024 9:15,12.35,10731.52,"","","",""
RW2,2598,5/6/2024 9:20,12.44,835.2,"","","",""
RW2,2599,5/6/2024 9:25,12.44,21934.08,"","","",""
RW2,2600,5/6/2024 9:30,12.44,1047.04,"","","",""
RW2,2601,5/6/2024 9:35,12.52,577.6,"","","",""
RW2,2602,5/6/2024 9:40,12.57,752,"","","",""
RW2,2603,5/6/2024 9:45,12.65,132.2,"","","",""
RW2,2604,5/6/2024 9:50,12.74,121.92,"","","",""
RW2,2605,5/6/2024 9:55,13,7168,"","","",""
RW2,2606,5/6/2024 10:00,12.95,4442.88,"","","",""
RW2,2607,5/6/2024 10:05,13.12,7224.32,"","","",""
RW2,2608,5/6/2024 10:10,13.08,1119.36,"","","",""
RW2,2609,5/6/2024 10:15,13.21,2880,"","","",""
RW2,2610,5/6/2024 10:20,13.55,456.8,"","","",""
RW2,2611,5/6/2024 10:25,13.34,2113.92,"","","",""
RW2,2612,5/6/2024 10:30,13.73,40529.92,"","","",""
RW2,2613,5/6/2024 10:35,14.54,178.8,"","","",""
RW2,2614,5/6/2024 10:40,14.28,25456.64,"","","",""
RW2,2615,5/6/2024 10:45,15.61,85811.2,"","","",""
RW2,2616,5/6/2024 10:50,17.2,87367.68,"","","",""
RW2,2617,5/6/2024 10:55,17.97,86425.6,"","","",""
RW2,2618,5/6/2024 11:00,18.44,88432.64,"","","",""
RW2,2619,5/6/2024 11:05,20.63,89866.24,"","","",""
RW2,2620,5/6/2024 11:10,21.62,91176.96,"","","",""
RW2,2621,5/6/2024 11:15,23.42,92160,"","","",""
RW2,2622,5/6/2024 11:20,24.19,92446.72,"","","",""
RW2,2623,5/6/2024 11:25,25.39,93184,"","","",""
RW2,2624,5/6/2024 11:30,27.11,93552.64,"","","",""
RW2,2625,5/6/2024 11:35,28.53,94167.04,"","","",""
RW2,2626,5/6/2024 11:40,29.3,94085.12,"","","",""
RW2,2627,5/6/2024 11:45,29.6,94617.6,"","","",""
RW2,2628,5/6/2024 11:50,30.37,94904.32,"","","",""
RW2,2629,5/6/2024 11:55,30.63,95191.04,"","","",""
RW2,2630,5/6/2024 12:00,30.93,95436.8,"","","",""
RW2,2631,5/6/2024 12:05,31.1,95887.36,"","","",""
RW2,2632,5/6/2024 12:10,31.19,96010.24,"","","",""
RW2,2633,5/6/2024 12:15,31.31,96337.92,"","","",""
RW2,2634,5/6/2024 12:20,31.31,96256,"","","",""
RW2,2635,5/6/2024 12:25,31.66,96378.88,"","","",""
RW2,2636,5/6/2024 12:30,31.66,96419.84,"","","",""
RW2,2637,5/6/2024 12:35,31.96,96501.76,"","","",""
RW2,2638,5/6/2024 12:40,31.7,96501.76,"","","",""
RW2,2639,5/6/2024 12:45,31.1,96419.84,"","","",""
RW2,2640,5/6/2024 12:50,30.93,96419.84,"","","",""
RW2,2641,5/6/2024 12:55,30.67,96010.24,"","","",""
RW2,2642,5/6/2024 13:00,30.63,95805.44,"","","",""
RW2,2643,5/6/2024 13:02,,,Logged,Logged,"",""
RW2,2644,5/6/2024 13:02,,,"","",Logged,Logged
