Plot,#,Date-Time (PDT),Ch:1 - Temperature   (°C),Ch:2 - Light   (lux),Button Down,Button Up,Host Connected,End of File
RW6,190,4/7/2024 5:55,6.48,0,"","","",""
RW6,191,4/7/2024 6:00,6.48,0,"","","",""
RW6,192,4/7/2024 6:05,6.52,0.87,"","","",""
RW6,193,4/7/2024 6:10,6.95,4.37,"","","",""
RW6,194,4/7/2024 6:15,10.38,4.15,"","","",""
RW6,195,4/7/2024 6:20,11.84,3.5,"","","",""
RW6,196,4/7/2024 6:25,12.27,29.47,"","","",""
RW6,197,4/7/2024 6:30,12.44,17.8,"","","",""
RW6,198,4/7/2024 6:35,12.52,113.64,"","","",""
RW6,199,4/7/2024 6:40,12.65,33.96,"","","",""
RW6,200,4/7/2024 6:45,12.7,183.92,"","","",""
RW6,201,4/7/2024 6:50,12.7,15.44,"","","",""
RW6,202,4/7/2024 6:55,12.65,32.26,"","","",""
RW6,203,4/7/2024 7:00,12.7,21.6,"","","",""
RW6,204,4/7/2024 7:05,12.65,1077.76,"","","",""
RW6,205,4/7/2024 7:10,12.65,283.04,"","","",""
RW6,206,4/7/2024 7:15,12.7,134.72,"","","",""
RW6,207,4/7/2024 7:20,12.7,973.76,"","","",""
RW6,208,4/7/2024 7:25,12.7,241.28,"","","",""
RW6,209,4/7/2024 7:30,12.7,236.64,"","","",""
RW6,210,4/7/2024 7:35,12.7,306.4,"","","",""
RW6,211,4/7/2024 7:40,12.7,263.52,"","","",""
RW6,212,4/7/2024 7:45,12.74,1101.44,"","","",""
RW6,213,4/7/2024 7:50,12.74,771.52,"","","",""
RW6,214,4/7/2024 7:55,12.78,636.96,"","","",""
RW6,215,4/7/2024 8:00,12.82,61.4,"","","",""
RW6,216,4/7/2024 8:05,12.91,2000,"","","",""
RW6,217,4/7/2024 8:10,12.91,637.28,"","","",""
RW6,218,4/7/2024 8:15,12.91,2486.4,"","","",""
RW6,219,4/7/2024 8:20,12.91,197.04,"","","",""
RW6,220,4/7/2024 8:25,12.91,695.04,"","","",""
RW6,221,4/7/2024 8:30,13,1394.56,"","","",""
RW6,222,4/7/2024 8:35,13.08,5826.56,"","","",""
RW6,223,4/7/2024 8:40,13.08,1725.44,"","","",""
RW6,224,4/7/2024 8:45,13.17,1984,"","","",""
RW6,225,4/7/2024 8:50,13.21,1216,"","","",""
RW6,226,4/7/2024 8:55,13.25,10147.84,"","","",""
RW6,227,4/7/2024 9:00,13.3,591.84,"","","",""
RW6,228,4/7/2024 9:05,13.34,1134.72,"","","",""
RW6,229,4/7/2024 9:10,13.47,929.92,"","","",""
RW6,230,4/7/2024 9:15,13.51,983.68,"","","",""
RW6,231,4/7/2024 9:20,13.51,8384,"","","",""
RW6,232,4/7/2024 9:25,13.55,1149.44,"","","",""
RW6,233,4/7/2024 9:30,13.55,162.08,"","","",""
RW6,234,4/7/2024 9:35,13.6,3270.4,"","","",""
RW6,235,4/7/2024 9:40,13.64,2720,"","","",""
RW6,236,4/7/2024 9:45,13.64,821.76,"","","",""
RW6,237,4/7/2024 9:50,13.73,622.56,"","","",""
RW6,238,4/7/2024 9:55,13.77,7503.36,"","","",""
RW6,239,4/7/2024 10:00,13.85,4163.84,"","","",""
RW6,240,4/7/2024 10:05,13.85,12252.16,"","","",""
RW6,241,4/7/2024 10:10,13.9,4940.8,"","","",""
RW6,242,4/7/2024 10:15,13.94,9799.68,"","","",""
RW6,243,4/7/2024 10:20,14.03,581.28,"","","",""
RW6,244,4/7/2024 10:25,14.15,21852.16,"","","",""
RW6,245,4/7/2024 10:30,14.15,1059.52,"","","",""
RW6,246,4/7/2024 10:35,14.2,2339.2,"","","",""
RW6,247,4/7/2024 10:40,14.28,7923.2,"","","",""
RW6,248,4/7/2024 10:45,14.5,23418.88,"","","",""
RW6,249,4/7/2024 10:50,14.37,2634.24,"","","",""
RW6,250,4/7/2024 10:55,14.45,25262.08,"","","",""
RW6,251,4/7/2024 11:00,14.58,29521.92,"","","",""
RW6,252,4/7/2024 11:05,14.71,311.44,"","","",""
RW6,253,4/7/2024 11:10,14.93,2042.24,"","","",""
RW6,254,4/7/2024 11:15,15.31,1837.44,"","","",""
RW6,255,4/7/2024 11:20,15.7,2307.84,"","","",""
RW6,256,4/7/2024 11:25,16.43,45875.2,"","","",""
RW6,257,4/7/2024 11:30,16.86,765.12,"","","",""
RW6,258,4/7/2024 11:35,18.83,31088.64,"","","",""
RW6,259,4/7/2024 11:40,21.75,43212.8,"","","",""
RW6,260,4/7/2024 11:45,23.94,51589.12,"","","",""
RW6,340,4/7/2024 18:25,14.24,3846.4,"","","",""
RW6,341,4/7/2024 18:30,13.94,3166.72,"","","",""
RW6,342,4/7/2024 18:35,14.33,4881.92,"","","",""
RW6,343,4/7/2024 18:40,15.18,1685.76,"","","",""
RW6,344,4/7/2024 18:45,15.31,1019.2,"","","",""
RW6,345,4/7/2024 18:50,15.36,235.36,"","","",""
RW6,346,4/7/2024 18:55,15.4,235.12,"","","",""
RW6,347,4/7/2024 19:00,15.31,237.52,"","","",""
RW6,348,4/7/2024 19:05,15.27,8.12,"","","",""
RW6,349,4/7/2024 19:10,15.18,337.92,"","","",""
RW6,350,4/7/2024 19:15,15.14,1.09,"","","",""
RW6,351,4/7/2024 19:20,15.1,13.34,"","","",""
RW6,352,4/7/2024 19:25,15.1,0.21,"","","",""
RW6,353,4/7/2024 19:30,15.06,0,"","","",""
RW6,354,4/7/2024 19:35,15.01,0.65,"","","",""
RW6,355,4/7/2024 19:40,14.97,0.65,"","","",""
RW6,356,4/7/2024 19:45,14.97,0,"","","",""
RW6,357,4/7/2024 19:50,14.88,0,"","","",""
RW6,358,4/7/2024 19:55,14.93,0,"","","",""
RW6,359,4/7/2024 20:00,14.88,0,"","","",""
RW6,360,4/7/2024 20:05,14.84,0,"","","",""
RW6,361,4/7/2024 20:10,14.84,0,"","","",""
RW6,362,4/7/2024 20:15,14.75,0,"","","",""
RW6,363,4/7/2024 20:20,14.75,0,"","","",""
RW6,364,4/7/2024 20:25,14.67,0,"","","",""
RW6,365,4/7/2024 20:30,14.67,0,"","","",""
RW6,366,4/7/2024 20:35,14.67,0,"","","",""
RW6,367,4/7/2024 20:40,14.67,0,"","","",""
RW6,368,4/7/2024 20:45,14.63,0,"","","",""
RW6,369,4/7/2024 20:50,14.67,0,"","","",""
RW6,370,4/7/2024 20:55,14.58,0,"","","",""
RW6,371,4/7/2024 21:00,14.58,0,"","","",""
RW6,372,4/7/2024 21:05,14.58,0,"","","",""
RW6,373,4/7/2024 21:10,14.58,0,"","","",""
RW6,374,4/7/2024 21:15,14.54,0,"","","",""
RW6,375,4/7/2024 21:20,14.45,0,"","","",""
RW6,376,4/7/2024 21:25,14.5,0,"","","",""
RW6,377,4/7/2024 21:30,14.5,0,"","","",""
RW6,378,4/7/2024 21:35,14.45,0,"","","",""
RW6,379,4/7/2024 21:40,14.45,0,"","","",""
RW6,380,4/7/2024 21:45,14.41,0,"","","",""
RW6,381,4/7/2024 21:50,14.41,0,"","","",""
RW6,382,4/7/2024 21:55,14.41,0,"","","",""
RW6,383,4/7/2024 22:00,14.37,0,"","","",""
RW6,384,4/7/2024 22:05,14.37,0,"","","",""
RW6,385,4/7/2024 22:10,14.37,0,"","","",""
RW6,386,4/7/2024 22:15,14.37,0,"","","",""
RW6,387,4/7/2024 22:20,14.33,0,"","","",""
RW6,388,4/7/2024 22:25,14.37,0,"","","",""
RW6,389,4/7/2024 22:30,14.33,0,"","","",""
RW6,390,4/7/2024 22:35,14.33,0,"","","",""
RW6,391,4/7/2024 22:40,14.28,0,"","","",""
RW6,392,4/7/2024 22:45,14.28,0,"","","",""
RW6,393,4/7/2024 22:50,14.28,0,"","","",""
RW6,394,4/7/2024 22:55,14.28,0,"","","",""
RW6,395,4/7/2024 23:00,14.28,0,"","","",""
RW6,396,4/7/2024 23:05,14.24,0,"","","",""
RW6,397,4/7/2024 23:10,14.24,0,"","","",""
RW6,398,4/7/2024 23:15,14.28,0,"","","",""
RW6,399,4/7/2024 23:20,14.24,0,"","","",""
RW6,400,4/7/2024 23:25,14.24,0,"","","",""
RW6,401,4/7/2024 23:30,14.24,0,"","","",""
RW6,402,4/7/2024 23:35,14.2,0,"","","",""
RW6,403,4/7/2024 23:40,14.2,0,"","","",""
RW6,404,4/7/2024 23:45,14.2,0,"","","",""
RW6,405,4/7/2024 23:50,14.15,0,"","","",""
RW6,406,4/7/2024 23:55,14.11,0,"","","",""
RW6,407,4/8/2024 0:00,14.11,0,"","","",""
RW6,408,4/8/2024 0:05,14.07,0,"","","",""
RW6,409,4/8/2024 0:10,13.9,0,"","","",""
RW6,410,4/8/2024 0:15,13.85,0,"","","",""
RW6,411,4/8/2024 0:20,12.44,0,"","","",""
RW6,489,4/8/2024 6:50,8.92,1437.44,"","","",""
RW6,490,4/8/2024 6:55,9.05,1850.88,"","","",""
RW6,491,4/8/2024 7:00,9.65,2211.84,"","","",""
RW6,492,4/8/2024 7:05,10.08,2220.16,"","","",""
RW6,493,4/8/2024 7:10,11.92,1176.64,"","","",""
RW6,494,4/8/2024 7:15,12.31,2965.76,"","","",""
RW6,495,4/8/2024 7:20,12.52,323.92,"","","",""
RW6,496,4/8/2024 7:25,12.52,600.16,"","","",""
RW6,497,4/8/2024 7:30,12.65,928.96,"","","",""
RW6,498,4/8/2024 7:35,12.61,580.96,"","","",""
RW6,499,4/8/2024 7:40,12.57,73.6,"","","",""
RW6,500,4/8/2024 7:45,12.48,93.72,"","","",""
RW6,501,4/8/2024 7:50,12.52,901.12,"","","",""
RW6,502,4/8/2024 7:55,12.65,2999.04,"","","",""
RW6,503,4/8/2024 8:00,12.7,2357.12,"","","",""
RW6,504,4/8/2024 8:05,12.74,1376.64,"","","",""
RW6,505,4/8/2024 8:10,12.7,44.06,"","","",""
RW6,506,4/8/2024 8:15,12.78,939.52,"","","",""
RW6,507,4/8/2024 8:20,12.78,157.28,"","","",""
RW6,508,4/8/2024 8:25,12.82,10232.32,"","","",""
RW6,509,4/8/2024 8:30,12.82,2888.96,"","","",""
RW6,510,4/8/2024 8:35,12.87,1218.56,"","","",""
RW6,511,4/8/2024 8:40,12.87,798.4,"","","",""
RW6,512,4/8/2024 8:45,12.91,1367.04,"","","",""
RW6,513,4/8/2024 8:50,12.91,6353.92,"","","",""
RW6,514,4/8/2024 8:55,12.95,73.38,"","","",""
RW6,515,4/8/2024 9:00,13,13327.36,"","","",""
RW6,516,4/8/2024 9:05,13,2224,"","","",""
RW6,517,4/8/2024 9:10,13.08,9008.64,"","","",""
RW6,518,4/8/2024 9:15,13.08,139.88,"","","",""
RW6,519,4/8/2024 9:20,13.08,656.96,"","","",""
RW6,520,4/8/2024 9:25,13.12,3747.84,"","","",""
RW6,521,4/8/2024 9:30,13.21,1440.64,"","","",""
RW6,522,4/8/2024 9:35,13.21,389.28,"","","",""
RW6,523,4/8/2024 9:40,13.3,12149.76,"","","",""
RW6,524,4/8/2024 9:45,13.3,1145.28,"","","",""
RW6,525,4/8/2024 9:50,13.43,1036.8,"","","",""
RW6,526,4/8/2024 9:55,13.38,495.2,"","","",""
RW6,527,4/8/2024 10:00,13.43,169.2,"","","",""
RW6,528,4/8/2024 10:05,13.55,522.72,"","","",""
RW6,529,4/8/2024 10:10,13.6,7544.32,"","","",""
RW6,530,4/8/2024 10:15,13.68,1969.92,"","","",""
RW6,531,4/8/2024 10:20,13.73,2711.04,"","","",""
RW6,532,4/8/2024 10:25,13.9,17909.76,"","","",""
RW6,533,4/8/2024 10:30,13.85,358.88,"","","",""
RW6,534,4/8/2024 10:35,13.85,184.8,"","","",""
RW6,535,4/8/2024 10:40,13.81,12974.08,"","","",""
RW6,536,4/8/2024 10:45,13.81,2068.48,"","","",""
RW6,537,4/8/2024 10:50,13.9,7541.76,"","","",""
RW6,538,4/8/2024 10:55,13.9,5562.88,"","","",""
RW6,539,4/8/2024 11:00,13.9,5248,"","","",""
RW6,540,4/8/2024 11:05,13.94,3033.6,"","","",""
RW6,541,4/8/2024 11:10,13.98,1969.92,"","","",""
RW6,542,4/8/2024 11:15,13.98,5437.44,"","","",""
RW6,543,4/8/2024 11:20,13.98,4451.84,"","","",""
RW6,544,4/8/2024 11:25,14.03,1316.48,"","","",""
RW6,545,4/8/2024 11:30,13.98,104.32,"","","",""
RW6,546,4/8/2024 11:35,14.11,16148.48,"","","",""
RW6,547,4/8/2024 11:40,14.07,3820.8,"","","",""
RW6,548,4/8/2024 11:45,14.24,1873.92,"","","",""
RW6,549,4/8/2024 11:50,14.41,6745.6,"","","",""
RW6,550,4/8/2024 11:55,14.63,10757.12,"","","",""
RW6,551,4/8/2024 12:00,14.97,13271.04,"","","",""
RW6,552,4/8/2024 12:05,15.23,3353.6,"","","",""
RW6,553,4/8/2024 12:10,15.96,2846.72,"","","",""
RW6,554,4/8/2024 12:15,15.61,1523.2,"","","",""
RW6,555,4/8/2024 12:20,20.03,88350.72,"","","",""
RW6,556,4/8/2024 12:25,20.98,63918.08,"","","",""
RW6,557,4/8/2024 12:30,23.21,62689.28,"","","",""
RW6,629,4/8/2024 18:30,15.7,4199.68,"","","",""
RW6,630,4/8/2024 18:35,15.57,3860.48,"","","",""
RW6,631,4/8/2024 18:40,15.06,3162.88,"","","",""
RW6,632,4/8/2024 18:45,15.27,1764.48,"","","",""
RW6,633,4/8/2024 18:50,15.4,1580.8,"","","",""
RW6,634,4/8/2024 18:55,15.48,885.76,"","","",""
RW6,635,4/8/2024 19:00,15.53,87.04,"","","",""
RW6,636,4/8/2024 19:05,15.48,314.08,"","","",""
RW6,637,4/8/2024 19:10,15.44,13.34,"","","",""
RW6,638,4/8/2024 19:15,15.4,102.04,"","","",""
RW6,639,4/8/2024 19:20,15.36,17.99,"","","",""
RW6,640,4/8/2024 19:25,15.27,4.81,"","","",""
RW6,641,4/8/2024 19:30,15.23,0.87,"","","",""
RW6,642,4/8/2024 19:35,15.1,0.21,"","","",""
RW6,643,4/8/2024 19:40,15.1,0,"","","",""
RW6,644,4/8/2024 19:45,15.01,0,"","","",""
RW6,645,4/8/2024 19:50,14.93,0,"","","",""
RW6,646,4/8/2024 19:55,14.88,0,"","","",""
RW6,647,4/8/2024 20:00,14.93,0,"","","",""
RW6,648,4/8/2024 20:05,14.88,0,"","","",""
RW6,649,4/8/2024 20:10,14.8,0,"","","",""
RW6,650,4/8/2024 20:15,14.75,0,"","","",""
RW6,651,4/8/2024 20:20,14.63,0,"","","",""
RW6,652,4/8/2024 20:25,14.58,0,"","","",""
RW6,653,4/8/2024 20:30,14.58,0,"","","",""
RW6,654,4/8/2024 20:35,14.54,0,"","","",""
RW6,655,4/8/2024 20:40,14.5,0,"","","",""
RW6,656,4/8/2024 20:45,14.5,0,"","","",""
RW6,657,4/8/2024 20:50,14.54,0,"","","",""
RW6,658,4/8/2024 20:55,14.5,0,"","","",""
RW6,659,4/8/2024 21:00,14.45,0,"","","",""
RW6,660,4/8/2024 21:05,14.45,0,"","","",""
RW6,661,4/8/2024 21:10,14.41,0,"","","",""
RW6,662,4/8/2024 21:15,14.45,0,"","","",""
RW6,663,4/8/2024 21:20,14.41,0,"","","",""
RW6,664,4/8/2024 21:25,14.37,0,"","","",""
RW6,665,4/8/2024 21:30,14.37,0,"","","",""
RW6,666,4/8/2024 21:35,14.37,0,"","","",""
RW6,667,4/8/2024 21:40,14.37,0,"","","",""
RW6,668,4/8/2024 21:45,14.37,0,"","","",""
RW6,669,4/8/2024 21:50,14.33,0,"","","",""
RW6,670,4/8/2024 21:55,14.37,0,"","","",""
RW6,671,4/8/2024 22:00,14.37,0,"","","",""
RW6,672,4/8/2024 22:05,14.37,0,"","","",""
RW6,673,4/8/2024 22:10,14.37,0,"","","",""
RW6,674,4/8/2024 22:15,14.33,0,"","","",""
RW6,675,4/8/2024 22:20,14.33,0,"","","",""
RW6,676,4/8/2024 22:25,14.28,0,"","","",""
RW6,677,4/8/2024 22:30,14.33,0,"","","",""
RW6,678,4/8/2024 22:35,14.33,0,"","","",""
RW6,679,4/8/2024 22:40,14.33,0,"","","",""
RW6,680,4/8/2024 22:45,14.28,0,"","","",""
RW6,681,4/8/2024 22:50,14.28,0,"","","",""
RW6,682,4/8/2024 22:55,14.28,0,"","","",""
RW6,683,4/8/2024 23:00,14.24,0,"","","",""
RW6,684,4/8/2024 23:05,14.24,0,"","","",""
RW6,685,4/8/2024 23:10,14.2,0,"","","",""
RW6,686,4/8/2024 23:15,14.2,0,"","","",""
RW6,687,4/8/2024 23:20,14.2,0,"","","",""
RW6,688,4/8/2024 23:25,14.24,0,"","","",""
RW6,689,4/8/2024 23:30,14.2,0,"","","",""
RW6,690,4/8/2024 23:35,14.15,0,"","","",""
RW6,691,4/8/2024 23:40,14.15,0,"","","",""
RW6,692,4/8/2024 23:45,14.11,0,"","","",""
RW6,693,4/8/2024 23:50,14.11,0,"","","",""
RW6,694,4/8/2024 23:55,14.11,0,"","","",""
RW6,695,4/9/2024 0:00,14.07,0,"","","",""
RW6,696,4/9/2024 0:05,14.07,0,"","","",""
RW6,697,4/9/2024 0:10,14.07,0,"","","",""
RW6,698,4/9/2024 0:15,14.07,0,"","","",""
RW6,699,4/9/2024 0:20,14.03,0,"","","",""
RW6,700,4/9/2024 0:25,14.07,0,"","","",""
RW6,701,4/9/2024 0:30,14.03,0,"","","",""
RW6,702,4/9/2024 0:35,14.03,0,"","","",""
RW6,703,4/9/2024 0:40,13.98,0,"","","",""
RW6,704,4/9/2024 0:45,13.85,0,"","","",""
RW6,705,4/9/2024 0:50,13.85,0,"","","",""
RW6,706,4/9/2024 0:55,13.68,0,"","","",""
RW6,707,4/9/2024 1:00,13.43,0,"","","",""
RW6,792,4/9/2024 8:05,20.29,4930.56,"","","",""
RW6,793,4/9/2024 8:10,20.55,6149.12,"","","",""
RW6,794,4/9/2024 8:15,18.53,5391.36,"","","",""
RW6,795,4/9/2024 8:20,17.84,5706.24,"","","",""
RW6,796,4/9/2024 8:25,14.71,1964.8,"","","",""
RW6,797,4/9/2024 8:30,13.94,20802.56,"","","",""
RW6,798,4/9/2024 8:35,13.6,3000.32,"","","",""
RW6,799,4/9/2024 8:40,13.43,404.16,"","","",""
RW6,800,4/9/2024 8:45,13.47,5235.2,"","","",""
RW6,801,4/9/2024 8:50,13.38,16742.4,"","","",""
RW6,802,4/9/2024 8:55,13.21,146.32,"","","",""
RW6,803,4/9/2024 9:00,13.08,1665.92,"","","",""
RW6,804,4/9/2024 9:05,13.17,1137.28,"","","",""
RW6,805,4/9/2024 9:10,13.21,1616,"","","",""
RW6,806,4/9/2024 9:15,13.12,2472.32,"","","",""
RW6,807,4/9/2024 9:20,13.12,397.76,"","","",""
RW6,808,4/9/2024 9:25,13.08,484.64,"","","",""
RW6,809,4/9/2024 9:30,13.12,4157.44,"","","",""
RW6,810,4/9/2024 9:35,13.12,52.5,"","","",""
RW6,811,4/9/2024 9:40,13.21,4675.84,"","","",""
RW6,812,4/9/2024 9:45,13.21,1652.48,"","","",""
RW6,813,4/9/2024 9:50,13.21,1548.16,"","","",""
RW6,814,4/9/2024 9:55,13.3,7979.52,"","","",""
RW6,815,4/9/2024 10:00,13.3,124.12,"","","",""
RW6,816,4/9/2024 10:05,13.38,164,"","","",""
RW6,817,4/9/2024 10:10,13.38,2253.44,"","","",""
RW6,818,4/9/2024 10:15,13.51,606.72,"","","",""
RW6,819,4/9/2024 10:20,13.51,17930.24,"","","",""
RW6,820,4/9/2024 10:25,13.6,776.96,"","","",""
RW6,821,4/9/2024 10:30,13.64,4181.76,"","","",""
RW6,822,4/9/2024 10:35,13.81,2798.08,"","","",""
RW6,823,4/9/2024 10:40,13.81,937.92,"","","",""
RW6,824,4/9/2024 10:45,13.81,17884.16,"","","",""
RW6,825,4/9/2024 10:50,13.9,3224.32,"","","",""
RW6,826,4/9/2024 10:55,13.85,902.4,"","","",""
RW6,827,4/9/2024 11:00,14.03,34816,"","","",""
RW6,828,4/9/2024 11:05,13.94,1507.2,"","","",""
RW6,829,4/9/2024 11:10,14.11,2792.96,"","","",""
RW6,830,4/9/2024 11:15,14.2,131.12,"","","",""
RW6,831,4/9/2024 11:20,14.28,2038.4,"","","",""
RW6,832,4/9/2024 11:25,14.37,4020.48,"","","",""
RW6,833,4/9/2024 11:30,14.33,3580.16,"","","",""
RW6,834,4/9/2024 11:35,14.37,145.88,"","","",""
RW6,835,4/9/2024 11:40,14.5,345.28,"","","",""
RW6,836,4/9/2024 11:45,14.63,820.48,"","","",""
RW6,837,4/9/2024 11:50,14.58,1058.24,"","","",""
RW6,838,4/9/2024 11:55,14.71,3912.96,"","","",""
RW6,839,4/9/2024 12:00,14.84,222.88,"","","",""
RW6,840,4/9/2024 12:05,14.84,1290.56,"","","",""
RW6,841,4/9/2024 12:10,14.93,3491.84,"","","",""
RW6,842,4/9/2024 12:15,15.01,9146.88,"","","",""
RW6,843,4/9/2024 12:20,15.01,366.56,"","","",""
RW6,844,4/9/2024 12:25,15.23,12134.4,"","","",""
RW6,845,4/9/2024 12:30,15.36,44052.48,"","","",""
RW6,846,4/9/2024 12:35,15.61,3705.6,"","","",""
RW6,847,4/9/2024 12:40,16.86,48435.2,"","","",""
RW6,848,4/9/2024 12:45,18.27,88227.84,"","","",""
RW6,849,4/9/2024 12:50,17.24,22722.56,"","","",""
RW6,850,4/9/2024 12:55,19.05,40478.72,"","","",""
RW6,851,4/9/2024 13:00,21.88,38860.8,"","","",""
RW6,852,4/9/2024 13:05,25.14,41379.84,"","","",""
RW6,853,4/9/2024 13:10,27.37,40314.88,"","","",""
RW6,854,4/9/2024 13:15,28.18,40775.68,"","","",""
RW6,921,4/9/2024 18:50,15.83,2538.88,"","","",""
RW6,922,4/9/2024 18:55,15.74,2180.48,"","","",""
RW6,923,4/9/2024 19:00,14.75,1749.76,"","","",""
RW6,924,4/9/2024 19:05,14.67,1342.08,"","","",""
RW6,925,4/9/2024 19:10,15.27,145.12,"","","",""
RW6,926,4/9/2024 19:15,15.36,194.4,"","","",""
RW6,927,4/9/2024 19:20,15.44,234.88,"","","",""
RW6,928,4/9/2024 19:25,15.36,114.4,"","","",""
RW6,929,4/9/2024 19:30,15.36,32.04,"","","",""
RW6,930,4/9/2024 19:35,15.31,3.5,"","","",""
RW6,931,4/9/2024 19:40,15.27,0,"","","",""
RW6,932,4/9/2024 19:45,15.23,0,"","","",""
RW6,933,4/9/2024 19:50,15.18,0,"","","",""
RW6,934,4/9/2024 19:55,15.18,0,"","","",""
RW6,935,4/9/2024 20:00,15.14,0,"","","",""
RW6,936,4/9/2024 20:05,15.1,0,"","","",""
RW6,937,4/9/2024 20:10,15.01,0,"","","",""
RW6,938,4/9/2024 20:15,15.06,0,"","","",""
RW6,939,4/9/2024 20:20,15.01,0,"","","",""
RW6,940,4/9/2024 20:25,15.01,0,"","","",""
RW6,941,4/9/2024 20:30,15.01,0,"","","",""
RW6,942,4/9/2024 20:35,15.01,0,"","","",""
RW6,943,4/9/2024 20:40,14.97,0,"","","",""
RW6,944,4/9/2024 20:45,14.8,0,"","","",""
RW6,945,4/9/2024 20:50,14.84,0,"","","",""
RW6,946,4/9/2024 20:55,14.71,0,"","","",""
RW6,947,4/9/2024 21:00,14.71,0,"","","",""
RW6,948,4/9/2024 21:05,14.67,0,"","","",""
RW6,949,4/9/2024 21:10,14.71,0,"","","",""
RW6,950,4/9/2024 21:15,14.71,0,"","","",""
RW6,951,4/9/2024 21:20,14.71,0,"","","",""
RW6,952,4/9/2024 21:25,14.71,0,"","","",""
RW6,953,4/9/2024 21:30,14.67,0,"","","",""
RW6,954,4/9/2024 21:35,14.63,0,"","","",""
RW6,955,4/9/2024 21:40,14.54,0,"","","",""
RW6,956,4/9/2024 21:45,14.54,0,"","","",""
RW6,957,4/9/2024 21:50,14.63,0,"","","",""
RW6,958,4/9/2024 21:55,14.58,0,"","","",""
RW6,959,4/9/2024 22:00,14.58,0,"","","",""
RW6,960,4/9/2024 22:05,14.54,0,"","","",""
RW6,961,4/9/2024 22:10,14.54,0,"","","",""
RW6,962,4/9/2024 22:15,14.5,0,"","","",""
RW6,963,4/9/2024 22:20,14.5,0,"","","",""
RW6,964,4/9/2024 22:25,14.45,0,"","","",""
RW6,965,4/9/2024 22:30,14.37,0,"","","",""
RW6,966,4/9/2024 22:35,14.41,0,"","","",""
RW6,967,4/9/2024 22:40,14.41,0,"","","",""
RW6,968,4/9/2024 22:45,14.41,0,"","","",""
RW6,969,4/9/2024 22:50,14.41,0,"","","",""
RW6,970,4/9/2024 22:55,14.37,0,"","","",""
RW6,971,4/9/2024 23:00,14.24,0,"","","",""
RW6,972,4/9/2024 23:05,14.28,0,"","","",""
RW6,973,4/9/2024 23:10,14.33,0,"","","",""
RW6,974,4/9/2024 23:15,14.37,0,"","","",""
RW6,975,4/9/2024 23:20,14.37,0,"","","",""
RW6,976,4/9/2024 23:25,14.33,0,"","","",""
RW6,977,4/9/2024 23:30,14.37,0,"","","",""
RW6,978,4/9/2024 23:35,14.37,0,"","","",""
RW6,979,4/9/2024 23:40,14.33,0,"","","",""
RW6,980,4/9/2024 23:45,14.33,0,"","","",""
RW6,981,4/9/2024 23:50,14.28,0,"","","",""
RW6,982,4/9/2024 23:55,14.28,0,"","","",""
RW6,983,4/10/2024 0:00,14.28,0,"","","",""
RW6,984,4/10/2024 0:05,14.28,0,"","","",""
RW6,985,4/10/2024 0:10,14.24,0,"","","",""
RW6,986,4/10/2024 0:15,14.2,0,"","","",""
RW6,987,4/10/2024 0:20,14.2,0,"","","",""
RW6,988,4/10/2024 0:25,14.2,0,"","","",""
RW6,989,4/10/2024 0:30,14.2,0,"","","",""
RW6,990,4/10/2024 0:35,14.2,0,"","","",""
RW6,991,4/10/2024 0:40,14.2,0,"","","",""
RW6,992,4/10/2024 0:45,14.2,0,"","","",""
RW6,993,4/10/2024 0:50,14.15,0,"","","",""
RW6,994,4/10/2024 0:55,14.15,0,"","","",""
RW6,995,4/10/2024 1:00,14.11,0,"","","",""
RW6,996,4/10/2024 1:05,14.11,0,"","","",""
RW6,997,4/10/2024 1:10,14.11,0,"","","",""
RW6,998,4/10/2024 1:15,14.03,0,"","","",""
RW6,999,4/10/2024 1:20,13.9,0,"","","",""
RW6,1000,4/10/2024 1:25,13.9,0,"","","",""
RW6,1001,4/10/2024 1:30,13.81,0,"","","",""
RW6,1002,4/10/2024 1:35,13.25,0,"","","",""
RW6,1003,4/10/2024 1:40,12.61,0,"","","",""
RW6,1004,4/10/2024 1:45,12.01,0,"","","",""
RW6,1095,4/10/2024 9:20,31.23,48291.84,"","","",""
RW6,1096,4/10/2024 9:25,31.92,49848.32,"","","",""
RW6,1097,4/10/2024 9:30,32.09,51793.92,"","","",""
RW6,1098,4/10/2024 9:35,21.15,13634.56,"","","",""
RW6,1099,4/10/2024 9:40,20.55,34662.4,"","","",""
RW6,1100,4/10/2024 9:45,17.24,36761.6,"","","",""
RW6,1101,4/10/2024 9:50,16.94,24473.6,"","","",""
RW6,1102,4/10/2024 9:55,15.61,8279.04,"","","",""
RW6,1103,4/10/2024 10:00,15.44,4282.88,"","","",""
RW6,1104,4/10/2024 10:05,15.27,1443.2,"","","",""
RW6,1105,4/10/2024 10:10,15.4,1289.6,"","","",""
RW6,1106,4/10/2024 10:15,15.01,17484.8,"","","",""
RW6,1107,4/10/2024 10:20,14.88,2924.8,"","","",""
RW6,1108,4/10/2024 10:25,14.67,6855.68,"","","",""
RW6,1109,4/10/2024 10:30,14.67,115.92,"","","",""
RW6,1110,4/10/2024 10:35,14.75,39516.16,"","","",""
RW6,1111,4/10/2024 10:40,14.71,27074.56,"","","",""
RW6,1112,4/10/2024 10:45,14.63,155.08,"","","",""
RW6,1113,4/10/2024 10:50,14.75,7116.8,"","","",""
RW6,1114,4/10/2024 10:55,14.75,480.8,"","","",""
RW6,1115,4/10/2024 11:00,14.84,200.08,"","","",""
RW6,1116,4/10/2024 11:05,14.75,42741.76,"","","",""
RW6,1117,4/10/2024 11:10,14.84,93.04,"","","",""
RW6,1118,4/10/2024 11:15,15.01,176.24,"","","",""
RW6,1119,4/10/2024 11:20,15.01,2713.6,"","","",""
RW6,1120,4/10/2024 11:25,15.1,14059.52,"","","",""
RW6,1121,4/10/2024 11:30,15.1,7936,"","","",""
RW6,1122,4/10/2024 11:35,15.1,154.76,"","","",""
RW6,1123,4/10/2024 11:40,15.18,2745.6,"","","",""
RW6,1124,4/10/2024 11:45,15.14,98.08,"","","",""
RW6,1125,4/10/2024 11:50,15.23,13634.56,"","","",""
RW6,1126,4/10/2024 11:55,15.27,12410.88,"","","",""
RW6,1127,4/10/2024 12:00,15.36,49377.28,"","","",""
RW6,1128,4/10/2024 12:05,15.36,27371.52,"","","",""
RW6,1129,4/10/2024 12:10,15.31,306.24,"","","",""
RW6,1130,4/10/2024 12:15,15.4,17986.56,"","","",""
RW6,1131,4/10/2024 12:20,15.4,121.48,"","","",""
RW6,1132,4/10/2024 12:25,15.44,317.12,"","","",""
RW6,1133,4/10/2024 12:30,15.61,35932.16,"","","",""
RW6,1134,4/10/2024 12:35,15.61,183.92,"","","",""
RW6,1135,4/10/2024 12:40,15.66,2064.64,"","","",""
RW6,1136,4/10/2024 12:45,15.61,12994.56,"","","",""
RW6,1137,4/10/2024 12:50,15.78,3400.96,"","","",""
RW6,1138,4/10/2024 12:55,16,29880.32,"","","",""
RW6,1139,4/10/2024 13:00,15.83,1640.32,"","","",""
RW6,1140,4/10/2024 13:05,16.04,57589.76,"","","",""
RW6,1141,4/10/2024 13:10,16.17,62873.6,"","","",""
RW6,1142,4/10/2024 13:15,17.33,1545.6,"","","",""
RW6,1143,4/10/2024 13:20,17.84,71925.76,"","","",""
RW6,1144,4/10/2024 13:25,17.16,57446.4,"","","",""
RW6,1145,4/10/2024 13:30,18.32,10119.68,"","","",""
RW6,1146,4/10/2024 13:35,17.24,1774.08,"","","",""
RW6,1147,4/10/2024 13:40,17.84,784,"","","",""
RW6,1148,4/10/2024 13:45,20.63,90521.6,"","","",""
RW6,1149,4/10/2024 13:50,23.25,90316.8,"","","",""
RW6,1150,4/10/2024 13:55,24.92,89948.16,"","","",""
RW6,1151,4/10/2024 14:00,26.3,89456.64,"","","",""
RW6,1211,4/10/2024 19:00,14.54,2176.64,"","","",""
RW6,1212,4/10/2024 19:05,14.37,1717.12,"","","",""
RW6,1213,4/10/2024 19:10,14.33,1237.12,"","","",""
RW6,1214,4/10/2024 19:15,14.93,265.12,"","","",""
RW6,1215,4/10/2024 19:20,15.1,309.92,"","","",""
RW6,1216,4/10/2024 19:25,15.4,22.42,"","","",""
RW6,1217,4/10/2024 19:30,15.48,12.74,"","","",""
RW6,1218,4/10/2024 19:35,15.44,12.03,"","","",""
RW6,1219,4/10/2024 19:40,15.44,1.75,"","","",""
RW6,1220,4/10/2024 19:45,15.44,0,"","","",""
RW6,1221,4/10/2024 19:50,15.4,0,"","","",""
RW6,1222,4/10/2024 19:55,15.44,0,"","","",""
RW6,1223,4/10/2024 20:00,15.36,0,"","","",""
RW6,1224,4/10/2024 20:05,15.4,0,"","","",""
RW6,1225,4/10/2024 20:10,15.36,0,"","","",""
RW6,1226,4/10/2024 20:15,15.36,0,"","","",""
RW6,1227,4/10/2024 20:20,15.4,0,"","","",""
RW6,1228,4/10/2024 20:25,15.36,0,"","","",""
RW6,1229,4/10/2024 20:30,15.31,0,"","","",""
RW6,1230,4/10/2024 20:35,15.31,0,"","","",""
RW6,1231,4/10/2024 20:40,15.27,0,"","","",""
RW6,1232,4/10/2024 20:45,15.23,0,"","","",""
RW6,1233,4/10/2024 20:50,15.23,0,"","","",""
RW6,1234,4/10/2024 20:55,15.23,0,"","","",""
RW6,1235,4/10/2024 21:00,15.23,0,"","","",""
RW6,1236,4/10/2024 21:05,15.18,0,"","","",""
RW6,1237,4/10/2024 21:10,15.18,0,"","","",""
RW6,1238,4/10/2024 21:15,15.18,0,"","","",""
RW6,1239,4/10/2024 21:20,15.1,0,"","","",""
RW6,1240,4/10/2024 21:25,15.14,0,"","","",""
RW6,1241,4/10/2024 21:30,15.14,0,"","","",""
RW6,1242,4/10/2024 21:35,15.1,0,"","","",""
RW6,1243,4/10/2024 21:40,15.1,0,"","","",""
RW6,1244,4/10/2024 21:45,15.14,0,"","","",""
RW6,1245,4/10/2024 21:50,15.1,0,"","","",""
RW6,1246,4/10/2024 21:55,15.01,0,"","","",""
RW6,1247,4/10/2024 22:00,15.01,0,"","","",""
RW6,1248,4/10/2024 22:05,15.01,0,"","","",""
RW6,1249,4/10/2024 22:10,14.84,0,"","","",""
RW6,1250,4/10/2024 22:15,14.97,0,"","","",""
RW6,1251,4/10/2024 22:20,14.97,0,"","","",""
RW6,1252,4/10/2024 22:25,14.97,0,"","","",""
RW6,1253,4/10/2024 22:30,14.93,0,"","","",""
RW6,1254,4/10/2024 22:35,14.93,0,"","","",""
RW6,1255,4/10/2024 22:40,14.88,0,"","","",""
RW6,1256,4/10/2024 22:45,14.88,0,"","","",""
RW6,1257,4/10/2024 22:50,14.71,0,"","","",""
RW6,1258,4/10/2024 22:55,14.63,0,"","","",""
RW6,1259,4/10/2024 23:00,14.54,0,"","","",""
RW6,1260,4/10/2024 23:05,14.54,0,"","","",""
RW6,1261,4/10/2024 23:10,14.58,0,"","","",""
RW6,1262,4/10/2024 23:15,14.67,0,"","","",""
RW6,1263,4/10/2024 23:20,14.71,0,"","","",""
RW6,1264,4/10/2024 23:25,14.67,0,"","","",""
RW6,1265,4/10/2024 23:30,14.71,0,"","","",""
RW6,1266,4/10/2024 23:35,14.67,0,"","","",""
RW6,1267,4/10/2024 23:40,14.67,0,"","","",""
RW6,1268,4/10/2024 23:45,14.67,0,"","","",""
RW6,1269,4/10/2024 23:50,14.71,0,"","","",""
RW6,1270,4/10/2024 23:55,14.75,0,"","","",""
RW6,1271,4/11/2024 0:00,14.71,0,"","","",""
RW6,1272,4/11/2024 0:05,14.71,0,"","","",""
RW6,1273,4/11/2024 0:10,14.67,0,"","","",""
RW6,1274,4/11/2024 0:15,14.67,0,"","","",""
RW6,1275,4/11/2024 0:20,14.63,0,"","","",""
RW6,1276,4/11/2024 0:25,14.63,0,"","","",""
RW6,1277,4/11/2024 0:30,14.58,0,"","","",""
RW6,1278,4/11/2024 0:35,14.63,0,"","","",""
RW6,1279,4/11/2024 0:40,14.63,0,"","","",""
RW6,1280,4/11/2024 0:45,14.58,0,"","","",""
RW6,1281,4/11/2024 0:50,14.58,0,"","","",""
RW6,1282,4/11/2024 0:55,14.58,0,"","","",""
RW6,1283,4/11/2024 1:00,14.58,0,"","","",""
RW6,1284,4/11/2024 1:05,14.63,0,"","","",""
RW6,1285,4/11/2024 1:10,14.67,0,"","","",""
RW6,1286,4/11/2024 1:15,14.58,0,"","","",""
RW6,1287,4/11/2024 1:20,14.58,0,"","","",""
RW6,1288,4/11/2024 1:25,14.58,0,"","","",""
RW6,1289,4/11/2024 1:30,14.54,0,"","","",""
RW6,1290,4/11/2024 1:35,14.54,0,"","","",""
RW6,1291,4/11/2024 1:40,14.5,0,"","","",""
RW6,1292,4/11/2024 1:45,14.45,0,"","","",""
RW6,1293,4/11/2024 1:50,14.45,0,"","","",""
RW6,1294,4/11/2024 1:55,14.41,0,"","","",""
RW6,1295,4/11/2024 2:00,14.37,0,"","","",""
RW6,1296,4/11/2024 2:05,14.33,0,"","","",""
RW6,1297,4/11/2024 2:10,14.24,0,"","","",""
RW6,1298,4/11/2024 2:15,14.2,0,"","","",""
RW6,1299,4/11/2024 2:20,14.07,0,"","","",""
RW6,1300,4/11/2024 2:25,13.9,0,"","","",""
RW6,1301,4/11/2024 2:30,13.6,0,"","","",""
RW6,1397,4/11/2024 10:30,17.03,1458.56,"","","",""
RW6,1398,4/11/2024 10:35,16.51,1440,"","","",""
RW6,1399,4/11/2024 10:40,16.77,1603.84,"","","",""
RW6,1400,4/11/2024 10:45,16.43,1337.6,"","","",""
RW6,1401,4/11/2024 10:50,17.63,66887.68,"","","",""
RW6,1402,4/11/2024 10:55,18.49,39464.96,"","","",""
RW6,1403,4/11/2024 11:00,18.02,43540.48,"","","",""
RW6,1404,4/11/2024 11:05,16.51,982.4,"","","",""
RW6,1405,4/11/2024 11:10,15.66,1323.52,"","","",""
RW6,1406,4/11/2024 11:15,15.66,47595.52,"","","",""
RW6,1407,4/11/2024 11:20,15.7,36157.44,"","","",""
RW6,1408,4/11/2024 11:25,15.48,22323.2,"","","",""
RW6,1409,4/11/2024 11:30,15.36,9917.44,"","","",""
RW6,1410,4/11/2024 11:35,15.36,13081.6,"","","",""
RW6,1411,4/11/2024 11:40,14.93,1363.84,"","","",""
RW6,1412,4/11/2024 11:45,15.14,14479.36,"","","",""
RW6,1413,4/11/2024 11:50,15.01,42475.52,"","","",""
RW6,1414,4/11/2024 11:55,14.75,434.4,"","","",""
RW6,1415,4/11/2024 12:00,14.75,5164.8,"","","",""
RW6,1416,4/11/2024 12:05,14.63,377.44,"","","",""
RW6,1417,4/11/2024 12:10,14.75,10304,"","","",""
RW6,1418,4/11/2024 12:15,14.71,265.12,"","","",""
RW6,1419,4/11/2024 12:20,14.93,19732.48,"","","",""
RW6,1420,4/11/2024 12:25,14.93,3293.44,"","","",""
RW6,1421,4/11/2024 12:30,14.93,1148.8,"","","",""
RW6,1422,4/11/2024 12:35,14.8,7083.52,"","","",""
RW6,1423,4/11/2024 12:40,15.01,6686.72,"","","",""
RW6,1424,4/11/2024 12:45,15.14,2029.44,"","","",""
RW6,1425,4/11/2024 12:50,15.23,47329.28,"","","",""
RW6,1426,4/11/2024 12:55,15.27,14607.36,"","","",""
RW6,1427,4/11/2024 13:00,15.31,13521.92,"","","",""
RW6,1428,4/11/2024 13:05,15.27,9707.52,"","","",""
RW6,1429,4/11/2024 13:10,15.27,19988.48,"","","",""
RW6,1430,4/11/2024 13:15,15.61,6236.16,"","","",""
RW6,1431,4/11/2024 13:20,15.96,30126.08,"","","",""
RW6,1432,4/11/2024 13:25,16.04,68730.88,"","","",""
RW6,1433,4/11/2024 13:30,15.96,35276.8,"","","",""
RW6,1434,4/11/2024 13:35,15.91,8189.44,"","","",""
RW6,1435,4/11/2024 13:40,15.83,5550.08,"","","",""
RW6,1436,4/11/2024 13:45,16.13,27074.56,"","","",""
RW6,1437,4/11/2024 13:50,16.21,11658.24,"","","",""
RW6,1438,4/11/2024 13:55,16.21,48312.32,"","","",""
RW6,1439,4/11/2024 14:00,16.73,5634.56,"","","",""
RW6,1440,4/11/2024 14:05,17.16,36433.92,"","","",""
RW6,1441,4/11/2024 14:10,16.94,19092.48,"","","",""
RW6,1442,4/11/2024 14:15,17.89,1875.84,"","","",""
RW6,1443,4/11/2024 14:20,17.33,9687.04,"","","",""
RW6,1444,4/11/2024 14:25,18.1,7831.04,"","","",""
RW6,1445,4/11/2024 14:30,17.37,7600.64,"","","",""
RW6,1446,4/11/2024 14:35,18.19,50114.56,"","","",""
RW6,1447,4/11/2024 14:40,18.36,23797.76,"","","",""
RW6,1448,4/11/2024 14:45,17.89,13117.44,"","","",""
RW6,1449,4/11/2024 14:50,17.5,3622.4,"","","",""
RW6,1450,4/11/2024 14:55,17.07,2529.92,"","","",""
RW6,1451,4/11/2024 15:00,17.41,6924.8,"","","",""
RW6,1452,4/11/2024 15:05,17.54,9484.8,"","","",""
RW6,1497,4/11/2024 18:50,13.04,320.64,"","","",""
RW6,1498,4/11/2024 18:55,13,263.36,"","","",""
RW6,1499,4/11/2024 19:00,13,242.32,"","","",""
RW6,1500,4/11/2024 19:05,13.64,102.24,"","","",""
RW6,1501,4/11/2024 19:10,13.64,16.35,"","","",""
RW6,1502,4/11/2024 19:15,13.77,37.07,"","","",""
RW6,1503,4/11/2024 19:20,14.37,94.28,"","","",""
RW6,1504,4/11/2024 19:25,14.37,46.14,"","","",""
RW6,1505,4/11/2024 19:30,14.45,40.85,"","","",""
RW6,1506,4/11/2024 19:35,14.5,5.68,"","","",""
RW6,1507,4/11/2024 19:40,14.54,0.87,"","","",""
RW6,1508,4/11/2024 19:45,14.5,0.21,"","","",""
RW6,1509,4/11/2024 19:50,14.5,0.21,"","","",""
RW6,1510,4/11/2024 19:55,14.5,0,"","","",""
RW6,1511,4/11/2024 20:00,14.45,0,"","","",""
RW6,1512,4/11/2024 20:05,14.5,0,"","","",""
RW6,1513,4/11/2024 20:10,14.5,0,"","","",""
RW6,1514,4/11/2024 20:15,14.45,0,"","","",""
RW6,1515,4/11/2024 20:20,14.5,0,"","","",""
RW6,1516,4/11/2024 20:25,14.45,0,"","","",""
RW6,1517,4/11/2024 20:30,14.45,0,"","","",""
RW6,1518,4/11/2024 20:35,14.45,0,"","","",""
RW6,1519,4/11/2024 20:40,14.41,0,"","","",""
RW6,1520,4/11/2024 20:45,14.41,0,"","","",""
RW6,1521,4/11/2024 20:50,14.37,0,"","","",""
RW6,1522,4/11/2024 20:55,14.41,0,"","","",""
RW6,1523,4/11/2024 21:00,14.33,0,"","","",""
RW6,1524,4/11/2024 21:05,14.33,0,"","","",""
RW6,1525,4/11/2024 21:10,14.33,0,"","","",""
RW6,1526,4/11/2024 21:15,14.28,0,"","","",""
RW6,1527,4/11/2024 21:20,14.28,0,"","","",""
RW6,1528,4/11/2024 21:25,14.24,0,"","","",""
RW6,1529,4/11/2024 21:30,14.28,0,"","","",""
RW6,1530,4/11/2024 21:35,14.24,0,"","","",""
RW6,1531,4/11/2024 21:40,14.28,0,"","","",""
RW6,1532,4/11/2024 21:45,14.24,0,"","","",""
RW6,1533,4/11/2024 21:50,14.2,0,"","","",""
RW6,1534,4/11/2024 21:55,14.15,0,"","","",""
RW6,1535,4/11/2024 22:00,14.2,0,"","","",""
RW6,1536,4/11/2024 22:05,14.15,0,"","","",""
RW6,1537,4/11/2024 22:10,14.15,0,"","","",""
RW6,1538,4/11/2024 22:15,14.11,0,"","","",""
RW6,1539,4/11/2024 22:20,14.11,0,"","","",""
RW6,1540,4/11/2024 22:25,14.03,0,"","","",""
RW6,1541,4/11/2024 22:30,13.98,0,"","","",""
RW6,1542,4/11/2024 22:35,14.03,0,"","","",""
RW6,1543,4/11/2024 22:40,14.11,0,"","","",""
RW6,1544,4/11/2024 22:45,13.98,0,"","","",""
RW6,1545,4/11/2024 22:50,13.98,0,"","","",""
RW6,1546,4/11/2024 22:55,14.03,0,"","","",""
RW6,1547,4/11/2024 23:00,14.07,0,"","","",""
RW6,1548,4/11/2024 23:05,14.07,0,"","","",""
RW6,1549,4/11/2024 23:10,14.03,0,"","","",""
RW6,1550,4/11/2024 23:15,14.03,0,"","","",""
RW6,1551,4/11/2024 23:20,13.98,0,"","","",""
RW6,1552,4/11/2024 23:25,13.94,0,"","","",""
RW6,1553,4/11/2024 23:30,13.98,0,"","","",""
RW6,1554,4/11/2024 23:35,13.98,0,"","","",""
RW6,1555,4/11/2024 23:40,13.98,0,"","","",""
RW6,1556,4/11/2024 23:45,13.94,0,"","","",""
RW6,1557,4/11/2024 23:50,13.94,0,"","","",""
RW6,1558,4/11/2024 23:55,13.9,0,"","","",""
RW6,1559,4/12/2024 0:00,13.94,0,"","","",""
RW6,1560,4/12/2024 0:05,13.9,0,"","","",""
RW6,1561,4/12/2024 0:10,13.9,0,"","","",""
RW6,1562,4/12/2024 0:15,13.9,0,"","","",""
RW6,1563,4/12/2024 0:20,13.81,0,"","","",""
RW6,1564,4/12/2024 0:25,13.94,0,"","","",""
RW6,1565,4/12/2024 0:30,13.94,0,"","","",""
RW6,1566,4/12/2024 0:35,13.9,0,"","","",""
RW6,1567,4/12/2024 0:40,13.9,0,"","","",""
RW6,1568,4/12/2024 0:45,13.9,0,"","","",""
RW6,1569,4/12/2024 0:50,13.9,0,"","","",""
RW6,1570,4/12/2024 0:55,13.9,0,"","","",""
RW6,1571,4/12/2024 1:00,13.85,0,"","","",""
RW6,1572,4/12/2024 1:05,13.81,0,"","","",""
RW6,1573,4/12/2024 1:10,13.77,0,"","","",""
RW6,1574,4/12/2024 1:15,13.81,0,"","","",""
RW6,1575,4/12/2024 1:20,13.77,0,"","","",""
RW6,1576,4/12/2024 1:25,13.77,0,"","","",""
RW6,1577,4/12/2024 1:30,13.77,0,"","","",""
RW6,1578,4/12/2024 1:35,13.77,0,"","","",""
RW6,1579,4/12/2024 1:40,13.81,0,"","","",""
RW6,1580,4/12/2024 1:45,13.81,0,"","","",""
RW6,1581,4/12/2024 1:50,13.81,0,"","","",""
RW6,1582,4/12/2024 1:55,13.81,0,"","","",""
RW6,1583,4/12/2024 2:00,13.81,0,"","","",""
RW6,1584,4/12/2024 2:05,13.77,0,"","","",""
RW6,1585,4/12/2024 2:10,13.81,0,"","","",""
RW6,1586,4/12/2024 2:15,13.77,0,"","","",""
RW6,1587,4/12/2024 2:20,13.81,0,"","","",""
RW6,1588,4/12/2024 2:25,13.77,0,"","","",""
RW6,1589,4/12/2024 2:30,13.77,0,"","","",""
RW6,1590,4/12/2024 2:35,13.77,0,"","","",""
RW6,1591,4/12/2024 2:40,13.77,0,"","","",""
RW6,1592,4/12/2024 2:45,13.68,0,"","","",""
RW6,1593,4/12/2024 2:50,13.73,0,"","","",""
RW6,1594,4/12/2024 2:55,13.68,0,"","","",""
RW6,1595,4/12/2024 3:00,13.68,0,"","","",""
RW6,1596,4/12/2024 3:05,13.68,0,"","","",""
RW6,1597,4/12/2024 3:10,13.64,0,"","","",""
RW6,1598,4/12/2024 3:15,13.64,0,"","","",""
RW6,1599,4/12/2024 3:20,13.6,0,"","","",""
RW6,1600,4/12/2024 3:25,13.43,0,"","","",""
RW6,1601,4/12/2024 3:30,13.3,0,"","","",""
RW6,1702,4/12/2024 11:55,17.37,15175.68,"","","",""
RW6,1703,4/12/2024 12:00,17.72,22517.76,"","","",""
RW6,1704,4/12/2024 12:05,16.69,14986.24,"","","",""
RW6,1705,4/12/2024 12:10,16,543.68,"","","",""
RW6,1706,4/12/2024 12:15,14.84,771.2,"","","",""
RW6,1707,4/12/2024 12:20,14.28,1297.6,"","","",""
RW6,1708,4/12/2024 12:25,14.24,479.84,"","","",""
RW6,1709,4/12/2024 12:30,14.41,8286.72,"","","",""
RW6,1710,4/12/2024 12:35,15.06,10716.16,"","","",""
RW6,1711,4/12/2024 12:40,14.67,5729.28,"","","",""
RW6,1712,4/12/2024 12:45,14.33,2416.64,"","","",""
RW6,1713,4/12/2024 12:50,14.24,3128.32,"","","",""
RW6,1714,4/12/2024 12:55,14.28,19701.76,"","","",""
RW6,1715,4/12/2024 13:00,14.54,1726.72,"","","",""
RW6,1716,4/12/2024 13:05,14.37,1115.52,"","","",""
RW6,1717,4/12/2024 13:10,14.5,2115.2,"","","",""
RW6,1718,4/12/2024 13:15,14.37,11637.76,"","","",""
RW6,1719,4/12/2024 13:20,14.41,6325.76,"","","",""
RW6,1720,4/12/2024 13:25,14.24,345.92,"","","",""
RW6,1721,4/12/2024 13:30,14.24,10408.96,"","","",""
RW6,1722,4/12/2024 13:35,14.5,11591.68,"","","",""
RW6,1723,4/12/2024 13:40,14.2,10393.6,"","","",""
RW6,1724,4/12/2024 13:45,14.11,5777.92,"","","",""
RW6,1725,4/12/2024 13:50,14.2,2563.2,"","","",""
RW6,1726,4/12/2024 13:55,14.11,853.76,"","","",""
RW6,1727,4/12/2024 14:00,14.33,4738.56,"","","",""
RW6,1728,4/12/2024 14:05,14.33,2200.96,"","","",""
RW6,1729,4/12/2024 14:10,14.33,6008.32,"","","",""
RW6,1730,4/12/2024 14:15,14.33,4325.12,"","","",""
RW6,1731,4/12/2024 14:20,14.54,14592,"","","",""
RW6,1732,4/12/2024 14:25,14.28,941.44,"","","",""
RW6,1733,4/12/2024 14:30,14.33,3536.64,"","","",""
RW6,1734,4/12/2024 14:35,14.28,4938.24,"","","",""
RW6,1735,4/12/2024 14:40,14.63,507.36,"","","",""
RW6,1736,4/12/2024 14:45,14.37,687.04,"","","",""
RW6,1737,4/12/2024 14:50,14.37,8161.28,"","","",""
RW6,1738,4/12/2024 14:55,14.33,6010.88,"","","",""
RW6,1739,4/12/2024 15:00,14.58,17126.4,"","","",""
RW6,1740,4/12/2024 15:05,14.33,234.88,"","","",""
RW6,1741,4/12/2024 15:10,14.45,10260.48,"","","",""
RW6,1742,4/12/2024 15:15,14.41,5944.32,"","","",""
RW6,1743,4/12/2024 15:20,14.41,328.48,"","","",""
RW6,1744,4/12/2024 15:25,14.37,2819.84,"","","",""
RW6,1745,4/12/2024 15:30,14.5,1077.12,"","","",""
RW6,1746,4/12/2024 15:35,14.45,12067.84,"","","",""
RW6,1747,4/12/2024 15:40,14.63,1126.72,"","","",""
RW6,1748,4/12/2024 15:45,15.48,8517.12,"","","",""
RW6,1749,4/12/2024 15:50,14.84,672.64,"","","",""
RW6,1750,4/12/2024 15:55,15.91,20695.04,"","","",""
RW6,1751,4/12/2024 16:00,14.88,591.36,"","","",""
RW6,1752,4/12/2024 16:05,14.93,9525.76,"","","",""
RW6,1753,4/12/2024 16:10,14.84,1054.08,"","","",""
RW6,1754,4/12/2024 16:15,15.1,1251.84,"","","",""
RW6,1755,4/12/2024 16:20,15.01,1872,"","","",""
RW6,1756,4/12/2024 16:25,15.27,13716.48,"","","",""
RW6,1757,4/12/2024 16:30,16.13,11576.32,"","","",""
RW6,1758,4/12/2024 16:35,15.61,8258.56,"","","",""
RW6,1780,4/12/2024 18:25,14.11,1000,"","","",""
RW6,1781,4/12/2024 18:30,14.07,526.72,"","","",""
RW6,1782,4/12/2024 18:35,14.03,442.24,"","","",""
RW6,1783,4/12/2024 18:40,14.03,937.92,"","","",""
RW6,1784,4/12/2024 18:45,13.98,605.92,"","","",""
RW6,1785,4/12/2024 18:50,13.94,1000.96,"","","",""
RW6,1786,4/12/2024 18:55,13.94,672.32,"","","",""
RW6,1787,4/12/2024 19:00,13.9,741.76,"","","",""
RW6,1788,4/12/2024 19:05,13.85,183.92,"","","",""
RW6,1789,4/12/2024 19:10,13.9,211.28,"","","",""
RW6,1790,4/12/2024 19:15,13.9,71.3,"","","",""
RW6,1791,4/12/2024 19:20,13.94,23.73,"","","",""
RW6,1792,4/12/2024 19:25,13.94,3.71,"","","",""
RW6,1793,4/12/2024 19:30,13.98,6.56,"","","",""
RW6,1794,4/12/2024 19:35,13.94,7.87,"","","",""
RW6,1795,4/12/2024 19:40,13.94,1.09,"","","",""
RW6,1796,4/12/2024 19:45,13.94,0,"","","",""
RW6,1797,4/12/2024 19:50,13.98,0,"","","",""
RW6,1798,4/12/2024 19:55,13.94,0,"","","",""
RW6,1799,4/12/2024 20:00,13.9,0,"","","",""
RW6,1800,4/12/2024 20:05,13.9,0,"","","",""
RW6,1801,4/12/2024 20:10,13.9,0,"","","",""
RW6,1802,4/12/2024 20:15,13.9,0,"","","",""
RW6,1803,4/12/2024 20:20,13.85,0,"","","",""
RW6,1804,4/12/2024 20:25,13.9,0,"","","",""
RW6,1805,4/12/2024 20:30,13.9,0,"","","",""
RW6,1806,4/12/2024 20:35,13.81,0,"","","",""
RW6,1807,4/12/2024 20:40,13.9,0,"","","",""
RW6,1808,4/12/2024 20:45,13.81,0,"","","",""
RW6,1809,4/12/2024 20:50,13.85,0,"","","",""
RW6,1810,4/12/2024 20:55,13.81,0,"","","",""
RW6,1811,4/12/2024 21:00,13.85,0,"","","",""
RW6,1812,4/12/2024 21:05,13.81,0,"","","",""
RW6,1813,4/12/2024 21:10,13.85,0,"","","",""
RW6,1814,4/12/2024 21:15,13.85,0,"","","",""
RW6,1815,4/12/2024 21:20,13.81,0,"","","",""
RW6,1816,4/12/2024 21:25,13.85,0,"","","",""
RW6,1817,4/12/2024 21:30,13.81,0,"","","",""
RW6,1818,4/12/2024 21:35,13.81,0,"","","",""
RW6,1819,4/12/2024 21:40,13.85,0,"","","",""
RW6,1820,4/12/2024 21:45,13.81,0,"","","",""
RW6,1821,4/12/2024 21:50,13.81,0,"","","",""
RW6,1822,4/12/2024 21:55,13.81,0,"","","",""
RW6,1823,4/12/2024 22:00,13.81,0,"","","",""
RW6,1824,4/12/2024 22:05,13.85,0,"","","",""
RW6,1825,4/12/2024 22:10,13.85,0,"","","",""
RW6,1826,4/12/2024 22:15,13.81,0,"","","",""
RW6,1827,4/12/2024 22:20,13.81,0,"","","",""
RW6,1828,4/12/2024 22:25,13.81,0,"","","",""
RW6,1829,4/12/2024 22:30,13.81,0,"","","",""
RW6,1830,4/12/2024 22:35,13.81,0,"","","",""
RW6,1831,4/12/2024 22:40,13.81,0,"","","",""
RW6,1832,4/12/2024 22:45,13.85,0,"","","",""
RW6,1833,4/12/2024 22:50,13.81,0,"","","",""
RW6,1834,4/12/2024 22:55,13.81,0,"","","",""
RW6,1835,4/12/2024 23:00,13.81,0,"","","",""
RW6,1836,4/12/2024 23:05,13.81,0,"","","",""
RW6,1837,4/12/2024 23:10,13.81,0,"","","",""
RW6,1838,4/12/2024 23:15,13.85,0,"","","",""
RW6,1839,4/12/2024 23:20,13.85,0,"","","",""
RW6,1840,4/12/2024 23:25,13.81,0,"","","",""
RW6,1841,4/12/2024 23:30,13.81,0,"","","",""
RW6,1842,4/12/2024 23:35,13.81,0,"","","",""
RW6,1843,4/12/2024 23:40,13.81,0,"","","",""
RW6,1844,4/12/2024 23:45,13.81,0,"","","",""
RW6,1845,4/12/2024 23:50,13.85,0,"","","",""
RW6,1846,4/12/2024 23:55,13.85,0,"","","",""
RW6,1847,4/13/2024 0:00,13.81,0,"","","",""
RW6,1848,4/13/2024 0:05,13.81,0,"","","",""
RW6,1849,4/13/2024 0:10,13.81,0,"","","",""
RW6,1850,4/13/2024 0:15,13.85,0,"","","",""
RW6,1851,4/13/2024 0:20,13.81,0,"","","",""
RW6,1852,4/13/2024 0:25,13.81,0,"","","",""
RW6,1853,4/13/2024 0:30,13.85,0,"","","",""
RW6,1854,4/13/2024 0:35,13.85,0,"","","",""
RW6,1855,4/13/2024 0:40,13.85,0,"","","",""
RW6,1856,4/13/2024 0:45,13.81,0,"","","",""
RW6,1857,4/13/2024 0:50,13.85,0,"","","",""
RW6,1858,4/13/2024 0:55,13.81,0,"","","",""
RW6,1859,4/13/2024 1:00,13.85,0,"","","",""
RW6,1860,4/13/2024 1:05,13.85,0,"","","",""
RW6,1861,4/13/2024 1:10,13.9,0,"","","",""
RW6,1862,4/13/2024 1:15,13.81,0,"","","",""
RW6,1863,4/13/2024 1:20,13.85,0,"","","",""
RW6,1864,4/13/2024 1:25,13.85,0,"","","",""
RW6,1865,4/13/2024 1:30,13.85,0,"","","",""
RW6,1866,4/13/2024 1:35,13.85,0,"","","",""
RW6,1867,4/13/2024 1:40,13.85,0,"","","",""
RW6,1868,4/13/2024 1:45,13.85,0,"","","",""
RW6,1869,4/13/2024 1:50,13.85,0,"","","",""
RW6,1870,4/13/2024 1:55,13.9,0,"","","",""
RW6,1871,4/13/2024 2:00,13.9,0,"","","",""
RW6,1872,4/13/2024 2:05,13.85,0,"","","",""
RW6,1873,4/13/2024 2:10,13.9,0,"","","",""
RW6,1874,4/13/2024 2:15,13.9,0,"","","",""
RW6,1875,4/13/2024 2:20,13.9,0,"","","",""
RW6,1876,4/13/2024 2:25,13.9,0,"","","",""
RW6,1877,4/13/2024 2:30,13.85,0,"","","",""
RW6,1878,4/13/2024 2:35,13.81,0,"","","",""
RW6,1879,4/13/2024 2:40,13.9,0,"","","",""
RW6,1880,4/13/2024 2:45,13.9,0,"","","",""
RW6,1881,4/13/2024 2:50,13.9,0,"","","",""
RW6,1882,4/13/2024 2:55,13.9,0,"","","",""
RW6,1883,4/13/2024 3:00,13.85,0,"","","",""
RW6,1884,4/13/2024 3:05,13.9,0,"","","",""
RW6,1885,4/13/2024 3:10,13.9,0,"","","",""
RW6,1886,4/13/2024 3:15,13.85,0,"","","",""
RW6,1887,4/13/2024 3:20,13.9,0,"","","",""
RW6,1888,4/13/2024 3:25,13.85,0,"","","",""
RW6,1889,4/13/2024 3:30,13.9,0,"","","",""
RW6,1890,4/13/2024 3:35,13.9,0,"","","",""
RW6,1891,4/13/2024 3:40,13.85,0,"","","",""
RW6,1892,4/13/2024 3:45,13.85,0,"","","",""
RW6,1893,4/13/2024 3:50,13.85,0,"","","",""
RW6,1894,4/13/2024 3:55,13.85,0,"","","",""
RW6,1895,4/13/2024 4:00,13.81,0,"","","",""
RW6,1896,4/13/2024 4:05,13.81,0,"","","",""
RW6,1897,4/13/2024 4:10,13.77,0,"","","",""
RW6,1898,4/13/2024 4:15,13.68,0,"","","",""
RW6,1899,4/13/2024 4:20,13.55,0,"","","",""
RW6,1900,4/13/2024 4:25,13.38,0,"","","",""
RW6,2013,4/13/2024 13:50,17.5,31897.6,"","","",""
RW6,2014,4/13/2024 13:55,16.43,5491.2,"","","",""
RW6,2015,4/13/2024 14:00,16.9,4230.4,"","","",""
RW6,2016,4/13/2024 14:05,15.74,4591.36,"","","",""
RW6,2017,4/13/2024 14:10,15.48,15237.12,"","","",""
RW6,2018,4/13/2024 14:15,15.36,2101.12,"","","",""
RW6,2019,4/13/2024 14:20,15.18,3887.36,"","","",""
RW6,2020,4/13/2024 14:25,15.36,1907.2,"","","",""
RW6,2021,4/13/2024 14:30,14.93,214.08,"","","",""
RW6,2022,4/13/2024 14:35,14.75,1933.44,"","","",""
RW6,2023,4/13/2024 14:40,14.67,5934.08,"","","",""
RW6,2024,4/13/2024 14:45,14.75,14929.92,"","","",""
RW6,2025,4/13/2024 14:50,14.75,9372.16,"","","",""
RW6,2026,4/13/2024 14:55,14.75,4367.36,"","","",""
RW6,2027,4/13/2024 15:00,14.8,8826.88,"","","",""
RW6,2028,4/13/2024 15:05,14.71,420.32,"","","",""
RW6,2029,4/13/2024 15:10,14.88,2088.96,"","","",""
RW6,2030,4/13/2024 15:15,15.53,21596.16,"","","",""
RW6,2031,4/13/2024 15:20,14.71,2305.92,"","","",""
RW6,2032,4/13/2024 15:25,14.67,775.68,"","","",""
RW6,2033,4/13/2024 15:30,14.63,2384.64,"","","",""
RW6,2034,4/13/2024 15:35,14.63,357.76,"","","",""
RW6,2035,4/13/2024 15:40,14.54,4296.96,"","","",""
RW6,2036,4/13/2024 15:45,14.58,1649.28,"","","",""
RW6,2037,4/13/2024 15:50,14.5,545.44,"","","",""
RW6,2038,4/13/2024 15:55,14.54,1363.84,"","","",""
RW6,2039,4/13/2024 16:00,14.54,5059.84,"","","",""
RW6,2040,4/13/2024 16:05,14.5,2856.96,"","","",""
RW6,2041,4/13/2024 16:10,14.45,411.2,"","","",""
RW6,2042,4/13/2024 16:15,14.45,256.32,"","","",""
RW6,2043,4/13/2024 16:20,14.41,263.12,"","","",""
RW6,2044,4/13/2024 16:25,14.45,2981.12,"","","",""
RW6,2045,4/13/2024 16:30,14.45,1426.56,"","","",""
RW6,2046,4/13/2024 16:35,14.45,203.36,"","","",""
RW6,2047,4/13/2024 16:40,14.45,219.84,"","","",""
RW6,2048,4/13/2024 16:45,14.5,2213.12,"","","",""
RW6,2049,4/13/2024 16:50,14.5,81.92,"","","",""
RW6,2050,4/13/2024 16:55,14.5,582.24,"","","",""
RW6,2051,4/13/2024 17:00,14.5,2298.88,"","","",""
RW6,2052,4/13/2024 17:05,14.45,76.44,"","","",""
RW6,2053,4/13/2024 17:10,14.41,420.8,"","","",""
RW6,2054,4/13/2024 17:15,14.5,1466.88,"","","",""
RW6,2055,4/13/2024 17:20,14.41,296.56,"","","",""
RW6,2056,4/13/2024 17:25,14.45,251.12,"","","",""
RW6,2057,4/13/2024 17:30,14.45,40.52,"","","",""
RW6,2058,4/13/2024 17:35,14.41,279.12,"","","",""
RW6,2059,4/13/2024 17:40,14.33,239.68,"","","",""
RW6,2060,4/13/2024 17:45,14.28,1830.4,"","","",""
RW6,2061,4/13/2024 17:50,14.33,1103.36,"","","",""
RW6,2062,4/13/2024 17:55,14.28,87.36,"","","",""
RW6,2063,4/13/2024 18:00,14.28,382.08,"","","",""
RW6,2064,4/13/2024 18:05,14.2,360.16,"","","",""
RW6,2065,4/13/2024 18:10,14.2,90,"","","",""
RW6,2066,4/13/2024 18:15,14.2,2862.08,"","","",""
RW6,2067,4/13/2024 18:20,14.24,1624.32,"","","",""
RW6,2068,4/13/2024 18:25,14.24,2295.68,"","","",""
RW6,2069,4/13/2024 18:30,14.24,231.2,"","","",""
RW6,2070,4/13/2024 18:35,14.24,368.32,"","","",""
RW6,2071,4/13/2024 18:40,14.24,577.44,"","","",""
RW6,2072,4/13/2024 18:45,14.24,1376.64,"","","",""
RW6,2073,4/13/2024 18:50,14.2,6.78,"","","",""
RW6,2074,4/13/2024 18:55,14.2,27.56,"","","",""
RW6,2075,4/13/2024 19:00,14.2,237.76,"","","",""
RW6,2076,4/13/2024 19:05,14.11,316.08,"","","",""
RW6,2077,4/13/2024 19:10,14.15,74.8,"","","",""
RW6,2078,4/13/2024 19:15,14.11,28.1,"","","",""
RW6,2079,4/13/2024 19:20,14.11,59.82,"","","",""
RW6,2080,4/13/2024 19:25,14.07,25.04,"","","",""
RW6,2081,4/13/2024 19:30,14.11,0.43,"","","",""
RW6,2082,4/13/2024 19:35,14.07,4.81,"","","",""
RW6,2083,4/13/2024 19:40,14.11,0.87,"","","",""
RW6,2084,4/13/2024 19:45,14.11,0.65,"","","",""
RW6,2085,4/13/2024 19:50,14.07,0,"","","",""
RW6,2086,4/13/2024 19:55,14.03,0,"","","",""
RW6,2087,4/13/2024 20:00,14.03,0,"","","",""
RW6,2088,4/13/2024 20:05,14.03,0,"","","",""
RW6,2089,4/13/2024 20:10,14.07,0,"","","",""
RW6,2090,4/13/2024 20:15,14.03,0,"","","",""
RW6,2091,4/13/2024 20:20,14.07,0,"","","",""
RW6,2092,4/13/2024 20:25,13.98,0,"","","",""
RW6,2093,4/13/2024 20:30,14.03,0,"","","",""
RW6,2094,4/13/2024 20:35,14.03,0,"","","",""
RW6,2095,4/13/2024 20:40,14.07,0,"","","",""
RW6,2096,4/13/2024 20:45,13.98,0,"","","",""
RW6,2097,4/13/2024 20:50,14.03,0,"","","",""
RW6,2098,4/13/2024 20:55,13.98,0,"","","",""
RW6,2099,4/13/2024 21:00,13.98,0,"","","",""
RW6,2100,4/13/2024 21:05,13.94,0,"","","",""
RW6,2101,4/13/2024 21:10,13.98,0,"","","",""
RW6,2102,4/13/2024 21:15,13.94,0,"","","",""
RW6,2103,4/13/2024 21:20,14.03,0,"","","",""
RW6,2104,4/13/2024 21:25,13.98,0,"","","",""
RW6,2105,4/13/2024 21:30,13.94,0,"","","",""
RW6,2106,4/13/2024 21:35,13.94,0,"","","",""
RW6,2107,4/13/2024 21:40,13.94,0,"","","",""
RW6,2108,4/13/2024 21:45,13.9,0,"","","",""
RW6,2109,4/13/2024 21:50,13.94,0,"","","",""
RW6,2110,4/13/2024 21:55,13.94,0,"","","",""
RW6,2111,4/13/2024 22:00,13.94,0,"","","",""
RW6,2112,4/13/2024 22:05,13.9,0,"","","",""
RW6,2113,4/13/2024 22:10,13.94,0,"","","",""
RW6,2114,4/13/2024 22:15,13.94,0,"","","",""
RW6,2115,4/13/2024 22:20,13.94,0,"","","",""
RW6,2116,4/13/2024 22:25,13.9,0,"","","",""
RW6,2117,4/13/2024 22:30,13.94,0,"","","",""
RW6,2118,4/13/2024 22:35,13.94,0,"","","",""
RW6,2119,4/13/2024 22:40,13.9,0,"","","",""
RW6,2120,4/13/2024 22:45,13.94,0,"","","",""
RW6,2121,4/13/2024 22:50,13.94,0,"","","",""
RW6,2122,4/13/2024 22:55,13.94,0,"","","",""
RW6,2123,4/13/2024 23:00,13.9,0,"","","",""
RW6,2124,4/13/2024 23:05,13.94,0,"","","",""
RW6,2125,4/13/2024 23:10,13.9,0,"","","",""
RW6,2126,4/13/2024 23:15,13.9,0,"","","",""
RW6,2127,4/13/2024 23:20,13.9,0,"","","",""
RW6,2128,4/13/2024 23:25,13.9,0,"","","",""
RW6,2129,4/13/2024 23:30,13.9,0,"","","",""
RW6,2130,4/13/2024 23:35,13.9,0,"","","",""
RW6,2131,4/13/2024 23:40,13.81,0,"","","",""
RW6,2132,4/13/2024 23:45,13.85,0,"","","",""
RW6,2133,4/13/2024 23:50,13.9,0,"","","",""
RW6,2134,4/13/2024 23:55,13.9,0,"","","",""
RW6,2135,4/14/2024 0:00,13.81,0,"","","",""
RW6,2136,4/14/2024 0:05,13.81,0,"","","",""
RW6,2137,4/14/2024 0:10,13.85,0,"","","",""
RW6,2138,4/14/2024 0:15,13.77,0,"","","",""
RW6,2139,4/14/2024 0:20,13.81,0,"","","",""
RW6,2140,4/14/2024 0:25,13.81,0,"","","",""
RW6,2141,4/14/2024 0:30,13.85,0,"","","",""
RW6,2142,4/14/2024 0:35,13.81,0,"","","",""
RW6,2143,4/14/2024 0:40,13.81,0,"","","",""
RW6,2144,4/14/2024 0:45,13.85,0,"","","",""
RW6,2145,4/14/2024 0:50,13.81,0,"","","",""
RW6,2146,4/14/2024 0:55,13.81,0,"","","",""
RW6,2147,4/14/2024 1:00,13.81,0,"","","",""
RW6,2148,4/14/2024 1:05,13.81,0,"","","",""
RW6,2149,4/14/2024 1:10,13.81,0,"","","",""
RW6,2150,4/14/2024 1:15,13.81,0,"","","",""
RW6,2151,4/14/2024 1:20,13.85,0,"","","",""
RW6,2152,4/14/2024 1:25,13.85,0,"","","",""
RW6,2153,4/14/2024 1:30,13.85,0,"","","",""
RW6,2154,4/14/2024 1:35,13.85,0,"","","",""
RW6,2155,4/14/2024 1:40,13.81,0,"","","",""
RW6,2156,4/14/2024 1:45,13.85,0,"","","",""
RW6,2157,4/14/2024 1:50,13.85,0,"","","",""
RW6,2158,4/14/2024 1:55,13.77,0,"","","",""
RW6,2159,4/14/2024 2:00,13.81,0,"","","",""
RW6,2160,4/14/2024 2:05,13.81,0,"","","",""
RW6,2161,4/14/2024 2:10,13.81,0,"","","",""
RW6,2162,4/14/2024 2:15,13.81,0,"","","",""
RW6,2163,4/14/2024 2:20,13.85,0,"","","",""
RW6,2164,4/14/2024 2:25,13.85,0,"","","",""
RW6,2165,4/14/2024 2:30,13.85,0,"","","",""
RW6,2166,4/14/2024 2:35,13.85,0,"","","",""
RW6,2167,4/14/2024 2:40,13.85,0,"","","",""
RW6,2168,4/14/2024 2:45,13.81,0,"","","",""
RW6,2169,4/14/2024 2:50,13.85,0,"","","",""
RW6,2170,4/14/2024 2:55,13.81,0,"","","",""
RW6,2171,4/14/2024 3:00,13.85,0,"","","",""
RW6,2172,4/14/2024 3:05,13.85,0,"","","",""
RW6,2173,4/14/2024 3:10,13.9,0,"","","",""
RW6,2174,4/14/2024 3:15,13.81,0,"","","",""
RW6,2175,4/14/2024 3:20,13.85,0,"","","",""
RW6,2176,4/14/2024 3:25,13.85,0,"","","",""
RW6,2177,4/14/2024 3:30,13.81,0,"","","",""
RW6,2178,4/14/2024 3:35,13.81,0,"","","",""
RW6,2179,4/14/2024 3:40,13.81,0,"","","",""
RW6,2180,4/14/2024 3:45,13.77,0,"","","",""
RW6,2181,4/14/2024 3:50,13.81,0,"","","",""
RW6,2182,4/14/2024 3:55,13.81,0,"","","",""
RW6,2183,4/14/2024 4:00,13.81,0,"","","",""
RW6,2184,4/14/2024 4:05,13.77,0,"","","",""
RW6,2185,4/14/2024 4:10,13.81,0,"","","",""
RW6,2186,4/14/2024 4:15,13.77,0,"","","",""
RW6,2187,4/14/2024 4:20,13.73,0,"","","",""
RW6,2188,4/14/2024 4:25,13.68,0,"","","",""
RW6,2189,4/14/2024 4:30,13.68,0,"","","",""
RW6,2190,4/14/2024 4:35,13.64,0,"","","",""
RW6,2191,4/14/2024 4:40,13.64,0,"","","",""
RW6,2192,4/14/2024 4:45,13.64,0,"","","",""
RW6,2193,4/14/2024 4:50,13.64,0,"","","",""
RW6,2194,4/14/2024 4:55,13.64,0,"","","",""
RW6,2195,4/14/2024 5:00,13.6,0,"","","",""
RW6,2196,4/14/2024 5:05,13.51,0,"","","",""
RW6,2197,4/14/2024 5:10,13.55,0,"","","",""
RW6,2198,4/14/2024 5:15,13.51,0,"","","",""
RW6,2199,4/14/2024 5:20,13.47,0,"","","",""
RW6,2319,4/14/2024 15:20,16.51,6389.76,"","","",""
RW6,2320,4/14/2024 15:25,17.07,6620.16,"","","",""
RW6,2321,4/14/2024 15:30,16.39,3189.76,"","","",""
RW6,2322,4/14/2024 15:35,16.21,5399.04,"","","",""
RW6,2323,4/14/2024 15:40,16.43,17259.52,"","","",""
RW6,2324,4/14/2024 15:45,15.83,1347.84,"","","",""
RW6,2325,4/14/2024 15:50,15.74,9771.52,"","","",""
RW6,2326,4/14/2024 15:55,15.66,3810.56,"","","",""
RW6,2327,4/14/2024 16:00,15.66,7677.44,"","","",""
RW6,2328,4/14/2024 16:05,15.44,1118.08,"","","",""
RW6,2329,4/14/2024 16:10,15.36,2551.04,"","","",""
RW6,2330,4/14/2024 16:15,15.36,4997.12,"","","",""
RW6,2331,4/14/2024 16:20,15.44,6231.04,"","","",""
RW6,2332,4/14/2024 16:25,15.31,735.68,"","","",""
RW6,2333,4/14/2024 16:30,15.4,1914.24,"","","",""
RW6,2334,4/14/2024 16:35,15.91,35901.44,"","","",""
RW6,2335,4/14/2024 16:40,15.87,21923.84,"","","",""
RW6,2336,4/14/2024 16:45,15.66,2851.84,"","","",""
RW6,2337,4/14/2024 16:50,15.48,5875.2,"","","",""
RW6,2338,4/14/2024 16:55,15.4,3070.72,"","","",""
RW6,2339,4/14/2024 17:00,15.4,2589.44,"","","",""
RW6,2340,4/14/2024 17:05,15.4,4664.32,"","","",""
RW6,2341,4/14/2024 17:10,15.31,5437.44,"","","",""
RW6,2342,4/14/2024 17:15,15.36,8069.12,"","","",""
RW6,2343,4/14/2024 17:20,15.31,7467.52,"","","",""
RW6,2344,4/14/2024 17:25,15.23,964.16,"","","",""
RW6,2345,4/14/2024 17:30,15.36,1361.92,"","","",""
RW6,2346,4/14/2024 17:35,15.1,2495.36,"","","",""
RW6,2347,4/14/2024 17:40,15.1,538.88,"","","",""
RW6,2348,4/14/2024 17:45,15.01,234.88,"","","",""
RW6,2349,4/14/2024 17:50,14.97,341.44,"","","",""
RW6,2350,4/14/2024 17:55,14.88,1254.72,"","","",""
RW6,2351,4/14/2024 18:00,14.88,164,"","","",""
RW6,2352,4/14/2024 18:05,14.84,8.31,"","","",""
RW6,2353,4/14/2024 18:10,14.8,24.22,"","","",""
RW6,2354,4/14/2024 18:15,14.84,213.92,"","","",""
RW6,2355,4/14/2024 18:20,14.8,155.72,"","","",""
RW6,2356,4/14/2024 18:25,14.75,138.88,"","","",""
RW6,2357,4/14/2024 18:30,14.75,27.72,"","","",""
RW6,2358,4/14/2024 18:35,14.71,137.36,"","","",""
RW6,2359,4/14/2024 18:40,14.67,351.04,"","","",""
RW6,2360,4/14/2024 18:45,14.67,213.04,"","","",""
RW6,2361,4/14/2024 18:50,14.67,6.58,"","","",""
RW6,2362,4/14/2024 18:55,14.67,21.54,"","","",""
RW6,2363,4/14/2024 19:00,14.67,442.72,"","","",""
RW6,2364,4/14/2024 19:05,14.63,116.24,"","","",""
RW6,2365,4/14/2024 19:10,14.63,245.6,"","","",""
RW6,2366,4/14/2024 19:15,14.63,256.96,"","","",""
RW6,2367,4/14/2024 19:20,14.58,23.73,"","","",""
RW6,2368,4/14/2024 19:25,14.58,71.2,"","","",""
RW6,2369,4/14/2024 19:30,14.54,11.15,"","","",""
RW6,2370,4/14/2024 19:35,14.58,1.75,"","","",""
RW6,2371,4/14/2024 19:40,14.54,3.5,"","","",""
RW6,2372,4/14/2024 19:45,14.58,0.21,"","","",""
RW6,2373,4/14/2024 19:50,14.54,0,"","","",""
RW6,2374,4/14/2024 19:55,14.5,0,"","","",""
RW6,2375,4/14/2024 20:00,14.54,0,"","","",""
RW6,2376,4/14/2024 20:05,14.5,0,"","","",""
RW6,2377,4/14/2024 20:10,14.45,0,"","","",""
RW6,2378,4/14/2024 20:15,14.45,0,"","","",""
RW6,2379,4/14/2024 20:20,14.45,0,"","","",""
RW6,2380,4/14/2024 20:25,14.45,0,"","","",""
RW6,2381,4/14/2024 20:30,14.5,0,"","","",""
RW6,2382,4/14/2024 20:35,14.45,0,"","","",""
RW6,2383,4/14/2024 20:40,14.41,0,"","","",""
RW6,2384,4/14/2024 20:45,14.41,0,"","","",""
RW6,2385,4/14/2024 20:50,14.41,0,"","","",""
RW6,2386,4/14/2024 20:55,14.37,0,"","","",""
RW6,2387,4/14/2024 21:00,14.41,0,"","","",""
RW6,2388,4/14/2024 21:05,14.41,0,"","","",""
RW6,2389,4/14/2024 21:10,14.37,0,"","","",""
RW6,2390,4/14/2024 21:15,14.41,0,"","","",""
RW6,2391,4/14/2024 21:20,14.41,0,"","","",""
RW6,2392,4/14/2024 21:25,14.37,0,"","","",""
RW6,2393,4/14/2024 21:30,14.37,0,"","","",""
RW6,2394,4/14/2024 21:35,14.33,0,"","","",""
RW6,2395,4/14/2024 21:40,14.33,0,"","","",""
RW6,2396,4/14/2024 21:45,14.33,0,"","","",""
RW6,2397,4/14/2024 21:50,14.37,0,"","","",""
RW6,2398,4/14/2024 21:55,14.28,0,"","","",""
RW6,2399,4/14/2024 22:00,14.33,0,"","","",""
RW6,2400,4/14/2024 22:05,14.33,0,"","","",""
RW6,2401,4/14/2024 22:10,14.28,0,"","","",""
RW6,2402,4/14/2024 22:15,14.28,0,"","","",""
RW6,2403,4/14/2024 22:20,14.28,0,"","","",""
RW6,2404,4/14/2024 22:25,14.33,0,"","","",""
RW6,2405,4/14/2024 22:30,14.24,0,"","","",""
RW6,2406,4/14/2024 22:35,14.28,0,"","","",""
RW6,2407,4/14/2024 22:40,14.28,0,"","","",""
RW6,2408,4/14/2024 22:45,14.28,0,"","","",""
RW6,2409,4/14/2024 22:50,14.28,0,"","","",""
RW6,2410,4/14/2024 22:55,14.24,0,"","","",""
RW6,2411,4/14/2024 23:00,14.24,0,"","","",""
RW6,2412,4/14/2024 23:05,14.24,0,"","","",""
RW6,2413,4/14/2024 23:10,14.24,0,"","","",""
RW6,2414,4/14/2024 23:15,14.28,0,"","","",""
RW6,2415,4/14/2024 23:20,14.28,0,"","","",""
RW6,2416,4/14/2024 23:25,14.24,0,"","","",""
RW6,2417,4/14/2024 23:30,14.33,0,"","","",""
RW6,2418,4/14/2024 23:35,14.24,0,"","","",""
RW6,2419,4/14/2024 23:40,14.28,0,"","","",""
RW6,2420,4/14/2024 23:45,14.24,0,"","","",""
RW6,2421,4/14/2024 23:50,14.24,0,"","","",""
RW6,2422,4/14/2024 23:55,14.28,0,"","","",""
RW6,2423,4/15/2024 0:00,14.28,0,"","","",""
RW6,2424,4/15/2024 0:05,14.28,0,"","","",""
RW6,2425,4/15/2024 0:10,14.24,0,"","","",""
RW6,2426,4/15/2024 0:15,14.24,0,"","","",""
RW6,2427,4/15/2024 0:20,14.24,0,"","","",""
RW6,2428,4/15/2024 0:25,14.28,0,"","","",""
RW6,2429,4/15/2024 0:30,14.28,0,"","","",""
RW6,2430,4/15/2024 0:35,14.24,0,"","","",""
RW6,2431,4/15/2024 0:40,14.24,0,"","","",""
RW6,2432,4/15/2024 0:45,14.28,0,"","","",""
RW6,2433,4/15/2024 0:50,14.33,0,"","","",""
RW6,2434,4/15/2024 0:55,14.24,0,"","","",""
RW6,2435,4/15/2024 1:00,14.24,0,"","","",""
RW6,2436,4/15/2024 1:05,14.24,0,"","","",""
RW6,2437,4/15/2024 1:10,14.28,0,"","","",""
RW6,2438,4/15/2024 1:15,14.24,0,"","","",""
RW6,2439,4/15/2024 1:20,14.28,0,"","","",""
RW6,2440,4/15/2024 1:25,14.28,0,"","","",""
RW6,2441,4/15/2024 1:30,14.28,0,"","","",""
RW6,2442,4/15/2024 1:35,14.28,0,"","","",""
RW6,2443,4/15/2024 1:40,14.24,0,"","","",""
RW6,2444,4/15/2024 1:45,14.24,0,"","","",""
RW6,2445,4/15/2024 1:50,14.28,0,"","","",""
RW6,2446,4/15/2024 1:55,14.24,0,"","","",""
RW6,2447,4/15/2024 2:00,14.24,0,"","","",""
RW6,2448,4/15/2024 2:05,14.2,0,"","","",""
RW6,2449,4/15/2024 2:10,14.2,0,"","","",""
RW6,2450,4/15/2024 2:15,14.2,0,"","","",""
RW6,2451,4/15/2024 2:20,14.28,0,"","","",""
RW6,2452,4/15/2024 2:25,14.24,0,"","","",""
RW6,2453,4/15/2024 2:30,14.24,0,"","","",""
RW6,2454,4/15/2024 2:35,14.24,0,"","","",""
RW6,2455,4/15/2024 2:40,14.2,0,"","","",""
RW6,2456,4/15/2024 2:45,14.2,0,"","","",""
RW6,2457,4/15/2024 2:50,14.15,0,"","","",""
RW6,2458,4/15/2024 2:55,14.2,0,"","","",""
RW6,2459,4/15/2024 3:00,14.2,0,"","","",""
RW6,2460,4/15/2024 3:05,14.2,0,"","","",""
RW6,2461,4/15/2024 3:10,14.2,0,"","","",""
RW6,2462,4/15/2024 3:15,14.2,0,"","","",""
RW6,2463,4/15/2024 3:20,14.15,0,"","","",""
RW6,2464,4/15/2024 3:25,14.11,0,"","","",""
RW6,2465,4/15/2024 3:30,14.11,0,"","","",""
RW6,2466,4/15/2024 3:35,14.11,0,"","","",""
RW6,2467,4/15/2024 3:40,14.11,0,"","","",""
RW6,2468,4/15/2024 3:45,14.07,0,"","","",""
RW6,2469,4/15/2024 3:50,14.15,0,"","","",""
RW6,2470,4/15/2024 3:55,14.15,0,"","","",""
RW6,2471,4/15/2024 4:00,14.11,0,"","","",""
RW6,2472,4/15/2024 4:05,14.11,0,"","","",""
RW6,2473,4/15/2024 4:10,14.07,0,"","","",""
RW6,2474,4/15/2024 4:15,14.07,0,"","","",""
RW6,2475,4/15/2024 4:20,14.03,0,"","","",""
RW6,2476,4/15/2024 4:25,14.03,0,"","","",""
RW6,2477,4/15/2024 4:30,14.03,0,"","","",""
RW6,2478,4/15/2024 4:35,13.94,0,"","","",""
RW6,2479,4/15/2024 4:40,13.98,0,"","","",""
RW6,2480,4/15/2024 4:45,13.98,0,"","","",""
RW6,2481,4/15/2024 4:50,13.94,0,"","","",""
RW6,2482,4/15/2024 4:55,13.94,0,"","","",""
RW6,2483,4/15/2024 5:00,13.98,0,"","","",""
RW6,2484,4/15/2024 5:05,14.03,0,"","","",""
RW6,2485,4/15/2024 5:10,13.98,0,"","","",""
RW6,2486,4/15/2024 5:15,13.94,0,"","","",""
RW6,2487,4/15/2024 5:20,13.9,0,"","","",""
RW6,2488,4/15/2024 5:25,13.85,0,"","","",""
RW6,2489,4/15/2024 5:30,13.85,0,"","","",""
RW6,2490,4/15/2024 5:35,13.9,0,"","","",""
RW6,2491,4/15/2024 5:40,13.85,0,"","","",""
RW6,2492,4/15/2024 5:45,13.81,0,"","","",""
RW6,2493,4/15/2024 5:50,13.81,0,"","","",""
RW6,2494,4/15/2024 5:55,13.77,0,"","","",""
RW6,2495,4/15/2024 6:00,13.73,4.59,"","","",""
RW6,2496,4/15/2024 6:05,13.68,5.46,"","","",""
RW6,2497,4/15/2024 6:10,13.73,33.85,"","","",""
RW6,2498,4/15/2024 6:15,13.68,81.92,"","","",""
RW6,2499,4/15/2024 6:20,13.68,143.6,"","","",""
RW6,2500,4/15/2024 6:25,13.6,22.47,"","","",""
RW6,2501,4/15/2024 6:30,13.25,651.36,"","","",""
RW6,2616,4/15/2024 16:05,18.44,2243.2,"","","",""
RW6,2617,4/15/2024 16:10,18.66,5501.44,"","","",""
RW6,2618,4/15/2024 16:15,22.26,48046.08,"","","",""
RW6,2619,4/15/2024 16:20,21.53,27361.28,"","","",""
RW6,2620,4/15/2024 16:25,21.62,1847.68,"","","",""
RW6,2621,4/15/2024 16:30,19.39,12897.28,"","","",""
RW6,2622,4/15/2024 16:35,18.79,12119.04,"","","",""
RW6,2623,4/15/2024 16:40,19.05,3366.4,"","","",""
RW6,2624,4/15/2024 16:45,18.74,14551.04,"","","",""
RW6,2625,4/15/2024 16:50,18.62,11601.92,"","","",""
RW6,2626,4/15/2024 16:55,18.74,11955.2,"","","",""
RW6,2627,4/15/2024 17:00,18.4,31549.44,"","","",""
RW6,2628,4/15/2024 17:05,18.23,10864.64,"","","",""
RW6,2629,4/15/2024 17:10,17.89,2068.48,"","","",""
RW6,2630,4/15/2024 17:15,17.59,1134.72,"","","",""
RW6,2631,4/15/2024 17:20,17.5,11842.56,"","","",""
RW6,2632,4/15/2024 17:25,17.41,16440.32,"","","",""
RW6,2633,4/15/2024 17:30,17.24,3253.76,"","","",""
RW6,2634,4/15/2024 17:35,17.16,10854.4,"","","",""
RW6,2635,4/15/2024 17:40,16.99,103.88,"","","",""
RW6,2636,4/15/2024 17:45,16.81,435.68,"","","",""
RW6,2637,4/15/2024 17:50,16.69,828.48,"","","",""
RW6,2638,4/15/2024 17:55,16.69,316.72,"","","",""
RW6,2639,4/15/2024 18:00,16.56,108.28,"","","",""
RW6,2640,4/15/2024 18:05,16.47,951.36,"","","",""
RW6,2641,4/15/2024 18:10,16.39,66.92,"","","",""
RW6,2642,4/15/2024 18:15,16.34,336.96,"","","",""
RW6,2643,4/15/2024 18:20,16.26,1146.88,"","","",""
RW6,2644,4/15/2024 18:25,16.21,1461.76,"","","",""
RW6,2645,4/15/2024 18:30,16.17,17.33,"","","",""
RW6,2646,4/15/2024 18:35,16.13,111.76,"","","",""
RW6,2647,4/15/2024 18:40,16.04,590.08,"","","",""
RW6,2648,4/15/2024 18:45,15.96,4.15,"","","",""
RW6,2649,4/15/2024 18:50,15.96,295.52,"","","",""
RW6,2650,4/15/2024 18:55,15.87,701.44,"","","",""
RW6,2651,4/15/2024 19:00,15.83,9.67,"","","",""
RW6,2652,4/15/2024 19:05,15.7,102.92,"","","",""
RW6,2653,4/15/2024 19:10,15.74,68.56,"","","",""
RW6,2654,4/15/2024 19:15,15.7,320.24,"","","",""
RW6,2655,4/15/2024 19:20,15.66,7.65,"","","",""
RW6,2656,4/15/2024 19:25,15.66,44.84,"","","",""
RW6,2657,4/15/2024 19:30,15.66,11.37,"","","",""
RW6,2658,4/15/2024 19:35,15.57,1.09,"","","",""
RW6,2659,4/15/2024 19:40,15.57,0,"","","",""
RW6,2660,4/15/2024 19:45,15.53,2.18,"","","",""
RW6,2661,4/15/2024 19:50,15.48,0.21,"","","",""
RW6,2662,4/15/2024 19:55,15.44,0,"","","",""
RW6,2663,4/15/2024 20:00,15.4,0,"","","",""
RW6,2664,4/15/2024 20:05,15.4,0,"","","",""
RW6,2665,4/15/2024 20:10,15.36,0,"","","",""
RW6,2666,4/15/2024 20:15,15.36,0,"","","",""
RW6,2667,4/15/2024 20:20,15.36,0,"","","",""
RW6,2668,4/15/2024 20:25,15.36,0,"","","",""
RW6,2669,4/15/2024 20:30,15.27,0,"","","",""
RW6,2670,4/15/2024 20:35,15.27,0,"","","",""
RW6,2671,4/15/2024 20:40,15.31,0,"","","",""
RW6,2672,4/15/2024 20:45,15.23,0,"","","",""
RW6,2673,4/15/2024 20:50,15.23,0,"","","",""
RW6,2674,4/15/2024 20:55,15.18,0,"","","",""
RW6,2675,4/15/2024 21:00,15.23,0,"","","",""
RW6,2676,4/15/2024 21:05,15.18,0,"","","",""
RW6,2677,4/15/2024 21:10,15.14,0,"","","",""
RW6,2678,4/15/2024 21:15,15.14,0,"","","",""
RW6,2679,4/15/2024 21:20,15.14,0,"","","",""
RW6,2680,4/15/2024 21:25,15.1,0,"","","",""
RW6,2681,4/15/2024 21:30,15.1,0,"","","",""
RW6,2682,4/15/2024 21:35,15.1,0,"","","",""
RW6,2683,4/15/2024 21:40,15.01,0,"","","",""
RW6,2684,4/15/2024 21:45,15.01,0,"","","",""
RW6,2685,4/15/2024 21:50,15.01,0,"","","",""
RW6,2686,4/15/2024 21:55,15.01,0,"","","",""
RW6,2687,4/15/2024 22:00,14.93,0,"","","",""
RW6,2688,4/15/2024 22:05,14.88,0,"","","",""
RW6,2689,4/15/2024 22:10,14.93,0,"","","",""
RW6,2690,4/15/2024 22:15,14.93,0,"","","",""
RW6,2691,4/15/2024 22:20,14.88,0,"","","",""
RW6,2692,4/15/2024 22:25,14.93,0,"","","",""
RW6,2693,4/15/2024 22:30,14.88,0,"","","",""
RW6,2694,4/15/2024 22:35,14.88,0,"","","",""
RW6,2695,4/15/2024 22:40,14.8,0,"","","",""
RW6,2696,4/15/2024 22:45,14.88,0,"","","",""
RW6,2697,4/15/2024 22:50,14.8,0,"","","",""
RW6,2698,4/15/2024 22:55,14.84,0,"","","",""
RW6,2699,4/15/2024 23:00,14.84,0,"","","",""
RW6,2700,4/15/2024 23:05,14.84,0,"","","",""
RW6,2701,4/15/2024 23:10,14.88,0,"","","",""
RW6,2702,4/15/2024 23:15,14.84,0,"","","",""
RW6,2703,4/15/2024 23:20,14.84,0,"","","",""
RW6,2704,4/15/2024 23:25,14.75,0,"","","",""
RW6,2705,4/15/2024 23:30,14.8,0,"","","",""
RW6,2706,4/15/2024 23:35,14.75,0,"","","",""
RW6,2707,4/15/2024 23:40,14.75,0,"","","",""
RW6,2708,4/15/2024 23:45,14.8,0,"","","",""
RW6,2709,4/15/2024 23:50,14.75,0,"","","",""
RW6,2710,4/15/2024 23:55,14.75,0,"","","",""
RW6,2711,4/16/2024 0:00,14.75,0,"","","",""
RW6,2712,4/16/2024 0:05,14.8,0,"","","",""
RW6,2713,4/16/2024 0:10,14.71,0,"","","",""
RW6,2714,4/16/2024 0:15,14.71,0,"","","",""
RW6,2715,4/16/2024 0:20,14.71,0,"","","",""
RW6,2716,4/16/2024 0:25,14.71,0,"","","",""
RW6,2717,4/16/2024 0:30,14.71,0,"","","",""
RW6,2718,4/16/2024 0:35,14.71,0,"","","",""
RW6,2719,4/16/2024 0:40,14.75,0,"","","",""
RW6,2720,4/16/2024 0:45,14.75,0,"","","",""
RW6,2721,4/16/2024 0:50,14.75,0,"","","",""
RW6,2722,4/16/2024 0:55,14.75,0,"","","",""
RW6,2723,4/16/2024 1:00,14.71,0,"","","",""
RW6,2724,4/16/2024 1:05,14.75,0,"","","",""
RW6,2725,4/16/2024 1:10,14.67,0,"","","",""
RW6,2726,4/16/2024 1:15,14.71,0,"","","",""
RW6,2727,4/16/2024 1:20,14.71,0,"","","",""
RW6,2728,4/16/2024 1:25,14.71,0,"","","",""
RW6,2729,4/16/2024 1:30,14.71,0,"","","",""
RW6,2730,4/16/2024 1:35,14.71,0,"","","",""
RW6,2731,4/16/2024 1:40,14.71,0,"","","",""
RW6,2732,4/16/2024 1:45,14.71,0,"","","",""
RW6,2733,4/16/2024 1:50,14.71,0,"","","",""
RW6,2734,4/16/2024 1:55,14.67,0,"","","",""
RW6,2735,4/16/2024 2:00,14.71,0,"","","",""
RW6,2736,4/16/2024 2:05,14.67,0,"","","",""
RW6,2737,4/16/2024 2:10,14.63,0,"","","",""
RW6,2738,4/16/2024 2:15,14.67,0,"","","",""
RW6,2739,4/16/2024 2:20,14.67,0,"","","",""
RW6,2740,4/16/2024 2:25,14.63,0,"","","",""
RW6,2741,4/16/2024 2:30,14.67,0,"","","",""
RW6,2742,4/16/2024 2:35,14.63,0,"","","",""
RW6,2743,4/16/2024 2:40,14.63,0,"","","",""
RW6,2744,4/16/2024 2:45,14.63,0,"","","",""
RW6,2745,4/16/2024 2:50,14.63,0,"","","",""
RW6,2746,4/16/2024 2:55,14.58,0,"","","",""
RW6,2747,4/16/2024 3:00,14.58,0,"","","",""
RW6,2748,4/16/2024 3:05,14.58,0,"","","",""
RW6,2749,4/16/2024 3:10,14.58,0,"","","",""
RW6,2750,4/16/2024 3:15,14.58,0,"","","",""
RW6,2751,4/16/2024 3:20,14.54,0,"","","",""
RW6,2752,4/16/2024 3:25,14.54,0,"","","",""
RW6,2753,4/16/2024 3:30,14.54,0,"","","",""
RW6,2754,4/16/2024 3:35,14.5,0,"","","",""
RW6,2755,4/16/2024 3:40,14.54,0,"","","",""
RW6,2756,4/16/2024 3:45,14.5,0,"","","",""
RW6,2757,4/16/2024 3:50,14.54,0,"","","",""
RW6,2758,4/16/2024 3:55,14.54,0,"","","",""
RW6,2759,4/16/2024 4:00,14.54,0,"","","",""
RW6,2760,4/16/2024 4:05,14.58,0,"","","",""
RW6,2761,4/16/2024 4:10,14.5,0,"","","",""
RW6,2762,4/16/2024 4:15,14.54,0,"","","",""
RW6,2763,4/16/2024 4:20,14.54,0,"","","",""
RW6,2764,4/16/2024 4:25,14.45,0,"","","",""
RW6,2765,4/16/2024 4:30,14.5,0,"","","",""
RW6,2766,4/16/2024 4:35,14.5,0,"","","",""
RW6,2767,4/16/2024 4:40,14.45,0,"","","",""
RW6,2768,4/16/2024 4:45,14.41,0,"","","",""
RW6,2769,4/16/2024 4:50,14.45,0,"","","",""
RW6,2770,4/16/2024 4:55,14.45,0,"","","",""
RW6,2771,4/16/2024 5:00,14.41,0,"","","",""
RW6,2772,4/16/2024 5:05,14.45,0,"","","",""
RW6,2773,4/16/2024 5:10,14.45,0,"","","",""
RW6,2774,4/16/2024 5:15,14.45,0,"","","",""
RW6,2775,4/16/2024 5:20,14.41,0,"","","",""
RW6,2776,4/16/2024 5:25,14.41,0,"","","",""
RW6,2777,4/16/2024 5:30,14.33,0,"","","",""
RW6,2778,4/16/2024 5:35,14.37,0,"","","",""
RW6,2779,4/16/2024 5:40,14.37,0,"","","",""
RW6,2780,4/16/2024 5:45,14.37,0,"","","",""
RW6,2781,4/16/2024 5:50,14.37,0,"","","",""
RW6,2782,4/16/2024 5:55,14.37,0,"","","",""
RW6,2783,4/16/2024 6:00,14.37,1.96,"","","",""
RW6,2784,4/16/2024 6:05,14.33,1.31,"","","",""
RW6,2785,4/16/2024 6:10,14.33,8.53,"","","",""
RW6,2786,4/16/2024 6:15,14.33,1.75,"","","",""
RW6,2787,4/16/2024 6:20,14.33,102.92,"","","",""
RW6,2788,4/16/2024 6:25,14.33,23.73,"","","",""
RW6,2789,4/16/2024 6:30,14.33,65.56,"","","",""
RW6,2790,4/16/2024 6:35,14.33,59,"","","",""
RW6,2791,4/16/2024 6:40,14.33,923.84,"","","",""
RW6,2792,4/16/2024 6:45,14.33,100.6,"","","",""
RW6,2793,4/16/2024 6:50,14.28,290,"","","",""
RW6,2794,4/16/2024 6:55,14.33,1527.68,"","","",""
RW6,2795,4/16/2024 7:00,14.37,2140.16,"","","",""
RW6,2796,4/16/2024 7:05,14.37,303.36,"","","",""
RW6,2797,4/16/2024 7:10,14.41,3729.92,"","","",""
RW6,2798,4/16/2024 7:15,14.41,1237.12,"","","",""
RW6,2799,4/16/2024 7:20,14.58,5322.24,"","","",""
RW6,2800,4/16/2024 7:25,14.8,5081.6,"","","",""
RW6,2801,4/16/2024 7:30,14.63,1230.08,"","","",""
RW6,2802,4/16/2024 7:35,14.67,347.68,"","","",""
RW6,2803,4/16/2024 7:40,14.67,294,"","","",""
RW6,2804,4/16/2024 7:45,14.93,326.08,"","","",""
RW6,2805,4/16/2024 7:50,15.14,364.32,"","","",""
RW6,2806,4/16/2024 7:55,15.48,386.72,"","","",""
RW6,2908,4/16/2024 16:25,26.04,23244.8,"","","",""
RW6,2909,4/16/2024 16:30,24.15,26644.48,"","","",""
RW6,2910,4/16/2024 16:35,23.46,27392,"","","",""
RW6,2911,4/16/2024 16:40,20.72,19302.4,"","","",""
RW6,2912,4/16/2024 16:45,19.69,58675.2,"","","",""
RW6,2913,4/16/2024 16:50,20.63,32337.92,"","","",""
RW6,2914,4/16/2024 16:55,20.33,1145.28,"","","",""
RW6,2915,4/16/2024 17:00,19.17,1340.8,"","","",""
RW6,2916,4/16/2024 17:05,19.05,23101.44,"","","",""
RW6,2917,4/16/2024 17:10,18.79,3776,"","","",""
RW6,2918,4/16/2024 17:15,18.79,29368.32,"","","",""
RW6,2919,4/16/2024 17:20,18.53,17105.92,"","","",""
RW6,2920,4/16/2024 17:25,18.32,6658.56,"","","",""
RW6,2921,4/16/2024 17:30,18.02,5849.6,"","","",""
RW6,2922,4/16/2024 17:35,17.84,5214.72,"","","",""
RW6,2923,4/16/2024 17:40,17.54,660.48,"","","",""
RW6,2924,4/16/2024 17:45,17.46,330.72,"","","",""
RW6,2925,4/16/2024 17:50,17.46,342.08,"","","",""
RW6,2926,4/16/2024 17:55,17.41,39.15,"","","",""
RW6,2927,4/16/2024 18:00,17.46,340.32,"","","",""
RW6,2928,4/16/2024 18:05,17.37,25.1,"","","",""
RW6,2929,4/16/2024 18:10,17.29,1625.6,"","","",""
RW6,2930,4/16/2024 18:15,17.24,146,"","","",""
RW6,2931,4/16/2024 18:20,17.16,7,"","","",""
RW6,2932,4/16/2024 18:25,17.07,1870.72,"","","",""
RW6,2933,4/16/2024 18:30,17.16,575.68,"","","",""
RW6,2934,4/16/2024 18:35,17.2,483.84,"","","",""
RW6,2935,4/16/2024 18:40,17.2,562.56,"","","",""
RW6,2936,4/16/2024 18:45,17.2,1786.24,"","","",""
RW6,2937,4/16/2024 18:50,17.11,396.48,"","","",""
RW6,2938,4/16/2024 18:55,17.03,698.24,"","","",""
RW6,2939,4/16/2024 19:00,17.03,342.08,"","","",""
RW6,2940,4/16/2024 19:05,16.99,168.8,"","","",""
RW6,2941,4/16/2024 19:10,16.86,13.58,"","","",""
RW6,2942,4/16/2024 19:15,16.81,391.52,"","","",""
RW6,2943,4/16/2024 19:20,16.77,69.82,"","","",""
RW6,2944,4/16/2024 19:25,16.73,84.4,"","","",""
RW6,2945,4/16/2024 19:30,16.73,9.84,"","","",""
RW6,2946,4/16/2024 19:35,16.64,28.49,"","","",""
RW6,2947,4/16/2024 19:40,16.64,0.87,"","","",""
RW6,2948,4/16/2024 19:45,16.56,2.4,"","","",""
RW6,2949,4/16/2024 19:50,16.51,0,"","","",""
RW6,2950,4/16/2024 19:55,16.47,0,"","","",""
RW6,2951,4/16/2024 20:00,16.47,0,"","","",""
RW6,2952,4/16/2024 20:05,16.43,0.21,"","","",""
RW6,2953,4/16/2024 20:10,16.43,0,"","","",""
RW6,2954,4/16/2024 20:15,16.39,0,"","","",""
RW6,2955,4/16/2024 20:20,16.34,0,"","","",""
RW6,2956,4/16/2024 20:25,16.26,0,"","","",""
RW6,2957,4/16/2024 20:30,16.3,0,"","","",""
RW6,2958,4/16/2024 20:35,16.21,0,"","","",""
RW6,2959,4/16/2024 20:40,16.21,0,"","","",""
RW6,2960,4/16/2024 20:45,16.17,0,"","","",""
RW6,2961,4/16/2024 20:50,16.13,0,"","","",""
RW6,2962,4/16/2024 20:55,16.08,0,"","","",""
RW6,2963,4/16/2024 21:00,16.13,0,"","","",""
RW6,2964,4/16/2024 21:05,16,0,"","","",""
RW6,2965,4/16/2024 21:10,16.04,0,"","","",""
RW6,2966,4/16/2024 21:15,16.04,0,"","","",""
RW6,2967,4/16/2024 21:20,15.96,0,"","","",""
RW6,2968,4/16/2024 21:25,15.91,0,"","","",""
RW6,2969,4/16/2024 21:30,15.87,0,"","","",""
RW6,2970,4/16/2024 21:35,15.91,0,"","","",""
RW6,2971,4/16/2024 21:40,15.91,0,"","","",""
RW6,2972,4/16/2024 21:45,15.83,0,"","","",""
RW6,2973,4/16/2024 21:50,15.83,0,"","","",""
RW6,2974,4/16/2024 21:55,15.74,0,"","","",""
RW6,2975,4/16/2024 22:00,15.74,0,"","","",""
RW6,2976,4/16/2024 22:05,15.74,0,"","","",""
RW6,2977,4/16/2024 22:10,15.7,0,"","","",""
RW6,2978,4/16/2024 22:15,15.66,0,"","","",""
RW6,2979,4/16/2024 22:20,15.61,0,"","","",""
RW6,2980,4/16/2024 22:25,15.66,0,"","","",""
RW6,2981,4/16/2024 22:30,15.61,0,"","","",""
RW6,2982,4/16/2024 22:35,15.61,0,"","","",""
RW6,2983,4/16/2024 22:40,15.61,0,"","","",""
RW6,2984,4/16/2024 22:45,15.57,0,"","","",""
RW6,2985,4/16/2024 22:50,15.53,0,"","","",""
RW6,2986,4/16/2024 22:55,15.44,0,"","","",""
RW6,2987,4/16/2024 23:00,15.48,0,"","","",""
RW6,2988,4/16/2024 23:05,15.31,0,"","","",""
RW6,2989,4/16/2024 23:10,15.31,0,"","","",""
RW6,2990,4/16/2024 23:15,14.97,0,"","","",""
RW6,2991,4/16/2024 23:20,15.31,0,"","","",""
RW6,2992,4/16/2024 23:25,15.06,0,"","","",""
RW6,2993,4/16/2024 23:30,15.1,0,"","","",""
RW6,2994,4/16/2024 23:35,14.63,0,"","","",""
RW6,2995,4/16/2024 23:40,14.75,0,"","","",""
RW6,2996,4/16/2024 23:45,14.33,0,"","","",""
RW6,2997,4/16/2024 23:50,14.5,0,"","","",""
RW6,2998,4/16/2024 23:55,14.54,0,"","","",""
RW6,2999,4/17/2024 0:00,14.58,0,"","","",""
RW6,3000,4/17/2024 0:05,14.15,0,"","","",""
RW6,3001,4/17/2024 0:10,14.24,0,"","","",""
RW6,3002,4/17/2024 0:15,14.07,0,"","","",""
RW6,3003,4/17/2024 0:20,14.33,0,"","","",""
RW6,3004,4/17/2024 0:25,14.37,0,"","","",""
RW6,3005,4/17/2024 0:30,14.07,0,"","","",""
RW6,3006,4/17/2024 0:35,14.2,0,"","","",""
RW6,3007,4/17/2024 0:40,14.63,0,"","","",""
RW6,3008,4/17/2024 0:45,14.45,0,"","","",""
RW6,3009,4/17/2024 0:50,14.63,0,"","","",""
RW6,3010,4/17/2024 0:55,13.94,0,"","","",""
RW6,3011,4/17/2024 1:00,14.28,0,"","","",""
RW6,3012,4/17/2024 1:05,13.6,0,"","","",""
RW6,3013,4/17/2024 1:10,13.34,0,"","","",""
RW6,3014,4/17/2024 1:15,13.73,0,"","","",""
RW6,3015,4/17/2024 1:20,13.81,0,"","","",""
RW6,3016,4/17/2024 1:25,13.77,0,"","","",""
RW6,3017,4/17/2024 1:30,13.81,0,"","","",""
RW6,3018,4/17/2024 1:35,14.07,0,"","","",""
RW6,3019,4/17/2024 1:40,14.67,0,"","","",""
RW6,3020,4/17/2024 1:45,14.97,0,"","","",""
RW6,3021,4/17/2024 1:50,14.88,0,"","","",""
RW6,3022,4/17/2024 1:55,14.84,0,"","","",""
RW6,3023,4/17/2024 2:00,14.93,0,"","","",""
RW6,3024,4/17/2024 2:05,14.8,0,"","","",""
RW6,3025,4/17/2024 2:10,14.88,0,"","","",""
RW6,3026,4/17/2024 2:15,14.84,0,"","","",""
RW6,3027,4/17/2024 2:20,14.84,0,"","","",""
RW6,3028,4/17/2024 2:25,14.88,0,"","","",""
RW6,3029,4/17/2024 2:30,14.93,0,"","","",""
RW6,3030,4/17/2024 2:35,14.88,0,"","","",""
RW6,3031,4/17/2024 2:40,14.97,0,"","","",""
RW6,3032,4/17/2024 2:45,14.88,0,"","","",""
RW6,3033,4/17/2024 2:50,14.88,0,"","","",""
RW6,3034,4/17/2024 2:55,14.88,0,"","","",""
RW6,3035,4/17/2024 3:00,14.84,0,"","","",""
RW6,3036,4/17/2024 3:05,14.84,0,"","","",""
RW6,3037,4/17/2024 3:10,14.88,0,"","","",""
RW6,3038,4/17/2024 3:15,14.88,0,"","","",""
RW6,3039,4/17/2024 3:20,14.84,0,"","","",""
RW6,3040,4/17/2024 3:25,14.88,0,"","","",""
RW6,3041,4/17/2024 3:30,14.84,0,"","","",""
RW6,3042,4/17/2024 3:35,14.84,0,"","","",""
RW6,3043,4/17/2024 3:40,14.84,0,"","","",""
RW6,3044,4/17/2024 3:45,14.8,0,"","","",""
RW6,3045,4/17/2024 3:50,14.8,0,"","","",""
RW6,3046,4/17/2024 3:55,14.8,0,"","","",""
RW6,3047,4/17/2024 4:00,14.75,0,"","","",""
RW6,3048,4/17/2024 4:05,14.75,0,"","","",""
RW6,3049,4/17/2024 4:10,14.75,0,"","","",""
RW6,3050,4/17/2024 4:15,14.75,0,"","","",""
RW6,3051,4/17/2024 4:20,14.71,0,"","","",""
RW6,3052,4/17/2024 4:25,14.75,0,"","","",""
RW6,3053,4/17/2024 4:30,14.71,0,"","","",""
RW6,3054,4/17/2024 4:35,14.67,0,"","","",""
RW6,3055,4/17/2024 4:40,14.63,0,"","","",""
RW6,3056,4/17/2024 4:45,14.67,0,"","","",""
RW6,3057,4/17/2024 4:50,14.63,0,"","","",""
RW6,3058,4/17/2024 4:55,14.54,0,"","","",""
RW6,3059,4/17/2024 5:00,14.54,0,"","","",""
RW6,3060,4/17/2024 5:05,14.54,0,"","","",""
RW6,3061,4/17/2024 5:10,14.5,0,"","","",""
RW6,3062,4/17/2024 5:15,14.5,0,"","","",""
RW6,3063,4/17/2024 5:20,14.54,0,"","","",""
RW6,3064,4/17/2024 5:25,14.5,0,"","","",""
RW6,3065,4/17/2024 5:30,14.54,0,"","","",""
RW6,3066,4/17/2024 5:35,14.54,0,"","","",""
RW6,3067,4/17/2024 5:40,14.5,0,"","","",""
RW6,3068,4/17/2024 5:45,14.5,0,"","","",""
RW6,3069,4/17/2024 5:50,14.5,0,"","","",""
RW6,3070,4/17/2024 5:55,14.45,1.53,"","","",""
RW6,3071,4/17/2024 6:00,14.45,1.09,"","","",""
RW6,3072,4/17/2024 6:05,14.41,1.09,"","","",""
RW6,3073,4/17/2024 6:10,14.45,4.37,"","","",""
RW6,3074,4/17/2024 6:15,14.45,1.53,"","","",""
RW6,3075,4/17/2024 6:20,14.45,132.76,"","","",""
RW6,3076,4/17/2024 6:25,14.45,130.04,"","","",""
RW6,3077,4/17/2024 6:30,14.45,6.56,"","","",""
RW6,3078,4/17/2024 6:35,14.45,3.5,"","","",""
RW6,3079,4/17/2024 6:40,14.41,388.48,"","","",""
RW6,3080,4/17/2024 6:45,14.45,19.79,"","","",""
RW6,3081,4/17/2024 6:50,14.37,59.7,"","","",""
RW6,3082,4/17/2024 6:55,14.41,685.76,"","","",""
RW6,3083,4/17/2024 7:00,14.45,7,"","","",""
RW6,3084,4/17/2024 7:05,14.45,65.24,"","","",""
RW6,3085,4/17/2024 7:10,14.45,890.56,"","","",""
RW6,3086,4/17/2024 7:15,14.45,810.88,"","","",""
RW6,3087,4/17/2024 7:20,14.5,1788.16,"","","",""
RW6,3088,4/17/2024 7:25,14.5,3100.16,"","","",""
RW6,3089,4/17/2024 7:30,14.5,1536,"","","",""
RW6,3090,4/17/2024 7:35,14.5,85.52,"","","",""
RW6,3091,4/17/2024 7:40,14.45,3299.84,"","","",""
RW6,3092,4/17/2024 7:45,14.54,1219.52,"","","",""
RW6,3093,4/17/2024 7:50,14.5,1152.32,"","","",""
RW6,3094,4/17/2024 7:55,14.54,3056.64,"","","",""
RW6,3095,4/17/2024 8:00,14.58,1025.28,"","","",""
RW6,3096,4/17/2024 8:05,14.54,274.24,"","","",""
RW6,3097,4/17/2024 8:10,14.54,112.4,"","","",""
RW6,3098,4/17/2024 8:15,14.63,2364.16,"","","",""
RW6,3099,4/17/2024 8:20,14.75,2526.72,"","","",""
RW6,3100,4/17/2024 8:25,14.88,11765.76,"","","",""
RW6,3101,4/17/2024 8:30,15.18,2232.96,"","","",""
RW6,3102,4/17/2024 8:35,15.4,7769.6,"","","",""
RW6,3103,4/17/2024 8:40,15.31,13829.12,"","","",""
RW6,3104,4/17/2024 8:45,15.36,14515.2,"","","",""
RW6,3105,4/17/2024 8:50,16.39,15385.6,"","","",""
RW6,3106,4/17/2024 8:55,16.3,16286.72,"","","",""
RW6,3199,4/17/2024 16:40,22.69,42147.84,"","","",""
RW6,3200,4/17/2024 16:45,22.99,49438.72,"","","",""
RW6,3201,4/17/2024 16:50,22.22,34723.84,"","","",""
RW6,3202,4/17/2024 16:55,21.36,44584.96,"","","",""
RW6,3203,4/17/2024 17:00,18.92,32675.84,"","","",""
RW6,3204,4/17/2024 17:05,18.7,14187.52,"","","",""
RW6,3205,4/17/2024 17:10,18.83,25948.16,"","","",""
RW6,3206,4/17/2024 17:15,18.62,12211.2,"","","",""
RW6,3207,4/17/2024 17:20,17.89,6026.24,"","","",""
RW6,3208,4/17/2024 17:25,17.29,19266.56,"","","",""
RW6,3209,4/17/2024 17:30,17.11,5532.16,"","","",""
RW6,3210,4/17/2024 17:35,17.24,23439.36,"","","",""
RW6,3211,4/17/2024 17:40,16.77,214.32,"","","",""
RW6,3212,4/17/2024 17:45,16.56,928.32,"","","",""
RW6,3213,4/17/2024 17:50,16.47,3212.8,"","","",""
RW6,3214,4/17/2024 17:55,16.56,414.72,"","","",""
RW6,3215,4/17/2024 18:00,16.51,949.76,"","","",""
RW6,3216,4/17/2024 18:05,16.47,1131.2,"","","",""
RW6,3217,4/17/2024 18:10,16.47,336.32,"","","",""
RW6,3218,4/17/2024 18:15,16.43,141.72,"","","",""
RW6,3219,4/17/2024 18:20,16.43,827.2,"","","",""
RW6,3220,4/17/2024 18:25,16.39,120.64,"","","",""
RW6,3221,4/17/2024 18:30,16.34,107.4,"","","",""
RW6,3222,4/17/2024 18:35,16.3,873.92,"","","",""
RW6,3223,4/17/2024 18:40,16.26,1895.04,"","","",""
RW6,3224,4/17/2024 18:45,16.26,1174.08,"","","",""
RW6,3225,4/17/2024 18:50,16.26,390.56,"","","",""
RW6,3226,4/17/2024 18:55,16.17,239.28,"","","",""
RW6,3227,4/17/2024 19:00,16.13,71.2,"","","",""
RW6,3228,4/17/2024 19:05,16.17,302.48,"","","",""
RW6,3229,4/17/2024 19:10,16.08,27.67,"","","",""
RW6,3230,4/17/2024 19:15,16.13,233.12,"","","",""
RW6,3231,4/17/2024 19:20,16.08,1.09,"","","",""
RW6,3232,4/17/2024 19:25,16.04,42.98,"","","",""
RW6,3233,4/17/2024 19:30,16.04,42.16,"","","",""
RW6,3234,4/17/2024 19:35,16,1.09,"","","",""
RW6,3235,4/17/2024 19:40,15.96,8.96,"","","",""
RW6,3236,4/17/2024 19:45,16,2.18,"","","",""
RW6,3237,4/17/2024 19:50,15.87,0.65,"","","",""
RW6,3238,4/17/2024 19:55,15.87,0,"","","",""
RW6,3239,4/17/2024 20:00,15.78,0,"","","",""
RW6,3240,4/17/2024 20:05,15.78,0,"","","",""
RW6,3241,4/17/2024 20:10,15.78,0,"","","",""
RW6,3242,4/17/2024 20:15,15.74,0,"","","",""
RW6,3243,4/17/2024 20:20,15.78,0,"","","",""
RW6,3244,4/17/2024 20:25,15.78,0,"","","",""
RW6,3245,4/17/2024 20:30,15.74,0,"","","",""
RW6,3246,4/17/2024 20:35,15.7,0,"","","",""
RW6,3247,4/17/2024 20:40,15.7,0,"","","",""
RW6,3248,4/17/2024 20:45,15.74,0,"","","",""
RW6,3249,4/17/2024 20:50,15.7,0,"","","",""
RW6,3250,4/17/2024 20:55,15.66,0,"","","",""
RW6,3251,4/17/2024 21:00,15.66,0,"","","",""
RW6,3252,4/17/2024 21:05,15.66,0,"","","",""
RW6,3253,4/17/2024 21:10,15.57,0,"","","",""
RW6,3254,4/17/2024 21:15,15.57,0,"","","",""
RW6,3255,4/17/2024 21:20,15.53,0,"","","",""
RW6,3256,4/17/2024 21:25,15.48,0,"","","",""
RW6,3257,4/17/2024 21:30,15.48,0,"","","",""
RW6,3258,4/17/2024 21:35,15.44,0,"","","",""
RW6,3259,4/17/2024 21:40,15.44,0,"","","",""
RW6,3260,4/17/2024 21:45,15.4,0,"","","",""
RW6,3261,4/17/2024 21:50,15.4,0,"","","",""
RW6,3262,4/17/2024 21:55,15.36,0,"","","",""
RW6,3263,4/17/2024 22:00,15.36,0,"","","",""
RW6,3264,4/17/2024 22:05,15.31,0,"","","",""
RW6,3265,4/17/2024 22:10,15.31,0,"","","",""
RW6,3266,4/17/2024 22:15,15.27,0,"","","",""
RW6,3267,4/17/2024 22:20,15.23,0,"","","",""
RW6,3268,4/17/2024 22:25,15.27,0,"","","",""
RW6,3269,4/17/2024 22:30,15.18,0,"","","",""
RW6,3270,4/17/2024 22:35,15.18,0,"","","",""
RW6,3271,4/17/2024 22:40,15.23,0,"","","",""
RW6,3272,4/17/2024 22:45,15.18,0,"","","",""
RW6,3273,4/17/2024 22:50,15.14,0,"","","",""
RW6,3274,4/17/2024 22:55,15.1,0,"","","",""
RW6,3275,4/17/2024 23:00,14.88,0,"","","",""
RW6,3276,4/17/2024 23:05,14.97,0,"","","",""
RW6,3277,4/17/2024 23:10,14.97,0,"","","",""
RW6,3278,4/17/2024 23:15,14.93,0,"","","",""
RW6,3279,4/17/2024 23:20,14.93,0,"","","",""
RW6,3280,4/17/2024 23:25,14.75,0,"","","",""
RW6,3281,4/17/2024 23:30,13.6,0,"","","",""
RW6,3322,4/18/2024 2:55,13.43,0,"","","",""
RW6,3323,4/18/2024 3:00,13.9,0.21,"","","",""
RW6,3324,4/18/2024 3:05,13.9,0,"","","",""
RW6,3325,4/18/2024 3:10,14.11,0,"","","",""
RW6,3326,4/18/2024 3:15,13.9,0,"","","",""
RW6,3327,4/18/2024 3:20,14.28,0,"","","",""
RW6,3328,4/18/2024 3:25,14.33,0,"","","",""
RW6,3329,4/18/2024 3:30,14.5,0,"","","",""
RW6,3330,4/18/2024 3:35,14.45,0,"","","",""
RW6,3331,4/18/2024 3:40,14.45,0,"","","",""
RW6,3332,4/18/2024 3:45,14.5,0,"","","",""
RW6,3333,4/18/2024 3:50,14.45,0,"","","",""
RW6,3334,4/18/2024 3:55,14.54,0,"","","",""
RW6,3335,4/18/2024 4:00,14.45,0,"","","",""
RW6,3336,4/18/2024 4:05,14.5,0,"","","",""
RW6,3337,4/18/2024 4:10,14.5,0,"","","",""
RW6,3338,4/18/2024 4:15,14.5,0,"","","",""
RW6,3339,4/18/2024 4:20,14.5,0,"","","",""
RW6,3340,4/18/2024 4:25,14.45,0,"","","",""
RW6,3341,4/18/2024 4:30,14.41,0,"","","",""
RW6,3342,4/18/2024 4:35,14.45,0,"","","",""
RW6,3343,4/18/2024 4:40,14.41,0,"","","",""
RW6,3344,4/18/2024 4:45,14.41,0,"","","",""
RW6,3345,4/18/2024 4:50,14.45,0,"","","",""
RW6,3346,4/18/2024 4:55,14.45,0,"","","",""
RW6,3347,4/18/2024 5:00,14.45,0,"","","",""
RW6,3348,4/18/2024 5:05,14.37,0,"","","",""
RW6,3349,4/18/2024 5:10,14.37,0,"","","",""
RW6,3350,4/18/2024 5:15,14.37,0,"","","",""
RW6,3351,4/18/2024 5:20,14.37,0,"","","",""
RW6,3352,4/18/2024 5:25,14.37,0,"","","",""
RW6,3353,4/18/2024 5:30,14.33,0,"","","",""
RW6,3354,4/18/2024 5:35,14.33,0,"","","",""
RW6,3355,4/18/2024 5:40,14.33,0,"","","",""
RW6,3356,4/18/2024 5:45,14.33,0,"","","",""
RW6,3357,4/18/2024 5:50,14.33,0,"","","",""
RW6,3358,4/18/2024 5:55,14.28,0,"","","",""
RW6,3359,4/18/2024 6:00,14.28,2.62,"","","",""
RW6,3360,4/18/2024 6:05,14.33,9.84,"","","",""
RW6,3361,4/18/2024 6:10,14.28,15.12,"","","",""
RW6,3362,4/18/2024 6:15,14.28,46.52,"","","",""
RW6,3363,4/18/2024 6:20,14.28,26.79,"","","",""
RW6,3364,4/18/2024 6:25,14.24,540.64,"","","",""
RW6,3365,4/18/2024 6:30,14.28,67.04,"","","",""
RW6,3366,4/18/2024 6:35,14.28,307.12,"","","",""
RW6,3367,4/18/2024 6:40,14.28,224.4,"","","",""
RW6,3368,4/18/2024 6:45,14.28,211.04,"","","",""
RW6,3369,4/18/2024 6:50,14.28,636.96,"","","",""
RW6,3370,4/18/2024 6:55,14.28,1831.68,"","","",""
RW6,3371,4/18/2024 7:00,14.28,1568,"","","",""
RW6,3372,4/18/2024 7:05,14.33,1801.6,"","","",""
RW6,3373,4/18/2024 7:10,14.28,339.68,"","","",""
RW6,3374,4/18/2024 7:15,14.28,4682.24,"","","",""
RW6,3375,4/18/2024 7:20,14.28,164.64,"","","",""
RW6,3376,4/18/2024 7:25,14.33,1504,"","","",""
RW6,3377,4/18/2024 7:30,14.24,951.04,"","","",""
RW6,3378,4/18/2024 7:35,14.28,82.88,"","","",""
RW6,3379,4/18/2024 7:40,14.33,213.92,"","","",""
RW6,3380,4/18/2024 7:45,14.24,480.32,"","","",""
RW6,3381,4/18/2024 7:50,14.33,20.28,"","","",""
RW6,3382,4/18/2024 7:55,14.37,1686.4,"","","",""
RW6,3383,4/18/2024 8:00,14.33,84.76,"","","",""
RW6,3384,4/18/2024 8:05,14.33,1754.88,"","","",""
RW6,3385,4/18/2024 8:10,14.37,8056.32,"","","",""
RW6,3386,4/18/2024 8:15,14.33,7831.04,"","","",""
RW6,3387,4/18/2024 8:20,14.33,111.56,"","","",""
RW6,3388,4/18/2024 8:25,14.33,7431.68,"","","",""
RW6,3389,4/18/2024 8:30,14.33,2540.8,"","","",""
RW6,3390,4/18/2024 8:35,14.37,242.32,"","","",""
RW6,3391,4/18/2024 8:40,14.41,11392,"","","",""
RW6,3392,4/18/2024 8:45,14.45,11765.76,"","","",""
RW6,3393,4/18/2024 8:50,14.54,10685.44,"","","",""
RW6,3394,4/18/2024 8:55,14.5,1804.16,"","","",""
RW6,3395,4/18/2024 9:00,14.58,3877.12,"","","",""
RW6,3396,4/18/2024 9:05,14.63,1233.6,"","","",""
RW6,3397,4/18/2024 9:10,14.58,2019.2,"","","",""
RW6,3398,4/18/2024 9:15,14.71,4094.72,"","","",""
RW6,3399,4/18/2024 9:20,15.06,10280.96,"","","",""
RW6,3400,4/18/2024 9:25,14.93,1109.44,"","","",""
RW6,3401,4/18/2024 9:30,15.18,1559.68,"","","",""
RW6,3402,4/18/2024 9:35,16.26,18672.64,"","","",""
RW6,3403,4/18/2024 9:40,15.66,1247.68,"","","",""
RW6,3404,4/18/2024 9:45,17.72,3420.16,"","","",""
RW6,3405,4/18/2024 9:50,18.79,3287.04,"","","",""
RW6,3406,4/18/2024 9:55,19.09,3808,"","","",""
RW6,3492,4/18/2024 17:05,22.73,37365.76,"","","",""
RW6,3493,4/18/2024 17:10,22.91,41216,"","","",""
RW6,3494,4/18/2024 17:15,21.1,37529.6,"","","",""
RW6,3495,4/18/2024 17:20,18.74,26234.88,"","","",""
RW6,3496,4/18/2024 17:25,18.44,3274.24,"","","",""
RW6,3497,4/18/2024 17:30,20.25,36382.72,"","","",""
RW6,3498,4/18/2024 17:35,18.36,10434.56,"","","",""
RW6,3499,4/18/2024 17:40,17.29,2667.52,"","","",""
RW6,3500,4/18/2024 17:45,16.99,1324.16,"","","",""
RW6,3501,4/18/2024 17:50,16.73,205.68,"","","",""
RW6,3502,4/18/2024 17:55,16.56,33.03,"","","",""
RW6,3503,4/18/2024 18:00,16.51,158.36,"","","",""
RW6,3504,4/18/2024 18:05,16.51,2883.84,"","","",""
RW6,3505,4/18/2024 18:10,16.43,1133.44,"","","",""
RW6,3506,4/18/2024 18:15,16.43,101.92,"","","",""
RW6,3507,4/18/2024 18:20,16.39,164.48,"","","",""
RW6,3508,4/18/2024 18:25,16.39,724.48,"","","",""
RW6,3509,4/18/2024 18:30,16.39,466.72,"","","",""
RW6,3510,4/18/2024 18:35,16.34,383.2,"","","",""
RW6,3511,4/18/2024 18:40,16.3,740.16,"","","",""
RW6,3512,4/18/2024 18:45,16.34,45.7,"","","",""
RW6,3513,4/18/2024 18:50,16.3,483.36,"","","",""
RW6,3514,4/18/2024 18:55,16.26,949.12,"","","",""
RW6,3515,4/18/2024 19:00,16.3,545.12,"","","",""
RW6,3516,4/18/2024 19:05,16.26,346.4,"","","",""
RW6,3517,4/18/2024 19:10,16.21,270.8,"","","",""
RW6,3518,4/18/2024 19:15,16.13,10.52,"","","",""
RW6,3519,4/18/2024 19:20,16.13,24.99,"","","",""
RW6,3520,4/18/2024 19:25,16.08,98.4,"","","",""
RW6,3521,4/18/2024 19:30,16,5.25,"","","",""
RW6,3522,4/18/2024 19:35,15.96,1.96,"","","",""
RW6,3523,4/18/2024 19:40,15.91,5.03,"","","",""
RW6,3524,4/18/2024 19:45,15.87,4.81,"","","",""
RW6,3525,4/18/2024 19:50,15.87,0.43,"","","",""
RW6,3526,4/18/2024 19:55,15.78,0.21,"","","",""
RW6,3527,4/18/2024 20:00,15.78,0,"","","",""
RW6,3528,4/18/2024 20:05,15.78,0,"","","",""
RW6,3529,4/18/2024 20:10,15.74,0,"","","",""
RW6,3530,4/18/2024 20:15,15.7,0,"","","",""
RW6,3531,4/18/2024 20:20,15.7,0,"","","",""
RW6,3532,4/18/2024 20:25,15.7,0,"","","",""
RW6,3533,4/18/2024 20:30,15.61,0,"","","",""
RW6,3534,4/18/2024 20:35,15.66,0,"","","",""
RW6,3535,4/18/2024 20:40,15.57,0,"","","",""
RW6,3536,4/18/2024 20:45,15.61,0,"","","",""
RW6,3537,4/18/2024 20:50,15.57,0,"","","",""
RW6,3538,4/18/2024 20:55,15.57,0,"","","",""
RW6,3539,4/18/2024 21:00,15.48,0,"","","",""
RW6,3540,4/18/2024 21:05,15.48,0,"","","",""
RW6,3541,4/18/2024 21:10,15.44,0,"","","",""
RW6,3542,4/18/2024 21:15,15.48,0,"","","",""
RW6,3543,4/18/2024 21:20,15.44,0,"","","",""
RW6,3544,4/18/2024 21:25,15.4,0,"","","",""
RW6,3545,4/18/2024 21:30,15.31,0,"","","",""
RW6,3546,4/18/2024 21:35,15.4,0,"","","",""
RW6,3547,4/18/2024 21:40,15.31,0,"","","",""
RW6,3548,4/18/2024 21:45,15.31,0,"","","",""
RW6,3549,4/18/2024 21:50,15.27,0,"","","",""
RW6,3550,4/18/2024 21:55,15.31,0,"","","",""
RW6,3551,4/18/2024 22:00,15.27,0,"","","",""
RW6,3552,4/18/2024 22:05,15.27,0,"","","",""
RW6,3553,4/18/2024 22:10,15.23,0,"","","",""
RW6,3554,4/18/2024 22:15,15.23,0,"","","",""
RW6,3555,4/18/2024 22:20,15.27,0,"","","",""
RW6,3556,4/18/2024 22:25,15.23,0,"","","",""
RW6,3557,4/18/2024 22:30,15.18,0,"","","",""
RW6,3558,4/18/2024 22:35,15.18,0,"","","",""
RW6,3559,4/18/2024 22:40,15.18,0,"","","",""
RW6,3560,4/18/2024 22:45,15.14,0,"","","",""
RW6,3561,4/18/2024 22:50,15.14,0,"","","",""
RW6,3562,4/18/2024 22:55,15.06,0,"","","",""
RW6,3563,4/18/2024 23:00,15.1,0,"","","",""
RW6,3564,4/18/2024 23:05,14.97,0,"","","",""
RW6,3565,4/18/2024 23:10,15.06,0,"","","",""
RW6,3566,4/18/2024 23:15,15.1,0,"","","",""
RW6,3567,4/18/2024 23:20,14.97,0,"","","",""
RW6,3568,4/18/2024 23:25,15.01,0,"","","",""
RW6,3569,4/18/2024 23:30,15.01,0,"","","",""
RW6,3624,4/19/2024 4:05,14.15,0,"","","",""
RW6,3625,4/19/2024 4:10,14.45,0,"","","",""
RW6,3626,4/19/2024 4:15,14.45,0,"","","",""
RW6,3627,4/19/2024 4:20,14.37,0,"","","",""
RW6,3628,4/19/2024 4:25,14.54,0,"","","",""
RW6,3629,4/19/2024 4:30,14.63,0,"","","",""
RW6,3630,4/19/2024 4:35,14.67,0,"","","",""
RW6,3631,4/19/2024 4:40,14.67,0,"","","",""
RW6,3632,4/19/2024 4:45,14.67,0,"","","",""
RW6,3633,4/19/2024 4:50,14.67,0,"","","",""
RW6,3634,4/19/2024 4:55,14.63,0,"","","",""
RW6,3635,4/19/2024 5:00,14.67,0,"","","",""
RW6,3636,4/19/2024 5:05,14.63,0,"","","",""
RW6,3637,4/19/2024 5:10,14.67,0,"","","",""
RW6,3638,4/19/2024 5:15,14.63,0,"","","",""
RW6,3639,4/19/2024 5:20,14.63,0,"","","",""
RW6,3640,4/19/2024 5:25,14.67,0,"","","",""
RW6,3641,4/19/2024 5:30,14.63,0,"","","",""
RW6,3642,4/19/2024 5:35,14.67,0,"","","",""
RW6,3643,4/19/2024 5:40,14.63,0,"","","",""
RW6,3644,4/19/2024 5:45,14.58,0,"","","",""
RW6,3645,4/19/2024 5:50,14.63,0,"","","",""
RW6,3646,4/19/2024 5:55,14.67,0,"","","",""
RW6,3647,4/19/2024 6:00,14.58,0,"","","",""
RW6,3648,4/19/2024 6:05,14.63,8.53,"","","",""
RW6,3649,4/19/2024 6:10,14.67,22.8,"","","",""
RW6,3650,4/19/2024 6:15,14.63,44.34,"","","",""
RW6,3651,4/19/2024 6:20,14.63,112.52,"","","",""
RW6,3652,4/19/2024 6:25,14.63,140.64,"","","",""
RW6,3653,4/19/2024 6:30,14.63,2.62,"","","",""
RW6,3654,4/19/2024 6:35,14.63,57.14,"","","",""
RW6,3655,4/19/2024 6:40,14.63,520.48,"","","",""
RW6,3656,4/19/2024 6:45,14.63,243.68,"","","",""
RW6,3657,4/19/2024 6:50,14.63,16.73,"","","",""
RW6,3658,4/19/2024 6:55,14.63,12.68,"","","",""
RW6,3659,4/19/2024 7:00,14.63,93.28,"","","",""
RW6,3660,4/19/2024 7:05,14.63,101.04,"","","",""
RW6,3661,4/19/2024 7:10,14.58,1294.08,"","","",""
RW6,3662,4/19/2024 7:15,14.63,202.32,"","","",""
RW6,3663,4/19/2024 7:20,14.58,1563.52,"","","",""
RW6,3664,4/19/2024 7:25,14.58,776.96,"","","",""
RW6,3665,4/19/2024 7:30,14.58,295.52,"","","",""
RW6,3666,4/19/2024 7:35,14.58,389.76,"","","",""
RW6,3667,4/19/2024 7:40,14.63,460.16,"","","",""
RW6,3668,4/19/2024 7:45,14.63,47.3,"","","",""
RW6,3669,4/19/2024 7:50,14.63,537.6,"","","",""
RW6,3670,4/19/2024 7:55,14.63,3965.44,"","","",""
RW6,3671,4/19/2024 8:00,14.63,3179.52,"","","",""
RW6,3672,4/19/2024 8:05,14.63,77.42,"","","",""
RW6,3673,4/19/2024 8:10,14.67,46.2,"","","",""
RW6,3674,4/19/2024 8:15,14.67,59.44,"","","",""
RW6,3675,4/19/2024 8:20,14.67,5200.64,"","","",""
RW6,3676,4/19/2024 8:25,14.67,3052.8,"","","",""
RW6,3677,4/19/2024 8:30,14.63,228.8,"","","",""
RW6,3678,4/19/2024 8:35,14.67,320.24,"","","",""
RW6,3679,4/19/2024 8:40,14.67,31.33,"","","",""
RW6,3680,4/19/2024 8:45,14.71,2786.56,"","","",""
RW6,3681,4/19/2024 8:50,14.75,1066.56,"","","",""
RW6,3682,4/19/2024 8:55,14.75,241.68,"","","",""
RW6,3683,4/19/2024 9:00,14.8,4954.88,"","","",""
RW6,3684,4/19/2024 9:05,14.75,785.6,"","","",""
RW6,3685,4/19/2024 9:10,14.84,3096.32,"","","",""
RW6,3686,4/19/2024 9:15,14.88,832,"","","",""
RW6,3687,4/19/2024 9:20,14.88,452.8,"","","",""
RW6,3688,4/19/2024 9:25,14.84,913.28,"","","",""
RW6,3689,4/19/2024 9:30,14.88,971.2,"","","",""
RW6,3690,4/19/2024 9:35,14.93,605.44,"","","",""
RW6,3691,4/19/2024 9:40,15.01,676.8,"","","",""
RW6,3692,4/19/2024 9:45,15.06,5263.36,"","","",""
RW6,3693,4/19/2024 9:50,15.1,1950.72,"","","",""
RW6,3694,4/19/2024 9:55,15.4,8209.92,"","","",""
RW6,3695,4/19/2024 10:00,15.48,27535.36,"","","",""
RW6,3696,4/19/2024 10:05,15.61,9776.64,"","","",""
RW6,3697,4/19/2024 10:10,16.26,22292.48,"","","",""
RW6,3698,4/19/2024 10:15,16.73,47759.36,"","","",""
RW6,3699,4/19/2024 10:20,20.59,54640.64,"","","",""
RW6,3700,4/19/2024 10:25,19.39,29224.96,"","","",""
RW6,3701,4/19/2024 10:30,20.5,52858.88,"","","",""
RW6,3702,4/19/2024 10:35,23.85,61849.6,"","","",""
RW6,3783,4/19/2024 17:20,27.15,49766.4,"","","",""
RW6,3784,4/19/2024 17:25,25.48,46858.24,"","","",""
RW6,3785,4/19/2024 17:30,22.26,41502.72,"","","",""
RW6,3786,4/19/2024 17:35,19.69,13347.84,"","","",""
RW6,3787,4/19/2024 17:40,17.84,4881.92,"","","",""
RW6,3788,4/19/2024 17:45,17.5,4241.92,"","","",""
RW6,3789,4/19/2024 17:50,17.41,425.12,"","","",""
RW6,3790,4/19/2024 17:55,17.33,57.08,"","","",""
RW6,3791,4/19/2024 18:00,17.24,1960.32,"","","",""
RW6,3792,4/19/2024 18:05,17.07,114.48,"","","",""
RW6,3793,4/19/2024 18:10,16.94,2673.92,"","","",""
RW6,3794,4/19/2024 18:15,16.86,1596.8,"","","",""
RW6,3795,4/19/2024 18:20,16.9,853.12,"","","",""
RW6,3796,4/19/2024 18:25,16.81,994.56,"","","",""
RW6,3797,4/19/2024 18:30,16.77,42.32,"","","",""
RW6,3798,4/19/2024 18:35,16.77,1975.68,"","","",""
RW6,3799,4/19/2024 18:40,16.73,1633.92,"","","",""
RW6,3800,4/19/2024 18:45,16.77,88.8,"","","",""
RW6,3801,4/19/2024 18:50,16.81,755.52,"","","",""
RW6,3802,4/19/2024 18:55,16.81,159.12,"","","",""
RW6,3803,4/19/2024 19:00,16.77,246.24,"","","",""
RW6,3804,4/19/2024 19:05,16.77,204.08,"","","",""
RW6,3805,4/19/2024 19:10,16.73,406.4,"","","",""
RW6,3806,4/19/2024 19:15,16.69,94.92,"","","",""
RW6,3807,4/19/2024 19:20,16.64,4.15,"","","",""
RW6,3808,4/19/2024 19:25,16.6,99.28,"","","",""
RW6,3809,4/19/2024 19:30,16.6,39.53,"","","",""
RW6,3810,4/19/2024 19:35,16.6,32.92,"","","",""
RW6,3811,4/19/2024 19:40,16.51,2.84,"","","",""
RW6,3812,4/19/2024 19:45,16.51,6.78,"","","",""
RW6,3813,4/19/2024 19:50,16.47,0,"","","",""
RW6,3814,4/19/2024 19:55,16.47,0,"","","",""
RW6,3815,4/19/2024 20:00,16.51,0,"","","",""
RW6,3816,4/19/2024 20:05,16.51,0,"","","",""
RW6,3817,4/19/2024 20:10,16.47,0,"","","",""
RW6,3818,4/19/2024 20:15,16.47,0,"","","",""
RW6,3819,4/19/2024 20:20,16.39,0,"","","",""
RW6,3820,4/19/2024 20:25,16.39,0,"","","",""
RW6,3821,4/19/2024 20:30,16.34,0,"","","",""
RW6,3822,4/19/2024 20:35,16.34,0,"","","",""
RW6,3823,4/19/2024 20:40,16.21,0,"","","",""
RW6,3824,4/19/2024 20:45,16.21,0,"","","",""
RW6,3825,4/19/2024 20:50,16.17,0,"","","",""
RW6,3826,4/19/2024 20:55,16.17,0,"","","",""
RW6,3827,4/19/2024 21:00,16.08,0,"","","",""
RW6,3828,4/19/2024 21:05,16.04,0,"","","",""
RW6,3829,4/19/2024 21:10,16.04,0,"","","",""
RW6,3830,4/19/2024 21:15,16.04,0,"","","",""
RW6,3831,4/19/2024 21:20,16,0,"","","",""
RW6,3832,4/19/2024 21:25,15.96,0,"","","",""
RW6,3833,4/19/2024 21:30,15.91,0,"","","",""
RW6,3834,4/19/2024 21:35,15.91,0,"","","",""
RW6,3835,4/19/2024 21:40,15.91,0,"","","",""
RW6,3836,4/19/2024 21:45,15.91,0,"","","",""
RW6,3837,4/19/2024 21:50,15.83,0,"","","",""
RW6,3838,4/19/2024 21:55,15.78,0,"","","",""
RW6,3839,4/19/2024 22:00,15.74,0,"","","",""
RW6,3840,4/19/2024 22:05,15.7,0,"","","",""
RW6,3841,4/19/2024 22:10,15.7,0,"","","",""
RW6,3842,4/19/2024 22:15,15.7,0,"","","",""
RW6,3843,4/19/2024 22:20,15.61,0,"","","",""
RW6,3844,4/19/2024 22:25,15.57,0,"","","",""
RW6,3845,4/19/2024 22:30,15.57,0,"","","",""
RW6,3846,4/19/2024 22:35,15.57,0,"","","",""
RW6,3847,4/19/2024 22:40,15.57,0,"","","",""
RW6,3848,4/19/2024 22:45,15.53,0,"","","",""
RW6,3849,4/19/2024 22:50,15.48,0,"","","",""
RW6,3850,4/19/2024 22:55,15.4,0,"","","",""
RW6,3851,4/19/2024 23:00,15.4,0,"","","",""
RW6,3852,4/19/2024 23:05,15.4,0,"","","",""
RW6,3853,4/19/2024 23:10,15.31,0,"","","",""
RW6,3854,4/19/2024 23:15,15.36,0,"","","",""
RW6,3855,4/19/2024 23:20,15.23,0,"","","",""
RW6,3856,4/19/2024 23:25,14.63,0,"","","",""
RW6,3857,4/19/2024 23:30,14.41,0,"","","",""
RW6,3858,4/19/2024 23:35,14.07,0,"","","",""
RW6,3925,4/20/2024 5:10,13.9,0,"","","",""
RW6,3926,4/20/2024 5:15,13.94,0,"","","",""
RW6,3927,4/20/2024 5:20,14.11,0,"","","",""
RW6,3928,4/20/2024 5:25,14.33,0,"","","",""
RW6,3929,4/20/2024 5:30,14.45,0,"","","",""
RW6,3930,4/20/2024 5:35,14.5,0,"","","",""
RW6,3931,4/20/2024 5:40,14.5,0,"","","",""
RW6,3932,4/20/2024 5:45,14.5,0,"","","",""
RW6,3933,4/20/2024 5:50,14.5,0.21,"","","",""
RW6,3934,4/20/2024 5:55,14.45,0,"","","",""
RW6,3935,4/20/2024 6:00,14.45,8.31,"","","",""
RW6,3936,4/20/2024 6:05,14.41,0.21,"","","",""
RW6,3937,4/20/2024 6:10,14.41,5.25,"","","",""
RW6,3938,4/20/2024 6:15,14.45,3.5,"","","",""
RW6,3939,4/20/2024 6:20,14.41,19.08,"","","",""
RW6,3940,4/20/2024 6:25,14.41,16.67,"","","",""
RW6,3941,4/20/2024 6:30,14.41,141.52,"","","",""
RW6,3942,4/20/2024 6:35,14.41,36.85,"","","",""
RW6,3943,4/20/2024 6:40,14.41,246.24,"","","",""
RW6,3944,4/20/2024 6:45,14.41,243.68,"","","",""
RW6,3945,4/20/2024 6:50,14.37,404.64,"","","",""
RW6,3946,4/20/2024 6:55,14.41,333.28,"","","",""
RW6,3947,4/20/2024 7:00,14.41,179.52,"","","",""
RW6,3948,4/20/2024 7:05,14.45,155.72,"","","",""
RW6,3949,4/20/2024 7:10,14.45,226.16,"","","",""
RW6,3950,4/20/2024 7:15,14.45,22.03,"","","",""
RW6,3951,4/20/2024 7:20,14.45,391.04,"","","",""
RW6,3952,4/20/2024 7:25,14.41,408.16,"","","",""
RW6,3953,4/20/2024 7:30,14.37,154.08,"","","",""
RW6,3954,4/20/2024 7:35,14.41,688.96,"","","",""
RW6,3955,4/20/2024 7:40,14.45,1694.72,"","","",""
RW6,3956,4/20/2024 7:45,14.41,928.32,"","","",""
RW6,3957,4/20/2024 7:50,14.37,1021.12,"","","",""
RW6,3958,4/20/2024 7:55,14.45,328.32,"","","",""
RW6,3959,4/20/2024 8:00,14.5,63.42,"","","",""
RW6,3960,4/20/2024 8:05,14.5,1081.28,"","","",""
RW6,3961,4/20/2024 8:10,14.45,366.56,"","","",""
RW6,3962,4/20/2024 8:15,14.5,165.76,"","","",""
RW6,3963,4/20/2024 8:20,14.45,1541.12,"","","",""
RW6,3964,4/20/2024 8:25,14.5,344.96,"","","",""
RW6,3965,4/20/2024 8:30,14.5,1379.84,"","","",""
RW6,3966,4/20/2024 8:35,14.5,1165.44,"","","",""
RW6,3967,4/20/2024 8:40,14.5,815.68,"","","",""
RW6,3968,4/20/2024 8:45,14.54,3109.12,"","","",""
RW6,3969,4/20/2024 8:50,14.54,7697.92,"","","",""
RW6,3970,4/20/2024 8:55,14.54,169.04,"","","",""
RW6,3971,4/20/2024 9:00,14.54,820.16,"","","",""
RW6,3972,4/20/2024 9:05,14.54,1947.52,"","","",""
RW6,3973,4/20/2024 9:10,14.54,761.92,"","","",""
RW6,3974,4/20/2024 9:15,14.58,7587.84,"","","",""
RW6,3975,4/20/2024 9:20,14.63,1576.32,"","","",""
RW6,3976,4/20/2024 9:25,14.63,1869.44,"","","",""
RW6,3977,4/20/2024 9:30,14.63,8028.16,"","","",""
RW6,3978,4/20/2024 9:35,14.63,416.8,"","","",""
RW6,3979,4/20/2024 9:40,14.67,6627.84,"","","",""
RW6,3980,4/20/2024 9:45,14.75,10414.08,"","","",""
RW6,3981,4/20/2024 9:50,14.75,412.48,"","","",""
RW6,3982,4/20/2024 9:55,14.75,5611.52,"","","",""
RW6,3983,4/20/2024 10:00,14.75,5067.52,"","","",""
RW6,3984,4/20/2024 10:05,14.75,8084.48,"","","",""
RW6,3985,4/20/2024 10:10,14.93,3287.04,"","","",""
RW6,3986,4/20/2024 10:15,14.93,5253.12,"","","",""
RW6,3987,4/20/2024 10:20,14.93,3394.56,"","","",""
RW6,3988,4/20/2024 10:25,15.06,4157.44,"","","",""
RW6,3989,4/20/2024 10:30,15.27,6325.76,"","","",""
RW6,3990,4/20/2024 10:35,15.7,27688.96,"","","",""
RW6,3991,4/20/2024 10:40,15.7,1991.04,"","","",""
RW6,3992,4/20/2024 10:45,15.66,7818.24,"","","",""
RW6,3993,4/20/2024 10:50,17.59,40878.08,"","","",""
RW6,3994,4/20/2024 10:55,17.16,37734.4,"","","",""
RW6,3995,4/20/2024 11:00,17.03,3265.28,"","","",""
RW6,4073,4/20/2024 17:30,25.52,42598.4,"","","",""
RW6,4074,4/20/2024 17:35,22.99,39731.2,"","","",""
RW6,4075,4/20/2024 17:40,17.46,9049.6,"","","",""
RW6,4076,4/20/2024 17:45,16.69,3503.36,"","","",""
RW6,4077,4/20/2024 17:50,16.6,324.56,"","","",""
RW6,4078,4/20/2024 17:55,16.64,3347.2,"","","",""
RW6,4079,4/20/2024 18:00,16.69,837.76,"","","",""
RW6,4080,4/20/2024 18:05,16.64,3877.12,"","","",""
RW6,4081,4/20/2024 18:10,16.73,1050.56,"","","",""
RW6,4082,4/20/2024 18:15,16.51,336.96,"","","",""
RW6,4083,4/20/2024 18:20,16.43,730.88,"","","",""
RW6,4084,4/20/2024 18:25,16.39,2365.44,"","","",""
RW6,4085,4/20/2024 18:30,16.39,2304.64,"","","",""
RW6,4086,4/20/2024 18:35,16.39,484.64,"","","",""
RW6,4087,4/20/2024 18:40,16.43,1777.92,"","","",""
RW6,4088,4/20/2024 18:45,16.39,924.8,"","","",""
RW6,4089,4/20/2024 18:50,16.34,309.52,"","","",""
RW6,4090,4/20/2024 18:55,16.26,174.08,"","","",""
RW6,4091,4/20/2024 19:00,16.3,1340.16,"","","",""
RW6,4092,4/20/2024 19:05,16.39,550.24,"","","",""
RW6,4093,4/20/2024 19:10,16.3,418.56,"","","",""
RW6,4094,4/20/2024 19:15,16.34,15.53,"","","",""
RW6,4095,4/20/2024 19:20,16.3,60.2,"","","",""
RW6,4096,4/20/2024 19:25,16.26,122.16,"","","",""
RW6,4097,4/20/2024 19:30,16.21,54.46,"","","",""
RW6,4098,4/20/2024 19:35,16.26,3.28,"","","",""
RW6,4099,4/20/2024 19:40,16.26,16.87,"","","",""
RW6,4100,4/20/2024 19:45,16.17,0,"","","",""
RW6,4101,4/20/2024 19:50,16.13,0.65,"","","",""
RW6,4102,4/20/2024 19:55,16.08,0,"","","",""
RW6,4103,4/20/2024 20:00,16.13,0,"","","",""
RW6,4104,4/20/2024 20:05,16.13,0,"","","",""
RW6,4105,4/20/2024 20:10,16.08,0,"","","",""
RW6,4106,4/20/2024 20:15,16.04,0,"","","",""
RW6,4107,4/20/2024 20:20,16.04,0,"","","",""
RW6,4108,4/20/2024 20:25,16,0,"","","",""
RW6,4109,4/20/2024 20:30,15.96,0,"","","",""
RW6,4110,4/20/2024 20:35,15.91,0,"","","",""
RW6,4111,4/20/2024 20:40,15.83,0,"","","",""
RW6,4112,4/20/2024 20:45,15.87,0,"","","",""
RW6,4113,4/20/2024 20:50,15.83,0,"","","",""
RW6,4114,4/20/2024 20:55,15.83,0,"","","",""
RW6,4115,4/20/2024 21:00,15.87,0,"","","",""
RW6,4116,4/20/2024 21:05,15.83,0,"","","",""
RW6,4117,4/20/2024 21:10,15.83,0,"","","",""
RW6,4118,4/20/2024 21:15,15.74,0,"","","",""
RW6,4119,4/20/2024 21:20,15.66,0,"","","",""
RW6,4120,4/20/2024 21:25,15.61,0,"","","",""
RW6,4121,4/20/2024 21:30,15.61,0,"","","",""
RW6,4122,4/20/2024 21:35,15.61,0,"","","",""
RW6,4123,4/20/2024 21:40,15.57,0,"","","",""
RW6,4124,4/20/2024 21:45,15.48,0,"","","",""
RW6,4125,4/20/2024 21:50,15.48,0,"","","",""
RW6,4126,4/20/2024 21:55,15.53,0,"","","",""
RW6,4127,4/20/2024 22:00,15.53,0,"","","",""
RW6,4128,4/20/2024 22:05,15.44,0,"","","",""
RW6,4129,4/20/2024 22:10,15.44,0,"","","",""
RW6,4130,4/20/2024 22:15,15.44,0,"","","",""
RW6,4131,4/20/2024 22:20,15.36,0,"","","",""
RW6,4132,4/20/2024 22:25,15.31,0,"","","",""
RW6,4133,4/20/2024 22:30,15.23,0,"","","",""
RW6,4134,4/20/2024 22:35,15.23,0,"","","",""
RW6,4135,4/20/2024 22:40,15.14,0,"","","",""
RW6,4136,4/20/2024 22:45,15.1,0,"","","",""
RW6,4137,4/20/2024 22:50,15.14,0,"","","",""
RW6,4138,4/20/2024 22:55,15.14,0,"","","",""
RW6,4139,4/20/2024 23:00,15.1,0,"","","",""
RW6,4140,4/20/2024 23:05,15.06,0,"","","",""
RW6,4141,4/20/2024 23:10,15.01,0,"","","",""
RW6,4142,4/20/2024 23:15,14.93,0,"","","",""
RW6,4143,4/20/2024 23:20,14.88,0,"","","",""
RW6,4144,4/20/2024 23:25,14.84,0,"","","",""
RW6,4145,4/20/2024 23:30,14.71,0,"","","",""
RW6,4146,4/20/2024 23:35,14.67,0,"","","",""
RW6,4147,4/20/2024 23:40,14.58,0,"","","",""
RW6,4148,4/20/2024 23:45,14.28,0,"","","",""
RW6,4149,4/20/2024 23:50,14.5,0,"","","",""
RW6,4223,4/21/2024 6:00,14.11,0.21,"","","",""
RW6,4224,4/21/2024 6:05,14.24,16.26,"","","",""
RW6,4225,4/21/2024 6:10,14.24,34.72,"","","",""
RW6,4226,4/21/2024 6:15,14.28,48.38,"","","",""
RW6,4227,4/21/2024 6:20,14.24,102.92,"","","",""
RW6,4228,4/21/2024 6:25,14.24,117.12,"","","",""
RW6,4229,4/21/2024 6:30,14.33,110.88,"","","",""
RW6,4230,4/21/2024 6:35,14.33,550.72,"","","",""
RW6,4231,4/21/2024 6:40,14.28,136.48,"","","",""
RW6,4232,4/21/2024 6:45,14.28,806.08,"","","",""
RW6,4233,4/21/2024 6:50,14.28,92.4,"","","",""
RW6,4234,4/21/2024 6:55,14.28,68.68,"","","",""
RW6,4235,4/21/2024 7:00,14.2,213.92,"","","",""
RW6,4236,4/21/2024 7:05,14.24,37.02,"","","",""
RW6,4237,4/21/2024 7:10,14.2,1640.32,"","","",""
RW6,4238,4/21/2024 7:15,14.28,9.62,"","","",""
RW6,4239,4/21/2024 7:20,14.24,87.28,"","","",""
RW6,4240,4/21/2024 7:25,14.24,1282.56,"","","",""
RW6,4241,4/21/2024 7:30,14.28,396.32,"","","",""
RW6,4242,4/21/2024 7:35,14.24,12.11,"","","",""
RW6,4243,4/21/2024 7:40,14.28,302.24,"","","",""
RW6,4244,4/21/2024 7:45,14.28,1859.2,"","","",""
RW6,4245,4/21/2024 7:50,14.33,376.64,"","","",""
RW6,4246,4/21/2024 7:55,14.33,38.82,"","","",""
RW6,4247,4/21/2024 8:00,14.33,1290.56,"","","",""
RW6,4248,4/21/2024 8:05,14.33,1893.12,"","","",""
RW6,4249,4/21/2024 8:10,14.33,92.84,"","","",""
RW6,4250,4/21/2024 8:15,14.37,5713.92,"","","",""
RW6,4251,4/21/2024 8:20,14.37,2514.56,"","","",""
RW6,4252,4/21/2024 8:25,14.37,1719.04,"","","",""
RW6,4253,4/21/2024 8:30,14.37,478.08,"","","",""
RW6,4254,4/21/2024 8:35,14.37,3242.24,"","","",""
RW6,4255,4/21/2024 8:40,14.37,7649.28,"","","",""
RW6,4256,4/21/2024 8:45,14.37,1251.2,"","","",""
RW6,4257,4/21/2024 8:50,14.41,97,"","","",""
RW6,4258,4/21/2024 8:55,14.5,3038.72,"","","",""
RW6,4259,4/21/2024 9:00,14.45,1735.68,"","","",""
RW6,4260,4/21/2024 9:05,14.45,173.44,"","","",""
RW6,4261,4/21/2024 9:10,14.5,8245.76,"","","",""
RW6,4262,4/21/2024 9:15,14.45,1040.96,"","","",""
RW6,4263,4/21/2024 9:20,14.5,13757.44,"","","",""
RW6,4264,4/21/2024 9:25,14.5,14320.64,"","","",""
RW6,4265,4/21/2024 9:30,14.58,2689.28,"","","",""
RW6,4266,4/21/2024 9:35,14.54,1330.56,"","","",""
RW6,4267,4/21/2024 9:40,14.67,13716.48,"","","",""
RW6,4268,4/21/2024 9:45,14.71,1332.48,"","","",""
RW6,4269,4/21/2024 9:50,14.67,15902.72,"","","",""
RW6,4270,4/21/2024 9:55,14.8,4163.84,"","","",""
RW6,4271,4/21/2024 10:00,14.88,9505.28,"","","",""
RW6,4272,4/21/2024 10:05,14.88,1511.68,"","","",""
RW6,4273,4/21/2024 10:10,15.01,2252.16,"","","",""
RW6,4274,4/21/2024 10:15,15.14,12206.08,"","","",""
RW6,4275,4/21/2024 10:20,15.23,2186.24,"","","",""
RW6,4276,4/21/2024 10:25,15.23,811.84,"","","",""
RW6,4277,4/21/2024 10:30,15.23,2397.44,"","","",""
RW6,4278,4/21/2024 10:35,15.31,1363.2,"","","",""
RW6,4279,4/21/2024 10:40,15.44,18600.96,"","","",""
RW6,4280,4/21/2024 10:45,15.48,3646.72,"","","",""
RW6,4281,4/21/2024 10:50,16,13946.88,"","","",""
RW6,4282,4/21/2024 10:55,16,8839.68,"","","",""
RW6,4283,4/21/2024 11:00,15.83,5419.52,"","","",""
RW6,4284,4/21/2024 11:05,16.47,39137.28,"","","",""
RW6,4285,4/21/2024 11:10,16.13,10511.36,"","","",""
RW6,4286,4/21/2024 11:15,17.11,45875.2,"","","",""
RW6,4287,4/21/2024 11:20,18.27,78888.96,"","","",""
RW6,4288,4/21/2024 11:25,18.36,40704,"","","",""
RW6,4289,4/21/2024 11:30,16.9,1373.44,"","","",""
RW6,4290,4/21/2024 11:35,16.94,1072.64,"","","",""
RW6,4362,4/21/2024 17:35,17.24,3636.48,"","","",""
RW6,4363,4/21/2024 17:40,16.39,2845.44,"","","",""
RW6,4364,4/21/2024 17:45,16.64,10373.12,"","","",""
RW6,4365,4/21/2024 17:50,16.6,10442.24,"","","",""
RW6,4366,4/21/2024 17:55,16.6,4028.16,"","","",""
RW6,4367,4/21/2024 18:00,16.6,5783.04,"","","",""
RW6,4368,4/21/2024 18:05,16.51,433.92,"","","",""
RW6,4369,4/21/2024 18:10,16.47,906.24,"","","",""
RW6,4370,4/21/2024 18:15,16.47,762.88,"","","",""
RW6,4371,4/21/2024 18:20,16.34,458.4,"","","",""
RW6,4372,4/21/2024 18:25,16.3,1830.4,"","","",""
RW6,4373,4/21/2024 18:30,16.3,2200.96,"","","",""
RW6,4374,4/21/2024 18:35,16.3,70.86,"","","",""
RW6,4375,4/21/2024 18:40,16.26,270.08,"","","",""
RW6,4376,4/21/2024 18:45,16.3,42.64,"","","",""
RW6,4377,4/21/2024 18:50,16.26,167.84,"","","",""
RW6,4378,4/21/2024 18:55,16.21,145.12,"","","",""
RW6,4379,4/21/2024 19:00,16.21,182,"","","",""
RW6,4380,4/21/2024 19:05,16.21,108.04,"","","",""
RW6,4381,4/21/2024 19:10,16.21,121.28,"","","",""
RW6,4382,4/21/2024 19:15,16.13,166.08,"","","",""
RW6,4383,4/21/2024 19:20,16.13,7,"","","",""
RW6,4384,4/21/2024 19:25,16.13,28.92,"","","",""
RW6,4385,4/21/2024 19:30,16.08,49.16,"","","",""
RW6,4386,4/21/2024 19:35,16.04,42.6,"","","",""
RW6,4387,4/21/2024 19:40,16,9.62,"","","",""
RW6,4388,4/21/2024 19:45,16,0.65,"","","",""
RW6,4389,4/21/2024 19:50,15.96,0,"","","",""
RW6,4390,4/21/2024 19:55,15.91,0,"","","",""
RW6,4391,4/21/2024 20:00,15.87,0,"","","",""
RW6,4392,4/21/2024 20:05,15.87,0,"","","",""
RW6,4393,4/21/2024 20:10,15.87,0,"","","",""
RW6,4394,4/21/2024 20:15,15.83,0,"","","",""
RW6,4395,4/21/2024 20:20,15.83,0,"","","",""
RW6,4396,4/21/2024 20:25,15.78,0,"","","",""
RW6,4397,4/21/2024 20:30,15.83,0,"","","",""
RW6,4398,4/21/2024 20:35,15.78,0,"","","",""
RW6,4399,4/21/2024 20:40,15.74,0,"","","",""
RW6,4400,4/21/2024 20:45,15.74,0,"","","",""
RW6,4401,4/21/2024 20:50,15.7,0,"","","",""
RW6,4402,4/21/2024 20:55,15.66,0,"","","",""
RW6,4403,4/21/2024 21:00,15.61,0,"","","",""
RW6,4404,4/21/2024 21:05,15.61,0,"","","",""
RW6,4405,4/21/2024 21:10,15.61,0,"","","",""
RW6,4406,4/21/2024 21:15,15.53,0,"","","",""
RW6,4407,4/21/2024 21:20,15.48,0,"","","",""
RW6,4408,4/21/2024 21:25,15.44,0,"","","",""
RW6,4409,4/21/2024 21:30,15.44,0,"","","",""
RW6,4410,4/21/2024 21:35,15.4,0,"","","",""
RW6,4411,4/21/2024 21:40,15.4,0,"","","",""
RW6,4412,4/21/2024 21:45,15.18,0,"","","",""
RW6,4413,4/21/2024 21:50,15.18,0,"","","",""
RW6,4414,4/21/2024 21:55,15.14,0,"","","",""
RW6,4415,4/21/2024 22:00,15.1,0,"","","",""
RW6,4416,4/21/2024 22:05,15.1,0,"","","",""
RW6,4417,4/21/2024 22:10,15.01,0,"","","",""
RW6,4418,4/21/2024 22:15,15.06,0,"","","",""
RW6,4419,4/21/2024 22:20,15.1,0,"","","",""
RW6,4420,4/21/2024 22:25,15.01,0,"","","",""
RW6,4421,4/21/2024 22:30,14.97,0,"","","",""
RW6,4422,4/21/2024 22:35,14.93,0,"","","",""
RW6,4423,4/21/2024 22:40,14.97,0,"","","",""
RW6,4424,4/21/2024 22:45,15.01,0,"","","",""
RW6,4425,4/21/2024 22:50,14.93,0,"","","",""
RW6,4426,4/21/2024 22:55,14.93,0,"","","",""
RW6,4427,4/21/2024 23:00,14.88,0,"","","",""
RW6,4428,4/21/2024 23:05,14.8,0,"","","",""
RW6,4429,4/21/2024 23:10,14.84,0,"","","",""
RW6,4430,4/21/2024 23:15,14.84,0,"","","",""
RW6,4431,4/21/2024 23:20,14.71,0,"","","",""
RW6,4432,4/21/2024 23:25,14.71,0,"","","",""
RW6,4433,4/21/2024 23:30,14.71,0,"","","",""
RW6,4434,4/21/2024 23:35,14.63,0,"","","",""
RW6,4435,4/21/2024 23:40,14.58,0,"","","",""
RW6,4436,4/21/2024 23:45,14.54,0,"","","",""
RW6,4437,4/21/2024 23:50,14.54,0,"","","",""
RW6,4438,4/21/2024 23:55,14.5,0,"","","",""
RW6,4439,4/22/2024 0:00,14.5,0,"","","",""
RW6,4440,4/22/2024 0:05,14.41,0,"","","",""
RW6,4441,4/22/2024 0:10,14.37,0,"","","",""
RW6,4442,4/22/2024 0:15,14.33,0,"","","",""
RW6,4517,4/22/2024 6:30,13.85,170.8,"","","",""
RW6,4518,4/22/2024 6:35,13.98,284.32,"","","",""
RW6,4519,4/22/2024 6:40,13.94,377.92,"","","",""
RW6,4520,4/22/2024 6:45,13.98,452.32,"","","",""
RW6,4521,4/22/2024 6:50,14.11,1004.48,"","","",""
RW6,4522,4/22/2024 6:55,13.94,85.52,"","","",""
RW6,4523,4/22/2024 7:00,13.94,270.56,"","","",""
RW6,4524,4/22/2024 7:05,13.94,984.32,"","","",""
RW6,4525,4/22/2024 7:10,14.03,1824.64,"","","",""
RW6,4526,4/22/2024 7:15,13.94,1245.12,"","","",""
RW6,4527,4/22/2024 7:20,13.9,1612.16,"","","",""
RW6,4528,4/22/2024 7:25,13.9,1263.36,"","","",""
RW6,4529,4/22/2024 7:30,13.81,1742.08,"","","",""
RW6,4530,4/22/2024 7:35,13.85,655.36,"","","",""
RW6,4531,4/22/2024 7:40,13.85,2574.08,"","","",""
RW6,4532,4/22/2024 7:45,13.85,1616,"","","",""
RW6,4533,4/22/2024 7:50,13.9,1749.12,"","","",""
RW6,4534,4/22/2024 7:55,13.81,1938.56,"","","",""
RW6,4535,4/22/2024 8:00,13.85,3281.92,"","","",""
RW6,4536,4/22/2024 8:05,13.9,5352.96,"","","",""
RW6,4537,4/22/2024 8:10,13.94,4528.64,"","","",""
RW6,4538,4/22/2024 8:15,13.9,984.32,"","","",""
RW6,4539,4/22/2024 8:20,13.94,4216.32,"","","",""
RW6,4540,4/22/2024 8:25,13.94,74.92,"","","",""
RW6,4541,4/22/2024 8:30,13.94,2634.24,"","","",""
RW6,4542,4/22/2024 8:35,13.94,4056.32,"","","",""
RW6,4543,4/22/2024 8:40,13.94,6159.36,"","","",""
RW6,4544,4/22/2024 8:45,13.98,381.92,"","","",""
RW6,4545,4/22/2024 8:50,14.03,76.5,"","","",""
RW6,4546,4/22/2024 8:55,14.03,2115.2,"","","",""
RW6,4547,4/22/2024 9:00,14.03,1062.08,"","","",""
RW6,4548,4/22/2024 9:05,14.07,8327.68,"","","",""
RW6,4549,4/22/2024 9:10,14.07,4601.6,"","","",""
RW6,4550,4/22/2024 9:15,14.07,931.84,"","","",""
RW6,4551,4/22/2024 9:20,14.07,3513.6,"","","",""
RW6,4552,4/22/2024 9:25,14.11,294,"","","",""
RW6,4553,4/22/2024 9:30,14.11,212.56,"","","",""
RW6,4554,4/22/2024 9:35,14.07,1840.64,"","","",""
RW6,4555,4/22/2024 9:40,14.07,4563.2,"","","",""
RW6,4556,4/22/2024 9:45,14.11,774.08,"","","",""
RW6,4557,4/22/2024 9:50,14.15,5888,"","","",""
RW6,4558,4/22/2024 9:55,14.2,3219.2,"","","",""
RW6,4559,4/22/2024 10:00,14.15,9832.96,"","","",""
RW6,4560,4/22/2024 10:05,14.2,6515.2,"","","",""
RW6,4561,4/22/2024 10:10,14.2,4444.16,"","","",""
RW6,4562,4/22/2024 10:15,14.28,9408,"","","",""
RW6,4563,4/22/2024 10:20,14.28,2134.4,"","","",""
RW6,4564,4/22/2024 10:25,14.28,1209.92,"","","",""
RW6,4565,4/22/2024 10:30,14.24,1137.28,"","","",""
RW6,4566,4/22/2024 10:35,14.28,1294.72,"","","",""
RW6,4567,4/22/2024 10:40,14.33,319.76,"","","",""
RW6,4568,4/22/2024 10:45,14.33,764.48,"","","",""
RW6,4569,4/22/2024 10:50,14.33,4647.68,"","","",""
RW6,4570,4/22/2024 10:55,14.33,1538.56,"","","",""
RW6,4571,4/22/2024 11:00,14.33,2325.12,"","","",""
RW6,4572,4/22/2024 11:05,14.37,1900.16,"","","",""
RW6,4573,4/22/2024 11:10,14.37,1155.84,"","","",""
RW6,4574,4/22/2024 11:15,14.5,8791.04,"","","",""
RW6,4575,4/22/2024 11:20,14.58,6901.76,"","","",""
RW6,4576,4/22/2024 11:25,14.58,6978.56,"","","",""
RW6,4577,4/22/2024 11:30,14.58,13163.52,"","","",""
RW6,4578,4/22/2024 11:35,14.63,5514.24,"","","",""
RW6,4579,4/22/2024 11:40,14.84,5847.04,"","","",""
RW6,4580,4/22/2024 11:45,14.8,13296.64,"","","",""
RW6,4581,4/22/2024 11:50,14.93,6645.76,"","","",""
RW6,4582,4/22/2024 11:55,14.84,1575.68,"","","",""
RW6,4583,4/22/2024 12:00,15.18,13982.72,"","","",""
RW6,4584,4/22/2024 12:05,15.57,2841.6,"","","",""
RW6,4585,4/22/2024 12:10,15.53,3891.2,"","","",""
RW6,4586,4/22/2024 12:15,15.96,3810.56,"","","",""
RW6,4587,4/22/2024 12:20,16.43,13772.8,"","","",""
RW6,4650,4/22/2024 17:35,17.33,3975.68,"","","",""
RW6,4651,4/22/2024 17:40,16.9,3464.96,"","","",""
RW6,4652,4/22/2024 17:45,15.87,868.16,"","","",""
RW6,4653,4/22/2024 17:50,15.61,2780.16,"","","",""
RW6,4654,4/22/2024 17:55,15.44,108.6,"","","",""
RW6,4655,4/22/2024 18:00,15.4,1893.12,"","","",""
RW6,4656,4/22/2024 18:05,15.36,1059.52,"","","",""
RW6,4657,4/22/2024 18:10,15.36,97,"","","",""
RW6,4658,4/22/2024 18:15,15.36,163.84,"","","",""
RW6,4659,4/22/2024 18:20,15.27,850.88,"","","",""
RW6,4660,4/22/2024 18:25,15.18,226.16,"","","",""
RW6,4661,4/22/2024 18:30,15.14,352.16,"","","",""
RW6,4662,4/22/2024 18:35,15.06,306.24,"","","",""
RW6,4663,4/22/2024 18:40,15.06,576.96,"","","",""
RW6,4664,4/22/2024 18:45,15.1,443.52,"","","",""
RW6,4665,4/22/2024 18:50,15.06,422.08,"","","",""
RW6,4666,4/22/2024 18:55,15.1,60.2,"","","",""
RW6,4667,4/22/2024 19:00,15.01,108.16,"","","",""
RW6,4668,4/22/2024 19:05,15.01,94.92,"","","",""
RW6,4669,4/22/2024 19:10,15.01,96.68,"","","",""
RW6,4670,4/22/2024 19:15,14.97,22.96,"","","",""
RW6,4671,4/22/2024 19:20,14.97,93.16,"","","",""
RW6,4672,4/22/2024 19:25,14.97,26.3,"","","",""
RW6,4673,4/22/2024 19:30,15.01,43.02,"","","",""
RW6,4674,4/22/2024 19:35,14.97,22.31,"","","",""
RW6,4675,4/22/2024 19:40,15.06,3.06,"","","",""
RW6,4676,4/22/2024 19:45,14.93,3.5,"","","",""
RW6,4677,4/22/2024 19:50,14.97,0.21,"","","",""
RW6,4678,4/22/2024 19:55,14.97,0.21,"","","",""
RW6,4679,4/22/2024 20:00,15.01,0,"","","",""
RW6,4680,4/22/2024 20:05,14.97,0,"","","",""
RW6,4681,4/22/2024 20:10,14.93,0,"","","",""
RW6,4682,4/22/2024 20:15,14.88,0,"","","",""
RW6,4683,4/22/2024 20:20,14.93,0,"","","",""
RW6,4684,4/22/2024 20:25,14.88,0,"","","",""
RW6,4685,4/22/2024 20:30,14.93,0,"","","",""
RW6,4686,4/22/2024 20:35,14.88,0,"","","",""
RW6,4687,4/22/2024 20:40,14.93,0,"","","",""
RW6,4688,4/22/2024 20:45,14.88,0,"","","",""
RW6,4689,4/22/2024 20:50,14.88,0,"","","",""
RW6,4690,4/22/2024 20:55,14.84,0,"","","",""
RW6,4691,4/22/2024 21:00,14.88,0,"","","",""
RW6,4692,4/22/2024 21:05,14.84,0,"","","",""
RW6,4693,4/22/2024 21:10,14.84,0,"","","",""
RW6,4694,4/22/2024 21:15,14.88,0,"","","",""
RW6,4695,4/22/2024 21:20,14.84,0,"","","",""
RW6,4696,4/22/2024 21:25,14.88,0,"","","",""
RW6,4697,4/22/2024 21:30,14.84,0,"","","",""
RW6,4698,4/22/2024 21:35,14.84,0,"","","",""
RW6,4699,4/22/2024 21:40,14.88,0,"","","",""
RW6,4700,4/22/2024 21:45,14.84,0,"","","",""
RW6,4701,4/22/2024 21:50,14.84,0,"","","",""
RW6,4702,4/22/2024 21:55,14.84,0,"","","",""
RW6,4703,4/22/2024 22:00,14.84,0,"","","",""
RW6,4704,4/22/2024 22:05,14.84,0,"","","",""
RW6,4705,4/22/2024 22:10,14.84,0,"","","",""
RW6,4706,4/22/2024 22:15,14.84,0,"","","",""
RW6,4707,4/22/2024 22:20,14.84,0,"","","",""
RW6,4708,4/22/2024 22:25,14.88,0,"","","",""
RW6,4709,4/22/2024 22:30,14.84,0,"","","",""
RW6,4710,4/22/2024 22:35,14.84,0,"","","",""
RW6,4711,4/22/2024 22:40,14.8,0,"","","",""
RW6,4712,4/22/2024 22:45,14.84,0,"","","",""
RW6,4713,4/22/2024 22:50,14.88,0,"","","",""
RW6,4714,4/22/2024 22:55,14.84,0,"","","",""
RW6,4715,4/22/2024 23:00,14.84,0,"","","",""
RW6,4716,4/22/2024 23:05,14.84,0,"","","",""
RW6,4717,4/22/2024 23:10,14.84,0,"","","",""
RW6,4718,4/22/2024 23:15,14.84,0,"","","",""
RW6,4719,4/22/2024 23:20,14.84,0,"","","",""
RW6,4720,4/22/2024 23:25,14.88,0,"","","",""
RW6,4721,4/22/2024 23:30,14.84,0,"","","",""
RW6,4722,4/22/2024 23:35,14.84,0,"","","",""
RW6,4723,4/22/2024 23:40,14.84,0,"","","",""
RW6,4724,4/22/2024 23:45,14.84,0,"","","",""
RW6,4725,4/22/2024 23:50,14.8,0,"","","",""
RW6,4726,4/22/2024 23:55,14.84,0,"","","",""
RW6,4727,4/23/2024 0:00,14.84,0,"","","",""
RW6,4728,4/23/2024 0:05,14.8,0,"","","",""
RW6,4729,4/23/2024 0:10,14.84,0,"","","",""
RW6,4730,4/23/2024 0:15,14.84,0,"","","",""
RW6,4731,4/23/2024 0:20,14.84,0,"","","",""
RW6,4732,4/23/2024 0:25,14.8,0,"","","",""
RW6,4733,4/23/2024 0:30,14.75,0,"","","",""
RW6,4734,4/23/2024 0:35,14.75,0,"","","",""
RW6,4817,4/23/2024 7:30,14.67,3267.84,"","","",""
RW6,4818,4/23/2024 7:35,14.71,4032,"","","",""
RW6,4819,4/23/2024 7:40,14.67,936,"","","",""
RW6,4820,4/23/2024 7:45,14.88,7313.92,"","","",""
RW6,4821,4/23/2024 7:50,14.84,2234.24,"","","",""
RW6,4822,4/23/2024 7:55,14.75,3576.32,"","","",""
RW6,4823,4/23/2024 8:00,15.06,12743.68,"","","",""
RW6,4824,4/23/2024 8:05,14.88,248.88,"","","",""
RW6,4825,4/23/2024 8:10,14.84,1726.72,"","","",""
RW6,4826,4/23/2024 8:15,15.06,6914.56,"","","",""
RW6,4827,4/23/2024 8:20,15.06,1619.2,"","","",""
RW6,4828,4/23/2024 8:25,15.14,11622.4,"","","",""
RW6,4829,4/23/2024 8:30,14.97,895.04,"","","",""
RW6,4830,4/23/2024 8:35,14.93,3191.04,"","","",""
RW6,4831,4/23/2024 8:40,14.93,1907.2,"","","",""
RW6,4832,4/23/2024 8:45,14.93,3818.24,"","","",""
RW6,4833,4/23/2024 8:50,14.88,911.68,"","","",""
RW6,4834,4/23/2024 8:55,14.88,2818.56,"","","",""
RW6,4835,4/23/2024 9:00,15.01,328.96,"","","",""
RW6,4836,4/23/2024 9:05,15.01,6064.64,"","","",""
RW6,4837,4/23/2024 9:10,15.06,10037.76,"","","",""
RW6,4838,4/23/2024 9:15,15.1,4637.44,"","","",""
RW6,4839,4/23/2024 9:20,14.97,849.6,"","","",""
RW6,4840,4/23/2024 9:25,14.97,16368.64,"","","",""
RW6,4841,4/23/2024 9:30,15.06,14622.72,"","","",""
RW6,4842,4/23/2024 9:35,15.01,1238.72,"","","",""
RW6,4843,4/23/2024 9:40,15.01,4149.76,"","","",""
RW6,4844,4/23/2024 9:45,15.01,644,"","","",""
RW6,4845,4/23/2024 9:50,15.18,18979.84,"","","",""
RW6,4846,4/23/2024 9:55,15.1,6981.12,"","","",""
RW6,4847,4/23/2024 10:00,15.1,4244.48,"","","",""
RW6,4848,4/23/2024 10:05,15.1,7454.72,"","","",""
RW6,4849,4/23/2024 10:10,15.14,5224.96,"","","",""
RW6,4850,4/23/2024 10:15,15.23,2414.72,"","","",""
RW6,4851,4/23/2024 10:20,15.23,775.04,"","","",""
RW6,4852,4/23/2024 10:25,15.1,635.68,"","","",""
RW6,4853,4/23/2024 10:30,15.31,1422.72,"","","",""
RW6,4854,4/23/2024 10:35,15.36,16680.96,"","","",""
RW6,4855,4/23/2024 10:40,15.48,6464,"","","",""
RW6,4856,4/23/2024 10:45,15.53,12462.08,"","","",""
RW6,4857,4/23/2024 10:50,15.74,6026.24,"","","",""
RW6,4858,4/23/2024 10:55,15.66,5900.8,"","","",""
RW6,4859,4/23/2024 11:00,15.61,975.36,"","","",""
RW6,4860,4/23/2024 11:05,15.78,3552,"","","",""
RW6,4861,4/23/2024 11:10,15.87,643.52,"","","",""
RW6,4862,4/23/2024 11:15,15.91,5657.6,"","","",""
RW6,4863,4/23/2024 11:20,16,2470.4,"","","",""
RW6,4864,4/23/2024 11:25,16.17,2558.08,"","","",""
RW6,4865,4/23/2024 11:30,16.43,66211.84,"","","",""
RW6,4866,4/23/2024 11:35,16.34,64143.36,"","","",""
RW6,4867,4/23/2024 11:40,16.21,4294.4,"","","",""
RW6,4868,4/23/2024 11:45,16.43,61235.2,"","","",""
RW6,4869,4/23/2024 11:50,16.6,57589.76,"","","",""
RW6,4870,4/23/2024 11:55,16.64,35921.92,"","","",""
RW6,4871,4/23/2024 12:00,16.86,5519.36,"","","",""
RW6,4872,4/23/2024 12:05,17.03,1910.4,"","","",""
RW6,4873,4/23/2024 12:10,20.98,100597.76,"","","",""
RW6,4874,4/23/2024 12:15,20.29,77660.16,"","","",""
RW6,4875,4/23/2024 12:20,19.17,41236.48,"","","",""
RW6,4876,4/23/2024 12:25,18.14,2026.24,"","","",""
RW6,4877,4/23/2024 12:30,18.74,7006.72,"","","",""
RW6,4942,4/23/2024 17:55,15.87,743.68,"","","",""
RW6,4943,4/23/2024 18:00,15.91,7208.96,"","","",""
RW6,4944,4/23/2024 18:05,16.26,6781.44,"","","",""
RW6,4945,4/23/2024 18:10,16.13,6018.56,"","","",""
RW6,4946,4/23/2024 18:15,16.17,272.72,"","","",""
RW6,4947,4/23/2024 18:20,16.21,2035.2,"","","",""
RW6,4948,4/23/2024 18:25,16.21,71.46,"","","",""
RW6,4949,4/23/2024 18:30,16.17,2437.12,"","","",""
RW6,4950,4/23/2024 18:35,16.08,657.28,"","","",""
RW6,4951,4/23/2024 18:40,16.13,1172.48,"","","",""
RW6,4952,4/23/2024 18:45,16.13,570.88,"","","",""
RW6,4953,4/23/2024 18:50,16.13,1168.96,"","","",""
RW6,4954,4/23/2024 18:55,16.04,185.44,"","","",""
RW6,4955,4/23/2024 19:00,16.04,110.88,"","","",""
RW6,4956,4/23/2024 19:05,16.08,622.56,"","","",""
RW6,4957,4/23/2024 19:10,15.96,481.6,"","","",""
RW6,4958,4/23/2024 19:15,15.91,272.56,"","","",""
RW6,4959,4/23/2024 19:20,15.96,9.65,"","","",""
RW6,4960,4/23/2024 19:25,15.96,6.78,"","","",""
RW6,4961,4/23/2024 19:30,15.96,158.24,"","","",""
RW6,4962,4/23/2024 19:35,15.87,3.5,"","","",""
RW6,4963,4/23/2024 19:40,15.74,17.71,"","","",""
RW6,4964,4/23/2024 19:45,15.74,5.25,"","","",""
RW6,4965,4/23/2024 19:50,15.66,0.87,"","","",""
RW6,4966,4/23/2024 19:55,15.66,0.87,"","","",""
RW6,4967,4/23/2024 20:00,15.57,0,"","","",""
RW6,4968,4/23/2024 20:05,15.53,0,"","","",""
RW6,4969,4/23/2024 20:10,15.48,0,"","","",""
RW6,4970,4/23/2024 20:15,15.48,0,"","","",""
RW6,4971,4/23/2024 20:20,15.48,0,"","","",""
RW6,4972,4/23/2024 20:25,15.4,0,"","","",""
RW6,4973,4/23/2024 20:30,15.4,0,"","","",""
RW6,4974,4/23/2024 20:35,15.36,0,"","","",""
RW6,4975,4/23/2024 20:40,15.31,0,"","","",""
RW6,4976,4/23/2024 20:45,15.31,0,"","","",""
RW6,4977,4/23/2024 20:50,15.27,0,"","","",""
RW6,4978,4/23/2024 20:55,15.23,0,"","","",""
RW6,4979,4/23/2024 21:00,15.14,0,"","","",""
RW6,4980,4/23/2024 21:05,15.23,0,"","","",""
RW6,4981,4/23/2024 21:10,15.14,0,"","","",""
RW6,4982,4/23/2024 21:15,15.06,0,"","","",""
RW6,4983,4/23/2024 21:20,15.01,0,"","","",""
RW6,4984,4/23/2024 21:25,15.06,0,"","","",""
RW6,4985,4/23/2024 21:30,15.01,0,"","","",""
RW6,4986,4/23/2024 21:35,14.97,0,"","","",""
RW6,4987,4/23/2024 21:40,14.97,0,"","","",""
RW6,4988,4/23/2024 21:45,14.88,0,"","","",""
RW6,4989,4/23/2024 21:50,14.88,0,"","","",""
RW6,4990,4/23/2024 21:55,14.88,0,"","","",""
RW6,4991,4/23/2024 22:00,14.8,0,"","","",""
RW6,4992,4/23/2024 22:05,14.84,0,"","","",""
RW6,4993,4/23/2024 22:10,14.84,0,"","","",""
RW6,4994,4/23/2024 22:15,14.75,0,"","","",""
RW6,4995,4/23/2024 22:20,14.71,0,"","","",""
RW6,4996,4/23/2024 22:25,14.71,0,"","","",""
RW6,4997,4/23/2024 22:30,14.71,0,"","","",""
RW6,4998,4/23/2024 22:35,14.63,0,"","","",""
RW6,4999,4/23/2024 22:40,14.63,0,"","","",""
RW6,5000,4/23/2024 22:45,14.63,0,"","","",""
RW6,5001,4/23/2024 22:50,14.54,0,"","","",""
RW6,5002,4/23/2024 22:55,14.58,0,"","","",""
RW6,5003,4/23/2024 23:00,14.54,0,"","","",""
RW6,5004,4/23/2024 23:05,14.5,0,"","","",""
RW6,5005,4/23/2024 23:10,14.54,0,"","","",""
RW6,5006,4/23/2024 23:15,14.5,0,"","","",""
RW6,5007,4/23/2024 23:20,14.5,0,"","","",""
RW6,5008,4/23/2024 23:25,14.5,0,"","","",""
RW6,5009,4/23/2024 23:30,14.5,0,"","","",""
RW6,5010,4/23/2024 23:35,14.41,0,"","","",""
RW6,5011,4/23/2024 23:40,14.41,0,"","","",""
RW6,5012,4/23/2024 23:45,14.37,0,"","","",""
RW6,5013,4/23/2024 23:50,14.37,0,"","","",""
RW6,5014,4/23/2024 23:55,14.33,0,"","","",""
RW6,5015,4/24/2024 0:00,14.37,0,"","","",""
RW6,5016,4/24/2024 0:05,14.28,0,"","","",""
RW6,5017,4/24/2024 0:10,14.28,0,"","","",""
RW6,5018,4/24/2024 0:15,14.28,0,"","","",""
RW6,5019,4/24/2024 0:20,14.28,0,"","","",""
RW6,5020,4/24/2024 0:25,14.24,0,"","","",""
RW6,5021,4/24/2024 0:30,14.24,0,"","","",""
RW6,5022,4/24/2024 0:35,14.24,0,"","","",""
RW6,5023,4/24/2024 0:40,14.2,0,"","","",""
RW6,5024,4/24/2024 0:45,14.03,0,"","","",""
RW6,5025,4/24/2024 0:50,13.85,0,"","","",""
RW6,5026,4/24/2024 0:55,13.68,0.21,"","","",""
RW6,5116,4/24/2024 8:25,15.01,4161.28,"","","",""
RW6,5117,4/24/2024 8:30,15.57,10967.04,"","","",""
RW6,5118,4/24/2024 8:35,15.4,615.04,"","","",""
RW6,5119,4/24/2024 8:40,16.13,27668.48,"","","",""
RW6,5120,4/24/2024 8:45,15.1,21606.4,"","","",""
RW6,5121,4/24/2024 8:50,14.84,16005.12,"","","",""
RW6,5122,4/24/2024 8:55,14.54,2285.44,"","","",""
RW6,5123,4/24/2024 9:00,14.8,9671.68,"","","",""
RW6,5124,4/24/2024 9:05,15.14,14909.44,"","","",""
RW6,5125,4/24/2024 9:10,14.8,15503.36,"","","",""
RW6,5126,4/24/2024 9:15,14.67,7971.84,"","","",""
RW6,5127,4/24/2024 9:20,14.71,12185.6,"","","",""
RW6,5128,4/24/2024 9:25,14.71,21524.48,"","","",""
RW6,5129,4/24/2024 9:30,14.71,10577.92,"","","",""
RW6,5130,4/24/2024 9:35,14.67,20382.72,"","","",""
RW6,5131,4/24/2024 9:40,14.84,48435.2,"","","",""
RW6,5132,4/24/2024 9:45,14.88,45465.6,"","","",""
RW6,5133,4/24/2024 9:50,14.75,39424,"","","",""
RW6,5134,4/24/2024 9:55,14.63,33525.76,"","","",""
RW6,5135,4/24/2024 10:00,14.71,2218.88,"","","",""
RW6,5136,4/24/2024 10:05,14.93,5731.84,"","","",""
RW6,5137,4/24/2024 10:10,14.58,5657.6,"","","",""
RW6,5138,4/24/2024 10:15,14.75,23470.08,"","","",""
RW6,5139,4/24/2024 10:20,14.84,44277.76,"","","",""
RW6,5140,4/24/2024 10:25,14.84,1525.76,"","","",""
RW6,5141,4/24/2024 10:30,14.75,37683.2,"","","",""
RW6,5142,4/24/2024 10:35,14.71,23808,"","","",""
RW6,5143,4/24/2024 10:40,14.97,9077.76,"","","",""
RW6,5144,4/24/2024 10:45,15.06,68034.56,"","","",""
RW6,5145,4/24/2024 10:50,14.93,2718.72,"","","",""
RW6,5146,4/24/2024 10:55,14.88,67215.36,"","","",""
RW6,5147,4/24/2024 11:00,15.18,5231.36,"","","",""
RW6,5148,4/24/2024 11:05,15.14,1814.4,"","","",""
RW6,5149,4/24/2024 11:10,15.27,39362.56,"","","",""
RW6,5150,4/24/2024 11:15,15.23,17551.36,"","","",""
RW6,5151,4/24/2024 11:20,15.27,69898.24,"","","",""
RW6,5152,4/24/2024 11:25,15.18,17372.16,"","","",""
RW6,5153,4/24/2024 11:30,15.27,45813.76,"","","",""
RW6,5154,4/24/2024 11:35,15.53,57896.96,"","","",""
RW6,5155,4/24/2024 11:40,15.74,21657.6,"","","",""
RW6,5156,4/24/2024 11:45,15.48,13414.4,"","","",""
RW6,5157,4/24/2024 11:50,15.91,7720.96,"","","",""
RW6,5158,4/24/2024 11:55,15.83,61706.24,"","","",""
RW6,5159,4/24/2024 12:00,15.74,67112.96,"","","",""
RW6,5160,4/24/2024 12:05,15.87,4916.48,"","","",""
RW6,5161,4/24/2024 12:10,16.73,20444.16,"","","",""
RW6,5162,4/24/2024 12:15,16.39,72601.6,"","","",""
RW6,5163,4/24/2024 12:20,16.6,75591.68,"","","",""
RW6,5164,4/24/2024 12:25,17.2,84131.84,"","","",""
RW6,5165,4/24/2024 12:30,17.11,30013.44,"","","",""
RW6,5166,4/24/2024 12:35,16.21,1502.08,"","","",""
RW6,5167,4/24/2024 12:40,17.54,72622.08,"","","",""
RW6,5168,4/24/2024 12:45,18.36,52285.44,"","","",""
RW6,5169,4/24/2024 12:50,19.47,55562.24,"","","",""
RW6,5170,4/24/2024 12:55,19.9,69181.44,"","","",""
RW6,5171,4/24/2024 13:00,19.82,58040.32,"","","",""
RW6,5232,4/24/2024 18:05,14.93,6504.96,"","","",""
RW6,5233,4/24/2024 18:10,15.01,6315.52,"","","",""
RW6,5234,4/24/2024 18:15,14.54,5931.52,"","","",""
RW6,5235,4/24/2024 18:20,15.23,1489.92,"","","",""
RW6,5236,4/24/2024 18:25,15.4,272.08,"","","",""
RW6,5237,4/24/2024 18:30,15.31,2622.72,"","","",""
RW6,5238,4/24/2024 18:35,15.48,234.24,"","","",""
RW6,5239,4/24/2024 18:40,15.48,365.28,"","","",""
RW6,5240,4/24/2024 18:45,15.53,271.44,"","","",""
RW6,5241,4/24/2024 18:50,15.4,1148.8,"","","",""
RW6,5242,4/24/2024 18:55,15.44,1863.68,"","","",""
RW6,5243,4/24/2024 19:00,15.4,1034.88,"","","",""
RW6,5244,4/24/2024 19:05,15.36,719.04,"","","",""
RW6,5245,4/24/2024 19:10,15.36,65.94,"","","",""
RW6,5246,4/24/2024 19:15,15.31,500.48,"","","",""
RW6,5247,4/24/2024 19:20,15.27,100.16,"","","",""
RW6,5248,4/24/2024 19:25,15.31,128.4,"","","",""
RW6,5249,4/24/2024 19:30,15.31,129.28,"","","",""
RW6,5250,4/24/2024 19:35,15.27,19.74,"","","",""
RW6,5251,4/24/2024 19:40,15.27,13.15,"","","",""
RW6,5252,4/24/2024 19:45,15.23,8.75,"","","",""
RW6,5253,4/24/2024 19:50,15.18,0.87,"","","",""
RW6,5254,4/24/2024 19:55,15.18,0.87,"","","",""
RW6,5255,4/24/2024 20:00,15.18,0,"","","",""
RW6,5256,4/24/2024 20:05,15.14,0,"","","",""
RW6,5257,4/24/2024 20:10,15.06,0,"","","",""
RW6,5258,4/24/2024 20:15,15.06,0,"","","",""
RW6,5259,4/24/2024 20:20,15.01,0,"","","",""
RW6,5260,4/24/2024 20:25,15.01,0,"","","",""
RW6,5261,4/24/2024 20:30,14.93,0,"","","",""
RW6,5262,4/24/2024 20:35,14.88,0,"","","",""
RW6,5263,4/24/2024 20:40,14.75,0,"","","",""
RW6,5264,4/24/2024 20:45,14.8,0,"","","",""
RW6,5265,4/24/2024 20:50,14.8,0,"","","",""
RW6,5266,4/24/2024 20:55,14.8,0,"","","",""
RW6,5267,4/24/2024 21:00,14.8,0,"","","",""
RW6,5268,4/24/2024 21:05,14.63,0,"","","",""
RW6,5269,4/24/2024 21:10,14.63,0,"","","",""
RW6,5270,4/24/2024 21:15,14.63,0,"","","",""
RW6,5271,4/24/2024 21:20,14.58,0,"","","",""
RW6,5272,4/24/2024 21:25,14.58,0,"","","",""
RW6,5273,4/24/2024 21:30,14.54,0,"","","",""
RW6,5274,4/24/2024 21:35,14.5,0,"","","",""
RW6,5275,4/24/2024 21:40,14.5,0,"","","",""
RW6,5276,4/24/2024 21:45,14.41,0,"","","",""
RW6,5277,4/24/2024 21:50,14.41,0,"","","",""
RW6,5278,4/24/2024 21:55,14.37,0,"","","",""
RW6,5279,4/24/2024 22:00,14.33,0,"","","",""
RW6,5280,4/24/2024 22:05,14.33,0,"","","",""
RW6,5281,4/24/2024 22:10,14.28,0,"","","",""
RW6,5282,4/24/2024 22:15,14.24,0,"","","",""
RW6,5283,4/24/2024 22:20,14.15,0,"","","",""
RW6,5284,4/24/2024 22:25,14.15,0,"","","",""
RW6,5285,4/24/2024 22:30,14.15,0,"","","",""
RW6,5286,4/24/2024 22:35,14.11,0,"","","",""
RW6,5287,4/24/2024 22:40,14.11,0,"","","",""
RW6,5288,4/24/2024 22:45,14.11,0,"","","",""
RW6,5289,4/24/2024 22:50,14.11,0,"","","",""
RW6,5290,4/24/2024 22:55,14.11,0,"","","",""
RW6,5291,4/24/2024 23:00,14.11,0,"","","",""
RW6,5292,4/24/2024 23:05,14.11,0,"","","",""
RW6,5293,4/24/2024 23:10,14.11,0,"","","",""
RW6,5294,4/24/2024 23:15,14.11,0,"","","",""
RW6,5295,4/24/2024 23:20,14.11,0,"","","",""
RW6,5296,4/24/2024 23:25,14.11,0,"","","",""
RW6,5297,4/24/2024 23:30,14.07,0,"","","",""
RW6,5298,4/24/2024 23:35,14.11,0,"","","",""
RW6,5299,4/24/2024 23:40,14.07,0,"","","",""
RW6,5300,4/24/2024 23:45,14.03,0,"","","",""
RW6,5301,4/24/2024 23:50,14.07,0,"","","",""
RW6,5302,4/24/2024 23:55,14.07,0,"","","",""
RW6,5303,4/25/2024 0:00,14.07,0,"","","",""
RW6,5304,4/25/2024 0:05,14.07,0,"","","",""
RW6,5305,4/25/2024 0:10,14.07,0,"","","",""
RW6,5306,4/25/2024 0:15,14.07,0,"","","",""
RW6,5307,4/25/2024 0:20,13.98,0,"","","",""
RW6,5308,4/25/2024 0:25,14.03,0,"","","",""
RW6,5309,4/25/2024 0:30,13.98,0,"","","",""
RW6,5310,4/25/2024 0:35,14.03,0,"","","",""
RW6,5311,4/25/2024 0:40,13.94,0,"","","",""
RW6,5312,4/25/2024 0:45,13.94,0,"","","",""
RW6,5313,4/25/2024 0:50,13.94,0,"","","",""
RW6,5314,4/25/2024 0:55,13.9,0,"","","",""
RW6,5315,4/25/2024 1:00,13.85,0,"","","",""
RW6,5316,4/25/2024 1:05,13.81,0,"","","",""
RW6,5317,4/25/2024 1:10,13.6,0,"","","",""
RW6,5318,4/25/2024 1:15,13.55,0,"","","",""
RW6,5319,4/25/2024 1:20,13.68,0,"","","",""
RW6,5415,4/25/2024 9:20,13.85,328.96,"","","",""
RW6,5416,4/25/2024 9:25,13.64,1681.28,"","","",""
RW6,5417,4/25/2024 9:30,13.73,961.6,"","","",""
RW6,5418,4/25/2024 9:35,13.68,696.32,"","","",""
RW6,5419,4/25/2024 9:40,13.6,471.52,"","","",""
RW6,5420,4/25/2024 9:45,13.6,2522.88,"","","",""
RW6,5421,4/25/2024 9:50,13.77,1971.84,"","","",""
RW6,5422,4/25/2024 9:55,13.43,1814.4,"","","",""
RW6,5423,4/25/2024 10:00,13.43,412.48,"","","",""
RW6,5424,4/25/2024 10:05,13.47,5032.96,"","","",""
RW6,5425,4/25/2024 10:10,13.51,556.48,"","","",""
RW6,5426,4/25/2024 10:15,13.73,17008.64,"","","",""
RW6,5427,4/25/2024 10:20,13.68,8174.08,"","","",""
RW6,5428,4/25/2024 10:25,13.6,13527.04,"","","",""
RW6,5429,4/25/2024 10:30,13.6,3370.24,"","","",""
RW6,5430,4/25/2024 10:35,13.77,13240.32,"","","",""
RW6,5431,4/25/2024 10:40,13.81,26982.4,"","","",""
RW6,5432,4/25/2024 10:45,13.85,523.2,"","","",""
RW6,5433,4/25/2024 10:50,13.77,7930.88,"","","",""
RW6,5434,4/25/2024 10:55,13.81,22814.72,"","","",""
RW6,5435,4/25/2024 11:00,13.98,1790.72,"","","",""
RW6,5436,4/25/2024 11:05,13.9,8250.88,"","","",""
RW6,5437,4/25/2024 11:10,13.98,4938.24,"","","",""
RW6,5438,4/25/2024 11:15,14.03,7101.44,"","","",""
RW6,5439,4/25/2024 11:20,14.2,7564.8,"","","",""
RW6,5440,4/25/2024 11:25,14.54,38113.28,"","","",""
RW6,5441,4/25/2024 11:30,14.5,15713.28,"","","",""
RW6,5442,4/25/2024 11:35,14.5,13260.8,"","","",""
RW6,5443,4/25/2024 11:40,14.5,9141.76,"","","",""
RW6,5444,4/25/2024 11:45,15.18,11392,"","","",""
RW6,5445,4/25/2024 11:50,15.18,54251.52,"","","",""
RW6,5446,4/25/2024 11:55,15.36,8153.6,"","","",""
RW6,5447,4/25/2024 12:00,15.44,4103.68,"","","",""
RW6,5448,4/25/2024 12:05,15.18,8896,"","","",""
RW6,5449,4/25/2024 12:10,15.23,3663.36,"","","",""
RW6,5450,4/25/2024 12:15,15.48,4720.64,"","","",""
RW6,5451,4/25/2024 12:20,15.57,40273.92,"","","",""
RW6,5452,4/25/2024 12:25,16.08,16424.96,"","","",""
RW6,5453,4/25/2024 12:30,16.47,20674.56,"","","",""
RW6,5454,4/25/2024 12:35,16.86,45158.4,"","","",""
RW6,5455,4/25/2024 12:40,15.96,2260.48,"","","",""
RW6,5456,4/25/2024 12:45,17.63,103137.28,"","","",""
RW6,5457,4/25/2024 12:50,16.64,6282.24,"","","",""
RW6,5458,4/25/2024 12:55,17.24,23490.56,"","","",""
RW6,5459,4/25/2024 13:00,16.08,6144,"","","",""
RW6,5460,4/25/2024 13:05,16.51,20372.48,"","","",""
RW6,5461,4/25/2024 13:10,16.47,16286.72,"","","",""
RW6,5462,4/25/2024 13:15,17.2,6968.32,"","","",""
RW6,5463,4/25/2024 13:20,18.06,11924.48,"","","",""
RW6,5464,4/25/2024 13:25,17.8,34447.36,"","","",""
RW6,5523,4/25/2024 18:20,14.58,1792.64,"","","",""
RW6,5524,4/25/2024 18:25,14.84,2036.48,"","","",""
RW6,5525,4/25/2024 18:30,14.97,1307.84,"","","",""
RW6,5526,4/25/2024 18:35,15.14,1295.68,"","","",""
RW6,5527,4/25/2024 18:40,15.1,2362.24,"","","",""
RW6,5528,4/25/2024 18:45,15.1,603.68,"","","",""
RW6,5529,4/25/2024 18:50,15.1,464.48,"","","",""
RW6,5530,4/25/2024 18:55,15.06,1923.2,"","","",""
RW6,5531,4/25/2024 19:00,14.97,259.6,"","","",""
RW6,5532,4/25/2024 19:05,14.93,979.84,"","","",""
RW6,5533,4/25/2024 19:10,14.93,716.8,"","","",""
RW6,5534,4/25/2024 19:15,14.88,270.96,"","","",""
RW6,5535,4/25/2024 19:20,14.8,20.61,"","","",""
RW6,5536,4/25/2024 19:25,14.8,205.84,"","","",""
RW6,5537,4/25/2024 19:30,14.8,272.72,"","","",""
RW6,5538,4/25/2024 19:35,14.71,22.8,"","","",""
RW6,5539,4/25/2024 19:40,14.71,55.78,"","","",""
RW6,5540,4/25/2024 19:45,14.63,10.28,"","","",""
RW6,5541,4/25/2024 19:50,14.71,7.43,"","","",""
RW6,5542,4/25/2024 19:55,14.75,1.75,"","","",""
RW6,5543,4/25/2024 20:00,14.75,0,"","","",""
RW6,5544,4/25/2024 20:05,14.71,0,"","","",""
RW6,5545,4/25/2024 20:10,14.63,0,"","","",""
RW6,5546,4/25/2024 20:15,14.63,0,"","","",""
RW6,5547,4/25/2024 20:20,14.63,0,"","","",""
RW6,5548,4/25/2024 20:25,14.67,0,"","","",""
RW6,5549,4/25/2024 20:30,14.63,0,"","","",""
RW6,5550,4/25/2024 20:35,14.58,0,"","","",""
RW6,5551,4/25/2024 20:40,14.54,0,"","","",""
RW6,5552,4/25/2024 20:45,14.54,0,"","","",""
RW6,5553,4/25/2024 20:50,14.54,0,"","","",""
RW6,5554,4/25/2024 20:55,14.54,0,"","","",""
RW6,5555,4/25/2024 21:00,14.54,0,"","","",""
RW6,5556,4/25/2024 21:05,14.5,0,"","","",""
RW6,5557,4/25/2024 21:10,14.5,0,"","","",""
RW6,5558,4/25/2024 21:15,14.45,0,"","","",""
RW6,5559,4/25/2024 21:20,14.5,0,"","","",""
RW6,5560,4/25/2024 21:25,14.45,0,"","","",""
RW6,5561,4/25/2024 21:30,14.45,0,"","","",""
RW6,5562,4/25/2024 21:35,14.5,0,"","","",""
RW6,5563,4/25/2024 21:40,14.41,0,"","","",""
RW6,5564,4/25/2024 21:45,14.41,0,"","","",""
RW6,5565,4/25/2024 21:50,14.37,0,"","","",""
RW6,5566,4/25/2024 21:55,14.28,0,"","","",""
RW6,5567,4/25/2024 22:00,14.2,0,"","","",""
RW6,5568,4/25/2024 22:05,14.2,0,"","","",""
RW6,5569,4/25/2024 22:10,14.28,0,"","","",""
RW6,5570,4/25/2024 22:15,14.33,0,"","","",""
RW6,5571,4/25/2024 22:20,14.28,0,"","","",""
RW6,5572,4/25/2024 22:25,14.37,0,"","","",""
RW6,5573,4/25/2024 22:30,14.28,0,"","","",""
RW6,5574,4/25/2024 22:35,14.24,0,"","","",""
RW6,5575,4/25/2024 22:40,14.28,0,"","","",""
RW6,5576,4/25/2024 22:45,14.15,0,"","","",""
RW6,5577,4/25/2024 22:50,14.2,0,"","","",""
RW6,5578,4/25/2024 22:55,14.11,0,"","","",""
RW6,5579,4/25/2024 23:00,14.07,0,"","","",""
RW6,5580,4/25/2024 23:05,14.11,0,"","","",""
RW6,5581,4/25/2024 23:10,14.07,0,"","","",""
RW6,5582,4/25/2024 23:15,14.11,0,"","","",""
RW6,5583,4/25/2024 23:20,14.03,0,"","","",""
RW6,5584,4/25/2024 23:25,14.07,0,"","","",""
RW6,5585,4/25/2024 23:30,14.03,0,"","","",""
RW6,5586,4/25/2024 23:35,14.03,0,"","","",""
RW6,5587,4/25/2024 23:40,14.07,0,"","","",""
RW6,5588,4/25/2024 23:45,14.03,0,"","","",""
RW6,5589,4/25/2024 23:50,14.07,0,"","","",""
RW6,5590,4/25/2024 23:55,14.07,0,"","","",""
RW6,5591,4/26/2024 0:00,13.98,0,"","","",""
RW6,5592,4/26/2024 0:05,13.94,0,"","","",""
RW6,5593,4/26/2024 0:10,13.94,0,"","","",""
RW6,5594,4/26/2024 0:15,14.03,0,"","","",""
RW6,5595,4/26/2024 0:20,13.98,0,"","","",""
RW6,5596,4/26/2024 0:25,13.98,0,"","","",""
RW6,5597,4/26/2024 0:30,13.98,0,"","","",""
RW6,5598,4/26/2024 0:35,13.98,0,"","","",""
RW6,5599,4/26/2024 0:40,13.94,0,"","","",""
RW6,5600,4/26/2024 0:45,13.94,0,"","","",""
RW6,5601,4/26/2024 0:50,13.94,0,"","","",""
RW6,5602,4/26/2024 0:55,13.94,0,"","","",""
RW6,5603,4/26/2024 1:00,13.9,0,"","","",""
RW6,5604,4/26/2024 1:05,13.9,0,"","","",""
RW6,5605,4/26/2024 1:10,13.9,0,"","","",""
RW6,5606,4/26/2024 1:15,13.81,0,"","","",""
RW6,5607,4/26/2024 1:20,13.9,0,"","","",""
RW6,5608,4/26/2024 1:25,13.9,0,"","","",""
RW6,5609,4/26/2024 1:30,13.85,0,"","","",""
RW6,5610,4/26/2024 1:35,13.81,0,"","","",""
RW6,5611,4/26/2024 1:40,13.85,0,"","","",""
RW6,5612,4/26/2024 1:45,13.68,0,"","","",""
RW6,5613,4/26/2024 1:50,13.73,0,"","","",""
RW6,5614,4/26/2024 1:55,13.51,0,"","","",""
RW6,5615,4/26/2024 2:00,13.34,0,"","","",""
RW6,1,4/27/2024 8:54,,,Logged,"","",""
RW6,2,4/27/2024 8:55,25.05,14745.6,"","","",""
RW6,3,4/27/2024 9:00,29.64,15247.36,"","","",""
RW6,4,4/27/2024 9:05,31.96,15482.88,"","","",""
RW6,5,4/27/2024 9:10,33.29,15738.88,"","","",""
RW6,6,4/27/2024 9:15,33.93,16061.44,"","","",""
RW6,7,4/27/2024 9:20,34.23,16471.04,"","","",""
RW6,8,4/27/2024 9:25,35,17008.64,"","","",""
RW6,9,4/27/2024 9:30,35.56,17474.56,"","","",""
RW6,10,4/27/2024 9:35,35.9,17873.92,"","","",""
RW6,11,4/27/2024 9:40,36.55,18058.24,"","","",""
RW6,12,4/27/2024 9:45,37.32,18155.52,"","","",""
RW6,13,4/27/2024 9:50,38.05,17935.36,"","","",""
RW6,14,4/27/2024 9:55,38.44,18053.12,"","","",""
RW6,15,4/27/2024 10:00,39.21,18647.04,"","","",""
RW6,16,4/27/2024 10:05,40.19,19061.76,"","","",""
RW6,17,4/27/2024 10:10,40.84,19409.92,"","","",""
RW6,18,4/27/2024 10:15,41.27,19850.24,"","","",""
RW6,19,4/27/2024 10:20,41.35,20346.88,"","","",""
RW6,20,4/27/2024 10:25,41.61,20674.56,"","","",""
RW6,21,4/27/2024 10:30,42.13,20981.76,"","","",""
RW6,22,4/27/2024 10:35,42.21,21299.2,"","","",""
RW6,23,4/27/2024 10:40,42.38,21596.16,"","","",""
RW6,24,4/27/2024 10:45,42.55,21708.8,"","","",""
RW6,25,4/27/2024 10:50,42.81,21831.68,"","","",""
RW6,26,4/27/2024 10:55,43.07,21268.48,"","","",""
RW6,27,4/27/2024 11:00,43.2,20556.8,"","","",""
RW6,28,4/27/2024 11:05,43.46,21043.2,"","","",""
RW6,29,4/27/2024 11:10,43.58,22712.32,"","","",""
RW6,30,4/27/2024 11:15,43.63,18990.08,"","","",""
RW6,31,4/27/2024 11:20,43.63,18263.04,"","","",""
RW6,32,4/27/2024 11:25,43.16,19650.56,"","","",""
RW6,33,4/27/2024 11:30,42.98,19573.76,"","","",""
RW6,34,4/27/2024 11:35,42.43,21678.08,"","","",""
RW6,35,4/27/2024 11:40,42,23183.36,"","","",""
RW6,36,4/27/2024 11:45,26.68,28375.04,"","","",""
RW6,37,4/27/2024 11:50,23.21,24340.48,"","","",""
RW6,38,4/27/2024 11:55,21.75,29337.6,"","","",""
RW6,39,4/27/2024 12:00,18.96,6568.96,"","","",""
RW6,40,4/27/2024 12:05,19.22,10967.04,"","","",""
RW6,41,4/27/2024 12:10,17.84,5701.12,"","","",""
RW6,42,4/27/2024 12:15,17.76,7825.92,"","","",""
RW6,43,4/27/2024 12:20,16.73,935.04,"","","",""
RW6,44,4/27/2024 12:25,17.72,1534.08,"","","",""
RW6,45,4/27/2024 12:30,17.46,24248.32,"","","",""
RW6,46,4/27/2024 12:35,17.33,15324.16,"","","",""
RW6,47,4/27/2024 12:40,17.67,17817.6,"","","",""
RW6,48,4/27/2024 12:45,18.02,12523.52,"","","",""
RW6,49,4/27/2024 12:50,18.02,14986.24,"","","",""
RW6,50,4/27/2024 12:55,18.4,689.6,"","","",""
RW6,51,4/27/2024 13:00,17.29,10552.32,"","","",""
RW6,52,4/27/2024 13:05,17.84,12072.96,"","","",""
RW6,53,4/27/2024 13:10,17.5,364,"","","",""
RW6,54,4/27/2024 13:15,17.67,3944.96,"","","",""
RW6,55,4/27/2024 13:20,17.76,6310.4,"","","",""
RW6,56,4/27/2024 13:25,16.9,7472.64,"","","",""
RW6,57,4/27/2024 13:30,17.63,3568.64,"","","",""
RW6,58,4/27/2024 13:35,17.8,18068.48,"","","",""
RW6,59,4/27/2024 13:40,16.94,2974.72,"","","",""
RW6,60,4/27/2024 13:45,19.26,30330.88,"","","",""
RW6,61,4/27/2024 13:50,17.16,2453.76,"","","",""
RW6,62,4/27/2024 13:55,18.57,2137.6,"","","",""
RW6,63,4/27/2024 14:00,18.23,5583.36,"","","",""
RW6,64,4/27/2024 14:05,19.3,8952.32,"","","",""
RW6,65,4/27/2024 14:10,19.65,12241.92,"","","",""
RW6,66,4/27/2024 14:15,19.6,20372.48,"","","",""
RW6,67,4/27/2024 14:20,19.22,28569.6,"","","",""
RW6,68,4/27/2024 14:25,19.77,24688.64,"","","",""
RW6,69,4/27/2024 14:30,20.5,22835.2,"","","",""
RW6,70,4/27/2024 14:35,21.15,25825.28,"","","",""
RW6,71,4/27/2024 14:40,20.07,15662.08,"","","",""
RW6,72,4/27/2024 14:45,20.16,19466.24,"","","",""
RW6,73,4/27/2024 14:50,22.99,26071.04,"","","",""
RW6,74,4/27/2024 14:55,23.34,26685.44,"","","",""
RW6,75,4/27/2024 15:00,23.16,21749.76,"","","",""
RW6,76,4/27/2024 15:05,23.03,25989.12,"","","",""
RW6,77,4/27/2024 15:10,22.86,25303.04,"","","",""
RW6,78,4/27/2024 15:15,22.31,23429.12,"","","",""
RW6,79,4/27/2024 15:20,23.64,23183.36,"","","",""
RW6,80,4/27/2024 15:25,26.25,23654.4,"","","",""
RW6,81,4/27/2024 15:30,26.12,18063.36,"","","",""
RW6,82,4/27/2024 15:35,25.44,23705.6,"","","",""
RW6,83,4/27/2024 15:40,27.8,23060.48,"","","",""
RW6,84,4/27/2024 15:45,29.43,22630.4,"","","",""
RW6,85,4/27/2024 15:50,30.28,22466.56,"","","",""
RW6,86,4/27/2024 15:55,30.24,22128.64,"","","",""
RW6,87,4/27/2024 16:00,30.03,21616.64,"","","",""
RW6,88,4/27/2024 16:05,30.03,21155.84,"","","",""
RW6,89,4/27/2024 16:10,30.33,20715.52,"","","",""
RW6,90,4/27/2024 16:15,30.07,20264.96,"","","",""
RW6,91,4/27/2024 16:20,30.71,19932.16,"","","",""
RW6,92,4/27/2024 16:25,30.59,19527.68,"","","",""
RW6,93,4/27/2024 16:30,30.5,19179.52,"","","",""
RW6,94,4/27/2024 16:35,30.24,18862.08,"","","",""
RW6,95,4/27/2024 16:40,29.98,18647.04,"","","",""
RW6,96,4/27/2024 16:45,29.98,18606.08,"","","",""
RW6,97,4/27/2024 16:50,30.33,18672.64,"","","",""
RW6,98,4/27/2024 16:55,30.41,18954.24,"","","",""
RW6,99,4/27/2024 17:00,30.33,19502.08,"","","",""
RW6,100,4/27/2024 17:05,29.98,20101.12,"","","",""
RW6,101,4/27/2024 17:10,29.38,19758.08,"","","",""
RW6,102,4/27/2024 17:15,28.95,18549.76,"","","",""
RW6,103,4/27/2024 17:20,28.4,17075.2,"","","",""
RW6,104,4/27/2024 17:25,28.01,15631.36,"","","",""
RW6,105,4/27/2024 17:30,27.71,14448.64,"","","",""
RW6,106,4/27/2024 17:35,25.82,2981.12,"","","",""
RW6,107,4/27/2024 17:40,20.72,1432.96,"","","",""
RW6,108,4/27/2024 17:45,18.32,1379.2,"","","",""
RW6,109,4/27/2024 17:50,17.03,1448.96,"","","",""
RW6,110,4/27/2024 17:55,15.53,1411.2,"","","",""
RW6,111,4/27/2024 18:00,15.1,1379.2,"","","",""
RW6,112,4/27/2024 18:05,15.1,1040,"","","",""
RW6,113,4/27/2024 18:10,14.8,986.56,"","","",""
RW6,114,4/27/2024 18:15,14.63,942.4,"","","",""
RW6,115,4/27/2024 18:20,14.54,897.92,"","","",""
RW6,116,4/27/2024 18:25,14.75,866.88,"","","",""
RW6,117,4/27/2024 18:30,14.8,730.24,"","","",""
RW6,118,4/27/2024 18:35,14.67,845.76,"","","",""
RW6,119,4/27/2024 18:40,14.75,915.52,"","","",""
RW6,120,4/27/2024 18:45,14.97,424.32,"","","",""
RW6,121,4/27/2024 18:50,15.01,856,"","","",""
RW6,122,4/27/2024 18:55,14.97,296.16,"","","",""
RW6,123,4/27/2024 19:00,14.97,134.44,"","","",""
RW6,124,4/27/2024 19:05,14.93,107.64,"","","",""
RW6,125,4/27/2024 19:10,14.93,138.76,"","","",""
RW6,126,4/27/2024 19:15,14.97,50.46,"","","",""
RW6,127,4/27/2024 19:20,14.93,177.28,"","","",""
RW6,128,4/27/2024 19:25,14.93,107.56,"","","",""
RW6,129,4/27/2024 19:30,14.93,19.6,"","","",""
RW6,130,4/27/2024 19:35,14.93,40.92,"","","",""
RW6,131,4/27/2024 19:40,14.88,36.59,"","","",""
RW6,132,4/27/2024 19:45,14.84,2.66,"","","",""
RW6,133,4/27/2024 19:50,14.8,0.86,"","","",""
RW6,134,4/27/2024 19:55,14.8,1.07,"","","",""
RW6,135,4/27/2024 20:00,14.8,0.07,"","","",""
RW6,136,4/27/2024 20:05,14.71,0,"","","",""
RW6,137,4/27/2024 20:10,14.75,0,"","","",""
RW6,138,4/27/2024 20:15,14.75,0,"","","",""
RW6,139,4/27/2024 20:20,14.71,0,"","","",""
RW6,140,4/27/2024 20:25,14.67,0,"","","",""
RW6,141,4/27/2024 20:30,14.67,0,"","","",""
RW6,142,4/27/2024 20:35,14.71,0,"","","",""
RW6,143,4/27/2024 20:40,14.67,0,"","","",""
RW6,144,4/27/2024 20:45,14.67,0,"","","",""
RW6,145,4/27/2024 20:50,14.67,0,"","","",""
RW6,146,4/27/2024 20:55,14.63,0,"","","",""
RW6,147,4/27/2024 21:00,14.63,0,"","","",""
RW6,148,4/27/2024 21:05,14.67,0,"","","",""
RW6,149,4/27/2024 21:10,14.63,0,"","","",""
RW6,150,4/27/2024 21:15,14.63,0,"","","",""
RW6,151,4/27/2024 21:20,14.58,0,"","","",""
RW6,152,4/27/2024 21:25,14.58,0,"","","",""
RW6,153,4/27/2024 21:30,14.54,0,"","","",""
RW6,154,4/27/2024 21:35,14.63,0,"","","",""
RW6,155,4/27/2024 21:40,14.58,0,"","","",""
RW6,156,4/27/2024 21:45,14.58,0,"","","",""
RW6,157,4/27/2024 21:50,14.54,0,"","","",""
RW6,158,4/27/2024 21:55,14.58,0,"","","",""
RW6,159,4/27/2024 22:00,14.58,0,"","","",""
RW6,160,4/27/2024 22:05,14.54,0,"","","",""
RW6,161,4/27/2024 22:10,14.58,0,"","","",""
RW6,162,4/27/2024 22:15,14.54,0,"","","",""
RW6,163,4/27/2024 22:20,14.45,0,"","","",""
RW6,164,4/27/2024 22:25,14.5,0,"","","",""
RW6,165,4/27/2024 22:30,14.54,0,"","","",""
RW6,166,4/27/2024 22:35,14.54,0,"","","",""
RW6,167,4/27/2024 22:40,14.5,0,"","","",""
RW6,168,4/27/2024 22:45,14.45,0,"","","",""
RW6,169,4/27/2024 22:50,14.5,0,"","","",""
RW6,170,4/27/2024 22:55,14.5,0,"","","",""
RW6,171,4/27/2024 23:00,14.5,0,"","","",""
RW6,172,4/27/2024 23:05,14.5,0,"","","",""
RW6,173,4/27/2024 23:10,14.45,0,"","","",""
RW6,174,4/27/2024 23:15,14.5,0,"","","",""
RW6,175,4/27/2024 23:20,14.45,0,"","","",""
RW6,176,4/27/2024 23:25,14.5,0,"","","",""
RW6,177,4/27/2024 23:30,14.54,0,"","","",""
RW6,178,4/27/2024 23:35,14.45,0,"","","",""
RW6,179,4/27/2024 23:40,14.45,0,"","","",""
RW6,180,4/27/2024 23:45,14.45,0,"","","",""
RW6,181,4/27/2024 23:50,14.5,0,"","","",""
RW6,182,4/27/2024 23:55,14.41,0,"","","",""
RW6,183,4/28/2024 0:00,14.45,0,"","","",""
RW6,184,4/28/2024 0:05,14.5,0,"","","",""
RW6,185,4/28/2024 0:10,14.45,0,"","","",""
RW6,186,4/28/2024 0:15,14.41,0,"","","",""
RW6,187,4/28/2024 0:20,14.41,0,"","","",""
RW6,188,4/28/2024 0:25,14.45,0,"","","",""
RW6,189,4/28/2024 0:30,14.41,0,"","","",""
RW6,190,4/28/2024 0:35,14.37,0,"","","",""
RW6,191,4/28/2024 0:40,14.37,0,"","","",""
RW6,192,4/28/2024 0:45,14.37,0,"","","",""
RW6,193,4/28/2024 0:50,14.41,0,"","","",""
RW6,194,4/28/2024 0:55,14.37,0,"","","",""
RW6,195,4/28/2024 1:00,14.41,0,"","","",""
RW6,196,4/28/2024 1:05,14.41,0,"","","",""
RW6,197,4/28/2024 1:10,14.33,0,"","","",""
RW6,198,4/28/2024 1:15,14.33,0,"","","",""
RW6,199,4/28/2024 1:20,14.33,0,"","","",""
RW6,200,4/28/2024 1:25,14.33,0,"","","",""
RW6,201,4/28/2024 1:30,14.33,0,"","","",""
RW6,202,4/28/2024 1:35,14.24,0,"","","",""
RW6,203,4/28/2024 1:40,14.2,0,"","","",""
RW6,204,4/28/2024 1:45,14.2,0,"","","",""
RW6,205,4/28/2024 1:50,14.2,0,"","","",""
RW6,206,4/28/2024 1:55,14.2,0,"","","",""
RW6,207,4/28/2024 2:00,14.11,0,"","","",""
RW6,208,4/28/2024 2:05,14.11,0,"","","",""
RW6,209,4/28/2024 2:10,14.11,0,"","","",""
RW6,210,4/28/2024 2:15,14.07,0,"","","",""
RW6,211,4/28/2024 2:20,14.11,0,"","","",""
RW6,212,4/28/2024 2:25,14.03,0,"","","",""
RW6,213,4/28/2024 2:30,14.03,0,"","","",""
RW6,214,4/28/2024 2:35,13.98,0,"","","",""
RW6,215,4/28/2024 2:40,13.98,0,"","","",""
RW6,216,4/28/2024 2:45,13.94,0,"","","",""
RW6,217,4/28/2024 2:50,13.94,0,"","","",""
RW6,218,4/28/2024 2:55,13.9,0,"","","",""
RW6,219,4/28/2024 3:00,13.85,0,"","","",""
RW6,220,4/28/2024 3:05,13.81,0,"","","",""
RW6,221,4/28/2024 3:10,13.73,0,"","","",""
RW6,222,4/28/2024 3:15,13.6,0,"","","",""
RW6,223,4/28/2024 3:20,13,0,"","","",""
RW6,224,4/28/2024 3:25,12.7,0,"","","",""
RW6,225,4/28/2024 3:30,12.05,0,"","","",""
RW6,226,4/28/2024 3:35,11.62,0,"","","",""
RW6,227,4/28/2024 3:40,11.54,0,"","","",""
RW6,228,4/28/2024 3:45,11.41,0,"","","",""
RW6,229,4/28/2024 3:50,11.24,0,"","","",""
RW6,230,4/28/2024 3:55,11.11,0,"","","",""
RW6,231,4/28/2024 4:00,10.81,0,"","","",""
RW6,232,4/28/2024 4:05,10.89,0,"","","",""
RW6,233,4/28/2024 4:10,10.89,0,"","","",""
RW6,234,4/28/2024 4:15,10.94,0,"","","",""
RW6,235,4/28/2024 4:20,10.98,0,"","","",""
RW6,236,4/28/2024 4:25,11.15,0,"","","",""
RW6,237,4/28/2024 4:30,11.28,0.07,"","","",""
RW6,238,4/28/2024 4:35,11.37,0,"","","",""
RW6,239,4/28/2024 4:40,11.37,0,"","","",""
RW6,240,4/28/2024 4:45,11.37,0.07,"","","",""
RW6,241,4/28/2024 4:50,11.32,0,"","","",""
RW6,242,4/28/2024 4:55,11.37,0,"","","",""
RW6,243,4/28/2024 5:00,11.28,0,"","","",""
RW6,244,4/28/2024 5:05,11.24,0,"","","",""
RW6,245,4/28/2024 5:10,10.98,0,"","","",""
RW6,246,4/28/2024 5:15,11.15,0,"","","",""
RW6,247,4/28/2024 5:20,11.19,0,"","","",""
RW6,248,4/28/2024 5:25,11.28,0,"","","",""
RW6,249,4/28/2024 5:30,11.49,0,"","","",""
RW6,250,4/28/2024 5:35,11.58,0,"","","",""
RW6,251,4/28/2024 5:40,11.67,0.28,"","","",""
RW6,252,4/28/2024 5:45,11.75,1.07,"","","",""
RW6,253,4/28/2024 5:50,11.88,3.45,"","","",""
RW6,254,4/28/2024 5:55,11.84,10.08,"","","",""
RW6,255,4/28/2024 6:00,11.79,23.36,"","","",""
RW6,256,4/28/2024 6:05,11.75,46.76,"","","",""
RW6,257,4/28/2024 6:10,11.75,84,"","","",""
RW6,258,4/28/2024 6:15,11.75,131.56,"","","",""
RW6,259,4/28/2024 6:20,11.75,199.52,"","","",""
RW6,260,4/28/2024 6:25,11.84,265.44,"","","",""
RW6,261,4/28/2024 6:30,12.05,342.24,"","","",""
RW6,262,4/28/2024 6:35,12.1,400.16,"","","",""
RW6,263,4/28/2024 6:40,12.18,471.04,"","","",""
RW6,264,4/28/2024 6:45,12.35,538.08,"","","",""
RW6,265,4/28/2024 6:50,12.61,654.72,"","","",""
RW6,266,4/28/2024 6:55,12.91,724.16,"","","",""
RW6,267,4/28/2024 7:00,13.47,929.92,"","","",""
RW6,268,4/28/2024 7:05,14.2,1158.72,"","","",""
RW6,269,4/28/2024 7:10,15.1,1313.92,"","","",""
RW6,270,4/28/2024 7:15,15.78,1474.56,"","","",""
RW6,271,4/28/2024 7:20,16.64,1636.48,"","","",""
RW6,272,4/28/2024 7:25,16.81,1841.28,"","","",""
RW6,273,4/28/2024 7:30,17.11,1342.72,"","","",""
RW6,274,4/28/2024 7:35,17.84,2476.8,"","","",""
RW6,275,4/28/2024 7:40,18.53,3114.24,"","","",""
RW6,276,4/28/2024 7:45,18.53,3614.72,"","","",""
RW6,277,4/28/2024 7:50,19.39,3937.28,"","","",""
RW6,278,4/28/2024 7:55,20.07,4254.72,"","","",""
RW6,279,4/28/2024 8:00,20.72,4573.44,"","","",""
RW6,280,4/28/2024 8:05,21.23,4944.64,"","","",""
RW6,281,4/28/2024 8:10,21.7,5463.04,"","","",""
RW6,282,4/28/2024 8:15,22.39,6010.88,"","","",""
RW6,283,4/28/2024 8:20,23.08,6653.44,"","","",""
RW6,284,4/28/2024 8:25,23.85,7272.96,"","","",""
RW6,285,4/28/2024 8:30,24.66,7912.96,"","","",""
RW6,286,4/28/2024 8:35,25.61,8327.68,"","","",""
RW6,287,4/28/2024 8:40,25.82,11120.64,"","","",""
RW6,288,4/28/2024 8:45,26.51,10447.36,"","","",""
RW6,289,4/28/2024 8:50,27.58,10536.96,"","","",""
RW6,290,4/28/2024 8:55,28.31,9594.88,"","","",""
RW6,291,4/28/2024 9:00,28.57,8148.48,"","","",""
RW6,292,4/28/2024 9:05,28.95,8542.72,"","","",""
RW6,293,4/28/2024 9:10,29.43,9236.48,"","","",""
RW6,294,4/28/2024 9:15,29.68,9697.28,"","","",""
RW6,295,4/28/2024 9:20,30.71,9953.28,"","","",""
RW6,296,4/28/2024 9:25,31.14,9809.92,"","","",""
RW6,297,4/28/2024 9:30,31.4,8867.84,"","","",""
RW6,298,4/28/2024 9:35,31.92,7559.68,"","","",""
RW6,299,4/28/2024 9:40,32.99,6174.72,"","","",""
RW6,300,4/28/2024 9:45,33.33,5118.72,"","","",""
RW6,301,4/28/2024 9:50,33.8,6213.12,"","","",""
RW6,302,4/28/2024 9:55,34.79,8445.44,"","","",""
RW6,303,4/28/2024 10:00,35.3,8801.28,"","","",""
RW6,304,4/28/2024 10:05,35.86,10022.4,"","","",""
RW6,305,4/28/2024 10:10,36.25,11125.76,"","","",""
RW6,306,4/28/2024 10:15,36.63,11581.44,"","","",""
RW6,307,4/28/2024 10:20,36.81,12129.28,"","","",""
RW6,308,4/28/2024 10:25,37.32,12764.16,"","","",""
RW6,309,4/28/2024 10:30,37.75,13337.6,"","","",""
RW6,310,4/28/2024 10:35,38.09,13885.44,"","","",""
RW6,311,4/28/2024 10:40,38.56,14540.8,"","","",""
RW6,312,4/28/2024 10:45,38.69,15032.32,"","","",""
RW6,313,4/28/2024 10:50,38.44,15462.4,"","","",""
RW6,314,4/28/2024 10:55,38.78,16092.16,"","","",""
RW6,315,4/28/2024 11:00,38.86,17013.76,"","","",""
RW6,316,4/28/2024 11:05,39.21,18309.12,"","","",""
RW6,317,4/28/2024 11:10,39.38,19000.32,"","","",""
RW6,318,4/28/2024 11:15,39.38,19353.6,"","","",""
RW6,319,4/28/2024 11:20,39.51,19420.16,"","","",""
RW6,320,4/28/2024 11:25,39.29,19394.56,"","","",""
RW6,321,4/28/2024 11:30,39.25,19266.56,"","","",""
RW6,322,4/28/2024 11:35,39.42,19394.56,"","","",""
RW6,323,4/28/2024 11:40,39.68,19568.64,"","","",""
RW6,324,4/28/2024 11:45,39.81,19722.24,"","","",""
RW6,325,4/28/2024 11:50,39.89,19696.64,"","","",""
RW6,326,4/28/2024 11:55,40.28,26112,"","","",""
RW6,327,4/28/2024 12:00,40.8,22620.16,"","","",""
RW6,328,4/28/2024 12:05,40.8,21688.32,"","","",""
RW6,329,4/28/2024 12:10,40.84,20090.88,"","","",""
RW6,330,4/28/2024 12:15,40.92,20254.72,"","","",""
RW6,331,4/28/2024 12:20,40.88,21340.16,"","","",""
RW6,332,4/28/2024 12:25,40.84,22292.48,"","","",""
RW6,333,4/28/2024 12:30,40.75,23142.4,"","","",""
RW6,334,4/28/2024 12:35,39.98,23377.92,"","","",""
RW6,335,4/28/2024 12:40,39.47,23592.96,"","","",""
RW6,336,4/28/2024 12:45,38.56,23644.16,"","","",""
RW6,337,4/28/2024 12:50,38.48,23982.08,"","","",""
RW6,338,4/28/2024 12:55,38.78,24207.36,"","","",""
RW6,339,4/28/2024 13:00,38.14,24381.44,"","","",""
RW6,340,4/28/2024 13:05,37.62,24473.6,"","","",""
RW6,341,4/28/2024 13:10,35.86,31068.16,"","","",""
RW6,342,4/28/2024 13:15,36.63,31160.32,"","","",""
RW6,343,4/28/2024 13:20,35.82,31078.4,"","","",""
RW6,344,4/28/2024 13:25,33.55,31221.76,"","","",""
RW6,345,4/28/2024 13:30,33.93,31160.32,"","","",""
RW6,346,4/28/2024 13:35,31.44,31016.96,"","","",""
RW6,347,4/28/2024 13:40,29.38,31006.72,"","","",""
RW6,348,4/28/2024 13:45,29.17,30760.96,"","","",""
RW6,349,4/28/2024 13:50,30.46,30453.76,"","","",""
RW6,350,4/28/2024 13:55,27.07,30156.8,"","","",""
RW6,351,4/28/2024 14:00,27.41,30310.4,"","","",""
RW6,352,4/28/2024 14:05,26.55,29255.68,"","","",""
RW6,353,4/28/2024 14:10,24.88,24166.4,"","","",""
RW6,354,4/28/2024 14:15,24.75,28037.12,"","","",""
RW6,355,4/28/2024 14:20,23.72,19604.48,"","","",""
RW6,356,4/28/2024 14:25,24.02,10639.36,"","","",""
RW6,357,4/28/2024 14:30,22.65,8908.8,"","","",""
RW6,358,4/28/2024 14:35,22.26,10577.92,"","","",""
RW6,359,4/28/2024 14:40,22.18,14714.88,"","","",""
RW6,360,4/28/2024 14:45,21.88,18135.04,"","","",""
RW6,361,4/28/2024 14:50,22.48,11944.96,"","","",""
RW6,362,4/28/2024 14:55,22.52,16773.12,"","","",""
RW6,363,4/28/2024 15:00,21.96,16486.4,"","","",""
RW6,364,4/28/2024 15:05,22.61,6789.12,"","","",""
RW6,365,4/28/2024 15:10,25.09,6415.36,"","","",""
RW6,366,4/28/2024 15:15,24.19,7329.28,"","","",""
RW6,367,4/28/2024 15:20,25.14,20382.72,"","","",""
RW6,368,4/28/2024 15:25,24.06,5831.68,"","","",""
RW6,369,4/28/2024 15:30,24.62,4396.8,"","","",""
RW6,370,4/28/2024 15:35,23.68,10531.84,"","","",""
RW6,371,4/28/2024 15:40,23.64,7616,"","","",""
RW6,372,4/28/2024 15:45,23.51,9797.12,"","","",""
RW6,373,4/28/2024 15:50,24.24,7769.6,"","","",""
RW6,374,4/28/2024 15:55,24.36,8983.04,"","","",""
RW6,375,4/28/2024 16:00,24.79,8465.92,"","","",""
RW6,376,4/28/2024 16:05,23.85,10608.64,"","","",""
RW6,377,4/28/2024 16:10,23.03,17648.64,"","","",""
RW6,378,4/28/2024 16:15,22.56,4364.8,"","","",""
RW6,379,4/28/2024 16:20,23.29,5045.76,"","","",""
RW6,380,4/28/2024 16:25,24.19,14064.64,"","","",""
RW6,381,4/28/2024 16:30,25.22,13839.36,"","","",""
RW6,382,4/28/2024 16:35,26.3,13194.24,"","","",""
RW6,383,4/28/2024 16:40,26.3,14914.56,"","","",""
RW6,384,4/28/2024 16:45,24.71,16133.12,"","","",""
RW6,385,4/28/2024 16:50,24.15,18222.08,"","","",""
RW6,386,4/28/2024 16:55,23.16,13629.44,"","","",""
RW6,387,4/28/2024 17:00,24.02,12620.8,"","","",""
RW6,388,4/28/2024 17:05,24.54,13619.2,"","","",""
RW6,389,4/28/2024 17:10,24.75,14504.96,"","","",""
RW6,390,4/28/2024 17:15,24.15,14515.2,"","","",""
RW6,391,4/28/2024 17:20,24.45,13419.52,"","","",""
RW6,392,4/28/2024 17:25,23.12,12513.28,"","","",""
RW6,393,4/28/2024 17:30,21.49,10828.8,"","","",""
RW6,394,4/28/2024 17:35,19.73,1157.12,"","","",""
RW6,395,4/28/2024 17:40,17.33,1461.76,"","","",""
RW6,396,4/28/2024 17:45,16.56,1388.8,"","","",""
RW6,397,4/28/2024 17:50,16.21,1320.96,"","","",""
RW6,398,4/28/2024 17:55,16.04,1256.64,"","","",""
RW6,399,4/28/2024 18:00,15.96,1207.36,"","","",""
RW6,400,4/28/2024 18:05,15.87,1158.08,"","","",""
RW6,401,4/28/2024 18:10,16.21,1105.28,"","","",""
RW6,402,4/28/2024 18:15,16.39,918.4,"","","",""
RW6,403,4/28/2024 18:20,16,937.92,"","","",""
RW6,404,4/28/2024 18:25,16.08,1498.88,"","","",""
RW6,405,4/28/2024 18:30,16.39,825.6,"","","",""
RW6,406,4/28/2024 18:35,16.39,806.72,"","","",""
RW6,407,4/28/2024 18:40,16.39,485.92,"","","",""
RW6,408,4/28/2024 18:45,16.3,517.44,"","","",""
RW6,409,4/28/2024 18:50,16.39,571.04,"","","",""
RW6,410,4/28/2024 18:55,16.47,250.56,"","","",""
RW6,411,4/28/2024 19:00,16.51,252.56,"","","",""
RW6,412,4/28/2024 19:05,16.51,225.2,"","","",""
RW6,413,4/28/2024 19:10,16.51,130.44,"","","",""
RW6,414,4/28/2024 19:15,16.56,209.84,"","","",""
RW6,415,4/28/2024 19:20,16.47,100.04,"","","",""
RW6,416,4/28/2024 19:25,16.51,160.84,"","","",""
RW6,417,4/28/2024 19:30,16.47,41.24,"","","",""
RW6,418,4/28/2024 19:35,16.43,1.64,"","","",""
RW6,419,4/28/2024 19:40,16.39,8.06,"","","",""
RW6,420,4/28/2024 19:45,16.34,1.72,"","","",""
RW6,421,4/28/2024 19:50,16.3,3.01,"","","",""
RW6,422,4/28/2024 19:55,16.3,0.64,"","","",""
RW6,423,4/28/2024 20:00,16.26,0.5,"","","",""
RW6,424,4/28/2024 20:05,16.21,0,"","","",""
RW6,425,4/28/2024 20:10,16.17,0,"","","",""
RW6,426,4/28/2024 20:15,16.21,0,"","","",""
RW6,427,4/28/2024 20:20,16.13,0,"","","",""
RW6,428,4/28/2024 20:25,16.13,0,"","","",""
RW6,429,4/28/2024 20:30,16.08,0,"","","",""
RW6,430,4/28/2024 20:35,16.13,0,"","","",""
RW6,431,4/28/2024 20:40,16.08,0,"","","",""
RW6,432,4/28/2024 20:45,16.08,0,"","","",""
RW6,433,4/28/2024 20:50,16,0,"","","",""
RW6,434,4/28/2024 20:55,15.96,0,"","","",""
RW6,435,4/28/2024 21:00,16,0,"","","",""
RW6,436,4/28/2024 21:05,15.96,0,"","","",""
RW6,437,4/28/2024 21:10,15.96,0,"","","",""
RW6,438,4/28/2024 21:15,15.96,0,"","","",""
RW6,439,4/28/2024 21:20,15.91,0,"","","",""
RW6,440,4/28/2024 21:25,15.96,0,"","","",""
RW6,441,4/28/2024 21:30,15.91,0,"","","",""
RW6,442,4/28/2024 21:35,15.91,0,"","","",""
RW6,443,4/28/2024 21:40,15.87,0,"","","",""
RW6,444,4/28/2024 21:45,15.87,0,"","","",""
RW6,445,4/28/2024 21:50,15.91,0,"","","",""
RW6,446,4/28/2024 21:55,15.83,0,"","","",""
RW6,447,4/28/2024 22:00,15.83,0,"","","",""
RW6,448,4/28/2024 22:05,15.83,0,"","","",""
RW6,449,4/28/2024 22:10,15.78,0,"","","",""
RW6,450,4/28/2024 22:15,15.74,0,"","","",""
RW6,451,4/28/2024 22:20,15.78,0,"","","",""
RW6,452,4/28/2024 22:25,15.78,0,"","","",""
RW6,453,4/28/2024 22:30,15.7,0,"","","",""
RW6,454,4/28/2024 22:35,15.7,0,"","","",""
RW6,455,4/28/2024 22:40,15.7,0,"","","",""
RW6,456,4/28/2024 22:45,15.7,0,"","","",""
RW6,457,4/28/2024 22:50,15.7,0,"","","",""
RW6,458,4/28/2024 22:55,15.61,0,"","","",""
RW6,459,4/28/2024 23:00,15.57,0,"","","",""
RW6,460,4/28/2024 23:05,15.61,0,"","","",""
RW6,461,4/28/2024 23:10,15.57,0,"","","",""
RW6,462,4/28/2024 23:15,15.53,0,"","","",""
RW6,463,4/28/2024 23:20,15.57,0,"","","",""
RW6,464,4/28/2024 23:25,15.53,0,"","","",""
RW6,465,4/28/2024 23:30,15.48,0,"","","",""
RW6,466,4/28/2024 23:35,15.4,0,"","","",""
RW6,467,4/28/2024 23:40,15.4,0,"","","",""
RW6,468,4/28/2024 23:45,15.44,0,"","","",""
RW6,469,4/28/2024 23:50,15.4,0,"","","",""
RW6,470,4/28/2024 23:55,15.4,0,"","","",""
RW6,471,4/29/2024 0:00,15.31,0,"","","",""
RW6,472,4/29/2024 0:05,15.36,0,"","","",""
RW6,473,4/29/2024 0:10,15.36,0,"","","",""
RW6,474,4/29/2024 0:15,15.4,0,"","","",""
RW6,475,4/29/2024 0:20,15.31,0,"","","",""
RW6,476,4/29/2024 0:25,15.27,0,"","","",""
RW6,477,4/29/2024 0:30,15.27,0,"","","",""
RW6,478,4/29/2024 0:35,15.31,0,"","","",""
RW6,479,4/29/2024 0:40,15.23,0,"","","",""
RW6,480,4/29/2024 0:45,15.18,0,"","","",""
RW6,481,4/29/2024 0:50,15.18,0,"","","",""
RW6,482,4/29/2024 0:55,15.14,0,"","","",""
RW6,483,4/29/2024 1:00,15.1,0,"","","",""
RW6,484,4/29/2024 1:05,15.1,0,"","","",""
RW6,485,4/29/2024 1:10,15.06,0,"","","",""
RW6,486,4/29/2024 1:15,15.06,0,"","","",""
RW6,487,4/29/2024 1:20,15.06,0,"","","",""
RW6,488,4/29/2024 1:25,15.01,0,"","","",""
RW6,489,4/29/2024 1:30,14.97,0,"","","",""
RW6,490,4/29/2024 1:35,14.93,0,"","","",""
RW6,491,4/29/2024 1:40,14.93,0,"","","",""
RW6,492,4/29/2024 1:45,14.93,0,"","","",""
RW6,493,4/29/2024 1:50,14.93,0,"","","",""
RW6,494,4/29/2024 1:55,14.88,0,"","","",""
RW6,495,4/29/2024 2:00,14.88,0,"","","",""
RW6,496,4/29/2024 2:05,14.88,0,"","","",""
RW6,497,4/29/2024 2:10,14.84,0,"","","",""
RW6,498,4/29/2024 2:15,14.75,0,"","","",""
RW6,499,4/29/2024 2:20,14.75,0,"","","",""
RW6,500,4/29/2024 2:25,14.71,0,"","","",""
RW6,501,4/29/2024 2:30,14.71,0,"","","",""
RW6,502,4/29/2024 2:35,14.67,0,"","","",""
RW6,503,4/29/2024 2:40,14.75,0,"","","",""
RW6,504,4/29/2024 2:45,14.71,0,"","","",""
RW6,505,4/29/2024 2:50,14.67,0,"","","",""
RW6,506,4/29/2024 2:55,14.63,0,"","","",""
RW6,507,4/29/2024 3:00,14.58,0,"","","",""
RW6,508,4/29/2024 3:05,14.5,0,"","","",""
RW6,509,4/29/2024 3:10,14.54,0,"","","",""
RW6,510,4/29/2024 3:15,14.45,0,"","","",""
RW6,511,4/29/2024 3:20,14.45,0,"","","",""
RW6,512,4/29/2024 3:25,14.41,0,"","","",""
RW6,513,4/29/2024 3:30,14.37,0,"","","",""
RW6,514,4/29/2024 3:35,14.37,0,"","","",""
RW6,515,4/29/2024 3:40,14.37,0,"","","",""
RW6,516,4/29/2024 3:45,14.28,0,"","","",""
RW6,517,4/29/2024 3:50,14.28,0,"","","",""
RW6,518,4/29/2024 3:55,14.24,0,"","","",""
RW6,519,4/29/2024 4:00,14.2,0,"","","",""
RW6,520,4/29/2024 4:05,14.11,0,"","","",""
RW6,521,4/29/2024 4:10,13.98,0,"","","",""
RW6,522,4/29/2024 4:15,13.47,0,"","","",""
RW6,523,4/29/2024 4:20,12.91,0,"","","",""
RW6,524,4/29/2024 4:25,12.48,0,"","","",""
RW6,525,4/29/2024 4:30,12.31,0,"","","",""
RW6,526,4/29/2024 4:35,12.27,0,"","","",""
RW6,527,4/29/2024 4:40,12.18,0,"","","",""
RW6,528,4/29/2024 4:45,12.1,0,"","","",""
RW6,529,4/29/2024 4:50,12.05,0,"","","",""
RW6,530,4/29/2024 4:55,11.88,0,"","","",""
RW6,531,4/29/2024 5:00,11.79,0,"","","",""
RW6,532,4/29/2024 5:05,11.75,0,"","","",""
RW6,533,4/29/2024 5:10,11.84,0,"","","",""
RW6,534,4/29/2024 5:15,12.27,0,"","","",""
RW6,535,4/29/2024 5:20,12.7,0,"","","",""
RW6,536,4/29/2024 5:25,12.87,0,"","","",""
RW6,537,4/29/2024 5:30,12.95,0,"","","",""
RW6,538,4/29/2024 5:35,13.12,0.14,"","","",""
RW6,539,4/29/2024 5:40,13.17,0.5,"","","",""
RW6,540,4/29/2024 5:45,13.38,1.72,"","","",""
RW6,541,4/29/2024 5:50,13.47,5.33,"","","",""
RW6,542,4/29/2024 5:55,13.6,14.55,"","","",""
RW6,543,4/29/2024 6:00,13.6,31.71,"","","",""
RW6,544,4/29/2024 6:05,13.64,64.86,"","","",""
RW6,545,4/29/2024 6:10,13.77,115.68,"","","",""
RW6,546,4/29/2024 6:15,13.73,182,"","","",""
RW6,547,4/29/2024 6:20,13.68,255.52,"","","",""
RW6,548,4/29/2024 6:25,13.68,336.8,"","","",""
RW6,549,4/29/2024 6:30,13.9,464.64,"","","",""
RW6,550,4/29/2024 6:35,13.98,526.24,"","","",""
RW6,551,4/29/2024 6:40,14.11,680.96,"","","",""
RW6,552,4/29/2024 6:45,14.28,818.24,"","","",""
RW6,553,4/29/2024 6:50,14.33,914.56,"","","",""
RW6,554,4/29/2024 6:55,14.45,950.4,"","","",""
RW6,555,4/29/2024 7:00,14.67,1347.2,"","","",""
RW6,556,4/29/2024 7:05,14.8,1177.6,"","","",""
RW6,557,4/29/2024 7:10,15.01,1772.8,"","","",""
RW6,558,4/29/2024 7:15,15.4,2355.2,"","","",""
RW6,559,4/29/2024 7:20,15.66,2382.72,"","","",""
RW6,560,4/29/2024 7:25,15.78,2453.76,"","","",""
RW6,561,4/29/2024 7:30,15.91,2175.36,"","","",""
RW6,562,4/29/2024 7:35,15.96,2442.24,"","","",""
RW6,563,4/29/2024 7:40,16.3,2946.56,"","","",""
RW6,564,4/29/2024 7:45,16.6,3251.2,"","","",""
RW6,565,4/29/2024 7:50,16.94,3545.6,"","","",""
RW6,566,4/29/2024 7:55,17.03,3438.08,"","","",""
RW6,567,4/29/2024 8:00,17.2,3270.4,"","","",""
RW6,568,4/29/2024 8:05,17.24,3270.4,"","","",""
RW6,569,4/29/2024 8:10,17.72,5690.88,"","","",""
RW6,570,4/29/2024 8:15,17.97,3980.8,"","","",""
RW6,571,4/29/2024 8:20,18.32,5754.88,"","","",""
RW6,572,4/29/2024 8:25,18.74,4887.04,"","","",""
RW6,573,4/29/2024 8:30,18.87,5268.48,"","","",""
RW6,574,4/29/2024 8:35,19.73,6397.44,"","","",""
RW6,575,4/29/2024 8:40,20.85,6947.84,"","","",""
RW6,576,4/29/2024 8:45,22.01,8064,"","","",""
RW6,577,4/29/2024 8:50,23.16,9751.04,"","","",""
RW6,578,4/29/2024 8:55,25.69,13271.04,"","","",""
RW6,579,4/29/2024 9:00,27.8,10273.28,"","","",""
RW6,580,4/29/2024 9:05,26.85,11852.8,"","","",""
RW6,581,4/29/2024 9:10,25.82,7459.84,"","","",""
RW6,582,4/29/2024 9:15,26.77,7782.4,"","","",""
RW6,583,4/29/2024 9:20,27.63,10695.68,"","","",""
RW6,584,4/29/2024 9:25,28.1,8117.76,"","","",""
RW6,585,4/29/2024 9:30,28.1,9438.72,"","","",""
RW6,586,4/29/2024 9:35,29.64,8775.68,"","","",""
RW6,587,4/29/2024 9:40,29.81,9879.04,"","","",""
RW6,588,4/29/2024 9:45,29.47,9118.72,"","","",""
RW6,589,4/29/2024 9:50,29.77,9612.8,"","","",""
RW6,590,4/29/2024 9:55,30.11,8755.2,"","","",""
RW6,591,4/29/2024 10:00,29.64,9820.16,"","","",""
RW6,592,4/29/2024 10:05,29.94,11197.44,"","","",""
RW6,593,4/29/2024 10:10,30.93,11735.04,"","","",""
RW6,594,4/29/2024 10:15,30.97,11796.48,"","","",""
RW6,595,4/29/2024 10:20,32.13,16128,"","","",""
RW6,596,4/29/2024 10:25,33.03,11678.72,"","","",""
RW6,597,4/29/2024 10:30,32.17,12887.04,"","","",""
RW6,598,4/29/2024 10:35,31.01,11110.4,"","","",""
RW6,599,4/29/2024 10:40,30.11,12477.44,"","","",""
RW6,600,4/29/2024 10:45,30.5,12359.68,"","","",""
RW6,601,4/29/2024 10:50,30.89,13209.6,"","","",""
RW6,602,4/29/2024 10:55,31.4,14617.6,"","","",""
RW6,603,4/29/2024 11:00,31.36,13537.28,"","","",""
RW6,604,4/29/2024 11:05,30.46,14689.28,"","","",""
RW6,605,4/29/2024 11:10,31.92,19548.16,"","","",""
RW6,606,4/29/2024 11:15,33.42,18626.56,"","","",""
RW6,607,4/29/2024 11:20,34.4,22507.52,"","","",""
RW6,608,4/29/2024 11:25,34.75,21350.4,"","","",""
RW6,609,4/29/2024 11:30,35.52,22476.8,"","","",""
RW6,610,4/29/2024 11:35,36.89,20720.64,"","","",""
RW6,611,4/29/2024 11:40,36.63,21186.56,"","","",""
RW6,612,4/29/2024 11:45,35.99,20403.2,"","","",""
RW6,613,4/29/2024 11:50,35.43,21903.36,"","","",""
RW6,614,4/29/2024 11:55,35.22,24391.68,"","","",""
RW6,615,4/29/2024 12:00,35.43,25589.76,"","","",""
RW6,616,4/29/2024 12:05,35.22,24186.88,"","","",""
RW6,617,4/29/2024 12:10,35.05,27525.12,"","","",""
RW6,618,4/29/2024 12:15,33.97,21708.8,"","","",""
RW6,619,4/29/2024 12:20,33.33,25876.48,"","","",""
RW6,620,4/29/2024 12:25,32.9,21678.08,"","","",""
RW6,621,4/29/2024 12:30,32.52,25026.56,"","","",""
RW6,622,4/29/2024 12:35,32.22,18037.76,"","","",""
RW6,623,4/29/2024 12:40,32.99,23500.8,"","","",""
RW6,624,4/29/2024 12:45,33.37,27156.48,"","","",""
RW6,625,4/29/2024 12:50,33.89,28569.6,"","","",""
RW6,626,4/29/2024 12:55,33.85,22650.88,"","","",""
RW6,627,4/29/2024 13:00,32.56,19281.92,"","","",""
RW6,628,4/29/2024 13:05,31.61,24627.2,"","","",""
RW6,629,4/29/2024 13:10,31.66,22312.96,"","","",""
RW6,630,4/29/2024 13:15,31.14,21760,"","","",""
RW6,631,4/29/2024 13:20,30.54,19153.92,"","","",""
RW6,632,4/29/2024 13:25,30.54,20951.04,"","","",""
RW6,633,4/29/2024 13:30,30.33,25384.96,"","","",""
RW6,634,4/29/2024 13:35,30.24,20101.12,"","","",""
RW6,635,4/29/2024 13:40,29.73,19686.4,"","","",""
RW6,636,4/29/2024 13:45,29.86,18442.24,"","","",""
RW6,637,4/29/2024 13:50,30.33,20807.68,"","","",""
RW6,638,4/29/2024 13:55,30.67,21032.96,"","","",""
RW6,639,4/29/2024 14:00,30.76,18073.6,"","","",""
RW6,640,4/29/2024 14:05,30.16,24115.2,"","","",""
RW6,641,4/29/2024 14:10,30.89,20218.88,"","","",""
RW6,642,4/29/2024 14:15,28.65,19046.4,"","","",""
RW6,643,4/29/2024 14:20,29.13,24586.24,"","","",""
RW6,644,4/29/2024 14:25,27.71,29460.48,"","","",""
RW6,645,4/29/2024 14:30,27.93,28129.28,"","","",""
RW6,646,4/29/2024 14:35,25.74,26306.56,"","","",""
RW6,647,4/29/2024 14:40,24.79,26644.48,"","","",""
RW6,648,4/29/2024 14:45,23.25,27637.76,"","","",""
RW6,649,4/29/2024 14:50,23.94,26490.88,"","","",""
RW6,650,4/29/2024 14:55,23.25,12651.52,"","","",""
RW6,651,4/29/2024 15:00,22.99,33925.12,"","","",""
RW6,652,4/29/2024 15:05,20.89,9300.48,"","","",""
RW6,653,4/29/2024 15:10,21.58,19107.84,"","","",""
RW6,654,4/29/2024 15:15,20.68,12334.08,"","","",""
RW6,655,4/29/2024 15:20,20.63,17576.96,"","","",""
RW6,656,4/29/2024 15:25,20.72,20413.44,"","","",""
RW6,657,4/29/2024 15:30,19.9,3262.72,"","","",""
RW6,658,4/29/2024 15:35,19.43,8878.08,"","","",""
RW6,659,4/29/2024 15:40,19.17,2746.88,"","","",""
RW6,660,4/29/2024 15:45,19.9,3262.72,"","","",""
RW6,661,4/29/2024 15:50,20.03,6568.96,"","","",""
RW6,662,4/29/2024 15:55,19.56,16522.24,"","","",""
RW6,663,4/29/2024 16:00,19.69,3366.4,"","","",""
RW6,664,4/29/2024 16:05,20.07,12221.44,"","","",""
RW6,665,4/29/2024 16:10,19.47,2582.4,"","","",""
RW6,666,4/29/2024 16:15,19.39,5299.2,"","","",""
RW6,667,4/29/2024 16:20,19.52,16240.64,"","","",""
RW6,668,4/29/2024 16:25,19.26,6848,"","","",""
RW6,669,4/29/2024 16:30,18.92,3847.68,"","","",""
RW6,670,4/29/2024 16:35,18.83,1071.04,"","","",""
RW6,671,4/29/2024 16:40,19.05,500,"","","",""
RW6,672,4/29/2024 16:45,18.66,6005.76,"","","",""
RW6,673,4/29/2024 16:50,18.57,2293.12,"","","",""
RW6,674,4/29/2024 16:55,18.66,11463.68,"","","",""
RW6,675,4/29/2024 17:00,18.79,1736.96,"","","",""
RW6,676,4/29/2024 17:05,18.66,4119.04,"","","",""
RW6,677,4/29/2024 17:10,18.66,3824.64,"","","",""
RW6,678,4/29/2024 17:15,18.32,1344,"","","",""
RW6,679,4/29/2024 17:20,18.14,1037.76,"","","",""
RW6,680,4/29/2024 17:25,18.36,10490.88,"","","",""
RW6,681,4/29/2024 17:30,18.06,396.8,"","","",""
RW6,682,4/29/2024 17:35,17.76,430.56,"","","",""
RW6,683,4/29/2024 17:40,17.37,1077.44,"","","",""
RW6,684,4/29/2024 17:45,17.24,686.08,"","","",""
RW6,685,4/29/2024 17:50,17.16,149.8,"","","",""
RW6,686,4/29/2024 17:55,17.11,235.52,"","","",""
RW6,687,4/29/2024 18:00,17.11,928.32,"","","",""
RW6,688,4/29/2024 18:05,17.16,792.96,"","","",""
RW6,689,4/29/2024 18:10,17.03,681.6,"","","",""
RW6,690,4/29/2024 18:15,17.03,644.48,"","","",""
RW6,691,4/29/2024 18:20,16.99,579.68,"","","",""
RW6,692,4/29/2024 18:25,16.99,50.16,"","","",""
RW6,693,4/29/2024 18:30,16.86,460.16,"","","",""
RW6,694,4/29/2024 18:35,16.81,166.08,"","","",""
RW6,695,4/29/2024 18:40,16.86,109.28,"","","",""
RW6,696,4/29/2024 18:45,16.77,573.28,"","","",""
RW6,697,4/29/2024 18:50,16.73,346.56,"","","",""
RW6,698,4/29/2024 18:55,16.64,78.98,"","","",""
RW6,699,4/29/2024 19:00,16.64,545.76,"","","",""
RW6,700,4/29/2024 19:05,16.56,359.2,"","","",""
RW6,701,4/29/2024 19:10,16.56,387.84,"","","",""
RW6,702,4/29/2024 19:15,16.47,34.29,"","","",""
RW6,703,4/29/2024 19:20,16.47,41.5,"","","",""
RW6,704,4/29/2024 19:25,16.39,5.18,"","","",""
RW6,705,4/29/2024 19:30,16.39,114.16,"","","",""
RW6,706,4/29/2024 19:35,16.26,47.54,"","","",""
RW6,707,4/29/2024 19:40,16.3,8.06,"","","",""
RW6,708,4/29/2024 19:45,16.13,10.64,"","","",""
RW6,709,4/29/2024 19:50,16.13,7.32,"","","",""
RW6,710,4/29/2024 19:55,16.08,2.15,"","","",""
RW6,711,4/29/2024 20:00,16.08,0.64,"","","",""
RW6,712,4/29/2024 20:05,16,0.07,"","","",""
RW6,713,4/29/2024 20:10,16,0,"","","",""
RW6,714,4/29/2024 20:15,15.91,0,"","","",""
RW6,715,4/29/2024 20:20,15.87,0,"","","",""
RW6,716,4/29/2024 20:25,15.83,0,"","","",""
RW6,717,4/29/2024 20:30,15.83,0,"","","",""
RW6,718,4/29/2024 20:35,15.78,0,"","","",""
RW6,719,4/29/2024 20:40,15.78,0,"","","",""
RW6,720,4/29/2024 20:45,15.7,0,"","","",""
RW6,721,4/29/2024 20:50,15.74,0,"","","",""
RW6,722,4/29/2024 20:55,15.66,0,"","","",""
RW6,723,4/29/2024 21:00,15.61,0,"","","",""
RW6,724,4/29/2024 21:05,15.61,0,"","","",""
RW6,725,4/29/2024 21:10,15.57,0,"","","",""
RW6,726,4/29/2024 21:15,15.53,0,"","","",""
RW6,727,4/29/2024 21:20,15.57,0,"","","",""
RW6,728,4/29/2024 21:25,15.57,0,"","","",""
RW6,729,4/29/2024 21:30,15.53,0,"","","",""
RW6,730,4/29/2024 21:35,15.48,0,"","","",""
RW6,731,4/29/2024 21:40,15.48,0,"","","",""
RW6,732,4/29/2024 21:45,15.48,0,"","","",""
RW6,733,4/29/2024 21:50,15.48,0,"","","",""
RW6,734,4/29/2024 21:55,15.44,0,"","","",""
RW6,735,4/29/2024 22:00,15.44,0,"","","",""
RW6,736,4/29/2024 22:05,15.4,0,"","","",""
RW6,737,4/29/2024 22:10,15.4,0,"","","",""
RW6,738,4/29/2024 22:15,15.4,0,"","","",""
RW6,739,4/29/2024 22:20,15.4,0,"","","",""
RW6,740,4/29/2024 22:25,15.36,0,"","","",""
RW6,741,4/29/2024 22:30,15.36,0,"","","",""
RW6,742,4/29/2024 22:35,15.31,0,"","","",""
RW6,743,4/29/2024 22:40,15.27,0,"","","",""
RW6,744,4/29/2024 22:45,15.27,0,"","","",""
RW6,745,4/29/2024 22:50,15.27,0,"","","",""
RW6,746,4/29/2024 22:55,15.23,0,"","","",""
RW6,747,4/29/2024 23:00,15.23,0,"","","",""
RW6,748,4/29/2024 23:05,15.18,0,"","","",""
RW6,749,4/29/2024 23:10,15.18,0,"","","",""
RW6,750,4/29/2024 23:15,15.1,0,"","","",""
RW6,751,4/29/2024 23:20,15.14,0,"","","",""
RW6,752,4/29/2024 23:25,15.06,0,"","","",""
RW6,753,4/29/2024 23:30,15.1,0,"","","",""
RW6,754,4/29/2024 23:35,15.1,0,"","","",""
RW6,755,4/29/2024 23:40,15.06,0,"","","",""
RW6,756,4/29/2024 23:45,15.06,0,"","","",""
RW6,757,4/29/2024 23:50,15.01,0,"","","",""
RW6,758,4/29/2024 23:55,15.01,0,"","","",""
RW6,759,4/30/2024 0:00,15.06,0,"","","",""
RW6,760,4/30/2024 0:05,15.01,0,"","","",""
RW6,761,4/30/2024 0:10,15.01,0,"","","",""
RW6,762,4/30/2024 0:15,15.01,0,"","","",""
RW6,763,4/30/2024 0:20,15.01,0,"","","",""
RW6,764,4/30/2024 0:25,15.01,0,"","","",""
RW6,765,4/30/2024 0:30,14.97,0,"","","",""
RW6,766,4/30/2024 0:35,14.97,0,"","","",""
RW6,767,4/30/2024 0:40,14.97,0,"","","",""
RW6,768,4/30/2024 0:45,14.97,0,"","","",""
RW6,769,4/30/2024 0:50,15.01,0,"","","",""
RW6,770,4/30/2024 0:55,14.97,0,"","","",""
RW6,771,4/30/2024 1:00,14.97,0,"","","",""
RW6,772,4/30/2024 1:05,14.93,0,"","","",""
RW6,773,4/30/2024 1:10,14.93,0,"","","",""
RW6,774,4/30/2024 1:15,14.93,0,"","","",""
RW6,775,4/30/2024 1:20,14.88,0,"","","",""
RW6,776,4/30/2024 1:25,14.93,0,"","","",""
RW6,777,4/30/2024 1:30,14.88,0,"","","",""
RW6,778,4/30/2024 1:35,14.88,0,"","","",""
RW6,779,4/30/2024 1:40,14.84,0,"","","",""
RW6,780,4/30/2024 1:45,14.88,0,"","","",""
RW6,781,4/30/2024 1:50,14.88,0,"","","",""
RW6,782,4/30/2024 1:55,14.84,0,"","","",""
RW6,783,4/30/2024 2:00,14.8,0,"","","",""
RW6,784,4/30/2024 2:05,14.8,0,"","","",""
RW6,785,4/30/2024 2:10,14.8,0,"","","",""
RW6,786,4/30/2024 2:15,14.8,0,"","","",""
RW6,787,4/30/2024 2:20,14.75,0,"","","",""
RW6,788,4/30/2024 2:25,14.8,0,"","","",""
RW6,789,4/30/2024 2:30,14.71,0,"","","",""
RW6,790,4/30/2024 2:35,14.67,0,"","","",""
RW6,791,4/30/2024 2:40,14.67,0,"","","",""
RW6,792,4/30/2024 2:45,14.67,0,"","","",""
RW6,793,4/30/2024 2:50,14.67,0,"","","",""
RW6,794,4/30/2024 2:55,14.63,0,"","","",""
RW6,795,4/30/2024 3:00,14.67,0,"","","",""
RW6,796,4/30/2024 3:05,14.58,0,"","","",""
RW6,797,4/30/2024 3:10,14.58,0,"","","",""
RW6,798,4/30/2024 3:15,14.58,0,"","","",""
RW6,799,4/30/2024 3:20,14.63,0,"","","",""
RW6,800,4/30/2024 3:25,14.63,0,"","","",""
RW6,801,4/30/2024 3:30,14.58,0,"","","",""
RW6,802,4/30/2024 3:35,14.54,0,"","","",""
RW6,803,4/30/2024 3:40,14.58,0,"","","",""
RW6,804,4/30/2024 3:45,14.5,0,"","","",""
RW6,805,4/30/2024 3:50,14.5,0,"","","",""
RW6,806,4/30/2024 3:55,14.5,0,"","","",""
RW6,807,4/30/2024 4:00,14.45,0,"","","",""
RW6,808,4/30/2024 4:05,14.45,0,"","","",""
RW6,809,4/30/2024 4:10,14.41,0,"","","",""
RW6,810,4/30/2024 4:15,14.41,0,"","","",""
RW6,811,4/30/2024 4:20,14.41,0,"","","",""
RW6,812,4/30/2024 4:25,14.45,0,"","","",""
RW6,813,4/30/2024 4:30,14.41,0,"","","",""
RW6,814,4/30/2024 4:35,14.41,0,"","","",""
RW6,815,4/30/2024 4:40,14.45,0,"","","",""
RW6,816,4/30/2024 4:45,14.45,0,"","","",""
RW6,817,4/30/2024 4:50,14.37,0,"","","",""
RW6,818,4/30/2024 4:55,14.37,0,"","","",""
RW6,819,4/30/2024 5:00,14.41,0,"","","",""
RW6,820,4/30/2024 5:05,14.37,0,"","","",""
RW6,821,4/30/2024 5:10,14.33,0,"","","",""
RW6,822,4/30/2024 5:15,14.28,0,"","","",""
RW6,823,4/30/2024 5:20,14.28,0,"","","",""
RW6,824,4/30/2024 5:25,14.24,0,"","","",""
RW6,825,4/30/2024 5:30,14.24,0,"","","",""
RW6,826,4/30/2024 5:35,14.15,0,"","","",""
RW6,827,4/30/2024 5:40,14.11,0.28,"","","",""
RW6,828,4/30/2024 5:45,14.15,0.64,"","","",""
RW6,829,4/30/2024 5:50,14.11,2.08,"","","",""
RW6,830,4/30/2024 5:55,14.11,5.33,"","","",""
RW6,831,4/30/2024 6:00,14.11,12.54,"","","",""
RW6,832,4/30/2024 6:05,14.07,24.8,"","","",""
RW6,833,4/30/2024 6:10,14.07,42.68,"","","",""
RW6,834,4/30/2024 6:15,14.07,53.06,"","","",""
RW6,835,4/30/2024 6:20,14.15,73.02,"","","",""
RW6,836,4/30/2024 6:25,14.24,95.52,"","","",""
RW6,837,4/30/2024 6:30,14.37,112.28,"","","",""
RW6,838,4/30/2024 6:35,14.5,190.64,"","","",""
RW6,839,4/30/2024 6:40,14.58,208.4,"","","",""
RW6,840,4/30/2024 6:45,14.67,239.04,"","","",""
RW6,841,4/30/2024 6:50,14.63,262.16,"","","",""
RW6,842,4/30/2024 6:55,14.84,385.28,"","","",""
RW6,843,4/30/2024 7:00,15.01,479.04,"","","",""
RW6,844,4/30/2024 7:05,15.14,482.4,"","","",""
RW6,845,4/30/2024 7:10,15.36,628.32,"","","",""
RW6,846,4/30/2024 7:15,16.08,756.16,"","","",""
RW6,847,4/30/2024 7:20,17.41,867.52,"","","",""
RW6,848,4/30/2024 7:25,16.94,884.48,"","","",""
RW6,849,4/30/2024 7:30,17.5,930.56,"","","",""
RW6,850,4/30/2024 7:35,18.19,929.28,"","","",""
RW6,851,4/30/2024 7:40,18.32,1085.44,"","","",""
RW6,852,4/30/2024 7:45,17.84,984.32,"","","",""
RW6,853,4/30/2024 7:50,18.1,1174.08,"","","",""
RW6,854,4/30/2024 7:55,18.1,1135.04,"","","",""
RW6,855,4/30/2024 8:00,18.02,1130.56,"","","",""
RW6,856,4/30/2024 8:05,18.14,1347.2,"","","",""
RW6,857,4/30/2024 8:10,18.62,1396.48,"","","",""
RW6,858,4/30/2024 8:15,19.3,1626.88,"","","",""
RW6,859,4/30/2024 8:20,20.76,2208.64,"","","",""
RW6,860,4/30/2024 8:25,21.28,2103.04,"","","",""
RW6,861,4/30/2024 8:30,22.73,2520.32,"","","",""
RW6,862,4/30/2024 8:35,22.86,1730.56,"","","",""
RW6,863,4/30/2024 8:40,23.29,2027.52,"","","",""
RW6,864,4/30/2024 8:45,23.29,1894.4,"","","",""
RW6,865,4/30/2024 8:50,24.02,2488.32,"","","",""
RW6,866,4/30/2024 8:55,24.58,2371.2,"","","",""
RW6,867,4/30/2024 9:00,26.08,2222.08,"","","",""
RW6,868,4/30/2024 9:05,26.04,2024.96,"","","",""
RW6,869,4/30/2024 9:10,26.51,2183.04,"","","",""
RW6,870,4/30/2024 9:15,26.17,2577.92,"","","",""
RW6,871,4/30/2024 9:20,26.51,2632.96,"","","",""
RW6,872,4/30/2024 9:25,26.64,2355.2,"","","",""
RW6,873,4/30/2024 9:30,26.55,2417.28,"","","",""
RW6,874,4/30/2024 9:35,26.34,3719.68,"","","",""
RW6,875,4/30/2024 9:40,26.51,3152.64,"","","",""
RW6,876,4/30/2024 9:45,26.72,3902.72,"","","",""
RW6,877,4/30/2024 9:50,26.94,5818.88,"","","",""
RW6,878,4/30/2024 9:55,26.94,4348.16,"","","",""
RW6,879,4/30/2024 10:00,27.2,4547.84,"","","",""
RW6,880,4/30/2024 10:05,28.35,6420.48,"","","",""
RW6,881,4/30/2024 10:10,28.78,7669.76,"","","",""
RW6,882,4/30/2024 10:15,28.91,5719.04,"","","",""
RW6,883,4/30/2024 10:20,29.08,7255.04,"","","",""
RW6,884,4/30/2024 10:25,31.66,8934.4,"","","",""
RW6,885,4/30/2024 10:30,33.29,11284.48,"","","",""
RW6,886,4/30/2024 10:35,34.19,10337.28,"","","",""
RW6,887,4/30/2024 10:40,33.93,14080,"","","",""
RW6,888,4/30/2024 10:45,33.89,19246.08,"","","",""
RW6,889,4/30/2024 10:50,34.19,19834.88,"","","",""
RW6,890,4/30/2024 10:55,33.76,14622.72,"","","",""
RW6,891,4/30/2024 11:00,34.79,17208.32,"","","",""
RW6,892,4/30/2024 11:05,36.72,15539.2,"","","",""
RW6,893,4/30/2024 11:10,37.79,23992.32,"","","",""
RW6,894,4/30/2024 11:15,38.82,24340.48,"","","",""
RW6,895,4/30/2024 11:20,39.17,21196.8,"","","",""
RW6,896,4/30/2024 11:25,39.59,22579.2,"","","",""
RW6,897,4/30/2024 11:30,40.41,23818.24,"","","",""
RW6,898,4/30/2024 11:35,40.84,24924.16,"","","",""
RW6,899,4/30/2024 11:40,41.22,25804.8,"","","",""
RW6,900,4/30/2024 11:45,41.83,26572.8,"","","",""
RW6,901,4/30/2024 11:50,41.74,27095.04,"","","",""
RW6,902,4/30/2024 11:55,41.31,27392,"","","",""
RW6,903,4/30/2024 12:00,40.58,27535.36,"","","",""
RW6,904,4/30/2024 12:05,40.07,26982.4,"","","",""
RW6,905,4/30/2024 12:10,39.81,26060.8,"","","",""
RW6,906,4/30/2024 12:15,39.51,25118.72,"","","",""
RW6,907,4/30/2024 12:20,39.64,24862.72,"","","",""
RW6,908,4/30/2024 12:25,39.47,24606.72,"","","",""
RW6,909,4/30/2024 12:30,39.34,23767.04,"","","",""
RW6,910,4/30/2024 12:35,39.25,23040,"","","",""
RW6,911,4/30/2024 12:40,38.91,22753.28,"","","",""
RW6,912,4/30/2024 12:45,38.65,22405.12,"","","",""
RW6,913,4/30/2024 12:50,38.52,22261.76,"","","",""
RW6,914,4/30/2024 12:55,38.39,22036.48,"","","",""
RW6,915,4/30/2024 13:00,38.05,21903.36,"","","",""
RW6,916,4/30/2024 13:05,37.92,21790.72,"","","",""
RW6,917,4/30/2024 13:10,38.05,21780.48,"","","",""
RW6,918,4/30/2024 13:15,37.62,21841.92,"","","",""
RW6,919,4/30/2024 13:20,37.79,22036.48,"","","",""
RW6,920,4/30/2024 13:25,38.09,22343.68,"","","",""
RW6,921,4/30/2024 13:30,37.32,22620.16,"","","",""
RW6,922,4/30/2024 13:35,37.02,22927.36,"","","",""
RW6,923,4/30/2024 13:40,36.21,23715.84,"","","",""
RW6,924,4/30/2024 13:45,36.08,24197.12,"","","",""
RW6,925,4/30/2024 13:50,35.48,24883.2,"","","",""
RW6,926,4/30/2024 13:55,35.35,25354.24,"","","",""
RW6,927,4/30/2024 14:00,35.09,25856,"","","",""
RW6,928,4/30/2024 14:05,34.96,26071.04,"","","",""
RW6,929,4/30/2024 14:10,34.66,26122.24,"","","",""
RW6,930,4/30/2024 14:15,34.79,26234.88,"","","",""
RW6,931,4/30/2024 14:20,34.83,26173.44,"","","",""
RW6,932,4/30/2024 14:25,34.79,26101.76,"","","",""
RW6,933,4/30/2024 14:30,34.75,25856,"","","",""
RW6,934,4/30/2024 14:35,34.45,25640.96,"","","",""
RW6,935,4/30/2024 14:40,34.4,25405.44,"","","",""
RW6,936,4/30/2024 14:45,34.36,25221.12,"","","",""
RW6,937,4/30/2024 14:50,34.02,25026.56,"","","",""
RW6,938,4/30/2024 14:55,33.42,24770.56,"","","",""
RW6,939,4/30/2024 15:00,28.78,23101.44,"","","",""
RW6,940,4/30/2024 15:05,25.87,24186.88,"","","",""
RW6,941,4/30/2024 15:10,23.81,13178.88,"","","",""
RW6,942,4/30/2024 15:15,23.12,24115.2,"","","",""
RW6,943,4/30/2024 15:20,23.46,22272,"","","",""
RW6,944,4/30/2024 15:25,22.18,9681.92,"","","",""
RW6,945,4/30/2024 15:30,22.09,9856,"","","",""
RW6,946,4/30/2024 15:35,21.19,7610.88,"","","",""
RW6,947,4/30/2024 15:40,20.76,9907.2,"","","",""
RW6,948,4/30/2024 15:45,20.8,9651.2,"","","",""
RW6,949,4/30/2024 15:50,20.68,17182.72,"","","",""
RW6,950,4/30/2024 15:55,20.37,17315.84,"","","",""
RW6,951,4/30/2024 16:00,20.5,9953.28,"","","",""
RW6,952,4/30/2024 16:05,19.77,12974.08,"","","",""
RW6,953,4/30/2024 16:10,19.86,5031.68,"","","",""
RW6,954,4/30/2024 16:15,19.77,16568.32,"","","",""
RW6,955,4/30/2024 16:20,19.52,6174.72,"","","",""
RW6,956,4/30/2024 16:25,19.52,14679.04,"","","",""
RW6,957,4/30/2024 16:30,19.52,1851.52,"","","",""
RW6,958,4/30/2024 16:35,19.6,8509.44,"","","",""
RW6,959,4/30/2024 16:40,19.35,4944.64,"","","",""
RW6,960,4/30/2024 16:45,19.26,944.32,"","","",""
RW6,961,4/30/2024 16:50,18.92,1082.56,"","","",""
RW6,962,4/30/2024 16:55,18.87,4770.56,"","","",""
RW6,963,4/30/2024 17:00,18.79,3013.12,"","","",""
RW6,964,4/30/2024 17:05,18.62,2643.2,"","","",""
RW6,965,4/30/2024 17:10,18.74,627.84,"","","",""
RW6,966,4/30/2024 17:15,18.66,1325.44,"","","",""
RW6,967,4/30/2024 17:20,18.62,1456,"","","",""
RW6,968,4/30/2024 17:25,18.44,4919.04,"","","",""
RW6,969,4/30/2024 17:30,18.32,3726.08,"","","",""
RW6,970,4/30/2024 17:35,18.06,1383.04,"","","",""
RW6,971,4/30/2024 17:40,17.89,816.32,"","","",""
RW6,972,4/30/2024 17:45,17.89,1089.92,"","","",""
RW6,973,4/30/2024 17:50,17.84,1564.8,"","","",""
RW6,974,4/30/2024 17:55,17.8,551.52,"","","",""
RW6,975,4/30/2024 18:00,17.67,498.56,"","","",""
RW6,976,4/30/2024 18:05,17.63,1070.4,"","","",""
RW6,977,4/30/2024 18:10,17.54,910.4,"","","",""
RW6,978,4/30/2024 18:15,17.5,800.96,"","","",""
RW6,979,4/30/2024 18:20,17.46,238.64,"","","",""
RW6,980,4/30/2024 18:25,17.33,44.96,"","","",""
RW6,981,4/30/2024 18:30,17.29,850.88,"","","",""
RW6,982,4/30/2024 18:35,17.2,675.2,"","","",""
RW6,983,4/30/2024 18:40,17.2,404.96,"","","",""
RW6,984,4/30/2024 18:45,17.11,327.36,"","","",""
RW6,985,4/30/2024 18:50,17.07,323.04,"","","",""
RW6,986,4/30/2024 18:55,17.07,234.88,"","","",""
RW6,987,4/30/2024 19:00,16.99,75.18,"","","",""
RW6,988,4/30/2024 19:05,17.03,611.68,"","","",""
RW6,989,4/30/2024 19:10,16.99,215.28,"","","",""
RW6,990,4/30/2024 19:15,16.86,436.8,"","","",""
RW6,991,4/30/2024 19:20,16.81,83,"","","",""
RW6,992,4/30/2024 19:25,16.77,163.12,"","","",""
RW6,993,4/30/2024 19:30,16.69,59.12,"","","",""
RW6,994,4/30/2024 19:35,16.64,51.84,"","","",""
RW6,995,4/30/2024 19:40,16.6,3.53,"","","",""
RW6,996,4/30/2024 19:45,16.56,23.9,"","","",""
RW6,997,4/30/2024 19:50,16.51,6.26,"","","",""
RW6,998,4/30/2024 19:55,16.47,2.29,"","","",""
RW6,999,4/30/2024 20:00,16.43,0,"","","",""
RW6,1000,4/30/2024 20:05,16.43,0,"","","",""
RW6,1001,4/30/2024 20:10,16.43,0,"","","",""
RW6,1002,4/30/2024 20:15,16.34,0,"","","",""
RW6,1003,4/30/2024 20:20,16.3,0,"","","",""
RW6,1004,4/30/2024 20:25,16.26,0,"","","",""
RW6,1005,4/30/2024 20:30,16.26,0,"","","",""
RW6,1006,4/30/2024 20:35,16.26,0,"","","",""
RW6,1007,4/30/2024 20:40,16.17,0,"","","",""
RW6,1008,4/30/2024 20:45,16.17,0,"","","",""
RW6,1009,4/30/2024 20:50,16.13,0,"","","",""
RW6,1010,4/30/2024 20:55,16.13,0,"","","",""
RW6,1011,4/30/2024 21:00,16.08,0,"","","",""
RW6,1012,4/30/2024 21:05,16.08,0,"","","",""
RW6,1013,4/30/2024 21:10,16,0,"","","",""
RW6,1014,4/30/2024 21:15,16,0,"","","",""
RW6,1015,4/30/2024 21:20,16,0,"","","",""
RW6,1016,4/30/2024 21:25,16,0,"","","",""
RW6,1017,4/30/2024 21:30,16,0,"","","",""
RW6,1018,4/30/2024 21:35,16,0,"","","",""
RW6,1019,4/30/2024 21:40,15.96,0,"","","",""
RW6,1020,4/30/2024 21:45,15.96,0,"","","",""
RW6,1021,4/30/2024 21:50,15.91,0,"","","",""
RW6,1022,4/30/2024 21:55,15.91,0,"","","",""
RW6,1023,4/30/2024 22:00,15.91,0,"","","",""
RW6,1024,4/30/2024 22:05,15.87,0,"","","",""
RW6,1025,4/30/2024 22:10,15.83,0,"","","",""
RW6,1026,4/30/2024 22:15,15.78,0,"","","",""
RW6,1027,4/30/2024 22:20,15.83,0,"","","",""
RW6,1028,4/30/2024 22:25,15.87,0,"","","",""
RW6,1029,4/30/2024 22:30,15.87,0,"","","",""
RW6,1030,4/30/2024 22:35,15.78,0,"","","",""
RW6,1031,4/30/2024 22:40,15.78,0,"","","",""
RW6,1032,4/30/2024 22:45,15.74,0,"","","",""
RW6,1033,4/30/2024 22:50,15.83,0,"","","",""
RW6,1034,4/30/2024 22:55,15.83,0,"","","",""
RW6,1035,4/30/2024 23:00,15.74,0,"","","",""
RW6,1036,4/30/2024 23:05,15.78,0,"","","",""
RW6,1037,4/30/2024 23:10,15.74,0,"","","",""
RW6,1038,4/30/2024 23:15,15.74,0,"","","",""
RW6,1039,4/30/2024 23:20,15.74,0,"","","",""
RW6,1040,4/30/2024 23:25,15.74,0,"","","",""
RW6,1041,4/30/2024 23:30,15.7,0,"","","",""
RW6,1042,4/30/2024 23:35,15.7,0,"","","",""
RW6,1043,4/30/2024 23:40,15.7,0,"","","",""
RW6,1044,4/30/2024 23:45,15.7,0,"","","",""
RW6,1045,4/30/2024 23:50,15.61,0,"","","",""
RW6,1046,4/30/2024 23:55,15.66,0,"","","",""
RW6,1047,5/1/2024 0:00,15.66,0,"","","",""
RW6,1048,5/1/2024 0:05,15.7,0,"","","",""
RW6,1049,5/1/2024 0:10,15.61,0,"","","",""
RW6,1050,5/1/2024 0:15,15.66,0,"","","",""
RW6,1051,5/1/2024 0:20,15.61,0,"","","",""
RW6,1052,5/1/2024 0:25,15.61,0,"","","",""
RW6,1053,5/1/2024 0:30,15.57,0,"","","",""
RW6,1054,5/1/2024 0:35,15.61,0,"","","",""
RW6,1055,5/1/2024 0:40,15.66,0,"","","",""
RW6,1056,5/1/2024 0:45,15.57,0,"","","",""
RW6,1057,5/1/2024 0:50,15.57,0,"","","",""
RW6,1058,5/1/2024 0:55,15.57,0,"","","",""
RW6,1059,5/1/2024 1:00,15.57,0,"","","",""
RW6,1060,5/1/2024 1:05,15.57,0,"","","",""
RW6,1061,5/1/2024 1:10,15.53,0,"","","",""
RW6,1062,5/1/2024 1:15,15.53,0,"","","",""
RW6,1063,5/1/2024 1:20,15.57,0,"","","",""
RW6,1064,5/1/2024 1:25,15.53,0,"","","",""
RW6,1065,5/1/2024 1:30,15.48,0,"","","",""
RW6,1066,5/1/2024 1:35,15.48,0,"","","",""
RW6,1067,5/1/2024 1:40,15.44,0,"","","",""
RW6,1068,5/1/2024 1:45,15.48,0,"","","",""
RW6,1069,5/1/2024 1:50,15.44,0,"","","",""
RW6,1070,5/1/2024 1:55,15.4,0,"","","",""
RW6,1071,5/1/2024 2:00,15.4,0,"","","",""
RW6,1072,5/1/2024 2:05,15.4,0,"","","",""
RW6,1073,5/1/2024 2:10,15.4,0,"","","",""
RW6,1074,5/1/2024 2:15,15.36,0,"","","",""
RW6,1075,5/1/2024 2:20,15.31,0,"","","",""
RW6,1076,5/1/2024 2:25,15.27,0,"","","",""
RW6,1077,5/1/2024 2:30,15.27,0,"","","",""
RW6,1078,5/1/2024 2:35,15.27,0,"","","",""
RW6,1079,5/1/2024 2:40,15.27,0,"","","",""
RW6,1080,5/1/2024 2:45,15.27,0,"","","",""
RW6,1081,5/1/2024 2:50,15.23,0,"","","",""
RW6,1082,5/1/2024 2:55,15.27,0,"","","",""
RW6,1083,5/1/2024 3:00,15.18,0,"","","",""
RW6,1084,5/1/2024 3:05,15.14,0,"","","",""
RW6,1085,5/1/2024 3:10,15.06,0,"","","",""
RW6,1086,5/1/2024 3:15,15.06,0,"","","",""
RW6,1087,5/1/2024 3:20,15.01,0,"","","",""
RW6,1088,5/1/2024 3:25,15.01,0,"","","",""
RW6,1089,5/1/2024 3:30,15.01,0,"","","",""
RW6,1090,5/1/2024 3:35,15.01,0,"","","",""
RW6,1091,5/1/2024 3:40,15.01,0,"","","",""
RW6,1092,5/1/2024 3:45,14.97,0,"","","",""
RW6,1093,5/1/2024 3:50,15.01,0,"","","",""
RW6,1094,5/1/2024 3:55,14.97,0,"","","",""
RW6,1095,5/1/2024 4:00,14.97,0,"","","",""
RW6,1096,5/1/2024 4:05,14.93,0,"","","",""
RW6,1097,5/1/2024 4:10,14.88,0,"","","",""
RW6,1098,5/1/2024 4:15,14.88,0,"","","",""
RW6,1099,5/1/2024 4:20,14.88,0,"","","",""
RW6,1100,5/1/2024 4:25,14.88,0,"","","",""
RW6,1101,5/1/2024 4:30,14.84,0,"","","",""
RW6,1102,5/1/2024 4:35,14.84,0,"","","",""
RW6,1103,5/1/2024 4:40,14.8,0,"","","",""
RW6,1104,5/1/2024 4:45,14.8,0,"","","",""
RW6,1105,5/1/2024 4:50,14.84,0,"","","",""
RW6,1106,5/1/2024 4:55,14.8,0,"","","",""
RW6,1107,5/1/2024 5:00,14.8,0,"","","",""
RW6,1108,5/1/2024 5:05,14.8,0,"","","",""
RW6,1109,5/1/2024 5:10,14.88,0,"","","",""
RW6,1110,5/1/2024 5:15,14.75,0,"","","",""
RW6,1111,5/1/2024 5:20,14.8,0,"","","",""
RW6,1112,5/1/2024 5:25,14.8,0,"","","",""
RW6,1113,5/1/2024 5:30,14.8,0,"","","",""
RW6,1114,5/1/2024 5:35,14.8,0,"","","",""
RW6,1115,5/1/2024 5:40,14.8,0.64,"","","",""
RW6,1116,5/1/2024 5:45,14.8,0.21,"","","",""
RW6,1117,5/1/2024 5:50,14.8,4.1,"","","",""
RW6,1118,5/1/2024 5:55,14.75,6.18,"","","",""
RW6,1119,5/1/2024 6:00,14.71,60.84,"","","",""
RW6,1120,5/1/2024 6:05,14.71,105.76,"","","",""
RW6,1121,5/1/2024 6:10,14.75,10.51,"","","",""
RW6,1122,5/1/2024 6:15,14.8,230.16,"","","",""
RW6,1123,5/1/2024 6:20,14.8,85.4,"","","",""
RW6,1124,5/1/2024 6:25,14.84,351.68,"","","",""
RW6,1125,5/1/2024 6:30,14.8,112.16,"","","",""
RW6,1126,5/1/2024 6:35,14.8,206.4,"","","",""
RW6,1127,5/1/2024 6:40,14.63,283.52,"","","",""
RW6,1128,5/1/2024 6:45,14.88,840.32,"","","",""
RW6,1129,5/1/2024 6:50,14.88,1155.84,"","","",""
RW6,1130,5/1/2024 6:55,15.23,1319.68,"","","",""
RW6,1131,5/1/2024 7:00,15.83,2786.56,"","","",""
RW6,1132,5/1/2024 7:05,17.11,3345.92,"","","",""
RW6,1133,5/1/2024 7:10,18.57,3861.76,"","","",""
RW6,1134,5/1/2024 7:15,20.2,4391.68,"","","",""
RW6,1135,5/1/2024 7:20,21.45,4837.12,"","","",""
RW6,1136,5/1/2024 7:25,22.78,5352.96,"","","",""
RW6,1137,5/1/2024 7:30,23.85,5895.68,"","","",""
RW6,1138,5/1/2024 7:35,24.84,6389.76,"","","",""
RW6,1139,5/1/2024 7:40,25.95,7040,"","","",""
RW6,1140,5/1/2024 7:45,27.37,7598.08,"","","",""
RW6,1141,5/1/2024 7:50,28.48,8192,"","","",""
RW6,1142,5/1/2024 7:55,29.34,8780.8,"","","",""
RW6,1143,5/1/2024 8:00,30.03,9303.04,"","","",""
RW6,1144,5/1/2024 8:05,30.84,9825.28,"","","",""
RW6,1145,5/1/2024 8:10,31.66,10375.68,"","","",""
RW6,1146,5/1/2024 8:15,32.3,10823.68,"","","",""
RW6,1147,5/1/2024 8:20,32.9,11330.56,"","","",""
RW6,1148,5/1/2024 8:25,33.55,11842.56,"","","",""
RW6,1149,5/1/2024 8:30,34.15,12262.4,"","","",""
RW6,1150,5/1/2024 8:35,34.45,12820.48,"","","",""
RW6,1151,5/1/2024 8:40,34.75,13260.8,"","","",""
RW6,1152,5/1/2024 8:45,32.26,4577.28,"","","",""
RW6,1153,5/1/2024 8:50,32.94,14325.76,"","","",""
RW6,1154,5/1/2024 8:55,34.57,14801.92,"","","",""
RW6,1155,5/1/2024 9:00,35.48,15452.16,"","","",""
RW6,1156,5/1/2024 9:05,36.03,15897.6,"","","",""
RW6,1157,5/1/2024 9:10,36.33,16506.88,"","","",""
RW6,1158,5/1/2024 9:15,36.72,17059.84,"","","",""
RW6,1159,5/1/2024 9:20,36.98,17510.4,"","","",""
RW6,1160,5/1/2024 9:25,37.41,17976.32,"","","",""
RW6,1161,5/1/2024 9:30,37.66,18539.52,"","","",""
RW6,1162,5/1/2024 9:35,37.92,18954.24,"","","",""
RW6,1163,5/1/2024 9:40,37.88,19420.16,"","","",""
RW6,1164,5/1/2024 9:45,37.92,19932.16,"","","",""
RW6,1165,5/1/2024 9:50,38.31,20705.28,"","","",""
RW6,1166,5/1/2024 9:55,38.78,21073.92,"","","",""
RW6,1167,5/1/2024 10:00,38.61,21555.2,"","","",""
RW6,1168,5/1/2024 10:05,38.82,22138.88,"","","",""
RW6,1169,5/1/2024 10:10,38.74,22548.48,"","","",""
RW6,1170,5/1/2024 10:15,38.86,22937.6,"","","",""
RW6,1171,5/1/2024 10:20,38.65,23377.92,"","","",""
RW6,1172,5/1/2024 10:25,38.18,24023.04,"","","",""
RW6,1173,5/1/2024 10:30,38.39,24412.16,"","","",""
RW6,1174,5/1/2024 10:35,37.84,24709.12,"","","",""
RW6,1175,5/1/2024 10:40,38.14,25272.32,"","","",""
RW6,1176,5/1/2024 10:45,37.84,25835.52,"","","",""
RW6,1177,5/1/2024 10:50,37.96,25907.2,"","","",""
RW6,1178,5/1/2024 10:55,37.79,26542.08,"","","",""
RW6,1179,5/1/2024 11:00,37.66,26982.4,"","","",""
RW6,1180,5/1/2024 11:05,37.62,27238.4,"","","",""
RW6,1181,5/1/2024 11:10,37.62,27770.88,"","","",""
RW6,1182,5/1/2024 11:15,37.54,27965.44,"","","",""
RW6,1183,5/1/2024 11:20,37.11,28364.8,"","","",""
RW6,1184,5/1/2024 11:25,37.06,28743.68,"","","",""
RW6,1185,5/1/2024 11:30,37.06,28948.48,"","","",""
RW6,1186,5/1/2024 11:35,37.06,29327.36,"","","",""
RW6,1187,5/1/2024 11:40,37.45,29583.36,"","","",""
RW6,1188,5/1/2024 11:45,37.49,29736.96,"","","",""
RW6,1189,5/1/2024 11:50,37.32,30167.04,"","","",""
RW6,1190,5/1/2024 11:55,37.15,30330.88,"","","",""
RW6,1191,5/1/2024 12:00,37.19,30402.56,"","","",""
RW6,1192,5/1/2024 12:05,37.32,30781.44,"","","",""
RW6,1193,5/1/2024 12:10,37.28,30853.12,"","","",""
RW6,1194,5/1/2024 12:15,37.23,31027.2,"","","",""
RW6,1195,5/1/2024 12:20,37.15,31262.72,"","","",""
RW6,1196,5/1/2024 12:25,37.19,31211.52,"","","",""
RW6,1197,5/1/2024 12:30,36.89,31385.6,"","","",""
RW6,1198,5/1/2024 12:35,36.89,31559.68,"","","",""
RW6,1199,5/1/2024 12:40,36.85,31559.68,"","","",""
RW6,1200,5/1/2024 12:45,36.85,31795.2,"","","",""
RW6,1201,5/1/2024 12:50,36.85,31713.28,"","","",""
RW6,1202,5/1/2024 12:55,36.93,31784.96,"","","",""
RW6,1203,5/1/2024 13:00,36.85,31784.96,"","","",""
RW6,1204,5/1/2024 13:05,36.98,31692.8,"","","",""
RW6,1205,5/1/2024 13:10,36.68,31713.28,"","","",""
RW6,1206,5/1/2024 13:15,36.68,31600.64,"","","",""
RW6,1207,5/1/2024 13:20,36.59,31590.4,"","","",""
RW6,1208,5/1/2024 13:25,36.68,31457.28,"","","",""
RW6,1209,5/1/2024 13:30,36.42,31416.32,"","","",""
RW6,1210,5/1/2024 13:35,36.68,31180.8,"","","",""
RW6,1211,5/1/2024 13:40,36.38,31129.6,"","","",""
RW6,1212,5/1/2024 13:45,36.63,31047.68,"","","",""
RW6,1213,5/1/2024 13:50,36.63,30822.4,"","","",""
RW6,1214,5/1/2024 13:55,36.51,30699.52,"","","",""
RW6,1215,5/1/2024 14:00,36.38,30535.68,"","","",""
RW6,1216,5/1/2024 14:05,36.16,30330.88,"","","",""
RW6,1217,5/1/2024 14:10,36.38,30044.16,"","","",""
RW6,1218,5/1/2024 14:15,36.21,29880.32,"","","",""
RW6,1219,5/1/2024 14:20,36.16,29614.08,"","","",""
RW6,1220,5/1/2024 14:25,36.25,29317.12,"","","",""
RW6,1221,5/1/2024 14:30,36.12,29091.84,"","","",""
RW6,1222,5/1/2024 14:35,36.03,28784.64,"","","",""
RW6,1223,5/1/2024 14:40,35.95,28436.48,"","","",""
RW6,1224,5/1/2024 14:45,35.95,28139.52,"","","",""
RW6,1225,5/1/2024 14:50,35.82,27729.92,"","","",""
RW6,1226,5/1/2024 14:55,36.08,27504.64,"","","",""
RW6,1227,5/1/2024 15:00,35.99,27238.4,"","","",""
RW6,1228,5/1/2024 15:05,35.82,26849.28,"","","",""
RW6,1229,5/1/2024 15:10,35.78,26449.92,"","","",""
RW6,1230,5/1/2024 15:15,34.49,26009.6,"","","",""
RW6,1231,5/1/2024 15:20,33.46,25610.24,"","","",""
RW6,1232,5/1/2024 15:25,29.9,24709.12,"","","",""
RW6,1233,5/1/2024 15:30,29.51,24330.24,"","","",""
RW6,1234,5/1/2024 15:35,28.27,24258.56,"","","",""
RW6,1235,5/1/2024 15:40,27.15,17996.8,"","","",""
RW6,1236,5/1/2024 15:45,24.36,23511.04,"","","",""
RW6,1237,5/1/2024 15:50,23.03,15779.84,"","","",""
RW6,1238,5/1/2024 15:55,20.98,599.2,"","","",""
RW6,1239,5/1/2024 16:00,21.23,13870.08,"","","",""
RW6,1240,5/1/2024 16:05,21.28,10547.2,"","","",""
RW6,1241,5/1/2024 16:10,20.29,26152.96,"","","",""
RW6,1242,5/1/2024 16:15,20.29,3141.12,"","","",""
RW6,1243,5/1/2024 16:20,20.03,295.52,"","","",""
RW6,1244,5/1/2024 16:25,19.9,9049.6,"","","",""
RW6,1245,5/1/2024 16:30,19.82,693.76,"","","",""
RW6,1246,5/1/2024 16:35,19.73,13803.52,"","","",""
RW6,1247,5/1/2024 16:40,19.43,2087.04,"","","",""
RW6,1248,5/1/2024 16:45,19.56,827.2,"","","",""
RW6,1249,5/1/2024 16:50,19.39,5324.8,"","","",""
RW6,1250,5/1/2024 16:55,19.35,3560.96,"","","",""
RW6,1251,5/1/2024 17:00,19.26,1891.84,"","","",""
RW6,1252,5/1/2024 17:05,19.22,1697.28,"","","",""
RW6,1253,5/1/2024 17:10,18.96,3586.56,"","","",""
RW6,1254,5/1/2024 17:15,19,7119.36,"","","",""
RW6,1255,5/1/2024 17:20,18.79,390.72,"","","",""
RW6,1256,5/1/2024 17:25,18.74,3557.12,"","","",""
RW6,1257,5/1/2024 17:30,18.66,453.44,"","","",""
RW6,1258,5/1/2024 17:35,18.62,1276.16,"","","",""
RW6,1259,5/1/2024 17:40,18.53,586.56,"","","",""
RW6,1260,5/1/2024 17:45,18.62,1202.88,"","","",""
RW6,1261,5/1/2024 17:50,18.49,826.24,"","","",""
RW6,1262,5/1/2024 17:55,18.4,80.42,"","","",""
RW6,1263,5/1/2024 18:00,18.32,1252.16,"","","",""
RW6,1264,5/1/2024 18:05,18.23,171.28,"","","",""
RW6,1265,5/1/2024 18:10,18.14,413.92,"","","",""
RW6,1266,5/1/2024 18:15,18.14,192.16,"","","",""
RW6,1267,5/1/2024 18:20,18.1,189.6,"","","",""
RW6,1268,5/1/2024 18:25,18.02,1307.2,"","","",""
RW6,1269,5/1/2024 18:30,18.02,458.72,"","","",""
RW6,1270,5/1/2024 18:35,18.02,214.16,"","","",""
RW6,1271,5/1/2024 18:40,17.89,360.32,"","","",""
RW6,1272,5/1/2024 18:45,17.89,639.2,"","","",""
RW6,1273,5/1/2024 18:50,17.89,485.6,"","","",""
RW6,1274,5/1/2024 18:55,17.84,69.74,"","","",""
RW6,1275,5/1/2024 19:00,17.76,509.44,"","","",""
RW6,1276,5/1/2024 19:05,17.72,121.04,"","","",""
RW6,1277,5/1/2024 19:10,17.59,20.6,"","","",""
RW6,1278,5/1/2024 19:15,17.54,247.84,"","","",""
RW6,1279,5/1/2024 19:20,17.46,9.64,"","","",""
RW6,1280,5/1/2024 19:25,17.46,165.84,"","","",""
RW6,1281,5/1/2024 19:30,17.46,107.8,"","","",""
RW6,1282,5/1/2024 19:35,17.37,67.72,"","","",""
RW6,1283,5/1/2024 19:40,17.33,28.81,"","","",""
RW6,1284,5/1/2024 19:45,17.29,13.24,"","","",""
RW6,1285,5/1/2024 19:50,17.24,3.95,"","","",""
RW6,1286,5/1/2024 19:55,17.16,0.86,"","","",""
RW6,1287,5/1/2024 20:00,17.2,0.35,"","","",""
RW6,1288,5/1/2024 20:05,17.11,0,"","","",""
RW6,1289,5/1/2024 20:10,17.03,0,"","","",""
RW6,1290,5/1/2024 20:15,17.03,0,"","","",""
RW6,1291,5/1/2024 20:20,17.07,0,"","","",""
RW6,1292,5/1/2024 20:25,16.99,0,"","","",""
RW6,1293,5/1/2024 20:30,16.99,0,"","","",""
RW6,1294,5/1/2024 20:35,16.94,0,"","","",""
RW6,1295,5/1/2024 20:40,16.94,0,"","","",""
RW6,1296,5/1/2024 20:45,16.94,0,"","","",""
RW6,1297,5/1/2024 20:50,16.86,0,"","","",""
RW6,1298,5/1/2024 20:55,16.86,0,"","","",""
RW6,1299,5/1/2024 21:00,16.77,0,"","","",""
RW6,1300,5/1/2024 21:05,16.81,0,"","","",""
RW6,1301,5/1/2024 21:10,16.73,0,"","","",""
RW6,1302,5/1/2024 21:15,16.69,0,"","","",""
RW6,1303,5/1/2024 21:20,16.69,0,"","","",""
RW6,1304,5/1/2024 21:25,16.69,0,"","","",""
RW6,1305,5/1/2024 21:30,16.6,0,"","","",""
RW6,1306,5/1/2024 21:35,16.6,0,"","","",""
RW6,1307,5/1/2024 21:40,16.56,0,"","","",""
RW6,1308,5/1/2024 21:45,16.56,0,"","","",""
RW6,1309,5/1/2024 21:50,16.56,0,"","","",""
RW6,1310,5/1/2024 21:55,16.47,0,"","","",""
RW6,1311,5/1/2024 22:00,16.47,0,"","","",""
RW6,1312,5/1/2024 22:05,16.51,0,"","","",""
RW6,1313,5/1/2024 22:10,16.04,0,"","","",""
RW6,1314,5/1/2024 22:15,16.34,0,"","","",""
RW6,1315,5/1/2024 22:20,16.3,0,"","","",""
RW6,1316,5/1/2024 22:25,16.3,0,"","","",""
RW6,1317,5/1/2024 22:30,16.26,0,"","","",""
RW6,1318,5/1/2024 22:35,16.26,0,"","","",""
RW6,1319,5/1/2024 22:40,16.21,0,"","","",""
RW6,1320,5/1/2024 22:45,16.21,0,"","","",""
RW6,1321,5/1/2024 22:50,15.83,0,"","","",""
RW6,1322,5/1/2024 22:55,16.13,0,"","","",""
RW6,1323,5/1/2024 23:00,16.08,0,"","","",""
RW6,1324,5/1/2024 23:05,16.17,0,"","","",""
RW6,1325,5/1/2024 23:10,16.17,0,"","","",""
RW6,1326,5/1/2024 23:15,16.21,0,"","","",""
RW6,1327,5/1/2024 23:20,16.17,0,"","","",""
RW6,1328,5/1/2024 23:25,16.13,0,"","","",""
RW6,1329,5/1/2024 23:30,16,0,"","","",""
RW6,1330,5/1/2024 23:35,16.04,0,"","","",""
RW6,1331,5/1/2024 23:40,15.96,0,"","","",""
RW6,1332,5/1/2024 23:45,15.83,0,"","","",""
RW6,1333,5/1/2024 23:50,16.08,0,"","","",""
RW6,1334,5/1/2024 23:55,16.08,0,"","","",""
RW6,1335,5/2/2024 0:00,16.17,0,"","","",""
RW6,1336,5/2/2024 0:05,16.17,0,"","","",""
RW6,1337,5/2/2024 0:10,16.17,0,"","","",""
RW6,1338,5/2/2024 0:15,16.13,0,"","","",""
RW6,1339,5/2/2024 0:20,16.17,0,"","","",""
RW6,1340,5/2/2024 0:25,16.13,0,"","","",""
RW6,1341,5/2/2024 0:30,16.17,0,"","","",""
RW6,1342,5/2/2024 0:35,16.13,0,"","","",""
RW6,1343,5/2/2024 0:40,16.08,0,"","","",""
RW6,1344,5/2/2024 0:45,16.08,0,"","","",""
RW6,1345,5/2/2024 0:50,16.08,0,"","","",""
RW6,1346,5/2/2024 0:55,16.04,0,"","","",""
RW6,1347,5/2/2024 1:00,16,0,"","","",""
RW6,1348,5/2/2024 1:05,16.04,0,"","","",""
RW6,1349,5/2/2024 1:10,16.08,0,"","","",""
RW6,1350,5/2/2024 1:15,16.04,0,"","","",""
RW6,1351,5/2/2024 1:20,16,0,"","","",""
RW6,1352,5/2/2024 1:25,16.04,0,"","","",""
RW6,1353,5/2/2024 1:30,16.04,0,"","","",""
RW6,1354,5/2/2024 1:35,15.96,0,"","","",""
RW6,1355,5/2/2024 1:40,15.96,0,"","","",""
RW6,1356,5/2/2024 1:45,15.96,0,"","","",""
RW6,1357,5/2/2024 1:50,15.91,0,"","","",""
RW6,1358,5/2/2024 1:55,15.91,0,"","","",""
RW6,1359,5/2/2024 2:00,15.87,0,"","","",""
RW6,1360,5/2/2024 2:05,15.87,0,"","","",""
RW6,1361,5/2/2024 2:10,15.87,0,"","","",""
RW6,1362,5/2/2024 2:15,15.87,0,"","","",""
RW6,1363,5/2/2024 2:20,15.83,0,"","","",""
RW6,1364,5/2/2024 2:25,15.87,0,"","","",""
RW6,1365,5/2/2024 2:30,15.87,0,"","","",""
RW6,1366,5/2/2024 2:35,15.91,0,"","","",""
RW6,1367,5/2/2024 2:40,15.83,0,"","","",""
RW6,1368,5/2/2024 2:45,15.87,0,"","","",""
RW6,1369,5/2/2024 2:50,15.87,0,"","","",""
RW6,1370,5/2/2024 2:55,15.78,0,"","","",""
RW6,1371,5/2/2024 3:00,15.87,0,"","","",""
RW6,1372,5/2/2024 3:05,15.87,0,"","","",""
RW6,1373,5/2/2024 3:10,15.83,0,"","","",""
RW6,1374,5/2/2024 3:15,15.83,0,"","","",""
RW6,1375,5/2/2024 3:20,15.78,0,"","","",""
RW6,1376,5/2/2024 3:25,15.78,0,"","","",""
RW6,1377,5/2/2024 3:30,15.78,0,"","","",""
RW6,1378,5/2/2024 3:35,15.74,0,"","","",""
RW6,1379,5/2/2024 3:40,15.74,0,"","","",""
RW6,1380,5/2/2024 3:45,15.74,0,"","","",""
RW6,1381,5/2/2024 3:50,15.74,0,"","","",""
RW6,1382,5/2/2024 3:55,15.78,0,"","","",""
RW6,1383,5/2/2024 4:00,15.7,0,"","","",""
RW6,1384,5/2/2024 4:05,15.74,0,"","","",""
RW6,1385,5/2/2024 4:10,15.74,0,"","","",""
RW6,1386,5/2/2024 4:15,15.74,0,"","","",""
RW6,1387,5/2/2024 4:20,15.74,0,"","","",""
RW6,1388,5/2/2024 4:25,15.7,0,"","","",""
RW6,1389,5/2/2024 4:30,15.7,0,"","","",""
RW6,1390,5/2/2024 4:35,15.7,0,"","","",""
RW6,1391,5/2/2024 4:40,15.66,0,"","","",""
RW6,1392,5/2/2024 4:45,15.61,0,"","","",""
RW6,1393,5/2/2024 4:50,15.61,0,"","","",""
RW6,1394,5/2/2024 4:55,15.61,0,"","","",""
RW6,1395,5/2/2024 5:00,15.61,0,"","","",""
RW6,1396,5/2/2024 5:05,15.61,0,"","","",""
RW6,1397,5/2/2024 5:10,15.57,0,"","","",""
RW6,1398,5/2/2024 5:15,15.57,0,"","","",""
RW6,1399,5/2/2024 5:20,15.57,0,"","","",""
RW6,1400,5/2/2024 5:25,15.57,0,"","","",""
RW6,1401,5/2/2024 5:30,15.53,0,"","","",""
RW6,1402,5/2/2024 5:35,15.53,0,"","","",""
RW6,1403,5/2/2024 5:40,15.48,0,"","","",""
RW6,1404,5/2/2024 5:45,15.44,0.21,"","","",""
RW6,1405,5/2/2024 5:50,15.48,0.07,"","","",""
RW6,1406,5/2/2024 5:55,15.53,2,"","","",""
RW6,1407,5/2/2024 6:00,15.48,11.07,"","","",""
RW6,1408,5/2/2024 6:05,15.48,14.24,"","","",""
RW6,1409,5/2/2024 6:10,15.44,16.84,"","","",""
RW6,1410,5/2/2024 6:15,15.48,17.84,"","","",""
RW6,1411,5/2/2024 6:20,15.44,15.41,"","","",""
RW6,1412,5/2/2024 6:25,15.4,45.8,"","","",""
RW6,1413,5/2/2024 6:30,15.48,27.91,"","","",""
RW6,1414,5/2/2024 6:35,15.44,85.28,"","","",""
RW6,1415,5/2/2024 6:40,15.4,154.8,"","","",""
RW6,1416,5/2/2024 6:45,15.44,84.48,"","","",""
RW6,1417,5/2/2024 6:50,15.4,76.98,"","","",""
RW6,1418,5/2/2024 6:55,15.44,30.53,"","","",""
RW6,1419,5/2/2024 7:00,15.48,300.4,"","","",""
RW6,1420,5/2/2024 7:05,15.48,363.2,"","","",""
RW6,1421,5/2/2024 7:10,15.48,404.48,"","","",""
RW6,1422,5/2/2024 7:15,15.48,179.12,"","","",""
RW6,1423,5/2/2024 7:20,15.44,426.56,"","","",""
RW6,1424,5/2/2024 7:25,15.48,127.28,"","","",""
RW6,1425,5/2/2024 7:30,15.44,61.48,"","","",""
RW6,1426,5/2/2024 7:35,15.48,71.52,"","","",""
RW6,1427,5/2/2024 7:40,15.53,460.32,"","","",""
RW6,1428,5/2/2024 7:45,15.53,725.12,"","","",""
RW6,1429,5/2/2024 7:50,15.4,510.88,"","","",""
RW6,1430,5/2/2024 7:55,15.48,807.68,"","","",""
RW6,1431,5/2/2024 8:00,15.57,551.52,"","","",""
RW6,1432,5/2/2024 8:05,15.57,522.56,"","","",""
RW6,1433,5/2/2024 8:10,15.57,552.16,"","","",""
RW6,1434,5/2/2024 8:15,15.61,609.44,"","","",""
RW6,1435,5/2/2024 8:20,15.66,652.48,"","","",""
RW6,1436,5/2/2024 8:25,15.78,728.64,"","","",""
RW6,1437,5/2/2024 8:30,15.83,721.92,"","","",""
RW6,1438,5/2/2024 8:35,15.87,709.76,"","","",""
RW6,1439,5/2/2024 8:40,15.91,659.84,"","","",""
RW6,1440,5/2/2024 8:45,16,667.2,"","","",""
RW6,1441,5/2/2024 8:50,16.04,714.88,"","","",""
RW6,1442,5/2/2024 8:55,16.21,806.72,"","","",""
RW6,1443,5/2/2024 9:00,16.39,818.56,"","","",""
RW6,1444,5/2/2024 9:05,16.51,955.84,"","","",""
RW6,1445,5/2/2024 9:10,16.69,1087.68,"","","",""
RW6,1446,5/2/2024 9:15,16.86,1093.44,"","","",""
RW6,1447,5/2/2024 9:20,17.03,1076.8,"","","",""
RW6,1448,5/2/2024 9:25,17.16,1024.64,"","","",""
RW6,1449,5/2/2024 9:30,17.2,951.04,"","","",""
RW6,1450,5/2/2024 9:35,17.29,1097.28,"","","",""
RW6,1451,5/2/2024 9:40,17.33,1229.12,"","","",""
RW6,1452,5/2/2024 9:45,17.33,1341.44,"","","",""
RW6,1453,5/2/2024 9:50,17.46,1539.84,"","","",""
RW6,1454,5/2/2024 9:55,17.8,1537.28,"","","",""
RW6,1455,5/2/2024 10:00,18.1,1476.48,"","","",""
RW6,1456,5/2/2024 10:05,18.19,1287.68,"","","",""
RW6,1457,5/2/2024 10:10,18.14,1344.64,"","","",""
RW6,1458,5/2/2024 10:15,18.19,1448.32,"","","",""
RW6,1459,5/2/2024 10:20,18.32,1582.08,"","","",""
RW6,1460,5/2/2024 10:25,18.36,1647.36,"","","",""
RW6,1461,5/2/2024 10:30,18.49,1723.52,"","","",""
RW6,1462,5/2/2024 10:35,18.57,1854.08,"","","",""
RW6,1463,5/2/2024 10:40,18.74,1978.88,"","","",""
RW6,1464,5/2/2024 10:45,18.96,2162.56,"","","",""
RW6,1465,5/2/2024 10:50,19.22,2165.76,"","","",""
RW6,1466,5/2/2024 10:55,19.56,2341.76,"","","",""
RW6,1467,5/2/2024 11:00,19.77,2485.76,"","","",""
RW6,1468,5/2/2024 11:05,19.99,2634.24,"","","",""
RW6,1469,5/2/2024 11:10,20.37,2798.08,"","","",""
RW6,1470,5/2/2024 11:15,20.93,3004.16,"","","",""
RW6,1471,5/2/2024 11:20,21.36,3262.72,"","","",""
RW6,1472,5/2/2024 11:25,21.62,3215.36,"","","",""
RW6,1473,5/2/2024 11:30,21.83,3306.24,"","","",""
RW6,1474,5/2/2024 11:35,22.01,3317.76,"","","",""
RW6,1475,5/2/2024 11:40,22.35,3380.48,"","","",""
RW6,1476,5/2/2024 11:45,22.69,3272.96,"","","",""
RW6,1477,5/2/2024 11:50,22.82,3262.72,"","","",""
RW6,1478,5/2/2024 11:55,22.95,3203.84,"","","",""
RW6,1479,5/2/2024 12:00,22.95,3203.84,"","","",""
RW6,1480,5/2/2024 12:05,23.03,3504.64,"","","",""
RW6,1481,5/2/2024 12:10,22.95,3914.24,"","","",""
RW6,1482,5/2/2024 12:15,23.59,4284.16,"","","",""
RW6,1483,5/2/2024 12:20,24.28,4408.32,"","","",""
RW6,1484,5/2/2024 12:25,24.71,4412.16,"","","",""
RW6,1485,5/2/2024 12:30,24.62,4299.52,"","","",""
RW6,1486,5/2/2024 12:35,24.28,4322.56,"","","",""
RW6,1487,5/2/2024 12:40,23.94,4084.48,"","","",""
RW6,1488,5/2/2024 12:45,24.15,4298.24,"","","",""
RW6,1489,5/2/2024 12:50,24.28,4254.72,"","","",""
RW6,1490,5/2/2024 12:55,24.58,4655.36,"","","",""
RW6,1491,5/2/2024 13:00,25.01,4499.2,"","","",""
RW6,1492,5/2/2024 13:05,25.39,4531.2,"","","",""
RW6,1493,5/2/2024 13:10,25.99,4994.56,"","","",""
RW6,1494,5/2/2024 13:15,26.38,5386.24,"","","",""
RW6,1495,5/2/2024 13:20,26.64,5962.24,"","","",""
RW6,1496,5/2/2024 13:25,27.28,5268.48,"","","",""
RW6,1497,5/2/2024 13:30,27.24,5112.32,"","","",""
RW6,1498,5/2/2024 13:35,27.02,4849.92,"","","",""
RW6,1499,5/2/2024 13:40,27.07,5077.76,"","","",""
RW6,1500,5/2/2024 13:45,27.11,4814.08,"","","",""
RW6,1501,5/2/2024 13:50,26.81,4449.28,"","","",""
RW6,1502,5/2/2024 13:55,26.47,4496.64,"","","",""
RW6,1503,5/2/2024 14:00,26.17,4231.68,"","","",""
RW6,1504,5/2/2024 14:05,26.25,4632.32,"","","",""
RW6,1505,5/2/2024 14:10,26.12,4061.44,"","","",""
RW6,1506,5/2/2024 14:15,26.04,4111.36,"","","",""
RW6,1507,5/2/2024 14:20,25.99,4139.52,"","","",""
RW6,1508,5/2/2024 14:25,26.12,4629.76,"","","",""
RW6,1509,5/2/2024 14:30,26.12,4860.16,"","","",""
RW6,1510,5/2/2024 14:35,26.47,4119.04,"","","",""
RW6,1511,5/2/2024 14:40,26.81,3783.68,"","","",""
RW6,1512,5/2/2024 14:45,27.97,3494.4,"","","",""
RW6,1513,5/2/2024 14:50,28.01,2446.72,"","","",""
RW6,1514,5/2/2024 14:55,28.65,2261.12,"","","",""
RW6,1515,5/2/2024 15:00,29,1951.36,"","","",""
RW6,1516,5/2/2024 15:05,29,1851.52,"","","",""
RW6,1517,5/2/2024 15:10,29,1920.64,"","","",""
RW6,1518,5/2/2024 15:15,29.17,1953.92,"","","",""
RW6,1519,5/2/2024 15:20,29.08,2133.76,"","","",""
RW6,1520,5/2/2024 15:25,29.3,2531.84,"","","",""
RW6,1521,5/2/2024 15:30,29.3,2903.04,"","","",""
RW6,1522,5/2/2024 15:35,29.17,2990.08,"","","",""
RW6,1523,5/2/2024 15:40,28.91,3018.24,"","","",""
RW6,1524,5/2/2024 15:45,28.83,3180.8,"","","",""
RW6,1525,5/2/2024 15:50,28.78,3450.88,"","","",""
RW6,1526,5/2/2024 15:55,28.74,3522.56,"","","",""
RW6,1527,5/2/2024 16:00,24.54,13352.96,"","","",""
RW6,1528,5/2/2024 16:05,23.85,14371.84,"","","",""
RW6,1529,5/2/2024 16:10,23.64,18216.96,"","","",""
RW6,1530,5/2/2024 16:15,21.96,15339.52,"","","",""
RW6,1531,5/2/2024 16:20,19.52,7162.88,"","","",""
RW6,1532,5/2/2024 16:25,19,6359.04,"","","",""
RW6,1533,5/2/2024 16:30,18.96,11463.68,"","","",""
RW6,1534,5/2/2024 16:35,18.83,2435.84,"","","",""
RW6,1535,5/2/2024 16:40,18.79,9745.92,"","","",""
RW6,1536,5/2/2024 16:45,18.4,5306.88,"","","",""
RW6,1537,5/2/2024 16:50,18.06,986.24,"","","",""
RW6,1538,5/2/2024 16:55,17.93,2084.48,"","","",""
RW6,1539,5/2/2024 17:00,18.1,2453.76,"","","",""
RW6,1540,5/2/2024 17:05,17.84,1429.76,"","","",""
RW6,1541,5/2/2024 17:10,17.89,1505.28,"","","",""
RW6,1542,5/2/2024 17:15,17.84,3699.2,"","","",""
RW6,1543,5/2/2024 17:20,17.8,1628.16,"","","",""
RW6,1544,5/2/2024 17:25,17.8,1014.72,"","","",""
RW6,1545,5/2/2024 17:30,17.84,4136.96,"","","",""
RW6,1546,5/2/2024 17:35,17.67,2043.52,"","","",""
RW6,1547,5/2/2024 17:40,17.63,1032.64,"","","",""
RW6,1548,5/2/2024 17:45,17.59,779.84,"","","",""
RW6,1549,5/2/2024 17:50,17.59,870.72,"","","",""
RW6,1550,5/2/2024 17:55,17.63,388.64,"","","",""
RW6,1551,5/2/2024 18:00,17.67,752.64,"","","",""
RW6,1552,5/2/2024 18:05,17.72,234.88,"","","",""
RW6,1553,5/2/2024 18:10,17.63,759.04,"","","",""
RW6,1554,5/2/2024 18:15,17.67,597.44,"","","",""
RW6,1555,5/2/2024 18:20,17.63,651.36,"","","",""
RW6,1556,5/2/2024 18:25,17.54,472.64,"","","",""
RW6,1557,5/2/2024 18:30,17.54,964.48,"","","",""
RW6,1558,5/2/2024 18:35,17.46,453.76,"","","",""
RW6,1559,5/2/2024 18:40,17.5,624.96,"","","",""
RW6,1560,5/2/2024 18:45,17.5,688.64,"","","",""
RW6,1561,5/2/2024 18:50,17.37,95.32,"","","",""
RW6,1562,5/2/2024 18:55,17.37,328.8,"","","",""
RW6,1563,5/2/2024 19:00,17.29,124.12,"","","",""
RW6,1564,5/2/2024 19:05,17.24,46.36,"","","",""
RW6,1565,5/2/2024 19:10,17.29,162.24,"","","",""
RW6,1566,5/2/2024 19:15,17.16,104,"","","",""
RW6,1567,5/2/2024 19:20,16.99,66.3,"","","",""
RW6,1568,5/2/2024 19:25,16.94,32.79,"","","",""
RW6,1569,5/2/2024 19:30,16.99,7.32,"","","",""
RW6,1570,5/2/2024 19:35,16.99,55.32,"","","",""
RW6,1571,5/2/2024 19:40,16.99,24.76,"","","",""
RW6,1572,5/2/2024 19:45,16.9,3.87,"","","",""
RW6,1573,5/2/2024 19:50,16.94,10.5,"","","",""
RW6,1574,5/2/2024 19:55,16.94,2.36,"","","",""
RW6,1575,5/2/2024 20:00,16.94,0.07,"","","",""
RW6,1576,5/2/2024 20:05,16.81,0.07,"","","",""
RW6,1577,5/2/2024 20:10,16.86,0,"","","",""
RW6,1578,5/2/2024 20:15,16.81,0,"","","",""
RW6,1579,5/2/2024 20:20,16.81,0,"","","",""
RW6,1580,5/2/2024 20:25,16.73,0,"","","",""
RW6,1581,5/2/2024 20:30,16.73,0,"","","",""
RW6,1582,5/2/2024 20:35,16.73,0,"","","",""
RW6,1583,5/2/2024 20:40,16.73,0,"","","",""
RW6,1584,5/2/2024 20:45,16.64,0,"","","",""
RW6,1585,5/2/2024 20:50,16.64,0,"","","",""
RW6,1586,5/2/2024 20:55,16.69,0,"","","",""
RW6,1587,5/2/2024 21:00,16.64,0,"","","",""
RW6,1588,5/2/2024 21:05,16.6,0,"","","",""
RW6,1589,5/2/2024 21:10,16.56,0,"","","",""
RW6,1590,5/2/2024 21:15,16.56,0,"","","",""
RW6,1591,5/2/2024 21:20,16.56,0,"","","",""
RW6,1592,5/2/2024 21:25,16.47,0,"","","",""
RW6,1593,5/2/2024 21:30,16.43,0,"","","",""
RW6,1594,5/2/2024 21:35,16.47,0,"","","",""
RW6,1595,5/2/2024 21:40,16.47,0,"","","",""
RW6,1596,5/2/2024 21:45,16.43,0,"","","",""
RW6,1597,5/2/2024 21:50,16.43,0,"","","",""
RW6,1598,5/2/2024 21:55,16.39,0,"","","",""
RW6,1599,5/2/2024 22:00,16.3,0,"","","",""
RW6,1600,5/2/2024 22:05,16.3,0,"","","",""
RW6,1601,5/2/2024 22:10,16.17,0,"","","",""
RW6,1602,5/2/2024 22:15,16.04,0,"","","",""
RW6,1603,5/2/2024 22:20,15.74,0,"","","",""
RW6,1604,5/2/2024 22:25,15.48,0,"","","",""
RW6,1605,5/2/2024 22:30,15.36,0,"","","",""
RW6,1606,5/2/2024 22:35,15.31,0,"","","",""
RW6,1607,5/2/2024 22:40,15.27,0,"","","",""
RW6,1608,5/2/2024 22:45,15.31,0,"","","",""
RW6,1609,5/2/2024 22:50,15.31,0,"","","",""
RW6,1610,5/2/2024 22:55,15.44,0,"","","",""
RW6,1611,5/2/2024 23:00,15.31,0,"","","",""
RW6,1612,5/2/2024 23:05,15.36,0,"","","",""
RW6,1613,5/2/2024 23:10,15.31,0,"","","",""
RW6,1614,5/2/2024 23:15,15.31,0,"","","",""
RW6,1615,5/2/2024 23:20,15.36,0,"","","",""
RW6,1616,5/2/2024 23:25,15.31,0,"","","",""
RW6,1617,5/2/2024 23:30,15.27,0,"","","",""
RW6,1618,5/2/2024 23:35,15.31,0,"","","",""
RW6,1619,5/2/2024 23:40,15.36,0,"","","",""
RW6,1620,5/2/2024 23:45,15.36,0,"","","",""
RW6,1621,5/2/2024 23:50,15.4,0,"","","",""
RW6,1622,5/2/2024 23:55,15.36,0,"","","",""
RW6,1623,5/3/2024 0:00,15.4,0,"","","",""
RW6,1624,5/3/2024 0:05,15.36,0,"","","",""
RW6,1625,5/3/2024 0:10,15.36,0,"","","",""
RW6,1626,5/3/2024 0:15,15.36,0,"","","",""
RW6,1627,5/3/2024 0:20,15.48,0,"","","",""
RW6,1628,5/3/2024 0:25,15.4,0,"","","",""
RW6,1629,5/3/2024 0:30,15.4,0,"","","",""
RW6,1630,5/3/2024 0:35,15.44,0,"","","",""
RW6,1631,5/3/2024 0:40,15.4,0,"","","",""
RW6,1632,5/3/2024 0:45,15.36,0,"","","",""
RW6,1633,5/3/2024 0:50,15.36,0,"","","",""
RW6,1634,5/3/2024 0:55,15.44,0,"","","",""
RW6,1635,5/3/2024 1:00,15.44,0.07,"","","",""
RW6,1636,5/3/2024 1:05,15.48,0,"","","",""
RW6,1637,5/3/2024 1:10,15.44,0,"","","",""
RW6,1638,5/3/2024 1:15,15.4,0,"","","",""
RW6,1639,5/3/2024 1:20,15.36,0,"","","",""
RW6,1640,5/3/2024 1:25,15.4,0,"","","",""
RW6,1641,5/3/2024 1:30,15.48,0,"","","",""
RW6,1642,5/3/2024 1:35,15.48,0,"","","",""
RW6,1643,5/3/2024 1:40,15.48,0,"","","",""
RW6,1644,5/3/2024 1:45,15.57,0,"","","",""
RW6,1645,5/3/2024 1:50,15.44,0,"","","",""
RW6,1646,5/3/2024 1:55,15.36,0,"","","",""
RW6,1647,5/3/2024 2:00,15.31,0,"","","",""
RW6,1648,5/3/2024 2:05,15.31,0,"","","",""
RW6,1649,5/3/2024 2:10,15.31,0,"","","",""
RW6,1650,5/3/2024 2:15,15.48,0,"","","",""
RW6,1651,5/3/2024 2:20,15.57,0,"","","",""
RW6,1652,5/3/2024 2:25,15.74,0,"","","",""
RW6,1653,5/3/2024 2:30,15.96,0,"","","",""
RW6,1654,5/3/2024 2:35,16,0,"","","",""
RW6,1655,5/3/2024 2:40,16,0,"","","",""
RW6,1656,5/3/2024 2:45,15.96,0,"","","",""
RW6,1657,5/3/2024 2:50,16,0,"","","",""
RW6,1658,5/3/2024 2:55,15.96,0,"","","",""
RW6,1659,5/3/2024 3:00,15.96,0,"","","",""
RW6,1660,5/3/2024 3:05,15.96,0,"","","",""
RW6,1661,5/3/2024 3:10,15.96,0,"","","",""
RW6,1662,5/3/2024 3:15,15.91,0,"","","",""
RW6,1663,5/3/2024 3:20,16,0,"","","",""
RW6,1664,5/3/2024 3:25,15.96,0,"","","",""
RW6,1665,5/3/2024 3:30,15.91,0,"","","",""
RW6,1666,5/3/2024 3:35,15.91,0,"","","",""
RW6,1667,5/3/2024 3:40,16,0,"","","",""
RW6,1668,5/3/2024 3:45,15.96,0,"","","",""
RW6,1669,5/3/2024 3:50,15.96,0,"","","",""
RW6,1670,5/3/2024 3:55,15.96,0,"","","",""
RW6,1671,5/3/2024 4:00,15.91,0,"","","",""
RW6,1672,5/3/2024 4:05,15.91,0,"","","",""
RW6,1673,5/3/2024 4:10,15.96,0,"","","",""
RW6,1674,5/3/2024 4:15,15.91,0,"","","",""
RW6,1675,5/3/2024 4:20,15.96,0,"","","",""
RW6,1676,5/3/2024 4:25,15.96,0,"","","",""
RW6,1677,5/3/2024 4:30,15.91,0,"","","",""
RW6,1678,5/3/2024 4:35,15.91,0,"","","",""
RW6,1679,5/3/2024 4:40,15.91,0,"","","",""
RW6,1680,5/3/2024 4:45,15.91,0,"","","",""
RW6,1681,5/3/2024 4:50,15.91,0,"","","",""
RW6,1682,5/3/2024 4:55,15.96,0,"","","",""
RW6,1683,5/3/2024 5:00,15.96,0,"","","",""
RW6,1684,5/3/2024 5:05,15.91,0,"","","",""
RW6,1685,5/3/2024 5:10,15.91,0,"","","",""
RW6,1686,5/3/2024 5:15,15.91,0,"","","",""
RW6,1687,5/3/2024 5:20,15.87,0,"","","",""
RW6,1688,5/3/2024 5:25,15.91,0,"","","",""
RW6,1689,5/3/2024 5:30,15.91,0,"","","",""
RW6,1690,5/3/2024 5:35,15.91,0,"","","",""
RW6,1691,5/3/2024 5:40,15.91,0.14,"","","",""
RW6,1692,5/3/2024 5:45,15.91,0.71,"","","",""
RW6,1693,5/3/2024 5:50,15.91,1.57,"","","",""
RW6,1694,5/3/2024 5:55,15.91,5.68,"","","",""
RW6,1695,5/3/2024 6:00,15.91,4.23,"","","",""
RW6,1696,5/3/2024 6:05,15.91,4.66,"","","",""
RW6,1697,5/3/2024 6:10,15.87,5.68,"","","",""
RW6,1698,5/3/2024 6:15,15.91,18.99,"","","",""
RW6,1699,5/3/2024 6:20,15.91,16.12,"","","",""
RW6,1700,5/3/2024 6:25,15.87,32.25,"","","",""
RW6,1701,5/3/2024 6:30,15.87,84.72,"","","",""
RW6,1702,5/3/2024 6:35,15.91,15.24,"","","",""
RW6,1703,5/3/2024 6:40,15.91,110.64,"","","",""
RW6,1704,5/3/2024 6:45,15.91,112.36,"","","",""
RW6,1705,5/3/2024 6:50,15.96,168.56,"","","",""
RW6,1706,5/3/2024 6:55,15.91,368,"","","",""
RW6,1707,5/3/2024 7:00,15.87,51.56,"","","",""
RW6,1708,5/3/2024 7:05,15.87,475.04,"","","",""
RW6,1709,5/3/2024 7:10,15.91,509.76,"","","",""
RW6,1710,5/3/2024 7:15,15.96,70.88,"","","",""
RW6,1711,5/3/2024 7:20,15.96,101.76,"","","",""
RW6,1712,5/3/2024 7:25,15.96,161.4,"","","",""
RW6,1713,5/3/2024 7:30,15.91,75.32,"","","",""
RW6,1714,5/3/2024 7:35,15.96,550.08,"","","",""
RW6,1715,5/3/2024 7:40,16,1069.12,"","","",""
RW6,1716,5/3/2024 7:45,16,877.12,"","","",""
RW6,1717,5/3/2024 7:50,16.04,278.8,"","","",""
RW6,1718,5/3/2024 7:55,16.04,848.64,"","","",""
RW6,1719,5/3/2024 8:00,16.08,2156.8,"","","",""
RW6,1720,5/3/2024 8:05,16.08,1169.6,"","","",""
RW6,1721,5/3/2024 8:10,16.08,416.8,"","","",""
RW6,1722,5/3/2024 8:15,16.17,566.4,"","","",""
RW6,1723,5/3/2024 8:20,16.17,1416.32,"","","",""
RW6,1724,5/3/2024 8:25,16.21,940.16,"","","",""
RW6,1725,5/3/2024 8:30,16.34,3756.8,"","","",""
RW6,1726,5/3/2024 8:35,16.47,597.76,"","","",""
RW6,1727,5/3/2024 8:40,16.47,1881.6,"","","",""
RW6,1728,5/3/2024 8:45,16.81,4419.84,"","","",""
RW6,1729,5/3/2024 8:50,16.9,3653.12,"","","",""
RW6,1730,5/3/2024 8:55,17.2,3971.84,"","","",""
RW6,1731,5/3/2024 9:00,18.02,4596.48,"","","",""
RW6,1732,5/3/2024 9:05,18.14,4099.84,"","","",""
RW6,1733,5/3/2024 9:10,18.7,5680.64,"","","",""
RW6,1734,5/3/2024 9:15,19.69,5038.08,"","","",""
RW6,1735,5/3/2024 9:20,20.16,5391.36,"","","",""
RW6,1736,5/3/2024 9:25,21.06,7992.32,"","","",""
RW6,1737,5/3/2024 9:30,21.06,5570.56,"","","",""
RW6,1738,5/3/2024 9:35,21.28,5969.92,"","","",""
RW6,1739,5/3/2024 9:40,21.92,6366.72,"","","",""
RW6,1740,5/3/2024 9:45,21.96,6092.8,"","","",""
RW6,1741,5/3/2024 9:50,22.13,5939.2,"","","",""
RW6,1742,5/3/2024 9:55,21.92,5583.36,"","","",""
RW6,1743,5/3/2024 10:00,21.7,5447.68,"","","",""
RW6,1744,5/3/2024 10:05,21.79,6082.56,"","","",""
RW6,1745,5/3/2024 10:10,22.26,6435.84,"","","",""
RW6,1746,5/3/2024 10:15,23.42,10920.96,"","","",""
RW6,1747,5/3/2024 10:20,24.58,9830.4,"","","",""
RW6,1748,5/3/2024 10:25,25.39,8089.6,"","","",""
RW6,1749,5/3/2024 10:30,24.88,6144,"","","",""
RW6,1750,5/3/2024 10:35,25.35,6658.56,"","","",""
RW6,1751,5/3/2024 10:40,27.41,12364.8,"","","",""
RW6,1752,5/3/2024 10:45,28.44,9953.28,"","","",""
RW6,1753,5/3/2024 10:50,29.08,10711.04,"","","",""
RW6,1754,5/3/2024 10:55,29.94,11279.36,"","","",""
RW6,1755,5/3/2024 11:00,30.67,12615.68,"","","",""
RW6,1756,5/3/2024 11:05,31.66,13148.16,"","","",""
RW6,1757,5/3/2024 11:10,33.42,15283.2,"","","",""
RW6,1758,5/3/2024 11:15,33.59,13639.68,"","","",""
RW6,1759,5/3/2024 11:20,34.02,14382.08,"","","",""
RW6,1760,5/3/2024 11:25,34.15,14243.84,"","","",""
RW6,1761,5/3/2024 11:30,33.76,15216.64,"","","",""
RW6,1762,5/3/2024 11:35,33.93,15897.6,"","","",""
RW6,1763,5/3/2024 11:40,33.8,15206.4,"","","",""
RW6,1764,5/3/2024 11:45,35.18,16225.28,"","","",""
RW6,1765,5/3/2024 11:50,35.48,18713.6,"","","",""
RW6,1766,5/3/2024 11:55,36.12,19143.68,"","","",""
RW6,1767,5/3/2024 12:00,37.15,24657.92,"","","",""
RW6,1768,5/3/2024 12:05,37.75,27934.72,"","","",""
RW6,1769,5/3/2024 12:10,37.58,23715.84,"","","",""
RW6,1770,5/3/2024 12:15,37.88,25743.36,"","","",""
RW6,1771,5/3/2024 12:20,38.09,22323.2,"","","",""
RW6,1772,5/3/2024 12:25,37.15,21596.16,"","","",""
RW6,1773,5/3/2024 12:30,36.51,24504.32,"","","",""
RW6,1774,5/3/2024 12:35,37.11,30648.32,"","","",""
RW6,1775,5/3/2024 12:40,35.18,22394.88,"","","",""
RW6,1776,5/3/2024 12:45,37.41,31447.04,"","","",""
RW6,1777,5/3/2024 12:50,38.01,30228.48,"","","",""
RW6,1778,5/3/2024 12:55,38.22,30597.12,"","","",""
RW6,1779,5/3/2024 13:00,37.45,24862.72,"","","",""
RW6,1780,5/3/2024 13:05,36.59,26818.56,"","","",""
RW6,1781,5/3/2024 13:10,37.32,25180.16,"","","",""
RW6,1782,5/3/2024 13:15,37.41,28334.08,"","","",""
RW6,1783,5/3/2024 13:20,37.92,28323.84,"","","",""
RW6,1784,5/3/2024 13:25,37.92,25825.28,"","","",""
RW6,1785,5/3/2024 13:30,37.15,28641.28,"","","",""
RW6,1786,5/3/2024 13:35,37.41,30842.88,"","","",""
RW6,1787,5/3/2024 13:40,37.58,31262.72,"","","",""
RW6,1788,5/3/2024 13:45,37.28,31016.96,"","","",""
RW6,1789,5/3/2024 13:50,36.81,30494.72,"","","",""
RW6,1790,5/3/2024 13:55,36.76,30003.2,"","","",""
RW6,1791,5/3/2024 14:00,36.03,29040.64,"","","",""
RW6,1792,5/3/2024 14:05,35.99,29224.96,"","","",""
RW6,1793,5/3/2024 14:10,35.9,28917.76,"","","",""
RW6,1794,5/3/2024 14:15,36.12,29665.28,"","","",""
RW6,1795,5/3/2024 14:20,36.12,28282.88,"","","",""
RW6,1796,5/3/2024 14:25,36.03,27422.72,"","","",""
RW6,1797,5/3/2024 14:30,35.73,21729.28,"","","",""
RW6,1798,5/3/2024 14:35,37.02,29306.88,"","","",""
RW6,1799,5/3/2024 14:40,36.38,26593.28,"","","",""
RW6,1800,5/3/2024 14:45,35.82,25978.88,"","","",""
RW6,1801,5/3/2024 14:50,35.3,26060.8,"","","",""
RW6,1802,5/3/2024 14:55,35.48,25927.68,"","","",""
RW6,1803,5/3/2024 15:00,35.35,25681.92,"","","",""
RW6,1804,5/3/2024 15:05,35.43,25272.32,"","","",""
RW6,1805,5/3/2024 15:10,35.26,24924.16,"","","",""
RW6,1806,5/3/2024 15:15,35.3,24442.88,"","","",""
RW6,1807,5/3/2024 15:20,34.79,24053.76,"","","",""
RW6,1808,5/3/2024 15:25,34.88,23808,"","","",""
RW6,1809,5/3/2024 15:30,34.79,23306.24,"","","",""
RW6,1810,5/3/2024 15:35,34.7,22876.16,"","","",""
RW6,1811,5/3/2024 15:40,34.62,22528,"","","",""
RW6,1812,5/3/2024 15:45,34.45,22005.76,"","","",""
RW6,1813,5/3/2024 15:50,34.27,21626.88,"","","",""
RW6,1814,5/3/2024 15:55,33.85,21155.84,"","","",""
RW6,1815,5/3/2024 16:00,33.72,20751.36,"","","",""
RW6,1816,5/3/2024 16:05,33.29,19962.88,"","","",""
RW6,1817,5/3/2024 16:06,,,"",Logged,Logged,""
RW6,1818,5/3/2024 16:10,32.94,18908.16,"","","",""
RW6,1819,5/3/2024 16:15,31.57,18309.12,"","","",""
RW6,1820,5/3/2024 16:20,26.42,18841.6,"","","",""
RW6,1821,5/3/2024 16:25,24.66,11115.52,"","","",""
RW6,1822,5/3/2024 16:30,22.61,7728.64,"","","",""
RW6,1823,5/3/2024 16:35,20.98,3403.52,"","","",""
RW6,1824,5/3/2024 16:40,20.59,11847.68,"","","",""
RW6,1825,5/3/2024 16:45,20.42,4501.76,"","","",""
RW6,1826,5/3/2024 16:50,19.99,1564.8,"","","",""
RW6,1827,5/3/2024 16:55,19.65,1354.24,"","","",""
RW6,1828,5/3/2024 17:00,19.47,6666.24,"","","",""
RW6,1829,5/3/2024 17:05,19.17,1953.92,"","","",""
RW6,1830,5/3/2024 17:10,19.09,1671.68,"","","",""
RW6,1831,5/3/2024 17:15,19.05,644.48,"","","",""
RW6,1832,5/3/2024 17:20,19.09,743.68,"","","",""
RW6,1833,5/3/2024 17:25,19.05,143.48,"","","",""
RW6,1834,5/3/2024 17:30,19,2464,"","","",""
RW6,1835,5/3/2024 17:35,18.96,876.48,"","","",""
RW6,1836,5/3/2024 17:40,18.92,1058.24,"","","",""
RW6,1837,5/3/2024 17:45,18.92,678.08,"","","",""
RW6,1838,5/3/2024 17:50,18.87,403.68,"","","",""
RW6,1839,5/3/2024 17:55,18.79,152.52,"","","",""
RW6,1840,5/3/2024 18:00,18.7,514.88,"","","",""
RW6,1841,5/3/2024 18:05,18.62,681.6,"","","",""
RW6,1842,5/3/2024 18:10,18.57,164.96,"","","",""
RW6,1843,5/3/2024 18:15,18.57,326.48,"","","",""
RW6,1844,5/3/2024 18:20,18.49,438.08,"","","",""
RW6,1845,5/3/2024 18:25,18.53,784.32,"","","",""
RW6,1846,5/3/2024 18:30,18.44,206.24,"","","",""
RW6,1847,5/3/2024 18:35,18.44,205.36,"","","",""
RW6,1848,5/3/2024 18:40,18.4,614.56,"","","",""
RW6,1849,5/3/2024 18:45,18.36,59.62,"","","",""
RW6,1850,5/3/2024 18:50,18.32,346.88,"","","",""
RW6,1851,5/3/2024 18:55,18.32,320.8,"","","",""
RW6,1852,5/3/2024 19:00,18.23,35.12,"","","",""
RW6,1853,5/3/2024 19:05,18.23,23.33,"","","",""
RW6,1854,5/3/2024 19:10,18.27,89.28,"","","",""
RW6,1855,5/3/2024 19:15,18.19,33.4,"","","",""
RW6,1856,5/3/2024 19:20,18.19,101.12,"","","",""
RW6,1857,5/3/2024 19:25,18.1,26.16,"","","",""
RW6,1858,5/3/2024 19:30,18.1,4.09,"","","",""
RW6,1859,5/3/2024 19:35,17.97,0.57,"","","",""
RW6,1860,5/3/2024 19:40,18.02,7.16,"","","",""
RW6,1861,5/3/2024 19:45,17.97,14.1,"","","",""
RW6,1862,5/3/2024 19:50,17.97,1.14,"","","",""
RW6,1863,5/3/2024 19:55,17.93,3.01,"","","",""
RW6,1864,5/3/2024 20:00,17.84,0.71,"","","",""
RW6,1865,5/3/2024 20:05,17.84,0,"","","",""
RW6,1866,5/3/2024 20:10,17.8,0,"","","",""
RW6,1867,5/3/2024 20:15,17.8,0,"","","",""
RW6,1868,5/3/2024 20:20,17.84,0,"","","",""
RW6,1869,5/3/2024 20:25,17.8,0,"","","",""
RW6,1870,5/3/2024 20:30,17.72,0,"","","",""
RW6,1871,5/3/2024 20:35,17.67,0,"","","",""
RW6,1872,5/3/2024 20:40,17.63,0,"","","",""
RW6,1873,5/3/2024 20:45,17.59,0,"","","",""
RW6,1874,5/3/2024 20:50,17.59,0,"","","",""
RW6,1875,5/3/2024 20:55,17.59,0,"","","",""
RW6,1876,5/3/2024 21:00,17.59,0,"","","",""
RW6,1877,5/3/2024 21:05,17.5,0,"","","",""
RW6,1878,5/3/2024 21:10,17.5,0,"","","",""
RW6,1879,5/3/2024 21:15,17.46,0,"","","",""
RW6,1880,5/3/2024 21:20,17.41,0,"","","",""
RW6,1881,5/3/2024 21:25,17.37,0,"","","",""
RW6,1882,5/3/2024 21:30,17.33,0,"","","",""
RW6,1883,5/3/2024 21:35,17.2,0,"","","",""
RW6,1884,5/3/2024 21:40,17.16,0,"","","",""
RW6,1885,5/3/2024 21:45,17.07,0,"","","",""
RW6,1886,5/3/2024 21:50,17.07,0,"","","",""
RW6,1887,5/3/2024 21:55,17.03,0,"","","",""
RW6,1888,5/3/2024 22:00,17.03,0,"","","",""
RW6,1889,5/3/2024 22:05,16.99,0,"","","",""
RW6,1890,5/3/2024 22:10,16.86,0,"","","",""
RW6,1891,5/3/2024 22:15,16.86,0,"","","",""
RW6,1892,5/3/2024 22:20,16.77,0,"","","",""
RW6,1893,5/3/2024 22:25,16.39,0,"","","",""
RW6,1894,5/3/2024 22:30,16,0,"","","",""
RW6,1895,5/3/2024 22:35,15.4,0,"","","",""
RW6,1896,5/3/2024 22:40,15.18,0,"","","",""
RW6,1897,5/3/2024 22:45,14.97,0,"","","",""
RW6,1898,5/3/2024 22:50,14.93,0,"","","",""
RW6,1899,5/3/2024 22:55,14.84,0,"","","",""
RW6,1900,5/3/2024 23:00,14.8,0,"","","",""
RW6,1901,5/3/2024 23:05,14.88,0,"","","",""
RW6,1902,5/3/2024 23:10,14.88,0,"","","",""
RW6,1903,5/3/2024 23:15,14.93,0,"","","",""
RW6,1904,5/3/2024 23:20,14.97,0,"","","",""
RW6,1905,5/3/2024 23:25,14.97,0,"","","",""
RW6,1906,5/3/2024 23:30,15.01,0,"","","",""
RW6,1907,5/3/2024 23:35,15.06,0,"","","",""
RW6,1908,5/3/2024 23:40,15.01,0,"","","",""
RW6,1909,5/3/2024 23:45,15.1,0,"","","",""
RW6,1910,5/3/2024 23:50,15.01,0,"","","",""
RW6,1911,5/3/2024 23:55,15.01,0,"","","",""
RW6,1912,5/4/2024 0:00,15.01,0,"","","",""
RW6,1913,5/4/2024 0:05,15.06,0,"","","",""
RW6,1914,5/4/2024 0:10,15.01,0,"","","",""
RW6,1915,5/4/2024 0:15,15.1,0,"","","",""
RW6,1916,5/4/2024 0:20,14.97,0,"","","",""
RW6,1917,5/4/2024 0:25,15.01,0.07,"","","",""
RW6,1918,5/4/2024 0:30,15.06,0,"","","",""
RW6,1919,5/4/2024 0:35,15.01,0,"","","",""
RW6,1920,5/4/2024 0:40,15.01,0,"","","",""
RW6,1921,5/4/2024 0:45,15.01,0,"","","",""
RW6,1922,5/4/2024 0:50,15.06,0,"","","",""
RW6,1923,5/4/2024 0:55,15.01,0,"","","",""
RW6,1924,5/4/2024 1:00,15.01,0,"","","",""
RW6,1925,5/4/2024 1:05,15.06,0,"","","",""
RW6,1926,5/4/2024 1:10,15.06,0,"","","",""
RW6,1927,5/4/2024 1:15,15.01,0,"","","",""
RW6,1928,5/4/2024 1:20,15.06,0,"","","",""
RW6,1929,5/4/2024 1:25,15.1,0,"","","",""
RW6,1930,5/4/2024 1:30,15.1,0,"","","",""
RW6,1931,5/4/2024 1:35,15.06,0,"","","",""
RW6,1932,5/4/2024 1:40,15.06,0,"","","",""
RW6,1933,5/4/2024 1:45,15.06,0,"","","",""
RW6,1934,5/4/2024 1:50,15.01,0,"","","",""
RW6,1935,5/4/2024 1:55,15.06,0,"","","",""
RW6,1936,5/4/2024 2:00,15.06,0,"","","",""
RW6,1937,5/4/2024 2:05,15.1,0,"","","",""
RW6,1938,5/4/2024 2:10,14.97,0,"","","",""
RW6,1939,5/4/2024 2:15,15.01,0,"","","",""
RW6,1940,5/4/2024 2:20,15.01,0,"","","",""
RW6,1941,5/4/2024 2:25,15.01,0,"","","",""
RW6,1942,5/4/2024 2:30,14.97,0,"","","",""
RW6,1943,5/4/2024 2:35,14.97,0,"","","",""
RW6,1944,5/4/2024 2:40,14.93,0,"","","",""
RW6,1945,5/4/2024 2:45,14.93,0,"","","",""
RW6,1946,5/4/2024 2:50,14.97,0,"","","",""
RW6,1947,5/4/2024 2:55,14.97,0,"","","",""
RW6,1948,5/4/2024 3:00,14.97,0,"","","",""
RW6,1949,5/4/2024 3:05,14.93,0,"","","",""
RW6,1950,5/4/2024 3:10,14.93,0,"","","",""
RW6,1951,5/4/2024 3:15,14.88,0,"","","",""
RW6,1952,5/4/2024 3:20,14.88,0,"","","",""
RW6,1953,5/4/2024 3:25,14.88,0,"","","",""
RW6,1954,5/4/2024 3:30,14.97,0,"","","",""
RW6,1955,5/4/2024 3:35,14.93,0,"","","",""
RW6,1956,5/4/2024 3:40,14.93,0,"","","",""
RW6,1957,5/4/2024 3:45,14.97,0,"","","",""
RW6,1958,5/4/2024 3:50,15.01,0,"","","",""
RW6,1959,5/4/2024 3:55,15.18,0,"","","",""
RW6,1960,5/4/2024 4:00,15.91,0,"","","",""
RW6,1961,5/4/2024 4:05,15.83,0,"","","",""
RW6,1962,5/4/2024 4:10,16.17,0,"","","",""
RW6,1963,5/4/2024 4:15,16.34,0,"","","",""
RW6,1964,5/4/2024 4:20,16.34,0,"","","",""
RW6,1965,5/4/2024 4:25,16.39,0,"","","",""
RW6,1966,5/4/2024 4:30,16.47,0,"","","",""
RW6,1967,5/4/2024 4:35,16.47,0,"","","",""
RW6,1968,5/4/2024 4:40,16.47,0,"","","",""
RW6,1969,5/4/2024 4:45,16.47,0,"","","",""
RW6,1970,5/4/2024 4:50,16.47,0,"","","",""
RW6,1971,5/4/2024 4:55,16.47,0,"","","",""
RW6,1972,5/4/2024 5:00,16.47,0,"","","",""
RW6,1973,5/4/2024 5:05,16.47,0,"","","",""
RW6,1974,5/4/2024 5:10,16.47,0,"","","",""
RW6,1975,5/4/2024 5:15,16.47,0,"","","",""
RW6,1976,5/4/2024 5:20,16.51,0,"","","",""
RW6,1977,5/4/2024 5:25,16.43,0,"","","",""
RW6,1978,5/4/2024 5:30,16.43,0,"","","",""
RW6,1979,5/4/2024 5:35,16.47,0,"","","",""
RW6,1980,5/4/2024 5:40,16.39,0.14,"","","",""
RW6,1981,5/4/2024 5:45,16.39,1,"","","",""
RW6,1982,5/4/2024 5:50,16.39,0.21,"","","",""
RW6,1983,5/4/2024 5:55,16.39,0.21,"","","",""
RW6,1984,5/4/2024 6:00,16.39,11.93,"","","",""
RW6,1985,5/4/2024 6:05,16.47,10.48,"","","",""
RW6,1986,5/4/2024 6:10,16.39,44.6,"","","",""
RW6,1987,5/4/2024 6:15,16.39,46.08,"","","",""
RW6,1988,5/4/2024 6:20,16.39,9.19,"","","",""
RW6,1989,5/4/2024 6:25,16.34,113.24,"","","",""
RW6,1990,5/4/2024 6:30,16.34,165.36,"","","",""
RW6,1991,5/4/2024 6:35,16.26,197.04,"","","",""
RW6,1992,5/4/2024 6:40,16.3,97.68,"","","",""
RW6,1993,5/4/2024 6:45,16.3,15.69,"","","",""
RW6,1994,5/4/2024 6:50,16.3,39.7,"","","",""
RW6,1995,5/4/2024 6:55,16.26,316.48,"","","",""
RW6,1996,5/4/2024 7:00,16.26,301.84,"","","",""
RW6,1997,5/4/2024 7:05,16.21,414.56,"","","",""
RW6,1998,5/4/2024 7:10,16.3,234.88,"","","",""
RW6,1999,5/4/2024 7:15,16.21,438.56,"","","",""
RW6,2000,5/4/2024 7:20,16.26,661.44,"","","",""
RW6,2001,5/4/2024 7:25,16.17,446.56,"","","",""
RW6,2002,5/4/2024 7:30,16.17,450.4,"","","",""
RW6,2003,5/4/2024 7:35,16.13,108.08,"","","",""
RW6,2004,5/4/2024 7:40,16.13,993.6,"","","",""
RW6,2005,5/4/2024 7:45,16.17,736,"","","",""
RW6,2006,5/4/2024 7:50,16.17,414.56,"","","",""
RW6,2007,5/4/2024 7:55,16.21,400.8,"","","",""
RW6,2008,5/4/2024 8:00,16.17,117.68,"","","",""
RW6,2009,5/4/2024 8:05,16.17,316.16,"","","",""
RW6,2010,5/4/2024 8:10,16.21,2168.32,"","","",""
RW6,2011,5/4/2024 8:15,16.21,26.87,"","","",""
RW6,2012,5/4/2024 8:20,16.17,1053.12,"","","",""
RW6,2013,5/4/2024 8:25,16.21,515.2,"","","",""
RW6,2014,5/4/2024 8:30,16.26,2737.92,"","","",""
RW6,2015,5/4/2024 8:35,16.26,2722.56,"","","",""
RW6,2016,5/4/2024 8:40,16.26,2656,"","","",""
RW6,2017,5/4/2024 8:45,16.26,1372.16,"","","",""
RW6,2018,5/4/2024 8:50,16.26,571.68,"","","",""
RW6,2019,5/4/2024 8:55,16.3,5168.64,"","","",""
RW6,2020,5/4/2024 9:00,16.26,2677.76,"","","",""
RW6,2021,5/4/2024 9:05,16.26,1545.6,"","","",""
RW6,2022,5/4/2024 9:10,16.39,1412.48,"","","",""
RW6,2023,5/4/2024 9:15,16.39,5283.84,"","","",""
RW6,2024,5/4/2024 9:20,16.43,1587.84,"","","",""
RW6,2025,5/4/2024 9:25,16.39,3572.48,"","","",""
RW6,2026,5/4/2024 9:30,16.39,882.24,"","","",""
RW6,2027,5/4/2024 9:35,16.43,2287.36,"","","",""
RW6,2028,5/4/2024 9:40,16.81,4394.24,"","","",""
RW6,2029,5/4/2024 9:45,16.99,4111.36,"","","",""
RW6,2030,5/4/2024 9:50,17.76,5509.12,"","","",""
RW6,2031,5/4/2024 9:55,18.87,5716.48,"","","",""
RW6,2032,5/4/2024 10:00,19.6,5667.84,"","","",""
RW6,2033,5/4/2024 10:05,20.42,6865.92,"","","",""
RW6,2034,5/4/2024 10:10,21.32,8161.28,"","","",""
RW6,2035,5/4/2024 10:15,22.13,7718.4,"","","",""
RW6,2036,5/4/2024 10:20,22.09,7472.64,"","","",""
RW6,2037,5/4/2024 10:25,22.43,7449.6,"","","",""
RW6,2038,5/4/2024 10:30,22.39,7372.8,"","","",""
RW6,2039,5/4/2024 10:35,22.48,7616,"","","",""
RW6,2040,5/4/2024 10:40,23.12,8465.92,"","","",""
RW6,2041,5/4/2024 10:45,23.51,7741.44,"","","",""
RW6,2042,5/4/2024 10:50,24.19,8883.2,"","","",""
RW6,2043,5/4/2024 10:55,24.79,9443.84,"","","",""
RW6,2044,5/4/2024 11:00,26.3,11407.36,"","","",""
RW6,2045,5/4/2024 11:05,27.63,9809.92,"","","",""
RW6,2046,5/4/2024 11:10,27.2,13230.08,"","","",""
RW6,2047,5/4/2024 11:15,27.67,11351.04,"","","",""
RW6,2048,5/4/2024 11:20,27.11,9523.2,"","","",""
RW6,2049,5/4/2024 11:25,27.45,11371.52,"","","",""
RW6,2050,5/4/2024 11:30,28.31,14484.48,"","","",""
RW6,2051,5/4/2024 11:35,30.07,14750.72,"","","",""
RW6,2052,5/4/2024 11:40,32.52,14202.88,"","","",""
RW6,2053,5/4/2024 11:45,31.06,15815.68,"","","",""
RW6,2054,5/4/2024 11:50,30.89,14008.32,"","","",""
RW6,2055,5/4/2024 11:55,29.17,12784.64,"","","",""
RW6,2056,5/4/2024 12:00,28.65,13096.96,"","","",""
RW6,2057,5/4/2024 12:05,27.88,11699.2,"","","",""
RW6,2058,5/4/2024 12:10,27.75,13102.08,"","","",""
RW6,2059,5/4/2024 12:15,27.67,11955.2,"","","",""
RW6,2060,5/4/2024 12:20,27.97,14264.32,"","","",""
RW6,2061,5/4/2024 12:25,28.31,13634.56,"","","",""
RW6,2062,5/4/2024 12:30,28.65,15467.52,"","","",""
RW6,2063,5/4/2024 12:35,28.74,14161.92,"","","",""
RW6,2064,5/4/2024 12:40,28.7,15155.2,"","","",""
RW6,2065,5/4/2024 12:45,29.73,20674.56,"","","",""
RW6,2066,5/4/2024 12:50,35.56,33167.36,"","","",""
RW6,2067,5/4/2024 12:55,33.2,16430.08,"","","",""
RW6,2068,5/4/2024 13:00,31.06,16706.56,"","","",""
RW6,2069,5/4/2024 13:05,31.06,20638.72,"","","",""
RW6,2070,5/4/2024 13:10,32.6,23654.4,"","","",""
RW6,2071,5/4/2024 13:15,32.77,24033.28,"","","",""
RW6,2072,5/4/2024 13:20,32.6,20014.08,"","","",""
RW6,2073,5/4/2024 13:25,32.47,23541.76,"","","",""
RW6,2074,5/4/2024 13:30,33.16,25671.68,"","","",""
RW6,2075,5/4/2024 13:35,32.34,18749.44,"","","",""
RW6,2076,5/4/2024 13:40,33.29,26511.36,"","","",""
RW6,2077,5/4/2024 13:45,34.4,22333.44,"","","",""
RW6,2078,5/4/2024 13:50,32.04,13788.16,"","","",""
RW6,2079,5/4/2024 13:55,30.63,17208.32,"","","",""
RW6,2080,5/4/2024 14:00,30.11,20567.04,"","","",""
RW6,2081,5/4/2024 14:05,29.51,17018.88,"","","",""
RW6,2082,5/4/2024 14:10,29.86,18017.28,"","","",""
RW6,2083,5/4/2024 14:15,30.37,22507.52,"","","",""
RW6,2084,5/4/2024 14:20,30.41,19491.84,"","","",""
RW6,2085,5/4/2024 14:25,31.06,17863.68,"","","",""
RW6,2086,5/4/2024 14:30,32.3,24248.32,"","","",""
RW6,2087,5/4/2024 14:35,31.19,19348.48,"","","",""
RW6,2088,5/4/2024 14:40,30.76,19302.4,"","","",""
RW6,2089,5/4/2024 14:45,30.03,17776.64,"","","",""
RW6,2090,5/4/2024 14:50,28.53,14689.28,"","","",""
RW6,2091,5/4/2024 14:55,27.45,15933.44,"","","",""
RW6,2092,5/4/2024 15:00,28.14,17546.24,"","","",""
RW6,2093,5/4/2024 15:05,28.01,15769.6,"","","",""
RW6,2094,5/4/2024 15:10,27.11,14202.88,"","","",""
RW6,2095,5/4/2024 15:15,26.12,12472.32,"","","",""
RW6,2096,5/4/2024 15:20,25.22,11991.04,"","","",""
RW6,2097,5/4/2024 15:25,24.84,12226.56,"","","",""
RW6,2098,5/4/2024 15:30,24.49,11852.8,"","","",""
RW6,2099,5/4/2024 15:35,24.49,11914.24,"","","",""
RW6,2100,5/4/2024 15:40,23.98,11054.08,"","","",""
RW6,2101,5/4/2024 15:45,23.42,10629.12,"","","",""
RW6,2102,5/4/2024 15:50,24.45,13931.52,"","","",""
RW6,2103,5/4/2024 15:55,23.85,12661.76,"","","",""
RW6,2104,5/4/2024 16:00,24.88,13317.12,"","","",""
RW6,2105,5/4/2024 16:05,25.35,16931.84,"","","",""
RW6,2106,5/4/2024 16:10,26.77,15610.88,"","","",""
RW6,2107,5/4/2024 16:15,26.17,12160,"","","",""
RW6,2108,5/4/2024 16:20,25.69,11868.16,"","","",""
RW6,2109,5/4/2024 16:25,25.05,14883.84,"","","",""
RW6,2110,5/4/2024 16:30,24.58,7659.52,"","","",""
RW6,2111,5/4/2024 16:35,20.59,9466.88,"","","",""
RW6,2112,5/4/2024 16:40,19.3,6466.56,"","","",""
RW6,2113,5/4/2024 16:45,18.57,3960.32,"","","",""
RW6,2114,5/4/2024 16:50,18.32,6200.32,"","","",""
RW6,2115,5/4/2024 16:55,18.14,4965.12,"","","",""
RW6,2116,5/4/2024 17:00,18.02,3671.04,"","","",""
RW6,2117,5/4/2024 17:05,17.93,3371.52,"","","",""
RW6,2118,5/4/2024 17:10,17.8,4788.48,"","","",""
RW6,2119,5/4/2024 17:15,17.67,3137.28,"","","",""
RW6,2120,5/4/2024 17:20,17.59,2294.4,"","","",""
RW6,2121,5/4/2024 17:25,17.72,4455.68,"","","",""
RW6,2122,5/4/2024 17:30,17.76,4409.6,"","","",""
RW6,2123,5/4/2024 17:35,17.59,2355.2,"","","",""
RW6,2124,5/4/2024 17:40,17.54,987.2,"","","",""
RW6,2125,5/4/2024 17:45,17.5,1225.92,"","","",""
RW6,2126,5/4/2024 17:50,17.5,149.36,"","","",""
RW6,2127,5/4/2024 17:55,17.46,677.12,"","","",""
RW6,2128,5/4/2024 18:00,17.5,1245.44,"","","",""
RW6,2129,5/4/2024 18:05,17.37,411.84,"","","",""
RW6,2130,5/4/2024 18:10,17.46,449.44,"","","",""
RW6,2131,5/4/2024 18:15,17.41,551.04,"","","",""
RW6,2132,5/4/2024 18:20,17.37,840,"","","",""
RW6,2133,5/4/2024 18:25,17.33,945.92,"","","",""
RW6,2134,5/4/2024 18:30,17.33,753.92,"","","",""
RW6,2135,5/4/2024 18:35,17.37,411.04,"","","",""
RW6,2136,5/4/2024 18:40,17.33,65.36,"","","",""
RW6,2137,5/4/2024 18:45,17.41,69.16,"","","",""
RW6,2138,5/4/2024 18:50,17.33,243.92,"","","",""
RW6,2139,5/4/2024 18:55,17.33,5.89,"","","",""
RW6,2140,5/4/2024 19:00,17.29,186.32,"","","",""
RW6,2141,5/4/2024 19:05,17.29,67.66,"","","",""
RW6,2142,5/4/2024 19:10,17.29,20.42,"","","",""
RW6,2143,5/4/2024 19:15,17.2,57.04,"","","",""
RW6,2144,5/4/2024 19:20,17.16,42.28,"","","",""
RW6,2145,5/4/2024 19:25,17.16,8.18,"","","",""
RW6,2146,5/4/2024 19:30,17.16,36.55,"","","",""
RW6,2147,5/4/2024 19:35,17.11,1.72,"","","",""
RW6,2148,5/4/2024 19:40,17.11,4.45,"","","",""
RW6,2149,5/4/2024 19:45,17.07,6.88,"","","",""
RW6,2150,5/4/2024 19:50,17.07,2.65,"","","",""
RW6,2151,5/4/2024 19:55,17.07,0.57,"","","",""
RW6,2152,5/4/2024 20:00,17.03,0,"","","",""
RW6,2153,5/4/2024 20:05,17.07,0,"","","",""
RW6,2154,5/4/2024 20:10,17.03,0,"","","",""
RW6,2155,5/4/2024 20:15,17.03,0,"","","",""
RW6,2156,5/4/2024 20:20,16.99,0,"","","",""
RW6,2157,5/4/2024 20:25,16.99,0,"","","",""
RW6,2158,5/4/2024 20:30,16.94,0,"","","",""
RW6,2159,5/4/2024 20:35,16.9,0,"","","",""
RW6,2160,5/4/2024 20:40,16.86,0,"","","",""
RW6,2161,5/4/2024 20:45,16.69,0,"","","",""
RW6,2162,5/4/2024 20:50,16.73,0,"","","",""
RW6,2163,5/4/2024 20:55,16.73,0,"","","",""
RW6,2164,5/4/2024 21:00,16.69,0,"","","",""
RW6,2165,5/4/2024 21:05,16.56,0,"","","",""
RW6,2166,5/4/2024 21:10,16.34,0,"","","",""
RW6,2167,5/4/2024 21:15,16.56,0,"","","",""
RW6,2168,5/4/2024 21:20,16.43,0,"","","",""
RW6,2169,5/4/2024 21:25,16.56,0,"","","",""
RW6,2170,5/4/2024 21:30,16.47,0,"","","",""
RW6,2171,5/4/2024 21:35,16.51,0,"","","",""
RW6,2172,5/4/2024 21:40,16.56,0,"","","",""
RW6,2173,5/4/2024 21:45,16.51,0,"","","",""
RW6,2174,5/4/2024 21:50,16.43,0,"","","",""
RW6,2175,5/4/2024 21:55,16.39,0,"","","",""
RW6,2176,5/4/2024 22:00,16.39,0,"","","",""
RW6,2177,5/4/2024 22:05,16.26,0,"","","",""
RW6,2178,5/4/2024 22:10,16.13,0,"","","",""
RW6,2179,5/4/2024 22:15,16.04,0,"","","",""
RW6,2180,5/4/2024 22:20,16,0,"","","",""
RW6,2181,5/4/2024 22:25,15.91,0,"","","",""
RW6,2182,5/4/2024 22:30,15.91,0,"","","",""
RW6,2183,5/4/2024 22:35,15.91,0,"","","",""
RW6,2184,5/4/2024 22:40,15.83,0,"","","",""
RW6,2185,5/4/2024 22:45,15.74,0,"","","",""
RW6,2186,5/4/2024 22:50,15.74,0,"","","",""
RW6,2187,5/4/2024 22:55,15.53,0,"","","",""
RW6,2188,5/4/2024 23:00,15.18,0,"","","",""
RW6,2189,5/4/2024 23:05,14.97,0,"","","",""
RW6,2190,5/4/2024 23:10,14.84,0,"","","",""
RW6,2191,5/4/2024 23:15,14.84,0,"","","",""
RW6,2192,5/4/2024 23:20,14.84,0,"","","",""
RW6,2193,5/4/2024 23:25,14.75,0,"","","",""
RW6,2194,5/4/2024 23:30,14.63,0,"","","",""
RW6,2195,5/4/2024 23:35,14.54,0,"","","",""
RW6,2196,5/4/2024 23:40,14.5,0,"","","",""
RW6,2197,5/4/2024 23:45,14.41,0,"","","",""
RW6,2198,5/4/2024 23:50,14.2,0,"","","",""
RW6,2199,5/4/2024 23:55,14.11,0,"","","",""
RW6,2200,5/5/2024 0:00,14.07,0,"","","",""
RW6,2201,5/5/2024 0:05,14.2,0,"","","",""
RW6,2202,5/5/2024 0:10,14.33,0,"","","",""
RW6,2203,5/5/2024 0:15,14.41,0,"","","",""
RW6,2204,5/5/2024 0:20,14.33,0,"","","",""
RW6,2205,5/5/2024 0:25,14.2,0,"","","",""
RW6,2206,5/5/2024 0:30,14.15,0,"","","",""
RW6,2207,5/5/2024 0:35,14.15,0,"","","",""
RW6,2208,5/5/2024 0:40,14.2,0,"","","",""
RW6,2209,5/5/2024 0:45,14.2,0,"","","",""
RW6,2210,5/5/2024 0:50,14.2,0,"","","",""
RW6,2211,5/5/2024 0:55,14.24,0,"","","",""
RW6,2212,5/5/2024 1:00,14.28,0,"","","",""
RW6,2213,5/5/2024 1:05,14.2,0,"","","",""
RW6,2214,5/5/2024 1:10,14.15,0,"","","",""
RW6,2215,5/5/2024 1:15,14.15,0,"","","",""
RW6,2216,5/5/2024 1:20,14.24,0,"","","",""
RW6,2217,5/5/2024 1:25,14.37,0,"","","",""
RW6,2218,5/5/2024 1:30,14.33,0,"","","",""
RW6,2219,5/5/2024 1:35,14.41,0,"","","",""
RW6,2220,5/5/2024 1:40,14.45,0,"","","",""
RW6,2221,5/5/2024 1:45,14.41,0,"","","",""
RW6,2222,5/5/2024 1:50,14.41,0,"","","",""
RW6,2223,5/5/2024 1:55,14.41,0,"","","",""
RW6,2224,5/5/2024 2:00,14.45,0,"","","",""
RW6,2225,5/5/2024 2:05,14.45,0,"","","",""
RW6,2226,5/5/2024 2:10,14.5,0,"","","",""
RW6,2227,5/5/2024 2:15,14.5,0,"","","",""
RW6,2228,5/5/2024 2:20,14.5,0,"","","",""
RW6,2229,5/5/2024 2:25,14.5,0,"","","",""
RW6,2230,5/5/2024 2:30,14.5,0,"","","",""
RW6,2231,5/5/2024 2:35,14.5,0,"","","",""
RW6,2232,5/5/2024 2:40,14.45,0,"","","",""
RW6,2233,5/5/2024 2:45,14.45,0,"","","",""
RW6,2234,5/5/2024 2:50,14.45,0,"","","",""
RW6,2235,5/5/2024 2:55,14.33,0,"","","",""
RW6,2236,5/5/2024 3:00,14.24,0,"","","",""
RW6,2237,5/5/2024 3:05,14.11,0,"","","",""
RW6,2238,5/5/2024 3:10,13.94,0,"","","",""
RW6,2239,5/5/2024 3:15,13.81,0,"","","",""
RW6,2240,5/5/2024 3:20,13.64,0,"","","",""
RW6,2241,5/5/2024 3:25,13.55,0,"","","",""
RW6,2242,5/5/2024 3:30,13.51,0,"","","",""
RW6,2243,5/5/2024 3:35,13.3,0,"","","",""
RW6,2244,5/5/2024 3:40,13.08,0,"","","",""
RW6,2245,5/5/2024 3:45,12.95,0,"","","",""
RW6,2246,5/5/2024 3:50,12.87,0,"","","",""
RW6,2247,5/5/2024 3:55,12.87,0,"","","",""
RW6,2248,5/5/2024 4:00,12.82,0,"","","",""
RW6,2249,5/5/2024 4:05,12.74,0,"","","",""
RW6,2250,5/5/2024 4:10,12.78,0,"","","",""
RW6,2251,5/5/2024 4:15,12.65,0,"","","",""
RW6,2252,5/5/2024 4:20,12.61,0,"","","",""
RW6,2253,5/5/2024 4:25,12.57,0,"","","",""
RW6,2254,5/5/2024 4:30,12.65,0,"","","",""
RW6,2255,5/5/2024 4:35,12.74,0,"","","",""
RW6,2256,5/5/2024 4:40,12.87,0,"","","",""
RW6,2257,5/5/2024 4:45,12.82,0,"","","",""
RW6,2258,5/5/2024 4:50,12.74,0,"","","",""
RW6,2259,5/5/2024 4:55,12.78,0,"","","",""
RW6,2260,5/5/2024 5:00,12.52,0,"","","",""
RW6,2261,5/5/2024 5:05,12.4,0,"","","",""
RW6,2262,5/5/2024 5:10,13.3,0,"","","",""
RW6,2263,5/5/2024 5:15,13.9,0,"","","",""
RW6,2264,5/5/2024 5:20,14.11,0,"","","",""
RW6,2265,5/5/2024 5:25,14.45,0,"","","",""
RW6,2266,5/5/2024 5:30,14.41,0,"","","",""
RW6,2267,5/5/2024 5:35,14.45,0.28,"","","",""
RW6,2268,5/5/2024 5:40,14.54,0.07,"","","",""
RW6,2269,5/5/2024 5:45,14.58,4.02,"","","",""
RW6,2270,5/5/2024 5:50,14.71,10.8,"","","",""
RW6,2271,5/5/2024 5:55,14.67,8.04,"","","",""
RW6,2272,5/5/2024 6:00,14.67,68.02,"","","",""
RW6,2273,5/5/2024 6:05,14.75,23.63,"","","",""
RW6,2274,5/5/2024 6:10,14.63,84.4,"","","",""
RW6,2275,5/5/2024 6:15,14.63,113.24,"","","",""
RW6,2276,5/5/2024 6:20,14.63,37.73,"","","",""
RW6,2277,5/5/2024 6:25,14.63,220,"","","",""
RW6,2278,5/5/2024 6:30,14.63,102.64,"","","",""
RW6,2279,5/5/2024 6:35,14.54,664.96,"","","",""
RW6,2280,5/5/2024 6:40,14.54,137.16,"","","",""
RW6,2281,5/5/2024 6:45,14.54,44.64,"","","",""
RW6,2282,5/5/2024 6:50,14.58,122.56,"","","",""
RW6,2283,5/5/2024 6:55,14.54,305.04,"","","",""
RW6,2284,5/5/2024 7:00,14.58,398.72,"","","",""
RW6,2285,5/5/2024 7:05,14.54,204.64,"","","",""
RW6,2286,5/5/2024 7:10,14.54,416.8,"","","",""
RW6,2287,5/5/2024 7:15,14.54,259.44,"","","",""
RW6,2288,5/5/2024 7:20,14.5,927.68,"","","",""
RW6,2289,5/5/2024 7:25,14.54,411.68,"","","",""
RW6,2290,5/5/2024 7:30,14.54,258.88,"","","",""
RW6,2291,5/5/2024 7:35,14.45,1224.64,"","","",""
RW6,2292,5/5/2024 7:40,14.5,108.92,"","","",""
RW6,2293,5/5/2024 7:45,14.5,2184.32,"","","",""
RW6,2294,5/5/2024 7:50,14.45,54.9,"","","",""
RW6,2295,5/5/2024 7:55,14.45,213.84,"","","",""
RW6,2296,5/5/2024 8:00,14.5,392.96,"","","",""
RW6,2297,5/5/2024 8:05,14.5,3217.92,"","","",""
RW6,2298,5/5/2024 8:10,14.45,3258.88,"","","",""
RW6,2299,5/5/2024 8:15,14.5,3956.48,"","","",""
RW6,2300,5/5/2024 8:20,14.54,1965.44,"","","",""
RW6,2301,5/5/2024 8:25,14.54,2218.88,"","","",""
RW6,2302,5/5/2024 8:30,14.54,1535.36,"","","",""
RW6,2303,5/5/2024 8:35,14.58,552.48,"","","",""
RW6,2304,5/5/2024 8:40,14.63,382.08,"","","",""
RW6,2305,5/5/2024 8:45,14.63,751.68,"","","",""
RW6,2306,5/5/2024 8:50,14.67,6394.88,"","","",""
RW6,2307,5/5/2024 8:55,14.67,2171.52,"","","",""
RW6,2308,5/5/2024 9:00,14.71,2405.76,"","","",""
RW6,2309,5/5/2024 9:05,14.8,9448.96,"","","",""
RW6,2310,5/5/2024 9:10,14.75,5130.24,"","","",""
RW6,2311,5/5/2024 9:15,14.8,1050.88,"","","",""
RW6,2312,5/5/2024 9:20,14.8,3667.2,"","","",""
RW6,2313,5/5/2024 9:25,14.8,423.68,"","","",""
RW6,2314,5/5/2024 9:30,14.88,4472.32,"","","",""
RW6,2315,5/5/2024 9:35,14.84,9745.92,"","","",""
RW6,2316,5/5/2024 9:40,14.88,7948.8,"","","",""
RW6,2317,5/5/2024 9:45,14.93,5760,"","","",""
RW6,2318,5/5/2024 9:50,14.93,6612.48,"","","",""
RW6,2319,5/5/2024 9:55,15.1,18053.12,"","","",""
RW6,2320,5/5/2024 10:00,15.01,2755.84,"","","",""
RW6,2321,5/5/2024 10:05,15.18,8243.2,"","","",""
RW6,2322,5/5/2024 10:10,15.44,12559.36,"","","",""
RW6,2323,5/5/2024 10:15,15.57,6822.4,"","","",""
RW6,2324,5/5/2024 10:20,15.66,20152.32,"","","",""
RW6,2325,5/5/2024 10:25,15.53,16276.48,"","","",""
RW6,2326,5/5/2024 10:30,16.17,17525.76,"","","",""
RW6,2327,5/5/2024 10:35,17.16,22261.76,"","","",""
RW6,2328,5/5/2024 10:40,17.54,19988.48,"","","",""
RW6,2329,5/5/2024 10:45,16.99,842.88,"","","",""
RW6,2330,5/5/2024 10:50,19.6,24913.92,"","","",""
RW6,2331,5/5/2024 10:55,21.49,25118.72,"","","",""
RW6,2332,5/5/2024 11:00,22.43,25733.12,"","","",""
RW6,2333,5/5/2024 11:05,21.58,27688.96,"","","",""
RW6,2334,5/5/2024 11:10,22.43,28487.68,"","","",""
RW6,2335,5/5/2024 11:15,23.98,28825.6,"","","",""
RW6,2336,5/5/2024 11:20,24.84,28825.6,"","","",""
RW6,2337,5/5/2024 11:25,25.31,29112.32,"","","",""
RW6,2338,5/5/2024 11:30,25.65,29337.6,"","","",""
RW6,2339,5/5/2024 11:35,26.17,29859.84,"","","",""
RW6,2340,5/5/2024 11:40,26.68,30197.76,"","","",""
RW6,2341,5/5/2024 11:45,27.2,30423.04,"","","",""
RW6,2342,5/5/2024 11:50,27.41,30689.28,"","","",""
RW6,2343,5/5/2024 11:55,27.32,30945.28,"","","",""
RW6,2344,5/5/2024 12:00,27.28,31139.84,"","","",""
RW6,2345,5/5/2024 12:05,27.37,31375.36,"","","",""
RW6,2346,5/5/2024 12:10,27.41,31457.28,"","","",""
RW6,2347,5/5/2024 12:15,27.71,31672.32,"","","",""
RW6,2348,5/5/2024 12:20,27.88,31805.44,"","","",""
RW6,2349,5/5/2024 12:25,28.23,31887.36,"","","",""
RW6,2350,5/5/2024 12:30,28.31,31979.52,"","","",""
RW6,2351,5/5/2024 12:35,27.97,31825.92,"","","",""
RW6,2352,5/5/2024 12:40,28.27,32122.88,"","","",""
RW6,2353,5/5/2024 12:45,28.23,32143.36,"","","",""
RW6,2354,5/5/2024 12:50,28.44,32235.52,"","","",""
RW6,2355,5/5/2024 12:55,28.31,32266.24,"","","",""
RW6,2356,5/5/2024 13:00,28.4,32276.48,"","","",""
RW6,2357,5/5/2024 13:05,28.61,32184.32,"","","",""
RW6,2358,5/5/2024 13:10,28.57,32194.56,"","","",""
RW6,2359,5/5/2024 13:15,28.87,32030.72,"","","",""
RW6,2360,5/5/2024 13:20,28.91,31969.28,"","","",""
RW6,2361,5/5/2024 13:25,28.83,31877.12,"","","",""
RW6,2362,5/5/2024 13:30,29.13,31733.76,"","","",""
RW6,2363,5/5/2024 13:35,29.17,31744,"","","",""
RW6,2364,5/5/2024 13:40,29.38,31610.88,"","","",""
RW6,2365,5/5/2024 13:45,29.51,31498.24,"","","",""
RW6,2366,5/5/2024 13:50,29.73,31242.24,"","","",""
RW6,2367,5/5/2024 13:55,29.94,31129.6,"","","",""
RW6,2368,5/5/2024 14:00,30.28,30853.12,"","","",""
RW6,2369,5/5/2024 14:05,30.54,30771.2,"","","",""
RW6,2370,5/5/2024 14:10,30.54,30443.52,"","","",""
RW6,2371,5/5/2024 14:15,30.67,30341.12,"","","",""
RW6,2372,5/5/2024 14:20,30.84,30146.56,"","","",""
RW6,2373,5/5/2024 14:25,31.06,29941.76,"","","",""
RW6,2374,5/5/2024 14:30,31.14,29358.08,"","","",""
RW6,2375,5/5/2024 14:35,31.53,28211.2,"","","",""
RW6,2376,5/5/2024 14:40,31.74,28876.8,"","","",""
RW6,2377,5/5/2024 14:45,31.7,28651.52,"","","",""
RW6,2378,5/5/2024 14:50,31.87,28456.96,"","","",""
RW6,2379,5/5/2024 14:55,31.7,27914.24,"","","",""
RW6,2380,5/5/2024 15:00,31.87,27648,"","","",""
RW6,2381,5/5/2024 15:05,31.79,27330.56,"","","",""
RW6,2382,5/5/2024 15:10,31.87,26920.96,"","","",""
RW6,2383,5/5/2024 15:15,31.61,26716.16,"","","",""
RW6,2384,5/5/2024 15:20,31.53,26572.8,"","","",""
RW6,2385,5/5/2024 15:25,31.44,25999.36,"","","",""
RW6,2386,5/5/2024 15:30,31.19,25528.32,"","","",""
RW6,2387,5/5/2024 15:35,31.19,25047.04,"","","",""
RW6,2388,5/5/2024 15:40,30.84,24064,"","","",""
RW6,2389,5/5/2024 15:45,30.97,24094.72,"","","",""
RW6,2390,5/5/2024 15:50,30.84,23756.8,"","","",""
RW6,2391,5/5/2024 15:55,30.89,23275.52,"","","",""
RW6,2392,5/5/2024 16:00,30.89,22794.24,"","","",""
RW6,2393,5/5/2024 16:05,30.76,22394.88,"","","",""
RW6,2394,5/5/2024 16:10,30.37,21985.28,"","","",""
RW6,2395,5/5/2024 16:15,30.33,21616.64,"","","",""
RW6,2396,5/5/2024 16:20,30.24,21288.96,"","","",""
RW6,2397,5/5/2024 16:25,29.98,20915.2,"","","",""
RW6,2398,5/5/2024 16:30,29.73,20577.28,"","","",""
RW6,2399,5/5/2024 16:35,28.61,18478.08,"","","",""
RW6,2400,5/5/2024 16:40,28.7,20080.64,"","","",""
RW6,2401,5/5/2024 16:45,22.69,19420.16,"","","",""
RW6,2402,5/5/2024 16:50,20.68,12067.84,"","","",""
RW6,2403,5/5/2024 16:55,18.36,9548.8,"","","",""
RW6,2404,5/5/2024 17:00,17.46,8409.6,"","","",""
RW6,2405,5/5/2024 17:05,17.24,7083.52,"","","",""
RW6,2406,5/5/2024 17:10,16.9,7321.6,"","","",""
RW6,2407,5/5/2024 17:15,16.73,2318.72,"","","",""
RW6,2408,5/5/2024 17:20,16.39,6868.48,"","","",""
RW6,2409,5/5/2024 17:25,16,2133.76,"","","",""
RW6,2410,5/5/2024 17:30,15.78,2755.84,"","","",""
RW6,2411,5/5/2024 17:35,15.48,637.92,"","","",""
RW6,2412,5/5/2024 17:40,15.27,1069.76,"","","",""
RW6,2413,5/5/2024 17:45,15.14,289.28,"","","",""
RW6,2414,5/5/2024 17:50,14.97,74.04,"","","",""
RW6,2415,5/5/2024 17:55,14.84,374.08,"","","",""
RW6,2416,5/5/2024 18:00,14.71,147.2,"","","",""
RW6,2417,5/5/2024 18:05,14.63,504.16,"","","",""
RW6,2418,5/5/2024 18:10,14.58,227.92,"","","",""
RW6,2419,5/5/2024 18:15,14.41,149.48,"","","",""
RW6,2420,5/5/2024 18:20,14.45,14.81,"","","",""
RW6,2421,5/5/2024 18:25,14.33,61.92,"","","",""
RW6,2422,5/5/2024 18:30,14.24,69.38,"","","",""
RW6,2423,5/5/2024 18:35,14.2,100.2,"","","",""
RW6,2424,5/5/2024 18:40,14.07,25.58,"","","",""
RW6,2425,5/5/2024 18:45,14.03,308.16,"","","",""
RW6,2426,5/5/2024 18:50,14.07,175.28,"","","",""
RW6,2427,5/5/2024 18:55,13.98,24.02,"","","",""
RW6,2428,5/5/2024 19:00,13.94,3.65,"","","",""
RW6,2429,5/5/2024 19:05,13.85,126.4,"","","",""
RW6,2430,5/5/2024 19:10,13.85,83.2,"","","",""
RW6,2431,5/5/2024 19:15,13.77,16.96,"","","",""
RW6,2432,5/5/2024 19:20,13.77,8.33,"","","",""
RW6,2433,5/5/2024 19:25,13.77,13.22,"","","",""
RW6,2434,5/5/2024 19:30,13.73,25.3,"","","",""
RW6,2435,5/5/2024 19:35,13.68,6.18,"","","",""
RW6,2436,5/5/2024 19:40,13.64,0.43,"","","",""
RW6,2437,5/5/2024 19:45,13.64,1.5,"","","",""
RW6,2438,5/5/2024 19:50,13.51,0,"","","",""
RW6,2439,5/5/2024 19:55,13.51,0,"","","",""
RW6,2440,5/5/2024 20:00,13.51,0,"","","",""
RW6,2441,5/5/2024 20:05,13.6,0,"","","",""
RW6,2442,5/5/2024 20:10,13.55,0,"","","",""
RW6,2443,5/5/2024 20:15,13.51,0,"","","",""
RW6,2444,5/5/2024 20:20,13.43,0,"","","",""
RW6,2445,5/5/2024 20:25,13.38,0,"","","",""
RW6,2446,5/5/2024 20:30,13.38,0,"","","",""
RW6,2447,5/5/2024 20:35,13.38,0,"","","",""
RW6,2448,5/5/2024 20:40,13.34,0,"","","",""
RW6,2449,5/5/2024 20:45,13.38,0,"","","",""
RW6,2450,5/5/2024 20:50,13.34,0,"","","",""
RW6,2451,5/5/2024 20:55,13.25,0,"","","",""
RW6,2452,5/5/2024 21:00,13.3,0,"","","",""
RW6,2453,5/5/2024 21:05,13.25,0,"","","",""
RW6,2454,5/5/2024 21:10,13.25,0,"","","",""
RW6,2455,5/5/2024 21:15,13.25,0,"","","",""
RW6,2456,5/5/2024 21:20,13.25,0,"","","",""
RW6,2457,5/5/2024 21:25,13.17,0,"","","",""
RW6,2458,5/5/2024 21:30,13.12,0,"","","",""
RW6,2459,5/5/2024 21:35,13.12,0,"","","",""
RW6,2460,5/5/2024 21:40,13.12,0,"","","",""
RW6,2461,5/5/2024 21:45,13.12,0,"","","",""
RW6,2462,5/5/2024 21:50,13.12,0,"","","",""
RW6,2463,5/5/2024 21:55,13,0,"","","",""
RW6,2464,5/5/2024 22:00,13.04,0,"","","",""
RW6,2465,5/5/2024 22:05,12.95,0,"","","",""
RW6,2466,5/5/2024 22:10,12.95,0,"","","",""
RW6,2467,5/5/2024 22:15,12.91,0,"","","",""
RW6,2468,5/5/2024 22:20,12.87,0,"","","",""
RW6,2469,5/5/2024 22:25,12.87,0,"","","",""
RW6,2470,5/5/2024 22:30,12.91,0,"","","",""
RW6,2471,5/5/2024 22:35,12.82,0,"","","",""
RW6,2472,5/5/2024 22:40,12.74,0,"","","",""
RW6,2473,5/5/2024 22:45,12.74,0,"","","",""
RW6,2474,5/5/2024 22:50,12.74,0,"","","",""
RW6,2475,5/5/2024 22:55,12.74,0,"","","",""
RW6,2476,5/5/2024 23:00,12.7,0,"","","",""
RW6,2477,5/5/2024 23:05,12.65,0,"","","",""
RW6,2478,5/5/2024 23:10,12.61,0,"","","",""
RW6,2479,5/5/2024 23:15,12.61,0,"","","",""
RW6,2480,5/5/2024 23:20,12.52,0,"","","",""
RW6,2481,5/5/2024 23:25,12.14,0,"","","",""
RW6,2482,5/5/2024 23:30,11.84,0,"","","",""
RW6,2483,5/5/2024 23:35,11.32,0,"","","",""
RW6,2484,5/5/2024 23:40,11.11,0,"","","",""
RW6,2485,5/5/2024 23:45,10.34,0,"","","",""
RW6,2486,5/5/2024 23:50,9.78,0,"","","",""
RW6,2487,5/5/2024 23:55,9.44,0,"","","",""
RW6,2488,5/6/2024 0:00,9.18,0,"","","",""
RW6,2489,5/6/2024 0:05,9.01,0,"","","",""
RW6,2490,5/6/2024 0:10,8.66,0,"","","",""
RW6,2491,5/6/2024 0:15,8.58,0,"","","",""
RW6,2492,5/6/2024 0:20,8.71,0,"","","",""
RW6,2493,5/6/2024 0:25,8.83,0,"","","",""
RW6,2494,5/6/2024 0:30,8.71,0,"","","",""
RW6,2495,5/6/2024 0:35,8.62,0,"","","",""
RW6,2496,5/6/2024 0:40,8.75,0,"","","",""
RW6,2497,5/6/2024 0:45,8.71,0,"","","",""
RW6,2498,5/6/2024 0:50,8.75,0,"","","",""
RW6,2499,5/6/2024 0:55,8.75,0,"","","",""
RW6,2500,5/6/2024 1:00,9.01,0,"","","",""
RW6,2501,5/6/2024 1:05,8.96,0,"","","",""
RW6,2502,5/6/2024 1:10,8.96,0,"","","",""
RW6,2503,5/6/2024 1:15,8.58,0,"","","",""
RW6,2504,5/6/2024 1:20,8.36,0,"","","",""
RW6,2505,5/6/2024 1:25,8.23,0,"","","",""
RW6,2506,5/6/2024 1:30,8.49,0,"","","",""
RW6,2507,5/6/2024 1:35,8.66,0,"","","",""
RW6,2508,5/6/2024 1:40,8.28,0,"","","",""
RW6,2509,5/6/2024 1:45,8.06,0,"","","",""
RW6,2510,5/6/2024 1:50,7.93,0,"","","",""
RW6,2511,5/6/2024 1:55,8.15,0,"","","",""
RW6,2512,5/6/2024 2:00,7.93,0,"","","",""
RW6,2513,5/6/2024 2:05,7.85,0,"","","",""
RW6,2514,5/6/2024 2:10,8.06,0,"","","",""
RW6,2515,5/6/2024 2:15,8.36,0,"","","",""
RW6,2516,5/6/2024 2:20,8.49,0,"","","",""
RW6,2517,5/6/2024 2:25,8.58,0,"","","",""
RW6,2518,5/6/2024 2:30,8.83,0,"","","",""
RW6,2519,5/6/2024 2:35,8.53,0,"","","",""
RW6,2520,5/6/2024 2:40,8.15,0,"","","",""
RW6,2521,5/6/2024 2:45,8.19,0,"","","",""
RW6,2522,5/6/2024 2:50,8.36,0,"","","",""
RW6,2523,5/6/2024 2:55,8.49,0,"","","",""
RW6,2524,5/6/2024 3:00,8.19,0,"","","",""
RW6,2525,5/6/2024 3:05,8.15,0.07,"","","",""
RW6,2526,5/6/2024 3:10,8.19,0,"","","",""
RW6,2527,5/6/2024 3:15,8.19,0,"","","",""
RW6,2528,5/6/2024 3:20,8.53,0,"","","",""
RW6,2529,5/6/2024 3:25,8.79,0,"","","",""
RW6,2530,5/6/2024 3:30,9.05,0,"","","",""
RW6,2531,5/6/2024 3:35,9.09,0,"","","",""
RW6,2532,5/6/2024 3:40,8.88,0,"","","",""
RW6,2533,5/6/2024 3:45,8.66,0,"","","",""
RW6,2534,5/6/2024 3:50,8.62,0,"","","",""
RW6,2535,5/6/2024 3:55,8.62,0,"","","",""
RW6,2536,5/6/2024 4:00,8.75,0,"","","",""
RW6,2537,5/6/2024 4:05,8.79,0,"","","",""
RW6,2538,5/6/2024 4:10,9.09,0,"","","",""
RW6,2539,5/6/2024 4:15,9.09,0,"","","",""
RW6,2540,5/6/2024 4:20,8.62,0,"","","",""
RW6,2541,5/6/2024 4:25,8.15,0,"","","",""
RW6,2542,5/6/2024 4:30,7.93,0,"","","",""
RW6,2543,5/6/2024 4:35,8.06,0,"","","",""
RW6,2544,5/6/2024 4:40,8.53,0,"","","",""
RW6,2545,5/6/2024 4:45,8.88,0,"","","",""
RW6,2546,5/6/2024 4:50,9.01,0,"","","",""
RW6,2547,5/6/2024 4:55,9.26,0,"","","",""
RW6,2548,5/6/2024 5:00,9.31,0,"","","",""
RW6,2549,5/6/2024 5:05,9.52,0,"","","",""
RW6,2550,5/6/2024 5:10,9.82,0,"","","",""
RW6,2551,5/6/2024 5:15,9.91,0,"","","",""
RW6,2552,5/6/2024 5:20,10.04,0,"","","",""
RW6,2553,5/6/2024 5:25,10.08,0,"","","",""
RW6,2554,5/6/2024 5:30,10.04,0.21,"","","",""
RW6,2555,5/6/2024 5:35,10.08,0.93,"","","",""
RW6,2556,5/6/2024 5:40,9.99,3.23,"","","",""
RW6,2557,5/6/2024 5:45,9.99,9.37,"","","",""
RW6,2558,5/6/2024 5:50,10.08,23.65,"","","",""
RW6,2559,5/6/2024 5:55,10.04,51.34,"","","",""
RW6,2560,5/6/2024 6:00,10.04,94.32,"","","",""
RW6,2561,5/6/2024 6:05,9.99,150.08,"","","",""
RW6,2562,5/6/2024 6:10,10.04,219.6,"","","",""
RW6,2563,5/6/2024 6:15,10.29,301.6,"","","",""
RW6,2564,5/6/2024 6:20,10.38,392.48,"","","",""
RW6,2565,5/6/2024 6:25,11.11,326.24,"","","",""
RW6,2566,5/6/2024 6:30,11.24,244.8,"","","",""
RW6,2567,5/6/2024 6:35,11.37,459.84,"","","",""
RW6,2568,5/6/2024 6:40,11.45,152.44,"","","",""
RW6,2569,5/6/2024 6:45,11.54,207.84,"","","",""
RW6,2570,5/6/2024 6:50,11.54,767.04,"","","",""
RW6,2571,5/6/2024 6:55,11.54,395.04,"","","",""
RW6,2572,5/6/2024 7:00,11.67,1504,"","","",""
RW6,2573,5/6/2024 7:05,11.67,555.52,"","","",""
RW6,2574,5/6/2024 7:10,11.62,577.28,"","","",""
RW6,2575,5/6/2024 7:15,11.62,1411.2,"","","",""
RW6,2576,5/6/2024 7:20,11.58,667.84,"","","",""
RW6,2577,5/6/2024 7:25,11.62,1056,"","","",""
RW6,2578,5/6/2024 7:30,11.67,936.32,"","","",""
RW6,2579,5/6/2024 7:35,11.71,465.6,"","","",""
RW6,2580,5/6/2024 7:40,11.67,2140.8,"","","",""
RW6,2581,5/6/2024 7:45,11.71,1396.48,"","","",""
RW6,2582,5/6/2024 7:50,11.75,229.44,"","","",""
RW6,2583,5/6/2024 7:55,11.75,1160.32,"","","",""
RW6,2584,5/6/2024 8:00,11.84,1811.84,"","","",""
RW6,2585,5/6/2024 8:05,11.84,1829.76,"","","",""
RW6,2586,5/6/2024 8:10,11.88,1730.56,"","","",""
RW6,2587,5/6/2024 8:15,11.97,3285.76,"","","",""
RW6,2588,5/6/2024 8:20,11.92,2327.68,"","","",""
RW6,2589,5/6/2024 8:25,11.92,1831.04,"","","",""
RW6,2590,5/6/2024 8:30,12.05,292.08,"","","",""
RW6,2591,5/6/2024 8:35,12.14,2145.28,"","","",""
RW6,2592,5/6/2024 8:40,12.14,3325.44,"","","",""
RW6,2593,5/6/2024 8:45,12.18,1755.52,"","","",""
RW6,2594,5/6/2024 8:50,12.18,3591.68,"","","",""
RW6,2595,5/6/2024 8:55,12.18,2891.52,"","","",""
RW6,2596,5/6/2024 9:00,12.35,2818.56,"","","",""
RW6,2597,5/6/2024 9:05,12.4,3751.68,"","","",""
RW6,2598,5/6/2024 9:10,12.35,5153.28,"","","",""
RW6,2599,5/6/2024 9:15,12.4,3813.12,"","","",""
RW6,2600,5/6/2024 9:20,12.52,1598.08,"","","",""
RW6,2601,5/6/2024 9:25,12.48,5104.64,"","","",""
RW6,2602,5/6/2024 9:30,12.57,7037.44,"","","",""
RW6,2603,5/6/2024 9:35,12.61,396.48,"","","",""
RW6,2604,5/6/2024 9:40,12.7,4990.72,"","","",""
RW6,2605,5/6/2024 9:45,12.74,1910.4,"","","",""
RW6,2606,5/6/2024 9:50,12.78,5250.56,"","","",""
RW6,2607,5/6/2024 9:55,13,813.44,"","","",""
RW6,2608,5/6/2024 10:00,13.08,4231.68,"","","",""
RW6,2609,5/6/2024 10:05,13.17,2549.12,"","","",""
RW6,2610,5/6/2024 10:10,13.12,1037.76,"","","",""
RW6,2611,5/6/2024 10:15,13.21,4070.4,"","","",""
RW6,2612,5/6/2024 10:20,13.38,1456,"","","",""
RW6,2613,5/6/2024 10:25,13.43,2100.48,"","","",""
RW6,2614,5/6/2024 10:30,13.68,11136,"","","",""
RW6,2615,5/6/2024 10:35,13.68,16998.4,"","","",""
RW6,2616,5/6/2024 10:40,13.9,6942.72,"","","",""
RW6,2617,5/6/2024 10:45,13.98,1245.44,"","","",""
RW6,2618,5/6/2024 10:50,14.11,7429.12,"","","",""
RW6,2619,5/6/2024 10:55,14.5,4302.08,"","","",""
RW6,2620,5/6/2024 11:00,14.63,17536,"","","",""
RW6,2621,5/6/2024 11:05,14.93,6200.32,"","","",""
RW6,2622,5/6/2024 11:10,14.93,5231.36,"","","",""
RW6,2623,5/6/2024 11:15,15.31,23633.92,"","","",""
RW6,2624,5/6/2024 11:20,15.14,22220.8,"","","",""
RW6,2625,5/6/2024 11:25,15.1,1793.28,"","","",""
RW6,2626,5/6/2024 11:30,19.52,26316.8,"","","",""
RW6,2627,5/6/2024 11:35,21.53,28610.56,"","","",""
RW6,2628,5/6/2024 11:40,22.56,27289.6,"","","",""
RW6,2629,5/6/2024 11:45,22.09,28743.68,"","","",""
RW6,2630,5/6/2024 11:50,25.14,29327.36,"","","",""
RW6,2631,5/6/2024 11:55,27.88,29716.48,"","","",""
RW6,2632,5/6/2024 12:00,29.64,30023.68,"","","",""
RW6,2633,5/6/2024 12:05,30.97,30320.64,"","","",""
RW6,2634,5/6/2024 12:10,32,30658.56,"","","",""
RW6,2635,5/6/2024 12:15,32.34,30924.8,"","","",""
RW6,2636,5/6/2024 12:20,32.82,31047.68,"","","",""
RW6,2637,5/6/2024 12:25,32.82,31221.76,"","","",""
RW6,2638,5/6/2024 12:30,32.64,31395.84,"","","",""
RW6,2639,5/6/2024 12:35,32.6,31580.16,"","","",""
RW6,2640,5/6/2024 12:40,32.47,31744,"","","",""
RW6,2641,5/6/2024 12:45,32.3,31815.68,"","","",""
RW6,2642,5/6/2024 12:50,31.92,31907.84,"","","",""
RW6,2643,5/6/2024 12:55,31.44,31887.36,"","","",""
RW6,2644,5/6/2024 13:00,31.36,31877.12,"","","",""
RW6,2645,5/6/2024 13:03,,,"",Logged,"",""
RW6,2646,5/6/2024 13:03,,,Logged,"",Logged,Logged
